time,station,PM2_5,PM10,NO2,CO,O3,SO2,Kmeans_3,HDBSCAN_3,Kmeans_4,HDBSCAN_4,Kmeans_6,HDBSCAN_6,Kmeans_12,HDBSCAN_12,PCA1,PCA2,UMAP1,UMAP2,TSNE1,TSNE2,district_id,date,TEMP,PRES,DEWP,WSPM,weather,wind_direction,year,month,day,AQI,RAIN,city
2019-01-01,2004,201.4,206.0,71.0,15.0,7.0,2.0,1,1,0,0,0,0,10,10,7.273419728503691,-2.5872167814931504,10.176816,9.454069,80.12908,22.590433,4,2019-01-01,13.001666666666667,0.0,72.72166666666666,6.843333333333334,1.0,186.34,2019,1,1,206.0,0,India_2004.csv
2019-01-02,2004,311.0,248.0,74.0,11.0,6.0,2.0,1,1,0,0,1,1,10,10,9.402761614667641,-1.4504750754695854,9.853193,9.771759,83.12194,18.163166,4,2019-01-02,14.146666666666667,0.0,71.11833333333334,6.398333333333333,1.0,182.14499999999998,2019,1,2,311.0,0,India_2004.csv
2019-01-03,2004,349.0,309.0,45.0,19.0,6.0,3.0,1,1,0,0,1,1,2,2,10.514769174270485,-2.4627146460015084,8.336953,10.514326,94.01535,-19.94477,4,2019-01-03,13.301666666666668,0.0,70.05833333333334,10.398333333333333,1.0,297.85499999999996,2019,1,3,349.0,0,India_2004.csv
2019-01-04,2004,396.0,163.0,58.0,10.0,3.0,3.0,1,1,0,0,1,1,5,5,8.141192403022629,-1.6930864269940074,8.358678,9.647065,73.527725,-8.954725,4,2019-01-04,12.631666666666666,0.0,71.68833333333333,7.341666666666666,1.0,217.885,2019,1,4,396.0,0,India_2004.csv
2019-01-05,2004,284.0,189.0,44.0,12.0,122.0,3.0,0,0,2,2,2,2,4,4,7.245857366676343,11.175182562870049,13.648261,8.061451,58.23707,78.1544,4,2019-01-05,13.743333333333334,0.0,68.46,11.638333333333334,1.0,127.63499999999999,2019,1,5,284.0,0,India_2004.csv
2019-01-06,2004,292.0,116.0,51.0,6.0,8.0,2.0,1,1,0,0,0,0,10,10,4.15620652498977,-1.2259192742110012,8.08689,8.644612,61.92666,-26.515203,4,2019-01-06,12.61,0.0,80.89,8.663333333333332,1.0,152.41166666666666,2019,1,6,292.0,0,India_2004.csv
2019-01-07,2004,224.0,125.0,40.0,7.0,13.0,2.0,1,1,0,0,0,0,1,1,2.467690618921253,-1.074087000796919,7.927434,7.211354,46.91664,-29.98775,4,2019-01-07,12.373333333333333,0.0,77.03333333333333,9.048333333333334,1.0,316.08833333333337,2019,1,7,224.0,0,India_2004.csv
2019-01-08,2004,230.0,107.0,40.0,5.0,7.0,2.0,2,2,0,0,0,0,1,1,1.8110261386175146,-1.474757064552923,7.769806,7.2757955,46.974373,-30.070175,4,2019-01-08,12.231666666666667,0.0,75.845,10.916666666666666,1.0,290.465,2019,1,8,230.0,0,India_2004.csv
2019-01-09,2004,207.0,99.0,42.0,5.0,10.0,2.0,2,2,1,1,0,0,1,1,1.4426722410362114,-1.2234394306627137,8.091466,6.9082136,46.758892,-29.985947,4,2019-01-09,12.323333333333332,0.0,69.45666666666666,12.728333333333333,1.0,288.1116666666667,2019,1,9,207.0,0,India_2004.csv
2019-01-10,2004,192.0,118.0,41.0,8.0,7.0,2.0,2,2,0,0,0,0,1,1,1.9666217924243856,-2.051134214174208,8.105624,6.767573,46.43208,-29.696793,4,2019-01-10,12.626666666666667,0.0,67.28666666666668,7.705000000000001,1.0,212.33,2019,1,10,192.0,0,India_2004.csv
2019-01-11,2004,214.0,183.0,47.0,14.0,4.0,3.0,1,1,0,0,0,0,10,10,5.078730047929037,-2.8004915097199956,8.9033575,8.376596,64.70267,-3.803691,4,2019-01-11,13.719999999999999,0.0,66.585,4.215,1.0,122.585,2019,1,11,214.0,0,India_2004.csv
2019-01-12,2004,284.0,194.0,42.0,12.0,5.0,2.0,1,1,0,0,1,1,5,5,5.7685350491332485,-2.3369388591209397,7.9989567,8.9802,62.95137,-26.63721,4,2019-01-12,13.549999999999999,0.0,72.535,6.501666666666666,1.0,179.92333333333332,2019,1,12,284.0,0,India_2004.csv
2019-01-13,2004,296.0,187.0,49.0,10.0,6.0,2.0,1,1,0,0,0,0,5,5,6.019868424520316,-1.8149243920174145,8.048793,9.005969,62.57239,-26.768211,4,2019-01-13,14.558333333333332,0.0,72.64166666666667,9.026666666666666,1.0,232.5,2019,1,13,296.0,0,India_2004.csv
2019-01-14,2004,297.0,92.0,32.0,3.0,8.0,3.0,1,1,0,0,0,0,5,5,1.8199841208342586,-0.7331988949481381,7.0245147,8.491014,67.294624,-37.97342,4,2019-01-14,11.950000000000001,0.0,55.30833333333334,15.416666666666666,1.0,297.15000000000003,2019,1,14,297.0,0,India_2004.csv
2019-01-15,2004,162.0,111.0,29.0,7.0,8.0,3.0,2,2,1,1,0,0,1,1,0.20830122531560885,-1.7593249274697802,8.118456,5.414593,34.623787,-33.677208,4,2019-01-15,11.233333333333334,0.0,63.083333333333336,11.166666666666666,1.0,287.4016666666667,2019,1,15,162.0,0,India_2004.csv
2019-01-16,2004,191.0,171.0,49.0,14.0,6.0,3.0,1,1,0,0,0,0,10,10,4.6329446346738585,-2.6823977320513377,8.929278,8.242175,64.49481,-3.5297368,4,2019-01-16,12.136666666666665,0.0,68.33166666666666,5.585,1.0,145.68833333333333,2019,1,16,191.0,0,India_2004.csv
2019-01-17,2004,285.0,297.0,37.0,22.0,3.0,3.0,1,1,0,0,1,1,2,2,9.091004690236792,-3.6394709809879635,8.441885,10.317652,82.85046,-9.888635,4,2019-01-17,12.475,0.0,74.44166666666666,7.6866666666666665,1.0,321.12166666666667,2019,1,17,297.0,0,India_2004.csv
2019-01-18,2004,388.0,191.0,35.0,18.0,2.0,3.0,1,1,0,0,1,1,5,5,8.292493911364804,-3.2843884715616407,7.3775735,10.094912,92.255974,-30.609413,4,2019-01-18,12.511666666666665,0.0,71.33,8.16,1.0,300.2383333333333,2019,1,18,388.0,0,India_2004.csv
2019-01-19,2004,300.0,204.0,32.0,17.0,4.0,3.0,1,1,0,0,1,1,5,5,6.47225923851436,-3.0963118772341636,7.739837,9.4975815,74.25683,-11.915568,4,2019-01-19,15.395000000000001,0.0,64.40333333333334,5.776666666666666,1.0,242.70166666666668,2019,1,19,300.0,0,India_2004.csv
2019-01-20,2004,300.0,232.0,51.0,23.0,46.0,3.0,1,1,0,0,1,1,10,10,10.082909063128417,0.9107846272110208,10.713212,9.310229,70.01034,53.169014,4,2019-01-20,17.34,0.0,73.20333333333333,6.498333333333334,1.0,158.65666666666667,2019,1,20,300.0,0,India_2004.csv
2019-01-21,2004,318.0,127.0,33.0,6.0,2.0,3.0,1,1,0,0,0,0,5,5,3.3886703605683386,-1.7036317284987559,6.98567,8.771744,68.276405,-37.016792,4,2019-01-21,16.188333333333333,0.0,80.8,17.151666666666667,1.0,122.93666666666667,2019,1,21,318.0,0,India_2004.csv
2019-01-22,2004,211.0,64.0,28.0,7.0,3.0,2.0,2,2,1,1,0,0,1,1,0.19428632105452093,-2.6421056138263905,7.0851016,4.1709456,19.713396,-44.624287,4,2019-01-22,14.168333333333335,0.0,87.05,11.025,1.0,113.82833333333333,2019,1,22,211.0,0,India_2004.csv
2019-01-23,2004,142.0,119.0,23.0,14.0,3.0,3.0,2,2,1,1,0,0,1,1,0.857383765982592,-3.626412521573999,7.2166123,5.28855,28.440155,-48.907345,4,2019-01-23,13.265,0.0,82.96833333333333,6.405,1.0,129.64166666666668,2019,1,23,142.0,0,India_2004.csv
2019-01-24,2004,205.0,112.0,24.0,11.0,12.0,3.0,2,2,1,1,0,0,1,1,1.4892548107249524,-1.9189430957916402,7.517908,6.6041517,42.732513,-44.16132,4,2019-01-24,13.468333333333334,0.0,80.80666666666666,8.716666666666667,1.0,239.24,2019,1,24,205.0,0,India_2004.csv
2019-01-25,2004,188.0,84.0,25.0,8.0,10.0,3.0,2,2,1,1,0,0,1,1,0.16647626436842966,-1.7963389496012945,7.257545,4.035373,19.893452,-43.487476,4,2019-01-25,11.76,0.0,79.815,8.323333333333334,1.0,283.17,2019,1,25,188.0,0,India_2004.csv
2019-01-26,2004,151.0,92.0,25.0,7.0,6.0,3.0,2,2,1,1,0,0,1,1,-0.6351005319138167,-2.1432088735562993,7.592515,3.870351,20.114616,-41.50442,4,2019-01-26,10.926666666666668,0.0,66.86166666666666,10.541666666666666,1.0,316.60333333333335,2019,1,26,151.0,0,India_2004.csv
2019-01-27,2004,161.0,105.0,24.0,8.0,7.0,3.0,2,2,1,1,0,0,1,1,-0.1007961783553827,-2.12103320161178,7.435194,3.818411,20.016987,-41.698242,4,2019-01-27,10.068333333333333,0.0,67.36333333333333,12.323333333333332,1.0,305.90500000000003,2019,1,27,161.0,0,India_2004.csv
2019-01-28,2004,181.0,100.0,26.0,8.0,23.0,3.0,2,2,1,1,0,0,1,1,0.5300332010279195,-0.2525364190178906,9.136347,5.3596735,36.318977,-8.176095,4,2019-01-28,10.56,0.0,62.20000000000001,13.426666666666668,1.0,302.86833333333334,2019,1,28,181.0,0,India_2004.csv
2019-01-29,2004,170.0,109.0,28.0,10.0,26.0,3.0,2,2,1,1,0,0,1,1,1.0635028042978547,-0.23544054207255263,9.282169,5.6030836,36.82257,-7.3818045,4,2019-01-29,10.935,0.0,65.81,11.795000000000002,1.0,300.24499999999995,2019,1,29,170.0,0,India_2004.csv
2019-01-30,2004,183.0,148.0,30.0,22.0,21.0,3.0,1,1,0,0,0,0,10,10,4.443956792759497,-2.6718312602981555,8.802231,8.0729475,59.878273,-5.4744205,4,2019-01-30,11.803333333333333,0.0,71.23666666666666,8.726666666666667,1.0,198.90333333333334,2019,1,30,183.0,0,India_2004.csv
2019-01-31,2004,239.0,154.0,36.0,8.0,1.0,2.0,1,1,0,0,0,0,5,5,2.9732715051903744,-2.4611732946157328,7.48909,7.9760785,53.351055,-31.830313,4,2019-01-31,13.513333333333334,0.0,69.04666666666667,12.066666666666668,1.0,115.43166666666667,2019,1,31,239.0,0,India_2004.csv
2019-02-01,2004,244.0,131.0,31.0,8.0,2.0,2.0,1,1,0,0,0,0,5,5,2.319761731893992,-2.4851388758144735,7.355248,8.11429,53.48819,-32.459393,4,2019-02-01,13.861666666666666,0.0,78.33,8.441666666666666,1.0,205.10333333333332,2019,2,1,244.0,0,India_2004.csv
2019-02-02,2004,221.0,140.0,22.0,10.0,2.0,2.0,2,2,1,1,0,0,5,5,1.7572001808704067,-2.931487045010321,6.679797,7.544956,46.60796,-44.105495,4,2019-02-02,12.81,0.0,80.77,10.271666666666667,1.0,294.37833333333333,2019,2,2,221.0,0,India_2004.csv
2019-02-03,2004,238.0,118.0,22.0,9.0,1.0,3.0,2,2,1,1,0,0,5,5,1.5132614258096655,-2.7085949740196167,6.6879625,7.6942782,47.342766,-44.52458,4,2019-02-03,12.76,0.0,81.625,8.496666666666668,1.0,273.2866666666667,2019,2,3,238.0,0,India_2004.csv
2019-02-04,2004,197.0,119.0,25.0,9.0,6.0,3.0,2,2,1,1,0,0,1,1,1.0594331229317504,-2.2301182855377455,7.046488,6.7730937,43.63799,-42.709736,4,2019-02-04,14.583333333333334,0.0,72.99333333333334,5.6866666666666665,1.0,237.985,2019,2,4,197.0,0,India_2004.csv
2019-02-05,2004,188.0,245.0,34.0,18.0,13.0,6.0,1,1,0,0,0,0,10,10,5.576438335147391,-1.7010237091501776,8.648107,9.681249,82.50496,5.9429355,4,2019-02-05,16.286666666666665,0.0,78.13666666666667,7.671666666666667,1.0,116.61166666666666,2019,2,5,245.0,0,India_2004.csv
2019-02-06,2004,289.0,167.0,26.0,9.0,5.0,3.0,1,1,0,0,0,0,5,5,3.6118115381277023,-1.834973595709281,6.906342,8.758798,66.895,-36.2812,4,2019-02-06,17.31833333333333,0.0,85.39833333333333,13.926666666666668,1.0,133.59666666666666,2019,2,6,289.0,0,India_2004.csv
2019-02-07,2004,245.0,93.0,14.0,6.0,4.0,2.0,2,2,1,1,0,0,1,1,0.04247211181379937,-2.2238322508021127,6.6199384,8.001429,54.55183,-47.30147,4,2019-02-07,14.593333333333334,0.0,87.11833333333334,17.623333333333335,1.0,184.78333333333333,2019,2,7,245.0,0,India_2004.csv
2019-02-08,2004,155.0,122.0,10.0,4.0,12.0,3.0,2,2,1,1,3,3,0,0,-1.7435001195802202,-0.8944625659010255,9.397404,1.2593277,-31.362486,-15.796704,4,2019-02-08,12.555,0.0,71.48333333333333,10.375,1.0,276.3333333333333,2019,2,8,155.0,0,India_2004.csv
2019-02-09,2004,152.0,106.0,17.0,9.0,6.0,3.0,2,2,1,1,3,3,1,1,-0.5956157271151068,-2.4876607015333305,7.306874,2.8123884,4.5437145,-48.258015,4,2019-02-09,12.248333333333333,0.0,72.47000000000001,11.623333333333335,1.0,294.8616666666667,2019,2,9,152.0,0,India_2004.csv
2019-02-10,2004,149.0,136.0,19.0,9.0,6.0,4.0,2,2,1,1,0,0,1,1,0.007444711100042114,-2.1151466462567856,7.243369,3.1093001,0.67268634,-40.081264,4,2019-02-10,12.741666666666667,0.0,73.75833333333334,7.146666666666667,1.0,295.535,2019,2,10,149.0,0,India_2004.csv
2019-02-11,2004,190.0,170.0,24.0,12.0,6.0,4.0,1,1,0,0,0,0,1,1,2.305935028032407,-2.318528486133636,7.2628098,7.083589,41.25754,-49.046413,4,2019-02-11,13.573333333333332,0.0,74.69666666666666,6.186666666666667,1.0,280.62666666666667,2019,2,11,190.0,0,India_2004.csv
2019-02-12,2004,225.0,209.0,31.0,15.0,6.0,4.0,1,1,0,0,0,0,5,5,4.727794132481868,-2.4989432281567576,7.609952,8.670313,67.291756,-25.394663,4,2019-02-12,15.165000000000001,0.0,76.93166666666667,5.218333333333333,1.0,178.965,2019,2,12,225.0,0,India_2004.csv
2019-02-13,2004,264.0,163.0,31.0,11.0,12.0,3.0,1,1,0,0,0,0,5,5,3.9495948275271373,-1.443252248657254,7.3872247,8.433965,59.551548,-32.52725,4,2019-02-13,17.176666666666666,0.0,73.75666666666667,6.575,1.0,144.76500000000001,2019,2,13,264.0,0,India_2004.csv
2019-02-14,2004,226.0,145.0,27.0,10.0,2.0,3.0,1,1,0,0,0,0,5,5,2.3273034804934425,-2.633987273999563,6.940146,7.5575495,45.59248,-44.94537,4,2019-02-14,16.026666666666667,0.0,85.21166666666666,15.001666666666667,1.0,120.745,2019,2,14,226.0,0,India_2004.csv
2019-02-15,2004,216.0,145.0,22.0,8.0,3.0,3.0,2,2,1,1,0,0,1,1,1.371803883689888,-2.2370912903095665,6.7272363,7.4611406,46.75529,-42.81764,4,2019-02-15,15.708333333333334,0.0,86.14,5.613333333333333,1.0,172.96166666666667,2019,2,15,216.0,0,India_2004.csv
2019-02-16,2004,211.0,119.0,15.0,8.0,3.0,3.0,2,2,1,1,0,0,1,1,0.31984900066077787,-2.434291877780589,6.9220123,3.0636966,13.585602,-39.454727,4,2019-02-16,14.151666666666666,0.0,84.61999999999999,9.143333333333333,1.0,302.92833333333334,2019,2,16,211.0,0,India_2004.csv
2019-02-17,2004,182.0,110.0,15.0,7.0,7.0,3.0,2,2,1,1,3,3,1,1,-0.5170767552399947,-1.9314779652984027,7.092705,2.5593877,-0.6144402,-43.985634,4,2019-02-17,14.515,0.0,79.54833333333333,10.773333333333333,1.0,255.465,2019,2,17,182.0,0,India_2004.csv
2019-02-18,2004,170.0,131.0,27.0,10.0,3.0,4.0,2,2,1,1,0,0,1,1,1.0886632824362217,-2.5320874264879265,7.566326,5.4294605,27.291399,-41.471977,4,2019-02-18,16.726666666666667,0.0,71.17999999999999,11.563333333333333,1.0,121.38833333333334,2019,2,18,170.0,0,India_2004.csv
2019-02-19,2004,183.0,139.0,21.0,12.0,6.0,3.0,2,2,1,1,0,0,1,1,1.4253108622659612,-2.732855437260182,7.082258,6.551059,39.965572,-48.943043,4,2019-02-19,16.916666666666668,0.0,79.09,5.798333333333333,1.0,152.45833333333334,2019,2,19,183.0,0,India_2004.csv
2019-02-20,2004,191.0,147.0,21.0,9.0,11.0,4.0,2,2,1,1,0,0,1,1,1.176436599904801,-1.355395111512088,6.8795686,6.907077,43.004772,-41.312798,4,2019-02-20,16.866666666666664,0.0,81.23,12.035000000000002,1.0,97.305,2019,2,20,191.0,0,India_2004.csv
2019-02-21,2004,175.0,107.0,19.0,9.0,3.0,3.0,2,2,1,1,0,0,1,1,-0.037079038869133815,-2.7413013896766363,7.1686087,3.2579832,16.590845,-39.359745,4,2019-02-21,19.605,0.0,77.46666666666667,10.478333333333333,1.0,170.13166666666666,2019,2,21,175.0,0,India_2004.csv
2019-02-22,2004,138.0,103.0,13.0,7.0,4.0,3.0,2,2,1,1,3,3,0,0,-1.633731140209064,-2.4501078993134295,7.0294347,1.0899804,-20.382032,-42.502438,4,2019-02-22,16.736666666666668,0.0,70.40333333333332,15.788333333333332,1.0,312.66,2019,2,22,138.0,0,India_2004.csv
2019-02-23,2004,148.0,85.0,14.0,7.0,7.0,3.0,2,2,1,1,3,3,0,0,-1.6317491884956838,-2.1600037863926227,7.5674853,1.9838827,2.9573934,-49.846703,4,2019-02-23,14.896666666666667,0.0,67.52666666666666,13.358333333333334,1.0,308.10833333333335,2019,2,23,148.0,0,India_2004.csv
2019-02-24,2004,122.0,102.0,21.0,7.0,10.0,4.0,2,2,1,1,3,3,1,1,-1.2503098566906319,-1.536693619131055,8.00547,2.4044428,-8.589141,-64.87652,4,2019-02-24,15.356666666666667,0.0,67.735,8.746666666666666,1.0,203.83333333333334,2019,2,24,122.0,0,India_2004.csv
2019-02-25,2004,168.0,105.0,30.0,8.0,6.0,4.0,2,2,1,1,0,0,1,1,0.48870164919686315,-1.947882801568045,8.001308,5.641226,34.424717,-34.00419,4,2019-02-25,15.844999999999999,0.0,63.666666666666664,8.518333333333333,1.0,97.97333333333334,2019,2,25,168.0,0,India_2004.csv
2019-02-26,2004,132.0,93.0,30.0,9.0,6.0,4.0,2,2,1,1,0,0,1,1,-0.1730906546644089,-2.286751738092797,7.7099814,5.0322156,23.833534,-33.0889,4,2019-02-26,15.18,0.0,74.42333333333333,9.421666666666667,1.0,132.45166666666668,2019,2,26,132.0,0,India_2004.csv
2019-02-27,2004,135.0,77.0,16.8,7.0,5.0,3.0,2,2,1,1,3,3,0,0,-1.8136607657335557,-2.441803859078597,7.8122096,1.8682727,-10.125693,-58.17877,4,2019-02-27,12.946666666666667,0.0,80.17166666666667,7.423333333333333,1.0,225.17166666666665,2019,2,27,135.0,0,India_2004.csv
2019-02-28,2004,124.0,135.0,28.0,14.0,1.0,5.0,2,2,1,1,0,0,1,1,1.1731097888507072,-3.3504209863049295,7.595414,4.773514,27.77243,-44.619965,4,2019-02-28,12.993333333333334,0.0,69.95,10.174999999999999,1.0,280.07,2019,2,28,135.0,0,India_2004.csv
2019-03-01,2004,182.0,110.0,20.0,8.0,7.0,4.0,2,2,1,1,0,0,1,1,0.07930567789801479,-1.8488739333931525,7.3794713,3.150424,16.441095,-39.01415,4,2019-03-01,14.721666666666666,0.0,66.59166666666667,8.693333333333333,1.0,265.00666666666666,2019,3,1,182.0,0,India_2004.csv
2019-03-02,2004,159.0,112.0,29.0,9.0,2.0,4.0,2,2,1,1,0,0,1,1,0.5137800426021278,-2.5784938037355802,7.619578,5.24188,33.67932,-35.18231,4,2019-03-02,14.908333333333333,0.0,75.81166666666667,6.558333333333334,1.0,110.15166666666666,2019,3,2,159.0,0,India_2004.csv
2019-03-03,2004,168.0,79.0,20.0,8.0,3.0,3.0,2,2,1,1,0,0,1,1,-0.7497413085612432,-2.714344989413213,7.2501235,3.4193103,17.695757,-40.25714,4,2019-03-03,16.273333333333333,0.0,80.50833333333334,7.81,1.0,91.96,2019,3,3,168.0,0,India_2004.csv
2019-03-04,2004,135.0,117.0,14.0,9.0,30.0,3.0,2,2,1,1,3,3,7,7,-0.6729141883622858,0.22150089267195136,11.406889,2.9328604,-11.80081,33.756344,4,2019-03-04,16.715,0.0,80.98666666666666,8.423333333333334,1.0,286.255,2019,3,4,135.0,0,India_2004.csv
2019-03-05,2004,176.0,93.0,15.0,6.0,112.0,3.0,0,0,2,2,2,2,4,4,0.14214781963293574,10.081666137324877,14.33408,7.44366,33.913715,92.50169,4,2019-03-05,15.901666666666666,0.0,71.66666666666667,10.443333333333333,1.0,297.29333333333335,2019,3,5,176.0,0,India_2004.csv
2019-03-06,2004,153.0,85.0,15.0,9.0,7.0,3.0,2,2,1,1,3,3,1,1,-1.0616971733044638,-2.489550831307811,7.4497943,2.186176,3.7043214,-49.851994,4,2019-03-06,16.816666666666666,0.0,64.58166666666666,10.065,1.0,296.40333333333336,2019,3,6,153.0,0,India_2004.csv
2019-03-07,2004,122.0,121.0,18.0,9.0,141.0,3.0,0,0,2,2,2,2,3,3,0.7778149447191082,12.854924964351198,14.304025,7.834699,36.1049,94.20167,4,2019-03-07,17.72,0.0,61.403333333333336,7.364999999999999,1.0,240.96333333333334,2019,3,7,141.0,0,India_2004.csv
2019-03-08,2004,168.0,113.0,21.0,8.0,32.4,4.0,2,2,1,1,0,0,1,1,0.24795468272819007,1.0209378802527325,11.125848,4.38954,-1.0603756,32.648712,4,2019-03-08,17.716666666666665,0.0,65.075,9.295,1.0,211.57000000000002,2019,3,8,168.0,0,India_2004.csv
2019-03-09,2004,159.0,104.0,19.0,7.0,5.0,4.0,2,2,1,1,0,0,1,1,-0.7451020804999505,-2.0041417065796803,7.6866693,2.8741086,10.154958,-21.346046,4,2019-03-09,18.141666666666666,0.0,64.485,11.69,1.0,337.4583333333333,2019,3,9,159.0,0,India_2004.csv
2019-03-10,2004,141.0,99.0,18.0,7.0,11.0,4.0,2,2,1,1,3,3,1,1,-1.1647757700383568,-1.406514143532067,8.111402,2.613003,0.1003357,-15.199283,4,2019-03-10,18.208333333333332,0.0,52.75,9.896666666666667,1.0,204.745,2019,3,10,141.0,0,India_2004.csv
2019-03-11,2004,139.0,129.0,26.0,8.0,10.0,4.0,2,2,1,1,0,0,1,1,0.08823014033766312,-1.4917790358251777,8.14205,4.4523716,24.866436,-11.417645,4,2019-03-11,19.853333333333335,0.0,60.906666666666666,13.615,1.0,108.38166666666666,2019,3,11,139.0,0,India_2004.csv
2019-03-12,2004,146.0,95.0,18.0,6.0,12.0,3.0,2,2,1,1,3,3,1,1,-1.3412290326849992,-1.3406532678006111,8.063682,2.8768444,-0.96749437,-15.837271,4,2019-03-12,19.75,0.0,55.291666666666664,10.538333333333334,1.0,244.8116666666667,2019,3,12,146.0,0,India_2004.csv
2019-03-13,2004,113.0,140.0,30.0,8.0,9.0,6.0,2,2,1,1,0,0,1,1,0.10975220701884804,-1.1576494779599518,8.564756,5.6853976,36.029808,-17.032118,4,2019-03-13,17.821666666666665,0.0,68.39333333333333,6.983333333333333,1.0,183.0,2019,3,13,140.0,0,India_2004.csv
2019-03-14,2004,154.0,142.0,25.0,10.0,10.0,4.0,2,2,1,1,0,0,1,1,0.9037946650851733,-1.7448092419536994,7.952101,5.468868,23.9622,-11.942098,4,2019-03-14,17.064999999999998,0.0,73.52166666666666,11.566666666666665,1.0,293.72333333333336,2019,3,14,154.0,0,India_2004.csv
2019-03-15,2004,181.0,102.0,15.0,7.0,12.0,4.0,2,2,1,1,3,3,1,1,-0.5925178121141791,-1.186209196233369,7.4116406,2.2260394,-1.3924884,-43.84488,4,2019-03-15,18.063333333333333,0.0,61.72666666666667,11.93,1.0,326.31166666666667,2019,3,15,181.0,0,India_2004.csv
2019-03-16,2004,139.0,97.0,18.0,6.0,7.0,3.0,2,2,1,1,3,3,1,1,-1.4974329496941114,-1.9196164315944135,7.788869,2.4395092,8.7771,-21.057602,4,2019-03-16,18.536666666666665,0.0,56.48166666666666,9.676666666666668,1.0,309.57666666666665,2019,3,16,139.0,0,India_2004.csv
2019-03-17,2004,141.0,117.0,21.0,8.0,8.0,4.0,2,2,1,1,0,0,1,1,-0.47625218026805605,-1.8117910046538703,7.729827,3.270188,2.8471942,-15.343815,4,2019-03-17,19.834999999999997,0.0,53.33166666666667,8.448333333333332,1.0,270.57166666666666,2019,3,17,141.0,0,India_2004.csv
2019-03-18,2004,151.0,120.0,21.0,7.0,9.0,4.0,2,2,1,1,0,0,1,1,-0.4309163554061524,-1.4784885795719815,7.70757,3.267382,2.8212478,-15.396453,4,2019-03-18,20.540000000000003,0.0,51.695,7.058333333333334,1.0,293.90333333333336,2019,3,18,151.0,0,India_2004.csv
2019-03-19,2004,157.0,132.0,21.0,11.0,10.0,4.0,2,2,1,1,0,0,1,1,0.6912658708806805,-1.9928088674008442,7.517862,5.1907086,33.106678,-46.11984,4,2019-03-19,22.355,0.0,50.41833333333333,9.483333333333334,1.0,202.4316666666667,2019,3,19,157.0,0,India_2004.csv
2019-03-20,2004,155.0,134.0,15.8,9.0,9.0,4.0,2,2,1,1,0,0,1,1,-0.12253719719145358,-1.7919492620188473,7.2024007,2.8965764,0.5015151,-40.063473,4,2019-03-20,22.790000000000003,0.0,50.23333333333333,13.475000000000001,1.0,98.795,2019,3,20,155.0,0,India_2004.csv
2019-03-21,2004,144.0,134.0,23.0,8.0,11.0,5.0,2,2,1,1,0,0,1,1,0.060503830384784685,-1.1443075922573944,7.8941107,3.8737998,4.221571,-14.791258,4,2019-03-21,22.834999999999997,0.0,46.25,10.918333333333335,1.0,212.495,2019,3,21,144.0,0,India_2004.csv
2019-03-22,2004,175.0,92.0,40.0,5.0,12.0,5.0,2,2,1,1,0,0,1,1,0.6513457753912862,-0.48252690707741785,8.748939,5.90146,23.989351,-24.925282,4,2019-03-22,21.745,0.0,40.81333333333333,13.801666666666668,1.0,313.63166666666666,2019,3,22,175.0,0,India_2004.csv
2019-03-23,2004,88.0,95.0,14.0,6.0,12.0,4.0,2,2,1,1,3,3,0,0,-2.704262193114491,-1.3217315188747885,8.373131,0.06685913,-30.70526,-67.976944,4,2019-03-23,22.815,0.0,39.28666666666667,16.060000000000002,1.0,317.2866666666667,2019,3,23,95.0,0,India_2004.csv
2019-03-24,2004,111.0,99.0,17.0,6.0,11.0,4.0,2,2,1,1,3,3,0,0,-1.9965623996464446,-1.3253759642039717,8.121712,1.7179275,-8.866276,-64.74209,4,2019-03-24,24.031666666666666,0.0,51.223333333333336,12.261666666666665,1.0,315.4016666666667,2019,3,24,111.0,0,India_2004.csv
2019-03-25,2004,115.0,101.0,19.0,6.0,10.0,4.0,2,2,1,1,3,3,1,1,-1.7492771868454937,-1.401784708234528,7.9810414,2.0572116,-8.688365,-64.797935,4,2019-03-25,21.188333333333333,0.0,66.49166666666666,10.948333333333332,1.0,283.71,2019,3,25,115.0,0,India_2004.csv
2019-03-26,2004,126.0,107.0,21.0,7.0,13.0,4.0,2,2,1,1,3,3,1,1,-1.0587117114456925,-1.1596189118586364,8.165312,2.6598141,1.9069792,-14.066688,4,2019-03-26,22.334999999999997,0.0,55.348333333333336,11.613333333333335,1.0,302.90500000000003,2019,3,26,126.0,0,India_2004.csv
2019-03-27,2004,134.0,111.0,23.0,7.0,13.0,4.0,2,2,1,1,0,0,1,1,-0.6927756602615259,-1.1009844220003648,8.090568,3.2915418,1.9264318,-14.035109,4,2019-03-27,24.224999999999998,0.0,54.67333333333334,9.301666666666668,1.0,290.1116666666666,2019,3,27,134.0,0,India_2004.csv
2019-03-28,2004,126.0,142.0,29.0,11.0,16.0,4.0,2,2,1,1,0,0,1,1,0.9628291155981054,-1.287902880644631,8.346561,5.1384783,24.645153,-10.305693,4,2019-03-28,26.375,0.0,55.15833333333333,7.396666666666667,1.0,241.44333333333336,2019,3,28,142.0,0,India_2004.csv
2019-03-29,2004,155.0,132.0,29.0,11.0,14.0,3.0,2,2,1,1,0,0,1,1,1.2969721698271799,-1.698896034315692,8.272153,6.1147184,42.403255,-25.264494,4,2019-03-29,28.10166666666667,0.0,50.76333333333333,6.484999999999999,1.0,250.15,2019,3,29,155.0,0,India_2004.csv
2019-03-30,2004,157.0,135.0,26.0,10.0,14.0,4.0,2,2,1,1,0,0,1,1,0.9684144589151628,-1.307574048344575,8.24982,5.5250506,23.736181,-11.76638,4,2019-03-30,26.16333333333333,0.0,54.379999999999995,8.176666666666668,1.0,226.535,2019,3,30,157.0,0,India_2004.csv
2019-03-31,2004,159.0,121.0,18.0,5.0,12.0,4.0,2,2,1,1,3,3,1,1,-0.8608667288387525,-0.7812611702963096,7.7765536,3.0147526,-2.1642458,-19.451527,4,2019-03-31,26.62,0.0,34.36666666666667,14.996666666666668,1.0,311.165,2019,3,31,159.0,0,India_2004.csv
2019-04-01,2004,118.0,114.0,19.0,7.0,14.0,5.0,2,2,1,1,3,3,1,1,-1.2179096506430431,-0.83207027876039,8.1108055,2.3459363,-10.760746,-25.922087,4,2019-04-01,25.218333333333334,0.0,38.791666666666664,12.521666666666667,1.0,310.50166666666667,2019,4,1,118.0,0,India_2004.csv
2019-04-02,2004,112.0,118.0,28.0,9.0,17.0,5.0,2,2,1,1,0,0,1,1,-0.14036080883553662,-0.7691539968518959,8.612151,4.8117986,26.023981,-10.099812,4,2019-04-02,25.421666666666667,0.0,40.468333333333334,8.056666666666667,1.0,242.5666666666667,2019,4,2,118.0,0,India_2004.csv
2019-04-03,2004,138.0,115.0,26.0,10.0,16.0,4.0,2,2,1,1,0,0,1,1,0.31311819371098126,-1.232889930306269,8.357229,5.0124965,24.3834,-10.912176,4,2019-04-03,27.145,0.0,37.75,9.315,1.0,200.02666666666664,2019,4,3,138.0,0,India_2004.csv
2019-04-04,2004,142.0,142.0,33.0,12.0,19.0,5.0,2,2,1,1,0,0,1,1,1.81463569139782,-0.8258476132422794,8.59335,6.4060087,39.038776,-18.035769,4,2019-04-04,28.528333333333332,0.0,41.18333333333333,7.083333333333333,1.0,167.81666666666666,2019,4,4,142.0,0,India_2004.csv
2019-04-05,2004,165.0,147.0,32.0,12.0,23.0,6.0,2,2,1,1,0,0,1,1,2.307974494287588,-0.06923724505994137,8.872589,6.8467712,41.04661,-17.575468,4,2019-04-05,29.05333333333333,0.0,44.75,7.466666666666668,1.0,159.81333333333333,2019,4,5,165.0,0,India_2004.csv
2019-04-06,2004,171.0,174.0,24.0,9.0,14.0,5.0,2,2,1,1,0,0,1,1,1.5278211613813055,-0.6977332990267651,8.279123,6.009883,33.484035,-18.129545,4,2019-04-06,28.776666666666667,0.0,46.48666666666667,8.985000000000001,1.0,110.90833333333335,2019,4,6,174.0,0,India_2004.csv
2019-04-07,2004,148.0,283.0,24.0,10.0,13.0,5.0,1,1,0,0,0,0,1,1,3.0769366031519345,-0.521768014498635,8.397917,9.232624,49.177406,12.223122,4,2019-04-07,28.353333333333335,0.0,56.11833333333333,10.241666666666667,1.0,111.985,2019,4,7,283.0,0,India_2004.csv
2019-04-08,2004,207.0,197.0,22.0,7.0,13.0,5.0,1,1,0,0,0,0,5,5,2.004819479064455,-0.25877219609727276,7.3000393,7.753612,51.33461,-39.896748,4,2019-04-08,26.58666666666667,0.0,53.19333333333333,9.583333333333334,1.0,116.945,2019,4,8,207.0,0,India_2004.csv
2019-04-09,2004,136.0,121.0,26.0,10.0,14.0,4.0,2,2,1,1,0,0,1,1,0.35062585413992514,-1.436765247577321,8.284904,4.96374,24.48063,-10.964754,4,2019-04-09,28.88,0.0,46.044999999999995,8.008333333333333,1.0,103.21999999999998,2019,4,9,136.0,0,India_2004.csv
2019-04-10,2004,144.0,147.0,24.0,9.0,15.0,4.0,2,2,1,1,0,0,1,1,0.5833475479267806,-1.0128711734015132,7.964705,4.347609,3.8002224,-16.103865,4,2019-04-10,29.651666666666667,0.0,40.818333333333335,7.283333333333334,1.0,241.5666666666667,2019,4,10,147.0,0,India_2004.csv
2019-04-11,2004,154.0,135.0,22.0,8.0,14.0,5.0,2,2,1,1,0,0,1,1,0.22133230435104362,-0.777351907186526,7.966683,3.9685135,4.2717357,-14.984246,4,2019-04-11,30.308333333333334,0.0,34.85666666666667,8.805,1.0,249.13833333333332,2019,4,11,154.0,0,India_2004.csv
2019-04-12,2004,138.0,148.0,21.0,8.0,12.0,5.0,2,2,1,1,0,0,1,1,0.038355158331961695,-0.9955600371189977,7.744093,3.4787705,4.0369825,-14.651614,4,2019-04-12,29.863333333333333,0.0,37.48,10.311666666666667,1.0,243.31833333333336,2019,4,12,148.0,0,India_2004.csv
2019-04-13,2004,121.0,103.0,19.0,6.0,9.0,5.0,2,2,1,1,3,3,1,1,-1.6028060220456366,-1.2695534660230943,8.035717,2.2165067,-8.491621,-64.77856,4,2019-04-13,30.13,0.0,35.86833333333333,12.608333333333334,1.0,293.0466666666667,2019,4,13,121.0,0,India_2004.csv
2019-04-14,2004,102.0,113.0,22.0,7.0,11.0,6.0,2,2,1,1,3,3,1,1,-1.3226593991486109,-0.9816982465684976,8.189767,1.9426994,-11.047166,-70.67824,4,2019-04-14,30.545,0.0,35.03666666666667,14.243333333333332,1.0,334.255,2019,4,14,113.0,0,India_2004.csv
2019-04-15,2004,111.0,118.0,19.0,8.0,10.0,6.0,2,2,1,1,3,3,1,1,-1.1141463120670478,-1.2447965331137982,8.079803,2.2525094,-10.745594,-70.51616,4,2019-04-15,31.388333333333335,0.0,30.75,11.518333333333333,1.0,307.18333333333334,2019,4,15,118.0,0,India_2004.csv
2019-04-16,2004,142.0,179.0,20.0,7.0,8.0,3.0,2,2,1,1,0,0,1,1,0.2664771087071306,-1.556878766792871,6.628892,2.964888,-10.076294,-33.35687,4,2019-04-16,25.096666666666668,0.0,58.13166666666667,12.735,1.0,170.305,2019,4,16,179.0,0,India_2004.csv
2019-04-17,2004,132.0,60.0,16.0,6.0,10.0,3.0,2,2,1,1,3,3,0,0,-2.3498173370696853,-1.7954285631783726,7.950503,1.0930575,-11.061866,-56.92974,4,2019-04-17,21.063333333333333,0.0,76.69333333333333,10.313333333333334,1.0,115.60333333333334,2019,4,17,132.0,0,India_2004.csv
2019-04-18,2004,82.0,75.0,18.0,6.0,13.0,4.0,2,2,1,1,3,3,0,0,-2.8261392517953787,-1.2912245657149257,8.624254,0.4675163,-25.70671,-69.27197,4,2019-04-18,22.88,0.0,64.94166666666666,5.803333333333334,1.0,253.55166666666665,2019,4,18,82.0,0,India_2004.csv
2019-04-19,2004,100.0,81.0,19.0,9.0,13.0,4.0,2,2,1,1,3,3,1,1,-1.7166579408607303,-1.7298152904889552,8.408612,1.0806152,-14.647544,-75.84905,4,2019-04-19,24.7,0.0,54.09,9.811666666666666,1.0,294.7283333333333,2019,4,19,100.0,0,India_2004.csv
2019-04-20,2004,110.0,122.0,25.0,7.0,18.0,5.0,2,2,1,1,0,0,1,1,-0.729924288126467,-0.3136233438461555,8.554915,3.572941,-6.4557514,-23.437899,4,2019-04-20,26.94666666666667,0.0,45.00666666666667,6.453333333333333,1.0,281.54,2019,4,20,122.0,0,India_2004.csv
2019-04-21,2004,152.0,123.0,26.0,10.0,15.0,5.0,2,2,1,1,0,0,1,1,0.705859482110895,-1.048187558651074,8.3089,5.2978163,23.886307,-11.936157,4,2019-04-21,29.253333333333334,0.0,38.848333333333336,9.47,1.0,282.08166666666665,2019,4,21,152.0,0,India_2004.csv
2019-04-22,2004,135.0,170.0,32.0,12.0,19.0,6.0,2,2,1,1,0,0,1,1,2.082295981714219,-0.49858055910901034,8.7637,6.3815904,38.40461,-17.747242,4,2019-04-22,30.623333333333335,0.0,37.73166666666667,8.815,1.0,281.38166666666666,2019,4,22,170.0,0,India_2004.csv
2019-04-23,2004,167.0,146.0,29.0,12.0,16.0,5.0,2,2,1,1,0,0,1,1,2.0020180359068793,-1.106834916710029,8.453337,6.3980227,44.245483,-23.68315,4,2019-04-23,32.42166666666667,0.0,34.464999999999996,8.421666666666667,1.0,200.50666666666666,2019,4,23,167.0,0,India_2004.csv
2019-04-24,2004,168.0,156.0,28.0,10.0,15.0,5.0,2,2,1,1,0,0,1,1,1.6948764846889797,-0.824767660904405,8.317913,6.09165,33.444935,-18.231215,4,2019-04-24,33.06166666666667,0.0,33.833333333333336,10.818333333333333,1.0,135.56,2019,4,24,168.0,0,India_2004.csv
2019-04-25,2004,163.0,203.0,16.0,8.0,14.0,5.0,2,2,1,1,0,0,1,1,1.0445534438354915,-0.4670133546027225,6.775384,2.9314268,-8.000355,-36.411083,4,2019-04-25,32.74666666666666,0.0,38.876666666666665,10.465,1.0,144.02,2019,4,25,203.0,0,India_2004.csv
2019-04-26,2004,177.0,167.0,19.0,8.0,11.0,5.0,2,2,1,1,0,0,1,1,0.9066641844050357,-0.919436989290762,7.0476823,3.1481454,-6.1117654,-36.124847,4,2019-04-26,33.24666666666667,0.0,27.86,14.306666666666667,1.0,329.9583333333333,2019,4,26,177.0,0,India_2004.csv
2019-04-27,2004,175.0,211.0,13.0,6.0,11.0,5.0,2,2,1,1,0,0,1,1,0.7318766064904606,-0.4061627048565675,6.679803,2.7484949,-9.028617,-37.58589,4,2019-04-27,33.693333333333335,0.0,21.635,19.175,1.0,321.8833333333333,2019,4,27,211.0,0,India_2004.csv
2019-04-28,2004,163.0,174.0,12.0,8.0,12.0,5.0,2,2,1,1,0,0,1,1,0.24078196574866945,-0.8678682839992515,6.9733667,2.8233483,-6.997478,-36.85592,4,2019-04-28,33.46666666666666,0.0,18.486666666666668,15.583333333333334,1.0,316.81333333333333,2019,4,28,174.0,0,India_2004.csv
2019-04-29,2004,164.0,156.0,16.0,8.0,13.0,6.0,2,2,1,1,0,0,1,1,0.29577143672566397,-0.5885427678519664,7.137212,2.9159348,-5.99105,-36.76261,4,2019-04-29,33.39833333333333,0.0,20.73,9.971666666666666,1.0,200.90833333333333,2019,4,29,164.0,0,India_2004.csv
2019-04-30,2004,162.0,160.0,31.0,10.0,5.0,7.0,2,2,1,1,0,0,1,1,1.7883389876958178,-1.4980740020786356,8.309636,6.418424,34.93366,-30.347143,4,2019-04-30,34.43,0.0,20.273333333333337,12.446666666666667,1.0,138.46666666666667,2019,4,30,162.0,0,India_2004.csv
2019-05-01,2004,173.0,215.0,32.0,9.0,17.0,5.0,1,1,0,0,0,0,1,1,2.881945935507858,-0.08693611514662082,8.603,7.757192,53.21591,10.725196,4,2019-05-01,33.208333333333336,0.0,25.78333333333333,8.721666666666666,1.0,121.29833333333333,2019,5,1,215.0,0,India_2004.csv
2019-05-02,2004,188.0,217.0,26.0,7.0,11.0,4.0,1,1,0,0,0,0,1,1,2.247489459513119,-0.6304395937013804,7.888655,7.7464085,52.73765,11.344429,4,2019-05-02,31.320000000000004,0.0,33.175000000000004,13.891666666666666,1.0,93.65833333333335,2019,5,2,217.0,0,India_2004.csv
2019-05-03,2004,184.0,122.0,24.0,7.0,14.0,5.0,2,2,1,1,0,0,1,1,0.51500102205315,-0.562012760994933,8.432037,5.652535,29.263208,-16.538008,4,2019-05-03,30.59,0.0,34.096666666666664,9.783333333333333,1.0,174.93500000000003,2019,5,3,184.0,0,India_2004.csv
2019-05-04,2004,155.0,134.0,29.0,7.0,14.0,6.0,2,2,1,1,0,0,1,1,0.5709064938189577,-0.328810426868121,8.594113,5.7170033,30.284792,-16.854832,4,2019-05-04,31.088333333333335,0.0,19.396666666666665,14.048333333333332,1.0,312.63166666666666,2019,5,4,155.0,0,India_2004.csv
2019-05-05,2004,159.0,161.0,26.0,9.0,16.0,6.0,2,2,1,1,0,0,1,1,1.2837390508855995,-0.3338846348557609,8.454914,6.016657,33.65574,-17.927174,4,2019-05-05,31.799999999999997,0.0,20.08666666666667,13.44,1.0,272.8383333333333,2019,5,5,161.0,0,India_2004.csv
2019-05-06,2004,159.0,197.0,30.0,9.0,16.0,6.0,2,2,0,0,0,0,1,1,2.1783942818259994,-0.1262287456593988,8.633623,7.4323015,52.95023,10.850535,4,2019-05-06,32.056666666666665,0.0,20.563333333333333,11.441666666666668,1.0,301.96,2019,5,6,197.0,0,India_2004.csv
2019-05-07,2004,181.0,292.0,24.0,9.0,9.0,4.0,1,1,0,0,0,0,5,5,3.5718689966568937,-0.8797784605264186,8.188689,9.347097,49.060825,11.775246,4,2019-05-07,33.123333333333335,0.0,19.383333333333336,12.131666666666668,1.0,250.36666666666667,2019,5,7,292.0,0,India_2004.csv
2019-05-08,2004,157.0,330.0,32.0,12.0,10.0,7.0,1,1,0,0,1,1,5,5,5.0180453627988015,-0.4579822592748197,8.622491,9.97469,85.02962,6.8027196,4,2019-05-08,33.97,0.0,18.54,14.123333333333333,1.0,279.71333333333337,2019,5,8,330.0,0,India_2004.csv
2019-05-09,2004,189.0,347.0,30.0,9.0,10.0,7.0,1,1,0,0,1,1,5,5,5.133981382052922,0.22978158790074021,8.481495,9.938865,86.31931,5.08342,4,2019-05-09,34.96,0.0,18.03,18.018333333333334,1.0,274.46666666666664,2019,5,9,347.0,0,India_2004.csv
2019-05-10,2004,187.0,313.0,20.0,6.0,12.0,7.0,1,1,0,0,0,0,5,5,3.199570337025297,0.7336832033952373,8.427545,9.175241,47.39972,13.276893,4,2019-05-10,34.145,0.0,22.186666666666667,14.668333333333335,1.0,292.01,2019,5,10,313.0,0,India_2004.csv
2019-05-11,2004,169.0,174.0,19.0,7.0,14.0,5.0,2,2,1,1,0,0,1,1,0.7083942277727582,-0.39135633715303264,7.065123,3.122954,-6.409328,-36.03351,4,2019-05-11,32.17,0.0,29.645,13.253333333333332,1.0,322.42333333333335,2019,5,11,174.0,0,India_2004.csv
2019-05-12,2004,167.0,440.0,16.0,8.0,17.0,4.0,1,1,0,0,1,1,2,2,5.022401429836745,0.8241939830189376,8.414138,10.766813,92.48793,5.068092,4,2019-05-12,32.165,0.0,29.88,10.978333333333333,1.0,262.55,2019,5,12,440.0,0,India_2004.csv
2019-05-13,2004,202.0,257.0,28.0,10.0,12.0,7.0,1,1,0,0,0,0,5,5,3.972000597077033,-0.13660019179734978,8.618607,8.267078,52.853867,13.591353,4,2019-05-13,32.57833333333333,0.0,29.290000000000003,7.781666666666666,1.0,251.60500000000002,2019,5,13,257.0,0,India_2004.csv
2019-05-14,2004,191.0,86.0,20.0,7.0,15.0,4.0,2,2,1,1,0,0,1,1,-0.2529053207924086,-0.8544791939243166,8.657479,2.9108794,-5.9989724,-6.5066576,4,2019-05-14,29.986666666666665,0.0,45.23,8.104999999999999,1.0,217.745,2019,5,14,191.0,0,India_2004.csv
2019-05-15,2004,132.0,132.0,33.0,10.0,10.0,4.0,2,2,1,1,0,0,1,1,0.9427704994781357,-1.7936447791235322,8.138324,6.153314,39.638615,-26.455639,4,2019-05-15,30.866666666666664,0.0,43.708333333333336,7.3183333333333325,1.0,159.87666666666667,2019,5,15,132.0,0,India_2004.csv
2019-05-16,2004,154.0,170.0,28.0,8.0,13.0,4.0,2,2,1,1,0,0,1,1,1.225512362190552,-0.8911170629750971,8.494419,6.0930214,34.21693,-17.272848,4,2019-05-16,30.366666666666664,0.0,45.11333333333334,8.415000000000001,1.0,265.1466666666667,2019,5,16,170.0,0,India_2004.csv
2019-05-17,2004,152.0,315.0,29.0,8.0,12.0,4.0,1,1,0,0,0,0,5,5,3.628383446884492,-0.2945675629633871,8.452178,9.717015,49.250282,12.112035,4,2019-05-17,27.865,0.0,63.01833333333334,7.308333333333334,1.0,253.84833333333333,2019,5,17,315.0,0,India_2004.csv
2019-05-18,2004,155.0,93.0,22.0,8.0,9.0,3.0,2,2,1,1,0,0,1,1,-0.537006032850713,-1.985558985522896,7.5290084,3.6546166,19.877,-41.4142,4,2019-05-18,27.513333333333335,0.0,58.14000000000001,12.465000000000002,1.0,295.84,2019,5,18,155.0,0,India_2004.csv
2019-05-19,2004,133.0,138.0,17.0,7.0,18.0,4.0,2,2,1,1,3,3,1,1,-0.6667304292208526,-0.4513687082830919,7.435482,2.7309525,-11.370483,-30.13275,4,2019-05-19,30.18166666666667,0.0,42.721666666666664,10.311666666666666,1.0,299.51666666666665,2019,5,19,138.0,0,India_2004.csv
2019-05-20,2004,155.0,109.0,31.0,10.0,8.0,4.0,2,2,1,1,0,0,1,1,0.8151479547000702,-2.0826516566612656,7.8636003,5.771876,33.279995,-35.534058,4,2019-05-20,32.38166666666667,0.0,31.320000000000004,11.313333333333333,1.0,285.26,2019,5,20,155.0,0,India_2004.csv
2019-05-21,2004,125.0,117.0,24.0,9.0,13.0,6.0,2,2,1,1,0,0,1,1,-0.25412487899859854,-1.0042292410212523,8.43447,4.368614,11.868935,-10.594817,4,2019-05-21,33.193333333333335,0.0,30.430000000000003,11.313333333333333,1.0,283.37,2019,5,21,125.0,0,India_2004.csv
2019-05-22,2004,146.0,113.0,21.0,7.0,14.0,4.0,2,2,1,1,0,0,1,1,-0.5785852560835311,-0.9586992376921336,8.056916,3.2279305,1.4721963,-14.41852,4,2019-05-22,33.04833333333334,0.0,36.145,9.045,1.0,260.4083333333333,2019,5,22,146.0,0,India_2004.csv
2019-05-23,2004,144.0,131.0,24.0,9.0,10.0,6.0,2,2,1,1,0,0,1,1,0.2909738160813287,-1.2219036242999861,7.926388,4.175296,4.826734,-14.671778,4,2019-05-23,33.46333333333333,0.0,35.93666666666667,8.391666666666667,1.0,283.13,2019,5,23,144.0,0,India_2004.csv
2019-05-24,2004,154.0,85.0,14.0,7.0,11.0,5.0,2,2,1,1,3,3,0,0,-1.4439241393002051,-1.2503080043550183,8.325749,1.7999656,-22.979725,-10.525644,4,2019-05-24,30.67833333333333,0.0,46.06,13.468333333333334,1.0,258.295,2019,5,24,154.0,0,India_2004.csv
2019-05-25,2004,112.0,83.0,15.0,7.0,14.0,6.0,2,2,1,1,3,3,0,0,-2.1270029953431044,-0.8139120304399916,9.221421,0.779479,-47.994743,-13.235756,4,2019-05-25,31.150000000000002,0.0,37.08833333333333,15.296666666666667,1.0,310.50333333333333,2019,5,25,112.0,0,India_2004.csv
2019-05-26,2004,100.0,96.0,23.0,6.0,16.0,4.0,2,2,1,1,3,3,1,1,-1.7323812271055732,-0.7556431718717002,8.656018,3.2923253,-6.944944,-22.100727,4,2019-05-26,32.25,0.0,31.971666666666664,11.530000000000001,1.0,302.64000000000004,2019,5,26,100.0,0,India_2004.csv
2019-05-27,2004,143.0,103.0,30.0,7.0,17.0,5.0,2,2,1,1,0,0,1,1,-0.061638674012394826,-0.3846875569038973,8.706983,5.1934304,26.120678,-18.51794,4,2019-05-27,33.858333333333334,0.0,23.495,12.315,1.0,300.92333333333335,2019,5,27,143.0,0,India_2004.csv
2019-05-28,2004,153.0,106.0,29.0,7.0,16.0,5.0,2,2,1,1,0,0,1,1,0.0843600998281785,-0.4627288911416549,8.7032,5.2051535,26.580679,-18.086288,4,2019-05-28,33.94833333333333,0.0,19.493333333333336,12.543333333333331,1.0,299.7766666666667,2019,5,28,153.0,0,India_2004.csv
2019-05-29,2004,149.0,110.0,32.0,8.0,19.0,5.0,2,2,1,1,0,0,1,1,0.5409285588842222,-0.2658117458612819,8.869306,5.328306,26.502699,-18.753304,4,2019-05-29,35.065000000000005,0.0,20.933333333333334,10.74,1.0,290.05,2019,5,29,149.0,0,India_2004.csv
2019-05-30,2004,150.0,148.0,34.0,10.0,18.0,5.0,2,2,1,1,0,0,1,1,1.7238689811200179,-0.527108015143546,8.698791,6.464875,39.48012,-17.822014,4,2019-05-30,36.095,0.0,19.25,9.9,1.0,294.8383333333333,2019,5,30,150.0,0,India_2004.csv
2019-05-31,2004,160.0,183.0,30.0,8.0,21.0,4.0,2,2,1,1,0,0,1,1,1.7970951032477365,0.11520044205382246,8.647893,7.1626015,33.51283,-15.615584,4,2019-05-31,37.07666666666666,0.0,20.736666666666668,10.275,1.0,272.13000000000005,2019,5,31,183.0,0,India_2004.csv
2019-06-01,2004,207.0,151.0,37.0,11.0,26.0,5.0,1,1,0,0,0,0,10,10,3.351832836532537,0.41006502647597753,9.382019,7.1763835,42.86553,-4.8394113,4,2019-06-01,35.468333333333334,0.0,35.721666666666664,11.205,1.0,129.25666666666666,2019,6,1,207.0,0,India_2004.csv
2019-06-02,2004,194.0,134.0,23.0,8.0,20.0,4.0,2,2,1,1,0,0,1,1,1.0777919173457842,-0.1950428701515016,8.26262,6.157357,34.948975,-12.707585,4,2019-06-02,35.69166666666667,0.0,40.416666666666664,13.528333333333334,1.0,109.94333333333333,2019,6,2,194.0,0,India_2004.csv
2019-06-03,2004,175.0,184.0,21.0,7.0,15.0,4.0,2,2,1,1,0,0,1,1,1.1329095871212551,-0.4143012490143033,7.085673,3.2907157,-6.3717685,-31.263548,4,2019-06-03,34.516666666666666,0.0,46.123333333333335,15.893333333333333,1.0,125.46999999999998,2019,6,3,184.0,0,India_2004.csv
2019-06-04,2004,176.0,106.0,25.0,7.0,18.0,4.0,2,2,1,1,0,0,1,1,0.214086880716252,-0.41936454168637777,8.707149,5.234817,28.783846,-17.086643,4,2019-06-04,34.763333333333335,0.0,42.083333333333336,12.683333333333335,1.0,138.89000000000001,2019,6,4,176.0,0,India_2004.csv
2019-06-05,2004,142.0,118.0,24.0,8.0,18.0,4.0,2,2,1,1,0,0,1,1,-0.09373460368582398,-0.6432080003030161,8.51717,3.9753947,1.6965781,-12.93802,4,2019-06-05,35.74333333333333,0.0,37.89333333333333,9.465,1.0,171.63666666666668,2019,6,5,142.0,0,India_2004.csv
2019-06-06,2004,165.0,135.0,24.0,8.0,20.0,4.0,2,2,1,1,0,0,1,1,0.6339940246722833,-0.26619247416402886,8.499706,5.545443,22.05157,-10.316299,4,2019-06-06,35.248333333333335,0.0,40.46,10.966666666666667,1.0,105.29166666666667,2019,6,6,165.0,0,India_2004.csv
2019-06-07,2004,170.0,102.0,20.0,8.0,25.0,4.0,2,2,1,1,0,0,1,1,-0.059534779857386415,0.12373801850395486,10.349712,4.102981,0.2153469,26.617086,4,2019-06-07,34.041666666666664,0.0,40.875,8.225,1.0,148.315,2019,6,7,170.0,0,India_2004.csv
2019-06-08,2004,145.0,110.0,27.0,9.0,23.0,3.0,2,2,1,1,0,0,1,1,0.30488476876594556,-0.4760094274759464,9.343356,4.6580753,12.218958,-0.8868101,4,2019-06-08,35.77666666666667,0.0,30.998333333333335,7.551666666666667,1.0,257.82,2019,6,8,145.0,0,India_2004.csv
2019-06-09,2004,162.0,146.0,33.0,10.0,23.0,5.0,2,2,1,1,0,0,1,1,1.8963391005397978,0.058372603847112375,8.843893,6.5833116,40.51152,-17.73427,4,2019-06-09,36.870000000000005,0.0,23.605,8.103333333333333,1.0,275.54,2019,6,9,162.0,0,India_2004.csv
2019-06-10,2004,169.0,122.0,29.0,9.0,20.0,4.0,2,2,1,1,0,0,1,1,1.0767570355096185,-0.4542613555448706,8.669852,5.8184366,31.330963,-16.702646,4,2019-06-10,37.638333333333335,0.0,23.383333333333336,8.025,1.0,227.69833333333335,2019,6,10,169.0,0,India_2004.csv
2019-06-11,2004,160.0,428.0,24.0,8.0,11.0,4.0,1,1,0,0,1,1,2,2,5.234663832332898,0.12689389098015338,8.449734,10.671496,91.724815,5.337343,4,2019-06-11,37.498333333333335,0.0,27.61,10.345,1.0,250.02166666666665,2019,6,11,428.0,0,India_2004.csv
2019-06-12,2004,179.0,156.0,22.0,5.0,13.0,4.0,2,2,1,1,0,0,1,1,0.3992333533686572,-0.40686823174473813,6.916611,6.394664,-5.403327,-28.897476,4,2019-06-12,34.62833333333333,0.0,44.39833333333333,11.08,1.0,143.45833333333334,2019,6,12,179.0,0,India_2004.csv
2019-06-13,2004,162.0,125.0,18.0,6.0,13.0,4.0,2,2,1,1,0,0,1,1,-0.5272691874267402,-0.8153451288784204,7.627473,3.059874,-2.1451645,-19.496456,4,2019-06-13,35.62166666666667,0.0,37.73833333333334,12.811666666666667,1.0,244.16166666666666,2019,6,13,162.0,0,India_2004.csv
2019-06-14,2004,161.0,119.0,18.0,13.0,15.0,4.0,2,2,1,1,0,0,1,1,0.7844720996882658,-1.852139718360421,8.538802,3.9776611,34.326656,-44.23273,4,2019-06-14,35.961666666666666,0.0,25.668333333333333,13.705,1.0,288.16833333333335,2019,6,14,161.0,0,India_2004.csv
2019-06-15,2004,132.0,157.0,27.0,8.0,16.0,5.0,2,2,1,1,0,0,1,1,0.5797164231085334,-0.46643702492816375,8.637586,5.9310174,34.882195,-17.184246,4,2019-06-15,37.46666666666667,0.0,23.375,16.903333333333332,1.0,280.71666666666664,2019,6,15,157.0,0,India_2004.csv
2019-06-16,2004,183.0,110.0,11.0,6.0,11.0,4.0,2,2,1,1,3,3,1,1,-0.9419004195476794,-1.1109037282201843,7.1236944,1.8257358,-2.907737,-44.64954,4,2019-06-16,33.22833333333333,0.0,46.711666666666666,19.49,1.0,278.6666666666667,2019,6,16,183.0,0,India_2004.csv
2019-06-17,2004,146.0,99.0,14.0,7.0,11.0,4.0,2,2,1,1,3,3,0,0,-1.3771578354316856,-1.4238913309964354,7.932134,2.1068585,-1.6797297,-39.257164,4,2019-06-17,33.55833333333333,0.0,47.18833333333333,16.861666666666668,1.0,276.60999999999996,2019,6,17,146.0,0,India_2004.csv
2019-06-18,2004,149.0,69.0,21.0,7.0,9.0,3.0,2,2,1,1,3,3,1,1,-1.3180716124071004,-1.9521030634873313,7.695865,3.3507257,20.181025,-40.306202,4,2019-06-18,30.151666666666667,0.0,55.78666666666667,9.193333333333333,1.0,284.805,2019,6,18,149.0,0,India_2004.csv
2019-06-19,2004,93.0,144.0,23.0,5.0,20.0,4.0,2,2,1,1,3,3,1,1,-1.2285493904878617,0.08923722841156885,8.522697,3.268553,-6.7075253,-24.053694,4,2019-06-19,31.031666666666666,0.0,52.303333333333335,8.14,1.0,212.24333333333334,2019,6,19,144.0,0,India_2004.csv
2019-06-20,2004,163.0,94.0,20.0,6.0,24.0,3.0,2,2,1,1,3,3,1,1,-0.7479526388878801,0.08392360658023455,9.867351,3.3442032,-3.2300408,-8.942993,4,2019-06-20,32.565000000000005,0.0,45.75833333333333,6.228333333333334,1.0,196.56166666666664,2019,6,20,163.0,0,India_2004.csv
2019-06-21,2004,102.0,111.0,28.0,7.0,19.0,4.0,2,2,1,1,0,0,1,1,-0.8321878624090553,-0.4717019164602138,8.468275,4.0986986,1.4707093,-70.89327,4,2019-06-21,33.685,0.0,46.41166666666667,6.739999999999999,1.0,214.04833333333332,2019,6,21,111.0,0,India_2004.csv
2019-06-22,2004,154.0,115.0,34.0,6.0,22.0,4.0,2,2,1,1,0,0,1,1,0.4874761658579733,0.2633067541356509,8.897559,5.327897,26.767231,-21.869331,4,2019-06-22,34.89,0.0,39.915,10.81,1.0,184.84,2019,6,22,154.0,0,India_2004.csv
2019-06-23,2004,148.0,89.0,18.0,6.0,16.0,3.0,2,2,1,1,3,3,1,1,-1.354938706796203,-0.9093963107188978,8.339732,2.9229949,-2.0098271,-15.100881,4,2019-06-23,33.655,0.0,49.75666666666667,13.426666666666668,1.0,111.22833333333334,2019,6,23,148.0,0,India_2004.csv
2019-06-24,2004,103.0,77.0,18.0,8.0,9.0,4.0,2,2,1,1,3,3,0,0,-2.0511898627914285,-2.027390020239359,7.9736395,1.5050188,-11.637285,-66.99541,4,2019-06-24,31.64,0.0,61.74333333333333,9.261666666666667,1.0,103.45333333333333,2019,6,24,103.0,0,India_2004.csv
2019-06-25,2004,71.0,93.0,16.0,8.0,24.0,4.0,2,2,1,1,3,3,0,0,-2.3548944434002106,-0.35251237913540323,10.772952,0.30294564,-19.977877,-29.256308,4,2019-06-25,32.39333333333334,0.0,63.69166666666666,4.5216666666666665,1.0,198.1016666666667,2019,6,25,93.0,0,India_2004.csv
2019-06-26,2004,118.0,105.0,22.0,7.0,21.0,4.0,2,2,1,1,3,3,1,1,-1.0680416614259918,-0.2750654201193233,9.003931,2.892186,-12.258105,-17.838387,4,2019-06-26,34.25333333333334,0.0,46.89833333333333,8.9,1.0,250.92666666666665,2019,6,26,118.0,0,India_2004.csv
2019-06-27,2004,143.0,142.0,21.0,7.0,20.0,3.0,2,2,1,1,0,0,1,1,-0.10219661180814106,-0.36240655378963854,7.62975,3.380572,-7.791526,-29.309235,4,2019-06-27,34.708333333333336,0.0,39.925000000000004,12.195,1.0,295.645,2019,6,27,143.0,0,India_2004.csv
2019-06-28,2004,133.0,134.0,19.0,7.0,15.0,4.0,2,2,1,1,3,3,1,1,-0.6155275654433957,-0.7960445066840315,7.5678916,3.0535638,-11.175739,-29.97161,4,2019-06-28,35.90333333333333,0.0,37.086666666666666,13.328333333333333,1.0,290.6383333333333,2019,6,28,134.0,0,India_2004.csv
2019-06-29,2004,121.0,165.0,16.0,6.0,14.0,4.0,2,2,1,1,3,3,1,1,-0.7708335559060189,-0.6410103043047408,7.012213,2.5710216,-14.858288,-33.487144,4,2019-06-29,36.556666666666665,0.0,35.776666666666664,12.663333333333332,1.0,280.01500000000004,2019,6,29,165.0,0,India_2004.csv
2019-06-30,2004,119.0,170.0,18.0,6.0,11.0,3.0,2,2,1,1,3,3,1,1,-0.6238010526184934,-1.1663066883215425,6.704454,2.6722872,-12.814048,-33.60975,4,2019-06-30,36.98666666666667,0.0,37.425000000000004,10.758333333333333,1.0,255.65166666666664,2019,6,30,170.0,0,India_2004.csv
2019-07-01,2004,132.0,142.0,17.0,7.0,12.0,4.0,2,2,1,1,3,3,1,1,-0.6910884008801915,-1.1168773759623964,7.425995,2.7864265,-11.164594,-30.035645,4,2019-07-01,36.15333333333333,0.0,42.80166666666667,7.411666666666666,1.0,127.78833333333334,2019,7,1,142.0,0,India_2004.csv
2019-07-02,2004,125.0,153.0,18.0,6.0,20.0,3.0,2,2,1,1,3,3,1,1,-0.6842439016434714,-0.20872503645910753,7.1996017,2.6504648,-11.974626,-30.636036,4,2019-07-02,35.535,0.0,47.68833333333333,9.331666666666667,1.0,96.52333333333333,2019,7,2,153.0,0,India_2004.csv
2019-07-03,2004,170.0,87.0,18.0,6.0,11.0,3.0,2,2,1,1,3,3,1,1,-1.0402778653066798,-1.4238947423366717,7.7656946,3.017644,-0.66679645,-16.903503,4,2019-07-03,33.531666666666666,0.0,55.70666666666667,11.454999999999998,1.0,123.87333333333333,2019,7,3,170.0,0,India_2004.csv
2019-07-04,2004,130.0,81.0,16.0,7.0,9.0,3.0,2,2,1,1,3,3,0,0,-1.8539875961958174,-1.9883617354958534,7.827251,1.8114423,-10.262759,-57.216343,4,2019-07-04,32.666666666666664,0.0,63.88666666666666,8.586666666666668,1.0,117.73333333333333,2019,7,4,130.0,0,India_2004.csv
2019-07-05,2004,113.0,91.0,18.0,7.0,8.0,3.0,2,2,1,1,3,3,0,0,-1.864063202854803,-2.0865305444373163,7.855452,1.6598586,-11.87976,-65.98261,4,2019-07-05,30.886666666666667,0.0,72.88166666666666,5.673333333333333,1.0,135.06666666666666,2019,7,5,113.0,0,India_2004.csv
2019-07-06,2004,135.0,74.0,16.0,7.0,11.0,3.0,2,2,1,1,3,3,0,0,-1.8523889127711428,-1.7806802916774562,7.924267,1.7107005,-10.403406,-56.859573,4,2019-07-06,30.825,0.0,70.58999999999999,8.696666666666667,1.0,114.32833333333333,2019,7,6,135.0,0,India_2004.csv
2019-07-07,2004,66.0,75.0,14.0,5.0,13.0,3.0,2,2,1,1,3,3,0,0,-3.642248866642774,-1.41220725044198,8.650527,-1.1117427,-37.0514,-64.82525,4,2019-07-07,31.436666666666667,0.0,69.0,4.851666666666667,1.0,130.32833333333332,2019,7,7,75.0,0,India_2004.csv
2019-07-08,2004,94.0,107.0,18.0,7.0,12.0,3.0,2,2,1,1,3,3,0,0,-1.9057705400753453,-1.6086683786847173,8.118649,1.0386512,-13.966523,-70.606346,4,2019-07-08,31.611666666666665,0.0,70.82166666666667,5.23,1.0,216.28666666666666,2019,7,8,107.0,0,India_2004.csv
2019-07-09,2004,122.0,95.0,16.0,8.0,6.0,3.0,2,2,1,1,3,3,0,0,-1.6076160226248355,-2.4602381216145868,7.761587,1.7787578,-8.725462,-60.457832,4,2019-07-09,30.723333333333333,0.0,73.08,8.893333333333333,1.0,194.46,2019,7,9,122.0,0,India_2004.csv
2019-07-10,2004,108.0,206.0,12.0,5.0,7.0,3.0,2,2,1,1,3,3,0,0,-0.9430402613401827,-1.3489271739893187,6.3087606,2.5792544,-12.809341,-36.462563,4,2019-07-10,31.185,0.0,73.81,8.368333333333334,1.0,224.285,2019,7,10,206.0,0,India_2004.csv
2019-07-11,2004,143.0,226.0,13.0,8.0,8.0,3.0,2,2,1,1,0,0,1,1,0.7221428862510241,-1.5562218255974662,6.260866,2.6077466,-12.698024,-37.675007,4,2019-07-11,33.26166666666666,0.0,57.93166666666667,15.541666666666666,1.0,226.57000000000002,2019,7,11,226.0,0,India_2004.csv
2019-07-12,2004,142.0,260.0,11.0,5.0,6.0,2.0,2,2,1,1,0,0,1,1,0.46778508455507184,-1.3271852582048125,6.2574463,2.587743,-12.5122385,-38.062733,4,2019-07-12,33.22833333333333,0.0,52.949999999999996,14.086666666666668,1.0,255.51500000000001,2019,7,12,260.0,0,India_2004.csv
2019-07-13,2004,148.0,186.0,10.0,5.0,7.0,3.0,2,2,1,1,3,3,0,0,-0.6832760562636929,-1.346662598057816,6.4436836,2.321616,-10.362774,-38.1602,4,2019-07-13,33.699999999999996,0.0,52.94166666666666,17.223333333333333,1.0,225.08333333333334,2019,7,13,186.0,0,India_2004.csv
2019-07-14,2004,134.0,151.0,11.0,4.0,9.0,3.0,2,2,1,1,3,3,0,0,-1.6162970645621093,-1.1467825309093058,6.7949066,1.5105947,-20.237661,-38.87167,4,2019-07-14,32.535,0.0,56.06,14.078333333333333,1.0,207.785,2019,7,14,151.0,0,India_2004.csv
2019-07-15,2004,132.0,174.0,21.0,7.0,5.0,3.0,2,2,1,1,0,0,1,1,0.04011637773604742,-1.943367405978102,6.654343,2.9375265,-10.063427,-33.31462,4,2019-07-15,28.96666666666667,0.0,75.92333333333333,10.848333333333334,1.0,169.22666666666666,2019,7,15,174.0,0,India_2004.csv
2019-07-16,2004,112.0,78.0,19.0,5.0,7.0,2.0,2,2,1,1,3,3,0,0,-2.4472017332805462,-2.125417296678595,7.7965283,1.8360732,-11.505203,-64.3102,4,2019-07-16,26.555000000000003,0.0,88.68833333333333,7.801666666666667,1.0,100.71,2019,7,16,112.0,0,India_2004.csv
2019-07-17,2004,92.0,68.0,17.0,7.0,8.0,1.0,2,2,1,1,3,3,0,0,-2.7347661434151425,-2.7051892053499866,8.125694,-0.041557625,-21.141222,-67.67857,4,2019-07-17,27.18166666666667,0.0,85.71499999999999,6.641666666666667,1.0,121.54666666666667,2019,7,17,92.0,0,India_2004.csv
2019-07-18,2004,102.0,62.0,22.0,8.0,7.0,1.0,2,2,1,1,3,3,1,1,-2.0782418207183877,-2.955387360646897,8.11786,0.38022748,-19.49541,-68.65784,4,2019-07-18,27.58666666666667,0.0,82.24666666666667,4.6000000000000005,1.0,195.28,2019,7,18,102.0,0,India_2004.csv
2019-07-19,2004,94.0,95.0,20.0,9.0,15.0,1.0,2,2,1,1,3,3,1,1,-1.5421352649694455,-2.0998127819660466,8.5484,0.6022952,-18.058838,-65.87966,4,2019-07-19,29.728333333333335,0.0,80.87833333333333,4.803333333333334,1.0,171.98333333333335,2019,7,19,95.0,0,India_2004.csv
2019-07-20,2004,138.0,87.0,25.0,8.0,7.0,1.0,2,2,1,1,0,0,1,1,-0.7741443716641988,-2.70513895568366,7.30899,4.3606815,22.220903,-47.39326,4,2019-07-20,30.133333333333336,0.0,80.38333333333334,6.808333333333334,1.0,112.71333333333332,2019,7,20,138.0,0,India_2004.csv
2019-07-21,2004,138.0,73.0,20.0,7.0,8.0,1.0,2,2,1,1,3,3,1,1,-1.5733657989385397,-2.523640624982471,7.8321404,1.6543697,-13.080508,-60.86594,4,2019-07-21,29.77,0.0,81.41000000000001,7.815,1.0,118.40166666666666,2019,7,21,138.0,0,India_2004.csv
2019-07-22,2004,119.0,83.0,19.0,9.0,9.0,1.0,2,2,1,1,3,3,1,1,-1.4239308968441584,-2.7761097122846126,7.982103,1.4236135,-14.512743,-61.89749,4,2019-07-22,30.584999999999997,0.0,81.355,5.678333333333334,1.0,107.08333333333333,2019,7,22,119.0,0,India_2004.csv
2019-07-23,2004,150.0,102.0,25.0,12.0,16.0,1.0,2,2,1,1,0,0,1,1,0.603357529572363,-2.2779037819478107,8.633489,4.1369033,7.075627,-0.5749509,4,2019-07-23,31.813333333333333,0.0,75.90333333333332,6.608333333333333,1.0,222.74166666666667,2019,7,23,150.0,0,India_2004.csv
2019-07-24,2004,168.0,96.0,24.0,7.0,10.0,1.0,2,2,1,1,0,0,1,1,-0.31299916281021956,-2.065190876632403,7.333057,3.7139044,18.954174,-42.377525,4,2019-07-24,30.968333333333334,0.0,78.50166666666667,9.103333333333333,1.0,230.1,2019,7,24,168.0,0,India_2004.csv
2019-07-25,2004,152.0,58.0,18.0,7.0,6.0,1.0,2,2,1,1,3,3,1,1,-1.7363918114248047,-2.799650030782431,7.881952,1.3123401,-12.786201,-59.539562,4,2019-07-25,27.501666666666665,0.0,85.99833333333333,5.443333333333334,1.0,213.29333333333332,2019,7,25,152.0,0,India_2004.csv
2019-07-26,2004,86.0,65.0,21.0,7.0,6.0,1.0,2,2,1,1,3,3,0,0,-2.613827789810682,-2.932739967558952,8.133225,0.23546855,-19.909866,-68.89214,4,2019-07-26,27.243333333333336,0.0,87.39833333333333,12.055,1.0,74.54333333333334,2019,7,26,86.0,0,India_2004.csv
2019-07-27,2004,107.0,61.0,18.0,7.0,11.0,1.0,2,2,1,1,3,3,0,0,-2.460088020467157,-2.346887302245477,8.269205,0.60530144,-20.561447,-66.25745,4,2019-07-27,26.843333333333334,0.0,89.49833333333333,13.295,1.0,112.555,2019,7,27,107.0,0,India_2004.csv
2019-07-28,2004,94.0,56.0,13.0,5.0,4.0,1.0,2,2,1,1,3,3,0,0,-3.6481842071403263,-2.892623652593989,8.1537,-1.9876707,-66.664894,-60.324883,4,2019-07-28,28.456666666666667,0.0,85.48666666666668,13.43,1.0,102.77,2019,7,28,94.0,0,India_2004.csv
2019-07-29,2004,67.0,58.0,14.0,5.0,6.0,1.0,2,2,1,1,3,3,0,0,-4.014808103530609,-2.7257153620935775,8.315018,-1.2665688,-38.419804,-85.44362,4,2019-07-29,29.208333333333332,0.0,79.13166666666667,13.341666666666667,1.0,101.84333333333335,2019,7,29,67.0,0,India_2004.csv
2019-07-30,2004,67.0,67.0,16.0,6.0,6.0,1.0,2,2,1,1,3,3,0,0,-3.5142513581033676,-2.8418337571906216,8.2943125,-0.94164926,-37.83754,-85.38123,4,2019-07-30,29.09166666666667,0.0,78.75166666666667,12.411666666666667,1.0,101.14166666666667,2019,7,30,67.0,0,India_2004.csv
2019-07-31,2004,82.0,66.0,16.0,7.0,6.0,1.0,2,2,1,1,3,3,0,0,-3.0525107926888806,-2.979267136702144,8.122921,-0.32403833,-36.548058,-83.82931,4,2019-07-31,29.001666666666665,0.0,80.18833333333333,8.71,1.0,92.105,2019,7,31,82.0,0,India_2004.csv
2019-08-01,2004,81.0,69.0,16.0,7.0,7.0,1.0,2,2,1,1,3,3,0,0,-3.0099590343469877,-2.853822948935616,8.132441,-0.29686484,-36.47278,-83.878624,4,2019-08-01,29.323333333333334,0.0,82.90833333333333,8.683333333333334,1.0,119.255,2019,8,1,81.0,0,India_2004.csv
2019-08-02,2004,91.0,73.0,14.0,7.0,6.0,1.0,2,2,1,1,3,3,0,0,-2.9237933624027126,-2.9349460592484315,8.070525,-0.2623498,-36.477024,-84.23356,4,2019-08-02,28.72666666666667,0.0,86.07,6.886666666666667,1.0,106.59666666666668,2019,8,2,91.0,0,India_2004.csv
2019-08-03,2004,99.0,71.0,9.0,7.0,7.0,1.0,2,2,1,1,3,3,0,0,-3.177769335510573,-2.8476742250676126,8.239029,-1.7704563,-64.18827,-57.980846,4,2019-08-03,28.30666666666667,0.0,88.54166666666667,7.778333333333333,1.0,104.245,2019,8,3,99.0,0,India_2004.csv
2019-08-04,2004,105.0,77.0,9.0,8.0,4.0,1.0,2,2,1,1,3,3,0,0,-2.8035121191321486,-3.318065741516565,8.162917,-1.7330443,-63.95416,-57.55218,4,2019-08-04,29.075,0.0,86.86833333333334,4.591666666666667,1.0,124.87666666666667,2019,8,4,105.0,0,India_2004.csv
2019-08-05,2004,128.0,80.0,16.0,8.0,8.0,1.0,2,2,1,1,3,3,0,0,-1.7478361736353825,-2.726279463431658,7.9274554,1.2656729,-19.302998,-51.697483,4,2019-08-05,29.24666666666667,0.0,86.12166666666667,5.995,1.0,128.79999999999998,2019,8,5,128.0,0,India_2004.csv
2019-08-06,2004,124.0,59.0,21.0,8.0,4.0,1.0,2,2,1,1,3,3,1,1,-1.8323822533832155,-3.2553522141533926,7.861187,1.3954121,-14.21322,-61.223125,4,2019-08-06,27.896666666666665,0.0,88.94166666666666,8.021666666666667,1.0,127.40166666666666,2019,8,6,124.0,0,India_2004.csv
2019-08-07,2004,79.0,69.0,17.0,9.0,8.0,2.0,2,2,1,1,3,3,0,0,-2.542857825516469,-2.8711777069034397,8.12341,0.06419295,-36.09446,-81.8148,4,2019-08-07,28.596666666666668,0.0,87.235,5.9366666666666665,1.0,95.11833333333334,2019,8,7,79.0,0,India_2004.csv
2019-08-08,2004,88.0,65.0,19.0,8.0,10.0,2.0,2,2,1,1,3,3,0,0,-2.466368971708487,-2.445333708849221,8.330258,0.17010243,-19.375744,-67.42446,4,2019-08-08,30.386666666666667,0.0,76.12,10.99,1.0,91.23833333333333,2019,8,8,88.0,0,India_2004.csv
2019-08-09,2004,61.0,63.0,15.0,5.0,4.0,1.0,2,2,1,1,3,3,0,0,-3.9914535312638297,-2.9380948650654184,8.312702,-1.1716057,-38.466194,-85.5236,4,2019-08-09,28.895,0.0,77.24833333333333,22.233333333333334,1.0,97.71,2019,8,9,63.0,0,India_2004.csv
2019-08-10,2004,40.0,55.0,13.0,5.0,4.0,1.0,2,2,1,1,3,3,0,0,-4.6633755399459424,-3.053916367233107,8.657431,-2.991791,-39.29645,-85.607605,4,2019-08-10,28.911666666666665,0.0,80.04833333333333,15.441666666666668,1.0,122.97000000000001,2019,8,10,55.0,0,India_2004.csv
2019-08-11,2004,49.0,61.0,14.0,6.0,6.0,1.0,2,2,1,1,3,3,0,0,-4.097918065919889,-2.939199401020825,8.372215,-1.2006985,-38.920467,-85.402725,4,2019-08-11,29.685000000000002,0.0,78.44500000000001,7.695,1.0,177.595,2019,8,11,61.0,0,India_2004.csv
2019-08-12,2004,79.0,58.0,11.0,6.0,6.0,1.0,2,2,1,1,3,3,0,0,-3.8208220639209416,-2.890849533508312,8.42185,-2.314839,-68.300224,-61.06309,4,2019-08-12,29.40833333333333,0.0,82.43166666666667,9.261666666666667,1.0,283.8533333333333,2019,8,12,79.0,0,India_2004.csv
2019-08-13,2004,59.0,63.0,12.0,7.0,5.0,1.0,2,2,1,1,3,3,0,0,-3.843841724713864,-3.20608605204805,8.45926,-1.6058843,-40.62857,-83.602356,4,2019-08-13,28.778333333333336,0.0,85.825,7.738333333333333,1.0,167.92166666666665,2019,8,13,63.0,0,India_2004.csv
2019-08-14,2004,63.0,68.0,14.0,7.0,9.0,1.0,2,2,1,1,3,3,0,0,-3.4879125427675772,-2.6993907912663224,8.4605255,-0.8989396,-36.138725,-85.545395,4,2019-08-14,28.755,0.0,86.23166666666667,4.381666666666667,1.0,147.85666666666665,2019,8,14,68.0,0,India_2004.csv
2019-08-15,2004,111.0,64.0,10.0,6.0,5.0,1.0,2,2,1,1,3,3,0,0,-3.2187522772159918,-2.890518818742586,8.046215,-1.8540591,-65.742004,-54.380844,4,2019-08-15,28.845,0.0,82.13333333333334,14.998333333333333,1.0,73.625,2019,8,15,111.0,0,India_2004.csv
2019-08-16,2004,91.0,55.0,11.0,6.0,4.0,1.0,2,2,1,1,3,3,0,0,-3.6718118329627116,-3.098123301519163,8.235568,-2.1356938,-66.96357,-60.039158,4,2019-08-16,27.745,0.0,84.32666666666667,17.583333333333332,1.0,94.74333333333334,2019,8,16,91.0,0,India_2004.csv
2019-08-17,2004,58.0,42.0,8.0,5.0,3.0,1.0,2,2,1,1,3,3,0,0,-4.936398793884603,-3.2187771849665916,8.629283,-3.3404174,-79.06373,-57.63875,4,2019-08-17,26.03,0.0,90.65333333333332,19.838333333333335,1.0,138.96833333333333,2019,8,17,58.0,0,India_2004.csv
2019-08-18,2004,49.0,45.0,8.0,6.0,5.0,1.0,2,2,1,1,3,3,0,0,-4.829242788772456,-3.1788113040486183,8.717784,-3.334608,-79.69148,-57.570423,4,2019-08-18,26.929999999999996,0.0,86.84666666666668,8.34,1.0,217.13833333333332,2019,8,18,49.0,0,India_2004.csv
2019-08-19,2004,58.0,73.0,10.0,8.0,7.0,1.0,2,2,1,1,3,3,0,0,-3.6264645408586835,-3.1246953490451554,8.500018,-1.5816247,-41.446003,-82.71373,4,2019-08-19,28.27,0.0,84.74833333333333,4.828333333333333,1.0,287.7083333333333,2019,8,19,73.0,0,India_2004.csv
2019-08-20,2004,108.0,74.0,15.0,7.0,8.0,1.0,2,2,1,1,3,3,0,0,-2.492956573437155,-2.6454760872442393,7.9025755,0.59802824,-19.682426,-52.995323,4,2019-08-20,28.438333333333333,0.0,81.79666666666667,9.906666666666666,1.0,293.98,2019,8,20,108.0,0,India_2004.csv
2019-08-21,2004,112.0,89.0,19.0,6.0,8.0,2.2,2,2,1,1,3,3,0,0,-2.0514869331882752,-2.090252749633176,7.8048406,1.7921292,-11.64709,-64.67776,4,2019-08-21,29.615,0.0,78.645,9.633333333333333,1.0,223.0666666666667,2019,8,21,112.0,0,India_2004.csv
2019-08-22,2004,127.0,84.0,20.0,9.0,7.0,1.0,2,2,1,1,3,3,1,1,-1.2071581258715973,-2.967471513866249,7.8482537,1.4969841,-14.396159,-61.729313,4,2019-08-22,28.653333333333332,0.0,84.785,5.851666666666667,1.0,178.19500000000002,2019,8,22,127.0,0,India_2004.csv
2019-08-23,2004,112.0,85.0,14.0,8.0,6.0,1.0,2,2,1,1,3,3,0,0,-2.1380939931006395,-2.991518500974382,7.665353,0.9450078,-21.366858,-51.132175,4,2019-08-23,29.525000000000002,0.0,82.12666666666667,3.9433333333333334,1.0,230.65166666666667,2019,8,23,112.0,0,India_2004.csv
2019-08-24,2004,130.0,82.0,13.0,9.0,3.0,1.0,2,2,1,1,3,3,0,0,-1.7655432258995616,-3.4790662375252963,7.6682005,1.1126425,-21.397657,-50.721203,4,2019-08-24,29.041666666666668,0.0,83.345,6.088333333333334,1.0,143.37,2019,8,24,130.0,0,India_2004.csv
2019-08-25,2004,118.0,61.0,11.0,7.0,4.0,1.0,2,2,1,1,3,3,0,0,-2.8734322803381676,-3.166616358894447,8.040853,-1.8761075,-65.76641,-54.43193,4,2019-08-25,27.531666666666666,0.0,88.21499999999999,7.858333333333333,1.0,87.39333333333333,2019,8,25,118.0,0,India_2004.csv
2019-08-26,2004,85.0,58.0,15.0,7.0,6.0,1.0,2,2,1,1,3,3,0,0,-3.2043022229086833,-3.0176084615048064,8.124928,-0.45696568,-36.687637,-83.99056,4,2019-08-26,29.201666666666664,0.0,82.235,8.033333333333333,1.0,103.145,2019,8,26,85.0,0,India_2004.csv
2019-08-27,2004,74.0,71.0,17.0,8.0,8.0,1.0,2,2,1,1,3,3,0,0,-2.817876115453693,-2.918673281059092,8.128472,-0.1436359,-36.164352,-82.862816,4,2019-08-27,30.035,0.0,79.77333333333333,6.586666666666666,1.0,96.80499999999999,2019,8,27,74.0,0,India_2004.csv
2019-08-28,2004,99.0,74.0,21.0,7.0,7.0,1.0,2,2,1,1,3,3,0,0,-2.2140272305029325,-2.73744576187419,8.097569,0.343043,-19.89761,-68.251305,4,2019-08-28,30.746666666666666,0.0,77.97833333333334,8.635,1.0,102.40166666666666,2019,8,28,99.0,0,India_2004.csv
2019-08-29,2004,105.0,72.0,20.0,7.0,7.0,1.0,2,2,1,1,3,3,0,0,-2.212030689186733,-2.737798313082285,8.046542,0.5484826,-19.77826,-68.02325,4,2019-08-29,30.08,0.0,81.415,8.688333333333333,1.0,130.255,2019,8,29,105.0,0,India_2004.csv
2019-08-30,2004,103.0,69.0,19.0,7.0,10.0,1.0,2,2,1,1,3,3,0,0,-2.3386920291168716,-2.425133344019404,8.164034,0.42828962,-20.259855,-67.32372,4,2019-08-30,30.388333333333335,0.0,79.78333333333335,5.2250000000000005,1.0,134.16666666666666,2019,8,30,103.0,0,India_2004.csv
2019-08-31,2004,99.0,78.0,17.0,10.0,10.0,7.6,2,2,1,1,3,3,0,0,-1.719104973996717,-1.4927648057309666,8.2195635,1.1619844,-10.241294,-80.52448,4,2019-08-31,30.578333333333333,0.0,77.32166666666667,5.8933333333333335,1.0,153.10833333333335,2019,8,31,99.0,0,India_2004.csv
2019-09-01,2004,131.0,70.0,19.0,8.0,8.0,1.0,2,2,1,1,3,3,1,1,-1.6275294018271864,-2.742527663828909,7.858964,1.3776114,-13.993349,-61.0301,4,2019-09-01,28.34,0.0,87.51666666666667,9.478333333333333,1.0,99.09166666666665,2019,9,1,131.0,0,India_2004.csv
2019-09-02,2004,95.0,82.0,17.0,7.0,14.0,1.0,2,2,1,1,3,3,0,0,-2.378519779797562,-1.945989391070966,8.594145,0.27438858,-19.687653,-66.03099,4,2019-09-02,30.043333333333333,0.0,81.50666666666667,3.9466666666666668,1.0,193.91,2019,9,2,95.0,0,India_2004.csv
2019-09-03,2004,125.0,90.0,15.0,7.0,10.0,1.0,2,2,1,1,3,3,0,0,-1.8925896483302957,-2.2907226099790794,7.9986053,1.2269816,-19.342861,-51.46602,4,2019-09-03,30.156666666666666,0.0,79.85000000000001,5.771666666666667,1.0,173.63666666666666,2019,9,3,125.0,0,India_2004.csv
2019-09-04,2004,150.0,103.0,22.0,8.0,10.0,1.0,2,2,1,1,0,0,1,1,-0.4830089836505648,-2.275071699551507,7.288207,3.6808498,18.554321,-42.405327,4,2019-09-04,29.24166666666667,0.0,84.20833333333333,8.636666666666667,1.0,116.13666666666667,2019,9,4,150.0,0,India_2004.csv
2019-09-05,2004,163.0,68.0,26.0,10.0,5.0,2.0,2,2,1,1,0,0,1,1,-0.15461457333879866,-3.0781430882504566,7.0509176,4.4604626,20.916307,-46.805824,4,2019-09-05,29.628333333333334,0.0,81.67833333333333,7.454999999999999,1.0,112.56833333333333,2019,9,5,163.0,0,India_2004.csv
2019-09-06,2004,87.0,74.0,21.0,6.0,8.0,2.0,2,2,1,1,3,3,0,0,-2.610137273228751,-2.263738648444905,8.183167,0.2415004,-20.426245,-68.47267,4,2019-09-06,29.748333333333335,0.0,81.03,7.828333333333333,1.0,118.00166666666667,2019,9,6,87.0,0,India_2004.csv
2019-09-07,2004,89.0,65.0,19.0,6.0,8.0,1.0,2,2,1,1,3,3,0,0,-2.8876495757695775,-2.5366013629302593,8.089818,0.16886748,-20.540892,-68.16999,4,2019-09-07,28.811666666666667,0.0,85.61166666666666,8.765,1.0,114.92166666666667,2019,9,7,89.0,0,India_2004.csv
2019-09-08,2004,68.0,69.0,14.0,7.0,8.0,1.0,2,2,1,1,3,3,0,0,-3.390945993392367,-2.7937159320223692,8.396489,-0.8718514,-36.32067,-85.37278,4,2019-09-08,29.24,0.0,83.52333333333333,5.853333333333333,1.0,105.94,2019,9,8,69.0,0,India_2004.csv
2019-09-09,2004,69.0,88.0,14.0,7.0,12.0,1.0,2,2,1,1,3,3,0,0,-3.013575289042258,-2.2432747181766084,8.691437,-0.3936643,-27.040789,-56.329777,4,2019-09-09,30.46166666666667,0.0,76.81833333333333,5.266666666666667,1.0,218.60333333333335,2019,9,9,88.0,0,India_2004.csv
2019-09-10,2004,125.0,84.0,16.0,7.0,13.0,1.0,2,2,1,1,3,3,0,0,-1.8789750716801281,-1.9709844628774618,8.252889,1.2087097,-19.240244,-51.574158,4,2019-09-10,30.929999999999996,0.0,73.32000000000001,5.603333333333334,1.0,188.1916666666667,2019,9,10,125.0,0,India_2004.csv
2019-09-11,2004,135.0,105.0,22.0,8.0,17.0,1.0,2,2,1,1,0,0,1,1,-0.6443967575706377,-1.5129163672115709,9.0117655,3.655879,0.9631992,-4.9818177,4,2019-09-11,31.680000000000003,0.0,71.28666666666666,6.756666666666667,1.0,140.18166666666667,2019,9,11,135.0,0,India_2004.csv
2019-09-12,2004,160.0,90.0,22.0,7.0,9.0,2.0,2,2,1,1,0,0,1,1,-0.7089751393640565,-2.0285059615679044,7.467332,3.6451561,19.415281,-41.785103,4,2019-09-12,30.076666666666664,0.0,80.38166666666666,12.553333333333333,1.0,121.945,2019,9,12,160.0,0,India_2004.csv
2019-09-13,2004,137.0,73.0,18.0,7.0,8.0,2.0,2,2,1,1,3,3,1,1,-1.7296691968819324,-2.323690126834901,7.8528113,1.633621,-12.661645,-59.986687,4,2019-09-13,30.03333333333333,0.0,74.42833333333334,11.111666666666666,1.0,110.81166666666667,2019,9,13,137.0,0,India_2004.csv
2019-09-14,2004,96.0,63.0,16.0,6.0,9.0,1.0,2,2,1,1,3,3,0,0,-3.00768973848321,-2.436296289400692,8.105771,-0.0073735993,-21.442583,-67.47521,4,2019-09-14,28.825,0.0,79.14,11.299999999999999,1.0,96.70666666666666,2019,9,14,96.0,0,India_2004.csv
2019-09-15,2004,80.0,67.0,14.0,7.0,9.0,1.0,2,2,1,1,3,3,0,0,-3.1898558831830557,-2.6550339714480695,8.324467,-0.5551073,-36.30716,-84.761734,4,2019-09-15,28.11,0.0,84.04833333333333,7.56,1.0,116.01833333333333,2019,9,15,80.0,0,India_2004.csv
2019-09-16,2004,104.0,82.0,13.0,9.0,12.0,2.0,2,2,1,1,3,3,0,0,-2.1247349301741414,-2.3123800243103965,8.71642,0.46037385,-21.373226,-52.872402,4,2019-09-16,29.656666666666666,0.0,79.675,5.983333333333333,1.0,135.845,2019,9,16,104.0,0,India_2004.csv
2019-09-17,2004,132.0,87.0,15.0,8.0,12.0,1.0,2,2,1,1,3,3,0,0,-1.5877889178455609,-2.233712376041137,8.01001,1.3053823,-19.264084,-51.348373,4,2019-09-17,29.146666666666665,0.0,80.83833333333334,7.43,1.0,141.92166666666665,2019,9,17,132.0,0,India_2004.csv
2019-09-18,2004,137.0,76.0,16.0,6.0,8.0,1.0,2,2,1,1,3,3,0,0,-2.0482541782089703,-2.3677497585869087,8.1103735,1.2201636,-12.572089,-59.79326,4,2019-09-18,28.38,0.0,78.90333333333334,12.176666666666668,1.0,119.52166666666666,2019,9,18,137.0,0,India_2004.csv
2019-09-19,2004,101.0,60.0,12.0,6.0,7.0,1.0,2,2,1,1,3,3,0,0,-3.293019010982769,-2.6957049008966134,8.100388,-1.9799154,-65.9235,-59.374474,4,2019-09-19,26.77333333333333,0.0,79.90166666666667,10.806666666666667,1.0,110.73666666666666,2019,9,19,101.0,0,India_2004.csv
2019-09-20,2004,67.0,66.0,11.0,6.0,6.0,1.0,2,2,1,1,3,3,0,0,-3.9117147561877155,-2.8865413751668525,8.461879,-2.2291827,-69.902466,-61.92232,4,2019-09-20,27.635,0.0,81.39166666666667,6.8566666666666665,1.0,124.46,2019,9,20,67.0,0,India_2004.csv
2019-09-21,2004,88.0,73.0,9.0,5.0,10.0,2.0,2,2,1,1,3,3,0,0,-3.6994956860982455,-1.9579252317068754,8.832028,-2.4567397,-65.934906,-39.408436,4,2019-09-21,28.153333333333336,0.0,78.14999999999999,6.22,1.0,124.895,2019,9,21,88.0,0,India_2004.csv
2019-09-22,2004,103.0,61.0,10.0,6.0,6.0,2.0,2,2,1,1,3,3,0,0,-3.3893488742141664,-2.5958726922059387,8.083518,-2.0458128,-65.41389,-55.53729,4,2019-09-22,27.051666666666666,0.0,81.84833333333333,8.73,1.0,121.02166666666666,2019,9,22,103.0,0,India_2004.csv
2019-09-23,2004,73.0,73.0,11.0,6.0,9.0,1.0,2,2,1,1,3,3,0,0,-3.6503576743590895,-2.4939073453919756,8.592835,-2.0974338,-63.869682,-61.46021,4,2019-09-23,26.77,0.0,80.87166666666667,7.66,1.0,107.93833333333333,2019,9,23,73.0,0,India_2004.csv
2019-09-24,2004,99.0,75.0,11.0,7.0,8.0,1.0,2,2,1,1,3,3,0,0,-2.947905847270153,-2.6985206392711243,8.188674,-1.8100816,-64.325066,-58.42508,4,2019-09-24,27.353333333333335,0.0,79.10333333333334,9.13,1.0,102.03500000000001,2019,9,24,99.0,0,India_2004.csv
2019-09-25,2004,96.0,74.0,10.0,6.0,9.0,2.0,2,2,1,1,3,3,0,0,-3.2701470525417338,-2.2115933659852605,8.471147,-2.0863264,-64.16546,-56.097717,4,2019-09-25,27.485,0.0,80.20833333333333,12.354999999999999,1.0,100.92999999999999,2019,9,25,96.0,0,India_2004.csv
2019-09-26,2004,89.0,62.0,15.0,4.0,6.0,1.0,2,2,1,1,3,3,0,0,-3.666814756998045,-2.458498028249301,8.1774025,-0.7905775,-29.27146,-62.706528,4,2019-09-26,27.583333333333332,0.0,75.41166666666666,14.806666666666667,1.0,95.98,2019,9,26,89.0,0,India_2004.csv
2019-09-27,2004,77.0,61.0,19.0,4.0,8.0,1.0,2,2,1,1,3,3,0,0,-3.576492934471168,-2.2388975008372216,8.355389,-0.3880478,-21.758238,-69.54683,4,2019-09-27,26.528333333333332,0.0,78.68666666666667,12.315,1.0,80.565,2019,9,27,77.0,0,India_2004.csv
2019-09-28,2004,57.0,56.0,19.0,5.0,8.0,1.0,2,2,1,1,3,3,0,0,-3.827660548719705,-2.4972402921755172,8.286885,-0.55061316,-30.372902,-81.82385,4,2019-09-28,25.819999999999997,0.0,80.29666666666667,13.579999999999998,1.0,81.895,2019,9,28,57.0,0,India_2004.csv
2019-09-29,2004,70.0,39.0,17.0,4.0,8.0,2.8,2,2,1,1,3,3,0,0,-4.192502683179282,-1.9887354417524792,8.543248,-0.8741258,-27.988533,-79.36975,4,2019-09-29,25.055000000000003,0.0,82.23333333333333,11.495,1.0,106.27833333333332,2019,9,29,70.0,0,India_2004.csv
2019-09-30,2004,65.0,57.0,21.0,6.0,8.0,5.2,2,2,1,1,3,3,0,0,-3.2487708699775832,-1.7103902480050683,8.292959,-0.029002262,-22.598763,-76.03301,4,2019-09-30,25.34,0.0,84.14833333333333,7.511666666666667,1.0,122.72833333333334,2019,9,30,65.0,0,India_2004.csv
2019-10-01,2004,86.0,61.0,23.0,6.0,10.0,1.0,2,2,1,1,3,3,0,0,-2.6800089727918506,-2.305582327783801,8.208178,0.26213065,-20.292233,-69.052,4,2019-10-01,25.385,0.0,85.065,6.715,1.0,118.88,2019,10,1,86.0,0,India_2004.csv
2019-10-02,2004,89.0,67.0,16.0,5.2,5.0,1.0,2,2,1,1,3,3,0,0,-3.2797700370862586,-2.7510044668899623,8.089192,-0.3963264,-29.02199,-62.998055,4,2019-10-02,26.83,0.0,78.505,5.308333333333334,1.0,129.83166666666668,2019,10,2,89.0,0,India_2004.csv
2019-10-03,2004,147.0,76.0,24.0,8.6,18.0,1.0,2,2,1,1,0,0,1,1,-0.612811419407885,-1.59574991874442,9.025817,3.6153939,-0.044181414,-7.728233,4,2019-10-03,27.986666666666668,0.0,68.25833333333334,4.04,1.0,167.42833333333334,2019,10,3,147.0,0,India_2004.csv
2019-10-04,2004,124.0,52.0,26.0,9.0,7.0,1.0,2,2,1,1,3,3,1,1,-1.3296095943622512,-3.0846349882082817,7.0668244,4.592583,21.328497,-49.28188,4,2019-10-04,25.911666666666665,0.0,73.22000000000001,9.033333333333333,1.0,286.09166666666664,2019,10,4,124.0,0,India_2004.csv
2019-10-05,2004,97.0,62.0,19.0,6.0,14.0,1.0,2,2,1,1,3,3,0,0,-2.7174332782005677,-1.845934070115603,8.4373665,0.40254745,-21.25767,-66.021484,4,2019-10-05,26.245,0.0,65.82833333333333,9.965,1.0,320.83166666666665,2019,10,5,97.0,0,India_2004.csv
2019-10-06,2004,99.0,81.0,20.0,6.0,17.0,1.0,2,2,1,1,3,3,0,0,-2.2572488577404592,-1.3983222514384344,8.604261,0.49360344,-19.649258,-65.74342,4,2019-10-06,26.77,0.0,62.20333333333334,7.971666666666667,1.0,286.07166666666666,2019,10,6,99.0,0,India_2004.csv
2019-10-07,2004,148.0,83.0,18.0,7.0,14.0,1.0,2,2,1,1,3,3,1,1,-1.3056086891834242,-1.779628196106746,8.48926,1.8923095,-18.58299,-18.809977,4,2019-10-07,26.57166666666667,0.0,59.22666666666667,11.216666666666667,1.0,306.68333333333334,2019,10,7,148.0,0,India_2004.csv
2019-10-08,2004,147.0,72.0,17.0,8.0,15.0,7.8,2,2,1,1,3,3,1,1,-1.2685076761982388,-0.41882941370142296,8.901988,2.515879,-46.20569,6.068373,4,2019-10-08,26.55333333333333,0.0,55.31166666666667,6.82,1.0,237.25,2019,10,8,147.0,0,India_2004.csv
2019-10-09,2004,135.0,84.0,23.0,8.0,19.0,5.6,2,2,1,1,0,0,1,1,-0.8211513553113048,-0.3737443123509346,8.936072,4.140747,20.003214,-15.431111,4,2019-10-09,26.21166666666667,0.0,59.895,6.47,1.0,170.60333333333332,2019,10,9,135.0,0,India_2004.csv
2019-10-10,2004,157.0,99.0,27.0,7.0,20.0,5.8,2,2,1,1,0,0,1,1,-0.04947174176549582,0.1285294599314408,9.057905,4.975396,25.933647,-16.572277,4,2019-10-10,26.74,0.0,56.09166666666667,5.25,1.0,185.84,2019,10,10,157.0,0,India_2004.csv
2019-10-11,2004,169.0,102.0,30.0,14.0,13.0,6.2,2,2,1,1,0,0,1,1,1.7775785556982846,-1.73847413557603,8.413452,6.471363,47.277546,-16.232903,4,2019-10-11,26.968333333333334,0.0,55.67333333333334,5.745,1.0,235.58333333333334,2019,10,11,169.0,0,India_2004.csv
2019-10-12,2004,176.0,100.0,25.0,7.0,19.0,1.0,2,2,1,1,0,0,1,1,0.08381161396510954,-0.9913034763051534,8.745699,5.0661416,29.989248,-20.504135,4,2019-10-12,27.768333333333334,0.0,55.495000000000005,5.580000000000001,1.0,223.59666666666666,2019,10,12,176.0,0,India_2004.csv
2019-10-13,2004,168.0,124.0,27.0,10.2,18.0,1.0,2,2,1,1,0,0,1,1,1.111733093316936,-1.5582297522934427,8.295129,5.6777654,21.12052,-12.0084915,4,2019-10-13,27.50333333333333,0.0,53.63666666666666,7.41,1.0,231.09,2019,10,13,168.0,0,India_2004.csv
2019-10-14,2004,183.0,118.0,26.0,9.0,19.0,8.4,2,2,1,1,0,0,1,1,1.0939788433494488,0.3917886092495332,9.409587,5.7150145,24.715748,9.373926,4,2019-10-14,27.340000000000003,0.0,60.43333333333334,7.32,1.0,178.83333333333334,2019,10,14,183.0,0,India_2004.csv
2019-10-15,2004,176.0,124.0,32.0,13.0,23.0,1.0,2,2,1,1,0,0,1,1,2.2621752357063176,-1.4195714490690357,8.8585825,6.581644,39.61907,-6.5508666,4,2019-10-15,27.728333333333335,0.0,58.715,5.3116666666666665,1.0,143.305,2019,10,15,176.0,0,India_2004.csv
2019-10-16,2004,181.0,138.0,29.0,9.0,20.0,5.2,2,2,1,1,0,0,1,1,1.5783939702344125,-0.07883982292355168,8.781745,6.109406,31.665,-16.148663,4,2019-10-16,27.72,0.0,58.791666666666664,6.921666666666667,1.0,120.105,2019,10,16,181.0,0,India_2004.csv
2019-10-17,2004,189.0,114.0,28.0,6.0,8.0,2.6,2,2,1,1,0,0,1,1,0.4741115615865391,-1.5859487990602246,8.077523,5.5892277,35.364944,-32.767864,4,2019-10-17,27.125,0.0,61.074999999999996,7.273333333333333,1.0,150.42499999999998,2019,10,17,189.0,0,India_2004.csv
2019-10-18,2004,172.0,137.0,26.0,4.0,3.0,4.2,2,2,1,1,0,0,1,1,-0.05339771639107022,-1.4052214430131573,6.860882,6.615879,42.75698,-36.98112,4,2019-10-18,26.150000000000002,0.0,67.66,8.336666666666668,1.0,129.62666666666667,2019,10,18,172.0,0,India_2004.csv
2019-10-19,2004,156.0,97.0,28.0,9.0,9.0,7.0,2,2,1,1,0,0,1,1,0.2634970123421693,-1.2162302847430002,8.434576,5.286524,24.875751,-30.907013,4,2019-10-19,25.900000000000002,0.0,60.151666666666664,6.226666666666667,1.0,237.32166666666663,2019,10,19,156.0,0,India_2004.csv
2019-10-20,2004,135.0,97.0,27.0,8.0,7.0,5.4,2,2,1,1,0,0,1,1,-0.4490197552455218,-1.6864484463449578,7.9689775,4.4467125,22.768887,-32.854694,4,2019-10-20,25.895,0.0,48.93666666666667,9.66,1.0,317.37666666666667,2019,10,20,135.0,0,India_2004.csv
2019-10-21,2004,159.0,123.0,27.0,25.0,8.0,1.0,1,1,0,0,0,0,1,1,3.7799103412740003,-5.330848483879256,7.7633085,5.496327,30.114113,-65.42352,4,2019-10-21,24.88333333333333,0.0,51.19,11.49,1.0,303.32166666666666,2019,10,21,159.0,0,India_2004.csv
2019-10-22,2004,171.0,108.0,25.0,15.0,8.0,5.8,2,2,1,1,0,0,1,1,1.6671215232759828,-2.5751684298611845,7.5837674,5.5244846,31.44517,-41.76348,4,2019-10-22,24.346666666666664,0.0,49.58166666666667,11.82,1.0,294.625,2019,10,22,171.0,0,India_2004.csv
2019-10-23,2004,162.0,135.0,27.0,9.0,16.0,1.0,2,2,1,1,0,0,1,1,0.9163581559169517,-1.5380781773932266,8.340031,5.553584,21.04536,-11.973717,4,2019-10-23,24.65833333333333,0.0,58.73499999999999,8.151666666666666,1.0,227.60666666666665,2019,10,23,162.0,0,India_2004.csv
2019-10-24,2004,181.0,151.0,37.0,12.0,23.0,1.0,1,1,0,0,0,0,10,10,2.9774041024920868,-1.0574201311465026,9.320261,7.0155177,41.251106,-5.6033382,4,2019-10-24,24.731666666666666,0.0,63.66,6.77,1.0,124.37833333333333,2019,10,24,181.0,0,India_2004.csv
2019-10-25,2004,210.0,123.0,31.0,13.0,14.0,1.0,1,1,0,0,0,0,1,1,2.6913646549377654,-2.3571571633465807,7.9806376,6.6658964,44.547245,-26.76353,4,2019-10-25,24.411666666666665,0.0,62.31166666666667,7.28,1.0,118.625,2019,10,25,210.0,0,India_2004.csv
2019-10-26,2004,183.0,111.0,34.0,11.0,12.0,1.0,2,2,1,1,0,0,1,1,1.798859890246046,-2.345453358283931,7.9302316,6.376502,44.465897,-26.206059,4,2019-10-26,24.77,0.0,62.07,5.78,1.0,204.45666666666668,2019,10,26,183.0,0,India_2004.csv
2019-10-27,2004,185.0,135.0,27.0,8.0,10.0,3.4,2,2,1,1,0,0,1,1,1.104806347788364,-1.4525430606564107,7.8179197,5.910123,36.094234,-31.973116,4,2019-10-27,24.583333333333332,0.0,57.02,9.488333333333333,1.0,305.81333333333333,2019,10,27,185.0,0,India_2004.csv
2019-10-28,2004,212.0,328.0,29.0,11.0,9.0,5.4,1,1,0,0,1,1,5,5,5.537959663625752,-0.6200739089226872,8.354028,9.83853,86.00733,4.990903,4,2019-10-28,24.44666666666667,0.0,62.826666666666675,6.863333333333333,1.0,301.785,2019,10,28,328.0,0,India_2004.csv
2019-10-29,2004,384.0,269.0,34.0,39.0,4.0,1.0,1,1,0,0,1,1,2,2,13.628934515489343,-6.829160269958651,8.815441,11.1195755,92.10527,-10.633259,4,2019-10-29,24.735,0.0,67.62333333333333,5.633333333333333,1.0,260.555,2019,10,29,384.0,0,India_2004.csv
2019-10-30,2004,349.0,186.0,35.0,13.0,5.0,1.0,1,1,0,0,1,1,5,5,6.492278875132881,-2.638262122401614,7.186789,9.806927,90.09662,-31.755247,4,2019-10-30,24.935000000000002,0.0,68.365,7.573333333333333,1.0,292.3566666666667,2019,10,30,349.0,0,India_2004.csv
2019-10-31,2004,314.0,295.0,38.0,15.0,6.0,2.0,1,1,0,0,1,1,5,5,8.287185181660846,-2.2029986490064224,8.229291,10.0808735,76.918274,-8.838055,4,2019-10-31,24.288333333333338,0.0,67.70833333333333,7.68,1.0,271.6333333333333,2019,10,31,314.0,0,India_2004.csv
2019-11-01,2004,341.0,408.0,43.0,15.0,6.0,7.4,1,1,0,0,1,1,2,2,11.097934122972164,-0.3517697252461439,8.482956,10.928182,93.040695,-2.7524185,4,2019-11-01,24.941666666666666,0.0,67.17333333333333,6.413333333333333,1.0,244.86833333333334,2019,11,1,408.0,0,India_2004.csv
2019-11-02,2004,433.0,236.0,32.0,15.0,5.0,4.2,1,1,0,0,1,1,5,5,9.084641251932188,-1.8266001948383008,7.2154884,10.470656,94.00266,-27.501564,4,2019-11-02,24.076666666666668,0.0,71.89833333333333,9.4,1.0,325.285,2019,11,2,433.0,0,India_2004.csv
2019-11-03,2004,352.0,423.0,27.0,19.0,4.0,2.8,1,1,0,0,1,1,2,2,11.039317867722474,-2.311842088283939,8.034832,11.342001,96.97072,-6.4335594,4,2019-11-03,23.971666666666664,0.0,70.06833333333333,9.82,1.0,295.71,2019,11,3,423.0,0,India_2004.csv
2019-11-04,2004,591.0,267.0,22.0,15.0,7.0,1.0,1,1,0,0,1,1,5,5,11.729792610985086,-1.7699301489041894,7.136143,10.715461,98.72478,-26.65101,4,2019-11-04,23.23,0.0,62.07,12.996666666666668,1.0,300.805,2019,11,4,591.0,0,India_2004.csv
2019-11-05,2004,308.0,219.0,20.0,10.0,9.0,1.0,1,1,0,0,1,1,5,5,4.576890197330886,-1.732589324314705,6.8241806,9.268707,70.379074,-45.665787,4,2019-11-05,22.77333333333333,0.0,58.49333333333333,12.138333333333334,1.0,287.9533333333333,2019,11,5,308.0,0,India_2004.csv
2019-11-06,2004,278.0,112.0,35.0,11.0,4.0,4.4,1,1,0,0,0,0,5,5,3.603155891242447,-2.223126289794447,7.1718326,8.477154,68.34403,-35.0671,4,2019-11-06,23.834999999999997,0.0,59.49333333333333,7.94,1.0,165.68166666666664,2019,11,6,278.0,0,India_2004.csv
2019-11-07,2004,159.0,190.0,34.0,15.0,3.0,11.2,1,1,0,0,0,0,10,10,3.4940027505776348,-1.524876899618374,8.937161,7.3565054,52.658394,-13.526983,4,2019-11-07,21.665000000000003,0.0,76.28166666666667,8.626666666666667,1.0,125.75166666666667,2019,11,7,190.0,0,India_2004.csv
2019-11-08,2004,233.0,124.0,30.0,14.0,7.0,1.0,1,1,0,0,0,0,5,5,3.174334009363167,-3.2654531399092472,7.1340814,7.779454,45.62855,-46.455395,4,2019-11-08,21.873333333333335,0.0,71.26333333333334,7.73,1.0,242.40833333333333,2019,11,8,233.0,0,India_2004.csv
2019-11-09,2004,201.0,125.0,25.0,8.0,7.0,4.4,2,2,1,1,0,0,1,1,1.0634148602201563,-1.5932573091410585,6.953827,6.9223576,44.37311,-41.090446,4,2019-11-09,21.333333333333332,0.0,61.345,11.186666666666667,1.0,317.1433333333334,2019,11,9,201.0,0,India_2004.csv
2019-11-10,2004,190.0,175.0,29.0,10.0,10.0,2.0,1,1,0,0,0,0,1,1,2.385922465588748,-1.8850835971875315,7.243925,7.2702355,49.327305,-32.5435,4,2019-11-10,20.75,0.0,62.82666666666666,9.103333333333333,1.0,314.69166666666666,2019,11,10,190.0,0,India_2004.csv
2019-11-11,2004,250.0,231.0,34.0,11.0,11.0,2.0,1,1,0,0,0,0,5,5,5.006818134103161,-1.4603161691053965,7.7231984,8.868883,65.09337,-29.311169,4,2019-11-11,19.8,0.0,60.73166666666666,8.706666666666667,1.0,325.98,2019,11,11,250.0,0,India_2004.csv
2019-11-12,2004,296.0,363.0,40.0,13.0,15.0,1.0,1,1,0,0,1,1,2,2,8.911842416164891,-0.7507104067257664,8.308531,10.343497,89.231606,-10.133548,4,2019-11-12,19.77,0.0,66.18166666666667,7.866666666666667,1.0,261.87333333333333,2019,11,12,363.0,0,India_2004.csv
2019-11-13,2004,417.0,442.0,45.0,15.0,15.0,1.0,1,1,0,0,1,1,2,2,13.226610617664612,-0.32663172520017303,8.323795,11.199752,99.5336,-3.7786553,4,2019-11-13,20.978333333333335,0.0,67.8,6.283333333333334,1.0,233.89666666666665,2019,11,13,442.0,0,India_2004.csv
2019-11-14,2004,433.0,459.0,64.0,20.0,4.0,1.0,1,1,0,0,1,1,2,2,16.12166704650355,-2.1765258280451527,8.935651,11.352465,94.75718,12.909695,4,2019-11-14,21.403333333333336,0.0,70.88166666666667,7.305,1.0,266.57666666666665,2019,11,14,459.0,0,India_2004.csv
2019-11-15,2004,430.0,348.0,37.0,15.0,7.0,1.0,1,1,0,0,1,1,2,2,11.22213488400346,-1.721247168132323,7.5576963,10.718236,92.42804,-23.575968,4,2019-11-15,21.003333333333334,0.0,71.81,8.385,1.0,325.1616666666667,2019,11,15,430.0,0,India_2004.csv
2019-11-16,2004,365.0,170.0,26.0,9.0,7.0,1.0,1,1,0,0,1,1,5,5,5.061238630220916,-1.8103637081929242,6.7990065,9.747862,86.242836,-39.0956,4,2019-11-16,22.07166666666667,0.0,63.44166666666666,15.936666666666667,1.0,309.0783333333333,2019,11,16,365.0,0,India_2004.csv
2019-11-17,2004,228.0,91.0,19.0,7.0,6.0,6.2,2,2,1,1,0,0,1,1,0.36224756646938255,-1.2727672820572926,6.8123345,7.634156,54.202484,-44.685238,4,2019-11-17,21.400000000000002,0.0,60.90833333333333,17.099999999999998,1.0,297.90833333333336,2019,11,17,228.0,0,India_2004.csv
2019-11-18,2004,156.0,98.0,21.0,10.0,8.0,1.0,2,2,1,1,0,0,1,1,-0.1526059182895645,-2.869450024492409,7.1456265,3.795438,13.81997,-48.20314,4,2019-11-18,19.59166666666667,0.0,67.15166666666666,11.853333333333333,1.0,283.16833333333335,2019,11,18,156.0,0,India_2004.csv
2019-11-19,2004,184.0,118.0,29.0,13.0,9.0,1.0,2,2,1,1,0,0,1,1,1.9166144923893942,-3.041265831687912,7.464522,6.148696,26.642593,-50.14251,4,2019-11-19,19.215,0.0,67.19333333333334,8.58,1.0,286.035,2019,11,19,184.0,0,India_2004.csv
2019-11-20,2004,185.0,158.0,41.0,17.0,9.0,1.0,1,1,0,0,0,0,10,10,4.307734667343764,-3.4514502062937003,8.90713,8.14995,62.209484,-2.9544594,4,2019-11-20,19.271666666666665,0.0,66.14,5.823333333333333,1.0,150.27,2019,11,20,185.0,0,India_2004.csv
2019-11-21,2004,206.0,217.0,58.0,23.0,5.0,2.0,1,1,0,0,1,1,10,10,8.12952563122572,-4.259080285730847,9.721539,9.700759,65.89144,-0.5473345,4,2019-11-21,19.815,0.0,67.63000000000001,5.853333333333333,1.0,95.26333333333332,2019,11,21,217.0,0,India_2004.csv
2019-11-22,2004,281.0,145.0,44.0,10.0,12.0,2.0,1,1,0,0,0,0,5,5,4.74464589595128,-1.421146329677526,7.9851513,8.764794,62.34863,-26.616919,4,2019-11-22,20.651666666666667,0.0,65.31666666666666,7.234999999999999,1.0,273.92333333333335,2019,11,22,281.0,0,India_2004.csv
2019-11-23,2004,221.0,113.0,33.0,5.0,5.0,1.0,2,2,1,1,0,0,1,1,1.1709208996345595,-1.9734387792125985,7.5684476,7.534658,52.49172,-32.077293,4,2019-11-23,20.581666666666667,0.0,63.04,11.523333333333333,1.0,303.94,2019,11,23,221.0,0,India_2004.csv
2019-11-24,2004,188.0,93.0,27.0,8.0,7.0,1.0,2,2,1,1,0,0,1,1,0.40140872887461354,-2.51508614375915,7.1203084,4.109343,19.512314,-44.26369,4,2019-11-24,20.463333333333335,0.0,67.54,10.386666666666667,1.0,314.2683333333334,2019,11,24,188.0,0,India_2004.csv
2019-11-25,2004,169.0,114.0,32.0,12.0,6.0,1.0,2,2,1,1,0,0,1,1,1.5659098203637865,-3.2454264867689124,7.366955,5.9489875,26.263878,-50.09479,4,2019-11-25,20.153333333333332,0.0,66.96666666666667,6.336666666666666,1.0,132.62,2019,11,25,169.0,0,India_2004.csv
2019-11-26,2004,175.0,161.0,37.0,9.0,3.0,2.0,1,1,0,0,0,0,1,1,2.2048712996198256,-2.553015641604416,7.92111,7.2069387,49.698578,-29.600115,4,2019-11-26,19.75,0.0,69.68666666666667,9.581666666666665,1.0,116.48833333333334,2019,11,26,175.0,0,India_2004.csv
2019-11-27,2004,176.0,82.0,28.0,9.0,3.0,1.0,2,2,1,1,0,0,1,1,0.2285345104559258,-3.2263550755236463,7.077985,4.2545457,19.803001,-44.939228,4,2019-11-27,20.011666666666667,0.0,71.00833333333334,7.465,1.0,135.90333333333334,2019,11,27,176.0,0,India_2004.csv
2019-11-28,2004,127.0,41.0,21.0,7.0,2.0,5.0,2,2,1,1,3,3,0,0,-2.237762121388526,-2.510838352834214,8.181496,1.8069127,-8.88024,-72.499794,4,2019-11-28,17.735,0.0,85.01666666666667,11.836666666666666,1.0,101.63166666666666,2019,11,28,127.0,0,India_2004.csv
2019-11-29,2004,86.0,58.0,22.0,9.0,5.0,2.0,2,2,1,1,3,3,0,0,-2.248213238768987,-3.2058660900277087,8.108202,0.18645918,-19.122509,-69.55283,4,2019-11-29,17.618333333333336,0.0,83.05,6.771666666666667,1.0,231.74333333333334,2019,11,29,86.0,0,India_2004.csv
2019-11-30,2004,118.0,80.0,21.0,10.0,5.0,4.2,2,2,1,1,3,3,1,1,-1.1392626725018498,-2.7084010992633885,7.4047556,4.050561,24.238438,-42.850536,4,2019-11-30,16.461666666666666,0.0,78.53500000000001,9.26,1.0,296.87666666666667,2019,11,30,118.0,0,India_2004.csv
2019-12-01,2004,171.0,86.0,20.0,9.0,9.0,5.2,2,2,1,1,0,0,1,1,-0.2753240845958236,-1.68401610222433,7.865557,3.1353652,8.924335,-13.113609,4,2019-12-01,15.36,0.0,75.31,8.913333333333334,1.0,288.95666666666665,2019,12,1,171.0,0,India_2004.csv
2019-12-02,2004,184.0,111.0,24.0,36.0,7.0,6.0,1,1,0,0,0,0,9,9,6.085749204036026,-6.296706109338035,10.180146,11.158921,33.783195,-72.84695,4,2019-12-02,15.195,0.0,70.355,10.258333333333333,1.0,288.52333333333337,2019,12,2,184.0,0,India_2004.csv
2019-12-03,2004,194.0,124.0,39.0,7.0,8.0,3.6,2,2,1,1,0,0,1,1,1.7841036073496337,-1.3922407387487383,8.203437,6.778581,46.40993,-29.71846,4,2019-12-03,14.753333333333332,0.0,71.48166666666667,10.26,1.0,283.4083333333333,2019,12,3,194.0,0,India_2004.csv
2019-12-04,2004,189.0,162.0,41.0,13.0,6.0,1.0,1,1,0,0,0,0,10,10,3.6088482029341598,-3.0574151827208467,8.757954,8.134186,63.35458,-3.8925815,4,2019-12-04,15.341666666666667,0.0,73.17333333333333,5.471666666666667,1.0,188.06000000000003,2019,12,4,189.0,0,India_2004.csv
2019-12-05,2004,208.0,226.0,63.0,17.0,6.0,1.0,1,1,0,0,1,1,10,10,7.488259115721795,-3.2186166519876314,9.904951,9.6104965,80.25808,22.36619,4,2019-12-05,14.881666666666666,0.0,78.92666666666666,6.195,1.0,200.44666666666663,2019,12,5,226.0,0,India_2004.csv
2019-12-06,2004,321.0,178.0,36.0,9.0,6.0,1.0,1,1,0,0,0,0,5,5,5.12872116133558,-1.9327846933488535,7.1772623,8.987652,64.077644,-32.363792,4,2019-12-06,15.705,0.0,82.86,6.185,1.0,314.1716666666667,2019,12,6,321.0,0,India_2004.csv
2019-12-07,2004,275.0,158.0,33.0,10.0,11.0,4.2,1,1,0,0,0,0,5,5,4.02854702288463,-1.0950389863586307,7.325308,8.546215,59.76805,-32.610092,4,2019-12-07,16.098333333333333,0.0,80.44333333333334,5.281666666666666,1.0,206.64499999999998,2019,12,7,275.0,0,India_2004.csv
2019-12-08,2004,274.0,141.0,41.0,28.0,2.0,1.0,1,1,0,0,1,1,10,10,7.799559159652952,-6.008484136787094,9.438271,10.107151,71.87179,-2.1911187,4,2019-12-08,15.46,0.0,78.37166666666667,6.465,1.0,274.09666666666664,2019,12,8,274.0,0,India_2004.csv
2019-12-09,2004,198.0,181.0,40.0,19.0,7.0,1.0,1,1,0,0,0,0,10,10,5.226338992682706,-3.8888226338799545,8.8745165,8.22986,62.392815,-3.1629817,4,2019-12-09,15.090000000000002,0.0,75.795,5.653333333333333,1.0,306.6483333333333,2019,12,9,198.0,0,India_2004.csv
2019-12-10,2004,238.0,203.0,37.0,15.0,9.0,1.0,1,1,0,0,0,0,5,5,5.319066934332218,-2.758056895106039,7.8894877,8.344865,64.19606,-24.93558,4,2019-12-10,15.356666666666667,0.0,69.72166666666668,6.036666666666666,1.0,243.2833333333333,2019,12,10,238.0,0,India_2004.csv
2019-12-11,2004,270.0,234.0,43.0,17.0,2.0,2.0,1,1,0,0,1,1,5,5,7.208811629490964,-3.395253877875567,8.490632,9.76605,76.00606,-7.9431553,4,2019-12-11,15.763333333333334,0.0,73.99166666666667,6.0249999999999995,1.0,85.73,2019,12,11,270.0,0,India_2004.csv
2019-12-12,2004,290.0,282.0,35.0,11.0,6.0,1.0,1,1,0,0,1,1,5,5,6.584309268273987,-1.8746788032500206,7.7641215,9.710168,64.29503,-28.77444,4,2019-12-12,15.628333333333332,0.0,81.93166666666667,14.301666666666668,1.0,118.82833333333333,2019,12,12,290.0,0,India_2004.csv
2019-12-13,2004,315.0,82.0,21.0,11.0,4.0,1.0,1,1,0,0,0,0,5,5,2.6792813800055106,-3.117803134370231,6.6767664,9.129902,74.0216,-44.559254,4,2019-12-13,14.410000000000002,0.0,87.90833333333335,9.988333333333333,1.0,154.51333333333335,2019,12,13,315.0,0,India_2004.csv
2019-12-14,2004,163.0,77.0,21.0,9.0,4.0,1.0,2,2,1,1,0,0,1,1,-0.615448277094393,-3.2304888409326336,7.0975904,4.014282,18.332382,-45.838108,4,2019-12-14,12.998333333333335,0.0,84.22166666666666,5.57,1.0,207.035,2019,12,14,163.0,0,India_2004.csv
2019-12-15,2004,154.0,90.0,17.0,10.0,6.0,1.0,2,2,1,1,3,3,1,1,-0.6493257171822069,-3.1735501617196515,7.0309677,3.6128244,12.442011,-48.49134,4,2019-12-15,13.18,0.0,81.55,9.075000000000001,1.0,308.96999999999997,2019,12,15,154.0,0,India_2004.csv
2019-12-16,2004,168.0,80.0,10.0,9.0,4.0,4.2,2,2,1,1,3,3,0,0,-1.2653927957788944,-2.5888848675868292,7.0427165,1.7568681,-0.8219102,-47.296288,4,2019-12-16,12.121666666666668,0.0,81.77,10.1,1.0,297.38000000000005,2019,12,16,168.0,0,India_2004.csv
2019-12-17,2004,164.0,85.0,8.0,11.0,4.0,1.0,2,2,1,1,3,3,0,0,-1.0553423039811274,-3.64406450973457,7.1609917,2.3056972,6.7157526,-52.497253,4,2019-12-17,11.656666666666666,0.0,81.99,10.693333333333333,1.0,291.65833333333336,2019,12,17,164.0,0,India_2004.csv
2019-12-18,2004,168.0,123.0,19.0,5.0,9.0,1.0,2,2,1,1,0,0,1,1,-0.6649891024500781,-1.734864482255002,7.4178567,3.2946348,0.83863103,-18.839981,4,2019-12-18,12.081666666666665,0.0,78.225,7.288333333333334,1.0,251.61833333333334,2019,12,18,168.0,0,India_2004.csv
2019-12-19,2004,202.0,248.0,25.0,13.0,4.0,1.0,1,1,0,0,0,0,5,5,4.014992077937127,-2.9546231588116028,7.6366253,9.193243,70.80664,-25.23852,4,2019-12-19,11.411666666666667,0.0,84.69666666666667,4.868333333333333,1.0,164.29833333333332,2019,12,19,248.0,0,India_2004.csv
2019-12-20,2004,308.0,320.0,29.0,17.0,3.0,2.0,1,1,0,0,1,1,5,5,8.265495715952481,-2.8630476410640444,7.703152,10.498893,86.39273,-21.213934,4,2019-12-20,13.143333333333333,0.0,80.04833333333333,5.028333333333333,1.0,265.89000000000004,2019,12,20,320.0,0,India_2004.csv
2019-12-21,2004,364.0,230.0,23.0,6.0,3.0,1.0,1,1,0,0,1,1,5,5,5.147452219008555,-1.470932966440379,6.902358,9.760745,86.76012,-31.167437,4,2019-12-21,12.700000000000001,0.0,85.37333333333333,7.413333333333333,1.0,268.7916666666667,2019,12,21,364.0,0,India_2004.csv
2019-12-22,2004,300.0,119.0,19.0,11.0,3.0,1.0,1,1,0,0,0,0,5,5,2.843677605311397,-3.1101913447846483,6.641806,8.992602,73.386795,-44.741535,4,2019-12-22,12.37,0.0,85.53500000000001,10.828333333333333,1.0,299.12,2019,12,22,300.0,0,India_2004.csv
2019-12-23,2004,200.0,131.0,17.0,13.0,3.0,1.0,2,2,1,1,0,0,1,1,1.4395510923853896,-3.7091641686434134,6.9651594,6.4870367,37.294533,-53.618053,4,2019-12-23,11.246666666666668,0.0,84.22833333333334,8.336666666666666,1.0,233.07000000000002,2019,12,23,200.0,0,India_2004.csv
2019-12-24,2004,218.0,271.0,26.0,19.0,3.0,1.0,1,1,0,0,1,1,5,5,5.956124543908839,-3.957674361470046,8.060634,9.834884,79.64066,-14.753971,4,2019-12-24,9.318333333333333,0.0,91.455,5.861666666666667,1.0,210.68500000000003,2019,12,24,271.0,0,India_2004.csv
2019-12-25,2004,308.0,146.0,17.0,6.0,2.0,1.0,1,1,0,0,0,0,5,5,2.266276689719922,-2.204806962303092,6.6206827,8.984296,72.78326,-44.51387,4,2019-12-25,8.505,0.0,88.75,10.153333333333334,1.0,306.4866666666667,2019,12,25,308.0,0,India_2004.csv
2019-12-26,2004,208.0,173.0,18.0,14.0,4.0,1.0,1,1,0,0,0,0,5,5,2.564404160445213,-3.5352380072054372,6.933135,7.47749,43.17203,-51.57738,4,2019-12-26,8.341666666666667,0.0,85.68666666666667,10.466666666666667,1.0,306.4166666666667,2019,12,26,208.0,0,India_2004.csv
2019-12-27,2004,240.0,249.0,22.0,16.0,4.0,1.0,1,1,0,0,1,1,5,5,5.107622646440075,-3.3915601418081187,7.4360766,9.435493,72.01368,-27.164783,4,2019-12-27,6.986666666666667,0.0,90.08,6.948333333333333,1.0,308.38,2019,12,27,249.0,0,India_2004.csv
2019-12-28,2004,281.0,283.0,19.0,19.0,2.0,1.0,1,1,0,0,1,1,5,5,6.772586578471131,-3.8860429462728634,7.7618814,10.137059,81.314705,-19.257065,4,2019-12-28,7.1866666666666665,0.0,90.565,5.131666666666667,1.0,193.92499999999998,2019,12,28,283.0,0,India_2004.csv
2019-12-29,2004,309.0,388.0,28.0,18.0,4.0,1.0,1,1,0,0,1,1,2,2,9.519776154900889,-2.81713948262248,7.9358916,11.099012,95.99804,-6.6651816,4,2019-12-29,7.3566666666666665,0.0,87.79833333333333,5.093333333333333,1.0,265.7083333333333,2019,12,29,388.0,0,India_2004.csv
2019-12-30,2004,368.0,385.4,37.0,19.8,31.8,10.4,1,1,0,0,1,1,2,2,12.083902602835137,2.313052640496873,8.387768,10.9022665,101.716484,-11.459764,4,2019-12-30,6.658333333333334,0.0,90.18833333333333,6.833333333333333,1.0,142.73,2019,12,30,385.4,0,India_2004.csv
2019-12-31,2004,149.5822841180519,114.82240580294176,18.75631236617784,9.462042997692214,23.415262436507295,5.553042899900233,2,2,1,1,0,0,1,1,-0.024653403260480163,0.019591619741040827,-6.217671,3.1399364,4.8190203,-27.552046,4,2019-12-31,8.086666666666668,0.0,79.105,5.81,1.0,116.91000000000001,2019,12,31,149.5822841180519,0,India_2004.csv
2020-01-01,2004,170.2,414.0,22.0,12.0,9.0,1.0,1,1,0,0,1,1,2,2,5.776566451264691,-1.5155578484431733,8.383235,10.594002,91.10124,5.320998,4,2020-01-01,10.621666666666668,0.0,79.46,8.441666666666666,1.0,70.25666666666666,2020,1,1,414.0,0,India_2004.csv
2020-01-02,2004,426.0,226.0,43.0,25.0,4.0,3.0,1,1,0,0,1,1,5,5,11.607031678993744,-3.944288907830831,7.8946404,10.539059,95.882904,-21.25592,4,2020-01-02,13.306666666666667,0.0,79.27833333333334,8.82,1.0,78.38666666666667,2020,1,2,426.0,0,India_2004.csv
2020-01-03,2004,260.0,178.0,26.0,15.0,3.0,1.0,1,1,0,0,0,0,5,5,4.406641382910337,-3.586174173437517,7.4148655,8.602983,65.44351,-24.993153,4,2020-01-03,13.854999999999999,0.0,80.88833333333334,6.02,1.0,150.13,2020,1,3,260.0,0,India_2004.csv
2020-01-04,2004,236.0,179.0,25.0,11.0,5.0,2.0,1,1,0,0,0,0,5,5,3.138609234278893,-2.5086239956132603,7.0128636,8.055879,48.039284,-46.368416,4,2020-01-04,13.265,0.0,81.91666666666667,5.198333333333333,1.0,216.54,2020,1,4,236.0,0,India_2004.csv
2020-01-05,2004,264.0,143.0,23.4,9.0,1.0,1.0,1,1,0,0,0,0,5,5,2.4811982343799728,-2.937608657717656,6.682053,8.199675,48.616287,-44.295815,4,2020-01-05,13.713333333333333,0.0,74.92999999999999,8.113333333333333,1.0,286.43,2020,1,5,264.0,0,India_2004.csv
2020-01-06,2004,223.0,134.0,29.0,13.0,2.0,3.0,1,1,0,0,0,0,5,5,2.8460630116031025,-3.2084540627474913,7.036309,7.5605626,45.128704,-45.980675,4,2020-01-06,13.448333333333332,0.0,78.87666666666667,6.98,1.0,145.68333333333334,2020,1,6,223.0,0,India_2004.csv
2020-01-07,2004,200.0,132.0,28.0,16.0,1.0,2.0,1,1,0,0,0,0,1,1,2.8871687331638216,-4.153263495378328,7.1132593,6.1396704,28.163183,-51.935608,4,2020-01-07,13.911666666666667,0.0,86.27666666666666,9.795,1.0,118.82666666666667,2020,1,7,200.0,0,India_2004.csv
2020-01-08,2004,200.0,98.0,19.0,14.0,1.0,1.0,2,2,1,1,0,0,1,1,1.2282204515376047,-4.257759756464289,6.9895244,6.4130197,36.636757,-54.14859,4,2020-01-08,12.083333333333334,0.0,91.35666666666667,9.738333333333333,1.0,211.26333333333332,2020,1,8,200.0,0,India_2004.csv
2020-01-09,2004,183.0,85.0,16.0,9.0,4.0,1.0,2,2,1,1,0,0,1,1,-0.4955349820817602,-3.173317931788029,7.100609,3.3079946,16.023386,-41.15162,4,2020-01-09,9.968333333333334,0.0,78.67166666666667,11.533333333333333,1.0,313.0683333333333,2020,1,9,183.0,0,India_2004.csv
2020-01-10,2004,167.0,113.0,21.0,14.0,6.0,1.0,2,2,1,1,0,0,1,1,1.0755108826503266,-3.6957109302621287,7.1040177,5.8667274,29.188286,-51.05584,4,2020-01-10,9.965,0.0,78.875,11.738333333333335,1.0,307.02333333333337,2020,1,10,167.0,0,India_2004.csv
2020-01-11,2004,186.0,132.0,23.0,13.0,9.0,1.0,2,2,1,1,0,0,1,1,1.7256741522329777,-3.0148969144581517,7.0664296,6.513072,39.13678,-50.31068,4,2020-01-11,10.608333333333333,0.0,79.11166666666666,8.453333333333333,1.0,305.91,2020,1,11,186.0,0,India_2004.csv
2020-01-12,2004,198.0,148.0,17.0,13.0,44.0,1.0,0,0,2,2,0,0,7,7,2.1689286642281322,1.029383322289397,11.40187,6.5258236,31.69513,46.08547,4,2020-01-12,12.223333333333334,0.0,78.36333333333333,8.135,1.0,214.915,2020,1,12,198.0,0,India_2004.csv
2020-01-13,2004,226.0,161.0,30.0,14.0,1.0,2.0,1,1,0,0,0,0,5,5,3.5942642896329122,-3.5684173307292566,7.256322,7.903183,45.04267,-46.335377,4,2020-01-13,15.253333333333332,0.0,84.54333333333334,10.426666666666668,1.0,201.755,2020,1,13,226.0,0,India_2004.csv
2020-01-14,2004,238.0,101.0,26.0,11.0,3.0,1.0,2,2,0,0,0,0,1,1,1.9355145224281989,-3.3219165434610036,6.7884536,7.6910377,46.387676,-45.690044,4,2020-01-14,13.034999999999998,0.0,87.235,8.151666666666666,1.0,318.4583333333333,2020,1,14,238.0,0,India_2004.csv
2020-01-15,2004,182.0,106.0,23.0,9.0,5.0,1.0,2,2,1,1,0,0,1,1,0.37542473253999675,-2.9042215290698,7.0846653,3.8490243,18.16266,-43.88585,4,2020-01-15,12.821666666666665,0.0,83.29833333333333,8.368333333333334,1.0,306.7283333333333,2020,1,15,182.0,0,India_2004.csv
2020-01-16,2004,172.0,123.0,23.0,12.0,1.0,2.0,2,2,1,1,0,0,1,1,1.0380326086548812,-3.614149500110176,7.08581,5.5055666,28.525978,-50.0916,4,2020-01-16,12.311666666666667,0.0,90.68833333333333,7.5616666666666665,1.0,187.90333333333334,2020,1,16,172.0,0,India_2004.csv
2020-01-17,2004,195.0,89.0,17.0,12.0,2.0,1.0,2,2,1,1,0,0,1,1,0.4464035756544834,-3.8664357533259843,6.989559,6.4118705,36.63459,-54.12687,4,2020-01-17,12.923333333333332,0.0,89.38666666666667,7.173333333333333,1.0,212.19333333333336,2020,1,17,195.0,0,India_2004.csv
2020-01-18,2004,164.0,116.0,21.0,12.0,3.0,1.0,2,2,1,1,0,0,1,1,0.6321200403722131,-3.6788288237943823,7.0794196,5.5112553,28.578117,-50.269806,4,2020-01-18,12.25,0.0,88.555,6.698333333333333,1.0,263.81166666666667,2020,1,18,164.0,0,India_2004.csv
2020-01-19,2004,182.0,110.0,16.0,9.0,6.0,1.0,2,2,1,1,0,0,1,1,-0.08065645880960484,-2.8267520124705565,6.9817934,3.297259,16.159883,-41.434666,4,2020-01-19,11.676666666666668,0.0,82.47500000000001,10.261666666666667,1.0,296.6933333333333,2020,1,19,182.0,0,India_2004.csv
2020-01-20,2004,181.0,121.0,23.0,10.0,12.0,2.0,2,2,1,1,0,0,1,1,0.9012694532444291,-1.9952538328574818,7.7541604,5.824083,6.584298,-17.008379,4,2020-01-20,12.498333333333335,0.0,85.67333333333333,6.621666666666667,1.0,229.67,2020,1,20,181.0,0,India_2004.csv
2020-01-21,2004,187.0,157.0,34.0,15.0,9.0,1.0,1,1,0,0,0,0,1,1,3.3934780669794713,-3.154300249742377,8.5127945,7.7885222,59.412945,-4.2207794,4,2020-01-21,12.475000000000001,0.0,86.22333333333334,5.401666666666666,1.0,118.56166666666667,2020,1,21,187.0,0,India_2004.csv
2020-01-22,2004,219.0,221.0,26.0,15.0,2.0,5.4,1,1,0,0,0,0,5,5,4.4052115220586705,-2.64602365786136,7.6664524,8.621996,68.02477,-25.69617,4,2020-01-22,12.486666666666666,0.0,80.67833333333333,12.063333333333333,1.0,302.7083333333333,2020,1,22,221.0,0,India_2004.csv
2020-01-23,2004,259.0,80.0,12.0,10.0,11.0,1.0,2,2,1,1,0,0,5,5,0.8073853073697681,-2.389622934041233,6.901273,7.784553,56.57658,-48.995033,4,2020-01-23,12.221666666666666,0.0,65.005,18.14,1.0,296.78,2020,1,23,259.0,0,India_2004.csv
2020-01-24,2004,132.0,90.0,19.0,10.0,77.0,15.8,0,0,2,2,2,2,4,4,0.15746551912477671,8.088604746968393,14.03051,6.419122,26.444315,86.10211,4,2020-01-24,12.293333333333331,0.0,65.60000000000001,15.236666666666666,1.0,287.55333333333334,2020,1,24,132.0,0,India_2004.csv
2020-01-25,2004,150.0,123.0,22.0,11.0,13.0,1.0,2,2,1,1,0,0,1,1,0.4823802367044982,-2.364326086884437,7.121878,3.795465,11.311809,-45.23221,4,2020-01-25,12.188333333333333,0.0,79.16,6.7250000000000005,1.0,255.11333333333332,2020,1,25,150.0,0,India_2004.csv
2020-01-26,2004,186.0,181.0,16.0,15.0,13.0,6.4,1,1,0,0,0,0,5,5,2.5228586922784246,-1.5472092039222953,7.4613357,7.800945,60.08485,-44.552044,4,2020-01-26,13.318333333333333,0.0,81.11833333333334,6.3183333333333325,1.0,276.90166666666664,2020,1,26,186.0,0,India_2004.csv
2020-01-27,2004,247.0,167.0,38.0,9.0,2.0,3.0,1,1,0,0,0,0,5,5,3.71385649985113,-2.2021192995048793,7.6250987,7.9697084,53.435844,-31.285336,4,2020-01-27,14.023333333333333,0.0,77.35833333333333,9.461666666666666,1.0,72.45,2020,1,27,247.0,0,India_2004.csv
2020-01-28,2004,238.0,92.0,24.0,10.0,3.0,3.0,2,2,1,1,0,0,1,1,1.46420828252881,-2.7682446637452096,6.735335,7.681246,46.98686,-45.085636,4,2020-01-28,14.065,0.0,87.13833333333334,11.6,1.0,110.66000000000001,2020,1,28,238.0,0,India_2004.csv
2020-01-29,2004,170.0,77.0,17.0,6.0,6.0,3.0,2,2,1,1,3,3,1,1,-1.3398196202039683,-2.049146254185062,7.6321144,2.7828753,11.550232,-23.203558,4,2020-01-29,12.846666666666666,0.0,81.96333333333332,7.621666666666667,1.0,250.54333333333332,2020,1,29,170.0,0,India_2004.csv
2020-01-30,2004,147.0,89.0,21.0,8.0,7.0,3.0,2,2,1,1,0,0,1,1,-0.8505239814699106,-2.2636102292263254,7.4729266,3.6543734,19.983635,-41.273808,4,2020-01-30,12.428333333333335,0.0,77.47666666666667,11.611666666666666,1.0,311.6933333333333,2020,1,30,147.0,0,India_2004.csv
2020-01-31,2004,153.0,84.0,20.0,10.0,6.0,3.0,2,2,1,1,0,0,1,1,-0.508222001969549,-2.7442978159353473,7.2440476,3.8690865,17.099403,-47.627197,4,2020-01-31,12.06,0.0,75.45666666666666,8.75,1.0,206.21,2020,1,31,153.0,0,India_2004.csv
2020-02-01,2004,158.0,102.0,18.0,7.0,10.0,2.0,2,2,1,1,3,3,1,1,-0.8423363575732958,-1.8938688200814695,7.6186347,3.0565968,-0.031023715,-16.841875,4,2020-02-01,11.888333333333334,0.0,76.665,7.8999999999999995,1.0,286.3,2020,2,1,158.0,0,India_2004.csv
2020-02-02,2004,170.0,106.0,18.0,8.0,11.0,3.0,2,2,1,1,0,0,1,1,-0.32764553137304453,-1.6831077794126803,7.4859405,2.981373,-1.5926617,-36.21105,4,2020-02-02,11.65,0.0,78.14333333333333,10.27,1.0,295.8333333333333,2020,2,2,170.0,0,India_2004.csv
2020-02-03,2004,175.0,121.0,21.0,9.0,14.0,3.0,2,2,1,1,0,0,1,1,0.4756049453572498,-1.4064068681531736,7.816011,5.7216473,6.2652836,-17.08494,4,2020-02-03,12.453333333333333,0.0,73.52499999999999,7.248333333333334,1.0,221.62333333333333,2020,2,3,175.0,0,India_2004.csv
2020-02-04,2004,183.0,160.0,32.0,16.0,12.0,2.0,1,1,0,0,0,0,1,1,3.46720845725654,-2.7833139740758286,8.471702,7.680463,59.309666,-4.341939,4,2020-02-04,13.178333333333335,0.0,76.26333333333334,7.973333333333333,1.0,117.91833333333334,2020,2,4,183.0,0,India_2004.csv
2020-02-05,2004,218.0,129.0,27.0,10.0,11.0,3.0,2,2,0,0,0,0,1,1,2.0242933053609766,-1.7120731370931264,7.314332,7.0256324,43.28096,-43.923874,4,2020-02-05,12.531666666666666,0.0,75.24833333333333,10.695,1.0,314.6583333333333,2020,2,5,218.0,0,India_2004.csv
2020-02-06,2004,185.0,105.0,22.0,11.0,15.0,3.0,2,2,1,1,0,0,1,1,0.8879089705020946,-1.6859124039754707,7.827703,6.0013666,7.3842287,-16.173864,4,2020-02-06,12.083333333333334,0.0,73.86666666666666,7.544999999999999,1.0,205.34666666666666,2020,2,6,185.0,0,India_2004.csv
2020-02-07,2004,168.0,134.0,23.0,8.0,13.0,3.0,2,2,1,1,0,0,1,1,0.4989661624312746,-1.2849640115310275,7.8128138,5.7328534,5.200331,-17.27317,4,2020-02-07,12.245,0.0,74.80666666666666,6.798333333333333,1.0,295.45166666666665,2020,2,7,168.0,0,India_2004.csv
2020-02-08,2004,185.0,123.0,21.0,9.0,14.0,3.0,2,2,1,1,0,0,1,1,0.6933355909707873,-1.3676756161571209,7.838465,5.784174,6.3846173,-17.103514,4,2020-02-08,12.475,0.0,77.40166666666667,8.731666666666667,1.0,304.0316666666667,2020,2,8,185.0,0,India_2004.csv
2020-02-09,2004,181.0,126.0,22.0,9.0,15.0,3.0,2,2,1,1,0,0,1,1,0.7566141570272527,-1.2429560893234783,7.8210187,5.745945,6.3180094,-17.118696,4,2020-02-09,12.846666666666666,0.0,77.16833333333334,7.583333333333333,1.0,317.09,2020,2,9,181.0,0,India_2004.csv
2020-02-10,2004,189.0,142.0,21.0,10.0,17.0,3.0,2,2,1,1,0,0,1,1,1.3149738406902012,-1.0982329569583766,7.9478803,5.7720013,6.5844254,-17.69847,4,2020-02-10,13.261666666666665,0.0,74.52499999999999,8.338333333333333,1.0,304.81666666666666,2020,2,10,189.0,0,India_2004.csv
2020-02-11,2004,199.0,157.0,23.0,10.0,11.0,2.0,2,2,1,1,0,0,1,1,1.812097553042916,-1.8810119867392754,7.0032,7.0483227,42.595844,-48.5951,4,2020-02-11,13.649999999999999,0.0,73.39833333333333,7.825,1.0,303.57,2020,2,11,199.0,0,India_2004.csv
2020-02-12,2004,204.0,160.0,25.0,6.0,4.0,4.0,2,2,1,1,0,0,1,1,1.2494112075582255,-1.4902438182803557,6.93645,7.1876817,45.32876,-39.409027,4,2020-02-12,16.78333333333333,0.0,65.83333333333333,14.9,1.0,290.18333333333334,2020,2,12,204.0,0,India_2004.csv
2020-02-13,2004,183.0,106.0,23.0,7.0,3.0,5.0,2,2,1,1,0,0,1,1,0.02727048913573399,-1.9016052310926825,7.6116924,3.1719031,18.309439,-34.9078,4,2020-02-13,19.42833333333333,0.0,57.42166666666666,18.865,1.0,293.55833333333334,2020,2,13,183.0,0,India_2004.csv
2020-02-14,2004,152.0,122.0,22.0,9.0,8.0,6.0,2,2,1,1,0,0,1,1,0.11526764909811775,-1.4859924003790612,7.8224764,4.2129173,5.1055,-14.667455,4,2020-02-14,17.836666666666666,0.0,50.800000000000004,20.361666666666668,1.0,298.15500000000003,2020,2,14,152.0,0,India_2004.csv
2020-02-15,2004,142.0,106.0,34.0,11.0,1.0,5.0,2,2,1,1,0,0,1,1,0.8862022377511662,-2.8641173449216932,7.730887,5.7283845,32.130276,-35.241142,4,2020-02-15,17.266666666666666,0.0,51.58833333333333,15.283333333333333,1.0,294.2133333333333,2020,2,15,142.0,0,India_2004.csv
2020-02-16,2004,165.0,119.0,31.0,10.0,5.0,5.0,2,2,1,1,0,0,1,1,1.1428715940176484,-2.1271505047848125,7.865964,5.8614783,33.222057,-35.742107,4,2020-02-16,16.861666666666668,0.0,65.14666666666666,8.836666666666666,1.0,305.075,2020,2,16,165.0,0,India_2004.csv
2020-02-17,2004,176.0,166.0,35.0,11.0,10.0,4.0,1,1,0,0,0,0,1,1,2.666748153282172,-1.6602375532038112,8.168552,7.0981107,49.34668,-28.23805,4,2020-02-17,17.145,0.0,52.208333333333336,11.793333333333335,1.0,290.2033333333333,2020,2,17,176.0,0,India_2004.csv
2020-02-18,2004,206.0,135.0,38.0,10.0,19.0,6.0,1,1,0,0,0,0,10,10,2.878078640849868,-0.06406037113275821,8.687459,6.986202,45.81822,-20.205608,4,2020-02-18,17.224999999999998,0.0,51.333333333333336,12.01,1.0,254.90166666666664,2020,2,18,206.0,0,India_2004.csv
2020-02-19,2004,184.0,139.0,44.0,8.0,10.0,6.0,1,1,0,0,0,0,10,10,2.4855409691526846,-0.7316839005402154,8.652267,6.9696712,43.546772,-21.301647,4,2020-02-19,18.7,0.0,57.495000000000005,16.466666666666665,1.0,119.67333333333333,2020,2,19,184.0,0,India_2004.csv
2020-02-20,2004,186.0,131.0,37.0,10.0,12.0,5.0,1,1,0,0,0,0,1,1,2.268483264807612,-1.164100269393394,8.461684,6.672221,43.012688,-21.339874,4,2020-02-20,20.08666666666667,0.0,65.57333333333334,19.349999999999998,1.0,113.39999999999999,2020,2,20,186.0,0,India_2004.csv
2020-02-21,2004,177.0,65.0,25.0,8.0,19.0,5.0,2,2,1,1,0,0,1,1,-0.2119219677480207,-0.46021014964101065,8.878159,4.666292,23.362104,-15.403072,4,2020-02-21,15.94,0.0,85.06333333333333,15.915,1.0,57.53,2020,2,21,177.0,0,India_2004.csv
2020-02-22,2004,119.0,104.0,25.0,16.0,2.0,5.0,2,2,1,1,0,0,1,1,0.757356547086109,-3.77848175254127,7.768701,4.77673,22.144033,-62.34686,4,2020-02-22,17.735,0.0,81.18833333333333,8.135,1.0,156.59,2020,2,22,119.0,0,India_2004.csv
2020-02-23,2004,152.0,99.0,22.0,9.0,2.0,4.0,2,2,1,1,0,0,1,1,-0.3621875456730942,-2.7180054244091547,7.450596,4.174019,24.555546,-40.831627,4,2020-02-23,17.381666666666668,0.0,83.605,7.016666666666667,1.0,175.36333333333334,2020,2,23,152.0,0,India_2004.csv
2020-02-24,2004,155.0,89.0,23.0,10.0,3.0,5.0,2,2,1,1,0,0,1,1,-0.1671119277025851,-2.5937129702353796,7.429737,4.308191,24.21455,-41.19004,4,2020-02-24,17.708333333333332,0.0,78.63333333333334,8.553333333333333,1.0,318.185,2020,2,24,155.0,0,India_2004.csv
2020-02-25,2004,139.0,123.0,24.0,12.0,3.0,5.0,2,2,1,1,0,0,1,1,0.5715395293927706,-2.8180562081898244,7.4475884,4.5600114,26.663765,-42.379086,4,2020-02-25,18.078333333333333,0.0,75.69333333333333,8.415,1.0,285.90833333333336,2020,2,25,139.0,0,India_2004.csv
2020-02-26,2004,165.0,128.0,26.0,9.0,11.0,5.0,2,2,1,1,0,0,1,1,0.779955901334539,-1.2648835793153657,8.092459,5.556651,24.283064,-12.31611,4,2020-02-26,18.065,0.0,77.76333333333334,7.335,1.0,170.04333333333332,2020,2,26,165.0,0,India_2004.csv
2020-02-27,2004,182.0,109.0,30.0,11.0,7.0,4.0,2,2,1,1,0,0,1,1,1.4271139133912285,-2.302099791607037,7.8204637,6.1965923,33.254707,-37.254864,4,2020-02-27,19.408333333333335,0.0,77.58,8.708333333333334,1.0,103.95166666666667,2020,2,27,182.0,0,India_2004.csv
2020-02-28,2004,171.0,97.0,26.0,8.0,8.0,5.0,2,2,1,1,0,0,1,1,0.14668535508226166,-1.5639602081123447,7.674373,4.596961,23.599842,-39.311596,4,2020-02-28,20.221666666666668,0.0,74.0,15.178333333333333,1.0,115.79833333333333,2020,2,28,171.0,0,India_2004.csv
2020-02-29,2004,161.0,73.0,25.0,8.0,6.0,4.0,2,2,1,1,0,0,1,1,-0.5461124036462638,-2.1642458778049343,7.5340056,3.9920936,21.633871,-40.69822,4,2020-02-29,18.423333333333336,0.0,84.83999999999999,13.616666666666667,1.0,123.98666666666668,2020,2,29,161.0,0,India_2004.csv
2020-03-01,2004,140.0,61.0,25.0,12.0,9.0,5.0,2,2,1,1,0,0,1,1,-0.2781052014475552,-2.427809947963425,7.6407566,4.533602,24.391592,-44.3943,4,2020-03-01,19.091666666666665,0.0,80.665,7.265,1.0,95.99833333333333,2020,3,1,140.0,0,India_2004.csv
2020-03-02,2004,104.0,105.0,25.0,11.0,10.0,4.0,2,2,1,1,0,0,1,1,-0.42652498430019303,-2.2463095975395193,7.7713246,4.2909417,4.8300133,-69.63079,4,2020-03-02,19.538333333333334,0.0,78.54333333333334,6.010000000000001,1.0,211.51333333333332,2020,3,2,105.0,0,India_2004.csv
2020-03-03,2004,171.0,87.0,30.0,14.0,2.0,4.0,2,2,1,1,0,0,1,1,1.4057609032121268,-3.5378379651714984,7.614332,5.915532,32.153915,-38.19455,4,2020-03-03,19.741666666666667,0.0,69.255,7.185,1.0,187.84833333333333,2020,3,3,171.0,0,India_2004.csv
2020-03-04,2004,158.0,231.6,27.0,9.0,6.0,4.0,1,1,0,0,0,0,1,1,2.3498640359450214,-1.5585223979178553,8.373324,7.6783237,52.80192,11.866523,4,2020-03-04,18.936666666666667,0.0,76.75833333333334,8.658333333333333,1.0,115.61833333333334,2020,3,4,231.6,0,India_2004.csv
2020-03-05,2004,153.0,61.0,23.0,9.0,6.0,4.0,2,2,1,1,0,0,1,1,-0.8424362449568963,-2.4379434489284644,7.498177,3.8794763,21.57343,-40.80559,4,2020-03-05,18.366666666666667,0.0,78.22833333333334,14.700000000000001,1.0,118.49666666666667,2020,3,5,153.0,0,India_2004.csv
2020-03-06,2004,92.0,33.0,18.0,8.0,5.0,3.0,2,2,1,1,3,3,0,0,-3.0377275395693033,-2.9476536650824667,8.243852,-0.3651646,-34.12529,-82.32657,4,2020-03-06,15.61,0.0,89.105,16.650000000000002,1.0,128.11166666666665,2020,3,6,92.0,0,India_2004.csv
2020-03-07,2004,68.0,51.0,23.0,10.0,2.0,4.0,2,2,1,1,3,3,0,0,-2.4253843413044347,-3.363736466866007,8.133188,0.48946404,-10.666166,-76.734695,4,2020-03-07,15.728333333333333,0.0,85.79,8.706666666666667,1.0,144.36833333333334,2020,3,7,68.0,0,India_2004.csv
2020-03-08,2004,102.0,70.0,21.0,9.0,3.0,4.0,2,2,1,1,3,3,1,1,-1.8264365966318614,-2.898716804988968,7.949568,1.7060738,-10.872575,-67.81183,4,2020-03-08,16.31833333333333,0.0,78.45833333333333,8.84,1.0,300.8533333333333,2020,3,8,102.0,0,India_2004.csv
2020-03-09,2004,133.0,75.0,19.0,8.0,2.0,4.0,2,2,1,1,3,3,1,1,-1.5361391767399997,-2.7381333863203317,7.8348155,2.1208806,-9.443413,-58.370766,4,2020-03-09,16.691666666666666,0.0,68.26333333333334,13.56,1.0,303.7583333333334,2020,3,9,133.0,0,India_2004.csv
2020-03-10,2004,125.0,87.0,21.0,10.0,3.0,6.0,2,2,1,1,3,3,1,1,-0.8925784646457207,-2.4875266072976174,7.4753666,4.1281133,24.681065,-42.51063,4,2020-03-10,18.006666666666668,0.0,67.02,6.008333333333334,1.0,185.82000000000002,2020,3,10,125.0,0,India_2004.csv
2020-03-11,2004,149.0,72.0,23.0,9.0,2.0,5.0,2,2,1,1,0,0,1,1,-0.7691788595947808,-2.631800377301115,7.451213,4.162243,23.526426,-41.166534,4,2020-03-11,18.813333333333333,0.0,76.75166666666667,14.043333333333331,1.0,127.005,2020,3,11,149.0,0,India_2004.csv
2020-03-12,2004,132.0,87.0,21.0,11.0,5.0,5.0,2,2,1,1,0,0,1,1,-0.5532536702712492,-2.6346436281297727,7.429263,4.1548796,24.663969,-42.66002,4,2020-03-12,19.488333333333333,0.0,64.79,13.023333333333333,1.0,129.24333333333334,2020,3,12,132.0,0,India_2004.csv
2020-03-13,2004,122.0,103.0,19.0,7.0,7.0,5.0,2,2,1,1,3,3,1,1,-1.4074306481359464,-1.6700358517192089,7.9646125,2.2434406,-8.457586,-64.65636,4,2020-03-13,18.18,0.0,70.63333333333334,9.901666666666666,1.0,177.40833333333333,2020,3,13,122.0,0,India_2004.csv
2020-03-14,2004,137.0,57.0,18.0,8.0,5.0,5.0,2,2,1,1,3,3,0,0,-1.782942763450402,-2.26256126174238,7.967859,2.0529432,-9.303973,-57.83592,4,2020-03-14,16.118333333333336,0.0,84.02333333333333,7.328333333333333,1.0,197.84666666666666,2020,3,14,137.0,0,India_2004.csv
2020-03-15,2004,109.0,70.0,19.0,8.0,7.0,4.0,2,2,1,1,3,3,0,0,-2.002474523613486,-2.2636105809529603,7.950908,1.6705698,-11.1408,-66.97803,4,2020-03-15,16.576666666666668,0.0,76.005,7.036666666666666,1.0,237.75,2020,3,15,109.0,0,India_2004.csv
2020-03-16,2004,146.0,84.0,18.0,7.0,2.0,5.6,2,2,1,1,3,3,1,1,-1.4017301568543448,-2.1384550393844517,7.824474,2.718348,11.341441,-20.579744,4,2020-03-16,18.05333333333333,0.0,76.49333333333333,9.736666666666666,1.0,316.70166666666665,2020,3,16,146.0,0,India_2004.csv
2020-03-17,2004,153.0,69.0,18.0,10.0,13.0,6.6,2,2,1,1,3,3,1,1,-0.7704565784704386,-1.250043479742768,8.433151,3.1636515,7.70323,-8.777525,4,2020-03-17,19.086666666666666,0.0,70.82000000000001,10.393333333333333,1.0,318.9116666666667,2020,3,17,153.0,0,India_2004.csv
2020-03-18,2004,114.6,84.0,12.0,10.0,15.0,6.4,2,2,1,1,3,3,0,0,-1.6713975756593042,-1.1521826401702715,9.512037,0.4917344,-45.454144,-11.0211115,4,2020-03-18,20.668333333333333,0.0,69.53333333333333,10.584999999999999,1.0,307.49333333333334,2020,3,18,114.6,0,India_2004.csv
2020-03-19,2004,133.0,102.0,14.0,8.0,14.0,21.0,2,2,1,1,3,3,11,11,-1.0834594742349928,2.4373849512648578,11.487943,6.3609023,-3.4802265,63.809002,4,2020-03-19,20.926666666666666,0.0,71.46666666666665,7.376666666666666,1.0,192.01999999999998,2020,3,19,133.0,0,India_2004.csv
2020-03-20,2004,166.0,103.0,21.0,7.0,8.0,7.0,2,2,1,1,0,0,1,1,-0.4000051797041666,-0.9754169001714299,7.9951086,2.9664865,12.724833,-18.968107,4,2020-03-20,21.011666666666667,0.0,72.73833333333333,6.8066666666666675,1.0,136.07500000000002,2020,3,20,166.0,0,India_2004.csv
2020-03-21,2004,168.0,93.0,16.0,7.0,10.0,7.0,2,2,1,1,3,3,1,1,-0.8841255462774542,-0.8308990751726991,7.889919,2.7857602,13.124184,-20.462782,4,2020-03-21,21.465,0.0,73.31833333333333,5.583333333333333,1.0,85.65333333333335,2020,3,21,168.0,0,India_2004.csv
2020-03-22,2004,156.0,77.0,12.0,7.0,8.0,7.0,2,2,1,1,3,3,0,0,-1.6968744745760667,-1.2030296510378669,8.183367,1.7818761,-52.7828,-7.546836,4,2020-03-22,22.111666666666665,0.0,67.23833333333333,7.56,1.0,230.43833333333336,2020,3,22,156.0,0,India_2004.csv
2020-03-23,2004,139.0,70.0,11.0,7.0,4.0,5.0,2,2,1,1,3,3,0,0,-2.279058122521652,-2.1867342472462035,7.2200804,-0.02852614,-37.019066,-35.372723,4,2020-03-23,22.388333333333335,0.0,63.52,5.716666666666666,1.0,173.45166666666668,2020,3,23,139.0,0,India_2004.csv
2020-03-24,2004,144.0,104.4,17.2,10.0,20.2,5.6,2,2,1,1,3,3,1,1,-0.34688903605372007,-0.5098199415945236,9.2670355,3.2278364,-4.395207,-0.31112292,4,2020-03-24,23.625,0.0,68.22166666666668,7.845,1.0,176.7266666666667,2020,3,24,144.0,0,India_2004.csv
2020-03-25,2004,149.5822841180519,114.82240580294176,18.75631236617784,9.462042997692214,23.415262436507295,5.553042899900233,2,2,1,1,0,0,1,1,-0.024653403260480163,0.019591619741040827,-6.380675,3.2873766,4.8190203,-27.552046,4,2020-03-25,23.683333333333334,0.0,62.17166666666666,9.876666666666667,1.0,259.5833333333333,2020,3,25,149.5822841180519,0,India_2004.csv
2020-03-26,2004,149.5822841180519,114.82240580294176,18.75631236617784,9.462042997692214,23.415262436507295,5.553042899900233,2,2,1,1,0,0,1,1,-0.024653403260480163,0.019591619741040827,-6.3341627,3.2051234,4.8190203,-27.552046,4,2020-03-26,23.28833333333333,0.0,65.28333333333333,12.628333333333332,1.0,300.15500000000003,2020,3,26,149.5822841180519,0,India_2004.csv
2020-03-27,2004,149.5822841180519,114.82240580294176,18.75631236617784,9.462042997692214,23.415262436507295,5.553042899900233,2,2,1,1,0,0,1,1,-0.024653403260480163,0.019591619741040827,-6.372622,3.2859519,4.8190203,-27.552046,4,2020-03-27,20.756666666666664,0.0,78.38,9.225,1.0,211.83333333333334,2020,3,27,149.5822841180519,0,India_2004.csv
2020-03-28,2004,71.8,27.0,7.0,6.0,4.0,14.0,2,2,1,1,3,3,0,0,-4.600406103379685,-0.4782274776290227,11.980299,6.085816,-8.190834,59.300945,4,2020-03-28,20.941666666666666,0.0,67.67833333333333,11.728333333333333,1.0,312.965,2020,3,28,71.8,0,India_2004.csv
2020-03-29,2004,59.0,52.0,8.0,7.0,3.0,9.0,2,2,1,1,3,3,0,0,-4.235715863678937,-1.7688286521964773,6.742674,-1.8083795,-65.22992,5.490418,4,2020-03-29,21.72,0.0,59.175000000000004,14.676666666666668,1.0,321.41,2020,3,29,59.0,0,India_2004.csv
2020-03-30,2004,87.0,51.0,17.2,6.0,9.6,5.8,2,2,1,1,3,3,0,0,-3.201954908493238,-1.3930624143843158,8.304082,-0.4297105,-24.868393,-74.02492,4,2020-03-30,21.721666666666664,0.0,58.54666666666666,12.15,1.0,307.10999999999996,2020,3,30,87.0,0,India_2004.csv
2020-03-31,2004,149.5822841180519,114.82240580294176,18.75631236617784,9.462042997692214,23.415262436507295,5.553042899900233,2,2,1,1,0,0,1,1,-0.024653403260480163,0.019591619741040827,-6.337219,3.2894626,4.8190203,-27.552046,4,2020-03-31,22.78,0.0,57.75,11.316666666666668,1.0,211.96333333333334,2020,3,31,149.5822841180519,0,India_2004.csv
2020-04-01,2004,149.5822841180519,114.82240580294176,18.75631236617784,9.462042997692214,23.415262436507295,5.553042899900233,2,2,1,1,0,0,1,1,-0.024653403260480163,0.019591619741040827,-6.359855,3.2740917,4.8190203,-27.552046,4,2020-04-01,23.961666666666662,0.0,58.69333333333333,8.38,1.0,280.38166666666666,2020,4,1,149.5822841180519,0,India_2004.csv
2020-04-02,2004,92.2,46.0,8.0,7.0,6.0,8.0,2,2,1,1,3,3,0,0,-3.6988604787182484,-1.5796693730405436,6.7707047,-1.8455411,-63.91576,2.2940063,4,2020-04-02,22.906666666666666,0.0,50.291666666666664,14.423333333333334,1.0,308.84666666666664,2020,4,2,92.2,0,India_2004.csv
2020-04-03,2004,71.0,45.0,8.0,7.0,9.0,9.0,2,2,1,1,3,3,0,0,-4.057046141297036,-1.0861084186572916,6.527211,-1.753482,-65.09552,4.897262,4,2020-04-03,22.176666666666666,0.0,47.685,12.410000000000002,1.0,318.5,2020,4,3,71.0,0,India_2004.csv
2020-04-04,2004,74.0,53.0,8.0,7.0,9.0,10.0,2,2,1,1,3,3,0,0,-3.855866899950933,-0.8195763460862918,6.4329634,-1.6379652,-64.996826,5.1783347,4,2020-04-04,23.56833333333333,0.0,49.723333333333336,11.520000000000001,1.0,255.07500000000002,2020,4,4,74.0,0,India_2004.csv
2020-04-05,2004,86.0,64.0,9.0,7.0,9.0,9.0,2,2,1,1,3,3,0,0,-3.3921047308318113,-0.9419150508862271,6.512256,-1.5699614,-63.806396,3.7035918,4,2020-04-05,24.418333333333333,0.0,54.105,9.306666666666667,1.0,182.705,2020,4,5,86.0,0,India_2004.csv
2020-04-06,2004,111.0,73.0,8.0,7.0,9.0,10.0,2,2,1,1,3,3,0,0,-2.8438366586112838,-0.6147422991713707,6.173531,-1.0034115,-60.446503,5.3978314,4,2020-04-06,26.084999999999997,0.0,43.695,10.488333333333333,1.0,311.13166666666666,2020,4,6,111.0,0,India_2004.csv
2020-04-07,2004,123.0,67.0,8.0,7.0,7.0,11.0,2,2,1,1,3,3,0,0,-2.7293503841722835,-0.6178888394424343,6.047582,-0.85365164,-59.42895,6.23693,4,2020-04-07,24.918333333333333,0.0,48.365,13.316666666666668,1.0,320.04333333333335,2020,4,7,123.0,0,India_2004.csv
2020-04-08,2004,98.0,61.0,8.0,7.0,8.0,11.0,2,2,1,1,3,3,0,0,-3.2781611820452494,-0.6059092075081434,6.138837,-1.2508794,-63.267487,7.0125537,4,2020-04-08,24.708333333333332,0.0,47.13666666666666,12.268333333333333,1.0,317.32,2020,4,8,98.0,0,India_2004.csv
2020-04-09,2004,89.0,57.0,9.0,7.0,10.0,9.0,2,2,1,1,3,3,0,0,-3.4393980871360545,-0.8537174626456238,6.557911,-1.6267554,-63.87149,3.4820333,4,2020-04-09,24.706666666666667,0.0,48.291666666666664,10.35,1.0,311.92,2020,4,9,89.0,0,India_2004.csv
2020-04-10,2004,90.0,70.0,9.0,7.0,11.0,11.0,2,2,1,1,3,3,0,0,-3.166772060007568,-0.2360945668012056,6.21241,-1.3333558,-63.64381,7.4578648,4,2020-04-10,26.224999999999998,0.0,45.04,7.496666666666666,1.0,246.985,2020,4,10,90.0,0,India_2004.csv
2020-04-11,2004,114.0,77.0,9.0,7.0,11.0,10.0,2,2,1,1,3,3,0,0,-2.6228009432587656,-0.351173327460836,6.1626024,-0.9095703,-60.199047,5.0769157,4,2020-04-11,27.77333333333333,0.0,43.86833333333333,9.188333333333334,1.0,213.57333333333335,2020,4,11,114.0,0,India_2004.csv
2020-04-12,2004,123.0,65.0,8.0,7.0,10.0,11.0,2,2,1,1,3,3,0,0,-2.7264195768670123,-0.2865828276984472,6.0483217,-0.83373517,-59.227074,6.143873,4,2020-04-12,27.98,0.0,43.44,10.756666666666666,1.0,311.37333333333333,2020,4,12,123.0,0,India_2004.csv
2020-04-13,2004,101.0,85.0,9.0,7.0,10.0,12.0,2,2,1,1,3,3,0,0,-2.714838538887122,-0.02589896826448017,6.1242423,-1.2304589,-63.144203,7.5827065,4,2020-04-13,29.615,0.0,41.71333333333333,10.71,1.0,286.03333333333336,2020,4,13,101.0,0,India_2004.csv
2020-04-14,2004,127.0,77.0,10.0,6.0,10.0,10.0,2,2,1,1,3,3,0,0,-2.5187068977535665,-0.2432478823740797,6.0815415,-0.76924765,-58.843372,5.398418,4,2020-04-14,30.251666666666665,0.0,41.85333333333333,9.095,1.0,136.41,2020,4,14,127.0,0,India_2004.csv
2020-04-15,2004,121.0,104.0,10.0,7.0,8.0,10.0,2,2,1,1,3,3,0,0,-2.0104634300634756,-0.5321583971361021,6.188164,-0.7921987,-59.845543,4.803883,4,2020-04-15,29.84,0.0,41.04,9.318333333333333,1.0,178.80666666666664,2020,4,15,121.0,0,India_2004.csv
2020-04-16,2004,139.0,114.0,10.0,6.0,9.0,13.0,2,2,1,1,3,3,11,11,-1.6585986824795813,0.5148287624213027,5.958614,-0.4981013,-54.66634,12.805045,4,2020-04-16,30.569999999999997,0.0,33.708333333333336,10.535,1.0,250.38333333333333,2020,4,16,139.0,0,India_2004.csv
2020-04-17,2004,136.0,65.0,8.0,7.0,9.0,7.0,2,2,1,1,3,3,0,0,-2.55636577069895,-1.2377266158080618,6.8751063,-0.4730005,-53.8816,-6.912481,4,2020-04-17,29.348333333333333,0.0,34.98833333333334,12.908333333333333,1.0,152.14833333333334,2020,4,17,136.0,0,India_2004.csv
2020-04-18,2004,86.0,69.0,9.0,7.0,9.0,12.0,2,2,1,1,3,3,0,0,-3.266313691148228,-0.2611685709148008,6.13118,-1.3290039,-63.817017,7.5746794,4,2020-04-18,28.628333333333334,0.0,41.550000000000004,12.785000000000002,1.0,134.71666666666667,2020,4,18,86.0,0,India_2004.csv
2020-04-19,2004,89.0,47.0,9.0,7.0,9.0,9.0,2,2,1,1,3,3,0,0,-3.6151278084263407,-1.0162405742865355,6.5499296,-1.6309521,-63.907825,3.2108417,4,2020-04-19,28.03,0.0,42.98,8.906666666666666,1.0,252.83333333333334,2020,4,19,89.0,0,India_2004.csv
2020-04-20,2004,69.0,69.0,11.0,7.0,6.0,11.0,2,2,1,1,3,3,0,0,-3.4786433703735558,-0.8543282156326233,6.258398,-1.3804775,-64.4882,7.4316974,4,2020-04-20,25.855,0.0,53.041666666666664,8.016666666666666,1.0,139.285,2020,4,20,69.0,0,India_2004.csv
2020-04-21,2004,104.0,57.0,11.0,7.0,9.0,9.0,2,2,1,1,3,3,0,0,-3.0214181237580027,-0.9080314126573158,6.636421,-1.4851042,-63.22391,2.8599398,4,2020-04-21,26.448333333333334,0.0,49.61666666666667,8.174999999999999,1.0,172.5233333333333,2020,4,21,104.0,0,India_2004.csv
2020-04-22,2004,81.0,72.0,11.0,7.0,10.0,7.0,2,2,1,1,3,3,0,0,-3.2184417285474924,-1.2252644956240903,8.131444,-1.1567034,-36.85607,-53.622585,4,2020-04-22,28.084999999999997,0.0,38.855,8.796666666666667,1.0,165.7,2020,4,22,81.0,0,India_2004.csv
2020-04-23,2004,107.0,70.0,11.0,6.0,6.0,11.0,2,2,1,1,3,3,0,0,-2.960072070649102,-0.5633818434515284,6.1184444,-1.1306522,-62.587902,6.806052,4,2020-04-23,28.608333333333334,0.0,41.855,8.596666666666666,1.0,233.54833333333332,2020,4,23,107.0,0,India_2004.csv
2020-04-24,2004,101.0,77.0,10.0,7.0,7.0,9.0,2,2,1,1,3,3,0,0,-2.8492598223997896,-1.0544027558915843,6.464341,-1.3098445,-62.241314,3.8805199,4,2020-04-24,29.40833333333333,0.0,39.949999999999996,7.851666666666667,1.0,146.085,2020,4,24,101.0,0,India_2004.csv
2020-04-25,2004,113.0,57.0,8.0,7.0,4.0,13.0,2,2,1,1,3,3,11,11,-3.0845921652643002,-0.5992049584688629,5.8840513,-0.9619271,-58.779427,11.306516,4,2020-04-25,28.253333333333334,0.0,47.251666666666665,7.913333333333333,1.0,137.39666666666665,2020,4,25,113.0,0,India_2004.csv
2020-04-26,2004,69.0,75.0,11.0,7.0,3.0,14.0,2,2,1,1,3,3,11,11,-3.372166096699184,-0.5097709989421129,11.995611,6.016045,-10.3949175,59.480003,4,2020-04-26,26.516666666666666,0.0,64.57166666666667,15.013333333333334,1.0,121.43833333333333,2020,4,26,75.0,0,India_2004.csv
2020-04-27,2004,100.0,42.0,10.0,7.0,5.0,9.0,2,2,1,1,3,3,0,0,-3.4649620557562346,-1.4555941198441198,6.655419,-1.6883311,-63.788475,2.367453,4,2020-04-27,25.258333333333336,0.0,68.83333333333333,15.226666666666667,1.0,108.39666666666666,2020,4,27,100.0,0,India_2004.csv
2020-04-28,2004,60.0,49.0,10.0,7.0,5.0,8.0,2,2,1,1,3,3,0,0,-4.104763915101585,-1.7560472010977053,7.5700636,-1.9545614,-71.749466,-28.69052,4,2020-04-28,26.308333333333334,0.0,66.625,7.723333333333334,1.0,192.58833333333334,2020,4,28,60.0,0,India_2004.csv
2020-04-29,2004,71.0,40.6,11.2,7.4,26.8,4.6,2,2,1,1,3,3,0,0,-3.657518896702561,-0.09142628299580048,11.834482,-0.645015,-69.12406,24.77053,4,2020-04-29,29.070000000000004,0.0,52.95166666666666,8.285,1.0,147.79999999999998,2020,4,29,71.0,0,India_2004.csv
2020-04-30,2004,140.6,83.0,5.0,7.0,7.0,7.0,2,2,1,1,3,3,0,0,-2.428832727945246,-1.3877811152149904,6.7159824,-0.41396233,-55.833435,-6.6318483,4,2020-04-30,29.03,0.0,54.291666666666664,10.043333333333335,1.0,165.40166666666667,2020,4,30,140.6,0,India_2004.csv
2020-05-01,2004,120.0,90.0,6.0,7.0,6.0,10.0,2,2,1,1,3,3,0,0,-2.5869851361149503,-0.8626615505679699,6.154115,-0.8041324,-60.063236,5.795644,4,2020-05-01,30.905,0.0,52.46,11.761666666666665,1.0,193.88,2020,5,1,120.0,0,India_2004.csv
2020-05-02,2004,138.0,75.0,6.0,7.0,5.0,10.0,2,2,1,1,3,3,0,0,-2.511694217168117,-0.9974642637532402,6.11022,-0.7598861,-59.33901,6.6123676,4,2020-05-02,29.365,0.0,56.61166666666667,17.01,1.0,107.22833333333334,2020,5,2,138.0,0,India_2004.csv
2020-05-03,2004,82.0,57.0,6.0,7.0,3.0,10.0,2,2,1,1,3,3,0,0,-3.866188896335619,-1.4749466002126919,6.395287,-1.5484151,-64.090004,5.8238497,4,2020-05-03,27.046666666666667,0.0,69.76666666666667,12.388333333333334,1.0,109.16666666666667,2020,5,3,82.0,0,India_2004.csv
2020-05-04,2004,79.0,43.0,8.0,8.0,4.0,11.0,2,2,1,1,3,3,0,0,-3.7714082355816805,-1.3796010759509538,6.307672,-1.4689294,-64.11732,6.053867,4,2020-05-04,27.636666666666667,0.0,62.435,6.326666666666667,1.0,108.12,2020,5,4,79.0,0,India_2004.csv
2020-05-05,2004,76.0,71.0,7.0,7.0,6.0,12.0,2,2,1,1,3,3,0,0,-3.6066410343801265,-0.6373692720119136,6.192139,-1.382652,-64.2314,7.365015,4,2020-05-05,28.77,0.0,47.620000000000005,8.016666666666667,1.0,209.72,2020,5,5,76.0,0,India_2004.csv
2020-05-06,2004,115.0,101.0,8.0,7.0,4.0,9.0,2,2,1,1,3,3,0,0,-2.385244618664768,-1.2536570635140505,6.190968,-0.8107086,-60.199303,5.082246,4,2020-05-06,28.51,0.0,48.31833333333333,9.396666666666667,1.0,139.06333333333333,2020,5,6,115.0,0,India_2004.csv
2020-05-07,2004,142.0,50.0,9.0,7.0,5.0,8.0,2,2,1,1,3,3,0,0,-2.6478877818612743,-1.5216180311473146,6.8319273,-0.5376185,-54.911644,-8.131548,4,2020-05-07,29.061666666666667,0.0,41.06333333333333,8.91,1.0,147.25,2020,5,7,142.0,0,India_2004.csv
2020-05-08,2004,82.0,90.0,10.0,7.0,8.0,9.0,2,2,1,1,3,3,0,0,-2.9758133426463536,-0.9322629258402769,6.400198,-1.2945017,-62.803017,4.4103675,4,2020-05-08,31.026666666666667,0.0,40.27166666666667,9.013333333333334,1.0,156.26333333333335,2020,5,8,90.0,0,India_2004.csv
2020-05-09,2004,112.0,85.0,7.0,9.0,7.0,10.0,2,2,1,1,3,3,0,0,-2.3274034061938447,-1.1405878986278544,6.191863,-0.8840118,-60.34335,5.47832,4,2020-05-09,31.47666666666667,0.0,43.625,10.191666666666668,1.0,110.34333333333332,2020,5,9,112.0,0,India_2004.csv
2020-05-10,2004,130.0,62.0,9.0,7.0,81.0,7.0,0,0,2,2,2,2,4,4,-1.783551361041603,6.923951692918755,14.412839,6.167597,24.106123,92.038895,4,2020-05-10,29.378333333333334,0.0,58.73499999999999,12.961666666666666,1.0,112.06333333333333,2020,5,10,130.0,0,India_2004.csv
2020-05-11,2004,111.0,67.0,11.0,8.0,24.0,8.0,2,2,1,1,3,3,7,7,-2.3635759367908005,0.4716652764467743,11.039717,1.658552,-41.118633,19.76382,4,2020-05-11,29.268333333333334,0.0,55.57333333333333,11.328333333333333,1.0,123.5,2020,5,11,111.0,0,India_2004.csv
2020-05-12,2004,108.0,69.0,8.0,8.0,59.0,10.0,0,0,2,2,2,2,7,7,-2.1692325808509225,4.865581298211572,13.958891,4.847267,11.796623,88.441986,4,2020-05-12,29.831666666666667,0.0,54.11333333333334,8.525,1.0,130.08333333333334,2020,5,12,108.0,0,India_2004.csv
2020-05-13,2004,110.0,98.0,7.0,9.0,76.0,11.0,0,0,2,2,2,2,4,4,-1.3157615685711532,6.980547350791387,14.215812,6.183231,25.087086,88.03217,4,2020-05-13,29.551666666666666,0.0,58.055,7.446666666666666,1.0,214.96333333333334,2020,5,13,110.0,0,India_2004.csv
2020-05-14,2004,147.0,79.0,10.0,9.0,78.0,9.0,0,0,2,2,2,2,4,4,-0.7194757680236834,6.808658245972806,14.234423,6.22832,24.12212,90.09303,4,2020-05-14,30.763333333333332,0.0,50.95666666666667,7.963333333333334,1.0,192.67166666666665,2020,5,14,147.0,0,India_2004.csv
2020-05-15,2004,107.0,64.0,9.0,7.0,15.0,7.0,2,2,1,1,3,3,0,0,-2.96153599585836,-0.6364974968336509,9.772444,-0.81083816,-50.02442,-10.345316,4,2020-05-15,31.628333333333334,0.0,36.708333333333336,13.015,1.0,324.77166666666665,2020,5,15,107.0,0,India_2004.csv
2020-05-16,2004,96.0,87.0,9.0,8.0,42.0,8.0,2,2,1,1,3,3,7,7,-2.2516114885921663,2.556388472529787,13.212367,3.025128,-23.552254,80.179016,4,2020-05-16,31.526666666666667,0.0,32.74333333333333,12.211666666666666,1.0,314.6433333333334,2020,5,16,96.0,0,India_2004.csv
2020-05-17,2004,134.0,104.0,13.0,9.0,55.0,11.0,0,0,2,2,2,2,4,4,-0.5661304341706309,4.739643351796672,13.473758,5.400705,16.018059,82.120056,4,2020-05-17,31.820000000000004,0.0,32.845,8.156666666666666,1.0,260.29833333333335,2020,5,17,134.0,0,India_2004.csv
2020-05-18,2004,140.0,139.0,12.0,9.0,10.0,14.0,2,2,1,1,3,3,11,11,-0.4495381828647857,0.46021189501620974,10.588363,6.188986,34.790432,24.0335,4,2020-05-18,31.236666666666668,0.0,31.76833333333333,8.703333333333333,1.0,252.00333333333333,2020,5,18,140.0,0,India_2004.csv
2020-05-19,2004,148.0,143.0,16.0,10.0,25.0,10.0,2,2,1,1,0,0,1,1,0.3894906002954402,1.1890347620429287,10.718009,5.4013486,23.660303,27.93247,4,2020-05-19,31.491666666666664,0.0,24.493333333333336,8.823333333333332,1.0,237.93500000000003,2020,5,19,148.0,0,India_2004.csv
2020-05-20,2004,157.0,86.0,9.0,7.0,41.0,13.0,0,0,2,2,3,3,11,11,-1.279160765929502,3.8843803197164863,12.675581,4.664058,-11.397882,70.832344,4,2020-05-20,31.008333333333336,0.0,26.80666666666667,13.261666666666665,1.0,312.7133333333333,2020,5,20,157.0,0,India_2004.csv
2020-05-21,2004,124.0,58.0,12.0,8.0,16.0,18.0,2,2,1,1,3,3,11,11,-2.143293008527545,1.7515761674772514,11.629585,6.182958,-6.7804074,65.03311,4,2020-05-21,32.585,0.0,27.44333333333333,13.251666666666667,1.0,300.80333333333334,2020,5,21,124.0,0,India_2004.csv
2020-05-22,2004,115.0,85.0,10.0,10.0,50.0,11.0,0,0,2,2,2,2,7,7,-1.3163078207960832,3.8234826406198867,13.141147,4.851033,14.908204,81.34988,4,2020-05-22,34.26333333333333,0.0,28.611666666666665,6.883333333333333,1.0,166.94333333333336,2020,5,22,115.0,0,India_2004.csv
2020-05-23,2004,151.0,74.0,11.0,10.0,42.0,5.4,2,2,1,1,3,3,7,7,-0.9315265602748457,1.7473282591684756,12.73495,3.6353471,-18.88164,57.568935,4,2020-05-23,34.445,0.0,29.834999999999997,9.081666666666667,1.0,147.66666666666666,2020,5,23,151.0,0,India_2004.csv
2020-05-24,2004,147.0,108.2,15.6,9.6,25.4,4.6,2,2,1,1,3,3,7,7,-0.38411102111880546,-0.05250340431287791,11.014952,2.924596,-12.731396,31.163124,4,2020-05-24,35.49333333333333,0.0,25.126666666666665,11.986666666666666,1.0,294.4533333333333,2020,5,24,147.0,0,India_2004.csv
2020-05-25,2004,115.6,70.0,17.0,9.0,28.0,2.0,2,2,1,1,3,3,7,7,-1.6115252197245045,-0.4864663568416034,11.593697,1.0361936,-5.312925,15.621185,4,2020-05-25,35.733333333333334,0.0,22.833333333333332,12.238333333333335,1.0,286.59166666666664,2020,5,25,115.6,0,India_2004.csv
2020-05-26,2004,122.0,82.0,7.0,5.0,3.0,13.0,2,2,1,1,3,3,11,11,-2.9980159565878584,-0.2207172599732766,5.8835244,-0.93401694,-58.724155,11.091948,4,2020-05-26,36.684999999999995,0.0,20.87,10.223333333333334,1.0,227.52666666666667,2020,5,26,122.0,0,India_2004.csv
2020-05-27,2004,82.0,63.0,9.0,4.0,2.0,11.0,2,2,1,1,3,3,0,0,-4.1385467855298,-0.7886750025322816,6.287577,-1.5612566,-66.78196,6.417244,4,2020-05-27,36.26,0.0,24.21666666666667,11.08,1.0,188.9366666666667,2020,5,27,82.0,0,India_2004.csv
2020-05-28,2004,89.0,79.0,11.0,4.0,8.0,20.0,2,2,1,1,3,3,11,11,-3.391489015942769,1.9767980517444574,11.8517475,6.2798953,-5.7580757,62.28132,4,2020-05-28,32.915,0.0,44.708333333333336,20.7,1.0,118.09833333333334,2020,5,28,89.0,0,India_2004.csv
2020-05-29,2004,71.0,79.0,14.0,3.0,1.0,3.0,2,2,1,1,3,3,0,0,-4.02837586111377,-2.390487999706385,8.062299,-1.5790747,-35.723763,-63.34419,4,2020-05-29,29.205,0.0,61.915,18.703333333333333,1.0,108.45333333333333,2020,5,29,79.0,0,India_2004.csv
2020-05-30,2004,46.0,37.0,8.0,3.0,5.0,9.0,2,2,1,1,3,3,0,0,-5.500825588972408,-0.9483607896734941,6.5878882,-1.8620464,-70.24899,6.3767004,4,2020-05-30,27.97666666666667,0.0,63.14000000000001,10.563333333333333,1.0,147.32833333333335,2020,5,30,46.0,0,India_2004.csv
2020-05-31,2004,77.0,30.0,12.0,3.0,1.0,14.0,2,2,1,1,3,3,0,0,-4.711722479563305,-0.22177259114288927,11.971658,6.073054,-8.452038,58.75004,4,2020-05-31,26.415000000000003,0.0,73.565,6.528333333333333,1.0,119.18833333333333,2020,5,31,77.0,0,India_2004.csv
2020-06-01,2004,63.0,49.0,10.0,4.0,5.0,17.0,2,2,1,1,3,3,11,11,-4.519678116422588,0.7496249802589073,11.938232,6.177808,-7.06176,61.019707,4,2020-06-01,28.088333333333335,0.0,67.77833333333332,5.566666666666666,1.0,168.02833333333334,2020,6,1,63.0,0,India_2004.csv
2020-06-02,2004,95.0,46.0,10.0,4.0,4.0,19.0,2,2,1,1,3,3,11,11,-3.9595892960666346,1.1515249812030506,11.895121,6.256105,-5.986304,61.66411,4,2020-06-02,28.956666666666667,0.0,63.72333333333333,6.326666666666667,1.0,168.695,2020,6,2,95.0,0,India_2004.csv
2020-06-03,2004,97.0,55.0,8.0,4.0,5.0,23.0,2,2,1,1,3,3,11,11,-3.8571807793951063,2.1741352064543342,11.803127,6.3680844,-5.1839285,62.543133,4,2020-06-03,30.043333333333333,0.0,57.86833333333333,5.743333333333333,1.0,224.87,2020,6,3,97.0,0,India_2004.csv
2020-06-04,2004,131.0,64.0,9.0,4.0,2.0,16.0,2,2,1,1,3,3,11,11,-3.1427112848436956,0.4520193249497959,11.668702,6.181336,-3.9055092,60.2806,4,2020-06-04,29.535,0.0,57.91166666666667,7.701666666666667,1.0,133.91666666666666,2020,6,4,131.0,0,India_2004.csv
2020-06-05,2004,137.0,50.0,10.0,4.0,3.0,15.0,2,2,1,1,3,3,11,11,-3.1876059141633113,0.30391185253320363,11.657805,6.1705236,-3.8730755,60.133488,4,2020-06-05,28.995,0.0,61.14666666666667,7.873333333333334,1.0,167.93833333333333,2020,6,5,137.0,0,India_2004.csv
2020-06-06,2004,107.0,62.0,8.0,3.0,4.0,9.0,2,2,1,1,3,3,0,0,-3.9748640581908274,-0.763286056082603,6.395269,-1.4152457,-62.31828,-1.7610924,4,2020-06-06,30.150000000000002,0.0,55.47833333333333,7.716666666666668,1.0,150.155,2020,6,6,107.0,0,India_2004.csv
2020-06-07,2004,88.0,74.0,10.0,4.0,1.0,20.0,2,2,1,1,3,3,11,11,-3.651409836800231,1.1456844886315152,11.876086,6.307334,-5.682927,61.940453,4,2020-06-07,30.44666666666667,0.0,63.48500000000001,6.533333333333334,1.0,198.1833333333333,2020,6,7,88.0,0,India_2004.csv
2020-06-08,2004,96.0,52.0,6.0,4.0,4.0,21.0,2,2,1,1,3,3,11,11,-4.118408068439395,1.5894149929097494,11.878332,6.2972794,-5.416264,62.084846,4,2020-06-08,30.853333333333335,0.0,59.401666666666664,7.548333333333333,1.0,179.63666666666668,2020,6,8,96.0,0,India_2004.csv
2020-06-09,2004,122.0,63.0,7.0,4.0,5.0,11.0,2,2,1,1,3,3,0,0,-3.515423956947575,-0.34767333005933077,5.9515405,-1.0062546,-59.662292,9.784661,4,2020-06-09,33.24666666666666,0.0,54.151666666666664,5.896666666666667,1.0,198.39166666666665,2020,6,9,122.0,0,India_2004.csv
2020-06-10,2004,150.0,61.0,7.0,4.0,6.0,14.0,2,2,1,1,3,3,11,11,-2.9745147516514026,0.4936826775776368,5.902391,-0.76449144,-57.333687,11.138389,4,2020-06-10,33.94833333333333,0.0,52.95166666666666,7.218333333333334,1.0,252.65333333333334,2020,6,10,150.0,0,India_2004.csv
2020-06-11,2004,153.0,65.0,6.0,5.0,7.0,11.0,2,2,1,1,3,3,0,0,-2.761008889236778,-0.2046964764080858,5.9607673,-0.74934494,-56.64835,10.323568,4,2020-06-11,33.38833333333333,0.0,54.041666666666664,7.971666666666667,1.0,73.215,2020,6,11,153.0,0,India_2004.csv
2020-06-12,2004,138.0,67.0,6.0,5.0,5.0,16.0,2,2,1,1,3,3,11,11,-2.9563612198831453,0.628124947531263,11.648811,6.178742,-3.6941705,60.38626,4,2020-06-12,34.086666666666666,0.0,50.655,8.818333333333333,1.0,134.69333333333336,2020,6,12,138.0,0,India_2004.csv
2020-06-13,2004,145.0,59.0,6.0,4.0,3.0,8.0,2,2,1,1,3,3,0,0,-3.29942752501899,-1.1922642684316775,6.569772,-0.78773594,-56.57778,-7.9950805,4,2020-06-13,33.645,0.0,56.41,8.978333333333333,1.0,87.21833333333332,2020,6,13,145.0,0,India_2004.csv
2020-06-14,2004,124.0,66.0,5.0,4.0,5.0,8.0,2,2,1,1,3,3,0,0,-3.6255896570896944,-0.999490836331941,6.5780544,-1.1528847,-62.09502,-6.5752077,4,2020-06-14,33.59166666666667,0.0,56.538333333333334,8.448333333333332,1.0,154.90833333333333,2020,6,14,124.0,0,India_2004.csv
2020-06-15,2004,145.0,57.0,5.0,3.0,6.0,13.0,2,2,1,1,3,3,11,11,-3.5002636345045057,0.4009579467216355,5.8807993,-0.85597324,-57.412598,11.034384,4,2020-06-15,34.419999999999995,0.0,45.16166666666667,8.768333333333333,1.0,220.38833333333332,2020,6,15,145.0,0,India_2004.csv
2020-06-16,2004,117.0,54.0,6.0,4.0,6.0,7.0,2,2,1,1,3,3,0,0,-3.8781719781044997,-1.175485949916393,6.8375444,-1.5345479,-68.559395,-8.595735,4,2020-06-16,34.016666666666666,0.0,49.20166666666666,9.591666666666667,1.0,144.67,2020,6,16,117.0,0,India_2004.csv
2020-06-17,2004,80.0,50.0,5.0,4.0,5.0,1.0,2,2,1,1,3,3,0,0,-4.803939440445474,-2.7365047161919165,8.696299,-3.463701,-83.81087,-44.951763,4,2020-06-17,33.82333333333333,0.0,52.85333333333333,11.396666666666667,1.0,123.17333333333333,2020,6,17,80.0,0,India_2004.csv
2020-06-18,2004,77.0,46.0,5.0,3.0,5.0,17.0,2,2,1,1,3,3,11,11,-4.8916341382946005,0.911698515697312,11.918671,6.187857,-6.865568,61.32761,4,2020-06-18,35.04833333333333,0.0,49.83166666666667,10.548333333333334,1.0,150.07500000000002,2020,6,18,77.0,0,India_2004.csv
2020-06-19,2004,96.0,78.0,6.0,4.0,5.0,8.0,2,2,1,1,3,3,0,0,-3.870677097282774,-1.014028418652477,6.5584702,-1.4058712,-63.003677,-3.601845,4,2020-06-19,34.89833333333333,0.0,53.248333333333335,10.89,1.0,107.12,2020,6,19,96.0,0,India_2004.csv
2020-06-20,2004,152.0,43.0,6.0,4.0,3.0,11.0,2,2,1,1,3,3,0,0,-3.388205933545598,-0.5937903633182379,5.946157,-0.8390481,-57.081615,10.289106,4,2020-06-20,33.73833333333334,0.0,53.94166666666666,10.026666666666667,1.0,207.045,2020,6,20,152.0,0,India_2004.csv
2020-06-21,2004,118.0,46.0,6.0,3.0,3.0,19.0,2,2,1,1,3,3,11,11,-4.051610969360294,1.2485907564309662,11.811215,6.268396,-4.824808,61.130943,4,2020-06-21,32.85,0.0,56.88333333333333,8.396666666666667,1.0,144.36833333333334,2020,6,21,118.0,0,India_2004.csv
2020-06-22,2004,123.0,52.0,5.0,4.0,7.0,11.0,2,2,1,1,3,3,0,0,-3.805775574235866,-0.18704046600519864,5.9104443,-1.0223546,-59.769024,9.895751,4,2020-06-22,31.701666666666668,0.0,62.10833333333333,7.523333333333333,1.0,91.09500000000001,2020,6,22,123.0,0,India_2004.csv
2020-06-23,2004,115.0,34.0,5.0,3.0,2.0,7.0,2,2,1,1,3,3,0,0,-4.567315320718298,-1.565674554022958,6.8690343,-1.6444155,-68.345726,-8.041736,4,2020-06-23,31.296666666666667,0.0,66.66000000000001,13.721666666666666,1.0,106.49166666666667,2020,6,23,115.0,0,India_2004.csv
2020-06-24,2004,82.0,61.0,5.0,4.0,1.0,6.0,2,2,1,1,3,3,0,0,-4.561202368525055,-2.0378757263567575,7.5672975,-2.8160636,-75.7244,-29.113262,4,2020-06-24,29.896666666666665,0.0,75.30833333333332,10.64,1.0,111.805,2020,6,24,82.0,0,India_2004.csv
2020-06-25,2004,94.0,44.0,5.0,4.0,2.0,7.0,2,2,1,1,3,3,0,0,-4.591233131092499,-1.7536653770258888,7.016696,-2.147191,-75.04829,-4.4033914,4,2020-06-25,32.22833333333333,0.0,65.575,4.503333333333333,1.0,239.28166666666667,2020,6,25,94.0,0,India_2004.csv
2020-06-26,2004,90.0,59.0,5.0,4.0,2.0,17.0,2,2,1,1,3,3,11,11,-4.273220265847673,0.4957649839026301,11.916234,6.202366,-6.708264,61.195553,4,2020-06-26,32.42333333333334,0.0,64.60666666666667,10.536666666666667,1.0,252.87333333333333,2020,6,26,90.0,0,India_2004.csv
2020-06-27,2004,125.0,80.0,5.0,3.0,2.0,3.0,2,2,1,1,3,3,0,0,-3.6872300059296936,-2.187188307454191,7.1873026,-0.8837593,-51.834915,-37.86997,4,2020-06-27,33.885,0.0,56.905,12.728333333333333,1.0,251.07000000000002,2020,6,27,125.0,0,India_2004.csv
2020-06-28,2004,147.0,101.0,4.0,3.0,2.0,13.0,2,2,1,1,3,3,11,11,-2.866227016382449,0.15888484005396025,5.895031,-0.7564427,-57.03518,11.466469,4,2020-06-28,35.184999999999995,0.0,51.38833333333333,15.173333333333334,1.0,228.86666666666667,2020,6,28,147.0,0,India_2004.csv
2020-06-29,2004,167.0,77.0,4.0,3.0,3.0,5.0,2,2,1,1,3,3,0,0,-2.9945949468848396,-1.536906694912585,6.9898915,-0.20046335,-34.565975,-33.658756,4,2020-06-29,33.824999999999996,0.0,56.836666666666666,12.678333333333333,1.0,187.00166666666667,2020,6,29,167.0,0,India_2004.csv
2020-06-30,2004,136.0,61.0,11.0,5.0,13.0,8.0,2,2,1,1,3,3,0,0,-2.7323825177781798,-0.2078301499907599,8.760712,1.4979666,-56.467167,3.207935,4,2020-06-30,32.25,0.0,62.75333333333333,11.426666666666668,1.0,108.48666666666666,2020,6,30,136.0,0,India_2004.csv
2020-07-01,2004,130.0,59.0,11.0,5.0,19.0,7.0,2,2,1,1,3,3,0,0,-2.8193588140786456,0.2283929427372292,10.264706,0.06279124,-51.12773,4.658129,4,2020-07-01,33.736666666666665,0.0,58.48499999999999,7.555,1.0,107.97666666666667,2020,7,1,130.0,0,India_2004.csv
2020-07-02,2004,134.0,70.0,11.0,5.0,24.0,14.0,2,2,1,1,3,3,11,11,-2.4032874697241713,2.3935861615286913,12.116972,4.5868278,-13.55689,66.98321,4,2020-07-02,35.36000000000001,0.0,52.151666666666664,8.43,1.0,193.40166666666664,2020,7,2,134.0,0,India_2004.csv
2020-07-03,2004,143.0,72.0,12.0,7.0,23.0,9.0,2,2,1,1,3,3,7,7,-1.8115085437253478,0.8778164661066793,10.173353,2.4162555,-41.68123,15.04935,4,2020-07-03,34.43833333333333,0.0,60.08166666666667,12.78,1.0,110.72333333333334,2020,7,3,143.0,0,India_2004.csv
2020-07-04,2004,141.0,54.0,9.0,3.0,16.0,7.0,2,2,1,1,3,3,0,0,-3.287296065337322,0.2308299686416484,10.253272,0.13803595,-50.80041,2.9181366,4,2020-07-04,32.73833333333334,0.0,64.525,14.646666666666667,1.0,107.02833333333332,2020,7,4,141.0,0,India_2004.csv
2020-07-05,2004,107.0,39.0,9.0,4.0,18.0,10.0,2,2,1,1,3,3,0,0,-3.893571050605668,0.766816350883006,6.1150775,-1.332516,-66.71483,11.245501,4,2020-07-05,29.548333333333332,0.0,71.73166666666667,10.065,1.0,57.955000000000005,2020,7,5,107.0,0,India_2004.csv
2020-07-06,2004,76.0,50.0,11.0,3.0,11.0,8.0,2,2,1,1,3,3,0,0,-4.447535093293212,-0.3107214446599259,6.839511,-1.8152688,-71.506805,1.8987567,4,2020-07-06,30.785,0.0,70.485,11.604999999999999,1.0,111.65166666666669,2020,7,6,76.0,0,India_2004.csv
2020-07-07,2004,122.0,21.0,9.0,3.0,5.0,12.0,2,2,1,1,3,3,0,0,-4.237132798062149,-0.1420653346343064,5.923594,-1.0241748,-58.857452,9.925208,4,2020-07-07,28.94666666666667,0.0,75.55666666666666,15.133333333333333,1.0,111.99166666666667,2020,7,7,122.0,0,India_2004.csv
2020-07-08,2004,52.0,27.0,9.0,4.0,8.0,10.0,2,2,1,1,3,3,0,0,-5.226462732442407,-0.5879970523825372,6.3929543,-1.7854542,-69.96881,6.6238313,4,2020-07-08,29.073333333333334,0.0,82.21333333333334,10.708333333333334,1.0,151.43166666666667,2020,7,8,52.0,0,India_2004.csv
2020-07-09,2004,75.0,22.0,9.0,4.0,23.0,12.0,2,2,1,1,3,3,0,0,-4.675224478002813,1.5971220512648867,6.0491614,-1.4658651,-68.309135,10.534715,4,2020-07-09,30.575,0.0,77.145,8.336666666666668,1.0,222.21166666666667,2020,7,9,75.0,0,India_2004.csv
2020-07-10,2004,92.0,28.0,8.0,2.0,20.0,6.0,2,2,1,1,3,3,0,0,-4.863504535431249,0.36595767826671405,11.121218,-1.7536426,-82.85604,1.3785985,4,2020-07-10,32.64,0.0,64.21833333333333,10.056666666666667,1.0,271.6016666666667,2020,7,10,92.0,0,India_2004.csv
2020-07-11,2004,74.0,23.0,6.0,3.0,18.0,9.0,2,2,1,1,3,3,0,0,-5.210033422236013,0.5264266954222173,11.007332,-1.8432066,-76.75367,3.6661808,4,2020-07-11,31.50333333333333,0.0,69.34833333333334,10.476666666666667,1.0,233.60999999999999,2020,7,11,74.0,0,India_2004.csv
2020-07-12,2004,57.0,22.0,6.0,2.0,17.0,19.0,2,2,1,1,3,3,11,11,-5.607179647346943,2.7223775853632075,11.864592,6.163038,-8.597483,63.24763,4,2020-07-12,31.368333333333336,0.0,68.70666666666666,6.78,1.0,193.35500000000002,2020,7,12,57.0,0,India_2004.csv
2020-07-13,2004,54.0,41.0,7.0,3.0,13.0,9.0,2,2,1,1,3,3,0,0,-5.268345948247395,-0.004093996507002132,6.53884,-1.8730791,-70.01362,7.1903257,4,2020-07-13,32.33833333333333,0.0,62.98500000000001,8.811666666666667,1.0,268.68833333333333,2020,7,13,54.0,0,India_2004.csv
2020-07-14,2004,63.0,51.0,7.0,2.0,13.0,11.0,2,2,1,1,3,3,0,0,-5.109473408011357,0.6843572344020445,6.2433376,-1.6634963,-68.8073,8.415499,4,2020-07-14,33.080000000000005,0.0,62.64333333333334,8.89,1.0,195.60333333333332,2020,7,14,63.0,0,India_2004.csv
2020-07-15,2004,109.0,44.0,7.0,4.0,14.0,9.0,2,2,1,1,3,3,0,0,-3.9893160497013618,0.10755536651475857,6.2120614,-1.3092005,-56.733883,6.5130615,4,2020-07-15,31.933333333333334,0.0,66.25,14.953333333333333,1.0,100.50999999999999,2020,7,15,109.0,0,India_2004.csv
2020-07-16,2004,100.0,34.0,7.0,3.0,8.0,9.0,2,2,1,1,3,3,0,0,-4.591685553251984,-0.4734931958400645,6.4630613,-1.5465587,-62.891426,-0.53221714,4,2020-07-16,30.765,0.0,73.84166666666665,13.486666666666666,1.0,101.16166666666668,2020,7,16,100.0,0,India_2004.csv
2020-07-17,2004,85.0,42.0,7.0,5.0,7.0,18.0,2,2,1,1,3,3,11,11,-4.216985700842967,1.025431285296985,11.899821,6.2369447,-6.7302904,61.454144,4,2020-07-17,31.040000000000003,0.0,74.78166666666667,10.983333333333334,1.0,114.62,2020,7,17,85.0,0,India_2004.csv
2020-07-18,2004,111.0,40.0,7.0,4.0,10.0,16.0,2,2,1,1,3,3,11,11,-3.963074639745902,1.17048940723525,11.723663,6.239913,-7.195145,62.386288,4,2020-07-18,31.44666666666667,0.0,76.00166666666667,9.549999999999999,1.0,107.76333333333334,2020,7,18,111.0,0,India_2004.csv
2020-07-19,2004,95.0,28.0,6.0,9.0,4.0,7.0,2,2,1,1,3,3,0,0,-3.7314674905496785,-2.473540047201678,7.296682,-2.0864713,-67.95381,-23.37018,4,2020-07-19,30.375,0.0,80.33166666666666,10.371666666666668,1.0,261.13166666666666,2020,7,19,95.0,0,India_2004.csv
2020-07-20,2004,74.0,16.0,7.0,3.0,12.0,4.0,2,2,1,1,3,3,0,0,-5.39301911786026,-1.275820008316108,9.770037,-3.4380653,-87.538185,-25.947737,4,2020-07-20,29.008333333333336,0.0,80.03166666666667,9.428333333333333,1.0,226.95666666666668,2020,7,20,74.0,0,India_2004.csv
2020-07-21,2004,50.0,28.0,9.0,4.0,7.0,6.4,2,2,1,1,3,3,0,0,-5.311622137462721,-1.4901940568950542,9.049413,-3.6029656,-89.44234,-36.54784,4,2020-07-21,28.126666666666665,0.0,83.13833333333334,6.718333333333334,1.0,183.91666666666666,2020,7,21,50.0,0,India_2004.csv
2020-07-22,2004,64.0,18.0,5.0,4.0,4.0,4.0,2,2,1,1,3,3,0,0,-5.592164583016261,-2.39647223766742,8.699997,-3.7204974,-87.74129,-39.146687,4,2020-07-22,26.956666666666667,0.0,87.25666666666666,8.351666666666667,1.0,257.52833333333336,2020,7,22,64.0,0,India_2004.csv
2020-07-23,2004,50.0,29.0,5.0,5.0,13.0,3.0,2,2,1,1,3,3,0,0,-5.377758466325289,-1.7548634882837697,9.506156,-3.6857514,-93.057205,-33.024822,4,2020-07-23,28.953333333333333,0.0,77.24833333333333,6.823333333333333,1.0,216.51999999999998,2020,7,23,50.0,0,India_2004.csv
2020-07-24,2004,66.0,40.0,7.0,4.0,10.0,4.0,2,2,1,1,3,3,0,0,-4.970917790819473,-1.5851732190106986,9.004942,-3.6257772,-85.4606,-34.942036,4,2020-07-24,28.776666666666667,0.0,79.89333333333333,8.78,1.0,111.415,2020,7,24,66.0,0,India_2004.csv
2020-07-25,2004,92.0,35.0,6.0,2.0,10.0,3.0,2,2,1,1,3,3,0,0,-5.064120565398582,-1.4090284317694253,9.73529,-3.2028637,-90.72703,-18.181257,4,2020-07-25,28.813333333333333,0.0,83.27666666666667,9.276666666666666,1.0,106.96499999999999,2020,7,25,92.0,0,India_2004.csv
2020-07-26,2004,75.0,41.0,6.0,4.0,16.0,4.0,2,2,1,1,3,3,0,0,-4.792888826071738,-0.8800414551816351,10.38371,-3.003564,-89.29881,-25.596909,4,2020-07-26,30.233333333333334,0.0,79.875,5.3566666666666665,1.0,152.59,2020,7,26,75.0,0,India_2004.csv
2020-07-27,2004,79.0,39.0,5.0,4.0,14.0,4.0,2,2,1,1,3,3,0,0,-4.851683308690536,-1.113568650195431,10.004202,-3.3432264,-88.84809,-26.227528,4,2020-07-27,31.185000000000002,0.0,74.125,11.101666666666667,1.0,273.7366666666667,2020,7,27,79.0,0,India_2004.csv
2020-07-28,2004,58.0,26.0,5.0,3.0,14.0,4.0,2,2,1,1,3,3,0,0,-5.653765581199906,-1.061879388255106,9.96924,-3.5777044,-92.18407,-29.962234,4,2020-07-28,31.668333333333333,0.0,69.41833333333334,12.081666666666669,1.0,234.54166666666666,2020,7,28,58.0,0,India_2004.csv
2020-07-29,2004,36.0,27.0,8.0,2.0,11.0,4.0,2,2,1,1,3,3,0,0,-6.052030161519155,-1.2618993797896583,9.528368,-3.700373,-91.57049,-35.50976,4,2020-07-29,29.94333333333333,0.0,76.35333333333334,10.316666666666666,1.0,154.96333333333334,2020,7,29,36.0,0,India_2004.csv
2020-07-30,2004,42.0,22.0,6.0,3.0,12.0,3.0,2,2,1,1,3,3,0,0,-5.977448290201374,-1.5659494692873008,9.533876,-3.7710361,-93.506966,-33.606594,4,2020-07-30,28.776666666666667,0.0,81.85,6.441666666666666,1.0,148.23,2020,7,30,42.0,0,India_2004.csv
2020-07-31,2004,36.0,48.0,9.0,4.0,17.0,3.0,2,2,1,1,3,3,0,0,-5.173646995966567,-1.0400125287919655,9.580084,-3.512353,-94.32487,-36.3231,4,2020-07-31,29.305000000000003,0.0,84.53833333333334,6.760000000000001,1.0,125.29833333333333,2020,7,31,48.0,0,India_2004.csv
2020-08-01,2004,93.0,48.0,8.0,3.0,15.0,5.0,2,2,1,1,3,3,0,0,-4.390789674950217,-0.4967094942861287,10.566527,-2.028503,-84.340904,-3.1726277,4,2020-08-01,29.474999999999998,0.0,83.915,5.515,1.0,158.45666666666668,2020,8,1,93.0,0,India_2004.csv
2020-08-02,2004,72.0,37.0,5.0,4.0,12.0,5.0,2,2,1,1,3,3,0,0,-5.0230974323269395,-1.152215349521483,9.652072,-3.4989936,-87.08266,-27.716505,4,2020-08-02,31.27333333333333,0.0,76.265,8.386666666666667,1.0,251.6833333333333,2020,8,2,72.0,0,India_2004.csv
2020-08-03,2004,31.0,39.0,6.0,3.0,12.0,5.0,2,2,1,1,3,3,0,0,-5.873146265387811,-1.0772421034955753,9.53855,-3.7004962,-91.45574,-35.348896,4,2020-08-03,31.395,0.0,75.86666666666666,8.82,1.0,226.09,2020,8,3,39.0,0,India_2004.csv
2020-08-04,2004,39.0,37.0,6.0,3.0,12.0,5.0,2,2,1,1,3,3,0,0,-5.757940876775905,-1.0638368507995946,9.601493,-3.6210806,-91.34627,-35.270485,4,2020-08-04,31.69333333333333,0.0,75.73666666666666,6.956666666666667,1.0,200.76500000000001,2020,8,4,39.0,0,India_2004.csv
2020-08-05,2004,38.0,51.0,9.0,4.0,7.0,5.0,2,2,1,1,3,3,0,0,-5.17724404137592,-1.718924916141492,9.12117,-3.6421921,-90.21186,-36.422783,4,2020-08-05,30.41333333333333,0.0,79.13333333333333,11.571666666666667,1.0,82.78333333333335,2020,8,5,51.0,0,India_2004.csv
2020-08-06,2004,79.0,44.0,7.0,3.0,7.0,5.0,2,2,1,1,3,3,0,0,-4.886680201677195,-1.4742847494431062,8.010205,-3.2193253,-76.9747,-29.716194,4,2020-08-06,30.88,0.0,70.165,25.171666666666667,1.0,99.82333333333334,2020,8,6,79.0,0,India_2004.csv
2020-08-07,2004,42.0,36.0,8.0,4.0,10.0,5.0,2,2,1,1,3,3,0,0,-5.389523544825704,-1.4474798490023268,9.224699,-3.6550758,-90.33188,-36.288464,4,2020-08-07,29.911666666666665,0.0,80.38333333333333,11.885,1.0,123.72333333333334,2020,8,7,42.0,0,India_2004.csv
2020-08-08,2004,48.0,52.0,7.0,4.0,20.0,5.0,2,2,1,1,3,3,0,0,-4.973642097252781,-0.22302564764738395,10.772824,-2.7629385,-90.79338,-0.40110192,4,2020-08-08,30.846666666666664,0.0,78.23666666666666,4.358333333333333,1.0,190.49833333333333,2020,8,8,52.0,0,India_2004.csv
2020-08-09,2004,97.0,40.0,7.0,4.0,10.0,4.0,2,2,1,1,3,3,0,0,-4.397527833611904,-1.495382572896018,9.295095,-3.1003702,-83.91939,-26.5292,4,2020-08-09,29.595,0.0,84.38833333333334,6.326666666666667,1.0,144.36666666666667,2020,8,9,97.0,0,India_2004.csv
2020-08-10,2004,71.0,41.0,8.0,3.0,7.0,4.0,2,2,1,1,3,3,0,0,-5.022210350853868,-1.7229181156034556,8.691801,-3.5546417,-85.453926,-37.021774,4,2020-08-10,28.86,0.0,86.98666666666666,8.171666666666667,1.0,114.575,2020,8,10,71.0,0,India_2004.csv
2020-08-11,2004,53.0,51.0,7.0,5.0,12.0,5.0,2,2,1,1,3,3,0,0,-4.792057819969699,-1.2989504944966028,9.481497,-3.450079,-89.52353,-34.276127,4,2020-08-11,28.916666666666668,0.0,87.69,7.163333333333334,1.0,241.37666666666667,2020,8,11,53.0,0,India_2004.csv
2020-08-12,2004,78.0,35.0,6.0,4.0,8.0,4.0,2,2,1,1,3,3,0,0,-4.9308898400109245,-1.8101783794410795,8.97018,-3.5848408,-85.03347,-32.59655,4,2020-08-12,29.873333333333335,0.0,82.89,9.85,1.0,235.40666666666667,2020,8,12,78.0,0,India_2004.csv
2020-08-13,2004,49.0,15.0,9.0,5.0,4.0,2.0,2,2,1,1,3,3,0,0,-5.4424697875838195,-3.0362601706451633,8.796536,-3.4060366,-81.93052,-58.00306,4,2020-08-13,26.560000000000002,0.0,94.21999999999998,8.928333333333333,1.0,80.37666666666667,2020,8,13,49.0,0,India_2004.csv
2020-08-14,2004,36.0,27.0,9.0,4.0,4.0,1.0,2,2,1,1,3,3,0,0,-5.701628939475796,-3.058095194975551,8.819488,-3.4598625,-81.442955,-57.890102,4,2020-08-14,27.73,0.0,89.08166666666666,12.331666666666665,1.0,104.84666666666668,2020,8,14,36.0,0,India_2004.csv
2020-08-15,2004,45.0,34.0,7.0,3.0,7.0,1.0,2,2,1,1,3,3,0,0,-5.737891354832328,-2.496704275868775,8.850186,-3.6323302,-81.53977,-57.03677,4,2020-08-15,29.03333333333333,0.0,86.04833333333333,10.160000000000002,1.0,109.96,2020,8,15,45.0,0,India_2004.csv
2020-08-16,2004,61.0,23.0,7.0,3.0,6.0,2.0,2,2,1,1,3,3,0,0,-5.619435851676141,-2.398990415498463,8.796872,-3.728696,-87.22112,-46.487183,4,2020-08-16,28.895,0.0,86.985,9.125,1.0,120.07833333333333,2020,8,16,61.0,0,India_2004.csv
2020-08-17,2004,45.0,37.0,9.0,6.0,10.0,2.0,2,2,1,1,3,3,0,0,-4.883957107751564,-2.4342670658303227,8.987845,-3.379616,-82.52962,-55.60068,4,2020-08-17,29.276666666666667,0.0,85.71166666666666,8.325000000000001,1.0,125.48,2020,8,17,45.0,0,India_2004.csv
2020-08-18,2004,69.0,34.0,9.0,5.0,8.0,1.0,2,2,1,1,3,3,0,0,-4.728291677993502,-2.649562574897891,8.598526,-3.0811908,-76.23282,-59.16533,4,2020-08-18,29.603333333333335,0.0,84.59666666666666,5.235,1.0,212.54333333333332,2020,8,18,69.0,0,India_2004.csv
2020-08-19,2004,66.0,23.0,12.0,6.0,5.0,1.0,2,2,1,1,3,3,0,0,-4.570366685303392,-3.205142722232839,8.437883,-2.72607,-74.89729,-59.867493,4,2020-08-19,26.91333333333333,0.0,92.55,6.913333333333334,1.0,152.17666666666665,2020,8,19,66.0,0,India_2004.csv
2020-08-20,2004,46.0,25.0,13.0,6.0,17.0,2.0,2,2,1,1,3,3,0,0,-4.673900464687275,-1.6622737034706687,9.266613,-1.0965546,-28.501904,-86.115685,4,2020-08-20,26.560000000000002,0.0,91.91666666666667,8.096666666666666,1.0,84.56166666666667,2020,8,20,46.0,0,India_2004.csv
2020-08-21,2004,53.0,33.0,9.0,4.0,20.0,3.0,2,2,1,1,3,3,0,0,-5.069256687243391,-0.7229484089864388,10.814139,-2.6032653,-89.15045,19.098738,4,2020-08-21,28.726666666666663,0.0,77.52,13.99,1.0,91.61000000000001,2020,8,21,53.0,0,India_2004.csv
2020-08-22,2004,59.0,34.0,5.0,3.0,5.0,2.0,2,2,1,1,3,3,0,0,-5.640545795761237,-2.4806884032282204,8.81962,-3.8777323,-87.002106,-44.653072,4,2020-08-22,28.618333333333336,0.0,76.58999999999999,17.823333333333334,1.0,86.2,2020,8,22,59.0,0,India_2004.csv
2020-08-23,2004,71.0,20.0,6.0,3.0,2.0,3.0,2,2,1,1,3,3,0,0,-5.592807143078609,-2.6286267894745614,8.545331,-3.6832068,-87.301125,-39.59802,4,2020-08-23,28.158333333333335,0.0,82.07666666666667,17.166666666666668,1.0,93.94333333333333,2020,8,23,71.0,0,India_2004.csv
2020-08-24,2004,82.0,35.0,6.0,3.0,4.0,5.0,2,2,1,1,3,3,0,0,-5.090551515755521,-1.8585819855504522,7.9125233,-3.1751614,-76.909035,-29.67653,4,2020-08-24,27.858333333333334,0.0,82.79666666666667,14.078333333333333,1.0,121.91166666666668,2020,8,24,82.0,0,India_2004.csv
2020-08-25,2004,59.0,47.0,7.0,4.0,8.0,3.0,2,2,1,1,3,3,0,0,-5.024134512718411,-2.017424404947131,8.968831,-3.6280084,-86.4281,-35.756237,4,2020-08-25,28.508333333333336,0.0,80.61666666666666,9.656666666666666,1.0,154.25833333333333,2020,8,25,59.0,0,India_2004.csv
2020-08-26,2004,62.0,51.0,7.0,4.0,9.0,4.0,2,2,1,1,3,3,0,0,-4.876588730416605,-1.65673445207663,8.93692,-3.597529,-86.73466,-35.517857,4,2020-08-26,29.168333333333333,0.0,79.38166666666666,7.403333333333333,1.0,242.59166666666667,2020,8,26,62.0,0,India_2004.csv
2020-08-27,2004,53.0,51.0,6.0,5.0,10.0,5.0,2,2,1,1,3,3,0,0,-4.892071715923519,-1.5342971529299398,9.248049,-3.5337229,-89.402885,-34.29889,4,2020-08-27,28.709999999999997,0.0,82.68833333333333,5.97,1.0,224.81333333333336,2020,8,27,53.0,0,India_2004.csv
2020-08-28,2004,66.0,115.0,11.0,7.0,12.0,5.0,2,2,1,1,3,3,0,0,-2.7968684946259583,-1.2689044461999115,7.658764,0.7578514,-29.712032,-47.026142,4,2020-08-28,28.411666666666665,0.0,85.50833333333333,5.526666666666667,1.0,174.57833333333335,2020,8,28,115.0,0,India_2004.csv
2020-08-29,2004,97.0,61.0,9.0,5.0,9.0,4.0,2,2,1,1,3,3,0,0,-3.7122731167561662,-1.6665929837886155,7.941556,-2.0980682,-61.42172,-32.892696,4,2020-08-29,28.82166666666667,0.0,80.99333333333333,9.171666666666667,1.0,91.68666666666667,2020,8,29,97.0,0,India_2004.csv
2020-08-30,2004,98.0,43.0,8.0,3.0,5.0,3.0,2,2,1,1,3,3,0,0,-4.528463136139652,-2.08110545802732,7.9737244,-2.6605194,-61.636875,-37.20737,4,2020-08-30,27.811666666666667,0.0,80.40333333333332,20.583333333333332,1.0,100.485,2020,8,30,98.0,0,India_2004.csv
2020-08-31,2004,64.0,31.0,7.0,3.0,1.0,5.0,2,2,1,1,3,3,0,0,-5.448500866028174,-2.263359015334876,8.462712,-3.609711,-87.31232,-38.51283,4,2020-08-31,27.811666666666667,0.0,78.38666666666667,13.618333333333332,1.0,152.215,2020,8,31,64.0,0,India_2004.csv
2020-09-01,2004,44.0,40.0,9.0,3.0,1.0,8.0,2,2,1,1,3,3,0,0,-5.474674333150901,-1.6050793279906879,6.76202,-1.9581097,-70.41797,6.235006,4,2020-09-01,28.698333333333334,0.0,75.37333333333333,9.441666666666668,1.0,201.89,2020,9,1,44.0,0,India_2004.csv
2020-09-02,2004,46.0,52.0,9.0,5.0,1.0,5.0,2,2,1,1,3,3,0,0,-4.8836064301137965,-2.5490122525507455,8.315347,-3.0881069,-77.15607,-48.566856,4,2020-09-02,28.935000000000002,0.0,78.73666666666666,5.791666666666667,1.0,186.79,2020,9,2,52.0,0,India_2004.csv
2020-09-03,2004,66.0,65.0,11.0,5.0,1.0,5.0,2,2,1,1,3,3,0,0,-4.1482651399230805,-2.411671025369571,8.10457,-2.8803012,-75.86989,-49.00019,4,2020-09-03,28.496666666666666,0.0,83.04333333333334,10.663333333333334,1.0,102.69,2020,9,3,66.0,0,India_2004.csv
2020-09-04,2004,93.0,66.0,9.0,4.0,1.0,7.0,2,2,1,1,3,3,0,0,-3.9563363270636684,-1.7309620257635085,7.229794,-2.3588762,-72.68283,-26.108849,4,2020-09-04,28.94333333333333,0.0,82.59666666666666,8.626666666666667,1.0,154.26999999999998,2020,9,4,93.0,0,India_2004.csv
2020-09-05,2004,101.0,49.0,11.0,5.0,6.0,5.0,2,2,1,1,3,3,0,0,-3.7035238401128963,-1.8199719549653697,7.7555404,-2.174445,-60.609573,-31.511866,4,2020-09-05,28.396666666666665,0.0,85.645,5.045,1.0,211.75833333333333,2020,9,5,101.0,0,India_2004.csv
2020-09-06,2004,79.0,51.0,10.0,4.0,1.0,4.0,2,2,1,1,3,3,0,0,-4.428692707173609,-2.4931265781561454,8.042848,-2.828047,-73.3682,-48.272903,4,2020-09-06,28.438333333333333,0.0,85.31666666666668,5.355,1.0,264.5733333333333,2020,9,6,79.0,0,India_2004.csv
2020-09-07,2004,86.0,64.0,10.0,6.0,1.0,3.0,2,2,1,1,3,3,0,0,-3.6995089525410045,-2.980140483530866,8.080132,-2.570633,-71.72769,-49.786644,4,2020-09-07,28.823333333333334,0.0,83.57666666666667,4.796666666666667,1.0,249.64666666666668,2020,9,7,86.0,0,India_2004.csv
2020-09-08,2004,104.0,59.0,8.0,4.0,1.0,4.0,2,2,1,1,3,3,0,0,-3.9876488597738557,-2.397578657224164,7.6000223,-2.1657734,-57.597286,-33.80908,4,2020-09-08,29.463333333333335,0.0,78.78,5.551666666666667,1.0,288.9766666666667,2020,9,8,104.0,0,India_2004.csv
2020-09-09,2004,74.0,72.0,8.0,4.0,1.0,4.0,2,2,1,1,3,3,0,0,-4.329562335757413,-2.4209908937696003,8.014505,-2.889537,-74.8681,-48.361855,4,2020-09-09,29.775000000000002,0.0,74.97166666666666,6.988333333333333,1.0,304.54833333333335,2020,9,9,74.0,0,India_2004.csv
2020-09-10,2004,96.0,65.0,8.0,4.0,1.0,4.0,2,2,1,1,3,3,0,0,-4.037322042558759,-2.391451027960588,7.7016916,-2.458477,-57.735126,-33.663227,4,2020-09-10,29.843333333333334,0.0,72.80499999999999,8.625,1.0,268.5466666666667,2020,9,10,96.0,0,India_2004.csv
2020-09-11,2004,111.0,71.0,8.0,5.0,2.0,3.0,2,2,1,1,3,3,0,0,-3.463626170483886,-2.5997877449340465,7.822082,-1.950766,-57.705246,-36.69246,4,2020-09-11,30.316666666666666,0.0,70.33333333333333,6.626666666666666,1.0,211.01833333333335,2020,9,11,111.0,0,India_2004.csv
2020-09-12,2004,124.0,71.0,8.0,4.0,1.0,4.0,2,2,1,1,3,3,0,0,-3.4211228792631445,-2.2810504553425046,7.2386556,-1.0404724,-56.01063,-34.64338,4,2020-09-12,30.40833333333333,0.0,70.76333333333334,6.035,1.0,203.82666666666668,2020,9,12,124.0,0,India_2004.csv
2020-09-13,2004,143.0,72.0,7.0,4.0,1.0,4.0,2,2,1,1,3,3,0,0,-3.1295232951135707,-2.2290990746163217,7.0187016,-0.2997862,-35.37898,-33.834595,4,2020-09-13,30.176666666666666,0.0,74.27666666666667,5.484999999999999,1.0,112.88166666666666,2020,9,13,143.0,0,India_2004.csv
2020-09-14,2004,142.0,82.0,7.0,4.0,1.0,5.0,2,2,1,1,3,3,0,0,-2.9695636469094673,-1.9643865684920199,7.009767,-0.2738742,-35.60324,-33.666985,4,2020-09-14,30.18166666666667,0.0,75.15166666666667,4.926666666666667,1.0,146.87666666666667,2020,9,14,142.0,0,India_2004.csv
2020-09-15,2004,159.0,78.0,8.0,4.0,2.0,5.0,2,2,1,1,3,3,0,0,-2.632541290526614,-1.8130236687205274,7.011161,-0.15403718,-34.895226,-33.338345,4,2020-09-15,31.008333333333336,0.0,68.71666666666667,5.698333333333333,1.0,221.18666666666664,2020,9,15,159.0,0,India_2004.csv
2020-09-16,2004,154.0,82.0,8.0,5.0,5.0,4.0,2,2,1,1,3,3,0,0,-2.4377427142699064,-1.8616745199632525,7.0152006,0.031011403,-33.816505,-33.611237,4,2020-09-16,31.820000000000004,0.0,63.38666666666666,7.265000000000001,1.0,281.9116666666667,2020,9,16,154.0,0,India_2004.csv
2020-09-17,2004,146.0,65.0,7.0,4.0,2.0,4.0,2,2,1,1,3,3,0,0,-3.176816595226729,-2.140901504745971,7.04756,-0.15055239,-35.26397,-33.911198,4,2020-09-17,32.13333333333333,0.0,59.10333333333333,11.243333333333334,1.0,288.225,2020,9,17,146.0,0,India_2004.csv
2020-09-18,2004,112.0,63.0,8.0,4.0,3.0,5.0,2,2,1,1,3,3,0,0,-3.735721792808599,-1.9087155105938922,7.321435,-1.3897392,-56.52707,-33.88811,4,2020-09-18,32.223333333333336,0.0,58.696666666666665,8.923333333333334,1.0,291.125,2020,9,18,112.0,0,India_2004.csv
2020-09-19,2004,108.0,72.0,7.0,5.0,2.0,5.0,2,2,1,1,3,3,0,0,-3.5496980259132265,-2.174005249211515,7.3165417,-1.4699348,-56.70595,-33.715897,4,2020-09-19,31.338333333333335,0.0,66.13166666666666,6.093333333333334,1.0,205.52166666666665,2020,9,19,108.0,0,India_2004.csv
2020-09-20,2004,132.0,81.0,8.0,4.0,2.0,5.0,2,2,1,1,3,3,0,0,-3.0827962683279275,-1.8765787543503318,7.0760107,-0.4331697,-35.929653,-33.66319,4,2020-09-20,30.773333333333337,0.0,64.57666666666667,8.813333333333333,1.0,257.755,2020,9,20,132.0,0,India_2004.csv
2020-09-21,2004,141.0,86.0,8.0,6.0,3.0,5.0,2,2,1,1,3,3,0,0,-2.421160035675992,-2.0643979216398134,6.991061,-0.03202714,-37.692383,-34.00265,4,2020-09-21,31.32166666666667,0.0,62.50666666666667,7.114999999999999,1.0,157.17666666666665,2020,9,21,141.0,0,India_2004.csv
2020-09-22,2004,141.0,54.0,9.0,6.0,1.0,4.0,2,2,1,1,3,3,0,0,-2.9076257708510824,-2.658854806695843,7.1443024,-0.20804225,-35.91721,-35.20834,4,2020-09-22,30.123333333333335,0.0,73.38333333333334,9.063333333333333,1.0,101.835,2020,9,22,141.0,0,India_2004.csv
2020-09-23,2004,96.0,46.0,8.0,5.0,1.0,5.0,2,2,1,1,3,3,0,0,-4.133298421215588,-2.4414528633335144,7.4894304,-2.5217068,-73.39867,-26.755692,4,2020-09-23,29.411666666666665,0.0,74.49333333333334,7.141666666666667,1.0,106.93166666666666,2020,9,23,96.0,0,India_2004.csv
2020-09-24,2004,68.0,56.0,9.0,5.0,3.0,4.0,2,2,1,1,3,3,0,0,-4.401979339721073,-2.4571520052112024,8.165445,-2.952219,-75.8404,-48.340107,4,2020-09-24,29.798333333333332,0.0,67.47166666666666,8.53,1.0,186.72333333333336,2020,9,24,68.0,0,India_2004.csv
2020-09-25,2004,103.0,72.0,11.0,5.0,3.0,5.0,2,2,1,1,3,3,0,0,-3.325416979546593,-2.0429371691887606,7.73719,-1.8862332,-59.70366,-31.758821,4,2020-09-25,30.28,0.0,59.43166666666667,10.633333333333333,1.0,268.95,2020,9,25,103.0,0,India_2004.csv
2020-09-26,2004,121.0,77.0,13.0,6.0,5.0,5.0,2,2,1,1,3,3,0,0,-2.533658556764428,-1.8990703294532512,7.533718,-0.4789845,-43.80203,-33.976124,4,2020-09-26,29.316666666666666,0.0,56.91833333333333,10.221666666666666,1.0,278.1166666666667,2020,9,26,121.0,0,India_2004.csv
2020-09-27,2004,117.0,61.0,14.0,5.0,3.0,5.0,2,2,1,1,3,3,0,0,-3.0180323679837056,-2.0322074088760136,7.7645125,-0.664557,-45.195274,-33.595276,4,2020-09-27,28.89,0.0,60.165,8.176666666666668,1.0,286.97166666666664,2020,9,27,117.0,0,India_2004.csv
2020-09-28,2004,92.0,96.0,18.0,6.0,2.0,5.0,2,2,1,1,3,3,0,0,-2.4133935947949112,-2.191534706486115,7.9637804,1.5262812,-11.52586,-68.849945,4,2020-09-28,28.531666666666666,0.0,56.50666666666667,10.713333333333333,1.0,302.85499999999996,2020,9,28,96.0,0,India_2004.csv
2020-09-29,2004,149.0,101.0,18.0,5.0,2.0,5.0,2,2,1,1,3,3,1,1,-1.4778573898461382,-1.8260223597107659,7.761928,2.7125947,11.211915,-21.168303,4,2020-09-29,28.07166666666667,0.0,54.04333333333333,11.208333333333334,1.0,301.215,2020,9,29,149.0,0,India_2004.csv
2020-09-30,2004,156.0,86.0,18.0,6.0,3.0,5.0,2,2,1,1,3,3,1,1,-1.381552595939449,-1.9413018955054933,7.803981,2.7043283,11.285278,-20.920256,4,2020-09-30,27.961666666666662,0.0,51.73,12.138333333333334,1.0,296.2916666666667,2020,9,30,156.0,0,India_2004.csv
2020-10-01,2004,146.0,88.0,20.0,7.0,2.0,5.0,2,2,1,1,3,3,1,1,-1.19254086046441,-2.23425836547969,7.7750616,2.6571903,11.177439,-20.673988,4,2020-10-01,28.294999999999998,0.0,57.67333333333334,9.946666666666667,1.0,295.9166666666667,2020,10,1,146.0,0,India_2004.csv
2020-10-02,2004,145.0,94.0,20.0,6.0,6.0,4.0,2,2,1,1,3,3,1,1,-1.2804451164587762,-1.7958717255873293,7.814072,2.5666194,9.778037,-21.141466,4,2020-10-02,27.893333333333334,0.0,60.794999999999995,8.216666666666667,1.0,251.73000000000002,2020,10,2,145.0,0,India_2004.csv
2020-10-03,2004,189.0,88.0,21.0,5.0,3.0,7.0,2,2,1,1,0,0,1,1,-0.6811817415003991,-1.1985063459723821,7.8258862,3.0063727,18.542809,-31.775436,4,2020-10-03,27.161666666666665,0.0,54.70166666666666,8.218333333333332,1.0,293.8233333333333,2020,10,3,189.0,0,India_2004.csv
2020-10-04,2004,170.0,93.0,23.0,5.0,3.0,4.0,2,2,1,1,0,0,1,1,-0.8421425118833189,-1.8695236727646698,7.702331,3.1183884,18.411919,-34.364784,4,2020-10-04,26.305000000000003,0.0,54.29833333333334,8.871666666666668,1.0,287.395,2020,10,4,170.0,0,India_2004.csv
2020-10-05,2004,154.0,99.0,18.0,6.0,12.0,2.0,2,2,1,1,3,3,1,1,-1.1423503329138986,-1.5167253694442384,7.776012,3.1035392,-0.5182203,-16.656948,4,2020-10-05,26.671666666666667,0.0,52.84,10.781666666666666,1.0,303.805,2020,10,5,154.0,0,India_2004.csv
2020-10-06,2004,124.0,97.0,23.0,9.0,10.0,5.0,2,2,1,1,0,0,1,1,-0.7268212887390532,-1.67260462116914,8.128246,2.7974484,10.954285,-13.484801,4,2020-10-06,26.536666666666665,0.0,57.475,9.753333333333332,1.0,266.585,2020,10,6,124.0,0,India_2004.csv
2020-10-07,2004,145.0,102.0,26.0,6.0,19.0,4.0,2,2,1,1,0,0,1,1,-0.5373973120815013,-0.23103522488059156,8.750869,4.335606,24.57246,-17.37199,4,2020-10-07,26.77,0.0,59.51500000000001,7.38,1.0,241.89833333333334,2020,10,7,145.0,0,India_2004.csv
2020-10-08,2004,158.0,103.0,25.0,7.0,26.0,4.0,2,2,1,1,0,0,1,1,-0.07280672178982925,0.42337607725938525,10.358003,4.6447005,1.8028134,28.164562,4,2020-10-08,27.131666666666664,0.0,57.916666666666664,6.315,1.0,295.91166666666663,2020,10,8,158.0,0,India_2004.csv
2020-10-09,2004,157.0,106.0,23.0,7.0,32.0,4.0,2,2,1,1,0,0,1,1,-0.12319211843830179,1.1013446510915776,11.076017,4.4340806,0.2157593,33.03799,4,2020-10-09,26.86,0.0,60.06166666666667,5.5,1.0,270.3883333333333,2020,10,9,157.0,0,India_2004.csv
2020-10-10,2004,159.0,106.0,21.0,9.0,28.0,3.0,2,2,1,1,0,0,1,1,0.10050122530280302,0.06567325976342568,10.562133,3.9833055,-0.3360018,27.86895,4,2020-10-10,26.993333333333336,0.0,57.43,7.751666666666666,1.0,289.54833333333335,2020,10,10,159.0,0,India_2004.csv
2020-10-11,2004,163.0,105.0,21.0,8.0,26.0,4.0,2,2,1,1,0,0,1,1,-0.05174569369480045,0.23976815409858165,10.4525795,4.142142,0.34301555,26.975447,4,2020-10-11,27.52,0.0,57.781666666666666,6.1866666666666665,1.0,265.3883333333333,2020,10,11,163.0,0,India_2004.csv
2020-10-12,2004,167.0,128.0,28.0,9.0,45.0,5.0,0,0,2,2,2,2,4,4,1.3739461774830164,2.6223285187348835,11.865491,6.6323395,38.66637,49.668076,4,2020-10-12,26.84166666666667,0.0,64.91833333333334,6.61,1.0,92.48333333333335,2020,10,12,167.0,0,India_2004.csv
2020-10-13,2004,184.0,125.0,31.0,10.0,2.0,5.0,2,2,1,1,0,0,1,1,1.5569056670878938,-2.383890724818414,7.8179584,6.005092,33.36853,-36.017986,4,2020-10-13,27.581666666666667,0.0,63.876666666666665,7.858333333333333,1.0,86.19166666666666,2020,10,13,184.0,0,India_2004.csv
2020-10-14,2004,186.0,117.0,26.0,15.0,32.6,4.0,0,0,2,2,0,0,1,1,2.434621507088661,-0.07681041465333334,10.192387,6.7453074,33.602314,43.997536,4,2020-10-14,27.763333333333335,0.0,66.0,6.461666666666667,1.0,66.92166666666667,2020,10,14,186.0,0,India_2004.csv
2020-10-15,2004,186.0,132.0,28.0,17.0,19.0,4.0,1,1,0,0,0,0,1,1,3.0723275823816074,-1.8858222752451688,8.209862,7.1431093,58.401886,-12.49816,4,2020-10-15,26.66,0.0,55.11166666666667,7.488333333333333,1.0,165.11,2020,10,15,186.0,0,India_2004.csv
2020-10-16,2004,200.0,124.0,35.0,10.0,15.0,6.0,1,1,0,0,0,0,1,1,2.3106420370404237,-0.6138128406696727,8.505879,6.8850093,45.825493,-20.704407,4,2020-10-16,25.876666666666665,0.0,47.73333333333333,5.948333333333333,1.0,198.59666666666666,2020,10,16,200.0,0,India_2004.csv
2020-10-17,2004,184.0,141.0,38.0,10.0,23.0,5.0,1,1,0,0,0,0,10,10,2.6024259122573064,0.1375033692291023,9.160665,6.89735,42.854908,-17.666124,4,2020-10-17,26.320000000000004,0.0,49.43166666666667,6.068333333333334,1.0,204.13666666666668,2020,10,17,184.0,0,India_2004.csv
2020-10-18,2004,190.0,116.0,30.0,8.0,18.0,4.0,2,2,1,1,0,0,1,1,1.218625193584392,-0.46615437753614186,8.584812,5.860259,31.410398,-16.529194,4,2020-10-18,25.735,0.0,38.63666666666666,9.058333333333332,1.0,304.54333333333335,2020,10,18,190.0,0,India_2004.csv
2020-10-19,2004,164.0,129.0,29.0,5.0,22.0,3.0,2,2,1,1,0,0,1,1,0.3054214214773445,0.27803266877443056,8.792076,5.580386,31.068752,-17.54725,4,2020-10-19,24.761666666666667,0.0,39.97833333333333,9.495,1.0,303.1516666666667,2020,10,19,164.0,0,India_2004.csv
2020-10-20,2004,178.0,117.0,36.0,9.0,19.0,4.0,2,2,1,1,0,0,1,1,1.6829230391357133,-0.5105458238118655,8.764727,6.4314737,40.71993,-19.598347,4,2020-10-20,24.951666666666668,0.0,42.848333333333336,8.268333333333333,1.0,211.33166666666668,2020,10,20,178.0,0,India_2004.csv
2020-10-21,2004,167.0,107.0,41.0,10.0,15.0,4.0,2,2,1,1,0,0,1,1,1.849792711734199,-1.1821755028305199,8.786847,6.706728,40.764557,-21.94424,4,2020-10-21,26.099999999999998,0.0,44.38333333333333,6.085,1.0,124.68666666666667,2020,10,21,167.0,0,India_2004.csv
2020-10-22,2004,156.0,157.0,51.0,11.0,14.0,6.0,1,1,0,0,0,0,10,10,3.445674876193404,-0.742360798227691,9.474924,7.9547973,48.845104,0.47836408,4,2020-10-22,25.741666666666664,0.0,46.24166666666667,6.831666666666667,1.0,93.40166666666666,2020,10,22,157.0,0,India_2004.csv
2020-10-23,2004,213.0,201.0,48.0,7.0,22.0,5.0,1,1,0,0,0,0,10,10,4.2700387669380255,1.0084445071574757,9.024439,8.643403,71.08352,13.378493,4,2020-10-23,24.675,0.0,46.43166666666667,7.19,1.0,193.92166666666665,2020,10,23,213.0,0,India_2004.csv
2020-10-24,2004,264.0,180.0,48.0,11.0,23.0,6.0,1,1,0,0,0,0,10,10,5.698544815194285,0.6820956221646193,9.0981045,8.802065,68.703224,13.3396435,4,2020-10-24,24.985,0.0,45.126666666666665,7.043333333333333,1.0,244.24166666666667,2020,10,24,264.0,0,India_2004.csv
2020-10-25,2004,243.0,151.0,52.0,11.0,21.0,5.0,1,1,0,0,0,0,10,10,5.101451244174891,0.06535711058466755,9.212446,8.772853,69.85228,13.780772,4,2020-10-25,25.293333333333333,0.0,45.715,6.621666666666667,1.0,168.76333333333335,2020,10,25,243.0,0,India_2004.csv
2020-10-26,2004,223.0,174.0,48.0,9.0,17.0,5.0,1,1,0,0,0,0,10,10,4.354519031355609,-0.014886702566846797,9.079115,8.636319,70.64167,13.557787,4,2020-10-26,24.638333333333335,0.0,41.76333333333333,7.8616666666666655,1.0,312.2966666666667,2020,10,26,223.0,0,India_2004.csv
2020-10-27,2004,227.0,149.0,37.0,11.0,16.0,4.0,1,1,0,0,0,0,10,10,3.555380801076709,-0.8974573604119315,8.066917,7.4558597,51.227543,-26.870487,4,2020-10-27,22.83,0.0,37.026666666666664,10.895000000000001,1.0,297.57666666666665,2020,10,27,227.0,0,India_2004.csv
2020-10-28,2004,214.0,170.0,48.0,14.0,15.0,6.0,1,1,0,0,0,0,10,10,5.11673037663958,-0.9490787913731817,9.238118,8.7158,70.13875,14.644463,4,2020-10-28,23.451666666666668,0.0,44.251666666666665,5.7316666666666665,1.0,242.495,2020,10,28,214.0,0,India_2004.csv
2020-10-29,2004,222.0,215.0,57.0,20.0,14.0,8.0,1,1,0,0,1,1,10,10,7.9092982192625465,-1.366598135345227,9.670289,9.694552,76.80911,13.494598,4,2020-10-29,22.708333333333332,0.0,53.03666666666667,5.656666666666666,1.0,174.12,2020,10,29,222.0,0,India_2004.csv
2020-10-30,2004,276.0,196.0,39.0,18.0,5.0,9.0,1,1,0,0,1,1,5,5,6.731119372121329,-1.898784545383653,8.376886,9.362706,70.43377,-10.309021,4,2020-10-30,21.995,0.0,45.96666666666667,9.465,1.0,303.9433333333333,2020,10,30,276.0,0,India_2004.csv
2020-10-31,2004,265.0,274.0,28.0,17.0,7.0,7.0,1,1,0,0,1,1,5,5,6.761032716062697,-1.6715420993474972,7.9649944,9.792435,85.86988,-14.62625,4,2020-10-31,21.848333333333333,0.0,38.66166666666667,11.278333333333334,1.0,304.59,2020,10,31,274.0,0,India_2004.csv
2020-11-01,2004,314.0,259.0,28.0,17.0,11.0,7.0,1,1,0,0,1,1,5,5,7.469208577419145,-1.148100140857683,7.8193665,10.055685,87.49809,-16.05699,4,2020-11-01,21.191666666666666,0.0,34.10833333333333,10.68,1.0,285.0216666666667,2020,11,1,314.0,0,India_2004.csv
2020-11-02,2004,314.0,150.0,31.0,19.0,12.0,6.0,1,1,0,0,1,1,5,5,6.3107283649784565,-2.113557725901376,7.451516,9.533145,77.91381,-40.63855,4,2020-11-02,21.661666666666665,0.0,33.06166666666667,9.458333333333334,1.0,276.1666666666667,2020,11,2,314.0,0,India_2004.csv
2020-11-03,2004,211.0,119.0,34.0,13.0,11.0,7.0,1,1,0,0,0,0,1,1,2.925031426276615,-1.3783108960859116,8.3104515,7.1385846,48.954586,-18.930174,4,2020-11-03,21.483333333333334,0.0,37.42166666666667,7.216666666666666,1.0,245.11333333333334,2020,11,3,211.0,0,India_2004.csv
2020-11-04,2004,179.0,331.0,45.0,10.0,11.0,7.0,1,1,0,0,1,1,10,10,6.042704279638909,0.17985219185551587,9.029449,9.881743,84.07976,10.166602,4,2020-11-04,21.305,0.0,43.54333333333333,9.386666666666667,1.0,277.30333333333334,2020,11,4,331.0,0,India_2004.csv
2020-11-05,2004,348.0,231.0,45.0,19.0,15.0,7.0,1,1,0,0,1,1,5,5,9.383984452161975,-0.9481781736526989,8.271925,10.094035,94.643425,-18.53612,4,2020-11-05,22.37833333333333,0.0,43.29833333333334,7.243333333333333,1.0,266.6333333333334,2020,11,5,348.0,0,India_2004.csv
2020-11-06,2004,380.0,225.0,42.0,22.0,18.0,7.0,1,1,0,0,1,1,5,5,10.286651679388633,-1.0956040401920915,8.12525,10.345334,94.85803,-18.927193,4,2020-11-06,21.771666666666665,0.0,43.685,8.553333333333333,1.0,289.615,2020,11,6,380.0,0,India_2004.csv
2020-11-07,2004,289.0,319.0,43.0,19.0,17.0,5.0,1,1,0,0,1,1,2,2,9.5765201308366,-0.9154474722035841,8.728375,10.470964,82.55476,-2.9218006,4,2020-11-07,21.216666666666665,0.0,46.105,9.931666666666667,1.0,283.6983333333333,2020,11,7,319.0,0,India_2004.csv
2020-11-08,2004,358.0,288.0,44.0,20.0,15.0,6.0,1,1,0,0,1,1,2,2,10.612619951313807,-1.0436082526179031,8.310074,10.497935,94.49695,-18.823416,4,2020-11-08,21.19333333333333,0.0,52.495000000000005,5.276666666666666,1.0,199.06833333333336,2020,11,8,358.0,0,India_2004.csv
2020-11-09,2004,351.0,596.0,48.0,22.0,25.0,6.0,1,1,0,0,1,1,2,2,16.35434188708803,1.2569253126248072,8.60189,11.593179,98.608604,0.92420274,4,2020-11-09,20.795,0.0,55.81333333333333,6.601666666666667,1.0,188.34666666666666,2020,11,9,596.0,0,India_2004.csv
2020-11-10,2004,542.0,519.0,47.0,24.0,12.0,8.0,1,1,0,0,1,1,2,2,18.825368565700458,0.033756150366840675,8.499521,11.471851,103.73527,-2.1353717,4,2020-11-10,20.456666666666667,0.0,64.03333333333333,6.783333333333334,1.0,121.88833333333332,2020,11,10,542.0,0,India_2004.csv
2020-11-11,2004,484.0,166.0,41.0,26.0,10.0,12.0,1,1,0,0,1,1,5,5,11.948106325522348,-1.6100783076133183,7.2766685,10.483977,95.74294,-28.264618,4,2020-11-11,20.648333333333333,0.0,62.548333333333325,7.361666666666667,1.0,72.835,2020,11,11,484.0,0,India_2004.csv
2020-11-12,2004,238.0,173.0,35.0,24.0,17.0,10.0,1,1,0,0,1,1,10,10,6.708053387728179,-1.625940404869378,9.153513,8.306937,63.54168,-13.203084,4,2020-11-12,21.051666666666666,0.0,57.57666666666666,4.75,1.0,109.325,2020,11,12,238.0,0,India_2004.csv
2020-11-13,2004,244.0,169.0,30.0,19.0,27.0,9.0,1,1,0,0,0,0,5,5,5.473399633090685,0.13019884759922123,9.272404,8.702315,58.068737,34.15111,4,2020-11-13,20.391666666666666,0.0,58.1,5.586666666666667,1.0,276.4533333333333,2020,11,13,244.0,0,India_2004.csv
2020-11-14,2004,242.0,345.0,31.0,20.0,11.0,9.0,1,1,0,0,1,1,2,2,8.406338420403221,-1.0032317884881818,8.442503,10.292543,87.04372,-10.715387,4,2020-11-14,20.595,0.0,55.330000000000005,6.386666666666667,1.0,179.3116666666667,2020,11,14,345.0,0,India_2004.csv
2020-11-15,2004,423.0,320.0,21.0,16.0,11.0,7.0,1,1,0,0,1,1,2,2,9.750500246148176,-0.4142643149805073,7.5687113,10.759251,94.90412,-25.335651,4,2020-11-15,21.051666666666666,0.0,66.33833333333334,14.145000000000001,1.0,135.43,2020,11,15,423.0,0,India_2004.csv
2020-11-16,2004,381.0,76.0,20.0,13.0,9.0,7.0,1,1,0,0,0,0,5,5,4.274132740791386,-1.4347796341080514,6.7731075,9.65492,84.3323,-41.388702,4,2020-11-16,19.456666666666667,0.0,78.86333333333333,7.773333333333333,1.0,181.42166666666665,2020,11,16,381.0,0,India_2004.csv
2020-11-17,2004,165.0,78.0,23.0,12.0,14.0,7.0,2,2,1,1,0,0,1,1,0.39913168965211776,-1.2823051305042499,8.391492,4.4166574,8.010074,-7.224943,4,2020-11-17,18.325,0.0,73.69333333333334,8.918333333333333,1.0,309.57166666666666,2020,11,17,165.0,0,India_2004.csv
2020-11-18,2004,161.0,92.0,26.0,13.0,21.0,7.0,2,2,1,1,0,0,1,1,1.0671270465723481,-0.5817923271236635,9.59426,5.3484645,19.653103,10.140953,4,2020-11-18,17.85,0.0,68.50333333333333,7.061666666666667,1.0,209.125,2020,11,18,161.0,0,India_2004.csv
2020-11-19,2004,175.0,108.0,32.0,14.0,18.0,7.0,2,2,1,1,0,0,1,1,2.210482978926095,-0.9323903872669823,8.631746,6.749616,49.827614,-17.297,4,2020-11-19,16.503333333333334,0.0,67.155,6.941666666666666,1.0,291.3983333333333,2020,11,19,175.0,0,India_2004.csv
2020-11-20,2004,187.0,118.0,31.0,14.0,17.0,8.0,1,1,0,0,0,0,1,1,2.522781341185104,-0.7516794362444217,8.587813,7.0254207,50.41197,-17.655813,4,2020-11-20,16.636666666666667,0.0,57.695,12.298333333333332,1.0,306.87833333333333,2020,11,20,187.0,0,India_2004.csv
2020-11-21,2004,202.0,104.0,28.0,14.0,15.0,8.0,2,2,1,1,0,0,1,1,2.318418810892336,-1.0278739724149064,8.22218,7.0716906,53.12539,-18.984486,4,2020-11-21,15.746666666666668,0.0,57.565,13.721666666666666,1.0,290.535,2020,11,21,202.0,0,India_2004.csv
2020-11-22,2004,175.0,116.0,31.0,12.0,14.0,8.0,2,2,1,1,0,0,1,1,1.8310070617829761,-0.7852816972166229,8.651409,6.6617723,48.338856,-16.548212,4,2020-11-22,15.716666666666667,0.0,56.855,8.576666666666666,1.0,290.75166666666667,2020,11,22,175.0,0,India_2004.csv
2020-11-23,2004,194.0,150.0,48.0,22.0,10.0,8.0,1,1,0,0,0,0,10,10,5.994310593912019,-2.643551257821337,9.6392355,9.112347,66.14827,1.6776967,4,2020-11-23,15.476666666666667,0.0,63.968333333333334,6.038333333333333,1.0,110.925,2020,11,23,194.0,0,India_2004.csv
2020-11-24,2004,226.0,263.0,57.0,23.0,13.0,9.0,1,1,0,0,1,1,10,10,9.3744284583082,-1.543522679647377,9.662331,9.887723,77.96426,12.131125,4,2020-11-24,16.459999999999997,0.0,63.815,6.593333333333334,1.0,101.235,2020,11,24,263.0,0,India_2004.csv
2020-11-25,2004,321.0,211.0,46.0,17.0,5.0,9.0,1,1,0,0,1,1,5,5,8.142041657831305,-1.4634434657625544,8.46425,9.659314,72.0005,-8.871166,4,2020-11-25,16.98,0.0,68.17333333333333,8.393333333333333,1.0,95.61666666666667,2020,11,25,321.0,0,India_2004.csv
2020-11-26,2004,319.0,113.0,27.0,13.0,10.0,10.0,1,1,0,0,0,0,5,5,4.322814095607918,-0.6079059241568527,7.078959,9.144594,78.15105,-38.056744,4,2020-11-26,16.935,0.0,69.95,9.203333333333333,1.0,175.86333333333332,2020,11,26,319.0,0,India_2004.csv
2020-11-27,2004,171.0,83.0,26.0,12.0,12.0,9.0,2,2,1,1,0,0,1,1,0.8261265702870494,-1.0064436556762941,8.918321,5.6511145,46.980827,-13.552391,4,2020-11-27,17.105,0.0,67.56666666666668,12.163333333333334,1.0,299.6816666666667,2020,11,27,171.0,0,India_2004.csv
2020-11-28,2004,155.0,102.0,30.0,15.0,14.0,6.0,2,2,1,1,0,0,1,1,1.7282790233565575,-1.885086436304242,8.412337,6.336085,46.870617,-16.101213,4,2020-11-28,16.061666666666667,0.0,64.74833333333333,11.088333333333333,1.0,287.6483333333333,2020,11,28,155.0,0,India_2004.csv
2020-11-29,2004,175.0,111.0,35.0,11.0,17.0,8.0,2,2,1,1,0,0,1,1,1.888975973284274,-0.2607685439505815,8.879992,6.6551657,44.898167,-18.361084,4,2020-11-29,15.543333333333335,0.0,66.35,7.488333333333333,1.0,292.9633333333333,2020,11,29,175.0,0,India_2004.csv
2020-11-30,2004,183.0,144.0,39.0,26.0,18.0,9.0,1,1,0,0,0,0,10,10,5.919131030467134,-2.352080814269697,9.626684,9.13719,68.04507,2.5447614,4,2020-11-30,16.305,0.0,67.52333333333333,7.381666666666667,1.0,296.4316666666667,2020,11,30,183.0,0,India_2004.csv
2020-12-01,2004,222.0,198.0,44.0,19.0,20.0,11.0,1,1,0,0,0,0,10,10,6.554569524304653,-0.03868388677135404,9.617457,8.746242,65.68359,17.822157,4,2020-12-01,16.78333333333333,0.0,70.97166666666666,7.413333333333333,1.0,298.9866666666667,2020,12,1,222.0,0,India_2004.csv
2020-12-02,2004,280.0,169.0,40.0,16.0,20.0,10.0,1,1,0,0,0,0,5,5,6.230734025417832,0.2650532453407556,8.334131,9.085623,67.91967,-11.898038,4,2020-12-02,17.866666666666667,0.0,65.75,10.398333333333333,1.0,280.76166666666666,2020,12,2,280.0,0,India_2004.csv
2020-12-03,2004,257.0,137.0,35.0,14.0,20.0,9.0,1,1,0,0,0,0,5,5,4.483997831896027,0.13556400207828528,8.358824,8.500809,66.594025,-12.759989,4,2020-12-03,18.069999999999997,0.0,68.77833333333332,5.614999999999999,1.0,241.30666666666664,2020,12,3,257.0,0,India_2004.csv
2020-12-04,2004,214.0,217.0,50.0,23.0,14.0,12.0,1,1,0,0,1,1,10,10,7.92111184891814,-1.0886420901625367,9.533574,9.717691,75.144066,8.754052,4,2020-12-04,18.746666666666666,0.0,64.975,7.501666666666666,1.0,127.15333333333332,2020,12,4,217.0,0,India_2004.csv
2020-12-05,2004,290.0,180.0,38.0,16.0,13.0,9.0,1,1,0,0,1,1,5,5,6.3455622689648985,-0.6828092092999346,8.285166,9.226472,68.45089,-11.722662,4,2020-12-05,18.885,0.0,69.84833333333333,9.978333333333333,1.0,113.105,2020,12,5,290.0,0,India_2004.csv
2020-12-06,2004,285.0,177.0,36.0,16.0,17.0,9.0,1,1,0,0,1,1,5,5,6.099094556868691,-0.2731076690746087,8.230139,9.1808,68.12474,-11.891139,4,2020-12-06,18.688333333333333,0.0,73.94500000000001,6.918333333333333,1.0,239.7266666666667,2020,12,6,285.0,0,India_2004.csv
2020-12-07,2004,277.0,220.0,33.0,19.0,17.0,9.0,1,1,0,0,1,1,5,5,7.028978090563688,-0.638186680378983,8.21046,9.301229,71.083336,-11.92715,4,2020-12-07,18.331666666666667,0.0,74.59833333333333,9.185,1.0,286.69666666666666,2020,12,7,277.0,0,India_2004.csv
2020-12-08,2004,319.0,177.0,37.0,19.0,19.0,10.0,1,1,0,0,1,1,5,5,7.444643859983588,-0.248495693903504,8.208776,9.434486,68.64505,-11.734804,4,2020-12-08,18.43,0.0,72.645,5.535,1.0,172.1016666666667,2020,12,8,319.0,0,India_2004.csv
2020-12-09,2004,267.0,156.0,41.0,18.0,17.0,10.0,1,1,0,0,0,0,10,10,6.219173132666239,-0.521184990888653,8.383161,8.995264,67.74065,-11.851083,4,2020-12-09,18.638333333333332,0.0,72.99333333333334,5.758333333333333,1.0,274.045,2020,12,9,267.0,0,India_2004.csv
2020-12-10,2004,229.0,123.0,36.0,17.0,11.0,10.0,1,1,0,0,0,0,10,10,4.322515183247838,-1.3383701947562636,8.338565,7.782474,54.914318,-18.208752,4,2020-12-10,18.613333333333333,0.0,69.605,7.445,1.0,233.32333333333335,2020,12,10,229.0,0,India_2004.csv
2020-12-11,2004,186.0,136.0,41.0,16.0,5.0,9.0,1,1,0,0,0,0,10,10,3.8345323234190793,-2.0845367829204133,9.13726,7.610892,51.365944,-11.958631,4,2020-12-11,19.205000000000002,0.0,71.86833333333333,7.0633333333333335,1.0,154.00333333333333,2020,12,11,186.0,0,India_2004.csv
2020-12-12,2004,205.0,174.0,30.0,16.0,6.0,8.0,1,1,0,0,0,0,5,5,3.9674188856003645,-2.0366407775821926,8.223985,7.77159,57.444984,-16.531914,4,2020-12-12,17.186666666666667,0.0,83.395,6.423333333333333,1.0,175.81166666666664,2020,12,12,205.0,0,India_2004.csv
2020-12-13,2004,282.0,107.0,25.0,11.0,11.0,8.0,1,1,0,0,0,0,5,5,2.9690092571982674,-0.7321730379116463,7.1942344,8.725261,73.58454,-37.525574,4,2020-12-13,14.131666666666668,0.0,68.11166666666666,10.834999999999999,1.0,312.66333333333336,2020,12,13,282.0,0,India_2004.csv
2020-12-14,2004,191.0,82.0,22.0,12.0,13.0,10.0,2,2,1,1,0,0,1,1,0.9013324370174894,-0.6527892724234434,9.04587,5.5894556,7.433016,-4.237522,4,2020-12-14,12.101666666666667,0.0,74.32833333333333,9.479999999999999,1.0,320.785,2020,12,14,191.0,0,India_2004.csv
2020-12-15,2004,162.0,104.0,33.0,11.0,2.0,8.0,2,2,1,1,0,0,1,1,1.2029238128926463,-2.0538979992499873,8.238463,6.20404,31.54483,-36.008694,4,2020-12-15,11.225,0.0,72.90333333333332,8.578333333333333,1.0,327.18666666666667,2020,12,15,162.0,0,India_2004.csv
2020-12-16,2004,186.0,102.0,34.0,8.0,3.0,3.0,2,2,1,1,0,0,1,1,1.027030622510342,-2.4383856765739025,7.759158,6.1283493,35.773853,-34.061512,4,2020-12-16,11.343333333333334,0.0,70.05333333333333,11.615,1.0,314.07166666666666,2020,12,16,186.0,0,India_2004.csv
2020-12-17,2004,182.0,109.0,31.0,7.0,6.0,3.0,2,2,1,1,0,0,1,1,0.6740982851200128,-1.9226139796279655,7.905786,5.7718453,35.289192,-33.57846,4,2020-12-17,10.071666666666667,0.0,65.11833333333334,13.68,1.0,296.47666666666663,2020,12,17,182.0,0,India_2004.csv
2020-12-18,2004,194.0,116.0,37.0,10.0,10.0,4.0,2,2,0,0,0,0,1,1,2.132285457215272,-1.6603355637964,8.272326,6.720474,42.87429,-22.112427,4,2020-12-18,11.048333333333332,0.0,61.29833333333334,13.176666666666668,1.0,294.2,2020,12,18,194.0,0,India_2004.csv
2020-12-19,2004,192.0,136.0,39.0,10.0,12.0,5.0,1,1,0,0,0,0,1,1,2.613809462635599,-1.1063755717748383,8.546941,6.771143,43.102905,-21.29705,4,2020-12-19,12.351666666666667,0.0,60.54,13.245,1.0,289.40166666666664,2020,12,19,192.0,0,India_2004.csv
2020-12-20,2004,220.0,149.0,35.0,8.0,12.0,4.0,1,1,0,0,0,0,1,1,2.623846807857905,-0.8604342915080904,7.716308,7.5401764,51.71326,-30.723331,4,2020-12-20,13.401666666666666,0.0,65.55666666666666,11.515,1.0,291.1033333333333,2020,12,20,220.0,0,India_2004.csv
2020-12-21,2004,238.0,163.0,37.0,16.0,10.0,6.0,1,1,0,0,0,0,5,5,4.949445690802026,-1.9218084690237818,8.298423,8.505019,67.36366,-9.598392,4,2020-12-21,13.046666666666667,0.0,74.30333333333333,7.753333333333334,1.0,301.6033333333333,2020,12,21,238.0,0,India_2004.csv
2020-12-22,2004,242.0,268.0,40.0,21.0,12.0,8.0,1,1,0,0,1,1,10,10,8.028736191304858,-1.5886394416528657,9.087123,9.975624,81.52241,-0.46347994,4,2020-12-22,14.015,0.0,73.53666666666668,5.771666666666667,1.0,285.93833333333333,2020,12,22,268.0,0,India_2004.csv
2020-12-23,2004,344.0,287.0,40.0,22.0,14.0,10.0,1,1,0,0,1,1,2,2,10.480377977754697,-0.7114798989410046,8.282724,10.557826,94.7658,-16.705257,4,2020-12-23,13.405000000000001,0.0,75.97000000000001,6.221666666666667,1.0,310.3666666666667,2020,12,23,344.0,0,India_2004.csv
2020-12-24,2004,348.0,284.0,39.0,21.0,11.0,10.0,1,1,0,0,1,1,2,2,10.192624722776868,-0.8875837909329619,8.229017,10.550577,94.72849,-16.659933,4,2020-12-24,13.521666666666667,0.0,67.05333333333334,8.831666666666665,1.0,315.115,2020,12,24,348.0,0,India_2004.csv
2020-12-25,2004,337.0,154.0,35.0,16.0,12.0,8.0,1,1,0,0,1,1,5,5,6.533763186791226,-1.0300013138142432,7.585311,9.498653,78.311584,-39.713303,4,2020-12-25,13.056666666666667,0.0,70.66666666666667,9.356666666666667,1.0,304.21999999999997,2020,12,25,337.0,0,India_2004.csv
2020-12-26,2004,239.0,165.0,34.0,18.0,13.0,8.0,1,1,0,0,0,0,5,5,5.2383613340973385,-1.5064084509914044,8.328885,8.31005,65.75495,-12.483247,4,2020-12-26,12.931666666666667,0.0,71.645,8.678333333333333,1.0,227.5616666666667,2020,12,26,239.0,0,India_2004.csv
2020-12-27,2004,248.0,193.0,41.0,14.0,9.0,7.0,1,1,0,0,0,0,10,10,5.532139491961617,-1.257406983433561,8.423583,9.178339,69.126434,-9.106288,4,2020-12-27,14.895000000000001,0.0,62.60333333333333,10.37,1.0,199.76333333333332,2020,12,27,248.0,0,India_2004.csv
2020-12-28,2004,272.0,131.0,28.0,14.0,10.0,8.0,1,1,0,0,0,0,5,5,3.996018702467981,-1.2617278721330016,7.264807,8.704987,73.53807,-37.070244,4,2020-12-28,11.151666666666666,0.0,59.445,10.421666666666667,1.0,339.5466666666667,2020,12,28,272.0,0,India_2004.csv
2020-12-29,2004,168.0,136.0,31.0,13.0,11.0,8.0,2,2,1,1,0,0,1,1,2.1941735449274615,-1.2249622545000545,8.664412,6.791431,49.0714,-15.581386,4,2020-12-29,10.264999999999999,0.0,70.93833333333333,12.098333333333334,1.0,313.18333333333334,2020,12,29,168.0,0,India_2004.csv
2020-12-30,2004,182.0,129.0,30.0,14.0,7.0,9.0,1,1,0,0,0,0,1,1,2.4299323908944155,-1.63854291526726,8.556136,6.8313913,49.330997,-15.829212,4,2020-12-30,9.506666666666666,0.0,78.66,9.795,1.0,311.19666666666666,2020,12,30,182.0,0,India_2004.csv
2020-12-31,2004,202.0,172.0,32.0,18.0,8.0,8.0,1,1,0,0,0,0,10,10,4.456747287917357,-2.1637793507520082,8.337639,7.87633,57.715324,-16.381514,4,2020-12-31,10.06,0.0,79.69,7.791666666666667,1.0,285.89166666666665,2020,12,31,202.0,0,India_2004.csv
2021-01-01,2004,258.0,290.0,46.0,24.0,5.0,10.0,1,1,0,0,1,1,2,2,9.690391896955125,-2.2733495936392494,9.118423,10.153273,83.05082,-0.894122,4,2021-01-01,10.993333333333332,0.0,75.74333333333334,6.04,1.0,117.89999999999999,2021,1,1,290.0,0,India_2004.csv
2021-01-02,2004,413.0,250.0,43.0,16.0,2.0,8.0,1,1,0,0,1,1,5,5,10.003007741339294,-1.4142686277442766,7.494444,10.418121,92.49392,-27.719671,4,2021-01-02,14.12,0.0,76.3,10.01,1.0,104.505,2021,1,2,413.0,0,India_2004.csv
2021-01-03,2004,324.0,108.0,31.0,14.0,1.0,9.0,1,1,0,0,0,0,5,5,4.7172058362278415,-2.0039718843559378,7.0314603,9.189106,78.20907,-38.3483,4,2021-01-03,16.235,0.0,84.27,14.251666666666667,1.0,121.56166666666667,2021,1,3,324.0,0,India_2004.csv
2021-01-04,2004,186.0,75.0,29.0,13.0,3.0,7.0,2,2,1,1,0,0,1,1,1.2654925706202427,-2.614936285001109,7.712167,5.7678304,31.686584,-39.286583,4,2021-01-04,16.86,0.0,87.41166666666668,9.926666666666666,1.0,114.61,2021,1,4,186.0,0,India_2004.csv
2021-01-05,2004,145.0,61.0,24.0,13.0,2.0,9.0,2,2,1,1,0,0,1,1,-0.08595388141005522,-2.518018571362893,8.660882,4.5742574,10.109315,-5.904356,4,2021-01-05,17.703333333333333,0.0,84.82666666666667,9.853333333333333,1.0,111.59666666666668,2021,1,5,145.0,0,India_2004.csv
2021-01-06,2004,138.0,107.0,23.0,14.0,4.0,9.0,2,2,1,1,0,0,1,1,0.6864514428861601,-2.270245749104599,8.811326,4.8535366,10.1735115,-5.084745,4,2021-01-06,16.966666666666665,0.0,87.145,8.293333333333333,1.0,207.93500000000003,2021,1,6,138.0,0,India_2004.csv
2021-01-07,2004,195.0,97.0,20.0,12.0,2.0,7.0,2,2,1,1,0,0,1,1,0.8938678733622089,-2.4908145145569645,7.531427,6.373895,54.09139,-38.82706,4,2021-01-07,14.033333333333333,0.0,86.075,8.771666666666667,1.0,302.29333333333335,2021,1,7,195.0,0,India_2004.csv
2021-01-08,2004,185.0,127.0,24.0,14.0,1.0,8.0,2,2,1,1,0,0,1,1,1.9093400944150134,-2.5883312086714767,7.7660694,7.034058,55.173237,-37.31312,4,2021-01-08,13.805,0.0,86.41833333333334,6.625,1.0,235.34666666666666,2021,1,8,185.0,0,India_2004.csv
2021-01-09,2004,210.0,123.0,27.0,13.0,3.0,8.0,1,1,0,0,0,0,1,1,2.3579883214331296,-2.108178845342813,7.6938887,7.225984,55.601837,-38.287018,4,2021-01-09,14.853333333333333,0.0,80.39666666666666,12.950000000000001,1.0,316.67333333333335,2021,1,9,210.0,0,India_2004.csv
2021-01-10,2004,203.0,97.0,22.0,12.0,5.0,8.0,2,2,1,1,0,0,1,1,1.2445937585169222,-1.891863746140719,7.562478,7.094273,54.305397,-38.880344,4,2021-01-10,11.518333333333333,0.0,76.785,13.043333333333335,1.0,302.64833333333337,2021,1,10,203.0,0,India_2004.csv
2021-01-11,2004,178.0,102.0,24.0,12.0,7.0,7.0,2,2,1,1,0,0,1,1,1.0257027377662864,-1.9153245511541497,7.6052966,5.553695,29.895725,-40.66416,4,2021-01-11,11.505,0.0,80.96666666666665,13.469999999999999,1.0,296.665,2021,1,11,178.0,0,India_2004.csv
2021-01-12,2004,181.0,122.0,23.0,13.0,7.0,8.0,2,2,1,1,0,0,1,1,1.5479398391670702,-1.7741558474377883,7.7799044,6.896214,55.07302,-37.19245,4,2021-01-12,10.986666666666666,0.0,79.54833333333333,10.978333333333333,1.0,283.17333333333335,2021,1,12,181.0,0,India_2004.csv
2021-01-13,2004,212.0,175.0,26.0,13.0,10.0,8.0,1,1,0,0,0,0,5,5,3.253978255022741,-1.0605867498391524,7.896212,7.7951193,57.90495,-38.822834,4,2021-01-13,10.875,0.0,79.14666666666666,9.503333333333334,1.0,246.475,2021,1,13,212.0,0,India_2004.csv
2021-01-14,2004,286.0,312.0,35.0,24.0,6.0,10.0,1,1,0,0,1,1,2,2,9.74224267337059,-2.0587402049130015,8.519277,10.474731,87.276985,-4.380587,4,2021-01-14,11.636666666666665,0.0,81.33833333333332,5.581666666666667,1.0,130.16333333333333,2021,1,14,312.0,0,India_2004.csv
2021-01-15,2004,423.0,395.0,33.0,23.0,12.0,9.0,1,1,0,0,1,1,2,2,13.339711466517793,-0.6331792910638322,8.149495,11.175857,102.45682,-6.95299,4,2021-01-15,11.681666666666667,0.0,83.96499999999999,4.995,1.0,156.88833333333335,2021,1,15,423.0,0,India_2004.csv
2021-01-16,2004,458.0,209.0,32.0,16.0,9.0,9.0,1,1,0,0,1,1,5,5,9.423183328064502,-0.5571408257498228,7.250005,10.525404,95.40231,-27.914621,4,2021-01-16,10.113333333333333,0.0,88.37333333333333,7.298333333333333,1.0,244.17999999999998,2021,1,16,458.0,0,India_2004.csv
2021-01-17,2004,316.0,156.0,27.0,14.0,5.0,8.0,1,1,0,0,0,0,5,5,5.0837286406177125,-1.5886216939622766,7.0621834,9.377722,78.536995,-37.71282,4,2021-01-17,11.933333333333332,0.0,83.59,12.168333333333335,1.0,105.04166666666667,2021,1,17,316.0,0,India_2004.csv
2021-01-18,2004,279.0,161.0,27.0,18.0,5.0,9.0,1,1,0,0,0,0,5,5,5.298608033828508,-2.1565869199892744,7.217852,9.087283,76.79689,-36.587555,4,2021-01-18,13.448333333333332,0.0,86.46333333333332,8.61,1.0,117.43,2021,1,18,279.0,0,India_2004.csv
2021-01-19,2004,262.0,236.0,25.0,15.0,7.0,8.0,1,1,0,0,1,1,5,5,5.46760967849207,-1.3189178024952548,7.7779927,9.250626,76.5,-31.937235,4,2021-01-19,14.728333333333333,0.0,86.29,11.205,1.0,290.26166666666666,2021,1,19,262.0,0,India_2004.csv
2021-01-20,2004,329.0,124.0,24.0,13.0,9.0,7.0,1,1,0,0,0,0,5,5,4.403569343335708,-1.3191415007836254,6.896651,9.387144,78.79151,-38.409622,4,2021-01-20,13.971666666666666,0.0,83.35666666666667,15.043333333333335,1.0,284.25,2021,1,20,329.0,0,India_2004.csv
2021-01-21,2004,204.0,117.0,25.0,14.0,15.0,8.0,2,2,0,0,0,0,1,1,2.339743508646797,-0.9824937098869045,8.0735655,7.255373,53.409473,-19.138027,4,2021-01-21,13.193333333333333,0.0,76.86166666666666,12.32,1.0,248.05666666666664,2021,1,21,204.0,0,India_2004.csv
2021-01-22,2004,204.0,179.0,27.0,18.0,5.0,9.0,1,1,0,0,0,0,5,5,4.206269746398007,-2.285924299770028,8.273642,7.86938,57.822002,-16.58332,4,2021-01-22,13.345,0.0,78.84666666666666,10.829999999999998,1.0,115.93833333333333,2021,1,22,204.0,0,India_2004.csv
2021-01-23,2004,296.0,136.0,24.0,13.0,7.0,9.0,1,1,0,0,0,0,5,5,3.9952361789037645,-1.1459545008996381,7.0701513,9.114008,77.1706,-37.641182,4,2021-01-23,14.151666666666666,0.0,78.31333333333333,11.008333333333333,1.0,149.77166666666668,2021,1,23,296.0,0,India_2004.csv
2021-01-24,2004,227.0,173.0,20.0,15.0,5.0,8.0,1,1,0,0,0,0,5,5,3.383221311430821,-1.9951441827597407,7.4681387,8.081106,58.887733,-42.10241,4,2021-01-24,12.281666666666666,0.0,80.74333333333333,10.163333333333334,1.0,309.06333333333333,2021,1,24,227.0,0,India_2004.csv
2021-01-25,2004,270.0,136.0,20.0,17.0,11.0,7.0,1,1,0,0,0,0,5,5,4.030517116022985,-1.9399013625098944,7.130973,8.824649,75.57784,-37.21772,4,2021-01-25,11.61,0.0,80.95833333333333,8.171666666666667,1.0,295.8833333333333,2021,1,25,270.0,0,India_2004.csv
2021-01-26,2004,214.0,144.0,20.0,14.0,17.0,8.0,1,1,0,0,0,0,5,5,2.6097688752218984,-0.6341244770365048,7.7756767,7.8318477,61.604603,-43.772503,4,2021-01-26,11.613333333333335,0.0,77.26833333333333,9.416666666666666,1.0,294.0233333333333,2021,1,26,214.0,0,India_2004.csv
2021-01-27,2004,224.0,159.0,24.0,15.0,16.0,8.0,1,1,0,0,0,0,5,5,3.534121884959089,-0.7897397949670076,8.14091,7.984924,59.820053,-18.807657,4,2021-01-27,11.365,0.0,75.33833333333332,10.286666666666667,1.0,304.24333333333334,2021,1,27,224.0,0,India_2004.csv
2021-01-28,2004,236.0,199.0,28.0,16.0,14.0,8.0,1,1,0,0,0,0,5,5,4.893145668657988,-0.9311722068635195,8.297037,8.372097,60.112022,-17.580427,4,2021-01-28,10.973333333333334,0.0,77.23333333333333,7.491666666666667,1.0,305.21166666666664,2021,1,28,236.0,0,India_2004.csv
2021-01-29,2004,285.0,213.0,22.0,15.0,12.0,8.0,1,1,0,0,1,1,5,5,5.347063585198317,-0.8200536763266618,7.4532776,9.293831,77.19969,-34.581036,4,2021-01-29,11.793333333333335,0.0,72.80833333333334,11.585,1.0,289.8233333333333,2021,1,29,285.0,0,India_2004.csv
2021-01-30,2004,283.0,133.0,25.0,15.0,12.0,9.0,1,1,0,0,0,0,5,5,4.242697601019087,-0.9738336221271836,7.1300077,8.91811,76.245834,-37.45839,4,2021-01-30,11.746666666666668,0.0,68.81166666666667,11.728333333333333,1.0,283.67833333333334,2021,1,30,283.0,0,India_2004.csv
2021-01-31,2004,215.0,137.0,25.0,15.0,17.0,9.0,1,1,0,0,0,0,5,5,3.109966194049536,-0.5828065312656835,8.142898,7.639648,54.097134,-19.520275,4,2021-01-31,12.981666666666667,0.0,67.61666666666667,6.793333333333333,1.0,201.77166666666665,2021,1,31,215.0,0,India_2004.csv
2021-02-01,2004,215.0,169.0,31.0,16.0,15.0,9.0,1,1,0,0,0,0,5,5,4.268400159185808,-0.7821327835737832,8.603204,7.9941463,59.173897,-17.83305,4,2021-02-01,14.1,0.0,75.67333333333333,6.603333333333334,1.0,240.84166666666667,2021,2,1,215.0,0,India_2004.csv
2021-02-02,2004,274.0,175.0,35.0,17.0,20.0,10.0,1,1,0,0,1,1,5,5,6.037650575846726,0.06115202682878178,8.3108425,9.133508,67.713104,-12.074316,4,2021-02-02,15.266666666666666,0.0,73.86333333333333,7.391666666666667,1.0,181.775,2021,2,2,274.0,0,India_2004.csv
2021-02-03,2004,255.0,140.0,31.0,13.0,10.0,8.0,1,1,0,0,0,0,5,5,3.8569980738091125,-1.0671270731864888,7.61923,8.435859,60.353413,-34.63848,4,2021-02-03,17.26,0.0,74.54166666666667,11.928333333333333,1.0,111.23666666666666,2021,2,3,255.0,0,India_2004.csv
2021-02-04,2004,223.0,131.0,28.0,13.0,8.0,8.0,1,1,0,0,0,0,5,5,2.8652177679234123,-1.4550395760151098,7.692514,7.473097,55.994774,-38.569527,4,2021-02-04,14.6,0.0,82.73,9.068333333333333,1.0,204.32333333333335,2021,2,4,223.0,0,India_2004.csv
2021-02-05,2004,215.0,82.0,27.0,11.0,8.0,8.0,2,2,1,1,0,0,1,1,1.4369053674562873,-1.3734602469605277,7.697176,7.0772977,54.559563,-38.968185,4,2021-02-05,13.526666666666666,0.0,81.98,9.225,1.0,323.79333333333335,2021,2,5,215.0,0,India_2004.csv
2021-02-06,2004,142.0,92.0,25.0,10.0,11.0,5.0,2,2,1,1,0,0,1,1,-0.11079255746652208,-1.6912608266496683,8.201337,4.364779,21.98655,-14.417214,4,2021-02-06,14.066666666666668,0.0,72.08666666666667,12.678333333333335,1.0,306.98,2021,2,6,142.0,0,India_2004.csv
2021-02-07,2004,160.0,110.0,25.0,11.0,15.0,5.0,2,2,1,1,0,0,1,1,0.7653117972983843,-1.2724599224941513,8.294597,5.188654,23.516619,-12.3565235,4,2021-02-07,14.486666666666666,0.0,74.985,11.781666666666666,1.0,292.355,2021,2,7,160.0,0,India_2004.csv
2021-02-08,2004,186.0,164.0,25.0,10.0,21.0,6.0,2,2,1,1,0,0,1,1,2.016248217076638,0.1434620745093247,8.70378,5.9087796,21.57422,-8.37995,4,2021-02-08,15.19,0.0,76.42166666666667,8.343333333333334,1.0,290.79333333333335,2021,2,8,186.0,0,India_2004.csv
2021-02-09,2004,254.0,109.0,35.0,19.0,7.0,4.0,1,1,0,0,0,0,5,5,4.74535384369413,-3.4617069178789857,7.925569,8.251974,63.158905,-10.352966,4,2021-02-09,16.741666666666667,0.0,72.43833333333333,8.791666666666666,1.0,204.02666666666667,2021,2,9,254.0,0,India_2004.csv
2021-02-10,2004,153.0,147.0,33.0,13.0,18.0,7.0,2,2,1,1,0,0,1,1,2.3180404400413326,-0.6217047084292925,8.863714,6.769414,49.786224,-14.141398,4,2021-02-10,17.496666666666666,0.0,74.55833333333332,6.908333333333332,1.0,222.12833333333333,2021,2,10,153.0,0,India_2004.csv
2021-02-11,2004,217.0,139.0,32.0,12.0,18.0,6.0,1,1,0,0,0,0,1,1,3.0792304339658516,-0.5261407221075096,8.210242,7.245321,50.067146,-22.362532,4,2021-02-11,16.966666666666665,0.0,76.60333333333334,6.766666666666667,1.0,303.25666666666666,2021,2,11,217.0,0,India_2004.csv
2021-02-12,2004,210.0,178.0,32.0,13.0,17.0,6.0,1,1,0,0,0,0,5,5,3.7774733747408935,-0.6456581753596679,8.32391,7.3635564,49.525486,-23.772726,4,2021-02-12,17.221666666666668,0.0,78.88666666666667,6.193333333333334,1.0,294.79833333333335,2021,2,12,210.0,0,India_2004.csv
2021-02-13,2004,262.0,135.0,34.0,13.0,20.0,5.0,1,1,0,0,0,0,5,5,4.208320015837352,-0.5667948272553903,8.182134,8.65929,67.8278,-13.919661,4,2021-02-13,16.908333333333335,0.0,78.07,4.871666666666667,1.0,226.54166666666666,2021,2,13,262.0,0,India_2004.csv
2021-02-14,2004,217.0,169.0,34.0,19.0,1.0,5.0,1,1,0,0,0,0,5,5,4.910985312264818,-3.7472157996298003,8.302074,8.167458,63.24364,-9.512332,4,2021-02-14,17.873333333333335,0.0,72.74166666666667,5.838333333333334,1.0,166.22166666666666,2021,2,14,217.0,0,India_2004.csv
2021-02-15,2004,246.0,122.0,38.0,11.0,15.0,7.0,1,1,0,0,0,0,10,10,3.572662723393063,-0.42366727109288194,8.349717,7.748778,48.309658,-21.509035,4,2021-02-15,18.815,0.0,70.72333333333333,5.943333333333334,1.0,179.54,2021,2,15,246.0,0,India_2004.csv
2021-02-16,2004,191.0,154.0,40.0,12.0,18.0,6.0,1,1,0,0,0,0,10,10,3.4537973365738766,-0.46448137881108525,8.851471,7.0125394,43.46349,-18.630993,4,2021-02-16,18.831666666666667,0.0,71.26333333333334,6.458333333333333,1.0,240.285,2021,2,16,191.0,0,India_2004.csv
2021-02-17,2004,228.0,140.0,36.0,13.0,19.0,6.0,1,1,0,0,0,0,10,10,3.816514627656896,-0.5198431650404416,8.262182,7.3213696,49.775005,-22.30812,4,2021-02-17,18.246666666666666,0.0,71.26833333333333,6.766666666666667,1.0,297.8483333333333,2021,2,17,228.0,0,India_2004.csv
2021-02-18,2004,209.0,127.0,36.0,11.0,16.0,7.0,1,1,0,0,0,0,1,1,2.8296763548306125,-0.4086595245467565,8.552014,7.0330606,46.20104,-20.452208,4,2021-02-18,17.99,0.0,73.65333333333334,7.165,1.0,284.665,2021,2,18,209.0,0,India_2004.csv
2021-02-19,2004,194.0,141.0,33.0,13.0,16.0,5.0,1,1,0,0,0,0,1,1,2.925047981525826,-1.1971839853011237,8.344628,7.0465126,46.703556,-24.589434,4,2021-02-19,17.858333333333334,0.0,74.42666666666666,7.861666666666667,1.0,316.82666666666665,2021,2,19,194.0,0,India_2004.csv
2021-02-20,2004,213.0,112.0,31.0,12.0,16.0,5.0,1,1,0,0,0,0,1,1,2.4482621220857714,-1.123697233764333,8.211282,7.1232505,50.355858,-22.458103,4,2021-02-20,18.093333333333334,0.0,67.57833333333333,9.126666666666667,1.0,301.58166666666665,2021,2,20,213.0,0,India_2004.csv
2021-02-21,2004,180.0,138.0,32.0,11.0,19.0,6.0,2,2,1,1,0,0,1,1,2.189700743064529,-0.34850543498701525,8.743952,6.596506,41.75647,-17.757914,4,2021-02-21,18.69666666666667,0.0,68.60666666666667,10.611666666666666,1.0,295.2083333333333,2021,2,21,180.0,0,India_2004.csv
2021-02-22,2004,214.0,127.0,32.0,12.0,16.0,6.0,1,1,0,0,0,0,1,1,2.8033461289232204,-0.8208106823796596,8.244762,7.1249776,50.13079,-22.301056,4,2021-02-22,19.688333333333333,0.0,64.54,11.123333333333335,1.0,282.66333333333336,2021,2,22,214.0,0,India_2004.csv
2021-02-23,2004,189.0,107.0,35.0,11.0,16.0,5.0,2,2,1,1,0,0,1,1,2.026619300628924,-1.0097720540940196,8.515838,6.6357603,45.108818,-20.98867,4,2021-02-23,21.51,0.0,59.995000000000005,7.011666666666667,1.0,208.875,2021,2,23,189.0,0,India_2004.csv
2021-02-24,2004,161.0,178.0,44.0,16.0,18.0,9.0,1,1,0,0,0,0,10,10,4.4435453064091694,-0.4499769686250447,9.611911,8.189699,62.915546,19.016796,4,2021-02-24,21.781666666666666,0.0,61.085,8.135,1.0,275.48833333333334,2021,2,24,178.0,0,India_2004.csv
2021-02-25,2004,212.0,143.0,39.0,12.0,16.0,7.0,1,1,0,0,0,0,10,10,3.576620116429438,-0.4739409104461991,8.6719265,7.0524063,46.130013,-20.105833,4,2021-02-25,22.138333333333335,0.0,60.11166666666667,10.633333333333335,1.0,286.48333333333335,2021,2,25,212.0,0,India_2004.csv
2021-02-26,2004,198.0,120.0,34.0,11.0,14.0,6.0,1,1,0,0,0,0,1,1,2.320678547189963,-0.9367916603064196,8.331655,6.887344,45.8455,-20.8214,4,2021-02-26,24.073333333333334,0.0,52.156666666666666,11.663333333333334,1.0,249.6866666666667,2021,2,26,198.0,0,India_2004.csv
2021-02-27,2004,172.0,104.0,32.0,10.0,11.0,8.0,2,2,1,1,0,0,1,1,1.2180861303047952,-0.8336832762495394,8.653035,6.6083,46.729916,-17.577013,4,2021-02-27,23.22,0.0,48.083333333333336,9.92,1.0,184.515,2021,2,27,172.0,0,India_2004.csv
2021-02-28,2004,158.0,111.0,35.0,10.0,12.0,6.0,2,2,1,1,0,0,1,1,1.2851141024425352,-1.1400191795613308,8.56482,6.3801746,39.742706,-21.096828,4,2021-02-28,21.726666666666663,0.0,48.94166666666666,9.238333333333333,1.0,275.49333333333334,2021,2,28,158.0,0,India_2004.csv
2021-03-01,2004,162.0,94.0,29.0,10.0,18.0,7.0,2,2,1,1,0,0,1,1,0.7093102276604326,-0.35831564327403626,9.093374,5.6296883,27.53417,-13.020187,4,2021-03-01,20.42,0.0,44.20166666666666,14.013333333333334,1.0,309.905,2021,3,1,162.0,0,India_2004.csv
2021-03-02,2004,150.0,92.0,28.0,10.0,16.0,7.0,2,2,1,1,0,0,1,1,0.35457259726967183,-0.6381865039218558,8.96114,5.474008,26.81737,-13.310245,4,2021-03-02,20.783333333333335,0.0,40.68666666666667,17.376666666666665,1.0,300.04833333333335,2021,3,2,150.0,0,India_2004.csv
2021-03-03,2004,145.0,116.0,31.0,10.0,19.0,10.0,2,2,1,1,0,0,1,1,0.963505241996244,0.4858263218216296,9.515024,6.218899,33.586388,10.902202,4,2021-03-03,22.248333333333335,0.0,43.77,10.601666666666667,1.0,245.36166666666668,2021,3,3,145.0,0,India_2004.csv
2021-03-04,2004,173.0,127.0,57.0,12.0,15.0,8.0,1,1,0,0,0,0,10,10,3.9677446558209426,-0.41658107886246654,10.004413,8.675985,75.54051,23.332373,4,2021-03-04,22.926666666666666,0.0,50.083333333333336,6.198333333333333,1.0,216.55666666666664,2021,3,4,173.0,0,India_2004.csv
2021-03-05,2004,171.0,109.0,35.0,10.0,16.0,9.0,2,2,1,1,0,0,1,1,1.5842734323276204,-0.0010377489505176024,9.024585,6.5724792,44.9717,-18.272467,4,2021-03-05,22.646666666666665,0.0,42.574999999999996,15.745,1.0,302.57166666666666,2021,3,5,171.0,0,India_2004.csv
2021-03-06,2004,163.0,128.0,40.0,14.0,19.0,8.0,1,1,0,0,0,0,10,10,2.952439812963937,-0.47329670947203933,9.420837,7.5329986,50.676884,3.919729,4,2021-03-06,22.865,0.0,44.199999999999996,11.338333333333333,1.0,231.36666666666667,2021,3,6,163.0,0,India_2004.csv
2021-03-07,2004,181.0,136.0,51.0,12.0,13.0,8.0,1,1,0,0,0,0,10,10,3.782069769298559,-0.6246312872789028,9.617919,8.15804,49.437542,1.045442,4,2021-03-07,25.115,0.0,43.574999999999996,12.291666666666666,1.0,114.87166666666667,2021,3,7,181.0,0,India_2004.csv
2021-03-08,2004,188.0,121.0,37.0,11.0,15.0,8.0,1,1,0,0,0,0,1,1,2.4218949117357065,-0.38573405894078727,8.771445,6.783903,44.830154,-18.97253,4,2021-03-08,24.26,0.0,57.083333333333336,13.735,1.0,95.94666666666667,2021,3,8,188.0,0,India_2004.csv
2021-03-09,2004,173.0,138.0,38.0,11.0,12.0,7.0,1,1,0,0,0,0,1,1,2.4488542556967476,-0.8980506390687142,8.735731,6.74861,43.43522,-19.754444,4,2021-03-09,24.711666666666662,0.0,59.794999999999995,6.751666666666668,1.0,123.03166666666668,2021,3,9,173.0,0,India_2004.csv
2021-03-10,2004,175.0,80.0,34.0,11.0,15.0,8.0,2,2,1,1,0,0,1,1,1.28108641594897,-0.6474953853291875,8.868697,6.44025,45.523403,-17.865387,4,2021-03-10,23.566666666666666,0.0,63.37166666666667,7.739999999999999,1.0,283.785,2021,3,10,175.0,0,India_2004.csv
2021-03-11,2004,128.0,114.0,46.0,12.0,11.0,8.0,2,2,1,1,0,0,10,10,2.036451773681107,-1.152781657376419,9.304879,7.2682776,50.188793,2.2123067,4,2021-03-11,25.103333333333335,0.0,47.73499999999999,7.79,1.0,98.53500000000001,2021,3,11,128.0,0,India_2004.csv
2021-03-12,2004,165.0,94.0,39.0,9.0,9.0,5.0,2,2,1,1,0,0,1,1,1.1899420552980748,-1.554751488939805,8.691615,6.562182,40.53082,-21.719826,4,2021-03-12,22.735,0.0,62.60333333333333,9.401666666666667,1.0,97.49833333333333,2021,3,12,165.0,0,India_2004.csv
2021-03-13,2004,132.0,122.0,39.0,11.0,21.0,7.0,2,2,1,1,0,0,1,1,1.611677454401501,-0.06375511611326493,9.416302,6.9125133,48.97146,4.0630426,4,2021-03-13,23.263333333333332,0.0,58.25,7.611666666666667,1.0,313.8283333333333,2021,3,13,132.0,0,India_2004.csv
2021-03-14,2004,173.0,95.0,31.0,10.0,21.0,7.0,2,2,1,1,0,0,1,1,1.1172833345799396,0.03543113769661522,9.183983,5.837759,28.698126,-12.839952,4,2021-03-14,23.285,0.0,50.56333333333333,10.793333333333335,1.0,311.2866666666667,2021,3,14,173.0,0,India_2004.csv
2021-03-15,2004,156.0,122.0,31.0,10.0,19.0,7.0,2,2,1,1,0,0,1,1,1.2213888616874131,-0.10934340810109786,9.1395855,5.80426,28.075825,-12.44184,4,2021-03-15,24.198333333333334,0.0,50.598333333333336,11.753333333333332,1.0,301.0283333333333,2021,3,15,156.0,0,India_2004.csv
2021-03-16,2004,166.0,167.0,29.0,11.0,14.0,8.0,2,2,1,1,0,0,1,1,2.1469671854703405,-0.4022378658698352,8.691108,7.0975246,51.842354,-15.101151,4,2021-03-16,24.393333333333334,0.0,46.31833333333333,11.766666666666666,1.0,288.8833333333333,2021,3,16,167.0,0,India_2004.csv
2021-03-17,2004,174.0,177.0,32.0,11.0,17.0,8.0,1,1,0,0,0,0,1,1,2.7231147387750174,0.03473350571690028,8.755446,7.0772886,51.791195,-15.239851,4,2021-03-17,25.168333333333333,0.0,43.71666666666667,9.545,1.0,304.5116666666667,2021,3,17,177.0,0,India_2004.csv
2021-03-18,2004,175.0,188.0,40.0,12.0,23.0,7.0,1,1,0,0,0,0,10,10,3.7889989426830675,0.4424358665631318,9.349071,7.355419,47.376244,4.9954786,4,2021-03-18,24.883333333333336,0.0,50.13833333333333,7.984999999999999,1.0,287.84833333333336,2021,3,18,188.0,0,India_2004.csv
2021-03-19,2004,178.0,141.0,37.0,11.0,21.0,6.0,1,1,0,0,0,0,10,10,2.606735343476118,-0.07244255078756029,8.952811,6.8566704,42.944607,-17.891039,4,2021-03-19,24.351666666666663,0.0,51.50833333333333,8.756666666666666,1.0,254.08,2021,3,19,178.0,0,India_2004.csv
2021-03-20,2004,166.0,126.0,34.0,12.0,10.0,8.0,2,2,1,1,0,0,1,1,2.0094220987371045,-1.1933864674474226,8.655288,6.7556434,48.784756,-15.425556,4,2021-03-20,25.055000000000003,0.0,43.300000000000004,11.455,1.0,293.63,2021,3,20,166.0,0,India_2004.csv
2021-03-21,2004,170.0,127.0,44.0,12.0,15.0,9.0,1,1,0,0,0,0,10,10,2.9360717643197884,-0.3100374383552055,9.120618,7.313271,50.731445,2.0868816,4,2021-03-21,25.665000000000003,0.0,45.833333333333336,9.643333333333333,1.0,154.88000000000002,2021,3,21,170.0,0,India_2004.csv
2021-03-22,2004,163.0,117.0,37.0,11.0,12.0,8.0,2,2,1,1,0,0,1,1,1.8582543351096552,-0.8187514130145633,8.714708,6.6931834,43.927464,-19.393484,4,2021-03-22,25.073333333333334,0.0,48.80166666666667,11.993333333333334,1.0,123.59833333333331,2021,3,22,163.0,0,India_2004.csv
2021-03-23,2004,148.0,140.0,34.0,9.0,9.0,8.0,2,2,1,1,0,0,1,1,1.2919195336988836,-0.7628571047799335,8.715128,6.3346024,32.07999,-31.867714,4,2021-03-23,24.349999999999998,0.0,51.36666666666667,9.713333333333333,1.0,161.82000000000002,2021,3,23,148.0,0,India_2004.csv
2021-03-24,2004,151.0,106.0,31.0,10.0,18.0,7.0,2,2,1,1,0,0,1,1,0.8548783528043219,-0.3156482800769578,9.068652,5.6478844,27.72197,-12.631396,4,2021-03-24,24.15833333333333,0.0,39.33166666666667,11.063333333333333,1.0,305.18833333333333,2021,3,24,151.0,0,India_2004.csv
2021-03-25,2004,138.0,75.0,25.0,10.0,14.0,5.0,2,2,1,1,0,0,1,1,-0.427593807026905,-1.4447889950854937,8.561419,4.387697,21.776066,-14.977408,4,2021-03-25,23.55666666666667,0.0,44.63166666666667,15.978333333333333,1.0,297.89166666666665,2021,3,25,138.0,0,India_2004.csv
2021-03-26,2004,118.0,85.0,29.0,11.0,18.0,8.0,2,2,1,1,0,0,1,1,-0.03667919980330948,-0.48692997463637683,9.234146,4.5290594,14.537398,-6.5944805,4,2021-03-26,23.72666666666667,0.0,46.57666666666666,12.99,1.0,300.51500000000004,2021,3,26,118.0,0,India_2004.csv
2021-03-27,2004,141.0,99.0,41.0,12.0,9.0,6.0,2,2,1,1,0,0,1,1,1.5970306870068682,-1.8931357037820271,8.723622,6.566758,38.55939,-21.67002,4,2021-03-27,26.22666666666667,0.0,46.71666666666667,7.108333333333333,1.0,258.18666666666667,2021,3,27,141.0,0,India_2004.csv
2021-03-28,2004,149.0,102.0,40.0,10.0,44.6,7.0,0,0,2,2,0,0,10,10,1.7548104246603868,2.7548867560223624,11.740432,7.1111493,36.86168,57.992493,4,2021-03-28,27.814999999999998,0.0,44.23666666666667,8.623333333333333,1.0,196.5666666666667,2021,3,28,149.0,0,India_2004.csv
2021-03-29,2004,153.0,99.0,14.0,10.4,35.0,3.8,2,2,1,1,3,3,7,7,-0.28273089457080275,0.6828189366088893,11.58068,3.1852462,-14.258186,35.734173,4,2021-03-29,29.349999999999998,0.0,38.50833333333333,6.734999999999999,1.0,156.60333333333332,2021,3,29,153.0,0,India_2004.csv
2021-03-30,2004,241.6,338.0,18.0,9.0,5.0,3.0,1,1,0,0,1,1,5,5,4.926858337516927,-1.2009530897366074,7.551856,10.036832,82.54713,-25.205296,4,2021-03-30,29.731666666666666,0.0,28.814999999999998,21.356666666666666,1.0,279.91833333333335,2021,3,30,338.0,0,India_2004.csv
2021-03-31,2004,173.0,93.0,24.0,9.0,13.0,6.0,2,2,1,1,0,0,1,1,0.2405107139006433,-0.9823960613441398,8.76182,4.986271,24.537432,-14.0326,4,2021-03-31,26.95,0.0,19.78333333333333,20.358333333333334,1.0,300.1666666666667,2021,3,31,173.0,0,India_2004.csv
2021-04-01,2004,70.0,100.0,23.0,9.0,11.0,8.0,2,2,1,1,3,3,1,1,-1.6207057329582009,-1.044343370156387,8.489938,2.128901,-7.264777,-77.47135,4,2021-04-01,25.956666666666667,0.0,16.285,19.80666666666667,1.0,301.4866666666667,2021,4,1,100.0,0,India_2004.csv
2021-04-02,2004,100.0,92.0,29.0,11.0,12.0,9.0,2,2,1,1,0,0,1,1,-0.3117023601452287,-0.9682522463387405,9.002074,4.1569204,14.456377,-5.8133993,4,2021-04-02,24.895,0.0,18.241666666666667,11.931666666666667,1.0,266.9166666666667,2021,4,2,100.0,0,India_2004.csv
2021-04-03,2004,118.0,77.0,34.0,9.0,25.0,8.0,2,2,1,1,0,0,1,1,-0.10472450543280046,0.6616589840082395,9.349136,5.5096135,25.691261,3.052049,4,2021-04-03,25.39,0.0,21.66,8.703333333333333,1.0,238.1833333333333,2021,4,3,118.0,0,India_2004.csv
2021-04-04,2004,113.0,90.0,38.0,5.0,28.4,8.0,2,2,1,1,0,0,1,1,-0.44161351967315343,1.8330559648389173,9.65882,5.8136163,26.715942,2.8100471,4,2021-04-04,27.19333333333333,0.0,24.065,10.43,1.0,260.2816666666667,2021,4,4,113.0,0,India_2004.csv
2021-04-05,2004,126.0,108.0,44.0,7.0,8.0,9.0,2,2,1,1,0,0,1,1,0.7242721771327448,-0.44611363448405594,9.125916,6.2580175,31.149456,-25.364273,4,2021-04-05,29.71666666666667,0.0,27.468333333333334,10.16,1.0,93.36000000000001,2021,4,5,126.0,0,India_2004.csv
2021-04-06,2004,150.0,152.0,46.0,6.0,29.0,8.0,0,0,2,2,0,0,10,10,2.0760510435286963,2.198922169223793,10.049959,6.9688396,38.83496,6.9693685,4,2021-04-06,30.08,0.0,29.584999999999997,9.891666666666667,1.0,129.9416666666667,2021,4,6,152.0,0,India_2004.csv
2021-04-07,2004,181.0,121.0,35.0,4.0,18.0,7.0,2,2,1,1,0,0,1,1,0.7563210614593588,0.932337039351007,9.113857,5.9656935,30.04059,-23.870918,4,2021-04-07,28.293333333333333,0.0,28.698333333333334,11.896666666666667,1.0,285.89000000000004,2021,4,7,181.0,0,India_2004.csv
2021-04-08,2004,157.0,79.0,34.0,5.0,16.0,6.0,2,2,1,1,0,0,1,1,-0.2896456629377144,0.027605470275609674,8.850748,5.6540017,27.657085,-23.441582,4,2021-04-08,26.69,0.0,26.463333333333335,11.255,1.0,270.9666666666667,2021,4,8,157.0,0,India_2004.csv
2021-04-09,2004,121.0,82.0,34.0,5.0,14.0,7.0,2,2,1,1,0,0,1,1,-0.9155413502409768,-0.07062289374084148,8.697207,5.579744,27.162014,-25.684404,4,2021-04-09,27.405,0.0,20.905,11.155000000000001,1.0,291.18833333333333,2021,4,9,121.0,0,India_2004.csv
2021-04-10,2004,120.0,84.0,36.0,8.0,19.0,7.0,2,2,1,1,0,0,1,1,-0.08731394224649762,-0.007360381390249052,9.052927,5.662374,33.53358,-5.545531,4,2021-04-10,28.34166666666667,0.0,19.651666666666667,11.476666666666667,1.0,309.80833333333334,2021,4,10,120.0,0,India_2004.csv
2021-04-11,2004,117.0,96.0,36.0,6.0,17.0,8.0,2,2,1,1,0,0,1,1,-0.35673279415349174,0.385938407643426,9.071349,5.8795485,27.169287,-25.491352,4,2021-04-11,29.263333333333335,0.0,20.331666666666667,9.871666666666666,1.0,297.145,2021,4,11,117.0,0,India_2004.csv
2021-04-12,2004,141.0,122.0,38.0,8.0,17.0,7.0,2,2,1,1,0,0,1,1,1.0523028151337928,0.0275763499618246,9.241991,6.423462,37.651016,-15.367238,4,2021-04-12,29.830000000000002,0.0,22.09166666666667,9.805,1.0,252.19333333333336,2021,4,12,141.0,0,India_2004.csv
2021-04-13,2004,164.0,118.0,30.0,7.0,19.0,7.0,2,2,1,1,0,0,1,1,0.6255815143860501,0.414322112879812,9.068183,5.828683,29.791359,-14.433914,4,2021-04-13,30.868333333333336,0.0,21.53333333333333,13.201666666666668,1.0,302.78333333333336,2021,4,13,164.0,0,India_2004.csv
2021-04-14,2004,151.0,103.0,32.0,7.0,15.0,8.0,2,2,1,1,0,0,1,1,0.25884284555836534,0.08336258008112617,8.960194,5.7919297,28.806976,-25.43911,4,2021-04-14,30.5,0.0,22.395,13.336666666666666,1.0,290.90333333333336,2021,4,14,151.0,0,India_2004.csv
2021-04-15,2004,146.0,154.0,29.0,8.0,21.0,8.0,2,2,1,1,0,0,1,1,1.0453203023344477,0.8001783105630115,9.406333,6.2392883,36.61054,11.172015,4,2021-04-15,31.101666666666663,0.0,19.503333333333334,10.455,1.0,253.715,2021,4,15,154.0,0,India_2004.csv
2021-04-16,2004,148.0,149.0,31.0,6.0,5.0,6.0,2,2,1,1,0,0,1,1,0.531842041182913,-1.1071281032659062,8.209094,5.9886446,33.772617,-30.07014,4,2021-04-16,28.47666666666667,0.0,43.406666666666666,10.796666666666667,1.0,183.66,2021,4,16,149.0,0,India_2004.csv
2021-04-17,2004,143.0,62.0,28.0,7.0,14.0,4.0,2,2,1,1,0,0,1,1,-0.9360992555094949,-1.16067918381976,8.477582,4.553255,21.38704,-21.114462,4,2021-04-17,28.13,0.0,35.550000000000004,9.168333333333333,1.0,251.89333333333335,2021,4,17,143.0,0,India_2004.csv
2021-04-18,2004,115.0,87.0,30.0,7.0,19.0,5.0,2,2,1,1,0,0,1,1,-0.8178706202705828,-0.31653879672616636,8.734358,4.6501694,20.751629,-19.597712,4,2021-04-18,28.481666666666666,0.0,32.165,8.863333333333333,1.0,254.38333333333333,2021,4,18,115.0,0,India_2004.csv
2021-04-19,2004,144.0,108.0,32.0,8.0,18.0,5.0,2,2,1,1,0,0,1,1,0.40378122795996024,-0.40375141218458444,8.773419,5.3089747,26.437292,-18.83281,4,2021-04-19,29.868333333333336,0.0,27.28833333333333,11.719999999999999,1.0,246.67499999999998,2021,4,19,144.0,0,India_2004.csv
2021-04-20,2004,157.0,108.0,33.0,6.0,16.0,7.0,2,2,1,1,0,0,1,1,0.3245498557975895,0.20403377755328134,8.9618,5.7918663,29.147936,-24.8608,4,2021-04-20,27.83,0.0,30.584999999999997,16.786666666666665,1.0,158.88666666666668,2021,4,20,157.0,0,India_2004.csv
2021-04-21,2004,154.0,72.0,30.0,7.0,16.0,4.0,2,2,1,1,0,0,1,1,-0.3925773999990356,-0.8366741901401793,8.625898,4.7946377,22.988794,-19.85783,4,2021-04-21,25.57166666666667,0.0,45.36666666666667,11.411666666666667,1.0,285.15166666666664,2021,4,21,154.0,0,India_2004.csv
2021-04-22,2004,120.0,71.0,31.0,6.0,20.0,5.0,2,2,1,1,0,0,1,1,-1.100079580724401,-0.0825351119193875,8.767032,4.6759334,21.329062,-19.796669,4,2021-04-22,27.10166666666667,0.0,38.50666666666667,10.536666666666667,1.0,127.18166666666667,2021,4,22,120.0,0,India_2004.csv
2021-04-23,2004,117.0,78.0,30.0,7.0,13.0,7.0,2,2,1,1,0,0,1,1,-0.9704688117711546,-0.5992864930970585,8.626927,4.0129848,18.999163,-19.093105,4,2021-04-23,27.043333333333333,0.0,38.59166666666667,16.091666666666665,1.0,110.76166666666666,2021,4,23,117.0,0,India_2004.csv
2021-04-24,2004,130.0,62.0,29.0,7.0,18.0,5.0,2,2,1,1,0,0,1,1,-1.0381158937177657,-0.5168281340034501,8.632236,4.487987,21.501198,-19.066587,4,2021-04-24,26.919999999999998,0.0,31.94666666666667,13.44,1.0,324.93666666666667,2021,4,24,130.0,0,India_2004.csv
2021-04-25,2004,108.0,104.0,31.0,8.0,19.0,6.0,2,2,1,1,0,0,1,1,-0.3773152312531864,-0.20305465465277545,8.988598,5.0111103,26.754328,-9.582426,4,2021-04-25,28.785,0.0,27.826666666666668,12.841666666666667,1.0,318.29,2021,4,25,108.0,0,India_2004.csv
2021-04-26,2004,141.0,170.0,32.0,9.0,24.0,7.0,2,2,1,1,0,0,1,1,1.6653641867030784,0.8340209419348722,9.55022,6.5933623,37.328564,10.219502,4,2021-04-26,30.599999999999998,0.0,25.49,8.736666666666666,1.0,296.31,2021,4,26,170.0,0,India_2004.csv
2021-04-27,2004,189.0,145.0,35.0,11.0,20.0,7.0,1,1,0,0,0,0,1,1,2.7260228388873657,0.06810769122830368,8.8894825,6.922001,42.92507,-17.887722,4,2021-04-27,32.86,0.0,23.146666666666665,9.83,1.0,283.88166666666666,2021,4,27,189.0,0,India_2004.csv
2021-04-28,2004,219.0,138.0,32.0,9.0,18.0,7.0,1,1,0,0,0,0,1,1,2.5124348849428437,0.2215373250793552,8.442981,7.055876,47.681934,-21.088495,4,2021-04-28,33.91,0.0,19.146666666666665,10.448333333333332,1.0,282.4816666666667,2021,4,28,219.0,0,India_2004.csv
2021-04-29,2004,271.0,209.0,31.0,7.0,21.0,6.0,1,1,0,0,0,0,5,5,4.180951020585403,1.185188578416013,7.988999,8.774911,59.900337,-30.41309,4,2021-04-29,33.35,0.0,24.084999999999997,10.078333333333333,1.0,223.56833333333336,2021,4,29,271.0,0,India_2004.csv
2021-04-30,2004,244.0,169.0,33.0,8.0,16.0,6.0,1,1,0,0,0,0,5,5,3.3198376219710726,0.1831328633297541,7.754562,8.116262,58.943672,-31.32764,4,2021-04-30,31.926666666666666,0.0,30.603333333333335,9.333333333333334,1.0,123.66666666666667,2021,4,30,244.0,0,India_2004.csv
2021-05-01,2004,184.0,127.0,32.0,7.0,22.0,6.0,2,2,1,1,0,0,1,1,1.31646206490812,0.6544262104191786,9.109839,5.975895,30.777319,-14.232799,4,2021-05-01,32.278333333333336,0.0,30.534999999999997,9.525,1.0,120.02666666666666,2021,5,1,184.0,0,India_2004.csv
2021-05-02,2004,156.0,102.0,31.0,7.0,15.0,5.0,2,2,1,1,0,0,1,1,0.2148502234407921,-0.5713334729985998,8.68483,5.32382,26.70508,-18.33578,4,2021-05-02,31.761666666666667,0.0,32.53,8.061666666666666,1.0,137.52333333333334,2021,5,2,156.0,0,India_2004.csv
2021-05-03,2004,146.0,155.0,29.0,7.0,12.0,4.0,2,2,1,1,0,0,1,1,0.6954347798687308,-0.9172660746306294,8.561557,5.992037,34.285973,-17.275576,4,2021-05-03,31.669999999999998,0.0,32.245,8.955,1.0,214.19666666666663,2021,5,3,155.0,0,India_2004.csv
2021-05-04,2004,173.0,94.0,29.0,7.0,11.0,5.0,2,2,1,1,0,0,1,1,0.19819722049325414,-1.0318525845881705,8.35036,5.496677,28.011875,-18.146852,4,2021-05-04,32.88166666666667,0.0,31.465,9.918333333333333,1.0,155.94333333333333,2021,5,4,173.0,0,India_2004.csv
2021-05-05,2004,168.0,101.0,30.0,7.0,17.0,5.0,2,2,1,1,0,0,1,1,0.3680064604242702,-0.3220422813191284,8.668538,5.384818,27.271994,-17.64371,4,2021-05-05,31.28333333333333,0.0,40.251666666666665,12.281666666666666,1.0,106.42,2021,5,5,168.0,0,India_2004.csv
2021-05-06,2004,159.0,76.0,28.0,7.0,15.0,3.0,2,2,1,1,0,0,1,1,-0.4135192174837454,-1.1510562950018806,8.631104,4.8386855,23.169325,-19.278637,4,2021-05-06,28.150000000000002,0.0,61.725,13.053333333333335,1.0,107.415,2021,5,6,159.0,0,India_2004.csv
2021-05-07,2004,139.0,129.0,29.0,7.0,20.0,4.0,2,2,1,1,0,0,1,1,0.23519126028703802,-0.1549785041964185,8.966701,5.3298535,29.207617,-9.1135,4,2021-05-07,28.711666666666662,0.0,51.504999999999995,8.093333333333334,1.0,99.57666666666667,2021,5,7,139.0,0,India_2004.csv
2021-05-08,2004,133.0,95.0,31.0,8.0,21.0,3.0,2,2,1,1,0,0,1,1,-0.08242939497004426,-0.6035405892567834,8.829076,5.0391383,25.365612,-20.07499,4,2021-05-08,31.258333333333336,0.0,38.33833333333333,7.736666666666667,1.0,125.18666666666667,2021,5,8,133.0,0,India_2004.csv
2021-05-09,2004,157.0,98.0,34.0,6.0,19.0,5.0,2,2,1,1,0,0,1,1,0.24338149245049576,0.06668541139586824,8.890769,5.477525,27.087292,-22.460207,4,2021-05-09,31.125,0.0,39.65833333333333,8.351666666666667,1.0,153.27666666666667,2021,5,9,157.0,0,India_2004.csv
2021-05-10,2004,142.0,76.0,34.0,8.0,19.0,5.0,2,2,1,1,0,0,1,1,0.006860773521767641,-0.43618715096613925,8.721264,5.104492,24.05211,-20.662388,4,2021-05-10,30.401666666666667,0.0,44.28,10.551666666666668,1.0,136.27666666666667,2021,5,10,142.0,0,India_2004.csv
2021-05-11,2004,140.0,69.0,32.0,6.0,19.0,4.0,2,2,1,1,0,0,1,1,-0.7132248403741633,-0.3588748344366687,8.648478,4.903587,23.404573,-20.83474,4,2021-05-11,31.15833333333333,0.0,40.92166666666667,10.628333333333334,1.0,126.13166666666666,2021,5,11,140.0,0,India_2004.csv
2021-05-12,2004,149.0,67.0,32.0,7.0,15.0,4.0,2,2,1,1,0,0,1,1,-0.4264419210551565,-0.9733337340453097,8.548356,4.9131665,22.802826,-20.993692,4,2021-05-12,29.5,0.0,48.91,11.495,1.0,133.61833333333334,2021,5,12,149.0,0,India_2004.csv
2021-05-13,2004,140.0,49.0,33.0,7.0,14.0,4.0,2,2,1,1,0,0,1,1,-0.8234884339926504,-1.1930260814575755,8.470064,4.8750353,22.50129,-21.757093,4,2021-05-13,26.86833333333333,0.0,61.36166666666667,11.850000000000001,1.0,82.84,2021,5,13,140.0,0,India_2004.csv
2021-05-14,2004,106.0,106.0,33.0,7.0,17.0,4.0,2,2,1,1,0,0,1,1,-0.4828350803866814,-0.6720895018509517,8.332902,4.786279,4.289978,-73.78405,4,2021-05-14,30.06833333333333,0.0,43.185,8.656666666666666,1.0,116.22166666666668,2021,5,14,106.0,0,India_2004.csv
2021-05-15,2004,134.0,97.0,33.0,7.0,15.0,5.0,2,2,1,1,0,0,1,1,-0.12155491168930417,-0.6435422726134397,8.648067,5.107739,25.194664,-20.594717,4,2021-05-15,30.203333333333333,0.0,42.905,6.62,1.0,103.485,2021,5,15,134.0,0,India_2004.csv
2021-05-16,2004,150.0,79.0,34.0,8.0,18.0,4.0,2,2,1,1,0,0,1,1,0.17745734723970893,-0.7308332306985776,8.668134,5.0478234,23.976168,-20.717522,4,2021-05-16,32.291666666666664,0.0,34.89,6.901666666666666,1.0,90.91833333333334,2021,5,16,150.0,0,India_2004.csv
2021-05-17,2004,152.0,88.0,41.0,8.0,16.0,5.0,2,2,1,1,0,0,1,1,0.8862377805911146,-0.6339419584164239,9.276102,6.7951546,43.769485,0.6168768,4,2021-05-17,32.20666666666666,0.0,38.035000000000004,7.751666666666666,1.0,213.915,2021,5,17,152.0,0,India_2004.csv
2021-05-18,2004,157.0,52.0,33.0,7.0,6.0,4.0,2,2,1,1,0,0,1,1,-0.5550912651370227,-2.038663341697834,8.370733,4.8389597,22.250128,-23.84808,4,2021-05-18,26.0,0.0,60.61166666666667,9.158333333333333,1.0,186.81000000000003,2021,5,18,157.0,0,India_2004.csv
2021-05-19,2004,87.0,41.0,28.0,7.0,5.0,4.0,2,2,1,1,3,3,1,1,-2.4230359934681616,-2.448647276226267,7.4519935,4.0683317,4.6156597,-78.340485,4,2021-05-19,21.423333333333332,0.0,89.50999999999999,15.32,1.0,93.16833333333334,2021,5,19,87.0,0,India_2004.csv
2021-05-20,2004,81.0,42.0,24.0,7.0,13.0,4.0,2,2,1,1,3,3,0,0,-2.7273041111285248,-1.583475461282509,8.294392,0.35278013,-20.866693,-76.76898,4,2021-05-20,24.243333333333336,0.0,76.79333333333334,12.803333333333333,1.0,217.87333333333333,2021,5,20,81.0,0,India_2004.csv
2021-05-21,2004,93.0,49.0,27.0,7.0,11.0,5.0,2,2,1,1,3,3,1,1,-2.1711896070196164,-1.499245594097339,7.8601375,3.5246558,0.9265371,-76.34717,4,2021-05-21,26.735,0.0,77.19666666666667,9.671666666666667,1.0,112.89999999999999,2021,5,21,93.0,0,India_2004.csv
2021-05-22,2004,84.0,47.0,28.0,6.0,15.0,4.0,2,2,1,1,3,3,1,1,-2.4619139205042067,-1.1151314402993793,7.733559,3.8897998,2.5619469,-76.373375,4,2021-05-22,28.536666666666665,0.0,64.97500000000001,6.988333333333333,1.0,182.46,2021,5,22,84.0,0,India_2004.csv
2021-05-23,2004,79.0,402.0,28.0,7.0,15.0,4.0,1,1,0,0,0,0,1,1,3.46227482314482,0.4279358518010553,8.564151,10.288607,91.84936,6.679807,4,2021-05-23,27.84166666666667,0.0,55.873333333333335,10.281666666666666,1.0,288.3383333333333,2021,5,23,402.0,0,India_2004.csv
2021-05-24,2004,388.0,85.0,29.0,7.0,16.0,4.0,1,1,0,0,0,0,5,5,4.072355966790173,-0.10338223657508942,6.728744,9.5787525,84.675804,-43.265614,4,2021-05-24,28.68166666666667,0.0,43.16833333333333,16.606666666666666,1.0,303.495,2021,5,24,388.0,0,India_2004.csv
2021-05-25,2004,149.0,70.0,31.0,7.0,16.0,4.0,2,2,1,1,0,0,1,1,-0.4416097759723997,-0.8529580720563352,8.559192,4.856337,22.956894,-20.393623,4,2021-05-25,29.28833333333333,0.0,40.615,13.176666666666668,1.0,318.87,2021,5,25,149.0,0,India_2004.csv
2021-05-26,2004,120.0,71.0,32.0,7.0,18.0,4.0,2,2,1,1,0,0,1,1,-0.861609780669267,-0.6967258855870165,8.623224,4.7975435,23.441145,-21.169565,4,2021-05-26,29.80666666666667,0.0,41.27,8.195,1.0,298.39666666666665,2021,5,26,120.0,0,India_2004.csv
2021-05-27,2004,131.0,71.0,33.0,8.0,16.0,4.0,2,2,1,1,0,0,1,1,-0.4050538392296916,-1.060278711912487,8.562617,4.8755817,23.425524,-21.140917,4,2021-05-27,29.99,0.0,51.12166666666667,7.573333333333334,1.0,158.45,2021,5,27,131.0,0,India_2004.csv
2021-05-28,2004,137.0,66.0,32.0,7.0,13.0,4.0,2,2,1,1,0,0,1,1,-0.6885803570757645,-1.240356349586142,8.4766,4.843078,22.415627,-21.629997,4,2021-05-28,30.621666666666666,0.0,59.99166666666667,13.203333333333333,1.0,143.80666666666664,2021,5,28,137.0,0,India_2004.csv
2021-05-29,2004,120.0,61.0,29.0,6.0,11.0,4.0,2,2,1,1,0,0,1,1,-1.5380585386296433,-1.3892917902240738,8.333496,4.3845577,21.143856,-21.815231,4,2021-05-29,30.881666666666664,0.0,57.74,16.646666666666665,1.0,132.92000000000002,2021,5,29,120.0,0,India_2004.csv
2021-05-30,2004,84.0,72.0,29.0,7.0,12.0,3.0,2,2,1,1,3,3,1,1,-1.8257662038879638,-1.7209322873035948,7.7582383,4.0516768,3.2645824,-75.29445,4,2021-05-30,30.361666666666665,0.0,66.335,9.286666666666667,1.0,141.20166666666668,2021,5,30,84.0,0,India_2004.csv
2021-05-31,2004,100.0,67.0,30.0,7.0,14.0,5.0,2,2,1,1,0,0,1,1,-1.482473874274802,-1.0261048442636118,8.13081,4.100481,0.7860567,-74.90248,4,2021-05-31,32.20666666666666,0.0,54.79666666666666,9.763333333333334,1.0,145.74833333333333,2021,5,31,100.0,0,India_2004.csv
2021-06-01,2004,131.0,72.0,30.0,7.0,12.0,4.0,2,2,1,1,0,0,1,1,-0.8655917045907852,-1.3580564394154062,8.406591,4.6086645,21.607664,-21.605225,4,2021-06-01,27.99666666666667,0.0,72.88833333333334,6.566666666666666,1.0,163.51833333333335,2021,6,1,131.0,0,India_2004.csv
2021-06-02,2004,106.0,74.0,30.0,7.0,14.0,4.0,2,2,1,1,0,0,1,1,-1.2714388070555227,-1.1933201099075545,8.267592,4.2602882,0.82800096,-74.75096,4,2021-06-02,29.401666666666667,0.0,65.38166666666667,6.028333333333333,1.0,199.91,2021,6,2,106.0,0,India_2004.csv
2021-06-03,2004,137.0,83.0,31.0,8.0,29.0,5.0,2,2,1,1,0,0,1,1,-0.08059834849371011,0.6965271253908212,9.626817,5.106035,27.455475,-2.1401172,4,2021-06-03,30.19666666666667,0.0,62.315,5.616666666666667,1.0,95.50833333333333,2021,6,3,137.0,0,India_2004.csv
2021-06-04,2004,161.0,82.0,30.0,7.0,23.0,5.0,2,2,1,1,0,0,1,1,-0.001353362820590019,0.24704626299152457,9.080626,5.214855,26.415827,-16.781092,4,2021-06-04,30.535,0.0,62.13833333333333,5.69,1.0,142.76666666666665,2021,6,4,161.0,0,India_2004.csv
2021-06-05,2004,147.0,76.0,30.0,7.0,18.0,4.0,2,2,1,1,0,0,1,1,-0.43272228811208646,-0.6100347112847908,8.63126,4.7805853,23.149199,-19.79368,4,2021-06-05,30.99666666666667,0.0,59.995000000000005,8.695,1.0,162.52166666666668,2021,6,5,147.0,0,India_2004.csv
2021-06-06,2004,135.0,75.0,28.0,7.0,18.0,5.0,2,2,1,1,0,0,1,1,-0.808869717442138,-0.4468287216206911,8.65616,4.4156485,21.500206,-18.640196,4,2021-06-06,32.126666666666665,0.0,53.39666666666667,7.198333333333333,1.0,274.38666666666666,2021,6,6,135.0,0,India_2004.csv
2021-06-07,2004,136.0,129.0,29.0,8.0,20.0,5.0,2,2,1,1,0,0,1,1,0.3950040481263424,-0.12088831799941957,9.047893,5.352169,29.06346,-9.19588,4,2021-06-07,32.998333333333335,0.0,48.86833333333333,8.62,1.0,224.37666666666667,2021,6,7,136.0,0,India_2004.csv
2021-06-08,2004,156.0,157.0,27.0,7.0,10.0,5.0,2,2,1,1,0,0,1,1,0.7515606349285112,-0.9030697289112041,8.461067,6.0954657,34.157406,-17.240644,4,2021-06-08,35.54,0.0,35.67333333333333,16.868333333333332,1.0,275.3883333333333,2021,6,8,157.0,0,India_2004.csv
2021-06-09,2004,213.0,123.0,26.0,6.0,11.0,4.0,2,2,1,1,0,0,1,1,0.969214236440883,-0.8410541786302763,6.934971,6.8426833,44.10374,-38.38409,4,2021-06-09,35.99166666666667,0.0,43.199999999999996,15.493333333333334,1.0,220.25833333333333,2021,6,9,213.0,0,India_2004.csv
2021-06-10,2004,176.0,98.0,29.0,7.0,15.0,5.0,2,2,1,1,0,0,1,1,0.3668148066060438,-0.5488667511260387,8.597162,5.4564524,27.800034,-17.80277,4,2021-06-10,32.248333333333335,0.0,61.776666666666664,15.951666666666666,1.0,99.04666666666667,2021,6,10,176.0,0,India_2004.csv
2021-06-11,2004,167.0,90.0,30.0,8.0,18.0,5.0,2,2,1,1,0,0,1,1,0.38187194397316276,-0.4409604560531768,8.71525,5.293129,27.138763,-17.452156,4,2021-06-11,32.27333333333333,0.0,58.70333333333334,11.766666666666666,1.0,106.35833333333333,2021,6,11,167.0,0,India_2004.csv
2021-06-12,2004,140.0,62.0,27.0,7.0,12.0,3.0,2,2,1,1,0,0,1,1,-1.106227936045635,-1.6234919562367647,8.368374,4.4011893,20.765514,-21.883236,4,2021-06-12,31.545,0.0,63.90833333333333,16.228333333333335,1.0,110.82166666666667,2021,6,12,140.0,0,India_2004.csv
2021-06-13,2004,113.0,60.0,27.0,8.0,16.0,5.0,2,2,1,1,3,3,1,1,-1.3608750056782402,-0.9951433929324699,8.555143,3.549706,-1.9903086,-73.35169,4,2021-06-13,30.90833333333333,0.0,65.51333333333334,6.503333333333334,1.0,119.92999999999999,2021,6,13,113.0,0,India_2004.csv
2021-06-14,2004,109.0,60.0,27.0,7.0,21.0,4.0,2,2,1,1,3,3,1,1,-1.5906680232164054,-0.48105453068034454,8.814522,3.6909099,-1.1483817,-73.851234,4,2021-06-14,31.365,0.0,59.593333333333334,7.941666666666667,1.0,101.56166666666667,2021,6,14,109.0,0,India_2004.csv
2021-06-15,2004,112.0,67.0,25.0,7.0,16.0,4.0,2,2,1,1,3,3,1,1,-1.632424162510346,-1.0225666227627603,8.606712,3.3519876,-2.3890421,-73.24098,4,2021-06-15,30.343333333333334,0.0,67.62833333333333,7.906666666666666,1.0,212.81333333333336,2021,6,15,112.0,0,India_2004.csv
2021-06-16,2004,127.0,64.0,28.0,8.0,15.0,4.0,2,2,1,1,0,0,1,1,-0.9867004671953742,-1.2595626249583898,8.487325,4.3541393,21.11327,-21.05471,4,2021-06-16,29.488333333333333,0.0,71.05,8.853333333333333,1.0,115.54333333333334,2021,6,16,127.0,0,India_2004.csv
2021-06-17,2004,112.0,65.0,27.0,7.0,11.0,5.0,2,2,1,1,3,3,1,1,-1.5576278416112614,-1.366080921967661,8.308692,3.174311,-5.1611295,-73.01093,4,2021-06-17,29.84,0.0,70.52333333333333,9.063333333333333,1.0,75.66833333333334,2021,6,17,112.0,0,India_2004.csv
2021-06-18,2004,122.0,52.0,25.0,8.0,10.0,5.0,2,2,1,1,3,3,1,1,-1.5492976568096997,-1.7062159326842068,8.179674,2.2835605,-7.560937,-72.41309,4,2021-06-18,29.123333333333335,0.0,70.26666666666667,11.615,1.0,94.13666666666667,2021,6,18,122.0,0,India_2004.csv
2021-06-19,2004,79.0,47.0,23.0,7.0,8.0,5.0,2,2,1,1,3,3,0,0,-2.8034672277776487,-1.922494716332049,8.238654,0.29358926,-21.577307,-75.965454,4,2021-06-19,28.34,0.0,73.87333333333333,11.306666666666667,1.0,53.48,2021,6,19,79.0,0,India_2004.csv
2021-06-20,2004,74.0,43.0,24.0,7.0,9.0,4.0,2,2,1,1,3,3,0,0,-2.8879921275371725,-2.0536310572029057,8.259039,0.32738975,-21.025597,-76.44643,4,2021-06-20,29.105,0.0,73.2,9.17,1.0,71.11333333333333,2021,6,20,74.0,0,India_2004.csv
2021-06-21,2004,72.0,54.0,24.0,8.0,13.0,4.0,2,2,1,1,3,3,0,0,-2.496498341296844,-1.7269421752283811,8.322056,0.33015475,-20.339796,-78.34626,4,2021-06-21,31.195000000000004,0.0,61.39333333333334,7.898333333333333,1.0,186.86666666666667,2021,6,21,72.0,0,India_2004.csv
2021-06-22,2004,101.0,74.0,25.0,8.0,18.0,5.0,2,2,1,1,3,3,1,1,-1.4821034240376878,-0.7500838386009098,8.797353,3.3489273,-2.2660193,-74.06666,4,2021-06-22,33.85666666666666,0.0,46.49166666666667,8.275,1.0,220.92166666666665,2021,6,22,101.0,0,India_2004.csv
2021-06-23,2004,141.0,121.0,27.0,8.0,23.0,5.0,2,2,1,1,0,0,1,1,0.23968643108050489,0.17967094990021112,9.197635,5.254906,29.001219,-8.946322,4,2021-06-23,34.18833333333333,0.0,48.02,9.796666666666667,1.0,145.65333333333334,2021,6,23,141.0,0,India_2004.csv
2021-06-24,2004,190.0,74.0,26.0,8.0,18.0,5.0,2,2,1,1,0,0,1,1,0.2402967598140725,-0.4843328277560145,8.750575,5.3355002,23.58912,-15.358103,4,2021-06-24,32.43666666666667,0.0,59.675000000000004,8.99,1.0,133.06166666666667,2021,6,24,190.0,0,India_2004.csv
2021-06-25,2004,138.0,87.0,24.0,7.0,16.0,4.0,2,2,1,1,0,0,1,1,-0.9000707971151878,-0.8575585712068756,8.537114,3.6767766,-4.343189,-14.592187,4,2021-06-25,32.339999999999996,0.0,58.72,8.158333333333333,1.0,204.08333333333334,2021,6,25,138.0,0,India_2004.csv
2021-06-26,2004,154.0,68.0,23.0,8.0,16.0,5.0,2,2,1,1,0,0,1,1,-0.7763201701802891,-0.8691817214563259,8.6802435,4.156937,20.663261,-16.136461,4,2021-06-26,32.43833333333333,0.0,56.23,6.488333333333333,1.0,124.74666666666667,2021,6,26,154.0,0,India_2004.csv
2021-06-27,2004,133.0,84.0,22.0,9.0,20.0,4.0,2,2,1,1,0,0,1,1,-0.7451847857331332,-0.7998513550203076,9.3053875,3.4909246,2.8246074,-4.9133124,4,2021-06-27,33.54833333333334,0.0,53.903333333333336,8.648333333333333,1.0,118.47833333333334,2021,6,27,133.0,0,India_2004.csv
2021-06-28,2004,155.0,78.0,21.0,8.0,21.0,3.0,2,2,1,1,0,0,1,1,-0.716180573212268,-0.7024820046149337,9.343013,3.357423,-0.27376857,-8.922186,4,2021-06-28,34.54333333333333,0.0,47.02,7.468333333333334,1.0,161.40166666666667,2021,6,28,155.0,0,India_2004.csv
2021-06-29,2004,147.0,98.0,20.0,8.0,16.0,5.0,2,2,1,1,0,0,1,1,-0.6429510763329005,-0.7668547831781338,8.6028595,3.0927844,1.1493748,-11.84799,4,2021-06-29,36.199999999999996,0.0,35.23,11.995,1.0,269.12333333333333,2021,6,29,147.0,0,India_2004.csv
2021-06-30,2004,160.0,139.0,19.0,7.0,8.0,4.0,2,2,1,1,0,0,1,1,-0.11750078422184214,-1.4892595246306424,7.376307,3.0787492,-0.81058574,-20.726439,4,2021-06-30,37.43,0.0,29.703333333333333,19.830000000000002,1.0,272.0133333333333,2021,6,30,160.0,0,India_2004.csv
2021-07-01,2004,187.0,104.0,14.0,7.0,8.0,7.0,2,2,1,1,3,3,1,1,-0.5287091015023412,-0.9654619473970374,7.4773316,2.5552018,-7.4782724,-46.534176,4,2021-07-01,37.10333333333333,0.0,33.665,16.463333333333335,1.0,244.83833333333334,2021,7,1,187.0,0,India_2004.csv
2021-07-02,2004,160.0,105.0,19.0,7.0,7.0,6.0,2,2,1,1,0,0,1,1,-0.657174119430211,-1.3314266734218283,7.8607836,2.8419216,12.407991,-19.26235,4,2021-07-02,35.11333333333334,0.0,45.53333333333333,13.345,1.0,256.075,2021,7,2,160.0,0,India_2004.csv
2021-07-03,2004,159.0,79.0,24.0,7.0,9.0,7.0,2,2,1,1,0,0,1,1,-0.6821271066846085,-0.9753042072337033,8.138887,3.4779282,14.8511305,-17.26577,4,2021-07-03,33.068333333333335,0.0,51.71333333333333,9.648333333333333,1.0,239.15666666666667,2021,7,3,159.0,0,India_2004.csv
2021-07-04,2004,127.0,88.0,28.0,8.0,17.0,5.0,2,2,1,1,0,0,1,1,-0.5550833557993147,-0.6962065461526401,8.678408,4.5045137,20.884628,-18.634848,4,2021-07-04,34.35166666666667,0.0,48.51333333333333,6.858333333333333,1.0,249.68999999999997,2021,7,4,127.0,0,India_2004.csv
2021-07-05,2004,131.0,81.0,26.0,7.0,14.0,5.0,2,2,1,1,0,0,1,1,-0.9845850538521719,-0.8998084753990262,8.535921,3.8996086,20.038305,-17.690168,4,2021-07-05,34.77833333333333,0.0,46.68333333333334,9.025,1.0,272.165,2021,7,5,131.0,0,India_2004.csv
2021-07-06,2004,118.0,91.0,26.0,7.0,14.0,5.0,2,2,1,1,0,0,1,1,-1.0612080700874116,-0.888630342315326,8.553941,3.581645,19.695602,-18.186241,4,2021-07-06,35.318333333333335,0.0,44.14666666666667,10.773333333333333,1.0,293.44,2021,7,6,118.0,0,India_2004.csv
2021-07-07,2004,135.0,88.0,20.0,7.0,12.0,5.0,2,2,1,1,3,3,1,1,-1.2770120700627705,-1.1292110198799736,8.265602,2.7008293,10.857443,-14.769552,4,2021-07-07,36.505,0.0,39.62,12.015,1.0,273.0316666666667,2021,7,7,135.0,0,India_2004.csv
2021-07-08,2004,136.0,93.0,17.0,7.0,9.0,5.0,2,2,1,1,3,3,1,1,-1.4409452554886384,-1.4668656922783254,8.147842,2.3882895,10.919775,-16.775448,4,2021-07-08,35.50833333333333,0.0,45.02,14.216666666666667,1.0,209.39166666666665,2021,7,8,136.0,0,India_2004.csv
2021-07-09,2004,145.0,70.0,25.0,7.0,16.0,5.0,2,2,1,1,0,0,1,1,-0.9582666802620514,-0.6935565618884522,8.655158,4.14799,20.450434,-16.594965,4,2021-07-09,33.16833333333333,0.0,57.21666666666667,11.511666666666665,1.0,93.94,2021,7,9,145.0,0,India_2004.csv
2021-07-10,2004,131.0,57.0,26.0,7.0,11.0,7.0,2,2,1,1,0,0,1,1,-1.3842254744712146,-0.9205251662215878,8.562998,3.6822996,17.876919,-16.349556,4,2021-07-10,33.66166666666667,0.0,57.32,11.508333333333333,1.0,104.68166666666667,2021,7,10,131.0,0,India_2004.csv
2021-07-11,2004,106.0,64.0,24.0,7.0,12.0,5.0,2,2,1,1,3,3,1,1,-1.901738735495558,-1.2985466993922414,8.381875,2.846745,-5.1145573,-72.911606,4,2021-07-11,31.621666666666666,0.0,67.18,18.235,1.0,107.34666666666665,2021,7,11,106.0,0,India_2004.csv
2021-07-12,2004,122.0,55.0,25.0,7.0,8.0,7.0,2,2,1,1,3,3,1,1,-1.6953726365030715,-1.3053972454549019,8.318845,2.8519726,-7.8734317,-73.20232,4,2021-07-12,30.516666666666666,0.0,69.885,17.691666666666666,1.0,113.14333333333333,2021,7,12,122.0,0,India_2004.csv
2021-07-13,2004,108.0,42.0,24.0,9.0,4.0,6.0,2,2,1,1,3,3,1,1,-1.904386461402477,-2.442929389848397,8.165576,1.7621046,-8.7054825,-73.14512,4,2021-07-13,29.826666666666668,0.0,78.41,10.546666666666667,1.0,75.58833333333332,2021,7,13,108.0,0,India_2004.csv
2021-07-14,2004,76.0,42.0,27.0,8.0,5.0,7.0,2,2,1,1,3,3,1,1,-2.441777264237716,-2.003257012522065,8.042225,1.0773782,-10.579287,-74.96158,4,2021-07-14,29.185000000000002,0.0,81.72333333333334,11.015,1.0,63.951666666666675,2021,7,14,76.0,0,India_2004.csv
2021-07-15,2004,88.0,57.0,30.0,8.0,7.0,6.0,2,2,1,1,3,3,1,1,-1.7362528486441962,-1.8627512166188878,7.040669,4.741784,9.654714,-81.30977,4,2021-07-15,30.80666666666667,0.0,75.755,11.745,1.0,83.78500000000001,2021,7,15,88.0,0,India_2004.csv
2021-07-16,2004,104.0,59.0,28.0,7.0,20.0,6.0,2,2,1,1,3,3,1,1,-1.6059658071723173,-0.1685925577013651,8.674074,3.795974,-1.3595494,-73.23588,4,2021-07-16,31.058333333333334,0.0,75.52499999999999,9.918333333333335,1.0,91.08666666666666,2021,7,16,104.0,0,India_2004.csv
2021-07-17,2004,114.0,67.0,29.0,8.0,27.0,7.0,2,2,1,1,0,0,1,1,-0.9151255483841922,0.7460185232779293,9.618184,4.8625035,24.279085,2.9166286,4,2021-07-17,32.54333333333333,0.0,69.53333333333333,6.998333333333334,1.0,188.98333333333335,2021,7,17,114.0,0,India_2004.csv
2021-07-18,2004,119.0,58.0,32.0,7.0,19.0,6.0,2,2,1,1,0,0,1,1,-1.0519367869439196,-0.211860017387006,8.7012205,4.671666,21.401165,-19.771671,4,2021-07-18,29.44,0.0,84.54833333333333,8.351666666666667,1.0,165.4416666666667,2021,7,18,119.0,0,India_2004.csv
2021-07-19,2004,82.0,33.0,30.0,8.0,9.0,6.0,2,2,1,1,3,3,1,1,-2.216627578571751,-1.7699458703390718,6.9892015,4.7538886,9.345936,-80.98527,4,2021-07-19,26.313333333333333,0.0,94.81833333333333,6.068333333333334,1.0,175.47000000000003,2021,7,19,82.0,0,India_2004.csv
2021-07-20,2004,37.0,70.0,31.0,8.0,12.0,4.0,2,2,1,1,3,3,1,1,-2.360131350028744,-1.808123628933419,6.9489126,4.737087,7.6951566,-77.40853,4,2021-07-20,27.88,0.0,87.91666666666667,3.828333333333333,1.0,148.63666666666666,2021,7,20,70.0,0,India_2004.csv
2021-07-21,2004,87.0,63.0,31.0,8.0,15.0,6.0,2,2,1,1,0,0,1,1,-1.485043000932388,-0.9188565920903928,7.481703,4.633787,8.680474,-81.951744,4,2021-07-21,28.78333333333333,0.0,84.43666666666667,7.213333333333334,1.0,138.40166666666667,2021,7,21,87.0,0,India_2004.csv
2021-07-22,2004,98.0,54.0,34.0,7.0,12.0,6.0,2,2,1,1,0,0,1,1,-1.4367554323765426,-1.0721251488532197,7.1985126,4.9177694,9.901019,-81.82835,4,2021-07-22,28.061666666666667,0.0,87.63166666666666,9.746666666666666,1.0,88.23166666666667,2021,7,22,98.0,0,India_2004.csv
2021-07-23,2004,82.0,59.0,27.0,7.0,14.0,7.0,2,2,1,1,3,3,1,1,-2.1458724052520757,-0.7036482540879667,8.616459,3.4467669,-5.454983,-75.62786,4,2021-07-23,29.223333333333333,0.0,85.38333333333333,8.055,1.0,106.36166666666666,2021,7,23,82.0,0,India_2004.csv
2021-07-24,2004,84.0,64.0,24.0,9.0,12.0,6.0,2,2,1,1,3,3,1,1,-1.8926816527745394,-1.4954866955707389,8.261499,1.3175488,-8.78403,-77.260376,4,2021-07-24,30.5,0.0,81.10666666666667,6.071666666666666,1.0,113.875,2021,7,24,84.0,0,India_2004.csv
2021-07-25,2004,102.0,55.0,23.0,8.0,11.0,8.0,2,2,1,1,3,3,1,1,-1.966734715802216,-0.9954042923716179,8.385107,2.232508,-7.1488404,-74.89724,4,2021-07-25,31.09,0.0,76.27833333333332,8.778333333333334,1.0,112.505,2021,7,25,102.0,0,India_2004.csv
2021-07-26,2004,107.0,60.0,27.0,8.0,14.0,8.0,2,2,1,1,3,3,1,1,-1.4517760210169035,-0.5835736347323021,8.709465,3.5499794,-6.017708,-75.42447,4,2021-07-26,28.765,0.0,87.64,6.984999999999999,1.0,129.65833333333333,2021,7,26,107.0,0,India_2004.csv
2021-07-27,2004,115.0,47.0,24.0,8.0,6.0,6.0,2,2,1,1,3,3,1,1,-1.8698748891550574,-1.994859001679031,8.145893,1.9135591,-8.396594,-72.90803,4,2021-07-27,28.363333333333333,0.0,87.13833333333334,7.136666666666667,1.0,236.35333333333332,2021,7,27,115.0,0,India_2004.csv
2021-07-28,2004,99.0,25.0,24.0,7.0,4.0,6.0,2,2,1,1,3,3,0,0,-2.750720659031193,-2.200018136861823,8.107523,1.5756314,-9.261949,-73.54205,4,2021-07-28,27.03833333333333,0.0,89.88,8.62,1.0,289.61,2021,7,28,99.0,0,India_2004.csv
2021-07-29,2004,52.0,37.0,26.0,10.0,7.0,7.0,2,2,1,1,3,3,0,0,-2.618671962362546,-2.229766000129068,8.23807,0.56137186,-11.097508,-75.26177,4,2021-07-29,27.491666666666664,0.0,88.63833333333334,5.136666666666667,1.0,204.68500000000003,2021,7,29,52.0,0,India_2004.csv
2021-07-30,2004,68.0,39.0,27.0,8.0,8.0,3.0,2,2,1,1,3,3,0,0,-2.661702159429625,-2.575112941142831,7.162791,4.261861,5.5101314,-78.058044,4,2021-07-30,27.316666666666666,0.0,88.09500000000001,8.941666666666666,1.0,88.125,2021,7,30,68.0,0,India_2004.csv
2021-07-31,2004,86.0,34.0,24.0,8.0,9.0,5.0,2,2,1,1,3,3,0,0,-2.5981802901818707,-2.02004288762307,8.313521,0.4882089,-20.978033,-76.05245,4,2021-07-31,28.633333333333336,0.0,85.54666666666667,8.181666666666667,1.0,97.59333333333335,2021,7,31,86.0,0,India_2004.csv
2021-08-01,2004,60.0,43.0,24.0,9.0,12.0,5.0,2,2,1,1,3,3,0,0,-2.6952665747158333,-1.8863266642109773,8.247307,0.36559406,-20.229578,-78.07508,4,2021-08-01,29.13,0.0,83.835,6.048333333333333,1.0,241.66166666666666,2021,8,1,60.0,0,India_2004.csv
2021-08-02,2004,79.0,51.0,24.0,10.0,7.0,5.0,2,2,1,1,3,3,1,1,-2.071587164535708,-2.5366793827024554,8.096525,0.9963763,-10.206062,-76.693245,4,2021-08-02,27.81833333333333,0.0,87.75166666666667,6.4433333333333325,1.0,95.27833333333332,2021,8,2,79.0,0,India_2004.csv
2021-08-03,2004,107.0,52.0,26.0,7.0,7.0,4.0,2,2,1,1,3,3,1,1,-2.0015273637391187,-2.125550322277297,8.141396,2.706468,-6.8492026,-72.28889,4,2021-08-03,28.753333333333334,0.0,83.58999999999999,11.63,1.0,56.745000000000005,2021,8,3,107.0,0,India_2004.csv
2021-08-04,2004,91.0,44.0,24.0,7.0,9.0,5.0,2,2,1,1,3,3,0,0,-2.54254415157318,-1.780730979184893,8.225516,0.47921526,-21.057999,-75.96909,4,2021-08-04,28.826666666666668,0.0,78.91166666666666,11.088333333333333,1.0,76.46,2021,8,4,91.0,0,India_2004.csv
2021-08-05,2004,69.0,60.0,26.0,8.0,11.0,5.0,2,2,1,1,3,3,1,1,-2.310429834843375,-1.6990074230511218,8.257956,0.36295828,-20.174335,-77.843605,4,2021-08-05,29.33666666666667,0.0,79.515,5.055000000000001,1.0,89.33999999999999,2021,8,5,69.0,0,India_2004.csv
2021-08-06,2004,104.0,69.0,25.0,9.0,13.0,7.0,2,2,1,1,3,3,1,1,-1.3380969431622596,-1.0727085679901747,8.401083,2.4754004,-6.738857,-75.92562,4,2021-08-06,30.03,0.0,82.175,4.093333333333333,1.0,102.47833333333334,2021,8,6,104.0,0,India_2004.csv
2021-08-07,2004,122.0,60.0,24.0,9.0,7.0,6.0,2,2,1,1,3,3,1,1,-1.3148438243568035,-1.9734079586212172,8.13559,2.12889,-8.125281,-72.752304,4,2021-08-07,28.645,0.0,87.67166666666667,4.1866666666666665,1.0,97.85333333333334,2021,8,7,122.0,0,India_2004.csv
2021-08-08,2004,98.0,63.0,25.0,10.0,6.0,5.0,2,2,1,1,3,3,1,1,-1.4592407395471247,-2.5287736619143915,8.115008,1.2739515,-9.868163,-76.546455,4,2021-08-08,28.463333333333335,0.0,87.14833333333333,4.166666666666667,1.0,125.76833333333333,2021,8,8,98.0,0,India_2004.csv
2021-08-09,2004,105.0,70.0,25.0,7.0,13.0,6.0,2,2,1,1,3,3,1,1,-1.7191964406345346,-0.9317112721829532,8.424803,2.7534354,-5.220639,-73.26023,4,2021-08-09,28.275000000000002,0.0,87.38666666666667,5.8500000000000005,1.0,133.18,2021,8,9,105.0,0,India_2004.csv
2021-08-10,2004,117.0,91.0,19.0,8.0,9.0,8.0,2,2,1,1,3,3,1,1,-1.4281593099227075,-1.0354022092063153,8.614736,2.338398,-13.881301,-8.583813,4,2021-08-10,30.231666666666666,0.0,73.51,11.391666666666666,1.0,261.325,2021,8,10,117.0,0,India_2004.csv
2021-08-11,2004,134.0,80.0,22.0,7.0,8.0,5.0,2,2,1,1,3,3,1,1,-1.3217369019535308,-1.6100070171626057,8.0769825,2.7693284,11.407298,-14.78628,4,2021-08-11,30.27333333333333,0.0,66.41666666666667,15.208333333333334,1.0,255.12333333333333,2021,8,11,134.0,0,India_2004.csv
2021-08-12,2004,119.0,82.0,22.0,7.0,9.0,5.0,2,2,1,1,3,3,1,1,-1.5545185012710396,-1.5299968355636746,8.051538,2.520346,-9.34791,-66.36354,4,2021-08-12,30.375,0.0,66.93833333333333,12.62,1.0,252.735,2021,8,12,119.0,0,India_2004.csv
2021-08-13,2004,120.0,78.0,21.0,6.0,10.0,4.0,2,2,1,1,3,3,1,1,-1.8811737065217564,-1.483686903453675,7.973067,2.2336915,-9.693409,-65.99474,4,2021-08-13,30.615,0.0,65.81166666666667,11.891666666666666,1.0,252.14166666666665,2021,8,13,120.0,0,India_2004.csv
2021-08-14,2004,118.0,85.0,22.0,8.0,8.0,5.0,2,2,1,1,3,3,1,1,-1.3350877982777285,-1.8079315589532279,8.054646,2.5246806,-9.367205,-66.54347,4,2021-08-14,30.541666666666668,0.0,65.43666666666667,13.125,1.0,244.40166666666664,2021,8,14,118.0,0,India_2004.csv
2021-08-15,2004,141.0,79.0,21.0,7.0,9.0,6.0,2,2,1,1,3,3,1,1,-1.2583366516584609,-1.2701121722154418,8.156853,3.0401607,13.349479,-16.881403,4,2021-08-15,30.485,0.0,65.425,9.665000000000001,1.0,257.765,2021,8,15,141.0,0,India_2004.csv
2021-08-16,2004,127.0,85.0,22.0,7.0,11.0,5.0,2,2,1,1,3,3,1,1,-1.3335997228923726,-1.264793637033128,8.097855,2.6564345,11.128276,-14.441404,4,2021-08-16,30.47,0.0,68.355,7.468333333333334,1.0,222.77833333333334,2021,8,16,127.0,0,India_2004.csv
2021-08-17,2004,133.0,93.0,22.0,8.0,11.0,5.0,2,2,1,1,0,0,1,1,-0.8908795177887732,-1.3843461157784325,8.1276655,2.7516313,10.76752,-13.901976,4,2021-08-17,31.35166666666667,0.0,67.18166666666666,6.668333333333333,1.0,205.23166666666665,2021,8,17,133.0,0,India_2004.csv
2021-08-18,2004,147.0,86.0,16.0,8.0,17.0,5.0,2,2,1,1,3,3,1,1,-1.1325132832958007,-0.7436223303832998,9.200363,2.2320988,-19.983984,-9.179468,4,2021-08-18,31.41333333333333,0.0,66.95166666666667,6.361666666666667,1.0,244.62833333333333,2021,8,18,147.0,0,India_2004.csv
2021-08-19,2004,152.0,95.0,27.0,9.0,14.0,5.0,2,2,1,1,0,0,1,1,0.11077336666062597,-1.1146467525402226,8.626079,5.1225257,25.760515,-14.291119,4,2021-08-19,30.868333333333336,0.0,75.335,8.326666666666666,1.0,76.72833333333334,2021,8,19,152.0,0,India_2004.csv
2021-08-20,2004,161.0,55.0,25.0,7.0,6.0,5.0,2,2,1,1,0,0,1,1,-1.027059550881288,-1.85737006111657,7.8845916,3.6518097,21.745062,-40.415436,4,2021-08-20,27.561666666666667,0.0,86.68333333333334,12.450000000000001,1.0,93.20333333333333,2021,8,20,161.0,0,India_2004.csv
2021-08-21,2004,109.0,30.0,24.0,7.0,2.0,6.0,2,2,1,1,3,3,0,0,-2.507638732829114,-2.3740190101991874,8.190562,1.6881108,-9.080653,-73.335754,4,2021-08-21,26.74666666666667,0.0,90.95,10.886666666666665,1.0,105.57,2021,8,21,109.0,0,India_2004.csv
2021-08-22,2004,75.0,50.0,8.0,5.4,15.0,2.8,2,2,1,1,3,3,0,0,-4.241510634532407,-1.4427817122018605,9.744269,-2.6467822,-73.5979,-37.872894,4,2021-08-22,27.903333333333332,0.0,88.605,8.453333333333333,1.0,118.37666666666667,2021,8,22,75.0,0,India_2004.csv
2021-08-23,2004,81.0,53.0,16.0,15.0,5.0,9.4,2,2,1,1,3,3,0,0,-1.5676192393092998,-2.729589067408073,8.264594,1.4427707,-10.498492,-86.41388,4,2021-08-23,28.708333333333332,0.0,86.71666666666665,5.373333333333334,1.0,179.13666666666666,2021,8,23,81.0,0,India_2004.csv
2021-08-24,2004,86.0,60.0,15.0,17.0,6.0,5.8,2,2,1,1,3,3,0,0,-1.0760695928423152,-3.7147889137038366,8.020543,0.622286,-4.367038,-86.624985,4,2021-08-24,29.266666666666666,0.0,85.96833333333332,5.786666666666666,1.0,187.0,2021,8,24,86.0,0,India_2004.csv
2021-08-25,2004,115.0,70.0,17.0,5.0,5.0,3.0,2,2,1,1,3,3,0,0,-2.684381927456879,-2.180328519825438,7.999695,0.042710084,-10.844564,-64.23896,4,2021-08-25,30.24333333333333,0.0,65.67333333333333,16.568333333333335,1.0,268.375,2021,8,25,115.0,0,India_2004.csv
2021-08-26,2004,121.0,76.0,18.0,6.0,5.0,1.0,2,2,1,1,3,3,0,0,-2.2274621320596157,-2.7392362599201103,7.8104734,1.6783947,-12.547048,-62.317513,4,2021-08-26,29.621666666666666,0.0,69.94666666666667,13.726666666666667,1.0,256.1716666666667,2021,8,26,121.0,0,India_2004.csv
2021-08-27,2004,123.0,94.0,19.0,7.0,6.0,1.0,2,2,1,1,3,3,1,1,-1.6067818506286076,-2.699886573215562,7.7559214,1.8378936,-12.44382,-62.249733,4,2021-08-27,29.635,0.0,69.02166666666666,8.901666666666667,1.0,204.74833333333333,2021,8,27,123.0,0,India_2004.csv
2021-08-28,2004,142.0,80.0,23.0,6.0,8.0,1.0,2,2,1,1,3,3,1,1,-1.3567271781324448,-2.277980194338858,7.5645213,3.4203382,-12.244876,-61.220993,4,2021-08-28,29.26,0.0,78.56333333333333,6.805,1.0,172.39499999999998,2021,8,28,142.0,0,India_2004.csv
2021-08-29,2004,132.0,80.0,21.0,5.0,11.0,1.0,2,2,1,1,3,3,1,1,-1.8591038314366561,-1.805804993881016,8.0043545,1.9330937,-12.191547,-61.21762,4,2021-08-29,28.516666666666666,0.0,83.78333333333335,8.418333333333335,1.0,126.80499999999999,2021,8,29,132.0,0,India_2004.csv
2021-08-30,2004,129.0,47.0,18.0,8.0,8.0,2.0,2,2,1,1,3,3,0,0,-2.102923880677095,-2.6498229965126243,7.981392,1.2338383,-14.692089,-59.83072,4,2021-08-30,27.36,0.0,85.66833333333334,10.545,1.0,93.97000000000001,2021,8,30,129.0,0,India_2004.csv
2021-08-31,2004,67.0,52.0,20.0,8.0,3.0,1.0,2,2,1,1,3,3,0,0,-3.0894765106677946,-3.5762895939493977,8.131423,-0.22904071,-37.379776,-82.39983,4,2021-08-31,27.206666666666667,0.0,87.11166666666666,10.726666666666667,1.0,93.58999999999999,2021,8,31,67.0,0,India_2004.csv
2021-09-01,2004,52.0,49.0,17.0,8.0,3.0,2.0,2,2,1,1,3,3,0,0,-3.6300955755764015,-3.4395042730729624,8.33882,-0.8189158,-38.885006,-82.62668,4,2021-09-01,26.28333333333333,0.0,90.445,8.038333333333332,1.0,67.05,2021,9,1,52.0,0,India_2004.csv
2021-09-02,2004,55.0,45.0,15.0,8.0,8.0,5.0,2,2,1,1,3,3,0,0,-3.689199973623536,-2.241492864908307,8.53579,-1.4045366,-39.94683,-74.73043,4,2021-09-02,28.146666666666665,0.0,86.47833333333334,5.526666666666666,1.0,134.06166666666667,2021,9,2,55.0,0,India_2004.csv
2021-09-03,2004,74.0,41.0,17.0,7.0,8.0,2.0,2,2,1,1,3,3,0,0,-3.4954202511789676,-2.670396171350265,8.373559,-0.6020225,-34.527355,-83.362724,4,2021-09-03,27.325,0.0,88.98,6.585,1.0,157.73666666666668,2021,9,3,74.0,0,India_2004.csv
2021-09-04,2004,63.0,36.0,17.0,8.0,5.0,3.0,2,2,1,1,3,3,0,0,-3.6011913804715627,-3.024966590460498,8.326663,-1.0629351,-39.29673,-81.78323,4,2021-09-04,27.426666666666666,0.0,88.51166666666666,5.051666666666667,1.0,164.09,2021,9,4,63.0,0,India_2004.csv
2021-09-05,2004,56.0,57.0,15.0,8.0,5.0,2.0,2,2,1,1,3,3,0,0,-3.553679221687466,-3.177400595687932,8.346602,-1.2654508,-39.462654,-82.95562,4,2021-09-05,28.478333333333335,0.0,85.84833333333331,4.461666666666667,1.0,188.73000000000002,2021,9,5,57.0,0,India_2004.csv
2021-09-06,2004,73.0,59.0,17.0,8.0,7.0,1.0,2,2,1,1,3,3,0,0,-3.044868553303498,-3.0938593013850935,8.125962,-0.21259826,-36.160397,-82.880394,4,2021-09-06,29.38,0.0,83.75333333333333,5.4816666666666665,1.0,134.225,2021,9,6,73.0,0,India_2004.csv
2021-09-07,2004,78.0,56.0,19.0,8.0,5.0,6.0,2,2,1,1,3,3,0,0,-2.7997751990826028,-2.211594761280718,8.259362,-0.12144005,-22.79156,-74.39312,4,2021-09-07,27.985,0.0,86.57666666666667,12.766666666666666,1.0,83.035,2021,9,7,78.0,0,India_2004.csv
2021-09-08,2004,72.0,41.0,18.0,8.0,4.0,5.0,2,2,1,1,3,3,0,0,-3.2592404072376855,-2.6426545603057208,8.255171,-0.40188253,-22.732203,-74.48706,4,2021-09-08,27.875,0.0,81.56166666666667,15.775,1.0,98.31166666666667,2021,9,8,72.0,0,India_2004.csv
2021-09-09,2004,42.0,49.0,19.0,7.0,11.0,3.0,2,2,1,1,3,3,0,0,-3.753487677388966,-2.1482383879389673,8.600965,-0.303051,-24.40461,-83.78029,4,2021-09-09,27.695000000000004,0.0,84.67666666666666,11.393333333333333,1.0,93.235,2021,9,9,49.0,0,India_2004.csv
2021-09-10,2004,98.0,45.0,16.0,5.0,8.0,3.0,2,2,1,1,3,3,0,0,-3.448917706327082,-2.0185415990323308,8.269606,-0.82488465,-30.4536,-63.849766,4,2021-09-10,26.944999999999997,0.0,87.46,14.893333333333333,1.0,97.91000000000001,2021,9,10,98.0,0,India_2004.csv
2021-09-11,2004,96.0,40.0,9.0,7.0,13.0,4.0,2,2,1,1,3,3,0,0,-3.6258644757893532,-1.669268217112434,9.572825,-2.2205307,-64.4037,-31.84531,4,2021-09-11,25.955,0.0,90.68666666666667,15.068333333333333,1.0,110.29166666666667,2021,9,11,96.0,0,India_2004.csv
2021-09-12,2004,88.0,44.0,18.0,4.0,19.0,5.0,2,2,1,1,3,3,0,0,-3.5383708064104273,-0.1723095261166252,9.973109,0.019180154,-55.803062,-17.58333,4,2021-09-12,26.836666666666662,0.0,90.02999999999999,7.421666666666667,1.0,66.61833333333333,2021,9,12,88.0,0,India_2004.csv
2021-09-13,2004,96.0,56.0,19.0,6.0,23.0,3.0,2,2,1,1,3,3,0,0,-2.697886933463742,-0.41735857825446887,10.491858,0.40016901,-15.379882,-23.76351,4,2021-09-13,27.856666666666666,0.0,87.21999999999998,6.285,1.0,61.16,2021,9,13,96.0,0,India_2004.csv
2021-09-14,2004,107.0,55.0,19.0,7.0,12.0,2.0,2,2,1,1,3,3,0,0,-2.4556460879543733,-2.03575407459128,8.385591,0.68336064,-20.91518,-64.812,4,2021-09-14,28.063333333333333,0.0,82.14333333333333,9.768333333333333,1.0,53.42333333333334,2021,9,14,107.0,0,India_2004.csv
2021-09-15,2004,91.0,45.0,19.0,7.0,11.0,2.0,2,2,1,1,3,3,0,0,-2.927319074224907,-2.244620886508018,8.372726,0.26630682,-21.576818,-65.27928,4,2021-09-15,28.388333333333332,0.0,78.03166666666667,10.46,1.0,158.32500000000002,2021,9,15,91.0,0,India_2004.csv
2021-09-16,2004,64.0,40.0,19.0,7.0,10.0,2.0,2,2,1,1,3,3,0,0,-3.520537678274114,-2.4609326577217505,8.531213,-0.5530975,-26.697998,-84.53851,4,2021-09-16,27.776666666666667,0.0,74.29666666666667,13.846666666666666,1.0,126.97166666666665,2021,9,16,64.0,0,India_2004.csv
2021-09-17,2004,71.0,53.0,20.0,8.0,14.0,4.0,2,2,1,1,3,3,0,0,-2.82434318913101,-1.6528906146488163,8.545636,0.31543028,-20.178154,-80.20487,4,2021-09-17,26.863333333333333,0.0,78.67333333333333,15.598333333333334,1.0,53.254999999999995,2021,9,17,71.0,0,India_2004.csv
2021-09-18,2004,90.0,53.0,21.0,9.0,14.0,3.0,2,2,1,1,3,3,0,0,-2.21064279390296,-1.984666678411001,8.528287,0.37465355,-18.143435,-81.189224,4,2021-09-18,27.516666666666666,0.0,82.25166666666667,11.321666666666667,1.0,82.99333333333334,2021,9,18,90.0,0,India_2004.csv
2021-09-19,2004,98.0,50.0,19.0,10.0,11.0,4.0,2,2,1,1,3,3,0,0,-2.0846474793120473,-2.290367426861954,8.256956,0.51761997,-15.274377,-81.538185,4,2021-09-19,28.173333333333332,0.0,81.30666666666667,8.705,1.0,122.95833333333333,2021,9,19,98.0,0,India_2004.csv
2021-09-20,2004,87.0,50.0,19.0,10.0,10.0,2.0,2,2,1,1,3,3,0,0,-2.3292578440123517,-2.8734730493082723,8.287146,0.20019177,-16.254976,-82.48115,4,2021-09-20,28.588333333333335,0.0,80.91666666666667,8.098333333333334,1.0,119.295,2021,9,20,87.0,0,India_2004.csv
2021-09-21,2004,87.0,50.0,20.0,6.0,11.0,5.0,2,2,1,1,3,3,0,0,-2.9999746511233916,-1.3914982428283162,8.335071,-0.20249535,-23.89136,-74.77942,4,2021-09-21,27.791666666666668,0.0,84.40666666666667,8.715,1.0,122.68833333333333,2021,9,21,87.0,0,India_2004.csv
2021-09-22,2004,91.0,47.0,21.0,7.0,9.0,1.0,2,2,1,1,3,3,0,0,-2.7805440783889885,-2.665083134270252,8.189044,0.2641935,-19.862413,-68.99279,4,2021-09-22,26.393333333333334,0.0,89.665,10.068333333333333,1.0,113.26166666666667,2021,9,22,91.0,0,India_2004.csv
2021-09-23,2004,82.0,43.0,19.0,6.0,9.0,5.0,2,2,1,1,3,3,0,0,-3.307152543916911,-1.6755097733494082,8.32111,-0.350344,-24.011992,-75.00115,4,2021-09-23,26.830000000000002,0.0,87.7,8.848333333333334,1.0,79.05833333333334,2021,9,23,82.0,0,India_2004.csv
2021-09-24,2004,77.0,46.0,21.0,7.0,8.0,5.0,2,2,1,1,3,3,0,0,-3.0092753909939844,-1.9491006700590956,8.236187,0.013042204,-22.339762,-75.68134,4,2021-09-24,27.011666666666667,0.0,84.92,8.113333333333333,1.0,68.36666666666666,2021,9,24,77.0,0,India_2004.csv
2021-09-25,2004,81.0,56.0,21.0,5.0,12.0,4.0,2,2,1,1,3,3,0,0,-3.1398420032322316,-1.3007013108016012,8.45849,-0.3540161,-24.728178,-77.3448,4,2021-09-25,27.248333333333335,0.0,85.45666666666666,7.46,1.0,66.66166666666668,2021,9,25,81.0,0,India_2004.csv
2021-09-26,2004,109.0,57.0,20.0,6.0,12.0,2.0,2,2,1,1,3,3,0,0,-2.5103478905282106,-1.8362325568884206,8.403773,0.6092788,-20.908566,-64.93016,4,2021-09-26,26.995,0.0,85.06333333333333,9.145000000000001,1.0,83.765,2021,9,26,109.0,0,India_2004.csv
2021-09-27,2004,106.0,66.0,20.0,7.0,17.0,2.0,2,2,1,1,3,3,0,0,-2.1582177084493996,-1.4085158222115,8.659961,0.73318774,-19.427727,-64.698166,4,2021-09-27,28.455000000000002,0.0,80.34,5.965,1.0,65.62166666666667,2021,9,27,106.0,0,India_2004.csv
2021-09-28,2004,124.0,63.0,22.0,6.0,24.0,2.0,2,2,1,1,3,3,1,1,-1.8393828509307568,-0.38326602381905633,9.408199,3.5387032,-7.1973147,-17.101938,4,2021-09-28,28.073333333333334,0.0,82.28500000000001,10.988333333333335,1.0,88.755,2021,9,28,124.0,0,India_2004.csv
2021-09-29,2004,117.0,50.0,21.0,8.0,11.0,4.0,2,2,1,1,3,3,1,1,-1.9821364711032903,-1.8674103218195945,8.310423,1.4650922,-19.666363,-63.00337,4,2021-09-29,28.201666666666668,0.0,80.39,10.828333333333333,1.0,105.95833333333333,2021,9,29,117.0,0,India_2004.csv
2021-09-30,2004,87.0,55.0,20.0,6.0,10.0,6.0,2,2,1,1,3,3,0,0,-2.915332915828505,-1.261996093928921,8.34143,-0.15840979,-24.064056,-74.52537,4,2021-09-30,28.295,0.0,82.38,5.848333333333334,1.0,99.77333333333333,2021,9,30,87.0,0,India_2004.csv
2021-10-01,2004,96.0,60.0,23.0,9.0,11.0,23.0,2,2,1,1,3,3,11,11,-1.5757426931125948,2.1172873594713284,11.706705,6.357541,-4.340132,64.68483,4,2021-10-01,28.805000000000003,0.0,81.61166666666666,4.086666666666667,1.0,216.02833333333334,2021,10,1,96.0,0,India_2004.csv
2021-10-02,2004,116.0,71.0,23.0,7.0,14.0,10.0,2,2,1,1,3,3,1,1,-1.581384666502316,0.07790138879964512,8.862975,3.7435672,17.27251,-13.644569,4,2021-10-02,29.02,0.0,77.29,7.926666666666667,1.0,284.68833333333333,2021,10,2,116.0,0,India_2004.csv
2021-10-03,2004,137.0,60.0,19.0,7.0,6.0,8.0,2,2,1,1,3,3,0,0,-1.8024796525313311,-1.2939283197433484,8.360854,2.5817235,14.203447,-19.138601,4,2021-10-03,29.209999999999997,0.0,73.21499999999999,10.476666666666667,1.0,259.18666666666667,2021,10,3,137.0,0,India_2004.csv
2021-10-04,2004,102.0,51.0,17.0,7.0,9.0,17.0,2,2,1,1,3,3,11,11,-2.582411138301256,0.8548799088369993,11.852665,6.083416,-10.471696,61.664925,4,2021-10-04,28.983333333333334,0.0,71.47,6.886666666666667,1.0,211.36833333333334,2021,10,4,102.0,0,India_2004.csv
2021-10-05,2004,81.0,68.0,20.0,7.0,29.0,13.0,2,2,1,1,3,3,11,11,-2.2841975070787806,2.299673678765793,11.690322,4.3473415,-15.96902,70.32401,4,2021-10-05,28.481666666666666,0.0,78.335,4.618333333333333,1.0,173.15166666666664,2021,10,5,81.0,0,India_2004.csv
2021-10-06,2004,103.0,71.0,19.0,7.0,14.0,8.0,2,2,1,1,3,3,0,0,-2.1559533227383954,-0.4291659422024613,8.71629,2.0682478,-15.6967945,-8.075208,4,2021-10-06,28.036666666666665,0.0,74.60166666666667,7.271666666666667,1.0,293.7916666666667,2021,10,6,103.0,0,India_2004.csv
2021-10-07,2004,123.0,83.0,20.0,8.0,18.0,8.0,2,2,1,1,3,3,1,1,-1.2649383478689482,-0.02590651284267232,8.831015,2.2288857,-15.164004,-9.433493,4,2021-10-07,27.44333333333333,0.0,69.38666666666667,8.89,1.0,298.5133333333333,2021,10,7,123.0,0,India_2004.csv
2021-10-08,2004,146.0,100.0,24.0,8.0,18.0,9.0,2,2,1,1,0,0,1,1,-0.24151808246322612,0.374363639828482,9.539462,4.786776,22.648262,6.827537,4,2021-10-08,28.02,0.0,66.12333333333333,8.908333333333333,1.0,253.58333333333334,2021,10,8,146.0,0,India_2004.csv
2021-10-09,2004,162.0,93.0,23.0,8.0,53.0,7.0,0,0,2,2,2,2,4,4,0.2507411399845385,3.9201863317181855,12.729286,5.3790736,18.072466,64.661285,4,2021-10-09,28.376666666666665,0.0,63.26,8.270000000000001,1.0,273.1666666666667,2021,10,9,162.0,0,India_2004.csv
2021-10-10,2004,152.0,92.0,18.0,9.0,8.0,12.0,2,2,1,1,0,0,11,11,-0.5933376253476205,-0.3516882374289343,10.352191,5.754467,32.72394,23.997591,4,2021-10-10,28.691666666666666,0.0,61.468333333333334,7.375,1.0,219.28333333333333,2021,10,10,152.0,0,India_2004.csv
2021-10-11,2004,162.0,80.0,24.0,9.0,14.0,8.0,2,2,1,1,0,0,1,1,-0.13478080352823582,-0.5264948704942504,9.098844,4.7570534,24.566328,-14.200073,4,2021-10-11,28.43166666666667,0.0,58.97666666666667,7.795000000000001,1.0,204.85999999999999,2021,10,11,162.0,0,India_2004.csv
2021-10-12,2004,128.0,99.0,23.0,9.0,16.0,7.0,2,2,1,1,0,0,1,1,-0.5194249537861874,-0.5315535311497581,9.049496,4.2555833,11.975778,-9.981108,4,2021-10-12,27.938333333333333,0.0,57.403333333333336,7.28,1.0,271.1666666666667,2021,10,12,128.0,0,India_2004.csv
2021-10-13,2004,159.0,114.0,25.0,8.0,22.0,8.0,2,2,1,1,0,0,1,1,0.33748563822717154,0.7243345655463999,9.662305,5.295303,25.06352,8.152759,4,2021-10-13,26.386666666666667,0.0,52.71,11.608333333333334,1.0,305.71166666666664,2021,10,13,159.0,0,India_2004.csv
2021-10-14,2004,157.0,102.0,26.0,8.0,24.0,7.0,2,2,1,1,0,0,1,1,0.18928449749955506,0.6765126700968601,9.71081,5.201666,25.236666,7.7531843,4,2021-10-14,25.46166666666667,0.0,52.83166666666667,11.505,1.0,298.6466666666667,2021,10,14,157.0,0,India_2004.csv
2021-10-15,2004,150.0,104.0,29.0,9.0,32.0,7.0,0,0,2,2,0,0,1,1,0.6170924497966299,1.42342823362442,10.632668,5.3069444,7.5724587,31.576149,4,2021-10-15,26.42833333333333,0.0,55.975,9.06,1.0,318.04333333333335,2021,10,15,150.0,0,India_2004.csv
2021-10-16,2004,159.0,147.0,29.0,10.0,33.0,7.0,0,0,2,2,0,0,1,1,1.700608860363787,1.597169013968273,10.714892,6.9943056,37.813526,38.25635,4,2021-10-16,27.97,0.0,61.61666666666667,5.95,1.0,135.12166666666667,2021,10,16,159.0,0,India_2004.csv
2021-10-17,2004,219.0,112.0,22.0,8.0,8.0,7.0,2,2,1,1,0,0,1,1,1.0046474206627354,-0.9459869925725787,6.824272,7.4171286,53.897213,-44.332447,4,2021-10-17,25.863333333333333,0.0,81.15166666666667,11.823333333333332,1.0,65.42333333333333,2021,10,17,219.0,0,India_2004.csv
2021-10-18,2004,190.0,31.0,19.0,7.0,8.0,6.0,2,2,1,1,3,3,1,1,-1.3027295834335568,-1.4922006935918817,7.7617593,2.8953626,13.273865,-21.989475,4,2021-10-18,22.036666666666665,0.0,92.81333333333333,10.046666666666667,1.0,185.09,2021,10,18,190.0,0,India_2004.csv
2021-10-19,2004,69.0,69.0,21.0,7.0,18.0,6.0,2,2,1,1,3,3,0,0,-2.646821215261011,-0.5042727523167725,8.734428,0.15673494,-22.403639,-79.3535,4,2021-10-19,23.988333333333333,0.0,78.73,12.435,1.0,290.0416666666667,2021,10,19,69.0,0,India_2004.csv
2021-10-20,2004,130.0,106.0,23.0,10.0,23.0,8.0,2,2,1,1,0,0,1,1,-0.06915551278194526,0.3470376959450946,9.855718,4.4125023,16.214722,6.812566,4,2021-10-20,23.988333333333333,0.0,69.49166666666667,10.186666666666666,1.0,275.77833333333336,2021,10,20,130.0,0,India_2004.csv
2021-10-21,2004,170.0,121.0,27.0,10.0,21.0,9.0,2,2,1,1,0,0,1,1,1.2121402725857222,0.5593996568347402,9.512696,5.70357,24.410755,8.922089,4,2021-10-21,23.268333333333334,0.0,61.44,14.203333333333333,1.0,270.125,2021,10,21,170.0,0,India_2004.csv
2021-10-22,2004,153.0,83.0,23.0,9.0,21.0,8.0,2,2,1,1,0,0,1,1,-0.24502282987109536,0.24995772813381192,9.789412,4.49083,20.267002,7.736013,4,2021-10-22,23.84,0.0,66.24333333333333,11.534999999999998,1.0,224.34666666666666,2021,10,22,153.0,0,India_2004.csv
2021-10-23,2004,125.0,80.0,27.0,7.0,16.0,8.0,2,2,1,1,0,0,1,1,-0.9680570828679088,-0.030393582395719237,8.871579,3.9394128,18.038645,-14.883077,4,2021-10-23,23.820000000000004,0.0,66.48,8.231666666666667,1.0,174.70000000000002,2021,10,23,125.0,0,India_2004.csv
2021-10-24,2004,136.0,84.0,27.0,7.0,18.0,7.0,2,2,1,1,0,0,1,1,-0.6898911216697428,0.029605518895610704,9.094144,4.406845,18.914387,-15.048693,4,2021-10-24,22.418333333333333,0.0,75.02,7.941666666666666,1.0,153.07333333333332,2021,10,24,136.0,0,India_2004.csv
2021-10-25,2004,134.0,65.0,26.0,8.0,19.0,7.0,2,2,1,1,0,0,1,1,-0.9018027686949388,-0.13924003791844333,9.025407,4.2658277,19.252232,-15.143305,4,2021-10-25,21.905,0.0,77.215,7.648333333333333,1.0,312.595,2021,10,25,134.0,0,India_2004.csv
2021-10-26,2004,124.0,82.0,27.0,9.0,18.0,7.0,2,2,1,1,0,0,1,1,-0.5432609462043503,-0.36691300946050254,9.104907,4.3547773,19.206957,-14.917124,4,2021-10-26,20.705,0.0,70.335,9.566666666666666,1.0,287.52,2021,10,26,124.0,0,India_2004.csv
2021-10-27,2004,148.0,121.0,31.0,9.0,23.0,7.0,2,2,1,1,0,0,1,1,0.9039532715397064,0.49336216509520137,9.279121,5.727369,29.078035,-10.765645,4,2021-10-27,20.948333333333334,0.0,63.501666666666665,10.861666666666666,1.0,303.695,2021,10,27,148.0,0,India_2004.csv
2021-10-28,2004,175.0,124.0,31.0,10.0,25.0,7.0,2,2,1,1,0,0,1,1,1.6769814243840073,0.6376012043177858,9.203728,6.0984907,30.184525,-12.458363,4,2021-10-28,20.665,0.0,67.605,9.25,1.0,304.57666666666665,2021,10,28,175.0,0,India_2004.csv
2021-10-29,2004,187.0,132.0,32.0,10.0,27.0,8.0,0,0,2,2,0,0,1,1,2.144642800635493,1.1655481362162,9.298763,6.2693925,30.802423,-12.412945,4,2021-10-29,21.183333333333334,0.0,63.30666666666667,7.858333333333333,1.0,318.1666666666667,2021,10,29,187.0,0,India_2004.csv
2021-10-30,2004,193.0,122.0,34.0,8.0,21.0,7.0,2,2,1,1,0,0,1,1,1.7568499366688235,0.6010968134623013,9.058506,6.2186413,30.920813,-14.075892,4,2021-10-30,21.560000000000002,0.0,55.38666666666666,12.276666666666666,1.0,293.7316666666666,2021,10,30,193.0,0,India_2004.csv
2021-10-31,2004,180.0,145.0,33.0,11.0,34.0,8.0,0,0,2,2,0,0,1,1,2.588333506470987,1.836558547644372,10.7187605,7.092955,38.233086,38.231544,4,2021-10-31,22.42,0.0,51.22666666666667,8.996666666666668,1.0,241.65833333333333,2021,10,31,180.0,0,India_2004.csv
2021-11-01,2004,193.0,124.0,40.0,12.0,18.0,8.0,1,1,0,0,0,0,10,10,3.0285483764731773,-0.16763191231603125,8.87065,7.0152307,44.81663,-19.034399,4,2021-11-01,21.891666666666666,0.0,60.028333333333336,8.483333333333333,1.0,132.425,2021,11,1,193.0,0,India_2004.csv
2021-11-02,2004,181.0,124.0,37.0,11.0,23.0,7.0,2,2,0,0,0,0,1,1,2.422135518870319,0.2993904933275631,8.988355,6.853028,43.164776,-17.746023,4,2021-11-02,21.586666666666662,0.0,63.66,9.961666666666666,1.0,146.88,2021,11,2,181.0,0,India_2004.csv
2021-11-03,2004,184.0,131.0,38.0,10.0,18.0,7.0,1,1,0,0,0,0,1,1,2.4083507623417977,-0.04222966111692526,8.894902,6.9055204,43.86257,-18.650673,4,2021-11-03,22.015,0.0,62.03333333333333,7.363333333333333,1.0,189.60999999999999,2021,11,3,184.0,0,India_2004.csv
2021-11-04,2004,197.0,304.0,30.0,12.0,23.0,8.0,1,1,0,0,1,1,5,5,5.348823184943489,1.2117409293985553,8.801938,9.743986,84.06736,7.9179516,4,2021-11-04,21.426666666666666,0.0,63.821666666666665,5.6933333333333325,1.0,202.61666666666667,2021,11,4,304.0,0,India_2004.csv
2021-11-05,2004,367.0,323.0,28.0,17.0,16.0,10.0,1,1,0,0,1,1,2,2,9.60140816017014,0.5427244398714588,7.776611,10.78278,97.418365,-12.885599,4,2021-11-05,20.8,0.0,60.596666666666664,7.760000000000001,1.0,297.5983333333333,2021,11,5,367.0,0,India_2004.csv
2021-11-06,2004,596.0,254.0,35.0,11.0,23.0,7.0,1,1,0,0,1,1,5,5,12.075531016563723,2.120317031754544,7.108689,10.711988,99.09312,-27.085432,4,2021-11-06,21.31,0.0,56.31166666666667,12.56,1.0,291.71666666666664,2021,11,6,596.0,0,India_2004.csv
2021-11-07,2004,366.0,227.0,34.0,10.0,23.0,8.0,1,1,0,0,1,1,5,5,7.116736437708881,1.709090047941533,7.55562,10.067802,91.26513,-28.506735,4,2021-11-07,21.28,0.0,61.85333333333333,10.071666666666667,1.0,292.38166666666666,2021,11,7,366.0,0,India_2004.csv
2021-11-08,2004,312.0,215.0,39.0,10.0,25.0,8.0,1,1,0,0,1,1,5,5,6.326209486576712,1.7612879113628817,8.349102,9.192139,67.454666,8.636816,4,2021-11-08,21.28833333333333,0.0,58.88833333333333,10.431666666666667,1.0,290.19166666666666,2021,11,8,312.0,0,India_2004.csv
2021-11-09,2004,307.0,234.0,38.0,11.0,23.0,8.0,1,1,0,0,1,1,5,5,6.6456684133818085,1.4282430650130906,8.377725,9.200426,67.50192,8.868971,4,2021-11-09,20.778333333333332,0.0,61.905,8.626666666666667,1.0,302.685,2021,11,9,307.0,0,India_2004.csv
2021-11-10,2004,318.0,196.0,41.0,11.0,29.0,8.0,1,1,0,0,1,1,5,5,6.526614543801884,1.9805813621821204,8.383405,9.197867,67.44253,8.249522,4,2021-11-10,20.82166666666667,0.0,62.01500000000001,8.123333333333333,1.0,289.00166666666667,2021,11,10,318.0,0,India_2004.csv
2021-11-11,2004,264.0,294.0,42.0,13.0,9.0,8.0,1,1,0,0,1,1,5,5,7.372938493517984,-0.3151183453053506,8.567115,10.02866,85.37438,0.54126537,4,2021-11-11,20.513333333333332,0.0,63.089999999999996,6.956666666666667,1.0,307.58166666666665,2021,11,11,294.0,0,India_2004.csv
2021-11-12,2004,359.0,451.0,37.0,13.0,48.0,10.0,1,1,0,0,1,1,2,2,11.814475611832838,5.558386591235954,8.575923,10.576584,92.06252,22.638096,4,2021-11-12,20.106666666666666,0.0,61.376666666666665,8.651666666666666,1.0,294.18,2021,11,12,451.0,0,India_2004.csv
2021-11-13,2004,478.0,219.0,42.0,11.0,22.0,9.0,1,1,0,0,1,1,5,5,9.870405573050709,1.9872368824080398,7.369536,10.497799,93.147156,-28.44993,4,2021-11-13,19.30333333333333,0.0,57.805,8.651666666666666,1.0,296.795,2021,11,13,478.0,0,India_2004.csv
2021-11-14,2004,284.0,145.0,40.0,9.0,22.0,7.0,1,1,0,0,0,0,5,5,4.486710033775992,0.9624732324605693,8.246977,8.736699,66.91086,6.063952,4,2021-11-14,18.81833333333333,0.0,55.595,6.691666666666666,1.0,285.64166666666665,2021,11,14,284.0,0,India_2004.csv
2021-11-15,2004,215.0,175.0,41.0,13.0,22.0,7.0,1,1,0,0,0,0,10,10,4.580871141466715,0.21308962486093788,8.894093,7.2656837,46.434006,-19.415155,4,2021-11-15,18.30333333333333,0.0,56.16833333333333,8.318333333333333,1.0,300.89666666666665,2021,11,15,215.0,0,India_2004.csv
2021-11-16,2004,240.0,204.0,38.0,10.0,24.0,17.0,1,1,0,0,0,0,11,11,4.857763260259579,3.346361646981907,9.968182,8.163398,61.795,30.254318,4,2021-11-16,17.793333333333333,0.0,60.00666666666667,8.011666666666667,1.0,299.8,2021,11,16,240.0,0,India_2004.csv
2021-11-17,2004,300.0,159.0,40.0,11.0,18.0,9.0,1,1,0,0,0,0,5,5,5.395024846455283,0.7079777208831727,8.263119,9.004322,67.24941,6.0912037,4,2021-11-17,17.95,0.0,68.14333333333333,5.526666666666666,1.0,179.62,2021,11,17,300.0,0,India_2004.csv
2021-11-18,2004,253.0,161.0,47.0,12.0,16.0,10.0,1,1,0,0,0,0,10,10,5.283474385170124,0.4527621604130214,9.413223,9.043739,69.28444,17.033056,4,2021-11-18,19.13,0.0,68.27666666666666,3.4766666666666666,1.0,196.05166666666665,2021,11,18,253.0,0,India_2004.csv
2021-11-19,2004,238.0,172.0,44.0,11.0,18.0,12.0,1,1,0,0,0,0,10,10,4.809964859362924,1.2800682765736435,9.461262,8.990354,68.99893,17.40028,4,2021-11-19,19.01833333333333,0.0,61.675000000000004,6.43,1.0,309.0733333333333,2021,11,19,238.0,0,India_2004.csv
2021-11-20,2004,272.0,182.0,46.0,13.0,18.0,10.0,1,1,0,0,0,0,10,10,6.127210575368338,0.6537626425419449,9.338411,9.176865,69.59738,16.706686,4,2021-11-20,19.031666666666666,0.0,61.625,6.501666666666666,1.0,306.9216666666667,2021,11,20,272.0,0,India_2004.csv
2021-11-21,2004,263.0,144.0,39.0,9.0,16.0,8.0,1,1,0,0,0,0,5,5,3.9489169199671093,0.42543081810504857,8.293591,8.06184,48.393486,-21.63315,4,2021-11-21,18.823333333333334,0.0,57.775,11.606666666666667,1.0,299.295,2021,11,21,263.0,0,India_2004.csv
2021-11-22,2004,237.0,138.0,35.0,7.0,15.0,8.0,1,1,0,0,0,0,1,1,2.651593749693871,0.5272669987973313,8.460214,7.3029904,48.09419,-21.51337,4,2021-11-22,18.826666666666668,0.0,50.824999999999996,15.418333333333335,1.0,286.65833333333336,2021,11,22,237.0,0,India_2004.csv
2021-11-23,2004,196.0,129.0,37.0,9.0,15.0,9.0,1,1,0,0,0,0,1,1,2.3142025777545903,0.24727473370214745,8.854701,6.8202157,45.416107,-19.270401,4,2021-11-23,18.125,0.0,58.43166666666667,10.450000000000001,1.0,254.84833333333333,2021,11,23,196.0,0,India_2004.csv
2021-11-24,2004,193.0,200.0,60.0,17.0,24.0,11.0,1,1,0,0,0,0,10,10,6.916637894740009,0.8212809362819709,10.1042,9.219593,77.03645,21.555708,4,2021-11-24,18.276666666666667,0.0,63.01666666666667,7.211666666666666,1.0,135.98666666666668,2021,11,24,200.0,0,India_2004.csv
2021-11-25,2004,266.0,208.0,52.0,14.0,16.0,10.0,1,1,0,0,1,1,10,10,7.076367013277345,0.407758213931759,9.445077,9.212526,70.13957,16.408686,4,2021-11-25,18.12333333333333,0.0,69.74166666666666,7.086666666666666,1.0,167.195,2021,11,25,266.0,0,India_2004.csv
2021-11-26,2004,301.0,218.0,48.0,12.0,17.0,10.0,1,1,0,0,1,1,10,10,7.193254683091266,0.9917927872701838,9.250558,9.286474,69.98729,16.440866,4,2021-11-26,18.69,0.0,70.50166666666667,5.211666666666667,1.0,133.48,2021,11,26,301.0,0,India_2004.csv
2021-11-27,2004,301.0,207.0,48.0,19.0,12.0,12.0,1,1,0,0,1,1,10,10,8.3875347204548,-0.42480399174303934,8.596137,9.721136,71.95948,-8.882104,4,2021-11-27,18.936666666666667,0.0,73.09666666666668,7.796666666666667,1.0,113.445,2021,11,27,301.0,0,India_2004.csv
2021-11-28,2004,290.0,210.0,35.0,12.0,13.0,7.0,1,1,0,0,1,1,5,5,5.776448586704657,-0.2937717263312059,8.063902,9.142612,69.61661,-12.120696,4,2021-11-28,18.488333333333333,0.0,73.935,6.885000000000001,1.0,149.85833333333332,2021,11,28,290.0,0,India_2004.csv
2021-11-29,2004,307.0,188.0,38.0,9.0,1.0,10.0,1,1,0,0,0,0,5,5,5.258165908900035,-0.5080364456467319,7.147689,9.323336,70.79316,-36.769314,4,2021-11-29,18.128333333333334,0.0,63.21,10.968333333333334,1.0,298.08166666666665,2021,11,29,307.0,0,India_2004.csv
2021-11-30,2004,274.0,150.0,39.0,6.0,2.0,2.0,1,1,0,0,0,0,5,5,3.3943084139925355,-1.8897497866509405,7.4032545,8.337268,63.035595,-32.60907,4,2021-11-30,17.99,0.0,68.27333333333333,9.745,1.0,302.7583333333333,2021,11,30,274.0,0,India_2004.csv
2021-12-01,2004,217.0,213.0,48.0,7.0,37.4,3.0,1,1,0,0,0,0,10,10,4.694615386391198,2.391914901807412,9.444939,8.558691,64.85307,14.293281,4,2021-12-01,17.246666666666666,0.0,73.28833333333334,6.378333333333334,1.0,327.14500000000004,2021,12,1,217.0,0,India_2004.csv
2021-12-02,2004,276.0,216.0,41.0,5.0,31.6,3.0,1,1,0,0,0,0,5,5,4.8311749398462895,2.2142896506072667,8.513766,8.771024,58.06863,-26.20397,4,2021-12-02,16.42,0.0,83.07,7.253333333333333,1.0,295.74333333333334,2021,12,2,276.0,0,India_2004.csv
2021-12-03,2004,320.0,159.0,34.0,8.0,4.0,3.0,1,1,0,0,0,0,5,5,4.451289780209776,-1.6582232515056097,7.0144725,8.836467,68.285706,-36.744534,4,2021-12-03,17.04,0.0,79.2,5.918333333333333,1.0,285.765,2021,12,3,320.0,0,India_2004.csv
2021-12-04,2004,236.0,138.0,28.0,4.0,5.0,3.0,2,2,1,1,0,0,1,1,1.305438103270803,-1.2341845945491892,6.8055,7.6436477,48.491684,-37.328716,4,2021-12-04,17.825,0.0,72.81333333333333,6.753333333333333,1.0,256.02166666666665,2021,12,4,236.0,0,India_2004.csv
2021-12-05,2004,206.0,126.0,36.0,14.0,9.0,5.0,1,1,0,0,0,0,1,1,3.2472913400847156,-2.183613308137349,8.207013,7.279619,49.99378,-25.63118,4,2021-12-05,19.293333333333333,0.0,74.06166666666667,6.109999999999999,1.0,199.6016666666667,2021,12,5,206.0,0,India_2004.csv
2021-12-06,2004,196.0,131.0,33.0,3.0,4.0,10.0,2,2,1,1,0,0,1,1,0.7217796702643463,0.24934203478283085,8.338689,5.9853926,39.966576,-34.149837,4,2021-12-06,17.408333333333335,0.0,79.92166666666667,8.071666666666667,1.0,318.0,2021,12,6,196.0,0,India_2004.csv
2021-12-07,2004,198.0,103.0,24.0,2.0,6.0,2.0,2,2,1,1,0,0,1,1,-0.679779198377321,-1.3001147794469077,7.4339356,3.7981555,18.447636,-29.17512,4,2021-12-07,16.266666666666666,0.0,71.17166666666667,11.424999999999999,1.0,301.9166666666667,2021,12,7,198.0,0,India_2004.csv
2021-12-08,2004,162.0,105.0,19.0,3.0,5.0,9.0,2,2,1,1,3,3,1,1,-1.402810921816718,-0.19269644173103126,8.139166,2.7290134,15.32227,-22.269825,4,2021-12-08,15.209999999999999,0.0,71.78333333333333,9.200000000000001,1.0,290.78000000000003,2021,12,8,162.0,0,India_2004.csv
2021-12-09,2004,171.0,133.0,21.0,4.0,5.0,5.0,2,2,1,1,0,0,1,1,-0.4830086314980927,-1.065072165915906,6.803944,6.6526074,42.950928,-36.97118,4,2021-12-09,15.21,0.0,71.60666666666667,6.968333333333334,1.0,299.6033333333333,2021,12,9,171.0,0,India_2004.csv
2021-12-10,2004,199.0,128.0,21.0,3.0,4.0,7.0,2,2,1,1,0,0,1,1,-0.23034877509995688,-0.5085272055114819,6.897602,7.0145874,44.163155,-36.45598,4,2021-12-10,15.29,0.0,68.49666666666667,9.976666666666667,1.0,286.9733333333333,2021,12,10,199.0,0,India_2004.csv
2021-12-11,2004,197.0,102.0,20.0,1.0,6.0,5.0,2,2,1,1,0,0,1,1,-1.1763242225866155,-0.5074264761635306,6.7608123,6.826172,43.890102,-36.415768,4,2021-12-11,14.383333333333333,0.0,68.145,9.315,1.0,272.74833333333333,2021,12,11,197.0,0,India_2004.csv
2021-12-12,2004,171.0,105.0,22.0,10.8,5.0,6.0,2,2,1,1,0,0,1,1,0.5137092551981487,-2.1718419243992884,7.4540844,4.8521094,29.092953,-40.82552,4,2021-12-12,14.776666666666666,0.0,67.04833333333333,4.47,1.0,197.69500000000002,2021,12,12,171.0,0,India_2004.csv
2021-12-13,2004,177.0,138.0,25.0,3.0,5.0,6.0,2,2,1,1,0,0,1,1,-0.17130187376209427,-0.596643689100552,6.8077674,6.6623707,43.021393,-36.806435,4,2021-12-13,14.26,0.0,70.54,4.161666666666666,1.0,138.40166666666667,2021,12,13,177.0,0,India_2004.csv
2021-12-14,2004,218.0,169.0,23.0,5.0,7.0,6.0,2,2,1,1,0,0,5,5,1.3676476316380306,-0.4670504867558657,6.9885817,7.3524632,45.60726,-37.288963,4,2021-12-14,14.753333333333332,0.0,71.75666666666666,6.0183333333333335,1.0,181.56333333333336,2021,12,14,218.0,0,India_2004.csv
2021-12-15,2004,249.0,132.0,22.0,4.0,5.0,5.0,2,2,1,1,0,0,5,5,1.0195474564527018,-0.8360656317100995,6.706246,7.8185034,48.269947,-37.783363,4,2021-12-15,13.774999999999999,0.0,68.82333333333334,8.226666666666667,1.0,270.95,2021,12,15,249.0,0,India_2004.csv
2021-12-16,2004,216.0,169.0,26.0,3.0,4.0,5.0,2,2,1,1,0,0,1,1,1.1076270434389954,-0.6568038014308827,6.947316,7.2832413,45.58515,-37.613533,4,2021-12-16,13.508333333333333,0.0,68.15166666666667,9.918333333333333,1.0,258.41,2021,12,16,216.0,0,India_2004.csv
2021-12-17,2004,255.0,131.0,22.0,1.0,6.0,5.0,2,2,1,1,0,0,5,5,0.5240113015751031,-0.18188764581115693,6.697886,7.7446904,48.01486,-37.68455,4,2021-12-17,11.663333333333334,0.0,62.916666666666664,14.058333333333332,1.0,308.15333333333336,2021,12,17,255.0,0,India_2004.csv
2021-12-18,2004,209.0,122.0,21.0,2.0,6.0,5.0,2,2,1,1,0,0,1,1,-0.3498121853070364,-0.5430365463696271,6.7129135,6.979017,44.050705,-36.594494,4,2021-12-18,11.219999999999999,0.0,64.77833333333334,16.44,1.0,296.27500000000003,2021,12,18,209.0,0,India_2004.csv
2021-12-19,2004,189.0,127.0,21.0,2.0,7.0,7.0,2,2,1,1,0,0,1,1,-0.59667630683145,-0.025305357193331567,6.7935705,6.847323,43.943268,-36.441444,4,2021-12-19,10.775,0.0,66.42,12.441666666666668,1.0,295.35833333333335,2021,12,19,189.0,0,India_2004.csv
2021-12-20,2004,196.0,143.0,23.0,3.0,7.0,5.0,2,2,1,1,0,0,1,1,0.11878664021864423,-0.524519309969689,6.7735205,6.817468,43.677647,-37.090595,4,2021-12-20,11.523333333333333,0.0,71.685,8.066666666666666,1.0,296.075,2021,12,20,196.0,0,India_2004.csv
2021-12-21,2004,215.0,216.0,27.0,10.0,13.0,10.0,1,1,0,0,0,0,5,5,3.52030675943018,0.46289779157659583,8.629733,8.209304,52.957058,14.816004,4,2021-12-21,12.106666666666667,0.0,73.265,6.928333333333334,1.0,288.52,2021,12,21,216.0,0,India_2004.csv
2021-12-22,2004,302.0,216.0,28.0,6.0,5.0,6.0,1,1,0,0,0,0,5,5,4.249313794278777,-0.357789415043648,6.9251595,9.18607,70.2629,-37.441708,4,2021-12-22,13.61,0.0,67.57333333333334,5.501666666666666,1.0,192.97833333333332,2021,12,22,302.0,0,India_2004.csv
2021-12-23,2004,296.0,299.0,33.0,10.0,3.0,7.0,1,1,0,0,1,1,5,5,6.672746048668865,-0.6426293442705566,7.9199452,10.006941,91.99556,-13.330637,4,2021-12-23,14.163333333333334,0.0,75.585,6.88,1.0,132.68,2021,12,23,299.0,0,India_2004.csv
2021-12-24,2004,361.0,191.0,25.0,8.0,3.0,6.0,1,1,0,0,1,1,5,5,5.079934848970312,-0.9122490971133553,6.8626347,9.759655,83.37985,-37.439625,4,2021-12-24,15.001666666666667,0.0,73.325,6.169999999999999,1.0,127.86333333333334,2021,12,24,361.0,0,India_2004.csv
2021-12-25,2004,276.0,292.0,30.0,14.0,3.0,6.0,1,1,0,0,1,1,5,5,6.747569269454547,-1.681401697640758,7.7619696,9.962994,86.54408,-14.255842,4,2021-12-25,15.391666666666666,0.0,74.39666666666666,4.12,1.0,89.04333333333334,2021,12,25,292.0,0,India_2004.csv
2021-12-26,2004,427.0,297.0,26.0,10.0,3.0,6.0,1,1,0,0,1,1,5,5,8.5148770336033,-0.5474889471822081,7.3139668,10.667436,94.22634,-25.122509,4,2021-12-26,14.985,0.0,79.86166666666666,7.721666666666667,1.0,100.74166666666667,2021,12,26,427.0,0,India_2004.csv
2021-12-27,2004,379.0,93.0,19.0,6.0,3.0,5.0,1,1,0,0,0,0,5,5,2.934053493998814,-1.2532408499599828,6.709741,9.684069,84.127,-41.164883,4,2021-12-27,14.46,0.0,73.93833333333333,5.9816666666666665,1.0,105.37666666666667,2021,12,27,379.0,0,India_2004.csv
2021-12-28,2004,168.0,110.0,23.0,5.0,2.0,5.0,2,2,1,1,0,0,1,1,-0.5978967686086689,-1.687215814123197,7.7068596,3.223115,18.431183,-34.45546,4,2021-12-28,13.856666666666667,0.0,80.26333333333334,4.675,1.0,164.70166666666668,2021,12,28,168.0,0,India_2004.csv
2021-12-29,2004,182.0,107.0,17.0,7.0,2.0,5.0,2,2,1,1,0,0,1,1,-0.4440382677860199,-2.06109873557197,7.383971,2.8646836,16.725292,-36.957153,4,2021-12-29,12.053333333333333,0.0,72.27666666666667,8.536666666666667,1.0,312.26666666666665,2021,12,29,182.0,0,India_2004.csv
2021-12-30,2004,176.0,117.0,19.0,7.0,3.0,5.0,2,2,1,1,0,0,1,1,-0.22685503447249228,-1.9000245416060568,7.489981,3.0066178,16.806023,-36.88658,4,2021-12-30,10.721666666666666,0.0,68.66833333333334,7.31,1.0,330.805,2021,12,30,176.0,0,India_2004.csv
2021-12-31,2004,182.0,151.0,20.0,7.0,3.0,5.0,2,2,1,1,0,0,1,1,0.5173645134113812,-1.7086510325843964,6.87282,6.8638997,43.369793,-40.318634,4,2021-12-31,10.633333333333333,0.0,74.83833333333334,8.121666666666666,1.0,288.965,2021,12,31,182.0,0,India_2004.csv
2022-01-01,2004,215.0,185.0,19.0,8.0,5.0,5.0,2,2,0,0,0,0,5,5,1.8330308488356435,-1.4036179883105557,6.943277,7.7324986,50.539497,-41.68208,4,2022-01-01,11.21,0.0,77.57,7.294999999999999,1.0,289.93666666666667,2022,1,1,215.0,0,India_2004.csv
2022-01-02,2004,263.0,231.0,22.0,9.0,3.0,6.0,1,1,0,0,0,0,5,5,3.894634765920858,-1.2006660633622512,7.246351,8.695688,63.720726,-36.57018,4,2022-01-02,11.979999999999999,0.0,78.76333333333334,7.391666666666667,1.0,296.0983333333333,2022,1,2,263.0,0,India_2004.csv
2022-01-03,2004,309.0,191.0,22.0,8.0,6.0,5.0,1,1,0,0,0,0,5,5,3.9105428508180973,-0.9644646596212023,6.858458,9.171761,69.477295,-38.957554,4,2022-01-03,12.765,0.0,76.3,7.961666666666667,1.0,281.26666666666665,2022,1,3,309.0,0,India_2004.csv
2022-01-04,2004,276.0,182.0,24.0,9.0,3.0,6.0,1,1,0,0,0,0,5,5,3.484749544845373,-1.3863604833874075,6.997753,8.552304,64.923676,-36.34751,4,2022-01-04,15.266666666666666,0.0,71.04,5.989999999999999,1.0,190.70666666666668,2022,1,4,276.0,0,India_2004.csv
2022-01-05,2004,243.0,205.0,23.0,10.0,3.0,6.0,1,1,0,0,0,0,5,5,3.3756385046075756,-1.5535918094756296,7.103229,8.45179,63.669815,-36.46367,4,2022-01-05,13.450000000000001,0.0,88.12,11.866666666666667,1.0,133.01666666666665,2022,1,5,243.0,0,India_2004.csv
2022-01-06,2004,288.0,95.0,19.0,5.0,3.0,5.0,2,2,1,1,0,0,5,5,1.0829656554325662,-1.3310562275060913,6.6435757,8.288057,55.190014,-46.293396,4,2022-01-06,14.701666666666666,0.0,84.62666666666667,9.843333333333334,1.0,129.20833333333334,2022,1,6,288.0,0,India_2004.csv
2022-01-07,2004,174.0,76.0,18.0,7.0,3.0,6.0,2,2,1,1,3,3,1,1,-0.9971450329098516,-1.895218091119952,7.8059793,2.8293226,13.098797,-21.39863,4,2022-01-07,15.866666666666667,0.0,85.425,15.141666666666666,1.0,130.77,2022,1,7,174.0,0,India_2004.csv
2022-01-08,2004,148.0,56.0,16.0,7.0,2.0,5.0,2,2,1,1,3,3,0,0,-1.9846707968707158,-2.4165883489273785,7.857606,2.5444837,11.115479,-20.319977,4,2022-01-08,15.160000000000002,0.0,91.22166666666668,12.6,1.0,146.29666666666665,2022,1,8,148.0,0,India_2004.csv
2022-01-09,2004,120.0,46.0,16.0,5.0,3.0,4.0,2,2,1,1,3,3,0,0,-3.070482411010698,-2.2996134569616467,7.8831973,-0.4996546,-16.651299,-57.77827,4,2022-01-09,13.193333333333333,0.0,89.73666666666666,8.32,1.0,292.18,2022,1,9,120.0,0,India_2004.csv
2022-01-10,2004,118.0,85.0,21.0,12.0,6.0,5.0,2,2,1,1,0,0,1,1,-0.6323943286089209,-2.7472670066982214,7.4484057,4.170844,24.613127,-42.880016,4,2022-01-10,11.253333333333332,0.0,82.28,8.478333333333333,1.0,306.42833333333334,2022,1,10,118.0,0,India_2004.csv
2022-01-11,2004,175.0,89.0,25.0,11.0,4.0,5.0,2,2,1,1,0,0,1,1,0.5678251401259531,-2.5821601130366734,7.50168,5.097207,30.014975,-40.419643,4,2022-01-11,11.645000000000001,0.0,80.05166666666666,9.73,1.0,297.4866666666667,2022,1,11,175.0,0,India_2004.csv
2022-01-12,2004,186.0,96.0,26.0,13.0,5.0,5.0,2,2,1,1,0,0,1,1,1.375436477910971,-2.746454904610771,7.598341,5.4633846,30.72378,-40.624496,4,2022-01-12,11.526666666666666,0.0,81.47166666666666,7.406666666666666,1.0,278.105,2022,1,12,186.0,0,India_2004.csv
2022-01-13,2004,176.0,161.0,31.0,15.0,3.0,5.0,1,1,0,0,0,0,1,1,3.0140084063698,-2.997561301587835,8.0810585,6.9942746,47.058018,-26.451982,4,2022-01-13,12.075000000000001,0.0,76.93833333333333,3.938333333333333,1.0,183.48666666666668,2022,1,13,176.0,0,India_2004.csv
2022-01-14,2004,294.0,154.0,31.0,13.0,2.0,6.0,1,1,0,0,0,0,5,5,4.683280455457119,-2.232879788912269,7.042702,8.746751,67.798065,-35.740246,4,2022-01-14,10.321666666666667,0.0,84.35000000000001,5.583333333333333,1.0,293.2633333333334,2022,1,14,294.0,0,India_2004.csv
2022-01-15,2004,999.0,117.0,26.0,12.0,3.0,5.0,1,1,0,0,1,1,5,5,16.532620328720242,-0.3404588574179326,7.1095753,10.694136,99.78925,-26.556688,4,2022-01-15,9.978333333333333,0.0,87.98666666666668,6.646666666666666,1.0,295.935,2022,1,15,999.0,0,India_2004.csv
2022-01-16,2004,215.0,120.0,25.0,14.0,4.0,5.0,1,1,0,0,0,0,1,1,2.417589342834317,-2.8429125797320554,7.432256,7.2574153,55.595676,-39.692036,4,2022-01-16,10.141666666666667,0.0,87.425,4.9816666666666665,1.0,263.96666666666664,2022,1,16,215.0,0,India_2004.csv
2022-01-17,2004,203.0,157.0,46.0,17.0,3.0,5.0,1,1,0,0,0,0,10,10,4.992475098916024,-3.1714104822711824,8.95828,8.436898,64.83343,-3.195043,4,2022-01-17,9.468333333333334,0.0,86.97666666666667,4.351666666666667,1.0,280.85333333333335,2022,1,17,203.0,0,India_2004.csv
2022-01-18,2004,232.0,163.0,37.0,12.0,7.0,5.0,1,1,0,0,0,0,5,5,3.9854373856773186,-1.7950478677050368,7.935068,7.746047,50.927784,-26.612934,4,2022-01-18,9.790000000000001,0.0,89.03000000000002,8.51,1.0,280.1066666666666,2022,1,18,232.0,0,India_2004.csv
2022-01-19,2004,251.0,173.0,42.0,17.0,4.0,5.0,1,1,0,0,0,0,10,10,5.849468720636959,-2.8724168264808037,8.689517,9.261378,69.012535,-7.0575423,4,2022-01-19,11.791666666666666,0.0,89.24000000000001,5.631666666666667,1.0,215.87666666666667,2022,1,19,251.0,0,India_2004.csv
2022-01-20,2004,236.0,228.0,44.0,16.0,3.0,6.0,1,1,0,0,1,1,10,10,6.42757290341531,-2.350273186703059,8.574059,9.28423,69.46215,-8.3084955,4,2022-01-20,12.725,0.0,86.87,5.591666666666666,1.0,135.28333333333333,2022,1,20,236.0,0,India_2004.csv
2022-01-21,2004,289.0,166.0,37.0,14.0,21.0,5.0,1,1,0,0,0,0,5,5,5.656823689321488,-0.37562164699617406,8.344636,8.973381,68.76597,-13.463589,4,2022-01-21,12.971666666666666,0.0,83.35166666666667,8.088333333333333,1.0,136.02666666666667,2022,1,21,289.0,0,India_2004.csv
2022-01-22,2004,273.0,104.0,39.0,15.0,5.0,5.0,1,1,0,0,0,0,5,5,4.50785476531211,-2.7038467605948413,7.5476255,8.484476,68.718765,-34.70659,4,2022-01-22,13.211666666666666,0.0,85.19500000000001,18.025000000000002,1.0,121.72666666666667,2022,1,22,273.0,0,India_2004.csv
2022-01-23,2004,184.0,91.0,34.0,23.0,6.0,5.0,1,1,0,0,0,0,10,10,3.8849243451402984,-4.3592258827500086,8.439756,7.483281,58.989273,-7.7617273,4,2022-01-23,11.803333333333335,0.0,87.26166666666666,7.91,1.0,242.74,2022,1,23,184.0,0,India_2004.csv
2022-01-24,2004,177.0,101.0,33.0,17.0,5.0,6.0,1,1,0,0,0,0,1,1,2.6417291385498416,-3.1775648181004676,8.348342,7.251547,58.669273,-8.9855585,4,2022-01-24,10.426666666666668,0.0,83.27666666666667,8.076666666666666,1.0,283.91,2022,1,24,177.0,0,India_2004.csv
2022-01-25,2004,173.0,103.0,31.0,13.0,5.0,5.0,2,2,1,1,0,0,1,1,1.6307445961142926,-2.7101020382390146,7.824574,6.054735,32.40386,-37.54672,4,2022-01-25,10.405,0.0,81.68666666666667,8.94,1.0,287.32166666666666,2022,1,25,173.0,0,India_2004.csv
2022-01-26,2004,172.0,117.0,31.0,18.0,6.0,5.0,1,1,0,0,0,0,1,1,2.856894524189628,-3.4109283031416258,8.425622,7.423074,58.929386,-8.437751,4,2022-01-26,10.83,0.0,81.575,10.873333333333333,1.0,286.70166666666665,2022,1,26,172.0,0,India_2004.csv
2022-01-27,2004,188.0,109.0,36.0,11.0,6.0,5.0,2,2,1,1,0,0,1,1,1.9981151844845675,-2.131845869711367,8.235946,6.6197176,42.718613,-22.32339,4,2022-01-27,11.508333333333333,0.0,73.46666666666667,13.716666666666667,1.0,288.45,2022,1,27,188.0,0,India_2004.csv
2022-01-28,2004,186.0,99.0,37.0,16.0,10.0,5.0,1,1,0,0,0,0,1,1,2.92448804877191,-2.603728588788911,8.335183,7.155496,58.867496,-9.494706,4,2022-01-28,11.533333333333333,0.0,73.25500000000001,13.251666666666667,1.0,278.15333333333336,2022,1,28,186.0,0,India_2004.csv
2022-01-29,2004,169.0,109.0,38.0,13.0,6.0,5.0,2,2,1,1,0,0,1,1,2.200468595061548,-2.522943445556973,8.232338,6.603901,40.232986,-23.861353,4,2022-01-29,12.625,0.0,73.54833333333333,10.24,1.0,289.36833333333334,2022,1,29,169.0,0,India_2004.csv
2022-01-30,2004,175.0,129.0,41.0,13.0,8.0,5.0,1,1,0,0,0,0,10,10,2.8915551302412537,-2.1566234800892445,8.415196,6.768016,40.561474,-23.472822,4,2022-01-30,13.463333333333333,0.0,75.72833333333334,13.133333333333333,1.0,275.65333333333336,2022,1,30,175.0,0,India_2004.csv
2022-01-31,2004,194.0,180.0,45.0,16.0,3.0,5.0,1,1,0,0,0,0,10,10,4.925924858648875,-2.9171320348862806,8.985151,8.357275,64.7065,-3.436756,4,2022-01-31,13.835,0.0,82.79,5.033333333333334,1.0,127.145,2022,1,31,194.0,0,India_2004.csv
2022-02-01,2004,246.0,165.0,49.0,14.0,4.0,5.0,1,1,0,0,0,0,10,10,5.557403338815437,-2.3422191847841796,8.996833,8.765977,66.954666,-4.429743,4,2022-02-01,13.795,0.0,85.07,9.083333333333334,1.0,293.7033333333333,2022,2,1,246.0,0,India_2004.csv
2022-02-02,2004,235.0,145.0,46.0,13.0,6.0,5.0,1,1,0,0,0,0,10,10,4.620753767475465,-2.0922607594798746,8.946323,8.612635,66.89956,-4.4284244,4,2022-02-02,14.556666666666667,0.0,78.035,12.393333333333333,1.0,184.6,2022,2,2,235.0,0,India_2004.csv
2022-02-03,2004,210.0,119.0,40.0,13.0,3.0,5.0,1,1,0,0,0,0,10,10,3.2393891248734366,-2.6804984458571344,8.199338,7.182222,50.263474,-26.015507,4,2022-02-03,11.958333333333334,0.0,86.02666666666669,17.76666666666667,1.0,155.56166666666667,2022,2,3,210.0,0,India_2004.csv
2022-02-04,2004,199.0,63.0,35.0,13.0,4.0,5.0,2,2,1,1,0,0,1,1,1.7492942664307727,-2.9119542442197766,7.867794,6.1795063,32.370045,-39.011406,4,2022-02-04,10.968333333333334,0.0,84.68,11.823333333333332,1.0,278.70166666666665,2022,2,4,199.0,0,India_2004.csv
2022-02-05,2004,119.0,113.0,40.0,17.0,4.0,6.0,2,2,1,1,0,0,10,10,2.2871453526806222,-3.344898113669864,9.065969,7.748216,55.28429,1.660965,4,2022-02-05,11.74,0.0,81.85333333333334,5.373333333333332,1.0,233.53666666666666,2022,2,5,119.0,0,India_2004.csv
2022-02-06,2004,177.0,107.0,38.0,15.0,7.0,5.0,1,1,0,0,0,0,1,1,2.7289267601222176,-2.7478414839340934,8.275046,6.800997,40.164307,-23.929173,4,2022-02-06,13.008333333333333,0.0,78.98666666666666,6.489999999999999,1.0,175.61166666666668,2022,2,6,177.0,0,India_2004.csv
2022-02-07,2004,182.0,91.0,34.0,15.0,6.0,10.0,2,2,1,1,0,0,1,1,2.3156427185482835,-1.8631575392030764,8.771244,6.717806,48.20244,-13.115268,4,2022-02-07,15.878333333333336,0.0,78.98166666666667,6.961666666666666,1.0,147.65833333333333,2022,2,7,182.0,0,India_2004.csv
2022-02-08,2004,145.0,118.0,29.0,13.0,8.0,7.0,2,2,1,1,0,0,1,1,1.271105413996898,-1.9552583812459716,8.482576,6.0794163,46.449936,-15.307411,4,2022-02-08,15.986666666666666,0.0,82.57833333333333,5.235,1.0,96.35333333333334,2022,2,8,145.0,0,India_2004.csv
2022-02-09,2004,180.0,94.0,27.0,12.0,6.0,6.0,2,2,1,1,0,0,1,1,1.13375496625674,-2.2571705320537783,7.5840716,5.520736,30.591957,-40.34672,4,2022-02-09,13.908333333333333,0.0,83.79833333333333,7.9316666666666675,1.0,112.15666666666668,2022,2,9,180.0,0,India_2004.csv
2022-02-10,2004,165.0,90.0,25.0,12.0,10.0,5.0,2,2,1,1,0,0,1,1,0.6713144422251915,-2.100093595420206,7.6971354,5.255284,30.753576,-41.60753,4,2022-02-10,13.74,0.0,72.11833333333334,12.376666666666665,1.0,293.09,2022,2,10,165.0,0,India_2004.csv
2022-02-11,2004,159.0,95.0,27.0,12.0,11.0,8.0,2,2,1,1,0,0,1,1,0.8504579164227489,-1.307105374001199,8.875233,5.932914,47.04462,-14.33215,4,2022-02-11,14.181666666666667,0.0,66.88166666666667,15.363333333333335,1.0,286.995,2022,2,11,159.0,0,India_2004.csv
2022-02-12,2004,156.0,113.0,28.0,13.0,12.0,8.0,2,2,1,1,0,0,1,1,1.3786560725385286,-1.2822380305559125,8.707646,6.2108808,47.2023,-14.71771,4,2022-02-12,14.049999999999999,0.0,71.48666666666666,11.396666666666667,1.0,285.325,2022,2,12,156.0,0,India_2004.csv
2022-02-13,2004,154.0,114.0,31.0,14.0,11.0,6.8,2,2,1,1,0,0,1,1,1.7579219959906276,-1.8114732507945122,8.473054,6.2872777,46.82806,-15.68102,4,2022-02-13,14.978333333333333,0.0,71.59666666666666,6.14,1.0,173.09,2022,2,13,154.0,0,India_2004.csv
2022-02-14,2004,175.0,92.0,29.0,13.0,10.0,3.8,2,2,1,1,0,0,1,1,1.3770359866943434,-2.468032162108856,7.857785,6.115349,33.277393,-37.87707,4,2022-02-14,15.93,0.0,69.64666666666666,6.836666666666667,1.0,184.295,2022,2,14,175.0,0,India_2004.csv
2022-02-15,2004,152.0,97.0,31.0,14.0,11.0,4.0,2,2,1,1,0,0,1,1,1.4014660810480264,-2.5128561407677807,8.066617,6.1310344,38.298077,-24.59132,4,2022-02-15,16.23,0.0,69.11333333333333,6.255,1.0,218.005,2022,2,15,152.0,0,India_2004.csv
2022-02-16,2004,154.0,142.0,39.0,16.0,11.0,9.2,1,1,0,0,0,0,10,10,3.262831153945899,-1.4379537866677075,9.124977,7.3985825,50.743824,-12.206902,4,2022-02-16,16.294999999999998,0.0,71.20833333333333,8.421666666666667,1.0,294.89500000000004,2022,2,16,154.0,0,India_2004.csv
2022-02-17,2004,190.0,114.0,30.0,14.0,18.0,7.0,2,2,0,0,0,0,1,1,2.4337961454697727,-0.8755736575568054,8.438803,6.9192896,50.364536,-17.629208,4,2022-02-17,17.226666666666667,0.0,64.36999999999999,7.6000000000000005,1.0,248.01666666666665,2022,2,17,190.0,0,India_2004.csv
2022-02-18,2004,174.0,117.0,31.0,13.0,11.0,8.0,2,2,1,1,0,0,1,1,1.9938736562707529,-1.3003648728530102,8.596863,6.6748915,48.592106,-16.069387,4,2022-02-18,16.768333333333334,0.0,64.41833333333334,7.845,1.0,313.7766666666667,2022,2,18,174.0,0,India_2004.csv
2022-02-19,2004,165.0,107.0,32.0,12.0,5.0,6.0,2,2,1,1,0,0,1,1,1.438469647681969,-2.3110019840993163,7.865187,5.9621577,32.03422,-36.708733,4,2022-02-19,16.8,0.0,61.03666666666667,12.965000000000002,1.0,297.0183333333334,2022,2,19,165.0,0,India_2004.csv
2022-02-20,2004,157.0,93.0,33.0,11.0,6.0,7.0,2,2,1,1,0,0,1,1,0.9631982762583382,-1.8861092918796927,7.9439325,5.966734,31.640835,-36.360756,4,2022-02-20,17.17,0.0,58.785,15.278333333333334,1.0,288.1116666666667,2022,2,20,157.0,0,India_2004.csv
2022-02-21,2004,161.0,93.0,33.0,12.0,4.0,7.0,2,2,1,1,0,0,1,1,1.214063001873002,-2.2779022869266887,7.917999,5.9842963,31.66345,-36.47645,4,2022-02-21,17.285,0.0,56.553333333333335,8.275,1.0,225.0233333333333,2022,2,21,161.0,0,India_2004.csv
2022-02-22,2004,139.0,138.0,35.0,13.0,5.0,8.0,2,2,1,1,0,0,1,1,1.9240130042554937,-1.949479176575841,8.800272,6.813673,49.710793,-13.600341,4,2022-02-22,19.456666666666667,0.0,55.13166666666667,22.396666666666665,1.0,122.45666666666666,2022,2,22,139.0,0,India_2004.csv
2022-02-23,2004,163.0,118.0,33.0,13.0,4.0,9.0,2,2,1,1,0,0,1,1,1.8905603532756612,-1.8884722857595766,8.698618,6.627333,48.427147,-13.573859,4,2022-02-23,17.923333333333336,0.0,74.86333333333333,10.674999999999999,1.0,94.50833333333333,2022,2,23,163.0,0,India_2004.csv
2022-02-24,2004,176.0,152.0,33.0,14.0,5.0,10.0,1,1,0,0,0,0,1,1,2.915240048996467,-1.5283178134429032,8.8951845,7.127706,51.492813,-13.292643,4,2022-02-24,18.378333333333334,0.0,70.36666666666666,6.421666666666667,1.0,212.41833333333332,2022,2,24,176.0,0,India_2004.csv
2022-02-25,2004,210.0,141.0,38.0,12.0,4.0,5.0,1,1,0,0,0,0,1,1,3.2586067758836323,-2.299309069700184,8.12219,7.3226852,50.463287,-26.22801,4,2022-02-25,18.73,0.0,68.18666666666667,9.586666666666668,1.0,95.645,2022,2,25,210.0,0,India_2004.csv
2022-02-26,2004,181.0,53.0,32.0,12.0,4.0,6.0,2,2,1,1,0,0,1,1,0.8378274888752768,-2.642043679446079,7.7919993,5.952692,32.17017,-39.029274,4,2022-02-26,17.363333333333333,0.0,69.73,15.723333333333334,1.0,80.83333333333333,2022,2,26,181.0,0,India_2004.csv
2022-02-27,2004,80.0,83.6,16.4,6.0,21.8,2.8,2,2,1,1,3,3,0,0,-2.757022770604391,-0.5298181611153934,10.365215,0.12557223,-19.275024,-26.53076,4,2022-02-27,16.775,0.0,64.76666666666667,11.25,1.0,291.665,2022,2,27,83.6,0,India_2004.csv
2022-02-28,2004,109.8,68.0,19.0,12.0,23.0,8.0,2,2,1,1,3,3,1,1,-0.9688514375519488,-0.2808878004629344,10.022298,4.026292,8.137213,17.60161,4,2022-02-28,16.391666666666666,0.0,64.64333333333333,11.53,1.0,304.41333333333336,2022,2,28,109.8,0,India_2004.csv
2022-03-01,2004,103.0,90.0,23.0,13.0,34.0,9.0,2,2,1,1,0,0,1,1,-0.0831443523809566,1.1320858912092318,10.378291,4.561577,8.90972,15.102048,4,2022-03-01,17.278333333333332,0.0,66.18666666666667,8.041666666666666,1.0,307.715,2022,3,1,103.0,0,India_2004.csv
2022-03-02,2004,152.0,109.0,25.0,14.0,32.0,7.0,0,0,2,2,0,0,1,1,1.4345208950063237,0.5417918104503404,10.326962,5.598831,17.080027,13.072063,4,2022-03-02,18.968333333333334,0.0,61.181666666666665,6.1816666666666675,1.0,282.4016666666667,2022,3,2,152.0,0,India_2004.csv
2022-03-03,2004,157.0,93.0,27.0,12.0,21.0,13.0,2,2,1,1,0,0,11,11,0.9728148765762382,0.9081278499207264,10.312977,5.9719315,24.95805,25.72738,4,2022-03-03,19.223333333333333,0.0,68.03833333333334,6.876666666666668,1.0,204.93166666666664,2022,3,3,157.0,0,India_2004.csv
2022-03-04,2004,142.0,97.0,20.0,12.0,23.0,11.0,2,2,1,1,0,0,1,1,0.2219354387308706,0.6182875381827849,10.286392,5.398956,20.608727,21.851118,4,2022-03-04,19.01,0.0,68.52,14.211666666666666,1.0,304.425,2022,3,4,142.0,0,India_2004.csv
2022-03-05,2004,150.0,77.0,19.0,12.0,28.0,9.0,2,2,1,1,0,0,1,1,-0.003726249384179835,0.6667305885288721,10.40094,4.9663444,17.637457,18.325962,4,2022-03-05,19.031666666666666,0.0,64.59166666666665,13.909999999999998,1.0,290.8283333333333,2022,3,5,150.0,0,India_2004.csv
2022-03-06,2004,125.0,94.0,26.0,13.0,38.0,11.0,0,0,2,2,0,0,1,1,0.6948045340066343,2.131552898287395,10.71,5.3468013,16.175312,16.451414,4,2022-03-06,20.150000000000002,0.0,62.14666666666667,6.605,1.0,203.38166666666666,2022,3,6,125.0,0,India_2004.csv
2022-03-07,2004,153.0,122.0,33.0,16.0,42.0,10.0,0,0,2,2,0,0,10,10,2.8399451443818564,2.1131339474961375,11.123089,7.2165537,42.94454,38.504917,4,2022-03-07,20.798333333333332,0.0,61.67333333333334,6.558333333333334,1.0,129.63333333333333,2022,3,7,153.0,0,India_2004.csv
2022-03-08,2004,170.0,125.0,30.0,13.0,30.0,7.0,0,0,2,2,0,0,1,1,2.186191810422825,0.660499848262787,10.163405,6.2548966,19.113422,11.584935,4,2022-03-08,21.823333333333334,0.0,53.33166666666667,10.48,1.0,313.7083333333333,2022,3,8,170.0,0,India_2004.csv
2022-03-09,2004,165.0,92.0,25.0,12.0,25.0,10.0,2,2,1,1,0,0,1,1,0.9556914035221902,0.7089197122802906,10.11679,5.417087,17.852884,17.186296,4,2022-03-09,22.483333333333334,0.0,49.07,11.406666666666666,1.0,310.38666666666666,2022,3,9,165.0,0,India_2004.csv
2022-03-10,2004,132.0,94.0,19.0,11.0,28.0,9.0,2,2,1,1,0,0,1,1,-0.2588268700462712,0.8736061838671871,10.715364,4.5205073,16.652225,20.641033,4,2022-03-10,22.38,0.0,54.68166666666667,12.985,1.0,303.1116666666667,2022,3,10,132.0,0,India_2004.csv
2022-03-11,2004,128.0,97.0,20.0,13.0,29.0,6.0,2,2,1,1,0,0,1,1,0.16192972243962817,-0.009998992482531948,10.224536,4.265246,5.1187377,14.723975,4,2022-03-11,21.80666666666667,0.0,57.13166666666667,12.901666666666666,1.0,289.3883333333333,2022,3,11,128.0,0,India_2004.csv
2022-03-12,2004,142.0,100.0,22.0,13.0,32.0,7.0,2,2,1,1,0,0,1,1,0.6727835805996117,0.6209804884967345,10.4856825,5.205016,16.605005,13.463145,4,2022-03-12,22.675,0.0,54.68833333333333,11.791666666666666,1.0,291.53333333333336,2022,3,12,142.0,0,India_2004.csv
2022-03-13,2004,141.0,107.0,24.0,14.0,35.0,7.0,0,0,2,2,0,0,1,1,1.1577746140580123,0.8332717842963429,10.503914,5.339513,16.602634,13.344346,4,2022-03-13,23.689999999999998,0.0,61.58166666666667,10.478333333333333,1.0,298.14666666666665,2022,3,13,141.0,0,India_2004.csv
2022-03-14,2004,156.0,133.0,25.0,13.0,39.0,6.0,0,0,2,2,0,0,1,1,1.7696913806515908,1.4236316439182373,10.92772,6.518394,35.78275,42.758305,4,2022-03-14,24.794999999999998,0.0,65.23666666666666,7.836666666666666,1.0,298.33,2022,3,14,156.0,0,India_2004.csv
2022-03-15,2004,171.0,125.0,25.0,14.0,38.0,8.0,0,0,2,2,0,0,1,1,2.1341018365432505,1.5758784484544055,10.888665,6.287374,36.125263,41.495228,4,2022-03-15,26.49,0.0,62.928333333333335,11.248333333333333,1.0,290.1816666666667,2022,3,15,171.0,0,India_2004.csv
2022-03-16,2004,169.0,113.0,19.0,13.0,30.0,7.0,2,2,1,1,0,0,1,1,1.13272166138483,0.5113908081604733,10.876081,5.0185776,18.77068,37.677254,4,2022-03-16,27.208333333333332,0.0,57.46666666666667,15.22,1.0,289.69166666666666,2022,3,16,169.0,0,India_2004.csv
2022-03-17,2004,153.0,130.0,30.0,12.0,57.0,7.0,0,0,2,2,2,2,4,4,2.0742630189803415,3.8813265030090607,12.566768,7.1819077,40.991604,63.295197,4,2022-03-17,26.86,0.0,66.37666666666667,6.87,1.0,124.54333333333334,2022,3,17,153.0,0,India_2004.csv
2022-03-18,2004,175.0,123.0,20.0,10.0,30.0,10.0,2,2,1,1,0,0,1,1,0.9255922610723265,1.7698888365376277,10.882716,5.6640697,26.911526,33.3421,4,2022-03-18,27.395,0.0,64.515,9.055,1.0,134.17333333333332,2022,3,18,175.0,0,India_2004.csv
2022-03-19,2004,182.0,110.0,24.0,32.0,32.0,7.0,1,1,0,0,0,0,10,10,5.541765463725413,-2.54234523414215,10.253612,11.07079,33.56637,-70.19417,4,2022-03-19,28.406666666666666,0.0,55.82,6.825,1.0,156.13,2022,3,19,182.0,0,India_2004.csv
2022-03-20,2004,171.0,112.0,27.0,13.0,31.0,7.0,0,0,2,2,0,0,1,1,1.7749589990275103,0.6897106093499974,10.09915,5.898851,18.90646,11.588671,4,2022-03-20,28.168333333333333,0.0,46.99666666666667,8.836666666666668,1.0,184.29333333333332,2022,3,20,171.0,0,India_2004.csv
2022-03-21,2004,164.0,146.0,27.0,13.0,34.0,7.0,0,0,2,2,0,0,1,1,2.2382055828868035,1.176537652331194,10.666884,6.458558,36.20299,41.838207,4,2022-03-21,28.2,0.0,43.50333333333333,12.078333333333333,1.0,317.625,2022,3,21,164.0,0,India_2004.csv
2022-03-22,2004,188.0,113.0,17.0,11.0,29.0,8.0,2,2,1,1,0,0,1,1,0.9330945562801225,1.0075743697282478,11.149563,4.758131,18.158537,39.610054,4,2022-03-22,27.876666666666665,0.0,40.875,16.385,1.0,296.93666666666667,2022,3,22,188.0,0,India_2004.csv
2022-03-23,2004,163.0,122.0,24.0,13.0,32.0,8.0,0,0,2,2,0,0,1,1,1.5886941696017796,1.0239440307903889,10.603164,5.7135615,23.066113,34.53726,4,2022-03-23,27.74,0.0,39.718333333333334,9.866666666666665,1.0,240.09333333333333,2022,3,23,163.0,0,India_2004.csv
2022-03-24,2004,168.0,132.0,28.0,16.0,22.0,8.0,2,2,0,0,0,0,1,1,2.632912371514671,-0.5457819372513734,9.149063,7.1480885,53.071926,-9.186133,4,2022-03-24,27.023333333333337,0.0,37.32333333333333,11.396666666666667,1.0,268.82,2022,3,24,168.0,0,India_2004.csv
2022-03-25,2004,155.0,123.0,22.0,11.0,29.0,8.0,2,2,1,1,0,0,1,1,0.8676227910552754,1.0006475239171089,10.788077,5.458541,23.265144,35.249084,4,2022-03-25,26.959999999999997,0.0,30.38,13.016666666666666,1.0,300.20166666666665,2022,3,25,155.0,0,India_2004.csv
2022-03-26,2004,158.0,124.0,22.0,13.0,30.0,10.0,0,0,2,2,0,0,1,1,1.3819985300421722,1.2134702039852863,10.655294,5.5798774,23.877607,33.447697,4,2022-03-26,27.64,0.0,29.791666666666668,18.385,1.0,288.03333333333336,2022,3,26,158.0,0,India_2004.csv
2022-03-27,2004,146.0,129.0,22.0,13.0,37.0,10.0,0,0,2,2,0,0,1,1,1.3252493365856512,1.9989646466783737,10.880132,5.6462917,24.33517,33.83584,4,2022-03-27,27.573333333333334,0.0,31.041666666666668,13.063333333333333,1.0,283.67333333333335,2022,3,27,146.0,0,India_2004.csv
2022-03-28,2004,161.0,128.0,34.0,14.0,30.0,9.0,0,0,2,2,0,0,10,10,2.6036645453995626,0.9424972219718052,10.38373,7.1936703,41.22683,36.93094,4,2022-03-28,29.153333333333332,0.0,27.361666666666668,9.63,1.0,286.27833333333336,2022,3,28,161.0,0,India_2004.csv
2022-03-29,2004,155.0,148.0,34.0,16.0,18.0,11.0,1,1,0,0,0,0,10,10,3.1081640238550547,-0.2559480839553404,9.588964,7.373564,52.587585,21.551008,4,2022-03-29,29.191666666666666,0.0,28.34,11.15,1.0,288.71666666666664,2022,3,29,155.0,0,India_2004.csv
2022-03-30,2004,170.0,151.0,34.0,16.0,42.0,10.0,0,0,2,2,0,0,10,10,3.705710127274534,2.311952534613469,10.875064,7.4075046,43.890156,37.124866,4,2022-03-30,29.55333333333333,0.0,31.528333333333336,7.824999999999999,1.0,213.48833333333332,2022,3,30,170.0,0,India_2004.csv
2022-03-31,2004,167.0,185.0,41.0,14.0,36.0,12.0,0,0,2,2,0,0,10,10,4.297260996196187,2.632449912665678,10.542856,8.045661,61.74596,25.142168,4,2022-03-31,30.125,0.0,36.300000000000004,8.956666666666667,1.0,171.85666666666665,2022,3,31,185.0,0,India_2004.csv
2022-04-01,2004,196.0,110.0,22.0,12.0,31.0,10.0,0,0,2,2,0,0,1,1,1.6667225615556898,1.5448590720470035,10.888193,5.6522818,21.978096,33.680397,4,2022-04-01,28.49,0.0,25.323333333333334,13.308333333333332,1.0,285.8833333333333,2022,4,1,196.0,0,India_2004.csv
2022-04-02,2004,135.0,127.0,37.0,14.0,37.0,10.0,0,0,2,2,0,0,10,10,2.432940073307348,1.900813218805052,10.830915,7.2596183,42.10408,38.14172,4,2022-04-02,29.176666666666666,0.0,24.621666666666666,9.0,1.0,202.18666666666664,2022,4,2,135.0,0,India_2004.csv
2022-04-03,2004,158.0,133.0,33.0,12.0,35.0,10.0,0,0,2,2,0,0,1,1,2.2266409962429456,2.089484627089425,10.825213,7.064672,40.553352,39.07483,4,2022-04-03,29.834999999999997,0.0,18.25,9.615,1.0,271.8183333333333,2022,4,3,158.0,0,India_2004.csv
2022-04-04,2004,158.0,155.0,30.0,14.0,35.0,13.0,0,0,2,2,0,0,11,11,2.8036500854748505,2.4773568935120975,10.671065,7.1728697,44.5991,30.183592,4,2022-04-04,29.308333333333334,0.0,20.593333333333334,12.478333333333333,1.0,285.41833333333335,2022,4,4,158.0,0,India_2004.csv
2022-04-05,2004,165.0,134.0,32.0,12.0,39.0,9.0,0,0,2,2,0,0,1,1,2.3292538225460184,2.3426649008927227,11.097011,7.0092797,40.212048,39.839977,4,2022-04-05,30.066666666666666,0.0,19.846666666666668,10.921666666666667,1.0,299.5183333333334,2022,4,5,165.0,0,India_2004.csv
2022-04-06,2004,153.0,135.0,34.0,10.0,48.0,10.0,0,0,2,2,2,2,4,4,1.9964738295721567,3.9227090494569707,11.749234,7.155976,42.643032,41.424156,4,2022-04-06,30.51,0.0,19.403333333333332,12.623333333333333,1.0,291.5566666666667,2022,4,6,153.0,0,India_2004.csv
2022-04-07,2004,162.0,158.0,36.0,10.0,55.0,9.0,0,0,2,2,2,2,4,4,2.760852451745517,4.654080705900104,11.984005,7.301768,43.778587,42.196297,4,2022-04-07,31.113333333333333,0.0,17.99,11.648333333333333,1.0,286.81333333333333,2022,4,7,162.0,0,India_2004.csv
2022-04-08,2004,180.0,129.0,36.0,10.0,52.0,12.0,0,0,2,2,2,2,4,4,2.6268580472766576,4.8798613811559495,11.836474,7.2665534,43.222855,41.928864,4,2022-04-08,32.16166666666667,0.0,16.58833333333333,10.964999999999998,1.0,265.17,2022,4,8,180.0,0,India_2004.csv
2022-04-09,2004,160.0,134.0,34.0,11.0,52.0,11.0,0,0,2,2,2,2,4,4,2.372463919175545,4.435644344771414,11.9085045,7.247638,42.98468,41.631435,4,2022-04-09,33.120000000000005,0.0,16.215,10.888333333333334,1.0,279.42,2022,4,9,160.0,0,India_2004.csv
2022-04-10,2004,145.0,151.0,36.0,9.0,18.0,11.0,2,2,1,1,0,0,1,1,1.7200426966120244,0.9776469740614518,9.629088,6.3024883,34.07668,10.0401945,4,2022-04-10,33.11833333333333,0.0,17.276666666666667,14.31,1.0,291.0416666666667,2022,4,10,151.0,0,India_2004.csv
2022-04-11,2004,166.0,151.0,35.0,10.0,49.0,11.0,0,0,2,2,2,2,4,4,2.601797352872639,4.378927427711746,11.71495,7.188179,43.073906,41.683384,4,2022-04-11,33.233333333333334,0.0,18.576666666666664,10.941666666666665,1.0,265.895,2022,4,11,166.0,0,India_2004.csv
2022-04-12,2004,161.0,139.0,37.0,11.0,42.0,11.0,0,0,2,2,0,0,10,10,2.582534308545242,3.349942897240603,11.141735,7.251149,42.25689,40.212128,4,2022-04-12,32.38333333333333,0.0,21.35666666666667,9.909999999999998,1.0,240.38166666666666,2022,4,12,161.0,0,India_2004.csv
2022-04-13,2004,153.0,167.0,40.0,10.0,30.0,10.0,0,0,2,2,0,0,10,10,2.76384720972986,2.0803263775174243,10.089572,7.1099663,39.009495,9.88766,4,2022-04-13,32.23166666666667,0.0,21.333333333333332,10.63,1.0,229.43666666666664,2022,4,13,167.0,0,India_2004.csv
2022-04-14,2004,166.0,232.0,21.0,8.0,53.0,9.0,0,0,2,2,2,2,4,4,2.478793678506208,5.032165084596815,12.40251,6.072001,20.515709,54.308678,4,2022-04-14,31.583333333333332,0.0,20.216666666666665,12.815,1.0,249.51,2022,4,14,232.0,0,India_2004.csv
2022-04-15,2004,166.0,123.0,34.0,9.0,68.0,9.0,0,0,2,2,2,2,4,4,2.063008131359388,6.132802379817174,13.071251,7.2323365,41.12759,73.03985,4,2022-04-15,31.393333333333334,0.0,21.06833333333333,9.311666666666666,1.0,191.47833333333332,2022,4,15,166.0,0,India_2004.csv
2022-04-16,2004,153.0,148.0,41.0,10.0,62.0,11.0,0,0,2,2,2,2,4,4,2.9241773454192606,5.852394390788293,12.446899,7.755056,46.676098,70.96196,4,2022-04-16,31.463333333333335,0.0,20.243333333333336,9.264999999999999,1.0,195.96333333333334,2022,4,16,153.0,0,India_2004.csv
2022-04-17,2004,178.0,144.0,43.0,10.0,65.0,10.0,0,0,2,2,2,2,4,4,3.4945600977006746,6.043498472426789,12.454234,7.8168015,46.67977,71.23629,4,2022-04-17,32.193333333333335,0.0,21.238333333333333,8.781666666666666,1.0,183.16833333333332,2022,4,17,178.0,0,India_2004.csv
2022-04-18,2004,181.0,160.0,44.0,11.0,95.0,9.0,0,0,2,2,2,2,4,4,4.431415644978713,9.154236658273238,13.051264,7.951165,47.070805,75.798065,4,2022-04-18,33.248333333333335,0.0,21.18,8.001666666666667,1.0,228.54166666666666,2022,4,18,181.0,0,India_2004.csv
2022-04-19,2004,169.0,258.0,36.0,11.0,45.0,11.0,0,0,2,2,2,2,10,10,4.639573434525828,4.287326904346493,10.9885235,8.278189,51.4875,38.78707,4,2022-04-19,34.19166666666667,0.0,16.833333333333332,15.47,1.0,282.2,2022,4,19,258.0,0,India_2004.csv
2022-04-20,2004,205.0,151.0,27.0,9.0,36.0,9.0,0,0,2,2,0,0,1,1,2.328816273455378,2.6886331894844795,11.196053,6.070527,28.684443,38.250298,4,2022-04-20,34.25666666666667,0.0,18.39166666666667,14.58,1.0,295.87333333333333,2022,4,20,205.0,0,India_2004.csv
2022-04-21,2004,173.0,252.0,28.0,9.0,22.0,9.0,1,1,0,0,0,0,5,5,3.3012513600326443,1.5054452168577426,9.031635,7.9914207,51.533386,14.710214,4,2022-04-21,30.471666666666664,0.0,28.771666666666665,12.746666666666668,1.0,179.63166666666666,2022,4,21,252.0,0,India_2004.csv
2022-04-22,2004,194.0,140.0,26.0,10.0,58.0,4.0,0,0,2,2,2,2,4,4,2.2582535663625904,3.8264095127406574,12.44253,7.1552043,45.2598,59.735825,4,2022-04-22,31.488333333333333,0.0,24.206666666666667,9.38,1.0,248.51666666666665,2022,4,22,194.0,0,India_2004.csv
2022-04-23,2004,147.0,142.0,28.0,11.0,52.0,5.0,0,0,2,2,2,2,4,4,1.7180268881967062,3.076606094067643,12.36443,6.988781,41.473778,61.152058,4,2022-04-23,31.525000000000002,0.0,20.355,10.955,1.0,307.97499999999997,2022,4,23,147.0,0,India_2004.csv
2022-04-24,2004,166.0,177.0,28.0,9.0,61.0,11.0,0,0,2,2,2,2,4,4,2.4363557824124418,5.9904249379779175,12.800423,6.7150993,28.162127,71.25743,4,2022-04-24,32.401666666666664,0.0,19.658333333333335,16.553333333333335,1.0,296.655,2022,4,24,177.0,0,India_2004.csv
2022-04-25,2004,191.0,150.0,20.0,8.0,61.0,9.0,0,0,2,2,2,2,4,4,1.6167679530410646,5.605714029701402,13.18892,6.0960107,26.212124,79.36867,4,2022-04-25,32.98,0.0,21.24833333333333,12.743333333333334,1.0,278.9066666666667,2022,4,25,191.0,0,India_2004.csv
2022-04-26,2004,175.0,122.0,32.0,10.0,55.0,8.0,0,0,2,2,2,2,4,4,2.092025928580693,4.265302309507979,12.083288,7.130962,39.615593,51.40365,4,2022-04-26,33.16166666666667,0.0,18.813333333333333,12.43,1.0,286.12666666666667,2022,4,26,175.0,0,India_2004.csv
2022-04-27,2004,165.0,169.0,39.0,11.0,62.0,12.0,0,0,2,2,2,2,4,4,3.553049460760893,6.016549623035755,12.234679,7.820998,46.70945,70.92194,4,2022-04-27,33.589999999999996,0.0,17.521666666666665,11.326666666666666,1.0,292.93333333333334,2022,4,27,169.0,0,India_2004.csv
2022-04-28,2004,204.0,192.0,41.0,10.0,67.0,11.0,0,0,2,2,2,2,4,4,4.647846750242983,6.78343103936186,12.22511,7.9768963,46.802444,71.48641,4,2022-04-28,35.391666666666666,0.0,15.608333333333333,10.964999999999998,1.0,274.07,2022,4,28,204.0,0,India_2004.csv
2022-04-29,2004,217.0,214.0,36.0,14.0,47.0,14.0,0,0,2,2,2,2,10,10,5.476251729834742,4.567215912021435,10.969102,8.286347,52.770924,39.312397,4,2022-04-29,35.82333333333333,0.0,14.013333333333334,15.173333333333334,1.0,287.5466666666667,2022,4,29,217.0,0,India_2004.csv
2022-04-30,2004,223.0,154.0,32.0,11.0,42.0,11.0,0,0,2,2,0,0,4,4,3.5939800907327015,3.56294820862543,11.266699,7.399198,43.413578,44.245037,4,2022-04-30,35.62166666666666,0.0,15.373333333333333,11.338333333333333,1.0,238.09666666666666,2022,4,30,223.0,0,India_2004.csv
2022-05-01,2004,182.0,168.0,28.0,10.0,47.0,9.0,0,0,2,2,2,2,4,4,2.589692018862303,3.787596456656167,11.665462,6.7224874,38.711384,43.48464,4,2022-05-01,32.58166666666667,0.0,36.77,17.388333333333332,1.0,119.615,2022,5,1,182.0,0,India_2004.csv
2022-05-02,2004,177.0,155.0,23.0,9.0,47.0,8.0,0,0,2,2,2,2,4,4,1.687847258295914,3.627028010239458,12.343691,5.8340178,18.952824,60.282047,4,2022-05-02,32.766666666666666,0.0,40.24333333333333,15.725,1.0,110.33,2022,5,2,177.0,0,India_2004.csv
2022-05-03,2004,172.0,235.0,22.0,10.0,49.0,9.0,0,0,2,2,2,2,4,4,3.0688954190632165,4.265400483139442,12.349272,6.1373954,20.489452,54.185246,4,2022-05-03,32.830000000000005,0.0,41.001666666666665,9.575000000000001,1.0,156.065,2022,5,3,235.0,0,India_2004.csv
2022-05-04,2004,201.0,143.0,24.0,8.0,41.0,7.0,0,0,2,2,0,0,7,7,1.7246851505584269,2.920984743393341,11.534174,5.448172,21.168798,42.885693,4,2022-05-04,30.28,0.0,51.995000000000005,10.236666666666666,1.0,129.07666666666668,2022,5,4,201.0,0,India_2004.csv
2022-05-05,2004,142.0,104.0,30.0,11.0,51.0,7.0,0,0,2,2,2,2,4,4,1.1727712192969189,3.2163534604668076,12.085393,6.8150706,35.577675,55.985294,4,2022-05-05,31.211666666666662,0.0,41.498333333333335,7.5633333333333335,1.0,175.45833333333334,2022,5,5,142.0,0,India_2004.csv
2022-05-06,2004,145.0,163.0,35.0,13.0,33.0,8.0,0,0,2,2,0,0,10,10,2.7777400903627707,1.3733245666828897,10.522386,7.2699094,38.78726,37.170986,4,2022-05-06,32.62833333333333,0.0,32.88833333333333,7.6450000000000005,1.0,233.79999999999998,2022,5,6,163.0,0,India_2004.csv
2022-05-07,2004,180.0,121.0,39.0,13.0,54.0,8.0,0,0,2,2,2,2,4,4,3.2917693265382644,3.688973235047454,11.798051,7.36223,43.987984,55.511486,4,2022-05-07,32.708333333333336,0.0,31.775000000000002,9.278333333333334,1.0,181.1,2022,5,7,180.0,0,India_2004.csv
2022-05-08,2004,144.0,130.0,30.0,13.0,70.0,8.0,0,0,2,2,2,2,4,4,2.277783835375727,5.376019145064047,13.031179,7.407898,42.003513,75.59658,4,2022-05-08,33.24666666666666,0.0,38.64,12.606666666666667,1.0,155.92833333333334,2022,5,8,144.0,0,India_2004.csv
2022-05-09,2004,162.0,108.0,21.0,10.0,52.0,7.0,0,0,2,2,2,2,4,4,0.7335100745012346,3.5118198158058456,12.505796,5.4198236,17.426432,64.80266,4,2022-05-09,33.615,0.0,44.21,14.321666666666667,1.0,109.56166666666667,2022,5,9,162.0,0,India_2004.csv
2022-05-10,2004,152.0,107.0,21.0,7.0,47.0,8.0,0,0,2,2,2,2,7,7,-0.11473780281582888,3.656285741542786,12.797512,5.14161,13.833003,64.531944,4,2022-05-10,33.26333333333333,0.0,45.27,10.775,1.0,107.08999999999999,2022,5,10,152.0,0,India_2004.csv
2022-05-11,2004,149.0,108.0,24.0,9.0,60.0,7.0,0,0,2,2,2,2,4,4,0.6162193178134678,4.583584249944127,13.0335,6.5291634,32.367344,72.28949,4,2022-05-11,34.285,0.0,44.50666666666667,11.995,1.0,154.25166666666667,2022,5,11,149.0,0,India_2004.csv
2022-05-12,2004,141.0,121.0,32.0,10.0,64.0,8.0,0,0,2,2,2,2,4,4,1.5538543275338956,5.185156460252827,12.927526,7.1435523,41.07323,73.72966,4,2022-05-12,35.25,0.0,42.068333333333335,11.979999999999999,1.0,165.29,2022,5,12,141.0,0,India_2004.csv
2022-05-13,2004,153.0,127.0,27.0,8.0,73.0,7.0,0,0,2,2,2,2,4,4,1.1841417028139598,6.365824850080118,13.316475,7.027587,39.498055,74.655235,4,2022-05-13,34.985,0.0,38.195,11.911666666666667,1.0,192.58333333333334,2022,5,13,153.0,0,India_2004.csv
2022-05-14,2004,149.0,143.0,41.0,11.0,48.0,9.0,0,0,2,2,2,2,4,4,2.773116848483581,3.6111693133991527,11.456626,7.347459,43.5942,40.73218,4,2022-05-14,36.32333333333333,0.0,22.495,10.028333333333334,1.0,234.87,2022,5,14,149.0,0,India_2004.csv
2022-05-15,2004,158.0,138.0,40.0,10.0,29.0,9.0,0,0,2,2,0,0,10,10,2.354695910970772,1.6207273729095923,10.068467,7.1389647,38.665443,9.436792,4,2022-05-15,38.25333333333334,0.0,18.013333333333332,14.663333333333334,1.0,233.95833333333334,2022,5,15,158.0,0,India_2004.csv
2022-05-16,2004,146.0,282.0,21.0,6.0,32.0,7.0,0,0,2,2,0,0,1,1,2.247535918361894,2.745329752038963,8.600336,8.7365,46.238697,10.872559,4,2022-05-16,35.45333333333334,0.0,29.673333333333332,14.118333333333332,1.0,211.41166666666666,2022,5,16,282.0,0,India_2004.csv
2022-05-17,2004,161.0,149.0,29.0,8.0,60.0,9.0,0,0,2,2,2,2,4,4,1.7195369437457173,5.471929535156559,12.814493,6.647238,28.667416,70.859474,4,2022-05-17,32.690000000000005,0.0,40.903333333333336,10.483333333333334,1.0,108.53333333333335,2022,5,17,161.0,0,India_2004.csv
2022-05-18,2004,151.0,125.0,44.0,16.0,22.0,8.0,1,1,0,0,0,0,10,10,3.423248152093043,-0.5017662604574897,9.669805,7.7546096,51.216484,3.9942057,4,2022-05-18,34.89166666666667,0.0,30.625,8.871666666666666,1.0,166.65666666666667,2022,5,18,151.0,0,India_2004.csv
2022-05-19,2004,155.0,156.0,46.0,9.0,69.0,8.0,0,0,2,2,2,2,4,4,3.312055451612788,6.252580584415398,12.692935,7.817941,45.657894,73.42086,4,2022-05-19,36.035,0.0,26.073333333333334,9.416666666666666,1.0,203.13,2022,5,19,156.0,0,India_2004.csv
2022-05-20,2004,162.0,208.0,39.0,7.0,50.0,7.0,0,0,2,2,2,2,4,4,3.1178786674706975,4.444120486641166,11.430625,7.3755307,44.86048,46.51028,4,2022-05-20,36.81,0.0,24.28333333333333,12.021666666666667,1.0,219.01333333333332,2022,5,20,208.0,0,India_2004.csv
2022-05-21,2004,162.0,225.0,23.0,8.0,35.0,6.0,0,0,2,2,0,0,1,1,2.1845011735261215,2.299560463206323,11.522752,5.920108,21.46738,49.38182,4,2022-05-21,34.553333333333335,0.0,31.028333333333336,11.436666666666667,1.0,236.27166666666668,2022,5,21,225.0,0,India_2004.csv
2022-05-22,2004,163.0,118.0,33.0,8.0,71.0,6.0,0,0,2,2,2,2,4,4,1.6405316932634983,5.952471404168806,13.168535,7.198496,40.26219,73.573235,4,2022-05-22,33.251666666666665,0.0,33.415,12.13,1.0,171.84666666666666,2022,5,22,163.0,0,India_2004.csv
2022-05-23,2004,156.0,68.0,23.0,8.0,32.0,6.0,2,2,1,1,0,0,7,7,-0.5343183819157846,1.1744418333413635,10.63608,4.338215,3.289229,26.151886,4,2022-05-23,25.243333333333336,0.0,72.91666666666667,19.596666666666668,1.0,122.02833333333332,2022,5,23,156.0,0,India_2004.csv
2022-05-24,2004,93.0,56.0,27.0,9.0,36.0,5.0,2,2,1,1,3,3,7,7,-1.357679860416815,1.025214276297899,10.278,4.3964634,19.93403,3.7447019,4,2022-05-24,26.8,0.0,66.93333333333334,9.16,1.0,113.23166666666667,2022,5,24,93.0,0,India_2004.csv
2022-05-25,2004,83.0,93.0,28.0,9.0,67.0,6.0,0,0,2,2,2,2,4,4,-0.47676068848149117,4.928087683320092,13.55352,6.621784,35.75677,77.5756,4,2022-05-25,28.135,0.0,61.443333333333335,6.935,1.0,193.17499999999998,2022,5,25,93.0,0,India_2004.csv
2022-05-26,2004,148.0,106.0,39.0,10.0,92.0,7.0,0,0,2,2,2,2,4,4,2.2896418815300126,8.152505372856764,13.169208,7.8258996,46.369415,76.11069,4,2022-05-26,29.67,0.0,55.51500000000001,6.818333333333334,1.0,183.04,2022,5,26,148.0,0,India_2004.csv
2022-05-27,2004,161.0,120.0,35.0,7.0,52.0,6.0,0,0,2,2,2,2,4,4,1.3619796236177588,3.9882452899201093,12.252106,6.7957063,35.85926,60.96268,4,2022-05-27,31.376666666666665,0.0,53.96,9.358333333333333,1.0,203.905,2022,5,27,161.0,0,India_2004.csv
2022-05-28,2004,162.0,257.0,29.0,10.0,43.0,6.0,0,0,2,2,2,2,4,4,3.662601698105332,3.0611456881455674,11.350326,7.161418,22.291525,50.623646,4,2022-05-28,32.94833333333333,0.0,51.041666666666664,8.905,1.0,199.06166666666664,2022,5,28,257.0,0,India_2004.csv
2022-05-29,2004,163.0,183.0,25.0,8.0,70.0,7.0,0,0,2,2,2,2,4,4,2.098429706212481,6.311248173217574,13.304646,6.844766,28.66616,74.936806,4,2022-05-29,32.88833333333333,0.0,50.553333333333335,10.458333333333334,1.0,211.40833333333333,2022,5,29,183.0,0,India_2004.csv
2022-05-30,2004,171.0,139.0,28.0,8.0,73.0,6.0,0,0,2,2,2,2,4,4,1.7752655415829037,6.265748192225264,13.287448,7.0921702,39.449936,74.203705,4,2022-05-30,32.87333333333333,0.0,46.98833333333334,9.365,1.0,172.99333333333334,2022,5,30,171.0,0,India_2004.csv
2022-05-31,2004,164.0,251.0,38.0,11.0,91.0,7.0,0,0,2,2,2,2,4,4,5.073693666862683,8.609264574201529,13.128673,7.9757075,48.89358,76.83173,4,2022-05-31,32.65833333333334,0.0,42.895,8.475,1.0,223.0583333333333,2022,5,31,251.0,0,India_2004.csv
2022-06-01,2004,212.0,177.0,34.0,10.0,44.0,6.0,0,0,2,2,0,0,4,4,3.669756908764573,2.968826217190621,11.06318,7.7318053,49.314274,49.69342,4,2022-06-01,34.086666666666666,0.0,29.868333333333336,11.481666666666667,1.0,280.60833333333335,2022,6,1,212.0,0,India_2004.csv
2022-06-02,2004,191.0,144.0,34.0,10.0,38.0,7.0,0,0,2,2,0,0,10,10,2.6839211299998054,2.283485315243058,10.944203,7.2656736,42.449413,46.27109,4,2022-06-02,34.373333333333335,0.0,28.251666666666665,11.165,1.0,284.075,2022,6,2,191.0,0,India_2004.csv
2022-06-03,2004,172.0,130.0,33.0,9.0,53.0,7.0,0,0,2,2,2,2,4,4,2.004717202189909,4.03348235529548,12.06532,7.04283,39.63992,51.284874,4,2022-06-03,35.015,0.0,21.44666666666667,10.773333333333333,1.0,265.6033333333333,2022,6,3,172.0,0,India_2004.csv
2022-06-04,2004,152.0,121.0,32.0,6.0,66.0,7.0,0,0,2,2,2,2,4,4,0.9637804064688675,5.929611315660806,13.143234,7.0227003,40.043938,72.54125,4,2022-06-04,35.63,0.0,20.723333333333333,9.588333333333333,1.0,246.4416666666667,2022,6,4,152.0,0,India_2004.csv
2022-06-05,2004,156.0,123.0,27.0,5.0,41.0,7.0,0,0,2,2,0,0,7,7,0.1913007725625776,3.2448651632649805,11.735257,5.213342,5.146935,52.257435,4,2022-06-05,36.208333333333336,0.0,18.055,14.083333333333334,1.0,270.3066666666667,2022,6,5,156.0,0,India_2004.csv
2022-06-06,2004,151.0,113.0,29.0,6.0,80.0,6.0,0,0,2,2,2,2,4,4,0.7375315982906426,7.236649865408787,13.383768,7.093016,39.322544,74.88406,4,2022-06-06,35.49666666666667,0.0,19.99,10.413333333333332,1.0,232.0566666666667,2022,6,6,151.0,0,India_2004.csv
2022-06-07,2004,142.0,261.0,26.0,5.0,44.0,7.0,0,0,2,2,2,2,4,4,2.152696530306178,4.211308100673982,11.556702,6.0822763,21.870695,50.18288,4,2022-06-07,37.065,0.0,19.904999999999998,16.851666666666667,1.0,274.42833333333334,2022,6,7,261.0,0,India_2004.csv
2022-06-08,2004,175.0,260.0,26.0,11.0,41.0,7.0,0,0,2,2,0,0,4,4,3.915060767985095,2.9049526642222867,11.343398,7.260312,22.265425,50.772625,4,2022-06-08,36.568333333333335,0.0,21.195,17.955000000000002,1.0,267.65333333333336,2022,6,8,260.0,0,India_2004.csv
2022-06-09,2004,191.0,150.0,27.0,15.0,56.0,7.0,0,0,2,2,2,2,4,4,3.4662731454460265,3.423479931108863,12.086331,7.6633854,51.809822,59.423313,4,2022-06-09,36.97833333333333,0.0,21.43166666666667,14.381666666666668,1.0,262.8183333333333,2022,6,9,191.0,0,India_2004.csv
2022-06-10,2004,168.0,229.0,27.0,6.0,39.0,7.0,0,0,2,2,0,0,4,4,2.326743692728005,3.393866345946302,11.478134,6.0136633,22.119558,49.208965,4,2022-06-10,37.02166666666667,0.0,21.861666666666668,17.971666666666668,1.0,271.4866666666667,2022,6,10,229.0,0,India_2004.csv
2022-06-11,2004,202.0,156.0,24.0,7.0,24.0,7.0,2,2,1,1,0,0,1,1,1.553202130331853,1.230615779152404,8.147544,6.8467607,15.439873,34.97051,4,2022-06-11,36.945,0.0,23.213333333333335,17.82166666666667,1.0,277.775,2022,6,11,202.0,0,India_2004.csv
2022-06-12,2004,167.0,163.0,19.0,6.0,47.0,7.0,0,0,2,2,2,2,4,4,0.7124271629649392,3.91448442986996,12.583674,5.075578,17.166656,54.694134,4,2022-06-12,36.67166666666667,0.0,23.368333333333336,14.283333333333333,1.0,282.38,2022,6,12,167.0,0,India_2004.csv
2022-06-13,2004,171.0,131.0,14.0,5.0,48.0,6.0,0,0,2,2,2,2,7,7,-0.32232912063398167,3.8008937260744355,12.968552,4.795539,10.912608,64.82901,4,2022-06-13,37.66166666666667,0.0,28.208333333333332,21.709999999999997,1.0,275.06333333333333,2022,6,13,171.0,0,India_2004.csv
2022-06-14,2004,175.0,152.0,17.0,5.0,46.0,6.0,0,0,2,2,2,2,7,7,0.30055159528142245,3.7115404592801924,12.736613,4.847762,16.752222,54.75008,4,2022-06-14,34.16833333333333,0.0,41.77,22.243333333333336,1.0,273.7033333333333,2022,6,14,175.0,0,India_2004.csv
2022-06-15,2004,173.0,83.0,22.0,5.0,47.0,6.0,0,0,2,2,2,2,7,7,-0.4738946105206771,3.52231990146149,12.538231,4.331781,11.32876,60.733227,4,2022-06-15,36.531666666666666,0.0,37.303333333333335,19.816666666666666,1.0,263.31166666666667,2022,6,15,173.0,0,India_2004.csv
2022-06-16,2004,99.0,87.0,22.0,6.0,56.0,5.0,0,0,2,2,2,2,4,4,-1.4839571427006277,3.955957678113117,13.462918,5.4367356,33.051563,67.988174,4,2022-06-16,33.765,0.0,46.31333333333333,10.318333333333333,1.0,206.36333333333334,2022,6,16,99.0,0,India_2004.csv
2022-06-17,2004,91.0,65.0,22.0,7.0,39.0,5.0,2,2,1,1,3,3,7,7,-1.993962222568603,1.7166129160248518,13.283383,3.5572934,1.4284333,81.65822,4,2022-06-17,29.24,0.0,68.855,8.411666666666667,1.0,193.63333333333333,2022,6,17,91.0,0,India_2004.csv
2022-06-18,2004,85.0,59.0,21.0,6.0,44.0,5.0,2,2,1,1,3,3,7,7,-2.4206375377193567,2.406421340695886,13.403145,3.7027378,2.0131133,82.1941,4,2022-06-18,29.365,0.0,67.88166666666667,8.1,1.0,214.3183333333333,2022,6,18,85.0,0,India_2004.csv
2022-06-19,2004,101.0,72.0,23.0,5.0,41.0,5.0,2,2,1,1,3,3,7,7,-1.9956559075601392,2.3671012641055382,13.351163,3.635282,1.8296841,81.62503,4,2022-06-19,26.28333333333333,0.0,81.605,8.648333333333333,1.0,249.08333333333334,2022,6,19,101.0,0,India_2004.csv
2022-06-20,2004,124.0,84.0,21.0,6.0,53.0,5.0,0,0,2,2,2,2,7,7,-1.182608156929658,3.6646823877004016,13.214341,5.3982725,14.355828,71.62981,4,2022-06-20,28.12,0.0,71.375,6.145,1.0,194.64333333333335,2022,6,20,124.0,0,India_2004.csv
2022-06-21,2004,119.0,79.0,23.0,7.0,67.0,6.0,0,0,2,2,2,2,4,4,-0.8226857611132803,5.276165514121065,13.651284,6.247162,33.38339,77.74442,4,2022-06-21,28.290000000000003,0.0,72.485,6.723333333333334,1.0,152.97833333333335,2022,6,21,119.0,0,India_2004.csv
2022-06-22,2004,101.0,129.0,19.0,5.0,62.0,6.0,0,0,2,2,2,2,4,4,-1.1021807528813092,5.219870914482389,13.646415,5.40811,9.631688,83.99066,4,2022-06-22,29.76833333333333,0.0,64.78,7.761666666666667,1.0,239.335,2022,6,22,129.0,0,India_2004.csv
2022-06-23,2004,125.0,120.0,16.0,7.0,41.0,5.0,2,2,1,1,3,3,7,7,-0.8975118715184718,2.2632630040057484,12.316948,3.494133,-5.649382,41.383358,4,2022-06-23,30.888333333333335,0.0,51.18666666666667,13.431666666666667,1.0,306.78833333333336,2022,6,23,125.0,0,India_2004.csv
2022-06-24,2004,140.0,123.0,24.0,5.0,42.0,5.0,0,0,2,2,2,2,7,7,-0.35064221600477397,2.850764208215999,11.937816,4.7428865,4.947729,50.840374,4,2022-06-24,31.44666666666667,0.0,43.666666666666664,11.37,1.0,304.8,2022,6,24,140.0,0,India_2004.csv
2022-06-25,2004,148.0,144.0,27.0,9.0,73.0,9.0,0,0,2,2,2,2,4,4,1.600099218399594,6.695913689120769,13.290816,7.1022005,40.126133,75.44807,4,2022-06-25,33.43333333333333,0.0,37.96666666666667,8.413333333333334,1.0,147.97333333333333,2022,6,25,148.0,0,India_2004.csv
2022-06-26,2004,154.0,97.0,18.0,6.0,47.0,6.0,0,0,2,2,2,2,7,7,-0.7001514036254411,3.3277953505463507,12.926571,4.571078,12.841173,67.55923,4,2022-06-26,34.29333333333333,0.0,51.81333333333333,14.238333333333335,1.0,110.12666666666667,2022,6,26,154.0,0,India_2004.csv
2022-06-27,2004,138.0,92.0,14.0,7.0,49.0,6.0,0,0,2,2,2,2,7,7,-1.158399375988422,3.276560517036424,13.167713,4.6126494,12.642217,69.721855,4,2022-06-27,34.60333333333333,0.0,53.04,11.466666666666667,1.0,112.96166666666666,2022,6,27,138.0,0,India_2004.csv
2022-06-28,2004,135.0,105.0,15.0,6.0,48.0,6.0,0,0,2,2,2,2,7,7,-1.1372685404603957,3.401624355467929,13.089063,4.5826893,12.453301,69.801895,4,2022-06-28,34.46,0.0,55.68166666666667,10.983333333333334,1.0,173.47,2022,6,28,135.0,0,India_2004.csv
2022-06-29,2004,154.0,108.0,15.0,5.8,40.0,5.0,2,2,1,1,3,3,7,7,-0.8866391708567988,2.3782029259130284,12.505858,3.2717383,-11.0831785,46.526875,4,2022-06-29,33.22,0.0,62.68833333333333,15.348333333333334,1.0,143.82500000000002,2022,6,29,154.0,0,India_2004.csv
2022-06-30,2004,143.0,59.0,19.0,9.0,17.0,5.0,2,2,1,1,3,3,1,1,-1.219517226787099,-1.0391579000596398,9.025465,2.649005,-5.9148664,-2.412764,4,2022-06-30,27.95,0.0,81.83333333333333,7.816666666666666,1.0,92.64666666666666,2022,6,30,143.0,0,India_2004.csv
2022-07-01,2004,92.0,50.0,14.0,10.0,28.0,5.0,2,2,1,1,3,3,7,7,-2.359798616993571,-0.1960492536302461,11.449879,0.6011933,-42.691395,27.249054,4,2022-07-01,28.395,0.0,80.5,4.711666666666667,1.0,107.46333333333332,2022,7,1,92.0,0,India_2004.csv
2022-07-02,2004,72.0,66.0,14.0,10.0,33.0,5.0,2,2,1,1,3,3,7,7,-2.408103472006822,0.39260723942023296,11.70612,0.43024927,-46.603165,44.26139,4,2022-07-02,29.680000000000003,0.0,76.71499999999999,10.64,1.0,123.93,2022,7,2,72.0,0,India_2004.csv
2022-07-03,2004,85.0,58.0,10.0,8.0,16.0,5.0,2,2,1,1,3,3,0,0,-3.207214968073717,-1.221414228520459,9.847402,-1.6428576,-54.683907,-69.145004,4,2022-07-03,29.35166666666667,0.0,81.22833333333334,7.7316666666666665,1.0,132.62166666666667,2022,7,3,85.0,0,India_2004.csv
2022-07-04,2004,84.0,86.0,20.0,11.0,70.0,6.0,0,0,2,2,2,2,4,4,-0.7456236822672654,4.8221605812048844,13.793553,6.2185416,33.26789,79.40193,4,2022-07-04,31.266666666666666,0.0,74.76,5.631666666666667,1.0,98.28500000000001,2022,7,4,86.0,0,India_2004.csv
2022-07-05,2004,146.0,82.0,18.0,11.0,45.0,5.0,0,0,2,2,2,2,7,7,-0.12890791133963633,1.9052307017174008,12.5565815,4.3423414,14.687011,68.04878,4,2022-07-05,31.85833333333333,0.0,71.09166666666665,11.283333333333333,1.0,99.06833333333334,2022,7,5,146.0,0,India_2004.csv
2022-07-06,2004,124.0,74.0,18.0,10.0,31.0,5.0,2,2,1,1,3,3,7,7,-1.034157046192236,0.38676758189300836,10.9048,3.6114173,4.1492395,16.095324,4,2022-07-06,30.343333333333334,0.0,78.395,12.113333333333335,1.0,96.445,2022,7,6,124.0,0,India_2004.csv
2022-07-07,2004,123.0,70.0,21.0,11.0,41.0,6.0,0,0,2,2,3,3,7,7,-0.5552457239572445,1.5679210463742945,12.124031,4.0260224,-3.4978275,44.033062,4,2022-07-07,31.695000000000004,0.0,69.75666666666666,11.916666666666666,1.0,92.67333333333333,2022,7,7,123.0,0,India_2004.csv
2022-07-08,2004,99.0,70.0,18.0,10.0,27.0,6.0,2,2,1,1,3,3,7,7,-1.5950713112854638,0.058836141181386394,11.345762,0.7099856,-43.400593,27.228954,4,2022-07-08,32.55833333333334,0.0,65.18,10.736666666666666,1.0,102.21,2022,7,8,99.0,0,India_2004.csv
2022-07-09,2004,100.0,67.0,19.0,12.0,16.0,5.0,2,2,1,1,3,3,1,1,-1.2936682849914893,-1.7663228125484778,8.446428,1.0642852,-4.3685527,-79.37855,4,2022-07-09,30.326666666666668,0.0,73.14666666666666,12.128333333333332,1.0,99.33333333333333,2022,7,9,100.0,0,India_2004.csv
2022-07-10,2004,81.0,62.0,19.0,11.0,20.0,5.0,2,2,1,1,3,3,0,0,-1.8800972033933292,-1.2150113245738652,8.54781,0.9453246,-15.280363,-78.75599,4,2022-07-10,29.508333333333336,0.0,79.58999999999999,6.329999999999999,1.0,113.29333333333334,2022,7,10,81.0,0,India_2004.csv
2022-07-11,2004,90.0,68.0,18.0,13.0,25.0,6.0,2,2,1,1,3,3,1,1,-1.2160729040800629,-0.7323719301206151,9.621641,3.741397,4.5733213,12.488038,4,2022-07-11,31.473333333333333,0.0,71.04166666666667,5.051666666666667,1.0,188.47166666666666,2022,7,11,90.0,0,India_2004.csv
2022-07-12,2004,107.0,58.0,19.0,19.0,16.0,5.0,2,2,1,1,0,0,1,1,0.09309739195262837,-3.021976942702794,8.3890915,4.3894176,20.825525,-65.07208,4,2022-07-12,30.751666666666665,0.0,75.48166666666667,6.94,1.0,84.06166666666667,2022,7,12,107.0,0,India_2004.csv
2022-07-13,2004,97.0,61.0,18.0,14.0,21.0,5.0,2,2,1,1,3,3,1,1,-1.0628234513014758,-1.5958166274239702,9.302632,3.5220747,17.546976,-63.19285,4,2022-07-13,30.995,0.0,74.66166666666668,9.113333333333333,1.0,78.56333333333333,2022,7,13,97.0,0,India_2004.csv
2022-07-14,2004,89.0,68.0,19.0,10.0,20.0,5.0,2,2,1,1,3,3,0,0,-1.834504091059003,-0.986542933134731,8.569195,0.9607158,-15.5292,-78.34664,4,2022-07-14,29.888333333333335,0.0,76.41333333333334,11.555,1.0,78.48833333333333,2022,7,14,89.0,0,India_2004.csv
2022-07-15,2004,78.0,62.0,18.0,11.0,20.0,5.0,2,2,1,1,3,3,0,0,-2.0118026665124376,-1.231665745764633,8.553881,0.9072914,-15.211028,-78.86599,4,2022-07-15,31.275000000000002,0.0,68.65333333333332,13.923333333333334,1.0,91.03333333333335,2022,7,15,78.0,0,India_2004.csv
2022-07-16,2004,76.0,52.0,22.0,11.0,14.0,6.0,2,2,1,1,3,3,1,1,-1.9645307121199678,-1.7177997300940748,8.277146,1.2094725,-8.341427,-79.22704,4,2022-07-16,29.205,0.0,80.00333333333334,9.153333333333334,1.0,99.61166666666666,2022,7,16,76.0,0,India_2004.csv
2022-07-17,2004,71.0,40.6,11.2,7.4,26.8,4.6,2,2,1,1,3,3,0,0,-3.657518896702561,-0.09142628299580048,11.856082,-0.6789141,-69.125565,24.77077,4,2022-07-17,29.61,0.0,82.28833333333334,7.883333333333333,1.0,82.24000000000001,2022,7,17,71.0,0,India_2004.csv
2022-07-18,2004,116.2,68.0,19.0,11.0,22.0,5.0,2,2,1,1,3,3,1,1,-1.1069257453562913,-0.8563743626024709,9.612399,3.1796005,-9.16035,-3.1529677,4,2022-07-18,31.263333333333332,0.0,75.80499999999999,5.668333333333333,1.0,151.97833333333332,2022,7,18,116.2,0,India_2004.csv
2022-07-19,2004,103.0,65.0,20.0,12.0,18.0,5.0,2,2,1,1,3,3,1,1,-1.170931100654763,-1.5320532480186806,9.038098,3.326913,-4.163919,-79.30436,4,2022-07-19,30.59,0.0,77.44500000000001,6.8116666666666665,1.0,159.13333333333333,2022,7,19,103.0,0,India_2004.csv
2022-07-20,2004,98.0,45.0,20.0,12.0,6.0,6.0,2,2,1,1,3,3,0,0,-1.7192374266680723,-2.789713860631183,8.193876,1.0019066,-10.135836,-82.32196,4,2022-07-20,28.563333333333333,0.0,84.875,9.318333333333333,1.0,250.13166666666666,2022,7,20,98.0,0,India_2004.csv
2022-07-21,2004,72.0,63.0,19.0,12.0,28.0,4.0,2,2,1,1,3,3,7,7,-1.7489388112767048,-0.7214433856446998,9.549468,3.404776,3.881794,12.600379,4,2022-07-21,27.971666666666664,0.0,84.40833333333335,5.351666666666667,1.0,115.50166666666667,2022,7,21,72.0,0,India_2004.csv
2022-07-22,2004,119.0,65.0,19.0,13.0,25.0,5.0,2,2,1,1,3,3,1,1,-0.6672342004168736,-0.8738357682636647,9.640387,3.5708442,4.6265526,11.453705,4,2022-07-22,27.78333333333333,0.0,85.60666666666667,7.835,1.0,80.39166666666667,2022,7,22,119.0,0,India_2004.csv
2022-07-23,2004,111.0,50.0,18.0,11.0,9.0,5.0,2,2,1,1,3,3,0,0,-1.7289054899889873,-2.4452803007881885,8.1905985,1.0534002,-10.4347925,-81.62053,4,2022-07-23,27.886666666666667,0.0,85.30833333333332,13.443333333333333,1.0,99.77666666666666,2022,7,23,111.0,0,India_2004.csv
2022-07-24,2004,85.0,49.0,18.0,11.0,10.0,5.0,2,2,1,1,3,3,0,0,-2.21429738657365,-2.4117810115442753,8.22962,0.8039385,-10.818348,-82.531525,4,2022-07-24,28.993333333333336,0.0,80.55666666666667,15.741666666666667,1.0,104.16000000000001,2022,7,24,85.0,0,India_2004.csv
2022-07-25,2004,79.0,45.0,18.0,11.0,11.0,4.0,2,2,1,1,3,3,0,0,-2.3935345148007947,-2.553778668761268,8.242902,0.63501495,-11.482763,-82.497246,4,2022-07-25,28.638333333333332,0.0,79.00333333333333,15.04,1.0,110.78500000000001,2022,7,25,79.0,0,India_2004.csv
2022-07-26,2004,99.0,48.0,17.0,7.0,8.0,5.0,2,2,1,1,3,3,0,0,-2.8744516163748797,-1.9074714401050268,8.343998,-0.3505741,-24.178528,-71.99493,4,2022-07-26,28.275000000000002,0.0,79.86666666666667,13.813333333333333,1.0,113.50666666666666,2022,7,26,99.0,0,India_2004.csv
2022-07-27,2004,91.0,51.0,18.0,6.0,9.0,5.0,2,2,1,1,3,3,0,0,-3.085835859837195,-1.6183405787962517,8.315849,-0.4170594,-24.485115,-74.006744,4,2022-07-27,28.18166666666667,0.0,82.33166666666666,12.018333333333333,1.0,125.80166666666668,2022,7,27,91.0,0,India_2004.csv
2022-07-28,2004,102.0,36.0,18.0,6.0,7.0,5.0,2,2,1,1,3,3,0,0,-3.151918947972297,-1.8871094483870718,8.344192,-0.3493536,-24.297863,-72.042854,4,2022-07-28,27.695000000000004,0.0,85.63833333333334,4.738333333333333,1.0,205.68833333333336,2022,7,28,102.0,0,India_2004.csv
2022-07-29,2004,75.0,32.0,17.0,6.0,6.0,5.0,2,2,1,1,3,3,0,0,-3.80497056902494,-2.1065030126766193,8.309454,-0.6747977,-24.406477,-75.37478,4,2022-07-29,27.41333333333333,0.0,87.105,6.376666666666668,1.0,220.39333333333335,2022,7,29,75.0,0,India_2004.csv
2022-07-30,2004,59.0,44.0,18.0,6.0,6.0,5.0,2,2,1,1,3,3,0,0,-3.8281007692815026,-2.0862829629542956,8.320752,-0.98956925,-30.283318,-78.662285,4,2022-07-30,27.786666666666665,0.0,85.75,6.32,1.0,211.73666666666668,2022,7,30,59.0,0,India_2004.csv
2022-07-31,2004,76.0,43.0,18.0,15.0,9.0,5.0,2,2,1,1,3,3,0,0,-1.6882552106415636,-3.2848281681922162,8.128047,0.79842955,-6.8308573,-83.46782,4,2022-07-31,28.265,0.0,82.15833333333333,5.82,1.0,189.86833333333334,2022,7,31,76.0,0,India_2004.csv
2022-08-01,2004,82.0,45.0,18.0,4.0,8.0,5.0,2,2,1,1,3,3,0,0,-3.7638551455791727,-1.4354046247030496,8.278066,-0.6914031,-25.755888,-75.19446,4,2022-08-01,27.891666666666666,0.0,83.23833333333333,7.300000000000001,1.0,261.6933333333333,2022,8,1,82.0,0,India_2004.csv
2022-08-02,2004,74.0,50.0,16.0,7.0,12.0,5.0,2,2,1,1,3,3,0,0,-3.332716840656749,-1.523318208978024,8.552186,-0.7936297,-33.426052,-71.11443,4,2022-08-02,29.584999999999997,0.0,77.97666666666667,9.141666666666667,1.0,276.5083333333334,2022,8,2,74.0,0,India_2004.csv
2022-08-03,2004,64.0,66.0,20.0,7.0,13.0,5.0,2,2,1,1,3,3,0,0,-2.938788793990384,-1.3286008391172421,8.554132,0.03107545,-22.052055,-79.851776,4,2022-08-03,29.09,0.0,81.79166666666667,6.605,1.0,198.22833333333332,2022,8,3,66.0,0,India_2004.csv
2022-08-04,2004,75.0,61.0,19.0,4.0,9.0,3.0,2,2,1,1,3,3,0,0,-3.572336397881822,-1.6934460612639146,8.436117,-0.4967239,-26.18197,-77.80187,4,2022-08-04,27.896666666666665,0.0,86.02666666666666,8.92,1.0,103.28666666666668,2022,8,4,75.0,0,India_2004.csv
2022-08-05,2004,89.0,48.0,19.0,4.0,8.0,8.0,2,2,1,1,3,3,0,0,-3.465139004157582,-0.7361844310288655,7.2185483,-1.3569844,-66.92007,0.9737068,4,2022-08-05,27.801666666666666,0.0,86.18666666666667,7.73,1.0,104.495,2022,8,5,89.0,0,India_2004.csv
2022-08-06,2004,65.0,61.0,17.0,5.0,21.0,5.0,2,2,1,1,3,3,0,0,-3.537017978610934,-0.11249385502174047,10.531714,-0.079329364,-48.66418,26.612967,4,2022-08-06,28.971666666666664,0.0,82.25666666666666,4.485,1.0,165.22833333333332,2022,8,6,65.0,0,India_2004.csv
2022-08-07,2004,81.0,57.0,17.0,7.0,21.0,5.0,2,2,1,1,3,3,0,0,-2.9052533256486757,-0.43767767929348117,9.701715,0.07334637,-18.361502,-29.14727,4,2022-08-07,27.41,0.0,86.875,7.863333333333333,1.0,103.78666666666668,2022,8,7,81.0,0,India_2004.csv
2022-08-08,2004,71.0,58.0,18.0,7.0,42.0,5.0,2,2,1,1,3,3,7,7,-2.7477401413392513,1.9337137468928565,13.372345,3.586433,1.7559394,82.49738,4,2022-08-08,29.666666666666668,0.0,79.09166666666667,6.109999999999999,1.0,83.18333333333334,2022,8,8,71.0,0,India_2004.csv
2022-08-09,2004,87.0,57.0,16.0,6.0,35.0,6.0,2,2,1,1,3,3,7,7,-2.889956681011607,1.5581823276569704,12.382277,0.92897767,-32.146122,53.74546,4,2022-08-09,30.441666666666666,0.0,77.25666666666666,9.738333333333333,1.0,83.58333333333333,2022,8,9,87.0,0,India_2004.csv
2022-08-10,2004,82.0,53.0,18.0,6.0,25.0,5.0,2,2,1,1,3,3,0,0,-3.029154135169735,0.1844114606811196,10.842871,0.22006065,-46.780174,26.827248,4,2022-08-10,30.929999999999996,0.0,71.865,11.808333333333332,1.0,96.43166666666666,2022,8,10,82.0,0,India_2004.csv
2022-08-11,2004,73.0,43.0,18.0,6.0,13.0,5.0,2,2,1,1,3,3,0,0,-3.5022407320074866,-1.2547794565780883,8.485826,-0.56429344,-25.049454,-75.39286,4,2022-08-11,27.261666666666667,0.0,82.97833333333334,15.25,1.0,59.12833333333333,2022,8,11,73.0,0,India_2004.csv
2022-08-12,2004,61.0,53.0,22.0,6.0,18.0,5.0,2,2,1,1,3,3,0,0,-3.196008196688026,-0.6403909204445483,8.719207,0.012602748,-23.307161,-80.072075,4,2022-08-12,29.66333333333333,0.0,72.84666666666666,15.925000000000002,1.0,95.88833333333334,2022,8,12,61.0,0,India_2004.csv
2022-08-13,2004,76.0,41.0,15.0,6.0,30.0,5.0,2,2,1,1,3,3,7,7,-3.505883127718248,0.6529935120266803,11.582013,0.14338206,-47.208584,29.755575,4,2022-08-13,29.46666666666667,0.0,77.40833333333335,11.923333333333332,1.0,164.55333333333334,2022,8,13,76.0,0,India_2004.csv
2022-08-14,2004,57.0,43.0,15.0,4.0,26.0,5.0,2,2,1,1,3,3,0,0,-4.273499227535782,0.5049579072052459,10.928942,-0.1918373,-48.23988,28.982578,4,2022-08-14,27.820000000000004,0.0,86.27,7.16,1.0,159.05833333333334,2022,8,14,57.0,0,India_2004.csv
2022-08-15,2004,56.0,50.0,10.4,6.4,19.4,4.0,2,2,1,1,3,3,0,0,-4.139441971675564,-0.8919241658374981,10.440655,-2.3991864,-89.60005,13.73352,4,2022-08-15,27.998333333333335,0.0,80.17999999999999,11.941666666666668,1.0,99.145,2022,8,15,56.0,0,India_2004.csv
2022-08-16,2004,103.8,34.0,13.0,5.0,12.0,5.0,2,2,1,1,3,3,0,0,-3.673653967047494,-1.1870352369638648,9.039566,-0.9053289,-49.85839,-23.510735,4,2022-08-16,27.49333333333333,0.0,79.07666666666667,23.851666666666663,1.0,105.58999999999999,2022,8,16,103.8,0,India_2004.csv
2022-08-17,2004,42.0,36.0,17.0,5.0,20.0,5.0,2,2,1,1,3,3,0,0,-4.383912354260855,-0.41488433721680196,10.652173,-0.09345566,-49.43904,26.707182,4,2022-08-17,28.316666666666666,0.0,77.66666666666667,12.781666666666666,1.0,147.505,2022,8,17,42.0,0,India_2004.csv
2022-08-18,2004,43.0,39.0,19.0,5.0,29.0,6.0,2,2,1,1,3,3,0,0,-4.042118590173791,0.8605861280369317,10.855991,0.000736479,-49.11677,27.12552,4,2022-08-18,29.513333333333332,0.0,71.48,10.456666666666667,1.0,240.98000000000002,2022,8,18,43.0,0,India_2004.csv
2022-08-19,2004,55.0,44.0,19.0,6.0,27.0,4.0,2,2,1,1,3,3,0,0,-3.5906172070758116,0.07882748022746178,10.778637,0.110922664,-49.186756,27.294996,4,2022-08-19,29.96166666666667,0.0,72.45166666666667,11.776666666666666,1.0,269.25,2022,8,19,55.0,0,India_2004.csv
2022-08-20,2004,52.0,52.0,17.0,6.0,23.0,5.0,2,2,1,1,3,3,0,0,-3.7004448449165857,-0.14271259940370393,10.77369,-0.017289821,-49.187614,26.922842,4,2022-08-20,27.383333333333336,0.0,83.89666666666666,6.105,1.0,201.15833333333333,2022,8,20,52.0,0,India_2004.csv
2022-08-21,2004,61.0,68.0,17.0,6.0,25.0,5.0,2,2,1,1,3,3,0,0,-3.248049548725519,0.1888690269409099,10.843617,0.07314746,-48.281567,27.278305,4,2022-08-21,29.756666666666664,0.0,75.49333333333334,7.161666666666666,1.0,260.49499999999995,2022,8,21,68.0,0,India_2004.csv
2022-08-22,2004,79.0,62.0,19.0,6.0,27.0,5.0,2,2,1,1,3,3,7,7,-2.8371817049235077,0.45501771451102546,10.87747,0.22602193,-47.158897,27.27324,4,2022-08-22,29.098333333333333,0.0,77.02666666666667,10.995,1.0,110.99333333333334,2022,8,22,79.0,0,India_2004.csv
2022-08-23,2004,66.0,52.0,20.0,5.0,26.0,5.0,2,2,1,1,3,3,0,0,-3.377826214276294,0.43880248378197345,10.835217,0.16332936,-48.00885,27.310015,4,2022-08-23,29.438333333333333,0.0,69.78333333333335,21.235,1.0,117.545,2022,8,23,66.0,0,India_2004.csv
2022-08-24,2004,59.0,48.0,20.0,6.0,18.0,5.0,2,2,1,1,3,3,0,0,-3.467348530443458,-0.6865297805192692,8.762465,-0.06648915,-23.454567,-80.16359,4,2022-08-24,28.175,0.0,78.55,11.138333333333334,1.0,122.335,2022,8,24,59.0,0,India_2004.csv
2022-08-25,2004,69.0,62.0,21.0,6.0,49.0,5.0,0,0,2,2,2,2,7,7,-2.607936737774001,2.9431816377383972,13.493327,3.8552747,2.6705322,82.74069,4,2022-08-25,29.66,0.0,69.51333333333334,5.956666666666667,1.0,194.215,2022,8,25,69.0,0,India_2004.csv
2022-08-26,2004,90.0,64.0,17.0,5.0,31.0,5.0,2,2,1,1,3,3,7,7,-2.906467731874365,1.111476312541116,12.33718,0.9496526,-39.493717,41.64366,4,2022-08-26,30.56833333333333,0.0,63.70666666666667,11.15,1.0,288.52000000000004,2022,8,26,90.0,0,India_2004.csv
2022-08-27,2004,68.0,69.0,18.0,5.0,29.0,5.0,2,2,1,1,3,3,7,7,-3.17905602288478,0.8527532475171932,10.966184,0.12365055,-47.858116,27.649275,4,2022-08-27,30.851666666666663,0.0,59.208333333333336,16.213333333333335,1.0,282.23499999999996,2022,8,27,69.0,0,India_2004.csv
2022-08-28,2004,73.0,83.0,18.0,5.0,28.0,5.0,2,2,1,1,3,3,7,7,-2.8691096733239636,0.8219099378269705,10.898111,0.18309838,-47.846104,27.616663,4,2022-08-28,31.218333333333334,0.0,54.721666666666664,13.991666666666667,1.0,266.39166666666665,2022,8,28,83.0,0,India_2004.csv
2022-08-29,2004,75.0,83.0,21.0,5.0,40.0,5.0,2,2,1,1,3,3,7,7,-2.4606808694467226,2.2158879515411143,13.3717375,3.6331117,1.377809,82.05106,4,2022-08-29,30.0,0.0,65.56166666666667,6.753333333333333,1.0,167.61166666666665,2022,8,29,83.0,0,India_2004.csv
2022-08-30,2004,77.0,71.0,23.0,6.0,43.0,5.0,2,2,1,1,3,3,7,7,-2.231479005197886,2.3440873112739626,13.399535,3.706006,1.8721484,82.1831,4,2022-08-30,30.945000000000004,0.0,64.12166666666667,6.3566666666666665,1.0,230.77666666666664,2022,8,30,77.0,0,India_2004.csv
2022-08-31,2004,90.0,73.0,20.0,6.0,39.0,5.0,2,2,1,1,3,3,7,7,-2.23450306870467,1.9128497726610776,13.282581,3.5494058,1.406631,81.78878,4,2022-08-31,31.57166666666667,0.0,62.32,8.856666666666667,1.0,269.88666666666666,2022,8,31,90.0,0,India_2004.csv
2022-09-01,2004,85.0,69.0,20.0,6.0,51.0,5.0,0,0,2,2,2,2,7,7,-2.249729937876873,3.2431249059940432,13.477314,3.8950617,2.93702,82.63608,4,2022-09-01,32.04666666666667,0.0,60.06833333333333,8.606666666666667,1.0,253.66666666666666,2022,9,1,85.0,0,India_2004.csv
2022-09-02,2004,83.0,68.0,22.0,7.0,36.0,5.0,2,2,1,1,3,3,7,7,-2.1284815196842266,1.3670181725194086,13.289208,3.5572448,1.2555959,81.61734,4,2022-09-02,32.098333333333336,0.0,57.71666666666667,6.476666666666667,1.0,256.49333333333334,2022,9,2,83.0,0,India_2004.csv
2022-09-03,2004,82.0,67.0,15.0,4.0,20.0,5.0,2,2,1,1,3,3,0,0,-3.4892878543540555,0.012422104706862069,9.965558,-0.40606833,-54.605682,-16.951748,4,2022-09-03,32.376666666666665,0.0,49.821666666666665,13.785000000000002,1.0,272.68833333333333,2022,9,3,82.0,0,India_2004.csv
2022-09-04,2004,66.0,56.0,15.0,5.0,19.0,5.0,2,2,1,1,3,3,0,0,-3.776667005298728,-0.3773250847701289,9.976388,-0.60069054,-55.55944,-15.931239,4,2022-09-04,32.25666666666667,0.0,50.56,14.683333333333332,1.0,260.9216666666667,2022,9,4,66.0,0,India_2004.csv
2022-09-05,2004,71.0,61.0,17.0,5.0,28.0,4.0,2,2,1,1,3,3,7,7,-3.3573717209146863,0.4819442445379448,10.985914,0.131918,-47.781754,28.123432,4,2022-09-05,31.77,0.0,53.376666666666665,7.956666666666667,1.0,266.89,2022,9,5,71.0,0,India_2004.csv
2022-09-06,2004,64.0,72.0,18.0,6.0,27.0,6.0,2,2,1,1,3,3,7,7,-3.0123884377587147,0.6712148372592704,10.91496,0.16049302,-47.94387,27.332186,4,2022-09-06,32.093333333333334,0.0,52.98333333333333,7.343333333333334,1.0,306.4883333333333,2022,9,6,72.0,0,India_2004.csv
2022-09-07,2004,86.0,75.0,19.0,6.0,33.0,5.0,2,2,1,1,3,3,7,7,-2.4233326558866293,1.2209201905583715,12.361515,0.95867425,-39.331894,41.613205,4,2022-09-07,32.02333333333333,0.0,51.92166666666666,7.676666666666667,1.0,227.375,2022,9,7,86.0,0,India_2004.csv
2022-09-08,2004,81.0,86.0,18.0,5.0,50.0,4.0,0,0,2,2,2,2,7,7,-2.424836649842227,3.1421534273014307,13.471709,3.8667092,3.0568032,82.67444,4,2022-09-08,32.03666666666667,0.0,55.20166666666666,7.071666666666666,1.0,60.99166666666667,2022,9,8,86.0,0,India_2004.csv
2022-09-09,2004,117.0,81.0,16.0,6.0,31.0,3.0,2,2,1,1,3,3,7,7,-2.03334083755865,0.6511803716090343,12.168707,2.0583558,-22.94563,43.53939,4,2022-09-09,31.73,0.0,62.48166666666666,8.321666666666667,1.0,107.18833333333333,2022,9,9,117.0,0,India_2004.csv
2022-09-10,2004,110.0,58.0,13.0,7.0,27.0,6.0,2,2,1,1,3,3,7,7,-2.571318273501337,0.5202657109802274,11.788396,1.7406927,-28.421595,51.445568,4,2022-09-10,30.036666666666665,0.0,70.01666666666667,9.396666666666667,1.0,101.03833333333334,2022,9,10,110.0,0,India_2004.csv
2022-09-11,2004,93.0,60.0,17.0,5.0,21.0,5.0,2,2,1,1,3,3,0,0,-3.0355005438576534,-0.036275852967845953,10.019507,-0.0026861553,-55.25641,-17.473278,4,2022-09-11,29.511666666666667,0.0,69.05333333333333,9.906666666666666,1.0,87.56333333333333,2022,9,11,93.0,0,India_2004.csv
2022-09-12,2004,86.0,57.0,17.0,6.0,17.0,4.0,2,2,1,1,3,3,0,0,-3.0756692011878366,-0.9207382712525917,9.221803,0.006740943,-26.938711,-70.129684,4,2022-09-12,29.99,0.0,66.49333333333333,10.613333333333333,1.0,86.28500000000001,2022,9,12,86.0,0,India_2004.csv
2022-09-13,2004,73.0,47.0,16.0,5.0,10.0,5.0,2,2,1,1,3,3,0,0,-3.8255143136608183,-1.4162516966574004,8.38256,-0.8433881,-25.943304,-75.22275,4,2022-09-13,29.848333333333333,0.0,64.70833333333333,17.933333333333334,1.0,87.46,2022,9,13,73.0,0,India_2004.csv
2022-09-14,2004,57.0,46.0,17.0,5.0,10.0,5.0,2,2,1,1,3,3,0,0,-4.061624589886635,-1.459513619475003,8.329935,-1.1547787,-29.846233,-78.32713,4,2022-09-14,27.101666666666663,0.0,80.11,17.89,1.0,71.37333333333333,2022,9,14,57.0,0,India_2004.csv
2022-09-15,2004,59.0,36.0,16.0,5.0,10.0,9.0,2,2,1,1,3,3,0,0,-4.206177445510081,-0.6354107793798567,7.769036,-1.4422028,-70.83737,4.2961516,4,2022-09-15,25.96666666666667,0.0,86.335,13.99,1.0,52.096666666666664,2022,9,15,59.0,0,India_2004.csv
2022-09-16,2004,59.0,29.0,15.0,6.0,5.0,7.0,2,2,1,1,3,3,0,0,-4.285143753084078,-1.859563367755266,8.097271,-1.4016004,-31.87027,-77.35413,4,2022-09-16,26.25,0.0,83.46333333333332,8.746666666666666,1.0,242.95666666666668,2022,9,16,59.0,0,India_2004.csv
2022-09-17,2004,53.0,63.0,16.0,6.0,38.0,6.0,2,2,1,1,3,3,7,7,-3.3848406208353916,1.8300743128257282,11.989955,0.39856693,-48.495872,45.16034,4,2022-09-17,27.304999999999996,0.0,80.595,8.966666666666667,1.0,202.57000000000002,2022,9,17,63.0,0,India_2004.csv
2022-09-18,2004,90.0,70.0,16.0,6.0,33.0,4.0,2,2,1,1,3,3,7,7,-2.6745357510413994,0.9654184876680724,12.475235,1.0311712,-39.471436,42.27591,4,2022-09-18,28.349999999999998,0.0,78.79,6.776666666666666,1.0,209.37333333333333,2022,9,18,90.0,0,India_2004.csv
2022-09-19,2004,97.0,92.0,17.0,6.0,18.0,5.0,2,2,1,1,3,3,0,0,-2.2722760899264247,-0.38549633535832,9.094285,0.95345885,-15.83347,-18.107862,4,2022-09-19,28.546666666666667,0.0,76.81833333333334,6.136666666666667,1.0,208.88666666666668,2022,9,19,97.0,0,India_2004.csv
2022-09-20,2004,138.0,67.0,17.0,7.0,39.0,6.0,2,2,1,1,3,3,7,7,-1.4583179747892812,2.0414659378103632,12.467434,3.3853579,-21.28011,53.597874,4,2022-09-20,27.185000000000002,0.0,84.62333333333333,5.111666666666667,1.0,105.40166666666666,2022,9,20,138.0,0,India_2004.csv
2022-09-21,2004,108.0,62.0,14.0,6.0,37.0,6.0,2,2,1,1,3,3,7,7,-2.54825002398006,1.8548762702604416,12.875438,2.843674,-24.796398,56.600895,4,2022-09-21,27.381666666666664,0.0,83.53333333333333,6.228333333333333,1.0,87.38666666666666,2022,9,21,108.0,0,India_2004.csv
2022-09-22,2004,87.0,44.0,14.0,6.0,16.0,6.0,2,2,1,1,3,3,0,0,-3.4814494594744345,-0.6813557721097315,9.399225,-0.58516824,-50.693825,-16.189604,4,2022-09-22,24.998333333333335,0.0,92.10000000000001,11.473333333333334,1.0,81.88666666666667,2022,9,22,87.0,0,India_2004.csv
2022-09-23,2004,77.0,41.0,15.0,6.0,35.0,5.0,2,2,1,1,3,3,7,7,-3.4278918065110955,1.2243442826927782,12.328577,0.7903873,-32.49274,53.574703,4,2022-09-23,24.790000000000003,0.0,93.42833333333333,12.298333333333334,1.0,73.11666666666666,2022,9,23,77.0,0,India_2004.csv
2022-09-24,2004,71.0,33.0,14.0,4.0,30.0,5.0,2,2,1,1,3,3,7,7,-4.2069999622307375,0.9434747282117701,11.338673,-0.10838983,-47.866234,29.48475,4,2022-09-24,24.816666666666666,0.0,92.75166666666667,16.27,1.0,120.79666666666667,2022,9,24,71.0,0,India_2004.csv
2022-09-25,2004,62.0,32.0,13.0,6.0,14.0,6.0,2,2,1,1,3,3,0,0,-4.240471829649117,-1.0477130250163196,8.892636,-1.3838218,-37.92639,-74.91626,4,2022-09-25,26.325,0.0,84.27166666666666,7.946666666666666,1.0,197.41166666666666,2022,9,25,62.0,0,India_2004.csv
2022-09-26,2004,57.0,67.0,14.0,6.0,34.0,6.0,2,2,1,1,3,3,7,7,-3.445350406639445,1.3904998614215367,11.952281,0.3479561,-48.385155,45.182964,4,2022-09-26,26.633333333333336,0.0,83.71666666666667,8.513333333333334,1.0,300.05333333333334,2022,9,26,67.0,0,India_2004.csv
2022-09-27,2004,87.0,61.0,12.0,18.0,23.0,5.0,2,2,1,1,3,3,0,0,-0.8785789497342925,-2.149177650349133,9.777037,3.7322464,-0.5282823,8.425777,4,2022-09-27,26.858333333333334,0.0,78.71666666666667,7.728333333333333,1.0,301.755,2022,9,27,87.0,0,India_2004.csv
2022-09-28,2004,77.0,78.0,12.0,3.0,24.0,5.0,2,2,1,1,3,3,0,0,-3.783285285986766,0.6585212582574623,11.53814,-0.86647755,-73.75886,55.5854,4,2022-09-28,27.17,0.0,78.21666666666665,7.008333333333333,1.0,300.3183333333333,2022,9,28,78.0,0,India_2004.csv
2022-09-29,2004,80.0,77.0,10.0,6.8,8.0,4.4,2,2,1,1,3,3,0,0,-3.3331978585963467,-1.9727115205751957,8.646989,-1.6909311,-49.01827,-67.03849,4,2022-09-29,27.171666666666667,0.0,77.36333333333333,8.11,1.0,291.54,2022,9,29,80.0,0,India_2004.csv
2022-09-30,2004,117.0,82.0,16.2,11.0,14.0,5.0,2,2,1,1,3,3,1,1,-1.171362270378127,-1.7175205900455892,8.413579,1.7556638,-10.32013,-52.148724,4,2022-09-30,27.325,0.0,76.91833333333334,8.183333333333334,1.0,282.2916666666667,2022,9,30,117.0,0,India_2004.csv
2022-10-01,2004,116.0,90.0,14.0,6.0,33.0,5.0,2,2,1,1,3,3,7,7,-2.003773188403278,1.3412383173854547,12.214331,2.0549657,-30.228392,48.840775,4,2022-10-01,28.063333333333333,0.0,71.84833333333334,7.338333333333334,1.0,235.00166666666667,2022,10,1,116.0,0,India_2004.csv
2022-10-02,2004,108.0,87.0,16.0,4.0,34.0,5.0,2,2,1,1,3,3,7,7,-2.4379167967213466,1.78503198298191,12.548464,2.1161332,-34.543827,47.01854,4,2022-10-02,27.67,0.0,67.505,9.513333333333334,1.0,301.22999999999996,2022,10,2,108.0,0,India_2004.csv
2022-10-03,2004,103.0,76.0,16.0,3.0,30.0,6.0,2,2,1,1,3,3,7,7,-2.9442604631443725,1.6568446314922747,11.976523,2.1765912,-28.759235,26.295143,4,2022-10-03,27.58666666666667,0.0,62.595,14.17,1.0,304.56333333333333,2022,10,3,103.0,0,India_2004.csv
2022-10-04,2004,91.0,87.0,18.0,4.0,43.0,5.0,2,2,1,1,3,3,7,7,-2.492833487189593,2.7749395253070603,13.371842,3.641185,0.40518242,82.17879,4,2022-10-04,27.625,0.0,71.65166666666667,9.703333333333333,1.0,198.53333333333333,2022,10,4,91.0,0,India_2004.csv
2022-10-05,2004,109.0,100.0,19.0,5.0,40.0,7.0,2,2,1,1,3,3,7,7,-1.6764708355863236,2.819006680286181,12.557083,3.8443122,-4.250012,54.250523,4,2022-10-05,27.016666666666666,0.0,78.68833333333333,7.03,1.0,91.17,2022,10,5,109.0,0,India_2004.csv
2022-10-06,2004,137.0,41.0,15.0,3.0,10.0,5.0,2,2,1,1,3,3,0,0,-3.2176098319133395,-0.9161473469484218,7.794276,-0.38532826,-44.517612,-24.764545,4,2022-10-06,26.236666666666665,0.0,73.665,10.51,1.0,89.48666666666668,2022,10,6,137.0,0,India_2004.csv
2022-10-07,2004,56.0,36.0,17.0,3.0,11.0,4.0,2,2,1,1,3,3,0,0,-4.648031820156231,-1.264333973838008,8.630889,-0.8488469,-27.859924,-78.88783,4,2022-10-07,24.383333333333336,0.0,85.17666666666666,11.701666666666668,1.0,79.10333333333334,2022,10,7,56.0,0,India_2004.csv
2022-10-08,2004,66.0,30.0,18.0,3.0,13.0,3.0,2,2,1,1,3,3,0,0,-4.47597704856639,-1.2480987075016226,8.679578,-0.73486686,-27.325764,-79.264084,4,2022-10-08,22.35666666666667,0.0,93.36166666666666,13.745,1.0,75.74333333333333,2022,10,8,66.0,0,India_2004.csv
2022-10-09,2004,77.0,19.0,17.0,3.0,12.0,3.0,2,2,1,1,3,3,0,0,-4.540844932086374,-1.3916086995563899,8.669817,-0.7252424,-27.30556,-78.99169,4,2022-10-09,22.721666666666664,0.0,92.43,11.646666666666667,1.0,72.675,2022,10,9,77.0,0,India_2004.csv
2022-10-10,2004,39.0,29.0,18.0,3.0,17.0,3.0,2,2,1,1,3,3,0,0,-4.944168497967603,-0.8764232765347755,8.75596,-0.6093437,-25.857634,-81.29062,4,2022-10-10,23.271666666666665,0.0,88.51333333333334,8.641666666666667,1.0,100.52666666666666,2022,10,10,39.0,0,India_2004.csv
2022-10-11,2004,53.0,47.0,18.0,5.0,16.0,4.0,2,2,1,1,3,3,0,0,-3.9862425388007914,-0.9948828404834447,8.73401,-0.42113853,-25.455208,-80.71924,4,2022-10-11,23.334999999999997,0.0,87.45,4.906666666666667,1.0,203.27166666666668,2022,10,11,53.0,0,India_2004.csv
2022-10-12,2004,71.0,82.0,19.0,4.0,20.0,4.0,2,2,1,1,3,3,0,0,-3.156763596527794,-0.1331078511549465,10.477781,0.21337704,-17.026842,-25.382124,4,2022-10-12,23.706666666666667,0.0,81.81833333333333,7.236666666666667,1.0,312.15333333333336,2022,10,12,82.0,0,India_2004.csv
2022-10-13,2004,97.0,72.0,20.0,3.0,16.0,3.0,2,2,1,1,3,3,0,0,-3.026368557094506,-0.5962100457467301,8.638072,2.643048,-3.8891637,-68.70609,4,2022-10-13,23.78333333333333,0.0,72.21666666666665,9.604999999999999,1.0,301.8883333333333,2022,10,13,97.0,0,India_2004.csv
2022-10-14,2004,93.0,88.0,21.0,4.0,19.0,5.0,2,2,1,1,3,3,0,0,-2.496384741223512,0.08092961088040145,8.949253,3.0616317,-11.026817,-22.546825,4,2022-10-14,23.638333333333335,0.0,70.89,9.5,1.0,302.1583333333333,2022,10,14,93.0,0,India_2004.csv
2022-10-15,2004,115.0,94.0,21.0,6.0,21.0,4.0,2,2,1,1,3,3,1,1,-1.5806378887102104,-0.16943801127474906,9.0004015,2.811567,-12.269403,-17.966469,4,2022-10-15,23.958333333333332,0.0,70.72166666666668,7.5183333333333335,1.0,277.0216666666667,2022,10,15,115.0,0,India_2004.csv
2022-10-16,2004,117.0,113.0,22.0,6.0,27.0,4.0,2,2,1,1,3,3,1,1,-1.0847565182967083,0.619246381595912,10.415379,3.2576497,-10.173977,23.973974,4,2022-10-16,24.205,0.0,68.50666666666667,6.12,1.0,291.755,2022,10,16,117.0,0,India_2004.csv
2022-10-17,2004,139.0,114.0,23.0,7.0,35.0,4.0,2,2,1,1,0,0,7,7,-0.28936670631432515,1.4293465926512827,11.460634,4.3172374,-0.16019008,35.428883,4,2022-10-17,24.165000000000003,0.0,65.87166666666667,7.169999999999999,1.0,264.96666666666664,2022,10,17,139.0,0,India_2004.csv
2022-10-18,2004,145.0,109.0,24.0,7.0,26.0,4.0,2,2,1,1,0,0,1,1,-0.2911781052618254,0.4070563864480074,10.158208,4.2534757,1.3014054,28.12637,4,2022-10-18,24.298333333333332,0.0,62.830000000000005,7.353333333333333,1.0,221.835,2022,10,18,145.0,0,India_2004.csv
2022-10-19,2004,138.0,91.0,24.0,12.0,25.0,6.0,2,2,1,1,0,0,1,1,0.30518718733340583,-0.2572403320701288,9.834673,4.7643003,15.673495,9.533252,4,2022-10-19,23.723333333333333,0.0,67.765,6.675,1.0,201.895,2022,10,19,138.0,0,India_2004.csv
2022-10-20,2004,120.0,102.0,23.0,10.0,28.0,3.0,2,2,1,1,0,0,1,1,-0.33328371863942513,-0.22688954314716078,10.06973,3.667714,11.116363,2.3174024,4,2022-10-20,23.28333333333333,0.0,67.715,5.486666666666667,1.0,174.61666666666667,2022,10,20,120.0,0,India_2004.csv
2022-10-21,2004,128.0,118.0,23.0,9.0,29.0,3.0,2,2,1,1,0,0,1,1,-0.11196066150255832,0.16410195878937153,10.154291,3.841903,11.590805,2.3265662,4,2022-10-21,24.425,0.0,65.05166666666666,4.97,1.0,244.39666666666668,2022,10,21,128.0,0,India_2004.csv
2022-10-22,2004,141.0,132.0,20.0,6.0,30.0,3.0,2,2,1,1,3,3,7,7,-0.4609235149353358,0.8879091217919804,11.34547,3.6543326,-5.263303,37.36743,4,2022-10-22,22.391666666666666,0.0,68.2,8.916666666666666,1.0,310.68666666666667,2022,10,22,141.0,0,India_2004.csv
2022-10-23,2004,148.0,117.0,22.0,8.0,37.0,4.0,2,2,1,1,0,0,7,7,0.0745093613283253,1.5134841206531842,11.490285,4.3394804,-0.38768762,35.202698,4,2022-10-23,22.148333333333337,0.0,65.355,6.846666666666667,1.0,300.2916666666667,2022,10,23,148.0,0,India_2004.csv
2022-10-24,2004,155.0,134.0,18.0,6.0,67.0,4.0,0,0,2,2,2,2,4,4,0.13324819363877655,5.347635329957825,13.393424,6.42829,34.754406,73.79373,4,2022-10-24,22.22,0.0,61.781666666666666,10.413333333333332,1.0,306.73,2022,10,24,155.0,0,India_2004.csv
2022-10-25,2004,168.0,192.0,12.0,5.0,61.0,4.0,0,0,2,2,2,2,4,4,0.594553524295093,5.114579471273658,13.37092,6.0441675,26.031813,76.37894,4,2022-10-25,21.91333333333333,0.0,60.28333333333333,11.056666666666667,1.0,287.25666666666666,2022,10,25,192.0,0,India_2004.csv
2022-10-26,2004,169.0,124.0,18.0,45.0,64.0,5.0,0,0,2,2,2,2,9,9,8.033694672904616,-1.6468332545056965,10.410485,11.243673,57.306347,67.307785,4,2022-10-26,23.353333333333335,0.0,65.13333333333333,5.991666666666667,1.0,229.19333333333336,2022,10,26,169.0,0,India_2004.csv
2022-10-27,2004,147.0,148.0,21.0,6.0,61.0,4.0,0,0,2,2,2,2,4,4,0.37189400315567167,4.734578224830995,13.280963,6.493221,34.96171,73.26815,4,2022-10-27,23.798333333333332,0.0,63.370000000000005,5.261666666666667,1.0,232.53666666666666,2022,10,27,148.0,0,India_2004.csv
2022-10-28,2004,160.0,167.0,32.0,11.0,46.0,5.0,0,0,2,2,2,2,4,4,2.6015282846895165,2.586055259962232,11.576644,7.0942354,40.671974,49.58478,4,2022-10-28,23.151666666666667,0.0,69.68,5.531666666666666,1.0,196.9333333333333,2022,10,28,167.0,0,India_2004.csv
2022-10-29,2004,167.0,189.0,22.0,10.0,52.0,6.0,0,0,2,2,2,2,4,4,2.2146127552272987,3.7110319753886873,12.3632555,6.0692196,20.224703,53.91747,4,2022-10-29,23.25,0.0,63.63833333333333,4.748333333333333,1.0,241.95166666666668,2022,10,29,189.0,0,India_2004.csv
2022-10-30,2004,168.0,166.0,17.0,13.0,55.0,8.0,0,0,2,2,2,2,4,4,2.142196004773787,3.8124240997576355,12.629742,5.749826,16.512669,59.46307,4,2022-10-30,23.305000000000003,0.0,63.31,6.416666666666667,1.0,279.8,2022,10,30,168.0,0,India_2004.csv
2022-10-31,2004,165.0,216.0,23.0,10.0,46.0,7.0,0,0,2,2,2,2,4,4,2.6394105098611207,3.3816826218531055,12.303717,6.170129,20.390148,53.84558,4,2022-10-31,22.983333333333334,0.0,67.78666666666668,5.713333333333334,1.0,213.82833333333335,2022,10,31,216.0,0,India_2004.csv
2022-11-01,2004,170.0,233.0,28.0,16.0,58.0,8.0,0,0,2,2,2,2,4,4,4.7529596434608665,4.046088276359055,11.772169,8.13349,58.326687,57.940453,4,2022-11-01,23.508333333333336,0.0,70.19333333333334,7.118333333333333,1.0,174.5616666666667,2022,11,1,233.0,0,India_2004.csv
2022-11-02,2004,170.0,218.0,18.0,7.0,55.0,7.0,0,0,2,2,2,2,4,4,1.8886386458138296,4.917316369492118,12.412084,6.0418067,20.406967,54.112003,4,2022-11-02,23.066666666666663,0.0,71.665,9.061666666666667,1.0,297.925,2022,11,2,218.0,0,India_2004.csv
2022-11-03,2004,179.0,400.0,21.0,10.0,61.0,7.0,0,0,2,2,2,2,4,4,5.938900136668085,6.0101809101560715,11.431712,7.8304296,22.997,52.47371,4,2022-11-03,23.8,0.0,65.87666666666667,8.36,1.0,295.20666666666665,2022,11,3,400.0,0,India_2004.csv
2022-11-04,2004,181.0,306.0,35.0,13.0,55.0,12.0,0,0,2,2,2,2,4,4,6.106671616618429,5.552205800005626,11.402111,8.472388,60.087833,57.279133,4,2022-11-04,24.15833333333333,0.0,71.78,5.676666666666667,1.0,144.72166666666666,2022,11,4,306.0,0,India_2004.csv
2022-11-05,2004,221.0,153.0,24.0,13.0,30.0,4.0,1,1,0,0,0,0,5,5,3.087064918913283,0.24083077481422324,8.116678,7.352068,40.647472,-11.330737,4,2022-11-05,23.85166666666667,0.0,77.72333333333334,9.07,1.0,118.695,2022,11,5,221.0,0,India_2004.csv
2022-11-06,2004,231.0,140.0,21.0,15.0,38.0,5.0,0,0,2,2,0,0,5,5,3.3415719688543133,0.958728235801268,10.376167,7.8352227,51.17355,45.787907,4,2022-11-06,23.328333333333333,0.0,79.585,7.153333333333333,1.0,149.81166666666667,2022,11,6,231.0,0,India_2004.csv
2022-11-07,2004,206.0,154.0,23.0,16.0,42.0,5.0,0,0,2,2,0,0,4,4,3.509228753684599,1.2493776219478805,10.360648,7.8135695,49.712025,45.810223,4,2022-11-07,23.131666666666664,0.0,73.035,5.866666666666667,1.0,197.98000000000002,2022,11,7,206.0,0,India_2004.csv
2022-11-08,2004,235.0,215.0,23.0,13.0,27.0,5.0,1,1,0,0,0,0,5,5,4.264478643714672,0.4538810119827002,8.040419,8.72267,68.828735,-19.456383,4,2022-11-08,21.555000000000003,0.0,77.3,6.573333333333333,1.0,196.83,2022,11,8,235.0,0,India_2004.csv
2022-11-09,2004,312.0,101.0,24.0,14.0,35.0,5.0,1,1,0,0,0,0,5,5,4.193118644865463,0.8617157846662987,7.205627,9.03165,79.94706,-45.494747,4,2022-11-09,22.14333333333333,0.0,72.22,3.6816666666666666,1.0,224.1833333333333,2022,11,9,312.0,0,India_2004.csv
2022-11-10,2004,160.0,131.0,24.0,15.0,40.0,5.0,0,0,2,2,0,0,1,1,2.1333224327802967,0.9604059009871365,10.942066,6.82795,35.43608,43.55527,4,2022-11-10,20.62,0.0,73.74166666666666,8.565,1.0,253.42999999999998,2022,11,10,160.0,0,India_2004.csv
2022-11-11,2004,199.0,189.0,21.0,13.0,36.0,4.0,0,0,2,2,0,0,5,5,3.112679608505273,1.0111552023868642,8.50786,7.8576674,15.752434,47.81911,4,2022-11-11,19.900000000000002,0.0,65.43,12.261666666666665,1.0,291.03999999999996,2022,11,11,199.0,0,India_2004.csv
2022-11-12,2004,274.0,165.0,21.0,13.0,41.0,4.0,1,1,0,0,0,0,5,5,4.166214357819343,1.6796474384172788,10.104189,8.460339,56.381042,46.468933,4,2022-11-12,19.733333333333334,0.0,60.66,13.065,1.0,295.07666666666665,2022,11,12,274.0,0,India_2004.csv
2022-11-13,2004,258.0,130.0,22.0,13.0,42.0,4.0,0,0,2,2,0,0,5,5,3.3849782847763197,1.5840465733924307,10.49964,8.215148,55.723736,47.075245,4,2022-11-13,20.083333333333332,0.0,66.57833333333333,9.76,1.0,257.245,2022,11,13,258.0,0,India_2004.csv
2022-11-14,2004,210.0,116.0,26.0,12.0,33.0,5.0,0,0,2,2,0,0,1,1,2.2795073551560376,0.7800663644778497,10.585675,6.4577084,32.234783,42.965572,4,2022-11-14,20.736666666666668,0.0,62.29333333333333,8.11,1.0,118.35333333333334,2022,11,14,210.0,0,India_2004.csv
2022-11-15,2004,183.0,98.0,24.0,14.0,42.0,5.0,0,0,2,2,0,0,1,1,1.8412201403793276,1.269257042739495,10.983794,6.605266,33.473827,45.20395,4,2022-11-15,20.505,0.0,69.98,6.531666666666666,1.0,275.24833333333333,2022,11,15,183.0,0,India_2004.csv
2022-11-16,2004,160.0,111.0,20.0,10.0,34.0,5.0,2,2,1,1,0,0,7,7,0.4260182661731157,1.0287224932800976,11.375663,4.7137775,21.31949,38.73232,4,2022-11-16,18.82,0.0,60.52,11.076666666666668,1.0,306.36833333333334,2022,11,16,160.0,0,India_2004.csv
2022-11-17,2004,181.0,117.0,18.0,13.0,37.0,4.0,0,0,2,2,0,0,7,7,1.3834124312329692,0.6972222140731308,10.910594,6.4235797,32.14695,44.585724,4,2022-11-17,17.753333333333334,0.0,63.88833333333333,12.431666666666667,1.0,286.82666666666665,2022,11,17,181.0,0,India_2004.csv
2022-11-18,2004,194.0,124.0,22.0,13.0,40.0,5.0,0,0,2,2,0,0,1,1,2.09373428995559,1.360767972474489,10.846159,6.539242,32.399357,44.488956,4,2022-11-18,17.19333333333333,0.0,59.49333333333333,8.49,1.0,307.26,2022,11,18,194.0,0,India_2004.csv
2022-11-19,2004,209.0,129.0,29.0,16.0,42.0,6.0,0,0,2,2,0,0,4,4,3.6270626810916413,1.402552365028533,11.022644,7.6639657,50.658916,52.989994,4,2022-11-19,17.426666666666666,0.0,63.06166666666667,7.5,1.0,305.7766666666667,2022,11,19,209.0,0,India_2004.csv
2022-11-20,2004,187.0,136.0,26.0,14.0,43.0,5.0,0,0,2,2,0,0,4,4,2.702094223227131,1.596026410628484,11.168111,7.0605755,35.804672,44.011433,4,2022-11-20,17.671666666666667,0.0,63.89666666666667,10.06,1.0,297.19,2022,11,20,187.0,0,India_2004.csv
2022-11-21,2004,212.0,123.0,22.0,13.0,39.0,4.0,0,0,2,2,0,0,1,1,2.383763143463992,1.0755536748338628,10.758434,6.6715875,32.18227,44.41442,4,2022-11-21,17.921666666666667,0.0,60.17333333333334,11.69,1.0,296.02,2022,11,21,212.0,0,India_2004.csv
2022-11-22,2004,191.0,117.0,21.0,13.0,35.0,4.0,0,0,2,2,0,0,1,1,1.7732271543919615,0.522699902195532,10.811809,6.453477,32.30087,44.337685,4,2022-11-22,17.543333333333333,0.0,57.166666666666664,10.85,1.0,289.0983333333333,2022,11,22,191.0,0,India_2004.csv
2022-11-23,2004,176.0,118.0,21.0,12.0,35.0,4.0,0,0,2,2,0,0,1,1,1.3114865892561234,0.6601333037896127,10.91923,6.3043795,32.33398,44.36955,4,2022-11-23,17.425,0.0,52.02166666666667,12.515,1.0,283.00166666666667,2022,11,23,176.0,0,India_2004.csv
2022-11-24,2004,172.0,108.0,21.0,13.0,62.0,5.0,0,0,2,2,2,2,4,4,1.6102444648733372,3.7121480846969837,12.807643,6.947634,47.885918,63.233555,4,2022-11-24,16.88,0.0,60.79833333333334,9.828333333333333,1.0,278.21666666666664,2022,11,24,172.0,0,India_2004.csv
2022-11-25,2004,169.0,140.0,30.0,17.0,56.0,7.0,0,0,2,2,2,2,4,4,3.5255225378261548,2.9828254977415645,12.152433,7.66474,50.795803,60.26098,4,2022-11-25,17.351666666666667,0.0,58.721666666666664,8.07,1.0,307.14000000000004,2022,11,25,169.0,0,India_2004.csv
2022-11-26,2004,194.0,164.0,27.0,16.0,67.0,7.0,0,0,2,2,2,2,4,4,4.082691391281616,4.575137202581706,12.282993,7.8696055,53.04334,59.446003,4,2022-11-26,16.993333333333332,0.0,61.91833333333333,10.398333333333333,1.0,292.02166666666665,2022,11,26,194.0,0,India_2004.csv
2022-11-27,2004,229.0,141.0,28.0,16.0,111.0,6.0,0,0,2,2,2,2,4,4,4.9384019829993555,9.355784938150805,13.454352,7.9125233,46.32749,80.86795,4,2022-11-27,16.716666666666665,0.0,69.20166666666667,7.614999999999999,1.0,284.8183333333333,2022,11,27,229.0,0,India_2004.csv
2022-11-28,2004,213.0,172.0,32.0,17.0,47.0,6.0,0,0,2,2,2,2,4,4,4.894341113136516,2.040468861985605,11.330352,8.148039,51.305603,53.77333,4,2022-11-28,17.16,0.0,65.38000000000001,4.9366666666666665,1.0,284.18,2022,11,28,213.0,0,India_2004.csv
2022-11-29,2004,230.0,214.0,34.0,21.0,163.0,7.0,0,0,2,2,2,2,3,3,8.246916290525483,15.013663020759507,13.804484,8.147332,38.54303,94.01376,4,2022-11-29,16.933333333333334,0.0,70.335,7.243333333333333,1.0,286.2583333333333,2022,11,29,230.0,0,India_2004.csv
2022-11-30,2004,270.0,166.0,26.0,16.0,48.0,6.0,0,0,0,0,2,2,5,5,5.20426589140609,2.4181672239591343,10.422159,8.438271,58.027157,46.55032,4,2022-11-30,16.654999999999998,0.0,73.44500000000001,7.658333333333334,1.0,288.5083333333333,2022,11,30,270.0,0,India_2004.csv
2022-12-01,2004,229.0,199.0,27.0,15.0,82.0,6.0,0,0,2,2,2,2,4,4,5.266657518715857,6.510009684631977,12.780284,8.161803,52.75795,72.62271,4,2022-12-01,16.61,0.0,75.09666666666666,8.241666666666667,1.0,273.5,2022,12,1,229.0,0,India_2004.csv
2022-12-02,2004,263.0,140.0,30.0,12.0,98.0,4.0,0,0,2,2,2,2,4,4,4.716685852308134,8.253765970924906,13.376229,7.889054,46.35683,80.87147,4,2022-12-02,16.786666666666665,0.0,73.91666666666667,5.861666666666667,1.0,255.27166666666668,2022,12,2,263.0,0,India_2004.csv
2022-12-03,2004,209.0,140.0,33.0,13.0,151.0,4.0,0,0,2,2,2,2,3,3,4.777848422529505,13.97086930628094,14.049133,8.012684,37.893208,93.71368,4,2022-12-03,16.926666666666666,0.0,74.52,5.378333333333333,1.0,255.785,2022,12,3,209.0,0,India_2004.csv
2022-12-04,2004,224.0,192.0,27.0,25.0,185.0,5.0,0,0,2,2,2,2,3,3,8.277231929117221,16.192754940557126,14.0272,8.100234,38.573895,94.517525,4,2022-12-04,16.263333333333332,0.0,74.75666666666667,8.593333333333334,1.0,277.84,2022,12,4,224.0,0,India_2004.csv
2022-12-05,2004,269.0,161.0,26.0,16.0,153.0,6.0,0,0,2,2,2,2,3,3,6.35324657660034,14.328395005523623,13.989315,8.063099,38.167645,93.79377,4,2022-12-05,15.43,0.0,74.14333333333333,7.685,1.0,291.68666666666667,2022,12,5,269.0,0,India_2004.csv
2022-12-06,2004,232.0,169.0,25.0,14.0,65.0,5.0,0,0,2,2,2,2,4,4,4.260637589163827,4.380748099343907,12.005645,8.004682,53.489964,58.576862,4,2022-12-06,16.095,0.0,68.955,13.973333333333334,1.0,286.65833333333336,2022,12,6,232.0,0,India_2004.csv
2022-12-07,2004,240.0,131.0,22.0,10.0,49.0,3.0,0,0,2,2,2,2,4,4,2.535062160472311,2.6418439297643603,10.889617,7.983828,55.048252,47.992344,4,2022-12-07,16.111666666666668,0.0,70.71666666666665,14.433333333333332,1.0,283.06166666666667,2022,12,7,240.0,0,India_2004.csv
2022-12-08,2004,188.0,127.0,33.0,8.0,113.0,3.0,0,0,2,2,2,2,4,4,2.706271848546897,10.187517607329724,13.722696,7.846647,45.76864,81.03788,4,2022-12-08,15.728333333333333,0.0,75.09833333333333,10.488333333333333,1.0,298.45,2022,12,8,188.0,0,India_2004.csv
2022-12-09,2004,186.0,154.0,37.0,12.0,137.0,3.0,0,0,2,2,2,2,3,3,4.504769520141039,12.370023854101428,13.97918,7.964673,37.83276,93.39143,4,2022-12-09,16.241666666666667,0.0,76.90333333333334,7.903333333333333,1.0,296.53333333333336,2022,12,9,186.0,0,India_2004.csv
2022-12-10,2004,211.0,207.0,41.0,14.0,50.0,15.0,0,0,2,2,2,2,10,10,5.681993959126709,5.115328149376122,11.1610985,8.28911,52.751804,39.591465,4,2022-12-10,17.031666666666666,0.0,71.75666666666667,8.683333333333334,1.0,305.27,2022,12,10,211.0,0,India_2004.csv
2022-12-11,2004,266.0,136.0,34.0,8.0,55.0,4.0,0,0,2,2,2,2,4,4,3.6971434247620905,4.09006367095978,11.409012,8.158762,51.492878,51.588207,4,2022-12-11,16.981666666666666,0.0,68.81333333333333,10.338333333333333,1.0,300.3883333333333,2022,12,11,266.0,0,India_2004.csv
2022-12-12,2004,204.0,92.0,27.0,13.0,4.0,2.0,2,2,1,1,0,0,1,1,1.6632815620247194,-3.4759076377742484,7.250199,6.5700216,42.25985,-44.920677,4,2022-12-12,16.606666666666666,0.0,60.885,11.711666666666666,1.0,299.125,2022,12,12,204.0,0,India_2004.csv
2022-12-13,2004,152.0,96.0,28.0,5.0,33.0,3.0,2,2,1,1,0,0,1,1,-0.40250501065627153,1.3247629951495568,10.701315,4.634129,2.1823108,33.77629,4,2022-12-13,16.76833333333333,0.0,55.574999999999996,15.568333333333333,1.0,295.8066666666667,2022,12,13,152.0,0,India_2004.csv
2022-12-14,2004,149.0,97.0,26.0,6.0,58.0,3.0,0,0,2,2,2,2,4,4,-0.095892023077728,3.9713012684482374,12.933019,6.575422,35.693672,66.113434,4,2022-12-14,14.834999999999999,0.0,58.51333333333333,13.31,1.0,289.69,2022,12,14,149.0,0,India_2004.csv
2022-12-15,2004,159.0,103.0,30.0,7.0,33.0,4.0,2,2,1,1,0,0,1,1,0.4100629623779785,1.2619330048046449,10.491963,5.57142,31.5158,-1.4196575,4,2022-12-15,14.469999999999999,0.0,60.419999999999995,12.653333333333334,1.0,282.96166666666664,2022,12,15,159.0,0,India_2004.csv
2022-12-16,2004,163.0,113.0,33.0,8.0,35.0,4.0,0,0,2,2,0,0,1,1,1.1010026012791267,1.3976303940198567,10.572219,5.9976673,32.16441,-0.9755859,4,2022-12-16,13.653333333333334,0.0,71.11,9.273333333333333,1.0,268.68666666666667,2022,12,16,163.0,0,India_2004.csv
2022-12-17,2004,170.0,161.0,34.0,11.0,37.0,4.0,0,0,2,2,0,0,10,10,2.718910233357143,1.3596557702031382,11.3039,7.195875,41.996193,49.403107,4,2022-12-17,13.998333333333335,0.0,73.26333333333334,8.153333333333334,1.0,268.42833333333334,2022,12,17,170.0,0,India_2004.csv
2022-12-18,2004,221.0,220.0,36.0,11.0,34.0,4.0,1,1,0,0,0,0,10,10,4.745566248605114,1.4703438567764535,9.006407,8.646491,65.373085,12.874968,4,2022-12-18,14.101666666666667,0.0,79.65333333333332,7.308333333333334,1.0,302.4683333333333,2022,12,18,221.0,0,India_2004.csv
2022-12-19,2004,296.0,226.0,34.0,11.0,36.0,3.0,1,1,0,0,1,1,5,5,6.087839137836976,1.7095537710834174,8.587389,9.059324,66.37014,10.075027,4,2022-12-19,14.028333333333334,0.0,80.36833333333334,8.111666666666666,1.0,302.015,2022,12,19,296.0,0,India_2004.csv
2022-12-20,2004,309.0,181.0,35.0,9.0,28.0,3.0,1,1,0,0,0,0,5,5,5.170724828126361,0.9778949642738756,8.061362,8.92343,65.15634,8.132598,4,2022-12-20,13.305,0.0,78.33833333333332,8.323333333333332,1.0,295.34833333333336,2022,12,20,309.0,0,India_2004.csv
2022-12-21,2004,257.0,164.0,30.0,8.0,14.0,2.0,1,1,0,0,0,0,5,5,3.1674288886888236,-0.930012635395711,7.452942,8.325024,57.91401,-32.00046,4,2022-12-21,13.136666666666665,0.0,80.88333333333333,7.986666666666667,1.0,337.385,2022,12,21,257.0,0,India_2004.csv
2022-12-22,2004,228.0,196.0,31.0,7.0,15.0,3.0,1,1,0,0,0,0,5,5,3.0573538490301857,-0.34131730054092096,7.84558,8.201679,57.150627,-29.79731,4,2022-12-22,12.525,0.0,81.62166666666666,8.161666666666667,1.0,324.38,2022,12,22,228.0,0,India_2004.csv
2022-12-23,2004,256.0,180.0,32.0,10.0,16.0,3.0,1,1,0,0,0,0,5,5,4.003270740780988,-0.7446835049539131,7.657619,8.401605,58.54775,-31.669546,4,2022-12-23,12.696666666666665,0.0,80.58999999999999,7.723333333333333,1.0,227.81499999999997,2022,12,23,256.0,0,India_2004.csv
2022-12-24,2004,253.0,147.0,30.0,6.0,20.0,4.0,1,1,0,0,0,0,5,5,2.5142213160357274,0.4470797023109612,7.387397,8.403267,57.413506,-32.456818,4,2022-12-24,11.954999999999998,0.0,77.285,11.625,1.0,308.25333333333333,2022,12,24,253.0,0,India_2004.csv
2022-12-25,2004,216.0,147.0,28.0,7.0,17.0,6.0,2,2,1,1,0,0,1,1,1.8716509338392007,0.24446413967743652,8.228207,6.846371,32.76377,-14.584793,4,2022-12-25,10.758333333333333,0.0,82.98666666666666,10.471666666666666,1.0,291.66833333333335,2022,12,25,216.0,0,India_2004.csv
2022-12-26,2004,225.0,168.0,28.0,9.0,8.0,4.0,1,1,0,0,0,0,5,5,2.647176176751547,-1.4396854434442112,7.2225027,7.678401,51.067318,-34.59419,4,2022-12-26,11.125,0.0,84.04333333333334,9.22,1.0,306.945,2022,12,26,225.0,0,India_2004.csv
2022-12-27,2004,246.0,154.0,30.0,8.0,19.0,4.0,1,1,0,0,0,0,5,5,2.888882449931581,-0.004698311223902246,7.489981,8.299348,57.576633,-32.113865,4,2022-12-27,12.025,0.0,78.58999999999999,14.258333333333333,1.0,288.49,2022,12,27,246.0,0,India_2004.csv
2022-12-28,2004,241.0,132.0,31.0,7.0,29.0,4.0,1,1,0,0,0,0,1,1,2.4305013778742106,1.1942589710449563,8.039744,8.415062,62.430534,6.9895787,4,2022-12-28,13.245,0.0,73.81833333333333,14.616666666666667,1.0,282.915,2022,12,28,241.0,0,India_2004.csv
2022-12-29,2004,203.0,167.0,37.0,7.0,29.0,4.0,1,1,0,0,0,0,10,10,2.7583405733370925,1.302895404478368,9.582274,7.154298,40.28673,-8.419692,4,2022-12-29,13.963333333333333,0.0,74.7,8.163333333333334,1.0,179.41166666666666,2022,12,29,203.0,0,India_2004.csv
2022-12-30,2004,225.0,205.0,34.0,9.0,19.0,3.0,1,1,0,0,0,0,5,5,3.8269100838400343,-0.17939387988081146,7.988696,8.358752,57.511818,-29.415663,4,2022-12-30,14.636666666666665,0.0,79.45666666666666,8.110000000000001,1.0,192.92333333333332,2022,12,30,225.0,0,India_2004.csv
2022-12-31,2004,282.0,147.0,29.0,7.0,20.0,4.0,1,1,0,0,0,0,5,5,3.1750791056312737,0.34711531800441847,7.3803515,8.449134,57.519936,-32.64586,4,2022-12-31,12.410000000000002,0.0,82.34666666666668,11.781666666666666,1.0,285.95666666666665,2022,12,31,282.0,0,India_2004.csv
2023-01-01,2004,220.0,119.0,27.0,8.0,30.0,7.0,0,0,2,2,0,0,1,1,1.7806831519004038,1.6321154648025233,10.872658,5.797671,23.011019,41.832626,4,2023-01-01,12.398333333333333,0.0,80.155,5.671666666666667,1.0,275.6933333333333,2023,1,1,220.0,0,India_2004.csv
2023-01-02,2004,185.0,225.0,31.0,9.0,17.0,5.0,1,1,0,0,0,0,1,1,3.1915181125720564,-0.011311004048863505,8.590048,7.9226847,53.186134,10.729701,4,2023-01-02,12.049999999999999,0.0,80.55,3.981666666666667,1.0,219.19833333333335,2023,1,2,225.0,0,India_2004.csv
2023-01-03,2004,328.0,194.0,28.0,6.0,16.0,4.0,1,1,0,0,0,0,5,5,4.471431879787358,0.4231337453168001,6.8899574,9.235826,70.39933,-39.00802,4,2023-01-03,9.963333333333333,0.0,87.515,7.4316666666666675,1.0,304.5133333333333,2023,1,3,328.0,0,India_2004.csv
2023-01-04,2004,293.0,146.0,25.0,6.0,13.0,5.0,1,1,0,0,0,0,5,5,2.7879482703516003,-0.058828381140142876,6.9466014,8.517918,67.3048,-38.949696,4,2023-01-04,9.415,0.0,89.005,8.153333333333334,1.0,311.47166666666664,2023,1,4,293.0,0,India_2004.csv
2023-01-05,2004,234.0,172.0,26.0,9.0,1.0,3.0,1,1,0,0,0,0,5,5,2.6288263633825673,-2.4246267828600625,6.9528813,7.7886653,48.289124,-43.074463,4,2023-01-05,8.656666666666666,0.0,90.23666666666666,7.223333333333334,1.0,293.41,2023,1,5,234.0,0,India_2004.csv
2023-01-06,2004,262.0,267.0,29.0,8.0,1.0,2.0,1,1,0,0,1,1,5,5,4.716465771460402,-1.8985036133936943,7.524108,9.184209,66.43059,-29.45634,4,2023-01-06,8.15,0.0,88.65666666666668,6.656666666666666,1.0,307.25166666666667,2023,1,6,267.0,0,India_2004.csv
2023-01-07,2004,318.0,218.0,28.0,9.0,16.0,3.0,1,1,0,0,1,1,5,5,5.2670667644848885,-0.23540179382225657,7.1963778,9.4399605,70.41586,-33.31109,4,2023-01-07,8.491666666666667,0.0,88.375,9.415000000000001,1.0,291.96000000000004,2023,1,7,318.0,0,India_2004.csv
2023-01-08,2004,267.0,210.0,34.0,11.0,32.4,2.0,1,1,0,0,0,0,5,5,5.231851224292563,0.9193605495204195,8.5556555,8.891403,64.69898,9.922516,4,2023-01-08,10.256666666666668,0.0,88.86166666666668,8.323333333333332,1.0,267.3933333333333,2023,1,8,267.0,0,India_2004.csv
2023-01-09,2004,297.0,354.0,40.0,14.0,2.0,3.0,1,1,0,0,1,1,2,2,8.858131622037023,-2.008187679148326,8.296545,10.313945,88.94582,-10.102628,4,2023-01-09,11.305,0.0,90.19666666666666,5.5616666666666665,1.0,303.79,2023,1,9,354.0,0,India_2004.csv
2023-01-10,2004,414.0,207.0,31.0,11.0,7.0,2.0,1,1,0,0,1,1,5,5,7.370797846435802,-1.5811501120370324,7.0095825,10.172082,90.19957,-30.757132,4,2023-01-10,11.266666666666666,0.0,90.575,9.27,1.0,292.7666666666667,2023,1,10,414.0,0,India_2004.csv
2023-01-11,2004,289.0,159.0,35.0,7.0,7.0,3.0,1,1,0,0,0,0,5,5,3.7891356962681813,-1.22297927758574,7.212845,8.586089,63.452618,-32.80767,4,2023-01-11,12.541666666666666,0.0,85.56166666666667,8.665000000000001,1.0,167.02,2023,1,11,289.0,0,India_2004.csv
2023-01-12,2004,232.0,164.0,34.0,9.0,11.0,2.0,1,1,0,0,0,0,5,5,3.1748617982135827,-1.4876347918331376,7.745372,7.8748775,53.191826,-30.498566,4,2023-01-12,14.31,0.0,82.55,10.844999999999999,1.0,127.675,2023,1,12,232.0,0,India_2004.csv
2023-01-13,2004,253.0,170.0,36.0,8.0,13.0,2.0,1,1,0,0,0,0,5,5,3.63713902909617,-0.9782007128295226,7.6510134,8.116964,53.85652,-30.525042,4,2023-01-13,13.94,0.0,88.37666666666667,10.299999999999999,1.0,196.785,2023,1,13,253.0,0,India_2004.csv
2023-01-14,2004,268.0,131.0,29.0,6.0,21.0,2.0,1,1,0,0,0,0,5,5,2.43597111197731,0.08056750877253215,7.434687,8.420409,57.417667,-32.592247,4,2023-01-14,11.118333333333334,0.0,75.26333333333334,13.583333333333334,1.0,296.5133333333333,2023,1,14,268.0,0,India_2004.csv
2023-01-15,2004,216.0,93.0,27.0,6.0,28.0,2.0,2,2,1,1,0,0,1,1,0.7824593482295784,0.5242944275744628,8.489891,6.194351,35.26108,-10.144556,4,2023-01-15,8.955,0.0,66.30333333333333,11.676666666666668,1.0,294.445,2023,1,15,216.0,0,India_2004.csv
2023-01-16,2004,153.0,123.0,31.0,8.0,30.0,4.0,2,2,1,1,0,0,1,1,0.8679418584616079,0.833113917968143,10.113298,5.585063,31.397644,-1.9615961,4,2023-01-16,8.813333333333334,0.0,68.645,9.575000000000001,1.0,298.2083333333333,2023,1,16,153.0,0,India_2004.csv
2023-01-17,2004,191.0,126.0,32.0,8.0,38.0,2.0,0,0,2,2,0,0,1,1,1.7621136189437485,1.4377678633598898,11.080699,7.093883,46.49003,51.23141,4,2023-01-17,8.806666666666667,0.0,67.535,9.906666666666666,1.0,298.29,2023,1,17,191.0,0,India_2004.csv
2023-01-18,2004,197.0,166.0,36.0,11.0,43.0,3.0,0,0,2,2,0,0,10,10,3.509430573915943,1.9415750052059904,11.258457,7.5499578,45.26289,50.809242,4,2023-01-18,9.738333333333333,0.0,66.67166666666667,8.146666666666667,1.0,300.6666666666667,2023,1,18,197.0,0,India_2004.csv
2023-01-19,2004,233.0,201.0,46.0,11.0,43.0,6.0,1,1,0,0,0,0,10,10,5.554747049804828,2.952740355889494,9.477537,8.58774,65.190544,14.101119,4,2023-01-19,13.14,0.0,66.88166666666666,7.861666666666667,1.0,184.4466666666667,2023,1,19,233.0,0,India_2004.csv
2023-01-20,2004,261.0,103.0,30.0,5.0,30.0,3.0,2,2,1,1,0,0,1,1,1.845024935641926,1.3495183561565278,7.829063,8.442882,63.17559,6.6624947,4,2023-01-20,13.424999999999999,0.0,74.61166666666666,9.746666666666666,1.0,285.88166666666666,2023,1,20,261.0,0,India_2004.csv
2023-01-21,2004,163.0,147.0,32.0,7.0,69.0,7.0,0,0,2,2,2,2,4,4,1.8295753956351717,6.253512460551141,13.195783,7.147764,40.22337,73.23321,4,2023-01-21,13.388333333333334,0.0,79.13,6.028333333333333,1.0,226.11166666666668,2023,1,21,163.0,0,India_2004.csv
2023-01-22,2004,217.0,157.0,35.0,8.0,61.0,5.0,0,0,2,2,2,2,4,4,3.297097380725915,4.959571228045449,12.23129,7.5882483,47.917347,56.010292,4,2023-01-22,14.408333333333333,0.0,69.70666666666666,7.906666666666666,1.0,93.52666666666666,2023,1,22,217.0,0,India_2004.csv
2023-01-23,2004,240.0,179.0,34.0,11.0,48.0,5.0,0,0,2,2,2,2,4,4,4.454071234291724,3.1196833271983113,11.080651,8.032171,50.40051,50.161236,4,2023-01-23,16.011666666666667,0.0,68.11833333333333,5.676666666666667,1.0,132.51,2023,1,23,240.0,0,India_2004.csv
2023-01-24,2004,211.0,111.0,30.0,7.0,19.0,7.0,2,2,1,1,0,0,1,1,1.3802331012821463,0.5162737031693168,8.626844,6.745108,31.99282,-14.172342,4,2023-01-24,16.923333333333332,0.0,84.11833333333333,11.799999999999999,1.0,129.715,2023,1,24,211.0,0,India_2004.csv
2023-01-25,2004,166.0,102.0,27.0,7.0,15.0,3.0,2,2,1,1,0,0,1,1,0.06569992502737379,-1.011781925448231,8.628344,4.886014,29.517918,-20.074278,4,2023-01-25,16.298333333333332,0.0,83.95666666666666,6.238333333333333,1.0,260.705,2023,1,25,166.0,0,India_2004.csv
2023-01-26,2004,174.0,122.0,25.0,6.0,25.0,3.0,2,2,1,1,0,0,1,1,0.30721396023359077,0.40603058324989455,10.138761,4.532663,3.287088,28.682602,4,2023-01-26,13.284999999999998,0.0,77.715,13.295,1.0,305.32666666666665,2023,1,26,174.0,0,India_2004.csv
2023-01-27,2004,202.0,94.0,25.0,5.0,71.0,19.0,0,0,2,2,2,2,4,4,0.9470682929224084,9.256606958287671,13.169271,6.944841,41.92352,69.23849,4,2023-01-27,12.021666666666667,0.0,68.84,14.020000000000001,1.0,295.1983333333333,2023,1,27,202.0,0,India_2004.csv
2023-01-28,2004,164.0,113.0,31.0,7.0,86.0,65.0,0,0,2,2,2,2,11,11,2.2653776385310307,20.704211647412663,13.0397835,9.253383,0.100759536,71.25047,4,2023-01-28,13.005,0.0,72.75833333333334,9.25,1.0,250.41666666666666,2023,1,28,164.0,0,India_2004.csv
2023-01-29,2004,177.0,136.0,36.0,9.0,10.0,51.0,0,0,2,2,0,0,11,11,2.556000883040295,8.838630013590357,12.999504,9.234066,0.3023814,69.83109,4,2023-01-29,12.901666666666666,0.0,87.14999999999999,9.145,1.0,133.66,2023,1,29,177.0,0,India_2004.csv
2023-01-30,2004,221.0,70.0,29.0,7.0,15.0,56.0,0,0,2,2,0,0,11,11,1.486316316688668,10.602359749791216,13.028227,9.256977,0.36981985,70.26351,4,2023-01-30,12.943333333333333,0.0,88.13666666666666,8.631666666666666,1.0,173.66833333333332,2023,1,30,221.0,0,India_2004.csv
2023-01-31,2004,141.0,77.0,23.0,6.0,26.0,45.0,0,0,2,2,2,2,11,11,-0.566680462685155,9.377087204992819,13.031729,9.2565775,-0.32504758,69.90716,4,2023-01-31,14.131666666666668,0.0,82.75666666666666,15.6,1.0,296.4633333333333,2023,1,31,141.0,0,India_2004.csv
2023-02-01,2004,152.0,89.0,26.0,6.0,41.0,27.0,0,0,2,2,2,2,11,11,-0.022744092102554302,7.258823043978994,11.522209,6.767665,2.0372899,64.8032,4,2023-02-01,13.748333333333333,0.0,72.84833333333334,15.618333333333334,1.0,291.3016666666667,2023,2,1,152.0,0,India_2004.csv
2023-02-02,2004,155.0,95.0,30.0,6.0,58.0,2.0,0,0,2,2,2,2,4,4,0.2725594690870616,3.7919964211667194,12.681315,6.76797,36.754494,64.637764,4,2023-02-02,14.565,0.0,68.49499999999999,14.448333333333332,1.0,290.81333333333333,2023,2,2,155.0,0,India_2004.csv
2023-02-03,2004,151.0,103.0,31.0,8.0,65.0,2.0,0,0,2,2,2,2,4,4,0.8905009983890807,4.2712827497077415,12.828113,6.863503,37.587456,66.00358,4,2023-02-03,15.033333333333333,0.0,69.125,11.709999999999999,1.0,285.1433333333333,2023,2,3,151.0,0,India_2004.csv
2023-02-04,2004,160.0,132.0,33.0,7.0,64.0,2.0,0,0,2,2,2,2,4,4,1.4719346888775142,4.517200708333936,12.824789,7.049767,38.533447,66.08023,4,2023-02-04,15.901666666666666,0.0,67.41,13.445,1.0,284.835,2023,2,4,160.0,0,India_2004.csv
2023-02-05,2004,190.0,105.0,32.0,7.0,62.0,3.0,0,0,2,2,2,2,4,4,1.4990963266950017,4.4556782752510165,12.639418,7.0289063,38.31628,65.03246,4,2023-02-05,16.915000000000003,0.0,63.82666666666666,8.771666666666667,1.0,241.87666666666667,2023,2,5,190.0,0,India_2004.csv
2023-02-06,2004,161.0,123.0,35.0,11.0,41.0,3.0,0,0,2,2,0,0,1,1,2.039071907056128,1.3919763812589228,11.443472,7.117611,40.70666,52.99166,4,2023-02-06,17.706666666666667,0.0,75.165,7.253333333333333,1.0,176.14333333333335,2023,2,6,161.0,0,India_2004.csv
2023-02-07,2004,180.0,118.0,25.0,6.0,43.0,3.0,0,0,2,2,0,0,7,7,0.5668419160054801,2.4503120693218836,11.633219,5.3463755,28.600212,50.359,4,2023-02-07,16.383333333333333,0.0,65.41333333333334,13.051666666666668,1.0,298.125,2023,2,7,180.0,0,India_2004.csv
2023-02-08,2004,161.0,91.0,24.0,7.0,64.0,3.0,0,0,2,2,2,2,4,4,0.14740547212936755,4.466977604027537,13.131325,6.675626,35.76929,67.64801,4,2023-02-08,15.506666666666666,0.0,60.376666666666665,11.35,1.0,292.6383333333333,2023,2,8,161.0,0,India_2004.csv
2023-02-09,2004,137.0,101.0,33.0,7.0,52.0,4.0,0,0,2,2,2,2,4,4,0.4251036345240204,3.372465303552377,12.3627825,6.7188435,35.14275,61.616066,4,2023-02-09,17.908333333333335,0.0,66.70666666666666,10.719999999999999,1.0,185.02,2023,2,9,137.0,0,India_2004.csv
2023-02-10,2004,157.0,111.0,36.0,6.0,39.0,4.0,0,0,2,2,0,0,1,1,0.8321480328746567,2.201137691379324,11.232214,6.284829,33.85259,58.0272,4,2023-02-10,18.775,0.0,71.22833333333334,8.056666666666667,1.0,143.97166666666666,2023,2,10,157.0,0,India_2004.csv
2023-02-11,2004,160.0,143.0,32.0,7.0,67.0,4.0,0,0,2,2,2,2,4,4,1.640880074140413,5.341578066582042,12.98551,7.1125736,38.864906,66.633965,4,2023-02-11,18.138333333333332,0.0,61.00666666666667,10.141666666666667,1.0,283.695,2023,2,11,160.0,0,India_2004.csv
2023-02-12,2004,195.0,94.0,21.0,5.0,46.0,3.0,0,0,2,2,2,2,7,7,-0.018749515991351114,2.8617718334294393,12.230012,4.5631547,13.019398,55.463337,4,2023-02-12,15.438333333333333,0.0,42.61,16.6,1.0,299.0,2023,2,12,195.0,0,India_2004.csv
2023-02-13,2004,142.0,92.0,22.0,5.0,37.0,3.0,2,2,1,1,3,3,7,7,-1.0627023276909384,1.68323936194469,11.475844,4.067402,0.5394025,36.910923,4,2023-02-13,15.358333333333334,0.0,36.18,21.444999999999997,1.0,290.90000000000003,2023,2,13,142.0,0,India_2004.csv
2023-02-14,2004,113.0,90.0,25.0,5.0,41.0,3.0,2,2,1,1,3,3,7,7,-1.3556214701744544,2.068133355541096,11.889293,4.234036,5.678616,49.231537,4,2023-02-14,16.801666666666666,0.0,49.251666666666665,13.648333333333333,1.0,296.66,2023,2,14,113.0,0,India_2004.csv
2023-02-15,2004,132.0,110.0,27.0,6.0,44.0,2.0,0,0,2,2,2,2,7,7,-0.3023465195414822,2.1830593545052612,11.982624,5.5162444,29.808552,57.499245,4,2023-02-15,18.251666666666665,0.0,58.975,13.793333333333335,1.0,296.63000000000005,2023,2,15,132.0,0,India_2004.csv
2023-02-16,2004,162.0,151.0,34.0,10.0,42.0,4.0,0,0,2,2,0,0,1,1,2.2659258735320025,2.032103251403527,11.415914,7.1545115,41.451767,49.510357,4,2023-02-16,18.628333333333334,0.0,72.76,6.375,1.0,290.9583333333333,2023,2,16,162.0,0,India_2004.csv
2023-02-17,2004,195.0,192.0,41.0,12.0,46.0,4.0,0,0,2,2,0,0,10,10,4.53047727236304,2.4864226431184253,11.223101,7.6209607,44.48371,50.87789,4,2023-02-17,19.513333333333332,0.0,76.97166666666666,5.796666666666667,1.0,237.16,2023,2,17,195.0,0,India_2004.csv
2023-02-18,2004,238.0,173.0,36.0,8.0,68.0,3.0,0,0,2,2,2,2,4,4,4.077910338468373,5.464776361052699,12.221448,7.659416,48.115448,56.00181,4,2023-02-18,19.843333333333334,0.0,75.46666666666667,6.245,1.0,270.56166666666667,2023,2,18,238.0,0,India_2004.csv
2023-02-19,2004,226.0,142.0,32.0,7.0,59.0,3.0,0,0,2,2,2,2,4,4,2.735445551107752,4.399558055810473,12.237811,7.47948,47.867096,56.01509,4,2023-02-19,20.805,0.0,71.12333333333333,5.921666666666667,1.0,161.485,2023,2,19,226.0,0,India_2004.csv
2023-02-20,2004,203.0,146.0,33.0,8.0,37.0,3.0,0,0,2,2,0,0,1,1,2.3906750308378357,1.6832408969464876,11.060843,7.3018146,46.5852,50.65102,4,2023-02-20,22.856666666666666,0.0,60.403333333333336,7.771666666666667,1.0,158.87666666666667,2023,2,20,203.0,0,India_2004.csv
2023-02-21,2004,191.0,130.0,28.0,6.0,45.0,3.0,0,0,2,2,2,2,4,4,1.2193459418824584,2.792048413384959,11.92341,6.1811748,28.761854,50.66468,4,2023-02-21,21.293333333333333,0.0,62.195,8.223333333333333,1.0,234.32000000000002,2023,2,21,191.0,0,India_2004.csv
2023-02-22,2004,180.0,134.0,27.0,7.0,40.0,3.0,0,0,2,2,0,0,1,1,1.1463833189183805,2.0273037219184986,11.60057,5.475117,28.513935,49.929253,4,2023-02-22,20.7,0.0,58.504999999999995,8.85,1.0,326.7,2023,2,22,180.0,0,India_2004.csv
2023-02-23,2004,186.0,102.0,26.0,5.0,32.0,3.0,2,2,1,1,0,0,1,1,0.16034176428279204,1.3229218182593716,10.647249,4.826715,3.5021288,31.154598,4,2023-02-23,19.896666666666665,0.0,50.89333333333334,12.728333333333333,1.0,289.3066666666667,2023,2,23,186.0,0,India_2004.csv
2023-02-24,2004,145.0,105.0,28.0,7.0,44.0,3.0,0,0,2,2,0,0,7,7,0.14771013321296536,2.2470417715491107,11.934616,5.871847,30.454613,57.400314,4,2023-02-24,20.028333333333332,0.0,51.696666666666665,10.481666666666667,1.0,282.46666666666664,2023,2,24,145.0,0,India_2004.csv
2023-02-25,2004,156.0,128.0,32.0,10.0,52.0,3.0,0,0,2,2,2,2,4,4,1.7300687823107677,2.804612290981917,12.27068,6.980893,41.01292,59.9895,4,2023-02-25,21.48,0.0,55.33833333333333,6.786666666666666,1.0,222.36166666666668,2023,2,25,156.0,0,India_2004.csv
2023-02-26,2004,179.0,147.0,35.0,9.0,97.0,3.0,0,0,2,2,2,2,4,4,3.0301909414032013,8.279993217757777,13.423791,7.759879,45.35474,80.23631,4,2023-02-26,22.02333333333333,0.0,52.56333333333333,7.760000000000001,1.0,189.47833333333332,2023,2,26,179.0,0,India_2004.csv
2023-02-27,2004,203.0,127.0,34.0,7.0,73.0,3.0,0,0,2,2,2,2,4,4,2.3832988017268586,5.867292762907409,12.8093195,7.326754,39.85919,66.66971,4,2023-02-27,22.296666666666667,0.0,50.145,8.47,1.0,283.7366666666667,2023,2,27,203.0,0,India_2004.csv
2023-02-28,2004,170.0,110.0,31.0,7.0,31.0,3.0,2,2,1,1,0,0,1,1,0.7659983083990539,0.8897832604337937,10.446661,5.6883745,31.759611,-1.2163783,4,2023-02-28,21.72666666666667,0.0,50.38666666666666,8.156666666666666,1.0,184.18833333333336,2023,2,28,170.0,0,India_2004.csv
2023-03-01,2004,154.0,100.0,32.0,10.0,25.0,3.0,2,2,1,1,0,0,1,1,0.9130771846881998,-0.4075644335692267,9.3130455,6.012803,37.071304,-5.9937515,4,2023-03-01,22.118333333333336,0.0,50.16833333333333,9.549999999999999,1.0,134.92333333333332,2023,3,1,154.0,0,India_2004.csv
2023-03-02,2004,135.0,110.0,30.0,7.0,26.0,4.0,2,2,1,1,0,0,1,1,-0.0024631176522400917,0.4307642475668147,9.387941,5.13611,29.282877,-7.8847494,4,2023-03-02,22.651666666666667,0.0,53.428333333333335,9.708333333333334,1.0,306.31333333333333,2023,3,2,135.0,0,India_2004.csv
2023-03-03,2004,161.0,90.0,24.0,6.0,43.0,3.0,0,0,2,2,0,0,7,7,-0.3195329392456504,2.250583732338128,11.917333,4.940601,27.011345,57.80774,4,2023-03-03,23.046666666666667,0.0,54.05833333333334,12.38,1.0,298.9633333333333,2023,3,3,161.0,0,India_2004.csv
2023-03-04,2004,142.0,89.0,27.0,9.0,71.0,5.0,0,0,2,2,2,2,4,4,0.5057520592408364,5.307468386161006,13.353929,6.9326735,37.32037,75.93684,4,2023-03-04,22.346666666666664,0.0,56.803333333333335,11.383333333333333,1.0,306.17333333333335,2023,3,4,142.0,0,India_2004.csv
2023-03-05,2004,123.0,87.0,26.0,8.0,83.0,3.0,0,0,2,2,2,2,4,4,-0.04180237892792396,6.3374377112041325,13.660657,7.0871086,38.364567,79.34076,4,2023-03-05,22.551666666666666,0.0,49.595,13.028333333333334,1.0,303.49333333333334,2023,3,5,123.0,0,India_2004.csv
2023-03-06,2004,141.0,83.0,24.0,7.0,55.0,4.0,0,0,2,2,2,2,4,4,-0.4460537022181514,3.5655415392204795,12.961859,6.0369115,34.528942,66.443794,4,2023-03-06,21.758333333333336,0.0,50.169999999999995,11.346666666666666,1.0,294.3016666666667,2023,3,6,141.0,0,India_2004.csv
2023-03-07,2004,133.0,91.0,30.0,10.0,63.0,4.0,0,0,2,2,2,2,4,4,0.6915581702657717,4.010760054135059,12.916961,6.791006,37.18236,66.38883,4,2023-03-07,22.086666666666662,0.0,49.425000000000004,7.723333333333334,1.0,283.99833333333333,2023,3,7,133.0,0,India_2004.csv
2023-03-08,2004,143.0,108.0,31.0,9.0,156.0,3.0,0,0,2,2,2,2,3,3,2.122553883098699,14.661175662315918,14.258789,7.914978,37.376358,94.15714,4,2023-03-08,21.266666666666666,0.0,57.61666666666667,8.226666666666667,1.0,224.39,2023,3,8,156.0,0,India_2004.csv
2023-03-09,2004,166.0,84.0,24.0,8.0,73.0,3.0,0,0,2,2,2,2,4,4,0.4329738166819356,5.29449819991198,13.337453,6.9748344,37.443348,75.832596,4,2023-03-09,21.349999999999998,0.0,60.699999999999996,8.958333333333334,1.0,255.9466666666667,2023,3,9,166.0,0,India_2004.csv
2023-03-10,2004,134.0,104.0,27.0,9.0,74.0,3.0,0,0,2,2,2,2,4,4,0.6099731638875336,5.261063986653306,13.46703,6.9992933,37.346405,76.625595,4,2023-03-10,22.968333333333334,0.0,54.458333333333336,9.063333333333333,1.0,286.4266666666667,2023,3,10,134.0,0,India_2004.csv
2023-03-11,2004,161.0,97.0,29.0,10.0,83.0,3.0,0,0,2,2,2,2,4,4,1.4548955224407103,6.168236298879175,13.41308,7.449674,42.50458,78.57887,4,2023-03-11,23.683333333333334,0.0,51.406666666666666,7.659999999999999,1.0,288.18,2023,3,11,161.0,0,India_2004.csv
2023-03-12,2004,150.0,104.0,35.0,9.0,85.0,4.0,0,0,2,2,2,2,4,4,1.6611588474609416,6.840502750794509,13.307035,7.594451,42.07979,78.28926,4,2023-03-12,24.801666666666666,0.0,47.723333333333336,6.993333333333333,1.0,217.83333333333334,2023,3,12,150.0,0,India_2004.csv
2023-03-13,2004,151.0,116.0,29.0,10.0,82.0,4.0,0,0,2,2,2,2,4,4,1.583935805826962,6.337138920372201,13.382572,7.49832,42.54045,78.466606,4,2023-03-13,24.224999999999998,0.0,50.50833333333333,8.246666666666668,1.0,272.27833333333336,2023,3,13,151.0,0,India_2004.csv
2023-03-14,2004,161.0,112.0,27.0,9.0,76.0,3.0,0,0,2,2,2,2,4,4,1.2642398889774127,5.605716350145857,13.410569,7.2563825,37.847534,76.394936,4,2023-03-14,24.474999999999998,0.0,46.94166666666666,10.461666666666668,1.0,282.9166666666667,2023,3,14,161.0,0,India_2004.csv
2023-03-15,2004,160.0,111.0,31.0,12.0,84.0,4.0,0,0,2,2,2,2,4,4,2.2460723606989315,6.230108175397059,13.340487,7.5697346,43.109478,78.370285,4,2023-03-15,25.275000000000002,0.0,41.464999999999996,7.145,1.0,188.41833333333332,2023,3,15,160.0,0,India_2004.csv
2023-03-16,2004,151.0,133.0,34.0,9.0,67.0,4.0,0,0,2,2,2,2,4,4,1.8643670213346768,4.930612915400239,12.969328,7.171414,38.75414,66.599625,4,2023-03-16,24.855,0.0,44.751666666666665,9.091666666666667,1.0,173.86,2023,3,16,151.0,0,India_2004.csv
2023-03-17,2004,164.0,141.0,36.0,11.0,69.0,4.0,0,0,2,2,2,2,4,4,2.8134693459014524,4.898649965820299,13.032271,7.3879123,43.289406,75.42824,4,2023-03-17,22.626666666666665,0.0,60.14666666666667,7.006666666666667,1.0,139.73333333333332,2023,3,17,164.0,0,India_2004.csv
2023-03-18,2004,176.0,85.0,28.0,9.0,19.0,2.0,2,2,1,1,0,0,1,1,0.4826926294516535,-1.1738748921930209,8.851344,5.1394377,30.408104,-20.669455,4,2023-03-18,19.913333333333334,0.0,79.17333333333333,8.445,1.0,70.81833333333334,2023,3,18,176.0,0,India_2004.csv
2023-03-19,2004,151.0,90.0,23.0,9.0,56.0,3.0,0,0,2,2,2,2,4,4,0.17600378541138623,3.1636436935103447,12.878441,5.878878,35.24207,67.2367,4,2023-03-19,20.143333333333334,0.0,82.83333333333333,6.293333333333333,1.0,159.92666666666665,2023,3,19,151.0,0,India_2004.csv
2023-03-20,2004,156.0,74.0,23.0,8.0,36.0,3.0,2,2,1,1,0,0,7,7,-0.43229970610427065,1.0021742513597098,11.145332,4.418414,0.6901678,31.526518,4,2023-03-20,18.463333333333335,0.0,86.745,7.505,1.0,152.48333333333332,2023,3,20,156.0,0,India_2004.csv
2023-03-21,2004,115.0,58.0,21.0,9.0,53.0,3.0,0,0,2,2,2,2,7,7,-1.2022560897313235,2.546104940631405,13.703772,4.264104,5.3176513,86.98598,4,2023-03-21,18.25,0.0,83.93166666666667,6.928333333333334,1.0,140.92499999999998,2023,3,21,115.0,0,India_2004.csv
2023-03-22,2004,108.0,102.0,24.0,10.0,61.0,2.0,0,0,2,2,2,2,4,4,-0.10098396649437066,3.2793394453350917,13.525974,4.989142,22.609575,73.67225,4,2023-03-22,19.906666666666666,0.0,74.66166666666668,6.213333333333334,1.0,257.23333333333335,2023,3,22,108.0,0,India_2004.csv
2023-03-23,2004,162.0,83.0,23.0,8.0,42.0,2.0,0,0,2,2,0,0,7,7,-0.11710454758630642,1.5268705261694298,12.058967,5.4428225,28.136734,55.672813,4,2023-03-23,22.115,0.0,61.81666666666666,7.954999999999999,1.0,273.3933333333334,2023,3,23,162.0,0,India_2004.csv
2023-03-24,2004,125.0,106.0,28.0,12.0,26.0,4.0,2,2,1,1,0,0,1,1,0.5979923142501598,-0.5136491218473613,9.017702,5.0829906,25.973959,-5.344742,4,2023-03-24,21.161666666666665,0.0,75.52833333333334,10.533333333333333,1.0,116.40833333333335,2023,3,24,125.0,0,India_2004.csv
2023-03-25,2004,148.0,49.0,22.0,8.0,32.0,2.0,2,2,1,1,3,3,7,7,-1.1282855586909377,0.17541660771063464,10.537728,4.2212024,6.591693,24.990814,4,2023-03-25,21.205000000000002,0.0,76.38666666666667,8.841666666666667,1.0,132.37333333333333,2023,3,25,148.0,0,India_2004.csv
2023-03-26,2004,82.0,111.0,24.0,8.0,40.0,3.0,2,2,1,1,3,3,7,7,-1.07105103741616,1.4312432090378413,12.899429,3.563436,2.4909792,84.56976,4,2023-03-26,21.49,0.0,60.66166666666667,10.058333333333334,1.0,318.1033333333333,2023,3,26,111.0,0,India_2004.csv
2023-03-27,2004,143.0,79.0,22.0,7.0,49.0,3.0,0,0,2,2,2,2,7,7,-0.7130443459153623,2.634949721002628,13.070264,4.597528,6.856352,78.99704,4,2023-03-27,20.865,0.0,64.105,10.793333333333335,1.0,303.645,2023,3,27,143.0,0,India_2004.csv
2023-03-28,2004,123.0,111.0,25.0,8.0,47.0,3.0,0,0,2,2,2,2,7,7,-0.15318757772286407,2.353799435285193,12.136641,5.498727,28.674213,57.668785,4,2023-03-28,22.103333333333335,0.0,60.51333333333333,9.79,1.0,222.875,2023,3,28,123.0,0,India_2004.csv
2023-03-29,2004,135.0,99.0,27.0,9.0,68.0,3.0,0,0,2,2,2,2,4,4,0.47516031970098693,4.5573992520499,13.331745,6.8775015,37.14211,76.312004,4,2023-03-29,23.505,0.0,55.98166666666666,7.453333333333333,1.0,147.79666666666665,2023,3,29,135.0,0,India_2004.csv
2023-03-30,2004,142.0,96.0,25.0,9.0,51.0,3.0,0,0,2,2,2,2,4,4,0.20077142401948575,2.6143504004382296,12.650714,5.807324,37.840237,62.465393,4,2023-03-30,21.849999999999998,0.0,74.45166666666667,9.395,1.0,200.73666666666668,2023,3,30,142.0,0,India_2004.csv
2023-03-31,2004,143.0,49.0,24.0,8.0,33.0,3.0,2,2,1,1,3,3,7,7,-1.0418114823072662,0.5093316896978427,10.394503,4.248891,6.603284,24.990522,4,2023-03-31,19.261666666666667,0.0,83.52166666666666,5.420000000000001,1.0,189.81333333333336,2023,3,31,143.0,0,India_2004.csv
2023-04-01,2004,78.0,62.0,24.0,7.0,52.0,3.0,0,0,2,2,2,2,7,7,-2.0056970843971698,2.720666585418354,13.590293,3.9505138,3.4694371,84.21411,4,2023-04-01,20.511666666666667,0.0,79.22,4.673333333333333,1.0,150.01,2023,4,1,78.0,0,India_2004.csv
2023-04-02,2004,104.0,73.0,24.0,9.0,89.0,2.0,0,0,2,2,2,2,4,4,-0.5175847728006049,6.48548133824085,13.760944,7.0785513,38.12491,79.911476,4,2023-04-02,22.128333333333334,0.0,68.62666666666667,8.741666666666667,1.0,233.04833333333332,2023,4,2,104.0,0,India_2004.csv
2023-04-03,2004,107.0,92.0,30.0,14.0,48.0,6.0,0,0,2,2,2,2,4,4,0.8805069183728249,1.968536958846571,11.983248,6.661096,34.97791,53.601658,4,2023-04-03,23.32166666666667,0.0,60.98,8.453333333333333,1.0,125.69166666666666,2023,4,3,107.0,0,India_2004.csv
2023-04-04,2004,138.0,67.0,48.0,8.0,43.0,3.0,0,0,2,2,0,0,10,10,1.1087771486068037,1.9108135456139361,11.399955,7.75108,38.598507,54.860165,4,2023-04-04,22.09,0.0,61.875,10.281666666666666,1.0,269.8933333333333,2023,4,4,138.0,0,India_2004.csv
2023-04-05,2004,98.0,83.0,45.0,8.0,57.0,3.0,0,0,2,2,2,2,4,4,0.5689858760177038,3.4408636155901813,11.638328,7.635764,39.238613,55.294685,4,2023-04-05,23.223333333333333,0.0,46.64333333333334,11.214999999999998,1.0,290.93666666666667,2023,4,5,98.0,0,India_2004.csv
2023-04-06,2004,108.0,90.0,48.0,7.0,48.0,3.0,0,0,2,2,2,2,10,10,0.7895124781433994,2.6806850396908133,11.496487,7.765242,38.951824,55.044666,4,2023-04-06,24.25,0.0,40.54833333333333,12.39,1.0,320.6466666666667,2023,4,6,108.0,0,India_2004.csv
2023-04-07,2004,99.0,87.0,51.0,7.0,45.0,4.0,0,0,2,2,0,0,10,10,0.7814717725928843,2.5415660791730605,11.241884,8.212822,79.44596,32.21523,4,2023-04-07,24.748333333333335,0.0,34.14,12.616666666666667,1.0,306.7033333333333,2023,4,7,99.0,0,India_2004.csv
2023-04-08,2004,111.0,89.0,47.0,8.0,62.0,3.0,0,0,2,2,2,2,4,4,1.1196652616778013,4.09220147591709,11.673748,7.673822,39.340607,55.31331,4,2023-04-08,25.26833333333333,0.0,31.113333333333333,10.716666666666667,1.0,269.11333333333334,2023,4,8,111.0,0,India_2004.csv
2023-04-09,2004,124.0,117.0,59.0,10.0,60.0,4.0,0,0,2,2,2,2,10,10,3.125619342034562,4.001565212238155,11.194554,8.695746,81.05263,32.027557,4,2023-04-09,26.525000000000002,0.0,28.271666666666665,9.223333333333334,1.0,261.71,2023,4,9,124.0,0,India_2004.csv
2023-04-10,2004,148.0,108.0,61.0,9.0,111.0,5.0,0,0,2,2,2,2,4,4,3.995314472835058,10.236068911720894,12.593931,8.293765,51.56389,77.31344,4,2023-04-10,26.838333333333335,0.0,28.063333333333333,9.728333333333333,1.0,290.035,2023,4,10,148.0,0,India_2004.csv
2023-04-11,2004,142.0,160.0,58.0,11.0,60.0,5.0,0,0,2,2,2,2,10,10,4.302114052061874,4.298495258323388,11.198422,8.690957,81.87626,32.078106,4,2023-04-11,28.811666666666667,0.0,25.286666666666665,14.99,1.0,298.54833333333335,2023,4,11,160.0,0,India_2004.csv
2023-04-12,2004,182.0,128.0,59.0,8.0,44.0,4.0,0,0,2,2,0,0,10,10,3.786890054046521,2.756216839403337,10.906629,8.636654,79.38087,31.06035,4,2023-04-12,29.290000000000003,0.0,29.016666666666666,14.87,1.0,277.04,2023,4,12,182.0,0,India_2004.csv
2023-04-13,2004,140.0,125.0,60.0,8.0,42.0,4.0,0,0,2,2,0,0,10,10,3.0133078608848516,2.400498383046429,10.980998,8.706717,79.81777,31.094576,4,2023-04-13,29.918333333333333,0.0,26.326666666666668,12.478333333333333,1.0,290.0566666666667,2023,4,13,140.0,0,India_2004.csv
2023-04-14,2004,143.0,127.0,62.0,8.0,44.0,4.0,0,0,2,2,0,0,10,10,3.277793639620134,2.6622658760074778,10.9925165,8.708166,79.931915,31.122585,4,2023-04-14,29.981666666666666,0.0,26.505,10.178333333333333,1.0,282.74833333333333,2023,4,14,143.0,0,India_2004.csv
2023-04-15,2004,148.0,128.0,65.0,9.0,51.0,3.0,0,0,2,2,0,0,10,10,3.8846513457546945,3.1065883189986776,11.077489,8.727392,80.42109,31.409855,4,2023-04-15,31.52,0.0,22.198333333333334,8.293333333333333,1.0,224.875,2023,4,15,148.0,0,India_2004.csv
2023-04-16,2004,136.0,126.0,64.0,10.0,33.0,4.0,0,0,2,2,0,0,10,10,3.5548323305446092,1.0504432271791573,10.824629,8.761091,79.88677,30.213099,4,2023-04-16,31.833333333333332,0.0,27.043333333333337,10.245,1.0,250.32666666666668,2023,4,16,136.0,0,India_2004.csv
2023-04-17,2004,135.0,116.0,60.0,9.0,45.0,4.0,0,0,2,2,0,0,10,10,3.009751589963413,2.50714242028892,11.033117,8.720731,79.95413,31.218662,4,2023-04-17,32.458333333333336,0.0,24.155,10.073333333333332,1.0,258.12,2023,4,17,135.0,0,India_2004.csv
2023-04-18,2004,124.0,122.0,61.0,9.0,33.0,3.0,0,0,2,2,0,0,10,10,2.823392140284466,0.9294783384855405,10.814393,8.729945,79.82852,30.280636,4,2023-04-18,32.916666666666664,0.0,23.936666666666667,12.295,1.0,284.66166666666663,2023,4,18,124.0,0,India_2004.csv
2023-04-19,2004,127.0,157.0,58.0,7.0,44.0,4.0,0,0,2,2,0,0,10,10,2.9678016919204318,2.9065568051293975,11.000028,8.690137,79.8428,31.223274,4,2023-04-19,29.3,0.0,40.71,10.331666666666667,1.0,208.42333333333332,2023,4,19,157.0,0,India_2004.csv
2023-04-20,2004,133.0,91.0,54.0,7.0,40.0,3.0,0,0,2,2,0,0,10,10,1.6304115378698998,1.8962426916507775,11.0703,8.538983,79.22969,31.550941,4,2023-04-20,28.10166666666667,0.0,43.85333333333333,8.663333333333332,1.0,215.715,2023,4,20,133.0,0,India_2004.csv
2023-04-21,2004,93.0,92.0,60.0,7.0,44.0,4.0,0,0,2,2,0,0,10,10,1.4264540758976338,2.506596581176608,11.124785,8.664057,79.915634,31.805105,4,2023-04-21,28.77,0.0,31.521666666666665,10.653333333333334,1.0,152.69333333333333,2023,4,21,93.0,0,India_2004.csv
2023-04-22,2004,100.0,89.0,61.0,7.0,54.0,3.0,0,0,2,2,2,2,10,10,1.6873605510095318,3.4383189155179035,11.196088,8.717371,80.32256,31.94946,4,2023-04-22,28.56833333333333,0.0,25.05666666666667,9.555,1.0,211.75666666666666,2023,4,22,100.0,0,India_2004.csv
2023-04-23,2004,97.0,70.0,58.0,6.0,45.0,3.0,0,0,2,2,0,0,10,10,0.7841768481377553,2.4657328453932434,11.128707,8.632903,79.81348,31.944586,4,2023-04-23,26.69666666666667,0.0,30.751666666666665,11.528333333333334,1.0,169.53,2023,4,23,97.0,0,India_2004.csv
2023-04-24,2004,59.0,110.0,68.0,8.0,66.0,4.0,0,0,2,2,2,2,10,10,2.1646531051177558,4.884935261487366,11.236381,8.733615,80.93297,32.433193,4,2023-04-24,26.208333333333332,0.0,36.45166666666667,11.155,1.0,129.20000000000002,2023,4,24,110.0,0,India_2004.csv
2023-04-25,2004,117.0,101.0,66.0,8.0,80.0,3.0,0,0,2,2,2,2,4,4,3.0895278427581063,6.365947281703379,11.31374,8.719383,81.15303,32.575165,4,2023-04-25,27.241666666666664,0.0,37.20166666666667,9.498333333333333,1.0,98.21499999999999,2023,4,25,117.0,0,India_2004.csv
2023-04-26,2004,128.0,123.0,70.0,9.0,99.0,4.0,0,0,2,2,2,2,4,4,4.3996635371607695,8.74000513306554,12.349426,8.412775,51.641804,77.315056,4,2023-04-26,29.263333333333332,0.0,30.834999999999997,8.13,1.0,185.48000000000002,2023,4,26,128.0,0,India_2004.csv
2023-04-27,2004,157.0,146.0,73.0,8.0,65.0,2.0,0,0,2,2,2,2,10,10,4.9070271728856145,4.83316596603579,11.219124,8.747954,81.0688,32.22226,4,2023-04-27,28.939999999999998,0.0,32.693333333333335,9.075000000000001,1.0,146.34166666666667,2023,4,27,157.0,0,India_2004.csv
2023-04-28,2004,146.0,117.0,72.0,9.0,69.0,4.0,0,0,2,2,2,2,10,10,4.429763963852469,5.368046483289688,11.262263,8.767617,81.092186,32.338272,4,2023-04-28,27.718333333333334,0.0,40.281666666666666,5.793333333333333,1.0,222.09666666666666,2023,4,28,146.0,0,India_2004.csv
2023-04-29,2004,134.0,125.0,70.0,8.0,44.0,3.0,0,0,2,2,0,0,10,10,3.6736626209652092,2.471373495102312,11.069498,8.713628,80.342674,31.14945,4,2023-04-29,26.41333333333333,0.0,52.123333333333335,7.6933333333333325,1.0,203.25833333333333,2023,4,29,134.0,0,India_2004.csv
2023-04-30,2004,139.0,75.0,68.0,7.0,51.0,3.0,0,0,2,2,0,0,10,10,2.6771745292125586,3.1975979220675494,11.122532,8.75727,80.433075,31.626131,4,2023-04-30,24.22,0.0,66.18833333333333,7.743333333333333,1.0,127.08999999999999,2023,4,30,139.0,0,India_2004.csv
2023-05-01,2004,111.0,64.0,58.0,11.0,15.0,3.0,2,2,1,1,0,0,10,10,1.5912437057810482,-1.8137277361621031,10.153119,8.124955,76.41888,25.820969,4,2023-05-01,21.96166666666667,0.0,82.77166666666666,8.478333333333333,1.0,90.51333333333334,2023,5,1,111.0,0,India_2004.csv
2023-05-02,2004,117.0,59.0,36.0,8.0,29.0,3.0,2,2,1,1,0,0,1,1,-0.49189146388964855,0.12367092239349617,9.448077,5.0395703,26.182043,-0.8909618,4,2023-05-02,22.463333333333335,0.0,81.90833333333335,9.633333333333333,1.0,102.27,2023,5,2,117.0,0,India_2004.csv
2023-05-03,2004,100.0,66.0,12.0,8.0,6.0,3.0,2,2,1,1,3,3,0,0,-2.7945115651725083,-2.697433701705612,8.201016,-1.9452597,-65.60261,-57.708725,4,2023-05-03,22.311666666666667,0.0,82.93666666666667,6.833333333333333,1.0,102.39833333333333,2023,5,3,100.0,0,India_2004.csv
2023-05-04,2004,111.0,74.0,19.0,9.0,73.0,3.0,0,0,2,2,2,2,4,4,-0.9285651973657396,4.870538295645795,13.738996,6.5844746,36.135555,79.2017,4,2023-05-04,24.625,0.0,72.14333333333333,4.6049999999999995,1.0,116.99166666666667,2023,5,4,111.0,0,India_2004.csv
2023-05-05,2004,122.0,94.0,28.0,8.0,61.0,3.0,0,0,2,2,2,2,4,4,-0.054962590242079404,3.8834549497056043,12.975019,6.699341,36.914997,66.47693,4,2023-05-05,25.636666666666667,0.0,59.94333333333333,7.87,1.0,218.16833333333332,2023,5,5,122.0,0,India_2004.csv
2023-05-06,2004,153.0,122.0,28.0,8.0,39.0,3.0,0,0,2,2,0,0,1,1,0.71537614957351,1.6087770213787955,11.626799,5.6288137,29.945942,56.46781,4,2023-05-06,27.156666666666666,0.0,51.623333333333335,9.408333333333333,1.0,262.1333333333333,2023,5,6,153.0,0,India_2004.csv
2023-05-07,2004,155.0,102.0,30.0,7.0,44.0,4.0,0,0,2,2,0,0,7,7,0.4505828222737379,2.496063450162003,11.872216,6.0817847,31.145777,57.53785,4,2023-05-07,28.411666666666665,0.0,43.574999999999996,9.084999999999999,1.0,169.965,2023,5,7,155.0,0,India_2004.csv
2023-05-08,2004,135.0,90.0,33.0,8.0,32.0,3.0,2,2,1,1,0,0,1,1,0.15596893000595707,0.644365520204704,9.778673,5.0694275,25.8008,-2.2280679,4,2023-05-08,28.833333333333332,0.0,43.71666666666667,12.168333333333331,1.0,151.815,2023,5,8,135.0,0,India_2004.csv
2023-05-09,2004,114.0,146.0,33.0,9.0,53.0,3.0,0,0,2,2,2,2,4,4,1.1355514306454149,3.068511494795923,12.129708,7.0120316,39.763596,58.475704,4,2023-05-09,29.656666666666666,0.0,28.683333333333334,12.735,1.0,310.41333333333336,2023,5,9,146.0,0,India_2004.csv
2023-05-10,2004,166.0,114.0,33.0,8.0,52.0,4.0,0,0,2,2,2,2,4,4,1.3751576389290692,3.343947863631551,12.307932,6.782403,36.03376,61.54557,4,2023-05-10,29.548333333333332,0.0,22.936666666666667,13.731666666666667,1.0,293.945,2023,5,10,166.0,0,India_2004.csv
2023-05-11,2004,144.0,149.0,40.0,10.0,58.0,4.0,0,0,2,2,2,2,4,4,2.5479035995045765,3.8370433391192473,11.837318,7.4919243,41.229744,55.831997,4,2023-05-11,31.493333333333336,0.0,23.07166666666667,7.495,1.0,223.5616666666667,2023,5,11,149.0,0,India_2004.csv
2023-05-12,2004,184.0,125.0,45.0,10.0,53.0,3.0,0,0,2,2,2,2,10,10,3.2015279316797622,3.088298281940034,11.69285,7.5496936,41.29835,55.088554,4,2023-05-12,32.895,0.0,25.596666666666664,10.805,1.0,173.1883333333333,2023,5,12,184.0,0,India_2004.csv
2023-05-13,2004,155.0,126.0,40.0,9.0,82.0,3.0,0,0,2,2,2,2,4,4,2.444827005826906,6.442391316485347,13.225667,7.621542,44.747944,75.192245,4,2023-05-13,33.40166666666667,0.0,25.62,10.881666666666666,1.0,109.25166666666667,2023,5,13,155.0,0,India_2004.csv
2023-05-14,2004,162.0,154.0,39.0,9.0,49.0,4.0,0,0,2,2,2,2,4,4,2.5787714431726387,3.0584105616822956,11.647777,7.462288,42.1293,55.177147,4,2023-05-14,31.991666666666664,0.0,30.005,10.865,1.0,186.21666666666667,2023,5,14,162.0,0,India_2004.csv
2023-05-15,2004,166.0,93.0,34.0,7.0,42.0,2.0,0,0,2,2,0,0,1,1,0.7584117476525569,1.8508997100540274,11.776995,6.4174175,32.475803,57.777565,4,2023-05-15,33.37166666666667,0.0,24.605,8.753333333333332,1.0,211.43833333333336,2023,5,15,166.0,0,India_2004.csv
2023-05-16,2004,82.0,385.0,32.0,7.0,36.0,3.0,0,0,2,2,0,0,10,10,3.779368923682116,2.5542011608418,8.577071,10.183275,92.128716,7.254809,4,2023-05-16,32.45166666666666,0.0,27.17833333333333,14.338333333333333,1.0,274.4433333333333,2023,5,16,385.0,0,India_2004.csv
2023-05-17,2004,184.0,229.0,35.0,7.0,28.0,4.0,1,1,0,0,0,0,10,10,3.2583278586594,1.4210020220090636,8.656081,8.130049,53.807503,9.509758,4,2023-05-17,33.25666666666667,0.0,30.116666666666664,13.625,1.0,255.22833333333332,2023,5,17,229.0,0,India_2004.csv
2023-05-18,2004,155.0,80.0,31.0,7.0,55.0,3.0,0,0,2,2,2,2,4,4,0.2826345553816902,3.428419927324569,12.6171465,6.771921,36.64439,64.06256,4,2023-05-18,30.838333333333335,0.0,39.145,12.876666666666665,1.0,272.84999999999997,2023,5,18,155.0,0,India_2004.csv
2023-05-19,2004,101.0,101.0,33.0,7.0,47.0,3.0,0,0,2,2,2,2,4,4,-0.3148886674616719,2.4809610679467804,12.233135,6.6940846,33.220238,61.04209,4,2023-05-19,31.655,0.0,34.160000000000004,14.226666666666667,1.0,296.46999999999997,2023,5,19,101.0,0,India_2004.csv
2023-05-20,2004,137.0,105.0,31.0,9.0,47.0,4.0,0,0,2,2,2,2,4,4,0.6800626892471276,2.4556196636849656,12.194439,6.4043074,33.70357,59.862785,4,2023-05-20,33.37,0.0,26.735,12.038333333333334,1.0,269.56,2023,5,20,137.0,0,India_2004.csv
2023-05-21,2004,121.0,115.0,38.0,11.0,40.0,4.0,0,0,2,2,0,0,1,1,1.3995236755714786,1.3660322046260056,11.541558,7.1043215,37.48161,54.10944,4,2023-05-21,35.300000000000004,0.0,20.55,12.015,1.0,237.46666666666667,2023,5,21,121.0,0,India_2004.csv
2023-05-22,2004,149.0,140.0,31.0,8.0,25.0,3.0,2,2,1,1,0,0,1,1,0.9983483604622437,0.11731185680941225,9.170286,5.4997706,30.940863,-8.387482,4,2023-05-22,36.586666666666666,0.0,20.311666666666664,18.756666666666664,1.0,280.94166666666666,2023,5,22,149.0,0,India_2004.csv
2023-05-23,2004,137.0,113.0,23.0,5.0,23.0,3.0,2,2,1,1,3,3,1,1,-0.901509499349395,0.18759776264695752,9.5935545,3.822319,15.043873,-2.5892546,4,2023-05-23,34.61166666666667,0.0,34.21333333333333,17.05,1.0,276.5566666666667,2023,5,23,137.0,0,India_2004.csv
2023-05-24,2004,112.0,55.0,21.0,7.0,22.0,1.0,2,2,1,1,3,3,1,1,-2.1063672096292865,-1.0872101377354078,8.768311,0.8743244,-7.569809,-16.796276,4,2023-05-24,30.10166666666667,0.0,54.14666666666667,8.923333333333334,1.0,169.66666666666666,2023,5,24,112.0,0,India_2004.csv
2023-05-25,2004,64.0,80.0,25.0,7.0,47.0,3.0,0,0,2,2,2,2,7,7,-1.9530306714992147,2.2075245251888584,13.425439,3.7093346,3.2547219,84.33691,4,2023-05-25,27.791666666666668,0.0,60.68666666666667,7.951666666666667,1.0,171.94833333333335,2023,5,25,80.0,0,India_2004.csv
2023-05-26,2004,83.0,51.0,28.0,8.0,44.0,2.0,0,0,2,2,3,3,7,7,-1.6977045085466367,1.4089920801095661,11.58034,4.959044,32.989304,53.167667,4,2023-05-26,28.131666666666664,0.0,57.36666666666667,7.565,1.0,119.21,2023,5,26,83.0,0,India_2004.csv
2023-05-27,2004,75.0,57.0,29.0,10.0,32.0,2.0,2,2,1,1,3,3,1,1,-1.4125955011735214,-0.29320021136126984,11.421286,4.6645336,33.268364,52.491287,4,2023-05-27,27.314999999999998,0.0,64.92333333333333,10.641666666666667,1.0,144.03,2023,5,27,75.0,0,India_2004.csv
2023-05-28,2004,98.0,78.0,30.0,9.0,41.0,2.0,0,0,2,2,0,0,1,1,-0.6605025087657984,1.0831463809803132,11.51101,5.2220955,32.830605,53.462494,4,2023-05-28,27.05666666666667,0.0,70.64999999999999,6.005,1.0,128.64166666666668,2023,5,28,98.0,0,India_2004.csv
2023-05-29,2004,135.0,85.0,27.0,9.0,30.0,3.0,2,2,1,1,0,0,1,1,-0.2063639829091681,0.16878113255222055,9.691177,4.562746,13.420328,1.3007149,4,2023-05-29,26.968333333333334,0.0,70.52166666666666,8.253333333333332,1.0,93.29666666666667,2023,5,29,135.0,0,India_2004.csv
2023-05-30,2004,118.0,68.0,27.0,8.0,29.0,2.0,2,2,1,1,0,0,1,1,-1.0265171247547107,-0.11994428211608847,9.678343,4.1922297,18.33273,2.6363094,4,2023-05-30,26.983333333333334,0.0,68.73,7.035,1.0,204.61,2023,5,30,118.0,0,India_2004.csv
2023-05-31,2004,118.0,51.0,25.0,8.0,28.0,2.0,2,2,1,1,3,3,1,1,-1.469360574223747,-0.3325798878782753,9.7266245,4.03158,18.201405,2.815178,4,2023-05-31,24.495,0.0,76.15333333333334,9.988333333333333,1.0,266.45166666666665,2023,5,31,118.0,0,India_2004.csv
2023-06-01,2004,84.0,68.0,24.0,7.0,35.0,2.0,2,2,1,1,3,3,7,7,-2.013327616200214,0.6158232214444724,11.598823,3.227919,-24.835163,40.339653,4,2023-06-01,26.778333333333336,0.0,64.51333333333334,8.768333333333333,1.0,236.04333333333332,2023,6,1,84.0,0,India_2004.csv
2023-06-02,2004,116.0,73.0,24.0,7.0,45.0,3.0,0,0,2,2,2,2,7,7,-1.2059107739480888,2.0886119795988787,13.149864,3.8308167,3.8182662,79.90228,4,2023-06-02,27.505,0.0,57.09,8.606666666666667,1.0,266.195,2023,6,2,116.0,0,India_2004.csv
2023-06-03,2004,110.0,71.0,24.0,8.0,44.0,4.0,0,0,2,2,3,3,7,7,-1.1462524875311328,1.9905554570408117,13.076268,3.823469,3.6023018,79.84654,4,2023-06-03,29.474999999999998,0.0,52.98499999999999,8.245,1.0,309.84,2023,6,3,110.0,0,India_2004.csv
2023-06-04,2004,115.0,111.0,27.0,8.0,71.0,4.0,0,0,2,2,2,2,4,4,0.1514735759086119,5.293915138057973,13.473133,6.9117203,36.77789,76.943306,4,2023-06-04,29.55,0.0,57.245000000000005,10.651666666666667,1.0,290.09166666666664,2023,6,4,115.0,0,India_2004.csv
2023-06-05,2004,161.0,73.0,21.0,8.0,59.0,4.0,0,0,2,2,2,2,4,4,-0.22033093160990866,3.829510176484064,13.041535,5.804605,35.232117,67.57183,4,2023-06-05,30.656666666666666,0.0,47.574999999999996,11.821666666666667,1.0,265.125,2023,6,5,161.0,0,India_2004.csv
2023-06-06,2004,131.0,98.0,24.0,7.0,63.0,1.0,0,0,2,2,2,2,4,4,-0.3339559284671223,3.8630216344350563,13.119305,6.7034903,36.458008,67.156746,4,2023-06-06,31.62833333333333,0.0,42.556666666666665,8.388333333333334,1.0,284.59166666666664,2023,6,6,131.0,0,India_2004.csv
2023-06-07,2004,119.0,223.0,23.0,8.0,49.0,1.0,0,0,2,2,2,2,4,4,1.4498469478077896,2.6630336970532693,12.155523,6.196036,25.235195,53.480507,4,2023-06-07,32.37833333333334,0.0,34.71666666666667,11.178333333333333,1.0,312.8183333333333,2023,6,7,223.0,0,India_2004.csv
2023-06-08,2004,163.0,100.0,26.0,9.0,37.0,2.0,0,0,2,2,0,0,1,1,0.5497344053953984,0.8922251351096686,11.40553,5.4177036,28.86201,55.40115,4,2023-06-08,33.10666666666666,0.0,33.49333333333333,11.799999999999999,1.0,305.1333333333333,2023,6,8,163.0,0,India_2004.csv
2023-06-09,2004,129.0,95.0,23.0,7.0,40.0,2.0,2,2,1,1,3,3,7,7,-0.7553653227972073,1.4385012349283341,11.74774,4.139745,0.22791396,37.93088,4,2023-06-09,34.843333333333334,0.0,34.95666666666667,14.591666666666667,1.0,274.8616666666666,2023,6,9,129.0,0,India_2004.csv
2023-06-10,2004,103.0,96.0,22.0,7.0,34.0,2.0,2,2,1,1,3,3,7,7,-1.367499920400328,0.6779660845858593,11.806863,3.1962948,-25.43522,41.085026,4,2023-06-10,34.355,0.0,41.38333333333333,13.709999999999999,1.0,273.33,2023,6,10,103.0,0,India_2004.csv
2023-06-11,2004,92.0,97.0,22.0,7.0,46.0,2.0,0,0,2,2,3,3,7,7,-1.4117900253417708,2.0152784346533466,13.227058,3.662072,2.6385834,84.56401,4,2023-06-11,34.07333333333333,0.0,45.300000000000004,14.964999999999998,1.0,287.855,2023,6,11,97.0,0,India_2004.csv
2023-06-12,2004,123.0,115.0,22.0,8.0,47.0,2.0,0,0,2,2,2,2,7,7,-0.3309287674345948,2.1306609397288816,12.21819,5.401157,28.501371,57.66629,4,2023-06-12,35.28666666666667,0.0,42.568333333333335,16.794999999999998,1.0,287.945,2023,6,12,123.0,0,India_2004.csv
2023-06-13,2004,150.0,151.0,20.0,6.0,25.0,1.0,2,2,1,1,0,0,1,1,-0.07192232352030861,0.00075091175328661,7.70077,3.5315716,-8.014636,-29.213392,4,2023-06-13,36.65833333333333,0.0,32.76833333333333,21.495,1.0,282.9016666666667,2023,6,13,151.0,0,India_2004.csv
2023-06-14,2004,165.0,143.0,19.0,6.0,35.0,2.0,2,2,1,1,0,0,7,7,0.13185873219703606,1.3528526321107979,11.5748205,3.9523838,-4.887221,36.604546,4,2023-06-14,35.70166666666667,0.0,37.501666666666665,20.566666666666666,1.0,284.2416666666666,2023,6,14,165.0,0,India_2004.csv
2023-06-15,2004,161.0,96.0,20.0,7.0,34.0,1.0,2,2,1,1,3,3,7,7,-0.4617631085029633,0.6112549738937697,11.396324,3.5294137,-8.819553,37.659977,4,2023-06-15,32.93833333333333,0.0,48.208333333333336,16.25,1.0,295.31166666666667,2023,6,15,161.0,0,India_2004.csv
2023-06-16,2004,129.0,78.0,20.0,8.0,32.0,3.0,2,2,1,1,3,3,7,7,-1.1424156573962359,0.4648443592318923,11.518475,3.1465993,-21.243515,41.797455,4,2023-06-16,32.54,0.0,52.105,14.226666666666667,1.0,275.5783333333333,2023,6,16,129.0,0,India_2004.csv
2023-06-17,2004,113.0,71.0,20.0,8.0,28.0,5.0,2,2,1,1,3,3,7,7,-1.57138587217154,0.3671082061190366,10.953459,3.0665166,-28.266512,41.62417,4,2023-06-17,32.971666666666664,0.0,54.23,9.99,1.0,230.33333333333334,2023,6,17,113.0,0,India_2004.csv
2023-06-18,2004,57.0,95.0,20.0,7.0,36.0,5.0,2,2,1,1,3,3,7,7,-2.319478138954849,1.4076273231127843,11.876558,0.47031507,-48.77732,43.77457,4,2023-06-18,32.24333333333333,0.0,58.44333333333333,9.511666666666667,1.0,144.08166666666668,2023,6,18,95.0,0,India_2004.csv
2023-06-19,2004,54.0,55.0,18.0,8.0,13.0,5.0,2,2,1,1,3,3,0,0,-3.2557224737672503,-1.603208006700612,8.72968,-0.1364071,-21.770262,-80.812195,4,2023-06-19,29.64,0.0,72.67333333333333,8.456666666666667,1.0,160.71333333333334,2023,6,19,55.0,0,India_2004.csv
2023-06-20,2004,40.0,74.0,20.0,8.0,30.0,5.0,2,2,1,1,3,3,7,7,-2.848679487220572,0.3976971206092595,11.316162,0.3341774,-50.805126,27.959839,4,2023-06-20,30.666666666666668,0.0,67.43666666666667,9.701666666666666,1.0,167.845,2023,6,20,74.0,0,India_2004.csv
2023-06-21,2004,64.0,76.0,20.0,8.0,35.0,3.0,2,2,1,1,3,3,7,7,-2.3417541513137783,0.6078797416529402,11.895855,0.47558823,-48.57457,41.93423,4,2023-06-21,29.823333333333334,0.0,77.07166666666667,6.991666666666667,1.0,165.085,2023,6,21,76.0,0,India_2004.csv
2023-06-22,2004,60.0,72.0,20.0,10.0,10.0,4.0,2,2,1,1,3,3,0,0,-2.3627677064125225,-2.3987282955049336,8.254202,0.4040789,-15.701094,-84.5148,4,2023-06-22,31.21666666666667,0.0,74.12166666666667,7.628333333333334,1.0,180.59,2023,6,22,72.0,0,India_2004.csv
2023-06-23,2004,60.0,93.0,19.0,8.0,25.0,4.0,2,2,1,1,3,3,0,0,-2.317808257310092,-0.24678800669672135,10.878468,0.2701125,-20.141325,-29.293682,4,2023-06-23,30.784999999999997,0.0,79.22500000000001,7.403333333333333,1.0,145.79,2023,6,23,93.0,0,India_2004.csv
2023-06-24,2004,75.0,93.0,21.0,9.0,58.0,3.0,0,0,2,2,2,2,4,4,-1.309211369679606,3.169613351010532,13.6593075,4.6802163,22.298233,73.79476,4,2023-06-24,30.616666666666664,0.0,77.485,7.864999999999999,1.0,97.66666666666667,2023,6,24,93.0,0,India_2004.csv
2023-06-25,2004,81.0,45.0,18.0,8.0,21.0,2.0,2,2,1,1,3,3,0,0,-2.8688330910089275,-1.3206390311640461,8.753224,0.23724861,-22.337538,-87.22875,4,2023-06-25,27.506666666666664,0.0,87.83833333333332,5.5566666666666675,1.0,111.05333333333333,2023,6,25,81.0,0,India_2004.csv
2023-06-26,2004,46.0,68.0,19.0,8.0,27.0,3.0,2,2,1,1,3,3,0,0,-2.977162904341746,-0.4008144530484932,11.120417,0.36961251,-50.746803,28.683947,4,2023-06-26,28.018333333333334,0.0,83.48,5.010000000000001,1.0,112.33666666666666,2023,6,26,68.0,0,India_2004.csv
2023-06-27,2004,57.0,64.0,19.0,9.0,21.0,3.0,2,2,1,1,3,3,0,0,-2.7099510802777447,-1.246628563904987,8.778679,0.06377539,-21.889631,-85.08032,4,2023-06-27,28.83,0.0,82.11833333333334,7.156666666666666,1.0,126.585,2023,6,27,64.0,0,India_2004.csv
2023-06-28,2004,53.0,64.0,18.0,8.0,34.0,3.0,2,2,1,1,3,3,7,7,-2.9061432091544046,0.387799113173319,11.92921,0.42585483,-48.581455,41.769264,4,2023-06-28,29.145,0.0,82.03500000000001,8.143333333333333,1.0,95.61833333333334,2023,6,28,64.0,0,India_2004.csv
2023-06-29,2004,49.0,71.0,18.0,8.0,34.0,4.0,2,2,1,1,3,3,7,7,-2.8508220705575535,0.6291726661534965,11.799498,0.39689457,-48.59138,42.14826,4,2023-06-29,28.21166666666667,0.0,83.825,9.591666666666667,1.0,100.125,2023,6,29,71.0,0,India_2004.csv
2023-06-30,2004,66.0,45.0,18.0,8.0,54.0,3.0,0,0,2,2,2,2,7,7,-2.7389883365088172,2.6064892044303543,13.834416,4.1433372,4.362374,87.727295,4,2023-06-30,28.871666666666666,0.0,80.88333333333334,8.303333333333333,1.0,77.01,2023,6,30,66.0,0,India_2004.csv
2023-07-01,2004,35.0,49.0,18.0,7.0,41.0,8.0,2,2,1,1,3,3,7,7,-3.5290834203332624,2.328131166482824,11.977902,0.43379962,-48.621246,45.337334,4,2023-07-01,29.011666666666667,0.0,79.70166666666667,9.773333333333333,1.0,88.895,2023,7,1,49.0,0,India_2004.csv
2023-07-02,2004,41.0,51.0,18.0,7.0,20.0,8.0,2,2,1,1,3,3,0,0,-3.6352169995596264,-0.03223163133269344,8.663773,-0.80638766,-32.894966,-75.71075,4,2023-07-02,30.615,0.0,73.11666666666667,7.691666666666666,1.0,170.35999999999999,2023,7,2,51.0,0,India_2004.csv
2023-07-03,2004,52.0,101.0,19.0,8.0,24.0,4.0,2,2,1,1,3,3,0,0,-2.346614195473248,-0.34458478656609104,10.82377,0.2555889,-20.183397,-29.317627,4,2023-07-03,30.67,0.0,74.535,8.245,1.0,190.79,2023,7,3,101.0,0,India_2004.csv
2023-07-04,2004,146.0,81.0,25.0,8.0,19.0,6.0,2,2,1,1,0,0,1,1,-0.508557360876768,-0.2530923528333219,8.93207,4.242279,20.158272,-15.442442,4,2023-07-04,30.831666666666667,0.0,74.62666666666667,9.851666666666667,1.0,111.11833333333334,2023,7,4,146.0,0,India_2004.csv
2023-07-05,2004,119.0,65.0,22.0,8.0,21.0,6.0,2,2,1,1,3,3,1,1,-1.474941121833823,-0.20594178886403783,9.214935,3.4021432,-10.141742,-8.109598,4,2023-07-05,28.921666666666667,0.0,81.40833333333333,10.398333333333333,1.0,84.11666666666666,2023,7,5,119.0,0,India_2004.csv
2023-07-06,2004,100.0,50.0,22.0,7.0,19.0,4.0,2,2,1,1,3,3,0,0,-2.3258451318767426,-0.8231613259476028,9.625819,0.9605378,-14.080396,-22.393639,4,2023-07-06,28.963333333333335,0.0,77.51166666666667,9.051666666666668,1.0,100.46499999999999,2023,7,6,100.0,0,India_2004.csv
2023-07-07,2004,84.0,50.0,22.0,8.0,13.0,3.0,2,2,1,1,3,3,0,0,-2.507130601624021,-1.946424004443953,8.435646,0.39809394,-18.671585,-81.14568,4,2023-07-07,28.496666666666666,0.0,84.37666666666667,8.705,1.0,101.86833333333334,2023,7,7,84.0,0,India_2004.csv
2023-07-08,2004,90.0,43.0,20.0,8.0,17.0,4.0,2,2,1,1,3,3,0,0,-2.60104449467958,-1.3056173159139188,8.604972,0.41374728,-18.917162,-80.51622,4,2023-07-08,27.036666666666665,0.0,90.92333333333333,11.798333333333334,1.0,111.80166666666666,2023,7,8,90.0,0,India_2004.csv
2023-07-09,2004,104.0,40.0,17.0,7.0,7.0,5.0,2,2,1,1,3,3,0,0,-2.9249330204042487,-2.0457457683567,8.365367,-0.35463715,-24.245932,-71.93372,4,2023-07-09,27.268333333333334,0.0,91.17666666666666,10.173333333333334,1.0,122.94666666666667,2023,7,9,104.0,0,India_2004.csv
2023-07-10,2004,92.0,37.0,19.0,9.0,5.0,2.0,2,2,1,1,3,3,0,0,-2.709927441861583,-3.314929827424953,8.193841,-0.17920873,-34.20038,-82.41078,4,2023-07-10,27.545,0.0,89.71166666666666,5.948333333333333,1.0,145.20666666666668,2023,7,10,92.0,0,India_2004.csv
2023-07-11,2004,59.0,58.0,19.0,8.0,17.0,3.0,2,2,1,1,3,3,0,0,-3.0195294119010234,-1.5489012145142513,8.67575,0.05355407,-22.156677,-84.74902,4,2023-07-11,28.623333333333335,0.0,84.88,6.323333333333333,1.0,88.575,2023,7,11,59.0,0,India_2004.csv
2023-07-12,2004,97.0,54.0,19.0,8.0,58.0,3.0,0,0,2,2,2,2,4,4,-1.8943386988697877,3.2029571365170626,13.813587,4.313663,5.0664897,87.53589,4,2023-07-12,28.481666666666666,0.0,86.46666666666665,7.746666666666666,1.0,96.43166666666666,2023,7,12,97.0,0,India_2004.csv
2023-07-13,2004,98.0,61.0,20.0,7.0,24.0,3.0,2,2,1,1,3,3,0,0,-2.2901867091586947,-0.4414910028108791,10.515945,0.43344304,-14.983008,-23.990858,4,2023-07-13,29.158333333333335,0.0,82.41833333333334,9.466666666666667,1.0,102.635,2023,7,13,98.0,0,India_2004.csv
2023-07-14,2004,110.0,105.4,25.6,6.0,15.0,5.4,2,2,1,1,3,3,1,1,-1.1866775062344899,-0.46747076410567734,8.560775,3.518708,-6.429625,-23.021914,4,2023-07-14,28.5,0.0,83.45166666666667,4.758333333333333,1.0,196.15166666666664,2023,7,14,110.0,0,India_2004.csv
2023-07-15,2004,149.5822841180519,114.82240580294176,18.75631236617784,9.462042997692214,23.415262436507295,5.553042899900233,2,2,1,1,0,0,1,1,-0.024653403260480163,0.019591619741040827,-6.326768,3.2607586,4.8190203,-27.552046,4,2023-07-15,28.465,0.0,86.32833333333333,6.598333333333334,1.0,157.29999999999998,2023,7,15,149.5822841180519,0,India_2004.csv
2023-07-16,2004,149.5822841180519,114.82240580294176,18.75631236617784,9.462042997692214,23.415262436507295,5.553042899900233,2,2,1,1,0,0,1,1,-0.024653403260480163,0.019591619741040827,-6.4040227,3.2197182,4.8190203,-27.552046,4,2023-07-16,28.974999999999998,0.0,84.97666666666667,4.628333333333333,1.0,182.87666666666667,2023,7,16,149.5822841180519,0,India_2004.csv
2023-07-17,2004,149.5822841180519,114.82240580294176,18.75631236617784,9.462042997692214,23.415262436507295,5.553042899900233,2,2,1,1,0,0,1,1,-0.024653403260480163,0.019591619741040827,-6.3746166,3.3424513,4.8190203,-27.552046,4,2023-07-17,29.0,0.0,84.98833333333333,5.613333333333333,1.0,154.625,2023,7,17,149.5822841180519,0,India_2004.csv
2023-07-18,2004,149.5822841180519,114.82240580294176,18.75631236617784,9.462042997692214,23.415262436507295,5.553042899900233,2,2,1,1,0,0,1,1,-0.024653403260480163,0.019591619741040827,-6.293115,3.2088876,4.8190203,-27.552046,4,2023-07-18,28.14,0.0,86.76333333333334,9.628333333333332,1.0,120.68666666666667,2023,7,18,149.5822841180519,0,India_2004.csv
2023-07-19,2004,149.5822841180519,114.82240580294176,18.75631236617784,9.462042997692214,23.415262436507295,5.553042899900233,2,2,1,1,0,0,1,1,-0.024653403260480163,0.019591619741040827,-6.2251687,3.139773,4.8190203,-27.552046,4,2023-07-19,29.025000000000002,0.0,85.49833333333333,8.181666666666667,1.0,132.915,2023,7,19,149.5822841180519,0,India_2004.csv
2023-07-20,2004,149.5822841180519,114.82240580294176,18.75631236617784,9.462042997692214,23.415262436507295,5.553042899900233,2,2,1,1,0,0,1,1,-0.024653403260480163,0.019591619741040827,-6.3283615,3.2228136,4.8190203,-27.552046,4,2023-07-20,30.063333333333333,0.0,79.55,6.195,1.0,155.79333333333332,2023,7,20,149.5822841180519,0,India_2004.csv
2023-07-21,2004,77.8,66.0,21.0,7.0,10.0,4.0,2,2,1,1,3,3,0,0,-2.657643882700884,-1.8405139782228874,8.334888,0.12208623,-22.300282,-76.60308,4,2023-07-21,31.106666666666666,0.0,75.625,9.06,1.0,124.03000000000002,2023,7,21,77.8,0,India_2004.csv
2023-07-22,2004,105.0,63.0,19.0,7.0,10.0,5.0,2,2,1,1,3,3,0,0,-2.341496626251896,-1.5735326480344882,8.432535,0.81108963,-23.484398,-71.60828,4,2023-07-22,30.691666666666666,0.0,75.77333333333333,14.088333333333333,1.0,96.29,2023,7,22,105.0,0,India_2004.csv
2023-07-23,2004,98.0,52.0,19.0,7.0,13.0,5.0,2,2,1,1,3,3,0,0,-2.615488771362015,-1.3064508827032575,8.532065,0.7781184,-23.20645,-71.98087,4,2023-07-23,30.873333333333335,0.0,75.51166666666667,13.445,1.0,95.40333333333332,2023,7,23,98.0,0,India_2004.csv
2023-07-24,2004,80.0,54.0,20.0,7.0,10.0,5.0,2,2,1,1,3,3,0,0,-2.8751395983597794,-1.6819286527013244,8.287384,0.034939278,-22.847834,-75.6045,4,2023-07-24,29.548333333333332,0.0,81.29666666666667,10.733333333333334,1.0,99.31,2023,7,24,80.0,0,India_2004.csv
2023-07-25,2004,82.0,64.0,22.0,9.0,10.0,6.0,2,2,1,1,3,3,0,0,-2.1059046757617845,-1.744591229092984,8.27271,1.1884822,-8.8653,-77.329834,4,2023-07-25,29.314999999999998,0.0,82.55499999999999,8.651666666666667,1.0,120.53333333333335,2023,7,25,82.0,0,India_2004.csv
2023-07-26,2004,118.0,47.0,21.0,8.0,13.0,4.0,2,2,1,1,3,3,1,1,-1.9889913082338704,-1.651781654425106,8.356019,1.3086377,-19.70393,-62.98994,4,2023-07-26,27.16333333333333,0.0,90.07666666666667,6.656666666666666,1.0,125.19166666666668,2023,7,26,118.0,0,India_2004.csv
2023-07-27,2004,80.0,60.0,21.0,8.0,47.0,5.0,0,0,2,2,3,3,7,7,-2.059686082409311,2.3859003113737947,13.435847,3.8140483,2.375046,82.62781,4,2023-07-27,28.843333333333334,0.0,86.27166666666666,4.468333333333333,1.0,184.2733333333333,2023,7,27,80.0,0,India_2004.csv
2023-07-28,2004,97.0,53.0,19.0,8.0,36.0,3.0,2,2,1,1,3,3,7,7,-2.172499216654862,0.6968750015153076,12.588783,1.5664679,-25.370636,44.444443,4,2023-07-28,27.956666666666667,0.0,86.88833333333334,5.921666666666667,1.0,244.21666666666667,2023,7,28,97.0,0,India_2004.csv
2023-07-29,2004,86.0,41.0,16.0,7.0,9.0,4.0,2,2,1,1,3,3,0,0,-3.3085294206070994,-2.0923590269936203,8.399905,-0.79339725,-35.906715,-70.54241,4,2023-07-29,27.959999999999997,0.0,84.42,8.066666666666666,1.0,242.89499999999998,2023,7,29,86.0,0,India_2004.csv
2023-07-30,2004,42.0,42.0,17.0,7.0,16.0,3.0,2,2,1,1,3,3,0,0,-3.9611064686955606,-1.629896448734308,8.777328,-0.42774615,-25.009989,-84.43418,4,2023-07-30,29.148333333333337,0.0,80.055,10.061666666666666,1.0,279.31,2023,7,30,42.0,0,India_2004.csv
2023-07-31,2004,78.0,64.0,16.0,8.0,21.0,3.0,2,2,1,1,3,3,0,0,-2.750850806561382,-1.0337000834930454,10.872214,0.12612745,-18.96887,-28.973766,4,2023-07-31,29.758333333333336,0.0,77.90166666666666,11.611666666666666,1.0,279.0833333333333,2023,7,31,78.0,0,India_2004.csv
2023-08-01,2004,118.0,61.0,15.0,8.0,20.0,1.0,2,2,1,1,3,3,0,0,-2.1775075178988295,-1.4917001348312264,9.161236,0.7337374,-19.721737,-57.851875,4,2023-08-01,30.646666666666665,0.0,74.565,14.876666666666667,1.0,272.77833333333336,2023,8,1,118.0,0,India_2004.csv
2023-08-02,2004,97.0,66.0,14.0,7.0,12.0,2.0,2,2,1,1,3,3,0,0,-2.841477030009404,-2.050827710083093,8.834228,-0.26597902,-23.51052,-58.341564,4,2023-08-02,29.82166666666667,0.0,81.21666666666667,10.868333333333334,1.0,256.65833333333336,2023,8,2,97.0,0,India_2004.csv
2023-08-03,2004,109.0,60.0,13.0,6.0,12.0,4.0,2,2,1,1,3,3,0,0,-2.9654607056029025,-1.4397835238003496,8.937398,-0.74617803,-50.886055,-23.23218,4,2023-08-03,29.386666666666667,0.0,82.03666666666668,11.703333333333333,1.0,258.4316666666667,2023,8,3,109.0,0,India_2004.csv
2023-08-04,2004,98.0,70.0,15.0,7.0,16.0,6.0,2,2,1,1,3,3,0,0,-2.575135397986266,-0.6905629244135497,9.230324,0.010638074,-49.78546,-13.911314,4,2023-08-04,28.456666666666667,0.0,88.13166666666666,4.6433333333333335,1.0,209.88833333333332,2023,8,4,98.0,0,India_2004.csv
2023-08-05,2004,110.0,53.0,15.0,9.0,14.0,5.0,2,2,1,1,3,3,0,0,-2.2687597602816822,-1.536972998189583,8.956217,0.98078513,-14.815341,-54.70559,4,2023-08-05,29.84,0.0,81.46666666666667,7.453333333333333,1.0,256.63166666666666,2023,8,5,110.0,0,India_2004.csv
2023-08-06,2004,94.0,65.0,14.0,7.0,9.0,6.0,2,2,1,1,3,3,0,0,-2.890545567565272,-1.5303659220985313,8.154867,-0.96400815,-36.607677,-53.646633,4,2023-08-06,29.848333333333333,0.0,74.41666666666667,13.986666666666666,1.0,249.24166666666667,2023,8,6,94.0,0,India_2004.csv
2023-08-07,2004,77.0,74.0,13.0,7.0,9.0,4.0,2,2,1,1,3,3,0,0,-3.163003888571063,-1.9811752764929433,8.434708,-0.96819806,-32.120815,-68.4214,4,2023-08-07,29.986666666666665,0.0,68.81333333333333,16.808333333333334,1.0,266.4316666666667,2023,8,7,77.0,0,India_2004.csv
2023-08-08,2004,80.0,85.0,15.0,6.0,9.0,4.0,2,2,1,1,3,3,0,0,-2.975545508740459,-1.7268433433769768,8.340137,-0.31841123,-31.214611,-68.085175,4,2023-08-08,30.31833333333333,0.0,68.34500000000001,17.016666666666666,1.0,263.47499999999997,2023,8,8,85.0,0,India_2004.csv
2023-08-09,2004,81.0,83.0,15.0,6.0,9.0,5.0,2,2,1,1,3,3,0,0,-2.9751899509727338,-1.5149365222383224,8.265548,-0.43015075,-31.667841,-68.158646,4,2023-08-09,30.541666666666668,0.0,67.46333333333334,13.26,1.0,266.45,2023,8,9,83.0,0,India_2004.csv
2023-08-10,2004,84.0,91.0,17.0,8.0,9.0,4.0,2,2,1,1,3,3,0,0,-2.2494752148099955,-2.0220226699197976,8.16778,0.97375315,-13.403855,-71.168884,4,2023-08-10,29.939999999999998,0.0,72.57833333333333,10.495,1.0,234.96666666666667,2023,8,10,91.0,0,India_2004.csv
2023-08-11,2004,126.0,90.0,17.0,6.0,14.0,4.0,2,2,1,1,3,3,0,0,-1.830866345602232,-0.9848053637447484,8.722772,1.779583,-21.643806,-15.307389,4,2023-08-11,30.901666666666667,0.0,64.185,12.088333333333333,1.0,264.4116666666667,2023,8,11,126.0,0,India_2004.csv
2023-08-12,2004,130.0,88.0,17.0,6.0,14.0,4.0,2,2,1,1,3,3,0,0,-1.7896467161827272,-0.9829859052120565,8.727686,1.8296902,-21.618252,-15.297229,4,2023-08-12,31.28333333333333,0.0,57.63166666666667,16.128333333333334,1.0,258.65333333333336,2023,8,12,130.0,0,India_2004.csv
2023-08-13,2004,100.0,74.0,18.0,7.0,13.0,4.0,2,2,1,1,3,3,0,0,-2.3089092859860334,-1.419968505207469,8.673234,0.7497962,-24.726553,-68.91486,4,2023-08-13,30.900000000000002,0.0,63.11333333333334,13.033333333333333,1.0,230.04166666666666,2023,8,13,100.0,0,India_2004.csv
2023-08-14,2004,107.0,78.0,21.0,7.0,17.0,4.0,2,2,1,1,3,3,1,1,-1.8376577567508823,-0.9015021734771154,8.915368,2.7803178,-11.650239,-18.978308,4,2023-08-14,29.221666666666668,0.0,72.55,8.688333333333334,1.0,145.56166666666667,2023,8,14,107.0,0,India_2004.csv
2023-08-15,2004,130.0,73.0,18.0,8.0,13.0,4.0,2,2,1,1,3,3,1,1,-1.5697220725472496,-1.5139547172207417,8.48524,1.8353353,-9.638673,-55.37184,4,2023-08-15,30.02333333333333,0.0,74.48833333333333,5.0183333333333335,1.0,224.02833333333334,2023,8,15,130.0,0,India_2004.csv
2023-08-16,2004,141.0,80.0,18.0,7.0,16.0,4.0,2,2,1,1,3,3,1,1,-1.4165594734555924,-0.9308411794842943,8.995548,2.096079,-17.586485,-14.333758,4,2023-08-16,31.285,0.0,65.24166666666666,9.998333333333333,1.0,278.18,2023,8,16,141.0,0,India_2004.csv
2023-08-17,2004,136.0,93.0,18.0,7.0,13.0,4.0,2,2,1,1,3,3,1,1,-1.3317586056360677,-1.2229141399797,8.46713,2.272122,-0.013507681,-15.044259,4,2023-08-17,32.233333333333334,0.0,57.35999999999999,12.839999999999998,1.0,267.5266666666667,2023,8,17,136.0,0,India_2004.csv
2023-08-18,2004,64.0,106.0,15.0,7.0,18.0,4.0,2,2,1,1,3,3,0,0,-2.6196763020967424,-0.8234184903394608,8.775931,0.6780419,-20.437468,-29.78935,4,2023-08-18,31.62,0.0,64.5,8.94,1.0,201.29999999999998,2023,8,18,106.0,0,India_2004.csv
2023-08-19,2004,76.0,63.0,23.0,8.0,17.0,4.0,2,2,1,1,3,3,0,0,-2.3036849643002055,-1.2246087317831273,8.504587,0.3708273,-19.934416,-79.580826,4,2023-08-19,30.636666666666667,0.0,74.17666666666668,8.603333333333333,1.0,104.43666666666667,2023,8,19,76.0,0,India_2004.csv
2023-08-20,2004,57.0,59.0,23.0,7.0,27.0,4.0,2,2,1,1,3,3,0,0,-2.8023368427615427,0.013731209715521485,10.75198,0.33937842,-50.27849,28.291628,4,2023-08-20,32.025,0.0,67.90833333333335,10.458333333333334,1.0,101.67333333333333,2023,8,20,59.0,0,India_2004.csv
2023-08-21,2004,57.0,63.0,23.0,8.0,24.0,4.0,2,2,1,1,3,3,0,0,-2.5718247071221554,-0.4838056074229822,10.661398,0.3563904,-50.373753,28.351036,4,2023-08-21,32.07333333333333,0.0,69.18833333333333,7.796666666666667,1.0,143.76833333333335,2023,8,21,63.0,0,India_2004.csv
2023-08-22,2004,54.0,63.0,23.0,8.0,15.0,4.0,2,2,1,1,3,3,0,0,-2.734404880888021,-1.515712844020402,8.545303,0.057836063,-20.670773,-79.19964,4,2023-08-22,30.125,0.0,81.27,7.958333333333333,1.0,138.33833333333334,2023,8,22,63.0,0,India_2004.csv
2023-08-23,2004,45.0,48.0,22.0,8.0,7.0,4.0,2,2,1,1,3,3,0,0,-3.3180269718078863,-2.532521269075093,8.307752,0.11868586,-19.964918,-77.89245,4,2023-08-23,27.355,0.0,89.84166666666665,7.6000000000000005,1.0,151.37,2023,8,23,48.0,0,India_2004.csv
2023-08-24,2004,35.0,68.0,21.0,6.0,12.0,4.0,2,2,1,1,3,3,0,0,-3.59340485367786,-1.5513375493619646,8.498703,-0.16307595,-23.645636,-82.18632,4,2023-08-24,29.298333333333332,0.0,69.11,12.411666666666667,1.0,262.87666666666667,2023,8,24,68.0,0,India_2004.csv
2023-08-25,2004,38.0,80.0,20.0,7.0,12.0,4.0,2,2,1,1,3,3,0,0,-3.2168575961569283,-1.6680115393881645,8.485646,-0.06550294,-23.572422,-82.248314,4,2023-08-25,30.281666666666666,0.0,63.38,13.54,1.0,262.02666666666664,2023,8,25,80.0,0,India_2004.csv
2023-08-26,2004,70.0,112.0,18.0,6.0,13.0,4.0,2,2,1,1,3,3,0,0,-2.441922731708083,-1.145302729848719,8.471523,0.67541236,-14.431744,-71.586334,4,2023-08-26,30.368333333333336,0.0,60.873333333333335,13.308333333333332,1.0,265.38166666666666,2023,8,26,112.0,0,India_2004.csv
2023-08-27,2004,101.0,129.0,17.0,6.0,12.0,4.0,2,2,1,1,3,3,0,0,-1.678135400845926,-1.0941528085221435,7.460654,1.3013157,-30.118809,-49.65686,4,2023-08-27,30.391666666666666,0.0,56.73833333333334,15.839999999999998,1.0,266.64,2023,8,27,129.0,0,India_2004.csv
2023-08-28,2004,89.0,104.0,17.0,7.0,10.0,4.0,2,2,1,1,3,3,0,0,-2.132790884137334,-1.6543703123999665,8.172869,0.95654523,-13.834753,-71.09325,4,2023-08-28,29.31833333333333,0.0,65.245,13.733333333333334,1.0,256.55,2023,8,28,104.0,0,India_2004.csv
2023-08-29,2004,84.0,97.0,18.0,7.0,13.0,4.0,2,2,1,1,3,3,0,0,-2.2280416052411804,-1.3539977130260015,8.3666935,0.82128394,-14.128825,-71.54123,4,2023-08-29,30.915000000000003,0.0,56.70333333333334,12.24,1.0,279.32,2023,8,29,97.0,0,India_2004.csv
2023-08-30,2004,86.0,96.0,17.0,6.0,19.0,4.0,2,2,1,1,3,3,0,0,-2.4129310008184546,-0.5029105879870962,9.014554,0.936552,-17.038013,-27.121515,4,2023-08-30,31.063333333333333,0.0,58.105,10.313333333333333,1.0,290.1716666666667,2023,8,30,96.0,0,India_2004.csv
2023-08-31,2004,95.0,89.0,18.0,7.0,19.0,4.0,2,2,1,1,3,3,0,0,-2.084251519806856,-0.6790572615230731,9.059355,0.99078953,-17.156757,-27.080883,4,2023-08-31,31.703333333333333,0.0,58.35666666666666,8.898333333333333,1.0,298.99833333333333,2023,8,31,95.0,0,India_2004.csv
2023-09-01,2004,97.0,81.0,17.0,7.0,14.0,5.0,2,2,1,1,3,3,0,0,-2.299408920053787,-1.069972567598562,8.842773,0.6363459,-24.976019,-68.89444,4,2023-09-01,32.37166666666666,0.0,49.80666666666667,11.793333333333331,1.0,285.91,2023,9,1,97.0,0,India_2004.csv
2023-09-02,2004,80.0,96.0,17.0,6.0,11.0,4.0,2,2,1,1,3,3,0,0,-2.619101571451822,-1.4298163404337678,8.421459,0.64773417,-14.27671,-71.4151,4,2023-09-02,32.24333333333333,0.0,51.835,13.354999999999999,1.0,289.3666666666667,2023,9,2,96.0,0,India_2004.csv
2023-09-03,2004,86.0,99.0,20.0,7.0,2.0,4.0,2,2,1,1,3,3,0,0,-2.136739225328814,-2.573108082611021,7.9414434,1.4514515,-11.693984,-68.83561,4,2023-09-03,31.51,0.0,51.07,13.448333333333332,1.0,284.65833333333336,2023,9,3,99.0,0,India_2004.csv
2023-09-04,2004,91.0,95.0,21.0,7.0,2.0,4.0,2,2,1,1,3,3,0,0,-2.0335732453399276,-2.5701936741593676,7.9531755,1.440223,-11.650545,-68.81789,4,2023-09-04,31.685000000000002,0.0,53.77333333333333,12.291666666666666,1.0,225.08166666666668,2023,9,4,95.0,0,India_2004.csv
2023-09-05,2004,97.0,81.0,17.0,6.0,14.0,4.0,2,2,1,1,3,3,0,0,-2.514711139005031,-1.1127521671989586,8.788007,0.5982212,-25.073557,-68.87098,4,2023-09-05,30.905,0.0,66.69166666666666,7.4816666666666665,1.0,83.95833333333333,2023,9,5,97.0,0,India_2004.csv
2023-09-06,2004,109.0,76.0,14.0,5.0,8.0,2.0,2,2,1,1,3,3,0,0,-2.904638613325041,-2.0700068183443117,8.174543,-0.41351473,-36.099754,-47.424965,4,2023-09-06,31.281666666666666,0.0,61.435,6.829999999999999,1.0,170.84666666666666,2023,9,6,109.0,0,India_2004.csv
2023-09-07,2004,84.0,54.0,14.0,7.0,13.0,1.0,2,2,1,1,3,3,0,0,-3.281254185541747,-2.2521666225046686,8.676718,-0.41256037,-33.17706,-85.129425,4,2023-09-07,32.19833333333333,0.0,58.723333333333336,5.666666666666667,1.0,162.18666666666667,2023,9,7,84.0,0,India_2004.csv
2023-09-08,2004,79.0,51.0,13.0,3.0,10.0,1.0,2,2,1,1,3,3,0,0,-4.337506258978291,-1.9263473414704269,8.452977,-1.6412686,-32.259293,-60.31848,4,2023-09-08,30.03,0.0,70.24833333333333,9.678333333333333,1.0,112.565,2023,9,8,79.0,0,India_2004.csv
2023-09-09,2004,66.0,26.0,11.0,4.0,6.0,1.0,2,2,1,1,3,3,0,0,-4.9868882995577195,-2.732772699444407,8.571167,-3.0337236,-75.88271,-59.843285,4,2023-09-09,27.49166666666667,0.0,80.66833333333334,14.216666666666667,1.0,65.75166666666667,2023,9,9,66.0,0,India_2004.csv
2023-09-10,2004,40.0,14.0,10.0,4.0,6.0,1.0,2,2,1,1,3,3,0,0,-5.740609006706335,-2.8746446624365243,8.870778,-3.400053,-81.78314,-58.010838,4,2023-09-10,26.133333333333336,0.0,89.24333333333334,11.36,1.0,66.565,2023,9,10,40.0,0,India_2004.csv
2023-09-11,2004,25.0,44.0,12.0,4.0,7.0,1.0,2,2,1,1,3,3,0,0,-5.36223242119902,-2.641974101447637,8.795065,-3.2114232,-83.25743,-57.113995,4,2023-09-11,27.650000000000002,0.0,81.08333333333333,9.451666666666666,1.0,82.10833333333333,2023,9,11,44.0,0,India_2004.csv
2023-09-12,2004,67.0,59.0,13.0,5.0,10.0,2.0,2,2,1,1,3,3,0,0,-4.012419977138704,-2.055256802206143,8.610004,-1.6716021,-37.36155,-64.73544,4,2023-09-12,29.093333333333334,0.0,78.13000000000001,5.276666666666666,1.0,133.35333333333332,2023,9,12,67.0,0,India_2004.csv
2023-09-13,2004,88.0,62.0,13.0,5.0,11.0,2.0,2,2,1,1,3,3,0,0,-3.562946366200571,-1.8660903191830873,8.426034,-0.9518936,-30.206976,-60.78291,4,2023-09-13,29.796666666666667,0.0,81.27,5.095,1.0,112.54166666666667,2023,9,13,88.0,0,India_2004.csv
2023-09-14,2004,116.0,66.0,11.0,5.0,9.0,1.0,2,2,1,1,3,3,0,0,-3.170368733870698,-2.2275443810055116,8.068688,-1.2300153,-37.770428,-46.559147,4,2023-09-14,28.933333333333334,0.0,82.55499999999999,8.159999999999998,1.0,112.58166666666666,2023,9,14,116.0,0,India_2004.csv
2023-09-15,2004,123.0,43.0,12.0,6.0,6.0,2.0,2,2,1,1,3,3,0,0,-3.1618831861268166,-2.6099115552848624,7.8739176,0.10641159,-13.713557,-57.402325,4,2023-09-15,28.290000000000003,0.0,87.52666666666669,8.243333333333334,1.0,94.745,2023,9,15,123.0,0,India_2004.csv
2023-09-16,2004,66.0,51.0,11.0,4.0,4.0,2.0,2,2,1,1,3,3,0,0,-4.586484061871334,-2.61929686863525,8.375576,-2.883331,-75.26587,-56.1842,4,2023-09-16,28.308333333333334,0.0,84.29166666666667,14.255,1.0,81.03333333333335,2023,9,16,66.0,0,India_2004.csv
2023-09-17,2004,89.0,47.0,11.0,4.0,5.0,2.0,2,2,1,1,3,3,0,0,-4.214698951516027,-2.4585200287828433,8.102267,-2.4527526,-69.7373,-52.093193,4,2023-09-17,27.06,0.0,86.92166666666667,15.926666666666668,1.0,96.73666666666668,2023,9,17,89.0,0,India_2004.csv
2023-09-18,2004,86.0,39.0,11.0,4.0,5.0,3.0,2,2,1,1,3,3,0,0,-4.386627739490366,-2.2874985073360574,8.125537,-2.5741777,-73.51079,-45.63006,4,2023-09-18,27.833333333333332,0.0,80.505,13.566666666666668,1.0,120.70333333333333,2023,9,18,86.0,0,India_2004.csv
2023-09-19,2004,71.0,55.0,11.0,4.0,6.0,2.0,2,2,1,1,3,3,0,0,-4.404671459441722,-2.3578999367018736,8.449319,-2.787666,-75.2337,-56.10684,4,2023-09-19,28.83,0.0,77.73666666666666,7.515,1.0,114.99000000000001,2023,9,19,71.0,0,India_2004.csv
2023-09-20,2004,79.0,60.0,10.0,5.0,16.0,2.0,2,2,1,1,3,3,0,0,-3.9313338951406167,-1.3573653503779026,9.836532,-2.1356432,-71.64905,-34.86726,4,2023-09-20,29.528333333333336,0.0,76.86,5.233333333333333,1.0,193.91833333333332,2023,9,20,79.0,0,India_2004.csv
2023-09-21,2004,102.0,62.0,11.0,5.0,10.0,3.0,2,2,1,1,3,3,0,0,-3.4537018315987735,-1.736383585549659,8.098145,-1.398094,-53.50553,-32.224037,4,2023-09-21,28.703333333333333,0.0,82.70333333333333,6.786666666666666,1.0,202.74333333333334,2023,9,21,102.0,0,India_2004.csv
2023-09-22,2004,104.0,65.0,11.0,5.0,9.0,3.0,2,2,1,1,3,3,0,0,-3.3794587423595224,-1.8296317547130396,7.9713473,-1.3654578,-53.4849,-32.319332,4,2023-09-22,29.30333333333333,0.0,80.335,6.596666666666667,1.0,125.36833333333334,2023,9,22,104.0,0,India_2004.csv
2023-09-23,2004,115.0,61.0,11.0,6.0,8.0,3.0,2,2,1,1,3,3,0,0,-3.0527521233714587,-2.106991573995841,7.93849,-1.5065973,-48.24534,-39.776093,4,2023-09-23,28.383333333333336,0.0,83.765,5.673333333333333,1.0,169.27166666666668,2023,9,23,115.0,0,India_2004.csv
2023-09-24,2004,112.0,70.0,12.0,6.0,10.0,2.0,2,2,1,1,3,3,0,0,-2.875405024473964,-2.055162121759358,8.178822,-0.9096388,-36.546474,-47.103706,4,2023-09-24,27.858333333333334,0.0,80.15333333333334,7.386666666666667,1.0,213.74833333333333,2023,9,24,112.0,0,India_2004.csv
2023-09-25,2004,121.0,72.0,12.0,5.0,15.0,2.0,2,2,1,1,3,3,0,0,-2.8173528494174755,-1.2748758372997693,9.2449875,0.12230329,-35.00262,-22.16747,4,2023-09-25,28.638333333333335,0.0,77.04666666666667,5.813333333333333,1.0,187.095,2023,9,25,121.0,0,India_2004.csv
2023-09-26,2004,140.0,93.0,13.0,5.0,12.0,2.0,2,2,1,1,3,3,0,0,-2.081356388574802,-1.4504026697805827,8.852867,0.5798293,-31.772112,-22.504097,4,2023-09-26,28.488333333333333,0.0,73.00666666666667,6.238333333333333,1.0,248.74666666666667,2023,9,26,140.0,0,India_2004.csv
2023-09-27,2004,151.0,81.0,12.0,4.0,10.0,2.0,2,2,1,1,3,3,0,0,-2.37518342812529,-1.536489641390672,7.5428634,0.33074278,-36.47116,-27.931744,4,2023-09-27,27.371666666666666,0.0,66.08333333333333,9.549999999999999,1.0,314.65833333333336,2023,9,27,151.0,0,India_2004.csv
2023-09-28,2004,129.0,88.0,13.0,5.0,13.0,2.0,2,2,1,1,3,3,0,0,-2.3548338037037673,-1.392989195754001,8.976338,0.5141415,-31.897186,-22.446156,4,2023-09-28,26.41,0.0,62.875,8.565,1.0,301.1616666666667,2023,9,28,129.0,0,India_2004.csv
2023-09-29,2004,125.0,96.0,14.0,5.0,17.0,2.0,2,2,1,1,3,3,0,0,-2.1739430243982434,-0.902780856227837,9.119857,0.5528206,-26.707605,-22.930735,4,2023-09-29,27.15833333333333,0.0,63.59166666666666,7.239999999999999,1.0,298.40500000000003,2023,9,29,125.0,0,India_2004.csv
2023-09-30,2004,148.0,99.0,13.0,5.0,14.0,6.0,2,2,1,1,3,3,0,0,-1.7527873829184641,-0.29544265593902236,9.108734,1.6952617,-25.68685,-10.247542,4,2023-09-30,27.801666666666666,0.0,58.105,10.995,1.0,308.9116666666667,2023,9,30,148.0,0,India_2004.csv
2023-10-01,2004,135.0,105.0,13.0,4.0,15.0,3.0,2,2,1,1,3,3,0,0,-2.127596418100441,-0.6704397246118443,9.035863,1.536165,-24.89396,-14.849282,4,2023-10-01,27.03333333333333,0.0,51.94333333333333,10.775,1.0,297.11833333333334,2023,10,1,135.0,0,India_2004.csv
2023-10-02,2004,139.0,89.0,14.0,5.0,14.0,2.0,2,2,1,1,3,3,0,0,-2.065371206155748,-1.2374854519306748,8.956759,0.6442892,-31.657433,-22.358004,4,2023-10-02,26.521666666666665,0.0,42.80666666666667,12.1,1.0,316.18,2023,10,2,139.0,0,India_2004.csv
2023-10-03,2004,126.0,100.0,15.0,4.0,14.0,2.0,2,2,1,1,3,3,0,0,-2.2500719830510514,-1.037461962708045,8.996829,0.6560777,-27.432749,-22.579222,4,2023-10-03,26.145,0.0,47.16,12.693333333333333,1.0,303.72333333333336,2023,10,3,126.0,0,India_2004.csv
2023-10-04,2004,133.0,108.0,15.0,5.0,14.0,3.0,2,2,1,1,3,3,0,0,-1.774229980409,-0.9353412591136187,8.800579,1.6304127,-24.348934,-14.833039,4,2023-10-04,26.49,0.0,55.196666666666665,12.076666666666666,1.0,302.795,2023,10,4,133.0,0,India_2004.csv
2023-10-05,2004,146.0,110.0,16.0,6.0,16.0,3.0,2,2,1,1,3,3,1,1,-1.2003190467833826,-0.8285711944666252,8.147336,2.687779,-1.8345134,-16.626915,4,2023-10-05,26.32166666666667,0.0,52.56833333333333,10.928333333333333,1.0,282.0416666666667,2023,10,5,146.0,0,India_2004.csv
2023-10-06,2004,154.0,111.0,17.0,7.0,15.0,3.0,2,2,1,1,3,3,1,1,-0.7709704001925004,-1.0822394112689917,7.9838395,2.857078,-1.5300232,-16.56733,4,2023-10-06,27.650000000000002,0.0,54.75666666666667,7.771666666666667,1.0,200.37666666666667,2023,10,6,154.0,0,India_2004.csv
2023-10-07,2004,151.0,110.0,16.0,8.0,8.0,3.0,2,2,1,1,3,3,1,1,-0.801674808865063,-2.075610116159009,7.34714,2.8421144,4.3929133,-47.96672,4,2023-10-07,28.793333333333333,0.0,63.080000000000005,8.296666666666667,1.0,234.75,2023,10,7,151.0,0,India_2004.csv
2023-10-08,2004,164.0,89.0,7.0,5.0,4.0,3.4,2,2,1,1,3,3,0,0,-2.2349868179821795,-2.051449047801586,6.8752303,0.57186127,-32.566853,-35.152374,4,2023-10-08,29.615,0.0,59.77333333333333,9.206666666666667,1.0,279.92333333333335,2023,10,8,164.0,0,India_2004.csv
2023-10-09,2004,125.0,96.0,7.0,2.0,8.0,1.0,2,2,1,1,3,3,0,0,-3.4312020883885674,-1.6725380960443843,7.51604,-0.63855785,-49.539295,-36.165333,4,2023-10-09,29.166666666666668,0.0,53.916666666666664,10.16,1.0,209.52666666666667,2023,10,9,125.0,0,India_2004.csv
2023-10-10,2004,94.0,104.0,8.0,2.0,7.0,1.0,2,2,1,1,3,3,0,0,-3.8092104026185614,-1.8289888330401756,7.772131,-1.0679975,-50.757557,-34.764805,4,2023-10-10,27.88,0.0,59.26,9.958333333333334,1.0,299.79,2023,10,10,104.0,0,India_2004.csv
2023-10-11,2004,136.0,103.0,8.0,2.0,9.0,1.0,2,2,1,1,3,3,0,0,-3.0249444843153146,-1.4848385478818866,7.521399,-0.14352648,-49.446144,-36.172318,4,2023-10-11,25.974999999999998,0.0,55.71333333333333,10.116666666666667,1.0,307.585,2023,10,11,136.0,0,India_2004.csv
2023-10-12,2004,149.0,122.0,9.0,2.0,13.0,3.2,2,2,1,1,3,3,0,0,-2.3172246015446296,-0.41036569100995723,9.489952,1.2605482,-31.359108,-15.875719,4,2023-10-12,26.22,0.0,56.5,8.705,1.0,229.11666666666667,2023,10,12,149.0,0,India_2004.csv
2023-10-13,2004,177.0,141.0,10.0,4.0,13.0,1.0,2,2,1,1,3,3,0,0,-1.042651247825127,-1.0618214349911363,6.9447937,2.596595,-5.235872,-41.689255,4,2023-10-13,27.669999999999998,0.0,56.276666666666664,7.685,1.0,181.46,2023,10,13,177.0,0,India_2004.csv
2023-10-14,2004,184.0,119.0,10.0,4.0,10.0,4.0,2,2,1,1,3,3,0,0,-1.2654250479409805,-0.8337195296543556,6.9709444,1.8506615,-4.0583615,-44.466347,4,2023-10-14,28.27,0.0,53.041666666666664,7.1433333333333335,1.0,202.84500000000003,2023,10,14,184.0,0,India_2004.csv
2023-10-15,2004,160.0,126.0,9.0,6.0,10.0,7.0,2,2,1,1,3,3,0,0,-1.2256447458323245,-0.5726812303731986,6.8088264,0.8097855,-28.879583,-30.55033,4,2023-10-15,26.793333333333333,0.0,58.195,7.451666666666667,1.0,200.63166666666666,2023,10,15,160.0,0,India_2004.csv
2023-10-16,2004,152.0,111.0,9.0,2.0,6.0,1.0,2,2,1,1,3,3,0,0,-2.5574174642255363,-1.7325368687172293,7.2498603,0.26022643,-31.50744,-34.294834,4,2023-10-16,24.028333333333336,0.0,66.52333333333333,12.948333333333332,1.0,120.69,2023,10,16,152.0,0,India_2004.csv
2023-10-17,2004,128.0,65.0,9.0,3.0,9.0,3.4,2,2,1,1,3,3,0,0,-3.483479796281727,-1.3365411433507792,7.6755543,-0.68576664,-49.362907,-28.798262,4,2023-10-17,21.938333333333333,0.0,74.53,6.098333333333334,1.0,223.32500000000002,2023,10,17,128.0,0,India_2004.csv
2023-10-18,2004,110.0,74.0,8.0,2.0,8.0,1.0,2,2,1,1,3,3,0,0,-3.992860545767803,-1.815451326293359,7.7667823,-1.0422122,-49.008617,-30.953756,4,2023-10-18,22.72666666666667,0.0,62.08833333333333,11.026666666666666,1.0,305.2033333333333,2023,10,18,110.0,0,India_2004.csv
2023-10-19,2004,126.0,70.0,9.0,3.0,10.0,1.0,2,2,1,1,3,3,0,0,-3.461758856585204,-1.729291273496305,7.7069297,-0.787556,-47.78064,-30.117208,4,2023-10-19,22.088333333333335,0.0,64.64,8.603333333333333,1.0,313.5133333333333,2023,10,19,126.0,0,India_2004.csv
2023-10-20,2004,113.0,93.0,9.0,3.0,13.0,5.8,2,2,1,1,3,3,0,0,-3.2195036859481263,-0.26343001442608266,7.2509823,-0.8319083,-64.453766,-9.097027,4,2023-10-20,22.546666666666667,0.0,65.75166666666667,7.085,1.0,313.12666666666667,2023,10,20,113.0,0,India_2004.csv
2023-10-21,2004,161.0,129.0,11.0,2.0,19.0,5.2,2,2,1,1,3,3,7,7,-1.7275091709705983,0.7942030488013696,10.5348625,1.8829837,-31.780054,14.703465,4,2023-10-21,23.05666666666667,0.0,61.82666666666666,6.611666666666667,1.0,198.6016666666667,2023,10,21,161.0,0,India_2004.csv
2023-10-22,2004,198.0,152.0,11.0,8.0,17.0,1.0,2,2,1,1,0,0,1,1,0.4525077083395963,-1.1885404746867951,7.104574,7.348472,50.80106,-55.106014,4,2023-10-22,23.58,0.0,63.54,6.1933333333333325,1.0,240.1916666666667,2023,10,22,198.0,0,India_2004.csv
2023-10-23,2004,214.0,121.0,10.0,5.0,10.0,5.2,2,2,1,1,3,3,1,1,-0.4595381670460831,-0.6505239427683799,7.0195384,1.9115013,-4.2949924,-44.846687,4,2023-10-23,23.481666666666666,0.0,63.00666666666667,8.515,1.0,310.5783333333333,2023,10,23,214.0,0,India_2004.csv
2023-10-24,2004,197.0,102.0,10.0,4.0,11.0,4.8,2,2,1,1,3,3,0,0,-1.2798844021602098,-0.5903680981733507,7.0934286,1.8969808,-4.2692976,-44.64962,4,2023-10-24,23.493333333333336,0.0,59.379999999999995,8.523333333333333,1.0,310.19166666666666,2023,10,24,197.0,0,India_2004.csv
2023-10-25,2004,162.0,124.0,11.0,5.0,12.0,1.0,2,2,1,1,3,3,0,0,-1.3336163055992813,-1.4700065724984082,6.92206,2.487345,-4.7273974,-41.45878,4,2023-10-25,23.28833333333333,0.0,60.00833333333333,9.094999999999999,1.0,309.46999999999997,2023,10,25,162.0,0,India_2004.csv
2023-10-26,2004,189.0,115.0,10.0,7.0,17.0,4.2,2,2,1,1,3,3,7,7,-0.5502264915667793,-0.5271703174045124,9.8926935,1.9724841,-23.54849,7.372569,4,2023-10-26,22.941666666666666,0.0,55.52,9.286666666666667,1.0,295.31,2023,10,26,189.0,0,India_2004.csv
2023-10-27,2004,174.0,135.0,12.0,15.0,13.0,3.8,2,2,1,1,0,0,1,1,1.204389585513216,-2.4072746567913055,7.4554696,6.6045957,42.12935,-58.108177,4,2023-10-27,23.478333333333335,0.0,51.75,7.248333333333334,1.0,269.4816666666666,2023,10,27,174.0,0,India_2004.csv
2023-10-28,2004,190.0,146.0,14.0,16.0,16.0,3.4,2,2,1,1,0,0,1,1,2.0635025841733676,-2.2137210702635586,7.2970114,6.925516,48.58942,-57.29925,4,2023-10-28,23.673333333333332,0.0,55.75833333333333,5.078333333333333,1.0,212.06333333333336,2023,10,28,190.0,0,India_2004.csv
2023-10-29,2004,201.0,152.0,16.0,17.0,16.0,1.0,1,1,0,0,0,0,5,5,2.6832704382527828,-2.8376921909501536,7.3163953,7.0345855,48.57256,-57.25535,4,2023-10-29,23.923333333333332,0.0,62.968333333333334,5.34,1.0,136.86166666666668,2023,10,29,201.0,0,India_2004.csv
2023-10-30,2004,205.0,187.0,15.0,16.0,39.0,1.0,1,1,0,0,0,0,5,5,3.32744753353571,0.1277289874683903,8.759123,7.7550755,55.84642,5.644421,4,2023-10-30,24.21666666666667,0.0,67.76166666666667,6.066666666666666,1.0,122.73,2023,10,30,205.0,0,India_2004.csv
2023-10-31,2004,224.0,184.0,15.0,12.0,37.0,5.4,0,0,2,2,0,0,5,5,2.867576442621559,1.6073370294172735,8.364735,8.456979,14.314982,48.37941,4,2023-10-31,24.323333333333334,0.0,68.50166666666667,6.010000000000001,1.0,104.50166666666667,2023,10,31,224.0,0,India_2004.csv
2023-11-01,2004,244.0,173.0,14.0,11.0,18.0,1.0,1,1,0,0,0,0,5,5,2.4899671005220974,-1.3431609235562854,7.148285,7.976918,53.15761,-55.222626,4,2023-11-01,24.236666666666665,0.0,65.90333333333334,5.706666666666667,1.0,130.13833333333335,2023,11,1,244.0,0,India_2004.csv
2023-11-02,2004,232.0,329.0,15.0,14.0,12.0,5.0,1,1,0,0,1,1,5,5,5.4891239929602795,-0.9431993739336182,7.548451,9.949681,74.84232,-24.85414,4,2023-11-02,23.798333333333332,0.0,68.42,7.09,1.0,291.24333333333334,2023,11,2,329.0,0,India_2004.csv
2023-11-03,2004,342.0,306.0,16.0,13.0,8.0,3.4,1,1,0,0,1,1,5,5,6.95146583814601,-1.3577458091577315,7.2916365,10.315274,87.79452,-23.79924,4,2023-11-03,22.168333333333333,0.0,69.39666666666666,7.984999999999999,1.0,255.47166666666666,2023,11,3,342.0,0,India_2004.csv
2023-11-04,2004,298.0,361.0,17.0,20.0,20.0,1.0,1,1,0,0,1,1,2,2,8.627332875310183,-1.6014024056495058,7.9558268,10.65342,88.811356,-20.132526,4,2023-11-04,22.72,0.0,67.65833333333333,7.496666666666667,1.0,293.4866666666667,2023,11,4,361.0,0,India_2004.csv
2023-11-05,2004,381.0,347.0,16.0,16.0,9.0,1.0,1,1,0,0,1,1,2,2,8.923362734107716,-1.9839359886844994,7.559795,10.776976,89.574165,-21.99772,4,2023-11-05,22.718333333333334,0.0,59.574999999999996,6.568333333333334,1.0,237.48166666666665,2023,11,5,381.0,0,India_2004.csv
2023-11-06,2004,384.0,157.0,24.0,12.0,6.0,1.0,1,1,0,0,1,1,5,5,5.637390556802205,-2.4764249587665637,6.818639,9.842344,86.65856,-39.001728,4,2023-11-06,21.93166666666667,0.0,65.555,5.863333333333333,1.0,128.27166666666668,2023,11,6,384.0,0,India_2004.csv
2023-11-07,2004,217.0,281.0,24.0,24.0,31.0,1.0,1,1,0,0,1,1,5,5,7.285582657436001,-1.624310172354343,8.796978,9.724789,76.05084,-17.299131,4,2023-11-07,22.625,0.0,65.46,6.4433333333333325,1.0,221.02166666666665,2023,11,7,281.0,0,India_2004.csv
2023-11-08,2004,301.0,304.0,25.0,18.0,7.0,1.0,1,1,0,0,1,1,5,5,7.802674850486391,-2.933324580454055,7.6730447,10.478515,86.41288,-21.208351,4,2023-11-08,22.468333333333334,0.0,67.20833333333333,6.866666666666667,1.0,279.0083333333333,2023,11,8,304.0,0,India_2004.csv
2023-11-09,2004,338.0,312.0,24.0,18.0,7.0,1.0,1,1,0,0,1,1,5,5,8.541891876689833,-2.795054144868346,7.6250467,10.49394,87.712875,-22.003208,4,2023-11-09,22.718333333333334,0.0,65.32166666666667,6.6000000000000005,1.0,227.54,2023,11,9,338.0,0,India_2004.csv
2023-11-10,2004,363.0,148.0,21.0,9.0,6.0,1.0,1,1,0,0,0,0,5,5,4.270838359282731,-2.077103216519241,6.743366,9.68614,85.97721,-39.23731,4,2023-11-10,19.861666666666668,0.0,79.99833333333333,9.453333333333333,1.0,135.63333333333335,2023,11,10,363.0,0,India_2004.csv
2023-11-11,2004,210.0,86.0,19.0,4.0,4.0,1.0,2,2,1,1,0,0,1,1,-0.7544839750270512,-2.186349333043234,7.177219,3.2062345,14.337936,-39.937176,4,2023-11-11,19.133333333333333,0.0,75.25166666666667,8.906666666666668,1.0,316.75,2023,11,11,210.0,0,India_2004.csv
2023-11-12,2004,162.0,101.0,19.0,5.0,4.0,1.0,2,2,1,1,3,3,1,1,-1.1958905190397058,-2.428128722109707,7.2174773,3.293376,15.70258,-44.25122,4,2023-11-12,18.745,0.0,74.78833333333334,8.401666666666667,1.0,294.19666666666666,2023,11,12,162.0,0,India_2004.csv
2023-11-13,2004,180.0,257.0,20.0,6.0,6.0,6.4,1,1,0,0,0,0,5,5,2.072473518595135,-0.3734642876201227,8.40201,8.790512,47.66948,13.668584,4,2023-11-13,19.298333333333336,0.0,72.93666666666667,6.136666666666667,1.0,332.33,2023,11,13,257.0,0,India_2004.csv
2023-11-14,2004,347.0,184.0,22.0,7.0,6.0,11.0,1,1,0,0,0,0,5,5,4.385800992571607,0.6000765844244323,6.9638596,9.612694,82.112335,-38.004536,4,2023-11-14,18.695,0.0,72.095,7.07,1.0,301.6033333333333,2023,11,14,347.0,0,India_2004.csv
2023-11-15,2004,256.0,223.0,22.0,8.0,6.0,9.8,1,1,0,0,0,0,5,5,3.5246906663196453,0.08841418657328146,7.293633,8.652011,63.31099,-36.84989,4,2023-11-15,18.58666666666667,0.0,73.09333333333333,7.491666666666667,1.0,298.7633333333333,2023,11,15,256.0,0,India_2004.csv
2023-11-16,2004,313.0,305.0,24.0,10.0,10.0,2.8,1,1,0,0,1,1,5,5,6.4214061944468135,-0.7588004392446435,7.4204736,10.260201,85.76739,-23.929962,4,2023-11-16,19.965,0.0,70.85666666666667,4.61,1.0,159.19500000000002,2023,11,16,313.0,0,India_2004.csv
2023-11-17,2004,378.0,218.0,25.0,13.0,9.0,1.0,1,1,0,0,1,1,5,5,6.838369641337315,-2.0228864710493677,7.0563383,10.08548,90.199005,-30.91772,4,2023-11-17,20.413333333333334,0.0,72.81833333333334,5.4816666666666665,1.0,155.17499999999998,2023,11,17,378.0,0,India_2004.csv
2023-11-18,2004,296.0,115.0,24.0,7.0,8.0,1.0,1,1,0,0,0,0,5,5,2.3420270665067893,-1.829042606727406,6.6665487,8.874579,73.51071,-44.24489,4,2023-11-18,19.885,0.0,71.16833333333334,5.603333333333334,1.0,200.41833333333332,2023,11,18,296.0,0,India_2004.csv
2023-11-19,2004,190.0,113.0,23.0,6.0,11.0,1.0,2,2,1,1,0,0,1,1,0.10744114100326388,-1.6367304106548448,7.3154974,3.651538,17.028196,-42.92935,4,2023-11-19,20.278333333333332,0.0,64.57666666666667,4.6866666666666665,1.0,180.515,2023,11,19,190.0,0,India_2004.csv
2023-11-20,2004,193.0,172.0,24.0,11.0,10.0,1.0,1,1,0,0,0,0,1,1,2.197233783273554,-2.32564225614925,7.0053425,7.1313004,42.365063,-49.515083,4,2023-11-20,18.835,0.0,72.08333333333333,6.986666666666667,1.0,306.0,2023,11,20,193.0,0,India_2004.csv
2023-11-21,2004,248.0,201.0,24.0,7.0,6.0,1.0,1,1,0,0,0,0,5,5,2.8393444593432493,-1.77549730501112,6.9499087,8.087264,51.920414,-37.009148,4,2023-11-21,18.875,0.0,67.13666666666667,11.253333333333332,1.0,288.79833333333335,2023,11,21,248.0,0,India_2004.csv
2023-11-22,2004,298.0,186.0,24.0,8.0,9.0,1.0,1,1,0,0,0,0,5,5,3.7547947359161253,-1.5388466387512125,6.8537483,9.150426,71.082535,-43.5899,4,2023-11-22,17.936666666666664,0.0,68.23,9.735,1.0,282.43833333333333,2023,11,22,298.0,0,India_2004.csv
2023-11-23,2004,291.0,198.0,27.0,11.0,8.0,1.0,1,1,0,0,0,0,5,5,4.640696239950783,-2.1183109228220367,7.154118,9.100997,69.05382,-32.622868,4,2023-11-23,17.871666666666666,0.0,71.16833333333334,4.988333333333333,1.0,159.78,2023,11,23,291.0,0,India_2004.csv
2023-11-24,2004,291.0,228.0,28.0,14.0,13.0,1.0,1,1,0,0,1,1,5,5,5.869930417781933,-1.9233863999197751,7.2879167,9.193038,69.37665,-32.33766,4,2023-11-24,18.183333333333334,0.0,72.14333333333333,5.43,1.0,272.85499999999996,2023,11,24,291.0,0,India_2004.csv
2023-11-25,2004,317.0,211.0,25.0,5.0,9.0,2.0,1,1,0,0,0,0,5,5,4.004614896288395,-0.6069996542680449,6.866391,9.285435,70.23216,-40.026573,4,2023-11-25,18.871666666666666,0.0,68.95,5.128333333333333,1.0,239.66,2023,11,25,317.0,0,India_2004.csv
2023-11-26,2004,308.0,267.0,27.0,21.0,31.0,1.0,1,1,0,0,1,1,5,5,8.366013831778385,-0.8772100705217288,7.986353,10.2071,89.526436,-18.606907,4,2023-11-26,19.21666666666667,0.0,69.825,7.5566666666666675,1.0,114.02833333333332,2023,11,26,308.0,0,India_2004.csv
2023-11-27,2004,323.0,180.0,26.0,9.0,9.0,5.4,1,1,0,0,0,0,5,5,4.536367332555541,-0.6931838503542911,6.8980722,9.1985655,69.661606,-38.346443,4,2023-11-27,18.455000000000002,0.0,77.94333333333334,9.626666666666667,1.0,130.77833333333334,2023,11,27,323.0,0,India_2004.csv
2023-11-28,2004,260.0,110.0,22.0,7.0,3.0,5.4,2,2,1,1,0,0,5,5,1.4466634338781466,-1.5794980550700182,6.732029,7.9982853,55.03576,-44.919796,4,2023-11-28,17.363333333333333,0.0,88.58999999999999,6.136666666666667,1.0,91.61166666666666,2023,11,28,260.0,0,India_2004.csv
2023-11-29,2004,189.0,133.0,23.0,8.0,5.0,1.0,2,2,1,1,0,0,1,1,0.7465662091425331,-2.5761018142886325,7.067365,3.7287724,16.52303,-42.78941,4,2023-11-29,18.80666666666667,0.0,79.82166666666667,5.295000000000001,1.0,121.66000000000001,2023,11,29,189.0,0,India_2004.csv
2023-11-30,2004,214.0,225.0,18.0,17.0,16.0,4.8,1,1,0,0,0,0,5,5,4.327697449446227,-1.5962806641566898,7.716681,8.787825,73.03644,-20.86391,4,2023-11-30,17.506666666666664,0.0,85.95333333333333,8.078333333333333,1.0,90.62,2023,11,30,225.0,0,India_2004.csv
2023-12-01,2004,297.0,176.0,19.0,6.0,7.0,5.6,1,1,0,0,0,0,5,5,2.833511451903511,-0.4994139577311871,6.7105284,8.7529545,67.596954,-40.264458,4,2023-12-01,18.535,0.0,81.31,6.625,1.0,278.125,2023,12,1,297.0,0,India_2004.csv
2023-12-02,2004,263.0,134.0,20.0,6.0,8.0,6.4,2,2,1,1,0,0,5,5,1.6163579717598298,-0.5063125396536168,6.78392,8.200398,66.28128,-40.489273,4,2023-12-02,17.985,0.0,78.47000000000001,6.671666666666667,1.0,306.2416666666666,2023,12,2,263.0,0,India_2004.csv
2023-12-03,2004,205.0,131.0,22.0,8.0,9.0,3.2,2,2,1,1,0,0,1,1,1.0132986504086476,-1.611417195442131,6.841501,7.0042086,44.414253,-41.958485,4,2023-12-03,18.503333333333334,0.0,74.41000000000001,5.911666666666666,1.0,191.58166666666668,2023,12,3,205.0,0,India_2004.csv
2023-12-04,2004,203.0,129.0,23.0,7.0,6.0,4.0,2,2,1,1,0,0,1,1,0.7950820676321408,-1.6090657174043228,6.863371,6.976124,44.497215,-40.977715,4,2023-12-04,17.223333333333333,0.0,73.87333333333333,7.861666666666667,1.0,316.1066666666667,2023,12,4,203.0,0,India_2004.csv
2023-12-05,2004,198.0,118.0,23.0,5.0,7.0,5.0,2,2,1,1,0,0,1,1,0.14755626233653701,-0.9928014541143234,6.823251,6.8710437,43.775314,-38.178352,4,2023-12-05,16.695,0.0,72.55,8.53,1.0,310.9016666666667,2023,12,5,198.0,0,India_2004.csv
2023-12-06,2004,183.0,119.0,24.0,5.0,8.0,1.0,2,2,1,1,0,0,1,1,-0.08389336360059263,-1.784816701592789,7.295101,3.6365654,16.832909,-43.01662,4,2023-12-06,16.485,0.0,77.45666666666666,6.476666666666667,1.0,305.40333333333336,2023,12,6,183.0,0,India_2004.csv
2023-12-07,2004,187.0,137.0,25.0,10.0,7.0,2.6,2,2,1,1,0,0,1,1,1.3760898426058616,-2.3210017607920457,7.174736,6.671258,43.200756,-43.161667,4,2023-12-07,16.738333333333333,0.0,76.71,7.93,1.0,290.31166666666667,2023,12,7,187.0,0,India_2004.csv
2023-12-08,2004,206.0,138.0,22.0,10.0,7.0,3.0,2,2,1,1,0,0,1,1,1.5211074419603914,-2.1974695537164206,6.888114,7.030504,44.38462,-42.66091,4,2023-12-08,16.255,0.0,74.56166666666667,8.936666666666666,1.0,295.36833333333334,2023,12,8,206.0,0,India_2004.csv
2023-12-09,2004,207.0,135.0,20.0,9.0,7.0,1.0,2,2,1,1,0,0,1,1,1.108095146056977,-2.4867088591921656,6.7028456,7.321659,45.67359,-43.765892,4,2023-12-09,15.898333333333333,0.0,69.87333333333333,10.218333333333332,1.0,292.4016666666667,2023,12,9,207.0,0,India_2004.csv
2023-12-10,2004,206.0,131.0,20.0,7.0,7.0,1.0,2,2,1,1,0,0,1,1,0.6227126084217792,-2.15714390229054,6.7155657,7.1946836,45.6734,-43.3325,4,2023-12-10,15.225,0.0,69.59833333333334,11.281666666666666,1.0,283.6466666666667,2023,12,10,206.0,0,India_2004.csv
2023-12-11,2004,205.0,129.0,21.0,10.0,5.0,1.0,2,2,1,1,0,0,1,1,1.2258987396009295,-2.917215287589514,6.712054,7.226343,45.666416,-43.95141,4,2023-12-11,15.053333333333333,0.0,69.85833333333333,6.13,1.0,209.61833333333334,2023,12,11,205.0,0,India_2004.csv
2023-12-12,2004,202.0,183.0,22.0,16.0,29.0,1.0,1,1,0,0,0,0,5,5,3.620948581965872,-0.9816477639557062,8.3641,7.701781,49.495705,-4.455023,4,2023-12-12,15.590000000000002,0.0,71.32833333333333,5.38,1.0,121.98666666666666,2023,12,12,202.0,0,India_2004.csv
2023-12-13,2004,256.0,224.0,21.0,13.0,9.0,1.0,1,1,0,0,0,0,5,5,4.37523694701718,-2.3788164167631574,7.2305274,9.177989,70.951225,-28.242601,4,2023-12-13,15.334999999999999,0.0,69.47500000000001,7.055,1.0,309.64500000000004,2023,12,13,256.0,0,India_2004.csv
2023-12-14,2004,290.0,145.0,20.0,9.0,5.0,1.0,1,1,0,0,0,0,5,5,2.78333328839622,-2.4248511055411277,6.6509256,8.920449,72.72549,-44.642372,4,2023-12-14,14.49,0.0,72.41166666666668,10.343333333333334,1.0,287.4166666666667,2023,12,14,290.0,0,India_2004.csv
2023-12-15,2004,221.0,163.0,21.0,10.0,5.0,1.0,1,1,0,0,0,0,5,5,2.0788666086998635,-2.704841884976256,6.7295175,7.7439923,48.082493,-45.446743,4,2023-12-15,14.158333333333333,0.0,70.45666666666666,6.163333333333333,1.0,300.72166666666664,2023,12,15,221.0,0,India_2004.csv
2023-12-16,2004,221.0,181.0,22.0,13.0,6.0,1.0,1,1,0,0,0,0,5,5,3.063907864762567,-3.0232796109498885,6.9675217,7.6500926,44.106613,-50.363388,4,2023-12-16,14.461666666666668,0.0,67.90499999999999,7.28,1.0,234.05666666666664,2023,12,16,221.0,0,India_2004.csv
2023-12-17,2004,244.0,157.0,22.0,9.0,6.0,2.8,1,1,0,0,0,0,5,5,2.3197502649480635,-1.9760713200743754,6.6934423,7.9002733,48.393497,-44.00124,4,2023-12-17,14.985,0.0,68.02,8.826666666666666,1.0,258.395,2023,12,17,244.0,0,India_2004.csv
2023-12-18,2004,235.0,126.0,21.0,8.0,5.0,1.0,2,2,1,1,0,0,5,5,1.3302893393210855,-2.4929764405973263,6.671068,7.696882,47.319008,-44.29581,4,2023-12-18,14.338333333333333,0.0,64.57666666666667,13.636666666666665,1.0,290.33,2023,12,18,235.0,0,India_2004.csv
2023-12-19,2004,183.0,131.0,21.0,6.0,4.0,1.0,2,2,1,1,0,0,1,1,0.03713645972455945,-2.3808733170286396,7.1219974,3.6120195,16.201084,-42.959194,4,2023-12-19,14.063333333333333,0.0,66.65166666666667,12.488333333333335,1.0,282.01666666666665,2023,12,19,183.0,0,India_2004.csv
2023-12-20,2004,192.0,138.0,20.0,9.0,6.0,4.0,2,2,1,1,0,0,1,1,0.9117743274472289,-1.9728669162173718,6.8604827,6.9374065,43.226967,-41.314995,4,2023-12-20,13.513333333333334,0.0,73.665,8.308333333333332,1.0,295.5416666666667,2023,12,20,192.0,0,India_2004.csv
2023-12-21,2004,203.0,227.0,22.0,10.0,5.0,1.0,1,1,0,0,0,0,5,5,2.8706639588090743,-2.4364867279839317,7.090495,8.113311,45.253895,-51.037544,4,2023-12-21,13.763333333333334,0.0,75.77666666666667,8.386666666666667,1.0,303.2133333333333,2023,12,21,227.0,0,India_2004.csv
2023-12-22,2004,279.0,347.0,24.0,14.0,7.0,4.2,1,1,0,0,1,1,5,5,7.268102394912702,-1.3909586449829976,7.782626,10.384738,86.977325,-12.195528,4,2023-12-22,14.235,0.0,76.80333333333333,5.576666666666667,1.0,268.30833333333334,2023,12,22,347.0,0,India_2004.csv
2023-12-23,2004,373.0,254.0,24.0,10.0,5.0,1.0,1,1,0,0,1,1,5,5,6.609836007692327,-1.7963093336182692,7.054188,10.122616,89.07146,-30.037586,4,2023-12-23,16.075,0.0,73.70333333333333,5.28,1.0,116.22833333333334,2023,12,23,373.0,0,India_2004.csv
2023-12-24,2004,300.0,259.0,24.0,24.0,7.0,1.0,1,1,0,0,1,1,5,5,8.174784934524011,-4.2199145729133845,7.863247,10.239608,81.93207,-18.324795,4,2023-12-24,15.63,0.0,77.39833333333333,6.211666666666667,1.0,301.105,2023,12,24,300.0,0,India_2004.csv
2023-12-25,2004,324.0,171.0,21.0,11.0,5.0,1.0,1,1,0,0,0,0,5,5,4.315742555701023,-2.5434365759746687,6.728819,9.306567,71.477684,-44.295746,4,2023-12-25,15.281666666666666,0.0,78.78833333333334,8.301666666666668,1.0,289.7083333333333,2023,12,25,324.0,0,India_2004.csv
2023-12-26,2004,274.0,193.0,21.0,11.0,4.0,1.0,1,1,0,0,0,0,5,5,3.7394488702788227,-2.6945200117491104,6.748443,9.021073,68.046364,-47.072014,4,2023-12-26,15.07,0.0,76.44833333333334,6.05,1.0,289.7633333333333,2023,12,26,274.0,0,India_2004.csv
2023-12-27,2004,272.0,252.0,22.0,11.0,4.0,1.0,1,1,0,0,1,1,5,5,4.745273925431595,-2.4042373814348825,7.1271467,9.346564,69.83529,-29.423786,4,2023-12-27,14.431666666666667,0.0,81.16166666666668,7.096666666666667,1.0,308.10333333333335,2023,12,27,272.0,0,India_2004.csv
2023-12-28,2004,321.0,186.0,21.0,10.0,4.0,1.0,1,1,0,0,1,1,5,5,4.293423782714098,-2.416571138072887,6.744188,9.226348,71.32358,-44.284737,4,2023-12-28,13.428333333333333,0.0,86.63999999999999,6.041666666666667,1.0,229.12333333333333,2023,12,28,321.0,0,India_2004.csv
2023-12-29,2004,252.0,247.0,20.0,15.0,4.0,1.0,1,1,0,0,1,1,5,5,4.9437050344580715,-3.2065016292097375,7.4131403,9.414925,71.860504,-27.395575,4,2023-12-29,12.965000000000002,0.0,88.91666666666667,3.5316666666666667,1.0,230.88333333333333,2023,12,29,252.0,0,India_2004.csv
2023-12-30,2004,294.0,301.0,24.0,6.0,5.0,1.0,1,1,0,0,1,1,5,5,5.115913582691389,-1.091630103472268,7.51423,9.992398,84.63697,-24.889385,4,2023-12-30,12.655,0.0,90.71333333333332,4.523333333333333,1.0,272.77833333333336,2023,12,30,301.0,0,India_2004.csv
2023-12-31,2004,333.0,233.0,23.0,6.0,2.0,1.0,1,1,0,0,1,1,5,5,4.611312605921779,-1.6597647215760682,6.8688836,9.580966,86.51169,-31.127148,4,2023-12-31,12.141666666666666,0.0,84.95,4.246666666666667,1.0,168.38333333333333,2023,12,31,333.0,0,India_2004.csv
2024-01-01,2004,293.0,167.0,20.0,4.0,2.0,5.4,1,1,0,0,0,0,5,5,2.2245203180782074,-0.8071993750778744,6.7385345,8.671473,67.573105,-40.172436,4,2024-01-01,10.308333333333334,0.0,85.69666666666667,5.800000000000001,1.0,301.72333333333336,2024,1,1,293.0,0,India_2004.csv
2024-01-02,2004,228.0,165.0,21.0,5.0,2.0,1.0,2,2,1,1,0,0,5,5,1.202026696579478,-2.135886695772682,6.6293855,7.744485,47.982594,-41.888706,4,2024-01-02,9.264999999999999,0.0,86.145,5.41,1.0,285.17833333333334,2024,1,2,228.0,0,India_2004.csv
2024-01-03,2004,223.0,157.0,21.0,5.0,1.0,2.0,2,2,1,1,0,0,5,5,0.9812059701957833,-2.08434892758709,6.641458,7.7076664,47.940674,-41.861256,4,2024-01-03,9.713333333333333,0.0,88.79333333333334,5.64,1.0,273.38166666666666,2024,1,3,223.0,0,India_2004.csv
2024-01-04,2004,230.0,206.0,20.0,9.0,27.0,6.6,1,1,0,0,0,0,5,5,3.0165931088048628,1.425586463729395,7.6828966,8.166463,52.21243,7.003849,4,2024-01-04,12.041666666666666,0.0,82.855,6.295000000000001,1.0,307.16333333333336,2024,1,4,230.0,0,India_2004.csv
2024-01-05,2004,271.0,189.0,20.0,4.0,15.2,16.6,1,1,0,0,0,0,11,11,2.498895525882861,3.1875285605118946,10.168737,7.2182703,33.331417,33.416557,4,2024-01-05,11.428333333333335,0.0,86.29333333333334,5.323333333333333,1.0,281.5216666666667,2024,1,5,271.0,0,India_2004.csv
2024-01-06,2004,227.0,157.0,20.0,6.0,11.8,4.8,2,2,1,1,0,0,5,5,1.349112344987742,-0.41628894223145885,7.0323653,7.5510616,50.80583,-40.19713,4,2024-01-06,12.426666666666668,0.0,80.77666666666666,5.5,1.0,264.54,2024,1,6,227.0,0,India_2004.csv
2024-01-07,2004,227.0,158.0,22.0,8.0,1.0,2.0,2,2,0,0,0,0,5,5,1.749821722691168,-2.5879064900661106,6.6220794,7.7580323,47.686802,-43.247833,4,2024-01-07,10.931666666666667,0.0,82.93666666666667,5.428333333333334,1.0,231.91666666666666,2024,1,7,227.0,0,India_2004.csv
2024-01-08,2004,230.0,287.0,21.0,10.0,47.4,1.0,1,1,0,0,2,2,5,5,4.781353255376068,2.747239332070255,11.979904,5.6765738,66.53577,43.043076,4,2024-01-08,11.158333333333333,0.0,87.78333333333335,5.531666666666666,1.0,220.27833333333334,2024,1,8,287.0,0,India_2004.csv
2024-01-09,2004,284.0,148.0,21.0,5.0,5.8,5.2,1,1,0,0,0,0,5,5,2.0659575040953873,-0.7058113278372884,6.763132,8.562759,67.25244,-39.99744,4,2024-01-09,10.455,0.0,86.005,10.123333333333333,1.0,297.56166666666667,2024,1,9,284.0,0,India_2004.csv
2024-01-10,2004,199.0,160.0,17.0,5.0,12.4,6.8,2,2,1,1,0,0,1,1,0.4874257262572176,0.17513009753598888,7.1734686,7.440393,-5.1977305,-38.68939,4,2024-01-10,9.351666666666667,0.0,85.095,12.303333333333333,1.0,286.65333333333336,2024,1,10,199.0,0,India_2004.csv
2024-01-11,2004,212.0,204.0,20.0,11.0,2.0,3.0,1,1,0,0,0,0,5,5,2.702119473551508,-2.6181787682307265,6.8950977,7.8796372,46.82643,-50.14356,4,2024-01-11,9.345,0.0,88.79833333333333,10.111666666666666,1.0,299.42333333333335,2024,1,11,212.0,0,India_2004.csv
2024-01-12,2004,244.0,175.0,19.0,9.0,3.0,1.0,1,1,0,0,0,0,5,5,2.323975178736418,-2.646938481314937,6.65971,8.128943,48.860905,-44.44873,4,2024-01-12,9.928333333333333,0.0,87.73666666666666,8.415000000000001,1.0,282.84,2024,1,12,244.0,0,India_2004.csv
2024-01-13,2004,244.0,422.0,24.0,14.0,2.0,6.4,1,1,0,0,1,1,2,2,7.8221382668167925,-1.21323841095595,8.149302,10.803205,93.53223,-5.0438604,4,2024-01-13,10.033333333333333,0.0,85.19166666666666,4.465,1.0,250.34833333333333,2024,1,13,422.0,0,India_2004.csv
2024-01-14,2004,416.0,355.0,22.0,13.0,3.0,1.0,1,1,0,0,1,1,2,2,9.48567502012922,-1.9498578045794563,7.4299397,10.718834,92.92078,-24.413673,4,2024-01-14,9.438333333333334,0.0,86.31166666666667,7.351666666666667,1.0,313.58166666666665,2024,1,14,416.0,0,India_2004.csv
2024-01-15,2004,380.0,168.0,20.0,13.0,2.0,1.0,1,1,0,0,1,1,5,5,5.591835358991336,-3.0969155153678116,6.76663,9.759789,86.75224,-38.68839,4,2024-01-15,8.626666666666667,0.0,87.06333333333333,7.1066666666666665,1.0,241.71333333333334,2024,1,15,380.0,0,India_2004.csv
2024-01-16,2004,245.0,182.0,20.0,18.0,1.0,5.6,1,1,0,0,0,0,5,5,4.382939294218056,-3.406877794372344,7.388057,8.757604,73.65279,-32.245358,4,2024-01-16,8.816666666666666,0.0,85.56166666666667,5.853333333333333,1.0,137.11833333333334,2024,1,16,245.0,0,India_2004.csv
2024-01-17,2004,290.0,181.0,19.0,8.0,2.0,6.8,1,1,0,0,0,0,5,5,3.145360781939855,-1.1531897326515144,6.8351183,8.81952,67.52252,-40.248676,4,2024-01-17,10.146666666666667,0.0,85.27999999999999,7.614999999999999,1.0,139.83833333333334,2024,1,17,290.0,0,India_2004.csv
2024-01-18,2004,242.0,157.0,20.0,9.0,1.0,1.0,1,1,0,0,0,0,5,5,2.044504857039999,-2.9600464215259055,6.614508,7.940189,48.510117,-44.2586,4,2024-01-18,10.933333333333332,0.0,86.96666666666665,2.595,1.0,222.99833333333333,2024,1,18,242.0,0,India_2004.csv
2024-01-19,2004,220.0,151.0,20.0,8.0,24.4,7.6,2,2,1,1,0,0,1,1,1.713570147410146,1.2272218242683084,7.620027,7.7162757,15.326473,34.727375,4,2024-01-19,9.653333333333334,0.0,89.82666666666667,5.71,1.0,153.01500000000001,2024,1,19,220.0,0,India_2004.csv
2024-01-20,2004,226.0,154.0,20.0,4.0,3.0,1.0,2,2,1,1,0,0,5,5,0.7198259005819323,-1.9136719608119326,6.6386046,7.714083,47.980152,-41.80471,4,2024-01-20,9.57,0.0,89.13666666666667,5.5633333333333335,1.0,255.40833333333333,2024,1,20,226.0,0,India_2004.csv
2024-01-21,2004,227.0,155.0,20.0,7.0,18.6,1.0,2,2,1,1,0,0,5,5,1.5423602217169246,-0.660306460301793,7.342408,7.755815,53.645493,-53.020027,4,2024-01-21,8.941666666666666,0.0,89.97333333333334,9.446666666666667,1.0,291.84833333333336,2024,1,21,227.0,0,India_2004.csv
2024-01-22,2004,231.0,172.0,22.0,5.0,1.0,1.0,2,2,1,1,0,0,5,5,1.436514630715472,-2.1987405267447744,6.63001,7.7653704,48.009617,-41.86483,4,2024-01-22,9.208333333333334,0.0,87.11666666666667,4.948333333333333,1.0,168.61999999999998,2024,1,22,231.0,0,India_2004.csv
2024-01-23,2004,238.0,232.0,24.0,10.0,1.0,1.0,1,1,0,0,0,0,5,5,3.7047912505892193,-2.749527633918055,7.3046002,8.788757,68.17812,-28.656992,4,2024-01-23,11.074999999999998,0.0,87.875,4.926666666666667,1.0,262.6333333333333,2024,1,23,238.0,0,India_2004.csv
2024-01-24,2004,268.0,301.0,23.0,11.0,1.0,1.0,1,1,0,0,1,1,5,5,5.514578417972123,-2.5096526238656818,7.447585,10.0967045,84.343735,-23.882738,4,2024-01-24,10.83,0.0,85.46666666666665,6.738333333333333,1.0,304.34499999999997,2024,1,24,301.0,0,India_2004.csv
2024-01-25,2004,321.0,200.0,21.0,7.0,1.0,3.0,1,1,0,0,0,0,5,5,3.91430980086783,-1.7237332820642235,6.798184,9.333438,69.754555,-39.455925,4,2024-01-25,10.546666666666667,0.0,87.00833333333333,5.141666666666667,1.0,231.61666666666667,2024,1,25,321.0,0,India_2004.csv
2024-01-26,2004,251.0,289.0,20.0,10.0,2.0,1.0,1,1,0,0,1,1,5,5,4.586115625180207,-2.351698060959529,7.4784737,9.967008,84.06634,-24.080702,4,2024-01-26,11.341666666666667,0.0,84.71,5.753333333333334,1.0,301.945,2024,1,26,289.0,0,India_2004.csv
2024-01-27,2004,355.0,164.0,20.0,8.0,1.0,2.8,1,1,0,0,0,0,5,5,4.074934077470763,-2.028766972310885,6.7293577,9.687171,85.1771,-39.391922,4,2024-01-27,12.861666666666666,0.0,76.70166666666667,10.79,1.0,286.435,2024,1,27,355.0,0,India_2004.csv
2024-01-28,2004,238.0,162.0,21.0,21.0,34.8,1.0,1,1,0,0,0,0,5,5,4.938958476170572,-1.2084664200136697,8.625931,8.485336,73.920364,-16.924383,4,2024-01-28,13.915,0.0,82.56,8.736666666666666,1.0,130.13166666666666,2024,1,28,238.0,0,India_2004.csv
2024-01-29,2004,255.0,245.0,27.0,14.0,1.0,4.8,1,1,0,0,1,1,5,5,5.3191425818507625,-2.4855480249535593,7.7495856,9.201719,68.500786,-25.928339,4,2024-01-29,14.385,0.0,86.455,6.766666666666667,1.0,208.89499999999998,2024,1,29,255.0,0,India_2004.csv
2024-01-30,2004,301.0,247.0,22.0,15.0,26.8,5.4,1,1,0,0,1,1,5,5,6.338111055806291,0.5061248187716001,7.8233457,9.737401,78.89146,-23.717587,4,2024-01-30,13.923333333333334,0.0,89.67166666666667,5.686666666666667,1.0,230.92,2024,1,30,301.0,0,India_2004.csv
2024-01-31,2004,293.0,187.0,21.0,10.0,19.2,6.0,1,1,0,0,0,0,5,5,4.045896752870753,0.32919587616657214,7.0389414,9.036916,74.519844,-39.684704,4,2024-01-31,14.391666666666666,0.0,90.89,9.363333333333333,1.0,123.35333333333334,2024,1,31,293.0,0,India_2004.csv
2024-02-01,2004,277.0,74.0,20.0,5.0,2.0,1.0,2,2,1,1,0,0,5,5,0.5412762636915401,-2.446298286266195,6.6037407,8.274946,54.959587,-46.845627,4,2024-02-01,14.660000000000002,0.0,87.79833333333333,11.891666666666667,1.0,105.67333333333333,2024,2,1,277.0,0,India_2004.csv
2024-02-02,2004,152.0,99.0,19.0,6.0,2.0,1.0,2,2,1,1,3,3,1,1,-1.2367422433147606,-2.8702388435787753,7.1911287,3.2565613,15.772319,-44.456573,4,2024-02-02,12.674999999999999,0.0,80.70833333333333,10.568333333333333,1.0,297.4016666666667,2024,2,2,152.0,0,India_2004.csv
2024-02-03,2004,180.0,101.0,20.0,5.0,2.0,1.0,2,2,1,1,0,0,1,1,-0.810536286391275,-2.5954090792152464,7.1612487,3.3530443,15.994035,-43.769314,4,2024-02-03,14.961666666666668,0.0,71.15,6.558333333333334,1.0,244.67333333333332,2024,2,3,180.0,0,India_2004.csv
2024-02-04,2004,167.0,144.0,21.0,22.0,2.0,1.0,1,1,0,0,0,0,1,1,3.14120565094124,-5.4070716965445165,7.319532,6.011025,33.990284,-60.243454,4,2024-02-04,15.921666666666667,0.0,88.79833333333333,8.751666666666667,1.0,158.16666666666666,2024,2,4,167.0,0,India_2004.csv
2024-02-05,2004,213.0,91.0,17.0,6.0,4.0,1.0,2,2,1,1,0,0,1,1,-0.36815754396904443,-2.5211680000598875,7.0579767,3.254201,14.306312,-39.90769,4,2024-02-05,14.166666666666666,0.0,82.01833333333333,9.085,1.0,304.82,2024,2,5,213.0,0,India_2004.csv
2024-02-06,2004,166.0,83.0,19.0,10.0,3.0,1.0,2,2,1,1,0,0,1,1,-0.4253146214762319,-3.4981177968776245,7.094595,3.8536031,17.947622,-46.015152,4,2024-02-06,12.211666666666666,0.0,72.96666666666667,10.466666666666667,1.0,306.79833333333335,2024,2,6,166.0,0,India_2004.csv
2024-02-07,2004,147.0,94.0,20.0,7.0,4.0,1.0,2,2,1,1,3,3,1,1,-1.1104489733904799,-2.8497879857119948,7.220658,3.4092147,16.217365,-44.826607,4,2024-02-07,12.401666666666666,0.0,66.63166666666666,15.221666666666666,1.0,298.53,2024,2,7,147.0,0,India_2004.csv
2024-02-08,2004,152.0,91.0,21.0,8.0,5.0,1.0,2,2,1,1,0,0,1,1,-0.7783239894868869,-2.9042967692715544,7.211539,3.6504583,16.740492,-45.044544,4,2024-02-08,13.091666666666667,0.0,64.73,18.805,1.0,288.60333333333335,2024,2,8,152.0,0,India_2004.csv
2024-02-09,2004,153.0,87.0,19.0,12.0,8.0,1.0,2,2,1,1,0,0,1,1,-0.13938750668698605,-3.2997791507374936,7.1612935,3.751163,13.379724,-49.24411,4,2024-02-09,13.138333333333334,0.0,69.83333333333333,8.445,1.0,213.87166666666667,2024,2,9,153.0,0,India_2004.csv
2024-02-10,2004,147.0,160.0,25.0,14.0,6.0,1.0,2,2,1,1,0,0,1,1,1.7804508712857767,-3.492268942015351,7.233452,5.8834968,30.514868,-51.085052,4,2024-02-10,13.033333333333333,0.0,82.57000000000001,6.901666666666666,1.0,262.9316666666667,2024,2,10,160.0,0,India_2004.csv
2024-02-11,2004,231.0,143.0,24.0,9.0,6.0,1.0,1,1,0,0,0,0,5,5,1.9760398747191263,-2.4599591006336,6.6638184,7.695668,47.217243,-44.155037,4,2024-02-11,14.146666666666667,0.0,74.88333333333334,7.868333333333333,1.0,317.91333333333336,2024,2,11,231.0,0,India_2004.csv
2024-02-12,2004,216.0,147.0,25.0,7.0,4.0,1.0,2,2,1,1,0,0,1,1,1.4151898780335883,-2.35129566365222,6.704935,7.580839,47.10425,-43.170746,4,2024-02-12,14.631666666666668,0.0,76.66166666666668,6.188333333333333,1.0,214.73666666666668,2024,2,12,216.0,0,India_2004.csv
2024-02-13,2004,210.0,194.0,24.0,12.0,3.0,1.0,1,1,0,0,0,0,5,5,2.9894853236250607,-3.14080431396671,7.0040464,7.6926923,43.8422,-50.354847,4,2024-02-13,15.145000000000001,0.0,73.73166666666667,5.773333333333333,1.0,270.8666666666667,2024,2,13,210.0,0,India_2004.csv
2024-02-14,2004,264.0,156.0,21.0,11.0,6.0,1.0,1,1,0,0,0,0,5,5,2.972108259679692,-2.676782565697265,6.6498094,8.462301,66.14376,-47.877655,4,2024-02-14,15.813333333333333,0.0,74.95,9.358333333333333,1.0,305.425,2024,2,14,264.0,0,India_2004.csv
2024-02-15,2004,236.0,103.0,23.0,9.0,5.0,1.0,2,2,1,1,0,0,1,1,1.3250839774290681,-2.7624616475727137,6.698742,7.706854,47.004505,-44.878998,4,2024-02-15,15.606666666666667,0.0,69.60333333333334,9.701666666666666,1.0,306.01666666666665,2024,2,15,236.0,0,India_2004.csv
2024-02-16,2004,192.0,99.0,21.0,8.0,5.0,1.0,2,2,1,1,0,0,1,1,0.09259867178024143,-2.7493720008088838,7.0604334,3.6897905,17.6788,-43.38443,4,2024-02-16,15.858333333333334,0.0,62.605,8.941666666666666,1.0,309.95166666666665,2024,2,16,192.0,0,India_2004.csv
2024-02-17,2004,180.0,102.0,23.0,10.0,5.0,1.0,2,2,1,1,0,0,1,1,0.473576417785114,-3.105544564331133,7.032286,4.082218,18.25747,-44.118027,4,2024-02-17,16.565,0.0,62.28666666666667,10.198333333333332,1.0,284.0233333333333,2024,2,17,180.0,0,India_2004.csv
2024-02-18,2004,179.0,107.0,26.0,14.0,2.0,1.0,2,2,1,1,0,0,1,1,1.5326541655761154,-4.105191496922649,7.08001,5.8720326,27.483706,-51.010864,4,2024-02-18,19.401666666666667,0.0,57.598333333333336,11.066666666666668,1.0,145.71666666666667,2024,2,18,179.0,0,India_2004.csv
2024-02-19,2004,190.0,100.0,25.0,8.0,4.0,1.0,2,2,1,1,0,0,1,1,0.36495415539310144,-2.832113042292919,7.0841813,3.991025,18.7369,-44.151844,4,2024-02-19,20.578333333333333,0.0,62.824999999999996,19.291666666666668,1.0,127.65333333333332,2024,2,19,190.0,0,India_2004.csv
2024-02-20,2004,168.0,108.0,24.0,14.0,3.0,1.0,2,2,1,1,0,0,1,1,1.2050431434862796,-4.034408473020898,7.0992866,5.7439227,27.94846,-50.88154,4,2024-02-20,19.471666666666668,0.0,69.38833333333334,8.94,1.0,123.17333333333333,2024,2,20,168.0,0,India_2004.csv
2024-02-21,2004,185.0,105.0,23.0,6.0,3.0,1.0,2,2,1,1,0,0,1,1,-0.21129758183657238,-2.5998054125903605,7.139077,3.6101615,16.599428,-43.516125,4,2024-02-21,18.615,0.0,52.70166666666666,11.003333333333332,1.0,210.75166666666667,2024,2,21,185.0,0,India_2004.csv
2024-02-22,2004,172.0,77.0,23.0,9.0,3.0,1.0,2,2,1,1,0,0,1,1,-0.3084471115440508,-3.3021816547354836,7.04748,4.1754394,18.88611,-45.556007,4,2024-02-22,16.814999999999998,0.0,49.79,10.435,1.0,314.0833333333333,2024,2,22,172.0,0,India_2004.csv
2024-02-23,2004,133.0,66.0,22.0,10.0,4.0,1.0,2,2,1,1,3,3,1,1,-1.0736627274542663,-3.5391308760630675,7.0303955,4.5452294,21.336058,-48.68467,4,2024-02-23,15.799999999999999,0.0,46.72833333333333,10.126666666666667,1.0,270.83500000000004,2024,2,23,133.0,0,India_2004.csv
2024-02-24,2004,129.0,82.0,25.0,11.0,5.0,1.0,2,2,1,1,0,0,1,1,-0.444295164269601,-3.510996756059927,7.052589,4.7076025,22.20297,-48.98726,4,2024-02-24,16.528333333333332,0.0,43.135,6.598333333333334,1.0,183.01999999999998,2024,2,24,129.0,0,India_2004.csv
2024-02-25,2004,152.0,77.0,24.0,10.0,4.0,1.0,2,2,1,1,0,0,1,1,-0.38958413958168914,-3.414452554719782,7.023444,4.541102,21.248072,-47.8577,4,2024-02-25,17.668333333333333,0.0,41.03333333333333,8.728333333333333,1.0,72.07833333333333,2024,2,25,152.0,0,India_2004.csv
2024-02-26,2004,148.0,83.0,24.0,10.0,4.0,1.0,2,2,1,1,0,0,1,1,-0.3652714789385829,-3.3967390427399695,7.0497856,4.534839,21.372688,-47.947983,4,2024-02-26,17.94666666666667,0.0,45.77,6.978333333333334,1.0,270.32,2024,2,26,148.0,0,India_2004.csv
2024-02-27,2004,145.0,146.0,25.0,8.0,3.0,1.0,2,2,1,1,0,0,1,1,0.27433667093461583,-2.8515164642869246,6.608507,3.573793,32.65297,-49.65248,4,2024-02-27,17.653333333333332,0.0,51.11833333333333,11.031666666666666,1.0,297.93,2024,2,27,146.0,0,India_2004.csv
2024-02-28,2004,141.0,80.0,22.0,9.0,5.0,4.8,2,2,1,1,0,0,1,1,-0.8295300196812044,-2.3265540532805167,7.480109,4.000822,23.659191,-41.37822,4,2024-02-28,17.493333333333336,0.0,56.75,13.573333333333332,1.0,302.14000000000004,2024,2,28,141.0,0,India_2004.csv
2024-02-29,2004,135.0,74.0,25.0,11.0,4.0,1.0,2,2,1,1,0,0,1,1,-0.4762801558127902,-3.646374562987479,7.0315905,4.623551,22.116596,-48.869987,4,2024-02-29,18.846666666666668,0.0,55.723333333333336,9.438333333333334,1.0,290.2666666666667,2024,2,29,135.0,0,India_2004.csv
2024-03-01,2004,135.0,95.0,29.0,10.0,4.0,1.0,2,2,1,1,0,0,1,1,-0.028047955722926354,-3.335969987657975,7.1321664,4.9407206,23.446608,-48.14278,4,2024-03-01,20.82,0.0,59.855,8.825000000000001,1.0,130.02,2024,3,1,135.0,0,India_2004.csv
2024-03-02,2004,161.0,53.0,25.0,8.0,3.0,1.0,2,2,1,1,0,0,1,1,-0.9533467049202579,-3.2593133452206113,7.02236,4.4118013,20.566076,-46.559,4,2024-03-02,19.356666666666666,0.0,79.305,19.396666666666665,1.0,157.11833333333334,2024,3,2,161.0,0,India_2004.csv
2024-03-03,2004,82.0,90.0,24.0,9.0,4.0,1.0,2,2,1,1,3,3,1,1,-1.672032468837435,-3.3777264450543325,7.119076,4.3114376,9.087793,-69.31935,4,2024-03-03,16.688333333333333,0.0,74.54833333333333,8.411666666666667,1.0,226.08333333333334,2024,3,3,90.0,0,India_2004.csv
2024-03-04,2004,105.0,64.0,23.0,10.0,2.0,1.0,2,2,1,1,3,3,1,1,-1.5719113402206932,-3.849415304676217,7.040086,4.5258217,11.431798,-69.65818,4,2024-03-04,15.303333333333333,0.0,57.51166666666666,11.016666666666666,1.0,300.7633333333333,2024,3,4,105.0,0,India_2004.csv
2024-03-05,2004,105.0,69.0,26.0,10.0,2.0,3.2,2,2,1,1,0,0,1,1,-1.2291721981754635,-3.3197955342231675,7.1209693,4.468471,11.623521,-69.163635,4,2024-03-05,14.775,0.0,57.541666666666664,11.685,1.0,304.45166666666665,2024,3,5,105.0,0,India_2004.csv
2024-03-06,2004,127.0,72.0,27.0,10.0,2.0,2.8,2,2,1,1,0,0,1,1,-0.7027350750530084,-3.3209693302611734,7.173199,4.676482,22.906511,-47.317535,4,2024-03-06,15.008333333333333,0.0,60.82666666666666,9.31,1.0,305.7583333333334,2024,3,6,127.0,0,India_2004.csv
2024-03-07,2004,143.0,89.0,28.0,9.0,2.0,1.0,2,2,1,1,0,0,1,1,-0.2790657659390916,-3.401446978997415,7.2469463,4.789971,23.100185,-47.932724,4,2024-03-07,17.161666666666665,0.0,57.074999999999996,10.325000000000001,1.0,308.345,2024,3,7,143.0,0,India_2004.csv
2024-03-08,2004,149.0,76.0,28.0,9.0,2.0,3.4,2,2,1,1,0,0,1,1,-0.3459665863120489,-2.922485812904451,7.3524375,4.6773744,23.225882,-46.219894,4,2024-03-08,17.871666666666666,0.0,52.79833333333334,12.183333333333332,1.0,321.58,2024,3,8,149.0,0,India_2004.csv
2024-03-09,2004,139.0,69.0,30.0,10.0,2.0,1.4,2,2,1,1,0,0,1,1,-0.3217540684760082,-3.5832541221323604,7.1356397,4.797219,23.047346,-48.34332,4,2024-03-09,17.84166666666667,0.0,54.28666666666667,11.368333333333334,1.0,299.0883333333333,2024,3,9,139.0,0,India_2004.csv
2024-03-10,2004,130.0,90.0,36.0,13.0,2.0,1.0,2,2,1,1,0,0,1,1,0.9092994701572454,-4.074487524072092,7.231854,5.791152,23.713533,-52.245483,4,2024-03-10,20.10166666666667,0.0,51.84166666666667,8.288333333333332,1.0,199.83333333333334,2024,3,10,130.0,0,India_2004.csv
2024-03-11,2004,158.0,92.0,38.0,12.0,2.0,1.0,2,2,1,1,0,0,1,1,1.4117214508894511,-3.791692810705781,7.372724,5.94947,23.498465,-52.625435,4,2024-03-11,21.883333333333336,0.0,47.965,8.268333333333333,1.0,132.25833333333333,2024,3,11,158.0,0,India_2004.csv
2024-03-12,2004,157.0,94.0,38.0,11.0,2.0,1.0,2,2,1,1,0,0,1,1,1.2253143520805634,-3.6088256553992335,7.3991323,5.9637184,23.463589,-52.631474,4,2024-03-12,22.041666666666668,0.0,47.72666666666667,11.608333333333334,1.0,298.4016666666667,2024,3,12,157.0,0,India_2004.csv
2024-03-13,2004,152.0,78.0,34.0,10.0,2.0,1.0,2,2,1,1,0,0,1,1,0.3651616552592254,-3.5573020478133515,7.2974257,5.7672405,23.397783,-52.30533,4,2024-03-13,21.023333333333333,0.0,56.72833333333333,8.703333333333333,1.0,178.095,2024,3,13,152.0,0,India_2004.csv
2024-03-14,2004,140.0,91.0,35.0,12.0,2.0,1.0,2,2,1,1,0,0,1,1,0.833754176856894,-3.8726072453966345,7.26969,5.824241,23.631313,-52.244564,4,2024-03-14,21.8,0.0,47.19333333333333,11.920000000000002,1.0,299.9166666666667,2024,3,14,140.0,0,India_2004.csv
2024-03-15,2004,147.0,57.0,33.0,9.0,2.0,4.2,2,2,1,1,0,0,1,1,-0.30145749052683013,-2.8062142974276276,7.5217075,4.8334513,23.219694,-45.881954,4,2024-03-15,19.815,0.0,44.873333333333335,12.13,1.0,297.36999999999995,2024,3,15,147.0,0,India_2004.csv
2024-03-16,2004,93.0,78.0,35.0,12.0,6.0,1.0,2,2,1,1,0,0,1,1,-0.20096310748964025,-3.617460146166249,6.9882965,4.9225645,12.329922,-76.28663,4,2024-03-16,20.058333333333334,0.0,43.623333333333335,8.685,1.0,314.8833333333333,2024,3,16,93.0,0,India_2004.csv
2024-03-17,2004,147.0,84.0,36.0,11.0,3.0,1.8,2,2,1,1,0,0,1,1,0.7476860330906117,-3.413840152696148,7.3629713,5.8800287,23.47601,-52.471745,4,2024-03-17,20.916666666666668,0.0,47.42166666666666,9.125,1.0,303.5566666666667,2024,3,17,147.0,0,India_2004.csv
2024-03-18,2004,145.0,90.0,37.0,11.0,3.0,1.0,2,2,1,1,0,0,1,1,0.8735075340348508,-3.557390297967275,7.3746057,5.9067335,23.492083,-52.518936,4,2024-03-18,20.991666666666667,0.0,47.291666666666664,8.973333333333334,1.0,297.55,2024,3,18,145.0,0,India_2004.csv
2024-03-19,2004,149.0,99.0,32.0,13.0,7.0,1.0,2,2,1,1,0,0,1,1,1.162810430255747,-3.4389107111141257,7.1635876,5.674481,24.283224,-51.19667,4,2024-03-19,21.905,0.0,46.48666666666667,8.166666666666666,1.0,316.85166666666663,2024,3,19,149.0,0,India_2004.csv
2024-03-20,2004,158.0,96.0,27.0,12.0,3.0,1.0,2,2,1,1,0,0,1,1,0.6507760297926931,-3.746082828528277,7.056958,5.5466785,25.132215,-49.826443,4,2024-03-20,23.77,0.0,42.72833333333333,9.431666666666667,1.0,223.23000000000002,2024,3,20,158.0,0,India_2004.csv
2024-03-21,2004,148.0,83.0,26.0,11.0,3.0,5.6,2,2,1,1,0,0,1,1,0.043214754438271434,-2.6641241188297053,7.476659,4.556455,25.55359,-43.370995,4,2024-03-21,22.855,0.0,58.074999999999996,12.353333333333333,1.0,122.20666666666666,2024,3,21,148.0,0,India_2004.csv
2024-03-22,2004,150.0,83.0,26.0,12.0,3.0,4.4,2,2,1,1,0,0,1,1,0.2633341748555976,-3.09686049607792,7.428777,4.6231685,25.407297,-44.265335,4,2024-03-22,24.858333333333334,0.0,51.776666666666664,8.281666666666666,1.0,188.34833333333336,2024,3,22,150.0,0,India_2004.csv
2024-03-23,2004,156.0,115.0,25.0,18.0,2.0,1.0,2,2,1,1,0,0,1,1,1.9647919155102118,-4.844698160323629,7.166215,5.881918,29.379843,-52.327713,4,2024-03-23,26.096666666666664,0.0,42.291666666666664,12.091666666666667,1.0,291.75666666666666,2024,3,23,156.0,0,India_2004.csv
2024-03-24,2004,180.0,66.0,24.0,11.0,28.8,5.8,2,2,1,1,0,0,1,1,0.5140752738888998,0.30659791979423323,10.482981,4.5825725,4.3891354,25.632162,4,2024-03-24,23.86,0.0,50.72833333333333,12.876666666666667,1.0,233.735,2024,3,24,180.0,0,India_2004.csv
2024-03-25,2004,89.0,80.0,24.0,13.0,1.0,5.6,2,2,1,1,0,0,1,1,-0.8721014684106061,-3.444971555157359,8.096041,1.1812438,-9.973187,-77.22271,4,2024-03-25,25.42833333333333,0.0,43.4,12.746666666666668,1.0,310.96999999999997,2024,3,25,89.0,0,India_2004.csv
2024-03-26,2004,140.0,70.0,24.0,10.0,2.0,2.4,2,2,1,1,0,0,1,1,-0.7295457299769903,-3.4044870599459265,7.0557957,4.583476,21.80289,-48.211796,4,2024-03-26,26.478333333333335,0.0,43.82,9.696666666666667,1.0,220.77166666666668,2024,3,26,140.0,0,India_2004.csv
2024-03-27,2004,127.0,74.0,25.0,11.0,2.0,2.2,2,2,1,1,0,0,1,1,-0.6304993378533552,-3.63439591197512,7.1069813,4.6733227,22.229856,-48.66074,4,2024-03-27,28.726666666666663,0.0,41.24333333333333,8.081666666666667,1.0,235.85666666666665,2024,3,27,127.0,0,India_2004.csv
2024-03-28,2004,131.0,77.0,26.0,9.0,5.0,2.8,2,2,1,1,0,0,1,1,-0.788029965594207,-2.7758624836972388,7.2643256,4.525706,22.993443,-46.886486,4,2024-03-28,28.91333333333333,0.0,42.54833333333333,8.715,1.0,286.665,2024,3,28,131.0,0,India_2004.csv
2024-03-29,2004,134.0,83.0,26.0,10.0,5.0,3.8,2,2,1,1,0,0,1,1,-0.4189399583378215,-2.6950940440490574,7.4378104,4.541953,24.325615,-44.9163,4,2024-03-29,28.485,0.0,45.18833333333333,8.956666666666665,1.0,143.725,2024,3,29,134.0,0,India_2004.csv
2024-03-30,2004,138.0,89.0,25.0,11.0,5.0,4.0,2,2,1,1,0,0,1,1,-0.11926979669961661,-2.794415558610805,7.4408693,4.4858637,24.832458,-44.419037,4,2024-03-30,27.873333333333335,0.0,39.055,10.81,1.0,133.755,2024,3,30,138.0,0,India_2004.csv
2024-03-31,2004,143.0,101.0,24.0,13.0,3.0,1.0,2,2,1,1,0,0,1,1,0.4272734481539018,-3.9650056845439883,7.0488734,5.4084535,25.808374,-49.18457,4,2024-03-31,26.776666666666667,0.0,38.660000000000004,12.483333333333334,1.0,311.2583333333333,2024,3,31,143.0,0,India_2004.csv
2024-04-01,2004,144.0,65.0,23.0,10.0,4.0,1.0,2,2,1,1,0,0,1,1,-0.8103688417373528,-3.504188018996333,7.0098,4.5816846,21.373112,-48.315403,4,2024-04-01,24.44666666666667,0.0,38.06333333333333,13.628333333333332,1.0,305.70166666666665,2024,4,1,144.0,0,India_2004.csv
2024-04-02,2004,95.0,66.0,24.0,10.0,4.0,1.0,2,2,1,1,3,3,1,1,-1.6240957535383918,-3.633266965278086,7.0725417,4.4966693,11.493996,-70.0258,4,2024-04-02,26.05,0.0,32.15,11.854999999999999,1.0,237.13500000000002,2024,4,2,95.0,0,India_2004.csv
2024-04-03,2004,97.0,80.0,26.0,13.0,4.0,1.0,2,2,1,1,0,0,1,1,-0.6032768098666057,-4.071170661417292,7.1032114,4.533493,12.385226,-70.72027,4,2024-04-03,27.948333333333334,0.0,27.123333333333335,8.92,1.0,97.36833333333334,2024,4,3,97.0,0,India_2004.csv
2024-04-04,2004,124.0,77.0,23.0,11.0,5.0,6.4,2,2,1,1,0,0,1,1,-0.6921486791004708,-2.384430449898692,7.5183725,4.23177,24.814373,-42.67846,4,2024-04-04,29.253333333333334,0.0,25.22,10.844999999999999,1.0,212.89666666666668,2024,4,4,124.0,0,India_2004.csv
2024-04-05,2004,106.0,87.0,20.0,5.0,4.0,4.2,2,2,1,1,3,3,0,0,-2.338037975488802,-1.9506458896938355,7.9613543,2.0878296,-6.783546,-64.96185,4,2024-04-05,28.18166666666667,0.0,23.445000000000004,15.438333333333333,1.0,305.5683333333333,2024,4,5,106.0,0,India_2004.csv
2024-04-06,2004,114.0,80.0,18.0,3.0,9.0,10.4,2,2,1,1,3,3,0,0,-2.7083624377110973,0.2992782106361562,9.037797,2.3377273,-53.13969,16.89586,4,2024-04-06,27.173333333333332,0.0,21.255,12.598333333333334,1.0,308.0566666666667,2024,4,6,114.0,0,India_2004.csv
2024-04-07,2004,129.0,69.0,20.0,5.0,2.0,2.6,2,2,1,1,3,3,0,0,-2.2547133689004886,-2.5493496632533494,7.823847,1.9813863,-10.54328,-62.19959,4,2024-04-07,27.035,0.0,21.495,11.903333333333334,1.0,297.9116666666667,2024,4,7,129.0,0,India_2004.csv
2024-04-08,2004,111.0,81.0,22.0,4.0,2.0,4.6,2,2,1,1,3,3,0,0,-2.4100468990021295,-1.9134068823536994,7.974469,2.3835065,-6.162567,-64.96405,4,2024-04-08,28.326666666666668,0.0,19.771666666666665,9.421666666666667,1.0,252.275,2024,4,8,111.0,0,India_2004.csv
2024-04-09,2004,124.0,81.0,21.0,6.0,7.0,4.2,2,2,1,1,3,3,1,1,-1.7908104173250823,-1.75476844063836,7.9635777,2.2818487,-9.560951,-65.88144,4,2024-04-09,28.973333333333333,0.0,18.331666666666667,8.491666666666667,1.0,172.40833333333333,2024,4,9,124.0,0,India_2004.csv
2024-04-10,2004,132.0,97.0,21.0,6.0,7.0,1.0,2,2,1,1,3,3,1,1,-1.4275103226291095,-2.3535506655037848,7.7427735,2.031229,-12.222847,-62.0251,4,2024-04-10,29.338333333333335,0.0,22.311666666666667,8.703333333333333,1.0,150.9466666666667,2024,4,10,132.0,0,India_2004.csv
2024-04-11,2004,152.0,86.0,22.0,4.0,3.0,1.0,2,2,1,1,3,3,1,1,-1.6105288992560132,-2.4441409611961484,7.2333913,3.292869,15.135573,-44.575897,4,2024-04-11,30.126666666666665,0.0,22.326666666666668,8.266666666666667,1.0,137.54333333333332,2024,4,11,152.0,0,India_2004.csv
2024-04-12,2004,125.0,101.0,23.0,4.0,6.0,6.2,2,2,1,1,3,3,1,1,-1.676222518653396,-0.9624206238224088,8.16043,3.2481687,26.494745,-31.29505,4,2024-04-12,30.876666666666665,0.0,19.778333333333332,9.036666666666667,1.0,133.09166666666667,2024,4,12,125.0,0,India_2004.csv
2024-04-13,2004,148.0,82.0,22.0,3.0,3.0,1.0,2,2,1,1,3,3,1,1,-1.9507238427928744,-2.299262562308202,7.4291906,2.9685411,14.977197,-44.644566,4,2024-04-13,30.189999999999998,0.0,33.495,10.040000000000001,1.0,164.71,2024,4,13,148.0,0,India_2004.csv
2024-04-14,2004,122.0,72.0,22.0,5.0,1.0,1.0,2,2,1,1,3,3,0,0,-2.2179066122882474,-3.002779151489231,7.762136,1.9371014,-10.878287,-62.66057,4,2024-04-14,27.155,0.0,49.63333333333333,9.15,1.0,152.15833333333333,2024,4,14,122.0,0,India_2004.csv
2024-04-15,2004,124.0,93.0,22.0,6.0,3.0,2.6,2,2,1,1,3,3,1,1,-1.5889937806445886,-2.493011064462099,7.786874,2.0232844,-10.569563,-63.416134,4,2024-04-15,28.986666666666665,0.0,48.52333333333333,9.174999999999999,1.0,231.9366666666667,2024,4,15,124.0,0,India_2004.csv
2024-04-16,2004,157.0,93.0,21.0,5.0,2.0,1.0,2,2,1,1,3,3,1,1,-1.2908032405154453,-2.6931288403834306,7.1843095,3.3021357,15.558249,-44.400055,4,2024-04-16,29.775000000000002,0.0,32.223333333333336,16.843333333333334,1.0,301.21,2024,4,16,157.0,0,India_2004.csv
2024-04-17,2004,126.0,59.0,20.0,2.0,3.0,2.2,2,2,1,1,3,3,0,0,-3.0700153522712172,-2.0526996838691636,7.9042916,2.1592388,-5.31688,-63.310432,4,2024-04-17,29.596666666666668,0.0,23.834999999999997,18.493333333333336,1.0,298.2416666666667,2024,4,17,126.0,0,India_2004.csv
2024-04-18,2004,80.0,85.0,21.0,3.0,2.0,1.0,2,2,1,1,3,3,0,0,-3.247448284032753,-2.603228696123585,8.2625885,-0.13428181,-21.745861,-69.67353,4,2024-04-18,31.381666666666664,0.0,26.86,11.520000000000001,1.0,267.8883333333334,2024,4,18,85.0,0,India_2004.csv
2024-04-19,2004,99.0,91.0,21.0,4.0,9.0,6.0,2,2,1,1,3,3,0,0,-2.440621349123046,-0.8051737020358589,8.129334,2.348315,-6.5601916,-66.30948,4,2024-04-19,31.235,0.0,28.263333333333332,11.598333333333334,1.0,264.085,2024,4,19,99.0,0,India_2004.csv
2024-04-20,2004,107.0,66.0,12.0,3.0,15.0,1.0,2,2,1,1,3,3,0,0,-3.59058056872115,-1.2115082372287733,9.44821,-1.0168163,-47.329113,-26.943602,4,2024-04-20,30.205000000000002,0.0,28.076666666666668,14.924999999999999,1.0,307.90333333333336,2024,4,20,107.0,0,India_2004.csv
2024-04-21,2004,53.0,64.0,15.0,5.0,4.0,2.2,2,2,1,1,3,3,0,0,-4.105491597681278,-2.6938512315423546,8.359898,-1.1563921,-38.61069,-85.705086,4,2024-04-21,30.438333333333333,0.0,26.673333333333332,12.75,1.0,302.0333333333333,2024,4,21,64.0,0,India_2004.csv
2024-04-22,2004,86.0,57.0,17.0,6.0,5.0,3.6,2,2,1,1,3,3,0,0,-3.224306944304976,-2.372539378494507,8.178887,-0.935365,-34.182667,-66.4772,4,2024-04-22,30.655,0.0,25.875,11.541666666666666,1.0,291.6066666666667,2024,4,22,86.0,0,India_2004.csv
2024-04-23,2004,91.0,97.0,15.0,2.0,17.0,1.0,2,2,1,1,3,3,0,0,-3.326879032487202,-0.679198069480488,8.96613,-0.08891872,-30.336277,-55.21212,4,2024-04-23,29.77,0.0,29.276666666666667,9.843333333333332,1.0,229.87833333333333,2024,4,23,97.0,0,India_2004.csv
2024-04-24,2004,131.0,70.0,19.0,5.0,4.0,2.0,2,2,1,1,3,3,0,0,-2.2625307598246898,-2.4505227532834537,7.7867327,1.862307,-10.740018,-62.012554,4,2024-04-24,29.886666666666667,0.0,25.868333333333336,12.198333333333332,1.0,302.15333333333336,2024,4,24,131.0,0,India_2004.csv
2024-04-25,2004,109.0,94.0,21.0,5.0,3.0,6.4,2,2,1,1,3,3,0,0,-2.0713744758432546,-1.5321908572814795,8.02758,2.4582849,-6.5942254,-65.95064,4,2024-04-25,30.656666666666666,0.0,24.625,11.005,1.0,282.51,2024,4,25,109.0,0,India_2004.csv
2024-04-26,2004,132.0,79.0,22.0,3.0,5.0,4.0,2,2,1,1,3,3,1,1,-2.2281426458997933,-1.4765438099161623,8.0353155,2.518764,-4.1053486,-62.79767,4,2024-04-26,32.68,0.0,24.185,13.001666666666667,1.0,236.64000000000001,2024,4,26,132.0,0,India_2004.csv
2024-04-27,2004,114.0,92.0,17.0,4.0,7.0,1.0,2,2,1,1,3,3,0,0,-2.548579944437129,-2.1099685335441327,7.7676997,1.8268456,-12.091004,-63.658344,4,2024-04-27,31.323333333333334,0.0,28.201666666666668,13.926666666666668,1.0,217.78666666666666,2024,4,27,114.0,0,India_2004.csv
2024-04-28,2004,106.0,81.0,19.0,4.0,3.0,3.8,2,2,1,1,3,3,0,0,-2.730978478112522,-2.0131145714347074,7.9660864,2.189284,-6.4609404,-64.88999,4,2024-04-28,30.709999999999997,0.0,26.651666666666667,9.806666666666667,1.0,231.30666666666664,2024,4,28,106.0,0,India_2004.csv
2024-04-29,2004,116.0,109.0,20.0,5.0,4.0,4.2,2,2,1,1,3,3,1,1,-1.792645686785481,-1.8142501381501492,7.9181657,2.2041326,-7.559526,-64.421074,4,2024-04-29,30.891666666666666,0.0,27.348333333333333,12.783333333333333,1.0,242.70833333333334,2024,4,29,116.0,0,India_2004.csv
2024-04-30,2004,129.0,93.0,18.0,5.0,4.0,1.0,2,2,1,1,3,3,0,0,-2.013554112275037,-2.5707430904555664,7.75444,1.8806914,-12.083873,-62.52354,4,2024-04-30,29.25,0.0,22.61,12.865,1.0,279.6333333333334,2024,4,30,129.0,0,India_2004.csv
2024-05-01,2004,113.0,108.0,19.0,4.0,4.0,1.0,2,2,1,1,3,3,0,0,-2.1882118860326014,-2.359876211565777,7.754174,1.8604399,-12.072157,-63.3988,4,2024-05-01,26.563333333333333,0.0,24.55,16.295,1.0,312.77833333333336,2024,5,1,113.0,0,India_2004.csv
2024-05-02,2004,111.0,119.0,20.0,4.0,5.0,1.0,2,2,1,1,3,3,0,0,-1.9568758499037944,-2.190297809693832,7.7578053,1.8937246,-12.08693,-63.394924,4,2024-05-02,28.011666666666667,0.0,25.95,13.441666666666668,1.0,306.0966666666667,2024,5,2,119.0,0,India_2004.csv
2024-05-03,2004,134.0,78.6,9.4,9.2,23.0,4.4,2,2,1,1,3,3,7,7,-1.6937970934608735,-0.5302981378174288,10.6758175,1.4085151,-22.820137,0.83659863,4,2024-05-03,31.343333333333334,0.0,20.953333333333333,13.836666666666666,1.0,305.2133333333333,2024,5,3,134.0,0,India_2004.csv
2024-05-04,2004,149.5822841180519,114.82240580294176,18.75631236617784,9.462042997692214,23.415262436507295,5.553042899900233,2,2,1,1,0,0,1,1,-0.024653403260480163,0.019591619741040827,-6.404628,3.3045719,4.8190203,-27.552046,4,2024-05-04,32.995,0.0,19.113333333333333,11.846666666666666,1.0,296.88,2024,5,4,149.5822841180519,0,India_2004.csv
2024-05-05,2004,149.5822841180519,114.82240580294176,18.75631236617784,9.462042997692214,23.415262436507295,5.553042899900233,2,2,1,1,0,0,1,1,-0.024653403260480163,0.019591619741040827,-6.276032,3.2332919,4.8190203,-27.552046,4,2024-05-05,33.755,0.0,19.793333333333333,12.846666666666666,1.0,310.1816666666667,2024,5,5,149.5822841180519,0,India_2004.csv
2024-05-06,2004,149.5822841180519,114.82240580294176,18.75631236617784,9.462042997692214,23.415262436507295,5.553042899900233,2,2,1,1,0,0,1,1,-0.024653403260480163,0.019591619741040827,-6.383999,3.296905,4.8190203,-27.552046,4,2024-05-06,33.723333333333336,0.0,22.90833333333333,12.751666666666667,1.0,292.40166666666664,2024,5,6,149.5822841180519,0,India_2004.csv
2024-05-07,2004,149.5822841180519,114.82240580294176,18.75631236617784,9.462042997692214,23.415262436507295,5.553042899900233,2,2,1,1,0,0,1,1,-0.024653403260480163,0.019591619741040827,-6.3392134,3.264659,4.8190203,-27.552046,4,2024-05-07,33.93833333333333,0.0,29.333333333333332,9.346666666666666,1.0,152.63500000000002,2024,5,7,149.5822841180519,0,India_2004.csv
2024-05-08,2004,149.5822841180519,114.82240580294176,18.75631236617784,9.462042997692214,23.415262436507295,5.553042899900233,2,2,1,1,0,0,1,1,-0.024653403260480163,0.019591619741040827,-6.287156,3.2177386,4.8190203,-27.552046,4,2024-05-08,32.74,0.0,38.846666666666664,14.786666666666667,1.0,105.375,2024,5,8,149.5822841180519,0,India_2004.csv
2024-05-09,2004,149.5822841180519,114.82240580294176,18.75631236617784,9.462042997692214,23.415262436507295,5.553042899900233,2,2,1,1,0,0,1,1,-0.024653403260480163,0.019591619741040827,-6.430237,3.3802028,4.8190203,-27.552046,4,2024-05-09,32.46666666666667,0.0,35.958333333333336,13.178333333333333,1.0,99.59666666666665,2024,5,9,149.5822841180519,0,India_2004.csv
2024-05-10,2004,149.5822841180519,114.82240580294176,18.75631236617784,9.462042997692214,23.415262436507295,5.553042899900233,2,2,1,1,0,0,1,1,-0.024653403260480163,0.019591619741040827,-6.527185,3.397531,4.8190203,-27.552046,4,2024-05-10,32.035,0.0,47.19333333333333,10.066666666666666,1.0,130.32500000000002,2024,5,10,149.5822841180519,0,India_2004.csv
2024-05-11,2004,149.5822841180519,114.82240580294176,18.75631236617784,9.462042997692214,23.415262436507295,5.553042899900233,2,2,1,1,0,0,1,1,-0.024653403260480163,0.019591619741040827,-6.3095875,3.2275987,4.8190203,-27.552046,4,2024-05-11,31.86,0.0,41.96666666666667,8.788333333333334,1.0,177.77,2024,5,11,149.5822841180519,0,India_2004.csv
2024-05-12,2004,149.5822841180519,114.82240580294176,18.75631236617784,9.462042997692214,23.415262436507295,5.553042899900233,2,2,1,1,0,0,1,1,-0.024653403260480163,0.019591619741040827,-6.4527206,3.3649094,4.8190203,-27.552046,4,2024-05-12,32.336666666666666,0.0,36.778333333333336,10.401666666666666,1.0,158.72333333333333,2024,5,12,149.5822841180519,0,India_2004.csv
2024-05-13,2004,149.5822841180519,114.82240580294176,18.75631236617784,9.462042997692214,23.415262436507295,5.553042899900233,2,2,1,1,0,0,1,1,-0.024653403260480163,0.019591619741040827,-6.4025383,3.2944765,4.8190203,-27.552046,4,2024-05-13,32.733333333333334,0.0,27.031666666666666,9.295,1.0,238.36166666666668,2024,5,13,149.5822841180519,0,India_2004.csv
2024-05-14,2004,142.6,93.0,12.0,5.0,6.0,1.0,2,2,1,1,3,3,0,0,-2.195500828879613,-2.351758798197368,7.3759418,0.3426157,-35.004196,-28.439909,4,2024-05-14,33.11666666666667,0.0,22.833333333333332,10.476666666666667,1.0,273.80333333333334,2024,5,14,142.6,0,India_2004.csv
2024-05-15,2004,157.0,113.0,18.0,10.0,8.0,1.0,2,2,1,1,0,0,1,1,-0.11701143528641518,-2.817199808662657,6.89051,3.5218935,11.809629,-47.777596,4,2024-05-15,34.24166666666667,0.0,18.898333333333333,10.098333333333334,1.0,217.83833333333334,2024,5,15,157.0,0,India_2004.csv
2024-05-16,2004,174.0,107.0,21.0,8.0,10.0,1.0,2,2,1,1,0,0,1,1,-0.04977785342823194,-2.1939883824702076,7.2079544,3.6063275,17.784163,-42.39963,4,2024-05-16,34.995,0.0,19.61,9.538333333333334,1.0,234.01666666666665,2024,5,16,174.0,0,India_2004.csv
2024-05-17,2004,167.0,99.0,20.0,5.0,11.0,1.0,2,2,1,1,3,3,1,1,-0.9766655113539624,-1.6196120134069776,7.6578455,3.2273104,-0.5385581,-18.004768,4,2024-05-17,36.40166666666667,0.0,19.551666666666666,10.28,1.0,307.52833333333336,2024,5,17,167.0,0,India_2004.csv
2024-05-18,2004,153.0,135.0,21.0,9.0,4.0,1.0,2,2,1,1,0,0,1,1,0.14980593113821422,-2.976226145417852,6.572333,3.4987924,32.748646,-49.581863,4,2024-05-18,37.35333333333333,0.0,17.881666666666664,13.133333333333333,1.0,294.6983333333333,2024,5,18,153.0,0,India_2004.csv
2024-05-19,2004,165.0,115.0,22.0,6.0,2.0,1.0,2,2,1,1,0,0,1,1,-0.5055109100502121,-2.7305583136935496,7.157217,3.4224763,15.974223,-43.97026,4,2024-05-19,37.26833333333334,0.0,16.013333333333332,13.546666666666667,1.0,294.33166666666665,2024,5,19,165.0,0,India_2004.csv
2024-05-20,2004,152.0,98.0,18.0,6.0,6.0,8.0,2,2,1,1,3,3,1,1,-1.1793687918308198,-0.8968861834983647,8.148477,2.7365036,14.998635,-21.07378,4,2024-05-20,36.483333333333334,0.0,19.62333333333333,11.435,1.0,220.44500000000002,2024,5,20,152.0,0,India_2004.csv
2024-05-21,2004,124.0,119.0,21.0,5.0,2.0,1.0,2,2,1,1,3,3,1,1,-1.4752260044694487,-2.661748445858527,7.729892,1.9304733,-12.041222,-63.24104,4,2024-05-21,35.458333333333336,0.0,30.09166666666667,10.578333333333333,1.0,130.34,2024,5,21,124.0,0,India_2004.csv
2024-05-22,2004,154.0,101.0,19.0,6.0,1.0,1.0,2,2,1,1,3,3,1,1,-1.1788821321333667,-2.968370222530556,7.12455,3.3844845,15.763403,-44.407173,4,2024-05-22,35.57833333333333,0.0,36.82666666666667,15.415,1.0,115.91166666666668,2024,5,22,154.0,0,India_2004.csv
2024-05-23,2004,152.0,78.0,18.0,5.0,3.0,7.0,2,2,1,1,3,3,0,0,-1.7580294733573587,-1.3784028234455021,8.04652,2.7302005,14.437444,-21.502632,4,2024-05-23,35.95166666666666,0.0,35.26333333333333,14.196666666666667,1.0,137.34666666666666,2024,5,23,152.0,0,India_2004.csv
2024-05-24,2004,126.0,79.0,16.0,5.0,17.0,4.0,2,2,1,1,3,3,0,0,-2.252276263286732,-0.5294159700082652,9.15556,1.3299078,-23.118002,-16.452644,4,2024-05-24,35.93833333333333,0.0,34.32,11.200000000000001,1.0,111.47000000000001,2024,5,24,126.0,0,India_2004.csv
2024-05-25,2004,124.0,88.0,14.0,5.0,21.0,1.0,2,2,1,1,3,3,0,0,-2.290533426177674,-0.7087564805672775,9.341469,0.50326777,-26.283283,-23.829967,4,2024-05-25,37.550000000000004,0.0,23.76833333333333,11.43,1.0,278.25,2024,5,25,124.0,0,India_2004.csv
2024-05-26,2004,135.0,85.0,16.0,5.0,20.0,2.0,2,2,1,1,3,3,0,0,-1.9810632981256557,-0.57052935243175,9.636322,1.6558611,-24.181557,-18.091297,4,2024-05-26,38.60333333333333,0.0,17.52,12.798333333333334,1.0,284.5683333333333,2024,5,26,135.0,0,India_2004.csv
2024-05-27,2004,123.0,107.0,19.0,9.0,25.0,2.0,2,2,1,1,3,3,1,1,-0.7517422062095587,-0.6094957329252011,9.815453,3.5334408,1.2962221,-2.6743114,4,2024-05-27,38.00333333333333,0.0,18.383333333333336,11.071666666666667,1.0,250.0583333333333,2024,5,27,123.0,0,India_2004.csv
2024-05-28,2004,148.0,108.0,21.0,9.0,26.0,2.0,2,2,1,1,0,0,1,1,-0.10861680387210926,-0.4025800268646393,10.155843,3.8546982,-0.69539046,28.124006,4,2024-05-28,37.723333333333336,0.0,13.358333333333333,9.755,1.0,204.46666666666667,2024,5,28,148.0,0,India_2004.csv
2024-05-29,2004,143.0,115.0,19.0,9.0,19.0,1.0,2,2,1,1,0,0,1,1,-0.33676766080009324,-1.4134223884732495,9.257625,3.5086596,0.5554469,-4.8307977,4,2024-05-29,39.47833333333333,0.0,17.57166666666667,11.273333333333333,1.0,229.22833333333332,2024,5,29,143.0,0,India_2004.csv
2024-05-30,2004,118.0,97.0,14.0,7.0,27.0,1.0,2,2,1,1,3,3,7,7,-1.7813166719876237,-0.3520355156467167,11.283023,1.0499915,-24.66285,35.123875,4,2024-05-30,38.81333333333333,0.0,13.901666666666666,13.606666666666667,1.0,231.78833333333333,2024,5,30,118.0,0,India_2004.csv
2024-05-31,2004,105.0,92.0,16.0,7.0,20.0,1.0,2,2,1,1,3,3,0,0,-2.0345466658115194,-1.1940120336432725,9.4574995,1.4033955,-20.644129,-22.911577,4,2024-05-31,37.703333333333326,0.0,14.104999999999999,13.468333333333334,1.0,294.11833333333334,2024,5,31,105.0,0,India_2004.csv
2024-06-01,2004,113.0,127.0,17.0,5.0,13.0,2.0,2,2,1,1,3,3,0,0,-1.7069725212777627,-1.2170271424479855,7.269729,2.2523572,-13.029428,-29.837133,4,2024-06-01,37.583333333333336,0.0,20.035,15.565,1.0,258.965,2024,6,1,127.0,0,India_2004.csv
2024-06-02,2004,116.0,80.0,16.0,4.0,19.0,1.0,2,2,1,1,3,3,0,0,-2.641612298464288,-0.8064489027272822,9.23557,0.48607615,-25.987057,-23.14899,4,2024-06-02,36.36666666666667,0.0,25.968333333333334,12.023333333333333,1.0,218.275,2024,6,2,116.0,0,India_2004.csv
2024-06-03,2004,86.0,87.0,15.0,5.0,18.0,1.0,2,2,1,1,3,3,0,0,-2.969262484585984,-1.1568133821887505,10.195488,-0.1389166,-20.974247,-26.414711,4,2024-06-03,37.27833333333333,0.0,20.419999999999998,13.188333333333333,1.0,286.3066666666667,2024,6,3,87.0,0,India_2004.csv
2024-06-04,2004,106.0,116.0,18.0,6.0,20.0,2.0,2,2,1,1,3,3,1,1,-1.6564757419639542,-0.6632143122547038,8.318506,2.0958986,-15.702212,-28.032648,4,2024-06-04,37.303333333333335,0.0,18.69333333333333,11.818333333333333,1.0,280.875,2024,6,4,116.0,0,India_2004.csv
2024-06-05,2004,131.0,136.0,14.0,5.0,14.0,1.0,2,2,1,1,3,3,0,0,-1.457963175741135,-1.2499221344559222,7.1555476,2.3840735,-12.978538,-30.390493,4,2024-06-05,36.763333333333335,0.0,26.076666666666668,15.755,1.0,247.50666666666666,2024,6,5,136.0,0,India_2004.csv
2024-06-06,2004,122.0,88.0,14.0,5.0,21.0,1.0,2,2,1,1,3,3,0,0,-2.3275263366834595,-0.7145494312445766,9.335041,0.5005511,-26.265598,-23.818317,4,2024-06-06,34.54833333333333,0.0,30.348333333333333,12.325000000000001,1.0,285.035,2024,6,6,122.0,0,India_2004.csv
2024-06-07,2004,109.0,139.0,13.0,5.0,17.0,1.0,2,2,1,1,3,3,0,0,-1.8562549586720958,-0.9658872033558351,7.253715,2.2590427,-13.678109,-30.5803,4,2024-06-07,35.305,0.0,29.308333333333334,15.87,1.0,294.69,2024,6,7,139.0,0,India_2004.csv
2024-06-08,2004,113.0,124.0,13.0,5.0,18.0,1.0,2,2,1,1,3,3,0,0,-2.0161164341480524,-0.9138588411487321,7.323579,2.2020493,-13.877261,-29.865334,4,2024-06-08,34.766666666666666,0.0,27.578333333333333,15.556666666666667,1.0,309.28833333333336,2024,6,8,124.0,0,India_2004.csv
2024-06-09,2004,114.0,85.0,14.0,5.0,19.0,2.0,2,2,1,1,3,3,0,0,-2.533819891709596,-0.7609759186335293,9.322938,0.42696527,-25.885078,-23.284933,4,2024-06-09,35.42166666666667,0.0,19.03833333333333,13.613333333333335,1.0,307.90833333333336,2024,6,9,114.0,0,India_2004.csv
2024-06-10,2004,106.0,80.0,14.0,5.0,24.0,2.0,2,2,1,1,3,3,0,0,-2.7042120176947004,-0.240109549715703,11.35506,0.3403361,-56.59901,37.36459,4,2024-06-10,36.431666666666665,0.0,18.121666666666666,13.666666666666666,1.0,289.125,2024,6,10,106.0,0,India_2004.csv
2024-06-11,2004,96.0,104.0,18.0,6.0,20.0,3.0,2,2,1,1,3,3,0,0,-2.0234119818523553,-0.5320010306159185,8.768372,1.6414181,-16.259521,-27.557259,4,2024-06-11,36.233333333333334,0.0,19.834999999999997,11.348333333333334,1.0,286.83666666666664,2024,6,11,104.0,0,India_2004.csv
2024-06-12,2004,127.0,98.0,19.0,6.0,21.0,1.0,2,2,1,1,3,3,1,1,-1.4894560093015563,-0.7874075414970805,9.540673,3.1124609,-7.6899004,-15.101793,4,2024-06-12,37.42,0.0,16.756666666666664,12.97,1.0,289.57666666666665,2024,6,12,127.0,0,India_2004.csv
2024-06-13,2004,116.0,91.0,15.0,5.0,16.0,1.0,2,2,1,1,3,3,0,0,-2.3726345549516945,-1.2777679674203117,9.160118,0.5676635,-26.170942,-22.994476,4,2024-06-13,38.26666666666667,0.0,21.19333333333333,19.743333333333336,1.0,278.99666666666667,2024,6,13,116.0,0,India_2004.csv
2024-06-14,2004,97.0,111.0,12.0,5.0,14.0,1.0,2,2,1,1,3,3,0,0,-2.6488516763564585,-1.48641274934365,7.506043,1.7085602,-28.37688,-53.308514,4,2024-06-14,37.48,0.0,28.691666666666666,21.5,1.0,274.0083333333333,2024,6,14,111.0,0,India_2004.csv
2024-06-15,2004,86.0,90.0,13.0,5.0,13.0,1.0,2,2,1,1,3,3,0,0,-3.132040293617558,-1.7265478077746204,8.696568,-0.30418572,-28.82976,-56.9607,4,2024-06-15,37.915,0.0,26.173333333333332,18.646666666666665,1.0,289.6666666666667,2024,6,15,90.0,0,India_2004.csv
2024-06-16,2004,77.0,85.0,14.0,7.0,11.0,1.0,2,2,1,1,3,3,0,0,-2.9266517009344852,-2.348443544434645,8.59514,-0.33407402,-27.097467,-56.357014,4,2024-06-16,38.800000000000004,0.0,24.33666666666667,18.176666666666666,1.0,282.3666666666667,2024,6,16,85.0,0,India_2004.csv
2024-06-17,2004,73.0,95.0,13.0,7.0,12.0,2.0,2,2,1,1,3,3,0,0,-2.886498622545289,-1.986694267118449,8.614619,-0.31826958,-27.352299,-56.18896,4,2024-06-17,39.225,0.0,24.05666666666667,19.44,1.0,280.1666666666667,2024,6,17,95.0,0,India_2004.csv
2024-06-18,2004,106.0,136.0,12.0,7.0,10.0,2.0,2,2,1,1,3,3,0,0,-1.7044233903253392,-1.9262448522493871,7.206867,1.3035756,-27.978954,-49.199528,4,2024-06-18,39.07666666666667,0.0,25.638333333333332,20.915000000000003,1.0,276.3533333333333,2024,6,18,136.0,0,India_2004.csv
2024-06-19,2004,121.0,137.0,10.0,5.0,12.0,1.0,2,2,1,1,3,3,0,0,-1.955206867034938,-1.5332449195222408,7.0650463,2.0950835,-18.633694,-39.951538,4,2024-06-19,36.71,0.0,35.99166666666667,17.023333333333333,1.0,246.64166666666665,2024,6,19,137.0,0,India_2004.csv
2024-06-20,2004,99.0,92.0,13.0,5.0,20.0,2.0,2,2,1,1,3,3,0,0,-2.760902196584752,-0.6645144159390362,10.12958,-0.15850957,-22.18534,-25.713562,4,2024-06-20,33.44166666666667,0.0,48.73666666666667,8.674999999999999,1.0,142.98166666666665,2024,6,20,99.0,0,India_2004.csv
2024-06-21,2004,103.0,100.0,14.0,7.0,14.0,1.0,2,2,1,1,3,3,0,0,-2.1643009191844267,-1.858814147192446,7.761244,1.3292867,-28.221428,-53.553963,4,2024-06-21,32.18666666666667,0.0,55.76333333333333,8.283333333333333,1.0,212.19500000000002,2024,6,21,103.0,0,India_2004.csv
2024-06-22,2004,129.0,95.0,16.0,9.0,18.0,1.0,2,2,1,1,3,3,1,1,-1.1639268146109454,-1.6892231509193447,9.304799,1.7489184,-12.697381,-1.627402,4,2024-06-22,33.67166666666667,0.0,52.22666666666667,7.623333333333332,1.0,138.96666666666667,2024,6,22,129.0,0,India_2004.csv
2024-06-23,2004,150.0,78.0,13.0,7.0,13.0,1.0,2,2,1,1,3,3,0,0,-1.7435105433772091,-1.951766679395316,9.559077,1.0662934,-30.206842,-20.038877,4,2024-06-23,34.593333333333334,0.0,51.22833333333333,9.94,1.0,95.89999999999999,2024,6,23,150.0,0,India_2004.csv
2024-06-24,2004,142.0,71.0,12.0,7.0,14.0,1.0,2,2,1,1,3,3,0,0,-2.070480849342206,-1.9033951616903855,9.631703,0.8788618,-30.324747,-20.149912,4,2024-06-24,33.678333333333335,0.0,56.876666666666665,8.07,1.0,92.04,2024,6,24,142.0,0,India_2004.csv
2024-06-25,2004,114.0,72.0,15.0,6.0,15.0,1.0,2,2,1,1,3,3,0,0,-2.5321280434838656,-1.6660304658024718,8.949811,0.693201,-24.822168,-22.356249,4,2024-06-25,32.98,0.0,62.995000000000005,7.59,1.0,132.43166666666667,2024,6,25,114.0,0,India_2004.csv
2024-06-26,2004,134.0,63.0,17.0,5.0,10.0,1.0,2,2,1,1,3,3,0,0,-2.4173865115634685,-2.0285774354823762,8.312861,1.1103055,-12.266098,-59.89259,4,2024-06-26,30.385,0.0,76.56333333333333,12.721666666666666,1.0,105.79166666666667,2024,6,26,134.0,0,India_2004.csv
2024-06-27,2004,115.0,43.0,15.0,5.0,6.0,1.0,2,2,1,1,3,3,0,0,-3.296508742763891,-2.651968245849271,7.9527946,-0.05759345,-14.554136,-58.46139,4,2024-06-27,28.123333333333335,0.0,85.76499999999999,11.996666666666668,1.0,108.17166666666667,2024,6,27,115.0,0,India_2004.csv
2024-06-28,2004,91.0,44.0,14.0,6.0,6.0,1.0,2,2,1,1,3,3,0,0,-3.5995797065681185,-2.9005624796830767,8.24794,-1.9943926,-66.71195,-61.14855,4,2024-06-28,27.855,0.0,85.45166666666667,7.623333333333334,1.0,145.745,2024,6,28,91.0,0,India_2004.csv
2024-06-29,2004,111.0,42.0,9.0,7.0,5.0,1.0,2,2,1,1,3,3,0,0,-3.4547191834967097,-3.1819119871766657,8.033431,-2.1619384,-66.72589,-54.18971,4,2024-06-29,29.546666666666667,0.0,79.94500000000001,6.5683333333333325,1.0,206.17499999999998,2024,6,29,111.0,0,India_2004.csv
2024-06-30,2004,59.0,49.0,7.0,7.0,2.0,1.0,2,2,1,1,3,3,0,0,-4.489982088448086,-3.655348278269838,8.621413,-2.9916518,-70.205315,-62.721447,4,2024-06-30,30.2,0.0,78.035,6.065,1.0,198.1866666666667,2024,6,30,59.0,0,India_2004.csv
2024-07-01,2004,94.0,52.0,12.0,6.0,8.0,1.0,2,2,1,1,3,3,0,0,-3.5416598373926464,-2.6413551599046445,8.19652,-2.0625072,-66.297935,-60.049973,4,2024-07-01,30.288333333333338,0.0,79.00333333333333,7.166666666666667,1.0,235.49166666666667,2024,7,1,94.0,0,India_2004.csv
2024-07-02,2004,85.0,57.0,11.0,6.0,10.0,1.0,2,2,1,1,3,3,0,0,-3.6786305708529,-2.4235905631969628,8.472694,-2.198879,-65.63868,-60.786907,4,2024-07-02,29.095,0.0,85.30333333333334,8.083333333333334,1.0,166.68,2024,7,2,85.0,0,India_2004.csv
2024-07-03,2004,85.0,47.0,12.0,6.0,7.0,1.0,2,2,1,1,3,3,0,0,-3.8019421802698234,-2.805530396377074,8.32593,-2.1492445,-67.07994,-60.7264,4,2024-07-03,29.313333333333333,0.0,83.70166666666667,7.18,1.0,135.14666666666668,2024,7,3,85.0,0,India_2004.csv
2024-07-04,2004,77.0,37.0,11.0,5.0,6.0,1.0,2,2,1,1,3,3,0,0,-4.402536574802685,-2.8231930844900246,8.518084,-2.8803189,-75.27824,-59.192665,4,2024-07-04,28.171666666666667,0.0,82.60333333333334,7.296666666666667,1.0,97.86833333333334,2024,7,4,77.0,0,India_2004.csv
2024-07-05,2004,79.0,38.0,9.0,2.0,3.0,1.0,2,2,1,1,3,3,0,0,-5.139320344739646,-2.641527768779991,8.57802,-3.3229115,-83.748535,-41.90461,4,2024-07-05,27.605,0.0,85.79833333333333,10.451666666666666,1.0,79.79166666666667,2024,7,5,79.0,0,India_2004.csv
2024-07-06,2004,70.0,38.0,10.0,5.0,6.0,1.0,2,2,1,1,3,3,0,0,-4.591844829690367,-2.8465502108866185,8.524848,-3.0325918,-75.76116,-59.041233,4,2024-07-06,28.42,0.0,82.01,7.858333333333333,1.0,69.13,2024,7,6,70.0,0,India_2004.csv
2024-07-07,2004,76.0,23.0,11.0,3.0,6.0,1.0,2,2,1,1,3,3,0,0,-5.051750026231162,-2.5424604896202747,8.498303,-3.0619729,-76.08134,-60.019783,4,2024-07-07,28.508333333333336,0.0,76.62833333333333,7.045000000000001,1.0,131.06166666666667,2024,7,7,76.0,0,India_2004.csv
2024-07-08,2004,64.0,37.0,9.0,6.0,6.0,1.0,2,2,1,1,3,3,0,0,-4.594745712827313,-3.0527743523437434,8.581604,-3.0769649,-76.358376,-59.060513,4,2024-07-08,29.083333333333332,0.0,76.84166666666665,8.24,1.0,117.36000000000001,2024,7,8,64.0,0,India_2004.csv
2024-07-09,2004,78.0,55.0,10.0,7.0,4.0,1.0,2,2,1,1,3,3,0,0,-3.787804924839195,-3.319739534706012,8.397049,-2.4020875,-68.9454,-61.601284,4,2024-07-09,29.77,0.0,81.04333333333334,5.2749999999999995,1.0,139.495,2024,7,9,78.0,0,India_2004.csv
2024-07-10,2004,94.0,69.0,12.0,9.0,7.0,4.8,2,2,1,1,3,3,0,0,-2.6174397732548864,-2.3686709357711635,8.082756,-0.9803256,-34.491764,-52.144135,4,2024-07-10,30.294999999999998,0.0,79.94,6.851666666666667,1.0,184.92499999999998,2024,7,10,94.0,0,India_2004.csv
2024-07-11,2004,130.0,67.0,12.0,5.0,9.0,1.0,2,2,1,1,3,3,0,0,-2.8188192733740225,-2.174145637670955,8.04808,-1.1150312,-37.824783,-46.448193,4,2024-07-11,31.155,0.0,76.125,9.196666666666667,1.0,221.92499999999998,2024,7,11,130.0,0,India_2004.csv
2024-07-12,2004,117.0,58.0,12.0,5.0,7.0,1.0,2,2,1,1,3,3,0,0,-3.2305187751116353,-2.483130489544673,7.950769,-1.2102767,-37.82015,-46.569653,4,2024-07-12,30.245,0.0,76.995,7.125,1.0,260.03000000000003,2024,7,12,117.0,0,India_2004.csv
2024-07-13,2004,65.0,56.0,13.0,7.0,10.0,1.0,2,2,1,1,3,3,0,0,-3.7118335738379056,-2.646470569076852,8.466736,-1.1604445,-35.868065,-85.73858,4,2024-07-13,29.945000000000004,0.0,78.63833333333334,5.153333333333333,1.0,211.34,2024,7,13,65.0,0,India_2004.csv
2024-07-14,2004,100.0,55.0,12.0,7.0,8.0,1.0,2,2,1,1,3,3,0,0,-3.1808548727731427,-2.7853239001136085,8.147753,-1.9590287,-65.70975,-59.234455,4,2024-07-14,31.051666666666666,0.0,73.025,6.065,1.0,126.38666666666666,2024,7,14,100.0,0,India_2004.csv
2024-07-15,2004,105.0,60.0,13.0,7.0,5.0,1.0,2,2,1,1,3,3,0,0,-2.965938166525988,-3.0795330458992196,8.1569395,-1.8929845,-65.61803,-59.125042,4,2024-07-15,30.0,0.0,78.305,10.185,1.0,93.91333333333334,2024,7,15,105.0,0,India_2004.csv
2024-07-16,2004,99.0,58.0,11.0,6.0,7.0,1.0,2,2,1,1,3,3,0,0,-3.43899406456804,-2.719229128261764,8.156512,-2.0245986,-66.063484,-59.31242,4,2024-07-16,31.02,0.0,77.38666666666667,11.223333333333334,1.0,96.45166666666667,2024,7,16,99.0,0,India_2004.csv
2024-07-17,2004,102.0,43.0,10.0,6.0,15.0,1.0,2,2,1,1,3,3,0,0,-3.6102752035927934,-1.8822262470126307,9.451209,-1.9003128,-60.09266,-61.89802,4,2024-07-17,31.106666666666666,0.0,76.835,9.958333333333334,1.0,95.88,2024,7,17,102.0,0,India_2004.csv
2024-07-18,2004,81.0,46.0,10.0,8.0,6.0,1.0,2,2,1,1,3,3,0,0,-3.655288455548833,-3.3036147298887077,8.444304,-2.2530348,-68.82087,-61.51992,4,2024-07-18,31.084999999999997,0.0,78.33333333333333,5.9799999999999995,1.0,130.43166666666667,2024,7,18,81.0,0,India_2004.csv
2024-07-19,2004,88.0,75.0,10.0,6.0,12.0,1.0,2,2,1,1,3,3,0,0,-3.380663731585785,-2.107586031773043,8.856624,-2.1113477,-63.011524,-61.092632,4,2024-07-19,30.40833333333333,0.0,77.855,8.886666666666667,1.0,108.81833333333333,2024,7,19,88.0,0,India_2004.csv
2024-07-20,2004,142.0,58.0,9.0,5.0,21.0,1.0,2,2,1,1,3,3,0,0,-2.830170087312625,-0.842941383279653,10.509973,0.7522405,-36.31134,3.503425,4,2024-07-20,31.248333333333335,0.0,75.87666666666667,7.738333333333333,1.0,121.40499999999999,2024,7,20,142.0,0,India_2004.csv
2024-07-21,2004,161.0,57.0,11.0,8.0,6.0,1.0,2,2,1,1,3,3,0,0,-1.9191424340326124,-3.0102164228910246,7.3560796,1.7087878,4.7307806,-51.906815,4,2024-07-21,31.016666666666666,0.0,78.75,9.988333333333333,1.0,116.58166666666666,2024,7,21,161.0,0,India_2004.csv
2024-07-22,2004,94.2,53.0,9.0,6.0,7.0,1.0,2,2,1,1,3,3,0,0,-3.7621245927340072,-2.7734781493749745,8.193307,-2.150989,-66.58069,-58.63463,4,2024-07-22,30.871666666666666,0.0,78.735,7.716666666666666,1.0,114.42833333333333,2024,7,22,94.2,0,India_2004.csv
2024-07-23,2004,78.0,58.0,10.0,6.0,7.0,1.0,2,2,1,1,3,3,0,0,-3.903635625255008,-2.788019927552764,8.425756,-2.269238,-68.383385,-61.013954,4,2024-07-23,30.201666666666668,0.0,80.82833333333333,5.463333333333334,1.0,123.44666666666666,2024,7,23,78.0,0,India_2004.csv
2024-07-24,2004,104.0,58.0,11.0,6.0,11.0,7.4,2,2,1,1,3,3,0,0,-3.205314358927208,-0.8498120613508745,6.9892964,-1.5752972,-64.780785,-0.22290012,4,2024-07-24,29.691666666666666,0.0,82.04666666666667,5.0,1.0,114.59166666666665,2024,7,24,104.0,0,India_2004.csv
2024-07-25,2004,120.0,53.0,10.0,7.0,11.0,1.0,2,2,1,1,3,3,0,0,-2.9604273305795155,-2.412018145919054,9.274108,-0.9213283,-44.039925,-42.76051,4,2024-07-25,30.881666666666664,0.0,76.79166666666667,4.495,1.0,162.66833333333332,2024,7,25,120.0,0,India_2004.csv
2024-07-26,2004,102.0,52.0,10.0,5.0,12.0,1.0,2,2,1,1,3,3,0,0,-3.699201359511925,-2.003352471647492,9.185824,-2.138418,-66.52394,-42.39358,4,2024-07-26,30.021666666666665,0.0,81.66166666666668,6.3116666666666665,1.0,191.5533333333333,2024,7,26,102.0,0,India_2004.csv
2024-07-27,2004,166.0,56.0,10.0,6.0,8.0,2.8,2,2,1,1,3,3,0,0,-2.2704897266684814,-2.035407805956651,7.390667,0.5782203,-32.457783,-28.484453,4,2024-07-27,30.755,0.0,80.95833333333333,5.593333333333334,1.0,102.93833333333333,2024,7,27,166.0,0,India_2004.csv
2024-07-28,2004,110.0,43.0,10.0,5.0,6.0,1.0,2,2,1,1,3,3,0,0,-3.770071263764173,-2.706275059085246,8.0023155,-2.0162556,-66.83813,-53.57987,4,2024-07-28,31.535,0.0,75.14666666666666,10.238333333333333,1.0,95.22666666666667,2024,7,28,110.0,0,India_2004.csv
2024-07-29,2004,85.0,43.0,10.0,2.0,6.0,6.8,2,2,1,1,3,3,0,0,-4.749686846360042,-0.9817900604124132,7.258662,-1.9370158,-67.67348,-1.0308802,4,2024-07-29,32.245,0.0,70.89666666666666,12.308333333333332,1.0,107.81166666666667,2024,7,29,85.0,0,India_2004.csv
2024-07-30,2004,107.0,73.2,12.8,7.4,19.4,6.4,2,2,1,1,3,3,0,0,-2.3973395212215785,-0.26273029192592606,9.814492,0.28162012,-47.472065,-11.662296,4,2024-07-30,32.91166666666667,0.0,69.35333333333334,9.878333333333332,1.0,145.71166666666667,2024,7,30,107.0,0,India_2004.csv
2024-07-31,2004,149.5822841180519,114.82240580294176,18.75631236617784,9.462042997692214,23.415262436507295,5.553042899900233,2,2,1,1,0,0,1,1,-0.024653403260480163,0.019591619741040827,-6.2510233,3.2017078,4.8190203,-27.552046,4,2024-07-31,30.570000000000004,0.0,80.44666666666667,7.726666666666667,1.0,190.78666666666666,2024,7,31,149.5822841180519,0,India_2004.csv
2024-08-01,2004,77.4,41.0,8.0,6.0,43.6,1.0,2,2,1,1,3,3,7,7,-3.910175475489405,1.2723830776795124,13.723758,0.7249989,-51.53013,79.36605,4,2024-08-01,28.141666666666666,0.0,84.105,5.161666666666666,1.0,138.04,2024,8,1,77.4,0,India_2004.csv
2024-08-02,2004,78.0,44.0,9.0,5.0,2.0,5.2,2,2,1,1,3,3,0,0,-4.407960683229321,-2.337944807808986,7.717875,-2.8345208,-73.85758,-28.294022,4,2024-08-02,28.545,0.0,83.87166666666667,11.705,1.0,115.75166666666667,2024,8,2,78.0,0,India_2004.csv
2024-08-03,2004,78.0,37.0,9.0,4.0,3.0,1.0,2,2,1,1,3,3,0,0,-4.772846159235593,-3.001301750873412,8.375121,-3.0590427,-76.149796,-57.34981,4,2024-08-03,29.095,0.0,81.42333333333333,13.14,1.0,121.815,2024,8,3,78.0,0,India_2004.csv
2024-08-04,2004,72.0,34.0,10.0,4.0,2.0,3.0,2,2,1,1,3,3,0,0,-4.839406456935688,-2.701502747591898,8.222707,-2.9140418,-73.60941,-49.713295,4,2024-08-04,29.751666666666665,0.0,74.25,19.779999999999998,1.0,84.85666666666667,2024,8,4,72.0,0,India_2004.csv
2024-08-05,2004,76.0,41.0,10.0,5.0,3.0,2.8,2,2,1,1,3,3,0,0,-4.441088251421559,-2.761795940671676,8.180189,-2.8398678,-73.14433,-49.831074,4,2024-08-05,29.096666666666664,0.0,77.31166666666667,18.845,1.0,129.13666666666668,2024,8,5,76.0,0,India_2004.csv
2024-08-06,2004,75.0,34.0,10.0,5.0,3.0,1.8,2,2,1,1,3,3,0,0,-4.588891478232799,-3.0176517952632227,8.403057,-3.0326638,-75.54257,-57.670986,4,2024-08-06,28.881666666666664,0.0,77.10666666666667,10.47,1.0,187.85,2024,8,6,75.0,0,India_2004.csv
2024-08-07,2004,66.0,32.0,10.0,5.0,2.0,3.0,2,2,1,1,3,3,0,0,-4.782474355030222,-2.904645274154738,8.242362,-2.9538066,-73.71002,-49.79451,4,2024-08-07,27.17833333333333,0.0,88.06166666666667,6.6433333333333335,1.0,205.86833333333334,2024,8,7,66.0,0,India_2004.csv
2024-08-08,2004,78.0,34.0,10.0,5.0,2.0,3.6,2,2,1,1,3,3,0,0,-4.518975783484134,-2.7288550185018816,8.140495,-2.937995,-73.492256,-49.48773,4,2024-08-08,27.738333333333333,0.0,86.395,6.989999999999999,1.0,124.50666666666666,2024,8,8,78.0,0,India_2004.csv
2024-08-09,2004,67.0,40.0,10.0,5.0,3.0,1.4,2,2,1,1,3,3,0,0,-4.644414655467766,-3.0990349276485984,8.500361,-3.0901213,-75.98112,-57.797848,4,2024-08-09,27.708333333333332,0.0,86.24166666666667,6.203333333333333,1.0,115.29666666666667,2024,8,9,67.0,0,India_2004.csv
2024-08-10,2004,89.0,47.0,10.0,5.0,2.0,2.8,2,2,1,1,3,3,0,0,-4.114234983830468,-2.8085331936317064,8.01746,-2.6623213,-71.73627,-49.34862,4,2024-08-10,27.846666666666668,0.0,86.68666666666667,6.0683333333333325,1.0,101.325,2024,8,10,89.0,0,India_2004.csv
2024-08-11,2004,92.0,41.0,10.0,5.0,3.0,1.8,2,2,1,1,3,3,0,0,-4.159770324399477,-2.9342291236578553,8.056525,-2.666414,-70.5416,-52.929436,4,2024-08-11,27.353333333333335,0.0,88.23666666666668,6.794999999999999,1.0,89.99166666666667,2024,8,11,92.0,0,India_2004.csv
2024-08-12,2004,95.0,46.0,10.0,5.0,2.0,6.6,2,2,1,1,3,3,0,0,-3.9640633244613017,-1.964685831597767,7.2871776,-2.4203222,-73.07145,-26.251896,4,2024-08-12,26.765,0.0,91.28833333333334,8.571666666666667,1.0,81.38333333333334,2024,8,12,95.0,0,India_2004.csv
2024-08-13,2004,95.0,38.0,9.0,5.0,2.0,1.0,2,2,1,1,3,3,0,0,-4.25324549870659,-3.2368665426310184,8.042377,-2.6600504,-70.64998,-53.42594,4,2024-08-13,27.563333333333333,0.0,89.54666666666667,8.549999999999999,1.0,79.005,2024,8,13,95.0,0,India_2004.csv
2024-08-14,2004,82.0,51.0,9.0,5.0,2.0,3.8,2,2,1,1,3,3,0,0,-4.239768597263021,-2.5984637398306574,8.025689,-2.834198,-72.90809,-48.2358,4,2024-08-14,28.17833333333333,0.0,87.915,7.721666666666667,1.0,88.07666666666667,2024,8,14,82.0,0,India_2004.csv
2024-08-15,2004,104.0,42.0,9.0,4.0,1.0,2.6,2,2,1,1,3,3,0,0,-4.210420583279878,-2.7789161782715457,7.882842,-2.5325744,-59.869617,-37.23499,4,2024-08-15,28.416666666666668,0.0,86.665,9.92,1.0,109.40666666666668,2024,8,15,104.0,0,India_2004.csv
2024-08-16,2004,93.0,40.0,9.0,4.0,1.0,1.8,2,2,1,1,3,3,0,0,-4.458347850819393,-2.995565263954414,8.030493,-2.6586497,-70.663795,-52.99875,4,2024-08-16,28.041666666666668,0.0,87.44166666666666,10.225,1.0,122.72833333333334,2024,8,16,93.0,0,India_2004.csv
2024-08-17,2004,76.0,47.0,10.0,5.0,4.0,2.8,2,2,1,1,3,3,0,0,-4.330890760092961,-2.6188056741603716,8.164133,-2.800272,-72.93483,-49.82674,4,2024-08-17,28.724999999999998,0.0,85.315,5.488333333333333,1.0,192.585,2024,8,17,76.0,0,India_2004.csv
2024-08-18,2004,93.0,48.0,9.0,5.0,2.0,6.2,2,2,1,1,3,3,0,0,-4.050356247602389,-2.0561879435293684,7.3826966,-2.4781957,-73.22483,-26.387596,4,2024-08-18,29.191666666666666,0.0,82.69666666666667,8.776666666666667,1.0,260.015,2024,8,18,93.0,0,India_2004.csv
2024-08-19,2004,97.0,48.0,9.0,3.0,3.0,10.0,2,2,1,1,3,3,0,0,-4.310249296477491,-0.7475650754885943,6.3410373,-1.5533516,-66.83356,6.1198807,4,2024-08-19,29.081666666666667,0.0,82.58166666666666,7.666666666666667,1.0,253.19500000000002,2024,8,19,97.0,0,India_2004.csv
2024-08-20,2004,92.0,51.0,10.0,4.0,3.0,1.0,2,2,1,1,3,3,0,0,-4.208316540534387,-2.884421024018027,8.085553,-2.4657726,-68.997345,-52.805622,4,2024-08-20,28.038333333333338,0.0,86.71,4.663333333333333,1.0,155.36333333333334,2024,8,20,92.0,0,India_2004.csv
2024-08-21,2004,100.0,49.0,10.0,5.0,4.0,5.8,2,2,1,1,3,3,0,0,-3.810334127203707,-1.883193533626951,7.435139,-2.4247034,-73.18051,-26.303719,4,2024-08-21,28.23,0.0,84.65499999999999,4.946666666666666,1.0,152.67333333333335,2024,8,21,100.0,0,India_2004.csv
2024-08-22,2004,93.0,51.0,10.0,4.0,3.0,2.4,2,2,1,1,3,3,0,0,-4.169344680427544,-2.5752371013220445,8.007675,-2.6084146,-70.2778,-51.56801,4,2024-08-22,28.528333333333332,0.0,85.81666666666666,4.6049999999999995,1.0,211.79,2024,8,22,93.0,0,India_2004.csv
2024-08-23,2004,88.0,46.0,8.0,5.0,2.0,3.2,2,2,1,1,3,3,0,0,-4.295696482654196,-2.7447320388257332,8.048092,-2.8187428,-71.65755,-48.315422,4,2024-08-23,27.536666666666665,0.0,85.77833333333335,5.501666666666666,1.0,136.19333333333333,2024,8,23,88.0,0,India_2004.csv
2024-08-24,2004,92.0,56.0,4.0,5.0,6.0,4.2,2,2,1,1,3,3,0,0,-4.300522954441213,-2.042633209914644,8.170062,-3.0910165,-79.11842,-29.97792,4,2024-08-24,28.41,0.0,83.74333333333333,7.73,1.0,78.27833333333334,2024,8,24,92.0,0,India_2004.csv
2024-08-25,2004,124.0,43.0,4.0,5.0,2.0,5.8,2,2,1,1,3,3,0,0,-3.94581208390003,-2.1181485706033434,7.0006995,-1.2679231,-65.65316,-20.282276,4,2024-08-25,29.06833333333333,0.0,78.70333333333333,15.246666666666668,1.0,85.93833333333333,2024,8,25,124.0,0,India_2004.csv
2024-08-26,2004,95.0,37.0,6.0,5.0,2.0,1.0,2,2,1,1,3,3,0,0,-4.4982766645860135,-3.265644481611927,8.104674,-2.656427,-71.38345,-53.49413,4,2024-08-26,27.916666666666668,0.0,83.385,16.145,1.0,102.72166666666668,2024,8,26,95.0,0,India_2004.csv
2024-08-27,2004,90.0,30.0,8.0,4.0,3.0,1.0,2,2,1,1,3,3,0,0,-4.741786374874822,-3.0086916412037925,8.107844,-2.7134142,-70.9228,-53.48136,4,2024-08-27,27.256666666666664,0.0,85.63833333333334,15.811666666666667,1.0,114.60666666666667,2024,8,27,90.0,0,India_2004.csv
2024-08-28,2004,67.0,33.0,8.0,5.0,4.0,4.0,2,2,1,1,3,3,0,0,-4.861603881506019,-2.466636824845256,8.388855,-3.2720468,-75.80639,-46.609303,4,2024-08-28,27.03833333333333,0.0,86.23833333333333,9.03,1.0,122.855,2024,8,28,67.0,0,India_2004.csv
2024-08-29,2004,83.0,38.0,7.0,5.0,3.0,6.0,2,2,1,1,3,3,0,0,-4.54260979111346,-2.079979331850234,7.590592,-2.7725058,-74.52006,-27.122158,4,2024-08-29,27.24,0.0,86.38166666666666,10.843333333333334,1.0,107.195,2024,8,29,83.0,0,India_2004.csv
2024-08-30,2004,94.0,53.0,9.0,7.0,7.0,2.0,2,2,1,1,3,3,0,0,-3.550521777237114,-2.731277951078473,8.320105,-2.1693592,-67.19616,-58.04496,4,2024-08-30,27.833333333333332,0.0,87.52666666666666,4.446666666666666,1.0,227.11833333333334,2024,8,30,94.0,0,India_2004.csv
2024-08-31,2004,118.0,50.0,8.0,6.0,5.0,2.0,2,2,1,1,3,3,0,0,-3.4564470715573523,-2.7357617782180195,7.936472,-2.059934,-58.65548,-39.082687,4,2024-08-31,29.388333333333332,0.0,78.70166666666667,8.975,1.0,305.50333333333333,2024,8,31,118.0,0,India_2004.csv
2024-09-01,2004,111.0,54.0,8.0,5.0,5.0,2.0,2,2,1,1,3,3,0,0,-3.721066906621478,-2.5605068644584277,7.8806624,-2.1322742,-59.10287,-38.76418,4,2024-09-01,29.646666666666665,0.0,77.71,9.345,1.0,219.57500000000002,2024,9,1,111.0,0,India_2004.csv
2024-09-02,2004,108.0,51.0,8.0,5.0,3.0,2.0,2,2,1,1,3,3,0,0,-3.8495033400968066,-2.8112276662215514,7.8615522,-2.2799368,-59.23306,-38.806087,4,2024-09-02,28.001666666666665,0.0,83.30666666666667,9.786666666666667,1.0,100.23333333333333,2024,9,2,108.0,0,India_2004.csv
2024-09-03,2004,112.0,39.0,6.0,6.0,5.0,2.0,2,2,1,1,3,3,0,0,-3.9000717740302706,-2.8227859322353757,7.994873,-2.2744575,-59.31717,-39.64599,4,2024-09-03,27.138333333333335,0.0,87.30666666666666,7.796666666666667,1.0,119.92166666666667,2024,9,3,112.0,0,India_2004.csv
2024-09-04,2004,100.0,39.0,7.0,5.0,4.0,2.0,2,2,1,1,3,3,0,0,-4.258389088086126,-2.78727228813335,7.962182,-2.447406,-59.82348,-39.44544,4,2024-09-04,27.438333333333333,0.0,86.62,6.011666666666667,1.0,250.78833333333333,2024,9,4,100.0,0,India_2004.csv
2024-09-05,2004,86.0,44.0,14.0,7.0,22.0,2.0,2,2,1,1,3,3,0,0,-3.2863761520580725,-1.0532114345803423,11.370442,-0.05305095,-58.8062,28.101093,4,2024-09-05,27.496666666666666,0.0,84.53500000000001,3.605,1.0,192.8116666666667,2024,9,5,86.0,0,India_2004.csv
2024-09-06,2004,108.0,35.0,15.0,6.0,9.0,2.0,2,2,1,1,3,3,0,0,-3.306049541683257,-2.327457226163582,8.389398,-0.2990865,-23.375957,-61.812893,4,2024-09-06,26.495,0.0,88.555,7.609999999999999,1.0,112.71166666666666,2024,9,6,108.0,0,India_2004.csv
2024-09-07,2004,87.0,44.0,17.0,4.0,9.0,2.0,2,2,1,1,3,3,0,0,-3.795948867761721,-1.9764098927500933,8.316298,-0.7357405,-29.808033,-63.400776,4,2024-09-07,27.15833333333333,0.0,87.325,3.51,1.0,195.25333333333333,2024,9,7,87.0,0,India_2004.csv
2024-09-08,2004,92.0,61.0,18.0,5.0,6.0,3.0,2,2,1,1,3,3,0,0,-3.1691328283628977,-2.1692407515103116,8.183914,-0.69144875,-28.63408,-64.35243,4,2024-09-08,27.798333333333332,0.0,87.18,5.965,1.0,284.86333333333334,2024,9,8,92.0,0,India_2004.csv
2024-09-09,2004,129.0,57.0,18.0,8.0,10.0,4.0,2,2,1,1,3,3,0,0,-1.8860447459668521,-1.9360554746278231,8.27933,1.5722432,-9.947978,-55.746025,4,2024-09-09,28.543333333333333,0.0,81.86166666666666,5.661666666666666,1.0,234.215,2024,9,9,129.0,0,India_2004.csv
2024-09-10,2004,120.0,57.0,19.0,8.0,15.0,3.0,2,2,1,1,3,3,0,0,-1.931427117657208,-1.6044813855641191,8.529253,1.2843009,-20.227982,-62.903397,4,2024-09-10,27.258333333333336,0.0,89.425,3.6999999999999997,1.0,211.88833333333332,2024,9,10,120.0,0,India_2004.csv
2024-09-11,2004,118.0,44.0,18.0,7.0,6.0,2.0,2,2,1,1,3,3,0,0,-2.5800090755162413,-2.747718631014278,7.9366693,1.1450019,-14.662084,-59.69241,4,2024-09-11,27.77,0.0,87.17833333333334,10.113333333333333,1.0,187.4766666666667,2024,9,11,118.0,0,India_2004.csv
2024-09-12,2004,89.0,28.0,18.0,4.0,5.0,2.0,2,2,1,1,3,3,0,0,-3.992465140740857,-2.4955472297819568,8.2318535,-0.7380033,-29.720198,-63.89794,4,2024-09-12,24.988333333333333,0.0,90.89333333333333,16.44666666666667,1.0,155.92,2024,9,12,89.0,0,India_2004.csv
2024-09-13,2004,70.0,31.0,18.0,5.0,7.0,2.0,2,2,1,1,3,3,0,0,-4.070273577577307,-2.484545971131803,8.417357,-0.82589763,-30.146202,-81.539314,4,2024-09-13,25.521666666666665,0.0,89.68166666666666,11.553333333333333,1.0,238.28166666666667,2024,9,13,70.0,0,India_2004.csv
2024-09-14,2004,85.0,50.0,18.0,8.0,6.0,2.0,2,2,1,1,3,3,0,0,-2.8914165241966545,-2.9899999671396422,8.22204,-0.21214513,-34.78267,-82.738335,4,2024-09-14,25.895,0.0,83.95666666666666,10.283333333333333,1.0,261.5366666666667,2024,9,14,85.0,0,India_2004.csv
2024-09-15,2004,83.0,61.0,22.0,6.0,6.0,3.0,2,2,1,1,3,3,0,0,-2.83005976503483,-2.339446706437828,8.223349,0.068275936,-19.97322,-71.38667,4,2024-09-15,26.718333333333334,0.0,78.43333333333334,11.631666666666668,1.0,278.3616666666666,2024,9,15,83.0,0,India_2004.csv
2024-09-16,2004,93.0,63.0,19.0,8.0,15.0,2.0,2,2,1,1,3,3,0,0,-2.347158027204852,-1.8721635535746486,8.613716,0.50580424,-18.698118,-65.61863,4,2024-09-16,27.238333333333333,0.0,73.73666666666666,11.44,1.0,288.75666666666666,2024,9,16,93.0,0,India_2004.csv
2024-09-17,2004,106.0,77.0,17.0,9.0,19.0,4.0,2,2,1,1,3,3,0,0,-1.7522498475624864,-1.0657540268392853,9.136078,1.3896763,-10.584642,-4.3560114,4,2024-09-17,27.863333333333333,0.0,76.01833333333333,6.618333333333333,1.0,185.30499999999998,2024,9,17,106.0,0,India_2004.csv
2024-09-18,2004,144.0,47.0,16.0,10.0,8.0,3.0,2,2,1,1,3,3,0,0,-1.5619302610947652,-2.7555233719051517,7.778201,1.7368319,-11.145119,-55.082886,4,2024-09-18,24.564999999999998,0.0,86.91666666666667,12.116666666666667,1.0,92.05,2024,9,18,144.0,0,India_2004.csv
2024-09-19,2004,107.0,42.0,16.0,6.0,11.0,3.0,2,2,1,1,3,3,0,0,-3.0952250458007073,-1.8420477337424086,8.567575,-0.15004358,-23.538153,-62.00044,4,2024-09-19,26.64833333333333,0.0,86.40500000000002,9.028333333333334,1.0,122.56,2024,9,19,107.0,0,India_2004.csv
2024-09-20,2004,101.0,47.0,18.0,6.0,14.0,2.0,2,2,1,1,3,3,0,0,-2.950784432120255,-1.696784786789868,8.4609785,0.27764717,-21.548681,-65.05879,4,2024-09-20,27.47,0.0,79.66166666666668,6.7683333333333335,1.0,171.9766666666667,2024,9,20,101.0,0,India_2004.csv
2024-09-21,2004,90.0,47.0,16.0,7.0,18.0,4.0,2,2,1,1,3,3,0,0,-3.0291543316133502,-1.0282558225755358,9.22267,-0.07596598,-28.147947,-70.13217,4,2024-09-21,28.26,0.0,78.7,4.81,1.0,200.33833333333334,2024,9,21,90.0,0,India_2004.csv
2024-09-22,2004,96.0,67.0,14.0,13.0,5.0,4.0,2,2,1,1,3,3,0,0,-1.6935715043595,-3.463106658843848,8.012233,0.7262209,-5.248633,-85.42295,4,2024-09-22,29.093333333333334,0.0,78.745,6.083333333333333,1.0,300.10166666666663,2024,9,22,96.0,0,India_2004.csv
2024-09-23,2004,154.0,88.0,17.0,7.0,24.0,5.0,2,2,1,1,3,3,7,7,-1.0114399849743037,0.2662176235884274,10.212975,2.914074,-16.436829,17.152086,4,2024-09-23,29.08666666666667,0.0,78.25,6.723333333333334,1.0,285.095,2024,9,23,154.0,0,India_2004.csv
2024-09-24,2004,164.0,88.0,17.0,9.0,29.0,4.0,2,2,1,1,3,3,7,7,-0.38025208928230225,0.2928655301632071,11.084746,3.1085303,-11.3816595,36.253227,4,2024-09-24,29.666666666666668,0.0,77.27333333333333,4.031666666666666,1.0,200.64666666666665,2024,9,24,164.0,0,India_2004.csv
2024-09-25,2004,169.0,83.0,19.0,8.0,18.0,4.0,2,2,1,1,0,0,1,1,-0.5488186967656289,-0.7757407841578612,9.241712,2.9543376,-6.0479937,-5.2990174,4,2024-09-25,28.723333333333333,0.0,82.56833333333334,11.631666666666666,1.0,117.875,2024,9,25,169.0,0,India_2004.csv
2024-09-26,2004,157.0,50.0,18.0,6.0,11.0,2.0,2,2,1,1,3,3,1,1,-1.901530940315099,-1.8610052039756855,7.892563,1.1047082,-31.010786,-26.767311,4,2024-09-26,27.956666666666667,0.0,81.31333333333333,9.801666666666668,1.0,116.13833333333332,2024,9,26,157.0,0,India_2004.csv
2024-09-27,2004,89.0,42.0,18.0,6.0,12.0,3.0,2,2,1,1,3,3,0,0,-3.2638300110962857,-1.7645634668420145,8.402325,0.119837634,-22.396788,-65.18847,4,2024-09-27,26.92,0.0,80.7,9.926666666666666,1.0,88.31166666666667,2024,9,27,89.0,0,India_2004.csv
2024-09-28,2004,61.0,30.0,19.0,6.0,15.0,3.0,2,2,1,1,3,3,0,0,-3.866414664527759,-1.5552260758274625,8.9159775,-0.64261407,-26.494194,-84.24983,4,2024-09-28,26.28833333333333,0.0,82.44,7.346666666666667,1.0,84.11333333333333,2024,9,28,61.0,0,India_2004.csv
2024-09-29,2004,50.0,40.0,18.0,7.0,13.0,2.0,2,2,1,1,3,3,0,0,-3.820007053042868,-2.1683755728024847,8.793347,-0.544698,-26.066837,-84.81683,4,2024-09-29,26.745,0.0,82.72,6.543333333333333,1.0,120.34666666666668,2024,9,29,50.0,0,India_2004.csv
2024-09-30,2004,95.0,59.0,17.0,9.0,20.0,3.0,2,2,1,1,3,3,0,0,-2.253332530634998,-1.2905993116836356,9.015711,0.6310087,-21.230732,-58.176945,4,2024-09-30,27.865,0.0,77.90333333333332,8.711666666666668,1.0,284.9216666666667,2024,9,30,95.0,0,India_2004.csv
2024-10-01,2004,158.0,79.0,19.0,5.0,22.0,3.0,2,2,1,1,3,3,1,1,-1.3868720232863323,-0.06315660334294783,9.616808,2.9049337,-4.7564683,-8.622589,4,2024-10-01,28.41333333333333,0.0,76.99166666666666,8.453333333333333,1.0,247.05999999999997,2024,10,1,158.0,0,India_2004.csv
2024-10-02,2004,157.0,90.0,22.0,14.0,2.0,3.0,2,2,1,1,0,0,1,1,0.5716060998795545,-3.846234808636595,7.338729,4.7054024,27.81537,-48.141792,4,2024-10-02,29.051666666666666,0.0,71.88666666666667,9.686666666666667,1.0,268.0566666666667,2024,10,2,157.0,0,India_2004.csv
2024-10-03,2004,160.0,79.0,21.0,5.0,20.0,2.0,2,2,1,1,3,3,1,1,-1.2358701293364003,-0.487592388690882,9.527868,3.1772487,-3.849106,-8.73281,4,2024-10-03,28.61,0.0,67.41666666666667,9.979999999999999,1.0,227.605,2024,10,3,160.0,0,India_2004.csv
2024-10-04,2004,117.0,78.0,20.0,9.0,16.0,2.0,2,2,1,1,3,3,1,1,-1.368705071766623,-1.7837410907270788,8.7291565,1.3553072,-17.87965,-61.951065,4,2024-10-04,28.465,0.0,69.46499999999999,8.68,1.0,232.85833333333335,2024,10,4,117.0,0,India_2004.csv
2024-10-05,2004,141.0,63.0,17.0,7.0,17.0,3.0,2,2,1,1,3,3,1,1,-1.7740142046749607,-1.1269069356369046,8.777343,1.6562532,-18.546486,-15.413606,4,2024-10-05,28.483333333333334,0.0,65.11833333333333,10.26,1.0,249.125,2024,10,5,141.0,0,India_2004.csv
2024-10-06,2004,96.0,63.0,19.0,6.0,20.0,3.0,2,2,1,1,3,3,0,0,-2.618902339941793,-0.7242485829221198,10.235479,0.42165443,-15.41494,-23.636036,4,2024-10-06,27.618333333333336,0.0,67.52166666666666,7.995,1.0,271.7383333333333,2024,10,6,96.0,0,India_2004.csv
2024-10-07,2004,112.0,64.0,20.0,6.0,21.0,3.0,2,2,1,1,3,3,0,0,-2.2184608966337565,-0.5513660387253481,9.440742,1.5681083,-10.216352,-17.787762,4,2024-10-07,26.97,0.0,70.79833333333333,6.864999999999999,1.0,244.80499999999998,2024,10,7,112.0,0,India_2004.csv
2024-10-08,2004,121.0,84.0,22.0,6.0,27.0,2.0,2,2,1,1,3,3,1,1,-1.5151305672597084,0.051665007096055315,9.634739,3.6406994,16.325567,-0.2849848,4,2024-10-08,27.150000000000002,0.0,68.14,6.4433333333333325,1.0,300.3483333333333,2024,10,8,121.0,0,India_2004.csv
2024-10-09,2004,155.0,77.0,22.0,6.0,24.0,2.0,2,2,1,1,3,3,1,1,-1.0366297212785915,-0.22511008716098876,9.571479,3.4450235,-3.871186,-9.487517,4,2024-10-09,26.78333333333333,0.0,64.085,8.248333333333333,1.0,299.965,2024,10,9,155.0,0,India_2004.csv
2024-10-10,2004,146.0,70.0,22.0,3.0,18.0,1.0,2,2,1,1,3,3,1,1,-2.005829110623963,-0.6582913280214484,8.686467,3.2020493,-6.671346,-13.137034,4,2024-10-10,26.11,0.0,57.1,9.713333333333333,1.0,296.8416666666667,2024,10,10,146.0,0,India_2004.csv
2024-10-11,2004,124.0,71.0,21.0,5.0,26.0,1.0,2,2,1,1,3,3,7,7,-1.9760384804834012,-0.16756290173045577,9.496635,3.5452693,-7.3128715,-16.76865,4,2024-10-11,25.461666666666662,0.0,56.19166666666666,9.455,1.0,282.92333333333335,2024,10,11,124.0,0,India_2004.csv
2024-10-12,2004,141.0,77.0,25.0,5.0,25.0,2.0,2,2,1,1,3,3,1,1,-1.255709758357325,0.04792202998859024,9.529144,3.8738837,15.717863,-1.949327,4,2024-10-12,25.99666666666667,0.0,58.10333333333333,8.14,1.0,212.87333333333333,2024,10,12,141.0,0,India_2004.csv
2024-10-13,2004,146.0,99.0,27.0,10.0,27.0,2.0,2,2,1,1,0,0,1,1,0.376814912581676,-0.46683899416019065,9.49816,4.8318744,12.089199,-0.16032676,4,2024-10-13,26.441666666666666,0.0,54.81333333333333,6.308333333333334,1.0,207.415,2024,10,13,146.0,0,India_2004.csv
2024-10-14,2004,169.0,103.0,30.0,12.0,24.0,1.0,2,2,1,1,0,0,1,1,1.4474453473308921,-1.2686362461911473,9.0241995,6.3246646,39.211487,-6.6117353,4,2024-10-14,25.67,0.0,55.23499999999999,7.053333333333334,1.0,239.62,2024,10,14,169.0,0,India_2004.csv
2024-10-15,2004,145.0,94.0,30.0,7.0,24.0,2.0,2,2,1,1,0,0,1,1,-0.13267643221012837,-0.2833379916999856,9.206883,4.9312105,24.387264,-3.4914532,4,2024-10-15,25.331666666666667,0.0,57.776666666666664,8.845,1.0,286.05833333333334,2024,10,15,145.0,0,India_2004.csv
2024-10-16,2004,160.0,112.0,35.0,10.0,40.0,2.0,0,0,2,2,0,0,1,1,1.61316049143637,1.1788939403694354,11.486021,6.8959427,40.61579,53.03121,4,2024-10-16,26.451666666666668,0.0,56.82333333333333,6.511666666666667,1.0,188.45833333333334,2024,10,16,160.0,0,India_2004.csv
2024-10-17,2004,177.0,102.0,41.0,19.0,3.0,2.0,1,1,0,0,0,0,10,10,3.5868955217139233,-4.563445699368505,8.817949,8.060875,63.628582,-1.9792597,4,2024-10-17,26.49666666666667,0.0,63.66833333333333,5.851666666666667,1.0,146.76166666666666,2024,10,17,177.0,0,India_2004.csv
2024-10-18,2004,173.0,117.0,37.0,13.0,23.0,3.0,2,2,0,0,0,0,1,1,2.502335146065524,-0.9850654451760957,9.401621,7.0186405,40.452892,-5.156453,4,2024-10-18,26.756666666666664,0.0,62.675000000000004,5.8566666666666665,1.0,169.71666666666667,2024,10,18,173.0,0,India_2004.csv
2024-10-19,2004,186.0,115.0,37.0,21.0,21.0,3.0,1,1,0,0,0,0,10,10,4.291640046991461,-2.592537072910748,9.013133,7.914123,60.285267,0.58762836,4,2024-10-19,27.291666666666668,0.0,63.419999999999995,4.995,1.0,144.36166666666668,2024,10,19,186.0,0,India_2004.csv
2024-10-20,2004,182.0,116.0,36.0,11.0,21.0,1.0,2,2,1,1,0,0,1,1,2.1218018098944067,-1.284786198917619,9.174731,6.8654585,40.68707,-6.0375443,4,2024-10-20,26.49,0.0,67.69,7.096666666666667,1.0,97.52333333333333,2024,10,20,182.0,0,India_2004.csv
2024-10-21,2004,192.0,125.0,30.0,10.0,22.0,3.0,2,2,1,1,0,0,1,1,1.8373902403032096,-0.5324201620674747,9.102069,6.689869,41.615665,-7.8053164,4,2024-10-21,26.00333333333333,0.0,69.06166666666667,6.5183333333333335,1.0,87.85333333333334,2024,10,21,192.0,0,India_2004.csv
2024-10-22,2004,203.0,129.0,29.0,12.0,25.0,3.0,1,1,0,0,0,0,1,1,2.4672182110825482,-0.4999126316958684,9.127027,6.9616637,42.561066,-7.761587,4,2024-10-22,25.67833333333333,0.0,67.28666666666666,6.718333333333334,1.0,160.13833333333335,2024,10,22,203.0,0,India_2004.csv
2024-10-23,2004,206.0,189.0,26.0,12.0,25.0,1.0,1,1,0,0,0,0,5,5,3.247793678507069,-0.6596776329281548,8.20964,7.7148952,49.225708,-4.4237967,4,2024-10-23,26.098333333333333,0.0,58.22833333333333,11.468333333333334,1.0,311.40333333333336,2024,10,23,206.0,0,India_2004.csv
2024-10-24,2004,278.0,129.0,26.0,7.0,29.0,3.0,1,1,0,0,0,0,5,5,2.6700152243968005,1.0281775803607054,7.4844227,8.724386,64.14351,6.75376,4,2024-10-24,25.453333333333333,0.0,60.153333333333336,10.911666666666667,1.0,307.705,2024,10,24,278.0,0,India_2004.csv
2024-10-25,2004,207.0,121.0,27.0,5.0,25.0,3.0,2,2,1,1,0,0,1,1,0.8529689491662155,0.6886579785678651,8.433786,6.0431404,34.968628,-11.177833,4,2024-10-25,25.150000000000002,0.0,61.56166666666667,10.28,1.0,299.98,2024,10,25,207.0,0,India_2004.csv
2024-10-26,2004,194.0,157.0,36.0,9.0,35.0,2.0,0,0,2,2,0,0,10,10,2.795322653281919,1.1126271312449076,11.088396,7.347088,46.430916,50.63537,4,2024-10-26,25.01833333333333,0.0,66.94333333333334,8.506666666666666,1.0,219.405,2024,10,26,194.0,0,India_2004.csv
2024-10-27,2004,227.0,138.0,30.0,7.0,30.0,3.0,0,0,2,2,0,0,1,1,2.190907366089462,1.0699569133192917,8.420844,6.9517355,62.179146,6.943285,4,2024-10-27,25.745,0.0,72.39333333333333,6.103333333333334,1.0,115.645,2024,10,27,227.0,0,India_2004.csv
2024-10-28,2004,232.0,120.0,27.0,6.0,34.0,2.0,0,0,2,2,0,0,1,1,1.592139605057749,1.3846303442439827,8.3484955,6.86774,37.086876,-9.90374,4,2024-10-28,25.95,0.0,70.37333333333333,7.614999999999999,1.0,152.61333333333332,2024,10,28,232.0,0,India_2004.csv
2024-10-29,2004,208.0,104.0,25.0,7.0,19.0,2.0,2,2,1,1,0,0,1,1,0.7558556648928905,-0.6603066723984969,8.382942,5.9885554,34.88782,-10.892081,4,2024-10-29,26.78,0.0,69.005,6.743333333333333,1.0,154.95333333333332,2024,10,29,208.0,0,India_2004.csv
2024-10-30,2004,184.0,123.0,27.0,8.0,33.0,2.0,2,2,1,1,0,0,1,1,1.1429140143405416,0.7945639823939242,10.54055,5.464599,5.2246337,29.965729,4,2024-10-30,27.168333333333333,0.0,64.63166666666667,7.245,1.0,251.11499999999998,2024,10,30,184.0,0,India_2004.csv
2024-10-31,2004,200.0,146.0,24.0,7.0,23.0,3.0,2,2,1,1,0,0,1,1,1.2819784676081658,0.18719260938343102,8.29553,6.2092047,35.063446,-12.52739,4,2024-10-31,26.14833333333333,0.0,56.876666666666665,11.716666666666667,1.0,294.03833333333336,2024,10,31,200.0,0,India_2004.csv
2024-11-01,2004,245.0,200.0,24.0,6.0,22.0,5.0,1,1,0,0,0,0,5,5,2.815679854374063,1.0810882590541258,7.4547524,8.239813,61.89189,-37.641685,4,2024-11-01,24.831666666666667,0.0,53.41,10.746666666666668,1.0,290.27000000000004,2024,11,1,245.0,0,India_2004.csv
2024-11-02,2004,280.0,166.0,29.0,11.0,27.0,3.0,1,1,0,0,0,0,5,5,4.320739991869218,0.3071741904072563,8.321936,8.890931,63.57606,9.552009,4,2024-11-02,24.435000000000002,0.0,57.065,7.155,1.0,180.13666666666668,2024,11,2,280.0,0,India_2004.csv
2024-11-03,2004,271.0,160.0,34.0,6.0,33.0,3.0,1,1,0,0,0,0,5,5,3.505063133742666,1.8537620897922884,8.027428,8.604887,63.11121,7.216337,4,2024-11-03,24.180000000000003,0.0,57.13333333333333,6.148333333333333,1.0,233.68833333333336,2024,11,3,271.0,0,India_2004.csv
2024-11-04,2004,274.0,189.0,32.0,11.0,28.0,1.0,1,1,0,0,0,0,5,5,4.797868737825657,0.10214159454002361,8.456399,8.839218,64.27918,9.710182,4,2024-11-04,23.540000000000003,0.0,66.60666666666667,6.963333333333334,1.0,194.15333333333334,2024,11,4,274.0,0,India_2004.csv
2024-11-05,2004,290.0,152.0,36.0,8.0,27.0,2.0,1,1,0,0,0,0,5,5,4.193197758844109,0.6327427014758833,8.004093,8.640166,63.572475,7.4362187,4,2024-11-05,23.676666666666666,0.0,71.26333333333334,5.793333333333333,1.0,90.76166666666667,2024,11,5,290.0,0,India_2004.csv
2024-11-06,2004,227.0,153.0,34.0,12.0,64.0,3.0,0,0,2,2,2,2,4,4,4.149467379303256,4.160568098526051,12.102926,7.7452826,48.77573,55.97133,4,2024-11-06,24.141666666666666,0.0,68.07000000000001,5.428333333333334,1.0,222.85999999999999,2024,11,6,227.0,0,India_2004.csv
2024-11-07,2004,249.0,180.0,32.0,16.0,36.0,8.8,1,1,0,0,0,0,5,5,5.400662801204242,1.721780511767047,10.239682,8.312155,52.08726,47.758636,4,2024-11-07,24.474999999999998,0.0,66.86666666666667,4.931666666666667,1.0,123.22333333333334,2024,11,7,249.0,0,India_2004.csv
2024-11-08,2004,303.0,135.0,24.0,12.0,19.0,1.0,1,1,0,0,0,0,5,5,3.9334371018100316,-1.3404890593096945,7.201901,9.036145,77.49851,-45.26179,4,2024-11-08,24.51,0.0,68.63166666666667,5.918333333333333,1.0,141.34166666666667,2024,11,8,303.0,0,India_2004.csv
2024-11-09,2004,228.0,140.0,22.0,12.0,25.0,3.0,1,1,0,0,0,0,5,5,2.5763308563313694,-0.4295394881513942,7.877669,7.188617,40.225025,-11.502392,4,2024-11-09,24.535,0.0,67.33,8.033333333333333,1.0,132.495,2024,11,9,228.0,0,India_2004.csv
2024-11-10,2004,236.0,125.0,22.0,9.0,24.0,3.0,2,2,1,1,0,0,5,5,1.8646266699594614,-0.06531552909446885,7.7510047,7.0932703,38.12954,-11.974464,4,2024-11-10,24.245,0.0,72.425,6.25,1.0,97.355,2024,11,10,236.0,0,India_2004.csv
2024-11-11,2004,214.0,144.0,25.0,13.0,24.0,2.0,1,1,0,0,0,0,1,1,2.785713724581747,-0.9351274225019114,8.088254,7.189189,41.21799,-11.043067,4,2024-11-11,24.198333333333334,0.0,73.58166666666666,5.403333333333333,1.0,118.705,2024,11,11,214.0,0,India_2004.csv
2024-11-12,2004,233.0,148.0,23.0,21.0,7.0,3.0,1,1,0,0,0,0,5,5,4.468004181057125,-3.998436646730591,7.4131603,7.057973,36.936234,-60.792976,4,2024-11-12,25.093333333333334,0.0,55.09,7.276666666666666,1.0,265.67333333333335,2024,11,12,233.0,0,India_2004.csv
2024-11-13,2004,237.0,403.0,25.0,10.0,16.0,2.0,1,1,0,0,1,1,2,2,6.75712776836047,0.014712824430396244,8.277064,10.581577,90.13327,4.016862,4,2024-11-13,23.941666666666666,0.0,59.16833333333333,4.551666666666667,1.0,288.0783333333333,2024,11,13,403.0,0,India_2004.csv
2024-11-14,2004,430.0,299.0,21.0,12.0,3.0,3.0,1,1,0,0,1,1,5,5,8.579530661246045,-1.577182075025011,7.263551,10.657535,93.82797,-25.144289,4,2024-11-14,23.776666666666667,0.0,56.18166666666667,3.186666666666667,1.0,244.45666666666668,2024,11,14,430.0,0,India_2004.csv
2024-11-15,2004,373.0,231.6,26.4,10.4,20.0,4.6,1,1,0,0,1,1,5,5,6.737179878555551,0.5359825702319677,7.2949953,9.938667,89.59819,-29.643372,4,2024-11-15,23.531666666666666,0.0,53.955000000000005,6.0200000000000005,1.0,297.88166666666666,2024,11,15,373.0,0,India_2004.csv
2024-11-16,2004,292.0,260.0,27.0,11.0,17.0,2.0,1,1,0,0,1,1,5,5,5.796659877477594,-0.5706596796301397,7.4470997,9.396125,78.68231,-26.037268,4,2024-11-16,23.314999999999998,0.0,55.99333333333333,5.191666666666666,1.0,284.33166666666665,2024,11,16,292.0,0,India_2004.csv
2024-11-17,2004,333.0,394.0,27.0,9.0,6.0,3.0,1,1,0,0,1,1,2,2,8.232730032628952,-0.47737964254644044,7.6421056,10.865927,97.71766,-9.8533325,4,2024-11-17,22.421666666666667,0.0,59.01666666666666,5.343333333333334,1.0,302.34666666666664,2024,11,17,394.0,0,India_2004.csv
2024-11-18,2004,460.0,615.0,27.0,15.0,10.0,3.0,1,1,0,0,1,1,2,2,15.454097188982294,0.3684467269236326,8.321231,11.639178,101.05521,-1.4270232,4,2024-11-18,20.638333333333335,0.0,59.025,5.181666666666667,1.0,294.3666666666667,2024,11,18,615.0,0,India_2004.csv
2024-11-19,2004,583.0,198.0,29.0,18.0,17.0,19.0,1,1,0,0,1,1,5,5,11.969175448296795,2.4726083871986333,7.121957,10.637664,99.97946,-27.512146,4,2024-11-19,19.936666666666667,0.0,50.655,5.383333333333334,1.0,290.3866666666667,2024,11,19,583.0,0,India_2004.csv
2024-11-20,2004,328.0,184.0,34.0,10.0,25.0,4.0,1,1,0,0,1,1,5,5,5.674695685101643,0.7413198191336693,7.916138,9.148845,65.50064,8.055377,4,2024-11-20,19.863333333333333,0.0,50.68333333333334,4.948333333333333,1.0,293.81166666666667,2024,11,20,328.0,0,India_2004.csv
2024-11-21,2004,302.0,144.0,39.0,20.0,25.0,3.0,1,1,0,0,1,1,5,5,6.911689010794977,-1.4682420479189247,8.471183,9.329232,72.25475,-6.2655234,4,2024-11-21,19.87333333333333,0.0,52.16833333333333,4.7683333333333335,1.0,289.52000000000004,2024,11,21,302.0,0,India_2004.csv
2024-11-22,2004,250.0,200.0,43.0,11.0,29.0,6.0,1,1,0,0,0,0,10,10,5.457569832235114,1.3815304033786884,9.035239,8.792572,67.13361,12.501503,4,2024-11-22,20.371666666666666,0.0,56.205000000000005,3.8466666666666662,1.0,291.09,2024,11,22,250.0,0,India_2004.csv
2024-11-23,2004,325.0,174.0,45.0,16.0,27.0,3.0,1,1,0,0,1,1,5,5,7.506986246235625,-0.2759664535856378,8.448925,9.477553,72.18042,-5.7465634,4,2024-11-23,21.16,0.0,51.14166666666667,4.588333333333334,1.0,222.54,2024,11,23,325.0,0,India_2004.csv
2024-11-24,2004,284.0,114.0,44.0,8.0,27.0,3.0,1,1,0,0,0,0,10,10,4.084015736382607,0.7122970714511909,8.037008,8.592599,63.300922,7.1504464,4,2024-11-24,21.59,0.0,49.218333333333334,6.781666666666666,1.0,276.65000000000003,2024,11,24,284.0,0,India_2004.csv
2024-11-25,2004,197.0,198.0,42.0,12.0,31.0,2.0,1,1,0,0,0,0,10,10,4.5342495091135655,0.3865634122570256,9.400989,8.282126,60.419888,5.158908,4,2024-11-25,20.356666666666666,0.0,58.945,6.993333333333333,1.0,285.48333333333335,2024,11,25,198.0,0,India_2004.csv
2024-11-26,2004,309.0,123.0,37.0,14.0,24.0,1.0,1,1,0,0,0,0,5,5,5.299476184431434,-1.0617056474994082,8.419499,9.095248,71.78152,-6.398359,4,2024-11-26,19.713333333333335,0.0,53.75666666666667,6.091666666666666,1.0,286.71166666666664,2024,11,26,309.0,0,India_2004.csv
2024-11-27,2004,242.0,125.0,40.0,13.0,22.0,1.0,1,1,0,0,0,0,10,10,4.097153544957834,-1.2734926290342932,9.05723,8.229299,61.44752,-1.3052542,4,2024-11-27,19.616666666666664,0.0,50.745000000000005,3.578333333333333,1.0,278.70166666666665,2024,11,27,242.0,0,India_2004.csv
2024-11-28,2004,212.0,138.0,40.0,18.0,20.0,2.0,1,1,0,0,0,0,10,10,4.749451764756268,-2.18549573296166,9.078905,8.286359,61.475822,-1.2847983,4,2024-11-28,19.006666666666664,0.0,55.555,3.5366666666666666,1.0,303.6433333333333,2024,11,28,212.0,0,India_2004.csv
2024-11-29,2004,230.0,166.0,47.0,18.0,23.0,1.0,1,1,0,0,0,0,10,10,6.095698269178563,-1.818578684426374,9.226203,8.561855,62.014454,-0.7664784,4,2024-11-29,18.573333333333334,0.0,62.78,2.313333333333333,1.0,243.06499999999997,2024,11,29,230.0,0,India_2004.csv
2024-11-30,2004,232.0,151.0,45.0,18.0,19.0,1.0,1,1,0,0,0,0,10,10,5.686916975643357,-2.356727409787049,9.142558,8.415791,61.932266,-0.956921,4,2024-11-30,19.021666666666665,0.0,61.55166666666667,4.673333333333333,1.0,306.32,2024,11,30,232.0,0,India_2004.csv
2024-12-01,2004,239.0,104.0,40.0,16.0,18.0,1.0,1,1,0,0,0,0,10,10,4.252054232416578,-2.367484949493084,8.994811,8.281802,61.508854,-1.4262581,4,2024-12-01,19.291666666666668,0.0,61.86833333333333,4.763333333333334,1.0,297.3016666666667,2024,12,1,239.0,0,India_2004.csv
2024-12-02,2004,191.0,119.0,41.0,16.0,18.0,1.0,1,1,0,0,0,0,10,10,3.6861868615244586,-2.42530223225952,9.015424,8.119284,61.45813,-2.0711253,4,2024-12-02,19.615,0.0,58.14166666666667,4.815,1.0,306.5883333333333,2024,12,2,191.0,0,India_2004.csv
2024-12-03,2004,197.0,108.0,39.0,16.0,13.0,1.0,1,1,0,0,0,0,10,10,3.405024754891313,-3.0460230159533226,8.920197,8.0759115,61.54977,-2.2419858,4,2024-12-03,20.301666666666666,0.0,53.04333333333333,7.1883333333333335,1.0,304.96,2024,12,3,197.0,0,India_2004.csv
2024-12-04,2004,177.0,73.0,34.0,13.0,17.0,3.0,2,2,1,1,0,0,1,1,1.5554232416170646,-1.8943815713778733,8.305961,6.262008,36.93494,-23.421135,4,2024-12-04,19.695,0.0,49.48666666666667,9.13,1.0,295.1666666666667,2024,12,4,177.0,0,India_2004.csv
2024-12-05,2004,138.0,77.0,34.0,19.0,16.0,4.0,2,2,1,1,0,0,1,1,2.10638157401778,-2.9387082809147547,8.449109,7.0736566,39.524914,-30.701803,4,2024-12-05,17.796666666666667,0.0,42.88166666666667,7.598333333333334,1.0,282.57666666666665,2024,12,5,138.0,0,India_2004.csv
2024-12-06,2004,135.0,85.0,37.0,11.0,17.0,4.0,2,2,1,1,0,0,1,1,0.8170890195828323,-1.3627687991376856,8.471733,5.785314,35.378002,-21.824387,4,2024-12-06,17.498333333333335,0.0,47.41,6.541666666666667,1.0,293.56,2024,12,6,135.0,0,India_2004.csv
2024-12-07,2004,151.0,91.0,38.0,14.0,19.0,4.0,2,2,1,1,0,0,1,1,1.9133753365636577,-1.579770757582976,8.538775,6.322342,37.732227,-23.699375,4,2024-12-07,16.441666666666666,0.0,48.66,3.4966666666666666,1.0,183.51999999999998,2024,12,7,151.0,0,India_2004.csv
2024-12-08,2004,167.0,117.0,47.0,19.0,18.0,4.0,1,1,0,0,0,0,10,10,4.312708852707593,-2.328455982469528,9.442653,8.144706,58.592728,0.9498026,4,2024-12-08,16.16,0.0,58.653333333333336,8.556666666666667,1.0,131.17499999999998,2024,12,8,167.0,0,India_2004.csv
2024-12-09,2004,207.0,92.0,36.0,14.0,21.0,3.0,1,1,0,0,0,0,1,1,2.8223002425359622,-1.4200099780426432,9.0929785,7.0738435,42.990063,-7.1705217,4,2024-12-09,15.186666666666667,0.0,64.21833333333333,4.471666666666667,1.0,222.42499999999998,2024,12,9,207.0,0,India_2004.csv
2024-12-10,2004,162.0,94.0,36.0,14.0,14.0,5.0,2,2,1,1,0,0,1,1,1.9686837368145906,-1.8988671652197113,8.393875,6.379503,38.26043,-23.56639,4,2024-12-10,14.200000000000001,0.0,49.42333333333334,8.22,1.0,298.32666666666665,2024,12,10,162.0,0,India_2004.csv
2024-12-11,2004,167.0,89.0,37.0,11.0,16.0,4.0,2,2,1,1,0,0,1,1,1.4626088112451052,-1.3642395849051225,8.535279,6.3145914,39.58424,-22.029015,4,2024-12-11,13.928333333333333,0.0,48.873333333333335,7.36,1.0,293.44666666666666,2024,12,11,167.0,0,India_2004.csv
2024-12-12,2004,166.0,140.0,41.0,10.0,17.0,4.0,1,1,0,0,0,0,10,10,2.395735891954684,-0.7965436274784348,8.897989,6.804218,41.730614,-19.863556,4,2024-12-12,14.678333333333333,0.0,50.86833333333333,8.026666666666666,1.0,301.645,2024,12,12,166.0,0,India_2004.csv
2024-12-13,2004,236.0,114.0,17.0,17.0,13.0,2.0,1,1,0,0,0,0,5,5,2.7632336143158054,-3.036209364119555,7.2930346,7.2019515,48.491013,-58.443954,4,2024-12-13,14.951666666666668,0.0,44.395,12.104999999999999,1.0,293.7633333333333,2024,12,13,236.0,0,India_2004.csv
2024-12-14,2004,160.0,95.0,19.0,14.0,16.0,1.0,2,2,1,1,0,0,1,1,0.6176978638923015,-2.6829054621313846,8.405723,4.206516,18.86453,-57.770298,4,2024-12-14,14.588333333333333,0.0,46.25833333333333,8.115,1.0,289.86833333333334,2024,12,14,160.0,0,India_2004.csv
2024-12-15,2004,173.0,132.0,23.0,17.0,17.0,1.0,2,2,1,1,0,0,1,1,2.3831196628060924,-2.847012944872947,7.654695,6.18752,31.033047,-55.198265,4,2024-12-15,14.0,0.0,57.23166666666666,3.3966666666666665,1.0,304.1933333333333,2024,12,15,173.0,0,India_2004.csv
2024-12-16,2004,230.0,199.0,25.0,24.0,34.0,1.0,1,1,0,0,1,1,5,5,6.294536715502018,-1.638043493912567,8.711856,8.920491,74.436516,-17.012888,4,2024-12-16,14.083333333333334,0.0,71.74833333333333,3.1033333333333335,1.0,284.23333333333335,2024,12,16,230.0,0,India_2004.csv
2024-12-17,2004,319.0,206.0,31.0,11.0,19.0,1.0,1,1,0,0,1,1,5,5,5.725414714238161,-0.7156847726562189,7.283081,9.4345045,70.24793,-33.18591,4,2024-12-17,13.986666666666666,0.0,73.74,3.0066666666666664,1.0,249.07500000000002,2024,12,17,319.0,0,India_2004.csv
2024-12-18,2004,299.0,277.0,26.0,19.0,19.0,1.0,1,1,0,0,1,1,5,5,7.743019228555559,-1.8747069004534278,7.9291286,10.263136,89.09514,-18.235409,4,2024-12-18,14.01,0.0,68.52666666666666,3.3000000000000003,1.0,276.3883333333333,2024,12,18,299.0,0,India_2004.csv
2024-12-19,2004,390.0,212.0,26.0,16.0,17.0,1.0,1,1,0,0,1,1,5,5,7.735467288279713,-1.6279279238640598,7.115013,10.072274,91.393456,-31.06601,4,2024-12-19,14.746666666666668,0.0,63.25666666666667,4.3933333333333335,1.0,103.44833333333334,2024,12,19,390.0,0,India_2004.csv
2024-12-20,2004,332.0,191.0,25.0,15.0,20.0,1.0,1,1,0,0,1,1,5,5,6.0774323827658385,-1.3893663818939777,7.2734513,9.431975,76.88586,-45.679302,4,2024-12-20,16.073333333333334,0.0,65.27166666666666,4.486666666666667,1.0,229.24333333333334,2024,12,20,332.0,0,India_2004.csv
2024-12-21,2004,290.0,139.0,20.0,14.0,22.0,1.0,1,1,0,0,0,0,5,5,3.8907018163094724,-1.40139177327207,7.2052293,9.058011,77.83959,-45.89848,4,2024-12-21,15.561666666666667,0.0,62.74166666666667,4.148333333333333,1.0,239.9416666666667,2024,12,21,290.0,0,India_2004.csv
2024-12-22,2004,244.0,183.0,27.0,19.0,24.0,2.0,1,1,0,0,0,0,5,5,5.336040955950401,-1.697840643694903,8.33594,8.558198,71.483864,-16.286873,4,2024-12-22,16.041666666666668,0.0,60.10333333333333,4.065,1.0,138.49333333333334,2024,12,22,244.0,0,India_2004.csv
2024-12-23,2004,314.0,186.0,23.0,14.0,17.0,1.0,1,1,0,0,1,1,5,5,5.273774964103667,-1.6469241973115114,7.198005,9.27293,76.979904,-45.661053,4,2024-12-23,14.176666666666668,0.0,72.23833333333333,5.846666666666667,1.0,81.31333333333333,2024,12,23,314.0,0,India_2004.csv
2024-12-24,2004,310.0,122.0,21.0,15.0,10.0,2.0,1,1,0,0,0,0,5,5,4.130849009779052,-2.740023153811087,6.9888315,9.238557,77.5427,-42.85836,4,2024-12-24,14.545,0.0,80.63333333333334,5.218333333333333,1.0,173.4416666666667,2024,12,24,310.0,0,India_2004.csv
2024-12-25,2004,221.0,120.0,21.0,23.0,14.0,1.0,1,1,0,0,0,0,5,5,4.090284477755215,-4.179566567798861,7.4863086,7.0994267,37.366,-61.232674,4,2024-12-25,14.963333333333333,0.0,77.29666666666667,4.711666666666667,1.0,308.57666666666665,2024,12,25,221.0,0,India_2004.csv
2024-12-26,2004,227.0,136.0,25.0,19.0,18.0,1.0,1,1,0,0,0,0,5,5,4.013145198357314,-2.8934442117346335,7.638932,7.2588925,60.805904,-12.288381,4,2024-12-26,16.61,0.0,67.83999999999999,2.435,1.0,129.74666666666667,2024,12,26,227.0,0,India_2004.csv
2024-12-27,2004,243.0,109.0,25.0,13.0,15.0,6.4,1,1,0,0,0,0,5,5,2.705963295551295,-1.0826427355041128,7.446889,7.7362046,56.597702,-40.78754,4,2024-12-27,14.648333333333333,0.0,89.105,7.898333333333333,1.0,79.02833333333332,2024,12,27,243.0,0,India_2004.csv
2024-12-28,2004,222.0,80.0,23.0,13.0,10.0,6.4,2,2,1,1,0,0,1,1,1.6305013346182464,-1.8694664717293237,7.449059,7.392688,54.79078,-40.618332,4,2024-12-28,14.583333333333334,0.0,90.13499999999999,5.375,1.0,294.75333333333333,2024,12,28,222.0,0,India_2004.csv
2024-12-29,2004,168.0,84.0,17.0,11.0,17.0,5.2,2,2,1,1,0,0,1,1,-0.09568224690271578,-1.1688341311604247,9.14774,3.0571244,-6.610423,0.33141688,4,2024-12-29,13.496666666666668,0.0,85.86666666666667,7.900000000000001,1.0,300.1933333333333,2024,12,29,168.0,0,India_2004.csv
2024-12-30,2004,174.0,152.8,30.8,11.0,31.0,8.2,0,0,2,2,0,0,1,1,2.4046956396458348,1.5424289835305955,10.694586,7.0701637,37.811665,38.120857,4,2024-12-30,12.348333333333334,0.0,87.83166666666666,6.353333333333333,1.0,285.13,2024,12,30,174.0,0,India_2004.csv
2024-12-31,2004,149.5822841180519,114.82240580294176,18.75631236617784,9.462042997692214,23.415262436507295,5.553042899900233,2,2,1,1,0,0,1,1,-0.024653403260480163,0.019591619741040827,-6.337873,3.242069,4.8190203,-27.552046,4,2024-12-31,11.113333333333335,0.0,89.29833333333333,3.3216666666666668,1.0,291.09,2024,12,31,149.5822841180519,0,India_2004.csv
2025-01-01,2004,175.8,135.0,17.0,9.0,22.0,5.2,2,2,1,1,0,0,1,1,0.5422683080103838,0.023251848076254997,9.87194,3.0810323,-3.134278,-33.860493,4,2025-01-01,11.276666666666666,0.0,88.68166666666666,5.961666666666666,1.0,292.7833333333333,2025,1,1,175.8,0,India_2004.csv
2025-01-02,2004,226.0,133.0,17.0,14.0,18.0,6.0,1,1,0,0,0,0,5,5,2.405512767699041,-1.000839625604884,7.434282,7.8818336,61.3159,-45.173717,4,2025-01-02,12.43,0.0,85.43833333333333,5.835,1.0,285.54333333333335,2025,1,2,226.0,0,India_2004.csv
2025-01-03,2004,226.0,149.0,19.0,20.0,14.0,9.0,1,1,0,0,0,0,5,5,4.020415443634398,-1.7611946490783217,8.430051,7.881047,62.11017,-19.684647,4,2025-01-03,12.651666666666666,0.0,88.03000000000002,3.763333333333333,1.0,285.78333333333336,2025,1,3,226.0,0,India_2004.csv
2025-01-04,2004,256.0,226.0,34.0,13.0,19.0,4.8,1,1,0,0,1,1,5,5,5.573377660709787,-0.2972459739716642,8.172296,8.9355,68.80676,-15.311386,4,2025-01-04,13.041666666666666,0.0,89.54,3.905,1.0,132.57500000000002,2025,1,4,256.0,0,India_2004.csv
2025-01-05,2004,352.0,136.0,21.0,9.0,11.0,6.2,1,1,0,0,0,0,5,5,4.006326816060659,-0.4614696355163794,6.7035847,9.622974,83.16623,-39.988716,4,2025-01-05,12.38,0.0,89.85000000000001,5.6450000000000005,1.0,123.42333333333333,2025,1,5,352.0,0,India_2004.csv
2025-01-06,2004,227.0,131.0,19.0,18.0,17.0,4.8,1,1,0,0,0,0,5,5,3.3169334139084774,-2.0719916479005156,7.531886,7.2858033,59.934628,-46.326687,4,2025-01-06,13.270000000000001,0.0,88.31833333333333,6.011666666666667,1.0,248.74166666666667,2025,1,6,227.0,0,India_2004.csv
2025-01-07,2004,225.0,130.0,16.0,22.0,15.0,3.8,1,1,0,0,0,0,5,5,3.799193660154718,-3.2567098677300246,7.4800835,7.103115,37.577835,-61.747696,4,2025-01-07,12.806666666666667,0.0,86.71666666666665,9.476666666666667,1.0,291.22666666666663,2025,1,7,225.0,0,India_2004.csv
2025-01-08,2004,224.0,113.0,19.0,12.0,24.0,2.8,2,2,1,1,0,0,1,1,1.8165296774854576,-0.7543135725707492,7.683244,7.111597,39.850353,-11.9038,4,2025-01-08,12.533333333333333,0.0,75.295,7.010000000000001,1.0,279.205,2025,1,8,224.0,0,India_2004.csv
2025-01-09,2004,204.0,191.0,40.0,20.0,35.0,1.0,1,1,0,0,0,0,10,10,6.034996879789795,-0.8152646381222373,9.925148,8.997507,67.56081,24.456938,4,2025-01-09,12.535000000000002,0.0,80.43833333333333,1.8966666666666665,1.0,137.535,2025,1,9,204.0,0,India_2004.csv
2025-01-10,2004,303.0,214.0,34.0,18.0,2.0,6.0,1,1,0,0,1,1,5,5,7.0647660016336316,-2.769908851692258,7.8192134,9.563906,73.75999,-12.257377,4,2025-01-10,11.811666666666667,0.0,86.125,4.738333333333333,1.0,109.91000000000001,2025,1,10,303.0,0,India_2004.csv
2025-01-11,2004,317.0,130.0,18.0,8.0,11.0,1.0,1,1,0,0,0,0,5,5,2.755276228328064,-1.5776822620493047,6.642428,9.070104,73.46865,-44.37155,4,2025-01-11,12.476666666666667,0.0,87.37333333333333,6.083333333333333,1.0,111.125,2025,1,11,317.0,0,India_2004.csv
2025-01-12,2004,221.0,113.0,18.0,12.0,19.0,1.0,2,2,1,1,0,0,1,1,1.5990038857511015,-1.7332204292351745,7.363671,7.107285,50.761086,-58.141006,4,2025-01-12,13.063333333333333,0.0,87.73833333333334,4.145,1.0,235.9433333333333,2025,1,12,221.0,0,India_2004.csv
2025-01-13,2004,197.0,106.0,18.0,14.0,21.0,1.0,2,2,1,1,0,0,1,1,1.4655592559236628,-1.96153105282359,7.38215,6.985478,50.168335,-58.279743,4,2025-01-13,13.495,0.0,85.195,6.835,1.0,295.6716666666667,2025,1,13,197.0,0,India_2004.csv
2025-01-14,2004,193.0,130.0,19.0,19.0,35.0,2.0,1,1,0,0,0,0,1,1,3.0455788352562703,-0.9174916056865046,9.566649,7.770525,49.171597,44.479275,4,2025-01-14,13.081666666666665,0.0,83.94,3.1333333333333333,1.0,239.49,2025,1,14,193.0,0,India_2004.csv
2025-01-15,2004,219.0,249.0,20.0,30.0,8.0,1.0,1,1,0,0,1,1,5,5,7.4238374646197975,-5.477513076997362,9.754232,11.096772,38.366997,-68.38706,4,2025-01-15,13.165,0.0,87.065,3.78,1.0,111.71666666666665,2025,1,15,249.0,0,India_2004.csv
2025-01-16,2004,330.0,114.0,18.0,19.0,16.0,2.0,1,1,0,0,1,1,5,5,5.015166539751994,-2.766897804204929,7.063872,9.298268,78.080666,-42.706665,4,2025-01-16,13.755,0.0,82.81833333333334,4.496666666666667,1.0,211.81166666666664,2025,1,16,330.0,0,India_2004.csv
2025-01-17,2004,216.0,103.0,16.0,16.0,25.0,1.0,2,2,1,1,0,0,1,1,2.064360100717877,-1.8343084352200865,7.4277034,6.9991703,50.316025,-58.43105,4,2025-01-17,12.701666666666668,0.0,82.48,6.4799999999999995,1.0,298.03333333333336,2025,1,17,216.0,0,India_2004.csv
2025-01-18,2004,205.0,119.0,18.0,15.0,26.0,1.0,2,2,1,1,0,0,1,1,2.0866826847634403,-1.4824201493019815,7.492462,7.0214314,50.33135,-58.245224,4,2025-01-18,12.318333333333333,0.0,87.38,3.305,1.0,282.24,2025,1,18,205.0,0,India_2004.csv
2025-01-19,2004,203.0,161.0,20.0,28.0,32.0,2.0,1,1,0,0,0,0,5,5,5.5850299871852345,-2.6542292480695258,10.183173,11.02919,34.369434,-68.907486,4,2025-01-19,15.200000000000001,0.0,84.64,3.735,1.0,258.93,2025,1,19,203.0,0,India_2004.csv
2025-01-20,2004,270.0,123.0,20.0,17.0,28.0,1.0,1,1,0,0,0,0,5,5,3.932068249536948,-1.383299357807702,7.29215,8.781921,78.096306,-46.369526,4,2025-01-20,16.37,0.0,82.91166666666668,7.528333333333333,1.0,288.06333333333333,2025,1,20,270.0,0,India_2004.csv
2025-01-21,2004,213.0,110.0,21.0,14.0,35.0,1.0,0,0,2,2,0,0,1,1,2.2222685713608397,-0.280087796009963,7.7102857,7.003777,31.08838,44.603813,4,2025-01-21,15.748333333333333,0.0,77.92999999999999,7.148333333333333,1.0,291.14,2025,1,21,213.0,0,India_2004.csv
2025-01-22,2004,190.0,97.0,19.0,17.0,24.0,2.0,2,2,1,1,0,0,1,1,1.9172053223471364,-1.985932748546324,7.7312794,6.7997546,43.073566,-32.223644,4,2025-01-22,16.55333333333333,0.0,74.74333333333333,4.153333333333333,1.0,299.64666666666665,2025,1,22,190.0,0,India_2004.csv
2025-01-23,2004,184.0,96.0,25.0,10.0,5.0,4.2,2,2,1,1,0,0,1,1,0.6484966303523312,-2.4072425798509487,7.499316,5.1466846,29.867462,-40.318993,4,2025-01-23,15.878333333333332,0.0,68.75,7.411666666666666,1.0,299.28833333333336,2025,1,23,184.0,0,India_2004.csv
2025-01-24,2004,176.0,85.0,26.0,8.0,2.0,1.0,2,2,1,1,0,0,1,1,-0.08732423243604873,-3.1653288696323636,7.042967,4.170688,19.541319,-44.822033,4,2025-01-24,14.906666666666666,0.0,65.92333333333333,9.275,1.0,283.6716666666667,2025,1,24,176.0,0,India_2004.csv
2025-01-25,2004,161.0,80.0,24.0,11.0,5.0,1.0,2,2,1,1,0,0,1,1,0.038609000479362436,-3.436040979123516,7.0221763,4.52161,21.044025,-47.681057,4,2025-01-25,14.281666666666666,0.0,61.88833333333334,8.395000000000001,1.0,274.2,2025,1,25,161.0,0,India_2004.csv
2025-01-26,2004,148.0,92.0,28.0,14.0,2.0,1.0,2,2,1,1,0,0,1,1,0.8659501006492014,-4.2523008814881065,7.0802083,5.542506,24.83431,-50.37121,4,2025-01-26,14.268333333333333,0.0,62.74166666666667,6.466666666666666,1.0,275.22499999999997,2025,1,26,148.0,0,India_2004.csv
2025-01-27,2004,171.0,103.0,28.0,15.0,2.0,2.0,2,2,1,1,0,0,1,1,1.686884546960685,-4.089186879465735,7.1144266,5.751828,27.017393,-51.07252,4,2025-01-27,14.788333333333334,0.0,60.38333333333333,7.03,1.0,276.24333333333334,2025,1,27,171.0,0,India_2004.csv
2025-01-28,2004,180.0,107.0,30.0,12.0,2.0,15.0,2,2,1,1,0,0,11,11,1.659414542228384,-0.6555662305450943,9.377618,6.646634,46.97626,-11.052796,4,2025-01-28,15.431666666666667,0.0,60.23166666666666,4.413333333333333,1.0,220.025,2025,1,28,180.0,0,India_2004.csv
2025-01-29,2004,181.0,201.0,31.0,23.0,2.0,1.0,1,1,0,0,0,0,10,10,5.296828986341717,-5.184525162194199,8.415887,9.391645,64.05409,-7.304515,4,2025-01-29,16.881666666666664,0.0,64.26,6.745,1.0,115.355,2025,1,29,201.0,0,India_2004.csv
2025-01-30,2004,290.0,139.0,30.0,15.0,2.0,2.0,1,1,0,0,0,0,5,5,4.630185017742399,-3.552780506781456,7.2910233,8.618608,66.7726,-33.078682,4,2025-01-30,18.05333333333333,0.0,67.77666666666666,4.36,1.0,140.32666666666668,2025,1,30,290.0,0,India_2004.csv
2025-01-31,2004,240.0,139.0,32.0,21.0,2.0,2.0,1,1,0,0,0,0,5,5,5.061856064161037,-4.737657488972063,7.9715476,8.268073,63.74956,-10.181201,4,2025-01-31,18.811666666666664,0.0,63.73,4.388333333333333,1.0,133.06333333333333,2025,1,31,240.0,0,India_2004.csv
2025-02-01,2004,239.0,166.0,31.0,22.0,2.0,1.0,1,1,0,0,0,0,5,5,5.595538397089769,-5.01144570475079,7.9599476,8.385342,63.95678,-10.139191,4,2025-02-01,18.930000000000003,0.0,64.98666666666666,6.005,1.0,193.57000000000002,2025,2,1,239.0,0,India_2004.csv
2025-02-02,2004,261.0,128.0,30.0,14.0,2.0,1.0,1,1,0,0,0,0,5,5,3.6982720959447657,-3.73327328006169,7.2711835,8.259704,45.930676,-46.478573,4,2025-02-02,17.363333333333333,0.0,70.11333333333333,6.911666666666666,1.0,311.78000000000003,2025,2,2,261.0,0,India_2004.csv
2025-02-03,2004,210.0,102.0,27.0,11.0,6.0,7.2,2,2,1,1,0,0,1,1,1.6365865800635706,-1.6926811393478742,7.6190825,7.1110945,54.691742,-38.845337,4,2025-02-03,16.618333333333332,0.0,63.916666666666664,4.346666666666667,1.0,191.63833333333332,2025,2,3,210.0,0,India_2004.csv
2025-02-04,2004,177.0,129.0,28.0,16.0,2.0,7.4,1,1,0,0,0,0,1,1,2.503476456766547,-2.9394465272080534,8.164777,7.170169,55.49823,-16.693972,4,2025-02-04,17.588333333333335,0.0,74.15666666666668,4.035,1.0,177.36,2025,2,4,177.0,0,India_2004.csv
2025-02-05,2004,208.0,92.0,27.0,11.0,2.0,3.6,2,2,1,1,0,0,1,1,1.3355161040924062,-2.9896661038065293,7.282694,6.6334043,42.258068,-44.81859,4,2025-02-05,16.005,0.0,61.24333333333334,7.745,1.0,302.9166666666667,2025,2,5,208.0,0,India_2004.csv
2025-02-06,2004,169.0,88.0,27.0,9.0,1.0,5.6,2,2,1,1,0,0,1,1,0.1646199115600164,-2.446304412043088,7.4866867,4.558075,23.555506,-40.184998,4,2025-02-06,15.678333333333333,0.0,52.61166666666667,11.883333333333333,1.0,310.1933333333333,2025,2,6,169.0,0,India_2004.csv
2025-02-07,2004,155.0,82.0,27.0,8.0,1.0,5.2,2,2,1,1,0,0,1,1,-0.39915587799071195,-2.4276679490121027,7.4768844,4.368681,23.448305,-40.273827,4,2025-02-07,15.483333333333334,0.0,51.79833333333334,11.988333333333332,1.0,290.46,2025,2,7,155.0,0,India_2004.csv
2025-02-08,2004,144.0,85.0,29.0,9.0,1.0,3.2,2,2,1,1,0,0,1,1,-0.22960908077548656,-3.042500390627682,7.3935924,4.7912517,23.284464,-46.37717,4,2025-02-08,16.89,0.0,55.919999999999995,8.49,1.0,286.5566666666667,2025,2,8,144.0,0,India_2004.csv
2025-02-09,2004,153.0,102.0,32.0,13.0,1.0,5.2,2,2,1,1,0,0,1,1,1.2759776916421761,-3.1759578722165314,7.8048744,5.909479,31.965523,-37.089382,4,2025-02-09,17.898333333333333,0.0,60.54,4.21,1.0,293.995,2025,2,9,153.0,0,India_2004.csv
2025-02-10,2004,175.0,120.0,30.0,21.0,1.0,4.6,1,1,0,0,0,0,1,1,3.422002788641141,-4.579510557488074,8.398732,7.4098735,58.83485,-7.7961097,4,2025-02-10,19.575,0.0,59.751666666666665,3.861666666666667,1.0,214.80499999999998,2025,2,10,175.0,0,India_2004.csv
2025-02-11,2004,202.0,92.0,34.0,16.0,3.0,5.0,1,1,0,0,0,0,1,1,2.793808488870781,-3.411298375314849,8.267196,7.230658,58.713135,-9.514741,4,2025-02-11,20.116666666666664,0.0,59.096666666666664,4.585,1.0,246.40666666666667,2025,2,11,202.0,0,India_2004.csv
2025-02-12,2004,156.0,88.0,30.0,15.0,1.0,3.6,2,2,1,1,0,0,1,1,1.3276251243685426,-3.9536006087580344,7.2515655,5.724633,25.43807,-51.13372,4,2025-02-12,19.194999999999997,0.0,47.093333333333334,11.54,1.0,303.6483333333333,2025,2,12,156.0,0,India_2004.csv
2025-02-13,2004,143.0,78.0,30.0,9.0,1.0,3.0,2,2,1,1,0,0,1,1,-0.289496031869387,-3.1153699999943676,7.333452,4.798681,23.254866,-46.424877,4,2025-02-13,18.135,0.0,45.68666666666667,11.575000000000001,1.0,293.20166666666665,2025,2,13,143.0,0,India_2004.csv
2025-02-14,2004,131.0,86.0,30.0,10.0,1.0,3.0,2,2,1,1,0,0,1,1,-0.17971190981665125,-3.2870589490315325,7.321786,4.803005,23.309559,-46.752308,4,2025-02-14,18.768333333333334,0.0,44.800000000000004,9.006666666666668,1.0,287.90333333333336,2025,2,14,131.0,0,India_2004.csv
2025-02-15,2004,138.0,90.0,33.0,14.0,1.0,1.0,2,2,1,1,0,0,1,1,1.0174008536273271,-4.364898425201251,7.1858683,5.7181077,24.070705,-51.664482,4,2025-02-15,19.831666666666667,0.0,48.458333333333336,4.941666666666666,1.0,122.63666666666666,2025,2,15,138.0,0,India_2004.csv
2025-02-16,2004,159.0,155.0,32.0,26.0,2.0,4.2,1,1,0,0,0,0,10,10,4.861332941826481,-5.292817153308421,7.8120065,5.703182,30.340652,-65.41983,4,2025-02-16,20.275,0.0,55.995000000000005,4.086666666666667,1.0,137.855,2025,2,16,159.0,0,India_2004.csv
2025-02-17,2004,249.0,90.0,30.0,13.0,2.0,2.0,1,1,0,0,0,0,5,5,2.6677059904849614,-3.558819813440786,6.9306064,7.755115,46.058758,-46.238304,4,2025-02-17,21.808333333333334,0.0,51.48,3.2583333333333333,1.0,231.23333333333335,2025,2,17,249.0,0,India_2004.csv
2025-02-18,2004,160.0,88.0,31.0,15.0,1.0,2.0,2,2,1,1,0,0,1,1,1.454426549810544,-4.2840926673116195,7.1462474,5.694214,25.156733,-51.01812,4,2025-02-18,20.540000000000003,0.0,53.22,5.426666666666667,1.0,285.30333333333334,2025,2,18,160.0,0,India_2004.csv
2025-02-19,2004,153.0,84.0,29.0,15.0,7.0,1.0,2,2,1,1,0,0,1,1,1.1637554979567284,-3.8764622943071987,7.0701437,5.5663733,24.80301,-50.67459,4,2025-02-19,21.043333333333333,0.0,51.365,6.23,1.0,249.11333333333334,2025,2,19,153.0,0,India_2004.csv
2025-02-20,2004,150.0,70.0,31.0,14.0,4.0,2.0,2,2,1,1,0,0,1,1,0.8095866224311714,-3.883885897901101,7.0600653,5.4808884,24.49449,-50.773426,4,2025-02-20,18.588333333333335,0.0,72.61833333333333,10.981666666666667,1.0,87.88833333333334,2025,2,20,150.0,0,India_2004.csv
2025-02-21,2004,143.0,80.0,28.0,12.0,4.0,2.0,2,2,1,1,0,0,1,1,0.21394037347379588,-3.5272291731646943,7.0592318,5.3176637,23.86688,-49.70458,4,2025-02-21,18.848333333333333,0.0,72.37666666666667,5.8116666666666665,1.0,243.37333333333333,2025,2,21,143.0,0,India_2004.csv
2025-02-22,2004,163.0,67.0,28.0,10.0,3.0,2.0,2,2,1,1,0,0,1,1,-0.04236346867788482,-3.2944781544861046,7.0648813,4.4895196,21.015194,-46.728947,4,2025-02-22,18.136666666666667,0.0,66.10666666666667,7.308333333333333,1.0,300.4866666666667,2025,2,22,163.0,0,India_2004.csv
2025-02-23,2004,139.0,69.0,28.0,13.0,3.0,2.0,2,2,1,1,0,0,1,1,0.14851860726531604,-3.882218598768451,7.039812,5.3169575,23.812574,-49.93335,4,2025-02-23,18.951666666666668,0.0,62.666666666666664,5.165,1.0,306.3966666666667,2025,2,23,139.0,0,India_2004.csv
2025-02-24,2004,140.0,84.0,26.0,14.0,5.0,2.0,2,2,1,1,0,0,1,1,0.4848038753743718,-3.7706190070310415,7.0161037,5.3667035,24.320124,-49.93249,4,2025-02-24,20.075,0.0,58.56166666666667,5.086666666666667,1.0,305.77833333333336,2025,2,24,140.0,0,India_2004.csv
2025-02-25,2004,156.0,85.0,28.0,12.0,3.0,2.0,2,2,1,1,0,0,1,1,0.5244106201669962,-3.5788497347116133,7.0758905,5.514633,24.567722,-49.776688,4,2025-02-25,21.671666666666667,0.0,52.54333333333333,4.21,1.0,212.24166666666667,2025,2,25,156.0,0,India_2004.csv
2025-02-26,2004,161.0,111.0,32.0,20.0,4.0,2.0,1,1,0,0,0,0,1,1,2.965031487476159,-4.699830548137665,8.398955,7.3598585,58.76085,-7.194863,4,2025-02-26,24.53333333333333,0.0,53.31166666666667,3.966666666666667,1.0,156.3083333333333,2025,2,26,161.0,0,India_2004.csv
2025-02-27,2004,182.0,79.0,28.0,8.0,4.0,1.0,2,2,1,1,0,0,1,1,0.10158603412618045,-2.9339379285317686,7.0862517,4.2137184,19.703215,-44.719143,4,2025-02-27,20.411666666666665,0.0,70.29666666666667,9.755,1.0,92.47833333333334,2025,2,27,182.0,0,India_2004.csv
2025-02-28,2004,141.0,72.0,27.0,9.0,4.0,1.0,2,2,1,1,0,0,1,1,-0.6469891259153618,-3.270838008189436,7.10719,4.6509714,22.468887,-48.018833,4,2025-02-28,19.265,0.0,79.55499999999999,8.843333333333334,1.0,99.46333333333332,2025,2,28,141.0,0,India_2004.csv
2025-03-01,2004,140.0,68.0,25.0,12.0,5.0,1.0,2,2,1,1,0,0,1,1,-0.269520503409339,-3.723497920431439,7.051703,4.6999273,22.315138,-49.18556,4,2025-03-01,19.516666666666666,0.0,81.50666666666667,6.421666666666667,1.0,108.28833333333334,2025,3,1,140.0,0,India_2004.csv
2025-03-02,2004,139.0,64.0,25.0,11.0,3.0,2.0,2,2,1,1,0,0,1,1,-0.5633988454003428,-3.578535026731325,7.0381045,4.6320634,21.985466,-48.600216,4,2025-03-02,18.503333333333334,0.0,63.248333333333335,7.301666666666667,1.0,315.5833333333333,2025,3,2,139.0,0,India_2004.csv
2025-03-03,2004,116.0,79.0,27.0,13.0,4.0,2.0,2,2,1,1,0,0,1,1,-0.177386049099358,-3.794279318318547,7.1131253,4.689609,12.814185,-71.39182,4,2025-03-03,20.736666666666668,0.0,58.63333333333333,5.153333333333333,1.0,169.63333333333333,2025,3,3,116.0,0,India_2004.csv
2025-03-04,2004,134.0,77.0,27.0,11.0,3.0,2.0,2,2,1,1,0,0,1,1,-0.2904689325969477,-3.5136056330886802,7.092189,4.798709,22.667686,-48.677204,4,2025-03-04,19.356666666666666,0.0,56.096666666666664,12.358333333333334,1.0,295.995,2025,3,4,134.0,0,India_2004.csv
2025-03-05,2004,127.0,59.0,23.0,10.0,4.0,1.0,2,2,1,1,3,3,1,1,-1.223106969248743,-3.582727358056881,7.04543,4.566991,21.422195,-48.946976,4,2025-03-05,18.006666666666668,0.0,41.806666666666665,17.096666666666668,1.0,297.055,2025,3,5,127.0,0,India_2004.csv
2025-03-06,2004,94.0,68.0,25.0,13.0,3.0,1.0,2,2,1,1,0,0,1,1,-0.9434783112062326,-4.26011468286501,7.076324,4.5991955,12.328398,-70.68472,4,2025-03-06,19.735,0.0,43.85999999999999,7.78,1.0,262.3833333333334,2025,3,6,94.0,0,India_2004.csv
2025-03-07,2004,103.0,81.0,27.0,17.0,3.0,1.0,2,2,1,1,0,0,1,1,0.3911095657999066,-4.858623369768613,7.189919,4.7755513,13.506601,-70.259254,4,2025-03-07,21.169999999999998,0.0,42.49,5.566666666666666,1.0,282.7283333333333,2025,3,7,103.0,0,India_2004.csv
2025-03-08,2004,138.0,76.0,29.0,12.0,3.0,1.0,2,2,1,1,0,0,1,1,0.10561764039500268,-3.8857471573812132,7.0560765,5.365897,23.736986,-50.0469,4,2025-03-08,23.015,0.0,43.66833333333333,5.965,1.0,237.36333333333332,2025,3,8,138.0,0,India_2004.csv
2025-03-09,2004,137.0,85.0,31.0,12.0,3.0,1.0,2,2,1,1,0,0,1,1,0.38700088928738224,-3.8287647857773193,7.1256533,5.555464,23.837692,-50.89965,4,2025-03-09,24.99,0.0,43.04333333333333,6.875,1.0,134.945,2025,3,9,137.0,0,India_2004.csv
2025-03-10,2004,154.0,94.0,28.0,12.0,6.0,1.0,2,2,1,1,0,0,1,1,0.655937120842595,-3.4183977661580602,7.073692,5.588685,24.914835,-49.916832,4,2025-03-10,25.55333333333333,0.0,45.82666666666666,6.848333333333334,1.0,126.57166666666666,2025,3,10,154.0,0,India_2004.csv
2025-03-11,2004,165.0,108.0,29.0,13.0,5.0,1.0,2,2,1,1,0,0,1,1,1.3537552263422443,-3.599894527618714,7.103856,5.70865,25.895864,-50.168644,4,2025-03-11,26.941666666666666,0.0,48.67333333333334,4.153333333333333,1.0,223.55499999999998,2025,3,11,165.0,0,India_2004.csv
2025-03-12,2004,176.0,97.0,28.0,12.0,4.0,1.0,2,2,1,1,0,0,1,1,1.0882103318423326,-3.5674074003253904,7.070777,5.677177,25.740828,-50.04755,4,2025-03-12,26.55,0.0,47.38666666666666,7.128333333333334,1.0,287.09666666666664,2025,3,12,176.0,0,India_2004.csv
2025-03-13,2004,159.0,90.0,29.0,12.0,4.0,1.0,2,2,1,1,0,0,1,1,0.7353051466944246,-3.642865081522705,7.07198,5.591531,24.913494,-49.990776,4,2025-03-13,25.021666666666665,0.0,53.01333333333333,5.413333333333333,1.0,145.045,2025,3,13,159.0,0,India_2004.csv
2025-03-14,2004,158.0,78.0,28.0,12.0,6.0,1.0,2,2,1,1,0,0,1,1,0.4677935880562549,-3.4849436298089786,7.0857086,5.5159473,24.612438,-49.881664,4,2025-03-14,25.94333333333333,0.0,48.748333333333335,6.66,1.0,159.05166666666668,2025,3,14,158.0,0,India_2004.csv
2025-03-15,2004,141.0,48.0,27.0,10.0,3.0,1.0,2,2,1,1,0,0,1,1,-0.851405245797494,-3.677723545933108,7.0598955,4.6460705,21.973091,-48.567535,4,2025-03-15,24.209999999999997,0.0,53.31166666666667,9.291666666666666,1.0,187.77166666666668,2025,3,15,141.0,0,India_2004.csv
2025-03-16,2004,80.0,58.0,27.0,11.0,4.0,1.0,2,2,1,1,3,3,1,1,-1.6032820262849234,-3.8678824528653273,7.0622497,4.5313225,11.78136,-70.73871,4,2025-03-16,23.63,0.0,44.98166666666666,6.971666666666667,1.0,294.32666666666665,2025,3,16,80.0,0,India_2004.csv
2025-03-17,2004,114.0,62.0,25.0,10.0,5.0,1.0,2,2,1,1,3,3,1,1,-1.2500804477714824,-3.476111245315213,7.0533032,4.591782,21.302485,-49.444786,4,2025-03-17,23.16333333333333,0.0,45.376666666666665,7.986666666666667,1.0,300.3616666666667,2025,3,17,114.0,0,India_2004.csv
2025-03-18,2004,132.0,61.0,21.0,5.0,7.0,3.4,2,2,1,1,3,3,0,0,-2.1828775521630743,-1.8282854395214794,7.93992,2.2826655,-4.884272,-62.1602,4,2025-03-18,23.98,0.0,42.18833333333333,7.565,1.0,293.99333333333334,2025,3,18,132.0,0,India_2004.csv
2025-03-19,2004,88.0,74.0,25.0,5.0,4.0,4.4,2,2,1,1,3,3,0,0,-2.4999488444029536,-1.982684583060891,7.886179,2.9597738,-2.6724372,-65.51685,4,2025-03-19,25.405,0.0,36.36,5.995,1.0,204.92333333333332,2025,3,19,88.0,0,India_2004.csv
2025-03-20,2004,135.0,70.0,27.0,2.0,2.0,3.2,2,2,1,1,3,3,1,1,-2.1870946513913467,-1.8120757579989832,8.050854,4.003374,-1.9863195,-63.959007,4,2025-03-20,26.165000000000003,0.0,32.10333333333333,6.933333333333334,1.0,305.47833333333335,2025,3,20,135.0,0,India_2004.csv
2025-03-21,2004,104.0,71.0,27.0,3.0,3.0,3.6,2,2,1,1,3,3,1,1,-2.52567563591514,-1.8717788231880634,7.9093404,3.1960363,-2.5484207,-65.348236,4,2025-03-21,25.406666666666666,0.0,32.181666666666665,8.733333333333333,1.0,302.6566666666667,2025,3,21,104.0,0,India_2004.csv
2025-03-22,2004,127.0,79.0,28.0,3.0,3.0,2.8,2,2,1,1,3,3,1,1,-1.9046767375479903,-1.9331506190401448,8.058064,3.9033155,-2.0188355,-64.06213,4,2025-03-22,25.358333333333334,0.0,35.005,7.033333333333334,1.0,245.36333333333334,2025,3,22,127.0,0,India_2004.csv
2025-03-23,2004,141.0,85.0,29.0,3.0,3.0,5.6,2,2,1,1,0,0,1,1,-1.430261220289817,-1.24276073880374,8.331782,5.336521,27.367409,-30.785164,4,2025-03-23,26.37833333333333,0.0,33.18333333333334,4.511666666666667,1.0,198.0233333333333,2025,3,23,141.0,0,India_2004.csv
2025-03-24,2004,151.0,84.0,28.0,3.0,3.0,5.0,2,2,1,1,0,0,1,1,-1.3466709763285483,-1.3579102211408098,8.274356,5.2208166,27.3498,-30.770384,4,2025-03-24,27.315,0.0,33.41166666666667,5.515,1.0,156.91333333333333,2025,3,24,151.0,0,India_2004.csv
2025-03-25,2004,150.0,104.0,28.0,5.0,4.0,6.0,2,2,1,1,0,0,1,1,-0.6096278670150265,-1.282668805981517,8.257699,5.3780475,28.09481,-30.771605,4,2025-03-25,28.80666666666667,0.0,32.291666666666664,5.245,1.0,153.02666666666667,2025,3,25,150.0,0,India_2004.csv
2025-03-26,2004,161.0,94.0,34.0,3.0,4.0,6.8,2,2,1,1,0,0,1,1,-0.5023548876171076,-0.7248348002663703,8.500431,5.7067003,30.729189,-29.474218,4,2025-03-26,30.558333333333334,0.0,28.13,4.913333333333333,1.0,179.54333333333332,2025,3,26,161.0,0,India_2004.csv
2025-03-27,2004,118.0,110.0,31.0,5.0,4.0,6.6,2,2,1,1,0,0,1,1,-0.8657924414600949,-1.190895793354218,8.586539,5.50394,27.109505,-28.919834,4,2025-03-27,29.961666666666662,0.0,27.581666666666667,7.361666666666667,1.0,266.10833333333335,2025,3,27,118.0,0,India_2004.csv
2025-03-28,2004,143.0,99.0,28.0,3.0,5.0,6.8,2,2,1,1,0,0,1,1,-1.1987730048662784,-0.6866537040693886,8.295994,5.3502192,27.58106,-30.895203,4,2025-03-28,25.32166666666667,0.0,20.55666666666667,12.778333333333334,1.0,297.7083333333333,2025,3,28,143.0,0,India_2004.csv
2025-03-29,2004,121.0,70.0,23.0,1.0,17.0,1.0,2,2,1,1,3,3,0,0,-2.805277141751421,-0.4844347201153099,8.605982,3.0777817,-8.469169,-18.85299,4,2025-03-29,23.44333333333333,0.0,21.941666666666666,12.133333333333333,1.0,295.505,2025,3,29,121.0,0,India_2004.csv
2025-03-30,2004,94.0,61.0,26.0,2.0,7.0,5.8,2,2,1,1,3,3,0,0,-3.07159240991045,-0.8454711997922463,7.937935,2.9563694,-2.3998165,-65.93919,4,2025-03-30,25.138333333333335,0.0,21.221666666666668,9.171666666666667,1.0,296.0133333333333,2025,3,30,94.0,0,India_2004.csv
2025-03-31,2004,101.0,75.0,27.0,3.0,7.0,2.8,2,2,1,1,3,3,1,1,-2.4797368761374794,-1.581193253806567,7.898771,3.1753259,-2.806048,-65.814674,4,2025-03-31,26.731666666666666,0.0,19.785,8.293333333333333,1.0,297.285,2025,3,31,101.0,0,India_2004.csv
2025-04-01,2004,130.0,82.0,26.0,3.0,9.0,1.0,2,2,1,1,3,3,1,1,-1.9074018483245498,-1.637394276204702,8.191423,3.91895,-2.073713,-62.280525,4,2025-04-01,26.858333333333334,0.0,20.044999999999998,7.576666666666667,1.0,284.31333333333333,2025,4,1,130.0,0,India_2004.csv
2025-04-02,2004,129.0,98.0,30.0,4.0,6.0,1.0,2,2,1,1,0,0,1,1,-1.1939247636104828,-2.0473693394123162,8.149809,4.5662403,22.218754,-28.885859,4,2025-04-02,28.461666666666662,0.0,19.838333333333335,5.05,1.0,234.66666666666666,2025,4,2,129.0,0,India_2004.csv
2025-04-03,2004,142.0,87.0,31.0,3.0,4.0,2.0,2,2,1,1,0,0,1,1,-1.2673183147722296,-1.888073561762539,8.166023,4.558671,22.188877,-28.597551,4,2025-04-03,29.683333333333334,0.0,17.613333333333333,4.87,1.0,170.005,2025,4,3,142.0,0,India_2004.csv
2025-04-04,2004,124.0,103.0,31.0,4.0,5.0,1.0,2,2,1,1,0,0,1,1,-1.140174514454999,-2.1431615333310123,8.135079,4.6146045,22.262293,-28.955074,4,2025-04-04,30.285,0.0,17.671666666666667,7.398333333333333,1.0,294.57166666666666,2025,4,4,124.0,0,India_2004.csv
2025-04-05,2004,135.0,79.0,30.0,3.0,8.0,2.0,2,2,1,1,0,0,1,1,-1.5564782782691702,-1.5006161430464193,8.201023,4.4179797,22.108152,-28.434145,4,2025-04-05,29.168333333333333,0.0,21.933333333333334,8.256666666666666,1.0,285.8883333333334,2025,4,5,135.0,0,India_2004.csv
2025-04-06,2004,90.0,91.0,32.0,3.0,6.0,2.0,2,2,1,1,3,3,1,1,-2.063587403717301,-1.7838107115193136,7.6888695,3.9827828,4.3226824,-76.34368,4,2025-04-06,31.023333333333337,0.0,22.18166666666667,5.316666666666666,1.0,231.73833333333334,2025,4,6,91.0,0,India_2004.csv
2025-04-07,2004,135.0,120.0,35.0,6.0,6.0,2.0,2,2,1,1,0,0,1,1,0.07454103277337402,-2.015952634770954,8.110062,5.0477695,22.622686,-29.130463,4,2025-04-07,32.5,0.0,24.25,5.118333333333333,1.0,106.77666666666666,2025,4,7,135.0,0,India_2004.csv
2025-04-08,2004,141.0,114.0,34.0,4.0,4.0,2.0,2,2,1,1,0,0,1,1,-0.4141465673111759,-1.91122532104377,8.112137,4.7917347,22.46632,-28.925781,4,2025-04-08,32.77166666666667,0.0,23.71666666666667,6.191666666666666,1.0,112.27,2025,4,8,141.0,0,India_2004.csv
2025-04-09,2004,159.0,121.0,32.0,3.0,4.0,2.0,2,2,1,1,0,0,1,1,-0.31963786863187055,-1.6648388157146798,8.091404,4.820756,22.418388,-28.765133,4,2025-04-09,33.24666666666667,0.0,29.736666666666668,5.571666666666666,1.0,129.16666666666666,2025,4,9,159.0,0,India_2004.csv
2025-04-10,2004,162.0,121.0,27.0,2.0,11.0,1.0,2,2,1,1,0,0,1,1,-0.7772380880654117,-0.9429174560090333,7.742362,3.9315972,18.965733,-28.568447,4,2025-04-10,31.02,0.0,37.61,7.988333333333333,1.0,156.9333333333333,2025,4,10,162.0,0,India_2004.csv
2025-04-11,2004,133.0,104.0,27.0,2.0,4.0,5.6,2,2,1,1,0,0,1,1,-1.60816427981522,-0.8993929577370382,8.30986,5.2438703,27.043425,-31.032263,4,2025-04-11,25.53,0.0,65.06333333333333,10.141666666666667,1.0,116.71833333333332,2025,4,11,133.0,0,India_2004.csv
2025-04-12,2004,90.0,65.0,18.0,2.0,114.0,1.0,0,0,2,2,2,2,4,4,-2.486785050620324,10.213550508665863,14.4210005,7.4723315,33.7143,94.39863,4,2025-04-12,26.595,0.0,52.699999999999996,4.541666666666667,1.0,92.13499999999999,2025,4,12,114.0,0,India_2004.csv
2025-04-13,2004,87.0,74.0,11.0,3.0,149.0,2.0,0,0,2,2,2,2,3,3,-2.296572989666394,14.215015460564958,14.37691,7.8531685,36.059208,94.87882,4,2025-04-13,28.868333333333336,0.0,43.88833333333333,3.7933333333333334,1.0,126.59499999999998,2025,4,13,149.0,0,India_2004.csv
2025-04-14,2004,103.0,84.0,11.0,6.0,64.0,2.0,0,0,2,2,2,2,4,4,-2.2461812595461175,4.118476317064108,14.10471,4.6903887,6.835086,89.91968,4,2025-04-14,29.721666666666664,0.0,40.105,6.805,1.0,109.455,2025,4,14,103.0,0,India_2004.csv
2025-04-15,2004,123.0,84.0,12.0,4.0,45.0,1.0,2,2,1,1,3,3,7,7,-2.442095717680407,2.157462186486306,13.429427,1.913962,-36.697098,72.41963,4,2025-04-15,31.099999999999998,0.0,37.175000000000004,6.206666666666667,1.0,115.80499999999999,2025,4,15,123.0,0,India_2004.csv
2025-04-16,2004,120.0,95.0,13.0,4.0,60.0,2.0,0,0,2,2,2,2,7,7,-2.0480452673263954,4.134592772167041,13.941544,4.5550623,-3.7151687,89.12019,4,2025-04-16,32.431666666666665,0.0,33.58166666666667,6.153333333333333,1.0,140.91166666666666,2025,4,16,120.0,0,India_2004.csv
2025-04-17,2004,148.0,91.0,12.0,4.0,57.0,2.0,0,0,2,2,2,2,7,7,-1.7075899176350522,3.847123790425036,13.7480135,4.517228,-3.9383857,88.22074,4,2025-04-17,32.961666666666666,0.0,35.43833333333333,7.7,1.0,166.18,2025,4,17,148.0,0,India_2004.csv
2025-04-18,2004,125.0,101.0,8.0,3.0,61.0,2.0,0,0,2,2,2,2,7,7,-2.4271226517066733,4.4282383758329695,14.051674,4.6323085,-4.797034,88.906334,4,2025-04-18,33.041666666666664,0.0,40.98333333333333,7.921666666666667,1.0,119.61833333333334,2025,4,18,125.0,0,India_2004.csv
2025-04-19,2004,143.0,74.0,5.0,3.0,31.0,1.0,2,2,1,1,3,3,7,7,-3.1367725961303474,0.695130267044274,12.623383,1.2329243,-41.76748,54.991444,4,2025-04-19,32.315,0.0,42.748333333333335,11.788333333333334,1.0,133.30499999999998,2025,4,19,143.0,0,India_2004.csv
2025-04-20,2004,105.0,77.0,6.0,3.0,35.0,1.0,2,2,1,1,3,3,7,7,-3.6666764126750215,1.0624423428662688,13.287183,0.947244,-47.999043,66.93865,4,2025-04-20,32.89666666666667,0.0,36.815000000000005,8.09,1.0,98.27333333333333,2025,4,20,105.0,0,India_2004.csv
2025-04-21,2004,107.0,104.0,10.0,3.0,33.0,1.0,2,2,1,1,3,3,7,7,-2.906274052719609,1.00456026033214,12.845679,1.216218,-48.909927,63.168953,4,2025-04-21,33.55166666666667,0.0,18.528333333333332,6.821666666666666,1.0,251.875,2025,4,21,107.0,0,India_2004.csv
2025-04-22,2004,132.0,101.0,11.0,3.0,49.0,3.0,0,0,2,2,3,3,7,7,-2.1971618411254257,3.3268945294167387,13.612295,3.7314634,-5.3477144,84.169785,4,2025-04-22,32.465,0.0,10.783333333333333,8.541666666666666,1.0,278.35999999999996,2025,4,22,132.0,0,India_2004.csv
2025-04-23,2004,126.0,102.0,14.0,5.0,59.0,3.0,0,0,2,2,2,2,7,7,-1.5427658081501516,4.123207852299563,13.774371,4.912272,-3.5072227,88.994675,4,2025-04-23,32.49,0.0,12.281666666666666,8.221666666666666,1.0,282.50666666666666,2025,4,23,126.0,0,India_2004.csv
2025-04-24,2004,139.0,103.0,17.0,3.0,63.0,4.0,0,0,2,2,2,2,4,4,-1.3964132189179363,5.215174480233981,13.757804,5.3094735,10.871166,84.246284,4,2025-04-24,33.105,0.0,13.165,6.3116666666666665,1.0,233.625,2025,4,24,139.0,0,India_2004.csv
2025-04-25,2004,141.0,112.0,24.0,7.0,77.0,3.0,0,0,2,2,2,2,4,4,0.27620787356300636,5.98957736571201,13.597568,7.0173354,37.333286,76.68904,4,2025-04-25,34.031666666666666,0.0,13.975,6.721666666666667,1.0,207.89,2025,4,25,141.0,0,India_2004.csv
2025-04-26,2004,148.0,105.0,18.0,4.0,78.0,3.0,0,0,2,2,2,2,4,4,-0.7564266233457442,6.569563177557328,13.715359,6.606121,34.840874,79.68012,4,2025-04-26,34.35166666666667,0.0,15.098333333333334,6.801666666666667,1.0,225.85833333333335,2025,4,26,148.0,0,India_2004.csv
2025-04-27,2004,131.0,97.0,10.0,3.0,56.0,2.0,0,0,2,2,2,2,7,7,-2.288739071474162,3.8735595775273266,13.946191,4.2189546,-4.487871,89.11435,4,2025-04-27,34.11833333333333,0.0,15.776666666666666,4.31,1.0,175.60500000000002,2025,4,27,131.0,0,India_2004.csv
2025-04-28,2004,118.0,118.0,14.0,6.0,74.0,3.0,0,0,2,2,2,2,4,4,-1.0494464828491419,5.707533615193214,13.77131,6.3680954,31.70509,79.21226,4,2025-04-28,32.696666666666665,0.0,24.495,9.290000000000001,1.0,109.70166666666667,2025,4,28,118.0,0,India_2004.csv
2025-04-29,2004,163.0,95.0,4.0,4.0,60.0,1.0,0,0,2,2,2,2,7,7,-1.95326768020537,3.968680417649361,13.969109,4.6894565,-5.773365,87.72159,4,2025-04-29,31.388333333333335,0.0,37.405,9.088333333333333,1.0,104.82166666666666,2025,4,29,163.0,0,India_2004.csv
2025-04-30,2004,127.0,92.0,4.0,3.0,63.0,1.0,0,0,2,2,2,2,7,7,-2.833269069300914,4.36682735822587,14.127354,4.7815695,-5.4140377,88.471405,4,2025-04-30,31.436666666666667,0.0,37.57666666666667,9.116666666666667,1.0,131.04,2025,4,30,127.0,0,India_2004.csv
2025-05-01,2004,142.0,92.0,2.0,4.0,63.0,2.0,0,0,2,2,2,2,7,7,-2.4929523187292375,4.4371241920914,14.148889,4.9133167,-5.693076,88.148254,4,2025-05-01,31.66,0.0,38.02166666666667,9.78,1.0,106.945,2025,5,1,142.0,0,India_2004.csv
2025-05-02,2004,147.0,65.0,1.0,3.0,35.0,1.0,2,2,1,1,3,3,7,7,-3.467502854712299,1.0856708614566397,12.974516,1.3069894,-44.22334,64.58302,4,2025-05-02,25.575,0.0,70.975,6.138333333333333,1.0,74.59666666666666,2025,5,2,147.0,0,India_2004.csv
2025-05-03,2004,96.0,83.0,15.8,5.0,24.0,1.0,2,2,1,1,3,3,0,0,-2.717463595863114,-0.4588644717001606,10.478831,-0.0025037993,-21.502012,-25.240757,4,2025-05-03,28.508333333333336,0.0,53.098333333333336,4.976666666666667,1.0,147.17166666666665,2025,5,3,96.0,0,India_2004.csv
2025-05-04,2004,146.0,105.0,26.2,4.0,65.0,2.0,0,0,2,2,2,2,4,4,-0.33775974074520765,4.932324092111637,13.076172,6.699534,36.23033,66.95392,4,2025-05-04,29.78333333333333,0.0,54.45166666666666,5.118333333333333,1.0,102.36166666666666,2025,5,4,146.0,0,India_2004.csv
2025-05-05,2004,175.0,72.0,9.0,3.0,42.0,1.0,2,2,1,1,3,3,7,7,-2.141899282095962,2.0605099455021834,13.119087,1.9188654,-38.82761,68.308586,4,2025-05-05,27.650000000000002,0.0,61.98,7.216666666666666,1.0,91.26166666666667,2025,5,5,175.0,0,India_2004.csv
2025-05-06,2004,108.0,74.0,12.0,4.0,46.0,3.6,2,2,1,1,3,3,7,7,-2.8334487243521207,2.7476933199941076,13.570013,2.113036,-37.358738,73.96897,4,2025-05-06,27.42833333333333,0.0,62.25,7.201666666666667,1.0,90.705,2025,5,6,108.0,0,India_2004.csv
2025-05-07,2004,87.0,78.0,5.0,4.0,57.0,1.0,0,0,2,2,3,3,7,7,-3.596991299221123,3.332425894031241,14.265052,4.2288747,-4.3655887,91.78148,4,2025-05-07,27.521666666666665,0.0,66.59,6.033333333333334,1.0,83.13833333333334,2025,5,7,87.0,0,India_2004.csv
2025-05-08,2004,126.0,83.0,7.0,3.0,53.0,1.0,0,0,2,2,3,3,7,7,-2.8895548532708184,3.2069680773404907,13.960445,4.039209,-4.9684243,89.67092,4,2025-05-08,28.099999999999998,0.0,62.99666666666667,6.081666666666666,1.0,85.075,2025,5,8,126.0,0,India_2004.csv
2025-05-09,2004,122.0,66.0,8.0,4.0,44.0,7.6,2,2,1,1,3,3,7,7,-2.9757242352978737,3.3650438866331105,13.432349,3.2787354,-14.471104,81.846085,4,2025-05-09,31.016666666666666,0.0,49.64000000000001,4.431666666666667,1.0,131.335,2025,5,9,122.0,0,India_2004.csv
2025-05-10,2004,103.0,88.0,12.0,7.0,37.0,2.0,2,2,1,1,3,3,7,7,-2.225028393884207,0.9003238781448183,13.16769,1.8961332,-34.516094,71.9879,4,2025-05-10,30.143333333333334,0.0,58.08166666666667,4.33,1.0,124.675,2025,5,10,103.0,0,India_2004.csv
2025-05-11,2004,144.0,84.0,6.0,5.0,45.0,1.0,2,2,1,1,3,3,7,7,-2.3102897839075553,1.9945016413353096,13.2764015,1.8085669,-39.18736,66.0053,4,2025-05-11,31.873333333333335,0.0,44.71666666666667,5.716666666666668,1.0,299.47999999999996,2025,5,11,144.0,0,India_2004.csv
2025-05-12,2004,127.0,72.0,8.0,5.0,50.0,10.4,0,0,2,2,2,2,7,7,-2.4719221003831255,4.527548470535307,13.803916,4.5512667,-14.825456,85.17496,4,2025-05-12,33.33833333333333,0.0,31.708333333333332,7.191666666666666,1.0,240.94500000000002,2025,5,12,127.0,0,India_2004.csv
2025-05-13,2004,103.0,73.0,5.0,2.0,35.0,1.0,2,2,1,1,3,3,7,7,-4.046094637756568,1.2051486773175917,13.297719,0.85102034,-47.95163,66.92979,4,2025-05-13,34.855,0.0,23.896666666666665,9.66,1.0,278.63,2025,5,13,103.0,0,India_2004.csv
2025-05-14,2004,63.0,81.0,4.0,4.0,42.0,7.6,2,2,1,1,3,3,7,7,-4.1499308412432745,3.0081589773780317,13.8866,1.320991,-25.57434,83.39267,4,2025-05-14,35.29666666666667,0.0,24.165000000000003,7.206666666666667,1.0,276.965,2025,5,14,81.0,0,India_2004.csv
2025-05-15,2004,91.0,220.0,6.0,6.0,42.0,1.0,2,2,1,1,3,3,7,7,-0.8975225530394587,1.9880380929346773,12.157772,3.4196444,5.896487,43.857697,4,2025-05-15,35.876666666666665,0.0,21.66,7.176666666666667,1.0,281.11833333333334,2025,5,15,220.0,0,India_2004.csv
2025-05-16,2004,192.0,128.0,12.0,7.0,51.0,1.0,0,0,2,2,2,2,7,7,0.22843944442826408,2.7263347157096276,13.177213,4.680478,13.925411,53.67798,4,2025-05-16,35.425000000000004,0.0,29.208333333333332,9.101666666666667,1.0,195.67499999999998,2025,5,16,192.0,0,India_2004.csv
2025-05-17,2004,146.0,71.0,7.0,6.0,39.0,1.0,2,2,1,1,3,3,7,7,-2.2807779604740834,1.0866351340337337,13.052854,1.8316686,-38.355217,65.59272,4,2025-05-17,35.37,0.0,29.060000000000002,9.275,1.0,224.265,2025,5,17,146.0,0,India_2004.csv
2025-05-18,2004,82.0,118.0,6.0,5.0,54.0,1.0,0,0,2,2,3,3,7,7,-2.79295410746137,3.0041678690635654,14.146042,4.007868,-4.418351,91.94535,4,2025-05-18,35.041666666666664,0.0,37.251666666666665,8.988333333333333,1.0,179.43166666666664,2025,5,18,118.0,0,India_2004.csv
2025-05-19,2004,109.0,108.0,5.0,7.0,60.0,1.0,0,0,2,2,2,2,7,7,-2.0608493084694155,3.3557260760768433,14.162331,4.444102,-4.267633,91.880486,4,2025-05-19,34.44,0.0,47.25833333333333,7.7749999999999995,1.0,122.09666666666668,2025,5,19,109.0,0,India_2004.csv
2025-05-20,2004,156.0,119.0,5.0,8.0,64.0,7.8,0,0,2,2,2,2,4,4,-0.663577738240351,5.312023999933921,13.92203,5.568901,19.50248,86.21859,4,2025-05-20,35.041666666666664,0.0,45.221666666666664,8.931666666666667,1.0,158.45000000000002,2025,5,20,156.0,0,India_2004.csv
2025-05-21,2004,155.0,115.0,5.0,7.0,59.0,4.8,0,0,2,2,2,2,7,7,-1.0516539983360758,4.240807370336834,13.82344,5.1503234,18.60347,86.6207,4,2025-05-21,34.445,0.0,47.473333333333336,9.753333333333334,1.0,120.38166666666666,2025,5,21,155.0,0,India_2004.csv
2025-05-22,2004,144.0,41.0,4.0,6.0,42.0,4.0,2,2,1,1,3,3,7,7,-2.9583386841544996,1.9078533916203015,13.281043,1.7317145,-41.103294,66.14687,4,2025-05-22,30.92833333333333,0.0,56.03,10.726666666666667,1.0,114.51833333333333,2025,5,22,144.0,0,India_2004.csv
2025-05-23,2004,56.0,62.0,4.0,6.0,46.0,3.0,2,2,1,1,3,3,7,7,-4.209010933066315,1.9914982099337748,13.8537245,0.5889765,-52.27964,77.514824,4,2025-05-23,32.805,0.0,50.26833333333334,11.353333333333333,1.0,105.985,2025,5,23,62.0,0,India_2004.csv
2025-05-24,2004,96.0,75.0,3.0,6.0,46.0,1.0,2,2,1,1,3,3,7,7,-3.3616394852541975,1.7253207472428231,13.847766,1.2771181,-6.546008,92.809586,4,2025-05-24,33.56,0.0,47.794999999999995,13.036666666666667,1.0,106.35000000000001,2025,5,24,96.0,0,India_2004.csv
2025-05-25,2004,128.0,57.0,1.0,4.0,28.0,1.0,2,2,1,1,3,3,7,7,-3.832616081028612,0.01973887175962436,12.155293,-0.36717156,-60.785748,48.395588,4,2025-05-25,27.37,0.0,72.20166666666667,7.338333333333334,1.0,86.22500000000001,2025,5,25,128.0,0,India_2004.csv
2025-05-26,2004,73.0,61.0,4.0,4.0,34.0,5.4,2,2,1,1,3,3,7,7,-4.41999528273412,1.5486234137919808,13.079628,-0.5596847,-77.01626,59.81415,4,2025-05-26,30.209999999999997,0.0,64.70833333333333,6.001666666666666,1.0,92.83333333333333,2025,5,26,73.0,0,India_2004.csv
2025-05-27,2004,97.0,70.0,4.0,6.0,54.0,10.8,0,0,2,2,2,2,7,7,-3.1103230257802306,4.7653053440604305,14.018899,4.769582,11.5633745,88.35926,4,2025-05-27,31.41333333333333,0.0,61.339999999999996,5.421666666666667,1.0,98.29833333333333,2025,5,27,97.0,0,India_2004.csv
2025-05-28,2004,112.0,74.0,5.0,7.0,68.0,7.4,0,0,2,2,2,2,4,4,-2.3735912284396044,5.50808426256134,14.2603035,5.3636265,15.967673,90.55165,4,2025-05-28,32.916666666666664,0.0,58.13166666666666,5.46,1.0,120.41166666666665,2025,5,28,112.0,0,India_2004.csv
2025-05-29,2004,128.0,86.0,5.0,6.0,71.0,3.2,0,0,2,2,2,2,4,4,-2.1074570034049533,5.211233821590085,14.339045,5.5242248,18.818157,91.664635,4,2025-05-29,34.225,0.0,45.70166666666666,5.323333333333333,1.0,189.10833333333335,2025,5,29,128.0,0,India_2004.csv
2025-05-30,2004,128.0,88.0,7.0,6.0,47.0,9.4,0,0,2,2,3,3,7,7,-2.117157739849892,3.864765218893432,13.695626,4.2663913,-15.075484,84.943726,4,2025-05-30,31.67,0.0,47.846666666666664,5.043333333333333,1.0,175.765,2025,5,30,128.0,0,India_2004.csv
2025-05-31,2004,128.0,119.0,9.0,7.0,24.0,3.0,2,2,1,1,3,3,7,7,-1.6234512488312882,-0.15898323781424156,11.287429,1.6292228,-33.44001,24.220266,4,2025-05-31,32.575,0.0,44.151666666666664,6.111666666666667,1.0,184.82000000000002,2025,5,31,128.0,0,India_2004.csv
2025-06-01,2004,146.0,103.0,4.0,5.0,53.2,1.0,0,0,2,2,2,2,7,7,-2.0168788547653826,3.0094111332690425,13.742997,4.4753494,-5.8430815,86.90707,4,2025-06-01,30.848333333333333,0.0,49.26166666666666,9.071666666666667,1.0,224.57500000000002,2025,6,1,146.0,0,India_2004.csv
2025-06-02,2004,108.0,73.0,3.0,5.0,31.0,4.6,2,2,1,1,3,3,7,7,-3.4989588948952943,1.008542688227819,12.78771,0.26907313,-55.75084,59.77436,4,2025-06-02,31.400000000000002,0.0,45.098333333333336,5.493333333333333,1.0,197.94333333333336,2025,6,2,108.0,0,India_2004.csv
2025-06-03,2004,91.0,70.0,5.0,7.0,4.0,8.4,2,2,1,1,3,3,0,0,-3.5744583480608534,-1.629713287516883,6.5124316,-1.5805752,-63.52874,5.462304,4,2025-06-03,29.81833333333333,0.0,49.98166666666666,5.911666666666666,1.0,181.57500000000002,2025,6,3,91.0,0,India_2004.csv
2025-06-04,2004,104.0,101.0,5.0,4.0,37.0,1.0,2,2,1,1,3,3,7,7,-3.143720157106252,1.2201629295808318,13.107431,1.3071282,-48.744778,62.331306,4,2025-06-04,28.605,0.0,57.72666666666667,5.031666666666666,1.0,123.01666666666667,2025,6,4,104.0,0,India_2004.csv
2025-06-05,2004,129.0,89.0,8.0,5.0,111.0,5.4,0,0,2,2,2,2,4,4,-1.5037055029517068,10.457614858582428,14.41185,7.324564,33.04789,93.28423,4,2025-06-05,31.03333333333333,0.0,47.33833333333333,3.4333333333333336,1.0,182.82000000000002,2025,6,5,129.0,0,India_2004.csv
2025-06-06,2004,136.0,76.0,8.0,7.0,98.0,1.0,0,0,2,2,2,2,4,4,-1.4048942521629788,7.621814966973513,14.46298,6.788305,25.347418,95.62308,4,2025-06-06,33.09833333333333,0.0,40.37166666666666,5.351666666666667,1.0,168.48166666666665,2025,6,6,136.0,0,India_2004.csv
2025-06-07,2004,113.0,95.0,9.0,10.0,84.0,6.4,0,0,2,2,2,2,4,4,-0.9283968330093905,6.717673156164905,14.377916,6.335862,24.605753,91.20439,4,2025-06-07,34.96,0.0,37.95666666666667,6.693333333333334,1.0,156.91,2025,6,7,113.0,0,India_2004.csv
2025-06-08,2004,150.0,105.0,8.0,7.0,87.0,5.6,0,0,2,2,2,2,4,4,-0.7344472530421461,7.55975327284703,14.3975115,6.2003207,23.54728,91.94691,4,2025-06-08,37.03333333333333,0.0,34.92333333333333,6.25,1.0,232.45666666666668,2025,6,8,150.0,0,India_2004.csv
2025-06-09,2004,152.0,119.0,7.0,7.0,72.0,1.0,0,0,2,2,2,2,4,4,-0.7900681422780073,4.914210280674581,14.30635,5.8142385,20.833525,91.28806,4,2025-06-09,37.765,0.0,24.983333333333334,9.495,1.0,287.90000000000003,2025,6,9,152.0,0,India_2004.csv
2025-06-10,2004,149.0,120.0,5.0,4.0,50.0,1.0,0,0,2,2,3,3,7,7,-1.8454147292470058,2.9212667662754344,13.656239,4.304245,-5.6611257,86.69377,4,2025-06-10,37.56,0.0,24.99,8.01,1.0,257.975,2025,6,10,149.0,0,India_2004.csv
2025-06-11,2004,117.0,67.0,5.0,6.0,70.0,7.6,0,0,2,2,2,2,4,4,-2.569744442034949,5.935518262243674,14.304443,5.40079,15.9447565,90.679886,4,2025-06-11,37.123333333333335,0.0,37.895,8.116666666666667,1.0,203.84,2025,6,11,117.0,0,India_2004.csv
2025-06-12,2004,144.0,99.0,5.0,6.0,53.0,2.0,0,0,2,2,2,2,7,7,-1.8302656532500683,3.012091676872599,13.708755,4.425743,-5.959803,86.76063,4,2025-06-12,36.915,0.0,44.56,7.925,1.0,110.51333333333334,2025,6,12,144.0,0,India_2004.csv
2025-06-13,2004,156.0,95.0,7.0,5.0,34.0,2.0,2,2,1,1,3,3,7,7,-1.9481659012645947,1.0591170121332503,12.756157,1.65935,-41.358307,61.170322,4,2025-06-13,35.71666666666667,0.0,51.17666666666667,8.743333333333334,1.0,114.34833333333334,2025,6,13,156.0,0,India_2004.csv
2025-06-14,2004,141.0,85.0,6.0,6.0,63.0,3.8,0,0,2,2,2,2,7,7,-1.8935868678347358,4.473708537360804,14.19656,5.106598,17.948761,91.002815,4,2025-06-14,36.57333333333333,0.0,43.78666666666667,6.555,1.0,128.37666666666667,2025,6,14,141.0,0,India_2004.csv
2025-06-15,2004,150.0,79.0,5.0,6.0,35.0,5.6,2,2,1,1,3,3,7,7,-2.208479310087943,1.6729667578128766,12.658063,1.9156147,-31.183882,62.184338,4,2025-06-15,33.555,0.0,57.06166666666667,8.003333333333332,1.0,115.80833333333334,2025,6,15,150.0,0,India_2004.csv
2025-06-16,2004,126.0,69.0,9.0,7.0,15.0,2.6,2,2,1,1,3,3,0,0,-2.59253899226152,-1.5196661197559929,9.581884,-0.6840377,-44.66875,-41.24924,4,2025-06-16,28.791666666666668,0.0,82.69500000000001,5.580000000000001,1.0,92.05833333333334,2025,6,16,126.0,0,India_2004.csv
2025-06-17,2004,134.0,54.0,3.0,5.0,48.0,5.8,2,2,1,1,3,3,7,7,-3.109496824583773,3.18634629219858,14.067652,4.2083488,-10.501528,88.55756,4,2025-06-17,29.084999999999997,0.0,79.59666666666668,5.575,1.0,108.14999999999999,2025,6,17,134.0,0,India_2004.csv
2025-06-18,2004,111.0,61.0,5.0,5.0,28.0,4.4,2,2,1,1,3,3,7,7,-3.526256413932829,0.5897351723304264,12.518141,-0.24199067,-59.38354,57.312496,4,2025-06-18,29.645,0.0,76.395,4.335,1.0,135.72,2025,6,18,111.0,0,India_2004.csv
2025-06-19,2004,124.0,55.0,5.0,5.0,23.0,1.0,2,2,1,1,3,3,0,0,-3.493321735124641,-0.7142054345695303,11.2544365,-0.37243864,-71.1048,34.051186,4,2025-06-19,29.728333333333335,0.0,76.87666666666667,6.46,1.0,120.68833333333333,2025,6,19,124.0,0,India_2004.csv
2025-06-20,2004,105.0,42.0,3.0,3.0,14.0,1.0,2,2,1,1,3,3,0,0,-4.718611080164991,-1.5198736292123307,9.893731,-2.6891704,-80.50164,-18.261171,4,2025-06-20,28.85666666666667,0.0,83.75666666666667,7.265,1.0,106.48833333333334,2025,6,20,105.0,0,India_2004.csv
2025-06-21,2004,88.0,45.0,4.0,5.0,28.0,2.0,2,2,1,1,3,3,0,0,-4.32512062040116,-0.08804457273265406,12.393792,-1.4214423,-87.823715,44.996014,4,2025-06-21,31.043333333333333,0.0,74.63833333333334,4.716666666666667,1.0,135.35333333333332,2025,6,21,88.0,0,India_2004.csv
2025-06-22,2004,90.0,58.0,4.0,5.0,29.0,1.0,2,2,1,1,3,3,7,7,-4.077873935089951,-0.12385551326361546,12.291764,-1.055437,-79.7616,33.504242,4,2025-06-22,31.155,0.0,73.60000000000001,4.668333333333333,1.0,132.91666666666666,2025,6,22,90.0,0,India_2004.csv
2025-06-23,2004,115.0,62.0,3.0,5.0,27.0,1.0,2,2,1,1,3,3,7,7,-3.6499444418281026,-0.26725744208872604,12.127712,-0.55856895,-61.038677,48.28786,4,2025-06-23,31.838333333333335,0.0,71.56833333333333,5.665,1.0,111.945,2025,6,23,115.0,0,India_2004.csv
2025-06-24,2004,130.0,65.0,5.0,8.0,22.0,2.0,2,2,1,1,3,3,0,0,-2.613755338133433,-1.0709000371542519,10.874573,0.32955623,-30.091192,2.0542789,4,2025-06-24,31.713333333333335,0.0,72.62333333333333,5.246666666666667,1.0,123.67833333333334,2025,6,24,130.0,0,India_2004.csv
2025-06-25,2004,126.0,79.0,5.0,5.0,15.0,5.2,2,2,1,1,3,3,0,0,-3.096900718199781,-0.5818794032848091,10.293694,-0.27999952,-44.723698,-0.8369826,4,2025-06-25,28.959999999999997,0.0,84.63333333333334,8.581666666666667,1.0,94.84166666666665,2025,6,25,126.0,0,India_2004.csv
2025-06-26,2004,157.0,53.0,3.0,3.0,22.0,2.0,2,2,1,1,3,3,0,0,-3.466764641467782,-0.18723777058095895,10.66106,0.22200714,-38.738316,2.4990027,4,2025-06-26,31.035,0.0,74.11666666666666,8.241666666666667,1.0,93.98666666666668,2025,6,26,157.0,0,India_2004.csv
2025-06-27,2004,99.0,45.0,3.0,7.0,27.0,1.0,2,2,1,1,3,3,0,0,-3.82304622321531,-0.7486103493846049,11.987616,-0.84363014,-77.30282,33.432503,4,2025-06-27,30.57166666666667,0.0,76.05499999999999,6.3999999999999995,1.0,111.86333333333334,2025,6,27,99.0,0,India_2004.csv
2025-06-28,2004,80.0,51.0,3.0,6.0,39.0,1.0,2,2,1,1,3,3,7,7,-4.134069534394333,0.7659436087028834,13.742641,0.34089848,-53.627804,75.779945,4,2025-06-28,31.105,0.0,73.91333333333334,4.805000000000001,1.0,140.84833333333333,2025,6,28,80.0,0,India_2004.csv
2025-06-29,2004,95.0,60.0,4.0,6.0,19.0,2.0,2,2,1,1,3,3,0,0,-3.8563132151615043,-1.1937358225932178,10.78797,-1.7311652,-76.63974,30.815065,4,2025-06-29,29.65833333333333,0.0,78.34666666666666,5.128333333333333,1.0,160.41166666666666,2025,6,29,95.0,0,India_2004.csv
2025-06-30,2004,115.0,56.0,5.0,5.0,21.0,5.0,2,2,1,1,3,3,0,0,-3.6087036381621465,-0.08766500862083998,11.348862,-1.1588477,-73.04287,39.511765,4,2025-06-30,27.679999999999996,0.0,88.21666666666665,4.291666666666667,1.0,141.38166666666666,2025,6,30,115.0,0,India_2004.csv
2025-07-01,2004,109.0,57.0,3.0,6.0,29.0,1.0,2,2,1,1,3,3,7,7,-3.6183637127338772,-0.2576679133409729,12.124556,-0.63043225,-76.87646,33.56611,4,2025-07-01,29.16333333333333,0.0,81.86666666666666,4.871666666666667,1.0,94.91833333333334,2025,7,1,109.0,0,India_2004.csv
2025-07-02,2004,108.0,51.0,3.0,7.0,23.0,1.0,2,2,1,1,3,3,0,0,-3.605875615791417,-1.1480061046223087,11.833884,-0.8660237,-76.83628,32.952217,4,2025-07-02,29.991666666666664,0.0,80.25666666666667,6.921666666666667,1.0,98.19333333333333,2025,7,2,108.0,0,India_2004.csv
2025-07-03,2004,85.0,50.0,2.0,6.0,29.0,3.8,2,2,1,1,3,3,0,0,-4.212225429826531,0.24324428446406596,12.6814785,-0.9212942,-59.352795,64.41396,4,2025-07-03,30.213333333333335,0.0,77.545,6.886666666666667,1.0,104.83666666666666,2025,7,3,85.0,0,India_2004.csv
2025-07-04,2004,97.0,54.0,3.0,6.0,39.0,2.0,2,2,1,1,3,3,7,7,-3.7558553684838234,1.0486101696215395,13.771592,0.53407425,-53.346268,75.027626,4,2025-07-04,30.294999999999998,0.0,78.55333333333333,4.386666666666667,1.0,99.40833333333335,2025,7,4,97.0,0,India_2004.csv
2025-07-05,2004,104.0,61.0,3.0,6.0,50.0,3.2,2,2,1,1,3,3,7,7,-3.3632596036599987,2.6161995752741034,13.972666,2.4166203,-7.6453247,91.46487,4,2025-07-05,31.206666666666667,0.0,74.48,3.8716666666666666,1.0,171.615,2025,7,5,104.0,0,India_2004.csv
2025-07-06,2004,113.0,54.0,2.0,6.0,31.0,3.2,2,2,1,1,3,3,7,7,-3.6137696691107837,0.4399940686121824,12.536362,-0.007724265,-58.751854,60.1791,4,2025-07-06,30.83,0.0,75.19833333333334,3.545,1.0,189.82666666666668,2025,7,6,113.0,0,India_2004.csv
2025-07-07,2004,102.0,38.0,2.0,6.0,47.0,3.6,2,2,1,1,3,3,7,7,-3.883126151981225,2.2365656004790786,13.958049,1.9795935,-8.676121,91.26208,4,2025-07-07,29.355,0.0,82.38333333333334,3.345,1.0,196.29333333333332,2025,7,7,102.0,0,India_2004.csv
2025-07-08,2004,71.0,56.0,2.0,6.0,40.0,3.2,2,2,1,1,3,3,7,7,-4.250763655187002,1.3513264256597513,13.73525,0.40461642,-53.00445,76.23498,4,2025-07-08,31.051666666666666,0.0,75.67333333333333,5.0633333333333335,1.0,225.34,2025,7,8,71.0,0,India_2004.csv
2025-07-09,2004,93.0,41.0,1.0,5.0,34.0,4.8,2,2,1,1,3,3,7,7,-4.414474458529954,1.1777304353581546,13.239697,0.07423909,-55.367893,65.51382,4,2025-07-09,28.811666666666667,0.0,83.52166666666666,3.2600000000000002,1.0,154.98166666666665,2025,7,9,93.0,0,India_2004.csv
2025-07-10,2004,70.0,25.0,2.0,5.0,27.0,3.8,2,2,1,1,3,3,0,0,-5.123724056450604,0.02633188569070544,12.140349,-1.9304749,-87.215,40.991253,4,2025-07-10,27.39,0.0,85.48666666666666,3.608333333333333,1.0,174.35333333333332,2025,7,10,70.0,0,India_2004.csv
2025-07-11,2004,63.0,54.0,2.0,8.0,35.0,3.8,2,2,1,1,3,3,7,7,-4.080867389187427,0.5292055282196542,12.875359,-0.24522404,-52.942226,74.29122,4,2025-07-11,28.736666666666668,0.0,81.27666666666666,2.14,1.0,153.945,2025,7,11,63.0,0,India_2004.csv
2025-07-12,2004,105.0,61.0,2.0,6.0,46.0,1.0,2,2,1,1,3,3,7,7,-3.5007506040581875,1.6750589635129818,13.835355,1.2366499,-6.711598,92.83158,4,2025-07-12,29.278333333333332,0.0,80.90166666666666,2.4533333333333336,1.0,159.14666666666668,2025,7,12,105.0,0,India_2004.csv
2025-07-13,2004,116.0,58.0,2.0,6.0,38.0,5.4,2,2,1,1,3,3,7,7,-3.3772795269027114,1.745361407567295,13.457997,1.1406466,-45.19775,68.62925,4,2025-07-13,28.548333333333332,0.0,85.31166666666667,6.081666666666667,1.0,95.01,2025,7,13,116.0,0,India_2004.csv
2025-07-14,2004,108.0,37.0,2.0,6.0,21.0,2.8,2,2,1,1,3,3,0,0,-4.109604149242044,-0.8819226067212559,11.618828,-1.5612526,-77.29652,35.82241,4,2025-07-14,27.89833333333333,0.0,85.35333333333334,13.844999999999999,1.0,107.68166666666666,2025,7,14,108.0,0,India_2004.csv
2025-07-15,2004,80.0,36.0,1.0,5.0,22.0,3.2,2,2,1,1,3,3,0,0,-4.903031894312826,-0.5986730898318174,11.852222,-2.090721,-83.58531,39.20614,4,2025-07-15,28.241666666666664,0.0,83.79333333333334,12.123333333333333,1.0,131.16833333333332,2025,7,15,80.0,0,India_2004.csv
2025-07-16,2004,69.0,53.0,2.0,6.0,25.0,1.0,2,2,1,1,3,3,0,0,-4.54756605410236,-0.8557880894011161,11.912392,-1.582124,-85.664276,30.073456,4,2025-07-16,29.10166666666667,0.0,82.03666666666666,6.871666666666667,1.0,130.57166666666666,2025,7,16,69.0,0,India_2004.csv
2025-07-17,2004,91.0,46.0,2.0,6.0,26.0,2.0,2,2,1,1,3,3,0,0,-4.228801446358425,-0.49378061690454395,12.079732,-1.14056,-77.91133,33.91884,4,2025-07-17,28.401666666666667,0.0,82.19333333333333,7.581666666666667,1.0,103.825,2025,7,17,91.0,0,India_2004.csv
2025-07-18,2004,81.0,42.0,2.0,6.0,21.0,1.0,2,2,1,1,3,3,0,0,-4.55341831487179,-1.3295093421600102,11.461568,-1.7590877,-84.83808,28.330873,4,2025-07-18,28.526666666666667,0.0,79.69166666666668,13.491666666666665,1.0,80.79166666666667,2025,7,18,81.0,0,India_2004.csv
2025-07-19,2004,95.0,39.0,1.0,6.0,26.0,1.0,2,2,1,1,3,3,0,0,-4.360338498629068,-0.7431189999685038,12.015148,-1.06089,-77.80126,33.70899,4,2025-07-19,29.291666666666668,0.0,75.87833333333333,8.615,1.0,156.94333333333336,2025,7,19,95.0,0,India_2004.csv
2025-07-20,2004,72.0,57.0,1.0,5.0,33.0,2.4,2,2,1,1,3,3,7,7,-4.587770225021302,0.5562809021766331,13.680642,0.20526119,-54.769634,76.03873,4,2025-07-20,30.471666666666668,0.0,71.79166666666667,5.748333333333334,1.0,212.905,2025,7,20,72.0,0,India_2004.csv
2025-07-21,2004,86.0,59.0,2.0,7.0,18.0,2.0,2,2,1,1,3,3,0,0,-4.002818509447824,-1.5303050689482454,10.637392,-1.7327877,-77.055435,30.674795,4,2025-07-21,28.78333333333333,0.0,80.25833333333334,3.3183333333333334,1.0,130.33166666666668,2025,7,21,86.0,0,India_2004.csv
2025-07-22,2004,105.0,51.0,2.0,7.0,13.0,2.0,2,2,1,1,3,3,0,0,-3.841945490671547,-2.082792252267642,9.422185,-2.276049,-52.030563,-49.74243,4,2025-07-22,30.463333333333335,0.0,74.57833333333333,3.391666666666667,1.0,221.21,2025,7,22,105.0,0,India_2004.csv
2025-07-23,2004,108.0,54.0,3.0,6.0,7.0,3.0,2,2,1,1,3,3,0,0,-3.9185364235365263,-2.3388594842083292,8.482949,-2.58603,-58.89027,-43.540855,4,2025-07-23,29.768333333333334,0.0,79.52833333333334,5.166666666666667,1.0,240.81166666666664,2025,7,23,108.0,0,India_2004.csv
2025-07-24,2004,87.0,57.0,1.0,5.0,27.0,1.0,2,2,1,1,3,3,0,0,-4.402192611562794,-0.38870460816053215,12.136119,-1.1398562,-78.885475,33.730408,4,2025-07-24,30.86833333333333,0.0,71.25,6.913333333333334,1.0,289.4633333333333,2025,7,24,87.0,0,India_2004.csv
2025-07-25,2004,74.0,59.0,3.0,7.0,22.0,3.0,2,2,1,1,3,3,0,0,-4.086338726057991,-0.8835576927532216,10.937389,-1.7691425,-79.09444,25.086924,4,2025-07-25,32.12,0.0,67.86,6.338333333333334,1.0,240.45000000000002,2025,7,25,74.0,0,India_2004.csv
2025-07-26,2004,88.0,46.0,4.0,7.0,39.0,4.4,2,2,1,1,3,3,7,7,-3.741394399695693,1.3405079835317573,13.514606,0.7134718,-51.717285,73.44207,4,2025-07-26,31.47666666666667,0.0,73.785,3.465,1.0,158.67999999999998,2025,7,26,88.0,0,India_2004.csv
2025-07-27,2004,78.0,48.0,4.0,6.0,9.0,1.0,2,2,1,1,3,3,0,0,-4.500964885531985,-2.6572600036878997,9.132631,-2.8952978,-58.651005,-49.834915,4,2025-07-27,32.068333333333335,0.0,68.105,6.288333333333334,1.0,91.54333333333334,2025,7,27,78.0,0,India_2004.csv
2025-07-28,2004,83.0,56.0,9.0,7.0,36.0,1.0,2,2,1,1,3,3,7,7,-3.3743883431329142,0.32976872288965836,13.170043,0.5445196,-59.554676,73.663895,4,2025-07-28,32.015,0.0,68.83333333333333,4.62,1.0,146.02666666666667,2025,7,28,83.0,0,India_2004.csv
2025-07-29,2004,127.0,51.0,7.0,7.0,21.0,1.0,2,2,1,1,3,3,0,0,-2.9733767049757023,-1.2884952733178001,11.160223,-0.33149132,-70.87811,33.69793,4,2025-07-29,29.043333333333333,0.0,82.56166666666667,5.18,1.0,108.61666666666666,2025,7,29,127.0,0,India_2004.csv
2025-07-30,2004,97.0,49.0,5.0,7.0,30.0,4.0,2,2,1,1,3,3,7,7,-3.5625019966730407,0.2784623006266795,12.652489,-0.072513185,-60.013367,62.22041,4,2025-07-30,27.885,0.0,88.57666666666667,7.583333333333333,1.0,113.67333333333333,2025,7,30,97.0,0,India_2004.csv
2025-07-31,2004,82.0,35.0,5.0,6.0,28.0,1.0,2,2,1,1,3,3,0,0,-4.337662587081137,-0.5410648532209765,12.084947,-1.2881628,-85.38002,31.19861,4,2025-07-31,27.788333333333338,0.0,87.46666666666665,5.326666666666667,1.0,146.085,2025,7,31,82.0,0,India_2004.csv
2025-08-01,2004,113.0,51.0,3.0,6.0,39.0,5.6,2,2,1,1,3,3,7,7,-3.456410509470733,1.8679004460942585,13.483694,1.1211475,-45.28949,68.709816,4,2025-08-01,28.515,0.0,83.935,4.056666666666666,1.0,232.07333333333335,2025,8,1,113.0,0,India_2004.csv
2025-08-02,2004,74.0,60.0,4.0,6.0,14.0,1.0,2,2,1,1,3,3,0,0,-4.318858803445935,-2.0417927657198702,9.51221,-2.8608902,-62.389683,-51.21208,4,2025-08-02,29.441666666666666,0.0,77.47166666666666,6.776666666666666,1.0,242.95833333333334,2025,8,2,74.0,0,India_2004.csv
2025-08-03,2004,79.0,65.0,4.0,3.0,15.0,1.0,2,2,1,1,3,3,0,0,-4.73459287722322,-1.3612118632175605,10.355038,-2.699076,-89.640114,-13.5726185,4,2025-08-03,29.661666666666665,0.0,78.52333333333333,6.710000000000001,1.0,239.54166666666666,2025,8,3,79.0,0,India_2004.csv
2025-08-04,2004,81.0,73.0,4.0,4.0,13.0,3.0,2,2,1,1,3,3,0,0,-4.360405883609229,-1.2821783602431494,10.215383,-2.569662,-86.67803,-17.396656,4,2025-08-04,28.816666666666666,0.0,81.09333333333333,7.265000000000001,1.0,224.52833333333334,2025,8,4,81.0,0,India_2004.csv
2025-08-05,2004,96.0,63.0,4.0,5.0,14.0,3.0,2,2,1,1,3,3,0,0,-4.034214120363879,-1.349869944552205,10.066497,-2.6953769,-84.64588,-18.488434,4,2025-08-05,27.833333333333332,0.0,84.88166666666666,6.495,1.0,196.45833333333334,2025,8,5,96.0,0,India_2004.csv
2025-08-06,2004,85.0,69.0,4.0,4.0,21.0,1.0,2,2,1,1,3,3,0,0,-4.286011009429937,-0.8181520505045002,11.925158,-1.2798698,-81.00252,32.16691,4,2025-08-06,28.873333333333335,0.0,79.27166666666666,5.0249999999999995,1.0,253.65666666666667,2025,8,6,85.0,0,India_2004.csv
2025-08-07,2004,92.0,76.0,4.0,2.0,35.0,3.0,2,2,1,1,3,3,7,7,-4.247371798640925,1.6175258206414407,13.375531,0.48357472,-48.66483,70.65659,4,2025-08-07,30.209999999999997,0.0,69.99166666666666,8.731666666666667,1.0,273.0266666666667,2025,8,7,92.0,0,India_2004.csv
2025-08-08,2004,90.0,78.0,3.0,3.0,31.0,2.0,2,2,1,1,3,3,7,7,-4.189359008605595,0.7639970480245226,13.025606,-0.61855966,-63.42878,70.64941,4,2025-08-08,30.123333333333335,0.0,72.40166666666667,6.586666666666666,1.0,209.06166666666664,2025,8,8,90.0,0,India_2004.csv
2025-08-09,2004,85.0,38.0,3.0,6.0,26.0,5.8,2,2,1,1,3,3,0,0,-4.339052861678465,0.2890912921852078,12.227941,-1.3418775,-80.07903,55.075306,4,2025-08-09,27.615,0.0,84.98333333333333,3.4516666666666667,1.0,249.10333333333335,2025,8,9,85.0,0,India_2004.csv
2025-08-10,2004,72.0,64.0,3.0,5.0,29.0,5.0,2,2,1,1,3,3,0,0,-4.330226792173457,0.7204495808707349,12.722812,-1.1362389,-79.43173,53.87848,4,2025-08-10,29.365,0.0,80.61666666666666,3.5583333333333336,1.0,246.77666666666664,2025,8,10,72.0,0,India_2004.csv
2025-08-11,2004,104.0,81.0,5.0,9.0,19.0,2.0,2,2,1,1,3,3,0,0,-2.667553712649139,-1.58514638828991,10.325025,-1.3734655,-76.21248,29.285738,4,2025-08-11,29.796666666666667,0.0,78.67999999999999,6.945,1.0,225.95000000000002,2025,8,11,104.0,0,India_2004.csv
2025-08-12,2004,109.0,60.0,4.0,7.0,17.0,1.0,2,2,1,1,3,3,0,0,-3.435109149069841,-1.775340893361117,9.83878,-1.6280502,-52.763123,-45.898415,4,2025-08-12,29.49666666666667,0.0,78.67333333333333,5.256666666666667,1.0,259.4866666666667,2025,8,12,109.0,0,India_2004.csv
2025-08-13,2004,95.0,71.0,3.0,7.0,23.0,1.0,2,2,1,1,3,3,0,0,-3.518667909685253,-1.087995678595718,11.124179,-1.2872949,-76.42494,31.242764,4,2025-08-13,30.501666666666665,0.0,73.98666666666666,5.7683333333333335,1.0,214.25333333333333,2025,8,13,95.0,0,India_2004.csv
2025-08-14,2004,93.0,26.0,4.0,7.0,19.0,1.0,2,2,1,1,3,3,0,0,-4.2642791948003556,-1.7603325351720995,11.167571,-1.866691,-83.89698,25.64652,4,2025-08-14,27.308333333333334,0.0,90.28333333333335,4.596666666666667,1.0,94.87333333333333,2025,8,14,93.0,0,India_2004.csv
2025-08-15,2004,70.0,59.0,4.0,6.0,19.0,3.2,2,2,1,1,3,3,0,0,-4.317557340912652,-1.0084986678575503,10.937554,-2.1554675,-79.54678,24.810946,4,2025-08-15,28.705,0.0,85.50833333333333,3.6666666666666665,1.0,119.41833333333334,2025,8,15,70.0,0,India_2004.csv
2025-08-16,2004,127.0,62.0,5.0,6.0,30.0,5.4,2,2,1,1,3,3,7,7,-2.9748299797203757,0.9111232775172752,12.396834,0.27384427,-58.017166,57.96468,4,2025-08-16,28.771666666666665,0.0,86.11333333333333,4.661666666666666,1.0,98.46,2025,8,16,127.0,0,India_2004.csv
2025-08-17,2004,126.0,56.0,4.0,6.0,23.0,2.0,2,2,1,1,3,3,0,0,-3.3008595762096475,-0.6687146391110956,11.218495,-0.36474195,-71.49762,33.86263,4,2025-08-17,29.069999999999997,0.0,85.93833333333333,6.2,1.0,81.38333333333333,2025,8,17,126.0,0,India_2004.csv
2025-08-18,2004,105.0,54.0,5.0,6.0,25.0,2.0,2,2,1,1,3,3,0,0,-3.622037323640954,-0.5039604563182511,11.957194,-0.8166618,-76.66762,33.481945,4,2025-08-18,29.168333333333333,0.0,82.32000000000001,7.8066666666666675,1.0,88.34666666666668,2025,8,18,105.0,0,India_2004.csv
2025-08-19,2004,103.0,54.0,5.0,7.0,20.0,2.0,2,2,1,1,3,3,0,0,-3.517848240227795,-1.254204830653569,10.820725,-1.3705052,-75.79423,30.803856,4,2025-08-19,29.34166666666667,0.0,81.17833333333333,7.171666666666667,1.0,88.86333333333333,2025,8,19,103.0,0,India_2004.csv
2025-08-20,2004,96.0,51.0,6.0,5.0,22.0,1.0,2,2,1,1,3,3,0,0,-4.0124375271727315,-0.9205655642340305,11.601823,-1.4294766,-83.370056,28.967213,4,2025-08-20,29.298333333333332,0.0,79.69333333333334,8.845,1.0,97.08999999999999,2025,8,20,96.0,0,India_2004.csv
2025-08-21,2004,80.0,52.0,7.0,5.0,20.0,1.0,2,2,1,1,3,3,0,0,-4.239579710037534,-1.1814427497783972,11.466645,-1.6927146,-83.526146,28.80602,4,2025-08-21,29.97,0.0,76.91666666666667,5.916666666666667,1.0,102.96499999999999,2025,8,21,80.0,0,India_2004.csv
2025-08-22,2004,84.0,62.0,6.0,8.0,25.0,3.0,2,2,1,1,3,3,0,0,-3.387202933762056,-0.6509731434193536,11.3427515,-1.1013037,-76.57812,24.252821,4,2025-08-22,30.40833333333333,0.0,74.90833333333335,3.8666666666666667,1.0,145.08833333333334,2025,8,22,84.0,0,India_2004.csv
2025-08-23,2004,119.0,49.0,6.0,5.0,24.0,3.6,2,2,1,1,3,3,0,0,-3.55796180423434,-0.06751175084579693,11.674376,-0.7571118,-70.75401,38.52214,4,2025-08-23,28.188333333333333,0.0,84.61666666666667,5.226666666666667,1.0,82.22666666666667,2025,8,23,119.0,0,India_2004.csv
2025-08-24,2004,93.0,43.0,6.0,5.0,20.0,6.6,2,2,1,1,3,3,0,0,-4.140888158753747,0.029447427345318286,11.155571,-1.568172,-76.06452,5.6526194,4,2025-08-24,27.53333333333333,0.0,86.20166666666667,8.666666666666666,1.0,99.505,2025,8,24,93.0,0,India_2004.csv
2025-08-25,2004,81.0,45.0,6.0,6.0,21.0,1.0,2,2,1,1,3,3,0,0,-4.1994048328781775,-1.28300016407547,11.40074,-1.7171339,-83.77172,28.293806,4,2025-08-25,26.858333333333334,0.0,88.5,12.375,1.0,114.56833333333333,2025,8,25,81.0,0,India_2004.csv
2025-08-26,2004,90.0,48.0,7.0,11.0,13.0,4.0,2,2,1,1,3,3,0,0,-2.9555032650968074,-2.367499825443907,9.198063,-1.7331432,-49.07727,-61.741016,4,2025-08-26,27.349999999999998,0.0,88.445,9.728333333333333,1.0,119.29333333333334,2025,8,26,90.0,0,India_2004.csv
2025-08-27,2004,76.0,49.0,6.0,9.0,10.0,1.0,2,2,1,1,3,3,0,0,-3.755212859723669,-3.0565405922402427,9.02914,-2.299895,-51.538437,-58.937885,4,2025-08-27,28.661666666666665,0.0,85.29166666666667,4.905,1.0,118.94500000000001,2025,8,27,76.0,0,India_2004.csv
2025-08-28,2004,94.0,74.0,7.0,6.0,25.0,1.0,2,2,1,1,3,3,0,0,-3.3600297727698756,-0.6410039365631724,11.849516,-0.6540277,-62.70956,32.886703,4,2025-08-28,28.638333333333335,0.0,86.03333333333335,5.323333333333333,1.0,134.23,2025,8,28,94.0,0,India_2004.csv
2025-08-29,2004,133.0,62.0,6.0,6.0,25.0,1.0,2,2,1,1,3,3,7,7,-2.911481181277257,-0.5946050915290221,11.229285,-0.15119684,-70.948555,33.832222,4,2025-08-29,28.058333333333334,0.0,86.95,8.463333333333333,1.0,109.18,2025,8,29,133.0,0,India_2004.csv
2025-08-30,2004,127.0,51.0,5.0,6.0,20.0,1.0,2,2,1,1,3,3,0,0,-3.338384724446507,-1.2421187323391905,11.108791,-0.36363968,-71.05323,33.76179,4,2025-08-30,28.52,0.0,83.245,7.5566666666666675,1.0,104.54,2025,8,30,127.0,0,India_2004.csv
2025-08-31,2004,93.0,57.0,2.0,6.0,23.0,3.6,2,2,1,1,3,3,0,0,-4.023891164081479,-0.425301924482383,11.584686,-1.7576491,-78.437325,36.83663,4,2025-08-31,26.395,0.0,91.055,8.388333333333334,1.0,121.29,2025,8,31,93.0,0,India_2004.csv
2025-09-01,2004,104.0,36.0,2.0,6.0,21.0,4.2,2,2,1,1,3,3,0,0,-4.179497604674624,-0.5921041680887691,11.606928,-1.6094134,-77.199,36.409958,4,2025-09-01,25.451666666666668,0.0,92.36,11.253333333333332,1.0,122.71333333333332,2025,9,1,104.0,0,India_2004.csv
2025-09-02,2004,57.0,30.0,2.0,7.0,18.0,3.6,2,2,1,1,3,3,0,0,-4.9909245556347255,-1.4058736314561697,10.76695,-2.812992,-92.5004,4.5717773,4,2025-09-02,25.276666666666667,0.0,91.96666666666665,11.896666666666667,1.0,118.92333333333333,2025,9,2,57.0,0,India_2004.csv
2025-09-03,2004,59.0,44.0,2.0,7.0,19.0,4.0,2,2,1,1,3,3,0,0,-4.706819459489048,-1.1305139052180382,10.809551,-2.7330341,-92.47702,4.6215773,4,2025-09-03,26.33,0.0,88.81166666666667,6.636666666666667,1.0,76.86833333333334,2025,9,3,59.0,0,India_2004.csv
2025-09-04,2004,97.0,41.0,2.0,6.0,25.0,2.8,2,2,1,1,3,3,0,0,-4.19993687645008,-0.4394874341729248,11.987878,-1.3101714,-77.77729,34.313534,4,2025-09-04,27.373333333333335,0.0,86.21666666666665,5.468333333333334,1.0,45.70666666666667,2025,9,4,97.0,0,India_2004.csv
2025-09-05,2004,85.0,50.0,5.0,5.0,22.0,1.0,2,2,1,1,3,3,0,0,-4.308497696228346,-0.9652749082046537,11.610315,-1.6351008,-83.712456,29.009747,4,2025-09-05,27.525000000000002,0.0,85.13,10.53,1.0,87.0,2025,9,5,85.0,0,India_2004.csv
2025-09-06,2004,91.0,53.0,10.0,6.0,23.0,1.0,2,2,1,1,3,3,0,0,-3.5547135220444805,-0.9557282576386289,11.592493,-0.5269,-60.797203,31.860462,4,2025-09-06,27.915000000000003,0.0,84.68666666666667,9.076666666666666,1.0,106.74833333333333,2025,9,6,91.0,0,India_2004.csv
2025-09-07,2004,97.0,54.0,8.0,6.0,20.0,4.6,2,2,1,1,3,3,0,0,-3.5628299472985256,-0.5028721787062437,10.785319,-1.6497517,-81.86473,11.731929,4,2025-09-07,28.095,0.0,85.39,6.218333333333334,1.0,117.14,2025,9,7,97.0,0,India_2004.csv
2025-09-08,2004,97.0,48.0,6.0,5.0,29.0,4.2,2,2,1,1,3,3,7,7,-3.91299666981539,0.5636030173477737,12.666849,-0.74294156,-70.74703,58.89861,4,2025-09-08,28.721666666666664,0.0,81.0,4.003333333333333,1.0,162.38333333333333,2025,9,8,97.0,0,India_2004.csv
2025-09-09,2004,96.0,60.0,4.0,6.0,32.0,1.0,2,2,1,1,3,3,7,7,-3.697755202905751,0.06836516228935476,13.372882,0.08304092,-55.81174,73.61459,4,2025-09-09,29.185000000000002,0.0,74.885,7.801666666666667,1.0,286.17833333333334,2025,9,9,96.0,0,India_2004.csv
2025-09-10,2004,103.0,64.0,4.0,5.0,33.0,2.0,2,2,1,1,3,3,7,7,-3.676900478088877,0.6166381894789443,13.403243,0.045964956,-56.153976,73.29476,4,2025-09-10,29.146666666666665,0.0,72.49166666666666,10.908333333333333,1.0,285.68666666666667,2025,9,10,103.0,0,India_2004.csv
2025-09-11,2004,100.0,67.0,8.0,5.0,26.0,1.0,2,2,1,1,3,3,0,0,-3.4762944659704225,-0.360154692345111,11.849241,-0.5487537,-62.65294,33.064083,4,2025-09-11,29.015,0.0,68.89666666666666,9.356666666666667,1.0,278.43333333333334,2025,9,11,100.0,0,India_2004.csv
2025-09-12,2004,95.0,67.0,12.6,7.0,23.0,2.0,2,2,1,1,3,3,0,0,-2.837900646144873,-0.812288924992266,11.531837,-0.00624477,-57.969822,30.765177,4,2025-09-12,29.96666666666667,0.0,65.5,6.843333333333334,1.0,272.755,2025,9,12,95.0,0,India_2004.csv
2025-09-13,2004,110.0,61.0,7.4,6.0,29.0,5.6,2,2,1,1,3,3,7,7,-3.131708039780909,0.8061802035370522,12.5519705,0.24056013,-63.13059,59.035347,4,2025-09-13,31.19666666666667,0.0,58.54833333333334,5.728333333333334,1.0,254.585,2025,9,13,110.0,0,India_2004.csv
2025-09-14,2004,97.0,80.4,9.0,4.8,21.4,3.6,2,2,1,1,3,3,0,0,-3.292879447156431,-0.2144028908788833,11.207354,-0.72427994,-64.85861,26.275993,4,2025-09-14,32.25666666666667,0.0,55.47666666666667,5.868333333333333,1.0,264.1766666666667,2025,9,14,97.0,0,India_2004.csv
2025-09-15,2004,137.6,65.0,22.8,19.0,30.0,7.2,2,2,1,1,0,0,1,1,1.2621525847072885,-0.7959146768132983,10.106836,4.8809824,13.845983,14.155345,4,2025-09-15,32.59666666666667,0.0,52.46666666666667,7.305,1.0,235.96,2025,9,15,137.6,0,India_2004.csv
2025-09-16,2004,104.0,70.0,16.4,9.0,47.0,9.8,0,0,2,2,2,2,7,7,-1.5316562275204069,3.341740863074992,13.138794,4.3695555,8.261459,73.77587,4,2025-09-16,31.488333333333333,0.0,57.9,5.583333333333333,1.0,199.17,2025,9,16,104.0,0,India_2004.csv
2025-09-17,2004,107.0,79.0,7.6,5.0,37.0,3.0,2,2,1,1,3,3,7,7,-3.0205695194465876,1.4036863533844381,13.2450695,0.8660033,-50.21197,65.986984,4,2025-09-17,30.92833333333333,0.0,64.04833333333333,5.696666666666666,1.0,192.58833333333334,2025,9,17,107.0,0,India_2004.csv
2025-09-18,2004,119.0,70.0,11.2,4.0,41.0,1.0,2,2,1,1,3,3,7,7,-2.854013456163501,1.6163756812628676,13.392505,1.8026594,-36.667892,72.3354,4,2025-09-18,30.496666666666666,0.0,66.19500000000001,4.534999999999999,1.0,162.25,2025,9,18,119.0,0,India_2004.csv
2025-09-19,2004,120.0,80.0,10.4,6.0,43.0,1.0,2,2,1,1,3,3,7,7,-2.307507237035249,1.5371199699445894,13.387514,1.9116132,-35.672295,72.15245,4,2025-09-19,31.256666666666664,0.0,60.41,6.010000000000001,1.0,300.07166666666666,2025,9,19,120.0,0,India_2004.csv
2025-09-20,2004,141.0,94.2,14.2,6.0,22.6,9.6,2,2,1,1,3,3,7,7,-1.5137830309574902,1.2597410036452805,10.020575,2.673745,-48.680264,15.161759,4,2025-09-20,31.506666666666664,0.0,54.446666666666665,8.676666666666666,1.0,292.88666666666666,2025,9,20,141.0,0,India_2004.csv
2025-09-21,2004,149.5822841180519,114.82240580294176,18.75631236617784,9.462042997692214,23.415262436507295,5.553042899900233,2,2,1,1,0,0,1,1,-0.024653403260480163,0.019591619741040827,-6.445541,3.3579311,4.8190203,-27.552046,4,2025-09-21,31.621666666666666,0.0,51.879999999999995,8.674999999999999,1.0,286.7833333333333,2025,9,21,149.5822841180519,0,India_2004.csv
2025-09-22,2004,149.5822841180519,114.82240580294176,18.75631236617784,9.462042997692214,23.415262436507295,5.553042899900233,2,2,1,1,0,0,1,1,-0.024653403260480163,0.019591619741040827,-6.373201,3.286987,4.8190203,-27.552046,4,2025-09-22,32.08833333333333,0.0,47.916666666666664,9.968333333333334,1.0,287.335,2025,9,22,149.5822841180519,0,India_2004.csv
2025-09-23,2004,149.5822841180519,114.82240580294176,18.75631236617784,9.462042997692214,23.415262436507295,5.553042899900233,2,2,1,1,0,0,1,1,-0.024653403260480163,0.019591619741040827,-6.3236923,3.2443383,4.8190203,-27.552046,4,2025-09-23,31.731666666666666,0.0,46.68833333333333,10.428333333333333,1.0,290.9316666666667,2025,9,23,149.5822841180519,0,India_2004.csv
2025-09-24,2004,126.6,72.0,5.0,6.0,7.0,4.0,2,2,1,1,3,3,0,0,-3.112549563249211,-1.9623802541238475,7.3105774,-0.89159876,-63.553467,-21.289724,4,2025-09-24,31.291666666666668,0.0,50.625,9.155,1.0,292.67833333333334,2025,9,24,126.6,0,India_2004.csv
2025-09-25,2004,136.0,66.0,3.0,5.0,35.0,5.0,2,2,1,1,3,3,7,7,-3.0422938239697253,1.5977355516456162,13.085761,1.4796411,-43.004246,66.32726,4,2025-09-25,31.371666666666666,0.0,49.92333333333334,8.426666666666668,1.0,298.47333333333336,2025,9,25,136.0,0,India_2004.csv
2025-09-26,2004,98.0,76.0,5.0,3.0,41.0,2.0,2,2,1,1,3,3,7,7,-3.802731651763744,1.9302407348198916,13.542074,1.0710093,-44.55594,72.50822,4,2025-09-26,31.885,0.0,52.59,8.305,1.0,310.43666666666667,2025,9,26,98.0,0,India_2004.csv
2025-09-27,2004,95.0,93.0,5.0,5.0,99.0,2.0,0,0,2,2,2,2,4,4,-2.48821414584102,8.246641854750905,14.501957,6.7691827,25.086687,95.53875,4,2025-09-27,32.81333333333333,0.0,55.46,4.89,1.0,94.56333333333333,2025,9,27,99.0,0,India_2004.csv
2025-09-28,2004,131.0,128.4,10.2,9.0,26.4,4.6,2,2,1,1,3,3,7,7,-0.8691898825785186,0.17607300034246412,11.489427,2.4240472,-18.49378,27.450218,4,2025-09-28,32.44833333333333,0.0,59.435,8.655000000000001,1.0,105.80666666666666,2025,9,28,131.0,0,India_2004.csv
2025-09-29,2004,111.2,62.0,6.0,5.0,49.0,3.0,2,2,1,1,3,3,7,7,-3.200554703412465,2.684383134177295,13.955976,2.5287623,-7.252831,91.12812,4,2025-09-29,32.01166666666666,0.0,58.254999999999995,5.6866666666666665,1.0,141.57166666666666,2025,9,29,111.2,0,India_2004.csv
2025-09-30,2004,105.0,62.0,10.0,6.0,22.0,2.0,2,2,1,1,3,3,0,0,-3.1455892610829097,-0.7661426775465261,11.626689,-0.29815638,-60.499058,33.69957,4,2025-09-30,30.349999999999998,0.0,67.21333333333334,3.84,1.0,182.9466666666667,2025,9,30,105.0,0,India_2004.csv
2025-10-01,2004,100.0,62.0,9.0,4.0,85.0,3.0,0,0,2,2,2,2,4,4,-2.9513806021308806,6.944705471163948,14.547254,6.173511,23.645742,95.29375,4,2025-10-01,27.798333333333332,0.0,78.69333333333334,3.65,1.0,172.78666666666666,2025,10,1,100.0,0,India_2004.csv
2025-10-02,2004,106.0,73.0,11.0,2.0,65.0,4.0,0,0,2,2,2,2,7,7,-3.132463894275907,5.328683464857846,14.340827,5.1899214,16.745026,93.828964,4,2025-10-02,28.14833333333333,0.0,75.41166666666666,5.206666666666667,1.0,108.60166666666667,2025,10,2,106.0,0,India_2004.csv
2025-10-03,2004,113.0,57.0,9.0,6.0,56.0,2.0,0,0,2,2,2,2,7,7,-2.751183875130454,3.090137373830797,14.113973,4.1317425,-5.2514787,91.01853,4,2025-10-03,29.111666666666668,0.0,71.65166666666666,4.454999999999999,1.0,87.23666666666666,2025,10,3,113.0,0,India_2004.csv
2025-10-04,2004,96.0,86.0,3.0,7.0,57.0,6.0,0,0,2,2,2,2,7,7,-2.7767336793423425,3.947522404641282,14.111843,4.820828,12.484036,89.12849,4,2025-10-04,29.905,0.0,59.99333333333333,7.075,1.0,292.805,2025,10,4,96.0,0,India_2004.csv
2025-10-05,2004,138.0,82.0,4.0,6.0,77.0,3.0,0,0,2,2,2,2,4,4,-1.9957720729278474,5.85109044995376,14.430237,5.840925,21.409618,92.21617,4,2025-10-05,28.573333333333334,0.0,65.05166666666666,6.348333333333333,1.0,258.91,2025,10,5,138.0,0,India_2004.csv
2025-10-06,2004,146.0,54.0,4.0,3.0,18.0,4.0,2,2,1,1,3,3,0,0,-3.5959718021225306,-0.223460722068348,10.660636,0.058108907,-40.515007,2.939562,4,2025-10-06,23.92,0.0,86.14666666666666,5.4750000000000005,1.0,152.74666666666667,2025,10,6,146.0,0,India_2004.csv
2025-10-07,2004,112.0,42.0,5.0,6.0,41.0,1.0,2,2,1,1,3,3,7,7,-3.513400706395909,1.0579931920306098,13.701992,0.94796383,-52.1366,75.1272,4,2025-10-07,23.14833333333333,0.0,87.05333333333333,5.7700000000000005,1.0,169.75666666666666,2025,10,7,112.0,0,India_2004.csv
2025-10-08,2004,51.0,60.0,4.0,7.0,42.0,2.0,2,2,1,1,3,3,7,7,-4.19580362595979,1.1177119637233983,13.821461,0.49160287,-52.737297,77.44729,4,2025-10-08,22.758333333333336,0.0,84.86666666666666,4.335,1.0,305.34499999999997,2025,10,8,60.0,0,India_2004.csv
2025-10-09,2004,94.0,71.0,4.0,6.0,37.0,2.0,2,2,1,1,3,3,7,7,-3.480414228675539,0.9035187671061037,13.706701,0.3762583,-54.176773,74.20901,4,2025-10-09,23.715000000000003,0.0,72.88166666666666,6.921666666666667,1.0,303.9833333333333,2025,10,9,94.0,0,India_2004.csv
2025-10-10,2004,97.0,96.0,5.0,7.0,47.0,2.0,2,2,1,1,3,3,7,7,-2.6194650710149756,2.0031652213238123,13.889391,2.5993853,-6.0434275,92.421234,4,2025-10-10,23.560000000000002,0.0,68.95166666666667,3.9450000000000003,1.0,283.99333333333334,2025,10,10,97.0,0,India_2004.csv
2025-10-11,2004,139.0,98.0,5.0,10.0,43.0,2.0,2,2,1,1,3,3,7,7,-1.2554132161117604,1.151828645100349,12.834492,2.1730142,-35.67454,64.40141,4,2025-10-11,24.334999999999997,0.0,67.26833333333333,5.995,1.0,288.32166666666666,2025,10,11,139.0,0,India_2004.csv
2025-10-12,2004,150.0,95.0,5.0,7.0,45.0,2.0,2,2,1,1,3,3,7,7,-1.679334221829347,1.924413390370284,13.153799,1.9422753,-39.214493,64.714905,4,2025-10-12,25.386666666666667,0.0,62.47666666666667,5.97,1.0,309.74833333333333,2025,10,12,150.0,0,India_2004.csv
2025-10-13,2004,138.0,95.0,7.0,4.0,49.0,3.0,2,2,1,1,3,3,7,7,-2.2886690091058286,3.107117223252917,13.693506,4.0902963,-6.6798706,85.966385,4,2025-10-13,25.968333333333334,0.0,57.949999999999996,3.466666666666667,1.0,272.8066666666667,2025,10,13,138.0,0,India_2004.csv
2025-10-14,2004,151.0,96.0,8.0,4.0,51.0,4.0,0,0,2,2,2,2,7,7,-1.917192826705634,3.603778247611781,13.678934,4.1402893,-6.6450624,85.82329,4,2025-10-14,26.59,0.0,51.49166666666667,2.83,1.0,204.1916666666667,2025,10,14,151.0,0,India_2004.csv
2025-10-15,2004,148.0,103.0,8.0,6.0,53.0,4.0,0,0,2,2,2,2,7,7,-1.432848854687251,3.504658791524308,13.633713,4.45236,-6.2887554,85.96776,4,2025-10-15,26.171666666666667,0.0,50.876666666666665,3.385,1.0,235.34666666666666,2025,10,15,148.0,0,India_2004.csv
2025-10-16,2004,160.0,116.0,9.0,7.0,54.0,4.0,0,0,2,2,2,2,7,7,-0.7091194352762691,3.5485569653490674,13.54358,4.6419244,-5.998083,85.91854,4,2025-10-16,26.179999999999996,0.0,53.40833333333333,3.7016666666666667,1.0,290.51,2025,10,16,160.0,0,India_2004.csv
2025-10-17,2004,169.0,126.0,12.0,7.0,48.0,6.0,0,0,2,2,2,2,7,7,-0.19231574373012023,3.4027604136815293,12.987176,4.7363367,10.757575,64.94118,4,2025-10-17,26.638333333333332,0.0,55.5,4.23,1.0,278.5833333333333,2025,10,17,169.0,0,India_2004.csv
2025-10-18,2004,174.0,124.0,14.0,5.0,40.0,4.0,2,2,1,1,3,3,7,7,-0.5059636383283491,2.428320169450824,12.433392,3.0382912,0.87421894,45.409893,4,2025-10-18,27.44,0.0,54.07666666666666,2.606666666666667,1.0,231.94500000000002,2025,10,18,174.0,0,India_2004.csv
2025-10-19,2004,185.0,135.0,11.0,3.0,52.0,7.0,0,0,2,2,2,2,7,7,-0.5656272542805052,4.8626174022537985,13.048646,4.727308,9.568621,65.46765,4,2025-10-19,27.875,0.0,52.050000000000004,2.308333333333333,1.0,205.515,2025,10,19,185.0,0,India_2004.csv
2025-10-20,2004,199.0,179.0,5.0,6.0,61.0,11.0,0,0,2,2,2,2,4,4,0.7245046720371328,6.4405740790327615,13.833674,5.810853,20.91149,82.44182,4,2025-10-20,27.516666666666666,0.0,54.395,4.1866666666666665,1.0,98.21666666666665,2025,10,20,199.0,0,India_2004.csv
2025-10-21,2004,268.0,470.0,2.0,4.0,42.0,5.0,1,1,0,0,1,1,2,2,5.824402441546406,4.916763399297371,8.321889,10.91946,94.58435,4.2433157,4,2025-10-21,26.96666666666667,0.0,60.199999999999996,3.5500000000000003,1.0,159.48666666666668,2025,10,21,470.0,0,India_2004.csv
2025-10-22,2004,499.0,184.0,1.0,6.0,52.0,7.0,1,1,0,0,1,1,5,5,5.8848991442727705,5.40374766520119,7.0991864,10.425508,99.16495,-29.748701,4,2025-10-22,26.896666666666665,0.0,53.04333333333333,5.155,1.0,295.19,2025,10,22,499.0,0,India_2004.csv
2025-10-23,2004,271.0,122.0,2.0,4.0,62.0,3.0,0,0,2,2,2,2,4,4,0.387308537279621,5.062352397478932,13.039751,4.7044377,7.8733325,61.016235,4,2025-10-23,26.073333333333334,0.0,46.76833333333334,5.303333333333334,1.0,302.06333333333333,2025,10,23,271.0,0,India_2004.csv
2025-10-24,2004,192.0,112.0,3.0,6.0,54.0,3.0,0,0,2,2,2,2,7,7,-0.8553639581402815,3.531142239058325,13.430415,4.586441,-5.762198,86.00765,4,2025-10-24,25.905,0.0,46.445,3.83,1.0,247.31500000000003,2025,10,24,192.0,0,India_2004.csv
2025-10-25,2004,180.0,132.0,4.0,9.0,75.0,7.0,0,0,2,2,2,2,4,4,0.23696657987131517,6.336637623311014,13.945815,5.891091,20.619612,85.86674,4,2025-10-25,25.506666666666664,0.0,48.07833333333334,2.945,1.0,160.50833333333333,2025,10,25,180.0,0,India_2004.csv
2025-10-26,2004,195.0,122.0,4.0,10.0,68.0,5.0,0,0,2,2,2,2,4,4,0.43871617075250663,4.921865881613387,13.832142,5.7027593,20.428425,85.46628,4,2025-10-26,25.255,0.0,49.44,3.141666666666667,1.0,97.65166666666669,2025,10,26,195.0,0,India_2004.csv
2025-10-27,2004,193.0,132.0,3.0,7.0,36.0,6.0,2,2,1,1,3,3,7,7,-0.4788347738977177,2.0656008863855906,12.345924,3.7278779,11.025615,50.139435,4,2025-10-27,24.169999999999998,0.0,59.93833333333333,5.43,1.0,122.02999999999999,2025,10,27,193.0,0,India_2004.csv
2025-10-28,2004,196.0,121.0,3.0,4.0,35.0,3.0,2,2,1,1,3,3,7,7,-1.2613647699135317,1.7785451376518322,12.299645,2.7006989,0.78914493,47.18762,4,2025-10-28,23.26,0.0,73.48166666666667,3.735,1.0,144.35166666666666,2025,10,28,196.0,0,India_2004.csv
2025-10-29,2004,193.0,126.0,2.0,4.0,47.0,6.0,0,0,2,2,3,3,7,7,-1.1244911732730367,3.806927668253269,12.808951,4.389409,8.438756,61.14641,4,2025-10-29,25.111666666666665,0.0,64.91833333333334,4.5183333333333335,1.0,151.13333333333333,2025,10,29,193.0,0,India_2004.csv
2025-10-30,2004,200.0,167.0,3.0,4.0,13.0,10.0,2,2,1,1,3,3,11,11,-0.5931579711954158,1.044998188779244,10.308713,2.4849272,10.165419,30.302986,4,2025-10-30,24.276666666666667,0.0,79.99833333333333,3.0749999999999997,1.0,148.07333333333335,2025,10,30,200.0,0,India_2004.csv
2025-10-31,2004,243.0,89.0,2.0,3.0,25.0,8.0,2,2,1,1,3,3,7,7,-1.2390466511158496,1.883423550131109,10.396518,2.2003307,10.059692,31.443161,4,2025-10-31,25.33,0.0,73.15833333333333,4.628333333333333,1.0,273.495,2025,10,31,243.0,0,India_2004.csv
2025-11-01,2004,165.0,164.0,3.0,4.0,17.0,9.0,2,2,1,1,3,3,7,7,-1.2567123192108036,1.1649584947957963,10.323914,2.4283743,-44.912262,13.434669,4,2025-11-01,24.873333333333335,0.0,58.59166666666667,6.501666666666666,1.0,285.0683333333333,2025,11,1,165.0,0,India_2004.csv
2025-11-02,2004,244.0,153.0,3.0,3.0,20.0,10.0,2,2,1,1,3,3,11,11,-0.12606128117028093,2.0759110123514257,10.308577,2.5103478,10.098796,30.668982,4,2025-11-02,23.665000000000003,0.0,57.199999999999996,8.238333333333333,1.0,281.245,2025,11,2,244.0,0,India_2004.csv
2025-11-03,2004,234.0,148.0,5.0,5.0,23.0,10.0,2,2,1,1,3,3,11,11,0.19654154869016205,2.027538027775657,10.292402,2.5425453,10.102541,30.671782,4,2025-11-03,23.496666666666666,0.0,54.071666666666665,6.003333333333334,1.0,254.10333333333332,2025,11,3,234.0,0,India_2004.csv
2025-11-04,2004,205.0,109.0,7.0,8.0,22.0,6.0,2,2,1,1,3,3,7,7,-0.29473286452166875,0.25223458299062196,10.309688,2.1742048,-15.02528,6.893098,4,2025-11-04,23.531666666666666,0.0,64.64833333333333,5.655,1.0,155.11666666666667,2025,11,4,205.0,0,India_2004.csv
2025-11-05,2004,163.0,96.0,6.0,5.0,25.0,10.0,2,2,1,1,3,3,7,7,-1.868612598064191,1.803307104255545,10.421137,2.5217144,-44.99295,11.652773,4,2025-11-05,23.545,0.0,56.335,7.486666666666667,1.0,284.5516666666667,2025,11,5,163.0,0,India_2004.csv
2025-11-06,2004,162.0,161.0,7.0,5.0,33.0,3.0,2,2,1,1,3,3,7,7,-0.7531776184589357,1.5038749204179713,12.207091,2.7973688,3.852172,44.582542,4,2025-11-06,20.525,0.0,47.973333333333336,8.465,1.0,294.2583333333334,2025,11,6,162.0,0,India_2004.csv
2025-11-07,2004,239.0,208.0,8.0,10.0,40.0,2.0,0,0,2,2,0,0,5,5,2.5893219844587327,1.6614533150308606,8.232368,8.608618,13.547469,48.459064,4,2025-11-07,20.485,0.0,46.01500000000001,7.871666666666667,1.0,287.625,2025,11,7,239.0,0,India_2004.csv
2025-11-08,2004,283.0,223.0,10.0,9.0,41.0,3.0,1,1,0,0,0,0,5,5,3.6271915469195313,2.3865411824295317,8.19868,8.98125,63.550922,42.87878,4,2025-11-08,20.121666666666666,0.0,44.848333333333336,6.646666666666667,1.0,292.7316666666667,2025,11,8,283.0,0,India_2004.csv
2025-11-09,2004,298.0,179.0,12.0,7.0,41.0,6.0,0,0,2,2,0,0,5,5,2.9787368213705965,3.2393806288216775,8.061128,8.976926,63.335464,43.010612,4,2025-11-09,20.135,0.0,47.18333333333334,6.598333333333334,1.0,290.79833333333335,2025,11,9,298.0,0,India_2004.csv
2025-11-10,2004,269.0,210.0,11.0,9.0,43.0,7.0,0,0,2,2,2,2,5,5,3.3137762465442924,3.3929624721698555,8.235277,9.0099945,63.548897,43.063503,4,2025-11-10,19.988333333333333,0.0,47.61333333333334,4.748333333333334,1.0,292.45,2025,11,10,269.0,0,India_2004.csv
2025-11-11,2004,298.0,278.0,14.0,6.0,46.0,16.0,0,0,2,2,2,2,5,5,4.758164437766566,6.6709696653471795,9.605093,9.311467,65.825005,37.57288,4,2025-11-11,20.29,0.0,47.55833333333334,6.993333333333333,1.0,291.02833333333336,2025,11,11,298.0,0,India_2004.csv
2025-11-12,2004,333.0,305.0,15.0,6.0,50.0,17.0,1,1,0,0,1,1,5,5,5.986320624094897,7.58569854536232,9.580381,9.348025,65.96328,37.5989,4,2025-11-12,20.25166666666667,0.0,49.99666666666667,6.986666666666667,1.0,288.5516666666667,2025,11,12,333.0,0,India_2004.csv
2025-11-13,2004,354.0,252.0,17.0,4.0,41.0,17.0,1,1,0,0,1,1,5,5,5.1504303661251685,6.73241958330859,9.6542635,9.310573,65.96463,37.420433,4,2025-11-13,19.36,0.0,51.21,6.635000000000001,1.0,287.83166666666665,2025,11,13,354.0,0,India_2004.csv
2025-11-14,2004,323.0,188.0,13.0,6.0,37.0,19.0,0,0,2,2,0,0,11,11,3.6066671400647587,5.929038398294996,9.718566,9.246552,65.59513,36.915337,4,2025-11-14,19.321666666666665,0.0,50.31333333333333,6.053333333333334,1.0,286.27833333333336,2025,11,14,323.0,0,India_2004.csv
2025-11-15,2004,264.0,184.0,8.0,10.0,39.0,23.0,0,0,2,2,2,2,11,11,2.953770383567561,6.097289019823636,9.801119,9.206837,65.38563,36.641796,4,2025-11-15,19.33,0.0,51.096666666666664,5.876666666666666,1.0,288.4016666666667,2025,11,15,264.0,0,India_2004.csv
2025-11-16,2004,270.0,224.0,38.0,8.0,25.0,17.0,1,1,0,0,0,0,11,11,5.350863542987371,3.996605616682953,9.707908,8.539704,61.849373,30.349205,4,2025-11-16,19.258333333333333,0.0,49.08166666666667,6.536666666666666,1.0,294.45666666666665,2025,11,16,270.0,0,India_2004.csv
2025-11-17,2004,321.0,130.0,6.0,6.0,40.0,12.0,0,0,2,2,0,0,5,5,2.019263572131375,4.393898878081254,7.873968,8.832434,61.83963,44.086147,4,2025-11-17,19.138333333333332,0.0,53.35333333333333,3.3200000000000003,1.0,247.84,2025,11,17,321.0,0,India_2004.csv
2025-11-18,2004,171.0,192.0,14.0,14.0,52.0,19.0,0,0,2,2,2,2,11,11,2.7208549204029313,5.81365777326133,12.02835,6.861783,26.04506,64.10176,4,2025-11-18,19.378333333333334,0.0,62.526666666666664,3.7733333333333334,1.0,249.24166666666667,2025,11,18,192.0,0,India_2004.csv
2025-11-19,2004,257.0,207.0,18.0,7.0,47.0,21.0,0,0,2,2,2,2,11,11,3.427177467735692,7.268942084981565,9.780654,9.205624,65.42803,36.76133,4,2025-11-19,19.953333333333333,0.0,63.52166666666667,2.4483333333333337,1.0,184.18166666666664,2025,11,19,257.0,0,India_2004.csv
2025-11-20,2004,285.0,160.0,18.0,6.0,39.0,24.0,0,0,2,2,2,2,11,11,2.923080319283995,7.043331983733116,9.8467655,9.193594,65.42261,36.641953,4,2025-11-20,20.143333333333334,0.0,63.62,2.526666666666667,1.0,210.665,2025,11,20,285.0,0,India_2004.csv
2025-11-21,2004,233.0,134.0,15.0,8.0,27.0,34.0,0,0,2,2,0,0,11,11,1.7114750740000773,7.21334001334883,12.598678,8.890399,0.69064313,67.61344,4,2025-11-21,20.368333333333332,0.0,62.23833333333334,2.9266666666666663,1.0,172.13166666666666,2025,11,21,233.0,0,India_2004.csv
2025-11-22,2004,175.0,166.0,17.0,7.0,36.0,38.0,0,0,2,2,2,2,11,11,1.2802864887517755,9.291859240829305,12.667835,8.937675,0.442878,68.097305,4,2025-11-22,19.91,0.0,56.48,3.4433333333333334,1.0,254.22333333333336,2025,11,22,175.0,0,India_2004.csv
2025-11-23,2004,194.0,219.0,26.0,7.0,33.0,43.0,0,0,2,2,2,2,11,11,3.2233962706528754,10.430198852223288,12.742529,9.034697,0.7104452,68.68116,4,2025-11-23,19.141666666666666,0.0,57.73666666666667,3.7716666666666665,1.0,290.625,2025,11,23,219.0,0,India_2004.csv
2025-11-24,2004,239.0,177.0,19.0,9.0,32.0,39.0,0,0,2,2,2,2,11,11,3.165088512240034,8.958898280286228,12.652254,8.955616,0.7759706,68.08027,4,2025-11-24,18.21666666666667,0.0,58.20333333333334,3.6350000000000002,1.0,301.205,2025,11,24,239.0,0,India_2004.csv
2025-11-25,2004,218.0,170.0,22.0,9.0,30.0,32.0,0,0,2,2,0,0,11,11,2.764455106686516,7.128965115811898,12.547133,8.828388,0.7459666,67.3116,4,2025-11-25,17.526666666666667,0.0,57.473333333333336,5.5183333333333335,1.0,290.02000000000004,2025,11,25,218.0,0,India_2004.csv
2025-11-26,2004,197.0,160.0,25.0,9.0,34.0,5.0,0,0,2,2,0,0,1,1,2.0935613504317523,1.5909919330643914,11.122927,5.3414493,27.612982,42.916115,4,2025-11-26,17.466666666666665,0.0,57.48499999999999,2.651666666666667,1.0,232.33166666666668,2025,11,26,197.0,0,India_2004.csv
2025-11-27,2004,182.0,212.0,44.0,10.0,27.0,6.0,1,1,0,0,0,0,10,10,4.248149348431785,1.199749287621095,9.271969,7.9483666,58.117657,7.894027,4,2025-11-27,17.55,0.0,61.11166666666667,3.045,1.0,160.05833333333334,2025,11,27,212.0,0,India_2004.csv
2025-11-28,2004,235.0,208.0,46.0,12.0,28.0,17.0,1,1,0,0,0,0,10,10,5.889491397221573,3.51790039577592,10.033511,8.356524,61.811745,30.111574,4,2025-11-28,18.305,0.0,58.995000000000005,5.315,1.0,304.01166666666666,2025,11,28,235.0,0,India_2004.csv
2025-11-29,2004,221.0,132.0,23.0,11.0,26.0,13.0,0,0,2,2,0,0,11,11,2.3494815732709093,1.996540000495504,10.4292145,7.0908017,31.971857,34.776302,4,2025-11-29,18.821666666666665,0.0,51.73833333333334,6.726666666666667,1.0,307.84833333333336,2025,11,29,221.0,0,India_2004.csv
2025-11-30,2004,147.0,131.0,20.0,13.0,33.0,8.0,0,0,2,2,0,0,1,1,1.1472334489972886,1.103380786489206,10.675807,5.431419,23.44808,33.98668,4,2025-11-30,16.986666666666668,0.0,48.324999999999996,6.933333333333334,1.0,287.0133333333333,2025,11,30,147.0,0,India_2004.csv
2025-12-01,2004,154.0,130.0,25.0,10.0,29.0,11.0,0,0,2,2,0,0,1,1,1.0356549380791047,1.8881558342106253,10.642275,5.735955,25.635363,32.319122,4,2025-12-01,16.973333333333333,0.0,53.63166666666667,3.081666666666667,1.0,184.5616666666667,2025,12,1,154.0,0,India_2004.csv
2025-12-02,2004,163.0,280.0,38.0,9.0,30.0,22.0,0,0,2,2,0,0,11,11,4.622493955329481,5.446484833374588,10.57532,7.272483,38.690414,23.150892,4,2025-12-02,18.075,0.0,57.001666666666665,4.085,1.0,248.20333333333335,2025,12,2,280.0,0,India_2004.csv
2025-12-03,2004,222.0,137.0,32.0,5.0,28.0,25.0,0,0,2,2,0,0,11,11,2.1310775694702544,6.004222861027878,11.10861,6.7584596,1.3100698,64.0764,4,2025-12-03,16.133333333333333,0.0,54.22,6.363333333333333,1.0,302.8283333333333,2025,12,3,222.0,0,India_2004.csv
2025-12-04,2004,153.0,137.0,27.0,8.0,32.0,21.0,0,0,2,2,0,0,11,11,1.0648678594440135,4.816206613238844,11.07241,6.7508836,2.4809775,63.25494,4,2025-12-04,15.273333333333333,0.0,54.51166666666666,6.550000000000001,1.0,288.51666666666665,2025,12,4,153.0,0,India_2004.csv
2025-12-05,2004,166.0,150.0,29.0,6.0,34.0,22.0,0,0,2,2,0,0,11,11,1.3078032558314978,5.731425286529761,11.1877165,6.712685,2.4937308,63.398476,4,2025-12-05,15.391666666666666,0.0,55.69333333333333,5.418333333333333,1.0,284.0683333333333,2025,12,5,166.0,0,India_2004.csv
2025-12-06,2004,180.0,156.0,22.0,10.0,33.0,20.0,0,0,2,2,0,0,11,11,1.8930976750214732,4.49028788688785,11.129457,6.7615604,2.6844485,63.334934,4,2025-12-06,16.713333333333335,0.0,51.42166666666666,9.183333333333334,1.0,284.58666666666664,2025,12,6,180.0,0,India_2004.csv
2025-12-07,2004,185.0,146.0,21.0,8.0,34.0,20.0,0,0,2,2,0,0,11,11,1.3560783199746709,4.913658448009464,11.171241,6.694742,2.7187045,63.310318,4,2025-12-07,17.445,0.0,55.653333333333336,8.201666666666666,1.0,283.9316666666667,2025,12,7,185.0,0,India_2004.csv
2025-12-08,2004,178.0,145.0,22.0,8.0,29.0,22.0,0,0,2,2,0,0,11,11,1.2561917304869883,4.765563814486984,11.134245,6.70508,2.4508102,63.42701,4,2025-12-08,18.046666666666667,0.0,51.61666666666667,9.426666666666668,1.0,285.995,2025,12,8,178.0,0,India_2004.csv
2025-12-09,2004,164.0,135.0,22.0,6.0,29.0,23.0,0,0,2,2,0,0,11,11,0.4466820983647735,5.24695210433094,11.202681,6.6912694,2.3172078,63.520176,4,2025-12-09,17.816666666666666,0.0,53.5,9.331666666666667,1.0,285.2583333333333,2025,12,9,164.0,0,India_2004.csv
2025-12-10,2004,161.0,124.0,29.0,2.0,26.0,33.0,0,0,2,2,0,0,11,11,0.05233927566310431,7.790985253752709,11.6479645,6.848831,-0.5248056,66.972145,4,2025-12-10,17.53833333333333,0.0,57.41166666666667,6.265000000000001,1.0,290.11833333333334,2025,12,10,161.0,0,India_2004.csv
2025-12-11,2004,147.0,138.0,25.0,7.0,29.0,31.0,0,0,2,2,0,0,11,11,0.7277187109450043,6.810473205912319,11.581265,6.7992244,-0.65337783,66.69172,4,2025-12-11,17.474999999999998,0.0,61.800000000000004,5.0183333333333335,1.0,280.41833333333335,2025,12,11,147.0,0,India_2004.csv
2025-12-12,2004,161.0,207.0,28.0,9.0,18.0,28.0,0,0,2,2,0,0,11,11,2.5723391161121483,4.952937472615992,11.245952,6.9181223,0.11898281,66.09822,4,2025-12-12,17.238333333333333,0.0,64.63166666666667,2.75,1.0,208.67166666666665,2025,12,12,207.0,0,India_2004.csv
2025-12-13,2004,226.0,361.0,31.0,13.0,18.0,15.0,1,1,0,0,1,1,2,2,7.138830530637431,2.36903352234758,8.963391,9.85667,88.072525,2.343313,4,2025-12-13,17.47,0.0,69.44333333333333,2.1966666666666668,1.0,118.81333333333332,2025,12,13,361.0,0,India_2004.csv
2025-12-14,2004,353.0,323.0,22.0,16.0,16.0,13.0,1,1,0,0,1,1,2,2,8.72836051899931,1.286712156713921,7.7676573,10.729796,97.276634,-12.492885,4,2025-12-14,17.458333333333332,0.0,71.05333333333333,2.2216666666666667,1.0,195.08166666666668,2025,12,14,353.0,0,India_2004.csv
2025-12-15,2004,337.0,228.0,18.0,10.0,26.0,13.0,1,1,0,0,1,1,5,5,5.486088638968194,2.937493793422402,7.595432,9.520882,81.26432,-33.666046,4,2025-12-15,16.613333333333333,0.0,70.48166666666667,6.165,1.0,279.43,2025,12,15,337.0,0,India_2004.csv
2025-12-16,2004,269.0,151.0,17.0,5.0,24.0,14.0,2,2,1,1,0,0,11,11,1.8780593998905886,3.227941072184808,10.164643,7.036203,33.205547,33.424862,4,2025-12-16,17.165000000000003,0.0,69.65833333333335,8.913333333333334,1.0,286.99833333333333,2025,12,16,269.0,0,India_2004.csv
2025-12-17,2004,182.0,155.0,17.0,6.0,22.0,14.0,2,2,1,1,0,0,11,11,0.5112794660056748,2.5921018819971415,10.637841,6.1413965,30.105782,26.608395,4,2025-12-17,16.986666666666665,0.0,69.99166666666666,6.836666666666667,1.0,287.2366666666667,2025,12,17,182.0,0,India_2004.csv
2025-12-18,2004,191.0,226.0,14.0,5.0,9.0,22.0,2,2,1,1,0,0,11,11,1.3739363998047955,3.389214849002613,11.100669,6.7032557,-0.017660256,65.0911,4,2025-12-18,16.323333333333334,0.0,76.645,5.14,1.0,309.215,2025,12,18,226.0,0,India_2004.csv
2025-12-19,2004,252.0,182.0,24.0,6.0,22.0,35.0,0,0,2,2,0,0,11,11,3.0890168189588163,7.5767686694465946,12.630882,8.930472,0.8455134,67.64385,4,2025-12-19,15.418333333333335,0.0,76.64833333333333,5.23,1.0,284.41333333333336,2025,12,19,252.0,0,India_2004.csv
2025-12-20,2004,227.0,204.0,28.0,3.0,5.0,44.0,0,0,2,2,0,0,11,11,2.6192116534529193,8.20788560834919,12.859357,9.12877,0.6462837,69.24714,4,2025-12-20,14.799999999999999,0.0,79.77666666666667,3.6166666666666667,1.0,130.82666666666668,2025,12,20,227.0,0,India_2004.csv
2025-12-21,2004,252.0,193.0,18.0,5.0,7.0,32.0,1,1,0,0,0,0,11,11,2.388897008943885,5.396998956496234,12.58267,8.87955,0.8824544,67.311485,4,2025-12-21,14.674999999999999,0.0,82.93833333333333,3.6533333333333338,1.0,126.74833333333333,2025,12,21,252.0,0,India_2004.csv
2025-12-22,2004,212.0,262.0,19.0,8.0,16.0,32.0,1,1,0,0,0,0,11,11,3.5648091709382914,6.121273973427676,12.587123,8.894471,0.8227639,67.189896,4,2025-12-22,15.471666666666666,0.0,82.95,3.0500000000000003,1.0,220.49166666666667,2025,12,22,262.0,0,India_2004.csv
2025-12-23,2004,251.0,235.0,26.0,5.0,24.0,33.0,0,0,2,2,0,0,11,11,3.8851262640727127,7.8144384203072095,12.62989,8.949442,0.9297095,67.51495,4,2025-12-23,16.846666666666668,0.0,78.1,8.561666666666667,1.0,289.1816666666667,2025,12,23,251.0,0,India_2004.csv
2025-12-24,2004,262.0,102.0,21.0,7.0,21.0,26.0,0,0,2,2,0,0,11,11,1.7918372870945025,4.932501322803614,11.147446,6.815445,0.5456647,64.42172,4,2025-12-24,15.586666666666666,0.0,65.39666666666666,7.816666666666666,1.0,276.7583333333333,2025,12,24,262.0,0,India_2004.csv
2025-12-25,2004,144.0,122.0,24.0,8.0,27.0,31.0,0,0,2,2,0,0,11,11,0.5107629388593923,6.312308279542286,11.594795,6.766378,-0.8516384,66.65017,4,2025-12-25,15.030000000000001,0.0,63.61166666666667,3.9883333333333333,1.0,278.145,2025,12,25,144.0,0,India_2004.csv
2025-12-26,2004,138.0,188.0,25.0,8.0,28.0,21.0,0,0,2,2,0,0,11,11,1.4229301885901762,4.551111131150816,11.082708,6.747612,2.364042,62.991352,4,2025-12-26,15.041666666666666,0.0,70.22333333333334,4.503333333333333,1.0,310.39,2025,12,26,188.0,0,India_2004.csv
2025-12-27,2004,224.0,218.0,30.0,9.0,30.0,12.0,1,1,0,0,0,0,5,5,3.979045300179424,3.068922491202539,9.71739,8.124113,56.1085,38.605984,4,2025-12-27,14.853333333333333,0.0,77.355,4.131666666666667,1.0,290.3333333333333,2025,12,27,224.0,0,India_2004.csv
2025-12-28,2004,257.0,231.0,33.0,11.0,36.0,9.0,1,1,0,0,0,0,5,5,5.459928434551116,2.9257032417579327,8.888803,8.954993,57.972782,40.331623,4,2025-12-28,14.593333333333334,0.0,79.79833333333333,3.3316666666666666,1.0,241.21333333333334,2025,12,28,257.0,0,India_2004.csv
2025-12-29,2004,283.0,225.4,39.6,15.4,19.6,6.4,1,1,0,0,1,1,5,5,7.001926299755648,-0.18150360157966552,8.522796,9.3140545,69.418465,-10.33223,4,2025-12-29,13.821666666666667,0.0,81.50500000000001,3.393333333333333,1.0,276.4433333333333,2025,12,29,283.0,0,India_2004.csv
2025-12-30,2004,149.5822841180519,114.82240580294176,18.75631236617784,9.462042997692214,23.415262436507295,5.553042899900233,2,2,1,1,0,0,1,1,-0.024653403260480163,0.019591619741040827,-6.4701495,3.426655,4.8190203,-27.552046,4,2025-12-30,14.213333333333333,0.0,76.51,4.021666666666667,1.0,249.14166666666665,2025,12,30,149.5822841180519,0,India_2004.csv
2025-12-31,2004,149.5822841180519,114.82240580294176,18.75631236617784,9.462042997692214,23.415262436507295,5.553042899900233,2,2,1,1,0,0,1,1,-0.024653403260480163,0.019591619741040827,-6.2553115,3.1856856,4.8190203,-27.552046,4,2025-12-31,12.955,0.0,86.20166666666667,7.19,1.0,118.04166666666667,2025,12,31,149.5822841180519,0,India_2004.csv
