time,station,PM2_5,PM10,NO2,CO,O3,SO2,Kmeans_3,HDBSCAN_3,Kmeans_4,HDBSCAN_4,Kmeans_6,HDBSCAN_6,Kmeans_12,HDBSCAN_12,PCA1,PCA2,UMAP1,UMAP2,TSNE1,TSNE2,district_id,date,TEMP,PRES,DEWP,WSPM,weather,wind_direction,year,month,day,AQI,RAIN,city
2019-01-01,4005,86.4,38.0,3.0,4.0,18.0,20.0,2,2,1,1,1,1,4,4,1.2325893931456897,-2.3766225570792443,3.5944488,-2.5566065,26.607569,-74.25329,21,2019-01-01,21.2975,0.0,79.595,12.22625,1.0,169.41875,2019,1,1,86.4,0,Peru_4005.csv
2019-01-02,4005,87.0,31.0,3.8,4.0,17.0,19.0,2,2,1,1,1,1,4,4,0.7915685141732125,-2.444285358738898,3.6034484,-2.4571452,26.247728,-74.051414,21,2019-01-02,21.60875,0.0,77.335,12.69375,1.0,172.34875,2019,1,2,87.0,0,Peru_4005.csv
2019-01-03,4005,97.6,29.0,5.0,4.0,16.0,20.0,2,2,1,1,4,4,4,4,1.3505300129009277,-1.814940902907046,3.5869832,-2.4891474,25.787882,-74.25779,21,2019-01-03,21.30875,0.0,78.94375,10.72375,1.0,202.5525,2019,1,3,97.6,0,Peru_4005.csv
2019-01-04,4005,75.2,31.0,11.0,13.2,11.8,4.4,2,2,1,1,4,4,9,9,-0.5281647815451772,-0.19478337919017313,4.3974404,1.3266151,2.4256976,-21.045307,21,2019-01-04,22.26375,0.0,76.16875,9.997499999999999,1.0,205.41625,2019,1,4,75.2,0,Peru_4005.csv
2019-01-05,4005,76.26329315845445,39.0951871657754,11.939310035171744,12.942866095675788,8.522758485383559,9.978580024067387,2,2,1,1,4,4,9,9,0.03549621024003731,-0.08868490030010638,18.612572,0.7072412,-13.194237,61.20619,21,2019-01-05,22.585,0.0,76.06875,10.78125,1.0,185.3375,2019,1,5,76.26329315845445,0,Peru_4005.csv
2019-01-06,4005,76.26329315845445,39.0951871657754,11.939310035171744,12.942866095675788,8.522758485383559,9.978580024067387,2,2,1,1,4,4,9,9,0.03549621024003731,-0.08868490030010638,19.132278,0.8837791,-13.194237,61.20619,21,2019-01-06,22.009999999999998,0.0,76.27125,8.8225,1.0,185.635,2019,1,6,76.26329315845445,0,Peru_4005.csv
2019-01-07,4005,76.26329315845445,39.0951871657754,11.939310035171744,12.942866095675788,8.522758485383559,9.978580024067387,2,2,1,1,4,4,9,9,0.03549621024003731,-0.08868490030010638,18.60566,0.3319587,-13.194237,61.20619,21,2019-01-07,22.4225,0.0,73.56875,8.22875,1.0,195.9275,2019,1,7,76.26329315845445,0,Peru_4005.csv
2019-01-08,4005,76.26329315845445,39.0951871657754,11.939310035171744,12.942866095675788,8.522758485383559,9.978580024067387,2,2,1,1,4,4,9,9,0.03549621024003731,-0.08868490030010638,19.86297,-0.03449047,-13.194237,61.20619,21,2019-01-08,22.42375,0.0,78.25,9.81875,1.0,182.605,2019,1,8,76.26329315845445,0,Peru_4005.csv
2019-01-09,4005,76.26329315845445,39.0951871657754,11.939310035171744,12.942866095675788,8.522758485383559,9.978580024067387,2,2,1,1,4,4,9,9,0.03549621024003731,-0.08868490030010638,18.613367,-0.7710501,-13.194237,61.20619,21,2019-01-09,23.865,0.0,70.95375,11.1375,1.0,171.19625000000002,2019,1,9,76.26329315845445,0,Peru_4005.csv
2019-01-10,4005,76.26329315845445,39.0951871657754,11.939310035171744,12.942866095675788,8.522758485383559,9.978580024067387,2,2,1,1,4,4,9,9,0.03549621024003731,-0.08868490030010638,19.30479,0.16946556,-13.194237,61.20619,21,2019-01-10,23.17125,0.0,74.9,11.0625,1.0,178.02,2019,1,10,76.26329315845445,0,Peru_4005.csv
2019-01-11,4005,76.26329315845445,39.0951871657754,11.939310035171744,12.942866095675788,8.522758485383559,9.978580024067387,2,2,1,1,4,4,9,9,0.03549621024003731,-0.08868490030010638,18.750252,-0.58196074,-13.194237,61.20619,21,2019-01-11,23.5825,0.0,70.16625,10.42375,1.0,172.10375,2019,1,11,76.26329315845445,0,Peru_4005.csv
2019-01-12,4005,76.26329315845445,39.0951871657754,11.939310035171744,12.942866095675788,8.522758485383559,9.978580024067387,2,2,1,1,4,4,9,9,0.03549621024003731,-0.08868490030010638,18.53759,0.3647879,-13.194237,61.20619,21,2019-01-12,23.526249999999997,0.0,74.94125,14.2225,1.0,170.50125,2019,1,12,76.26329315845445,0,Peru_4005.csv
2019-01-13,4005,76.26329315845445,39.0951871657754,11.939310035171744,12.942866095675788,8.522758485383559,9.978580024067387,2,2,1,1,4,4,9,9,0.03549621024003731,-0.08868490030010638,18.806599,0.6060639,-13.194237,61.20619,21,2019-01-13,22.49,0.0,81.61875,13.8,1.0,177.27625,2019,1,13,76.26329315845445,0,Peru_4005.csv
2019-01-14,4005,76.26329315845445,39.0951871657754,11.939310035171744,12.942866095675788,8.522758485383559,9.978580024067387,2,2,1,1,4,4,9,9,0.03549621024003731,-0.08868490030010638,18.957802,0.10316614,-13.194237,61.20619,21,2019-01-14,22.2075,0.0,80.46,12.79625,1.0,179.4025,2019,1,14,76.26329315845445,0,Peru_4005.csv
2019-01-15,4005,76.26329315845445,39.0951871657754,11.939310035171744,12.942866095675788,8.522758485383559,9.978580024067387,2,2,1,1,4,4,9,9,0.03549621024003731,-0.08868490030010638,18.822886,-0.38518646,-13.194237,61.20619,21,2019-01-15,22.3175,0.0,80.09375,10.33375,1.0,187.83375,2019,1,15,76.26329315845445,0,Peru_4005.csv
2019-01-16,4005,76.26329315845445,39.0951871657754,11.939310035171744,12.942866095675788,8.522758485383559,9.978580024067387,2,2,1,1,4,4,9,9,0.03549621024003731,-0.08868490030010638,18.125116,-0.16588551,-13.194237,61.20619,21,2019-01-16,22.2,0.0,82.345,11.405000000000001,1.0,182.135,2019,1,16,76.26329315845445,0,Peru_4005.csv
2019-01-17,4005,76.26329315845445,39.0951871657754,11.939310035171744,12.942866095675788,8.522758485383559,9.978580024067387,2,2,1,1,4,4,9,9,0.03549621024003731,-0.08868490030010638,19.372677,-0.6307216,-13.194237,61.20619,21,2019-01-17,21.3325,0.0,86.4925,10.01,1.0,187.64,2019,1,17,76.26329315845445,0,Peru_4005.csv
2019-01-18,4005,76.26329315845445,39.0951871657754,11.939310035171744,12.942866095675788,8.522758485383559,9.978580024067387,2,2,1,1,4,4,9,9,0.03549621024003731,-0.08868490030010638,19.085112,-0.85763234,-13.194237,61.20619,21,2019-01-18,21.5425,0.0,81.9275,10.24875,1.0,180.3475,2019,1,18,76.26329315845445,0,Peru_4005.csv
2019-01-19,4005,76.26329315845445,39.0951871657754,11.939310035171744,12.942866095675788,8.522758485383559,9.978580024067387,2,2,1,1,4,4,9,9,0.03549621024003731,-0.08868490030010638,19.529984,-0.29247895,-13.194237,61.20619,21,2019-01-19,22.369999999999997,0.0,80.37375,7.41625,1.0,194.20375,2019,1,19,76.26329315845445,0,Peru_4005.csv
2019-01-20,4005,76.26329315845445,39.0951871657754,11.939310035171744,12.942866095675788,8.522758485383559,9.978580024067387,2,2,1,1,4,4,9,9,0.03549621024003731,-0.08868490030010638,19.621086,-0.29210633,-13.194237,61.20619,21,2019-01-20,22.18,0.0,80.08875,9.205,1.0,181.60875,2019,1,20,76.26329315845445,0,Peru_4005.csv
2019-01-21,4005,76.26329315845445,39.0951871657754,11.939310035171744,12.942866095675788,8.522758485383559,9.978580024067387,2,2,1,1,4,4,9,9,0.03549621024003731,-0.08868490030010638,18.9056,-0.5119394,-13.194237,61.20619,21,2019-01-21,22.2975,0.0,79.4725,10.845,1.0,177.35875,2019,1,21,76.26329315845445,0,Peru_4005.csv
2019-01-22,4005,76.26329315845445,39.0951871657754,11.939310035171744,12.942866095675788,8.522758485383559,9.978580024067387,2,2,1,1,4,4,9,9,0.03549621024003731,-0.08868490030010638,19.859106,-0.0419317,-13.194237,61.20619,21,2019-01-22,23.04375,0.0,75.95875,9.2125,1.0,188.105,2019,1,22,76.26329315845445,0,Peru_4005.csv
2019-01-23,4005,76.26329315845445,39.0951871657754,11.939310035171744,12.942866095675788,8.522758485383559,9.978580024067387,2,2,1,1,4,4,9,9,0.03549621024003731,-0.08868490030010638,18.509459,0.06364169,-13.194237,61.20619,21,2019-01-23,23.3275,0.0,74.33,10.435,1.0,189.46375,2019,1,23,76.26329315845445,0,Peru_4005.csv
2019-01-24,4005,76.26329315845445,39.0951871657754,11.939310035171744,12.942866095675788,8.522758485383559,9.978580024067387,2,2,1,1,4,4,9,9,0.03549621024003731,-0.08868490030010638,19.074331,-0.08120151,-13.194237,61.20619,21,2019-01-24,23.005,0.0,79.455,10.52875,1.0,181.135,2019,1,24,76.26329315845445,0,Peru_4005.csv
2019-01-25,4005,76.26329315845445,39.0951871657754,11.939310035171744,12.942866095675788,8.522758485383559,9.978580024067387,2,2,1,1,4,4,9,9,0.03549621024003731,-0.08868490030010638,18.648472,-0.12061988,-13.194237,61.20619,21,2019-01-25,23.08,0.0,81.88,9.2675,1.0,185.6975,2019,1,25,76.26329315845445,0,Peru_4005.csv
2019-01-26,4005,76.26329315845445,39.0951871657754,11.939310035171744,12.942866095675788,8.522758485383559,9.978580024067387,2,2,1,1,4,4,9,9,0.03549621024003731,-0.08868490030010638,18.13276,-0.25402462,-13.194237,61.20619,21,2019-01-26,23.7625,0.0,76.49,10.8475,1.0,174.1875,2019,1,26,76.26329315845445,0,Peru_4005.csv
2019-01-27,4005,76.26329315845445,39.0951871657754,11.939310035171744,12.942866095675788,8.522758485383559,9.978580024067387,2,2,1,1,4,4,9,9,0.03549621024003731,-0.08868490030010638,19.589018,-0.25271094,-13.194237,61.20619,21,2019-01-27,23.275,0.0,80.18875,9.09,1.0,197.81,2019,1,27,76.26329315845445,0,Peru_4005.csv
2019-01-28,4005,76.26329315845445,39.0951871657754,11.939310035171744,12.942866095675788,8.522758485383559,9.978580024067387,2,2,1,1,4,4,9,9,0.03549621024003731,-0.08868490030010638,19.11955,0.9287442,-13.194237,61.20619,21,2019-01-28,24.1825,0.0,73.00625,8.71625,1.0,206.2075,2019,1,28,76.26329315845445,0,Peru_4005.csv
2019-01-29,4005,76.26329315845445,39.0951871657754,11.939310035171744,12.942866095675788,8.522758485383559,9.978580024067387,2,2,1,1,4,4,9,9,0.03549621024003731,-0.08868490030010638,18.365414,-0.07208404,-13.194237,61.20619,21,2019-01-29,24.615,0.0,68.70750000000001,9.19375,1.0,175.355,2019,1,29,76.26329315845445,0,Peru_4005.csv
2019-01-30,4005,76.26329315845445,39.0951871657754,11.939310035171744,12.942866095675788,8.522758485383559,9.978580024067387,2,2,1,1,4,4,9,9,0.03549621024003731,-0.08868490030010638,18.027193,-0.5816126,-13.194237,61.20619,21,2019-01-30,25.23375,0.0,68.42125,10.44,1.0,179.96375,2019,1,30,76.26329315845445,0,Peru_4005.csv
2019-01-31,4005,76.26329315845445,39.0951871657754,11.939310035171744,12.942866095675788,8.522758485383559,9.978580024067387,2,2,1,1,4,4,9,9,0.03549621024003731,-0.08868490030010638,18.176573,0.6361356,-13.194237,61.20619,21,2019-01-31,23.9075,0.0,77.49625,10.6875,1.0,186.5675,2019,1,31,76.26329315845445,0,Peru_4005.csv
2019-02-01,4005,76.26329315845445,39.0951871657754,11.939310035171744,12.942866095675788,8.522758485383559,9.978580024067387,2,2,1,1,4,4,9,9,0.03549621024003731,-0.08868490030010638,18.296907,-0.7617328,-13.194237,61.20619,21,2019-02-01,25.544999999999998,0.0,65.82875,8.4425,1.0,212.9225,2019,2,1,76.26329315845445,0,Peru_4005.csv
2019-02-02,4005,76.26329315845445,39.0951871657754,11.939310035171744,12.942866095675788,8.522758485383559,9.978580024067387,2,2,1,1,4,4,9,9,0.03549621024003731,-0.08868490030010638,19.17734,-0.0034031894,-13.194237,61.20619,21,2019-02-02,24.4425,0.0,74.5775,9.73625,1.0,194.3025,2019,2,2,76.26329315845445,0,Peru_4005.csv
2019-02-03,4005,76.26329315845445,39.0951871657754,11.939310035171744,12.942866095675788,8.522758485383559,9.978580024067387,2,2,1,1,4,4,9,9,0.03549621024003731,-0.08868490030010638,19.318054,0.011251455,-13.194237,61.20619,21,2019-02-03,24.13375,0.0,78.225,11.44,1.0,190.37875,2019,2,3,76.26329315845445,0,Peru_4005.csv
2019-02-04,4005,76.26329315845445,39.0951871657754,11.939310035171744,12.942866095675788,8.522758485383559,9.978580024067387,2,2,1,1,4,4,9,9,0.03549621024003731,-0.08868490030010638,18.89381,-1.0459206,-13.194237,61.20619,21,2019-02-04,24.16375,0.0,79.89375,10.42875,1.0,200.21375,2019,2,4,76.26329315845445,0,Peru_4005.csv
2019-02-05,4005,76.26329315845445,39.0951871657754,11.939310035171744,12.942866095675788,8.522758485383559,9.978580024067387,2,2,1,1,4,4,9,9,0.03549621024003731,-0.08868490030010638,19.668537,0.3803439,-13.194237,61.20619,21,2019-02-05,24.8225,0.0,77.7275,7.5975,1.0,203.30625,2019,2,5,76.26329315845445,0,Peru_4005.csv
2019-02-06,4005,76.26329315845445,39.0951871657754,11.939310035171744,12.942866095675788,8.522758485383559,9.978580024067387,2,2,1,1,4,4,9,9,0.03549621024003731,-0.08868490030010638,18.625542,0.25278986,-13.194237,61.20619,21,2019-02-06,24.71,0.0,78.4575,7.640000000000001,1.0,211.90625,2019,2,6,76.26329315845445,0,Peru_4005.csv
2019-02-07,4005,76.26329315845445,39.0951871657754,11.939310035171744,12.942866095675788,8.522758485383559,9.978580024067387,2,2,1,1,4,4,9,9,0.03549621024003731,-0.08868490030010638,18.522682,-0.36053798,-13.194237,61.20619,21,2019-02-07,24.6925,0.0,78.24,10.77375,1.0,175.12,2019,2,7,76.26329315845445,0,Peru_4005.csv
2019-02-08,4005,76.26329315845445,39.0951871657754,11.939310035171744,12.942866095675788,8.522758485383559,9.978580024067387,2,2,1,1,4,4,9,9,0.03549621024003731,-0.08868490030010638,18.47171,-1.1198714,-13.194237,61.20619,21,2019-02-08,24.09875,0.0,82.21375,11.5825,1.0,177.79874999999998,2019,2,8,76.26329315845445,0,Peru_4005.csv
2019-02-09,4005,76.26329315845445,39.0951871657754,11.939310035171744,12.942866095675788,8.522758485383559,9.978580024067387,2,2,1,1,4,4,9,9,0.03549621024003731,-0.08868490030010638,19.90261,0.02084018,-13.194237,61.20619,21,2019-02-09,24.740000000000002,0.0,78.385,12.34375,1.0,165.83875,2019,2,9,76.26329315845445,0,Peru_4005.csv
2019-02-10,4005,76.26329315845445,39.0951871657754,11.939310035171744,12.942866095675788,8.522758485383559,9.978580024067387,2,2,1,1,4,4,9,9,0.03549621024003731,-0.08868490030010638,19.724987,-0.25185367,-13.194237,61.20619,21,2019-02-10,24.44625,0.0,78.88,13.38625,1.0,172.65,2019,2,10,76.26329315845445,0,Peru_4005.csv
2019-02-11,4005,76.26329315845445,39.0951871657754,11.939310035171744,12.942866095675788,8.522758485383559,9.978580024067387,2,2,1,1,4,4,9,9,0.03549621024003731,-0.08868490030010638,18.515686,-0.8372542,-13.194237,61.20619,21,2019-02-11,24.4525,0.0,80.6025,9.38625,1.0,193.16125,2019,2,11,76.26329315845445,0,Peru_4005.csv
2019-02-12,4005,104.8,65.4,9.0,9.0,4.0,27.0,0,0,3,3,5,5,10,10,2.8611174959031334,1.3701083684491648,2.225918,-3.978892,62.072968,-2.2790496,21,2019-02-12,24.455,0.0,77.155,7.3125,1.0,213.85375,2019,2,12,104.8,0,Peru_4005.csv
2019-02-13,4005,74.4,43.8,3.0,7.0,3.0,21.0,2,2,1,1,1,1,4,4,-1.6615668603624778,-0.9828613382101314,1.9012432,-4.8584547,-5.1279883,-87.1793,21,2019-02-13,24.325,0.0,77.95375,7.49875,1.0,245.75625,2019,2,13,74.4,0,Peru_4005.csv
2019-02-14,4005,80.0,49.2,8.0,6.0,4.0,20.0,2,2,1,1,1,1,4,4,-0.0025125041448965948,-0.49527391220900685,1.9878314,-4.276254,-2.537337,-84.84475,21,2019-02-14,24.30625,0.0,82.05125,10.54625,1.0,194.78625,2019,2,14,80.0,0,Peru_4005.csv
2019-02-15,4005,79.4,46.8,7.0,7.0,3.0,21.0,2,2,1,1,1,1,4,4,-0.4505285655620608,-0.5692740836993975,1.9869763,-4.2735023,-2.5765142,-85.00145,21,2019-02-15,24.3375,0.0,80.2925,8.86375,1.0,200.745,2019,2,15,79.4,0,Peru_4005.csv
2019-02-16,4005,76.6,32.4,8.8,6.0,3.0,20.0,2,2,1,1,1,1,4,4,-1.0572066091615173,-1.4776896054056765,2.4155061,-4.4067025,-21.997387,-74.438705,21,2019-02-16,24.66,0.0,76.22,11.21125,1.0,173.53125,2019,2,16,76.6,0,Peru_4005.csv
2019-02-17,4005,75.6,51.8,6.0,5.0,3.0,20.0,2,2,1,1,1,1,4,4,-0.6686521900133837,-0.5815239366854148,1.9596167,-4.3761997,-2.870905,-85.05758,21,2019-02-17,23.892500000000002,0.0,78.66,12.3025,1.0,178.13875000000002,2019,2,17,75.6,0,Peru_4005.csv
2019-02-18,4005,55.6,26.6,3.0,6.0,3.0,21.0,2,2,1,1,1,1,4,4,-3.46294739522206,-3.279366982351484,1.4825435,-5.189719,-16.776619,-89.53267,21,2019-02-18,24.69375,0.0,72.43625,11.3275,1.0,179.49375,2019,2,18,55.6,0,Peru_4005.csv
2019-02-19,4005,88.0,30.8,1.0,6.0,3.0,23.0,2,2,2,2,1,1,4,4,-1.9133258235880541,-0.9415679696330964,1.8731568,-4.873209,-2.9201672,-90.85588,21,2019-02-19,24.875,0.0,73.67625,9.9925,1.0,189.04375,2019,2,19,88.0,0,Peru_4005.csv
2019-02-20,4005,59.8,38.0,3.0,6.0,3.0,22.0,2,2,2,2,1,1,4,4,-2.5797491606303615,-2.5376462263653123,1.8865225,-5.213669,-11.182939,-90.76553,21,2019-02-20,25.845,0.0,64.69875,11.685,1.0,169.08875,2019,2,20,59.8,0,Peru_4005.csv
2019-02-21,4005,78.2,36.0,18.0,6.0,3.0,24.0,2,2,1,1,4,4,4,4,1.4330013523949146,-1.9440339741275416,3.2657156,-3.955755,13.528649,-64.517235,21,2019-02-21,25.63625,0.0,61.385,12.1125,1.0,165.76125,2019,2,21,78.2,0,Peru_4005.csv
2019-02-22,4005,75.6,51.8,6.0,5.0,3.0,20.0,2,2,1,1,1,1,4,4,-0.6686521900133837,-0.5815239366854148,1.9691522,-4.423395,-2.8709056,-85.057396,21,2019-02-22,24.439999999999998,0.0,73.24125,12.06,1.0,184.81625,2019,2,22,75.6,0,Peru_4005.csv
2019-02-23,4005,72.2,34.4,1.0,5.0,3.0,20.0,2,2,1,1,1,1,4,4,-2.7543792815917625,-1.5765146764830182,1.4389867,-4.7408133,-6.399566,-91.91918,21,2019-02-23,23.505,0.0,73.9,11.205,1.0,225.31125,2019,2,23,72.2,0,Peru_4005.csv
2019-02-24,4005,63.8,38.8,4.0,5.0,3.0,21.0,2,2,1,1,1,1,4,4,-2.2316463195383056,-2.171987083501713,1.9333471,-5.011966,-10.922174,-90.60071,21,2019-02-24,23.291249999999998,0.0,79.35875,9.67875,1.0,220.9125,2019,2,24,63.8,0,Peru_4005.csv
2019-02-25,4005,83.6,47.8,7.0,7.0,3.0,22.0,2,2,1,1,1,1,4,4,-0.10775032983743128,-0.3489476193791498,2.0172307,-4.2454305,-2.290344,-85.0705,21,2019-02-25,24.9425,0.0,68.60375,10.01,1.0,182.5475,2019,2,25,83.6,0,Peru_4005.csv
2019-02-26,4005,79.0,52.6,8.0,6.0,3.0,23.0,2,2,2,2,1,1,4,4,0.21042345172118251,-0.6730669058352399,2.0019233,-4.34641,-2.3680866,-84.996254,21,2019-02-26,24.22,0.0,72.55125000000001,10.44125,1.0,173.9325,2019,2,26,79.0,0,Peru_4005.csv
2019-02-27,4005,88.8,38.0,21.0,7.0,3.0,27.0,1,1,2,2,4,4,4,4,2.9250144030228777,-1.4788749581671787,3.2536638,-3.9209049,19.730371,-64.55142,21,2019-02-27,24.990000000000002,0.0,68.04,9.91,1.0,188.76625,2019,2,27,88.8,0,Peru_4005.csv
2019-02-28,4005,78.4,52.0,7.0,7.0,3.0,25.0,2,2,2,2,3,3,4,4,0.12496754917420734,-0.9164220802578869,2.013787,-4.544903,-2.3190997,-85.28189,21,2019-02-28,24.833750000000002,0.0,69.70875,9.75875,1.0,187.28875,2019,2,28,78.4,0,Peru_4005.csv
2019-03-01,4005,84.2,45.2,10.0,6.0,3.0,24.0,2,2,2,2,3,3,4,4,0.5719812978251446,-0.8508651957318413,2.2065318,-4.147903,-1.3830285,-84.78307,21,2019-03-01,24.715,0.0,69.80625,10.45625,1.0,194.7125,2019,3,1,84.2,0,Peru_4005.csv
2019-03-02,4005,71.0,34.2,1.0,6.0,3.0,22.0,2,2,2,2,1,1,4,4,-2.6444341061595837,-1.8679490913665904,1.5368825,-4.914288,-6.6006913,-91.97195,21,2019-03-02,24.8975,0.0,68.14625,11.525,1.0,175.23250000000002,2019,3,2,71.0,0,Peru_4005.csv
2019-03-03,4005,61.4,43.8,2.0,5.0,3.0,21.0,2,2,2,2,1,1,4,4,-2.4945827285338456,-2.04566991911037,1.9158797,-5.1167784,-11.1765995,-90.74296,21,2019-03-03,24.19875,0.0,71.19875,10.40125,1.0,191.72,2019,3,3,61.4,0,Peru_4005.csv
2019-03-04,4005,65.6,41.6,7.0,6.0,3.0,22.0,2,2,1,1,1,1,4,4,-1.2989722611864496,-2.036063344217795,2.0131135,-4.9341435,-7.0600357,-86.08138,21,2019-03-04,23.6925,0.0,73.52,9.43125,1.0,206.0575,2019,3,4,65.6,0,Peru_4005.csv
2019-03-05,4005,65.8,43.6,6.0,6.0,3.0,22.0,2,2,2,2,1,1,4,4,-1.388941088879508,-1.8966200444971428,1.9771676,-4.953894,-7.050167,-86.1807,21,2019-03-05,24.287499999999998,0.0,69.74625,7.7299999999999995,1.0,205.22,2019,3,5,65.8,0,Peru_4005.csv
2019-03-06,4005,101.4,40.0,16.0,7.0,3.0,22.0,0,0,3,3,5,5,4,4,2.1767320260155083,0.3263544639131952,2.6125493,-3.5318742,57.94789,-3.9067044,21,2019-03-06,23.79875,0.0,74.715,9.22375,1.0,186.20875,2019,3,6,101.4,0,Peru_4005.csv
2019-03-07,4005,65.8,43.6,6.0,6.0,3.0,22.0,2,2,2,2,1,1,4,4,-1.388941088879508,-1.8966200444971428,1.9764601,-4.9451914,-7.050195,-86.180626,21,2019-03-07,24.11125,0.0,76.26625,10.28125,1.0,188.1675,2019,3,7,65.8,0,Peru_4005.csv
2019-03-08,4005,65.8,43.6,6.0,6.0,3.0,22.0,2,2,2,2,1,1,4,4,-1.388941088879508,-1.8966200444971428,1.9797989,-4.9518127,-7.0497127,-86.18178,21,2019-03-08,24.61125,0.0,73.24125,10.84375,1.0,173.895,2019,3,8,65.8,0,Peru_4005.csv
2019-03-09,4005,55.6,26.6,3.0,6.0,3.0,21.0,2,2,1,1,1,1,4,4,-3.46294739522206,-3.279366982351484,1.4829084,-5.178106,-16.77649,-89.53214,21,2019-03-09,23.97875,0.0,74.5425,10.375,1.0,193.9725,2019,3,9,55.6,0,Peru_4005.csv
2019-03-10,4005,71.0,34.2,1.0,6.0,3.0,22.0,2,2,2,2,1,1,4,4,-2.6444341061595837,-1.8679490913665904,1.5246112,-4.901027,-6.6006913,-91.97195,21,2019-03-10,24.17625,0.0,74.4375,10.32625,1.0,177.38,2019,3,10,71.0,0,Peru_4005.csv
2019-03-11,4005,91.0,52.6,9.0,6.0,3.0,24.0,0,0,2,2,5,5,4,4,1.0807399709005,0.03710314740485411,2.2365637,-4.1107526,-0.4719894,-84.86595,21,2019-03-11,24.466250000000002,0.0,71.80375,10.0725,1.0,180.72875,2019,3,11,91.0,0,Peru_4005.csv
2019-03-12,4005,49.0,37.2,15.0,6.0,4.0,30.0,1,1,2,2,3,3,4,4,0.18817245951951225,-4.852601493438219,3.2498927,-4.8699756,9.364492,-81.226166,21,2019-03-12,24.23125,0.0,72.615,9.07375,1.0,190.1875,2019,3,12,49.0,0,Peru_4005.csv
2019-03-13,4005,85.4,55.2,7.0,6.0,3.0,5.4,2,2,1,1,5,5,11,11,-1.1048647645750689,2.3012847088862713,1.5583793,2.1199667,-3.4612162,23.772877,21,2019-03-13,24.017500000000002,0.0,74.37125,7.8575,1.0,213.2975,2019,3,13,85.4,0,Peru_4005.csv
2019-03-14,4005,89.2,39.0,11.0,7.0,3.0,15.8,2,2,1,1,4,4,9,9,-0.02886516563614418,0.3464432075572392,1.902984,-3.112078,3.376246,-45.10402,21,2019-03-14,23.38625,0.0,77.80625,8.1425,1.0,201.81375,2019,3,14,89.2,0,Peru_4005.csv
2019-03-15,4005,82.6,57.0,8.0,6.0,5.0,11.4,2,2,1,1,5,5,11,11,-0.05121798572215235,1.1094826851949493,0.7248011,-1.8329458,-43.82437,21.970747,21,2019-03-15,23.40625,0.0,77.44875,10.005,1.0,191.115,2019,3,15,82.6,0,Peru_4005.csv
2019-03-16,4005,85.4,55.2,7.0,6.0,3.0,5.4,2,2,1,1,5,5,11,11,-1.1048647645750689,2.3012847088862713,1.5862695,2.1075017,-3.4612691,23.772808,21,2019-03-16,23.365,0.0,78.17125,9.436250000000001,1.0,191.5775,2019,3,16,85.4,0,Peru_4005.csv
2019-03-17,4005,65.2,36.8,4.0,5.0,3.0,7.0,2,2,1,1,1,1,3,3,-3.5052960124681527,-0.29682485986613044,3.4615111,4.540011,-56.961464,5.787779,21,2019-03-17,23.017500000000002,0.0,77.8375,10.28625,1.0,193.08125,2019,3,17,65.2,0,Peru_4005.csv
2019-03-18,4005,92.4,33.0,10.0,5.0,3.0,9.6,2,2,1,1,4,4,9,9,-0.940714644951005,0.9855638399718988,1.0081595,3.2784326,-12.935225,-0.049656797,21,2019-03-18,22.92625,0.0,78.71875,10.24,1.0,183.1675,2019,3,18,92.4,0,Peru_4005.csv
2019-03-19,4005,101.2,36.0,14.0,5.0,3.0,14.0,0,0,3,3,4,4,9,9,0.8423216516709371,1.085252375623974,-0.99895465,1.9916623,53.065495,29.72281,21,2019-03-19,22.521250000000002,0.0,79.96375,8.27875,1.0,213.84875,2019,3,19,101.2,0,Peru_4005.csv
2019-03-20,4005,91.0,44.8,12.0,6.0,3.0,9.8,2,2,1,1,4,4,11,11,0.03115492985425467,1.4728195452826764,0.49445817,2.4938245,7.311758,10.6416855,21,2019-03-20,22.54875,0.0,77.4075,10.06375,1.0,188.5475,2019,3,20,91.0,0,Peru_4005.csv
2019-03-21,4005,91.0,44.8,12.0,6.0,3.0,9.8,2,2,1,1,4,4,11,11,0.03115492985425467,1.4728195452826764,0.49050277,2.5187771,7.3117647,10.641718,21,2019-03-21,22.30375,0.0,76.3125,10.06,1.0,195.45875,2019,3,21,91.0,0,Peru_4005.csv
2019-03-22,4005,105.2,23.6,14.0,6.0,3.0,3.2,2,2,1,1,4,4,7,7,-0.562201461101577,2.2720751208981,-1.1986563,2.1376314,53.677563,32.88437,21,2019-03-22,22.24375,0.0,74.29875,10.19125,1.0,184.1525,2019,3,22,105.2,0,Peru_4005.csv
2019-03-23,4005,102.0,53.6,13.0,5.0,3.0,41.0,1,1,2,2,3,3,8,8,3.9779391046312953,-1.5640707365339894,3.257708,-6.9740615,26.163008,-88.26479,21,2019-03-23,22.5225,0.0,73.01,9.72,1.0,182.92125,2019,3,23,102.0,0,Peru_4005.csv
2019-03-24,4005,82.8,10.8,3.0,5.0,3.0,21.0,2,2,1,1,1,1,4,4,-2.974345550549575,-2.175556455320531,1.8246553,-5.2059016,-5.2121215,-93.34283,21,2019-03-24,22.16375,0.0,75.52125,11.03875,1.0,182.40375,2019,3,24,82.8,0,Peru_4005.csv
2019-03-25,4005,65.2,36.8,4.0,5.0,3.0,7.0,2,2,1,1,1,1,3,3,-3.5052960124681527,-0.29682485986613044,3.4508035,4.493654,-56.96053,5.7877345,21,2019-03-25,21.68625,0.0,78.58375,11.11,1.0,177.03125,2019,3,25,65.2,0,Peru_4005.csv
2019-03-26,4005,92.4,33.0,10.0,5.0,3.0,9.6,2,2,1,1,4,4,9,9,-0.940714644951005,0.9855638399718988,0.97453135,3.2654977,-12.935186,-0.049612142,21,2019-03-26,21.445,0.0,79.4825,9.745,1.0,197.605,2019,3,26,92.4,0,Peru_4005.csv
2019-03-27,4005,105.2,23.6,14.0,6.0,3.0,3.2,2,2,1,1,4,4,7,7,-0.562201461101577,2.2720751208981,-1.1620448,2.1237657,53.677563,32.88437,21,2019-03-27,22.05625,0.0,76.50375,8.07625,1.0,192.0325,2019,3,27,105.2,0,Peru_4005.csv
2019-03-28,4005,90.8,46.2,5.0,7.0,3.0,18.8,2,2,1,1,5,5,4,4,-0.5337081589788003,0.5698289865371985,1.7981163,-3.8212996,-38.81255,23.590279,21,2019-03-28,22.455,0.0,76.895,8.405,1.0,191.345,2019,3,28,90.8,0,Peru_4005.csv
2019-03-29,4005,87.6,26.8,17.4,6.0,3.0,16.2,2,2,1,1,4,4,7,7,0.5966034145292015,-0.6658154440260672,3.3927202,-3.5355284,22.20012,-50.408283,21,2019-03-29,22.298750000000002,0.0,77.24875,8.6525,1.0,198.615,2019,3,29,87.6,0,Peru_4005.csv
2019-03-30,4005,87.6,26.8,17.4,6.0,3.0,16.2,2,2,1,1,4,4,7,7,0.5966034145292015,-0.6658154440260672,3.3769834,-3.5404716,22.200108,-50.408905,21,2019-03-30,22.7975,0.0,73.4375,9.94625,1.0,187.81875,2019,3,30,87.6,0,Peru_4005.csv
2019-03-31,4005,61.0,16.4,9.0,5.0,3.0,30.6,1,1,2,2,3,3,4,4,-1.6645415316034284,-4.906257717577027,2.9669669,-5.141997,9.168706,-86.781815,21,2019-03-31,22.47375,0.0,75.10875,11.16625,1.0,201.00875,2019,3,31,61.0,0,Peru_4005.csv
2019-04-01,4005,76.26329315845445,39.0951871657754,11.939310035171744,12.942866095675788,8.522758485383559,9.978580024067387,2,2,1,1,4,4,9,9,0.03549621024003731,-0.08868490030010638,18.95864,-0.10676484,-13.194237,61.20619,21,2019-04-01,21.31375,0.0,78.75875,11.965,1.0,207.595,2019,4,1,76.26329315845445,0,Peru_4005.csv
2019-04-02,4005,66.4,44.0,10.4,4.0,3.0,2.8,2,2,1,1,1,1,3,3,-2.143283812591079,0.4819892197555235,2.6345177,3.4308026,-26.51369,-9.951273,21,2019-04-02,20.9525,0.0,79.41125,8.775,1.0,201.87625,2019,4,2,66.4,0,Peru_4005.csv
2019-04-03,4005,61.0,16.4,9.0,5.0,3.0,30.6,1,1,2,2,3,3,4,4,-1.6645415316034284,-4.906257717577027,2.939002,-5.1579456,9.168706,-86.781815,21,2019-04-03,21.43875,0.0,80.10875,9.19125,1.0,186.68125,2019,4,3,61.0,0,Peru_4005.csv
2019-04-04,4005,77.8,40.6,7.0,5.0,3.0,100.0,1,1,2,2,3,3,8,8,6.128669769981376,-11.717474339841253,3.677568,-8.209842,41.477585,-99.29409,21,2019-04-04,21.576249999999998,0.0,81.915,10.438749999999999,1.0,175.6775,2019,4,4,100.0,0,Peru_4005.csv
2019-04-05,4005,84.0,37.2,40.0,6.0,6.0,51.0,1,1,0,0,3,3,0,0,9.180712926446091,-5.998801888361341,-0.5026306,-8.074805,106.65145,-28.031857,21,2019-04-05,21.80875,0.0,82.9125,10.12375,1.0,181.19875,2019,4,5,84.0,0,Peru_4005.csv
2019-04-06,4005,89.2,18.4,28.0,4.0,1.0,51.0,1,1,2,2,3,3,8,8,5.10586959746612,-5.786230516505562,3.9141629,-6.1162896,47.91396,-85.5306,21,2019-04-06,22.245,0.0,80.63375,8.50375,1.0,191.47375,2019,4,6,89.2,0,Peru_4005.csv
2019-04-07,4005,32.0,33.2,33.0,5.0,1.0,50.0,1,1,2,2,3,3,8,8,4.04859088097757,-9.101617288134866,4.1339936,-5.704865,51.443768,-83.567276,21,2019-04-07,22.63375,0.0,77.0425,9.08125,1.0,179.28125,2019,4,7,50.0,0,Peru_4005.csv
2019-04-08,4005,59.8,38.6,29.0,5.0,25.6,50.0,1,1,0,0,0,0,8,8,9.29912280986931,-9.812597008012263,4.5526166,-7.370202,56.744774,-82.88733,21,2019-04-08,22.98875,0.0,74.02625,10.675,1.0,174.49,2019,4,8,59.8,0,Peru_4005.csv
2019-04-09,4005,60.8,39.0,31.0,5.0,20.6,50.0,1,1,0,0,0,0,8,8,8.871910175233415,-9.140874311620943,4.5248246,-7.373312,56.426205,-82.88453,21,2019-04-09,21.82125,0.0,75.4675,9.93125,1.0,193.0375,2019,4,9,60.8,0,Peru_4005.csv
2019-04-10,4005,59.2,41.4,26.0,4.0,5.8,49.0,1,1,2,2,3,3,8,8,5.138332215906469,-7.091373191219014,4.020172,-5.86613,49.373985,-84.63126,21,2019-04-10,20.61,0.0,79.39,10.1725,1.0,211.95875,2019,4,10,59.2,0,Peru_4005.csv
2019-04-11,4005,68.4,11.2,32.0,4.0,31.2,50.0,1,1,0,0,0,0,2,2,9.91068657705717,-11.41506893879029,4.628139,-7.3003464,57.790455,-82.1822,21,2019-04-11,21.2825,0.0,76.19125,8.147499999999999,1.0,217.56375,2019,4,11,68.4,0,Peru_4005.csv
2019-04-12,4005,69.8,39.6,50.0,5.0,1.0,50.0,1,1,0,0,0,0,0,0,9.663256949414246,-6.464100445557279,-0.6591956,-8.110131,107.02494,-26.768574,21,2019-04-12,21.5925,0.0,74.975,9.995000000000001,1.0,198.35,2019,4,12,69.8,0,Peru_4005.csv
2019-04-13,4005,71.8,29.6,41.0,4.0,16.8,49.0,1,1,0,0,0,0,0,0,10.172729456204186,-8.524303914211169,4.505998,-7.352304,55.893738,-81.84498,21,2019-04-13,21.39375,0.0,76.26625,9.73125,1.0,202.0125,2019,4,13,71.8,0,Peru_4005.csv
2019-04-14,4005,73.6,31.0,37.0,4.0,36.0,50.0,1,1,0,0,0,0,2,2,13.075027391164877,-10.7729678059005,4.623933,-7.30454,57.845028,-81.995544,21,2019-04-14,21.23125,0.0,78.0575,7.796250000000001,1.0,205.005,2019,4,14,73.6,0,Peru_4005.csv
2019-04-15,4005,75.8,26.2,41.0,4.0,1.0,50.0,1,1,2,2,3,3,0,0,7.422891605935316,-6.552455941831729,-0.536214,-8.080886,106.72522,-27.948431,21,2019-04-15,21.17625,0.0,78.25,8.24375,1.0,202.295,2019,4,15,75.8,0,Peru_4005.csv
2019-04-16,4005,76.8,18.6,49.0,5.0,10.8,50.0,1,1,0,0,0,0,0,0,10.476304698321599,-8.21764936667153,-0.64382184,-8.10735,106.7932,-26.715437,21,2019-04-16,21.7225,0.0,76.55250000000001,8.620000000000001,1.0,189.14249999999998,2019,4,16,76.8,0,Peru_4005.csv
2019-04-17,4005,63.0,21.0,59.0,5.0,10.8,51.0,1,1,0,0,0,0,0,0,12.059578769487338,-9.477192602994426,-0.7242127,-8.119931,106.91371,-25.202333,21,2019-04-17,21.765,0.0,73.43625,9.54125,1.0,190.75,2019,4,17,63.0,0,Peru_4005.csv
2019-04-18,4005,71.4,27.2,56.0,5.0,10.8,50.0,1,1,0,0,0,0,0,0,12.087658845639039,-8.350299328717698,-0.713992,-8.130844,106.756355,-25.77445,21,2019-04-18,21.11,0.0,74.97,7.28125,1.0,213.49,2019,4,18,71.4,0,Peru_4005.csv
2019-04-19,4005,56.0,22.0,45.0,5.0,29.4,50.0,1,1,0,0,0,0,0,0,12.196429161266327,-11.792849440143407,4.61233,-7.295925,56.993782,-81.606674,21,2019-04-19,21.37625,0.0,73.93,7.927499999999999,1.0,223.40125,2019,4,19,56.0,0,Peru_4005.csv
2019-04-20,4005,77.2,59.4,27.0,4.0,23.0,49.0,1,1,0,0,0,0,8,8,10.252076133281845,-7.0731797562553895,4.227165,-7.1245604,53.71897,-77.27101,21,2019-04-20,21.75,0.0,75.23,7.09125,1.0,207.14625,2019,4,20,77.2,0,Peru_4005.csv
2019-04-21,4005,74.0,44.6,38.0,4.0,30.6,50.0,1,1,0,0,0,0,0,0,13.029014238173248,-9.40792228550115,4.566254,-7.3078017,57.380714,-82.00676,21,2019-04-21,21.72625,0.0,76.78625,7.54125,1.0,212.01625,2019,4,21,74.0,0,Peru_4005.csv
2019-04-22,4005,68.4,11.2,32.0,4.0,31.2,50.0,1,1,0,0,0,0,2,2,9.91068657705717,-11.41506893879029,4.6157184,-7.315057,57.790455,-82.1822,21,2019-04-22,21.48375,0.0,77.69375,6.6925,1.0,257.36375,2019,4,22,68.4,0,Peru_4005.csv
2019-04-23,4005,64.8,25.6,38.0,5.0,24.6,50.0,1,1,0,0,0,0,0,0,10.515771778289958,-10.198903075865282,4.5743537,-7.3277826,56.833927,-82.04745,21,2019-04-23,21.86375,0.0,74.33,6.48625,1.0,240.01625,2019,4,23,64.8,0,Peru_4005.csv
2019-04-24,4005,62.0,35.2,51.0,5.0,10.8,51.0,1,1,0,0,0,0,0,0,11.120971242348602,-8.640112074703769,-0.65790254,-8.106623,106.817406,-26.31205,21,2019-04-24,22.04,0.0,75.2875,10.005,1.0,174.03125,2019,4,24,62.0,0,Peru_4005.csv
2019-04-25,4005,81.8,25.8,35.0,6.0,31.6,49.0,1,1,0,0,0,0,2,2,11.912611669192248,-9.557168925509462,4.6188717,-7.3115387,57.731037,-82.06856,21,2019-04-25,22.0825,0.0,76.21375,9.4925,1.0,180.49,2019,4,25,81.8,0,Peru_4005.csv
2019-04-26,4005,103.8,66.4,42.0,10.0,26.0,49.0,1,1,0,0,0,0,0,0,15.501574084436882,-5.105059485075628,4.300391,-7.099037,55.163803,-78.220955,21,2019-04-26,21.435,0.0,82.50125,9.47125,1.0,202.54,2019,4,26,103.8,0,Peru_4005.csv
2019-04-27,4005,69.8,40.6,51.0,5.0,9.6,49.0,1,1,0,0,0,0,0,0,11.384011425015194,-7.386108759419327,-0.66235787,-8.112121,106.741196,-26.4272,21,2019-04-27,20.66125,0.0,84.04625,9.78875,1.0,207.89625,2019,4,27,69.8,0,Peru_4005.csv
2019-04-28,4005,76.4,48.8,53.0,5.0,10.8,50.0,1,1,0,0,0,0,0,0,12.840465562817263,-6.8313439388869766,-0.6837687,-8.121114,106.55556,-26.335857,21,2019-04-28,20.29375,0.0,84.0,7.7725,1.0,274.79625,2019,4,28,76.4,0,Peru_4005.csv
2019-04-29,4005,62.2,53.2,35.0,4.0,26.0,50.0,1,1,0,0,0,0,8,8,11.465513738788788,-9.178556177636722,4.57614,-7.349137,56.935246,-82.43907,21,2019-04-29,20.375,0.0,83.80625,7.16625,1.0,260.4325,2019,4,29,62.2,0,Peru_4005.csv
2019-04-30,4005,84.2,39.2,43.0,6.0,6.0,50.0,1,1,0,0,0,0,0,0,9.81651663147128,-5.824281659498444,-0.5432199,-8.0857,106.67539,-27.861227,21,2019-04-30,21.1875,0.0,82.1825,7.767499999999999,1.0,190.6725,2019,4,30,84.2,0,Peru_4005.csv
2019-05-01,4005,74.2,21.8,82.0,7.0,19.6,51.0,1,1,0,0,0,0,0,0,18.91495420216835,-10.15436130376126,-0.9288785,-8.229702,106.03802,-21.632381,21,2019-05-01,20.7625,0.0,82.5925,7.55,1.0,212.10625,2019,5,1,82.0,0,Peru_4005.csv
2019-05-02,4005,62.0,25.6,44.0,5.0,12.6,50.0,1,1,0,0,0,0,0,0,9.434175558166071,-9.040982220017817,4.4228964,-7.4268174,106.77402,-27.23069,21,2019-05-02,20.1375,0.0,83.345,9.445,1.0,201.32375,2019,5,2,62.0,0,Peru_4005.csv
2019-05-03,4005,67.6,31.0,51.0,4.0,8.0,50.0,1,1,0,0,0,0,0,0,10.57700993671317,-8.032542485758459,-0.6741454,-8.113391,106.90653,-26.386456,21,2019-05-03,19.175,0.0,84.30625,8.1375,1.0,200.105,2019,5,3,67.6,0,Peru_4005.csv
2019-05-04,4005,71.8,29.6,41.0,4.0,16.8,49.0,1,1,0,0,0,0,0,0,10.172729456204186,-8.524303914211169,4.504741,-7.360594,55.893738,-81.84498,21,2019-05-04,19.97625,0.0,80.82,9.85875,1.0,183.505,2019,5,4,71.8,0,Peru_4005.csv
2019-05-05,4005,73.6,22.4,58.0,6.0,18.8,49.0,1,1,0,0,0,0,0,0,13.70964530527542,-9.27988343010694,-0.70600474,-8.118887,106.324295,-25.538052,21,2019-05-05,21.5975,0.0,74.725,7.20625,1.0,185.34375,2019,5,5,73.6,0,Peru_4005.csv
2019-05-06,4005,60.2,34.8,54.0,5.0,10.8,50.0,1,1,0,0,0,0,0,0,11.535660848395494,-8.7307016498142,-0.6546832,-8.154148,106.830894,-25.930922,21,2019-05-06,21.29875,0.0,77.62,10.465,1.0,172.9725,2019,5,6,60.2,0,Peru_4005.csv
2019-05-07,4005,74.8,27.8,38.0,5.0,17.6,49.0,1,1,0,0,0,0,0,0,9.759147754299287,-8.350669893769423,4.5216813,-7.333594,55.89118,-82.0123,21,2019-05-07,19.365000000000002,0.0,82.495,8.5275,1.0,194.0925,2019,5,7,74.8,0,Peru_4005.csv
2019-05-08,4005,69.2,36.4,36.0,4.0,30.8,49.0,1,1,0,0,0,0,2,2,11.91223751827474,-10.008404763869237,4.5877023,-7.310181,57.457752,-82.10942,21,2019-05-08,19.342499999999998,0.0,78.70875,7.51375,1.0,203.70875,2019,5,8,69.2,0,Peru_4005.csv
2019-05-09,4005,76.26329315845445,39.0951871657754,11.939310035171744,12.942866095675788,8.522758485383559,9.978580024067387,2,2,1,1,4,4,9,9,0.03549621024003731,-0.08868490030010638,19.0549,0.42708218,-13.194237,61.20619,21,2019-05-09,19.95125,0.0,80.13375,10.370000000000001,1.0,184.40125,2019,5,9,76.26329315845445,0,Peru_4005.csv
2019-05-10,4005,76.26329315845445,39.0951871657754,11.939310035171744,12.942866095675788,8.522758485383559,9.978580024067387,2,2,1,1,4,4,9,9,0.03549621024003731,-0.08868490030010638,18.35921,-0.9724737,-13.194237,61.20619,21,2019-05-10,19.41125,0.0,82.33375,8.74,1.0,218.12625,2019,5,10,76.26329315845445,0,Peru_4005.csv
2019-05-11,4005,76.26329315845445,39.0951871657754,11.939310035171744,12.942866095675788,8.522758485383559,9.978580024067387,2,2,1,1,4,4,9,9,0.03549621024003731,-0.08868490030010638,18.682598,-0.06454253,-13.194237,61.20619,21,2019-05-11,19.6125,0.0,83.65,8.05875,1.0,222.29125,2019,5,11,76.26329315845445,0,Peru_4005.csv
2019-05-12,4005,76.26329315845445,39.0951871657754,11.939310035171744,12.942866095675788,8.522758485383559,9.978580024067387,2,2,1,1,4,4,9,9,0.03549621024003731,-0.08868490030010638,18.985281,0.6104942,-13.194237,61.20619,21,2019-05-12,19.5225,0.0,84.4475,8.3625,1.0,208.0625,2019,5,12,76.26329315845445,0,Peru_4005.csv
2019-05-13,4005,76.26329315845445,39.0951871657754,11.939310035171744,12.942866095675788,8.522758485383559,9.978580024067387,2,2,1,1,4,4,9,9,0.03549621024003731,-0.08868490030010638,18.447916,-1.1266023,-13.194237,61.20619,21,2019-05-13,20.52,0.0,79.60875,6.53125,1.0,207.26375000000002,2019,5,13,76.26329315845445,0,Peru_4005.csv
2019-05-14,4005,76.26329315845445,39.0951871657754,11.939310035171744,12.942866095675788,8.522758485383559,9.978580024067387,2,2,1,1,4,4,9,9,0.03549621024003731,-0.08868490030010638,18.339443,0.2889685,-13.194237,61.20619,21,2019-05-14,20.525,0.0,79.965,8.34625,1.0,181.77625,2019,5,14,76.26329315845445,0,Peru_4005.csv
2019-05-15,4005,76.26329315845445,39.0951871657754,11.939310035171744,12.942866095675788,8.522758485383559,9.978580024067387,2,2,1,1,4,4,9,9,0.03549621024003731,-0.08868490030010638,19.123894,-0.62111914,-13.194237,61.20619,21,2019-05-15,19.072499999999998,0.0,84.65125,8.02875,1.0,194.37625,2019,5,15,76.26329315845445,0,Peru_4005.csv
2019-05-16,4005,376.0,92.2,43.0,6.0,9.0,56.0,0,0,3,3,5,5,10,10,27.707746030650657,16.777043511084933,-3.413354,-0.16741918,85.95802,47.586807,21,2019-05-16,18.4275,0.0,83.2825,8.6925,1.0,197.05375,2019,5,16,376.0,0,Peru_4005.csv
2019-05-17,4005,54.0,45.8,62.0,6.0,4.8,49.0,1,1,0,0,0,0,0,0,12.26584173359929,-7.864186710900283,-0.85938096,-8.208176,106.9145,-24.23341,21,2019-05-17,18.0,0.0,82.3025,8.8575,1.0,210.9325,2019,5,17,62.0,0,Peru_4005.csv
2019-05-18,4005,84.0,49.2,77.0,6.0,6.6,49.0,1,1,0,0,0,0,0,0,17.266756514197592,-6.11867376963017,-0.90741587,-8.222538,106.51845,-21.79139,21,2019-05-18,17.91125,0.0,81.80625,8.65875,1.0,217.6925,2019,5,18,84.0,0,Peru_4005.csv
2019-05-19,4005,76.26329315845445,39.0951871657754,11.939310035171744,12.942866095675788,8.522758485383559,9.978580024067387,2,2,1,1,4,4,9,9,0.03549621024003731,-0.08868490030010638,18.20379,-0.96906406,-13.194237,61.20619,21,2019-05-19,17.93875,0.0,82.32124999999999,8.1425,1.0,211.2825,2019,5,19,76.26329315845445,0,Peru_4005.csv
2019-05-20,4005,76.26329315845445,39.0951871657754,11.939310035171744,12.942866095675788,8.522758485383559,9.978580024067387,2,2,1,1,4,4,9,9,0.03549621024003731,-0.08868490030010638,18.958279,0.81721246,-13.194237,61.20619,21,2019-05-20,18.8875,0.0,80.69125,8.86875,1.0,189.465,2019,5,20,76.26329315845445,0,Peru_4005.csv
2019-05-21,4005,76.26329315845445,39.0951871657754,11.939310035171744,12.942866095675788,8.522758485383559,9.978580024067387,2,2,1,1,4,4,9,9,0.03549621024003731,-0.08868490030010638,18.405975,-0.7193652,-13.194237,61.20619,21,2019-05-21,18.695,0.0,83.09,7.615,1.0,210.22875,2019,5,21,76.26329315845445,0,Peru_4005.csv
2019-05-22,4005,76.26329315845445,39.0951871657754,11.939310035171744,12.942866095675788,8.522758485383559,9.978580024067387,2,2,1,1,4,4,9,9,0.03549621024003731,-0.08868490030010638,19.518923,-0.2571469,-13.194237,61.20619,21,2019-05-22,17.92125,0.0,84.97375,7.63125,1.0,218.95375,2019,5,22,76.26329315845445,0,Peru_4005.csv
2019-05-23,4005,76.26329315845445,39.0951871657754,11.939310035171744,12.942866095675788,8.522758485383559,9.978580024067387,2,2,1,1,4,4,9,9,0.03549621024003731,-0.08868490030010638,18.363054,-0.15444635,-13.194237,61.20619,21,2019-05-23,17.2925,0.0,85.02625,7.84,1.0,234.78625,2019,5,23,76.26329315845445,0,Peru_4005.csv
2019-05-24,4005,58.0,17.8,84.0,5.0,15.4,50.0,1,1,0,0,0,0,0,0,17.48333019588065,-11.061512683083246,-0.9065258,-8.20351,106.079575,-21.692856,21,2019-05-24,16.9875,0.0,83.9525,7.21,1.0,206.1575,2019,5,24,84.0,0,Peru_4005.csv
2019-05-25,4005,54.0,29.4,68.0,6.0,5.0,49.0,1,1,0,0,0,0,0,0,12.6709875465833,-8.859710172722085,-0.88160235,-8.209411,107.12261,-23.306845,21,2019-05-25,17.72875,0.0,82.6975,8.735,1.0,183.01,2019,5,25,68.0,0,Peru_4005.csv
2019-05-26,4005,52.0,24.4,65.0,6.0,1.6,49.0,1,1,0,0,0,0,0,0,11.089936505527552,-8.753585353914511,-0.8535694,-8.19268,107.44255,-23.826717,21,2019-05-26,17.755,0.0,82.97875,8.65,1.0,178.0625,2019,5,26,65.0,0,Peru_4005.csv
2019-05-27,4005,40.0,18.8,47.0,5.0,4.2,49.0,1,1,0,0,0,0,0,0,7.025148881617779,-9.858628881160058,-0.700428,-8.097036,108.27509,-26.212233,21,2019-05-27,17.2625,0.0,83.67125,10.57625,1.0,166.0675,2019,5,27,49.0,0,Peru_4005.csv
2019-05-28,4005,73.0,40.4,63.0,5.0,7.4,49.0,1,1,0,0,0,0,0,0,13.57285425031831,-7.184217051578939,-0.9125977,-8.254607,106.7169,-23.884706,21,2019-05-28,16.7925,0.0,82.57625,8.37375,1.0,181.62125,2019,5,28,73.0,0,Peru_4005.csv
2019-05-29,4005,71.0,37.4,70.0,4.0,10.2,50.0,1,1,0,0,0,0,0,0,15.33808219056752,-8.211389280367406,-0.89680403,-8.21732,106.613045,-22.856358,21,2019-05-29,16.68875,0.0,81.985,6.4675,1.0,195.9075,2019,5,29,71.0,0,Peru_4005.csv
2019-05-30,4005,103.0,46.2,99.0,6.0,8.6,50.0,1,1,0,0,0,0,0,0,22.954153409747388,-5.822237772619144,-0.9083274,-8.228533,105.935326,-20.382072,21,2019-05-30,16.986250000000002,0.0,82.17625,7.8675,1.0,184.58375,2019,5,30,103.0,0,Peru_4005.csv
2019-05-31,4005,92.0,56.6,90.0,6.0,5.2,50.0,1,1,0,0,0,0,0,0,20.518317377097137,-5.447417645578776,-0.9051587,-8.223815,106.13485,-20.790592,21,2019-05-31,16.965,0.0,80.9,9.28125,1.0,187.94125,2019,5,31,92.0,0,Peru_4005.csv
2019-06-01,4005,64.0,44.4,81.0,5.0,1.2,50.0,1,1,0,0,0,0,0,0,15.978865237190945,-7.434076774118188,-0.9059897,-8.218571,106.63076,-21.702093,21,2019-06-01,16.92375,0.0,82.6825,9.28375,1.0,170.97875,2019,6,1,81.0,0,Peru_4005.csv
2019-06-02,4005,50.0,11.4,55.0,4.0,1.4,49.0,1,1,0,0,0,0,0,0,8.243648238552822,-9.424387746764582,-0.74268824,-8.123714,108.068855,-25.543644,21,2019-06-02,17.76125,0.0,79.8975,7.7475,1.0,192.60250000000002,2019,6,2,55.0,0,Peru_4005.csv
2019-06-03,4005,81.0,51.2,69.0,5.0,6.0,50.0,1,1,0,0,0,0,0,0,15.576337696584687,-6.169630333906387,-0.90750515,-8.2284775,106.495804,-22.909174,21,2019-06-03,17.0475,0.0,84.47625,7.63875,1.0,199.19875,2019,6,3,81.0,0,Peru_4005.csv
2019-06-04,4005,75.0,29.0,71.0,4.0,1.2,50.0,1,1,0,0,0,0,0,0,13.672040312122377,-7.236033535059335,-0.8975294,-8.220018,107.07796,-22.778782,21,2019-06-04,16.44625,0.0,84.77625,8.9675,1.0,181.365,2019,6,4,75.0,0,Peru_4005.csv
2019-06-05,4005,44.0,11.2,48.0,4.0,0.6,49.0,1,1,0,0,0,0,0,0,6.37477547715683,-9.595317694781059,-0.6831983,-8.081775,108.34105,-26.11339,21,2019-06-05,16.0925,0.0,83.98375,9.48375,1.0,164.9725,2019,6,5,49.0,0,Peru_4005.csv
2019-06-06,4005,42.0,13.4,48.0,4.0,1.2,49.0,1,1,0,0,0,0,0,0,6.50108604558876,-9.705251155475832,-0.69938445,-8.092692,108.33192,-26.115055,21,2019-06-06,16.5625,0.0,80.3075,9.81125,1.0,155.93625,2019,6,6,49.0,0,Peru_4005.csv
2019-06-07,4005,60.0,32.8,78.0,6.0,4.2,50.0,1,1,0,0,0,0,0,0,15.116076201561354,-8.5351291475702,-0.9038644,-8.217348,106.71058,-22.065794,21,2019-06-07,16.51,0.0,83.23875,9.54,1.0,209.2225,2019,6,7,78.0,0,Peru_4005.csv
2019-06-08,4005,75.0,45.8,86.0,6.0,4.2,50.0,1,1,0,0,0,0,0,0,18.142900934508248,-6.995046068535423,-0.9100815,-8.225944,106.35182,-21.257696,21,2019-06-08,16.76625,0.0,82.8025,7.29875,1.0,189.06875,2019,6,8,86.0,0,Peru_4005.csv
2019-06-09,4005,112.0,63.2,103.0,8.0,15.8,50.0,1,1,0,0,0,0,0,0,26.3890638039703,-5.176097649060716,-0.90854716,-8.230909,105.82647,-20.138449,21,2019-06-09,16.9825,0.0,85.57875,7.955,1.0,192.115,2019,6,9,112.0,0,Peru_4005.csv
2019-06-10,4005,124.0,59.4,103.0,9.0,7.6,50.0,1,1,0,0,0,0,0,0,25.290082431611633,-3.3936715777078548,-0.90732884,-8.228049,105.852776,-20.185505,21,2019-06-10,16.91125,0.0,87.92125,8.20625,1.0,183.9075,2019,6,10,124.0,0,Peru_4005.csv
2019-06-11,4005,65.0,43.8,70.0,5.0,4.8,50.0,1,1,0,0,0,0,0,0,14.40734649706201,-7.572743926236933,-0.8976786,-8.221201,106.78799,-22.91435,21,2019-06-11,16.305,0.0,86.27,10.07625,1.0,174.31625,2019,6,11,70.0,0,Peru_4005.csv
2019-06-12,4005,69.0,20.8,54.0,4.0,7.4,50.0,1,1,0,0,0,0,0,0,10.616679116968673,-8.44120715456579,-0.689126,-8.119926,107.05853,-25.976023,21,2019-06-12,15.77125,0.0,86.96375,9.69625,1.0,167.71875,2019,6,12,69.0,0,Peru_4005.csv
2019-06-13,4005,39.0,23.4,53.0,4.0,0.6,50.0,1,1,0,0,0,0,0,0,7.873777758504645,-9.602997029512151,-0.7277629,-8.112615,108.18467,-25.781347,21,2019-06-13,16.05125,0.0,85.92375,9.64625,1.0,165.86375,2019,6,13,53.0,0,Peru_4005.csv
2019-06-14,4005,56.0,31.6,57.0,4.0,8.6,50.0,1,1,0,0,0,0,0,0,11.378668044584858,-9.065851906786513,-0.72986764,-8.13606,107.02653,-25.40939,21,2019-06-14,16.19875,0.0,81.66125,8.15,1.0,173.86375,2019,6,14,57.0,0,Peru_4005.csv
2019-06-15,4005,65.0,39.4,70.0,4.0,6.8,50.0,1,1,0,0,0,0,0,0,14.538580479593953,-8.117991651707102,-0.9006225,-8.22398,106.769844,-22.916502,21,2019-06-15,16.55375,0.0,84.0025,9.46625,1.0,192.39249999999998,2019,6,15,70.0,0,Peru_4005.csv
2019-06-16,4005,53.0,18.8,56.0,4.0,2.8,50.0,1,1,0,0,0,0,0,0,9.317603412812007,-9.170799162238906,-0.7571796,-8.134882,107.80751,-25.428942,21,2019-06-16,16.3,0.0,86.42,7.175,1.0,198.9,2019,6,16,56.0,0,Peru_4005.csv
2019-06-17,4005,57.0,17.0,63.0,4.0,3.8,50.0,1,1,0,0,0,0,0,0,11.022278420362376,-9.270072432274429,-0.8218496,-8.172446,107.4833,-24.161787,21,2019-06-17,16.03875,0.0,85.49000000000001,8.13625,1.0,199.20374999999999,2019,6,17,63.0,0,Peru_4005.csv
2019-06-18,4005,63.0,21.4,67.0,4.0,4.2,50.0,1,1,0,0,0,0,0,0,12.426528128470714,-8.76419676790471,-0.9306745,-8.257213,107.21849,-23.405176,21,2019-06-18,16.05375,0.0,84.49125,11.855,1.0,289.845,2019,6,18,67.0,0,Peru_4005.csv
2019-06-19,4005,48.0,5.8,68.0,4.0,20.4,49.0,1,1,0,0,0,0,0,0,13.934649201503026,-12.559916877328591,-0.8672555,-8.197563,105.74916,-23.423126,21,2019-06-19,15.6475,0.0,85.66375,6.61625,1.0,214.48875,2019,6,19,68.0,0,Peru_4005.csv
2019-06-20,4005,57.0,27.4,71.0,5.0,1.6,49.0,1,1,0,0,0,0,0,0,12.706611183034202,-8.462581805524927,-0.8886457,-8.2123785,107.194115,-22.899233,21,2019-06-20,15.6775,0.0,85.71875,6.575,1.0,193.14875,2019,6,20,71.0,0,Peru_4005.csv
2019-06-21,4005,59.0,26.0,72.0,5.0,11.2,49.0,1,1,0,0,0,0,0,0,14.668080506455821,-9.619719837063762,-0.9187351,-8.235945,106.57979,-22.674623,21,2019-06-21,15.1825,0.0,85.55125,11.285,1.0,170.16750000000002,2019,6,21,72.0,0,Peru_4005.csv
2019-06-22,4005,70.0,28.4,73.0,5.0,8.0,49.0,1,1,0,0,0,0,0,0,14.948443822102547,-8.325411967862319,-0.8967594,-8.21647,106.74224,-22.530523,21,2019-06-22,15.1325,0.0,84.7725,8.26375,1.0,176.73,2019,6,22,73.0,0,Peru_4005.csv
2019-06-23,4005,60.0,19.6,70.0,4.0,0.6,48.0,1,1,0,0,0,0,0,0,11.971900500727278,-8.425343320269182,-0.8870378,-8.212794,107.35253,-23.04937,21,2019-06-23,15.16,0.0,82.05125,7.715,1.0,161.90625,2019,6,23,70.0,0,Peru_4005.csv
2019-06-24,4005,73.0,38.8,66.0,4.0,6.8,48.0,1,1,0,0,0,0,0,0,13.902120964395653,-7.202408559672436,-0.90527886,-8.232559,106.759026,-23.401554,21,2019-06-24,15.16125,0.0,83.79125,8.76125,1.0,159.71875,2019,6,24,73.0,0,Peru_4005.csv
2019-06-25,4005,74.0,27.0,65.0,4.0,1.2,48.0,1,1,0,0,0,0,0,0,12.121953524690237,-6.992792040132822,-0.92541504,-8.252645,107.20235,-23.51461,21,2019-06-25,15.467500000000001,0.0,82.2925,9.25875,1.0,166.8025,2019,6,25,74.0,0,Peru_4005.csv
2019-06-26,4005,54.0,20.4,75.0,5.0,5.6,49.0,1,1,0,0,0,0,0,0,13.735025884924463,-9.632422154120873,-0.894415,-8.212014,106.916664,-22.392315,21,2019-06-26,15.7975,0.0,82.93375,7.30125,1.0,178.06375,2019,6,26,75.0,0,Peru_4005.csv
2019-06-27,4005,85.0,37.8,81.0,5.0,6.0,49.0,1,1,0,0,0,0,0,0,17.426890049944102,-6.714344089376234,-0.9109365,-8.225481,106.44148,-21.506556,21,2019-06-27,15.7575,0.0,83.98375,7.17875,1.0,191.85999999999999,2019,6,27,85.0,0,Peru_4005.csv
2019-06-28,4005,103.0,30.6,85.0,5.0,6.0,49.0,1,1,0,0,0,0,0,0,18.734510827829375,-5.8710009420718645,-0.90889066,-8.225252,106.27438,-21.101355,21,2019-06-28,16.0975,0.0,83.9,10.96875,1.0,172.1625,2019,6,28,103.0,0,Peru_4005.csv
2019-06-29,4005,70.0,31.0,65.0,4.0,5.8,48.0,1,1,0,0,0,0,0,0,12.968013839816477,-7.660206564203448,-0.9285184,-8.256565,106.947464,-23.577366,21,2019-06-29,16.2425,0.0,85.1925,10.866249999999999,1.0,212.41625,2019,6,29,70.0,0,Peru_4005.csv
2019-06-30,4005,51.0,13.4,56.0,4.0,3.0,49.0,1,1,0,0,0,0,0,0,8.888358305413544,-9.477595731872233,-0.7525383,-8.130154,107.92447,-25.403263,21,2019-06-30,16.623749999999998,0.0,83.04625,7.22375,1.0,222.8525,2019,6,30,56.0,0,Peru_4005.csv
2019-07-01,4005,45.0,8.4,50.0,4.0,0.8,49.0,1,1,0,0,0,0,0,0,6.720680781148459,-9.737838503501246,-0.69177777,-8.08314,108.30532,-25.993177,21,2019-07-01,16.56,0.0,84.63625,9.24875,1.0,166.2025,2019,7,1,50.0,0,Peru_4005.csv
2019-07-02,4005,54.0,25.8,10.0,6.0,11.6,8.2,2,2,1,1,1,1,3,3,-1.734418701741008,-2.976044685832569,5.640135,2.1850703,-24.744251,-58.57076,21,2019-07-02,15.93625,0.0,82.44375,11.45375,1.0,158.9875,2019,7,2,54.0,0,Peru_4005.csv
2019-07-03,4005,46.0,17.8,60.0,10.0,7.4,50.0,1,1,0,0,0,0,0,0,10.58200000942585,-9.96570695437315,-0.78135103,-8.151487,107.53013,-24.797932,21,2019-07-03,15.57625,0.0,82.675,10.5425,1.0,151.4575,2019,7,3,60.0,0,Peru_4005.csv
2019-07-04,4005,42.0,12.6,59.0,9.6,1.0,49.0,1,1,0,0,0,0,0,0,8.670318159120125,-9.582002953195637,-0.7732561,-8.143292,107.99123,-24.978796,21,2019-07-04,15.68,0.0,81.93125,8.84,1.0,180.88375,2019,7,4,59.0,0,Peru_4005.csv
2019-07-05,4005,49.0,15.2,63.0,4.0,4.0,48.0,1,1,0,0,0,0,0,0,10.402525964602816,-9.696887525722662,-0.8423192,-8.187983,107.61099,-24.267706,21,2019-07-05,15.6725,0.0,85.5575,6.67875,1.0,184.1475,2019,7,5,63.0,0,Peru_4005.csv
2019-07-06,4005,74.0,17.0,71.0,3.0,4.0,56.0,1,1,0,0,0,0,0,0,14.034904926577068,-9.138458076554407,-0.90453714,-8.228107,107.23844,-22.76207,21,2019-07-06,15.77125,0.0,85.13374999999999,8.5425,1.0,185.18375,2019,7,6,74.0,0,Peru_4005.csv
2019-07-07,4005,107.0,29.8,7.8,2.0,5.0,34.8,1,1,2,2,3,3,4,4,1.7329231135230498,-1.9079602524543116,3.0425491,-6.891577,25.015888,-90.96899,21,2019-07-07,15.84875,0.0,84.47749999999999,9.965,1.0,176.41625,2019,7,7,107.0,0,Peru_4005.csv
2019-07-08,4005,67.0,44.4,19.0,1.0,12.0,1.0,2,2,1,1,4,4,7,7,1.119344883602563,-0.7771307846940931,4.2901106,0.56127685,37.671314,-27.484468,21,2019-07-08,16.07375,0.0,83.12125,9.03375,1.0,178.055,2019,7,8,67.0,0,Peru_4005.csv
2019-07-09,4005,81.0,35.4,18.0,4.0,22.0,1.0,2,2,1,1,4,4,9,9,2.933795672470484,-1.2278866536408541,4.4410424,-0.66526955,49.39461,-27.161844,21,2019-07-09,15.6,0.0,84.07875,9.8275,1.0,189.4375,2019,7,9,81.0,0,Peru_4005.csv
2019-07-10,4005,47.0,59.0,18.0,5.0,14.0,14.2,2,2,1,1,4,4,9,9,2.2440168029458816,-3.1940511938765974,3.8734105,0.12223695,36.38895,-23.280275,21,2019-07-10,15.66,0.0,81.89,8.535,1.0,183.43375,2019,7,10,59.0,0,Peru_4005.csv
2019-07-11,4005,54.0,25.8,10.0,6.0,11.6,8.2,2,2,1,1,1,1,3,3,-1.734418701741008,-2.976044685832569,5.6430097,2.2035804,-24.744251,-58.57076,21,2019-07-11,16.27,0.0,80.88125,9.50125,1.0,162.635,2019,7,11,54.0,0,Peru_4005.csv
2019-07-12,4005,76.26329315845445,39.0951871657754,11.939310035171744,12.942866095675788,8.522758485383559,9.978580024067387,2,2,1,1,4,4,9,9,0.03549621024003731,-0.08868490030010638,18.827381,-0.13315709,-13.194237,61.20619,21,2019-07-12,15.68125,0.0,85.8175,10.15625,1.0,179.70875,2019,7,12,76.26329315845445,0,Peru_4005.csv
2019-07-13,4005,76.26329315845445,39.0951871657754,11.939310035171744,12.942866095675788,8.522758485383559,9.978580024067387,2,2,1,1,4,4,9,9,0.03549621024003731,-0.08868490030010638,19.439125,-0.0025479721,-13.194237,61.20619,21,2019-07-13,15.5975,0.0,83.62,8.651250000000001,1.0,183.3425,2019,7,13,76.26329315845445,0,Peru_4005.csv
2019-07-14,4005,76.26329315845445,39.0951871657754,11.939310035171744,12.942866095675788,8.522758485383559,9.978580024067387,2,2,1,1,4,4,9,9,0.03549621024003731,-0.08868490030010638,19.305813,0.71426,-13.194237,61.20619,21,2019-07-14,15.25125,0.0,83.185,9.06375,1.0,207.0375,2019,7,14,76.26329315845445,0,Peru_4005.csv
2019-07-15,4005,76.26329315845445,39.0951871657754,11.939310035171744,12.942866095675788,8.522758485383559,9.978580024067387,2,2,1,1,4,4,9,9,0.03549621024003731,-0.08868490030010638,19.015339,-0.80651367,-13.194237,61.20619,21,2019-07-15,15.48875,0.0,84.22875,8.5225,1.0,176.7825,2019,7,15,76.26329315845445,0,Peru_4005.csv
2019-07-16,4005,76.26329315845445,39.0951871657754,11.939310035171744,12.942866095675788,8.522758485383559,9.978580024067387,2,2,1,1,4,4,9,9,0.03549621024003731,-0.08868490030010638,19.627207,0.08514948,-13.194237,61.20619,21,2019-07-16,15.82375,0.0,83.505,10.2825,1.0,172.71375,2019,7,16,76.26329315845445,0,Peru_4005.csv
2019-07-17,4005,76.26329315845445,39.0951871657754,11.939310035171744,12.942866095675788,8.522758485383559,9.978580024067387,2,2,1,1,4,4,9,9,0.03549621024003731,-0.08868490030010638,18.371649,-0.32067725,-13.194237,61.20619,21,2019-07-17,15.96875,0.0,83.74375,9.04375,1.0,177.88375000000002,2019,7,17,76.26329315845445,0,Peru_4005.csv
2019-07-18,4005,76.26329315845445,39.0951871657754,11.939310035171744,12.942866095675788,8.522758485383559,9.978580024067387,2,2,1,1,4,4,9,9,0.03549621024003731,-0.08868490030010638,19.690046,0.12811755,-13.194237,61.20619,21,2019-07-18,15.592500000000001,0.0,86.26625,9.4475,1.0,198.7975,2019,7,18,76.26329315845445,0,Peru_4005.csv
2019-07-19,4005,76.26329315845445,39.0951871657754,11.939310035171744,12.942866095675788,8.522758485383559,9.978580024067387,2,2,1,1,4,4,9,9,0.03549621024003731,-0.08868490030010638,19.096092,-0.11303049,-13.194237,61.20619,21,2019-07-19,15.23625,0.0,81.79625,8.27375,1.0,247.93625,2019,7,19,76.26329315845445,0,Peru_4005.csv
2019-07-20,4005,76.26329315845445,39.0951871657754,11.939310035171744,12.942866095675788,8.522758485383559,9.978580024067387,2,2,1,1,4,4,9,9,0.03549621024003731,-0.08868490030010638,19.10054,-0.9196068,-13.194237,61.20619,21,2019-07-20,15.59125,0.0,81.47,7.3637500000000005,1.0,183.9,2019,7,20,76.26329315845445,0,Peru_4005.csv
2019-07-21,4005,76.26329315845445,39.0951871657754,11.939310035171744,12.942866095675788,8.522758485383559,9.978580024067387,2,2,1,1,4,4,9,9,0.03549621024003731,-0.08868490030010638,19.43759,-1.0000334,-13.194237,61.20619,21,2019-07-21,15.46375,0.0,82.37,8.845,1.0,178.7125,2019,7,21,76.26329315845445,0,Peru_4005.csv
2019-07-22,4005,76.26329315845445,39.0951871657754,11.939310035171744,12.942866095675788,8.522758485383559,9.978580024067387,2,2,1,1,4,4,9,9,0.03549621024003731,-0.08868490030010638,18.183895,0.27010408,-13.194237,61.20619,21,2019-07-22,15.455,0.0,83.86,8.7,1.0,185.39249999999998,2019,7,22,76.26329315845445,0,Peru_4005.csv
2019-07-23,4005,76.26329315845445,39.0951871657754,11.939310035171744,12.942866095675788,8.522758485383559,9.978580024067387,2,2,1,1,4,4,9,9,0.03549621024003731,-0.08868490030010638,18.63863,-0.48656377,-13.194237,61.20619,21,2019-07-23,15.495000000000001,0.0,84.2975,10.43625,1.0,192.1825,2019,7,23,76.26329315845445,0,Peru_4005.csv
2019-07-24,4005,76.26329315845445,39.0951871657754,11.939310035171744,12.942866095675788,8.522758485383559,9.978580024067387,2,2,1,1,4,4,9,9,0.03549621024003731,-0.08868490030010638,19.324741,-0.05226473,-13.194237,61.20619,21,2019-07-24,15.629999999999999,0.0,83.63499999999999,12.23,1.0,167.92875,2019,7,24,76.26329315845445,0,Peru_4005.csv
2019-07-25,4005,76.26329315845445,39.0951871657754,11.939310035171744,12.942866095675788,8.522758485383559,9.978580024067387,2,2,1,1,4,4,9,9,0.03549621024003731,-0.08868490030010638,19.320265,-0.50561744,-13.194237,61.20619,21,2019-07-25,15.02375,0.0,83.885,9.91125,1.0,184.01375,2019,7,25,76.26329315845445,0,Peru_4005.csv
2019-07-26,4005,76.26329315845445,39.0951871657754,11.939310035171744,12.942866095675788,8.522758485383559,9.978580024067387,2,2,1,1,4,4,9,9,0.03549621024003731,-0.08868490030010638,19.080208,-0.5284212,-13.194237,61.20619,21,2019-07-26,14.42625,0.0,84.05250000000001,8.325,1.0,192.20875,2019,7,26,76.26329315845445,0,Peru_4005.csv
2019-07-27,4005,76.26329315845445,39.0951871657754,11.939310035171744,12.942866095675788,8.522758485383559,9.978580024067387,2,2,1,1,4,4,9,9,0.03549621024003731,-0.08868490030010638,18.236858,-0.454735,-13.194237,61.20619,21,2019-07-27,14.11,0.0,86.28125,7.7475000000000005,1.0,189.035,2019,7,27,76.26329315845445,0,Peru_4005.csv
2019-07-28,4005,76.26329315845445,39.0951871657754,11.939310035171744,12.942866095675788,8.522758485383559,9.978580024067387,2,2,1,1,4,4,9,9,0.03549621024003731,-0.08868490030010638,19.438963,-0.08318212,-13.194237,61.20619,21,2019-07-28,13.94125,0.0,85.995,7.56125,1.0,191.37625,2019,7,28,76.26329315845445,0,Peru_4005.csv
2019-07-29,4005,76.26329315845445,39.0951871657754,11.939310035171744,12.942866095675788,8.522758485383559,9.978580024067387,2,2,1,1,4,4,9,9,0.03549621024003731,-0.08868490030010638,19.484438,-0.21609674,-13.194237,61.20619,21,2019-07-29,13.62875,0.0,85.2775,8.7,1.0,207.69375,2019,7,29,76.26329315845445,0,Peru_4005.csv
2019-07-30,4005,76.26329315845445,39.0951871657754,11.939310035171744,12.942866095675788,8.522758485383559,9.978580024067387,2,2,1,1,4,4,9,9,0.03549621024003731,-0.08868490030010638,18.912922,-0.3058529,-13.194237,61.20619,21,2019-07-30,13.88625,0.0,81.3025,7.88375,1.0,231.87,2019,7,30,76.26329315845445,0,Peru_4005.csv
2019-07-31,4005,76.26329315845445,39.0951871657754,11.939310035171744,12.942866095675788,8.522758485383559,9.978580024067387,2,2,1,1,4,4,9,9,0.03549621024003731,-0.08868490030010638,18.612354,-0.95683193,-13.194237,61.20619,21,2019-07-31,13.72875,0.0,84.28125,6.905,1.0,177.43375,2019,7,31,76.26329315845445,0,Peru_4005.csv
2019-08-01,4005,76.26329315845445,39.0951871657754,11.939310035171744,12.942866095675788,8.522758485383559,9.978580024067387,2,2,1,1,4,4,9,9,0.03549621024003731,-0.08868490030010638,19.787125,-0.26267636,-13.194237,61.20619,21,2019-08-01,14.18375,0.0,84.9575,8.08375,1.0,178.595,2019,8,1,76.26329315845445,0,Peru_4005.csv
2019-08-02,4005,76.26329315845445,39.0951871657754,11.939310035171744,12.942866095675788,8.522758485383559,9.978580024067387,2,2,1,1,4,4,9,9,0.03549621024003731,-0.08868490030010638,19.341042,-0.42827702,-13.194237,61.20619,21,2019-08-02,14.8775,0.0,84.24375,7.025,1.0,237.42125000000001,2019,8,2,76.26329315845445,0,Peru_4005.csv
2019-08-03,4005,76.26329315845445,39.0951871657754,11.939310035171744,12.942866095675788,8.522758485383559,9.978580024067387,2,2,1,1,4,4,9,9,0.03549621024003731,-0.08868490030010638,18.86077,0.10483065,-13.194237,61.20619,21,2019-08-03,15.22,0.0,84.53125,6.7875,1.0,184.1125,2019,8,3,76.26329315845445,0,Peru_4005.csv
2019-08-04,4005,76.26329315845445,39.0951871657754,11.939310035171744,12.942866095675788,8.522758485383559,9.978580024067387,2,2,1,1,4,4,9,9,0.03549621024003731,-0.08868490030010638,18.340088,0.6952619,-13.194237,61.20619,21,2019-08-04,14.65375,0.0,84.1775,7.0,1.0,194.03125,2019,8,4,76.26329315845445,0,Peru_4005.csv
2019-08-05,4005,76.26329315845445,39.0951871657754,11.939310035171744,12.942866095675788,8.522758485383559,9.978580024067387,2,2,1,1,4,4,9,9,0.03549621024003731,-0.08868490030010638,18.736935,0.423437,-13.194237,61.20619,21,2019-08-05,14.49375,0.0,82.53125,7.74,1.0,182.39124999999999,2019,8,5,76.26329315845445,0,Peru_4005.csv
2019-08-06,4005,76.26329315845445,39.0951871657754,11.939310035171744,12.942866095675788,8.522758485383559,9.978580024067387,2,2,1,1,4,4,9,9,0.03549621024003731,-0.08868490030010638,18.667345,0.10784984,-13.194237,61.20619,21,2019-08-06,13.93625,0.0,84.97375,10.895,1.0,155.24,2019,8,6,76.26329315845445,0,Peru_4005.csv
2019-08-07,4005,76.26329315845445,39.0951871657754,11.939310035171744,12.942866095675788,8.522758485383559,9.978580024067387,2,2,1,1,4,4,9,9,0.03549621024003731,-0.08868490030010638,18.695549,-0.010605611,-13.194237,61.20619,21,2019-08-07,14.015,0.0,84.97,9.52,1.0,176.50625,2019,8,7,76.26329315845445,0,Peru_4005.csv
2019-08-08,4005,76.26329315845445,39.0951871657754,11.939310035171744,12.942866095675788,8.522758485383559,9.978580024067387,2,2,1,1,4,4,9,9,0.03549621024003731,-0.08868490030010638,19.225683,0.6810703,-13.194237,61.20619,21,2019-08-08,14.46,0.0,84.2575,10.65375,1.0,195.90125,2019,8,8,76.26329315845445,0,Peru_4005.csv
2019-08-09,4005,76.26329315845445,39.0951871657754,11.939310035171744,12.942866095675788,8.522758485383559,9.978580024067387,2,2,1,1,4,4,9,9,0.03549621024003731,-0.08868490030010638,18.580505,-0.171549,-13.194237,61.20619,21,2019-08-09,13.97625,0.0,84.295,9.075,1.0,196.84875,2019,8,9,76.26329315845445,0,Peru_4005.csv
2019-08-10,4005,80.4,9.0,30.0,8.0,15.0,20.2,1,1,0,0,0,0,7,7,4.413370343124401,-4.288485317960559,6.375711,-5.2345004,92.12627,-27.396395,21,2019-08-10,14.30125,0.0,83.3125,8.9075,1.0,241.68875,2019,8,10,80.4,0,Peru_4005.csv
2019-08-11,4005,24.6,2.0,18.0,6.0,34.0,6.2,2,2,0,0,0,0,2,2,1.1099482316088312,-9.043898531472902,6.74672,-1.0553151,51.99931,-57.608376,21,2019-08-11,13.754999999999999,0.0,85.85375,9.31125,1.0,197.9025,2019,8,11,34.0,0,Peru_4005.csv
2019-08-12,4005,34.0,4.0,22.0,5.0,35.0,10.4,1,1,0,0,0,0,2,2,3.0314862683188077,-9.123059342188023,6.7223043,-1.1744598,51.233204,-57.879395,21,2019-08-12,13.99,0.0,85.1725,8.29625,1.0,244.19375,2019,8,12,35.0,0,Peru_4005.csv
2019-08-13,4005,57.2,3.0,18.0,5.0,32.0,11.2,1,1,0,0,0,0,2,2,2.8123703381938054,-7.1247542608561325,6.3943906,-1.3956003,48.99092,-57.421062,21,2019-08-13,14.55375,0.0,85.04375,6.8725,1.0,258.66125,2019,8,13,57.2,0,Peru_4005.csv
2019-08-14,4005,28.6,3.0,33.0,7.0,33.0,29.6,1,1,0,0,0,0,2,2,6.296433924669755,-12.008097464375982,6.775706,-2.450002,80.99284,-45.46581,21,2019-08-14,15.25,0.0,79.90125,7.16875,1.0,183.2075,2019,8,14,33.0,0,Peru_4005.csv
2019-08-15,4005,51.4,2.0,27.0,6.0,24.0,14.6,1,1,0,0,0,0,2,2,3.1693325968630854,-7.193115720993649,6.792756,-1.2421572,50.73228,-60.576466,21,2019-08-15,14.25625,0.0,83.615,7.9399999999999995,1.0,188.695,2019,8,15,51.4,0,Peru_4005.csv
2019-08-16,4005,42.2,3.0,24.0,6.0,21.0,13.8,2,2,0,0,0,0,2,2,1.5545812315650613,-7.250627411814527,6.827392,-1.2074044,50.791462,-60.71858,21,2019-08-16,14.0175,0.0,83.0,10.9875,1.0,159.63,2019,8,16,42.2,0,Peru_4005.csv
2019-08-17,4005,64.8,2.0,22.0,6.0,21.0,6.2,2,2,0,0,4,4,2,2,1.5132573384576802,-4.5979051345045026,5.3271093,-0.4240711,49.82653,-33.411594,21,2019-08-17,14.335,0.0,84.45875,8.20125,1.0,196.53125,2019,8,17,64.8,0,Peru_4005.csv
2019-08-18,4005,54.4,2.0,20.0,6.0,30.0,11.8,1,1,0,0,0,0,2,2,2.7256667597898105,-7.182644298853516,6.448908,-1.390519,49.119358,-57.39254,21,2019-08-18,14.63125,0.0,86.13125,7.58375,1.0,187.02125,2019,8,18,54.4,0,Peru_4005.csv
2019-08-19,4005,31.8,4.0,19.0,5.0,31.0,12.4,1,1,0,0,0,0,2,2,1.76896298005473,-8.97302852741411,6.7161255,-1.1602461,51.253532,-58.12324,21,2019-08-19,14.85,0.0,82.8175,8.565,1.0,184.20749999999998,2019,8,19,31.8,0,Peru_4005.csv
2019-08-20,4005,24.6,2.0,18.0,5.0,30.0,9.4,2,2,0,0,0,0,2,2,0.6686856481562891,-9.042516058734718,6.7856445,-1.0188032,52.088184,-58.006252,21,2019-08-20,14.845,0.0,82.995,8.1975,1.0,191.1075,2019,8,20,30.0,0,Peru_4005.csv
2019-08-21,4005,45.0,3.0,19.0,5.0,31.0,12.6,1,1,0,0,0,0,2,2,2.370923610758803,-8.094332906941517,6.4912043,-1.3594177,49.520645,-57.639862,21,2019-08-21,15.2075,0.0,81.0525,8.9825,1.0,188.94625,2019,8,21,45.0,0,Peru_4005.csv
2019-08-22,4005,55.4,3.0,20.0,5.0,31.0,14.6,1,1,0,0,0,0,2,2,3.252490680771566,-7.633856135595043,6.4015718,-1.4605241,48.98116,-57.455082,21,2019-08-22,16.13,0.0,80.47999999999999,8.075,1.0,185.82375000000002,2019,8,22,55.4,0,Peru_4005.csv
2019-08-23,4005,35.4,3.0,22.0,5.0,28.0,10.4,2,2,0,0,0,0,2,2,1.7824243816645136,-8.19170664532057,6.7359877,-1.1535541,51.103775,-58.202187,21,2019-08-23,16.46875,0.0,77.9125,7.51375,1.0,197.22375,2019,8,23,35.4,0,Peru_4005.csv
2019-08-24,4005,58.8,2.0,15.0,4.0,27.0,16.8,1,1,0,0,0,0,2,2,1.8170951346119364,-7.179123316226066,6.154657,-1.5845393,47.12332,-57.949192,21,2019-08-24,15.592500000000001,0.0,83.465,9.30875,1.0,182.4175,2019,8,24,58.8,0,Peru_4005.csv
2019-08-25,4005,52.2,3.0,13.0,4.0,31.0,14.8,1,1,0,0,0,0,2,2,1.6897351950905923,-7.792606126093863,6.195936,-1.5404817,47.24,-57.90248,21,2019-08-25,14.50375,0.0,84.58875,8.76,1.0,193.745,2019,8,25,52.2,0,Peru_4005.csv
2019-08-26,4005,62.6,2.0,17.0,4.0,25.0,30.6,1,1,0,0,0,0,2,2,3.265551311496516,-8.549257417332933,4.8955684,-2.7538276,46.139103,-62.347054,21,2019-08-26,14.555,0.0,81.22375,9.80875,1.0,172.97875,2019,8,26,62.6,0,Peru_4005.csv
2019-08-27,4005,24.6,2.0,29.0,6.0,40.0,25.0,1,1,0,0,0,0,2,2,6.094157716087156,-12.586579685253703,6.7695394,-2.4901202,81.00575,-45.560276,21,2019-08-27,14.36,0.0,83.5625,7.705,1.0,205.175,2019,8,27,40.0,0,Peru_4005.csv
2019-08-28,4005,74.4,1.0,25.0,6.0,34.0,16.2,1,1,0,0,0,0,2,2,5.7668502675435045,-7.000308347667472,6.471936,-1.8214179,48.440033,-56.854214,21,2019-08-28,15.46375,0.0,80.37,8.44,1.0,175.35375,2019,8,28,74.4,0,Peru_4005.csv
2019-08-29,4005,20.8,2.0,18.0,5.0,24.0,5.6,2,2,0,0,0,0,2,2,-0.9342147328333886,-8.05453393136264,6.9003496,-0.7902679,53.00485,-58.511536,21,2019-08-29,15.85875,0.0,78.47874999999999,10.31875,1.0,170.0575,2019,8,29,24.0,0,Peru_4005.csv
2019-08-30,4005,55.2,3.0,20.0,6.0,30.0,10.8,2,2,0,0,0,0,2,2,2.727819145589811,-6.940732233566937,6.412679,-1.3800665,49.128902,-57.34251,21,2019-08-30,14.7975,0.0,80.0375,8.33,1.0,183.67000000000002,2019,8,30,55.2,0,Peru_4005.csv
2019-08-31,4005,55.6,2.0,18.0,5.0,25.0,29.4,1,1,0,0,0,0,2,2,3.027071330651569,-8.846886275365792,5.0754476,-2.6187117,46.19369,-62.24514,21,2019-08-31,16.43,0.0,79.0875,9.7975,1.0,181.64625,2019,8,31,55.6,0,Peru_4005.csv
2019-09-01,4005,30.6,2.0,17.0,4.0,31.0,19.0,1,1,0,0,0,0,2,2,1.7819411271247865,-10.067461824125179,6.6418943,-1.2423384,50.646847,-58.613678,21,2019-09-01,15.73375,0.0,82.6875,7.2275,1.0,206.23874999999998,2019,9,1,31.0,0,Peru_4005.csv
2019-09-02,4005,55.4,3.0,19.0,5.0,30.0,3.0,2,2,0,0,0,0,2,2,1.8431887228154253,-5.930618361882412,6.3190966,-1.2427078,51.703434,-53.682533,21,2019-09-02,15.56,0.0,80.62125,6.755,1.0,206.14624999999998,2019,9,2,55.4,0,Peru_4005.csv
2019-09-03,4005,261.0,32.6,18.0,5.0,22.0,4.0,0,0,3,3,5,5,10,10,11.730979703190547,11.334278245566942,-3.3945749,-0.14861748,83.931786,47.290607,21,2019-09-03,15.64625,0.0,81.66625,6.89625,1.0,204.85750000000002,2019,9,3,261.0,0,Peru_4005.csv
2019-09-04,4005,148.0,40.8,17.0,5.0,7.2,3.0,0,0,3,3,5,5,10,10,3.7448076995222928,5.58425992273005,-2.3974123,0.8221076,75.38078,34.725193,21,2019-09-04,15.653749999999999,0.0,81.745,8.09375,1.0,192.52625,2019,9,4,148.0,0,Peru_4005.csv
2019-09-05,4005,161.0,15.8,18.0,5.0,8.6,2.0,0,0,3,3,5,5,10,10,3.4404107267994504,5.205171233877601,-3.3286948,3.1232703,84.262436,29.409124,21,2019-09-05,15.3725,0.0,81.94875,10.161249999999999,1.0,183.09375,2019,9,5,161.0,0,Peru_4005.csv
2019-09-06,4005,95.0,37.4,17.0,5.0,6.8,2.0,0,0,1,1,4,4,7,7,0.8528598352952895,1.7610731709963552,0.005492384,2.841971,19.274828,-27.089497,21,2019-09-06,15.38875,0.0,82.5775,10.875,1.0,174.5675,2019,9,6,95.0,0,Peru_4005.csv
2019-09-07,4005,100.0,35.0,16.0,5.0,3.0,2.0,0,0,3,3,4,4,7,7,0.0791291005947959,2.505205779836039,-0.7520261,2.3647335,52.638275,32.112415,21,2019-09-07,15.7125,0.0,79.0275,11.83875,1.0,170.67625,2019,9,7,100.0,0,Peru_4005.csv
2019-09-08,4005,86.0,31.0,14.0,4.0,3.4,2.0,2,2,1,1,4,4,7,7,-1.1397805879294658,1.2170606589368105,0.8513487,4.324216,-16.911474,0.7606094,21,2019-09-08,15.44875,0.0,81.4375,14.14875,1.0,166.57375,2019,9,8,86.0,0,Peru_4005.csv
2019-09-09,4005,87.0,17.2,19.0,4.0,3.4,2.0,2,2,1,1,4,4,7,7,-0.7909954969928596,0.47412286834787043,0.0929853,4.886415,11.438449,-33.40093,21,2019-09-09,15.005,0.0,85.46125,9.39625,1.0,193.96375,2019,9,9,87.0,0,Peru_4005.csv
2019-09-10,4005,75.0,44.6,21.0,4.0,5.6,3.0,2,2,1,1,4,4,7,7,0.9472776984211657,0.5191976764407538,-0.7025024,4.518626,34.130695,-31.017153,21,2019-09-10,15.44875,0.0,81.6875,10.35,1.0,263.84000000000003,2019,9,10,75.0,0,Peru_4005.csv
2019-09-11,4005,111.0,41.4,20.0,7.0,9.2,3.0,0,0,3,3,4,4,7,7,2.9673458107523887,2.756584284062683,-1.5764027,1.9371644,71.009094,13.582467,21,2019-09-11,15.9525,0.0,80.0625,11.606250000000001,1.0,186.94875000000002,2019,9,11,111.0,0,Peru_4005.csv
2019-09-12,4005,92.0,43.8,25.0,6.0,2.8,4.0,0,0,3,3,4,4,7,7,2.12467398074827,1.9755773950104207,-1.4799745,3.7639704,79.50093,-0.37841484,21,2019-09-12,15.5,0.0,80.53,8.76625,1.0,210.14,2019,9,12,92.0,0,Peru_4005.csv
2019-09-13,4005,86.0,37.6,23.0,6.0,9.8,3.0,0,0,1,1,4,4,7,7,2.2824317720736587,0.5335023822751465,-1.1696092,3.4944143,68.60598,-19.839317,21,2019-09-13,15.0075,0.0,84.19375,9.553749999999999,1.0,207.91125,2019,9,13,86.0,0,Peru_4005.csv
2019-09-14,4005,98.0,47.4,24.0,6.0,7.2,4.0,0,0,3,3,4,4,7,7,3.1922894296117925,2.061893413580612,-1.4681299,3.2934678,78.88284,-2.3499167,21,2019-09-14,14.68375,0.0,82.45375,9.64125,1.0,216.91,2019,9,14,98.0,0,Peru_4005.csv
2019-09-15,4005,106.0,29.4,16.0,5.0,3.4,2.0,0,0,3,3,4,4,7,7,0.14959971523223212,2.6085261884611843,-1.1735029,2.2382023,53.08888,32.31704,21,2019-09-15,15.62875,0.0,78.99625,9.9275,1.0,178.04749999999999,2019,9,15,106.0,0,Peru_4005.csv
2019-09-16,4005,88.0,50.6,25.0,6.0,13.0,3.0,0,0,3,3,4,4,7,7,4.0395238610972015,0.8782933003265135,3.8758197,-0.7571028,64.22191,-18.306576,21,2019-09-16,15.885,0.0,81.97875,10.14125,1.0,199.90625,2019,9,16,88.0,0,Peru_4005.csv
2019-09-17,4005,133.0,42.2,27.0,5.0,11.0,21.0,0,0,3,3,5,5,10,10,7.407082630950175,1.4342554637697549,-2.486209,1.5434843,82.779434,19.03739,21,2019-09-17,15.7475,0.0,82.6,9.47125,1.0,206.83875,2019,9,17,133.0,0,Peru_4005.csv
2019-09-18,4005,162.0,11.2,19.0,4.0,17.0,19.0,0,0,3,3,5,5,10,10,6.4714943276519,1.6172329303591892,-2.6693723,0.81702197,83.17921,30.691925,21,2019-09-18,15.2325,0.0,83.87,10.1475,1.0,231.26,2019,9,18,162.0,0,Peru_4005.csv
2019-09-19,4005,72.8,35.2,23.0,5.0,17.0,22.0,1,1,0,0,0,0,9,9,4.499807117137561,-4.064286190340585,4.122374,-3.2410028,28.61207,-65.69166,21,2019-09-19,15.69625,0.0,82.00999999999999,7.588749999999999,1.0,195.94875,2019,9,19,72.8,0,Peru_4005.csv
2019-09-20,4005,84.4,38.0,12.0,4.0,18.0,19.0,1,1,1,1,4,4,9,9,2.8796406379878854,-2.6098152096510656,3.8922944,-2.787215,34.840393,-64.140114,21,2019-09-20,15.8175,0.0,80.05875,11.0625,1.0,173.09875,2019,9,20,84.4,0,Peru_4005.csv
2019-09-21,4005,64.4,23.6,17.0,5.0,19.0,19.0,1,1,0,0,4,4,2,2,2.367121757567749,-4.955652345366137,4.1209145,-3.0470324,30.922224,-67.17487,21,2019-09-21,15.11625,0.0,85.0275,8.1525,1.0,181.265,2019,9,21,64.4,0,Peru_4005.csv
2019-09-22,4005,80.8,23.2,13.0,4.0,16.0,19.0,2,2,1,1,4,4,9,9,1.7792862771714346,-3.385647421158784,4.0349517,-2.934258,34.903687,-66.38386,21,2019-09-22,16.23125,0.0,82.24625,9.63125,1.0,195.83375,2019,9,22,80.8,0,Peru_4005.csv
2019-09-23,4005,67.0,54.8,15.0,5.0,16.0,21.0,1,1,1,1,4,4,9,9,3.3414125420169887,-3.0443771396035855,3.8338714,-2.7451794,34.87193,-62.290527,21,2019-09-23,16.09,0.0,83.46625,9.213750000000001,1.0,191.20375,2019,9,23,67.0,0,Peru_4005.csv
2019-09-24,4005,76.2,28.0,22.0,5.0,14.0,21.0,1,1,0,0,4,4,9,9,3.4556822081999417,-3.643351665976169,3.9888518,-3.3378549,28.168879,-65.63557,21,2019-09-24,16.50625,0.0,83.24,9.35875,1.0,202.33875,2019,9,24,76.2,0,Peru_4005.csv
2019-09-25,4005,59.4,30.2,20.0,5.0,15.0,21.0,1,1,0,0,4,4,9,9,2.533811789791491,-4.825618371710792,4.0509143,-3.3418696,29.118788,-66.74015,21,2019-09-25,16.61875,0.0,82.82374999999999,8.75875,1.0,186.1675,2019,9,25,59.4,0,Peru_4005.csv
2019-09-26,4005,80.0,50.2,14.0,5.0,22.0,22.0,1,1,0,0,4,4,2,2,4.697750965980633,-3.197438162965073,4.1317573,-2.7357538,36.067085,-62.711666,21,2019-09-26,16.6225,0.0,80.5775,9.56375,1.0,178.21875,2019,9,26,80.0,0,Peru_4005.csv
2019-09-27,4005,71.0,57.4,14.0,4.0,21.0,22.0,1,1,0,0,4,4,2,2,4.455991934155257,-3.4354771785070395,4.0418634,-2.7524025,35.732777,-62.559917,21,2019-09-27,16.58625,0.0,81.455,10.9525,1.0,181.24625,2019,9,27,71.0,0,Peru_4005.csv
2019-09-28,4005,85.0,25.4,13.0,4.0,21.0,21.0,1,1,1,1,4,4,9,9,3.176063442545023,-3.8676905851723657,4.178409,-2.7176874,35.904575,-65.376884,21,2019-09-28,16.48625,0.0,80.94875,12.1425,1.0,172.5125,2019,9,28,85.0,0,Peru_4005.csv
2019-09-29,4005,77.8,128.6,10.0,4.0,22.0,21.0,0,0,3,3,5,5,11,11,7.761694245991953,0.7332625953166588,-1.6129283,-1.7699172,22.250893,82.05918,21,2019-09-29,16.93625,0.0,79.6575,10.94875,1.0,180.18375,2019,9,29,128.6,0,Peru_4005.csv
2019-09-30,4005,78.8,19.6,13.0,5.0,17.0,20.0,2,2,1,1,4,4,9,9,1.7662775189217539,-3.8973237885429093,4.110711,-2.9276752,34.923115,-66.471535,21,2019-09-30,16.807499999999997,0.0,82.33875,10.58125,1.0,189.85875,2019,9,30,78.8,0,Peru_4005.csv
2019-10-01,4005,67.6,31.6,15.0,5.0,17.0,20.0,1,1,1,1,4,4,9,9,2.257063072721663,-4.1559216946944835,4.0604053,-2.9992454,31.572214,-67.201866,21,2019-10-01,16.6425,0.0,82.30624999999999,10.52875,1.0,183.105,2019,10,1,67.6,0,Peru_4005.csv
2019-10-02,4005,70.8,41.6,16.0,5.0,24.0,20.0,1,1,0,0,0,0,2,2,4.399055519658452,-4.3277511011637095,4.4549646,-2.611986,41.99594,-60.654335,21,2019-10-02,17.31,0.0,81.57875,10.1575,1.0,203.69875,2019,10,2,70.8,0,Peru_4005.csv
2019-10-03,4005,56.4,26.4,16.0,5.0,28.0,21.0,1,1,0,0,0,0,2,2,3.7261086501878937,-6.769060562916736,5.43342,-2.2781653,43.791412,-60.131046,21,2019-10-03,17.01625,0.0,82.5175,10.43,1.0,187.11375,2019,10,3,56.4,0,Peru_4005.csv
2019-10-04,4005,54.8,46.4,15.0,5.0,28.0,19.0,1,1,0,0,0,0,2,2,4.307977415047894,-5.589788154296836,5.349472,-2.2762837,42.96179,-61.55323,21,2019-10-04,16.68875,0.0,82.08625,11.93625,1.0,198.95875,2019,10,4,54.8,0,Peru_4005.csv
2019-10-05,4005,67.8,29.8,18.0,5.0,25.0,18.0,1,1,0,0,0,0,2,2,4.052267296528242,-5.043916030726647,5.334481,-2.3787405,43.221333,-59.565453,21,2019-10-05,15.94625,0.0,83.45375,11.7675,1.0,216.9325,2019,10,5,67.8,0,Peru_4005.csv
2019-10-06,4005,60.0,31.0,16.0,5.0,31.0,18.0,1,1,0,0,0,0,2,2,4.415510748211468,-6.253437603261441,5.445469,-2.273872,43.933178,-60.526684,21,2019-10-06,15.84125,0.0,81.68125,10.61,1.0,249.38,2019,10,6,60.0,0,Peru_4005.csv
2019-10-07,4005,60.0,31.0,16.0,5.0,31.0,18.0,1,1,0,0,0,0,2,2,4.415510748211468,-6.253437603261441,5.4526196,-2.2752206,43.933178,-60.526684,21,2019-10-07,15.508750000000001,0.0,82.91125,8.76625,1.0,200.0925,2019,10,7,60.0,0,Peru_4005.csv
2019-10-08,4005,65.0,26.2,20.0,5.0,36.0,18.0,1,1,0,0,0,0,2,2,6.12450501281348,-6.859563655384439,5.6137905,-2.2301278,44.77276,-60.5024,21,2019-10-08,15.28,0.0,82.4475,7.54,1.0,200.1725,2019,10,8,65.0,0,Peru_4005.csv
2019-10-09,4005,66.4,24.2,19.0,5.0,34.0,19.0,1,1,0,0,0,0,2,2,5.61158628666276,-6.716179428408809,5.5728455,-2.2497475,44.61582,-60.443504,21,2019-10-09,14.9675,0.0,82.095,8.91875,1.0,190.84375,2019,10,9,66.4,0,Peru_4005.csv
2019-10-10,4005,59.2,27.4,22.0,5.0,27.0,20.0,1,1,0,0,0,0,2,2,4.865224506330382,-6.404804929264899,5.444484,-2.2819848,44.259293,-59.386574,21,2019-10-10,14.81375,0.0,81.6875,7.1075,1.0,217.0675,2019,10,10,59.2,0,Peru_4005.csv
2019-10-11,4005,81.4,35.8,26.0,6.0,41.0,20.0,1,1,0,0,0,0,2,2,9.716512198399386,-6.162394170380476,6.6369066,-2.564271,79.18286,-48.009983,21,2019-10-11,14.8475,0.0,81.78625,8.6225,1.0,198.08625,2019,10,11,81.4,0,Peru_4005.csv
2019-10-12,4005,80.6,37.2,26.0,6.0,25.0,20.0,1,1,0,0,0,0,2,2,6.860233394195534,-4.138385287403315,4.817766,-2.514548,72.23292,-33.40216,21,2019-10-12,15.129999999999999,0.0,80.77125,8.3075,1.0,195.56625,2019,10,12,80.6,0,Peru_4005.csv
2019-10-13,4005,67.4,34.6,21.0,6.0,28.0,20.0,1,1,0,0,0,0,2,2,5.613160795770038,-5.478054615821006,5.3333397,-2.3682826,43.926968,-59.71005,21,2019-10-13,15.76375,0.0,80.77375,7.39875,1.0,197.21875,2019,10,13,67.4,0,Peru_4005.csv
2019-10-14,4005,56.8,46.6,14.0,5.0,30.0,22.0,1,1,0,0,0,0,2,2,4.837659023396284,-6.063332108380713,5.260012,-2.2487886,42.929302,-61.657696,21,2019-10-14,16.509999999999998,0.0,78.28125,11.24125,1.0,178.09375,2019,10,14,56.8,0,Peru_4005.csv
2019-10-15,4005,84.8,35.6,15.0,6.0,25.0,22.0,1,1,0,0,0,0,2,2,4.917381809602946,-3.91061000836452,4.3210135,-2.592286,37.604057,-62.978382,21,2019-10-15,16.73,0.0,80.44125,8.89125,1.0,193.52125,2019,10,15,84.8,0,Peru_4005.csv
2019-10-16,4005,59.2,28.2,19.0,7.0,26.0,20.0,1,1,0,0,0,0,2,2,4.118403473706649,-6.018493455333699,5.4338326,-2.3105311,43.88274,-59.463306,21,2019-10-16,16.96,0.0,77.95125,11.07,1.0,180.25,2019,10,16,59.2,0,Peru_4005.csv
2019-10-17,4005,87.6,42.2,15.0,6.0,24.0,21.0,1,1,0,0,4,4,2,2,5.126276859303826,-3.117425494018292,4.278031,-2.6219437,37.339344,-62.862873,21,2019-10-17,16.665,0.0,81.58,9.06375,1.0,222.70375,2019,10,17,87.6,0,Peru_4005.csv
2019-10-18,4005,93.2,41.8,15.0,6.0,24.0,19.0,1,1,0,0,4,4,2,2,5.198672139877277,-2.464346502887635,4.289802,-2.519496,37.49092,-62.917877,21,2019-10-18,16.94625,0.0,80.09875,8.25375,1.0,225.79749999999999,2019,10,18,93.2,0,Peru_4005.csv
2019-10-19,4005,86.6,25.6,16.0,6.0,27.0,19.0,1,1,0,0,0,0,2,2,4.784237504328924,-4.156216132175023,4.732855,-2.2015138,39.315872,-63.14027,21,2019-10-19,16.8375,0.0,80.98,9.2975,1.0,212.42625,2019,10,19,86.6,0,Peru_4005.csv
2019-10-20,4005,87.0,29.0,16.0,8.0,31.0,18.0,1,1,0,0,0,0,2,2,5.617309282239641,-4.179492603135642,4.863858,-2.1233692,39.62999,-63.248383,21,2019-10-20,17.0175,0.0,81.66749999999999,10.705,1.0,187.07375,2019,10,20,87.0,0,Peru_4005.csv
2019-10-21,4005,80.0,41.6,12.0,6.0,32.0,18.0,1,1,0,0,0,0,2,2,5.298283390941042,-4.227891833679109,4.9810624,-2.1347501,40.521458,-64.850296,21,2019-10-21,16.35875,0.0,80.69125,9.00375,1.0,220.23375,2019,10,21,80.0,0,Peru_4005.csv
2019-10-22,4005,61.8,27.2,18.0,7.0,29.0,19.0,1,1,0,0,0,0,2,2,4.441816737144714,-6.099044425535467,5.4458675,-2.3018742,44.013092,-59.912716,21,2019-10-22,16.26125,0.0,78.58375,8.68625,1.0,202.7025,2019,10,22,61.8,0,Peru_4005.csv
2019-10-23,4005,75.8,58.4,22.0,8.0,34.0,20.0,1,1,0,0,0,0,2,2,8.545109298879026,-4.309469476422764,4.8797565,-2.4349158,71.6387,-35.556534,21,2019-10-23,16.67625,0.0,78.04625,11.23125,1.0,176.505,2019,10,23,75.8,0,Peru_4005.csv
2019-10-24,4005,64.2,52.6,22.0,8.0,27.0,20.0,1,1,0,0,0,0,2,2,6.420013316327407,-4.559883818621119,4.8557987,-2.4955475,70.77897,-35.351273,21,2019-10-24,16.73625,0.0,78.005,11.61875,1.0,176.25125,2019,10,24,64.2,0,Peru_4005.csv
2019-10-25,4005,62.0,35.2,16.0,8.0,24.0,20.0,1,1,0,0,0,0,2,2,3.6466287271933386,-5.066104625625718,5.346429,-2.3397565,42.80635,-60.105385,21,2019-10-25,16.35125,0.0,79.495,9.8775,1.0,195.475,2019,10,25,62.0,0,Peru_4005.csv
2019-10-26,4005,78.2,34.8,16.0,7.0,11.0,19.0,2,2,1,1,4,4,9,9,1.9683834674850833,-2.218165836653589,3.6047378,-3.2782032,25.968315,-62.794746,21,2019-10-26,15.85875,0.0,81.36375,10.90875,1.0,178.145,2019,10,26,78.2,0,Peru_4005.csv
2019-10-27,4005,76.4,43.2,10.0,8.8,8.4,15.6,2,2,1,1,4,4,9,9,0.3293178367344581,-0.86538683986037,2.6026936,-2.2738042,4.772904,-50.29307,21,2019-10-27,16.00375,0.0,80.02125,9.48375,1.0,196.01125,2019,10,27,76.4,0,Peru_4005.csv
2019-10-28,4005,69.8,48.8,11.0,6.0,9.8,12.6,2,2,1,1,4,4,9,9,0.48950655632385953,-1.0665065726266723,2.8829181,-2.0564954,1.6218761,-50.723007,21,2019-10-28,17.11375,0.0,80.17625,10.13,1.0,191.9525,2019,10,28,69.8,0,Peru_4005.csv
2019-10-29,4005,74.2,36.8,18.0,8.2,3.0,8.8,2,2,1,1,4,4,7,7,-0.05832299351097268,0.0022305636509753466,0.41884306,4.722521,19.205038,-36.952595,21,2019-10-29,17.0325,0.0,82.54625,8.58,1.0,207.72,2019,10,29,74.2,0,Peru_4005.csv
2019-10-30,4005,73.8,20.8,19.0,12.4,13.2,9.0,2,2,1,1,4,4,7,7,1.1608924558930414,-1.855421697464206,-3.7317784,-1.8525075,43.27198,-32.56861,21,2019-10-30,16.88375,0.0,79.9575,8.08125,1.0,225.85375,2019,10,30,73.8,0,Peru_4005.csv
2019-10-31,4005,82.8,20.4,20.0,16.4,12.4,10.6,2,2,1,1,4,4,7,7,1.780062183496764,-1.069455109741351,-3.7320406,-1.8549285,42.832497,-32.22733,21,2019-10-31,18.31625,0.0,75.22625,7.23625,1.0,213.52625,2019,10,31,82.8,0,Peru_4005.csv
2019-11-01,4005,71.6,42.2,29.0,17.2,5.2,19.6,0,0,0,0,4,4,7,7,3.7006249687840316,-1.2505443545066317,4.396297,-4.180828,82.435844,-26.693567,21,2019-11-01,19.185,0.0,75.37,8.58625,1.0,191.06375,2019,11,1,71.6,0,Peru_4005.csv
2019-11-02,4005,100.0,35.0,17.0,12.6,11.2,15.0,0,0,3,3,4,4,9,9,2.9237697442996247,0.26552875515672075,2.7291658,-2.526166,52.549427,-3.7644346,21,2019-11-02,18.51125,0.0,79.095,10.82125,1.0,190.28125,2019,11,2,100.0,0,Peru_4005.csv
2019-11-03,4005,90.2,76.2,16.0,8.6,5.0,6.2,0,0,3,3,5,5,11,11,2.485293302696996,3.311063225495585,1.4281996,0.13994971,38.6988,18.268003,21,2019-11-03,17.77375,0.0,80.9625,8.18125,1.0,217.34,2019,11,3,90.2,0,Peru_4005.csv
2019-11-04,4005,70.4,59.8,12.0,7.2,7.4,14.8,2,2,1,1,4,4,9,9,1.056131135629414,-0.401200372688805,2.2121568,-2.2188563,2.6674151,-54.644135,21,2019-11-04,18.00625,0.0,79.84375,9.09125,1.0,195.90625,2019,11,4,70.4,0,Peru_4005.csv
2019-11-05,4005,100.0,35.0,17.0,12.6,11.2,15.0,0,0,3,3,4,4,9,9,2.9237697442996247,0.26552875515672075,2.7230616,-2.542514,52.549427,-3.7644346,21,2019-11-05,17.43875,0.0,81.4325,10.745,1.0,202.6575,2019,11,5,100.0,0,Peru_4005.csv
2019-11-06,4005,73.8,20.8,19.0,12.4,13.2,9.0,2,2,1,1,4,4,7,7,1.1608924558930414,-1.855421697464206,-3.737642,-1.8473227,43.271988,-32.568546,21,2019-11-06,17.3625,0.0,81.9325,9.42,1.0,198.5375,2019,11,6,73.8,0,Peru_4005.csv
2019-11-07,4005,73.8,20.8,19.0,12.4,13.2,9.0,2,2,1,1,4,4,7,7,1.1608924558930414,-1.855421697464206,-3.7327864,-1.8520612,43.271935,-32.568638,21,2019-11-07,17.27875,0.0,80.2875,10.37625,1.0,200.5675,2019,11,7,73.8,0,Peru_4005.csv
2019-11-08,4005,87.6,40.6,15.0,22.4,7.0,10.2,0,0,3,3,4,4,9,9,1.0411377416183645,1.5858775217387486,0.027508328,1.5904813,29.60953,2.1761274,21,2019-11-08,17.43375,0.0,79.95375,8.151250000000001,1.0,204.08875,2019,11,8,87.6,0,Peru_4005.csv
2019-11-09,4005,100.0,35.0,17.0,12.6,11.2,15.0,0,0,3,3,4,4,9,9,2.9237697442996247,0.26552875515672075,2.7214706,-2.5157077,52.54928,-3.7645802,21,2019-11-09,17.9725,0.0,81.76125,8.98625,1.0,203.48875,2019,11,9,100.0,0,Peru_4005.csv
2019-11-10,4005,90.2,76.2,16.0,8.6,5.0,6.2,0,0,3,3,5,5,11,11,2.485293302696996,3.311063225495585,1.4216019,0.15037973,38.6988,18.268003,21,2019-11-10,17.888749999999998,0.0,80.0425,8.67125,1.0,193.93375,2019,11,10,90.2,0,Peru_4005.csv
2019-11-11,4005,70.4,59.8,12.0,7.2,7.4,14.8,2,2,1,1,4,4,9,9,1.056131135629414,-0.401200372688805,2.2138581,-2.2132492,2.6674151,-54.644135,21,2019-11-11,18.052500000000002,0.0,79.85875,9.5525,1.0,189.82375,2019,11,11,70.4,0,Peru_4005.csv
2019-11-12,4005,59.8,40.6,13.0,7.0,10.4,5.6,2,2,1,1,4,4,9,9,-0.5203031278437227,-1.316149644003847,4.1503735,1.5851198,-14.869637,-34.489815,21,2019-11-12,18.05,0.0,79.10875,10.44125,1.0,186.19875,2019,11,12,59.8,0,Peru_4005.csv
2019-11-13,4005,76.6,27.2,14.0,9.2,12.0,9.0,2,2,1,1,4,4,9,9,0.3893627603296816,-1.2917087399254237,4.8781085,1.2241912,16.188265,-45.10964,21,2019-11-13,18.07125,0.0,80.8575,12.3125,1.0,178.9325,2019,11,13,76.6,0,Peru_4005.csv
2019-11-14,4005,76.4,43.2,10.0,8.8,8.4,15.6,2,2,1,1,4,4,9,9,0.3293178367344581,-0.86538683986037,2.5876005,-2.2794805,4.773008,-50.29312,21,2019-11-14,18.0475,0.0,79.64625,10.21,1.0,180.83625,2019,11,14,76.4,0,Peru_4005.csv
2019-11-15,4005,77.4,46.2,11.0,12.0,12.0,32.0,1,1,2,2,3,3,4,4,2.841188779701128,-3.0810660829447807,3.0914092,-4.1865597,2.5930796,-76.65546,21,2019-11-15,18.12,0.0,80.715,10.75125,1.0,185.27125,2019,11,15,77.4,0,Peru_4005.csv
2019-11-16,4005,77.0,21.4,10.8,8.0,24.0,20.0,1,1,1,1,4,4,2,2,2.594156373584628,-4.543622184118383,4.6839275,-2.3615136,38.373688,-65.91369,21,2019-11-16,18.5025,0.0,78.4375,11.88375,1.0,178.45250000000001,2019,11,16,77.0,0,Peru_4005.csv
2019-11-17,4005,79.2,37.2,11.0,5.0,31.0,20.0,1,1,0,0,0,0,2,2,4.8222015020866635,-4.696883467955904,4.973956,-2.1736681,40.52288,-65.0351,21,2019-11-17,18.10625,0.0,80.725,12.008750000000001,1.0,179.09875,2019,11,17,79.2,0,Peru_4005.csv
2019-11-18,4005,69.8,36.4,5.2,5.0,24.0,20.0,1,1,1,1,1,1,2,2,1.8824556271552395,-4.394121567821471,4.2688975,-2.6068313,38.973618,-68.750694,21,2019-11-18,18.01125,0.0,81.48,11.918750000000001,1.0,179.48499999999999,2019,11,18,69.8,0,Peru_4005.csv
2019-11-19,4005,235.0,48.8,3.6,5.0,23.0,19.0,0,0,3,3,5,5,10,10,9.894879765211368,8.486156673657028,-3.440925,-0.19044396,86.46829,42.719814,21,2019-11-19,17.884999999999998,0.0,81.6475,9.415,1.0,202.72,2019,11,19,235.0,0,Peru_4005.csv
2019-11-20,4005,133.0,64.6,8.0,5.0,16.0,20.0,0,0,3,3,5,5,10,10,5.518778750353723,2.5316844072876576,-2.5926213,-0.16854174,84.024155,39.14688,21,2019-11-20,18.490000000000002,0.0,77.9325,8.86625,1.0,194.4275,2019,11,20,133.0,0,Peru_4005.csv
2019-11-21,4005,144.0,63.2,4.8,5.0,26.0,21.0,0,0,3,3,5,5,10,10,7.2198361126704205,1.9456619061312337,-3.2989895,-0.22804199,85.475006,40.0908,21,2019-11-21,18.41875,0.0,78.11375,10.168750000000001,1.0,189.9175,2019,11,21,144.0,0,Peru_4005.csv
2019-11-22,4005,74.8,33.2,7.8,5.0,22.0,19.0,1,1,1,1,4,4,9,9,2.0366897373047204,-3.8714607138167763,4.5448465,-2.4149427,38.565945,-66.618706,21,2019-11-22,18.916249999999998,0.0,77.87,11.133750000000001,1.0,180.3525,2019,11,22,74.8,0,Peru_4005.csv
2019-11-23,4005,71.2,22.2,97.0,5.0,20.0,19.0,1,1,0,0,0,0,0,0,19.08567543547953,-6.635002842079005,5.321276,-6.06107,102.97598,-16.73011,21,2019-11-23,19.03125,0.0,78.67,12.4225,1.0,167.69625,2019,11,23,97.0,0,Peru_4005.csv
2019-11-24,4005,112.6,88.8,98.0,8.4,18.6,47.4,1,1,0,0,0,0,0,0,27.00720796298171,-3.700481195610372,-0.9476753,-8.270093,105.78045,-20.02706,21,2019-11-24,19.16875,0.0,80.975,11.7925,1.0,174.35375,2019,11,24,112.6,0,Peru_4005.csv
2019-11-25,4005,76.26329315845445,39.0951871657754,11.939310035171744,12.942866095675788,8.522758485383559,9.978580024067387,2,2,1,1,4,4,9,9,0.03549621024003731,-0.08868490030010638,19.661943,0.3456185,-13.194237,61.20619,21,2019-11-25,19.17625,0.0,81.83375,11.66,1.0,191.85,2019,11,25,76.26329315845445,0,Peru_4005.csv
2019-11-26,4005,76.26329315845445,39.0951871657754,11.939310035171744,12.942866095675788,8.522758485383559,9.978580024067387,2,2,1,1,4,4,9,9,0.03549621024003731,-0.08868490030010638,19.186394,-0.40381733,-13.194237,61.20619,21,2019-11-26,19.6625,0.0,82.025,10.42,1.0,195.25,2019,11,26,76.26329315845445,0,Peru_4005.csv
2019-11-27,4005,76.26329315845445,39.0951871657754,11.939310035171744,12.942866095675788,8.522758485383559,9.978580024067387,2,2,1,1,4,4,9,9,0.03549621024003731,-0.08868490030010638,19.787567,-0.6053314,-13.194237,61.20619,21,2019-11-27,19.42625,0.0,81.74,9.4675,1.0,246.92249999999999,2019,11,27,76.26329315845445,0,Peru_4005.csv
2019-11-28,4005,86.6,34.2,7.2,7.0,11.0,22.0,2,2,1,1,4,4,4,4,0.8160895388128289,-1.8243961172253105,3.419196,-2.7059872,2.6172435,-78.548744,21,2019-11-28,19.48625,0.0,77.41625,9.05125,1.0,256.27625,2019,11,28,86.6,0,Peru_4005.csv
2019-11-29,4005,82.2,24.8,7.0,6.0,26.0,19.0,1,1,1,1,4,4,2,2,2.5181049849105213,-4.166856661451213,4.726403,-2.2578387,38.69068,-65.817825,21,2019-11-29,19.341250000000002,0.0,82.4,9.6575,1.0,200.1475,2019,11,29,82.2,0,Peru_4005.csv
2019-11-30,4005,70.6,28.6,10.0,6.0,24.0,19.0,1,1,1,1,4,4,2,2,2.405737588071501,-4.638740887046881,4.666908,-2.351416,38.532204,-66.29124,21,2019-11-30,19.5925,0.0,80.56875,9.94375,1.0,190.86625,2019,11,30,70.6,0,Peru_4005.csv
2019-12-01,4005,75.6,48.8,6.4,6.0,33.0,19.0,1,1,0,0,0,0,2,2,4.589561287413269,-4.306757224222975,4.9299006,-2.1873176,40.591076,-67.865135,21,2019-12-01,20.82625,0.0,75.51,10.40625,1.0,183.65625,2019,12,1,75.6,0,Peru_4005.csv
2019-12-02,4005,74.0,34.6,9.2,5.0,26.0,18.0,1,1,1,1,4,4,2,2,2.990073395740197,-4.262834586938902,4.7358274,-2.300848,39.004723,-66.122765,21,2019-12-02,19.70125,0.0,81.595,10.37125,1.0,186.36,2019,12,2,74.0,0,Peru_4005.csv
2019-12-03,4005,60.0,42.2,5.2,5.0,23.0,18.0,2,2,1,1,1,1,9,9,1.3540788971615392,-4.419347084763489,4.33293,-2.607544,38.672005,-68.93055,21,2019-12-03,19.21,0.0,85.30375,10.1825,1.0,192.27625,2019,12,3,60.0,0,Peru_4005.csv
2019-12-04,4005,57.2,38.8,8.8,5.0,21.0,18.0,2,2,1,1,1,1,9,9,1.4138623612406098,-4.6299462062583885,4.315511,-2.5791574,37.613316,-68.54354,21,2019-12-04,19.6225,0.0,82.09375,10.15875,1.0,182.30374999999998,2019,12,4,57.2,0,Peru_4005.csv
2019-12-05,4005,70.8,32.0,10.4,5.0,30.0,19.0,1,1,0,0,0,0,2,2,3.755957735915756,-5.291276778428699,4.9868455,-2.2163916,40.86542,-65.17189,21,2019-12-05,20.4,0.0,78.07375,10.515,1.0,182.06,2019,12,5,70.8,0,Peru_4005.csv
2019-12-06,4005,58.0,28.8,9.4,5.0,31.0,18.0,1,1,0,0,0,0,2,2,2.861451847864753,-6.345524633041133,5.195006,-2.1728716,41.944687,-64.83992,21,2019-12-06,20.775,0.0,79.36875,11.0125,1.0,186.76875,2019,12,6,58.0,0,Peru_4005.csv
2019-12-07,4005,66.4,43.8,13.6,5.0,42.0,18.0,1,1,0,0,0,0,2,2,6.887837864912771,-6.472197302416749,5.649728,-2.181472,66.92526,-52.177975,21,2019-12-07,20.298750000000002,0.0,81.27625,11.6225,1.0,183.81125,2019,12,7,66.4,0,Peru_4005.csv
2019-12-08,4005,64.8,27.0,4.4,5.0,32.0,18.0,1,1,1,1,1,1,2,2,2.258656518600993,-5.945737825540369,5.460457,-1.9935496,64.13227,-53.105923,21,2019-12-08,20.39125,0.0,80.77,11.0175,1.0,193.31875,2019,12,8,64.8,0,Peru_4005.csv
2019-12-09,4005,67.4,42.4,8.8,5.0,44.0,18.0,1,1,0,0,0,0,2,2,6.247625203234047,-6.602915458860613,5.6966605,-2.1801734,66.85432,-52.263134,21,2019-12-09,20.3425,0.0,82.9675,10.315,1.0,196.43625,2019,12,9,67.4,0,Peru_4005.csv
2019-12-10,4005,64.4,52.4,5.6,5.0,27.0,19.0,1,1,1,1,1,1,2,2,2.9885921757653877,-4.236121028952579,4.283604,-2.6060712,39.56934,-68.93775,21,2019-12-10,20.3325,0.0,81.71875,12.22,1.0,175.60750000000002,2019,12,10,64.4,0,Peru_4005.csv
2019-12-11,4005,79.6,27.2,10.2,5.0,25.0,19.0,1,1,1,1,4,4,2,2,2.9867214928584964,-4.261245311130753,4.709283,-2.307054,38.623684,-65.90277,21,2019-12-11,19.40625,0.0,85.63125,12.185,1.0,177.40625,2019,12,11,79.6,0,Peru_4005.csv
2019-12-12,4005,79.6,27.2,10.2,5.0,25.0,19.0,1,1,1,1,4,4,2,2,2.9867214928584964,-4.261245311130753,4.6908126,-2.3097868,38.623684,-65.90277,21,2019-12-12,19.3975,0.0,84.37875,8.7925,1.0,211.1525,2019,12,12,79.6,0,Peru_4005.csv
2019-12-13,4005,69.6,51.0,40.0,8.0,22.0,21.0,1,1,0,0,0,0,0,0,9.445905312015004,-4.198899878286029,5.0665946,-3.0185401,86.595024,-35.205658,21,2019-12-13,20.5775,0.0,79.125,8.4325,1.0,183.63,2019,12,13,69.6,0,Peru_4005.csv
2019-12-14,4005,37.8,50.0,28.0,16.0,103.0,58.0,1,1,0,0,0,0,2,2,23.33295100601824,-20.80662178596859,6.7021217,-3.6927586,75.17337,-60.0916,21,2019-12-14,20.99375,0.0,78.485,9.8975,1.0,180.64125,2019,12,14,103.0,0,Peru_4005.csv
2019-12-15,4005,81.6,41.4,9.0,5.0,23.0,38.0,1,1,2,2,3,3,8,8,4.894514681511667,-5.6668429655322266,3.6574872,-6.925711,35.8209,-81.32296,21,2019-12-15,19.962500000000002,0.0,82.175,11.625,1.0,193.44875,2019,12,15,81.6,0,Peru_4005.csv
2019-12-16,4005,65.8,29.0,6.0,4.0,23.0,40.0,1,1,2,2,3,3,8,8,3.0532961939605494,-7.699159174667195,3.5858862,-6.852297,34.547062,-79.97909,21,2019-12-16,19.375,0.0,81.3675,10.725,1.0,186.79125,2019,12,16,65.8,0,Peru_4005.csv
2019-12-17,4005,66.8,47.8,5.0,4.0,22.0,9.0,2,2,1,1,1,1,9,9,0.9546973475398881,-2.384069684509558,5.4608936,0.47432443,-17.077965,-41.99139,21,2019-12-17,19.705000000000002,0.0,79.82249999999999,8.682500000000001,1.0,200.98375,2019,12,17,66.8,0,Peru_4005.csv
2019-12-18,4005,69.8,38.6,7.0,4.0,29.0,9.0,2,2,1,1,4,4,2,2,2.2928869817064426,-3.557648199255983,5.3138304,-1.4966198,59.376324,-47.873478,21,2019-12-18,19.728749999999998,0.0,80.485,8.52,1.0,186.87625,2019,12,18,69.8,0,Peru_4005.csv
2019-12-19,4005,86.6,42.6,7.0,4.0,27.0,28.0,1,1,2,2,3,3,2,2,4.628266973305165,-4.432816406349158,4.08487,-2.642974,40.392815,-69.338585,21,2019-12-19,20.9675,0.0,76.63499999999999,11.2825,1.0,182.4525,2019,12,19,86.6,0,Peru_4005.csv
2019-12-20,4005,64.6,38.4,6.0,4.0,10.0,15.0,2,2,1,1,1,1,4,4,-1.073885047650686,-2.33366723878646,1.5473608,-2.5739033,-43.87565,-18.28284,21,2019-12-20,20.87375,0.0,81.39750000000001,11.98125,1.0,197.55625,2019,12,20,64.6,0,Peru_4005.csv
2019-12-21,4005,76.26329315845445,39.0951871657754,11.939310035171744,12.942866095675788,8.522758485383559,9.978580024067387,2,2,1,1,4,4,9,9,0.03549621024003731,-0.08868490030010638,18.615017,-0.63056767,-13.194237,61.20619,21,2019-12-21,20.5925,0.0,82.63875,10.01625,1.0,177.33375,2019,12,21,76.26329315845445,0,Peru_4005.csv
2019-12-22,4005,76.26329315845445,39.0951871657754,11.939310035171744,12.942866095675788,8.522758485383559,9.978580024067387,2,2,1,1,4,4,9,9,0.03549621024003731,-0.08868490030010638,18.89256,-0.46826372,-13.194237,61.20619,21,2019-12-22,20.451249999999998,0.0,81.07875,8.42,1.0,219.0875,2019,12,22,76.26329315845445,0,Peru_4005.csv
2019-12-23,4005,76.26329315845445,39.0951871657754,11.939310035171744,12.942866095675788,8.522758485383559,9.978580024067387,2,2,1,1,4,4,9,9,0.03549621024003731,-0.08868490030010638,19.604576,0.49964643,-13.194237,61.20619,21,2019-12-23,21.1275,0.0,82.35375,9.32875,1.0,195.20875,2019,12,23,76.26329315845445,0,Peru_4005.csv
2019-12-24,4005,76.26329315845445,39.0951871657754,11.939310035171744,12.942866095675788,8.522758485383559,9.978580024067387,2,2,1,1,4,4,9,9,0.03549621024003731,-0.08868490030010638,18.965027,0.5920162,-13.194237,61.20619,21,2019-12-24,21.01125,0.0,81.73375,10.93375,1.0,188.995,2019,12,24,76.26329315845445,0,Peru_4005.csv
2019-12-25,4005,76.26329315845445,39.0951871657754,11.939310035171744,12.942866095675788,8.522758485383559,9.978580024067387,2,2,1,1,4,4,9,9,0.03549621024003731,-0.08868490030010638,18.463438,-0.16269392,-13.194237,61.20619,21,2019-12-25,20.65375,0.0,81.4475,10.57125,1.0,185.975,2019,12,25,76.26329315845445,0,Peru_4005.csv
2019-12-26,4005,76.26329315845445,39.0951871657754,11.939310035171744,12.942866095675788,8.522758485383559,9.978580024067387,2,2,1,1,4,4,9,9,0.03549621024003731,-0.08868490030010638,19.05433,-0.087707855,-13.194237,61.20619,21,2019-12-26,20.75375,0.0,80.0225,9.7925,1.0,194.9,2019,12,26,76.26329315845445,0,Peru_4005.csv
2019-12-27,4005,76.26329315845445,39.0951871657754,11.939310035171744,12.942866095675788,8.522758485383559,9.978580024067387,2,2,1,1,4,4,9,9,0.03549621024003731,-0.08868490030010638,18.230719,-0.11446022,-13.194237,61.20619,21,2019-12-27,21.6925,0.0,75.83875,10.28875,1.0,186.16125,2019,12,27,76.26329315845445,0,Peru_4005.csv
2019-12-28,4005,76.26329315845445,39.0951871657754,11.939310035171744,12.942866095675788,8.522758485383559,9.978580024067387,2,2,1,1,4,4,9,9,0.03549621024003731,-0.08868490030010638,19.427866,-0.035898626,-13.194237,61.20619,21,2019-12-28,21.4125,0.0,81.115,11.3975,1.0,193.65625,2019,12,28,76.26329315845445,0,Peru_4005.csv
2019-12-29,4005,76.26329315845445,39.0951871657754,11.939310035171744,12.942866095675788,8.522758485383559,9.978580024067387,2,2,1,1,4,4,9,9,0.03549621024003731,-0.08868490030010638,18.96703,-0.23114048,-13.194237,61.20619,21,2019-12-29,21.65125,0.0,78.0675,10.1675,1.0,188.10750000000002,2019,12,29,76.26329315845445,0,Peru_4005.csv
2019-12-30,4005,76.26329315845445,39.0951871657754,11.939310035171744,12.942866095675788,8.522758485383559,9.978580024067387,2,2,1,1,4,4,9,9,0.03549621024003731,-0.08868490030010638,18.023254,0.38603216,-13.194237,61.20619,21,2019-12-30,22.33375,0.0,78.24,10.84375,1.0,184.66,2019,12,30,76.26329315845445,0,Peru_4005.csv
2019-12-31,4005,76.26329315845445,39.0951871657754,11.939310035171744,12.942866095675788,8.522758485383559,9.978580024067387,2,2,1,1,4,4,9,9,0.03549621024003731,-0.08868490030010638,19.584747,0.1482438,-13.194237,61.20619,21,2019-12-31,22.35,0.0,78.09875,11.94875,1.0,180.70374999999999,2019,12,31,76.26329315845445,0,Peru_4005.csv
2020-01-01,4005,76.26329315845445,39.0951871657754,11.939310035171744,12.942866095675788,8.522758485383559,9.978580024067387,2,2,1,1,4,4,9,9,0.03549621024003731,-0.08868490030010638,18.585703,0.44007492,-13.194237,61.20619,21,2020-01-01,22.28375,0.0,79.12875,10.178749999999999,1.0,182.9,2020,1,1,76.26329315845445,0,Peru_4005.csv
2020-01-02,4005,76.2,27.4,1.0,5.0,12.0,7.2,2,2,1,1,1,1,3,3,-2.430590511167893,-1.056035275910745,6.8485317,0.28902888,-46.094578,-29.44162,21,2020-01-02,21.8475,0.0,79.9525,11.455,1.0,179.5275,2020,1,2,76.2,0,Peru_4005.csv
2020-01-03,4005,70.8,37.8,1.0,4.0,8.0,17.8,2,2,1,1,1,1,4,4,-1.9377664256061005,-1.9147710737488548,0.678333,-4.100146,-46.49384,-20.067245,21,2020-01-03,22.396250000000002,0.0,78.54125,14.09,1.0,168.39249999999998,2020,1,3,70.8,0,Peru_4005.csv
2020-01-04,4005,69.6,47.4,1.0,3.0,10.0,9.8,2,2,1,1,1,1,3,3,-1.8438584866307912,-0.7741129217462429,0.89660376,-2.6868565,-46.494385,-23.999712,21,2020-01-04,22.21125,0.0,81.10374999999999,12.01375,1.0,194.55875,2020,1,4,69.6,0,Peru_4005.csv
2020-01-05,4005,84.6,25.6,1.0,4.0,11.0,10.4,2,2,1,1,1,1,3,3,-2.018538642786898,-0.9139842596904958,4.77562,8.249254,-47.187107,-30.477133,21,2020-01-05,22.5975,0.0,79.355,11.915,1.0,178.76125,2020,1,5,84.6,0,Peru_4005.csv
2020-01-06,4005,69.6,47.4,1.0,3.0,10.0,9.8,2,2,1,1,1,1,3,3,-1.8438584866307912,-0.7741129217462429,0.8818023,-2.680487,-46.494385,-23.999712,21,2020-01-06,22.25875,0.0,78.96,13.58875,1.0,172.98375,2020,1,6,69.6,0,Peru_4005.csv
2020-01-07,4005,73.2,19.0,2.0,3.0,10.0,7.2,2,2,1,1,1,1,3,3,-3.1723286063138594,-1.6139546707233188,4.8014145,8.353518,-49.99506,-31.333233,21,2020-01-07,21.8975,0.0,78.27625,10.65875,1.0,183.82,2020,1,7,73.2,0,Peru_4005.csv
2020-01-08,4005,81.6,26.0,1.0,3.0,9.0,10.0,2,2,1,1,1,1,3,3,-2.54044774702545,-0.8792915906834337,4.7727485,8.27598,-47.854435,-30.524256,21,2020-01-08,22.44625,0.0,76.56875,12.09125,1.0,171.785,2020,1,8,81.6,0,Peru_4005.csv
2020-01-09,4005,90.2,35.4,1.0,3.0,8.0,22.0,2,2,2,2,1,1,4,4,-0.7576587404660899,-1.2660616935820381,-0.04991147,-2.7098987,-38.839016,19.050676,21,2020-01-09,22.30875,0.0,79.82375,15.035,1.0,173.885,2020,1,9,90.2,0,Peru_4005.csv
2020-01-10,4005,56.8,39.4,2.0,3.0,6.0,5.2,2,2,1,1,1,1,3,3,-3.8021260067715628,-1.0078233652157789,6.4598207,1.0267223,-48.969944,-40.90906,21,2020-01-10,21.9425,0.0,80.50625,12.85375,1.0,194.39125,2020,1,10,56.8,0,Peru_4005.csv
2020-01-11,4005,90.2,35.4,1.0,3.0,8.0,22.0,2,2,2,2,1,1,4,4,-0.7576587404660899,-1.2660616935820381,-0.05805429,-2.721339,-38.839714,19.050669,21,2020-01-11,21.4875,0.0,78.9525,11.66875,1.0,212.365,2020,1,11,90.2,0,Peru_4005.csv
2020-01-12,4005,73.2,19.0,2.0,3.0,10.0,7.2,2,2,1,1,1,1,3,3,-3.1723286063138594,-1.6139546707233188,4.801672,8.353937,-49.99506,-31.333233,21,2020-01-12,21.505,0.0,79.33375,10.9375,1.0,205.26625,2020,1,12,73.2,0,Peru_4005.csv
2020-01-13,4005,65.2,34.8,2.0,3.0,17.0,2.8,2,2,1,1,1,1,3,3,-1.8611677412929941,-1.6921280383099846,6.128176,0.5696235,-43.699608,-39.263187,21,2020-01-13,21.8525,0.0,79.07374999999999,8.03875,1.0,204.19875,2020,1,13,65.2,0,Peru_4005.csv
2020-01-14,4005,64.6,28.4,3.0,3.0,16.0,9.4,2,2,1,1,1,1,3,3,-1.616519374541086,-2.8388793505188574,-5.662275,-2.8196864,-42.872597,-42.579514,21,2020-01-14,21.24125,0.0,81.34875,8.02,1.0,208.81875,2020,1,14,64.6,0,Peru_4005.csv
2020-01-15,4005,55.4,49.4,4.0,3.0,13.0,23.4,2,2,2,2,1,1,4,4,-0.06995612864463709,-3.9736640873759317,2.720859,-2.7923768,-1.4287857,-54.511696,21,2020-01-15,21.92375,0.0,74.79,7.18,1.0,249.45125,2020,1,15,55.4,0,Peru_4005.csv
2020-01-16,4005,50.0,31.8,3.0,3.0,11.0,11.6,2,2,1,1,1,1,3,3,-2.8524275231876,-3.3912077353300094,6.5654244,1.3530467,-47.173847,-44.909832,21,2020-01-16,22.40625,0.0,77.86500000000001,9.6725,1.0,199.71375,2020,1,16,50.0,0,Peru_4005.csv
2020-01-17,4005,57.8,42.2,3.0,3.0,12.0,3.8,2,2,1,1,1,1,3,3,-2.444686789469618,-1.3867436607053631,6.5552907,0.8395889,-47.19963,-40.92923,21,2020-01-17,21.95875,0.0,81.24375,12.21,1.0,175.61875,2020,1,17,57.8,0,Peru_4005.csv
2020-01-18,4005,71.2,28.2,2.0,3.0,13.0,16.8,2,2,1,1,1,1,4,4,-1.4003352375928935,-2.959792558791325,6.260626,-6.0714808,-38.104595,-45.027378,21,2020-01-18,21.08625,0.0,83.09,9.93125,1.0,187.7825,2020,1,18,71.2,0,Peru_4005.csv
2020-01-19,4005,65.4,17.8,3.0,3.0,10.0,5.4,2,2,1,1,1,1,3,3,-3.566183675412088,-2.022532923906934,5.5091624,4.7267756,-49.546856,-33.887054,21,2020-01-19,21.94875,0.0,80.21625,10.055,1.0,178.72875,2020,1,19,65.4,0,Peru_4005.csv
2020-01-20,4005,64.6,28.4,3.0,3.0,16.0,9.4,2,2,1,1,1,1,3,3,-1.616519374541086,-2.8388793505188574,-5.662671,-2.819763,-42.872597,-42.579514,21,2020-01-20,21.94875,0.0,82.14750000000001,9.2525,1.0,199.865,2020,1,20,64.6,0,Peru_4005.csv
2020-01-21,4005,73.2,19.0,2.0,3.0,10.0,7.2,2,2,1,1,1,1,3,3,-3.1723286063138594,-1.6139546707233188,4.8015685,8.353551,-49.99506,-31.333233,21,2020-01-21,22.71125,0.0,82.255,8.01375,1.0,207.8025,2020,1,21,73.2,0,Peru_4005.csv
2020-01-22,4005,64.0,37.6,2.0,4.0,10.0,17.0,2,2,1,1,1,1,4,4,-1.7817769896731692,-2.5861509756115226,0.68265605,-4.279248,-45.19271,-20.335901,21,2020-01-22,23.37,0.0,77.6825,7.4075,1.0,284.91625,2020,1,22,64.0,0,Peru_4005.csv
2020-01-23,4005,71.4,42.8,5.0,6.0,5.0,9.4,2,2,1,1,1,1,3,3,-2.1162988411845127,-0.07142032694284857,0.75691795,-2.7436132,-56.13999,7.1075354,21,2020-01-23,24.29875,0.0,68.62,6.845,1.0,199.925,2020,1,23,71.4,0,Peru_4005.csv
2020-01-24,4005,53.2,49.6,7.0,7.0,25.0,5.0,2,2,1,1,1,1,2,2,0.9925553937310067,-2.949958119601392,5.3524384,0.55886996,-18.532038,-45.31386,21,2020-01-24,24.8825,0.0,66.3075,8.49,1.0,188.64125,2020,1,24,53.2,0,Peru_4005.csv
2020-01-25,4005,70.8,37.0,5.0,4.0,9.0,9.8,2,2,1,1,1,1,3,3,-1.691512432596048,-1.1084953082354772,1.4170876,-2.5168142,-44.421513,-16.764196,21,2020-01-25,24.2975,0.0,76.03625,11.995000000000001,1.0,169.8125,2020,1,25,70.8,0,Peru_4005.csv
2020-01-26,4005,92.0,34.4,2.0,4.0,11.0,10.0,2,2,1,1,1,1,9,9,-1.0363873717938892,0.09176041295760803,6.6446276,0.26114637,-34.663734,22.373594,21,2020-01-26,23.81,0.0,79.485,11.44375,1.0,185.43125,2020,1,26,92.0,0,Peru_4005.csv
2020-01-27,4005,61.6,20.0,2.0,3.0,12.0,5.4,2,2,1,1,1,1,3,3,-3.477254285763633,-2.414106343479258,5.817981,2.7616065,-41.903656,-40.318436,21,2020-01-27,23.0175,0.0,85.20875,10.6475,1.0,202.25,2020,1,27,61.6,0,Peru_4005.csv
2020-01-28,4005,90.2,35.4,1.0,3.0,8.0,22.0,2,2,2,2,1,1,4,4,-0.7576587404660899,-1.2660616935820381,-0.06461471,-2.7103484,-38.839455,19.050423,21,2020-01-28,22.6125,0.0,85.37375,11.99,1.0,174.27375,2020,1,28,90.2,0,Peru_4005.csv
2020-01-29,4005,91.2,44.4,1.0,3.0,5.0,19.6,2,2,1,1,1,1,4,4,-0.9958415257686037,-0.04398972852103106,-0.03408257,-2.6083276,-38.13352,19.108212,21,2020-01-29,23.125,0.0,84.30875,10.59,1.0,170.60375,2020,1,29,91.2,0,Peru_4005.csv
2020-01-30,4005,115.2,51.4,12.2,3.0,7.0,30.4,0,0,2,2,5,5,10,10,4.120046592469297,0.07062312223697341,2.4530542,-3.6083379,61.491333,-0.82969064,21,2020-01-30,23.44375,0.0,84.735,11.11125,1.0,177.47875,2020,1,30,115.2,0,Peru_4005.csv
2020-01-31,4005,90.2,35.4,1.0,3.0,8.0,22.0,2,2,2,2,1,1,4,4,-0.7576587404660899,-1.2660616935820381,-0.08171328,-2.6980295,-38.839012,19.050673,21,2020-01-31,22.83625,0.0,82.30125,11.275,1.0,185.77125,2020,1,31,90.2,0,Peru_4005.csv
2020-02-01,4005,81.6,26.0,1.0,3.0,9.0,10.0,2,2,1,1,1,1,3,3,-2.54044774702545,-0.8792915906834337,4.7726645,8.276169,-47.854263,-30.524338,21,2020-02-01,22.93125,0.0,80.4625,10.338750000000001,1.0,214.01749999999998,2020,2,1,81.6,0,Peru_4005.csv
2020-02-02,4005,77.6,17.2,2.0,3.0,11.0,3.2,2,2,1,1,1,1,3,3,-3.2266121916757213,-0.9759443911451771,4.799131,8.339348,-50.086384,-32.640705,21,2020-02-02,23.2275,0.0,80.19624999999999,9.16,1.0,206.31625,2020,2,2,77.6,0,Peru_4005.csv
2020-02-03,4005,72.2,28.0,2.0,3.0,18.0,6.4,2,2,1,1,1,1,3,3,-1.3783218716416874,-2.1339204156468643,-1.478173,-12.886304,-43.056717,-37.449413,21,2020-02-03,23.0325,0.0,81.12625,10.69625,1.0,193.755,2020,2,3,72.2,0,Peru_4005.csv
2020-02-04,4005,71.2,38.2,4.0,3.0,4.0,10.8,2,2,1,1,1,1,3,3,-2.629746671137723,-0.573066323502997,0.49701285,-2.8520575,-56.34043,7.95242,21,2020-02-04,22.27375,0.0,82.17375,10.8375,1.0,216.5725,2020,2,4,71.2,0,Peru_4005.csv
2020-02-05,4005,70.8,30.8,2.0,3.0,14.0,21.2,2,2,2,2,1,1,4,4,-0.7150209256872091,-3.573131320959682,6.241041,-6.0531974,-37.732555,-45.75238,21,2020-02-05,22.80125,0.0,80.33125,10.77875,1.0,202.13,2020,2,5,70.8,0,Peru_4005.csv
2020-02-06,4005,89.8,31.4,3.0,3.0,15.0,9.4,2,2,1,1,1,1,9,9,-0.4266248489504067,-0.7384123907801071,6.583499,0.24825922,-37.267334,-40.046276,21,2020-02-06,23.153750000000002,0.0,77.375,8.647499999999999,1.0,199.6925,2020,2,6,89.8,0,Peru_4005.csv
2020-02-07,4005,57.0,30.4,6.0,3.0,14.0,1.6,2,2,1,1,1,1,3,3,-2.3189174928690663,-2.0672989788859826,5.679441,1.8307031,-27.713377,-46.708157,21,2020-02-07,23.432499999999997,0.0,75.1825,7.069999999999999,1.0,216.47375,2020,2,7,57.0,0,Peru_4005.csv
2020-02-08,4005,69.2,20.2,6.0,3.0,9.0,13.2,2,2,1,1,1,1,3,3,-2.1390552912225638,-2.6195985657663634,4.6926513,3.4986153,-26.301773,-66.02283,21,2020-02-08,22.905,0.0,78.18125,7.43125,1.0,211.1725,2020,2,8,69.2,0,Peru_4005.csv
2020-02-09,4005,64.6,28.4,3.0,3.0,16.0,9.4,2,2,1,1,1,1,3,3,-1.616519374541086,-2.8388793505188574,-5.6628156,-2.8198216,-42.872597,-42.579514,21,2020-02-09,22.634999999999998,0.0,81.3375,8.58125,1.0,197.97875,2020,2,9,64.6,0,Peru_4005.csv
2020-02-10,4005,84.6,29.2,1.0,3.0,19.0,10.6,2,2,1,1,1,1,9,9,-0.36999747883240003,-1.8393334093132045,6.499328,0.1652326,-37.66841,-40.08786,21,2020-02-10,22.71,0.0,78.215,10.29875,1.0,184.25,2020,2,10,84.6,0,Peru_4005.csv
2020-02-11,4005,66.0,26.4,4.0,3.0,10.4,2.0,2,2,1,1,1,1,3,3,-3.1150433725136852,-1.1677999715913023,5.2336755,2.8391643,-48.95362,-36.135895,21,2020-02-11,22.8125,0.0,80.1925,9.07625,1.0,203.06875,2020,2,11,66.0,0,Peru_4005.csv
2020-02-12,4005,91.6,34.4,3.0,3.0,3.0,12.4,2,2,1,1,1,1,11,11,-2.086708493143108,0.6495134055186994,-0.034512762,-2.5463798,-34.593365,16.68433,21,2020-02-12,22.26625,0.0,82.30875,8.7175,1.0,189.08375,2020,2,12,91.6,0,Peru_4005.csv
2020-02-13,4005,73.0,35.4,2.0,3.0,9.0,7.6,2,2,1,1,1,1,3,3,-2.475073436655576,-0.7340464665380386,6.7916145,0.33619717,-46.74393,-27.884115,21,2020-02-13,22.155,0.0,82.32374999999999,11.0175,1.0,193.375,2020,2,13,73.0,0,Peru_4005.csv
2020-02-14,4005,78.0,39.4,2.0,2.0,12.0,4.6,2,2,1,1,1,1,3,3,-1.750803621984625,-0.22034291393167676,6.6201677,0.40095222,-43.215275,-30.50611,21,2020-02-14,22.8375,0.0,80.14625,9.915,1.0,191.875,2020,2,14,78.0,0,Peru_4005.csv
2020-02-15,4005,57.8,42.2,3.0,3.0,12.0,3.8,2,2,1,1,1,1,3,3,-2.444686789469618,-1.3867436607053631,6.561206,0.84620714,-47.199997,-40.929035,21,2020-02-15,22.905,0.0,81.63,10.355,1.0,186.17875,2020,2,15,57.8,0,Peru_4005.csv
2020-02-16,4005,73.2,19.0,2.0,3.0,10.0,7.2,2,2,1,1,1,1,3,3,-3.1723286063138594,-1.6139546707233188,4.8019724,8.354617,-49.99506,-31.333233,21,2020-02-16,23.71125,0.0,74.46875,9.88625,1.0,185.31875,2020,2,16,73.2,0,Peru_4005.csv
2020-02-17,4005,81.4,44.6,1.0,2.0,11.0,12.6,2,2,1,1,1,1,11,11,-0.9939278691381361,-0.6339779556327019,-2.664464,-9.133653,-35.699543,21.65912,21,2020-02-17,23.91875,0.0,75.78125,11.9375,1.0,178.4425,2020,2,17,81.4,0,Peru_4005.csv
2020-02-18,4005,77.6,17.2,2.0,3.0,11.0,3.2,2,2,1,1,1,1,3,3,-3.2266121916757213,-0.9759443911451771,4.799501,8.340296,-50.086384,-32.640705,21,2020-02-18,23.755,0.0,75.70875000000001,9.87375,1.0,198.13875000000002,2020,2,18,77.6,0,Peru_4005.csv
2020-02-19,4005,77.6,17.2,2.0,3.0,11.0,3.2,2,2,1,1,1,1,3,3,-3.2266121916757213,-0.9759443911451771,4.799504,8.340588,-50.086384,-32.640705,21,2020-02-19,23.64,0.0,81.89375,9.3675,1.0,196.37,2020,2,19,77.6,0,Peru_4005.csv
2020-02-20,4005,77.6,17.2,2.0,3.0,11.0,3.2,2,2,1,1,1,1,3,3,-3.2266121916757213,-0.9759443911451771,4.800059,8.340767,-50.086384,-32.640705,21,2020-02-20,24.14625,0.0,79.1375,9.8325,1.0,187.60375,2020,2,20,77.6,0,Peru_4005.csv
2020-02-21,4005,64.0,37.6,2.0,4.0,10.0,17.0,2,2,1,1,1,1,4,4,-1.7817769896731692,-2.5861509756115226,0.68399835,-4.2880707,-45.19273,-20.335848,21,2020-02-21,24.15875,0.0,78.94875,8.135,1.0,196.64625,2020,2,21,64.0,0,Peru_4005.csv
2020-02-22,4005,64.0,37.6,2.0,4.0,10.0,17.0,2,2,1,1,1,1,4,4,-1.7817769896731692,-2.5861509756115226,0.68416256,-4.2857256,-45.19137,-20.335342,21,2020-02-22,24.49375,0.0,74.7875,8.72375,1.0,199.22,2020,2,22,64.0,0,Peru_4005.csv
2020-02-23,4005,66.8,24.6,2.0,4.0,14.6,9.6,2,2,1,1,1,1,3,3,-2.1452811736420783,-2.6229802277523118,-5.662973,-2.8198378,-42.3739,-42.28787,21,2020-02-23,24.74875,0.0,70.54625,8.44,1.0,209.9675,2020,2,23,66.8,0,Peru_4005.csv
2020-02-24,4005,66.8,24.6,2.0,4.0,14.6,9.6,2,2,1,1,1,1,3,3,-2.1452811736420783,-2.6229802277523118,-5.663254,-2.8199332,-42.374115,-42.28786,21,2020-02-24,24.8175,0.0,74.845,10.7475,1.0,188.26624999999999,2020,2,24,66.8,0,Peru_4005.csv
2020-02-25,4005,72.8,24.2,1.0,4.0,8.2,8.2,2,2,1,1,1,1,3,3,-3.360305603292014,-1.191870381917312,4.810043,8.372957,-49.613995,-30.305916,21,2020-02-25,23.99625,0.0,78.48875,11.9975,1.0,180.96375,2020,2,25,72.8,0,Peru_4005.csv
2020-02-26,4005,61.2,40.6,1.0,3.0,9.6,15.8,2,2,1,1,1,1,4,4,-2.1441276387478863,-2.4760180105033838,0.6808578,-4.2852826,-45.46751,-20.441158,21,2020-02-26,24.14375,0.0,80.55125,13.48625,1.0,177.55375,2020,2,26,61.2,0,Peru_4005.csv
2020-02-27,4005,72.8,24.2,1.0,4.0,8.2,8.2,2,2,1,1,1,1,3,3,-3.360305603292014,-1.191870381917312,4.7975836,8.357951,-49.613968,-30.305965,21,2020-02-27,23.87125,0.0,82.67125,11.76875,1.0,191.485,2020,2,27,72.8,0,Peru_4005.csv
2020-02-28,4005,62.8,29.6,2.0,4.0,2.0,7.2,2,2,1,1,1,1,3,3,-4.566601878723009,-0.756373053666596,-6.478782,0.55917877,-75.262405,-14.7141075,21,2020-02-28,24.0425,0.0,79.6625,10.37125,1.0,184.365,2020,2,28,62.8,0,Peru_4005.csv
2020-02-29,4005,66.8,24.6,2.0,4.0,14.6,9.6,2,2,1,1,1,1,3,3,-2.1452811736420783,-2.6229802277523118,-5.6635647,-2.819798,-42.373974,-42.287266,21,2020-02-29,24.0225,0.0,79.45375,11.334999999999999,1.0,195.63375,2020,2,29,66.8,0,Peru_4005.csv
2020-03-01,4005,61.2,40.6,1.0,3.0,9.6,15.8,2,2,1,1,1,1,4,4,-2.1441276387478863,-2.4760180105033838,0.6790344,-4.293092,-45.466885,-20.441126,21,2020-03-01,23.84375,0.0,79.54875,11.282499999999999,1.0,178.01749999999998,2020,3,1,61.2,0,Peru_4005.csv
2020-03-02,4005,72.0,30.8,2.0,3.0,13.8,14.8,2,2,1,1,1,1,4,4,-1.2588897648105954,-2.604390014193278,6.2915816,-6.0963206,-38.329834,-44.478264,21,2020-03-02,24.44875,0.0,74.72375,12.74125,1.0,169.84375,2020,3,2,72.0,0,Peru_4005.csv
2020-03-03,4005,61.2,40.6,1.0,3.0,9.6,15.8,2,2,1,1,1,1,4,4,-2.1441276387478863,-2.4760180105033838,0.6794891,-4.2878923,-45.46751,-20.441158,21,2020-03-03,24.20125,0.0,76.71875,12.815000000000001,1.0,177.49,2020,3,3,61.2,0,Peru_4005.csv
2020-03-04,4005,181.0,45.4,1.0,24.0,2.2,4.0,0,0,3,3,5,5,10,10,1.530257570414573,10.48445411546815,-2.6991038,-0.031864572,79.7912,45.009575,21,2020-03-04,24.19,0.0,74.40125,10.5375,1.0,207.64125,2020,3,4,181.0,0,Peru_4005.csv
2020-03-05,4005,45.0,37.0,3.0,3.0,2.2,4.4,2,2,1,1,1,1,3,3,-5.0492544556547685,-1.4222141502496317,-5.340877,0.6505383,-76.21728,-1.9336936,21,2020-03-05,24.4375,0.0,75.79375,9.675,1.0,202.45875,2020,3,5,45.0,0,Peru_4005.csv
2020-03-06,4005,48.0,18.4,4.0,4.0,7.6,20.6,2,2,1,1,1,1,4,4,-3.259047204740076,-4.936568583849629,5.779052,4.1629868,-24.965422,-89.82912,21,2020-03-06,23.515,0.0,79.9525,7.4975000000000005,1.0,221.93625,2020,3,6,48.0,0,Peru_4005.csv
2020-03-07,4005,50.0,21.0,2.0,2.0,1.0,7.2,2,2,1,1,1,1,3,3,-5.813981690942634,-2.13481852632025,-5.8622003,0.4858315,-82.43654,-14.685935,21,2020-03-07,23.565,0.0,79.13125,6.57875,1.0,215.0675,2020,3,7,50.0,0,Peru_4005.csv
2020-03-08,4005,76.26329315845445,39.0951871657754,11.939310035171744,12.942866095675788,8.522758485383559,9.978580024067387,2,2,1,1,4,4,9,9,0.03549621024003731,-0.08868490030010638,19.312685,-0.78666157,-13.194237,61.20619,21,2020-03-08,24.20375,0.0,73.05375000000001,9.0275,1.0,180.985,2020,3,8,76.26329315845445,0,Peru_4005.csv
2020-03-09,4005,76.26329315845445,39.0951871657754,11.939310035171744,12.942866095675788,8.522758485383559,9.978580024067387,2,2,1,1,4,4,9,9,0.03549621024003731,-0.08868490030010638,19.07869,-0.034136254,-13.194237,61.20619,21,2020-03-09,24.50875,0.0,69.86375,11.68125,1.0,169.45374999999999,2020,3,9,76.26329315845445,0,Peru_4005.csv
2020-03-10,4005,76.26329315845445,39.0951871657754,11.939310035171744,12.942866095675788,8.522758485383559,9.978580024067387,2,2,1,1,4,4,9,9,0.03549621024003731,-0.08868490030010638,19.117641,0.91593087,-13.194237,61.20619,21,2020-03-10,24.16875,0.0,73.34875,9.96875,1.0,182.6775,2020,3,10,76.26329315845445,0,Peru_4005.csv
2020-03-11,4005,76.26329315845445,39.0951871657754,11.939310035171744,12.942866095675788,8.522758485383559,9.978580024067387,2,2,1,1,4,4,9,9,0.03549621024003731,-0.08868490030010638,18.397978,-0.2598542,-13.194237,61.20619,21,2020-03-11,24.435,0.0,70.96875,9.213750000000001,1.0,187.07999999999998,2020,3,11,76.26329315845445,0,Peru_4005.csv
2020-03-12,4005,76.26329315845445,39.0951871657754,11.939310035171744,12.942866095675788,8.522758485383559,9.978580024067387,2,2,1,1,4,4,9,9,0.03549621024003731,-0.08868490030010638,18.799967,0.042717505,-13.194237,61.20619,21,2020-03-12,24.3275,0.0,72.9675,9.29875,1.0,201.49,2020,3,12,76.26329315845445,0,Peru_4005.csv
2020-03-13,4005,76.26329315845445,39.0951871657754,11.939310035171744,12.942866095675788,8.522758485383559,9.978580024067387,2,2,1,1,4,4,9,9,0.03549621024003731,-0.08868490030010638,19.127674,-0.34138858,-13.194237,61.20619,21,2020-03-13,24.1675,0.0,76.37625,8.3125,1.0,202.785,2020,3,13,76.26329315845445,0,Peru_4005.csv
2020-03-14,4005,76.26329315845445,39.0951871657754,11.939310035171744,12.942866095675788,8.522758485383559,9.978580024067387,2,2,1,1,4,4,9,9,0.03549621024003731,-0.08868490030010638,18.666658,0.6681629,-13.194237,61.20619,21,2020-03-14,23.8675,0.0,77.765,10.945,1.0,196.24,2020,3,14,76.26329315845445,0,Peru_4005.csv
2020-03-15,4005,76.26329315845445,39.0951871657754,11.939310035171744,12.942866095675788,8.522758485383559,9.978580024067387,2,2,1,1,4,4,9,9,0.03549621024003731,-0.08868490030010638,18.86623,0.64505285,-13.194237,61.20619,21,2020-03-15,23.5825,0.0,80.1725,10.27125,1.0,194.05,2020,3,15,76.26329315845445,0,Peru_4005.csv
2020-03-16,4005,76.26329315845445,39.0951871657754,11.939310035171744,12.942866095675788,8.522758485383559,9.978580024067387,2,2,1,1,4,4,9,9,0.03549621024003731,-0.08868490030010638,18.850513,-1.0755658,-13.194237,61.20619,21,2020-03-16,23.81125,0.0,79.2825,10.46875,1.0,195.95250000000001,2020,3,16,76.26329315845445,0,Peru_4005.csv
2020-03-17,4005,76.26329315845445,39.0951871657754,11.939310035171744,12.942866095675788,8.522758485383559,9.978580024067387,2,2,1,1,4,4,9,9,0.03549621024003731,-0.08868490030010638,18.775555,0.2758157,-13.194237,61.20619,21,2020-03-17,23.76875,0.0,78.87125,12.02125,1.0,181.22375,2020,3,17,76.26329315845445,0,Peru_4005.csv
2020-03-18,4005,76.26329315845445,39.0951871657754,11.939310035171744,12.942866095675788,8.522758485383559,9.978580024067387,2,2,1,1,4,4,9,9,0.03549621024003731,-0.08868490030010638,18.046703,0.3660501,-13.194237,61.20619,21,2020-03-18,23.87875,0.0,77.60875,11.37625,1.0,179.62125,2020,3,18,76.26329315845445,0,Peru_4005.csv
2020-03-19,4005,76.26329315845445,39.0951871657754,11.939310035171744,12.942866095675788,8.522758485383559,9.978580024067387,2,2,1,1,4,4,9,9,0.03549621024003731,-0.08868490030010638,19.018816,0.58763546,-13.194237,61.20619,21,2020-03-19,23.395,0.0,79.13875,13.085,1.0,173.72375,2020,3,19,76.26329315845445,0,Peru_4005.csv
2020-03-20,4005,76.26329315845445,39.0951871657754,11.939310035171744,12.942866095675788,8.522758485383559,9.978580024067387,2,2,1,1,4,4,9,9,0.03549621024003731,-0.08868490030010638,18.659008,0.023819951,-13.194237,61.20619,21,2020-03-20,23.048750000000002,0.0,81.2425,9.421249999999999,1.0,188.68875,2020,3,20,76.26329315845445,0,Peru_4005.csv
2020-03-21,4005,76.26329315845445,39.0951871657754,11.939310035171744,12.942866095675788,8.522758485383559,9.978580024067387,2,2,1,1,4,4,9,9,0.03549621024003731,-0.08868490030010638,18.745392,0.98049,-13.194237,61.20619,21,2020-03-21,23.61,0.0,77.3075,8.31625,1.0,181.4925,2020,3,21,76.26329315845445,0,Peru_4005.csv
2020-03-22,4005,76.26329315845445,39.0951871657754,11.939310035171744,12.942866095675788,8.522758485383559,9.978580024067387,2,2,1,1,4,4,9,9,0.03549621024003731,-0.08868490030010638,18.972694,-0.015245615,-13.194237,61.20619,21,2020-03-22,24.34125,0.0,70.79875,10.03875,1.0,176.1725,2020,3,22,76.26329315845445,0,Peru_4005.csv
2020-03-23,4005,76.26329315845445,39.0951871657754,11.939310035171744,12.942866095675788,8.522758485383559,9.978580024067387,2,2,1,1,4,4,9,9,0.03549621024003731,-0.08868490030010638,19.312233,-0.15598683,-13.194237,61.20619,21,2020-03-23,24.215,0.0,68.37,12.26125,1.0,168.88125,2020,3,23,76.26329315845445,0,Peru_4005.csv
2020-03-24,4005,76.26329315845445,39.0951871657754,11.939310035171744,12.942866095675788,8.522758485383559,9.978580024067387,2,2,1,1,4,4,9,9,0.03549621024003731,-0.08868490030010638,19.6686,0.3745149,-13.194237,61.20619,21,2020-03-24,23.015,0.0,77.52125000000001,11.665,1.0,176.605,2020,3,24,76.26329315845445,0,Peru_4005.csv
2020-03-25,4005,76.26329315845445,39.0951871657754,11.939310035171744,12.942866095675788,8.522758485383559,9.978580024067387,2,2,1,1,4,4,9,9,0.03549621024003731,-0.08868490030010638,18.317259,0.7426604,-13.194237,61.20619,21,2020-03-25,22.31125,0.0,80.5425,11.629999999999999,1.0,178.70375,2020,3,25,76.26329315845445,0,Peru_4005.csv
2020-03-26,4005,76.26329315845445,39.0951871657754,11.939310035171744,12.942866095675788,8.522758485383559,9.978580024067387,2,2,1,1,4,4,9,9,0.03549621024003731,-0.08868490030010638,18.42007,-1.054638,-13.194237,61.20619,21,2020-03-26,22.2575,0.0,81.14,9.793750000000001,1.0,186.84125,2020,3,26,76.26329315845445,0,Peru_4005.csv
2020-03-27,4005,76.26329315845445,39.0951871657754,11.939310035171744,12.942866095675788,8.522758485383559,9.978580024067387,2,2,1,1,4,4,9,9,0.03549621024003731,-0.08868490030010638,18.667282,0.6657688,-13.194237,61.20619,21,2020-03-27,22.330000000000002,0.0,81.02125,8.32875,1.0,199.16875,2020,3,27,76.26329315845445,0,Peru_4005.csv
2020-03-28,4005,76.26329315845445,39.0951871657754,11.939310035171744,12.942866095675788,8.522758485383559,9.978580024067387,2,2,1,1,4,4,9,9,0.03549621024003731,-0.08868490030010638,19.201006,-0.47837594,-13.194237,61.20619,21,2020-03-28,22.64375,0.0,77.95125,8.27,1.0,206.84625,2020,3,28,76.26329315845445,0,Peru_4005.csv
2020-03-29,4005,76.26329315845445,39.0951871657754,11.939310035171744,12.942866095675788,8.522758485383559,9.978580024067387,2,2,1,1,4,4,9,9,0.03549621024003731,-0.08868490030010638,19.317093,0.4009546,-13.194237,61.20619,21,2020-03-29,22.646250000000002,0.0,77.98,7.0725,1.0,200.01,2020,3,29,76.26329315845445,0,Peru_4005.csv
2020-03-30,4005,87.8,43.0,1.0,2.0,9.4,11.0,2,2,1,1,1,1,11,11,-1.1990261762061392,0.16448391534452095,-2.6651978,-9.134727,-35.234978,21.61761,21,2020-03-30,22.17,0.0,80.53,7.705,1.0,229.13625,2020,3,30,87.8,0,Peru_4005.csv
2020-03-31,4005,87.8,43.0,1.0,2.0,9.4,11.0,2,2,1,1,1,1,11,11,-1.1990261762061392,0.16448391534452095,-2.6652684,-9.134857,-35.23687,21.619514,21,2020-03-31,22.0875,0.0,79.3075,6.6275,1.0,219.9325,2020,3,31,87.8,0,Peru_4005.csv
2020-04-01,4005,87.8,43.0,1.0,2.0,9.4,11.0,2,2,1,1,1,1,11,11,-1.1990261762061392,0.16448391534452095,-2.665378,-9.135028,-35.234978,21.61761,21,2020-04-01,23.105,0.0,76.74000000000001,8.25125,1.0,183.69875,2020,4,1,87.8,0,Peru_4005.csv
2020-04-02,4005,83.6,18.8,2.0,2.0,8.4,11.0,2,2,1,1,1,1,3,3,-2.6361033834335714,-1.2517785125028997,4.770152,8.27193,-48.034466,-30.808035,21,2020-04-02,22.27,0.0,79.1425,8.67125,1.0,191.265,2020,4,2,83.6,0,Peru_4005.csv
2020-04-03,4005,65.0,26.0,3.0,2.0,3.4,8.8,2,2,1,1,1,1,3,3,-4.052652672404892,-1.338874000928515,-6.4941006,0.55735105,-74.67311,-14.603625,21,2020-04-03,21.58375,0.0,83.125,10.06125,1.0,188.5925,2020,4,3,65.0,0,Peru_4005.csv
2020-04-04,4005,76.4,46.4,6.2,2.0,17.0,3.4,2,2,1,1,1,1,9,9,0.18789570197331038,-0.5569922419672384,5.288564,-0.05740973,5.3549266,-13.642694,21,2020-04-04,21.2225,0.0,82.385,8.56,1.0,195.70374999999999,2020,4,4,76.4,0,Peru_4005.csv
2020-04-05,4005,87.8,43.0,1.0,2.0,9.4,11.0,2,2,1,1,1,1,11,11,-1.1990261762061392,0.16448391534452095,-2.6656065,-9.135253,-35.236935,21.619427,21,2020-04-05,21.50125,0.0,79.4575,8.19375,1.0,178.89124999999999,2020,4,5,87.8,0,Peru_4005.csv
2020-04-06,4005,75.8,27.2,10.6,1.0,16.6,11.0,2,2,1,1,4,4,9,9,0.6547631887328241,-2.711920878459896,3.7601123,11.831209,-13.30969,-62.559967,21,2020-04-06,21.76875,0.0,79.96875,10.6725,1.0,174.4675,2020,4,6,75.8,0,Peru_4005.csv
2020-04-07,4005,76.4,46.4,6.2,2.0,17.0,3.4,2,2,1,1,1,1,9,9,0.18789570197331038,-0.5569922419672384,5.2977195,-0.052109625,5.3549447,-13.642674,21,2020-04-07,22.10375,0.0,79.675,9.251249999999999,1.0,178.62375,2020,4,7,76.4,0,Peru_4005.csv
2020-04-08,4005,87.8,43.0,1.0,2.0,9.4,11.0,2,2,1,1,1,1,11,11,-1.1990261762061392,0.16448391534452095,-2.6658428,-9.135634,-35.236694,21.619781,21,2020-04-08,22.3375,0.0,80.95375,10.31,1.0,182.17875,2020,4,8,87.8,0,Peru_4005.csv
2020-04-09,4005,76.4,46.4,6.2,2.0,17.0,3.4,2,2,1,1,1,1,9,9,0.18789570197331038,-0.5569922419672384,5.2931104,-0.05604428,5.3549266,-13.642694,21,2020-04-09,22.041249999999998,0.0,81.875,12.075,1.0,175.9425,2020,4,9,76.4,0,Peru_4005.csv
2020-04-10,4005,75.8,27.2,10.6,1.0,16.6,11.0,2,2,1,1,4,4,9,9,0.6547631887328241,-2.711920878459896,3.7601328,11.831317,-13.30956,-62.56024,21,2020-04-10,22.115,0.0,80.8175,10.88375,1.0,188.13625,2020,4,10,75.8,0,Peru_4005.csv
2020-04-11,4005,76.4,46.4,6.2,2.0,17.0,3.4,2,2,1,1,1,1,9,9,0.18789570197331038,-0.5569922419672384,5.295986,-0.05487797,5.3549447,-13.642674,21,2020-04-11,21.5825,0.0,81.965,10.49875,1.0,174.99375,2020,4,11,76.4,0,Peru_4005.csv
2020-04-12,4005,76.4,46.4,6.2,2.0,17.0,3.4,2,2,1,1,1,1,9,9,0.18789570197331038,-0.5569922419672384,5.3012815,-0.050032426,5.3549266,-13.642694,21,2020-04-12,21.7775,0.0,80.62,10.438749999999999,1.0,172.06375,2020,4,12,76.4,0,Peru_4005.csv
2020-04-13,4005,75.8,27.2,10.6,1.0,16.6,11.0,2,2,1,1,4,4,9,9,0.6547631887328241,-2.711920878459896,3.760151,11.831427,-13.309485,-62.56024,21,2020-04-13,21.47625,0.0,82.0225,9.705,1.0,194.525,2020,4,13,75.8,0,Peru_4005.csv
2020-04-14,4005,87.8,43.0,1.0,2.0,9.4,11.0,2,2,1,1,1,1,11,11,-1.1990261762061392,0.16448391534452095,-2.66557,-9.135537,-35.23503,21.617567,21,2020-04-14,21.65625,0.0,80.3425,8.1775,1.0,203.6825,2020,4,14,87.8,0,Peru_4005.csv
2020-04-15,4005,65.0,26.0,3.0,2.0,3.4,8.8,2,2,1,1,1,1,3,3,-4.052652672404892,-1.338874000928515,-6.494089,0.5569199,-74.67311,-14.603625,21,2020-04-15,22.92875,0.0,73.54125,10.64375,1.0,178.77125,2020,4,15,65.0,0,Peru_4005.csv
2020-04-16,4005,87.8,43.0,1.0,2.0,9.4,11.0,2,2,1,1,1,1,11,11,-1.1990261762061392,0.16448391534452095,-2.665709,-9.135861,-35.23503,21.617575,21,2020-04-16,22.8475,0.0,71.15625,11.19,1.0,173.39124999999999,2020,4,16,87.8,0,Peru_4005.csv
2020-04-17,4005,71.2,33.0,3.0,1.0,0.2,12.2,2,2,1,1,1,1,3,3,-3.669128910733349,-0.6650689388284582,0.47260806,-3.1134012,-60.825703,8.38641,21,2020-04-17,21.9,0.0,77.1875,9.69,1.0,181.7975,2020,4,17,71.2,0,Peru_4005.csv
2020-04-18,4005,75.8,27.2,10.6,1.0,16.6,11.0,2,2,1,1,4,4,9,9,0.6547631887328241,-2.711920878459896,3.7601511,11.831551,-13.30948,-62.560238,21,2020-04-18,21.32125,0.0,79.7475,9.3375,1.0,199.95875,2020,4,18,75.8,0,Peru_4005.csv
2020-04-19,4005,75.8,27.2,10.6,1.0,16.6,11.0,2,2,1,1,4,4,9,9,0.6547631887328241,-2.711920878459896,3.7601779,11.831642,-13.309476,-62.560246,21,2020-04-19,21.29625,0.0,77.09375,8.14375,1.0,195.885,2020,4,19,75.8,0,Peru_4005.csv
2020-04-20,4005,75.8,27.2,10.6,1.0,16.6,11.0,2,2,1,1,4,4,9,9,0.6547631887328241,-2.711920878459896,3.7601628,11.831706,-13.309646,-62.55997,21,2020-04-20,20.98375,0.0,78.24625,9.5925,1.0,184.5875,2020,4,20,75.8,0,Peru_4005.csv
2020-04-21,4005,80.4,43.4,1.0,11.0,10.8,8.4,2,2,1,1,1,1,11,11,-1.4988593694127448,0.4795546943427272,-5.445442,-4.101065,-43.57795,-26.650764,21,2020-04-21,20.08875,0.0,78.86500000000001,11.01,1.0,184.04125,2020,4,21,80.4,0,Peru_4005.csv
2020-04-22,4005,76.26329315845445,39.0951871657754,11.939310035171744,12.942866095675788,8.522758485383559,9.978580024067387,2,2,1,1,4,4,9,9,0.03549621024003731,-0.08868490030010638,19.121923,-0.47147414,-13.194237,61.20619,21,2020-04-22,19.78125,0.0,78.99375,10.41625,1.0,174.2875,2020,4,22,76.26329315845445,0,Peru_4005.csv
2020-04-23,4005,75.8,27.2,10.6,1.0,16.6,11.0,2,2,1,1,4,4,9,9,0.6547631887328241,-2.711920878459896,3.7601676,11.831833,-13.309739,-62.560223,21,2020-04-23,19.95125,0.0,77.63,9.776250000000001,1.0,178.64000000000001,2020,4,23,75.8,0,Peru_4005.csv
2020-04-24,4005,75.8,27.2,10.6,1.0,16.6,11.0,2,2,1,1,4,4,9,9,0.6547631887328241,-2.711920878459896,3.760223,11.831865,-13.309518,-62.56024,21,2020-04-24,20.18375,0.0,76.32875,10.091249999999999,1.0,176.215,2020,4,24,75.8,0,Peru_4005.csv
2020-04-25,4005,52.2,44.2,1.0,1.0,1.6,12.6,2,2,1,1,1,1,3,3,-4.121759355099188,-1.6592346067952297,0.48237315,-3.7859251,-82.259445,2.2533715,21,2020-04-25,20.585,0.0,74.14125,9.005,1.0,184.445,2020,4,25,52.2,0,Peru_4005.csv
2020-04-26,4005,71.2,33.0,3.0,1.0,0.2,12.2,2,2,1,1,1,1,3,3,-3.669128910733349,-0.6650689388284582,0.47526935,-3.0978131,-60.825726,8.38639,21,2020-04-26,21.25625,0.0,73.51,11.178749999999999,1.0,171.40625,2020,4,26,71.2,0,Peru_4005.csv
2020-04-27,4005,75.8,27.2,10.6,1.0,16.6,11.0,2,2,1,1,4,4,9,9,0.6547631887328241,-2.711920878459896,3.7602515,11.831997,-13.309639,-62.55997,21,2020-04-27,20.1775,0.0,77.30625,10.9725,1.0,177.57500000000002,2020,4,27,75.8,0,Peru_4005.csv
2020-04-28,4005,80.4,43.4,1.0,11.0,10.8,8.4,2,2,1,1,1,1,11,11,-1.4988593694127448,0.4795546943427272,-5.445224,-4.1020474,-43.577908,-26.6509,21,2020-04-28,19.875,0.0,77.83375,9.01375,1.0,226.35750000000002,2020,4,28,80.4,0,Peru_4005.csv
2020-04-29,4005,80.4,43.4,1.0,11.0,10.8,8.4,2,2,1,1,1,1,11,11,-1.4988593694127448,0.4795546943427272,-5.4656625,-4.1078615,-43.57795,-26.650764,21,2020-04-29,19.8675,0.0,80.50874999999999,6.5925,1.0,265.4775,2020,4,29,80.4,0,Peru_4005.csv
2020-04-30,4005,80.4,43.4,1.0,11.0,10.8,8.4,2,2,1,1,1,1,11,11,-1.4988593694127448,0.4795546943427272,-5.4458075,-4.1024175,-43.577877,-26.650875,21,2020-04-30,20.51125,0.0,78.35875,6.66125,1.0,203.32375,2020,4,30,80.4,0,Peru_4005.csv
2020-05-01,4005,86.0,25.2,3.0,5.4,16.6,15.6,2,2,1,1,1,1,9,9,-0.09156538850260534,-2.1798059079151755,3.653755,-2.3819234,-37.30014,-41.254635,21,2020-05-01,20.45375,0.0,76.66624999999999,7.63125,1.0,186.2125,2020,5,1,86.0,0,Peru_4005.csv
2020-05-02,4005,80.4,43.4,1.0,11.0,10.8,8.4,2,2,1,1,1,1,11,11,-1.4988593694127448,0.4795546943427272,-5.447342,-4.101262,-43.577972,-26.650917,21,2020-05-02,20.235,0.0,77.79625,7.765,1.0,174.2075,2020,5,2,80.4,0,Peru_4005.csv
2020-05-03,4005,80.4,43.4,1.0,11.0,10.8,8.4,2,2,1,1,1,1,11,11,-1.4988593694127448,0.4795546943427272,-5.4452934,-4.102083,-43.57796,-26.650776,21,2020-05-03,19.92,0.0,81.06375,7.715,1.0,188.02875,2020,5,3,80.4,0,Peru_4005.csv
2020-05-04,4005,76.26329315845445,39.0951871657754,11.939310035171744,12.942866095675788,8.522758485383559,9.978580024067387,2,2,1,1,4,4,9,9,0.03549621024003731,-0.08868490030010638,19.34253,0.3722161,-13.194237,61.20619,21,2020-05-04,19.885,0.0,83.03625,7.9475,1.0,187.85,2020,5,4,76.26329315845445,0,Peru_4005.csv
2020-05-05,4005,48.0,28.8,2.0,8.8,10.8,4.8,2,2,1,1,1,1,3,3,-3.936989334587818,-2.3017817098941267,4.962132,3.0459583,-50.449074,-43.805523,21,2020-05-05,19.39,0.0,84.955,7.2837499999999995,1.0,180.66625,2020,5,5,48.0,0,Peru_4005.csv
2020-05-06,4005,48.0,28.8,2.0,8.8,10.8,4.8,2,2,1,1,1,1,3,3,-3.936989334587818,-2.3017817098941267,4.956005,3.0444539,-50.44869,-43.80591,21,2020-05-06,19.7525,0.0,84.22875,6.930000000000001,1.0,217.92000000000002,2020,5,6,48.0,0,Peru_4005.csv
2020-05-07,4005,48.0,28.8,2.0,8.8,10.8,4.8,2,2,1,1,1,1,3,3,-3.936989334587818,-2.3017817098941267,4.9346857,3.065231,-50.449524,-43.80552,21,2020-05-07,20.04375,0.0,82.3775,6.535,1.0,200.01125,2020,5,7,48.0,0,Peru_4005.csv
2020-05-08,4005,76.26329315845445,39.0951871657754,11.939310035171744,12.942866095675788,8.522758485383559,9.978580024067387,2,2,1,1,4,4,9,9,0.03549621024003731,-0.08868490030010638,18.8331,-0.28720436,-13.194237,61.20619,21,2020-05-08,20.60375,0.0,79.28,9.32875,1.0,171.89,2020,5,8,76.26329315845445,0,Peru_4005.csv
2020-05-09,4005,76.26329315845445,39.0951871657754,11.939310035171744,12.942866095675788,8.522758485383559,9.978580024067387,2,2,1,1,4,4,9,9,0.03549621024003731,-0.08868490030010638,18.953218,-0.17046937,-13.194237,61.20619,21,2020-05-09,19.57375,0.0,83.7325,10.09375,1.0,175.47875,2020,5,9,76.26329315845445,0,Peru_4005.csv
2020-05-10,4005,76.26329315845445,39.0951871657754,11.939310035171744,12.942866095675788,8.522758485383559,9.978580024067387,2,2,1,1,4,4,9,9,0.03549621024003731,-0.08868490030010638,18.965628,-0.41727468,-13.194237,61.20619,21,2020-05-10,19.68125,0.0,81.105,12.49125,1.0,170.085,2020,5,10,76.26329315845445,0,Peru_4005.csv
2020-05-11,4005,71.4,34.6,12.4,3.0,12.6,11.4,2,2,1,1,4,4,9,9,0.5091768985680634,-2.1081456241475376,3.7456224,-2.7937016,-15.603552,-62.77349,21,2020-05-11,19.605,0.0,78.78875,10.55,1.0,172.57875,2020,5,11,71.4,0,Peru_4005.csv
2020-05-12,4005,71.4,34.6,12.4,3.0,12.6,11.4,2,2,1,1,4,4,9,9,0.5091768985680634,-2.1081456241475376,3.7439086,-2.813979,-15.603557,-62.774265,21,2020-05-12,19.66125,0.0,80.0,8.45625,1.0,192.45875,2020,5,12,71.4,0,Peru_4005.csv
2020-05-13,4005,72.0,30.8,2.0,3.0,13.8,14.8,2,2,1,1,1,1,4,4,-1.2588897648105954,-2.604390014193278,6.2911224,-6.096119,-38.329834,-44.478264,21,2020-05-13,20.1075,0.0,78.4425,9.19125,1.0,169.52625,2020,5,13,72.0,0,Peru_4005.csv
2020-05-14,4005,87.8,43.0,1.0,2.0,9.4,11.0,2,2,1,1,1,1,11,11,-1.1990261762061392,0.16448391534452095,-2.6657994,-9.136027,-35.23681,21.619904,21,2020-05-14,19.715,0.0,82.89125,8.97625,1.0,186.5725,2020,5,14,87.8,0,Peru_4005.csv
2020-05-15,4005,87.8,43.0,1.0,2.0,9.4,11.0,2,2,1,1,1,1,11,11,-1.1990261762061392,0.16448391534452095,-2.6658866,-9.136192,-35.23683,21.619892,21,2020-05-15,18.7125,0.0,85.04125,8.53625,1.0,203.96125,2020,5,15,87.8,0,Peru_4005.csv
2020-05-16,4005,52.2,44.2,1.0,1.0,1.6,12.6,2,2,1,1,1,1,3,3,-4.121759355099188,-1.6592346067952297,0.48331082,-3.7878833,-82.26011,2.2533488,21,2020-05-16,17.92375,0.0,84.745,6.24625,1.0,223.5725,2020,5,16,52.2,0,Peru_4005.csv
2020-05-17,4005,75.8,27.2,10.6,1.0,16.6,11.0,2,2,1,1,4,4,9,9,0.6547631887328241,-2.711920878459896,3.7602646,11.831818,-13.309608,-62.559975,21,2020-05-17,18.16625,0.0,83.265,8.67375,1.0,178.64625,2020,5,17,75.8,0,Peru_4005.csv
2020-05-18,4005,75.8,27.2,10.6,1.0,16.6,11.0,2,2,1,1,4,4,9,9,0.6547631887328241,-2.711920878459896,3.760291,11.831856,-13.309478,-62.559986,21,2020-05-18,18.01125,0.0,83.90625,8.77625,1.0,175.28125,2020,5,18,75.8,0,Peru_4005.csv
2020-05-19,4005,87.8,43.0,1.0,2.0,9.4,11.0,2,2,1,1,1,1,11,11,-1.1990261762061392,0.16448391534452095,-2.665964,-9.136417,-35.23681,21.619902,21,2020-05-19,17.22,0.0,84.7225,9.9725,1.0,181.31,2020,5,19,87.8,0,Peru_4005.csv
2020-05-20,4005,87.8,43.0,1.0,2.0,9.4,11.0,2,2,1,1,1,1,11,11,-1.1990261762061392,0.16448391534452095,-2.6660056,-9.137528,-35.234886,21.617487,21,2020-05-20,17.085,0.0,81.8175,9.195,1.0,176.6825,2020,5,20,87.8,0,Peru_4005.csv
2020-05-21,4005,52.2,44.2,1.0,1.0,1.6,12.6,2,2,1,1,1,1,3,3,-4.121759355099188,-1.6592346067952297,0.47775325,-3.798175,-82.26011,2.2533488,21,2020-05-21,16.855,0.0,83.55125000000001,9.70625,1.0,181.47375,2020,5,21,52.2,0,Peru_4005.csv
2020-05-22,4005,77.2,40.6,2.0,1.0,8.0,1.2,2,2,1,1,1,1,3,3,-2.751523900788643,0.6667794910481611,0.13440035,-1.7304267,-50.019108,2.3590527,21,2020-05-22,16.7125,0.0,85.58,8.67,1.0,211.79,2020,5,22,77.2,0,Peru_4005.csv
2020-05-23,4005,52.2,44.2,1.0,1.0,1.6,12.6,2,2,1,1,1,1,3,3,-4.121759355099188,-1.6592346067952297,0.4834901,-3.7951694,-82.26011,2.2533488,21,2020-05-23,16.98625,0.0,84.31375,8.21625,1.0,282.045,2020,5,23,52.2,0,Peru_4005.csv
2020-05-24,4005,77.2,40.6,2.0,1.0,8.0,1.2,2,2,1,1,1,1,3,3,-2.751523900788643,0.6667794910481611,0.12011536,-1.7294785,-50.019108,2.3590527,21,2020-05-24,17.3175,0.0,82.42125,6.9075,1.0,179.42249999999999,2020,5,24,77.2,0,Peru_4005.csv
2020-05-25,4005,76.4,46.4,6.2,2.0,17.0,3.4,2,2,1,1,1,1,9,9,0.18789570197331038,-0.5569922419672384,5.301806,-0.056004107,5.3549447,-13.642674,21,2020-05-25,17.427500000000002,0.0,83.24875,8.31625,1.0,188.92125,2020,5,25,76.4,0,Peru_4005.csv
2020-05-26,4005,72.0,30.8,2.0,3.0,13.8,14.8,2,2,1,1,1,1,4,4,-1.2588897648105954,-2.604390014193278,6.2916713,-6.0964065,-38.330654,-44.478706,21,2020-05-26,17.33,0.0,83.59875,7.53375,1.0,188.50125,2020,5,26,72.0,0,Peru_4005.csv
2020-05-27,4005,66.0,26.4,4.0,3.0,10.4,2.0,2,2,1,1,1,1,3,3,-3.1150433725136852,-1.1677999715913023,5.2563252,2.8381352,-48.952473,-36.13523,21,2020-05-27,18.12125,0.0,81.4425,6.922499999999999,1.0,164.965,2020,5,27,66.0,0,Peru_4005.csv
2020-05-28,4005,63.8,42.2,3.0,3.0,2.4,9.4,2,2,1,1,1,1,3,3,-3.3948813088159087,-0.4949684411131877,0.2583659,-3.4651995,-58.255962,7.9796243,21,2020-05-28,18.86625,0.0,80.72875,6.9075,1.0,180.7125,2020,5,28,63.8,0,Peru_4005.csv
2020-05-29,4005,63.8,42.2,3.0,3.0,2.4,9.4,2,2,1,1,1,1,3,3,-3.3948813088159087,-0.4949684411131877,0.2558859,-3.461093,-58.256298,7.979753,21,2020-05-29,19.615,0.0,78.07375,8.705,1.0,155.4025,2020,5,29,63.8,0,Peru_4005.csv
2020-05-30,4005,72.0,30.8,2.0,3.0,13.8,14.8,2,2,1,1,1,1,4,4,-1.2588897648105954,-2.604390014193278,6.2921042,-6.096496,-38.330055,-44.47915,21,2020-05-30,19.1875,0.0,81.16125,9.3175,1.0,173.86374999999998,2020,5,30,72.0,0,Peru_4005.csv
2020-05-31,4005,87.8,43.0,1.0,2.0,9.4,11.0,2,2,1,1,1,1,11,11,-1.1990261762061392,0.16448391534452095,-2.666588,-9.136706,-35.235092,21.617146,21,2020-05-31,18.5,0.0,84.64125,11.3475,1.0,166.93875,2020,5,31,87.8,0,Peru_4005.csv
2020-06-01,4005,71.4,34.6,12.4,3.0,12.6,11.4,2,2,1,1,4,4,9,9,0.5091768985680634,-2.1081456241475376,3.753576,-2.7891488,-15.603557,-62.774265,21,2020-06-01,18.06125,0.0,85.5775,10.51375,1.0,175.44875,2020,6,1,71.4,0,Peru_4005.csv
2020-06-02,4005,61.2,40.6,1.0,3.0,9.6,15.8,2,2,1,1,1,1,4,4,-2.1441276387478863,-2.4760180105033838,0.68170166,-4.2876472,-45.46686,-20.44117,21,2020-06-02,17.87375,0.0,87.04125,7.58875,1.0,239.525,2020,6,2,61.2,0,Peru_4005.csv
2020-06-03,4005,72.0,30.8,2.0,3.0,13.8,14.8,2,2,1,1,1,1,4,4,-1.2588897648105954,-2.604390014193278,6.2876906,-6.0902624,-38.330444,-44.47859,21,2020-06-03,17.740000000000002,0.0,83.52125,9.47875,1.0,178.985,2020,6,3,72.0,0,Peru_4005.csv
2020-06-04,4005,63.8,42.2,3.0,3.0,2.4,9.4,2,2,1,1,1,1,3,3,-3.3948813088159087,-0.4949684411131877,0.25929695,-3.466885,-58.256306,7.98006,21,2020-06-04,17.42,0.0,84.9425,8.96,1.0,210.83875,2020,6,4,63.8,0,Peru_4005.csv
2020-06-05,4005,63.8,42.2,3.0,3.0,2.4,9.4,2,2,1,1,1,1,3,3,-3.3948813088159087,-0.4949684411131877,0.2482912,-3.4868317,-58.25624,7.9799657,21,2020-06-05,17.115000000000002,0.0,84.49375,8.89125,1.0,245.02125,2020,6,5,63.8,0,Peru_4005.csv
2020-06-06,4005,66.0,26.4,4.0,3.0,10.4,2.0,2,2,1,1,1,1,3,3,-3.1150433725136852,-1.1677999715913023,5.2565656,2.8284054,-48.95362,-36.135895,21,2020-06-06,16.90625,0.0,85.885,6.74125,1.0,218.15125,2020,6,6,66.0,0,Peru_4005.csv
2020-06-07,4005,61.4,58.8,4.0,2.0,1.6,10.8,2,2,1,1,1,1,11,11,-2.4666717613207276,-0.021197069754702445,0.23820129,-2.6703534,-52.941822,18.857672,21,2020-06-07,17.2625,0.0,84.0275,8.98,1.0,184.52,2020,6,7,61.4,0,Peru_4005.csv
2020-06-08,4005,76.4,46.4,6.2,2.0,17.0,3.4,2,2,1,1,1,1,9,9,0.18789570197331038,-0.5569922419672384,5.2953253,-0.0669223,5.3549447,-13.642674,21,2020-06-08,16.76375,0.0,84.3425,9.963750000000001,1.0,189.285,2020,6,8,76.4,0,Peru_4005.csv
2020-06-09,4005,65.0,26.0,3.0,2.0,3.4,8.8,2,2,1,1,1,1,3,3,-4.052652672404892,-1.338874000928515,-6.4932976,0.5566079,-74.672935,-14.603469,21,2020-06-09,16.54625,0.0,81.76625,8.2025,1.0,190.3125,2020,6,9,65.0,0,Peru_4005.csv
2020-06-10,4005,54.6,28.2,5.0,3.0,12.8,5.6,2,2,1,1,1,1,3,3,-2.615753318582795,-2.7112141023041856,6.2283697,2.2995334,-30.206861,-46.33107,21,2020-06-10,16.74125,0.0,81.77,6.7025,1.0,204.745,2020,6,10,54.6,0,Peru_4005.csv
2020-06-11,4005,61.4,58.8,4.0,2.0,1.6,10.8,2,2,1,1,1,1,11,11,-2.4666717613207276,-0.021197069754702445,0.2322689,-2.6741645,-52.942432,18.857735,21,2020-06-11,16.8975,0.0,81.75,9.60375,1.0,173.16125,2020,6,11,61.4,0,Peru_4005.csv
2020-06-12,4005,72.0,30.8,2.0,3.0,13.8,14.8,2,2,1,1,1,1,4,4,-1.2588897648105954,-2.604390014193278,6.2916613,-6.096314,-38.33044,-44.47862,21,2020-06-12,16.8875,0.0,84.255,10.41125,1.0,179.975,2020,6,12,72.0,0,Peru_4005.csv
2020-06-13,4005,63.8,42.2,3.0,3.0,2.4,9.4,2,2,1,1,1,1,3,3,-3.3948813088159087,-0.4949684411131877,0.25395715,-3.4671714,-58.25624,7.9799657,21,2020-06-13,16.80375,0.0,84.76375,9.6125,1.0,205.25375,2020,6,13,63.8,0,Peru_4005.csv
2020-06-14,4005,61.4,58.8,4.0,2.0,1.6,10.8,2,2,1,1,1,1,11,11,-2.4666717613207276,-0.021197069754702445,0.20865798,-2.6775708,-52.94246,18.857292,21,2020-06-14,16.77875,0.0,83.19875,8.92375,1.0,160.8525,2020,6,14,61.4,0,Peru_4005.csv
2020-06-15,4005,61.2,40.6,1.0,3.0,9.6,15.8,2,2,1,1,1,1,4,4,-2.1441276387478863,-2.4760180105033838,0.68037856,-4.289206,-45.46751,-20.441158,21,2020-06-15,16.085,0.0,86.855,10.57875,1.0,167.82750000000001,2020,6,15,61.2,0,Peru_4005.csv
2020-06-16,4005,83.6,18.8,2.0,2.0,8.4,11.0,2,2,1,1,1,1,3,3,-2.6361033834335714,-1.2517785125028997,4.7700677,8.2726755,-48.03362,-30.807919,21,2020-06-16,16.32,0.0,84.33125,9.66875,1.0,164.515,2020,6,16,83.6,0,Peru_4005.csv
2020-06-17,4005,61.2,40.6,1.0,3.0,9.6,15.8,2,2,1,1,1,1,4,4,-2.1441276387478863,-2.4760180105033838,0.6803168,-4.2898483,-45.466858,-20.441086,21,2020-06-17,16.31875,0.0,85.2875,13.40875,1.0,161.64000000000001,2020,6,17,61.2,0,Peru_4005.csv
2020-06-18,4005,72.0,30.8,2.0,3.0,13.8,14.8,2,2,1,1,1,1,4,4,-1.2588897648105954,-2.604390014193278,6.291453,-6.096155,-38.330193,-44.47924,21,2020-06-18,16.37375,0.0,83.1525,8.23,1.0,193.18375,2020,6,18,72.0,0,Peru_4005.csv
2020-06-19,4005,66.0,26.4,4.0,3.0,10.4,2.0,2,2,1,1,1,1,3,3,-3.1150433725136852,-1.1677999715913023,5.2394886,2.8426447,-48.95362,-36.135895,21,2020-06-19,16.57125,0.0,83.24,9.36375,1.0,169.87375,2020,6,19,66.0,0,Peru_4005.csv
2020-06-20,4005,63.8,42.2,3.0,3.0,2.4,9.4,2,2,1,1,1,1,3,3,-3.3948813088159087,-0.4949684411131877,0.25340983,-3.4734242,-58.256313,7.979688,21,2020-06-20,15.64875,0.0,86.37875,7.831250000000001,1.0,186.83875,2020,6,20,63.8,0,Peru_4005.csv
2020-06-21,4005,61.4,58.8,4.0,2.0,1.6,10.8,2,2,1,1,1,1,11,11,-2.4666717613207276,-0.021197069754702445,0.21197593,-2.6773934,-52.94253,18.857275,21,2020-06-21,16.5225,0.0,84.18125,7.0875,1.0,207.35375,2020,6,21,61.4,0,Peru_4005.csv
2020-06-22,4005,71.4,34.6,12.4,3.0,12.6,11.4,2,2,1,1,4,4,9,9,0.5091768985680634,-2.1081456241475376,3.7623053,-2.8009968,-15.602792,-62.77335,21,2020-06-22,15.971250000000001,0.0,85.37,6.79375,1.0,217.5675,2020,6,22,71.4,0,Peru_4005.csv
2020-06-23,4005,66.0,26.4,4.0,3.0,10.4,2.0,2,2,1,1,1,1,3,3,-3.1150433725136852,-1.1677999715913023,5.2336082,2.8516867,-48.95362,-36.135895,21,2020-06-23,15.85875,0.0,86.23875,6.785,1.0,192.94375,2020,6,23,66.0,0,Peru_4005.csv
2020-06-24,4005,64.8,40.8,5.0,4.0,8.0,6.0,2,2,1,1,1,1,3,3,-2.299722260387314,-0.7179383784983592,7.722714,0.25767273,-48.754047,-10.971075,21,2020-06-24,15.94625,0.0,85.885,6.9675,1.0,195.76125,2020,6,24,64.8,0,Peru_4005.csv
2020-06-25,4005,72.6,37.0,7.0,3.0,5.8,2.6,2,2,1,1,1,1,3,3,-2.413484018769462,0.26538965681062315,2.908618,3.7534566,-44.83209,-2.5860445,21,2020-06-25,15.905000000000001,0.0,84.4075,7.11625,1.0,210.19625,2020,6,25,72.6,0,Peru_4005.csv
2020-06-26,4005,76.4,37.0,7.0,4.0,5.8,4.0,2,2,1,1,1,1,3,3,-2.105165593581508,0.4262702380600778,2.9103606,3.731945,-44.574,-1.7364541,21,2020-06-26,15.91,0.0,85.29125,7.075,1.0,207.42125000000001,2020,6,26,76.4,0,Peru_4005.csv
2020-06-27,4005,60.0,45.0,6.0,4.0,4.0,4.8,2,2,1,1,1,1,3,3,-2.9379659910173213,-0.21599392416996493,3.4288082,2.9760783,-60.019493,-1.4516059,21,2020-06-27,15.938749999999999,0.0,84.0375,8.401250000000001,1.0,181.235,2020,6,27,60.0,0,Peru_4005.csv
2020-06-28,4005,68.8,24.6,5.0,2.0,7.8,4.4,2,2,1,1,1,1,3,3,-3.1291236944224132,-1.1475883422746787,4.1802473,4.384142,-50.018257,-35.858124,21,2020-06-28,15.58625,0.0,85.865,8.66625,1.0,182.0275,2020,6,28,68.8,0,Peru_4005.csv
2020-06-29,4005,83.6,18.8,2.0,2.0,8.4,11.0,2,2,1,1,1,1,3,3,-2.6361033834335714,-1.2517785125028997,4.7696934,8.271363,-48.034466,-30.808035,21,2020-06-29,15.41625,0.0,84.9325,10.27,1.0,169.49,2020,6,29,83.6,0,Peru_4005.csv
2020-06-30,4005,61.2,40.6,1.0,3.0,9.6,15.8,2,2,1,1,1,1,4,4,-2.1441276387478863,-2.4760180105033838,0.68268436,-4.288163,-45.46751,-20.441158,21,2020-06-30,15.4325,0.0,85.48375,9.862499999999999,1.0,180.4325,2020,6,30,61.2,0,Peru_4005.csv
2020-07-01,4005,54.6,28.2,5.0,3.0,12.8,5.6,2,2,1,1,1,1,3,3,-2.615753318582795,-2.7112141023041856,6.2358027,2.3094904,-30.206896,-46.331215,21,2020-07-01,14.98375,0.0,85.9725,7.9075,1.0,179.04625,2020,7,1,54.6,0,Peru_4005.csv
2020-07-02,4005,54.6,28.2,5.0,3.0,12.8,5.6,2,2,1,1,1,1,3,3,-2.615753318582795,-2.7112141023041856,6.223342,2.2875257,-30.207142,-46.331146,21,2020-07-02,15.14,0.0,84.1475,8.15625,1.0,184.63125,2020,7,2,54.6,0,Peru_4005.csv
2020-07-03,4005,99.2,36.2,4.0,4.0,6.6,9.2,2,2,1,1,5,5,11,11,-1.0543116126389107,1.314164402128798,6.1847596,-7.4221425,-30.436588,14.723289,21,2020-07-03,15.5525,0.0,82.2975,6.33125,1.0,210.59375,2020,7,3,99.2,0,Peru_4005.csv
2020-07-04,4005,72.2,30.0,5.0,13.4,6.4,15.0,2,2,1,1,1,1,3,3,-1.984452357313274,-1.0392673599885882,4.2945566,3.6740263,-20.183676,-77.82241,21,2020-07-04,16.04,0.0,82.585,6.52,1.0,177.87375,2020,7,4,72.2,0,Peru_4005.csv
2020-07-05,4005,76.26329315845445,39.0951871657754,11.939310035171744,12.942866095675788,8.522758485383559,9.978580024067387,2,2,1,1,4,4,9,9,0.03549621024003731,-0.08868490030010638,18.118439,0.61868674,-13.194237,61.20619,21,2020-07-05,15.4,0.0,86.40625,7.532500000000001,1.0,182.89,2020,7,5,76.26329315845445,0,Peru_4005.csv
2020-07-06,4005,76.26329315845445,39.0951871657754,11.939310035171744,12.942866095675788,8.522758485383559,9.978580024067387,2,2,1,1,4,4,9,9,0.03549621024003731,-0.08868490030010638,18.271433,-0.2034825,-13.194237,61.20619,21,2020-07-06,15.26625,0.0,87.16125,8.026250000000001,1.0,184.32375,2020,7,6,76.26329315845445,0,Peru_4005.csv
2020-07-07,4005,76.26329315845445,39.0951871657754,11.939310035171744,12.942866095675788,8.522758485383559,9.978580024067387,2,2,1,1,4,4,9,9,0.03549621024003731,-0.08868490030010638,18.181145,-0.27911592,-13.194237,61.20619,21,2020-07-07,15.591249999999999,0.0,85.9825,11.38,1.0,174.20999999999998,2020,7,7,76.26329315845445,0,Peru_4005.csv
2020-07-08,4005,76.26329315845445,39.0951871657754,11.939310035171744,12.942866095675788,8.522758485383559,9.978580024067387,2,2,1,1,4,4,9,9,0.03549621024003731,-0.08868490030010638,18.884285,0.72330886,-13.194237,61.20619,21,2020-07-08,15.4875,0.0,84.67125,9.4575,1.0,199.37,2020,7,8,76.26329315845445,0,Peru_4005.csv
2020-07-09,4005,76.26329315845445,39.0951871657754,11.939310035171744,12.942866095675788,8.522758485383559,9.978580024067387,2,2,1,1,4,4,9,9,0.03549621024003731,-0.08868490030010638,18.545216,-0.4763967,-13.194237,61.20619,21,2020-07-09,15.155,0.0,85.0625,8.188749999999999,1.0,215.6475,2020,7,9,76.26329315845445,0,Peru_4005.csv
2020-07-10,4005,76.26329315845445,39.0951871657754,11.939310035171744,12.942866095675788,8.522758485383559,9.978580024067387,2,2,1,1,4,4,9,9,0.03549621024003731,-0.08868490030010638,17.878242,-0.58983815,-13.194237,61.20619,21,2020-07-10,14.9825,0.0,85.49,10.34,1.0,172.3075,2020,7,10,76.26329315845445,0,Peru_4005.csv
2020-07-11,4005,76.26329315845445,39.0951871657754,11.939310035171744,12.942866095675788,8.522758485383559,9.978580024067387,2,2,1,1,4,4,9,9,0.03549621024003731,-0.08868490030010638,18.355865,0.7427432,-13.194237,61.20619,21,2020-07-11,14.5725,0.0,84.06125,6.7575,1.0,210.31125,2020,7,11,76.26329315845445,0,Peru_4005.csv
2020-07-12,4005,76.26329315845445,39.0951871657754,11.939310035171744,12.942866095675788,8.522758485383559,9.978580024067387,2,2,1,1,4,4,9,9,0.03549621024003731,-0.08868490030010638,19.093521,-1.0278714,-13.194237,61.20619,21,2020-07-12,15.11375,0.0,84.06125,6.7475000000000005,1.0,202.82625000000002,2020,7,12,76.26329315845445,0,Peru_4005.csv
2020-07-13,4005,76.26329315845445,39.0951871657754,11.939310035171744,12.942866095675788,8.522758485383559,9.978580024067387,2,2,1,1,4,4,9,9,0.03549621024003731,-0.08868490030010638,19.427235,0.3796139,-13.194237,61.20619,21,2020-07-13,15.7675,0.0,86.19375,6.1925,1.0,234.0,2020,7,13,76.26329315845445,0,Peru_4005.csv
2020-07-14,4005,76.26329315845445,39.0951871657754,11.939310035171744,12.942866095675788,8.522758485383559,9.978580024067387,2,2,1,1,4,4,9,9,0.03549621024003731,-0.08868490030010638,19.644417,0.08859405,-13.194237,61.20619,21,2020-07-14,15.76125,0.0,85.39375,10.82375,1.0,173.3475,2020,7,14,76.26329315845445,0,Peru_4005.csv
2020-07-15,4005,76.26329315845445,39.0951871657754,11.939310035171744,12.942866095675788,8.522758485383559,9.978580024067387,2,2,1,1,4,4,9,9,0.03549621024003731,-0.08868490030010638,18.909634,0.6020919,-13.194237,61.20619,21,2020-07-15,15.69875,0.0,86.09875,12.098749999999999,1.0,170.41625,2020,7,15,76.26329315845445,0,Peru_4005.csv
2020-07-16,4005,76.26329315845445,39.0951871657754,11.939310035171744,12.942866095675788,8.522758485383559,9.978580024067387,2,2,1,1,4,4,9,9,0.03549621024003731,-0.08868490030010638,19.56311,0.5228821,-13.194237,61.20619,21,2020-07-16,15.0875,0.0,86.725,10.45625,1.0,176.1875,2020,7,16,76.26329315845445,0,Peru_4005.csv
2020-07-17,4005,76.26329315845445,39.0951871657754,11.939310035171744,12.942866095675788,8.522758485383559,9.978580024067387,2,2,1,1,4,4,9,9,0.03549621024003731,-0.08868490030010638,18.237398,-0.24200252,-13.194237,61.20619,21,2020-07-17,15.00625,0.0,83.58375,8.89,1.0,174.82625000000002,2020,7,17,76.26329315845445,0,Peru_4005.csv
2020-07-18,4005,76.26329315845445,39.0951871657754,11.939310035171744,12.942866095675788,8.522758485383559,9.978580024067387,2,2,1,1,4,4,9,9,0.03549621024003731,-0.08868490030010638,18.780636,-0.7134522,-13.194237,61.20619,21,2020-07-18,14.6425,0.0,83.12625,9.77875,1.0,166.49375,2020,7,18,76.26329315845445,0,Peru_4005.csv
2020-07-19,4005,76.26329315845445,39.0951871657754,11.939310035171744,12.942866095675788,8.522758485383559,9.978580024067387,2,2,1,1,4,4,9,9,0.03549621024003731,-0.08868490030010638,19.599901,0.51934314,-13.194237,61.20619,21,2020-07-19,14.74625,0.0,83.69375,9.83125,1.0,168.97,2020,7,19,76.26329315845445,0,Peru_4005.csv
2020-07-20,4005,76.26329315845445,39.0951871657754,11.939310035171744,12.942866095675788,8.522758485383559,9.978580024067387,2,2,1,1,4,4,9,9,0.03549621024003731,-0.08868490030010638,18.48503,-0.21807161,-13.194237,61.20619,21,2020-07-20,14.79875,0.0,83.75875,8.4925,1.0,180.26624999999999,2020,7,20,76.26329315845445,0,Peru_4005.csv
2020-07-21,4005,76.26329315845445,39.0951871657754,11.939310035171744,12.942866095675788,8.522758485383559,9.978580024067387,2,2,1,1,4,4,9,9,0.03549621024003731,-0.08868490030010638,18.665846,-0.51332194,-13.194237,61.20619,21,2020-07-21,15.071250000000001,0.0,85.17125,6.24125,1.0,211.33625,2020,7,21,76.26329315845445,0,Peru_4005.csv
2020-07-22,4005,76.26329315845445,39.0951871657754,11.939310035171744,12.942866095675788,8.522758485383559,9.978580024067387,2,2,1,1,4,4,9,9,0.03549621024003731,-0.08868490030010638,18.955503,0.27088425,-13.194237,61.20619,21,2020-07-22,15.67,0.0,86.3525,8.42625,1.0,198.625,2020,7,22,76.26329315845445,0,Peru_4005.csv
2020-07-23,4005,59.0,31.8,14.8,5.0,8.8,13.2,2,2,1,1,4,4,9,9,-0.2700698138621285,-2.822262986529412,5.161679,2.9640095,-20.658335,-65.52557,21,2020-07-23,16.14,0.0,86.9075,6.8774999999999995,1.0,208.155,2020,7,23,59.0,0,Peru_4005.csv
2020-07-24,4005,66.6,45.0,8.0,5.0,3.8,11.0,2,2,1,1,1,1,3,3,-1.6995601904318876,-0.5191971727724052,4.3163934,3.400043,-58.879112,3.8868349,21,2020-07-24,15.95875,0.0,85.32875,9.14375,1.0,193.48499999999999,2020,7,24,66.6,0,Peru_4005.csv
2020-07-25,4005,76.4,37.0,7.0,4.0,5.8,4.0,2,2,1,1,1,1,3,3,-2.105165593581508,0.4262702380600778,2.8967311,3.73031,-44.573986,-1.7364882,21,2020-07-25,15.08875,0.0,87.38,7.925,1.0,220.48999999999998,2020,7,25,76.4,0,Peru_4005.csv
2020-07-26,4005,63.6,37.4,6.0,5.0,3.2,2.4,2,2,1,1,1,1,3,3,-3.514545927926116,0.1586542028747155,3.4027774,3.9994457,-55.668163,-6.0036902,21,2020-07-26,14.67125,0.0,85.33875,7.1525,1.0,209.54,2020,7,26,63.6,0,Peru_4005.csv
2020-07-27,4005,60.0,45.0,6.0,4.0,4.0,4.8,2,2,1,1,1,1,3,3,-2.9379659910173213,-0.21599392416996493,3.4010637,2.9604235,-60.01944,-1.4516333,21,2020-07-27,14.2025,0.0,84.86375,8.95375,1.0,173.90125,2020,7,27,60.0,0,Peru_4005.csv
2020-07-28,4005,64.8,40.8,5.0,4.0,8.0,6.0,2,2,1,1,1,1,3,3,-2.299722260387314,-0.7179383784983592,7.7285705,0.26946604,-48.754112,-10.971081,21,2020-07-28,14.4,0.0,85.335,9.0525,1.0,183.76624999999999,2020,7,28,64.8,0,Peru_4005.csv
2020-07-29,4005,99.2,36.2,4.0,4.0,6.6,9.2,2,2,1,1,5,5,11,11,-1.0543116126389107,1.314164402128798,6.1849513,-7.422414,-30.436785,14.7230835,21,2020-07-29,14.22,0.0,84.3175,8.645,1.0,175.33375,2020,7,29,99.2,0,Peru_4005.csv
2020-07-30,4005,64.8,40.8,5.0,4.0,8.0,6.0,2,2,1,1,1,1,3,3,-2.299722260387314,-0.7179383784983592,7.7279754,0.26897097,-48.75408,-10.970973,21,2020-07-30,14.6675,0.0,83.8425,8.56375,1.0,178.99,2020,7,30,64.8,0,Peru_4005.csv
2020-07-31,4005,99.2,36.2,4.0,4.0,6.6,9.2,2,2,1,1,5,5,11,11,-1.0543116126389107,1.314164402128798,6.185925,-7.4233723,-30.435532,14.721174,21,2020-07-31,14.55125,0.0,85.3325,8.38875,1.0,198.51125,2020,7,31,99.2,0,Peru_4005.csv
2020-08-01,4005,64.8,40.8,5.0,4.0,8.0,6.0,2,2,1,1,1,1,3,3,-2.299722260387314,-0.7179383784983592,7.7303724,0.2718251,-48.75414,-10.971064,21,2020-08-01,15.09875,0.0,82.43375,8.0075,1.0,185.14,2020,8,1,64.8,0,Peru_4005.csv
2020-08-02,4005,99.2,36.2,4.0,4.0,6.6,9.2,2,2,1,1,5,5,11,11,-1.0543116126389107,1.314164402128798,6.1865444,-7.4235134,-30.435759,14.721215,21,2020-08-02,15.025,0.0,83.795,10.895,1.0,176.24625,2020,8,2,99.2,0,Peru_4005.csv
2020-08-03,4005,66.8,24.6,2.0,4.0,14.6,9.6,2,2,1,1,1,1,3,3,-2.1452811736420783,-2.6229802277523118,-5.6635704,-2.8199205,-42.37397,-42.28631,21,2020-08-03,14.3375,0.0,82.50625,9.33875,1.0,181.64125,2020,8,3,66.8,0,Peru_4005.csv
2020-08-04,4005,76.2,43.8,5.0,5.0,7.8,3.2,2,2,1,1,1,1,3,3,-1.876479961812394,0.7309097149274529,3.0685487,2.2332509,-48.67968,0.35404673,21,2020-08-04,14.842500000000001,0.0,80.16,7.475,1.0,167.2925,2020,8,4,76.2,0,Peru_4005.csv
2020-08-05,4005,60.0,45.0,6.0,4.0,4.0,4.8,2,2,1,1,1,1,3,3,-2.9379659910173213,-0.21599392416996493,3.417632,2.9672153,-60.01947,-1.4516044,21,2020-08-05,14.655,0.0,82.18875,8.4225,1.0,165.89125,2020,8,5,60.0,0,Peru_4005.csv
2020-08-06,4005,76.2,43.8,5.0,5.0,7.8,3.2,2,2,1,1,1,1,3,3,-1.876479961812394,0.7309097149274529,3.0761764,2.236652,-48.67832,0.35351938,21,2020-08-06,14.7675,0.0,84.50375,8.795,1.0,195.13,2020,8,6,76.2,0,Peru_4005.csv
2020-08-07,4005,62.0,32.8,7.0,5.0,16.2,3.4,2,2,1,1,1,1,9,9,-1.1902866688970242,-1.9808881637513638,5.898952,1.2727535,-26.080742,-47.63864,21,2020-08-07,14.8975,0.0,82.9575,7.915,1.0,191.025,2020,8,7,62.0,0,Peru_4005.csv
2020-08-08,4005,85.6,59.4,8.0,6.0,9.6,9.8,0,0,3,3,5,5,11,11,0.9077111023451635,1.0827926462066122,1.6319476,-0.90764457,48.69564,8.018298,21,2020-08-08,14.90625,0.0,83.7175,7.9799999999999995,1.0,181.05625,2020,8,8,85.6,0,Peru_4005.csv
2020-08-09,4005,86.0,47.4,9.0,5.0,2.2,7.6,2,2,1,1,4,4,11,11,-1.0257282488759083,1.6371808118963167,1.5066514,2.2407951,-5.781957,23.44228,21,2020-08-09,15.1025,0.0,84.68125,7.85125,1.0,181.50625,2020,8,9,86.0,0,Peru_4005.csv
2020-08-10,4005,68.6,24.2,3.0,5.0,3.2,6.6,2,2,1,1,1,1,3,3,-4.198907195919425,-0.6292793228838977,-6.7413297,0.5858525,-74.08705,-16.242508,21,2020-08-10,15.0275,0.0,83.20875,8.15375,1.0,175.725,2020,8,10,68.6,0,Peru_4005.csv
2020-08-11,4005,68.6,24.2,3.0,5.0,3.2,6.6,2,2,1,1,1,1,3,3,-4.198907195919425,-0.6292793228838977,-6.7406406,0.5858637,-74.08984,-16.242743,21,2020-08-11,14.52375,0.0,83.78125,9.43375,1.0,186.93625,2020,8,11,68.6,0,Peru_4005.csv
2020-08-12,4005,68.0,39.8,4.0,7.0,9.8,15.2,2,2,1,1,1,1,4,4,-1.2584765355831569,-1.7500001798576745,1.5357428,-2.5829499,-43.82007,-18.344824,21,2020-08-12,14.7125,0.0,82.835,9.2475,1.0,178.69875,2020,8,12,68.0,0,Peru_4005.csv
2020-08-13,4005,57.2,26.4,5.0,6.0,2.6,19.2,2,2,1,1,1,1,4,4,-3.2204776810411064,-2.9317094551649054,1.4897451,-5.1857257,-16.970968,-89.31324,21,2020-08-13,14.786249999999999,0.0,85.78,8.9475,1.0,194.35375,2020,8,13,57.2,0,Peru_4005.csv
2020-08-14,4005,68.0,39.8,4.0,7.0,9.8,15.2,2,2,1,1,1,1,4,4,-1.2584765355831569,-1.7500001798576745,1.5305183,-2.5821564,-43.820305,-18.345606,21,2020-08-14,14.96,0.0,85.4575,9.5725,1.0,201.5125,2020,8,14,68.0,0,Peru_4005.csv
2020-08-15,4005,66.8,37.2,7.0,7.0,5.2,11.0,2,2,1,1,1,1,3,3,-2.042984736954216,-0.9007129443310089,4.348854,3.4470747,-59.01594,4.7015963,21,2020-08-15,14.50375,0.0,86.52625,9.27875,1.0,200.4275,2020,8,15,66.8,0,Peru_4005.csv
2020-08-16,4005,67.6,50.2,6.0,6.0,3.2,7.4,2,2,1,1,1,1,3,3,-2.2133169464052735,0.4938236214099899,2.8961585,2.687509,-58.037514,1.9051555,21,2020-08-16,14.7075,0.0,84.4725,10.00875,1.0,182.58375,2020,8,16,67.6,0,Peru_4005.csv
2020-08-17,4005,75.0,22.4,2.0,5.0,15.6,5.0,2,2,1,1,1,1,3,3,-2.0887752175656784,-1.5764176081602665,-1.4806651,-12.89337,-42.818024,-36.024055,21,2020-08-17,14.57625,0.0,85.3175,8.81,1.0,188.46875,2020,8,17,75.0,0,Peru_4005.csv
2020-08-18,4005,64.8,40.8,5.0,4.0,8.0,6.0,2,2,1,1,1,1,3,3,-2.299722260387314,-0.7179383784983592,7.7282,0.26986423,-48.754032,-10.97113,21,2020-08-18,14.93,0.0,84.78625,10.7475,1.0,178.515,2020,8,18,64.8,0,Peru_4005.csv
2020-08-19,4005,76.4,37.0,7.0,4.0,5.8,4.0,2,2,1,1,1,1,3,3,-2.105165593581508,0.4262702380600778,2.89797,3.7335124,-44.573986,-1.7364602,21,2020-08-19,14.87125,0.0,84.21625,10.555,1.0,196.1675,2020,8,19,76.4,0,Peru_4005.csv
2020-08-20,4005,78.2,43.6,8.0,4.0,6.8,4.8,2,2,1,1,1,1,9,9,-1.2205578311813066,0.6299443318812797,2.588518,2.4543555,-45.865925,0.6865652,21,2020-08-20,14.84625,0.0,84.53,8.7775,1.0,194.475,2020,8,20,78.2,0,Peru_4005.csv
2020-08-21,4005,78.2,43.6,8.0,4.0,6.8,4.8,2,2,1,1,1,1,9,9,-1.2205578311813066,0.6299443318812797,2.605741,2.506444,-45.865734,0.68660575,21,2020-08-21,14.61,0.0,85.62625,10.133750000000001,1.0,190.78,2020,8,21,78.2,0,Peru_4005.csv
2020-08-22,4005,78.2,43.6,8.0,4.0,6.8,4.8,2,2,1,1,1,1,9,9,-1.2205578311813066,0.6299443318812797,2.5843039,2.4725776,-45.865925,0.6865658,21,2020-08-22,14.8625,0.0,84.36125,8.76375,1.0,185.34375,2020,8,22,78.2,0,Peru_4005.csv
2020-08-23,4005,70.4,35.8,7.0,10.2,3.2,8.2,2,2,1,1,1,1,3,3,-2.5463673143722967,0.1502115415122398,2.188277,3.3062189,-64.12149,14.076333,21,2020-08-23,15.145,0.0,82.41125,9.07,1.0,177.53125,2020,8,23,70.4,0,Peru_4005.csv
2020-08-24,4005,76.26329315845445,39.0951871657754,11.939310035171744,12.942866095675788,8.522758485383559,9.978580024067387,2,2,1,1,4,4,9,9,0.03549621024003731,-0.08868490030010638,19.414303,0.1271275,-13.194237,61.20619,21,2020-08-24,15.69125,0.0,80.42125,12.74875,1.0,165.61,2020,8,24,76.26329315845445,0,Peru_4005.csv
2020-08-25,4005,76.26329315845445,39.0951871657754,11.939310035171744,12.942866095675788,8.522758485383559,9.978580024067387,2,2,1,1,4,4,9,9,0.03549621024003731,-0.08868490030010638,18.01556,-0.18204494,-13.194237,61.20619,21,2020-08-25,15.165,0.0,84.145,12.6275,1.0,169.1575,2020,8,25,76.26329315845445,0,Peru_4005.csv
2020-08-26,4005,76.26329315845445,39.0951871657754,11.939310035171744,12.942866095675788,8.522758485383559,9.978580024067387,2,2,1,1,4,4,9,9,0.03549621024003731,-0.08868490030010638,19.103245,-1.0834602,-13.194237,61.20619,21,2020-08-26,15.20125,0.0,86.1925,10.06,1.0,201.11875,2020,8,26,76.26329315845445,0,Peru_4005.csv
2020-08-27,4005,91.4,35.6,7.0,4.0,11.2,27.8,1,1,2,2,3,3,4,4,1.6238755129052562,-2.422900540499119,2.338247,-4.3374124,1.9717306,-79.29505,21,2020-08-27,15.63625,0.0,84.87,9.96875,1.0,196.16125,2020,8,27,91.4,0,Peru_4005.csv
2020-08-28,4005,76.4,37.0,7.0,4.0,5.8,4.0,2,2,1,1,1,1,3,3,-2.105165593581508,0.4262702380600778,2.9264286,3.768571,-44.574146,-1.7364743,21,2020-08-28,15.49875,0.0,84.46875,10.32375,1.0,191.265,2020,8,28,76.4,0,Peru_4005.csv
2020-08-29,4005,62.0,32.8,7.0,5.0,16.2,3.4,2,2,1,1,1,1,9,9,-1.1902866688970242,-1.9808881637513638,5.928488,1.2871363,-26.080599,-47.63884,21,2020-08-29,15.1925,0.0,85.37,10.6075,1.0,205.07375,2020,8,29,62.0,0,Peru_4005.csv
2020-08-30,4005,72.6,37.0,7.0,3.0,5.8,2.6,2,2,1,1,1,1,3,3,-2.413484018769462,0.26538965681062315,2.9021473,3.755292,-44.831997,-2.5861895,21,2020-08-30,15.0475,0.0,86.44625,9.22875,1.0,203.26,2020,8,30,72.6,0,Peru_4005.csv
2020-08-31,4005,99.2,36.2,4.0,4.0,6.6,9.2,2,2,1,1,5,5,11,11,-1.0543116126389107,1.314164402128798,6.1859794,-7.4232435,-30.435522,14.721389,21,2020-08-31,15.00375,0.0,87.14,10.77125,1.0,169.15375,2020,8,31,99.2,0,Peru_4005.csv
2020-09-01,4005,60.0,45.0,6.0,4.0,4.0,4.8,2,2,1,1,1,1,3,3,-2.9379659910173213,-0.21599392416996493,3.414174,2.960169,-60.01944,-1.4516333,21,2020-09-01,14.84375,0.0,87.17625,13.13875,1.0,170.77,2020,9,1,60.0,0,Peru_4005.csv
2020-09-02,4005,64.8,40.8,5.0,4.0,8.0,6.0,2,2,1,1,1,1,3,3,-2.299722260387314,-0.7179383784983592,7.7282777,0.2696919,-48.754032,-10.971154,21,2020-09-02,14.65375,0.0,86.58,9.2975,1.0,229.6775,2020,9,2,64.8,0,Peru_4005.csv
2020-09-03,4005,62.0,32.8,7.0,5.0,16.2,3.4,2,2,1,1,1,1,9,9,-1.1902866688970242,-1.9808881637513638,5.911933,1.2780057,-26.080688,-47.63663,21,2020-09-03,14.88625,0.0,83.30625,9.97125,1.0,190.72375,2020,9,3,62.0,0,Peru_4005.csv
2020-09-04,4005,66.6,45.0,8.0,5.0,3.8,11.0,2,2,1,1,1,1,3,3,-1.6995601904318876,-0.5191971727724052,4.3420544,3.4498463,-58.878334,3.8867881,21,2020-09-04,14.32625,0.0,82.88499999999999,8.70625,1.0,180.26500000000001,2020,9,4,66.6,0,Peru_4005.csv
2020-09-05,4005,66.6,45.0,8.0,5.0,3.8,11.0,2,2,1,1,1,1,3,3,-1.6995601904318876,-0.5191971727724052,4.328527,3.4167407,-58.879047,3.8867958,21,2020-09-05,14.605,0.0,81.51,8.1225,1.0,187.505,2020,9,5,66.6,0,Peru_4005.csv
2020-09-06,4005,78.2,43.6,8.0,4.0,6.8,4.8,2,2,1,1,1,1,9,9,-1.2205578311813066,0.6299443318812797,2.5830548,2.4837503,-45.865925,0.6865652,21,2020-09-06,14.945,0.0,84.4875,8.28875,1.0,197.09375,2020,9,6,78.2,0,Peru_4005.csv
2020-09-07,4005,76.2,43.8,5.0,5.0,7.8,3.2,2,2,1,1,1,1,3,3,-1.876479961812394,0.7309097149274529,3.068822,2.2358022,-48.679695,0.35431156,21,2020-09-07,14.76125,0.0,84.29125,8.01,1.0,230.81125,2020,9,7,76.2,0,Peru_4005.csv
2020-09-08,4005,66.6,45.0,8.0,5.0,3.8,11.0,2,2,1,1,1,1,3,3,-1.6995601904318876,-0.5191971727724052,4.316329,3.419392,-58.878334,3.8867881,21,2020-09-08,15.50375,0.0,83.0625,8.0225,1.0,192.12375,2020,9,8,66.6,0,Peru_4005.csv
2020-09-09,4005,66.6,45.0,8.0,5.0,3.8,11.0,2,2,1,1,1,1,3,3,-1.6995601904318876,-0.5191971727724052,4.311918,3.434019,-58.878963,3.8871355,21,2020-09-09,15.62375,0.0,82.1125,11.21125,1.0,177.39,2020,9,9,66.6,0,Peru_4005.csv
2020-09-10,4005,60.0,45.0,6.0,4.0,4.0,4.8,2,2,1,1,1,1,3,3,-2.9379659910173213,-0.21599392416996493,3.4417102,2.9898038,-60.019493,-1.4516059,21,2020-09-10,15.02125,0.0,82.385,8.9225,1.0,200.5575,2020,9,10,60.0,0,Peru_4005.csv
2020-09-11,4005,71.4,41.0,4.0,5.0,2.0,9.4,2,2,1,1,1,1,3,3,-2.9567670208439805,0.16704452120782848,0.44422027,-2.8319356,-56.701622,7.723496,21,2020-09-11,14.695,0.0,83.50625,7.38875,1.0,220.7075,2020,9,11,71.4,0,Peru_4005.csv
2020-09-12,4005,95.4,46.0,11.0,5.0,14.4,10.2,0,0,3,3,4,4,9,9,2.1954295699956297,0.3161124568759125,2.672425,-0.80081326,13.373662,-3.473837,21,2020-09-12,14.81625,0.0,83.84375,7.77,1.0,199.06625,2020,9,12,95.4,0,Peru_4005.csv
2020-09-13,4005,72.2,29.6,9.0,4.0,8.2,11.6,2,2,1,1,1,1,9,9,-1.1798712674773348,-1.617287135200319,4.598743,3.2962139,-24.302797,-66.44069,21,2020-09-13,15.43125,0.0,83.7125,9.24875,1.0,184.72875,2020,9,13,72.2,0,Peru_4005.csv
2020-09-14,4005,63.6,37.4,6.0,5.0,3.2,2.4,2,2,1,1,1,1,3,3,-3.514545927926116,0.1586542028747155,3.4047291,4.0077705,-55.668716,-6.003985,21,2020-09-14,15.46875,0.0,83.4175,10.95,1.0,183.79125,2020,9,14,63.6,0,Peru_4005.csv
2020-09-15,4005,62.0,32.8,7.0,5.0,16.2,3.4,2,2,1,1,1,1,9,9,-1.1902866688970242,-1.9808881637513638,5.9131155,1.2814102,-26.080658,-47.63882,21,2020-09-15,15.4725,0.0,82.5375,9.64375,1.0,183.31375,2020,9,15,62.0,0,Peru_4005.csv
2020-09-16,4005,62.0,32.8,7.0,5.0,16.2,3.4,2,2,1,1,1,1,9,9,-1.1902866688970242,-1.9808881637513638,5.942735,1.2947968,-26.080843,-47.636707,21,2020-09-16,15.401250000000001,0.0,83.30125,10.1625,1.0,183.975,2020,9,16,62.0,0,Peru_4005.csv
2020-09-17,4005,62.0,32.8,7.0,5.0,16.2,3.4,2,2,1,1,1,1,9,9,-1.1902866688970242,-1.9808881637513638,5.9374905,1.2559339,-26.080982,-47.63866,21,2020-09-17,15.135,0.0,83.61875,8.42125,1.0,203.29125,2020,9,17,62.0,0,Peru_4005.csv
2020-09-18,4005,66.6,45.0,8.0,5.0,3.8,11.0,2,2,1,1,1,1,3,3,-1.6995601904318876,-0.5191971727724052,4.33087,3.4171786,-58.878963,3.8871355,21,2020-09-18,15.56625,0.0,82.26125,7.96125,1.0,190.75,2020,9,18,66.6,0,Peru_4005.csv
2020-09-19,4005,86.0,47.4,9.0,5.0,2.2,7.6,2,2,1,1,4,4,11,11,-1.0257282488759083,1.6371808118963167,1.4747474,2.3096666,-5.7819653,23.442049,21,2020-09-19,16.075,0.0,82.32875,9.185,1.0,190.27125,2020,9,19,86.0,0,Peru_4005.csv
2020-09-20,4005,76.4,37.0,7.0,4.0,5.8,4.0,2,2,1,1,1,1,3,3,-2.105165593581508,0.4262702380600778,2.8995,3.7554326,-44.57408,-1.7364149,21,2020-09-20,15.92,0.0,84.10875,11.815,1.0,169.07125,2020,9,20,76.4,0,Peru_4005.csv
2020-09-21,4005,99.2,36.2,4.0,4.0,6.6,9.2,2,2,1,1,5,5,11,11,-1.0543116126389107,1.314164402128798,6.185813,-7.4233923,-30.436438,14.723172,21,2020-09-21,15.6175,0.0,84.615,11.69875,1.0,178.35375,2020,9,21,99.2,0,Peru_4005.csv
2020-09-22,4005,76.2,43.8,5.0,5.0,7.8,3.2,2,2,1,1,1,1,3,3,-1.876479961812394,0.7309097149274529,3.0601356,2.202718,-48.679684,0.3543095,21,2020-09-22,15.82375,0.0,82.86,10.02875,1.0,184.7125,2020,9,22,76.2,0,Peru_4005.csv
2020-09-23,4005,62.0,32.8,7.0,5.0,16.2,3.4,2,2,1,1,1,1,9,9,-1.1902866688970242,-1.9808881637513638,5.9416246,1.2556404,-26.080666,-47.638905,21,2020-09-23,15.735,0.0,83.2525,9.43875,1.0,188.40125,2020,9,23,62.0,0,Peru_4005.csv
2020-09-24,4005,63.6,37.4,6.0,5.0,3.2,2.4,2,2,1,1,1,1,3,3,-3.514545927926116,0.1586542028747155,3.3914504,3.9876878,-55.66868,-6.0039916,21,2020-09-24,16.01375,0.0,79.98875,10.975,1.0,174.88,2020,9,24,63.6,0,Peru_4005.csv
2020-09-25,4005,76.2,43.8,5.0,5.0,7.8,3.2,2,2,1,1,1,1,3,3,-1.876479961812394,0.7309097149274529,3.0800905,2.2341266,-48.679684,0.3542742,21,2020-09-25,15.82375,0.0,81.91125,13.07375,1.0,169.56625,2020,9,25,76.2,0,Peru_4005.csv
2020-09-26,4005,71.4,41.0,4.0,5.0,2.0,9.4,2,2,1,1,1,1,3,3,-2.9567670208439805,0.16704452120782848,0.4167485,-2.8074744,-56.701622,7.723496,21,2020-09-26,15.981250000000001,0.0,83.04375,11.90875,1.0,180.3275,2020,9,26,71.4,0,Peru_4005.csv
2020-09-27,4005,63.6,37.4,6.0,5.0,3.2,2.4,2,2,1,1,1,1,3,3,-3.514545927926116,0.1586542028747155,3.3994424,4.000305,-55.668015,-6.004011,21,2020-09-27,15.98625,0.0,82.27375,9.48,1.0,197.00125,2020,9,27,63.6,0,Peru_4005.csv
2020-09-28,4005,76.2,43.8,5.0,5.0,7.8,3.2,2,2,1,1,1,1,3,3,-1.876479961812394,0.7309097149274529,3.0804148,2.228478,-48.678406,0.35376695,21,2020-09-28,15.88625,0.0,83.37625,8.55375,1.0,210.615,2020,9,28,76.2,0,Peru_4005.csv
2020-09-29,4005,76.2,43.8,5.0,5.0,7.8,3.2,2,2,1,1,1,1,3,3,-1.876479961812394,0.7309097149274529,3.0828958,2.2451582,-48.679695,0.35402146,21,2020-09-29,16.2375,0.0,81.65,9.96875,1.0,188.84125,2020,9,29,76.2,0,Peru_4005.csv
2020-09-30,4005,74.0,31.8,5.0,16.0,2.6,35.4,1,1,2,2,3,3,4,4,-0.6841286303572545,-2.881433212619546,2.3929365,-5.697509,2.4141622,-100.67952,21,2020-09-30,16.4275,0.0,81.33875,11.7825,1.0,178.51625,2020,9,30,74.0,0,Peru_4005.csv
2020-10-01,4005,68.6,24.2,3.0,5.0,3.2,6.6,2,2,1,1,1,1,3,3,-4.198907195919425,-0.6292793228838977,-6.742074,0.5858553,-74.08768,-16.241787,21,2020-10-01,16.5025,0.0,84.1825,11.55,1.0,179.57125000000002,2020,10,1,68.6,0,Peru_4005.csv
2020-10-02,4005,77.4,34.2,2.0,6.0,11.4,8.8,2,2,1,1,1,1,3,3,-1.7814245380980513,-0.7184965561561708,6.8621445,0.27952155,-45.66483,-28.75042,21,2020-10-02,16.075,0.0,86.61375,10.76375,1.0,201.90125,2020,10,2,77.4,0,Peru_4005.csv
2020-10-03,4005,53.2,43.8,4.0,6.0,4.4,24.8,2,2,2,2,1,1,4,4,-1.8925932504820784,-3.300208689587181,1.9337258,-5.270827,-12.344139,-90.854866,21,2020-10-03,16.4725,0.0,84.2875,10.42625,1.0,186.0625,2020,10,3,53.2,0,Peru_4005.csv
2020-10-04,4005,53.2,43.8,4.0,6.0,4.4,24.8,2,2,2,2,1,1,4,4,-1.8925932504820784,-3.300208689587181,1.9327561,-5.2749004,-12.344139,-90.854866,21,2020-10-04,15.84125,0.0,82.9375,8.365,1.0,231.91,2020,10,4,53.2,0,Peru_4005.csv
2020-10-05,4005,79.8,17.0,3.0,6.0,4.8,1.4,2,2,1,1,1,1,3,3,-4.202246756604106,0.388672736707962,4.413238,6.689129,-73.38521,-27.341515,21,2020-10-05,16.02625,0.0,82.30250000000001,7.2025,1.0,250.5675,2020,10,5,79.8,0,Peru_4005.csv
2020-10-06,4005,64.4,24.4,3.0,7.0,13.4,4.8,2,2,1,1,1,1,3,3,-2.704483118536711,-1.818455344118949,5.916437,0.5395245,-41.004574,-39.21945,21,2020-10-06,16.87625,0.0,79.775,7.612500000000001,1.0,204.69125,2020,10,6,64.4,0,Peru_4005.csv
2020-10-07,4005,68.0,39.8,4.0,7.0,9.8,15.2,2,2,1,1,1,1,4,4,-1.2584765355831569,-1.7500001798576745,1.5067332,-2.6187947,-43.820965,-18.345638,21,2020-10-07,17.216250000000002,0.0,80.5625,8.85,1.0,179.53,2020,10,7,68.0,0,Peru_4005.csv
2020-10-08,4005,67.0,27.2,5.0,7.0,10.4,4.6,2,2,1,1,1,1,3,3,-2.5862283742639725,-1.1352748530717933,5.1625547,2.5802035,-47.988564,-36.190575,21,2020-10-08,17.24375,0.0,80.49,8.85125,1.0,211.095,2020,10,8,67.0,0,Peru_4005.csv
2020-10-09,4005,68.0,39.8,4.0,7.0,9.8,15.2,2,2,1,1,1,1,4,4,-1.2584765355831569,-1.7500001798576745,1.5346694,-2.595068,-43.820965,-18.345638,21,2020-10-09,16.92125,0.0,81.6,7.65,1.0,214.365,2020,10,9,68.0,0,Peru_4005.csv
2020-10-10,4005,88.6,23.2,4.0,8.0,5.2,9.2,2,2,1,1,1,1,3,3,-2.4879393042509186,0.36383439075772844,2.2838616,3.7944956,-30.8152,10.713507,21,2020-10-10,17.0,0.0,80.785,8.81625,1.0,195.61,2020,10,10,88.6,0,Peru_4005.csv
2020-10-11,4005,64.4,24.4,3.0,7.0,13.4,4.8,2,2,1,1,1,1,3,3,-2.704483118536711,-1.818455344118949,5.910018,0.55120236,-41.004173,-39.218945,21,2020-10-11,18.2175,0.0,76.95375,9.725,1.0,182.71375,2020,10,11,64.4,0,Peru_4005.csv
2020-10-12,4005,79.2,18.8,2.0,8.0,5.6,11.4,2,2,1,1,1,1,3,3,-3.310058136872283,-0.8326587301484805,2.7218564,3.9736543,-66.915115,-10.2207985,21,2020-10-12,17.23125,0.0,82.11,10.0875,1.0,180.23,2020,10,12,79.2,0,Peru_4005.csv
2020-10-13,4005,58.0,20.6,3.0,8.0,16.8,14.2,2,2,1,1,1,1,3,3,-1.7640754609425975,-4.08490008714839,4.2457585,-2.360028,-41.727234,-44.63135,21,2020-10-13,17.4025,0.0,80.48375,12.01625,1.0,178.18,2020,10,13,58.0,0,Peru_4005.csv
2020-10-14,4005,79.2,18.8,2.0,8.0,5.6,11.4,2,2,1,1,1,1,3,3,-3.310058136872283,-0.8326587301484805,2.7209153,3.969646,-66.915115,-10.2207985,21,2020-10-14,16.64375,0.0,82.13125,10.64125,1.0,193.19875,2020,10,14,79.2,0,Peru_4005.csv
2020-10-15,4005,70.6,24.4,3.0,9.0,15.0,12.8,2,2,1,1,1,1,3,3,-1.4067477784915818,-2.495305893380582,5.555098,-0.20402735,-40.90983,-42.808937,21,2020-10-15,17.4325,0.0,78.4575,10.89,1.0,182.95875,2020,10,15,70.6,0,Peru_4005.csv
2020-10-16,4005,70.6,24.4,3.0,9.0,15.0,12.8,2,2,1,1,1,1,3,3,-1.4067477784915818,-2.495305893380582,5.551616,-0.2047656,-40.90983,-42.808937,21,2020-10-16,17.235,0.0,79.75625,11.05375,1.0,187.57999999999998,2020,10,16,70.6,0,Peru_4005.csv
2020-10-17,4005,70.6,24.4,3.0,9.0,15.0,12.8,2,2,1,1,1,1,3,3,-1.4067477784915818,-2.495305893380582,5.54474,-0.178436,-40.909855,-42.80894,21,2020-10-17,17.03,0.0,81.8175,11.08875,1.0,182.6875,2020,10,17,70.6,0,Peru_4005.csv
2020-10-18,4005,70.8,22.2,13.2,9.0,4.2,4.6,2,2,1,1,4,4,7,7,-2.1110730146563137,-0.3874280583874794,1.3864312,5.4898987,-0.21541819,-33.35353,21,2020-10-18,16.55,0.0,81.23125,9.70875,1.0,196.74875,2020,10,18,70.8,0,Peru_4005.csv
2020-10-19,4005,73.8,45.2,14.6,10.0,10.0,6.0,2,2,1,1,4,4,9,9,0.6865894662527332,0.10479095495599848,3.4995215,0.8966433,21.626528,-8.968484,21,2020-10-19,16.63875,0.0,81.01,11.93875,1.0,180.5825,2020,10,19,73.8,0,Peru_4005.csv
2020-10-20,4005,67.4,36.0,2.0,10.0,11.2,8.0,2,2,1,1,1,1,3,3,-2.2709846261936315,-0.9271961315711048,6.648263,0.3453321,-46.058754,-27.52884,21,2020-10-20,16.8825,0.0,81.17,8.594999999999999,1.0,216.765,2020,10,20,67.4,0,Peru_4005.csv
2020-10-21,4005,79.8,17.0,3.0,6.0,4.8,1.4,2,2,1,1,1,1,3,3,-4.202246756604106,0.388672736707962,4.414044,6.6918554,-73.38468,-27.342308,21,2020-10-21,17.64375,0.0,79.84875,10.21,1.0,185.5,2020,10,21,79.8,0,Peru_4005.csv
2020-10-22,4005,79.8,17.0,3.0,6.0,4.8,1.4,2,2,1,1,1,1,3,3,-4.202246756604106,0.388672736707962,4.4130154,6.6921396,-73.38499,-27.34183,21,2020-10-22,17.3225,0.0,80.80125,10.5075,1.0,192.49,2020,10,22,79.8,0,Peru_4005.csv
2020-10-23,4005,75.0,22.4,2.0,5.0,15.6,5.0,2,2,1,1,1,1,3,3,-2.0887752175656784,-1.5764176081602665,-1.4803807,-12.895264,-42.90954,-35.801872,21,2020-10-23,16.5625,0.0,82.23625,10.495,1.0,196.49,2020,10,23,75.0,0,Peru_4005.csv
2020-10-24,4005,68.6,24.2,3.0,5.0,3.2,6.6,2,2,1,1,1,1,3,3,-4.198907195919425,-0.6292793228838977,-6.7440457,0.5842342,-74.08394,-16.239836,21,2020-10-24,16.73375,0.0,81.69875,8.12375,1.0,221.07375,2020,10,24,68.6,0,Peru_4005.csv
2020-10-25,4005,75.0,22.4,2.0,5.0,15.6,5.0,2,2,1,1,1,1,3,3,-2.0887752175656784,-1.5764176081602665,-1.4804809,-12.894405,-43.207928,-35.972496,21,2020-10-25,17.17625,0.0,79.64125,10.34125,1.0,185.35,2020,10,25,75.0,0,Peru_4005.csv
2020-10-26,4005,77.4,34.2,2.0,6.0,11.4,8.8,2,2,1,1,1,1,3,3,-1.7814245380980513,-0.7184965561561708,6.8633685,0.27773598,-45.664913,-28.750372,21,2020-10-26,18.0475,0.0,79.24375,10.04375,1.0,190.9625,2020,10,26,77.4,0,Peru_4005.csv
2020-10-27,4005,79.8,17.0,3.0,6.0,4.8,1.4,2,2,1,1,1,1,3,3,-4.202246756604106,0.388672736707962,4.4127417,6.6947384,-73.38499,-27.34183,21,2020-10-27,17.68,0.0,80.31875,11.0375,1.0,187.63625,2020,10,27,79.8,0,Peru_4005.csv
2020-10-28,4005,77.4,34.2,2.0,6.0,11.4,8.8,2,2,1,1,1,1,3,3,-1.7814245380980513,-0.7184965561561708,6.8661017,0.27654082,-45.664925,-28.750164,21,2020-10-28,17.66375,0.0,79.4275,11.68375,1.0,180.91125,2020,10,28,77.4,0,Peru_4005.csv
2020-10-29,4005,79.8,17.0,3.0,6.0,4.8,1.4,2,2,1,1,1,1,3,3,-4.202246756604106,0.388672736707962,4.412039,6.6955485,-73.38487,-27.34177,21,2020-10-29,17.5775,0.0,80.6925,11.4925,1.0,196.62625,2020,10,29,79.8,0,Peru_4005.csv
2020-10-30,4005,77.4,34.2,2.0,6.0,11.4,8.8,2,2,1,1,1,1,3,3,-1.7814245380980513,-0.7184965561561708,6.866872,0.27661756,-45.664825,-28.75049,21,2020-10-30,17.72375,0.0,81.9375,10.23125,1.0,193.9,2020,10,30,77.4,0,Peru_4005.csv
2020-10-31,4005,77.4,34.2,2.0,6.0,11.4,8.8,2,2,1,1,1,1,3,3,-1.7814245380980513,-0.7184965561561708,6.867217,0.2782265,-45.66483,-28.750378,21,2020-10-31,17.455,0.0,81.0,11.29125,1.0,177.245,2020,10,31,77.4,0,Peru_4005.csv
2020-11-01,4005,75.0,22.4,2.0,5.0,15.6,5.0,2,2,1,1,1,1,3,3,-2.0887752175656784,-1.5764176081602665,-1.480472,-12.893481,-43.18689,-36.065914,21,2020-11-01,16.5775,0.0,83.33875,9.78875,1.0,183.93375,2020,11,1,75.0,0,Peru_4005.csv
2020-11-02,4005,59.0,31.8,14.8,5.0,8.8,13.2,2,2,1,1,4,4,9,9,-0.2700698138621285,-2.822262986529412,5.173864,2.9457579,-20.658335,-65.52557,21,2020-11-02,16.55125,0.0,82.115,11.22875,1.0,206.0675,2020,11,2,59.0,0,Peru_4005.csv
2020-11-03,4005,79.8,17.0,3.0,6.0,4.8,1.4,2,2,1,1,1,1,3,3,-4.202246756604106,0.388672736707962,4.413396,6.695077,-73.38501,-27.34201,21,2020-11-03,17.27375,0.0,78.2025,9.72375,1.0,182.75,2020,11,3,79.8,0,Peru_4005.csv
2020-11-04,4005,71.4,41.0,4.0,5.0,2.0,9.4,2,2,1,1,1,1,3,3,-2.9567670208439805,0.16704452120782848,0.44157505,-2.8319213,-56.701145,7.7234993,21,2020-11-04,16.965,0.0,79.6025,10.815000000000001,1.0,189.17125,2020,11,4,71.4,0,Peru_4005.csv
2020-11-05,4005,77.4,34.2,2.0,6.0,11.4,8.8,2,2,1,1,1,1,3,3,-1.7814245380980513,-0.7184965561561708,6.8749776,0.26361662,-45.664825,-28.75053,21,2020-11-05,16.425,0.0,79.32875,10.91625,1.0,193.4325,2020,11,5,77.4,0,Peru_4005.csv
2020-11-06,4005,79.8,17.0,3.0,6.0,4.8,1.4,2,2,1,1,1,1,3,3,-4.202246756604106,0.388672736707962,4.4119444,6.697515,-73.38466,-27.342289,21,2020-11-06,16.41375,0.0,80.70875,10.49125,1.0,180.63875,2020,11,6,79.8,0,Peru_4005.csv
2020-11-07,4005,77.4,34.2,2.0,6.0,11.4,8.8,2,2,1,1,1,1,3,3,-1.7814245380980513,-0.7184965561561708,6.8787923,0.27530295,-45.664288,-28.750586,21,2020-11-07,16.51875,0.0,77.28999999999999,10.41375,1.0,171.845,2020,11,7,77.4,0,Peru_4005.csv
2020-11-08,4005,68.6,24.2,3.0,5.0,3.2,6.6,2,2,1,1,1,1,3,3,-4.198907195919425,-0.6292793228838977,-6.743889,0.58419347,-74.08984,-16.242743,21,2020-11-08,16.87625,0.0,74.0575,12.8375,1.0,159.98,2020,11,8,68.6,0,Peru_4005.csv
2020-11-09,4005,90.6,38.0,1.0,5.0,4.2,7.4,2,2,1,1,1,1,11,11,-2.577115781869837,1.471809813681597,-0.24424414,-2.267393,-33.208664,15.0881195,21,2020-11-09,16.8675,0.0,75.56375,10.30625,1.0,172.37875,2020,11,9,90.6,0,Peru_4005.csv
2020-11-10,4005,75.0,22.4,2.0,5.0,15.6,5.0,2,2,1,1,1,1,3,3,-2.0887752175656784,-1.5764176081602665,-1.4803792,-12.89441,-42.82042,-35.92194,21,2020-11-10,17.1325,0.0,78.63499999999999,9.69625,1.0,184.52125,2020,11,10,75.0,0,Peru_4005.csv
2020-11-11,4005,72.8,24.2,1.0,4.0,8.2,8.2,2,2,1,1,1,1,3,3,-3.360305603292014,-1.191870381917312,4.8029532,8.358931,-49.613914,-30.306002,21,2020-11-11,17.21375,0.0,77.4325,9.4,1.0,183.68875,2020,11,11,72.8,0,Peru_4005.csv
2020-11-12,4005,66.4,45.0,8.0,3.0,6.8,5.4,2,2,1,1,1,1,3,3,-1.664989809655329,-0.3076268428437507,-4.0971403,-1.3001312,-45.575096,-9.421845,21,2020-11-12,17.845,0.0,77.895,11.6975,1.0,175.4125,2020,11,12,66.4,0,Peru_4005.csv
2020-11-13,4005,66.4,45.0,8.0,3.0,6.8,5.4,2,2,1,1,1,1,3,3,-1.664989809655329,-0.3076268428437507,-4.098286,-1.3008707,-45.575096,-9.421845,21,2020-11-13,17.77625,0.0,79.67125,13.57,1.0,173.39125,2020,11,13,66.4,0,Peru_4005.csv
2020-11-14,4005,72.6,37.0,7.0,3.0,5.8,2.6,2,2,1,1,1,1,3,3,-2.413484018769462,0.26538965681062315,2.9254806,3.8067365,-44.83209,-2.5860445,21,2020-11-14,17.98625,0.0,79.365,13.63125,1.0,177.89125,2020,11,14,72.6,0,Peru_4005.csv
2020-11-15,4005,66.4,45.0,8.0,3.0,6.8,5.4,2,2,1,1,1,1,3,3,-1.664989809655329,-0.3076268428437507,-4.099758,-1.2999624,-45.575146,-9.421728,21,2020-11-15,17.80625,0.0,77.58,12.12,1.0,172.97875,2020,11,15,66.4,0,Peru_4005.csv
2020-11-16,4005,66.4,45.0,8.0,3.0,6.8,5.4,2,2,1,1,1,1,3,3,-1.664989809655329,-0.3076268428437507,-4.0993853,-1.2997057,-45.575123,-9.421795,21,2020-11-16,17.67,0.0,79.17625,11.51375,1.0,186.51125,2020,11,16,66.4,0,Peru_4005.csv
2020-11-17,4005,72.6,37.0,7.0,3.0,5.8,2.6,2,2,1,1,1,1,3,3,-2.413484018769462,0.26538965681062315,2.9083474,3.7577674,-44.83209,-2.5860445,21,2020-11-17,17.6325,0.0,80.63625,12.46125,1.0,181.04749999999999,2020,11,17,72.6,0,Peru_4005.csv
2020-11-18,4005,66.4,45.0,8.0,3.0,6.8,5.4,2,2,1,1,1,1,3,3,-1.664989809655329,-0.3076268428437507,-4.095331,-1.2933598,-45.575245,-9.4217415,21,2020-11-18,17.69,0.0,79.46,11.38,1.0,202.35500000000002,2020,11,18,66.4,0,Peru_4005.csv
2020-11-19,4005,72.2,29.6,9.0,4.0,8.2,11.6,2,2,1,1,1,1,9,9,-1.1798712674773348,-1.617287135200319,4.6162367,3.2595918,-24.302797,-66.44069,21,2020-11-19,18.5075,0.0,78.01625,8.99625,1.0,201.065,2020,11,19,72.2,0,Peru_4005.csv
2020-11-20,4005,65.4,46.2,10.0,4.0,10.0,4.4,2,2,1,1,1,1,9,9,-0.7526052319703729,-0.5645465941394787,4.0362043,1.8565648,-22.29231,-35.22549,21,2020-11-20,18.05875,0.0,80.0875,11.8425,1.0,177.405,2020,11,20,65.4,0,Peru_4005.csv
2020-11-21,4005,66.4,45.0,8.0,3.0,6.8,5.4,2,2,1,1,1,1,3,3,-1.664989809655329,-0.3076268428437507,-4.0995474,-1.299127,-45.5751,-9.421929,21,2020-11-21,17.28375,0.0,82.7075,11.395,1.0,191.23,2020,11,21,66.4,0,Peru_4005.csv
2020-11-22,4005,66.4,45.0,8.0,3.0,6.8,5.4,2,2,1,1,1,1,3,3,-1.664989809655329,-0.3076268428437507,-4.101552,-1.2978995,-45.575203,-9.4218645,21,2020-11-22,17.22125,0.0,82.11625,8.8275,1.0,237.065,2020,11,22,66.4,0,Peru_4005.csv
2020-11-23,4005,72.6,37.0,7.0,3.0,5.8,2.6,2,2,1,1,1,1,3,3,-2.413484018769462,0.26538965681062315,2.916123,3.767562,-44.832134,-2.5860362,21,2020-11-23,17.12375,0.0,80.29625,8.99375,1.0,191.79,2020,11,23,72.6,0,Peru_4005.csv
2020-11-24,4005,66.4,45.0,8.0,3.0,6.8,5.4,2,2,1,1,1,1,3,3,-1.664989809655329,-0.3076268428437507,-4.100164,-1.2995868,-45.575172,-9.42175,21,2020-11-24,17.34375,0.0,81.0375,11.28375,1.0,198.15125,2020,11,24,66.4,0,Peru_4005.csv
2020-11-25,4005,66.4,45.0,8.0,3.0,6.8,5.4,2,2,1,1,1,1,3,3,-1.664989809655329,-0.3076268428437507,-4.1070147,-1.2918696,-45.57518,-9.421777,21,2020-11-25,17.1875,0.0,81.79124999999999,9.33875,1.0,208.9325,2020,11,25,66.4,0,Peru_4005.csv
2020-11-26,4005,78.2,43.6,8.0,4.0,6.8,4.8,2,2,1,1,1,1,9,9,-1.2205578311813066,0.6299443318812797,2.5860522,2.4746923,-45.865925,0.6865658,21,2020-11-26,17.61875,0.0,81.07625,7.83875,1.0,244.5975,2020,11,26,78.2,0,Peru_4005.csv
2020-11-27,4005,78.2,43.6,8.0,4.0,6.8,4.8,2,2,1,1,1,1,9,9,-1.2205578311813066,0.6299443318812797,2.6025445,2.4836292,-45.866,0.6865446,21,2020-11-27,19.03,0.0,74.74,7.97625,1.0,210.84875,2020,11,27,78.2,0,Peru_4005.csv
2020-11-28,4005,72.2,29.6,9.0,4.0,8.2,11.6,2,2,1,1,1,1,9,9,-1.1798712674773348,-1.617287135200319,4.6225357,3.259658,-24.30278,-66.43987,21,2020-11-28,19.22375,0.0,75.21,10.78875,1.0,189.3125,2020,11,28,72.2,0,Peru_4005.csv
2020-11-29,4005,58.8,29.8,6.0,3.0,4.6,13.6,2,2,1,1,1,1,3,3,-2.90102345926647,-2.391527768354513,4.9653363,3.8410983,-26.334417,-73.91428,21,2020-11-29,18.715,0.0,78.995,11.33375,1.0,179.94,2020,11,29,58.8,0,Peru_4005.csv
2020-11-30,4005,66.0,26.4,4.0,3.0,10.4,2.0,2,2,1,1,1,1,3,3,-3.1150433725136852,-1.1677999715913023,5.2462473,2.877059,-48.95362,-36.135895,21,2020-11-30,18.40625,0.0,82.27125000000001,10.47625,1.0,187.885,2020,11,30,66.0,0,Peru_4005.csv
2020-12-01,4005,64.8,40.8,5.0,4.0,8.0,6.0,2,2,1,1,1,1,3,3,-2.299722260387314,-0.7179383784983592,7.728411,0.2697145,-48.754032,-10.97113,21,2020-12-01,19.0575,0.0,81.32875,9.69375,1.0,186.23000000000002,2020,12,1,64.8,0,Peru_4005.csv
2020-12-02,4005,60.0,45.0,6.0,4.0,4.0,4.8,2,2,1,1,1,1,3,3,-2.9379659910173213,-0.21599392416996493,3.4273326,2.978429,-60.019493,-1.4516059,21,2020-12-02,18.97,0.0,81.82375,11.80625,1.0,185.7275,2020,12,2,60.0,0,Peru_4005.csv
2020-12-03,4005,54.6,28.2,5.0,3.0,12.8,5.6,2,2,1,1,1,1,3,3,-2.615753318582795,-2.7112141023041856,6.2010465,2.273588,-30.206985,-46.33129,21,2020-12-03,18.7375,0.0,80.75375,11.86625,1.0,185.1475,2020,12,3,54.6,0,Peru_4005.csv
2020-12-04,4005,64.8,40.8,5.0,4.0,8.0,6.0,2,2,1,1,1,1,3,3,-2.299722260387314,-0.7179383784983592,7.729488,0.2675022,-48.754032,-10.97113,21,2020-12-04,18.915,0.0,81.14375,11.004999999999999,1.0,190.57625000000002,2020,12,4,64.8,0,Peru_4005.csv
2020-12-05,4005,58.8,29.8,6.0,3.0,4.6,13.6,2,2,1,1,1,1,3,3,-2.90102345926647,-2.391527768354513,4.9580197,3.8408263,-26.334143,-73.91431,21,2020-12-05,18.97875,0.0,81.71375,10.22625,1.0,196.7125,2020,12,5,58.8,0,Peru_4005.csv
2020-12-06,4005,54.6,28.2,5.0,3.0,12.8,5.6,2,2,1,1,1,1,3,3,-2.615753318582795,-2.7112141023041856,6.228038,2.287718,-30.207117,-46.32995,21,2020-12-06,19.20625,0.0,82.3175,10.7825,1.0,194.15,2020,12,6,54.6,0,Peru_4005.csv
2020-12-07,4005,64.8,40.8,5.0,4.0,8.0,6.0,2,2,1,1,1,1,3,3,-2.299722260387314,-0.7179383784983592,7.7315106,0.27016217,-48.754047,-10.971146,21,2020-12-07,18.775,0.0,81.73,10.7375,1.0,186.03125,2020,12,7,64.8,0,Peru_4005.csv
2020-12-08,4005,54.6,28.2,5.0,3.0,12.8,5.6,2,2,1,1,1,1,3,3,-2.615753318582795,-2.7112141023041856,6.2247314,2.254569,-30.207085,-46.331104,21,2020-12-08,18.71875,0.0,85.985,9.82375,1.0,184.25,2020,12,8,54.6,0,Peru_4005.csv
2020-12-09,4005,64.8,40.8,5.0,4.0,8.0,6.0,2,2,1,1,1,1,3,3,-2.299722260387314,-0.7179383784983592,7.7297273,0.2695473,-48.75408,-10.971062,21,2020-12-09,18.83125,0.0,86.69875,9.855,1.0,185.77,2020,12,9,64.8,0,Peru_4005.csv
2020-12-10,4005,64.8,40.8,5.0,4.0,8.0,6.0,2,2,1,1,1,1,3,3,-2.299722260387314,-0.7179383784983592,7.730293,0.27041388,-48.75407,-10.971115,21,2020-12-10,19.03875,0.0,86.03625,8.80125,1.0,195.04125,2020,12,10,64.8,0,Peru_4005.csv
2020-12-11,4005,99.2,36.2,4.0,4.0,6.6,9.2,2,2,1,1,5,5,11,11,-1.0543116126389107,1.314164402128798,6.189306,-7.4240484,-30.435612,14.721251,21,2020-12-11,19.28375,0.0,81.86,11.1225,1.0,178.03125,2020,12,11,99.2,0,Peru_4005.csv
2020-12-12,4005,64.8,40.8,5.0,4.0,8.0,6.0,2,2,1,1,1,1,3,3,-2.299722260387314,-0.7179383784983592,7.731194,0.2699758,-48.753986,-10.971225,21,2020-12-12,19.3275,0.0,81.99875,10.23,1.0,194.8175,2020,12,12,64.8,0,Peru_4005.csv
2020-12-13,4005,54.6,28.2,5.0,3.0,12.8,5.6,2,2,1,1,1,1,3,3,-2.615753318582795,-2.7112141023041856,6.3109026,2.283716,-30.20703,-46.331238,21,2020-12-13,19.314999999999998,0.0,82.52,10.91375,1.0,198.42624999999998,2020,12,13,54.6,0,Peru_4005.csv
2020-12-14,4005,70.2,26.6,3.0,4.0,12.0,19.4,2,2,1,1,1,1,4,4,-1.2775941753703381,-3.286216243081358,6.24461,-6.0580444,-37.880096,-45.707657,21,2020-12-14,19.3325,0.0,81.86,11.425,1.0,187.4675,2020,12,14,70.2,0,Peru_4005.csv
2020-12-15,4005,99.2,36.2,4.0,4.0,6.6,9.2,2,2,1,1,5,5,11,11,-1.0543116126389107,1.314164402128798,6.1864233,-7.423745,-30.435637,14.721485,21,2020-12-15,19.67,0.0,81.73875,9.0425,1.0,197.71875,2020,12,15,99.2,0,Peru_4005.csv
2020-12-16,4005,76.2,43.8,5.0,5.0,7.8,3.2,2,2,1,1,1,1,3,3,-1.876479961812394,0.7309097149274529,3.0780952,2.2307603,-48.67966,0.3543308,21,2020-12-16,19.95,0.0,77.66,10.37,1.0,181.95875,2020,12,16,76.2,0,Peru_4005.csv
2020-12-17,4005,99.2,36.2,4.0,4.0,6.6,9.2,2,2,1,1,5,5,11,11,-1.0543116126389107,1.314164402128798,6.1884212,-7.4272666,-30.435818,14.721065,21,2020-12-17,20.30375,0.0,74.25,11.1625,1.0,178.72875,2020,12,17,99.2,0,Peru_4005.csv
2020-12-18,4005,70.2,26.6,3.0,4.0,12.0,19.4,2,2,1,1,1,1,4,4,-1.2775941753703381,-3.286216243081358,6.2451005,-6.057856,-37.880096,-45.707657,21,2020-12-18,19.77125,0.0,79.695,10.99,1.0,184.36,2020,12,18,70.2,0,Peru_4005.csv
2020-12-19,4005,70.2,26.6,3.0,4.0,12.0,19.4,2,2,1,1,1,1,4,4,-1.2775941753703381,-3.286216243081358,6.2447352,-6.0583153,-37.88043,-45.708405,21,2020-12-19,19.52875,0.0,83.62875,10.3225,1.0,193.9575,2020,12,19,70.2,0,Peru_4005.csv
2020-12-20,4005,70.2,26.6,3.0,4.0,12.0,19.4,2,2,1,1,1,1,4,4,-1.2775941753703381,-3.286216243081358,6.248382,-6.0579934,-37.88043,-45.708405,21,2020-12-20,20.04125,0.0,82.025,10.9025,1.0,202.59875,2020,12,20,70.2,0,Peru_4005.csv
2020-12-21,4005,70.2,26.6,3.0,4.0,12.0,19.4,2,2,1,1,1,1,4,4,-1.2775941753703381,-3.286216243081358,6.245755,-6.0582137,-37.88043,-45.708405,21,2020-12-21,19.87625,0.0,80.77125,11.28375,1.0,189.43875,2020,12,21,70.2,0,Peru_4005.csv
2020-12-22,4005,70.2,26.6,3.0,4.0,12.0,19.4,2,2,1,1,1,1,4,4,-1.2775941753703381,-3.286216243081358,6.2469826,-6.059446,-37.88043,-45.708405,21,2020-12-22,19.6475,0.0,80.74375,13.0125,1.0,173.4575,2020,12,22,70.2,0,Peru_4005.csv
2020-12-23,4005,70.2,26.6,3.0,4.0,12.0,19.4,2,2,1,1,1,1,4,4,-1.2775941753703381,-3.286216243081358,6.2465005,-6.058818,-37.88043,-45.708405,21,2020-12-23,19.72,0.0,80.54125,12.0375,1.0,186.31,2020,12,23,70.2,0,Peru_4005.csv
2020-12-24,4005,66.8,24.6,2.0,4.0,14.6,9.6,2,2,1,1,1,1,3,3,-2.1452811736420783,-2.6229802277523118,-5.664064,-2.819813,-42.374134,-42.287846,21,2020-12-24,19.455,0.0,80.635,12.50125,1.0,185.49,2020,12,24,66.8,0,Peru_4005.csv
2020-12-25,4005,66.8,24.6,2.0,4.0,14.6,9.6,2,2,1,1,1,1,3,3,-2.1452811736420783,-2.6229802277523118,-5.6643777,-2.8199513,-42.374115,-42.28786,21,2020-12-25,19.99625,0.0,78.51125,11.54,1.0,177.685,2020,12,25,66.8,0,Peru_4005.csv
2020-12-26,4005,66.8,24.6,2.0,4.0,14.6,9.6,2,2,1,1,1,1,3,3,-2.1452811736420783,-2.6229802277523118,-5.664447,-2.82021,-42.373886,-42.287872,21,2020-12-26,20.57125,0.0,77.43125,10.64875,1.0,175.74875,2020,12,26,66.8,0,Peru_4005.csv
2020-12-27,4005,76.26329315845445,39.0951871657754,11.939310035171744,12.942866095675788,8.522758485383559,9.978580024067387,2,2,1,1,4,4,9,9,0.03549621024003731,-0.08868490030010638,18.316788,-0.7428074,-13.194237,61.20619,21,2020-12-27,20.26125,0.0,82.86875,7.86375,1.0,167.05125,2020,12,27,76.26329315845445,0,Peru_4005.csv
2020-12-28,4005,76.26329315845445,39.0951871657754,11.939310035171744,12.942866095675788,8.522758485383559,9.978580024067387,2,2,1,1,4,4,9,9,0.03549621024003731,-0.08868490030010638,19.055828,0.41925773,-13.194237,61.20619,21,2020-12-28,20.8675,0.0,81.2775,8.0675,1.0,185.8375,2020,12,28,76.26329315845445,0,Peru_4005.csv
2020-12-29,4005,91.4,35.6,7.0,4.0,11.2,27.8,1,1,2,2,3,3,4,4,1.6238755129052562,-2.422900540499119,2.3377516,-4.3390465,1.971705,-79.29441,21,2020-12-29,20.65,0.0,86.645,10.1225,1.0,189.31,2020,12,29,91.4,0,Peru_4005.csv
2020-12-30,4005,66.8,24.6,2.0,4.0,14.6,9.6,2,2,1,1,1,1,3,3,-2.1452811736420783,-2.6229802277523118,-5.6646733,-2.8200974,-42.374214,-42.286312,21,2020-12-30,20.44125,0.0,84.7775,10.639999999999999,1.0,203.4525,2020,12,30,66.8,0,Peru_4005.csv
2020-12-31,4005,72.8,24.2,1.0,4.0,8.2,8.2,2,2,1,1,1,1,3,3,-3.360305603292014,-1.191870381917312,4.8033853,8.359712,-49.613735,-30.305534,21,2020-12-31,20.7075,0.0,81.535,8.70375,1.0,199.98375,2020,12,31,72.8,0,Peru_4005.csv
2021-01-01,4005,72.8,24.2,1.0,4.0,8.2,8.2,2,2,1,1,1,1,3,3,-3.360305603292014,-1.191870381917312,4.8033595,8.359405,-49.61372,-30.305544,21,2021-01-01,21.122500000000002,0.0,79.40125,13.265,1.0,171.00875,2021,1,1,72.8,0,Peru_4005.csv
2021-01-02,4005,91.4,35.6,7.0,4.0,11.2,27.8,1,1,2,2,3,3,4,4,1.6238755129052562,-2.422900540499119,2.3146033,-4.3456335,1.9716936,-79.294205,21,2021-01-02,20.965,0.0,80.81875,13.1675,1.0,170.30374999999998,2021,1,2,91.4,0,Peru_4005.csv
2021-01-03,4005,91.4,35.6,7.0,4.0,11.2,27.8,1,1,2,2,3,3,4,4,1.6238755129052562,-2.422900540499119,2.3175323,-4.347971,1.9717306,-79.29505,21,2021-01-03,21.08,0.0,81.43875,10.7475,1.0,181.39000000000001,2021,1,3,91.4,0,Peru_4005.csv
2021-01-04,4005,76.26329315845445,39.0951871657754,11.939310035171744,12.942866095675788,8.522758485383559,9.978580024067387,2,2,1,1,4,4,9,9,0.03549621024003731,-0.08868490030010638,19.138096,-0.5452515,-13.194237,61.20619,21,2021-01-04,21.208750000000002,0.0,80.05125,10.14375,1.0,189.24124999999998,2021,1,4,76.26329315845445,0,Peru_4005.csv
2021-01-05,4005,72.8,24.2,1.0,4.0,8.2,8.2,2,2,1,1,1,1,3,3,-3.360305603292014,-1.191870381917312,4.803629,8.359779,-49.61393,-30.306,21,2021-01-05,21.13625,0.0,79.48875,10.2925,1.0,177.02125,2021,1,5,72.8,0,Peru_4005.csv
2021-01-06,4005,90.6,38.0,1.0,5.0,4.2,7.4,2,2,1,1,1,1,11,11,-2.577115781869837,1.471809813681597,-0.2476458,-2.2624843,-33.208694,15.088118,21,2021-01-06,21.38125,0.0,78.65,10.55875,1.0,183.105,2021,1,6,90.6,0,Peru_4005.csv
2021-01-07,4005,90.6,38.0,1.0,5.0,4.2,7.4,2,2,1,1,1,1,11,11,-2.577115781869837,1.471809813681597,-0.24793312,-2.2605634,-33.208706,15.088089,21,2021-01-07,21.95375,0.0,77.2175,10.365,1.0,198.165,2021,1,7,90.6,0,Peru_4005.csv
2021-01-08,4005,75.0,22.4,2.0,5.0,15.6,5.0,2,2,1,1,1,1,3,3,-2.0887752175656784,-1.5764176081602665,-1.4803015,-12.894347,-42.96129,-35.777435,21,2021-01-08,21.83125,0.0,78.69625,10.44375,1.0,191.075,2021,1,8,75.0,0,Peru_4005.csv
2021-01-09,4005,75.0,22.4,2.0,5.0,15.6,5.0,2,2,1,1,1,1,3,3,-2.0887752175656784,-1.5764176081602665,-1.4803637,-12.894374,-43.202415,-36.015064,21,2021-01-09,21.12,0.0,82.135,10.94625,1.0,199.21375,2021,1,9,75.0,0,Peru_4005.csv
2021-01-10,4005,72.8,24.2,1.0,4.0,8.2,8.2,2,2,1,1,1,1,3,3,-3.360305603292014,-1.191870381917312,4.8030915,8.358209,-49.613735,-30.305534,21,2021-01-10,21.2875,0.0,79.28125,11.61375,1.0,190.06375,2021,1,10,72.8,0,Peru_4005.csv
2021-01-11,4005,72.8,24.2,1.0,4.0,8.2,8.2,2,2,1,1,1,1,3,3,-3.360305603292014,-1.191870381917312,4.803556,8.359892,-49.613705,-30.305584,21,2021-01-11,20.8925,0.0,80.72,10.57625,1.0,199.5,2021,1,11,72.8,0,Peru_4005.csv
2021-01-12,4005,66.8,24.6,2.0,4.0,14.6,9.6,2,2,1,1,1,1,3,3,-2.1452811736420783,-2.6229802277523118,-5.6647635,-2.8197205,-42.373985,-42.28625,21,2021-01-12,21.245,0.0,79.84,8.75625,1.0,201.74625,2021,1,12,66.8,0,Peru_4005.csv
2021-01-13,4005,68.6,24.2,3.0,5.0,3.2,6.6,2,2,1,1,1,1,3,3,-4.198907195919425,-0.6292793228838977,-6.7480335,0.58450365,-74.08749,-16.24264,21,2021-01-13,21.485,0.0,81.09375,10.75125,1.0,188.0525,2021,1,13,68.6,0,Peru_4005.csv
2021-01-14,4005,75.0,22.4,2.0,5.0,15.6,5.0,2,2,1,1,1,1,3,3,-2.0887752175656784,-1.5764176081602665,-1.4802626,-12.894366,-43.06811,-36.14856,21,2021-01-14,21.11,0.0,82.6975,10.29,1.0,204.80125,2021,1,14,75.0,0,Peru_4005.csv
2021-01-15,4005,75.0,22.4,2.0,5.0,15.6,5.0,2,2,1,1,1,1,3,3,-2.0887752175656784,-1.5764176081602665,-1.4804245,-12.894538,-43.203712,-35.945633,21,2021-01-15,20.955,0.0,84.84375,8.29,1.0,198.64000000000001,2021,1,15,75.0,0,Peru_4005.csv
2021-01-16,4005,77.4,34.2,2.0,6.0,11.4,8.8,2,2,1,1,1,1,3,3,-1.7814245380980513,-0.7184965561561708,6.87016,0.2757622,-45.6649,-28.7503,21,2021-01-16,21.295,0.0,82.68625,7.96125,1.0,205.435,2021,1,16,77.4,0,Peru_4005.csv
2021-01-17,4005,68.6,24.2,3.0,5.0,3.2,6.6,2,2,1,1,1,1,3,3,-4.198907195919425,-0.6292793228838977,-6.7450466,0.5844624,-74.09015,-16.242596,21,2021-01-17,21.5125,0.0,79.9475,10.18,1.0,182.98000000000002,2021,1,17,68.6,0,Peru_4005.csv
2021-01-18,4005,72.8,24.2,1.0,4.0,8.2,8.2,2,2,1,1,1,1,3,3,-3.360305603292014,-1.191870381917312,4.8036356,8.359993,-49.613953,-30.30595,21,2021-01-18,21.71625,0.0,77.99875,10.70625,1.0,192.17249999999999,2021,1,18,72.8,0,Peru_4005.csv
2021-01-19,4005,68.6,24.2,3.0,5.0,3.2,6.6,2,2,1,1,1,1,3,3,-4.198907195919425,-0.6292793228838977,-6.7486773,0.5842345,-74.08888,-16.241905,21,2021-01-19,22.14375,0.0,77.1625,9.52,1.0,189.19875,2021,1,19,68.6,0,Peru_4005.csv
2021-01-20,4005,68.6,24.2,3.0,5.0,3.2,6.6,2,2,1,1,1,1,3,3,-4.198907195919425,-0.6292793228838977,-6.746233,0.5846707,-74.0898,-16.241718,21,2021-01-20,21.91125,0.0,77.72875,11.075,1.0,189.7975,2021,1,20,68.6,0,Peru_4005.csv
2021-01-21,4005,68.6,24.2,3.0,5.0,3.2,6.6,2,2,1,1,1,1,3,3,-4.198907195919425,-0.6292793228838977,-6.7498326,0.5850103,-74.09007,-16.24196,21,2021-01-21,21.80375,0.0,78.21875,12.05375,1.0,181.00375,2021,1,21,68.6,0,Peru_4005.csv
2021-01-22,4005,75.0,22.4,2.0,5.0,15.6,5.0,2,2,1,1,1,1,3,3,-2.0887752175656784,-1.5764176081602665,-1.4802884,-12.894642,-43.11419,-36.131737,21,2021-01-22,22.06875,0.0,77.29,10.03,1.0,200.25875,2021,1,22,75.0,0,Peru_4005.csv
2021-01-23,4005,75.0,22.4,2.0,5.0,15.6,5.0,2,2,1,1,1,1,3,3,-2.0887752175656784,-1.5764176081602665,-1.48033,-12.894528,-42.82247,-36.037193,21,2021-01-23,22.67125,0.0,70.29625,8.59,1.0,197.555,2021,1,23,75.0,0,Peru_4005.csv
2021-01-24,4005,71.4,41.0,4.0,5.0,2.0,9.4,2,2,1,1,1,1,3,3,-2.9567670208439805,0.16704452120782848,0.49387643,-2.817064,-56.701267,7.723495,21,2021-01-24,22.845,0.0,72.21375,8.495000000000001,1.0,211.99375,2021,1,24,71.4,0,Peru_4005.csv
2021-01-25,4005,68.6,24.2,3.0,5.0,3.2,6.6,2,2,1,1,1,1,3,3,-4.198907195919425,-0.6292793228838977,-6.7491226,0.58483297,-74.08896,-16.241663,21,2021-01-25,22.9925,0.0,70.11125,9.11875,1.0,196.5625,2021,1,25,68.6,0,Peru_4005.csv
2021-01-26,4005,68.6,24.2,3.0,5.0,3.2,6.6,2,2,1,1,1,1,3,3,-4.198907195919425,-0.6292793228838977,-6.747426,0.5848952,-74.089745,-16.242283,21,2021-01-26,22.97625,0.0,72.5675,10.6925,1.0,177.89249999999998,2021,1,26,68.6,0,Peru_4005.csv
2021-01-27,4005,75.0,22.4,2.0,5.0,15.6,5.0,2,2,1,1,1,1,3,3,-2.0887752175656784,-1.5764176081602665,-1.4787365,-12.903508,-43.123585,-36.128338,21,2021-01-27,21.705,0.0,79.00375,10.7825,1.0,200.40125,2021,1,27,75.0,0,Peru_4005.csv
2021-01-28,4005,68.6,24.2,3.0,5.0,3.2,6.6,2,2,1,1,1,1,3,3,-4.198907195919425,-0.6292793228838977,-6.7773275,0.59463584,-74.088036,-16.240988,21,2021-01-28,22.075,0.0,76.91625,9.3475,1.0,198.90125,2021,1,28,68.6,0,Peru_4005.csv
2021-01-29,4005,68.6,24.2,3.0,5.0,3.2,6.6,2,2,1,1,1,1,3,3,-4.198907195919425,-0.6292793228838977,-6.7483225,0.5852957,-74.08964,-16.242193,21,2021-01-29,21.88625,0.0,73.38,9.5775,1.0,194.8325,2021,1,29,68.6,0,Peru_4005.csv
2021-01-30,4005,68.6,24.2,3.0,5.0,3.2,6.6,2,2,1,1,1,1,3,3,-4.198907195919425,-0.6292793228838977,-6.7536645,0.58617175,-74.086716,-16.24136,21,2021-01-30,22.13,0.0,73.085,9.915000000000001,1.0,192.65625,2021,1,30,68.6,0,Peru_4005.csv
2021-01-31,4005,53.2,43.8,4.0,6.0,4.4,24.8,2,2,2,2,1,1,4,4,-1.8925932504820784,-3.300208689587181,1.9382064,-5.271392,-12.344139,-90.854866,21,2021-01-31,21.7775,0.0,75.13125,10.8925,1.0,184.985,2021,1,31,53.2,0,Peru_4005.csv
2021-02-01,4005,66.8,24.6,2.0,4.0,14.6,9.6,2,2,1,1,1,1,3,3,-2.1452811736420783,-2.6229802277523118,-5.6646996,-2.8201783,-42.373985,-42.28625,21,2021-02-01,21.11,0.0,76.65,11.14375,1.0,206.215,2021,2,1,66.8,0,Peru_4005.csv
2021-02-02,4005,66.8,24.6,2.0,4.0,14.6,9.6,2,2,1,1,1,1,3,3,-2.1452811736420783,-2.6229802277523118,-5.6650653,-2.8204203,-42.373905,-42.287807,21,2021-02-02,21.2275,0.0,77.75,7.72,1.0,218.1675,2021,2,2,66.8,0,Peru_4005.csv
2021-02-03,4005,70.2,26.6,3.0,4.0,12.0,19.4,2,2,1,1,1,1,4,4,-1.2775941753703381,-3.286216243081358,6.246284,-6.059089,-37.880524,-45.70818,21,2021-02-03,21.34375,0.0,77.81375,8.34,1.0,218.1975,2021,2,3,70.2,0,Peru_4005.csv
2021-02-04,4005,75.0,22.4,2.0,5.0,15.6,5.0,2,2,1,1,1,1,3,3,-2.0887752175656784,-1.5764176081602665,-1.4807513,-12.893329,-43.207497,-35.965183,21,2021-02-04,21.90625,0.0,75.72874999999999,8.08,1.0,229.41125,2021,2,4,75.0,0,Peru_4005.csv
2021-02-05,4005,75.0,22.4,2.0,5.0,15.6,5.0,2,2,1,1,1,1,3,3,-2.0887752175656784,-1.5764176081602665,-1.5015306,-12.916539,-42.90994,-35.801647,21,2021-02-05,21.95625,0.0,75.23875,9.565,1.0,194.115,2021,2,5,75.0,0,Peru_4005.csv
2021-02-06,4005,75.0,22.4,2.0,5.0,15.6,5.0,2,2,1,1,1,1,3,3,-2.0887752175656784,-1.5764176081602665,-1.4811354,-12.8949585,-42.81516,-35.970737,21,2021-02-06,22.2175,0.0,73.6525,9.67625,1.0,191.9725,2021,2,6,75.0,0,Peru_4005.csv
2021-02-07,4005,75.0,22.4,2.0,5.0,15.6,5.0,2,2,1,1,1,1,3,3,-2.0887752175656784,-1.5764176081602665,-1.4816235,-12.896148,-42.81521,-35.96893,21,2021-02-07,23.25125,0.0,70.01125,10.48625,1.0,175.17875,2021,2,7,75.0,0,Peru_4005.csv
2021-02-08,4005,75.0,22.4,2.0,5.0,15.6,5.0,2,2,1,1,1,1,3,3,-2.0887752175656784,-1.5764176081602665,-1.4816515,-12.896206,-42.963062,-35.776535,21,2021-02-08,22.7775,0.0,73.0525,10.50125,1.0,187.22,2021,2,8,75.0,0,Peru_4005.csv
2021-02-09,4005,90.6,38.0,1.0,5.0,4.2,7.4,2,2,1,1,1,1,11,11,-2.577115781869837,1.471809813681597,-0.2336571,-2.2681944,-33.208878,15.088251,21,2021-02-09,22.7,0.0,75.16499999999999,9.0375,1.0,195.115,2021,2,9,90.6,0,Peru_4005.csv
2021-02-10,4005,68.6,24.2,3.0,5.0,3.2,6.6,2,2,1,1,1,1,3,3,-4.198907195919425,-0.6292793228838977,-6.7647724,0.5710292,-74.08578,-16.241413,21,2021-02-10,23.3525,0.0,72.13625,8.24125,1.0,222.575,2021,2,10,68.6,0,Peru_4005.csv
2021-02-11,4005,64.4,24.4,3.0,7.0,13.4,4.8,2,2,1,1,1,1,3,3,-2.704483118536711,-1.818455344118949,5.9189835,0.5451801,-41.003723,-39.219524,21,2021-02-11,24.19125,0.0,65.025,9.66375,1.0,184.59875,2021,2,11,64.4,0,Peru_4005.csv
2021-02-12,4005,77.4,34.2,2.0,6.0,11.4,8.8,2,2,1,1,1,1,3,3,-1.7814245380980513,-0.7184965561561708,6.879283,0.27678642,-45.664814,-28.750715,21,2021-02-12,25.01375,0.0,61.4475,10.17625,1.0,183.80125,2021,2,12,77.4,0,Peru_4005.csv
2021-02-13,4005,79.8,17.0,3.0,6.0,4.8,1.4,2,2,1,1,1,1,3,3,-4.202246756604106,0.388672736707962,4.413238,6.696314,-73.38516,-27.341448,21,2021-02-13,24.43375,0.0,64.86,11.7875,1.0,171.98,2021,2,13,79.8,0,Peru_4005.csv
2021-02-14,4005,79.8,17.0,3.0,6.0,4.8,1.4,2,2,1,1,1,1,3,3,-4.202246756604106,0.388672736707962,4.4138484,6.698976,-73.3848,-27.342367,21,2021-02-14,23.19625,0.0,71.2325,10.64375,1.0,195.20625,2021,2,14,79.8,0,Peru_4005.csv
2021-02-15,4005,75.0,22.4,2.0,5.0,15.6,5.0,2,2,1,1,1,1,3,3,-2.0887752175656784,-1.5764176081602665,-1.5028883,-12.926764,-43.164886,-36.093636,21,2021-02-15,23.255,0.0,71.36500000000001,10.0525,1.0,189.09875,2021,2,15,75.0,0,Peru_4005.csv
2021-02-16,4005,68.6,24.2,3.0,5.0,3.2,6.6,2,2,1,1,1,1,3,3,-4.198907195919425,-0.6292793228838977,-6.750364,0.5846764,-74.08629,-16.24158,21,2021-02-16,23.44125,0.0,67.43625,8.5475,1.0,189.89,2021,2,16,68.6,0,Peru_4005.csv
2021-02-17,4005,79.8,17.0,3.0,6.0,4.8,1.4,2,2,1,1,1,1,3,3,-4.202246756604106,0.388672736707962,4.4123354,6.7008634,-73.38501,-27.34185,21,2021-02-17,24.31875,0.0,61.322500000000005,9.61125,1.0,178.57750000000001,2021,2,17,79.8,0,Peru_4005.csv
2021-02-18,4005,79.8,17.0,3.0,6.0,4.8,1.4,2,2,1,1,1,1,3,3,-4.202246756604106,0.388672736707962,4.4115314,6.703241,-73.384895,-27.341787,21,2021-02-18,23.69,0.0,67.14,9.56,1.0,172.65625,2021,2,18,79.8,0,Peru_4005.csv
2021-02-19,4005,57.2,26.4,5.0,6.0,2.6,19.2,2,2,1,1,1,1,4,4,-3.2204776810411064,-2.9317094551649054,1.4864953,-5.1852818,-16.971012,-89.31293,21,2021-02-19,22.105,0.0,75.99,8.95125,1.0,213.01625,2021,2,19,57.2,0,Peru_4005.csv
2021-02-20,4005,75.0,22.4,2.0,5.0,15.6,5.0,2,2,1,1,1,1,3,3,-2.0887752175656784,-1.5764176081602665,-1.4828199,-12.897756,-42.834682,-36.05507,21,2021-02-20,21.3725,0.0,78.43125,8.75,1.0,241.64625,2021,2,20,75.0,0,Peru_4005.csv
2021-02-21,4005,75.0,22.4,2.0,5.0,15.6,5.0,2,2,1,1,1,1,3,3,-2.0887752175656784,-1.5764176081602665,-1.4823859,-12.897068,-43.149193,-36.10819,21,2021-02-21,21.36375,0.0,73.45875,9.9025,1.0,194.3375,2021,2,21,75.0,0,Peru_4005.csv
2021-02-22,4005,68.6,24.2,3.0,5.0,3.2,6.6,2,2,1,1,1,1,3,3,-4.198907195919425,-0.6292793228838977,-6.747871,0.58600295,-74.08896,-16.241295,21,2021-02-22,21.5975,0.0,71.54875,7.74625,1.0,214.79000000000002,2021,2,22,68.6,0,Peru_4005.csv
2021-02-23,4005,79.8,17.0,3.0,6.0,4.8,1.4,2,2,1,1,1,1,3,3,-4.202246756604106,0.388672736707962,4.414351,6.702147,-73.38492,-27.341814,21,2021-02-23,22.1075,0.0,70.21625,9.02875,1.0,207.57,2021,2,23,79.8,0,Peru_4005.csv
2021-02-24,4005,75.0,22.4,2.0,5.0,15.6,5.0,2,2,1,1,1,1,3,3,-2.0887752175656784,-1.5764176081602665,-1.4821446,-12.896409,-42.90574,-35.81113,21,2021-02-24,22.31625,0.0,67.17125,9.0075,1.0,204.135,2021,2,24,75.0,0,Peru_4005.csv
2021-02-25,4005,53.2,43.8,4.0,6.0,4.4,24.8,2,2,2,2,1,1,4,4,-1.8925932504820784,-3.300208689587181,1.938237,-5.2641826,-12.344139,-90.854866,21,2021-02-25,22.75,0.0,66.39125,8.90625,1.0,192.28,2021,2,25,53.2,0,Peru_4005.csv
2021-02-26,4005,79.8,17.0,3.0,6.0,4.8,1.4,2,2,1,1,1,1,3,3,-4.202246756604106,0.388672736707962,4.411938,6.7035027,-73.38506,-27.341434,21,2021-02-26,22.7975,0.0,67.135,8.1825,1.0,204.77125,2021,2,26,79.8,0,Peru_4005.csv
2021-02-27,4005,53.2,43.8,4.0,6.0,4.4,24.8,2,2,2,2,1,1,4,4,-1.8925932504820784,-3.300208689587181,1.9314927,-5.2722015,-12.344003,-90.84756,21,2021-02-27,22.995,0.0,65.66625,8.31625,1.0,191.86,2021,2,27,53.2,0,Peru_4005.csv
2021-02-28,4005,75.0,22.4,2.0,5.0,15.6,5.0,2,2,1,1,1,1,3,3,-2.0887752175656784,-1.5764176081602665,-1.4833694,-12.898813,-43.114174,-35.813652,21,2021-02-28,22.92625,0.0,68.23,7.59125,1.0,201.525,2021,2,28,75.0,0,Peru_4005.csv
2021-03-01,4005,90.6,38.0,1.0,5.0,4.2,7.4,2,2,1,1,1,1,11,11,-2.577115781869837,1.471809813681597,-0.2559228,-2.2608812,-33.208824,15.088245,21,2021-03-01,23.8125,0.0,63.44375,8.5725,1.0,193.465,2021,3,1,90.6,0,Peru_4005.csv
2021-03-02,4005,77.4,34.2,2.0,6.0,11.4,8.8,2,2,1,1,1,1,3,3,-1.7814245380980513,-0.7184965561561708,6.873067,0.2760623,-45.66491,-28.750416,21,2021-03-02,24.07625,0.0,64.84375,7.46625,1.0,216.0425,2021,3,2,77.4,0,Peru_4005.csv
2021-03-03,4005,77.4,34.2,2.0,6.0,11.4,8.8,2,2,1,1,1,1,3,3,-1.7814245380980513,-0.7184965561561708,6.8951073,0.27693605,-45.66489,-28.750223,21,2021-03-03,24.76625,0.0,61.34125,7.6825,1.0,193.26375,2021,3,3,77.4,0,Peru_4005.csv
2021-03-04,4005,75.6,45.2,1.0,6.0,7.6,9.0,2,2,1,1,1,1,3,3,-2.168935425220797,0.17837991185045593,0.7702425,-2.701701,-47.939575,19.927992,21,2021-03-04,23.85125,0.0,68.725,7.944999999999999,1.0,202.125,2021,3,4,75.6,0,Peru_4005.csv
2021-03-05,4005,79.8,17.0,3.0,6.0,4.8,1.4,2,2,1,1,1,1,3,3,-4.202246756604106,0.388672736707962,4.409264,6.7094817,-73.38501,-27.34201,21,2021-03-05,23.92625,0.0,71.77625,9.4725,1.0,185.785,2021,3,5,79.8,0,Peru_4005.csv
2021-03-06,4005,41.2,39.2,16.4,6.0,3.8,5.8,2,2,1,1,1,1,3,3,-1.9736415982212505,-2.0869570885222073,0.1396838,6.7929215,-4.883096,-66.76103,21,2021-03-06,24.490000000000002,0.0,69.515,10.75875,1.0,174.13625,2021,3,6,41.2,0,Peru_4005.csv
2021-03-07,4005,41.2,39.2,16.4,6.0,3.8,5.8,2,2,1,1,1,1,3,3,-1.9736415982212505,-2.0869570885222073,0.13932139,6.793028,-4.883152,-66.761185,21,2021-03-07,23.52375,0.0,74.23375,9.735,1.0,198.58875,2021,3,7,41.2,0,Peru_4005.csv
2021-03-08,4005,59.0,31.8,14.8,5.0,8.8,13.2,2,2,1,1,4,4,9,9,-0.2700698138621285,-2.822262986529412,5.1644673,2.955506,-20.658335,-65.52557,21,2021-03-08,23.58125,0.0,76.96875,9.635,1.0,187.21375,2021,3,8,59.0,0,Peru_4005.csv
2021-03-09,4005,41.2,39.2,16.4,6.0,3.8,5.8,2,2,1,1,1,1,3,3,-1.9736415982212505,-2.0869570885222073,0.1402607,6.7930946,-4.883096,-66.76103,21,2021-03-09,23.0025,0.0,78.76625,6.8575,1.0,245.095,2021,3,9,41.2,0,Peru_4005.csv
2021-03-10,4005,41.2,39.2,16.4,6.0,3.8,5.8,2,2,1,1,1,1,3,3,-1.9736415982212505,-2.0869570885222073,0.15518302,6.827536,-4.883152,-66.761185,21,2021-03-10,23.59,0.0,71.875,7.2625,1.0,225.89125,2021,3,10,41.2,0,Peru_4005.csv
2021-03-11,4005,41.2,39.2,16.4,6.0,3.8,5.8,2,2,1,1,1,1,3,3,-1.9736415982212505,-2.0869570885222073,0.13952191,6.7972283,-4.883152,-66.761185,21,2021-03-11,23.41375,0.0,71.4575,9.612499999999999,1.0,183.73,2021,3,11,41.2,0,Peru_4005.csv
2021-03-12,4005,41.2,39.2,16.4,6.0,3.8,5.8,2,2,1,1,1,1,3,3,-1.9736415982212505,-2.0869570885222073,0.13958542,6.797313,-4.883152,-66.761185,21,2021-03-12,23.0475,0.0,73.87,10.075,1.0,185.01125,2021,3,12,41.2,0,Peru_4005.csv
2021-03-13,4005,76.26329315845445,39.0951871657754,11.939310035171744,12.942866095675788,8.522758485383559,9.978580024067387,2,2,1,1,4,4,9,9,0.03549621024003731,-0.08868490030010638,19.060137,-0.6841571,-13.194237,61.20619,21,2021-03-13,22.65,0.0,77.45875000000001,9.92875,1.0,189.88125,2021,3,13,76.26329315845445,0,Peru_4005.csv
2021-03-14,4005,76.26329315845445,39.0951871657754,11.939310035171744,12.942866095675788,8.522758485383559,9.978580024067387,2,2,1,1,4,4,9,9,0.03549621024003731,-0.08868490030010638,18.252834,-0.089657895,-13.194237,61.20619,21,2021-03-14,23.31375,0.0,75.17,7.63375,1.0,199.47375,2021,3,14,76.26329315845445,0,Peru_4005.csv
2021-03-15,4005,76.26329315845445,39.0951871657754,11.939310035171744,12.942866095675788,8.522758485383559,9.978580024067387,2,2,1,1,4,4,9,9,0.03549621024003731,-0.08868490030010638,18.585947,-0.17946681,-13.194237,61.20619,21,2021-03-15,23.9925,0.0,67.79125,10.42875,1.0,187.895,2021,3,15,76.26329315845445,0,Peru_4005.csv
2021-03-16,4005,76.26329315845445,39.0951871657754,11.939310035171744,12.942866095675788,8.522758485383559,9.978580024067387,2,2,1,1,4,4,9,9,0.03549621024003731,-0.08868490030010638,18.777147,0.36745304,-13.194237,61.20619,21,2021-03-16,23.2825,0.0,74.145,9.80875,1.0,194.04625,2021,3,16,76.26329315845445,0,Peru_4005.csv
2021-03-17,4005,76.26329315845445,39.0951871657754,11.939310035171744,12.942866095675788,8.522758485383559,9.978580024067387,2,2,1,1,4,4,9,9,0.03549621024003731,-0.08868490030010638,18.468657,-0.28545237,-13.194237,61.20619,21,2021-03-17,23.97625,0.0,68.71875,9.8775,1.0,178.375,2021,3,17,76.26329315845445,0,Peru_4005.csv
2021-03-18,4005,76.26329315845445,39.0951871657754,11.939310035171744,12.942866095675788,8.522758485383559,9.978580024067387,2,2,1,1,4,4,9,9,0.03549621024003731,-0.08868490030010638,19.123962,-0.31449676,-13.194237,61.20619,21,2021-03-18,22.9725,0.0,73.7825,9.27375,1.0,202.71875,2021,3,18,76.26329315845445,0,Peru_4005.csv
2021-03-19,4005,79.4,29.4,1.0,5.0,4.0,10.0,2,2,1,1,1,1,3,3,-3.3702141042232854,-0.09305340240428196,0.028376507,-2.7172441,-52.063152,7.237015,21,2021-03-19,22.9575,0.0,69.63125,8.95,1.0,178.3075,2021,3,19,79.4,0,Peru_4005.csv
2021-03-20,4005,70.0,40.8,2.0,6.0,63.0,2.0,1,1,0,0,0,0,2,2,6.925678594932983,-6.500912577183655,6.3119116,-3.156133,72.52394,-56.610783,21,2021-03-20,23.51875,0.0,67.35625,9.799999999999999,1.0,190.17249999999999,2021,3,20,70.0,0,Peru_4005.csv
2021-03-21,4005,75.2,31.6,3.0,6.0,14.0,2.0,2,2,1,1,1,1,3,3,-1.9502617781128773,-0.44944902384366625,5.9477777,0.6740191,-39.487545,-32.81031,21,2021-03-21,23.45,0.0,67.60374999999999,8.80375,1.0,194.88875000000002,2021,3,21,75.2,0,Peru_4005.csv
2021-03-22,4005,61.2,37.8,4.0,5.0,17.0,2.0,2,2,1,1,1,1,3,3,-1.5588350772786137,-1.6272230843094788,5.9405866,1.0003906,-27.003447,-47.35465,21,2021-03-22,23.1925,0.0,68.3325,10.39,1.0,187.1675,2021,3,22,61.2,0,Peru_4005.csv
2021-03-23,4005,61.4,57.4,3.0,5.0,11.0,2.0,2,2,1,1,1,1,3,3,-1.8181722525630069,0.14898091401463656,6.112336,0.9397932,-29.5039,-36.94688,21,2021-03-23,22.27875,0.0,74.245,10.2775,1.0,195.86,2021,3,23,61.4,0,Peru_4005.csv
2021-03-24,4005,87.8,55.4,4.0,5.0,10.0,2.0,2,2,1,1,5,5,11,11,-0.6267179849439494,2.0609542477377913,0.8795458,-0.7644052,-15.562245,24.301065,21,2021-03-24,22.103749999999998,0.0,76.68625,9.1525,1.0,200.28125,2021,3,24,87.8,0,Peru_4005.csv
2021-03-25,4005,61.4,57.4,3.0,5.0,11.0,2.0,2,2,1,1,1,1,3,3,-1.8181722525630069,0.14898091401463656,6.1138167,0.93937105,-29.503765,-36.946968,21,2021-03-25,21.655,0.0,78.04125,10.18125,1.0,193.28625,2021,3,25,61.4,0,Peru_4005.csv
2021-03-26,4005,61.4,57.4,3.0,5.0,11.0,2.0,2,2,1,1,1,1,3,3,-1.8181722525630069,0.14898091401463656,6.1022215,0.9449578,-29.503942,-36.94735,21,2021-03-26,21.1425,0.0,80.4225,9.50875,1.0,218.2875,2021,3,26,61.4,0,Peru_4005.csv
2021-03-27,4005,87.8,55.4,4.0,5.0,10.0,2.0,2,2,1,1,5,5,11,11,-0.6267179849439494,2.0609542477377913,0.8787169,-0.77954,-15.562245,24.301065,21,2021-03-27,21.1475,0.0,79.2075,8.4,1.0,241.10875,2021,3,27,87.8,0,Peru_4005.csv
2021-03-28,4005,77.6,30.6,4.0,5.0,12.0,2.0,2,2,1,1,1,1,3,3,-2.045751125416726,-0.17225737570234678,5.8803835,0.7537497,-39.556435,-32.9684,21,2021-03-28,21.23125,0.0,78.68,7.7925,1.0,216.12,2021,3,28,77.6,0,Peru_4005.csv
2021-03-29,4005,80.4,26.6,3.0,5.0,12.0,2.0,2,2,1,1,1,1,3,3,-2.322179031759796,-0.14539369470681554,5.8682795,0.7617031,-39.90704,-33.21555,21,2021-03-29,21.5175,0.0,76.77,8.4725,1.0,207.39124999999999,2021,3,29,80.4,0,Peru_4005.csv
2021-03-30,4005,80.6,46.0,4.0,5.0,14.0,2.0,2,2,1,1,1,1,9,9,-0.7396030571600222,0.5655223578410757,-4.4259896,-1.8737363,4.3562956,-12.0603285,21,2021-03-30,21.32875,0.0,77.73,9.55875,1.0,198.77,2021,3,30,80.6,0,Peru_4005.csv
2021-03-31,4005,59.6,40.0,5.0,6.0,11.0,2.0,2,2,1,1,1,1,3,3,-2.400590545535083,-0.8298629717654717,4.832033,2.4323897,-48.5131,-13.673991,21,2021-03-31,20.82375,0.0,79.39625,9.11375,1.0,195.255,2021,3,31,59.6,0,Peru_4005.csv
2021-04-01,4005,62.6,33.0,4.0,6.0,12.0,2.0,2,2,1,1,1,1,3,3,-2.6426144485579632,-1.064656332865702,5.0152364,2.6144104,-48.1489,-37.441032,21,2021-04-01,20.96,0.0,79.56625,9.2075,1.0,188.73499999999999,2021,4,1,62.6,0,Peru_4005.csv
2021-04-02,4005,58.8,53.2,3.0,5.0,17.0,2.0,2,2,1,1,1,1,9,9,-1.0778154676211835,-1.0042080629855439,5.9424534,0.9090513,-29.209488,-37.734406,21,2021-04-02,21.12375,0.0,78.505,8.44,1.0,211.985,2021,4,2,58.8,0,Peru_4005.csv
2021-04-03,4005,78.8,38.0,3.0,5.0,13.0,2.0,2,2,1,1,1,1,9,9,-1.626262463070703,0.1845703739488249,6.007401,0.65512085,-39.761017,-31.337852,21,2021-04-03,22.0325,0.0,73.11,7.15625,1.0,200.23375000000001,2021,4,3,78.8,0,Peru_4005.csv
2021-04-04,4005,55.8,38.8,2.0,5.0,8.0,2.0,2,2,1,1,1,1,3,3,-3.8001154119170217,-0.7870225576794732,6.4543953,1.031447,-48.843464,-41.056507,21,2021-04-04,23.26625,0.0,70.4225,6.9575,1.0,198.2125,2021,4,4,55.8,0,Peru_4005.csv
2021-04-05,4005,59.6,33.6,1.0,5.0,11.0,2.0,2,2,1,1,1,1,3,3,-3.548736116387306,-1.1251263287312743,6.493373,1.0297719,-48.01562,-41.212498,21,2021-04-05,22.8675,0.0,72.61125,8.74375,1.0,182.0525,2021,4,5,59.6,0,Peru_4005.csv
2021-04-06,4005,75.0,40.2,3.0,6.0,9.0,2.0,2,2,1,1,1,1,3,3,-2.416287077857326,0.5958927499280755,3.207776,2.2543113,-49.83565,1.4396814,21,2021-04-06,22.24375,0.0,73.88625,10.1425,1.0,183.01875,2021,4,6,75.0,0,Peru_4005.csv
2021-04-07,4005,69.8,24.0,2.0,5.0,9.0,2.0,2,2,1,1,1,1,3,3,-3.7137102967190954,-0.6412228304446893,5.2039914,3.0395074,-49.61443,-35.554916,21,2021-04-07,21.7225,0.0,76.3275,9.095,1.0,204.36875,2021,4,7,69.8,0,Peru_4005.csv
2021-04-08,4005,48.8,13.2,3.0,5.0,10.0,2.0,2,2,1,1,1,1,3,3,-4.90294079096807,-2.8533764491406073,5.673868,5.5034523,-61.560078,-52.99461,21,2021-04-08,20.77875,0.0,81.6775,7.797499999999999,1.0,228.655,2021,4,8,48.8,0,Peru_4005.csv
2021-04-09,4005,56.8,53.2,3.0,6.0,11.0,2.0,2,2,1,1,1,1,3,3,-2.2567068994487043,-0.3214041678917612,6.097683,0.9361828,-29.468796,-36.977634,21,2021-04-09,20.69375,0.0,83.06375,7.65375,1.0,249.71,2021,4,9,56.8,0,Peru_4005.csv
2021-04-10,4005,69.2,46.0,4.0,6.0,9.0,2.0,2,2,1,1,1,1,3,3,-2.1909271088229,0.4420881916106091,3.2086205,2.2433486,-49.781788,0.3608066,21,2021-04-10,20.87375,0.0,81.04124999999999,7.59375,1.0,224.79500000000002,2021,4,10,69.2,0,Peru_4005.csv
2021-04-11,4005,120.0,29.8,4.0,7.0,11.0,2.0,0,0,3,3,5,5,10,10,-0.22139461648489073,3.129260214928445,-1.275494,0.46177337,50.51382,44.39418,21,2021-04-11,21.50875,0.0,76.52125000000001,7.5925,1.0,203.02,2021,4,11,120.0,0,Peru_4005.csv
2021-04-12,4005,74.8,37.6,4.0,6.0,16.0,2.0,2,2,1,1,1,1,9,9,-1.0929167445365349,-0.45376584715860435,5.9624734,0.27591968,3.0827672,-14.677554,21,2021-04-12,21.107499999999998,0.0,74.94875,9.05625,1.0,197.9275,2021,4,12,74.8,0,Peru_4005.csv
2021-04-13,4005,90.2,48.8,4.0,6.0,11.0,2.0,2,2,1,1,5,5,11,11,-0.6719057268852322,1.8512724632814084,1.0729278,-0.7932047,-15.318498,24.58112,21,2021-04-13,20.05125,0.0,78.3475,8.65375,1.0,199.4175,2021,4,13,90.2,0,Peru_4005.csv
2021-04-14,4005,77.6,30.6,4.0,5.0,12.0,2.0,2,2,1,1,1,1,3,3,-2.045751125416726,-0.17225737570234678,5.8846645,0.7441473,-39.556637,-32.96855,21,2021-04-14,19.47125,0.0,82.15625,9.805,1.0,183.6825,2021,4,14,77.6,0,Peru_4005.csv
2021-04-15,4005,72.0,33.4,5.0,6.0,8.0,2.0,2,2,1,1,1,1,3,3,-2.687822999653663,0.11413969393332199,3.252442,3.4626734,-48.793056,-3.7782266,21,2021-04-15,19.395,0.0,80.23375,10.2325,1.0,179.9175,2021,4,15,72.0,0,Peru_4005.csv
2021-04-16,4005,56.8,55.4,5.0,7.0,14.0,2.0,2,2,1,1,1,1,9,9,-1.1919172623442607,-0.5645116994878304,6.0381026,0.95071465,-29.202705,-37.43325,21,2021-04-16,19.7125,0.0,78.245,10.276250000000001,1.0,181.22875,2021,4,16,56.8,0,Peru_4005.csv
2021-04-17,4005,88.2,51.0,7.0,7.0,13.0,2.0,2,2,1,1,4,4,11,11,0.3193642299130623,1.5644138559816483,2.0041404,-0.061563846,5.244666,-9.348235,21,2021-04-17,20.23625,0.0,75.82875,10.22125,1.0,178.735,2021,4,17,88.2,0,Peru_4005.csv
2021-04-18,4005,85.2,28.2,4.0,5.0,15.0,2.0,2,2,1,1,1,1,9,9,-1.2621752493057277,-0.11958459768750015,5.85412,0.68969446,-39.602596,-34.57337,21,2021-04-18,19.70125,0.0,80.365,8.6875,1.0,194.26375000000002,2021,4,18,85.2,0,Peru_4005.csv
2021-04-19,4005,77.4,27.0,4.0,7.0,17.0,2.0,2,2,1,1,1,1,9,9,-1.3363181389888377,-0.8495049703759733,5.9463205,0.5858777,-40.666183,-35.81975,21,2021-04-19,20.82875,0.0,74.6725,10.04875,1.0,171.37,2021,4,19,77.4,0,Peru_4005.csv
2021-04-20,4005,78.8,25.6,3.0,7.0,10.0,2.0,2,2,1,1,1,1,3,3,-2.809701476517317,0.08649036856075018,3.677838,3.4195664,-40.17371,-33.051968,21,2021-04-20,20.723750000000003,0.0,75.48875,11.875,1.0,173.27,2021,4,20,78.8,0,Peru_4005.csv
2021-04-21,4005,65.0,38.0,3.0,7.0,9.0,2.0,2,2,1,1,1,1,3,3,-3.011178793395961,-0.1651523022179503,4.477083,2.6799605,-47.29628,-13.309697,21,2021-04-21,20.0925,0.0,81.31125,10.88,1.0,180.22375,2021,4,21,65.0,0,Peru_4005.csv
2021-04-22,4005,90.8,46.8,4.0,7.0,7.0,2.0,2,2,1,1,1,1,11,11,-1.4680937700689773,2.3705657964139943,0.34158498,-0.82767653,-15.756498,20.190166,21,2021-04-22,19.3325,0.0,82.83375,9.7425,1.0,195.67125,2021,4,22,90.8,0,Peru_4005.csv
2021-04-23,4005,85.4,47.6,5.0,7.0,7.0,2.0,2,2,1,1,1,1,11,11,-1.4832708931433738,1.9950485414960835,0.42698437,-0.8505814,-15.793929,20.377888,21,2021-04-23,18.99,0.0,82.75375,9.00375,1.0,196.4125,2021,4,23,85.4,0,Peru_4005.csv
2021-04-24,4005,62.2,43.8,7.0,7.0,7.0,2.0,2,2,1,1,1,1,3,3,-2.3919168811436387,0.07560335797954384,3.8349211,2.6095486,-48.981316,-7.371441,21,2021-04-24,18.93125,0.0,82.22375,10.0,1.0,187.25375,2021,4,24,62.2,0,Peru_4005.csv
2021-04-25,4005,79.4,44.2,14.6,37.8,17.0,7.8,0,0,3,3,4,4,9,9,2.368098781479672,1.3736806982842695,2.022404,-0.25789863,45.728634,-3.0448587,21,2021-04-25,18.655,0.0,80.96875,8.21625,1.0,220.66125,2021,4,25,79.4,0,Peru_4005.csv
2021-04-26,4005,80.0,49.4,7.0,7.0,14.6,2.0,2,2,1,1,4,4,9,9,0.1300233686489459,0.6893940604269038,-4.4579597,-1.9015023,5.1361833,-11.327369,21,2021-04-26,18.485,0.0,83.005,8.0875,1.0,195.2125,2021,4,26,80.0,0,Peru_4005.csv
2021-04-27,4005,71.0,35.6,6.0,7.0,10.0,2.0,2,2,1,1,1,1,3,3,-2.0554243389785825,-0.05093214562059244,3.2946017,3.1905038,-49.109715,-3.225564,21,2021-04-27,18.37875,0.0,83.38375,12.05,1.0,173.5525,2021,4,27,71.0,0,Peru_4005.csv
2021-04-28,4005,44.6,30.4,5.0,7.0,10.0,2.0,2,2,1,1,1,1,3,3,-3.8016696809629624,-2.19813706869779,5.0206914,3.0862832,-51.131077,-44.87293,21,2021-04-28,18.7975,0.0,81.395,9.79125,1.0,173.885,2021,4,28,44.6,0,Peru_4005.csv
2021-04-29,4005,73.6,36.6,6.0,7.0,7.0,3.0,2,2,1,1,1,1,3,3,-2.3317299042903636,0.4307644892383479,3.0737834,3.5437722,-47.93773,-3.472734,21,2021-04-29,18.7575,0.0,82.39875,9.3825,1.0,183.39625,2021,4,29,73.6,0,Peru_4005.csv
2021-04-30,4005,62.6,33.0,4.0,6.0,12.0,2.0,2,2,1,1,1,1,3,3,-2.6426144485579632,-1.064656332865702,4.990021,2.626146,-48.1489,-37.441032,21,2021-04-30,18.7925,0.0,79.8025,8.61375,1.0,192.05125,2021,4,30,62.6,0,Peru_4005.csv
2021-05-01,4005,64.4,34.6,5.0,7.0,8.0,2.0,2,2,1,1,1,1,3,3,-2.9903570773764954,-0.30270385712965625,3.6176682,3.5714924,-50.005405,-6.3519382,21,2021-05-01,18.900000000000002,0.0,80.365,8.80875,1.0,186.98,2021,5,1,64.4,0,Peru_4005.csv
2021-05-02,4005,78.8,38.0,3.0,5.0,13.0,2.0,2,2,1,1,1,1,9,9,-1.626262463070703,0.1845703739488249,6.008501,0.6416775,-39.761032,-31.337833,21,2021-05-02,19.4375,0.0,78.0275,8.55,1.0,178.24875,2021,5,2,78.8,0,Peru_4005.csv
2021-05-03,4005,68.8,76.8,5.4,10.2,3.0,2.0,2,2,1,1,1,1,11,11,-1.402679338680465,2.9844872587096716,-1.0319848,-2.0460951,20.835236,67.46867,21,2021-05-03,18.68375,0.0,82.225,8.80875,1.0,196.815,2021,5,3,76.8,0,Peru_4005.csv
2021-05-04,4005,76.26329315845445,39.0951871657754,11.939310035171744,12.942866095675788,8.522758485383559,9.978580024067387,2,2,1,1,4,4,9,9,0.03549621024003731,-0.08868490030010638,18.821884,0.72185135,-13.194237,61.20619,21,2021-05-04,19.2125,0.0,78.64125,12.575,1.0,161.37375,2021,5,4,76.26329315845445,0,Peru_4005.csv
2021-05-05,4005,76.26329315845445,39.0951871657754,11.939310035171744,12.942866095675788,8.522758485383559,9.978580024067387,2,2,1,1,4,4,9,9,0.03549621024003731,-0.08868490030010638,19.412012,0.13917466,-13.194237,61.20619,21,2021-05-05,18.8275,0.0,82.4025,9.87375,1.0,212.4,2021,5,5,76.26329315845445,0,Peru_4005.csv
2021-05-06,4005,76.26329315845445,39.0951871657754,11.939310035171744,12.942866095675788,8.522758485383559,9.978580024067387,2,2,1,1,4,4,9,9,0.03549621024003731,-0.08868490030010638,19.290627,-0.46552023,-13.194237,61.20619,21,2021-05-06,18.098750000000003,0.0,84.64,9.885,1.0,180.89625,2021,5,6,76.26329315845445,0,Peru_4005.csv
2021-05-07,4005,76.26329315845445,39.0951871657754,11.939310035171744,12.942866095675788,8.522758485383559,9.978580024067387,2,2,1,1,4,4,9,9,0.03549621024003731,-0.08868490030010638,19.296337,-0.12938364,-13.194237,61.20619,21,2021-05-07,18.00375,0.0,79.645,10.07875,1.0,177.32874999999999,2021,5,7,76.26329315845445,0,Peru_4005.csv
2021-05-08,4005,76.26329315845445,39.0951871657754,11.939310035171744,12.942866095675788,8.522758485383559,9.978580024067387,2,2,1,1,4,4,9,9,0.03549621024003731,-0.08868490030010638,18.569004,0.36590523,-13.194237,61.20619,21,2021-05-08,18.06,0.0,80.41375,12.6225,1.0,167.12125,2021,5,8,76.26329315845445,0,Peru_4005.csv
2021-05-09,4005,76.26329315845445,39.0951871657754,11.939310035171744,12.942866095675788,8.522758485383559,9.978580024067387,2,2,1,1,4,4,9,9,0.03549621024003731,-0.08868490030010638,18.850422,-0.2812449,-13.194237,61.20619,21,2021-05-09,18.03625,0.0,80.42625,9.98125,1.0,180.38375,2021,5,9,76.26329315845445,0,Peru_4005.csv
2021-05-10,4005,76.26329315845445,39.0951871657754,11.939310035171744,12.942866095675788,8.522758485383559,9.978580024067387,2,2,1,1,4,4,9,9,0.03549621024003731,-0.08868490030010638,19.246616,-0.3674443,-13.194237,61.20619,21,2021-05-10,17.705,0.0,81.4375,8.4375,1.0,212.9125,2021,5,10,76.26329315845445,0,Peru_4005.csv
2021-05-11,4005,76.26329315845445,39.0951871657754,11.939310035171744,12.942866095675788,8.522758485383559,9.978580024067387,2,2,1,1,4,4,9,9,0.03549621024003731,-0.08868490030010638,19.603056,-0.5700315,-13.194237,61.20619,21,2021-05-11,17.84625,0.0,80.92125,6.71,1.0,193.3375,2021,5,11,76.26329315845445,0,Peru_4005.csv
2021-05-12,4005,76.26329315845445,39.0951871657754,11.939310035171744,12.942866095675788,8.522758485383559,9.978580024067387,2,2,1,1,4,4,9,9,0.03549621024003731,-0.08868490030010638,19.105164,-0.7893844,-13.194237,61.20619,21,2021-05-12,18.00375,0.0,80.3325,7.62,1.0,193.6925,2021,5,12,76.26329315845445,0,Peru_4005.csv
2021-05-13,4005,76.26329315845445,39.0951871657754,11.939310035171744,12.942866095675788,8.522758485383559,9.978580024067387,2,2,1,1,4,4,9,9,0.03549621024003731,-0.08868490030010638,19.22355,-0.11312207,-13.194237,61.20619,21,2021-05-13,18.05375,0.0,81.98875,7.835,1.0,189.22,2021,5,13,76.26329315845445,0,Peru_4005.csv
2021-05-14,4005,74.6,33.0,6.0,6.0,9.6,3.0,2,2,1,1,1,1,3,3,-2.0023319750476944,-0.07742208224815374,3.2253265,3.1445765,-48.97234,-2.9071534,21,2021-05-14,17.607499999999998,0.0,84.095,9.04625,1.0,186.35375,2021,5,14,74.6,0,Peru_4005.csv
2021-05-15,4005,48.2,32.4,5.0,6.0,2.0,1.0,2,2,1,1,1,1,3,3,-5.059260737695705,-0.7707099481907528,-5.1373305,0.7736123,-76.425835,-3.7829242,21,2021-05-15,17.24625,0.0,84.7125,7.67625,1.0,190.75125,2021,5,15,48.2,0,Peru_4005.csv
2021-05-16,4005,54.2,37.0,5.0,6.0,1.0,1.0,2,2,1,1,1,1,3,3,-4.711678666913568,0.02000485627684551,-5.1447988,0.7710633,-76.7734,-3.981618,21,2021-05-16,17.07125,0.0,84.5475,7.42625,1.0,184.54625,2021,5,16,54.2,0,Peru_4005.csv
2021-05-17,4005,67.4,34.8,6.0,6.0,5.4,2.0,2,2,1,1,1,1,3,3,-3.1029622984790035,0.15352533715764727,3.4106255,4.050159,-51.734215,-6.4155445,21,2021-05-17,17.46,0.0,83.4425,7.095,1.0,184.9675,2021,5,17,67.4,0,Peru_4005.csv
2021-05-18,4005,80.0,49.4,7.0,7.0,14.6,2.0,2,2,1,1,4,4,9,9,0.1300233686489459,0.6893940604269038,-4.455147,-1.9020387,5.136198,-11.327376,21,2021-05-18,17.28625,0.0,83.30375000000001,8.56875,1.0,181.485,2021,5,18,80.0,0,Peru_4005.csv
2021-05-19,4005,57.6,28.0,5.0,7.0,3.2,2.0,2,2,1,1,1,1,3,3,-4.528221180647319,-0.5223474235225555,4.4272575,5.2911854,-66.41608,-36.51868,21,2021-05-19,17.52,0.0,83.0375,11.442499999999999,1.0,165.6525,2021,5,19,57.6,0,Peru_4005.csv
2021-05-20,4005,69.8,36.6,3.0,5.0,3.6,2.0,2,2,1,1,1,1,3,3,-3.830967420923112,0.6447310964218881,-0.08187793,-2.097594,-53.21484,2.432261,21,2021-05-20,16.825,0.0,87.3175,7.876250000000001,1.0,224.76625,2021,5,20,69.8,0,Peru_4005.csv
2021-05-21,4005,58.0,31.8,7.0,6.0,1.0,2.0,2,2,1,1,1,1,3,3,-4.303282034996281,-0.14885011625572508,3.5253437,5.129568,-58.141872,-19.472826,21,2021-05-21,17.25875,0.0,84.21875,8.47,1.0,199.34,2021,5,21,58.0,0,Peru_4005.csv
2021-05-22,4005,48.4,37.4,5.0,5.0,1.2,1.0,2,2,1,1,1,1,3,3,-4.935761969082237,-0.47816479030696146,-5.145761,0.7710841,-76.63277,-3.740492,21,2021-05-22,17.5375,0.0,82.41625,9.90375,1.0,252.92625,2021,5,22,48.4,0,Peru_4005.csv
2021-05-23,4005,99.8,39.6,8.0,5.0,7.8,1.0,2,2,3,3,5,5,11,11,-0.540998881315776,2.4492562723171947,1.2453291,2.5970275,-14.093379,16.91758,21,2021-05-23,17.39875,0.0,82.1675,7.425,1.0,184.3175,2021,5,23,99.8,0,Peru_4005.csv
2021-05-24,4005,96.0,39.8,7.0,6.0,6.8,2.0,2,2,1,1,4,4,11,11,-1.0081522826184228,2.273943509519947,1.2683885,2.5760808,-14.735012,17.403685,21,2021-05-24,18.37125,0.0,80.1775,9.265,1.0,179.47875,2021,5,24,96.0,0,Peru_4005.csv
2021-05-25,4005,71.0,39.2,6.0,6.0,14.8,1.0,2,2,1,1,1,1,9,9,-1.0910226661395717,-0.41329856052398156,6.042322,0.09761214,2.195026,-14.770154,21,2021-05-25,18.35875,0.0,80.21875,6.8225,1.0,193.745,2021,5,25,71.0,0,Peru_4005.csv
2021-05-26,4005,73.6,45.4,8.0,7.0,11.4,2.0,2,2,1,1,4,4,9,9,-0.7608725717480055,0.4031866301536194,3.2392058,1.4039423,2.5489504,-7.3524084,21,2021-05-26,18.611250000000002,0.0,80.93625,7.67875,1.0,191.95625,2021,5,26,73.6,0,Peru_4005.csv
2021-05-27,4005,54.4,44.0,6.0,7.0,11.0,2.0,2,2,1,1,1,1,3,3,-2.2384090808728843,-0.957281591342356,4.8250017,2.0931911,-26.13192,-36.163696,21,2021-05-27,17.962500000000002,0.0,83.63,7.85125,1.0,184.83875,2021,5,27,54.4,0,Peru_4005.csv
2021-05-28,4005,77.0,47.8,5.0,6.0,14.6,2.0,2,2,1,1,1,1,9,9,-0.5062276506113709,0.36819921575027476,-4.4610224,-1.9026589,4.51579,-12.047297,21,2021-05-28,17.415,0.0,82.8925,8.59875,1.0,179.365,2021,5,28,77.0,0,Peru_4005.csv
2021-05-29,4005,77.0,47.8,5.0,6.0,14.6,2.0,2,2,1,1,1,1,9,9,-0.5062276506113709,0.36819921575027476,-4.4615026,-1.903205,4.51579,-12.047297,21,2021-05-29,16.98375,0.0,84.70875,10.1575,1.0,175.66625,2021,5,29,77.0,0,Peru_4005.csv
2021-05-30,4005,71.0,39.2,6.0,6.0,14.8,1.0,2,2,1,1,1,1,9,9,-1.0910226661395717,-0.41329856052398156,6.0426326,0.09962521,2.195026,-14.770154,21,2021-05-30,17.26875,0.0,83.0,9.225,1.0,173.9125,2021,5,30,71.0,0,Peru_4005.csv
2021-05-31,4005,85.6,27.8,5.0,6.0,1.6,1.0,2,2,1,1,1,1,3,3,-3.567847091840013,1.7565060594126392,2.4066012,4.1702785,-36.38373,3.9981163,21,2021-05-31,17.18875,0.0,86.77125,9.14875,1.0,190.61374999999998,2021,5,31,85.6,0,Peru_4005.csv
2021-06-01,4005,77.0,47.8,5.0,6.0,14.6,2.0,2,2,1,1,1,1,9,9,-0.5062276506113709,0.36819921575027476,-4.461792,-1.9026792,4.5157714,-12.047288,21,2021-06-01,17.0075,0.0,86.3575,9.0875,1.0,173.71375,2021,6,1,77.0,0,Peru_4005.csv
2021-06-02,4005,48.4,37.4,5.0,5.0,1.2,1.0,2,2,1,1,1,1,3,3,-4.935761969082237,-0.47816479030696146,-5.146868,0.7712155,-76.633545,-3.7403946,21,2021-06-02,16.447499999999998,0.0,88.96375,9.25125,1.0,189.495,2021,6,2,48.4,0,Peru_4005.csv
2021-06-03,4005,96.0,39.8,7.0,6.0,6.8,2.0,2,2,1,1,4,4,11,11,-1.0081522826184228,2.273943509519947,1.2654331,2.5564396,-14.735012,17.403685,21,2021-06-03,16.90625,0.0,85.1725,7.095,1.0,202.3825,2021,6,3,96.0,0,Peru_4005.csv
2021-06-04,4005,77.2,59.6,10.0,6.0,6.8,1.0,2,2,1,1,4,4,11,11,-0.36321290186537813,1.9653624761124102,2.0175064,1.2141219,5.7097607,22.417,21,2021-06-04,17.0325,0.0,84.57375,7.4025,1.0,184.38125,2021,6,4,77.2,0,Peru_4005.csv
2021-06-05,4005,87.0,48.2,9.0,6.0,8.8,1.0,2,2,1,1,4,4,11,11,-0.3254568399924239,1.8765256312263123,-3.6704633,2.1133149,-7.5781727,15.640587,21,2021-06-05,16.46625,0.0,85.79125,9.24875,1.0,184.85750000000002,2021,6,5,87.0,0,Peru_4005.csv
2021-06-06,4005,76.6,62.0,7.0,6.0,16.8,1.0,2,2,1,1,4,4,9,9,0.928512985694071,0.8590013711801325,2.478096,-0.24979208,46.367092,6.037613,21,2021-06-06,16.52875,0.0,84.62,8.64875,1.0,178.71125,2021,6,6,76.6,0,Peru_4005.csv
2021-06-07,4005,89.2,49.4,8.0,6.0,6.4,1.0,2,2,1,1,4,4,11,11,-0.7941653398311642,2.422410431596586,1.1603652,1.9719931,-7.3790894,16.763021,21,2021-06-07,16.4,0.0,84.9475,6.16625,1.0,206.72875,2021,6,7,89.2,0,Peru_4005.csv
2021-06-08,4005,80.0,49.4,7.0,7.0,14.6,2.0,2,2,1,1,4,4,9,9,0.1300233686489459,0.6893940604269038,-4.4559813,-1.898454,5.1361833,-11.327369,21,2021-06-08,16.40375,0.0,84.39125,7.3412500000000005,1.0,170.7875,2021,6,8,80.0,0,Peru_4005.csv
2021-06-09,4005,70.2,39.4,7.0,7.0,13.4,1.0,2,2,1,1,1,1,9,9,-1.1671351098619198,-0.23666570813848564,6.0447564,0.105421856,1.9094589,-14.849324,21,2021-06-09,16.72625,0.0,83.77125,9.56375,1.0,177.005,2021,6,9,70.2,0,Peru_4005.csv
2021-06-10,4005,67.4,34.8,6.0,6.0,5.4,2.0,2,2,1,1,1,1,3,3,-3.1029622984790035,0.15352533715764727,3.3945992,4.059998,-51.734215,-6.4155445,21,2021-06-10,16.605,0.0,85.2775,10.1075,1.0,173.92125000000001,2021,6,10,67.4,0,Peru_4005.csv
2021-06-11,4005,71.0,39.2,6.0,6.0,14.8,1.0,2,2,1,1,1,1,9,9,-1.0910226661395717,-0.41329856052398156,6.0450315,0.09823858,2.1949477,-14.770159,21,2021-06-11,16.53,0.0,83.45875,8.526250000000001,1.0,199.86375,2021,6,11,71.0,0,Peru_4005.csv
2021-06-12,4005,71.0,39.2,6.0,6.0,14.8,1.0,2,2,1,1,1,1,9,9,-1.0910226661395717,-0.41329856052398156,6.0420375,0.099191435,2.1950061,-14.770152,21,2021-06-12,16.4075,0.0,85.08375000000001,7.2875000000000005,1.0,187.7675,2021,6,12,71.0,0,Peru_4005.csv
2021-06-13,4005,89.2,49.4,8.0,6.0,6.4,1.0,2,2,1,1,4,4,11,11,-0.7941653398311642,2.422410431596586,1.1653183,2.004066,-7.3790894,16.763021,21,2021-06-13,16.15125,0.0,85.7225,8.567499999999999,1.0,182.69750000000002,2021,6,13,89.2,0,Peru_4005.csv
2021-06-14,4005,111.4,64.2,9.0,8.0,7.0,1.0,0,0,3,3,5,5,11,11,1.359749315239818,4.817788549249749,-1.386551,-0.108121306,46.706654,31.210337,21,2021-06-14,16.50875,0.0,85.1625,8.415,1.0,202.5625,2021,6,14,111.4,0,Peru_4005.csv
2021-06-15,4005,55.6,49.0,11.0,8.0,7.8,1.0,2,2,1,1,1,1,3,3,-1.5681006281692906,-0.13381928762732825,3.821681,2.1374307,-21.804268,-31.35587,21,2021-06-15,17.75625,0.0,83.25,7.30625,1.0,186.595,2021,6,15,55.6,0,Peru_4005.csv
2021-06-16,4005,70.2,39.4,7.0,7.0,13.4,1.0,2,2,1,1,1,1,9,9,-1.1671351098619198,-0.23666570813848564,6.0320253,0.11820638,1.9094238,-14.849151,21,2021-06-16,18.64875,0.0,78.005,12.08,1.0,163.51624999999999,2021,6,16,70.2,0,Peru_4005.csv
2021-06-17,4005,76.2,47.6,4.0,6.0,6.4,2.0,2,2,1,1,1,1,11,11,-2.240081431597564,1.3559685541774327,3.0245366,2.1955092,-48.84585,0.83900666,21,2021-06-17,17.2375,0.0,87.09375,10.695,1.0,179.74375,2021,6,17,76.2,0,Peru_4005.csv
2021-06-18,4005,77.0,47.8,5.0,6.0,14.6,2.0,2,2,1,1,1,1,9,9,-0.5062276506113709,0.36819921575027476,-4.4622726,-1.9031746,4.5157714,-12.047288,21,2021-06-18,16.84625,0.0,87.0825,10.508750000000001,1.0,175.14125,2021,6,18,77.0,0,Peru_4005.csv
2021-06-19,4005,71.0,39.2,6.0,6.0,14.8,1.0,2,2,1,1,1,1,9,9,-1.0910226661395717,-0.41329856052398156,6.041591,0.099627666,2.195026,-14.770154,21,2021-06-19,16.73125,0.0,86.71375,8.55375,1.0,219.74625,2021,6,19,71.0,0,Peru_4005.csv
2021-06-20,4005,85.6,27.8,5.0,6.0,1.6,1.0,2,2,1,1,1,1,3,3,-3.567847091840013,1.7565060594126392,2.4128563,4.1509748,-36.38373,3.9981163,21,2021-06-20,16.69375,0.0,85.94875,11.3775,1.0,169.88125,2021,6,20,85.6,0,Peru_4005.csv
2021-06-21,4005,71.0,39.2,6.0,6.0,14.8,1.0,2,2,1,1,1,1,9,9,-1.0910226661395717,-0.41329856052398156,6.043475,0.09493633,2.1950061,-14.770152,21,2021-06-21,16.45375,0.0,86.35,10.92625,1.0,176.33625,2021,6,21,71.0,0,Peru_4005.csv
2021-06-22,4005,70.2,39.4,7.0,7.0,13.4,1.0,2,2,1,1,1,1,9,9,-1.1671351098619198,-0.23666570813848564,6.0431194,0.10798181,1.9093729,-14.8491955,21,2021-06-22,16.92625,0.0,81.38625,9.28375,1.0,173.09125,2021,6,22,70.2,0,Peru_4005.csv
2021-06-23,4005,75.4,53.6,8.0,7.0,9.6,1.0,2,2,1,1,4,4,11,11,-0.6615600202152977,1.3047784397421003,2.7941887,1.4656357,2.0524743,-4.7437077,21,2021-06-23,16.265,0.0,82.8,14.425,1.0,163.11875,2021,6,23,75.4,0,Peru_4005.csv
2021-06-24,4005,70.2,39.4,7.0,7.0,13.4,1.0,2,2,1,1,1,1,9,9,-1.1671351098619198,-0.23666570813848564,6.0500984,0.09587081,1.9094532,-14.849111,21,2021-06-24,16.0225,0.0,85.505,10.26625,1.0,179.0775,2021,6,24,70.2,0,Peru_4005.csv
2021-06-25,4005,75.4,53.6,8.0,7.0,9.6,1.0,2,2,1,1,4,4,11,11,-0.6615600202152977,1.3047784397421003,2.814711,1.4616547,2.0522492,-4.7432814,21,2021-06-25,15.845,0.0,84.385,8.435,1.0,178.20875,2021,6,25,75.4,0,Peru_4005.csv
2021-06-26,4005,93.6,45.0,9.0,7.0,9.0,1.0,0,0,3,3,4,4,11,11,-0.13604902965832136,2.2419417981972667,-3.674357,2.1148703,-8.708897,16.142563,21,2021-06-26,15.9075,0.0,84.01625,8.61875,1.0,208.80625,2021,6,26,93.6,0,Peru_4005.csv
2021-06-27,4005,75.4,53.6,8.0,7.0,9.6,1.0,2,2,1,1,4,4,11,11,-0.6615600202152977,1.3047784397421003,2.7788079,1.4546101,2.051234,-4.7428107,21,2021-06-27,15.825,0.0,84.2825,7.5425,1.0,205.01125,2021,6,27,75.4,0,Peru_4005.csv
2021-06-28,4005,80.0,49.4,7.0,7.0,14.6,2.0,2,2,1,1,4,4,9,9,0.1300233686489459,0.6893940604269038,-4.4608912,-1.9093127,5.136191,-11.3273735,21,2021-06-28,16.21,0.0,83.8125,7.7562500000000005,1.0,194.145,2021,6,28,80.0,0,Peru_4005.csv
2021-06-29,4005,76.26329315845445,39.0951871657754,11.939310035171744,12.942866095675788,8.522758485383559,9.978580024067387,2,2,1,1,4,4,9,9,0.03549621024003731,-0.08868490030010638,18.873468,-0.5510294,-13.194237,61.20619,21,2021-06-29,16.26625,0.0,85.02125,9.72125,1.0,175.0375,2021,6,29,76.26329315845445,0,Peru_4005.csv
2021-06-30,4005,76.26329315845445,39.0951871657754,11.939310035171744,12.942866095675788,8.522758485383559,9.978580024067387,2,2,1,1,4,4,9,9,0.03549621024003731,-0.08868490030010638,18.497147,-0.39392066,-13.194237,61.20619,21,2021-06-30,15.475,0.0,86.16,13.1325,1.0,168.6875,2021,6,30,76.26329315845445,0,Peru_4005.csv
2021-07-01,4005,76.26329315845445,39.0951871657754,11.939310035171744,12.942866095675788,8.522758485383559,9.978580024067387,2,2,1,1,4,4,9,9,0.03549621024003731,-0.08868490030010638,19.061457,0.32709286,-13.194237,61.20619,21,2021-07-01,15.436250000000001,0.0,83.46,10.9525,1.0,163.505,2021,7,1,76.26329315845445,0,Peru_4005.csv
2021-07-02,4005,76.26329315845445,39.0951871657754,11.939310035171744,12.942866095675788,8.522758485383559,9.978580024067387,2,2,1,1,4,4,9,9,0.03549621024003731,-0.08868490030010638,19.462751,-0.98121065,-13.194237,61.20619,21,2021-07-02,15.11,0.0,83.09375,11.8775,1.0,163.89625,2021,7,2,76.26329315845445,0,Peru_4005.csv
2021-07-03,4005,76.26329315845445,39.0951871657754,11.939310035171744,12.942866095675788,8.522758485383559,9.978580024067387,2,2,1,1,4,4,9,9,0.03549621024003731,-0.08868490030010638,18.754698,0.007355083,-13.194237,61.20619,21,2021-07-03,15.16,0.0,81.0575,9.31875,1.0,160.24,2021,7,3,76.26329315845445,0,Peru_4005.csv
2021-07-04,4005,76.26329315845445,39.0951871657754,11.939310035171744,12.942866095675788,8.522758485383559,9.978580024067387,2,2,1,1,4,4,9,9,0.03549621024003731,-0.08868490030010638,19.218544,0.11832455,-13.194237,61.20619,21,2021-07-04,15.52375,0.0,80.35,11.085,1.0,154.95375,2021,7,4,76.26329315845445,0,Peru_4005.csv
2021-07-05,4005,76.26329315845445,39.0951871657754,11.939310035171744,12.942866095675788,8.522758485383559,9.978580024067387,2,2,1,1,4,4,9,9,0.03549621024003731,-0.08868490030010638,19.804043,-0.0762833,-13.194237,61.20619,21,2021-07-05,15.328750000000001,0.0,84.67875,11.276250000000001,1.0,163.375,2021,7,5,76.26329315845445,0,Peru_4005.csv
2021-07-06,4005,76.26329315845445,39.0951871657754,11.939310035171744,12.942866095675788,8.522758485383559,9.978580024067387,2,2,1,1,4,4,9,9,0.03549621024003731,-0.08868490030010638,18.866278,-1.0409592,-13.194237,61.20619,21,2021-07-06,15.53875,0.0,81.4625,13.13875,1.0,157.4825,2021,7,6,76.26329315845445,0,Peru_4005.csv
2021-07-07,4005,76.26329315845445,39.0951871657754,11.939310035171744,12.942866095675788,8.522758485383559,9.978580024067387,2,2,1,1,4,4,9,9,0.03549621024003731,-0.08868490030010638,19.63725,0.1550672,-13.194237,61.20619,21,2021-07-07,15.215,0.0,83.9525,7.938750000000001,1.0,190.92375,2021,7,7,76.26329315845445,0,Peru_4005.csv
2021-07-08,4005,76.26329315845445,39.0951871657754,11.939310035171744,12.942866095675788,8.522758485383559,9.978580024067387,2,2,1,1,4,4,9,9,0.03549621024003731,-0.08868490030010638,19.097897,-1.0912157,-13.194237,61.20619,21,2021-07-08,15.82375,0.0,80.88125,6.55125,1.0,179.52125,2021,7,8,76.26329315845445,0,Peru_4005.csv
2021-07-09,4005,76.26329315845445,39.0951871657754,11.939310035171744,12.942866095675788,8.522758485383559,9.978580024067387,2,2,1,1,4,4,9,9,0.03549621024003731,-0.08868490030010638,18.720127,0.4867589,-13.194237,61.20619,21,2021-07-09,15.9625,0.0,83.01625,7.983750000000001,1.0,178.90625,2021,7,9,76.26329315845445,0,Peru_4005.csv
2021-07-10,4005,76.26329315845445,39.0951871657754,11.939310035171744,12.942866095675788,8.522758485383559,9.978580024067387,2,2,1,1,4,4,9,9,0.03549621024003731,-0.08868490030010638,19.67941,0.36870217,-13.194237,61.20619,21,2021-07-10,15.74375,0.0,85.93875,8.04,1.0,193.32,2021,7,10,76.26329315845445,0,Peru_4005.csv
2021-07-11,4005,76.26329315845445,39.0951871657754,11.939310035171744,12.942866095675788,8.522758485383559,9.978580024067387,2,2,1,1,4,4,9,9,0.03549621024003731,-0.08868490030010638,18.909193,0.25344637,-13.194237,61.20619,21,2021-07-11,15.803749999999999,0.0,85.62,6.6525,1.0,202.5475,2021,7,11,76.26329315845445,0,Peru_4005.csv
2021-07-12,4005,76.26329315845445,39.0951871657754,11.939310035171744,12.942866095675788,8.522758485383559,9.978580024067387,2,2,1,1,4,4,9,9,0.03549621024003731,-0.08868490030010638,18.77577,-1.1684145,-13.194237,61.20619,21,2021-07-12,16.79375,0.0,82.21875,10.38875,1.0,166.66625,2021,7,12,76.26329315845445,0,Peru_4005.csv
2021-07-13,4005,76.26329315845445,39.0951871657754,11.939310035171744,12.942866095675788,8.522758485383559,9.978580024067387,2,2,1,1,4,4,9,9,0.03549621024003731,-0.08868490030010638,18.342316,0.5259813,-13.194237,61.20619,21,2021-07-13,16.291249999999998,0.0,86.71875,12.01125,1.0,180.0575,2021,7,13,76.26329315845445,0,Peru_4005.csv
2021-07-14,4005,76.26329315845445,39.0951871657754,11.939310035171744,12.942866095675788,8.522758485383559,9.978580024067387,2,2,1,1,4,4,9,9,0.03549621024003731,-0.08868490030010638,18.6865,0.99707997,-13.194237,61.20619,21,2021-07-14,16.01,0.0,86.0475,9.4775,1.0,191.10250000000002,2021,7,14,76.26329315845445,0,Peru_4005.csv
2021-07-15,4005,76.26329315845445,39.0951871657754,11.939310035171744,12.942866095675788,8.522758485383559,9.978580024067387,2,2,1,1,4,4,9,9,0.03549621024003731,-0.08868490030010638,19.356125,-0.48251042,-13.194237,61.20619,21,2021-07-15,16.00375,0.0,83.89125,7.88125,1.0,212.45,2021,7,15,76.26329315845445,0,Peru_4005.csv
2021-07-16,4005,76.26329315845445,39.0951871657754,11.939310035171744,12.942866095675788,8.522758485383559,9.978580024067387,2,2,1,1,4,4,9,9,0.03549621024003731,-0.08868490030010638,19.564865,-0.26813707,-13.194237,61.20619,21,2021-07-16,15.775,0.0,85.385,8.11875,1.0,185.6525,2021,7,16,76.26329315845445,0,Peru_4005.csv
2021-07-17,4005,76.26329315845445,39.0951871657754,11.939310035171744,12.942866095675788,8.522758485383559,9.978580024067387,2,2,1,1,4,4,9,9,0.03549621024003731,-0.08868490030010638,18.356092,-0.78539133,-13.194237,61.20619,21,2021-07-17,15.96125,0.0,84.14125,8.16875,1.0,180.25,2021,7,17,76.26329315845445,0,Peru_4005.csv
2021-07-18,4005,76.26329315845445,39.0951871657754,11.939310035171744,12.942866095675788,8.522758485383559,9.978580024067387,2,2,1,1,4,4,9,9,0.03549621024003731,-0.08868490030010638,18.155964,-0.40787333,-13.194237,61.20619,21,2021-07-18,15.7325,0.0,85.135,8.911249999999999,1.0,176.44375,2021,7,18,76.26329315845445,0,Peru_4005.csv
2021-07-19,4005,76.26329315845445,39.0951871657754,11.939310035171744,12.942866095675788,8.522758485383559,9.978580024067387,2,2,1,1,4,4,9,9,0.03549621024003731,-0.08868490030010638,19.313086,0.7299713,-13.194237,61.20619,21,2021-07-19,15.985,0.0,84.4475,10.10125,1.0,171.2825,2021,7,19,76.26329315845445,0,Peru_4005.csv
2021-07-20,4005,72.4,44.8,14.0,7.0,10.2,2.0,2,2,1,1,4,4,9,9,0.15453968888162795,0.2889352998063465,3.5527112,1.1980997,18.714489,-14.114739,21,2021-07-20,15.675,0.0,84.86875,7.8925,1.0,184.125,2021,7,20,72.4,0,Peru_4005.csv
2021-07-21,4005,79.2,47.0,11.0,7.0,11.2,1.0,2,2,1,1,4,4,9,9,0.07829872426445826,0.9737284231615739,2.9768238,0.986721,6.736898,-5.925569,21,2021-07-21,15.92125,0.0,84.0225,8.755,1.0,175.32125,2021,7,21,79.2,0,Peru_4005.csv
2021-07-22,4005,75.4,53.6,8.0,7.0,9.6,1.0,2,2,1,1,4,4,11,11,-0.6615600202152977,1.3047784397421003,2.8027134,1.465093,2.0523193,-4.743088,21,2021-07-22,15.45875,0.0,85.60875,11.8025,1.0,170.29999999999998,2021,7,22,75.4,0,Peru_4005.csv
2021-07-23,4005,75.4,53.6,8.0,7.0,9.6,1.0,2,2,1,1,4,4,11,11,-0.6615600202152977,1.3047784397421003,2.7966847,1.4563544,2.052199,-4.743115,21,2021-07-23,15.6325,0.0,83.9075,12.442499999999999,1.0,168.305,2021,7,23,75.4,0,Peru_4005.csv
2021-07-24,4005,70.2,39.4,7.0,7.0,13.4,1.0,2,2,1,1,1,1,9,9,-1.1671351098619198,-0.23666570813848564,6.0559626,0.10248461,1.9093924,-14.849169,21,2021-07-24,15.584999999999999,0.0,84.11,11.24,1.0,166.58375,2021,7,24,70.2,0,Peru_4005.csv
2021-07-25,4005,75.4,53.6,8.0,7.0,9.6,1.0,2,2,1,1,4,4,11,11,-0.6615600202152977,1.3047784397421003,2.8001692,1.4497403,2.051401,-4.7433953,21,2021-07-25,16.0775,0.0,81.0425,8.68875,1.0,169.6275,2021,7,25,75.4,0,Peru_4005.csv
2021-07-26,4005,83.0,49.2,10.0,7.0,13.8,1.0,2,2,1,1,4,4,9,9,0.6419459550599744,1.0569101252441873,3.204747,0.265263,7.4647675,-7.942755,21,2021-07-26,16.2675,0.0,84.00625,11.08625,1.0,165.87,2021,7,26,83.0,0,Peru_4005.csv
2021-07-27,4005,111.4,64.2,9.0,8.0,7.0,1.0,0,0,3,3,5,5,11,11,1.359749315239818,4.817788549249749,-1.3934366,-0.1156343,46.706654,31.210337,21,2021-07-27,16.45375,0.0,86.54625,8.5175,1.0,208.36875,2021,7,27,111.4,0,Peru_4005.csv
2021-07-28,4005,93.6,45.0,9.0,7.0,9.0,1.0,0,0,3,3,4,4,11,11,-0.13604902965832136,2.2419417981972667,-3.6757941,2.115119,-8.709099,16.142906,21,2021-07-28,16.28125,0.0,85.54,10.38125,1.0,174.96375,2021,7,28,93.6,0,Peru_4005.csv
2021-07-29,4005,87.0,48.2,9.0,6.0,8.8,1.0,2,2,1,1,4,4,11,11,-0.3254568399924239,1.8765256312263123,-3.6741743,2.1135502,-7.578166,15.640572,21,2021-07-29,15.69125,0.0,86.3275,8.905,1.0,183.97,2021,7,29,87.0,0,Peru_4005.csv
2021-07-30,4005,75.4,53.6,8.0,7.0,9.6,1.0,2,2,1,1,4,4,11,11,-0.6615600202152977,1.3047784397421003,2.814209,1.4436867,2.0522695,-4.7432733,21,2021-07-30,15.76375,0.0,85.25999999999999,9.96375,1.0,174.57875,2021,7,30,75.4,0,Peru_4005.csv
2021-07-31,4005,93.6,45.0,9.0,7.0,9.0,1.0,0,0,3,3,4,4,11,11,-0.13604902965832136,2.2419417981972667,-3.6810288,2.119956,-8.709392,16.143648,21,2021-07-31,15.7125,0.0,84.785,11.785,1.0,176.815,2021,7,31,93.6,0,Peru_4005.csv
2021-08-01,4005,83.0,49.2,10.0,7.0,13.8,1.0,2,2,1,1,4,4,9,9,0.6419459550599744,1.0569101252441873,3.2061667,0.32464597,7.4648867,-7.9431276,21,2021-08-01,15.775,0.0,85.5925,9.16625,1.0,171.28875,2021,8,1,83.0,0,Peru_4005.csv
2021-08-02,4005,83.0,49.2,10.0,7.0,13.8,1.0,2,2,1,1,4,4,9,9,0.6419459550599744,1.0569101252441873,3.2341397,0.28731042,7.464687,-7.9423847,21,2021-08-02,15.8475,0.0,86.21875,9.455,1.0,173.0875,2021,8,2,83.0,0,Peru_4005.csv
2021-08-03,4005,83.0,49.2,10.0,7.0,13.8,1.0,2,2,1,1,4,4,9,9,0.6419459550599744,1.0569101252441873,3.2181501,0.28725958,7.465096,-7.9431605,21,2021-08-03,15.955,0.0,86.48375,10.325,1.0,186.94875000000002,2021,8,3,83.0,0,Peru_4005.csv
2021-08-04,4005,93.6,45.0,9.0,7.0,9.0,1.0,0,0,3,3,4,4,11,11,-0.13604902965832136,2.2419417981972667,-3.6800926,2.114536,-8.709263,16.143557,21,2021-08-04,15.87125,0.0,86.45375,8.54,1.0,190.9475,2021,8,4,93.6,0,Peru_4005.csv
2021-08-05,4005,79.2,47.0,11.0,7.0,11.2,1.0,2,2,1,1,4,4,9,9,0.07829872426445826,0.9737284231615739,3.028379,1.0130053,6.7370334,-5.9256177,21,2021-08-05,15.7275,0.0,85.99375,12.39375,1.0,172.38625000000002,2021,8,5,79.2,0,Peru_4005.csv
2021-08-06,4005,83.0,49.2,10.0,7.0,13.8,1.0,2,2,1,1,4,4,9,9,0.6419459550599744,1.0569101252441873,3.21648,0.32410166,7.4651737,-7.9432406,21,2021-08-06,15.38625,0.0,85.71375,13.1975,1.0,164.775,2021,8,6,83.0,0,Peru_4005.csv
2021-08-07,4005,93.6,45.0,9.0,7.0,9.0,1.0,0,0,3,3,4,4,11,11,-0.13604902965832136,2.2419417981972667,-3.6781864,2.1149957,-8.708953,16.142921,21,2021-08-07,15.1325,0.0,85.73375,13.065,1.0,168.1825,2021,8,7,93.6,0,Peru_4005.csv
2021-08-08,4005,87.0,48.2,9.0,6.0,8.8,1.0,2,2,1,1,4,4,11,11,-0.3254568399924239,1.8765256312263123,-3.67659,2.1141446,-7.578166,15.640572,21,2021-08-08,14.879999999999999,0.0,85.28125,13.33,1.0,163.23875,2021,8,8,87.0,0,Peru_4005.csv
2021-08-09,4005,75.4,53.6,8.0,7.0,9.6,1.0,2,2,1,1,4,4,11,11,-0.6615600202152977,1.3047784397421003,2.7476141,1.50867,2.0522463,-4.7430754,21,2021-08-09,15.18625,0.0,83.54625,10.10375,1.0,191.7875,2021,8,9,75.4,0,Peru_4005.csv
2021-08-10,4005,93.6,45.0,9.0,7.0,9.0,1.0,0,0,3,3,4,4,11,11,-0.13604902965832136,2.2419417981972667,-3.6765277,2.1138947,-8.709099,16.142906,21,2021-08-10,15.16,0.0,83.215,11.4925,1.0,164.4025,2021,8,10,93.6,0,Peru_4005.csv
2021-08-11,4005,87.0,48.2,9.0,6.0,8.8,1.0,2,2,1,1,4,4,11,11,-0.3254568399924239,1.8765256312263123,-3.6749873,2.115137,-7.5781727,15.640587,21,2021-08-11,14.845,0.0,83.1825,10.15875,1.0,165.725,2021,8,11,87.0,0,Peru_4005.csv
2021-08-12,4005,79.2,47.0,11.0,7.0,11.2,1.0,2,2,1,1,4,4,9,9,0.07829872426445826,0.9737284231615739,3.0136924,0.99735785,6.7369704,-5.9255824,21,2021-08-12,14.98,0.0,82.67750000000001,9.18,1.0,170.40125,2021,8,12,79.2,0,Peru_4005.csv
2021-08-13,4005,83.0,49.2,10.0,7.0,13.8,1.0,2,2,1,1,4,4,9,9,0.6419459550599744,1.0569101252441873,3.2280667,0.32043222,7.4645987,-7.9427032,21,2021-08-13,15.52625,0.0,82.605,10.63,1.0,182.64249999999998,2021,8,13,83.0,0,Peru_4005.csv
2021-08-14,4005,73.2,40.0,11.0,7.0,11.4,9.2,2,2,1,1,4,4,9,9,0.18612877166761724,-0.9343957937226428,3.7064393,1.2675412,2.4170017,-10.708986,21,2021-08-14,15.63875,0.0,83.4275,9.895,1.0,180.845,2021,8,14,73.2,0,Peru_4005.csv
2021-08-15,4005,83.0,49.2,10.0,7.0,13.8,1.0,2,2,1,1,4,4,9,9,0.6419459550599744,1.0569101252441873,3.2250266,0.30113825,7.464779,-7.9429255,21,2021-08-15,15.39125,0.0,84.235,11.365,1.0,173.77625,2021,8,15,83.0,0,Peru_4005.csv
2021-08-16,4005,93.6,45.0,9.0,7.0,9.0,1.0,0,0,3,3,4,4,11,11,-0.13604902965832136,2.2419417981972667,-3.6790683,2.1150875,-8.709122,16.142952,21,2021-08-16,15.16125,0.0,83.845,12.30125,1.0,172.23375,2021,8,16,93.6,0,Peru_4005.csv
2021-08-17,4005,93.6,45.0,9.0,7.0,9.0,1.0,0,0,3,3,4,4,11,11,-0.13604902965832136,2.2419417981972667,-3.680737,2.1151142,-8.709239,16.143679,21,2021-08-17,15.1475,0.0,84.84875,9.97125,1.0,177.84875,2021,8,17,93.6,0,Peru_4005.csv
2021-08-18,4005,70.4,47.4,10.0,8.0,6.2,1.0,2,2,1,1,4,4,9,9,-1.4304541483637985,1.083268874454107,2.1804273,2.5447795,3.4169521,4.8324146,21,2021-08-18,15.335,0.0,82.745,9.75125,1.0,169.48375000000001,2021,8,18,70.4,0,Peru_4005.csv
2021-08-19,4005,70.4,47.4,10.0,8.0,6.2,1.0,2,2,1,1,4,4,9,9,-1.4304541483637985,1.083268874454107,2.1222832,2.566556,3.416861,4.8324304,21,2021-08-19,15.4025,0.0,84.77625,10.4875,1.0,179.9725,2021,8,19,70.4,0,Peru_4005.csv
2021-08-20,4005,83.0,49.2,10.0,7.0,13.8,1.0,2,2,1,1,4,4,9,9,0.6419459550599744,1.0569101252441873,3.2147598,0.3217309,7.464732,-7.94313,21,2021-08-20,15.0925,0.0,87.02,9.02875,1.0,194.00875000000002,2021,8,20,83.0,0,Peru_4005.csv
2021-08-21,4005,69.4,52.0,9.0,9.0,3.4,1.0,2,2,1,1,1,1,11,11,-1.9475553516182231,1.6914325938096613,2.5138361,2.8031216,-24.160526,-5.861199,21,2021-08-21,15.38375,0.0,83.42125,8.20875,1.0,183.5875,2021,8,21,69.4,0,Peru_4005.csv
2021-08-22,4005,79.2,47.0,11.0,7.0,11.2,1.0,2,2,1,1,4,4,9,9,0.07829872426445826,0.9737284231615739,3.0255375,0.9637477,6.7368402,-5.9256134,21,2021-08-22,15.55,0.0,84.95375,8.02375,1.0,192.1525,2021,8,22,79.2,0,Peru_4005.csv
2021-08-23,4005,111.4,64.2,9.0,8.0,7.0,1.0,0,0,3,3,5,5,11,11,1.359749315239818,4.817788549249749,-1.3853602,-0.113089055,46.706654,31.210337,21,2021-08-23,15.625,0.0,85.095,6.56875,1.0,215.39625,2021,8,23,111.4,0,Peru_4005.csv
2021-08-24,4005,55.6,49.0,11.0,8.0,7.8,1.0,2,2,1,1,1,1,3,3,-1.5681006281692906,-0.13381928762732825,3.8393304,2.0790772,-21.804224,-31.355892,21,2021-08-24,15.515,0.0,85.74375,10.36625,1.0,184.845,2021,8,24,55.6,0,Peru_4005.csv
2021-08-25,4005,80.0,38.2,12.0,8.0,8.2,1.0,2,2,1,1,4,4,9,9,-0.6774106056101579,1.016159021761513,2.6001666,2.0226972,7.0783606,1.9406509,21,2021-08-25,15.192499999999999,0.0,85.37,10.9775,1.0,177.20875,2021,8,25,80.0,0,Peru_4005.csv
2021-08-26,4005,63.8,43.2,13.0,8.0,13.2,1.0,2,2,1,1,4,4,9,9,-0.09163796242288241,-0.5593190516395001,4.4727426,0.99955165,-12.896155,-38.564934,21,2021-08-26,15.11,0.0,85.84375,9.9025,1.0,211.39,2021,8,26,63.8,0,Peru_4005.csv
2021-08-27,4005,67.4,22.6,14.0,9.0,9.6,1.0,2,2,1,1,4,4,7,7,-1.43394657163091,-0.8303267439925406,5.2346535,1.6761458,-7.0786667,-52.514294,21,2021-08-27,14.8425,0.0,83.83875,9.54875,1.0,186.1825,2021,8,27,67.4,0,Peru_4005.csv
2021-08-28,4005,87.6,40.6,15.0,22.4,7.0,10.2,0,0,3,3,4,4,9,9,1.0411377416183645,1.5858775217387486,0.044332817,1.6118706,29.609625,2.176087,21,2021-08-28,15.15875,0.0,81.4175,8.9225,1.0,185.38,2021,8,28,87.6,0,Peru_4005.csv
2021-08-29,4005,76.26329315845445,39.0951871657754,11.939310035171744,12.942866095675788,8.522758485383559,9.978580024067387,2,2,1,1,4,4,9,9,0.03549621024003731,-0.08868490030010638,18.698212,-1.0802302,-13.194237,61.20619,21,2021-08-29,15.50375,0.0,82.955,10.12625,1.0,186.0675,2021,8,29,76.26329315845445,0,Peru_4005.csv
2021-08-30,4005,76.26329315845445,39.0951871657754,11.939310035171744,12.942866095675788,8.522758485383559,9.978580024067387,2,2,1,1,4,4,9,9,0.03549621024003731,-0.08868490030010638,19.306961,0.6885723,-13.194237,61.20619,21,2021-08-30,15.04,0.0,84.32875,10.29625,1.0,182.56125,2021,8,30,76.26329315845445,0,Peru_4005.csv
2021-08-31,4005,76.26329315845445,39.0951871657754,11.939310035171744,12.942866095675788,8.522758485383559,9.978580024067387,2,2,1,1,4,4,9,9,0.03549621024003731,-0.08868490030010638,19.66153,0.50398505,-13.194237,61.20619,21,2021-08-31,14.89125,0.0,84.81125,10.98,1.0,174.08375,2021,8,31,76.26329315845445,0,Peru_4005.csv
2021-09-01,4005,76.26329315845445,39.0951871657754,11.939310035171744,12.942866095675788,8.522758485383559,9.978580024067387,2,2,1,1,4,4,9,9,0.03549621024003731,-0.08868490030010638,18.56609,0.618902,-13.194237,61.20619,21,2021-09-01,14.92125,0.0,84.3325,11.39375,1.0,175.13875000000002,2021,9,1,76.26329315845445,0,Peru_4005.csv
2021-09-02,4005,76.26329315845445,39.0951871657754,11.939310035171744,12.942866095675788,8.522758485383559,9.978580024067387,2,2,1,1,4,4,9,9,0.03549621024003731,-0.08868490030010638,18.550714,0.19212197,-13.194237,61.20619,21,2021-09-02,15.33625,0.0,80.9275,10.25375,1.0,168.86,2021,9,2,76.26329315845445,0,Peru_4005.csv
2021-09-03,4005,76.26329315845445,39.0951871657754,11.939310035171744,12.942866095675788,8.522758485383559,9.978580024067387,2,2,1,1,4,4,9,9,0.03549621024003731,-0.08868490030010638,19.060844,-1.0879203,-13.194237,61.20619,21,2021-09-03,15.975,0.0,82.9375,10.8875,1.0,175.35,2021,9,3,76.26329315845445,0,Peru_4005.csv
2021-09-04,4005,76.26329315845445,39.0951871657754,11.939310035171744,12.942866095675788,8.522758485383559,9.978580024067387,2,2,1,1,4,4,9,9,0.03549621024003731,-0.08868490030010638,19.04442,0.21534677,-13.194237,61.20619,21,2021-09-04,15.45125,0.0,86.76625,9.5825,1.0,197.01500000000001,2021,9,4,76.26329315845445,0,Peru_4005.csv
2021-09-05,4005,76.26329315845445,39.0951871657754,11.939310035171744,12.942866095675788,8.522758485383559,9.978580024067387,2,2,1,1,4,4,9,9,0.03549621024003731,-0.08868490030010638,18.45371,-0.90461135,-13.194237,61.20619,21,2021-09-05,15.4025,0.0,84.515,9.765,1.0,178.33375,2021,9,5,76.26329315845445,0,Peru_4005.csv
2021-09-06,4005,87.0,38.0,12.4,12.0,5.0,8.0,2,2,1,1,4,4,9,9,-0.22273431130873803,1.2610837683993608,0.8676783,2.4135916,9.157728,4.040703,21,2021-09-06,15.27375,0.0,83.68375,10.25375,1.0,173.2775,2021,9,6,87.0,0,Peru_4005.csv
2021-09-07,4005,63.2,44.8,10.0,9.0,7.6,4.0,2,2,1,1,1,1,9,9,-1.3931381906482594,-0.07274161729012596,3.7687035,1.8361983,-19.659973,-30.07821,21,2021-09-07,15.51375,0.0,83.9825,12.14,1.0,174.13125,2021,9,7,63.2,0,Peru_4005.csv
2021-09-08,4005,84.6,40.6,10.0,8.0,9.4,5.0,2,2,1,1,4,4,9,9,-0.1677751021957737,0.8325551532365335,2.396424,1.6650497,7.176973,-0.15322179,21,2021-09-08,15.2575,0.0,85.54625,8.9475,1.0,197.155,2021,9,8,84.6,0,Peru_4005.csv
2021-09-09,4005,87.2,39.4,12.0,8.0,12.0,2.0,2,2,1,1,4,4,9,9,0.5068485659811279,0.9859071809657856,3.1740255,0.22949632,12.021955,-19.06747,21,2021-09-09,15.43375,0.0,85.41749999999999,8.6675,1.0,193.71875,2021,9,9,87.2,0,Peru_4005.csv
2021-09-10,4005,87.2,39.4,12.0,8.0,12.0,2.0,2,2,1,1,4,4,9,9,0.5068485659811279,0.9859071809657856,3.1709952,0.24726748,12.021956,-19.067513,21,2021-09-10,14.9975,0.0,85.76,9.49,1.0,189.67125,2021,9,10,87.2,0,Peru_4005.csv
2021-09-11,4005,87.2,39.4,12.0,8.0,12.0,2.0,2,2,1,1,4,4,9,9,0.5068485659811279,0.9859071809657856,3.1786761,0.24678072,12.021955,-19.06747,21,2021-09-11,15.768749999999999,0.0,81.42750000000001,10.39875,1.0,178.39625,2021,9,11,87.2,0,Peru_4005.csv
2021-09-12,4005,83.2,29.4,12.0,7.0,11.6,2.0,2,2,1,1,4,4,9,9,-0.2792859991932089,0.17209280747844097,4.3618903,1.0568331,4.915355,-22.385902,21,2021-09-12,15.52125,0.0,82.9775,12.19875,1.0,167.365,2021,9,12,83.2,0,Peru_4005.csv
2021-09-13,4005,75.0,33.6,10.0,8.0,5.4,2.0,2,2,1,1,4,4,3,3,-1.9819782784571607,0.6911557611047375,2.2084463,4.21332,-31.038263,-7.5363116,21,2021-09-13,15.46875,0.0,84.3125,10.895,1.0,181.45375,2021,9,13,75.0,0,Peru_4005.csv
2021-09-14,4005,76.4,58.4,9.0,8.0,2.4,2.0,2,2,1,1,4,4,11,11,-1.3713018849358447,2.437729213526497,1.9394014,1.9737039,-0.7075956,27.577633,21,2021-09-14,15.34875,0.0,84.10499999999999,9.286249999999999,1.0,194.59875,2021,9,14,76.4,0,Peru_4005.csv
2021-09-15,4005,71.8,42.8,12.0,9.0,9.8,2.0,2,2,1,1,4,4,9,9,-0.4547708833495656,0.391298509628452,3.6314797,1.3809786,17.920572,-14.216764,21,2021-09-15,15.64125,0.0,83.355,11.28,1.0,180.02625,2021,9,15,71.8,0,Peru_4005.csv
2021-09-16,4005,71.8,42.8,12.0,9.0,9.8,2.0,2,2,1,1,4,4,9,9,-0.4547708833495656,0.391298509628452,3.6382601,1.3585227,17.92063,-14.216749,21,2021-09-16,15.2125,0.0,83.22,10.16375,1.0,182.30625,2021,9,16,71.8,0,Peru_4005.csv
2021-09-17,4005,58.0,42.0,11.0,9.0,6.6,2.0,2,2,1,1,1,1,3,3,-1.94314125878303,-0.22080354159937937,3.8587718,2.1745987,-19.518806,-28.503506,21,2021-09-17,15.434999999999999,0.0,81.62125,11.27875,1.0,176.245,2021,9,17,58.0,0,Peru_4005.csv
2021-09-18,4005,90.6,51.2,11.0,10.0,4.6,2.0,0,0,3,3,4,4,11,11,-0.2536067004922732,2.9251352334681284,0.58418345,2.139756,0.045139465,16.602318,21,2021-09-18,15.07,0.0,83.18875,9.89375,1.0,185.16625,2021,9,18,90.6,0,Peru_4005.csv
2021-09-19,4005,71.8,42.8,12.0,9.0,9.8,2.0,2,2,1,1,4,4,9,9,-0.4547708833495656,0.391298509628452,3.6165626,1.3534255,17.920631,-14.21677,21,2021-09-19,14.79,0.0,83.36875,12.505,1.0,167.61875,2021,9,19,71.8,0,Peru_4005.csv
2021-09-20,4005,65.2,38.2,10.0,9.0,6.2,2.0,2,2,1,1,1,1,3,3,-2.069354869299239,0.18491430634004852,2.8787508,3.5279593,-28.477507,-10.25117,21,2021-09-20,15.092500000000001,0.0,82.525,11.12625,1.0,184.855,2021,9,20,65.2,0,Peru_4005.csv
2021-09-21,4005,90.6,51.2,11.0,10.0,4.6,2.0,0,0,3,3,4,4,11,11,-0.2536067004922732,2.9251352334681284,0.59199756,2.1582031,0.045151986,16.602354,21,2021-09-21,15.84375,0.0,81.385,10.875,1.0,178.23875,2021,9,21,90.6,0,Peru_4005.csv
2021-09-22,4005,90.6,51.2,11.0,10.0,4.6,2.0,0,0,3,3,4,4,11,11,-0.2536067004922732,2.9251352334681284,0.5791795,2.1460552,0.045139465,16.602318,21,2021-09-22,15.535,0.0,82.15,11.66,1.0,178.5275,2021,9,22,90.6,0,Peru_4005.csv
2021-09-23,4005,48.8,28.8,11.0,9.0,8.4,18.0,2,2,1,1,1,1,4,4,-1.333381034869367,-3.916723130660509,5.352031,3.5777676,-30.285707,-72.709656,21,2021-09-23,15.35,0.0,82.00625,8.12,1.0,182.41875,2021,9,23,48.8,0,Peru_4005.csv
2021-09-24,4005,70.0,31.8,20.0,3.0,13.4,4.0,2,2,1,1,4,4,7,7,1.3336450163715206,-1.6475676461510882,4.620354,0.4251214,41.165226,-29.45771,21,2021-09-24,16.04625,0.0,80.60875,8.0725,1.0,193.875,2021,9,24,70.0,0,Peru_4005.csv
2021-09-25,4005,64.6,13.6,18.0,3.0,14.2,9.4,2,2,1,1,4,4,7,7,0.3422842871892124,-3.7249886452742826,5.2475553,0.99617404,-12.702735,-58.040417,21,2021-09-25,16.0325,0.0,81.76625,12.5475,1.0,175.2125,2021,9,25,64.6,0,Peru_4005.csv
2021-09-26,4005,80.2,47.4,13.0,2.0,11.2,8.2,2,2,1,1,4,4,9,9,1.1834567801018283,-0.3129825608441427,2.7282574,0.7220776,11.646585,-4.776329,21,2021-09-26,15.53125,0.0,84.08875,10.11875,1.0,184.98499999999999,2021,9,26,80.2,0,Peru_4005.csv
2021-09-27,4005,80.4,44.6,13.0,3.0,5.0,4.2,2,2,1,1,4,4,9,9,-0.4245083423925641,0.9493107744827443,1.3020957,3.0664582,-4.1634727,6.567595,21,2021-09-27,15.793750000000001,0.0,82.43125,7.21875,1.0,213.31875,2021,9,27,80.4,0,Peru_4005.csv
2021-09-28,4005,72.6,38.6,15.0,3.0,8.8,14.0,2,2,1,1,4,4,9,9,0.847345805858031,-1.755202693054103,3.6977224,-3.0677185,-18.93398,-66.493515,21,2021-09-28,15.9525,0.0,81.09875,8.81125,1.0,192.68625,2021,9,28,72.6,0,Peru_4005.csv
2021-09-29,4005,88.8,43.8,16.0,3.0,9.6,3.4,0,0,1,1,4,4,9,9,1.3097271234683543,0.9719406846514753,2.3382936,1.2143679,38.306717,-19.035141,21,2021-09-29,16.7125,0.0,79.36500000000001,8.82875,1.0,197.47375,2021,9,29,88.8,0,Peru_4005.csv
2021-09-30,4005,64.6,13.6,18.0,3.0,14.2,9.4,2,2,1,1,4,4,7,7,0.3422842871892124,-3.7249886452742826,5.1996593,0.9998358,-12.702735,-58.040417,21,2021-09-30,16.96875,0.0,78.06875,12.356250000000001,1.0,172.94375,2021,9,30,64.6,0,Peru_4005.csv
2021-10-01,4005,80.2,56.8,14.0,2.0,4.2,10.2,2,2,1,1,4,4,11,11,0.7876133573685515,0.7459906341514172,0.83487993,2.4724832,6.9552097,9.125623,21,2021-10-01,16.4175,0.0,82.54125,12.86625,1.0,177.55125,2021,10,1,80.2,0,Peru_4005.csv
2021-10-02,4005,72.8,16.2,14.0,3.0,2.8,0.0,2,2,1,1,4,4,7,7,-2.8316606047748314,-0.21055068583785708,1.1295488,5.503576,4.8163447,-35.046246,21,2021-10-02,15.915,0.0,83.21875,10.15375,1.0,189.65625,2021,10,2,72.8,0,Peru_4005.csv
2021-10-03,4005,82.4,0.0,15.0,2.0,6.0,0.0,2,2,1,1,4,4,7,7,-2.4305475535207424,-0.827973662871496,-2.3974903,14.031823,-105.70612,20.003496,21,2021-10-03,15.626249999999999,0.0,85.1825,8.23,1.0,219.53625,2021,10,3,82.4,0,Peru_4005.csv
2021-10-04,4005,82.4,0.0,15.0,2.0,6.0,0.0,2,2,1,1,4,4,7,7,-2.4305475535207424,-0.827973662871496,-2.39745,14.032256,-105.70612,20.003496,21,2021-10-04,15.74375,0.0,80.85,9.6975,1.0,188.065,2021,10,4,82.4,0,Peru_4005.csv
2021-10-05,4005,94.0,0.0,17.0,3.0,3.0,0.0,2,2,1,1,4,4,7,7,-2.004874421407162,0.4127966700870414,-3.955177,13.865883,-112.68661,18.096094,21,2021-10-05,15.82625,0.0,81.66125,9.90125,1.0,181.29375,2021,10,5,94.0,0,Peru_4005.csv
2021-10-06,4005,94.0,0.0,17.0,3.0,3.0,0.0,2,2,1,1,4,4,7,7,-2.004874421407162,0.4127966700870414,-3.9499207,13.870967,-112.68661,18.096094,21,2021-10-06,16.2225,0.0,81.105,11.03875,1.0,182.72875,2021,10,6,94.0,0,Peru_4005.csv
2021-10-07,4005,94.0,0.0,17.0,3.0,3.0,0.0,2,2,1,1,4,4,7,7,-2.004874421407162,0.4127966700870414,-3.9466033,13.869676,-112.68661,18.096094,21,2021-10-07,16.1375,0.0,81.14625,14.155000000000001,1.0,170.165,2021,10,7,94.0,0,Peru_4005.csv
2021-10-08,4005,84.0,0.0,13.0,2.0,4.4,0.0,2,2,1,1,4,4,7,7,-3.04954520409242,-0.46157665771995793,-2.427905,14.061975,-105.098495,19.776993,21,2021-10-08,16.16875,0.0,83.10875,13.225,1.0,180.52125,2021,10,8,84.0,0,Peru_4005.csv
2021-10-09,4005,84.0,0.0,13.0,2.0,4.4,0.0,2,2,1,1,4,4,7,7,-3.04954520409242,-0.46157665771995793,-2.4286146,14.062473,-105.098495,19.776993,21,2021-10-09,16.285,0.0,83.39125,10.97875,1.0,195.17374999999998,2021,10,9,84.0,0,Peru_4005.csv
2021-10-10,4005,134.6,0.0,15.0,3.0,3.8,0.0,0,0,3,3,4,4,7,7,-0.3104735435232886,3.300802799560039,-3.5183043,14.23569,-96.66861,29.725252,21,2021-10-10,16.515,0.0,83.6875,10.05875,1.0,190.75,2021,10,10,134.6,0,Peru_4005.csv
2021-10-11,4005,100.6,0.0,16.0,3.0,3.6,0.0,2,2,1,1,4,4,7,7,-1.7818932218714871,0.8398539093614701,-4.595707,14.311236,-101.042885,38.37847,21,2021-10-11,16.427500000000002,0.0,82.10249999999999,11.3525,1.0,176.0325,2021,10,11,100.6,0,Peru_4005.csv
2021-10-12,4005,72.8,16.2,14.0,3.0,2.8,0.0,2,2,1,1,4,4,7,7,-2.8316606047748314,-0.21055068583785708,1.1630379,5.4979243,4.816016,-35.04603,21,2021-10-12,15.526250000000001,0.0,85.32375,13.04625,1.0,169.90375,2021,10,12,72.8,0,Peru_4005.csv
2021-10-13,4005,76.6,0.0,14.0,2.0,5.2,0.0,2,2,1,1,4,4,7,7,-3.058171238440689,-1.1225761618568098,-2.3872645,14.044359,-105.62521,19.556957,21,2021-10-13,15.3825,0.0,85.6875,10.7475,1.0,194.02375,2021,10,13,76.6,0,Peru_4005.csv
2021-10-14,4005,100.6,0.0,16.0,2.0,2.4,0.0,2,2,1,1,4,4,7,7,-2.000113413910459,0.917543284576717,-4.4396524,14.202269,-99.86421,38.152107,21,2021-10-14,15.5325,0.0,84.43375,9.805,1.0,222.04125,2021,10,14,100.6,0,Peru_4005.csv
2021-10-15,4005,94.0,0.0,17.0,3.0,3.0,0.0,2,2,1,1,4,4,7,7,-2.004874421407162,0.4127966700870414,-3.9438648,13.869029,-112.68661,18.096094,21,2021-10-15,15.90375,0.0,83.275,7.88875,1.0,203.88125,2021,10,15,94.0,0,Peru_4005.csv
2021-10-16,4005,100.6,0.0,16.0,3.0,3.6,0.0,2,2,1,1,4,4,7,7,-1.7818932218714871,0.8398539093614701,-4.53,14.267123,-101.042885,38.37847,21,2021-10-16,16.7575,0.0,80.87,11.445,1.0,180.0425,2021,10,16,100.6,0,Peru_4005.csv
2021-10-17,4005,100.6,0.0,16.0,3.0,3.6,0.0,2,2,1,1,4,4,7,7,-1.7818932218714871,0.8398539093614701,-4.533013,14.251372,-101.042885,38.37847,21,2021-10-17,16.155,0.0,83.26125,10.495,1.0,186.9275,2021,10,17,100.6,0,Peru_4005.csv
2021-10-18,4005,111.2,0.0,14.0,2.0,2.8,0.0,2,2,1,1,4,4,7,7,-1.8239961214488438,1.6840200994025032,-3.4672556,14.280053,-97.990326,29.98064,21,2021-10-18,15.8025,0.0,85.21375,10.09625,1.0,188.76125,2021,10,18,111.2,0,Peru_4005.csv
2021-10-19,4005,89.0,0.0,15.0,3.0,2.6,0.0,2,2,1,1,4,4,7,7,-2.7252117924160673,0.15051234212940443,-1.8494679,16.858393,-103.40125,18.40878,21,2021-10-19,15.9775,0.0,83.73,8.893749999999999,1.0,189.4175,2021,10,19,89.0,0,Peru_4005.csv
2021-10-20,4005,96.6,0.0,17.0,3.0,2.4,0.0,2,2,1,1,4,4,7,7,-1.9879449562564089,0.6764614246330604,-3.984652,13.879313,-112.81611,18.28556,21,2021-10-20,16.41875,0.0,83.13625,12.2525,1.0,174.60375,2021,10,20,96.6,0,Peru_4005.csv
2021-10-21,4005,96.6,0.0,13.0,3.0,7.6,0.0,2,2,1,1,4,4,7,7,-1.8626873189646638,0.1214325250556769,-2.5228457,14.525342,-105.3607,24.537249,21,2021-10-21,16.2375,0.0,84.10375,12.126249999999999,1.0,178.72375,2021,10,21,96.6,0,Peru_4005.csv
2021-10-22,4005,128.0,0.0,12.0,3.0,5.2,0.0,2,2,1,1,4,4,7,7,-0.986290370822201,2.7210641591962332,-3.455506,14.267551,-96.76128,29.658049,21,2021-10-22,15.9475,0.0,84.435,12.50625,1.0,172.05625,2021,10,22,128.0,0,Peru_4005.csv
2021-10-23,4005,96.8,0.0,2.0,3.0,9.8,0.0,2,2,1,1,1,1,3,3,-3.694504306551993,0.13095755410023505,1.6383317,7.086143,-89.22519,17.491692,21,2021-10-23,15.80625,0.0,82.97,11.6875,1.0,177.22875,2021,10,23,96.8,0,Peru_4005.csv
2021-10-24,4005,110.2,0.0,8.4,4.0,3.8,0.0,2,2,1,1,4,4,7,7,-2.828473829481784,1.7705737766041332,-3.2955046,14.278511,-97.8981,27.321054,21,2021-10-24,15.81375,0.0,82.9275,10.4175,1.0,183.43375,2021,10,24,110.2,0,Peru_4005.csv
2021-10-25,4005,96.8,0.0,2.0,3.0,9.8,0.0,2,2,1,1,1,1,3,3,-3.694504306551993,0.13095755410023505,1.6388742,7.088096,-89.22452,17.491354,21,2021-10-25,15.45625,0.0,82.27,10.7,1.0,180.11625,2021,10,25,96.8,0,Peru_4005.csv
2021-10-26,4005,96.8,0.0,2.0,3.0,9.8,0.0,2,2,1,1,1,1,3,3,-3.694504306551993,0.13095755410023505,1.6381322,7.0885,-89.2245,17.491306,21,2021-10-26,16.13,0.0,80.345,11.8875,1.0,177.0525,2021,10,26,96.8,0,Peru_4005.csv
2021-10-27,4005,96.8,0.0,2.0,3.0,9.8,0.0,2,2,1,1,1,1,3,3,-3.694504306551993,0.13095755410023505,1.6378245,7.0880527,-89.2237,17.491972,21,2021-10-27,16.75375,0.0,79.4875,12.64625,1.0,179.88125,2021,10,27,96.8,0,Peru_4005.csv
2021-10-28,4005,110.2,0.0,8.4,4.0,3.8,0.0,2,2,1,1,4,4,7,7,-2.828473829481784,1.7705737766041332,-3.2969306,14.27793,-97.8981,27.321054,21,2021-10-28,16.45375,0.0,81.4675,11.25125,1.0,188.68625,2021,10,28,110.2,0,Peru_4005.csv
2021-10-29,4005,96.8,0.0,2.0,3.0,9.8,0.0,2,2,1,1,1,1,3,3,-3.694504306551993,0.13095755410023505,1.6389742,7.0894012,-89.222946,17.491451,21,2021-10-29,16.19,0.0,83.45875,13.03375,1.0,172.17624999999998,2021,10,29,96.8,0,Peru_4005.csv
2021-10-30,4005,96.8,0.0,2.0,3.0,9.8,0.0,2,2,1,1,1,1,3,3,-3.694504306551993,0.13095755410023505,1.640522,7.0902934,-89.2245,17.491306,21,2021-10-30,15.6925,0.0,85.14625,11.0775,1.0,177.96375,2021,10,30,96.8,0,Peru_4005.csv
2021-10-31,4005,96.8,0.0,2.0,3.0,9.8,0.0,2,2,1,1,1,1,3,3,-3.694504306551993,0.13095755410023505,1.6377438,7.0903473,-89.22519,17.491692,21,2021-10-31,16.50375,0.0,83.1625,11.795,1.0,174.8425,2021,10,31,96.8,0,Peru_4005.csv
2021-11-01,4005,96.8,0.0,2.0,3.0,9.8,0.0,2,2,1,1,1,1,3,3,-3.694504306551993,0.13095755410023505,1.6382254,7.090039,-89.2245,17.491306,21,2021-11-01,16.486250000000002,0.0,83.7825,9.62625,1.0,186.91625,2021,11,1,96.8,0,Peru_4005.csv
2021-11-02,4005,96.8,0.0,2.0,3.0,9.8,0.0,2,2,1,1,1,1,3,3,-3.694504306551993,0.13095755410023505,1.6375527,7.0921826,-89.2245,17.491306,21,2021-11-02,16.865,0.0,83.6625,11.645,1.0,181.9325,2021,11,2,96.8,0,Peru_4005.csv
2021-11-03,4005,96.8,0.0,2.0,3.0,9.8,0.0,2,2,1,1,1,1,3,3,-3.694504306551993,0.13095755410023505,1.6394467,7.092414,-89.2245,17.491306,21,2021-11-03,16.776249999999997,0.0,83.35375,8.7825,1.0,190.46125,2021,11,3,96.8,0,Peru_4005.csv
2021-11-04,4005,94.4,0.0,12.0,4.0,7.6,0.0,2,2,1,1,4,4,7,7,-2.1708297243655896,0.06005252435029435,-2.6115174,14.481593,-105.10802,24.438822,21,2021-11-04,16.81,0.0,81.50375,11.69375,1.0,176.72,2021,11,4,94.4,0,Peru_4005.csv
2021-11-05,4005,91.4,0.0,13.0,4.0,4.4,0.0,2,2,1,1,4,4,7,7,-2.68998928200745,0.22052128360314557,-2.944673,14.417469,-102.34746,22.294252,21,2021-11-05,16.9475,0.0,83.615,11.6975,1.0,179.75,2021,11,5,91.4,0,Peru_4005.csv
2021-11-06,4005,110.0,0.0,16.0,4.0,4.0,0.0,2,2,1,1,4,4,7,7,-1.2551092802406585,1.543255930282694,-3.68633,14.280925,-98.33589,30.986427,21,2021-11-06,17.375,0.0,82.2025,11.27375,1.0,179.6675,2021,11,6,110.0,0,Peru_4005.csv
2021-11-07,4005,95.8,0.0,17.0,5.0,3.0,0.0,2,2,1,1,4,4,7,7,-1.915242577574861,0.6894876089822548,-3.990823,13.875009,-112.71358,18.137033,21,2021-11-07,16.945,0.0,84.26625,9.9025,1.0,195.13375000000002,2021,11,7,95.8,0,Peru_4005.csv
2021-11-08,4005,94.4,0.0,15.0,4.0,3.0,0.0,2,2,1,1,4,4,7,7,-2.391230926742923,0.5643378406202437,-1.6864024,17.072025,-100.98179,19.773788,21,2021-11-08,17.24375,0.0,82.24,11.62875,1.0,174.12,2021,11,8,94.4,0,Peru_4005.csv
2021-11-09,4005,97.2,0.0,15.0,3.8,9.2,0.0,2,2,1,1,4,4,7,7,-1.1364999324977356,-0.027144813988617494,-2.4231555,14.566103,-106.23112,24.64991,21,2021-11-09,16.97,0.0,82.68375,11.79125,1.0,177.01125,2021,11,9,97.2,0,Peru_4005.csv
2021-11-10,4005,92.8,0.0,16.0,5.2,7.8,0.0,2,2,1,1,4,4,7,7,-1.3959535784736326,-0.09188108781669456,-2.4199748,14.567198,-106.86523,23.812366,21,2021-11-10,16.75375,0.0,83.6975,12.817499999999999,1.0,176.39,2021,11,10,92.8,0,Peru_4005.csv
2021-11-11,4005,87.4,0.0,17.0,6.2,6.6,0.0,2,2,1,1,4,4,7,7,-1.6680511968581067,-0.2834345029162794,-2.7832532,13.587556,-107.65334,22.961212,21,2021-11-11,16.83375,0.0,83.43625,13.24,1.0,172.6,2021,11,11,87.4,0,Peru_4005.csv
2021-11-12,4005,87.4,0.0,17.0,6.2,6.6,0.0,2,2,1,1,4,4,7,7,-1.6680511968581067,-0.2834345029162794,-2.7820096,13.59122,-107.657104,22.961111,21,2021-11-12,16.86875,0.0,83.45125,12.87625,1.0,171.02249999999998,2021,11,12,87.4,0,Peru_4005.csv
2021-11-13,4005,91.2,0.0,14.0,9.0,2.8,0.0,2,2,1,1,4,4,7,7,-2.7779637884914887,0.748473900896792,-3.015329,14.463808,-100.64978,21.415081,21,2021-11-13,16.975,0.0,82.33375,11.58375,1.0,191.73875,2021,11,13,91.2,0,Peru_4005.csv
2021-11-14,4005,92.8,0.0,16.0,5.2,7.8,0.0,2,2,1,1,4,4,7,7,-1.3959535784736326,-0.09188108781669456,-2.4204714,14.5696,-106.86523,23.812366,21,2021-11-14,17.02375,0.0,82.205,8.755,1.0,196.20375,2021,11,14,92.8,0,Peru_4005.csv
2021-11-15,4005,92.8,0.0,16.0,5.2,7.8,0.0,2,2,1,1,4,4,7,7,-1.3959535784736326,-0.09188108781669456,-2.4203143,14.567516,-106.86523,23.812366,21,2021-11-15,16.978749999999998,0.0,81.7025,10.08625,1.0,179.88375,2021,11,15,92.8,0,Peru_4005.csv
2021-11-16,4005,91.8,0.0,18.0,8.0,7.2,0.0,2,2,1,1,4,4,7,7,-1.1414560041266,0.06670645946119864,-2.7745419,13.585095,-107.76661,23.244621,21,2021-11-16,17.35,0.0,82.6775,11.276250000000001,1.0,180.5575,2021,11,16,91.8,0,Peru_4005.csv
2021-11-17,4005,91.8,0.0,18.0,8.0,7.2,0.0,2,2,1,1,4,4,7,7,-1.1414560041266,0.06670645946119864,-2.771765,13.57565,-107.76661,23.244621,21,2021-11-17,17.1875,0.0,82.94874999999999,10.95625,1.0,179.43625,2021,11,17,91.8,0,Peru_4005.csv
2021-11-18,4005,86.8,0.0,19.0,3.2,5.0,0.0,2,2,1,1,4,4,7,7,-1.5832521002658941,-0.3946624302623071,-2.8316696,13.612257,-108.69058,22.182188,21,2021-11-18,17.33625,0.0,82.6725,9.81875,1.0,193.34375,2021,11,18,86.8,0,Peru_4005.csv
2021-11-19,4005,91.8,0.0,18.0,8.0,7.2,0.0,2,2,1,1,4,4,7,7,-1.1414560041266,0.06670645946119864,-2.7750225,13.584138,-107.76661,23.244621,21,2021-11-19,17.3375,0.0,83.095,11.5075,1.0,179.23,2021,11,19,91.8,0,Peru_4005.csv
2021-11-20,4005,86.8,0.0,19.0,3.2,5.0,0.0,2,2,1,1,4,4,7,7,-1.5832521002658941,-0.3946624302623071,-2.835936,13.613945,-108.69058,22.182188,21,2021-11-20,17.5125,0.0,82.99125,12.067499999999999,1.0,175.115,2021,11,20,86.8,0,Peru_4005.csv
2021-11-21,4005,92.8,0.0,16.0,5.2,7.8,0.0,2,2,1,1,4,4,7,7,-1.3959535784736326,-0.09188108781669456,-2.4205306,14.5672455,-106.86523,23.812366,21,2021-11-21,17.55125,0.0,83.7525,10.145,1.0,182.64125,2021,11,21,92.8,0,Peru_4005.csv
2021-11-22,4005,91.2,0.0,14.0,9.0,2.8,0.0,2,2,1,1,4,4,7,7,-2.7779637884914887,0.748473900896792,-3.0249104,14.442136,-100.64978,21.415081,21,2021-11-22,17.25,0.0,83.18125,11.13125,1.0,177.65125,2021,11,22,91.2,0,Peru_4005.csv
2021-11-23,4005,97.2,0.0,15.0,3.8,9.2,0.0,2,2,1,1,4,4,7,7,-1.1364999324977356,-0.027144813988617494,-2.4223049,14.566772,-106.2315,24.650042,21,2021-11-23,17.61125,0.0,80.95625,12.14,1.0,172.91625,2021,11,23,97.2,0,Peru_4005.csv
2021-11-24,4005,97.2,0.0,15.0,3.8,9.2,0.0,2,2,1,1,4,4,7,7,-1.1364999324977356,-0.027144813988617494,-2.4216144,14.567103,-106.23112,24.64991,21,2021-11-24,17.92875,0.0,81.49375,12.807500000000001,1.0,168.8225,2021,11,24,97.2,0,Peru_4005.csv
2021-11-25,4005,97.2,0.0,15.0,3.8,9.2,0.0,2,2,1,1,4,4,7,7,-1.1364999324977356,-0.027144813988617494,-2.4219067,14.566872,-106.2315,24.650042,21,2021-11-25,17.92625,0.0,81.59875,12.38875,1.0,175.07875,2021,11,25,97.2,0,Peru_4005.csv
2021-11-26,4005,91.2,0.0,14.0,9.0,2.8,0.0,2,2,1,1,4,4,7,7,-2.7779637884914887,0.748473900896792,-3.0162811,14.454987,-100.64978,21.415081,21,2021-11-26,18.1475,0.0,81.93875,11.4425,1.0,182.86,2021,11,26,91.2,0,Peru_4005.csv
2021-11-27,4005,91.2,0.0,14.0,9.0,2.8,0.0,2,2,1,1,4,4,7,7,-2.7779637884914887,0.748473900896792,-3.01865,14.445592,-100.64978,21.415081,21,2021-11-27,17.9875,0.0,83.86,10.9575,1.0,180.405,2021,11,27,91.2,0,Peru_4005.csv
2021-11-28,4005,97.2,0.0,15.0,3.8,9.2,0.0,2,2,1,1,4,4,7,7,-1.1364999324977356,-0.027144813988617494,-2.4102643,14.569313,-106.23112,24.64991,21,2021-11-28,18.3575,0.0,82.03625,12.17125,1.0,179.8475,2021,11,28,97.2,0,Peru_4005.csv
2021-11-29,4005,97.2,0.0,15.0,3.8,9.2,0.0,2,2,1,1,4,4,7,7,-1.1364999324977356,-0.027144813988617494,-2.4184482,14.5683155,-106.2315,24.650042,21,2021-11-29,18.3175,0.0,81.5825,11.8425,1.0,176.93375,2021,11,29,97.2,0,Peru_4005.csv
2021-11-30,4005,97.2,0.0,15.0,3.8,9.2,0.0,2,2,1,1,4,4,7,7,-1.1364999324977356,-0.027144813988617494,-2.42067,14.567747,-106.2315,24.650042,21,2021-11-30,18.34875,0.0,79.4575,13.16375,1.0,170.32625000000002,2021,11,30,97.2,0,Peru_4005.csv
2021-12-01,4005,97.2,0.0,15.0,3.8,9.2,0.0,2,2,1,1,4,4,7,7,-1.1364999324977356,-0.027144813988617494,-2.418778,14.568106,-106.2315,24.650042,21,2021-12-01,18.23,0.0,79.6825,12.508750000000001,1.0,177.95875,2021,12,1,97.2,0,Peru_4005.csv
2021-12-02,4005,92.8,0.0,16.0,5.2,7.8,0.0,2,2,1,1,4,4,7,7,-1.3959535784736326,-0.09188108781669456,-2.4175563,14.56965,-106.86523,23.812366,21,2021-12-02,18.435,0.0,77.84,11.68625,1.0,176.8175,2021,12,2,92.8,0,Peru_4005.csv
2021-12-03,4005,92.8,0.0,16.0,5.2,7.8,0.0,2,2,1,1,4,4,7,7,-1.3959535784736326,-0.09188108781669456,-2.4153652,14.56912,-106.86523,23.812366,21,2021-12-03,18.52125,0.0,80.70375,12.79125,1.0,176.06875,2021,12,3,92.8,0,Peru_4005.csv
2021-12-04,4005,113.8,0.0,13.0,5.0,3.6,0.0,2,2,1,1,4,4,7,7,-1.7533810590136298,2.0159267342395495,-3.4280138,14.27993,-97.81255,29.55747,21,2021-12-04,18.63375,0.0,81.98125,12.24625,1.0,183.63125,2021,12,4,113.8,0,Peru_4005.csv
2021-12-05,4005,91.4,0.0,13.0,4.0,4.4,0.0,2,2,1,1,4,4,7,7,-2.68998928200745,0.22052128360314557,-2.9322293,14.42191,-102.34746,22.294252,21,2021-12-05,18.44625,0.0,84.51625,10.89625,1.0,183.9625,2021,12,5,91.4,0,Peru_4005.csv
2021-12-06,4005,101.6,0.0,12.0,4.0,5.2,0.0,2,2,1,1,4,4,7,7,-2.257354452644821,0.883050689061962,-3.2720275,14.349966,-99.8858,26.116917,21,2021-12-06,18.41375,0.0,83.84875,12.0375,1.0,170.155,2021,12,6,101.6,0,Peru_4005.csv
2021-12-07,4005,76.0,30.0,13.0,4.0,4.0,0.0,2,2,1,1,4,4,7,7,-1.9456382154629976,0.6599673671504621,1.335692,4.983202,-0.3076324,-28.597563,21,2021-12-07,18.8525,0.0,82.49125000000001,11.295,1.0,178.57375,2021,12,7,76.0,0,Peru_4005.csv
2021-12-08,4005,65.0,29.0,13.0,4.0,7.8,0.0,2,2,1,1,4,4,3,3,-1.8413237290160738,-0.6642892149284761,4.604745,1.8446887,-0.9759669,-24.797966,21,2021-12-08,18.31625,0.0,85.28625,11.6075,1.0,199.0325,2021,12,8,65.0,0,Peru_4005.csv
2021-12-09,4005,66.0,26.0,12.0,4.0,2.2,0.0,2,2,1,1,1,1,3,3,-3.1642130415880523,-0.013493089212141656,1.9126179,5.537425,-2.0647848,-33.802113,21,2021-12-09,18.81,0.0,82.20375,11.0425,1.0,181.72875,2021,12,9,66.0,0,Peru_4005.csv
2021-12-10,4005,61.0,27.0,13.0,4.0,6.6,12.4,2,2,1,1,1,1,3,3,-1.259029678193233,-2.5631516099874774,5.116405,3.4227977,-28.113995,-68.289345,21,2021-12-10,18.705,0.0,82.48375,10.53875,1.0,185.28,2021,12,10,61.0,0,Peru_4005.csv
2021-12-11,4005,64.0,26.0,15.0,5.0,17.4,19.0,1,1,1,1,4,4,9,9,1.7764349512955844,-4.613721720123459,4.1034746,-2.9898431,31.28948,-67.28612,21,2021-12-11,19.0475,0.0,79.66625,12.79,1.0,169.12875,2021,12,11,64.0,0,Peru_4005.csv
2021-12-12,4005,64.0,31.0,14.0,4.0,19.4,12.0,2,2,1,1,4,4,9,9,1.5739875334195879,-3.7259737358977127,5.258896,0.7458474,-17.125801,-53.864212,21,2021-12-12,19.56375,0.0,80.71375,12.07125,1.0,175.7025,2021,12,12,64.0,0,Peru_4005.csv
2021-12-13,4005,72.0,28.0,13.0,5.0,10.0,9.2,2,2,1,1,4,4,9,9,-0.3439880544842369,-1.642624928291537,4.8392186,1.6805182,-15.085102,-57.63344,21,2021-12-13,19.76375,0.0,81.72875,12.8225,1.0,175.69875,2021,12,13,72.0,0,Peru_4005.csv
2021-12-14,4005,55.0,23.0,13.0,5.0,11.0,12.8,2,2,1,1,1,1,3,3,-0.9244254924368528,-3.7316343850713576,5.646426,2.267139,-22.194645,-62.518845,21,2021-12-14,19.845,0.0,79.32375,12.98125,1.0,172.615,2021,12,14,55.0,0,Peru_4005.csv
2021-12-15,4005,53.0,23.0,12.0,4.0,3.8,18.4,2,2,1,1,1,1,4,4,-2.031626987423822,-3.769266874866188,5.354075,3.8998196,-30.57174,-77.68733,21,2021-12-15,19.0075,0.0,83.87375,11.27125,1.0,182.775,2021,12,15,53.0,0,Peru_4005.csv
2021-12-16,4005,58.0,32.0,12.0,5.0,4.8,10.6,2,2,1,1,1,1,3,3,-1.8301618524129781,-1.964503036563178,5.0556197,3.5419962,-28.404608,-68.725624,21,2021-12-16,18.6,0.0,85.27,9.973749999999999,1.0,187.00375,2021,12,16,58.0,0,Peru_4005.csv
2021-12-17,4005,68.0,35.0,13.0,5.0,19.2,8.4,2,2,1,1,4,4,9,9,1.418274556616499,-2.6309211911900268,5.1847863,0.7155057,-16.997665,-53.557693,21,2021-12-17,18.79125,0.0,83.63125,10.50875,1.0,194.7775,2021,12,17,68.0,0,Peru_4005.csv
2021-12-18,4005,79.0,40.0,13.0,4.0,5.2,10.2,2,2,1,1,4,4,9,9,-0.16322503496281138,-0.13779010565228153,1.4400688,3.312351,-2.9643693,1.2269667,21,2021-12-18,18.708750000000002,0.0,82.23875,10.22,1.0,193.625,2021,12,18,79.0,0,Peru_4005.csv
2021-12-19,4005,84.0,32.0,12.0,5.0,12.8,6.4,2,2,1,1,4,4,9,9,0.4971295719018357,-0.5259013605950582,3.9877334,0.45483238,7.5987277,-22.543642,21,2021-12-19,18.5925,0.0,80.53625,11.05875,1.0,185.58875,2021,12,19,84.0,0,Peru_4005.csv
2021-12-20,4005,74.0,30.0,10.4,4.0,8.8,22.8,2,2,2,2,4,4,4,4,0.31078136497232695,-3.076201941927312,2.9634132,-4.0973096,5.5670185,-77.480484,21,2021-12-20,18.50125,0.0,81.125,9.92125,1.0,189.51125,2021,12,20,74.0,0,Peru_4005.csv
2021-12-21,4005,65.0,25.0,21.0,5.0,8.8,5.8,2,2,1,1,4,4,7,7,0.27375584882508736,-1.8913431226936284,-0.80921006,4.62934,40.325172,-34.231926,21,2021-12-21,18.46,0.0,82.11125,10.2325,1.0,185.17000000000002,2021,12,21,65.0,0,Peru_4005.csv
2021-12-22,4005,60.0,34.0,11.2,4.0,7.2,24.4,2,2,2,2,3,3,4,4,-0.14099814581578468,-3.921946912535678,3.1028976,-4.4694443,6.748063,-78.67446,21,2021-12-22,19.33875,0.0,79.11,11.53875,1.0,178.24,2021,12,22,60.0,0,Peru_4005.csv
2021-12-23,4005,73.0,33.0,8.0,5.0,16.4,3.6,2,2,1,1,4,4,9,9,-0.39234476118368555,-1.2511419662920262,4.9975567,0.73868644,-14.102104,-44.949295,21,2021-12-23,19.90625,0.0,75.5675,12.14875,1.0,170.18125,2021,12,23,73.0,0,Peru_4005.csv
2021-12-24,4005,57.0,21.0,9.6,5.0,10.2,32.0,1,1,2,2,3,3,4,4,-0.07176038726351688,-6.072724492873889,3.529974,-4.638492,32.32972,-76.247665,21,2021-12-24,19.916249999999998,0.0,73.37375,12.035,1.0,176.90125,2021,12,24,57.0,0,Peru_4005.csv
2021-12-25,4005,49.0,19.0,8.8,4.0,5.0,18.0,2,2,1,1,1,1,4,4,-2.90216267878533,-4.277686121723401,5.429758,3.9789772,-24.65816,-88.41908,21,2021-12-25,19.56,0.0,74.625,10.715,1.0,183.2425,2021,12,25,49.0,0,Peru_4005.csv
2021-12-26,4005,47.0,19.0,5.4,4.0,8.6,16.4,2,2,1,1,1,1,3,3,-3.1816262886019513,-4.5769671581583635,5.7708936,4.1965885,-25.339067,-89.63044,21,2021-12-26,19.9925,0.0,72.49875,12.95375,1.0,167.765,2021,12,26,47.0,0,Peru_4005.csv
2021-12-27,4005,48.0,18.0,10.6,4.0,14.2,30.4,1,1,2,2,3,3,4,4,0.12186550018148128,-7.261314468510658,3.7812402,-4.4386168,32.773323,-75.10938,21,2021-12-27,19.57875,0.0,79.85875,11.88125,1.0,165.325,2021,12,27,48.0,0,Peru_4005.csv
2021-12-28,4005,46.0,20.0,16.0,4.0,7.2,14.6,2,2,1,1,1,1,3,3,-1.4323666441829483,-4.444028827789318,5.456035,3.7604237,-32.34454,-78.11178,21,2021-12-28,20.001250000000002,0.0,83.00125,12.90625,1.0,169.72375,2021,12,28,46.0,0,Peru_4005.csv
2021-12-29,4005,48.0,21.0,11.6,5.0,11.6,14.4,2,2,1,1,1,1,3,3,-1.4009207331880311,-4.5937067481381915,5.722551,2.2128756,-22.57651,-61.55689,21,2021-12-29,20.15125,0.0,82.23125,11.93375,1.0,168.3225,2021,12,29,48.0,0,Peru_4005.csv
2021-12-30,4005,47.0,26.0,4.6,5.0,2.2,12.4,2,2,1,1,1,1,3,3,-4.488949384149096,-2.7929351055443905,5.3522277,4.1906443,-49.166298,-58.430923,21,2021-12-30,20.52125,0.0,82.55125,13.51125,1.0,166.03625,2021,12,30,47.0,0,Peru_4005.csv
2021-12-31,4005,58.0,30.0,19.4,5.0,6.6,28.8,1,1,2,2,3,3,4,4,1.5056201018754953,-4.91014664556016,3.998852,-4.8291125,18.102446,-79.1362,21,2021-12-31,20.84875,0.0,79.19375000000001,10.32,1.0,179.19375,2021,12,31,58.0,0,Peru_4005.csv
2022-01-01,4005,64.0,28.0,8.0,5.0,17.6,12.4,2,2,1,1,1,1,9,9,-0.09151261305892391,-3.482231700140575,5.552412,1.2756196,-20.341698,-57.05687,21,2022-01-01,20.5675,0.0,77.46875,10.92125,1.0,179.94375,2022,1,1,64.0,0,Peru_4005.csv
2022-01-02,4005,69.0,19.0,5.8,4.0,6.4,14.4,2,2,1,1,1,1,3,3,-2.61397843006374,-2.4498362823478135,4.5468817,3.6023874,-26.54701,-65.77239,21,2022-01-02,21.045,0.0,73.88625,11.24375,1.0,176.12625,2022,1,2,69.0,0,Peru_4005.csv
2022-01-03,4005,53.0,23.0,12.2,4.0,10.2,19.8,2,2,1,1,1,1,4,4,-0.7110125957938253,-4.766308666972589,5.3897743,3.4819744,-25.126146,-69.531334,21,2022-01-03,21.29375,0.0,78.6975,10.9125,1.0,180.12375,2022,1,3,53.0,0,Peru_4005.csv
2022-01-04,4005,56.0,23.0,4.6,5.0,15.0,41.8,1,1,2,2,3,3,4,4,0.6994683122237904,-7.836744683912123,3.4005961,-6.8496413,33.575653,-79.36091,21,2022-01-04,21.1375,0.0,80.18875,10.848749999999999,1.0,181.4975,2022,1,4,56.0,0,Peru_4005.csv
2022-01-05,4005,52.0,26.0,10.0,4.0,2.8,20.8,2,2,1,1,1,1,4,4,-2.2995715539343684,-3.8374030130528283,5.4417896,3.9164388,-21.175262,-89.1968,21,2022-01-05,20.895,0.0,80.9575,11.126249999999999,1.0,186.6475,2022,1,5,52.0,0,Peru_4005.csv
2022-01-06,4005,59.0,29.0,11.0,5.0,20.4,30.0,1,1,2,2,3,3,4,4,2.391228615858329,-6.576195382268014,3.9413083,-4.0565224,34.49302,-75.73988,21,2022-01-06,20.958750000000002,0.0,81.0375,11.151250000000001,1.0,187.855,2022,1,6,59.0,0,Peru_4005.csv
2022-01-07,4005,61.0,31.0,10.0,5.0,16.0,11.0,2,2,1,1,1,1,9,9,-0.08591956126117574,-3.2098229164102134,5.55016,1.44415,-20.455137,-58.07754,21,2022-01-07,20.9225,0.0,82.72875,9.4875,1.0,188.23,2022,1,7,61.0,0,Peru_4005.csv
2022-01-08,4005,67.0,23.0,10.0,4.0,8.8,15.2,2,2,1,1,1,1,3,3,-1.1434073750884903,-2.906663688529313,5.0988955,3.4017591,-25.434649,-67.55806,21,2022-01-08,21.27375,0.0,81.72375,10.955,1.0,183.2025,2022,1,8,67.0,0,Peru_4005.csv
2022-01-09,4005,51.0,18.0,9.0,4.0,3.2,6.0,2,2,1,1,1,1,3,3,-4.202655489320236,-2.355297955519547,5.19786,5.001838,-53.10866,-54.335197,21,2022-01-09,21.994999999999997,0.0,76.79625,13.74625,1.0,175.26,2022,1,9,51.0,0,Peru_4005.csv
2022-01-10,4005,40.0,17.0,9.0,4.0,1.8,12.0,2,2,1,1,1,1,3,3,-4.507512723433857,-3.82891677194565,5.5029736,4.571471,-38.111958,-75.790054,21,2022-01-10,21.57,0.0,80.7,14.45875,1.0,173.98375000000001,2022,1,10,40.0,0,Peru_4005.csv
2022-01-11,4005,40.0,20.0,9.0,4.0,1.4,8.6,2,2,1,1,1,1,3,3,-4.724347752031856,-3.1730878218913183,5.450023,4.888035,-54.395653,-53.749165,21,2022-01-11,21.44625,0.0,82.22875,13.88375,1.0,174.93125,2022,1,11,40.0,0,Peru_4005.csv
2022-01-12,4005,50.0,23.0,9.0,4.0,4.2,7.6,2,2,1,1,1,1,3,3,-3.6689899843437135,-2.516935742870868,5.1282754,4.5742908,-52.76803,-54.170174,21,2022-01-12,20.83875,0.0,84.875,10.93875,1.0,185.885,2022,1,12,50.0,0,Peru_4005.csv
2022-01-13,4005,49.0,22.0,9.0,4.0,2.0,12.6,2,2,1,1,1,1,3,3,-3.7247348273757717,-3.032163765506456,5.302645,4.1316586,-32.095417,-75.745026,21,2022-01-13,20.93625,0.0,82.89625,10.0075,1.0,181.8075,2022,1,13,49.0,0,Peru_4005.csv
2022-01-14,4005,49.0,21.0,8.0,4.0,1.8,3.8,2,2,1,1,1,1,3,3,-4.794036035392255,-1.854462569368291,4.7501917,5.3647304,-64.606964,-45.658268,21,2022-01-14,21.197499999999998,0.0,83.29875,10.7725,1.0,175.57375,2022,1,14,49.0,0,Peru_4005.csv
2022-01-15,4005,41.0,25.0,9.0,4.0,3.4,5.8,2,2,1,1,1,1,3,3,-4.302461931240809,-2.7266746443641185,5.1331434,4.717279,-54.01676,-52.69186,21,2022-01-15,21.37875,0.0,82.18125,8.491249999999999,1.0,181.06375,2022,1,15,41.0,0,Peru_4005.csv
2022-01-16,4005,51.0,19.0,8.0,4.0,5.0,10.4,2,2,1,1,1,1,3,3,-3.640215039113035,-3.095784060967319,5.247933,4.411707,-52.287186,-54.612667,21,2022-01-16,22.3375,0.0,75.645,10.33625,1.0,176.93625,2022,1,16,51.0,0,Peru_4005.csv
2022-01-17,4005,44.0,20.0,9.0,4.0,1.2,6.4,2,2,1,1,1,1,3,3,-4.7620933599295405,-2.5638665160046785,5.349822,4.9667253,-54.300377,-53.695236,21,2022-01-17,21.92375,0.0,82.4225,11.00375,1.0,180.86875,2022,1,17,44.0,0,Peru_4005.csv
2022-01-18,4005,48.0,31.0,10.0,4.0,4.8,12.4,2,2,1,1,1,1,3,3,-2.6135710253429103,-3.003329291408517,5.2940564,3.8445406,-31.659883,-73.96306,21,2022-01-18,22.002499999999998,0.0,82.955,8.95375,1.0,189.46,2022,1,18,48.0,0,Peru_4005.csv
2022-01-19,4005,58.0,26.0,10.0,4.0,2.2,4.2,2,2,1,1,1,1,3,3,-3.585729881443393,-1.1054766034586854,3.5566337,5.2467155,-56.530704,-21.807106,21,2022-01-19,22.55,0.0,77.79625,10.72375,1.0,177.9425,2022,1,19,58.0,0,Peru_4005.csv
2022-01-20,4005,50.0,26.0,9.0,4.0,1.8,5.0,2,2,1,1,1,1,3,3,-4.176435927381025,-1.716729903951582,4.688855,5.1649694,-53.6307,-53.48528,21,2022-01-20,21.8125,0.0,79.50875,11.8475,1.0,179.45375,2022,1,20,50.0,0,Peru_4005.csv
2022-01-21,4005,56.0,28.0,10.0,5.0,13.2,12.8,2,2,1,1,1,1,9,9,-0.8295763208820287,-3.6110945484604335,5.636654,2.1140995,-21.832726,-60.37026,21,2022-01-21,21.63,0.0,81.7025,13.14375,1.0,185.11374999999998,2022,1,21,56.0,0,Peru_4005.csv
2022-01-22,4005,57.0,34.0,11.0,5.0,28.4,13.2,2,2,0,0,0,0,2,2,2.5152340059016742,-5.2272876371889385,5.154208,-2.1233592,42.18922,-64.1326,21,2022-01-22,21.7375,0.0,80.335,11.21625,1.0,191.30875,2022,1,22,57.0,0,Peru_4005.csv
2022-01-23,4005,69.0,28.0,11.0,5.0,24.0,13.6,2,2,1,1,4,4,2,2,2.0223319321381896,-4.159680246827721,4.6680803,-2.2396884,37.803947,-66.680305,21,2022-01-23,22.12375,0.0,79.26625,8.7825,1.0,201.75125,2022,1,23,69.0,0,Peru_4005.csv
2022-01-24,4005,59.0,37.0,11.0,5.0,14.4,10.0,2,2,1,1,1,1,9,9,-0.044422551676232935,-2.7434667599775437,5.5350165,1.4747883,-20.221125,-58.286682,21,2022-01-24,22.17875,0.0,76.42125,11.23,1.0,188.86,2022,1,24,59.0,0,Peru_4005.csv
2022-01-25,4005,65.0,39.0,11.0,5.0,7.0,23.6,2,2,2,2,1,1,4,4,0.21372268597159153,-3.0989391193757037,3.0286002,-4.3484874,6.5383134,-78.294136,21,2022-01-25,21.67625,0.0,78.5775,11.93125,1.0,187.39,2022,1,25,65.0,0,Peru_4005.csv
2022-01-26,4005,61.0,31.0,11.0,5.0,16.2,24.6,1,1,2,2,3,3,4,4,1.355602357755572,-5.080199343937671,4.067992,-3.1483214,33.967346,-72.15773,21,2022-01-26,21.9175,0.0,74.30125,12.76125,1.0,172.29625,2022,1,26,61.0,0,Peru_4005.csv
2022-01-27,4005,54.0,31.0,10.0,5.0,14.8,6.2,2,2,1,1,1,1,3,3,-1.064293907667413,-2.9231602216119112,5.571434,1.6475259,-24.056732,-44.77984,21,2022-01-27,21.3875,0.0,75.63875,12.3175,1.0,181.4975,2022,1,27,54.0,0,Peru_4005.csv
2022-01-28,4005,55.0,25.0,11.0,4.0,15.4,13.2,2,2,1,1,1,1,9,9,-0.3987787333669079,-4.261937079020184,5.689409,1.9422128,-21.564442,-59.844936,21,2022-01-28,20.92875,0.0,75.2925,13.067499999999999,1.0,174.27125,2022,1,28,55.0,0,Peru_4005.csv
2022-01-29,4005,47.0,27.0,12.0,5.0,8.4,16.8,2,2,1,1,1,1,3,3,-1.4219276856679142,-4.294098344237357,5.4193654,3.4842894,-30.17691,-72.73482,21,2022-01-29,21.04875,0.0,72.69875,10.9025,1.0,169.4225,2022,1,29,47.0,0,Peru_4005.csv
2022-01-30,4005,47.0,26.0,12.0,5.0,16.4,8.8,2,2,1,1,1,1,3,3,-0.7356310149185198,-4.2791986448671855,5.90965,1.6690423,-23.107836,-57.322456,21,2022-01-30,21.6725,0.0,71.15,10.92625,1.0,176.31875,2022,1,30,47.0,0,Peru_4005.csv
2022-01-31,4005,52.0,31.0,12.0,6.0,7.6,7.4,2,2,1,1,1,1,3,3,-1.9468521186368368,-2.2995040169860457,4.652886,2.5235987,-20.938684,-38.922226,21,2022-01-31,21.8525,0.0,76.3025,10.79,1.0,177.01625,2022,1,31,52.0,0,Peru_4005.csv
2022-02-01,4005,52.0,30.0,11.0,5.0,13.8,10.4,2,2,1,1,1,1,9,9,-0.8186157223118119,-3.5792686649850034,5.6947045,1.9110854,-22.43148,-58.80275,21,2022-02-01,22.145,0.0,74.98875,11.02875,1.0,181.4475,2022,2,1,52.0,0,Peru_4005.csv
2022-02-02,4005,50.0,27.0,11.0,5.0,2.8,11.0,2,2,1,1,1,1,3,3,-3.0050808061928125,-2.5717078503546267,5.402517,4.082709,-32.50977,-74.5668,21,2022-02-02,22.3,0.0,73.49375,12.526250000000001,1.0,166.0375,2022,2,2,50.0,0,Peru_4005.csv
2022-02-03,4005,48.0,28.0,11.0,5.0,10.0,12.6,2,2,1,1,1,1,3,3,-1.607413920102802,-3.7858238689796946,5.6636066,2.254092,-22.880766,-61.438694,21,2022-02-03,22.29,0.0,72.20875,11.675,1.0,179.7425,2022,2,3,48.0,0,Peru_4005.csv
2022-02-04,4005,52.0,24.0,11.0,5.0,11.6,12.2,2,2,1,1,1,1,3,3,-1.3687667698047754,-3.844412214407919,5.685245,2.177439,-22.539915,-61.389675,21,2022-02-04,21.63625,0.0,75.60375,9.73375,1.0,191.4425,2022,2,4,52.0,0,Peru_4005.csv
2022-02-05,4005,58.0,38.0,12.0,5.0,9.4,6.4,2,2,1,1,1,1,9,9,-1.0585328822681772,-1.6798494928061107,4.4218755,2.026802,-21.463823,-37.810482,21,2022-02-05,21.19625,0.0,77.56875,10.13625,1.0,181.47875,2022,2,5,58.0,0,Peru_4005.csv
2022-02-06,4005,75.0,30.0,11.0,4.0,41.2,21.8,1,1,0,0,0,0,2,2,6.245928219311748,-6.958529815007722,5.6036787,-2.1639018,66.735756,-52.193485,21,2022-02-06,21.08125,0.0,75.67125,9.555,1.0,183.09875,2022,2,6,75.0,0,Peru_4005.csv
2022-02-07,4005,62.0,35.0,11.0,5.0,28.0,12.6,2,2,0,0,4,4,2,2,2.6829161906779624,-4.684571744999836,5.078373,-2.0775058,42.134727,-64.14059,21,2022-02-07,21.695,0.0,69.64125,10.545,1.0,179.08875,2022,2,7,62.0,0,Peru_4005.csv
2022-02-08,4005,62.0,33.0,10.0,4.0,11.0,12.8,2,2,1,1,1,1,9,9,-0.6794290051978514,-2.722636722448639,5.239833,2.856401,-24.726591,-67.934326,21,2022-02-08,21.0,0.0,73.495,8.32,1.0,211.59375,2022,2,8,62.0,0,Peru_4005.csv
2022-02-09,4005,66.0,45.0,9.0,4.0,2.4,9.2,2,2,1,1,1,1,3,3,-1.93836475467879,-0.24354085838664877,4.2990427,3.4270034,-58.824673,3.7134235,21,2022-02-09,21.31375,0.0,72.88125,8.05,1.0,234.07625000000002,2022,2,9,66.0,0,Peru_4005.csv
2022-02-10,4005,82.0,40.0,10.0,5.0,8.4,8.4,2,2,1,1,4,4,9,9,-0.2087713644308393,0.06527773831093901,2.5482042,1.9454775,-0.054202013,-7.183815,21,2022-02-10,21.545,0.0,71.58375,8.30625,1.0,209.145,2022,2,10,82.0,0,Peru_4005.csv
2022-02-11,4005,71.0,37.0,11.0,6.0,15.0,16.4,2,2,1,1,4,4,9,9,1.2093928652911858,-2.733708491005464,3.9137917,-2.7203374,32.557644,-67.053604,21,2022-02-11,21.86875,0.0,69.885,10.9025,1.0,181.16625,2022,2,11,71.0,0,Peru_4005.csv
2022-02-12,4005,64.0,38.0,13.0,6.0,15.2,10.0,2,2,1,1,4,4,9,9,0.8015752638708362,-2.408150869826176,5.408659,1.363596,-19.752243,-58.178165,21,2022-02-12,21.94625,0.0,71.485,10.1275,1.0,195.155,2022,2,12,64.0,0,Peru_4005.csv
2022-02-13,4005,65.0,36.0,12.0,6.0,7.0,12.4,2,2,1,1,4,4,9,9,-0.7269593040621143,-1.7015840264425528,4.931272,3.145485,-26.5856,-69.296074,21,2022-02-13,22.67625,0.0,67.66624999999999,10.10875,1.0,179.1875,2022,2,13,65.0,0,Peru_4005.csv
2022-02-14,4005,67.0,42.0,12.0,6.0,2.6,7.0,2,2,1,1,4,4,3,3,-1.5908627992134285,0.020094882613879633,2.3722446,3.4905722,-27.415325,-12.068898,21,2022-02-14,22.603749999999998,0.0,69.395,9.44,1.0,191.35625,2022,2,14,67.0,0,Peru_4005.csv
2022-02-15,4005,67.0,40.0,12.0,6.0,3.0,15.0,2,2,1,1,1,1,9,9,-0.915554508599255,-1.201368672411923,4.765391,3.4662848,-23.883282,-72.433105,21,2022-02-15,22.13875,0.0,70.605,9.4675,1.0,177.9675,2022,2,15,67.0,0,Peru_4005.csv
2022-02-16,4005,68.0,32.0,10.0,5.0,12.0,7.0,2,2,1,1,1,1,9,9,-0.7726545260608527,-1.6145449689676126,4.7579184,1.6392548,-12.729421,-32.680073,21,2022-02-16,21.91875,0.0,73.8525,10.47125,1.0,186.13,2022,2,16,68.0,0,Peru_4005.csv
2022-02-17,4005,55.0,29.0,10.0,5.0,8.6,18.8,2,2,1,1,1,1,4,4,-1.1265927610757422,-3.858156936116489,5.3405204,3.4585376,-25.099249,-69.39327,21,2022-02-17,21.05625,0.0,79.68375,9.2325,1.0,193.13375,2022,2,17,55.0,0,Peru_4005.csv
2022-02-18,4005,59.0,42.0,10.0,5.0,23.4,18.0,1,1,1,1,4,4,2,2,2.3447200735525,-4.670603960322351,4.4480376,-2.4962258,37.784435,-68.4645,21,2022-02-18,21.12,0.0,78.50875,8.21125,1.0,219.61,2022,2,18,59.0,0,Peru_4005.csv
2022-02-19,4005,82.0,46.0,9.0,6.0,4.2,1.0,2,2,1,1,4,4,11,11,-1.511789503746314,1.982634570205614,1.5561659,2.901756,-4.1979113,8.90902,21,2022-02-19,22.43875,0.0,74.43625,7.2925,1.0,225.3075,2022,2,19,82.0,0,Peru_4005.csv
2022-02-20,4005,87.0,19.0,16.4,18.8,4.0,5.2,2,2,1,1,4,4,7,7,-0.8142311023222689,1.2079979461981316,0.1520802,4.605138,14.640314,-30.48204,21,2022-02-20,21.87875,0.0,74.505,8.795,1.0,190.69625000000002,2022,2,20,87.0,0,Peru_4005.csv
2022-02-21,4005,50.0,27.0,25.0,11.6,5.0,11.0,2,2,1,1,4,4,7,7,0.2513356442939513,-2.7110113472214348,-1.0521678,5.4441833,37.159023,-49.694794,21,2022-02-21,21.3575,0.0,82.3375,7.665,1.0,195.92249999999999,2022,2,21,50.0,0,Peru_4005.csv
2022-02-22,4005,56.0,53.0,14.0,6.2,8.2,15.4,2,2,1,1,4,4,9,9,0.6118722273908735,-2.088075036231648,2.8743544,-1.9550639,0.89250666,-52.315006,21,2022-02-22,22.5225,0.0,74.73875,7.3725,1.0,190.70999999999998,2022,2,22,56.0,0,Peru_4005.csv
2022-02-23,4005,79.0,42.0,12.6,14.4,9.6,4.8,2,2,1,1,4,4,9,9,0.19188551500397386,0.9031723138678178,2.838196,0.7387633,31.831463,-11.76892,21,2022-02-23,22.73875,0.0,71.22375,9.8825,1.0,186.3025,2022,2,23,79.0,0,Peru_4005.csv
2022-02-24,4005,67.0,37.0,12.4,22.4,6.6,5.8,2,2,1,1,4,4,9,9,-1.1291566456444735,0.6175765318689234,0.86352545,1.2734125,24.959633,-4.373279,21,2022-02-24,22.04375,0.0,79.5475,9.95,1.0,187.64249999999998,2022,2,24,67.0,0,Peru_4005.csv
2022-02-25,4005,70.0,31.0,21.6,14.2,9.0,4.0,2,2,1,1,4,4,7,7,0.8389282521332435,-0.35422433342784715,-0.89589816,4.4837933,38.08577,-33.76267,21,2022-02-25,21.916249999999998,0.0,79.49875,9.43,1.0,180.015,2022,2,25,70.0,0,Peru_4005.csv
2022-02-26,4005,62.0,25.0,12.2,23.6,6.0,10.0,2,2,1,1,4,4,3,3,-1.7699381604178512,-0.7400177813177843,0.8975101,1.3795153,-3.6419234,-12.622847,21,2022-02-26,21.59375,0.0,79.6775,7.43,1.0,219.78625,2022,2,26,62.0,0,Peru_4005.csv
2022-02-27,4005,56.0,25.0,12.8,5.6,5.4,10.4,2,2,1,1,1,1,3,3,-2.0358994881206907,-2.4847398570447727,5.1472425,3.5809164,-28.591476,-68.249176,21,2022-02-27,21.525,0.0,80.21875,9.52625,1.0,195.42125000000001,2022,2,27,56.0,0,Peru_4005.csv
2022-02-28,4005,61.0,24.0,11.6,24.6,3.8,27.2,2,2,2,2,1,1,4,4,-0.8682347610009147,-2.8003628902152933,3.1550124,-4.7047276,6.2668047,-86.04534,21,2022-02-28,21.2275,0.0,84.65125,9.1375,1.0,181.72,2022,2,28,61.0,0,Peru_4005.csv
2022-03-01,4005,54.0,35.0,13.8,14.2,8.0,24.8,2,2,1,1,4,4,4,4,0.3454662919188411,-3.7779736027568687,3.1836557,-3.4248586,6.8908143,-60.137234,21,2022-03-01,21.72375,0.0,82.04125,6.71375,1.0,210.06375,2022,3,1,54.0,0,Peru_4005.csv
2022-03-02,4005,63.0,41.0,14.6,15.0,4.0,4.6,2,2,1,1,4,4,9,9,-1.252694304748924,0.42013490782024954,0.33072048,4.4498386,24.720064,-21.42104,21,2022-03-02,22.1625,0.0,79.19624999999999,6.88875,1.0,243.11875,2022,3,2,63.0,0,Peru_4005.csv
2022-03-03,4005,67.0,30.0,11.0,4.0,9.6,5.0,2,2,1,1,4,4,9,9,-1.332994922042322,-1.3156084114637279,4.598993,1.9681898,-12.99209,-32.14889,21,2022-03-03,21.95,0.0,83.89,6.03625,1.0,232.40625,2022,3,3,67.0,0,Peru_4005.csv
2022-03-04,4005,66.0,33.0,10.0,5.0,6.6,17.8,2,2,1,1,1,1,4,4,-0.8382108826368165,-2.475955747240105,5.051061,3.4496562,-23.499474,-70.69829,21,2022-03-04,22.27375,0.0,85.2775,5.93125,1.0,197.6875,2022,3,4,66.0,0,Peru_4005.csv
2022-03-05,4005,50.0,17.0,8.0,3.0,4.6,8.4,2,2,1,1,1,1,3,3,-4.042783108439237,-3.0236181842137695,5.12625,4.527126,-52.560204,-54.524128,21,2022-03-05,21.2875,0.0,88.5275,7.6125,1.0,181.525,2022,3,5,50.0,0,Peru_4005.csv
2022-03-06,4005,39.0,13.0,6.0,3.0,0.0,2.0,2,2,1,1,1,1,3,3,-6.584505218108567,-2.536000998436381,5.979244,5.256047,-64.5644,-61.611317,21,2022-03-06,21.05875,0.0,88.285,7.29875,1.0,195.71375,2022,3,6,39.0,0,Peru_4005.csv
2022-03-07,4005,35.0,36.0,10.0,4.0,6.8,15.2,2,2,1,1,1,1,3,3,-2.3716139397817515,-4.320064895734209,5.3226576,3.7009459,-31.37865,-73.23285,21,2022-03-07,22.06125,0.0,84.615,5.52375,1.0,200.17625,2022,3,7,36.0,0,Peru_4005.csv
2022-03-08,4005,65.0,32.0,10.0,5.0,10.8,4.6,2,2,1,1,1,1,9,9,-1.3461338273702714,-1.3595764394088905,4.7020116,1.8694998,-13.140681,-32.287056,21,2022-03-08,23.73875,0.0,76.4425,6.87375,1.0,179.4575,2022,3,8,65.0,0,Peru_4005.csv
2022-03-09,4005,55.0,26.0,8.0,4.0,3.4,11.4,2,2,1,1,1,1,3,3,-3.2843428861323205,-2.3879583962478264,5.155521,4.0330606,-29.14196,-74.25132,21,2022-03-09,23.03625,0.0,75.9325,8.641250000000001,1.0,161.93125,2022,3,9,55.0,0,Peru_4005.csv
2022-03-10,4005,56.0,29.0,9.0,4.0,3.6,11.2,2,2,1,1,1,1,3,3,-2.8582592647395972,-2.188232592921214,5.1428156,3.9117756,-29.054428,-74.125725,21,2022-03-10,22.26625,0.0,81.42750000000001,9.3525,1.0,180.13125,2022,3,10,56.0,0,Peru_4005.csv
2022-03-11,4005,61.0,39.0,11.0,4.0,4.8,12.8,2,2,1,1,1,1,3,3,-1.3323690090958322,-1.739374802387222,4.975156,3.4762304,-25.148493,-71.39388,21,2022-03-11,21.8925,0.0,83.05125,8.67,1.0,196.2225,2022,3,11,61.0,0,Peru_4005.csv
2022-03-12,4005,72.0,32.0,9.0,5.0,7.4,9.0,2,2,1,1,1,1,3,3,-1.4376535909224541,-0.9896234916953962,4.580625,3.2206476,-24.1202,-66.117134,21,2022-03-12,22.56,0.0,78.96875,8.67125,1.0,192.15,2022,3,12,72.0,0,Peru_4005.csv
2022-03-13,4005,55.0,24.0,9.0,4.0,1.8,16.4,2,2,1,1,1,1,3,3,-3.0319219836060536,-2.981062925896181,5.3328114,4.0149417,-30.899164,-76.61557,21,2022-03-13,23.267500000000002,0.0,72.985,9.2075,1.0,187.835,2022,3,13,55.0,0,Peru_4005.csv
2022-03-14,4005,47.0,33.0,9.0,5.0,19.4,7.2,2,2,1,1,1,1,9,9,-0.581926980454139,-4.017191326502215,5.6043973,1.1483245,-19.709658,-47.713505,21,2022-03-14,23.29375,0.0,71.1625,10.4575,1.0,183.25125,2022,3,14,47.0,0,Peru_4005.csv
2022-03-15,4005,57.0,40.0,8.0,5.0,6.8,4.4,2,2,1,1,1,1,3,3,-2.4633951552266504,-0.9585572868342872,4.057501,2.2443569,-24.920761,-33.89351,21,2022-03-15,23.8675,0.0,67.64625,11.83125,1.0,177.755,2022,3,15,57.0,0,Peru_4005.csv
2022-03-16,4005,57.0,32.0,9.0,4.0,2.0,5.6,2,2,1,1,1,1,3,3,-3.438096215485459,-1.0146311876377045,3.6693685,4.9625344,-60.094734,-17.702614,21,2022-03-16,23.5175,0.0,68.24875,11.14,1.0,170.99625,2022,3,16,57.0,0,Peru_4005.csv
2022-03-17,4005,59.0,32.0,10.0,4.0,7.2,9.2,2,2,1,1,1,1,3,3,-1.8806188416801015,-2.0302598072820586,5.0178475,3.5007446,-28.161795,-68.59739,21,2022-03-17,22.96125,0.0,71.1275,10.32625,1.0,177.835,2022,3,17,59.0,0,Peru_4005.csv
2022-03-18,4005,66.0,42.0,9.0,4.0,4.6,16.4,2,2,1,1,1,1,4,4,-1.060539770145683,-1.6343686658643803,4.7677155,3.464816,-24.13044,-72.69264,21,2022-03-18,21.4975,0.0,80.13875,9.02375,1.0,204.57874999999999,2022,3,18,66.0,0,Peru_4005.csv
2022-03-19,4005,84.0,40.0,11.0,4.0,6.2,5.4,2,2,1,1,4,4,9,9,-0.5728233989617163,0.7903807938481033,1.7731024,3.095097,-3.4928405,4.8312616,21,2022-03-19,20.9075,0.0,81.1075,9.67375,1.0,183.23875,2022,3,19,84.0,0,Peru_4005.csv
2022-03-20,4005,86.0,32.0,9.0,4.0,2.8,3.6,2,2,1,1,4,4,3,3,-2.0724950429336464,1.251936224534424,1.75025,3.9305425,-20.945068,3.6555078,21,2022-03-20,20.47,0.0,79.9225,8.62125,1.0,198.6675,2022,3,20,86.0,0,Peru_4005.csv
2022-03-21,4005,71.0,38.0,10.0,4.0,1.0,3.2,2,2,1,1,1,1,3,3,-2.6407155189518003,0.7219982635426542,2.62677,4.486537,-39.425808,-9.135464,21,2022-03-21,20.69,0.0,76.88125,9.01,1.0,189.97875,2022,3,21,71.0,0,Peru_4005.csv
2022-03-22,4005,72.0,35.0,10.0,3.0,8.2,10.8,2,2,1,1,1,1,9,9,-0.7775052689345759,-1.3518390455214375,4.6054897,3.190526,-24.079378,-66.465836,21,2022-03-22,20.5475,0.0,81.24,9.0375,1.0,187.47875,2022,3,22,72.0,0,Peru_4005.csv
2022-03-23,4005,66.0,34.0,10.0,4.0,4.6,23.8,2,2,2,2,1,1,4,4,-0.6187610719626889,-3.0507217707558336,3.001239,-4.429303,6.427679,-78.613625,21,2022-03-23,20.26375,0.0,80.78625,8.6625,1.0,195.83875,2022,3,23,66.0,0,Peru_4005.csv
2022-03-24,4005,66.0,49.0,11.0,4.0,3.6,15.8,2,2,1,1,1,1,9,9,-0.5234006934724649,-1.1267718686871138,4.726215,3.428311,-24.061405,-72.582,21,2022-03-24,20.08,0.0,80.495,8.6225,1.0,206.25,2022,3,24,66.0,0,Peru_4005.csv
2022-03-25,4005,85.0,48.0,13.0,5.0,4.4,12.0,2,2,1,1,4,4,9,9,0.5576679954899124,0.630471666204067,0.6500757,2.580335,7.267263,9.585833,21,2022-03-25,20.50875,0.0,77.9,8.32875,1.0,216.48875,2022,3,25,85.0,0,Peru_4005.csv
2022-03-26,4005,82.0,39.0,12.0,5.0,9.6,13.2,2,2,1,1,4,4,9,9,0.7873064774575342,-0.8276705101550063,2.7171645,-2.3166249,11.619477,-43.334023,21,2022-03-26,21.215,0.0,73.96375,8.66625,1.0,189.7,2022,3,26,82.0,0,Peru_4005.csv
2022-03-27,4005,72.0,38.0,11.0,4.0,5.6,24.2,2,2,2,2,3,3,4,4,0.2978361699028412,-2.6197961187875336,3.0106108,-4.187584,6.252458,-78.22053,21,2022-03-27,21.185,0.0,73.505,9.998750000000001,1.0,184.13625,2022,3,27,72.0,0,Peru_4005.csv
2022-03-28,4005,68.0,32.0,10.0,4.0,2.0,12.0,2,2,1,1,1,1,3,3,-2.1387733513703964,-1.099714101760806,4.8505163,3.7387474,-27.323286,-73.43995,21,2022-03-28,21.82875,0.0,70.9425,9.935,1.0,180.89,2022,3,28,68.0,0,Peru_4005.csv
2022-03-29,4005,61.0,32.0,9.0,4.0,2.0,12.6,2,2,1,1,1,1,3,3,-2.6266914508788197,-1.6620940543299922,4.904569,3.8734407,-27.517912,-73.80522,21,2022-03-29,21.712500000000002,0.0,71.8175,10.71625,1.0,180.0,2022,3,29,61.0,0,Peru_4005.csv
2022-03-30,4005,62.0,36.0,11.0,3.0,5.2,16.0,2,2,1,1,1,1,4,4,-1.0864428485902957,-2.369227940392465,5.005847,3.5113916,-24.410387,-71.355385,21,2022-03-30,20.71625,0.0,75.63,10.35625,1.0,177.4375,2022,3,30,62.0,0,Peru_4005.csv
2022-03-31,4005,70.0,35.0,10.0,4.0,3.8,16.4,2,2,1,1,1,1,4,4,-1.1724683858243459,-1.619840269030926,4.8288465,3.5484197,-23.581194,-72.68169,21,2022-03-31,20.225,0.0,78.65625,9.69625,1.0,190.9925,2022,3,31,70.0,0,Peru_4005.csv
2022-04-01,4005,67.0,35.0,11.0,4.0,1.8,19.0,2,2,1,1,1,1,4,4,-1.2450765413949247,-1.9582949932864286,4.8317018,3.4536426,-23.129812,-72.55118,21,2022-04-01,20.21125,0.0,76.22,11.2975,1.0,178.47875,2022,4,1,67.0,0,Peru_4005.csv
2022-04-02,4005,67.0,28.0,11.0,4.0,3.6,11.0,2,2,1,1,1,1,3,3,-1.9906168941957352,-1.4646517232309395,5.0689316,3.6880684,-27.614086,-73.034805,21,2022-04-02,20.39,0.0,75.495,10.85625,1.0,181.73624999999998,2022,4,2,67.0,0,Peru_4005.csv
2022-04-03,4005,63.0,26.0,10.0,4.0,5.6,11.0,2,2,1,1,1,1,3,3,-2.1295743965119263,-2.081267003509209,5.05585,3.6371353,-28.1712,-69.5889,21,2022-04-03,20.48875,0.0,76.34875,11.59,1.0,182.18125,2022,4,3,63.0,0,Peru_4005.csv
2022-04-04,4005,62.0,35.0,11.0,4.0,4.2,4.8,2,2,1,1,1,1,3,3,-2.3073881867141472,-0.7211747991276904,3.012901,4.8217916,-54.296158,-19.564484,21,2022-04-04,19.91875,0.0,81.17125,10.42125,1.0,187.32375,2022,4,4,62.0,0,Peru_4005.csv
2022-04-05,4005,74.0,32.0,10.0,3.0,26.6,15.8,1,1,1,1,4,4,2,2,2.9289014630716643,-4.340263968579429,4.7999244,-2.2614894,39.109146,-65.96268,21,2022-04-05,20.5025,0.0,77.40125,9.3,1.0,187.51,2022,4,5,74.0,0,Peru_4005.csv
2022-04-06,4005,71.0,35.0,10.0,5.0,20.8,14.4,2,2,1,1,4,4,9,9,1.771545631383664,-3.34400006989453,4.432534,-2.4423268,36.99058,-66.91628,21,2022-04-06,20.5375,0.0,76.75375,10.56625,1.0,174.12625,2022,4,6,71.0,0,Peru_4005.csv
2022-04-07,4005,70.0,28.0,8.8,4.0,10.6,10.6,2,2,1,1,1,1,9,9,-1.0645632224772499,-2.0197270858380643,4.701351,3.2373815,-24.552952,-66.240295,21,2022-04-07,19.89,0.0,80.78,12.28,1.0,173.115,2022,4,7,70.0,0,Peru_4005.csv
2022-04-08,4005,66.0,33.0,7.0,4.0,5.4,6.6,2,2,1,1,1,1,3,3,-2.6568023091427286,-0.8249143437718773,3.5594504,4.4549775,-62.830288,-14.823272,21,2022-04-08,19.79,0.0,78.56875,10.79625,1.0,186.86375,2022,4,8,66.0,0,Peru_4005.csv
2022-04-09,4005,69.0,36.0,10.6,4.0,8.0,8.2,2,2,1,1,1,1,9,9,-1.0124843442517377,-1.0873244868891623,4.2227354,2.148062,-12.015832,-30.911058,21,2022-04-09,19.90625,0.0,77.145,7.26125,1.0,195.105,2022,4,9,69.0,0,Peru_4005.csv
2022-04-10,4005,81.0,27.0,11.4,4.0,4.8,20.4,2,2,1,1,4,4,4,4,-0.2388767807366238,-1.9203371271957959,2.9741526,-3.9742723,11.31047,-65.13081,21,2022-04-10,20.32375,0.0,77.98875,7.3925,1.0,197.4175,2022,4,10,81.0,0,Peru_4005.csv
2022-04-11,4005,64.0,29.0,10.0,4.0,8.8,12.8,2,2,1,1,1,1,3,3,-1.188320759688739,-2.501770935760809,5.1345153,3.339793,-25.057587,-67.77206,21,2022-04-11,19.52375,0.0,79.4525,11.338750000000001,1.0,181.58875,2022,4,11,64.0,0,Peru_4005.csv
2022-04-12,4005,60.0,29.0,12.0,4.0,7.2,10.4,2,2,1,1,1,1,3,3,-1.4751904241871083,-2.318295861926887,5.067102,3.356562,-28.124784,-68.3428,21,2022-04-12,18.43125,0.0,81.4,11.4175,1.0,191.995,2022,4,12,60.0,0,Peru_4005.csv
2022-04-13,4005,62.0,32.0,11.0,19.0,6.6,16.2,2,2,1,1,1,1,9,9,-1.0007423083820592,-1.6015106053452013,4.822881,3.4092398,-31.695938,-68.38643,21,2022-04-13,17.9875,0.0,82.07375,9.55125,1.0,208.775,2022,4,13,62.0,0,Peru_4005.csv
2022-04-14,4005,71.0,32.0,12.0,13.0,3.6,13.6,2,2,1,1,4,4,9,9,-1.143740327844404,-0.6885612855829559,1.5628473,3.7934334,-4.1647882,-8.905671,21,2022-04-14,18.055,0.0,80.11,9.213750000000001,1.0,188.72,2022,4,14,71.0,0,Peru_4005.csv
2022-04-15,4005,74.0,25.0,12.0,3.8,6.2,4.0,2,2,1,1,4,4,3,3,-1.7547541650534122,-0.5374977241691649,2.1434767,4.3850474,-7.734539,-18.487251,21,2022-04-15,18.150000000000002,0.0,80.72875,10.161249999999999,1.0,175.21875,2022,4,15,74.0,0,Peru_4005.csv
2022-04-16,4005,61.0,25.0,11.0,10.4,6.6,14.4,2,2,1,1,1,1,3,3,-1.5840996163157148,-2.413331279894485,5.074644,3.6536634,-28.164719,-70.208275,21,2022-04-16,17.98375,0.0,83.93,10.40625,1.0,190.37125,2022,4,16,61.0,0,Peru_4005.csv
2022-04-17,4005,59.0,28.0,9.0,7.0,6.0,6.8,2,2,1,1,1,1,3,3,-2.7165800304036236,-1.5143763189756385,4.932064,3.702867,-42.728252,-51.554222,21,2022-04-17,17.75,0.0,81.2975,9.24125,1.0,201.87,2022,4,17,59.0,0,Peru_4005.csv
2022-04-18,4005,67.0,44.0,11.0,7.4,7.8,13.8,2,2,1,1,4,4,9,9,-0.14813306606763824,-1.3165545896650075,2.764355,-2.0845172,2.8297734,-51.159184,21,2022-04-18,18.295,0.0,78.355,8.17875,1.0,195.0725,2022,4,18,67.0,0,Peru_4005.csv
2022-04-19,4005,90.0,35.0,13.0,8.8,12.4,14.0,2,2,1,1,4,4,9,9,1.7505775686211167,-0.6547692362060873,2.993216,-2.2788904,12.427903,-42.67447,21,2022-04-19,19.02125,0.0,77.35875,10.20125,1.0,179.465,2022,4,19,90.0,0,Peru_4005.csv
2022-04-20,4005,69.0,38.0,13.0,9.6,12.2,12.0,2,2,1,1,4,4,9,9,0.6825266296248742,-1.6732183939321421,3.5083964,-2.22296,-16.438942,-61.722603,21,2022-04-20,19.4425,0.0,77.50125,10.2625,1.0,172.51625,2022,4,20,69.0,0,Peru_4005.csv
2022-04-21,4005,70.0,38.0,10.0,9.0,4.4,3.4,2,2,1,1,1,1,3,3,-2.0498411975714403,0.5612916835559264,2.5232463,3.4176023,-28.51449,-7.912419,21,2022-04-21,19.99125,0.0,74.40125,11.1175,1.0,171.64,2022,4,21,70.0,0,Peru_4005.csv
2022-04-22,4005,73.0,25.0,11.0,5.6,6.6,4.4,2,2,1,1,4,4,3,3,-1.8962970778339074,-0.5572905781069083,2.1542344,4.3520565,-7.650988,-18.299725,21,2022-04-22,18.84125,0.0,81.14,11.098749999999999,1.0,181.95374999999999,2022,4,22,73.0,0,Peru_4005.csv
2022-04-23,4005,60.0,21.0,11.0,9.2,7.8,21.2,2,2,1,1,1,1,4,4,-1.0241638926633119,-3.835237496200248,5.4475374,3.7326643,-28.073977,-81.619995,21,2022-04-23,18.24,0.0,84.68375,10.87125,1.0,175.10999999999999,2022,4,23,60.0,0,Peru_4005.csv
2022-04-24,4005,53.0,24.0,11.0,12.8,20.6,7.4,2,2,1,1,1,1,9,9,-0.10766738827807004,-3.6901905200543736,5.6648083,1.0666195,-19.802717,-52.69744,21,2022-04-24,18.80125,0.0,81.4225,9.4425,1.0,175.10999999999999,2022,4,24,53.0,0,Peru_4005.csv
2022-04-25,4005,60.0,33.0,12.0,7.4,4.8,14.8,2,2,1,1,1,1,3,3,-1.307191238884264,-2.156146424425675,5.06936,3.5581791,-28.515692,-70.565575,21,2022-04-25,18.83625,0.0,80.875,9.23,1.0,180.01,2022,4,25,60.0,0,Peru_4005.csv
2022-04-26,4005,70.0,29.0,12.0,8.0,6.4,19.4,2,2,1,1,4,4,4,4,-0.33662016780220444,-2.405769563393535,5.143899,3.5248058,-22.421917,-70.1731,21,2022-04-26,18.62,0.0,82.60125000000001,9.66625,1.0,181.07750000000001,2022,4,26,70.0,0,Peru_4005.csv
2022-04-27,4005,59.0,27.0,10.0,6.0,9.6,15.6,2,2,1,1,1,1,3,3,-1.1384167751262642,-3.2930305512490397,5.231734,3.3208528,-25.136293,-68.368675,21,2022-04-27,18.0375,0.0,85.995,9.47625,1.0,200.515,2022,4,27,59.0,0,Peru_4005.csv
2022-04-28,4005,63.0,42.0,13.0,9.0,14.0,3.6,2,2,1,1,4,4,9,9,0.18317034332201795,-1.0528344450526594,4.576384,1.0256547,-13.212512,-38.82784,21,2022-04-28,17.835,0.0,87.71125,7.05,1.0,224.385,2022,4,28,63.0,0,Peru_4005.csv
2022-04-29,4005,94.0,45.0,14.0,6.2,2.6,18.8,0,0,3,3,4,4,9,9,1.3165924951093027,0.5108027671009632,2.4803822,-3.2339203,56.829716,-3.967571,21,2022-04-29,18.7875,0.0,80.74125,8.43125,1.0,183.07875,2022,4,29,94.0,0,Peru_4005.csv
2022-04-30,4005,89.0,34.0,12.0,11.2,7.6,12.8,2,2,1,1,4,4,9,9,0.47713575349399556,0.1872131724194053,2.7462025,-2.5110164,12.291562,-44.131214,21,2022-04-30,18.455,0.0,80.59875,9.18375,1.0,189.5925,2022,4,30,89.0,0,Peru_4005.csv
2022-05-01,4005,69.0,26.0,10.0,6.0,7.0,18.4,2,2,1,1,1,1,4,4,-0.930633065589788,-2.6671320994684034,5.1211314,3.462054,-22.905819,-70.27046,21,2022-05-01,17.68125,0.0,83.71125,9.70875,1.0,207.42125,2022,5,1,69.0,0,Peru_4005.csv
2022-05-02,4005,64.0,31.0,12.0,10.2,8.8,12.8,2,2,1,1,4,4,9,9,-0.6684230893502269,-1.997112519346264,4.4615693,1.8005841,-18.361416,-63.562325,21,2022-05-02,17.81375,0.0,81.9375,9.3025,1.0,183.715,2022,5,2,64.0,0,Peru_4005.csv
2022-05-03,4005,66.0,37.0,15.0,13.8,11.8,6.2,2,2,1,1,4,4,9,9,0.3142436594121615,-0.8558286234885835,3.9903214,1.0930098,8.772635,-27.750626,21,2022-05-03,18.43375,0.0,78.43125,8.365,1.0,199.0975,2022,5,3,66.0,0,Peru_4005.csv
2022-05-04,4005,77.0,38.0,12.0,9.0,6.8,5.6,2,2,1,1,4,4,9,9,-0.6773762651042202,0.42239909268065834,2.1292903,2.4036062,5.311239,3.1988583,21,2022-05-04,18.2475,0.0,80.73,8.26375,1.0,213.525,2022,5,4,77.0,0,Peru_4005.csv
2022-05-05,4005,79.0,38.0,12.0,14.6,44.8,7.6,1,1,0,0,0,0,2,2,6.468665821856174,-4.068544401446987,5.8324604,-2.3800938,69.359726,-52.962112,21,2022-05-05,17.47625,0.0,84.73875,10.73875,1.0,174.0225,2022,5,5,79.0,0,Peru_4005.csv
2022-05-06,4005,78.0,34.0,11.0,17.4,19.4,21.0,1,1,1,1,4,4,9,9,2.6086578365155093,-2.7119729386305127,3.9239311,-2.9030657,31.065716,-64.093895,21,2022-05-06,17.61875,0.0,82.91375,11.7125,1.0,168.115,2022,5,6,78.0,0,Peru_4005.csv
2022-05-07,4005,64.0,26.0,12.0,12.0,4.6,8.0,2,2,1,1,1,1,3,3,-2.1085887346038477,-0.9454172289881577,4.47149,3.9433882,-34.542908,-67.738304,21,2022-05-07,17.77,0.0,81.76125,11.057500000000001,1.0,172.0575,2022,5,7,64.0,0,Peru_4005.csv
2022-05-08,4005,58.0,24.0,11.0,7.0,8.4,6.4,2,2,1,1,1,1,3,3,-2.167341137522007,-2.08491473218603,5.2412806,2.7213452,-31.236181,-58.027706,21,2022-05-08,17.50875,0.0,83.75875,11.685,1.0,169.28375,2022,5,8,58.0,0,Peru_4005.csv
2022-05-09,4005,64.0,33.0,12.0,11.0,4.6,6.2,2,2,1,1,1,1,3,3,-1.905348736195107,-0.4267167470362822,4.146482,4.025351,-34.651108,-67.50078,21,2022-05-09,17.0625,0.0,86.0525,11.223749999999999,1.0,179.875,2022,5,9,64.0,0,Peru_4005.csv
2022-05-10,4005,78.0,31.0,13.0,10.4,5.2,4.4,2,2,1,1,4,4,9,9,-1.182467135595186,0.5834345206770877,1.4194921,3.660558,-4.768121,-19.518415,21,2022-05-10,16.7175,0.0,84.40125,8.307500000000001,1.0,194.615,2022,5,10,78.0,0,Peru_4005.csv
2022-05-11,4005,65.0,45.0,15.0,10.2,14.2,18.6,2,2,1,1,4,4,9,9,2.2059627798360744,-2.7522956820318707,3.8076103,-2.7188115,31.78177,-64.894806,21,2022-05-11,16.8,0.0,81.745,9.16875,1.0,179.57874999999999,2022,5,11,65.0,0,Peru_4005.csv
2022-05-12,4005,95.0,40.0,15.0,11.6,5.8,22.6,0,0,3,3,4,4,4,4,2.2301681952133854,-0.2079652635996827,2.8187456,-3.6363964,18.210615,-58.969433,21,2022-05-12,16.794999999999998,0.0,83.275,8.94125,1.0,180.9325,2022,5,12,95.0,0,Peru_4005.csv
2022-05-13,4005,89.0,36.0,13.0,8.6,12.8,8.0,2,2,1,1,4,4,9,9,1.2960847396530826,0.06121555536558599,3.5173974,-0.021518435,13.505498,-22.582485,21,2022-05-13,16.146250000000002,0.0,86.92875,10.75,1.0,174.38,2022,5,13,89.0,0,Peru_4005.csv
2022-05-14,4005,84.0,31.0,13.0,5.4,6.8,10.0,2,2,1,1,4,4,9,9,-0.11651094012630868,-0.29896008722919104,1.1674076,3.8027618,-3.9788692,0.62623614,21,2022-05-14,15.92875,0.0,86.04125,10.67125,1.0,176.83875,2022,5,14,84.0,0,Peru_4005.csv
2022-05-15,4005,74.0,46.0,15.0,7.8,5.6,11.6,2,2,1,1,4,4,9,9,0.5160602124709197,-0.20792507409904307,1.4833937,1.4283779,11.949367,-48.04993,21,2022-05-15,16.14,0.0,81.43125,8.31125,1.0,166.14125,2022,5,15,74.0,0,Peru_4005.csv
2022-05-16,4005,103.0,39.0,15.0,15.0,8.2,10.4,0,0,3,3,4,4,9,9,1.924125875727752,1.9012672209846908,-0.4434621,1.6203793,52.293633,23.71377,21,2022-05-16,16.723750000000003,0.0,82.8175,10.32875,1.0,176.50375,2022,5,16,103.0,0,Peru_4005.csv
2022-05-17,4005,83.0,39.0,12.0,13.4,46.4,15.8,1,1,0,0,0,0,2,2,7.725404276564376,-5.115510949015499,5.769076,-2.3622217,69.16233,-52.19545,21,2022-05-17,16.4925,0.0,83.845,7.61875,1.0,194.1,2022,5,17,83.0,0,Peru_4005.csv
2022-05-18,4005,88.0,48.0,14.0,4.2,9.8,8.8,0,0,1,1,4,4,9,9,1.5974013064379573,0.513804662348015,2.574224,0.71408063,11.861283,-1.7895558,21,2022-05-18,16.9,0.0,81.4475,7.8775,1.0,187.53125,2022,5,18,88.0,0,Peru_4005.csv
2022-05-19,4005,96.0,40.0,15.0,9.0,4.8,3.0,0,0,3,3,4,4,7,7,0.3618978014987929,2.423576156926496,-0.23059246,2.5718076,-0.75358707,12.5734215,21,2022-05-19,16.8125,0.0,80.9375,11.6175,1.0,170.6875,2022,5,19,96.0,0,Peru_4005.csv
2022-05-20,4005,82.0,36.0,13.0,8.4,4.4,8.4,2,2,1,1,4,4,9,9,-0.5237539658981651,0.5424353720047973,0.94645303,3.6136644,-4.242133,1.0880941,21,2022-05-20,16.61,0.0,86.0675,12.05875,1.0,174.46375,2022,5,20,82.0,0,Peru_4005.csv
2022-05-21,4005,81.0,43.0,13.0,15.4,12.0,4.2,2,2,1,1,4,4,9,9,0.8036472378261786,0.9399640953929627,2.8218162,0.5111627,32.60041,-11.646114,21,2022-05-21,16.32625,0.0,86.5775,8.54875,1.0,184.88375,2022,5,21,81.0,0,Peru_4005.csv
2022-05-22,4005,98.0,51.0,12.2,15.0,10.6,6.4,0,0,3,3,5,5,11,11,1.8168662630640657,2.443745889984027,-0.081693396,0.97674805,47.074944,20.322113,21,2022-05-22,16.3275,0.0,86.22,6.88625,1.0,215.47375,2022,5,22,98.0,0,Peru_4005.csv
2022-05-23,4005,116.0,68.0,10.6,26.2,5.0,13.8,0,0,3,3,5,5,10,10,2.9005626192599334,5.171893533399485,-0.86984855,0.048239995,44.204887,59.007553,21,2022-05-23,16.22,0.0,85.8125,8.225,1.0,183.005,2022,5,23,116.0,0,Peru_4005.csv
2022-05-24,4005,155.0,58.0,17.0,13.2,14.8,10.0,0,0,3,3,5,5,10,10,6.979327293859906,5.660875009195517,-2.7493458,0.4941982,79.60515,37.549194,21,2022-05-24,15.9,0.0,86.0425,8.21375,1.0,183.35375,2022,5,24,155.0,0,Peru_4005.csv
2022-05-25,4005,128.0,56.0,13.8,12.4,7.2,6.8,0,0,3,3,5,5,10,10,3.2657559744156406,5.010377926554509,-2.2018785,0.49060524,73.294624,37.487873,21,2022-05-25,15.72125,0.0,86.6475,9.0,1.0,188.07375,2022,5,25,128.0,0,Peru_4005.csv
2022-05-26,4005,127.0,47.0,12.0,10.8,5.6,16.0,0,0,3,3,5,5,10,10,2.90519554392614,3.3837616270171234,-2.0352905,0.1385638,63.89949,41.46774,21,2022-05-26,15.626249999999999,0.0,85.79625,8.415,1.0,176.6525,2022,5,26,127.0,0,Peru_4005.csv
2022-05-27,4005,104.0,56.0,17.0,16.8,4.8,11.2,0,0,3,3,5,5,10,10,2.7218341414659464,3.228694852018466,-1.4452454,1.3089222,60.151276,28.754927,21,2022-05-27,15.591249999999999,0.0,84.68875,9.53375,1.0,171.5875,2022,5,27,104.0,0,Peru_4005.csv
2022-05-28,4005,125.0,29.0,10.8,16.0,4.2,23.4,0,0,3,3,5,5,10,10,2.037706474736995,1.9322309763791272,-2.0400631,0.10176596,63.472576,40.52933,21,2022-05-28,15.5125,0.0,83.26,10.78125,1.0,166.35875,2022,5,28,125.0,0,Peru_4005.csv
2022-05-29,4005,63.0,39.0,13.0,11.4,7.4,14.0,2,2,1,1,4,4,9,9,-0.2425275975075675,-1.5899098697557983,3.9926307,1.6695296,10.904596,-51.272297,21,2022-05-29,15.42375,0.0,82.65,11.49625,1.0,171.665,2022,5,29,63.0,0,Peru_4005.csv
2022-05-30,4005,84.0,39.0,14.0,17.8,7.4,7.0,2,2,1,1,4,4,9,9,0.3638075855604603,1.311130301042872,0.33868328,1.7819362,25.069279,3.1633403,21,2022-05-30,15.64125,0.0,82.4375,10.094999999999999,1.0,165.56375,2022,5,30,84.0,0,Peru_4005.csv
2022-05-31,4005,84.0,41.0,19.4,20.6,4.0,5.4,0,0,3,3,4,4,7,7,0.8152288165827063,2.124646724614508,-0.7035519,3.2828643,32.331966,-14.6784525,21,2022-05-31,15.65875,0.0,80.39125,10.557500000000001,1.0,166.9675,2022,5,31,84.0,0,Peru_4005.csv
2022-06-01,4005,85.0,41.0,11.4,13.2,3.4,21.8,2,2,1,1,4,4,4,4,0.5654236020007071,-0.2669091999463382,2.5172706,-3.645553,17.968252,-60.025513,21,2022-06-01,15.93,0.0,76.6475,12.8175,1.0,150.9575,2022,6,1,85.0,0,Peru_4005.csv
2022-06-02,4005,85.0,46.0,13.8,15.2,8.2,24.4,0,0,3,3,4,4,4,4,2.4135045464377725,-0.8806927465595885,2.9545784,-3.705709,21.40478,-60.225113,21,2022-06-02,15.545,0.0,82.23875000000001,8.57,1.0,193.4,2022,6,2,85.0,0,Peru_4005.csv
2022-06-03,4005,100.0,64.0,17.4,14.8,13.2,9.4,0,0,3,3,5,5,10,10,4.381709138273149,2.3687221122092366,2.3810961,-0.5286358,64.0519,11.831481,21,2022-06-03,16.2275,0.0,82.015,7.262499999999999,1.0,184.1575,2022,6,3,100.0,0,Peru_4005.csv
2022-06-04,4005,142.0,53.0,13.2,12.0,8.2,4.4,0,0,3,3,5,5,10,10,3.63054207600087,6.054571433001377,-2.5393226,0.5022834,75.9146,41.49275,21,2022-06-04,16.900000000000002,0.0,77.81875,8.83375,1.0,178.5825,2022,6,4,142.0,0,Peru_4005.csv
2022-06-05,4005,115.0,27.0,17.2,12.6,3.6,22.4,0,0,3,3,5,5,10,10,2.552758659351517,0.9104190163345879,2.490223,-3.4788375,57.72868,-5.7378993,21,2022-06-05,16.7625,0.0,80.12125,13.76625,1.0,160.44625,2022,6,5,115.0,0,Peru_4005.csv
2022-06-06,4005,67.0,39.0,15.8,12.0,10.4,6.8,2,2,1,1,4,4,9,9,0.42672379180706577,-0.7389576200315184,3.9336855,1.0665805,9.233,-27.792597,21,2022-06-06,16.0625,0.0,86.4375,9.77875,1.0,177.35999999999999,2022,6,6,67.0,0,Peru_4005.csv
2022-06-07,4005,91.0,29.0,17.6,26.2,5.6,12.2,0,0,3,3,4,4,7,7,1.060719143646133,1.3726783931801325,-0.12570655,1.6992444,30.763079,0.56062055,21,2022-06-07,16.326249999999998,0.0,81.23625,8.16875,1.0,180.5825,2022,6,7,91.0,0,Peru_4005.csv
2022-06-08,4005,68.0,43.0,14.2,15.8,5.8,18.8,2,2,1,1,4,4,9,9,0.5920257883164453,-1.176366720891333,3.0454462,-3.1047297,9.67429,-58.27135,21,2022-06-08,15.71125,0.0,81.9625,7.12875,1.0,177.85375,2022,6,8,68.0,0,Peru_4005.csv
2022-06-09,4005,90.0,33.0,14.4,69.2,4.8,24.0,0,0,3,3,2,2,1,1,1.5290359283505288,3.2480601837570755,-3.654134,-4.3756394,50.62261,71.24212,21,2022-06-09,15.84,0.0,84.6625,10.27125,1.0,169.125,2022,6,9,90.0,0,Peru_4005.csv
2022-06-10,4005,70.0,43.0,11.0,18.2,7.6,8.2,2,2,1,1,4,4,9,9,-0.5710059270814353,0.4157325305337726,1.2468346,1.1830063,22.213394,-2.4438407,21,2022-06-10,15.53625,0.0,85.98875,8.737499999999999,1.0,186.24625,2022,6,10,70.0,0,Peru_4005.csv
2022-06-11,4005,98.0,43.0,8.0,12.8,5.0,15.0,0,0,3,3,5,5,11,11,0.29148263002945424,1.5382665350068891,1.753013,-3.3117554,4.445996,-43.507774,21,2022-06-11,15.12125,0.0,86.91125,10.96875,1.0,163.71375,2022,6,11,98.0,0,Peru_4005.csv
2022-06-12,4005,107.0,32.0,15.6,24.0,2.8,3.8,0,0,3,3,4,4,7,7,0.32943781394817234,4.046260070438106,-0.43356547,1.6308168,35.29582,34.13279,21,2022-06-12,14.69875,0.0,87.72875,11.47625,1.0,170.75125,2022,6,12,107.0,0,Peru_4005.csv
2022-06-13,4005,85.0,21.0,14.6,18.6,6.4,16.6,2,2,1,1,4,4,9,9,0.26764983046909746,-0.6345027025861806,3.3709853,-3.78461,18.818153,-51.99115,21,2022-06-13,14.545,0.0,86.895,10.32875,1.0,172.475,2022,6,13,85.0,0,Peru_4005.csv
2022-06-14,4005,57.0,26.0,15.2,8.2,6.6,15.4,2,2,1,1,4,4,9,9,-0.7848735989184333,-3.0513808434297145,5.1831503,3.096559,-20.857578,-65.6119,21,2022-06-14,14.40625,0.0,82.78625,12.36625,1.0,152.70250000000001,2022,6,14,57.0,0,Peru_4005.csv
2022-06-15,4005,60.0,60.0,18.0,4.0,3.6,23.0,2,2,1,1,4,4,4,4,1.820021588489908,-2.1463482240383933,2.9992366,-3.3661344,2.151427,-57.562965,21,2022-06-15,14.7325,0.0,80.26375,12.12125,1.0,155.17874999999998,2022,6,15,60.0,0,Peru_4005.csv
2022-06-16,4005,102.0,34.0,16.0,131.0,4.4,23.0,0,0,3,3,2,2,1,1,2.4131316440081916,8.834757895822872,-4.321099,-5.319118,59.74225,80.75262,21,2022-06-16,15.12375,0.0,79.99375,12.397499999999999,1.0,151.5525,2022,6,16,131.0,0,Peru_4005.csv
2022-06-17,4005,77.0,44.0,17.0,11.8,7.8,24.0,1,1,1,1,4,4,4,4,2.4627968917338503,-1.784152346586749,3.417721,-3.6002264,23.175472,-58.60832,21,2022-06-17,14.7775,0.0,83.79,7.8725,1.0,194.15125,2022,6,17,77.0,0,Peru_4005.csv
2022-06-18,4005,98.0,41.0,17.0,13.6,7.8,23.0,0,0,3,3,4,4,9,9,3.2333336242075363,-0.14867220709717244,2.9692152,-3.6081657,25.994337,-56.756317,21,2022-06-18,14.69,0.0,84.6925,6.8,1.0,200.86375,2022,6,18,98.0,0,Peru_4005.csv
2022-06-19,4005,80.0,55.0,18.0,24.8,4.2,23.0,0,0,3,3,4,4,9,9,2.662464810732119,0.49779238386113867,2.931465,-3.413464,24.159391,-54.787476,21,2022-06-19,14.6725,0.0,82.36,8.68875,1.0,171.82375,2022,6,19,80.0,0,Peru_4005.csv
2022-06-20,4005,132.0,39.0,16.0,13.2,4.2,23.0,0,0,3,3,5,5,10,10,3.913766115614447,2.660519681207997,-2.0502214,0.21042739,63.78846,40.055866,21,2022-06-20,14.6275,0.0,84.52,13.963750000000001,1.0,160.0625,2022,6,20,132.0,0,Peru_4005.csv
2022-06-21,4005,83.0,35.0,16.0,17.4,7.8,23.0,2,2,1,1,4,4,9,9,2.0004597761221024,-1.2325666101790687,3.2886584,-3.7038553,22.90715,-56.702705,21,2022-06-21,14.47,0.0,83.6825,11.3375,1.0,161.2825,2022,6,21,83.0,0,Peru_4005.csv
2022-06-22,4005,80.0,34.0,16.0,18.4,3.6,23.0,2,2,1,1,4,4,4,4,1.0465817034275149,-0.8986112995374008,3.173006,-3.8324342,19.63342,-54.586384,21,2022-06-22,14.35375,0.0,82.79875,12.295,1.0,154.74875,2022,6,22,80.0,0,Peru_4005.csv
2022-06-23,4005,72.0,46.0,16.0,17.0,12.4,23.0,1,1,1,1,4,4,9,9,2.872285060403511,-2.085077644870341,3.474254,-3.342416,24.98768,-60.828953,21,2022-06-23,13.94875,0.0,84.92625,13.4075,1.0,161.1825,2022,6,23,72.0,0,Peru_4005.csv
2022-06-24,4005,108.0,42.0,13.0,21.6,4.0,23.0,0,0,3,3,5,5,10,10,2.278156368746309,1.7875022289943618,2.3961983,-3.5165503,58.40431,-6.844493,21,2022-06-24,14.50875,0.0,84.88,9.94375,1.0,180.86,2022,6,24,108.0,0,Peru_4005.csv
2022-06-25,4005,96.0,44.0,18.0,21.8,8.2,23.0,0,0,3,3,4,4,9,9,3.5803894298130183,0.3821166346020242,3.1380448,-3.601324,25.458221,-55.539597,21,2022-06-25,14.94125,0.0,82.17125,10.03,1.0,158.10125,2022,6,25,96.0,0,Peru_4005.csv
2022-06-26,4005,106.0,45.0,16.0,11.8,7.0,23.0,0,0,3,3,5,5,10,10,3.476150410909321,0.6245564901967697,2.6161838,-3.488361,58.75805,-2.684272,21,2022-06-26,14.72125,0.0,84.75625,10.11625,1.0,178.45125,2022,6,26,106.0,0,Peru_4005.csv
2022-06-27,4005,103.0,52.0,16.0,12.6,7.4,23.0,0,0,3,3,5,5,10,10,3.7687024417572323,0.7665718958647068,2.5556784,-3.447404,58.929684,-1.9557961,21,2022-06-27,15.14875,0.0,82.9575,11.48,1.0,160.41625,2022,6,27,103.0,0,Peru_4005.csv
2022-06-28,4005,119.0,38.0,14.0,11.0,4.0,23.0,0,0,3,3,5,5,10,10,2.788832761945955,1.5827821552619268,-2.0083385,0.1835806,63.593685,40.14901,21,2022-06-28,14.83,0.0,86.48875,13.8175,1.0,252.12,2022,6,28,119.0,0,Peru_4005.csv
2022-06-29,4005,88.0,31.0,15.0,17.0,5.0,23.0,2,2,1,1,4,4,4,4,1.3236677010497762,-0.7236583168513906,2.864809,-3.7697885,17.448109,-57.70118,21,2022-06-29,15.17875,0.0,83.51375,9.709999999999999,1.0,280.4875,2022,6,29,88.0,0,Peru_4005.csv
2022-06-30,4005,71.0,31.0,18.0,15.4,16.2,23.0,1,1,1,1,4,4,9,9,3.135894025220545,-3.55376814078469,4.088334,-2.9876115,29.990301,-62.90101,21,2022-06-30,14.6675,0.0,84.73875,8.2225,1.0,170.92374999999998,2022,6,30,71.0,0,Peru_4005.csv
2022-07-01,4005,72.0,45.0,20.0,21.6,19.0,23.0,1,1,0,0,4,4,9,9,4.833385815255568,-2.727160884496648,4.3653026,-2.6307902,68.5651,-35.617252,21,2022-07-01,14.71625,0.0,84.86375,9.69375,1.0,165.78625,2022,7,1,72.0,0,Peru_4005.csv
2022-07-02,4005,98.0,44.0,21.0,16.6,12.4,23.0,0,0,3,3,4,4,9,9,5.038683185739644,-0.4558573138885053,3.3361032,-3.4830523,26.14174,-55.082664,21,2022-07-02,14.765,0.0,86.7925,7.8425,1.0,180.41,2022,7,2,98.0,0,Peru_4005.csv
2022-07-03,4005,106.0,32.0,18.0,16.8,15.2,23.0,0,0,3,3,4,4,9,9,4.696238169646415,-0.74163997907259,3.07096,-3.4878278,26.832787,-55.376118,21,2022-07-03,14.625,0.0,87.63625,6.75125,1.0,220.23999999999998,2022,7,3,106.0,0,Peru_4005.csv
2022-07-04,4005,80.0,45.0,19.0,24.8,7.6,23.0,0,0,3,3,4,4,9,9,2.960590460186317,-0.4557386233411909,3.2392144,-3.5942397,24.5142,-54.961895,21,2022-07-04,14.6825,0.0,86.0825,8.9125,1.0,174.21375,2022,7,4,80.0,0,Peru_4005.csv
2022-07-05,4005,105.0,50.0,20.0,17.2,16.0,23.0,0,0,3,3,5,5,10,10,6.135549572130545,-0.03232422399986595,3.3337023,-3.3555455,64.75917,5.4645376,21,2022-07-05,14.765,0.0,82.7025,8.88125,1.0,187.95374999999999,2022,7,5,105.0,0,Peru_4005.csv
2022-07-06,4005,114.0,42.0,20.0,21.2,17.0,23.0,0,0,3,3,5,5,10,10,6.3400435609793435,0.3851798085197554,3.2795172,-3.3837,64.88045,5.710535,21,2022-07-06,14.678749999999999,0.0,86.775,9.53375,1.0,177.14625,2022,7,6,114.0,0,Peru_4005.csv
2022-07-07,4005,99.0,28.0,17.0,20.4,8.6,23.0,0,0,3,3,4,4,9,9,2.760292426115633,-0.3309102541499586,3.071636,-3.593375,27.39133,-55.966984,21,2022-07-07,14.465,0.0,85.86625,7.95,1.0,222.57375000000002,2022,7,7,99.0,0,Peru_4005.csv
2022-07-08,4005,67.0,43.0,20.0,15.4,19.0,24.0,1,1,0,0,0,0,2,2,4.567928282940391,-3.777045224041599,4.393308,-2.7378821,69.01524,-35.663555,21,2022-07-08,15.0875,0.0,83.5625,7.203749999999999,1.0,181.9425,2022,7,8,67.0,0,Peru_4005.csv
2022-07-09,4005,92.0,34.0,17.0,12.2,8.6,23.0,0,0,3,3,4,4,9,9,2.7228989719679184,-1.1370292116871636,3.1242917,-3.6435516,25.799038,-57.241398,21,2022-07-09,14.77375,0.0,87.0625,11.62875,1.0,170.54375,2022,7,9,92.0,0,Peru_4005.csv
2022-07-10,4005,84.0,27.0,15.0,17.4,5.4,23.0,2,2,1,1,4,4,4,4,0.9958466630677077,-1.234788091114355,2.989363,-3.884056,17.44556,-57.494793,21,2022-07-10,14.77625,0.0,88.24,11.959999999999999,1.0,177.27625,2022,7,10,84.0,0,Peru_4005.csv
2022-07-11,4005,74.0,23.0,18.0,14.8,18.2,23.0,1,1,0,0,4,4,9,9,3.225235660989922,-4.033039943045935,4.0989842,-2.993063,30.09641,-62.947357,21,2022-07-11,14.935,0.0,83.58875,9.9975,1.0,169.73375,2022,7,11,74.0,0,Peru_4005.csv
2022-07-12,4005,58.0,40.0,19.0,16.0,8.8,23.0,2,2,1,1,4,4,9,9,1.844511776483301,-3.0940384715729032,3.558966,-3.489062,22.98039,-66.283134,21,2022-07-12,14.37875,0.0,85.88499999999999,8.21625,1.0,196.40875,2022,7,12,58.0,0,Peru_4005.csv
2022-07-13,4005,88.0,47.0,19.0,21.2,9.6,23.0,0,0,3,3,4,4,9,9,3.806264683558024,-0.2912717788240626,3.2822351,-3.5628936,25.137478,-55.300793,21,2022-07-13,14.4325,0.0,87.0875,10.25125,1.0,168.32625000000002,2022,7,13,88.0,0,Peru_4005.csv
2022-07-14,4005,106.0,39.0,17.0,18.4,4.6,23.0,0,0,3,3,5,5,10,10,2.943808307527455,1.0838756306103077,2.5165904,-3.495861,58.163677,-5.7609167,21,2022-07-14,14.241249999999999,0.0,85.44875,13.33625,1.0,162.0725,2022,7,14,106.0,0,Peru_4005.csv
2022-07-15,4005,89.0,26.0,18.0,19.8,7.6,23.0,2,2,1,1,4,4,9,9,2.1963788262425656,-1.0979966200155316,3.155633,-3.6472669,27.747593,-55.611702,21,2022-07-15,14.0625,0.0,85.68875,11.6875,1.0,173.23000000000002,2022,7,15,89.0,0,Peru_4005.csv
2022-07-16,4005,67.0,25.0,18.0,16.4,9.2,23.0,2,2,1,1,4,4,4,4,1.3681661020965172,-3.1908233109123256,3.734574,-3.562155,23.933142,-65.95664,21,2022-07-16,14.43,0.0,83.59875,9.445,1.0,190.75,2022,7,16,67.0,0,Peru_4005.csv
2022-07-17,4005,64.0,36.0,18.0,21.4,14.6,22.0,1,1,1,1,4,4,9,9,2.6894993799051967,-3.035675194161222,3.995982,-2.9556751,29.244816,-62.799576,21,2022-07-17,14.30125,0.0,85.8025,7.76,1.0,225.4325,2022,7,17,64.0,0,Peru_4005.csv
2022-07-18,4005,85.0,43.0,21.0,13.0,9.8,22.0,0,0,3,3,4,4,9,9,3.79687060597527,-1.2498316787773065,3.4954488,-3.548788,25.066484,-57.962265,21,2022-07-18,14.637500000000001,0.0,84.94375,8.16625,1.0,187.95250000000001,2022,7,18,85.0,0,Peru_4005.csv
2022-07-19,4005,100.0,43.0,20.0,23.2,12.2,23.0,0,0,3,3,4,4,9,9,4.852927189151367,0.1716992075508433,3.3248546,-3.4745333,26.089705,-55.068604,21,2022-07-19,14.82625,0.0,85.125,8.77,1.0,191.3225,2022,7,19,100.0,0,Peru_4005.csv
2022-07-20,4005,101.0,25.0,19.0,19.8,10.0,23.0,0,0,3,3,4,4,9,9,3.359930125285606,-0.6058584589831801,3.076131,-3.6434956,27.490278,-55.98215,21,2022-07-20,14.20375,0.0,86.43125,9.55625,1.0,165.36875,2022,7,20,101.0,0,Peru_4005.csv
2022-07-21,4005,68.0,28.0,18.0,15.8,18.2,23.0,1,1,0,0,4,4,9,9,3.197283961407904,-4.143543371715797,4.102275,-2.9780452,30.05612,-62.932163,21,2022-07-21,14.0025,0.0,87.61875,10.7425,1.0,166.97875,2022,7,21,68.0,0,Peru_4005.csv
2022-07-22,4005,73.0,47.0,19.0,16.4,10.0,23.0,1,1,1,1,4,4,9,9,3.1486262542410626,-1.7787926158152767,3.5287151,-3.494096,25.272522,-60.74491,21,2022-07-22,14.26375,0.0,85.4225,9.605,1.0,184.74125,2022,7,22,73.0,0,Peru_4005.csv
2022-07-23,4005,112.0,36.0,18.0,13.2,7.6,23.0,0,0,3,3,5,5,10,10,3.8151575552873482,0.5853487566875865,2.6548643,-3.5172315,58.642162,-4.9434376,21,2022-07-23,14.43625,0.0,85.8375,7.45625,1.0,207.12375,2022,7,23,112.0,0,Peru_4005.csv
2022-07-24,4005,83.0,44.0,17.0,12.2,8.4,23.0,0,0,1,1,4,4,9,9,2.772596283562001,-1.26208877501211,3.439021,-3.6563609,23.20533,-58.285545,21,2022-07-24,14.59375,0.0,86.3075,9.12875,1.0,168.00125,2022,7,24,83.0,0,Peru_4005.csv
2022-07-25,4005,104.0,32.0,16.0,17.2,8.8,23.0,0,0,3,3,4,4,9,9,3.0371518173496854,-0.0030645081477864012,2.8046482,-3.5734293,26.96022,-56.15266,21,2022-07-25,14.62375,0.0,87.20875,10.35375,1.0,170.70875,2022,7,25,104.0,0,Peru_4005.csv
2022-07-26,4005,80.0,30.0,12.0,26.0,6.0,23.0,2,2,1,1,4,4,4,4,0.46906179282418276,-0.7458723526655174,2.721827,-3.7751956,14.600956,-57.03785,21,2022-07-26,14.6625,0.0,87.3425,11.5075,1.0,166.6675,2022,7,26,80.0,0,Peru_4005.csv
2022-07-27,4005,78.0,31.0,14.0,24.0,3.8,24.0,2,2,1,1,4,4,4,4,0.5197578485140298,-0.8935498100728921,2.9177132,-3.8500264,14.514254,-57.318382,21,2022-07-27,14.827499999999999,0.0,87.16,10.55625,1.0,169.4475,2022,7,27,78.0,0,Peru_4005.csv
2022-07-28,4005,79.0,21.0,14.0,15.0,3.2,24.0,2,2,1,1,4,4,4,4,-0.07298601652830243,-1.9057734658724217,2.9098868,-4.147233,14.167788,-62.026394,21,2022-07-28,14.5175,0.0,88.025,9.85375,1.0,179.52,2022,7,28,79.0,0,Peru_4005.csv
2022-07-29,4005,59.0,21.0,13.0,3.0,4.0,23.0,2,2,1,1,1,1,4,4,-1.2016080992040952,-4.173972999704765,5.3942323,3.8269887,-20.824726,-87.92238,21,2022-07-29,14.495,0.0,84.39625,8.32375,1.0,245.45250000000001,2022,7,29,59.0,0,Peru_4005.csv
2022-07-30,4005,57.0,33.0,14.0,3.0,4.6,24.0,2,2,2,2,1,1,4,4,-0.27414770093470914,-3.951151650911604,3.1779304,-4.5630293,7.0718274,-79.71952,21,2022-07-30,14.75875,0.0,83.1975,8.57625,1.0,163.225,2022,7,30,57.0,0,Peru_4005.csv
2022-07-31,4005,76.0,26.0,15.0,3.0,6.6,23.0,2,2,1,1,4,4,4,4,0.7543946326826501,-3.068902965235069,3.4210737,-3.6872177,13.139698,-65.64158,21,2022-07-31,14.355,0.0,87.36,9.98,1.0,175.9425,2022,7,31,76.0,0,Peru_4005.csv
2022-08-01,4005,69.0,39.0,16.0,3.0,3.8,23.0,2,2,1,1,4,4,4,4,0.7902188640026416,-2.5965613345804446,3.2112637,-3.9305081,13.091812,-64.653076,21,2022-08-01,14.3475,0.0,87.3125,10.22625,1.0,176.69375,2022,8,1,69.0,0,Peru_4005.csv
2022-08-02,4005,96.0,38.0,16.0,3.0,4.6,24.0,0,0,3,3,4,4,4,4,2.2725700830126296,-0.9265042767975206,2.7431662,-3.6468315,58.20499,-3.9232187,21,2022-08-02,14.161249999999999,0.0,86.45875,10.02125,1.0,166.9725,2022,8,2,96.0,0,Peru_4005.csv
2022-08-03,4005,86.0,34.0,15.0,3.0,8.8,23.0,2,2,1,1,4,4,4,4,2.049548929579629,-2.220503302403661,3.2184794,-3.7102234,15.168037,-65.31478,21,2022-08-03,14.1625,0.0,87.69625,11.42125,1.0,179.02375,2022,8,3,86.0,0,Peru_4005.csv
2022-08-04,4005,78.0,36.0,16.0,3.0,5.0,24.0,2,2,2,2,4,4,4,4,1.3732917491726093,-2.38015957091858,3.229827,-3.9200428,13.347511,-64.69134,21,2022-08-04,14.615,0.0,85.99625,8.60125,1.0,218.44625,2022,8,4,78.0,0,Peru_4005.csv
2022-08-05,4005,79.0,45.0,12.2,16.6,7.2,18.8,2,2,1,1,4,4,9,9,1.0731527419326679,-0.34784517731149805,2.365208,-2.8281844,10.214315,-54.192554,21,2022-08-05,14.41625,0.0,87.09875,8.37,1.0,181.22375,2022,8,5,79.0,0,Peru_4005.csv
2022-08-06,4005,76.26329315845445,39.0951871657754,11.939310035171744,12.942866095675788,8.522758485383559,9.978580024067387,2,2,1,1,4,4,9,9,0.03549621024003731,-0.08868490030010638,18.601778,-0.21008277,-13.194237,61.20619,21,2022-08-06,14.26875,0.0,87.08375,10.355,1.0,170.995,2022,8,6,76.26329315845445,0,Peru_4005.csv
2022-08-07,4005,76.26329315845445,39.0951871657754,11.939310035171744,12.942866095675788,8.522758485383559,9.978580024067387,2,2,1,1,4,4,9,9,0.03549621024003731,-0.08868490030010638,19.156832,-0.5323973,-13.194237,61.20619,21,2022-08-07,14.47,0.0,85.62,9.955,1.0,204.04500000000002,2022,8,7,76.26329315845445,0,Peru_4005.csv
2022-08-08,4005,76.4,33.0,20.2,5.6,21.8,24.0,1,1,0,0,0,0,2,2,5.033853884967778,-4.6721445234691625,4.3838263,-2.914586,32.966396,-61.680298,21,2022-08-08,14.57125,0.0,85.34375,9.725,1.0,204.31,2022,8,8,76.4,0,Peru_4005.csv
2022-08-09,4005,80.0,32.0,15.4,14.0,10.8,24.0,1,1,1,1,4,4,4,4,2.203299989553686,-2.3452454305179224,3.2556472,-3.6406038,23.09993,-60.97137,21,2022-08-09,14.1875,0.0,87.5125,8.2525,1.0,232.39000000000001,2022,8,9,80.0,0,Peru_4005.csv
2022-08-10,4005,75.0,43.0,11.0,9.4,9.6,24.0,2,2,2,2,4,4,4,4,1.4149486883723987,-2.2328747282950716,2.9109256,-3.910387,4.5698004,-76.090744,21,2022-08-10,14.5,0.0,86.70375,6.805,1.0,197.9875,2022,8,10,75.0,0,Peru_4005.csv
2022-08-11,4005,99.0,38.0,14.8,16.0,9.6,24.0,0,0,3,3,4,4,9,9,3.0948584768311966,-0.3568735270108783,2.837611,-3.61588,26.479937,-56.42507,21,2022-08-11,14.66875,0.0,84.51875,9.178749999999999,1.0,176.1825,2022,8,11,99.0,0,Peru_4005.csv
2022-08-12,4005,93.0,29.0,13.0,13.2,3.0,24.0,2,2,1,1,4,4,4,4,0.7752815907504264,-0.5730840934427247,2.5419388,-3.7739654,16.459372,-60.217056,21,2022-08-12,14.026250000000001,0.0,88.5425,10.74875,1.0,168.68875,2022,8,12,93.0,0,Peru_4005.csv
2022-08-13,4005,76.0,53.0,13.4,13.2,5.2,24.0,2,2,1,1,4,4,4,4,1.68184610769589,-0.8870586436398428,2.8832228,-3.6862905,20.12547,-60.02108,21,2022-08-13,14.32,0.0,85.7325,7.96875,1.0,180.885,2022,8,13,76.0,0,Peru_4005.csv
2022-08-14,4005,121.0,63.0,11.6,14.2,9.6,24.0,0,0,3,3,5,5,10,10,4.800462562810056,2.436433131966139,-2.0122721,-0.171759,70.82307,25.878922,21,2022-08-14,14.72375,0.0,84.45125,6.955,1.0,189.39125,2022,8,14,121.0,0,Peru_4005.csv
2022-08-15,4005,148.0,39.0,14.0,16.2,12.0,24.0,0,0,3,3,5,5,10,10,5.779686002478001,2.9732060545640744,-2.5869088,0.52519435,81.660805,35.79255,21,2022-08-15,14.9275,0.0,86.86,12.85375,1.0,167.51125,2022,8,15,148.0,0,Peru_4005.csv
2022-08-16,4005,95.0,30.0,12.6,10.6,9.4,24.0,2,2,1,1,4,4,4,4,1.9946872742138535,-1.3632741644497952,2.8834693,-3.655866,18.788998,-58.7063,21,2022-08-16,14.10125,0.0,88.0,8.48,1.0,204.82375,2022,8,16,95.0,0,Peru_4005.csv
2022-08-17,4005,73.0,36.0,6.0,16.4,2.8,23.0,2,2,1,1,1,1,4,4,-1.369650633792029,-1.1039330142462667,2.3065133,-4.679013,-6.3058157,-83.37557,21,2022-08-17,14.22125,0.0,88.07249999999999,8.123750000000001,1.0,201.115,2022,8,17,73.0,0,Peru_4005.csv
2022-08-18,4005,84.0,41.0,10.0,13.2,9.6,24.0,2,2,2,2,4,4,4,4,1.5467462583408258,-1.3787745257004091,2.9122124,-3.772523,3.299897,-75.38813,21,2022-08-18,14.2325,0.0,86.88625,8.001249999999999,1.0,193.37625,2022,8,18,84.0,0,Peru_4005.csv
2022-08-19,4005,95.0,55.0,12.0,10.6,10.0,24.0,0,0,3,3,5,5,4,4,3.2800448776323714,-0.170544907408099,2.6501627,-3.4269989,60.620457,0.6772396,21,2022-08-19,14.2825,0.0,87.08375,7.485,1.0,189.20875,2022,8,19,95.0,0,Peru_4005.csv
2022-08-20,4005,130.0,36.0,9.2,17.6,5.8,24.0,0,0,3,3,5,5,10,10,2.661162873367553,2.520267919055076,-2.0839162,0.06718188,63.462376,40.7273,21,2022-08-20,13.7275,0.0,88.84875,10.4925,1.0,171.855,2022,8,20,130.0,0,Peru_4005.csv
2022-08-21,4005,90.0,23.0,11.6,20.8,4.0,23.0,2,2,1,1,4,4,4,4,0.1371387241961039,-0.49211641563452174,2.5113344,-3.8067024,15.532475,-59.502033,21,2022-08-21,13.870000000000001,0.0,88.00625,9.887500000000001,1.0,172.24375,2022,8,21,90.0,0,Peru_4005.csv
2022-08-22,4005,65.0,29.0,14.0,10.4,14.6,24.0,1,1,1,1,4,4,4,4,1.720767226552002,-4.288258506067623,4.046007,-3.1031988,33.266697,-70.83426,21,2022-08-22,13.7525,0.0,87.53,9.32,1.0,173.82875,2022,8,22,65.0,0,Peru_4005.csv
2022-08-23,4005,75.0,44.0,14.2,7.6,5.6,24.0,2,2,2,2,4,4,4,4,1.393027213465236,-1.8905783228328041,3.1543078,-3.937549,12.631661,-64.16234,21,2022-08-23,13.9225,0.0,87.06625,11.262500000000001,1.0,165.12,2022,8,23,75.0,0,Peru_4005.csv
2022-08-24,4005,103.0,32.0,16.0,11.8,10.6,24.0,0,0,3,3,4,4,9,9,3.3947498528323985,-0.8308720734372718,2.855127,-3.5546138,26.65574,-56.308903,21,2022-08-24,13.98125,0.0,88.245,10.1425,1.0,168.74875,2022,8,24,103.0,0,Peru_4005.csv
2022-08-25,4005,80.0,26.0,22.2,9.0,11.0,24.0,1,1,1,1,4,4,7,7,3.304518669712808,-3.2050858448367023,3.76975,-3.4949756,27.742922,-65.52074,21,2022-08-25,13.795,0.0,88.41125,9.5775,1.0,164.5425,2022,8,25,80.0,0,Peru_4005.csv
2022-08-26,4005,69.0,39.0,15.6,14.0,10.0,24.0,1,1,1,1,4,4,4,4,1.9330201209393802,-2.6949945859253663,3.46425,-3.4575741,24.604551,-61.34041,21,2022-08-26,14.18875,0.0,86.345,11.50125,1.0,162.31625,2022,8,26,69.0,0,Peru_4005.csv
2022-08-27,4005,92.0,36.0,11.8,13.4,5.0,24.0,2,2,1,1,4,4,4,4,1.2081773060747376,-0.5017329973834527,2.520546,-3.6571825,17.203043,-59.55608,21,2022-08-27,14.120000000000001,0.0,87.08875,13.518749999999999,1.0,166.9425,2022,8,27,92.0,0,Peru_4005.csv
2022-08-28,4005,89.0,30.0,18.8,14.8,11.8,24.0,1,1,1,1,4,4,9,9,3.407004567521863,-1.9451152396200937,3.2616215,-3.6364806,25.983269,-57.64563,21,2022-08-28,13.8875,0.0,86.40625,10.76875,1.0,173.41625,2022,8,28,89.0,0,Peru_4005.csv
2022-08-29,4005,78.0,38.0,11.4,15.0,7.6,24.0,2,2,1,1,4,4,4,4,1.0278769673284256,-1.614905633255719,2.916317,-3.7399948,14.043138,-59.866737,21,2022-08-29,13.8825,0.0,86.55625,11.77875,1.0,167.93375,2022,8,29,78.0,0,Peru_4005.csv
2022-08-30,4005,88.0,36.0,14.2,12.8,5.8,24.0,2,2,1,1,4,4,4,4,1.6475231010241103,-0.9950820029239328,2.8382502,-3.7162921,17.936954,-59.26692,21,2022-08-30,14.0325,0.0,86.45875,11.977500000000001,1.0,170.5025,2022,8,30,88.0,0,Peru_4005.csv
2022-08-31,4005,90.0,25.0,11.2,13.0,3.2,24.0,2,2,1,1,4,4,4,4,0.0923043709083662,-0.9861339228738812,2.5546298,-3.9020686,16.000011,-60.403595,21,2022-08-31,14.030000000000001,0.0,85.89,14.04875,1.0,161.4275,2022,8,31,90.0,0,Peru_4005.csv
2022-09-01,4005,66.0,34.0,9.0,8.6,2.0,24.0,2,2,2,2,1,1,4,4,-1.2677213258304012,-2.389213136439821,2.5692775,-4.803711,-5.960794,-84.479164,21,2022-09-01,14.33875,0.0,84.35375,11.317499999999999,1.0,173.4075,2022,9,1,66.0,0,Peru_4005.csv
2022-09-02,4005,80.0,40.0,13.0,15.4,10.8,24.0,2,2,1,1,4,4,4,4,2.1325305881990704,-1.7824344762579027,3.0100272,-3.6367612,22.422443,-60.50616,21,2022-09-02,14.4325,0.0,82.78,8.6375,1.0,203.885,2022,9,2,80.0,0,Peru_4005.csv
2022-09-03,4005,85.0,53.0,12.4,18.2,5.2,24.0,0,0,3,3,5,5,4,4,1.919292916962424,0.15513861906551077,2.475621,-3.3378582,19.726913,-59.791965,21,2022-09-03,14.7,0.0,82.88375,8.31,1.0,174.09875,2022,9,3,85.0,0,Peru_4005.csv
2022-09-04,4005,120.0,45.0,10.6,11.6,12.0,24.0,0,0,3,3,5,5,10,10,4.043221694544243,0.9942655959945818,2.3926766,-3.3672156,62.49421,-0.96189725,21,2022-09-04,14.465,0.0,85.5725,8.205,1.0,196.4775,2022,9,4,120.0,0,Peru_4005.csv
2022-09-05,4005,106.0,37.0,15.2,8.8,5.8,24.0,0,0,3,3,5,5,10,10,2.764894683361595,0.04068614683973529,2.6178958,-3.520142,58.26002,-3.7365735,21,2022-09-05,14.60875,0.0,85.67625,9.2975,1.0,177.52125,2022,9,5,106.0,0,Peru_4005.csv
2022-09-06,4005,85.0,49.0,10.4,15.6,4.0,24.0,0,0,3,3,5,5,4,4,1.0838502246477684,-0.035420731984998406,2.3870819,-3.4838793,19.110252,-59.983173,21,2022-09-06,14.5025,0.0,84.225,9.973749999999999,1.0,175.10875,2022,9,6,85.0,0,Peru_4005.csv
2022-09-07,4005,108.0,28.0,14.2,22.4,3.4,23.0,0,0,3,3,5,5,10,10,1.687666770103328,1.189982566666126,2.4282224,-3.4750218,57.574474,-6.477627,21,2022-09-07,13.98125,0.0,87.71375,11.504999999999999,1.0,168.605,2022,9,7,108.0,0,Peru_4005.csv
2022-09-08,4005,72.0,23.0,14.0,22.6,15.2,24.0,1,1,1,1,4,4,4,4,1.872294194285033,-3.2648164060914793,3.9126067,-3.0455165,29.558706,-63.398937,21,2022-09-08,14.025,0.0,85.4375,13.14125,1.0,160.96875,2022,9,8,72.0,0,Peru_4005.csv
2022-09-09,4005,62.0,28.0,15.2,18.6,9.2,24.0,2,2,1,1,4,4,4,4,0.8046813223336786,-3.306084654904443,3.6268454,-3.4954863,23.889929,-65.92009,21,2022-09-09,14.3,0.0,83.54249999999999,12.055,1.0,171.995,2022,9,9,62.0,0,Peru_4005.csv
2022-09-10,4005,69.0,38.0,9.6,10.8,9.8,24.0,2,2,2,2,1,1,4,4,0.6191167173684351,-2.806014263281362,2.934613,-4.1368313,6.0890784,-75.985085,21,2022-09-10,14.69375,0.0,84.4075,10.72875,1.0,170.16,2022,9,10,69.0,0,Peru_4005.csv
2022-09-11,4005,88.0,35.0,17.2,13.0,11.2,24.0,1,1,1,1,4,4,9,9,3.181987607495328,-1.7836281618194487,3.2443004,-3.6309278,25.757479,-57.645405,21,2022-09-11,14.92375,0.0,85.54125,9.5025,1.0,183.28125,2022,9,11,88.0,0,Peru_4005.csv
2022-09-12,4005,85.0,31.0,13.8,13.2,9.6,24.0,2,2,1,1,4,4,4,4,1.8487492733531459,-1.901567303862053,3.0589914,-3.681817,22.807062,-60.775936,21,2022-09-12,14.78875,0.0,84.16125,10.46625,1.0,205.29874999999998,2022,9,12,85.0,0,Peru_4005.csv
2022-09-13,4005,75.0,29.0,17.4,13.2,10.6,24.0,1,1,1,1,4,4,4,4,2.1761988955683202,-2.9404167516425237,3.5194569,-3.6291127,24.178602,-64.901726,21,2022-09-13,14.7775,0.0,83.4425,11.14,1.0,189.17125000000001,2022,9,13,75.0,0,Peru_4005.csv
2022-09-14,4005,73.0,37.0,15.4,14.4,5.0,23.0,2,2,1,1,4,4,4,4,0.9901202479512953,-1.708940163796362,3.0954945,-4.0762215,12.38014,-61.244823,21,2022-09-14,14.475,0.0,85.4175,9.12375,1.0,224.98,2022,9,14,73.0,0,Peru_4005.csv
2022-09-15,4005,83.0,40.0,13.6,14.4,12.2,24.0,1,1,1,1,4,4,4,4,2.650735087987727,-1.829287889640457,3.0402653,-3.6331184,22.515305,-60.533134,21,2022-09-15,14.61125,0.0,86.03625,7.685,1.0,210.47875,2022,9,15,83.0,0,Peru_4005.csv
2022-09-16,4005,86.0,36.0,12.2,18.8,9.0,23.0,2,2,1,1,4,4,4,4,1.6423829279703108,-0.9198171566698503,2.9016464,-3.6602623,15.781105,-56.37391,21,2022-09-16,14.901250000000001,0.0,84.14625,9.227500000000001,1.0,180.44375,2022,9,16,86.0,0,Peru_4005.csv
2022-09-17,4005,84.0,47.0,14.0,13.2,9.6,24.0,0,0,3,3,4,4,4,4,2.6726712444376908,-1.176755581037227,2.9881883,-3.7450898,21.774437,-60.20328,21,2022-09-17,15.30875,0.0,84.36125,14.3375,1.0,166.82375,2022,9,17,84.0,0,Peru_4005.csv
2022-09-18,4005,111.0,23.0,10.6,20.0,10.8,24.0,0,0,3,3,5,5,10,10,2.2614899812041083,0.0054525160055947835,2.4739614,-3.4963753,58.436703,-8.1816635,21,2022-09-18,14.6325,0.0,87.11375,10.17375,1.0,192.29749999999999,2022,9,18,111.0,0,Peru_4005.csv
2022-09-19,4005,65.0,34.0,10.0,16.2,3.4,23.0,2,2,1,1,1,1,4,4,-0.9369338252976974,-1.9722176326573424,2.7697766,-4.4888725,-4.415644,-80.6994,21,2022-09-19,14.918750000000001,0.0,86.135,8.69875,1.0,215.64375,2022,9,19,65.0,0,Peru_4005.csv
2022-09-20,4005,79.0,27.0,14.0,11.0,2.4,24.0,2,2,1,1,4,4,4,4,0.08853033887086532,-1.7971455737649933,2.9605186,-4.1436405,14.075048,-62.42242,21,2022-09-20,14.945,0.0,84.63125,12.01,1.0,175.60875,2022,9,20,79.0,0,Peru_4005.csv
2022-09-21,4005,71.0,31.0,17.0,10.0,7.6,24.0,2,2,1,1,4,4,4,4,1.459353071807643,-2.9768564385445893,3.5113275,-3.7179322,24.03095,-65.17221,21,2022-09-21,14.595,0.0,84.1625,11.373750000000001,1.0,187.70250000000001,2022,9,21,71.0,0,Peru_4005.csv
2022-09-22,4005,75.0,43.0,17.0,9.8,15.2,24.0,1,1,1,1,4,4,9,9,3.6484025160062035,-3.055884396884686,4.005252,-3.0894163,32.311703,-62.181232,21,2022-09-22,14.88875,0.0,81.40125,9.8325,1.0,191.72875,2022,9,22,75.0,0,Peru_4005.csv
2022-09-23,4005,99.0,30.0,14.0,13.4,5.0,25.0,0,0,3,3,4,4,4,4,1.7699526072517082,-0.48397354604565596,2.6368618,-3.7527802,16.897646,-60.074924,21,2022-09-23,14.3425,0.0,83.3175,10.39875,1.0,167.55625,2022,9,23,99.0,0,Peru_4005.csv
2022-09-24,4005,72.0,34.0,8.0,7.8,3.2,24.0,2,2,2,2,1,1,4,4,-0.9664162228724633,-2.1395851188970356,2.3015783,-4.8111496,-6.018325,-84.89722,21,2022-09-24,14.58625,0.0,83.33375,10.93375,1.0,171.43625,2022,9,24,72.0,0,Peru_4005.csv
2022-09-25,4005,83.0,27.0,7.0,4.6,2.2,24.0,2,2,2,2,3,3,4,4,-1.188735512105561,-1.7779691224676828,1.9634249,-4.9232464,-5.4390774,-90.417725,21,2022-09-25,14.63875,0.0,83.605,11.3875,1.0,182.72,2022,9,25,83.0,0,Peru_4005.csv
2022-09-26,4005,70.0,30.0,6.0,6.4,3.2,25.0,2,2,2,2,3,3,4,4,-1.5913812036397055,-2.6718466391785056,2.0464327,-5.1488976,-8.095459,-89.68075,21,2022-09-26,14.383750000000001,0.0,83.18875,10.95,1.0,201.9225,2022,9,26,70.0,0,Peru_4005.csv
2022-09-27,4005,71.0,33.0,7.0,15.8,2.6,23.0,2,2,1,1,1,1,4,4,-1.4553984902312271,-1.4425873974928836,2.4159393,-4.609289,-6.3001976,-83.3505,21,2022-09-27,14.74875,0.0,81.87125,8.6,1.0,195.87375,2022,9,27,71.0,0,Peru_4005.csv
2022-09-28,4005,78.0,47.0,7.0,9.0,6.8,25.0,2,2,2,2,3,3,4,4,0.5352264074797451,-1.5274558186166305,2.2308426,-4.4798937,-1.6235018,-84.05019,21,2022-09-28,14.36875,0.0,83.4325,9.48625,1.0,190.5425,2022,9,28,78.0,0,Peru_4005.csv
2022-09-29,4005,100.0,42.0,6.0,7.8,7.2,24.0,0,0,2,2,5,5,4,4,1.1144567397309653,-0.1650192985456394,2.1791005,-4.230754,0.91628337,-88.50214,21,2022-09-29,14.42125,0.0,83.87875,9.41375,1.0,182.68625,2022,9,29,100.0,0,Peru_4005.csv
2022-09-30,4005,89.0,39.0,6.0,6.8,5.2,28.0,2,2,2,2,3,3,4,4,0.4191014842989701,-1.4689313261356598,2.1051087,-4.5576134,-0.6319042,-89.482315,21,2022-09-30,14.82625,0.0,82.32375,9.9275,1.0,185.15,2022,9,30,89.0,0,Peru_4005.csv
2022-10-01,4005,88.0,44.0,5.0,9.0,3.6,25.0,2,2,2,2,3,3,4,4,-0.12382226865109093,-0.5021769461708802,2.0574815,-4.566412,-0.79333293,-88.95504,21,2022-10-01,14.84125,0.0,82.42125,11.645,1.0,177.60875,2022,10,1,88.0,0,Peru_4005.csv
2022-10-02,4005,99.0,34.0,5.0,11.4,4.6,25.0,2,2,2,2,3,3,4,4,0.07084992724975252,-0.15725817353183968,2.1255772,-4.3502846,0.66067135,-89.159424,21,2022-10-02,14.6475,0.0,85.69625,10.7675,1.0,182.52625,2022,10,2,99.0,0,Peru_4005.csv
2022-10-03,4005,84.0,25.0,5.0,13.0,4.4,24.0,2,2,2,2,1,1,4,4,-1.2420383364718315,-1.418261421875891,2.05655,-4.8040047,-4.012719,-91.28578,21,2022-10-03,14.63125,0.0,85.85875,13.515,1.0,166.86625,2022,10,3,84.0,0,Peru_4005.csv
2022-10-04,4005,67.0,27.0,5.0,4.0,3.0,24.0,2,2,2,2,1,1,4,4,-2.223357111352401,-3.031383362477179,1.9215896,-5.256767,-8.620774,-90.2336,21,2022-10-04,14.375,0.0,85.9475,12.13875,1.0,173.74,2022,10,4,67.0,0,Peru_4005.csv
2022-10-05,4005,70.0,30.0,5.0,5.6,1.6,24.0,2,2,2,2,1,1,4,4,-2.1734839717197287,-2.3706665307502095,1.9018476,-5.2025104,-8.150006,-90.52685,21,2022-10-05,14.67375,0.0,83.51625,11.55625,1.0,171.6575,2022,10,5,70.0,0,Peru_4005.csv
2022-10-06,4005,73.0,40.0,6.0,8.4,4.2,24.0,2,2,2,2,1,1,4,4,-0.8319913838630695,-1.798812906579634,2.0529263,-4.9116335,-6.3977118,-86.76052,21,2022-10-06,14.69375,0.0,83.04124999999999,8.96375,1.0,192.12,2022,10,6,73.0,0,Peru_4005.csv
2022-10-07,4005,86.0,38.0,5.0,7.8,6.0,24.0,2,2,2,2,3,3,4,4,-0.1885284268331116,-1.203496337371786,2.0826042,-4.602197,-0.7247106,-89.21879,21,2022-10-07,15.08,0.0,81.24375,8.7825,1.0,186.77625,2022,10,7,86.0,0,Peru_4005.csv
2022-10-08,4005,86.0,34.0,5.0,5.0,4.0,26.0,2,2,2,2,3,3,4,4,-0.5849661059005001,-1.6252252493227644,2.0377853,-4.7442737,-1.1915603,-89.81122,21,2022-10-08,14.5875,0.0,84.73875,13.35125,1.0,169.52625,2022,10,8,86.0,0,Peru_4005.csv
2022-10-09,4005,82.0,25.0,5.0,4.2,10.4,26.0,2,2,2,2,3,3,4,4,-0.09040155383164405,-3.229255617323461,2.1044087,-4.9606,-9.094089,-86.30062,21,2022-10-09,14.7625,0.0,83.82875,10.57875,1.0,180.48,2022,10,9,82.0,0,Peru_4005.csv
2022-10-10,4005,67.0,31.0,5.0,8.6,3.6,24.0,2,2,2,2,1,1,4,4,-1.900508512662148,-2.569609461512663,1.9861282,-5.1515665,-8.12332,-89.57121,21,2022-10-10,15.325,0.0,81.92625,9.8325,1.0,189.115,2022,10,10,67.0,0,Peru_4005.csv
2022-10-11,4005,74.0,35.0,5.0,9.8,9.4,27.0,2,2,2,2,3,3,4,4,-0.04061767591591579,-2.905328328150687,2.1809402,-4.9751225,-9.044137,-86.88019,21,2022-10-11,15.342500000000001,0.0,81.895,11.01,1.0,175.6825,2022,10,11,74.0,0,Peru_4005.csv
2022-10-12,4005,79.0,30.0,5.0,8.2,4.6,24.0,2,2,2,2,1,1,4,4,-1.1939830610018345,-1.906024187398749,2.0051017,-4.9232693,-6.81186,-89.35542,21,2022-10-12,14.870000000000001,0.0,84.94875,10.54375,1.0,184.75375,2022,10,12,79.0,0,Peru_4005.csv
2022-10-13,4005,72.0,28.0,5.0,7.8,4.4,25.0,2,2,2,2,3,3,4,4,-1.5836483563903294,-2.65104339167615,1.9883925,-5.124004,-7.8879347,-89.50386,21,2022-10-13,14.4225,0.0,85.50625,10.223749999999999,1.0,189.96125,2022,10,13,72.0,0,Peru_4005.csv
2022-10-14,4005,68.0,31.0,5.0,8.2,5.0,24.0,2,2,2,2,1,1,4,4,-1.5999659448327892,-2.7025186258460754,2.023727,-5.070309,-8.142516,-89.27094,21,2022-10-14,15.37875,0.0,79.37125,11.325,1.0,171.52875,2022,10,14,68.0,0,Peru_4005.csv
2022-10-15,4005,75.0,34.0,5.0,6.6,3.8,24.0,2,2,2,2,1,1,4,4,-1.32575186252755,-2.0115828265591573,2.0230815,-4.9791636,-7.263067,-89.01273,21,2022-10-15,15.002500000000001,0.0,81.82625,13.67875,1.0,175.12,2022,10,15,75.0,0,Peru_4005.csv
2022-10-16,4005,76.0,32.0,4.0,9.6,8.0,25.0,2,2,2,2,3,3,4,4,-0.7335890365021324,-2.457131707608092,2.1099656,-4.9584913,-9.225343,-86.86859,21,2022-10-16,14.98625,0.0,83.01,15.05125,1.0,170.86,2022,10,16,76.0,0,Peru_4005.csv
2022-10-17,4005,79.0,23.0,4.0,4.6,5.0,24.0,2,2,2,2,1,1,4,4,-1.6941685962560382,-2.5460465889534047,1.9538314,-5.0446067,-6.554934,-90.049324,21,2022-10-17,14.74375,0.0,85.81625,12.16625,1.0,169.60375,2022,10,17,79.0,0,Peru_4005.csv
2022-10-18,4005,63.0,28.0,5.0,8.4,7.0,29.0,2,2,2,2,3,3,4,4,-1.1934060542124516,-4.121033951818394,2.074126,-5.220996,-10.880686,-88.04642,21,2022-10-18,14.81625,0.0,84.91625,12.19125,1.0,164.235,2022,10,18,63.0,0,Peru_4005.csv
2022-10-19,4005,70.0,27.0,5.0,11.8,0.6,25.0,2,2,2,2,1,1,4,4,-2.4127582759514183,-2.0754148360669644,1.9012845,-5.3477426,-7.999363,-94.06907,21,2022-10-19,14.6225,0.0,85.68125,12.4425,1.0,164.3075,2022,10,19,70.0,0,Peru_4005.csv
2022-10-20,4005,68.0,38.0,5.0,5.2,7.6,26.0,2,2,2,2,3,3,4,4,-0.5940831600867154,-3.1657853295609577,2.055783,-5.033146,-8.812989,-87.583084,21,2022-10-20,14.9175,0.0,84.02,10.637500000000001,1.0,173.99,2022,10,20,68.0,0,Peru_4005.csv
2022-10-21,4005,87.0,50.0,10.0,10.8,10.0,26.0,1,1,2,2,3,3,4,4,2.404580099243361,-1.204062587466882,2.7179494,-3.7975216,2.9327776,-75.898094,21,2022-10-21,14.9425,0.0,83.215,9.5975,1.0,180.79125,2022,10,21,87.0,0,Peru_4005.csv
2022-10-22,4005,112.0,46.0,6.0,8.8,9.0,27.0,0,0,2,2,5,5,4,4,2.4924472640740696,0.349528172613556,2.2807229,-3.9243765,1.7448996,-87.97404,21,2022-10-22,15.23,0.0,82.15625,10.38375,1.0,178.25625,2022,10,22,112.0,0,Peru_4005.csv
2022-10-23,4005,104.0,38.0,5.0,8.8,4.8,25.0,0,0,2,2,5,5,4,4,0.5521065040479068,0.18980571724873027,2.1379452,-4.2738433,0.9651549,-88.84806,21,2022-10-23,15.42,0.0,82.93125,12.66,1.0,170.855,2022,10,23,104.0,0,Peru_4005.csv
2022-10-24,4005,88.0,26.0,5.0,10.2,2.0,25.0,2,2,2,2,3,3,4,4,-1.3464890675651435,-1.1155874261186844,2.0181882,-4.8026915,-3.6321146,-91.28788,21,2022-10-24,15.53625,0.0,83.49125,12.0,1.0,174.61875,2022,10,24,88.0,0,Peru_4005.csv
2022-10-25,4005,65.0,19.0,5.0,5.6,4.6,25.0,2,2,2,2,1,1,4,4,-2.3557514299489872,-3.7951749963454255,1.9109595,-5.3683753,-9.483588,-90.21883,21,2022-10-25,15.51375,0.0,83.4725,13.5275,1.0,168.94125,2022,10,25,65.0,0,Peru_4005.csv
2022-10-26,4005,53.0,31.0,5.0,7.0,2.8,25.0,2,2,2,2,1,1,4,4,-2.6337666869172196,-3.733508012433163,1.8152742,-5.558042,-12.752103,-93.16063,21,2022-10-26,15.36,0.0,84.49875,11.5475,1.0,180.70875,2022,10,26,53.0,0,Peru_4005.csv
2022-10-27,4005,72.0,41.0,6.0,6.2,4.8,25.0,2,2,2,2,3,3,4,4,-0.6346219128117466,-2.1913956093829507,2.0559747,-4.9294486,-6.624996,-86.92882,21,2022-10-27,15.755,0.0,82.48875,10.265,1.0,176.25,2022,10,27,72.0,0,Peru_4005.csv
2022-10-28,4005,90.0,31.0,6.0,8.0,5.6,28.0,2,2,2,2,3,3,4,4,0.12557843502769842,-1.7600741726028026,2.0768259,-4.6027203,-0.6988326,-89.97631,21,2022-10-28,15.43125,0.0,83.615,9.5875,1.0,182.82875,2022,10,28,90.0,0,Peru_4005.csv
2022-10-29,4005,74.0,42.0,6.0,7.4,1.8,26.0,2,2,2,2,3,3,4,4,-0.9381255309362416,-1.6653065757481922,1.9672881,-4.9946313,-6.1467986,-87.316895,21,2022-10-29,15.321250000000001,0.0,83.82125,10.373750000000001,1.0,180.9125,2022,10,29,74.0,0,Peru_4005.csv
2022-10-30,4005,96.0,40.0,5.0,6.4,5.8,24.0,2,2,2,2,3,3,4,4,0.3592655777212893,-0.45660767316292705,2.0914762,-4.3537045,0.32398614,-88.98099,21,2022-10-30,15.58,0.0,82.09375,12.16,1.0,177.64125,2022,10,30,96.0,0,Peru_4005.csv
2022-10-31,4005,95.0,37.0,5.0,8.8,2.4,25.0,2,2,2,2,3,3,4,4,-0.3672335524675762,-0.21011467419323968,2.0444565,-4.5266747,0.14786981,-89.332596,21,2022-10-31,15.62375,0.0,82.07375,11.94,1.0,173.5575,2022,10,31,95.0,0,Peru_4005.csv
2022-11-01,4005,86.0,30.0,4.0,9.6,14.8,30.0,1,1,2,2,3,3,4,4,1.314798289684243,-3.3577604946140247,2.3319263,-4.345528,2.0495381,-79.37956,21,2022-11-01,15.65625,0.0,82.4775,13.80125,1.0,169.72625,2022,11,1,86.0,0,Peru_4005.csv
2022-11-02,4005,79.0,21.0,4.0,5.0,5.6,24.0,2,2,2,2,1,1,4,4,-1.6891289398178355,-2.6924785098561306,1.9633722,-5.0931644,-6.54979,-90.06136,21,2022-11-02,15.47875,0.0,84.19625,12.645,1.0,169.11624999999998,2022,11,2,79.0,0,Peru_4005.csv
2022-11-03,4005,58.0,27.0,4.0,10.2,2.2,25.0,2,2,2,2,1,1,4,4,-2.9079526926735766,-3.237726632244931,1.6523575,-5.6552444,-10.652147,-95.561646,21,2022-11-03,16.04625,0.0,79.745,12.66375,1.0,166.88125,2022,11,3,58.0,0,Peru_4005.csv
2022-11-04,4005,67.0,22.0,4.0,9.8,3.6,27.0,2,2,2,2,3,3,4,4,-2.304878329016476,-3.3098788637666265,1.8472397,-5.392508,-9.155673,-90.48135,21,2022-11-04,16.1175,0.0,79.66125,13.0525,1.0,167.90125,2022,11,4,67.0,0,Peru_4005.csv
2022-11-05,4005,57.0,30.0,4.0,5.6,8.2,25.0,2,2,2,2,1,1,4,4,-1.7229399950701694,-4.250797596348027,2.0012338,-5.262726,-11.763013,-88.3202,21,2022-11-05,15.63,0.0,82.4225,13.76125,1.0,170.35250000000002,2022,11,5,57.0,0,Peru_4005.csv
2022-11-06,4005,69.0,29.0,4.0,6.4,7.8,25.0,2,2,2,2,3,3,4,4,-1.2676081882443029,-3.323356505580661,2.0596318,-5.027288,-10.04966,-87.46504,21,2022-11-06,15.98625,0.0,81.47875,10.9475,1.0,183.2175,2022,11,6,69.0,0,Peru_4005.csv
2022-11-07,4005,72.0,40.0,5.0,12.0,5.6,23.0,2,2,2,2,1,1,4,4,-0.9140170447313314,-1.6251879017560011,2.1782918,-4.8450613,-6.234778,-86.08737,21,2022-11-07,16.3,0.0,82.35374999999999,11.338750000000001,1.0,180.12625,2022,11,7,72.0,0,Peru_4005.csv
2022-11-08,4005,88.0,26.0,4.0,8.0,1.6,24.0,2,2,2,2,1,1,4,4,-1.713816049453754,-1.0677546891639857,1.938183,-4.895625,-3.5706413,-91.26119,21,2022-11-08,16.4625,0.0,81.9375,11.4525,1.0,180.72375,2022,11,8,88.0,0,Peru_4005.csv
2022-11-09,4005,62.0,27.0,6.0,4.4,1.0,27.0,2,2,2,2,3,3,4,4,-2.356443869289039,-3.5388949357295,1.8429637,-5.3892574,-10.177033,-92.35389,21,2022-11-09,16.2375,0.0,81.0475,13.545,1.0,169.90125,2022,11,9,62.0,0,Peru_4005.csv
2022-11-10,4005,67.0,29.0,10.4,18.0,3.8,23.0,2,2,1,1,1,1,4,4,-0.944090134923264,-2.0065282445630963,2.9221966,-4.3499045,-4.233314,-80.56955,21,2022-11-10,16.34,0.0,79.77625,13.17625,1.0,164.155,2022,11,10,67.0,0,Peru_4005.csv
2022-11-11,4005,66.0,29.0,20.4,15.2,7.8,24.0,1,1,1,1,4,4,4,4,1.8500392177807252,-3.1676172010649823,3.7740448,-3.666209,23.72094,-66.19117,21,2022-11-11,16.509999999999998,0.0,82.9575,12.508750000000001,1.0,176.1,2022,11,11,66.0,0,Peru_4005.csv
2022-11-12,4005,73.0,30.0,12.8,14.8,6.0,24.0,2,2,1,1,4,4,4,4,0.36678228339615176,-2.2259880179962246,2.9501522,-4.158641,13.015726,-61.031628,21,2022-11-12,16.5625,0.0,84.87,11.77375,1.0,182.53625,2022,11,12,73.0,0,Peru_4005.csv
2022-11-13,4005,73.0,22.0,10.0,17.6,2.8,23.0,2,2,1,1,1,1,4,4,-1.2812727234153098,-1.8167662861018752,2.7663465,-4.516056,-3.710165,-80.35225,21,2022-11-13,16.805,0.0,82.80875,9.195,1.0,197.0325,2022,11,13,73.0,0,Peru_4005.csv
2022-11-14,4005,59.0,19.0,23.0,21.8,11.0,23.0,1,1,0,0,4,4,7,7,2.0213876842930487,-4.025352266601458,4.06088,-3.891567,24.475006,-68.52823,21,2022-11-14,17.00125,0.0,79.35,10.27125,1.0,188.3475,2022,11,14,59.0,0,Peru_4005.csv
2022-11-15,4005,51.0,26.0,23.0,17.2,12.4,24.0,1,1,0,0,4,4,7,7,2.3342114175166278,-4.900134050562404,4.101356,-3.9617622,24.680737,-68.42221,21,2022-11-15,16.835,0.0,79.77625,12.44375,1.0,170.24875,2022,11,15,51.0,0,Peru_4005.csv
2022-11-16,4005,64.0,24.0,16.0,11.2,9.2,24.0,2,2,1,1,4,4,4,4,0.845436742305418,-3.923201950118915,3.656661,-3.6181018,24.266129,-65.86315,21,2022-11-16,17.20125,0.0,80.2775,13.34375,1.0,171.39125,2022,11,16,64.0,0,Peru_4005.csv
2022-11-17,4005,60.0,26.0,24.0,33.8,9.8,24.0,1,1,0,0,4,4,7,7,2.525678527031932,-2.7314088621250345,4.093899,-3.9568326,24.17215,-68.96103,21,2022-11-17,16.6425,0.0,81.53,12.96875,1.0,170.485,2022,11,17,60.0,0,Peru_4005.csv
2022-11-18,4005,65.0,30.0,15.0,12.2,4.8,24.0,2,2,1,1,4,4,4,4,0.2084390278974587,-2.898888643381526,3.163046,-4.11093,12.526425,-62.59067,21,2022-11-18,16.69875,0.0,81.09375,11.925,1.0,172.18375,2022,11,18,65.0,0,Peru_4005.csv
2022-11-19,4005,72.0,32.0,13.0,9.2,3.2,24.0,2,2,1,1,4,4,4,4,-0.05065352647531878,-2.2608678185778706,3.0518305,-4.179555,12.836007,-63.325027,21,2022-11-19,17.04375,0.0,77.715,12.065,1.0,166.12875,2022,11,19,72.0,0,Peru_4005.csv
2022-11-20,4005,74.0,25.0,11.0,11.2,3.8,24.0,2,2,2,2,1,1,4,4,-0.6138053700042475,-2.3466839137753888,2.8661494,-4.434249,4.7053967,-82.33468,21,2022-11-20,17.46625,0.0,79.08375,11.6475,1.0,175.97375,2022,11,20,74.0,0,Peru_4005.csv
2022-11-21,4005,64.0,30.0,12.0,10.6,5.6,24.0,2,2,1,1,1,1,4,4,-0.3081428709867146,-3.114885783648155,3.072848,-4.4016004,7.578904,-78.873566,21,2022-11-21,17.785,0.0,78.7075,10.4875,1.0,181.5875,2022,11,21,64.0,0,Peru_4005.csv
2022-11-22,4005,70.0,37.0,13.0,9.0,2.6,24.0,2,2,1,1,4,4,4,4,0.004082763933170374,-2.094183762094008,3.1507895,-4.2127776,12.750741,-63.520176,21,2022-11-22,18.07625,0.0,75.9875,8.71875,1.0,193.855,2022,11,22,70.0,0,Peru_4005.csv
2022-11-23,4005,80.0,27.0,12.0,14.2,5.4,25.0,2,2,2,2,4,4,4,4,0.3645861684633606,-1.952211603898189,2.8690734,-4.1526237,14.207974,-60.601013,21,2022-11-23,18.755,0.0,73.66,10.59375,1.0,175.13625,2022,11,23,80.0,0,Peru_4005.csv
2022-11-24,4005,63.0,25.0,12.0,13.0,9.0,27.0,1,1,2,2,3,3,4,4,0.26662299835020026,-4.091374587197771,3.3596575,-4.721049,10.602535,-78.8947,21,2022-11-24,18.68875,0.0,78.2125,11.06625,1.0,180.40625,2022,11,24,63.0,0,Peru_4005.csv
2022-11-25,4005,62.0,30.0,11.0,7.6,4.0,26.0,2,2,2,2,3,3,4,4,-0.7246894761046008,-3.5211019278408338,3.0671139,-4.590714,7.284177,-79.492744,21,2022-11-25,18.8475,0.0,81.32375,12.50625,1.0,172.87875,2022,11,25,62.0,0,Peru_4005.csv
2022-11-26,4005,72.0,26.0,9.0,10.6,4.4,24.0,2,2,2,2,1,1,4,4,-0.9577840492451286,-2.5112998902015,2.680727,-4.63679,4.7498107,-82.524506,21,2022-11-26,18.305,0.0,84.35625,11.72375,1.0,178.855,2022,11,26,72.0,0,Peru_4005.csv
2022-11-27,4005,65.0,15.0,2.0,3.4,11.4,24.0,2,2,2,2,1,1,4,4,-2.0372939706818443,-4.803767318104912,6.0561094,-6.0201902,-12.666182,-87.64468,21,2022-11-27,18.78875,0.0,78.63499999999999,10.55625,1.0,173.4475,2022,11,27,65.0,0,Peru_4005.csv
2022-11-28,4005,44.0,28.0,7.0,6.6,5.6,24.0,2,2,2,2,1,1,4,4,-2.3995056592110307,-4.8323172140414705,5.6094036,3.8961732,-21.51896,-90.99122,21,2022-11-28,18.86,0.0,78.49375,10.50125,1.0,194.02375,2022,11,28,44.0,0,Peru_4005.csv
2022-11-29,4005,62.0,21.0,10.0,10.6,12.4,27.0,1,1,2,2,3,3,4,4,0.21427606854746184,-4.918064042740803,3.5313442,-4.5895214,11.346855,-78.445854,21,2022-11-29,19.34,0.0,76.9275,9.88375,1.0,188.51125,2022,11,29,62.0,0,Peru_4005.csv
2022-11-30,4005,56.0,29.0,10.0,13.2,2.0,29.0,2,2,2,2,3,3,4,4,-1.3575493025300363,-3.721156764302632,3.0840156,-4.9840097,8.47747,-83.39594,21,2022-11-30,19.69875,0.0,75.40625,12.98125,1.0,168.11875,2022,11,30,56.0,0,Peru_4005.csv
2022-12-01,4005,63.0,29.0,9.0,14.4,1.2,29.0,2,2,2,2,3,3,4,4,-1.3664813087517427,-3.0012859291662037,2.8706493,-4.8879013,7.030545,-83.34932,21,2022-12-01,19.92375,0.0,77.40625,12.26375,1.0,168.96875,2022,12,1,63.0,0,Peru_4005.csv
2022-12-02,4005,66.0,34.0,9.0,8.6,2.6,30.0,1,1,2,2,3,3,4,4,-0.6290987747076273,-3.2678295667680355,2.8059933,-4.9551315,6.9955273,-82.84489,21,2022-12-02,19.57,0.0,79.72,10.705,1.0,182.82750000000001,2022,12,2,66.0,0,Peru_4005.csv
2022-12-03,4005,77.0,42.0,11.0,13.2,4.0,29.0,1,1,2,2,3,3,4,4,0.8950355647357188,-1.8253014057884105,2.6881926,-4.164077,0.78664374,-81.86073,21,2022-12-03,18.69,0.0,81.32375,11.870000000000001,1.0,182.98875,2022,12,3,77.0,0,Peru_4005.csv
2022-12-04,4005,95.0,24.0,6.0,7.2,4.2,29.0,2,2,2,2,3,3,4,4,-0.1628546768951271,-1.765430463009838,2.0527623,-4.6396255,-0.7589706,-90.465034,21,2022-12-04,18.46,0.0,81.89125,11.14625,1.0,185.76625,2022,12,4,95.0,0,Peru_4005.csv
2022-12-05,4005,57.0,31.0,11.0,15.2,5.8,28.0,2,2,2,2,3,3,4,4,-0.400900731441779,-3.770733948642893,3.2485654,-4.7709384,9.368656,-79.5571,21,2022-12-05,18.2025,0.0,79.9525,10.34125,1.0,188.29625,2022,12,5,57.0,0,Peru_4005.csv
2022-12-06,4005,70.0,30.0,19.0,11.0,5.0,34.0,1,1,2,2,3,3,4,4,2.181712165366469,-4.087306631250001,3.7807317,-5.102366,17.952164,-81.022026,21,2022-12-06,18.7825,0.0,76.99000000000001,12.53125,1.0,167.345,2022,12,6,70.0,0,Peru_4005.csv
2022-12-07,4005,69.0,23.0,10.8,15.0,8.8,31.0,1,1,2,2,3,3,4,4,0.5278836842083459,-4.091565172850061,3.3072848,-4.7142453,10.533509,-78.30648,21,2022-12-07,18.93,0.0,78.57875,12.956249999999999,1.0,166.45375,2022,12,7,69.0,0,Peru_4005.csv
2022-12-08,4005,61.0,15.0,10.0,9.4,2.4,30.0,2,2,2,2,3,3,4,4,-1.688854823364217,-4.523344251595523,2.9737809,-5.062248,9.067667,-86.39601,21,2022-12-08,18.88625,0.0,77.3525,10.9525,1.0,179.09375,2022,12,8,61.0,0,Peru_4005.csv
2022-12-09,4005,44.0,19.0,8.6,9.0,3.8,30.0,2,2,2,2,3,3,4,4,-2.3330219347987198,-5.724235933915476,3.1206257,-5.0405154,10.3672495,-84.55095,21,2022-12-09,19.16125,0.0,75.67625,12.7225,1.0,164.3075,2022,12,9,44.0,0,Peru_4005.csv
2022-12-10,4005,54.0,17.0,13.6,11.2,5.2,30.0,1,1,2,2,3,3,4,4,-0.681188134802792,-5.239052320726391,3.3711936,-4.963592,11.619181,-81.69836,21,2022-12-10,19.19875,0.0,78.11625,10.0025,1.0,178.1575,2022,12,10,54.0,0,Peru_4005.csv
2022-12-11,4005,48.0,31.0,7.8,8.0,2.2,30.0,2,2,2,2,3,3,4,4,-1.9699684376356024,-4.6853109543789655,3.081975,-5.035315,8.686204,-84.62667,21,2022-12-11,19.80375,0.0,76.7325,9.116249999999999,1.0,195.70375,2022,12,11,48.0,0,Peru_4005.csv
2022-12-12,4005,74.0,27.0,11.4,12.8,3.6,30.0,1,1,2,2,3,3,4,4,0.06793157352224187,-2.917218639359947,2.8667295,-4.686426,5.5984674,-82.158806,21,2022-12-12,20.69375,0.0,74.3575,9.0025,1.0,199.25,2022,12,12,74.0,0,Peru_4005.csv
2022-12-13,4005,58.0,22.0,10.4,17.0,3.0,30.0,2,2,2,2,3,3,4,4,-1.2689978345679325,-3.918656614335075,3.1184537,-4.9518633,8.851968,-83.28073,21,2022-12-13,20.945,0.0,72.375,9.12875,1.0,200.01125,2022,12,13,58.0,0,Peru_4005.csv
2022-12-14,4005,47.0,22.0,5.8,11.8,3.2,30.0,2,2,2,2,3,3,4,4,-2.7068041338226405,-5.0071273092862425,3.0687046,-5.086337,9.646224,-84.798096,21,2022-12-14,20.9325,0.0,73.545,9.02875,1.0,189.65625,2022,12,14,47.0,0,Peru_4005.csv
2022-12-15,4005,44.0,18.0,8.2,12.2,24.2,30.0,1,1,2,2,3,3,4,4,1.223538674430445,-8.09524521120916,4.440498,-2.92938,36.11512,-73.928314,21,2022-12-15,20.97375,0.0,78.1675,11.219999999999999,1.0,179.4625,2022,12,15,44.0,0,Peru_4005.csv
2022-12-16,4005,51.0,24.0,10.8,12.6,7.8,30.0,1,1,2,2,3,3,4,4,-0.5602366421855223,-5.260586346229926,3.373533,-4.823242,10.867363,-80.31652,21,2022-12-16,21.24625,0.0,80.5475,11.58125,1.0,184.76125,2022,12,16,51.0,0,Peru_4005.csv
2022-12-17,4005,62.0,18.0,12.0,13.2,26.4,30.0,1,1,2,2,3,3,2,2,3.263463394953361,-7.089420657753771,4.6767673,-2.8812368,36.265224,-73.57677,21,2022-12-17,20.65625,0.0,81.9575,13.0075,1.0,173.1975,2022,12,17,62.0,0,Peru_4005.csv
2022-12-18,4005,49.0,16.0,30.0,11.4,7.4,30.0,1,1,0,0,4,4,7,7,2.761562074613291,-6.318152665933055,4.445474,-4.5715785,86.884056,-28.55968,21,2022-12-18,20.80375,0.0,79.6075,11.803749999999999,1.0,172.81375,2022,12,18,49.0,0,Peru_4005.csv
2022-12-19,4005,47.0,19.0,6.6,17.8,10.6,30.0,1,1,2,2,3,3,4,4,-1.3544130332270785,-5.668569805589706,3.4946012,-4.7136693,12.3836565,-77.909004,21,2022-12-19,21.515,0.0,78.34625,10.563749999999999,1.0,169.27625,2022,12,19,47.0,0,Peru_4005.csv
2022-12-20,4005,51.0,22.0,12.6,21.2,9.4,30.0,1,1,2,2,3,3,4,4,0.0035912238155291817,-4.977040608033817,3.450338,-4.763754,11.629759,-79.55049,21,2022-12-20,21.515,0.0,82.11625,11.6525,1.0,182.04375,2022,12,20,51.0,0,Peru_4005.csv
2022-12-21,4005,56.0,20.0,12.4,17.4,11.6,30.0,1,1,2,2,3,3,4,4,0.4919460437396123,-5.26513784053706,3.46059,-4.724647,11.5691395,-79.299965,21,2022-12-21,21.82375,0.0,80.21875,12.56,1.0,175.59875,2022,12,21,56.0,0,Peru_4005.csv
2022-12-22,4005,54.0,16.0,21.6,11.2,10.4,30.0,1,1,2,2,3,3,4,4,1.8345385570185941,-6.140571749887109,4.101544,-4.467371,25.994827,-68.37393,21,2022-12-22,21.3675,0.0,79.5675,14.06875,1.0,173.20875,2022,12,22,54.0,0,Peru_4005.csv
2022-12-23,4005,50.0,23.0,14.4,15.4,9.2,30.0,1,1,2,2,3,3,4,4,0.3292635170278715,-5.443114041323889,3.4760427,-4.760379,11.625581,-80.10923,21,2022-12-23,20.3,0.0,85.01,11.50875,1.0,184.3325,2022,12,23,50.0,0,Peru_4005.csv
2022-12-24,4005,56.0,18.0,11.6,14.4,9.0,29.0,1,1,2,2,3,3,4,4,-0.33718797492858316,-5.1044514595729975,3.4813159,-4.773225,11.207055,-79.32125,21,2022-12-24,20.2,0.0,82.53125,8.65625,1.0,201.18375,2022,12,24,56.0,0,Peru_4005.csv
2022-12-25,4005,49.0,24.0,13.4,12.4,7.4,30.0,1,1,2,2,3,3,4,4,-0.19999302357227192,-5.4339296660278995,3.407635,-4.8562098,11.282411,-80.686165,21,2022-12-25,20.5925,0.0,79.27125,10.3725,1.0,179.63,2022,12,25,49.0,0,Peru_4005.csv
2022-12-26,4005,64.0,18.0,8.4,14.4,10.0,29.0,1,1,2,2,3,3,4,4,-0.42224320173979235,-4.572003853436618,3.358233,-4.7329845,10.835943,-78.26956,21,2022-12-26,21.5875,0.0,74.62625,10.28875,1.0,169.79125,2022,12,26,64.0,0,Peru_4005.csv
2022-12-27,4005,49.0,17.0,14.6,10.2,7.6,29.0,1,1,2,2,3,3,4,4,-0.37489244629025426,-5.866807748262268,3.4225593,-4.8983283,11.683248,-81.25,21,2022-12-27,21.515,0.0,77.2975,11.5775,1.0,175.06125,2022,12,27,49.0,0,Peru_4005.csv
2022-12-28,4005,47.0,20.0,8.4,16.4,4.8,29.0,2,2,2,2,3,3,4,4,-2.0742600802235995,-4.9022393550634265,3.1390944,-5.0337696,10.033192,-84.0719,21,2022-12-28,21.56625,0.0,80.43125,12.963750000000001,1.0,176.95250000000001,2022,12,28,47.0,0,Peru_4005.csv
2022-12-29,4005,51.0,30.0,10.2,8.6,2.8,30.0,1,1,2,2,3,3,4,4,-1.2795894979014861,-4.6090597424784,3.118738,-4.999082,8.816789,-83.74656,21,2022-12-29,21.252499999999998,0.0,78.74,9.26625,1.0,190.10375,2022,12,29,51.0,0,Peru_4005.csv
2022-12-30,4005,71.0,21.0,9.4,18.8,5.4,30.0,1,1,2,2,3,3,4,4,-0.4617342434448564,-3.1729880128086334,3.2067544,-4.7109866,5.8593426,-81.690384,21,2022-12-30,21.41,0.0,78.2225,13.12375,1.0,172.36,2022,12,30,71.0,0,Peru_4005.csv
2022-12-31,4005,54.0,22.0,10.0,10.8,15.8,30.0,1,1,2,2,3,3,4,4,0.7602598466216735,-6.261526885679133,3.7805817,-4.4242005,33.03458,-74.85606,21,2022-12-31,20.99875,0.0,81.33375,14.0225,1.0,170.98,2022,12,31,54.0,0,Peru_4005.csv
2023-01-01,4005,50.0,22.0,7.4,24.0,12.2,29.0,1,1,2,2,3,3,4,4,-0.681517833232365,-4.934270617547601,3.4797933,-4.7037983,12.301284,-77.87869,21,2023-01-01,21.6775,0.0,74.9,11.647499999999999,1.0,174.7825,2023,1,1,50.0,0,Peru_4005.csv
2023-01-02,4005,61.0,21.0,8.6,22.4,7.8,30.0,1,1,2,2,3,3,4,4,-0.6678333333875232,-3.9154454717137264,3.2780263,-4.8002434,10.390666,-78.135544,21,2023-01-02,21.785,0.0,72.23875,11.535,1.0,173.16375,2023,1,2,61.0,0,Peru_4005.csv
2023-01-03,4005,50.0,25.0,8.8,16.8,2.8,30.0,2,2,2,2,3,3,4,4,-1.8607888428589718,-4.297384495576008,3.1120298,-5.0315413,9.528969,-83.83091,21,2023-01-03,20.79,0.0,80.59875,12.50125,1.0,175.8325,2023,1,3,50.0,0,Peru_4005.csv
2023-01-04,4005,63.0,17.0,11.8,11.4,10.0,30.0,1,1,2,2,3,3,4,4,0.25368083791376494,-5.13193478817575,3.4884372,-4.694623,11.109725,-78.84348,21,2023-01-04,20.6575,0.0,79.735,9.50875,1.0,186.365,2023,1,4,63.0,0,Peru_4005.csv
2023-01-05,4005,51.0,20.0,7.8,14.4,2.8,29.0,2,2,2,2,3,3,4,4,-2.367757762274913,-4.4927597624106355,3.1189091,-5.0745444,9.635935,-84.2364,21,2023-01-05,21.73375,0.0,73.53125,12.15625,1.0,166.49875,2023,1,5,51.0,0,Peru_4005.csv
2023-01-06,4005,43.0,20.0,12.8,15.4,2.2,30.0,2,2,2,2,3,3,4,4,-1.7542691177270344,-5.180625960659962,3.2570226,-5.0114064,11.151407,-83.34001,21,2023-01-06,20.835,0.0,79.52625,12.18,1.0,174.64625,2023,1,6,43.0,0,Peru_4005.csv
2023-01-07,4005,55.0,22.0,9.4,17.0,9.6,30.0,1,1,2,2,3,3,4,4,-0.4248183851622973,-4.940983997483339,3.418018,-4.743595,11.194568,-78.69357,21,2023-01-07,20.505,0.0,80.76,10.47125,1.0,182.20875,2023,1,7,55.0,0,Peru_4005.csv
2023-01-08,4005,59.0,28.0,10.4,19.8,6.2,29.0,2,2,2,2,3,3,4,4,-0.4152757460768377,-3.6090086090631406,3.259247,-4.7912536,9.7215605,-79.39733,21,2023-01-08,20.43375,0.0,78.4325,8.96,1.0,203.2025,2023,1,8,59.0,0,Peru_4005.csv
2023-01-09,4005,68.0,23.0,8.0,20.6,9.6,30.0,1,1,2,2,3,3,4,4,-0.02602906036397396,-3.65166471857396,3.2774076,-4.742308,10.399709,-77.95315,21,2023-01-09,21.15875,0.0,75.7925,10.63125,1.0,171.07999999999998,2023,1,9,68.0,0,Peru_4005.csv
2023-01-10,4005,55.0,30.0,9.2,33.2,5.8,30.0,2,2,2,2,3,3,4,4,-0.7130525922234362,-2.871493498976519,3.2202177,-5.4934163,4.1070523,-110.75354,21,2023-01-10,21.57125,0.0,73.45375,9.825,1.0,195.875,2023,1,10,55.0,0,Peru_4005.csv
2023-01-11,4005,63.0,31.0,13.4,6.2,9.6,30.0,1,1,2,2,3,3,4,4,1.2271020186530917,-4.799870853801756,3.3633933,-4.6476464,8.520419,-78.060875,21,2023-01-11,21.805,0.0,66.96875,10.85375,1.0,168.19875,2023,1,11,63.0,0,Peru_4005.csv
2023-01-12,4005,66.0,35.0,11.4,9.8,7.0,30.0,1,1,2,2,3,3,4,4,0.7079520316983053,-3.7423654467437655,3.1859548,-4.6792436,8.054022,-78.18027,21,2023-01-12,21.33125,0.0,70.24375,11.56125,1.0,165.28125,2023,1,12,66.0,0,Peru_4005.csv
2023-01-13,4005,73.0,22.0,10.6,18.4,2.2,29.0,2,2,2,2,3,3,4,4,-0.7361653266069048,-2.5007677823553105,2.9147074,-4.708567,5.6476727,-81.90879,21,2023-01-13,20.8625,0.0,76.2,10.44,1.0,186.81875,2023,1,13,73.0,0,Peru_4005.csv
2023-01-14,4005,55.0,24.0,13.2,11.4,11.4,30.0,1,1,2,2,3,3,4,4,0.7696855464040918,-5.57075094414796,3.5234838,-4.6741457,11.6658535,-79.549545,21,2023-01-14,20.8075,0.0,75.49375,10.51625,1.0,183.53125,2023,1,14,55.0,0,Peru_4005.csv
2023-01-15,4005,56.0,21.0,12.4,28.6,2.4,30.0,2,2,2,2,3,3,4,4,-1.1020341282978279,-3.2385180598294316,3.1880085,-5.0946217,6.295713,-86.130905,21,2023-01-15,21.01375,0.0,73.34875,10.6775,1.0,180.17625,2023,1,15,56.0,0,Peru_4005.csv
2023-01-16,4005,54.0,22.0,10.0,10.8,15.8,30.0,1,1,2,2,3,3,4,4,0.7602598466216735,-6.261526885679133,3.7366571,-4.484336,33.03458,-74.85606,21,2023-01-16,21.5225,0.0,70.96875,11.44375,1.0,175.5625,2023,1,16,54.0,0,Peru_4005.csv
2023-01-17,4005,49.0,22.0,9.0,21.2,3.2,30.0,2,2,2,2,3,3,4,4,-1.9455959343506015,-4.253373773574303,3.1540244,-4.9981475,9.820919,-83.768265,21,2023-01-17,22.33375,0.0,68.10375,11.63625,1.0,173.34875,2023,1,17,49.0,0,Peru_4005.csv
2023-01-18,4005,49.0,20.0,10.0,12.8,2.4,30.0,2,2,2,2,3,3,4,4,-2.002566374181945,-4.89255423470176,3.1486528,-5.0328803,9.793301,-83.90596,21,2023-01-18,21.798750000000002,0.0,71.50625,8.65875,1.0,183.6725,2023,1,18,49.0,0,Peru_4005.csv
2023-01-19,4005,52.0,29.0,7.2,6.8,3.0,30.0,2,2,2,2,3,3,4,4,-1.8604130202683353,-4.669600670168233,2.969906,-5.095666,8.634957,-84.78539,21,2023-01-19,22.24125,0.0,71.3675,8.3675,1.0,207.12,2023,1,19,52.0,0,Peru_4005.csv
2023-01-20,4005,67.0,17.0,15.2,7.8,5.2,30.0,1,1,2,2,3,3,4,4,0.2661990970192946,-4.586291914824456,3.4330997,-5.0183167,12.526864,-81.82866,21,2023-01-20,21.98375,0.0,75.005,10.30875,1.0,172.145,2023,1,20,67.0,0,Peru_4005.csv
2023-01-21,4005,48.0,17.0,11.6,7.4,17.6,30.0,1,1,2,2,3,3,4,4,0.8571936163741944,-7.46124525020716,3.8280547,-4.360444,32.838867,-74.47393,21,2023-01-21,22.09875,0.0,75.90625,10.69875,1.0,170.16875,2023,1,21,48.0,0,Peru_4005.csv
2023-01-22,4005,50.0,19.0,13.2,35.4,9.8,30.0,1,1,2,2,3,3,4,4,0.014264161088686335,-4.225638412825979,3.23678,-5.5255446,4.353707,-111.958084,21,2023-01-22,22.215,0.0,75.81875,9.65,1.0,180.8225,2023,1,22,50.0,0,Peru_4005.csv
2023-01-23,4005,55.0,24.0,13.2,11.4,11.4,30.0,1,1,2,2,3,3,4,4,0.7696855464040918,-5.57075094414796,3.528074,-4.6726537,11.666129,-79.54939,21,2023-01-23,22.70625,0.0,72.37,10.55875,1.0,172.51,2023,1,23,55.0,0,Peru_4005.csv
2023-01-24,4005,56.0,16.0,21.8,18.8,1.0,30.0,1,1,2,2,3,3,4,4,0.28440574215878467,-4.2625770873456705,4.191865,-4.7572446,18.754045,-77.308716,21,2023-01-24,22.4725,0.0,76.51625,11.842500000000001,1.0,178.76,2023,1,24,56.0,0,Peru_4005.csv
2023-01-25,4005,47.0,20.0,11.4,17.4,5.2,31.0,1,1,2,2,3,3,4,4,-1.2132115796091618,-5.221156497984734,3.214885,-4.9939413,10.594718,-83.150734,21,2023-01-25,22.235,0.0,78.3375,10.11375,1.0,182.75,2023,1,25,47.0,0,Peru_4005.csv
2023-01-26,4005,51.0,27.0,9.4,11.8,3.4,31.0,1,1,2,2,3,3,4,4,-1.396951539862007,-4.7147972514992205,3.0722837,-5.036866,9.0672865,-83.74608,21,2023-01-26,22.9775,0.0,72.34875,10.095,1.0,178.22375,2023,1,26,51.0,0,Peru_4005.csv
2023-01-27,4005,60.0,26.0,11.2,9.0,3.8,31.0,1,1,2,2,3,3,4,4,-0.5805005934045979,-4.413065558167863,3.1089137,-4.9721055,9.005638,-82.23867,21,2023-01-27,22.735,0.0,74.82875,10.626249999999999,1.0,184.9475,2023,1,27,60.0,0,Peru_4005.csv
2023-01-28,4005,64.0,20.0,12.0,13.0,26.2,31.0,1,1,2,2,3,3,2,2,3.515745565318596,-6.967718759339097,4.608263,-2.9000967,36.264885,-73.558945,21,2023-01-28,22.9225,0.0,76.74625,10.53875,1.0,183.44375,2023,1,28,64.0,0,Peru_4005.csv
2023-01-29,4005,51.0,24.0,9.6,12.8,2.0,31.0,2,2,2,2,3,3,4,4,-1.7636154270935678,-4.620920902240419,3.1274061,-5.0253277,9.255068,-83.792336,21,2023-01-29,23.08,0.0,75.52625,7.9,1.0,206.95374999999999,2023,1,29,51.0,0,Peru_4005.csv
2023-01-30,4005,59.0,26.0,25.0,10.8,10.6,31.0,1,1,0,0,3,3,4,4,3.4111279801186103,-5.549514068305449,4.2695994,-4.454154,26.244648,-68.31049,21,2023-01-30,23.195,0.0,75.30875,9.465,1.0,191.50625,2023,1,30,59.0,0,Peru_4005.csv
2023-01-31,4005,60.0,27.0,13.6,10.0,2.4,31.0,1,1,2,2,3,3,4,4,-0.2915313244054705,-4.172984977816155,3.245919,-4.991327,9.5393095,-81.965,21,2023-01-31,23.51375,0.0,74.465,10.442499999999999,1.0,185.02,2023,1,31,60.0,0,Peru_4005.csv
2023-02-01,4005,59.0,29.0,13.4,8.8,3.8,31.0,1,1,2,2,3,3,4,4,-0.025318787260238056,-4.404027723590092,3.2011366,-4.954854,9.452678,-81.806366,21,2023-02-01,23.8125,0.0,70.23375,11.55375,1.0,171.9175,2023,2,1,59.0,0,Peru_4005.csv
2023-02-02,4005,63.0,22.0,9.4,15.4,8.8,31.0,1,1,2,2,3,3,4,4,-0.09766048675755537,-4.51221247446697,3.3188343,-4.7677054,10.675296,-78.37624,21,2023-02-02,23.67875,0.0,73.645,10.61625,1.0,181.735,2023,2,2,63.0,0,Peru_4005.csv
2023-02-03,4005,51.0,14.0,13.6,12.6,2.0,30.0,1,1,2,2,3,3,4,4,-1.5577647448576766,-5.101822145955922,3.3530903,-4.9703984,11.41456,-82.642235,21,2023-02-03,22.54125,0.0,85.0775,11.92,1.0,171.59875,2023,2,3,51.0,0,Peru_4005.csv
2023-02-04,4005,40.0,19.0,10.4,8.8,3.2,30.0,1,1,2,2,3,3,4,4,-2.2681397449406835,-5.997464007932611,3.1619387,-5.033338,10.810238,-84.341774,21,2023-02-04,22.165,0.0,88.49625,9.41875,1.0,181.6575,2023,2,4,40.0,0,Peru_4005.csv
2023-02-05,4005,48.0,13.0,7.8,13.6,4.6,30.0,2,2,2,2,3,3,4,4,-2.463703378319603,-5.479616078678518,3.1553378,-5.0363016,10.168515,-84.49298,21,2023-02-05,22.381249999999998,0.0,85.91125,8.565,1.0,185.02,2023,2,5,48.0,0,Peru_4005.csv
2023-02-06,4005,38.0,15.0,10.8,12.0,1.4,31.0,2,2,2,2,3,3,4,4,-2.723193463407671,-6.025998793034182,3.190017,-5.008727,10.993299,-84.165054,21,2023-02-06,22.7325,0.0,81.42625,9.84375,1.0,172.5875,2023,2,6,38.0,0,Peru_4005.csv
2023-02-07,4005,36.0,14.0,8.0,16.2,6.8,30.0,1,1,2,2,3,3,4,4,-2.548270330144935,-6.389467919393993,3.19231,-4.9994783,10.865919,-84.68022,21,2023-02-07,23.3575,0.0,81.32374999999999,11.536249999999999,1.0,179.16125,2023,2,7,36.0,0,Peru_4005.csv
2023-02-08,4005,38.0,20.0,17.4,12.8,1.0,31.0,1,1,2,2,3,3,4,4,-1.191151791845536,-5.829478367677836,3.41214,-4.9340334,11.99132,-83.135925,21,2023-02-08,23.64875,0.0,80.03125,10.2775,1.0,190.92625,2023,2,8,38.0,0,Peru_4005.csv
2023-02-09,4005,52.0,17.0,15.2,7.4,5.8,30.0,1,1,2,2,3,3,4,4,-0.34899337745030024,-5.776919760033488,3.4038289,-4.964333,11.770202,-81.60861,21,2023-02-09,23.46625,0.0,80.535,13.004999999999999,1.0,174.87,2023,2,9,52.0,0,Peru_4005.csv
2023-02-10,4005,47.0,19.0,6.6,17.8,10.6,30.0,1,1,2,2,3,3,4,4,-1.3544130332270785,-5.668569805589706,3.4856992,-4.7090173,12.383668,-77.90776,21,2023-02-10,23.34625,0.0,82.21875,12.49375,1.0,179.72875,2023,2,10,47.0,0,Peru_4005.csv
2023-02-11,4005,53.0,17.0,15.6,11.4,5.2,30.0,1,1,2,2,3,3,4,4,-0.32202968599162896,-5.346200956118608,3.4178743,-4.99002,11.836034,-81.68782,21,2023-02-11,23.47,0.0,79.2125,11.59125,1.0,178.91125,2023,2,11,53.0,0,Peru_4005.csv
2023-02-12,4005,48.0,18.0,7.8,16.0,14.8,31.0,1,1,2,2,3,3,4,4,-0.26939662839314227,-6.469632788021875,3.6558003,-4.5709577,32.064117,-75.12335,21,2023-02-12,23.88,0.0,75.9325,10.633750000000001,1.0,178.94375,2023,2,12,48.0,0,Peru_4005.csv
2023-02-13,4005,50.0,24.0,12.0,11.4,6.6,30.0,1,1,2,2,3,3,4,4,-0.5827014105179591,-5.299564761285109,3.3673055,-4.8201127,10.959395,-80.7619,21,2023-02-13,23.91875,0.0,78.4125,8.8875,1.0,197.70875,2023,2,13,50.0,0,Peru_4005.csv
2023-02-14,4005,58.0,35.0,17.4,15.8,1.0,32.0,1,1,2,2,3,3,4,4,0.64499217436901,-3.5438757722326484,3.5827723,-5.060195,16.17469,-81.47233,21,2023-02-14,23.85375,0.0,79.245,8.33875,1.0,200.68625,2023,2,14,58.0,0,Peru_4005.csv
2023-02-15,4005,74.0,28.0,13.4,22.4,11.0,32.0,1,1,2,2,3,3,4,4,2.0543302328562585,-3.4119991666361704,3.2364142,-4.1127944,23.299404,-62.977264,21,2023-02-15,23.76875,0.0,77.56375,8.615,1.0,196.6375,2023,2,15,74.0,0,Peru_4005.csv
2023-02-16,4005,67.0,22.0,16.2,17.4,1.6,33.0,1,1,2,2,3,3,4,4,0.3580911083791975,-3.6066337797467014,3.566782,-5.2074056,16.784813,-81.92321,21,2023-02-16,23.82,0.0,78.95875,8.0375,1.0,198.295,2023,2,16,67.0,0,Peru_4005.csv
2023-02-17,4005,56.0,29.0,15.8,42.0,1.0,31.0,2,2,2,2,3,3,4,4,-0.13961553897573736,-1.8984922913570004,3.2460916,-5.525686,4.947026,-111.968636,21,2023-02-17,24.315,0.0,75.96875,7.91875,1.0,197.63125,2023,2,17,56.0,0,Peru_4005.csv
2023-02-18,4005,60.0,24.0,13.0,43.0,3.0,31.0,2,2,2,2,3,3,4,4,-0.41378714167615194,-1.9687125696390415,3.2395964,-5.528192,4.6630306,-111.57168,21,2023-02-18,25.28,0.0,67.57875,9.535,1.0,183.29625,2023,2,18,60.0,0,Peru_4005.csv
2023-02-19,4005,54.0,17.0,7.2,42.0,4.0,32.0,2,2,2,2,3,3,4,4,-1.9796544734539825,-2.943563694132082,3.2168663,-5.520549,3.028717,-111.251274,21,2023-02-19,24.3375,0.0,76.9625,11.807500000000001,1.0,181.17875,2023,2,19,54.0,0,Peru_4005.csv
2023-02-20,4005,50.0,16.0,18.6,41.0,4.0,31.0,1,1,2,2,4,4,4,4,0.006083346454082058,-3.504140967101662,3.250432,-5.53005,5.141136,-112.44656,21,2023-02-20,23.89375,0.0,81.355,12.72,1.0,173.30625,2023,2,20,50.0,0,Peru_4005.csv
2023-02-21,4005,48.0,21.0,10.2,42.0,4.0,32.0,2,2,2,2,3,3,4,4,-1.4503967219441416,-3.251481096215094,3.2507646,-5.508604,3.8267767,-111.612045,21,2023-02-21,23.925,0.0,79.825,10.303749999999999,1.0,186.22750000000002,2023,2,21,48.0,0,Peru_4005.csv
2023-02-22,4005,50.0,20.0,22.2,41.0,5.0,31.0,1,1,2,2,4,4,4,4,1.1273210689160822,-3.5182451275304687,3.2602885,-5.5116973,5.327949,-112.62276,21,2023-02-22,24.29875,0.0,76.84875,11.8275,1.0,175.725,2023,2,22,50.0,0,Peru_4005.csv
2023-02-23,4005,44.0,21.0,12.2,41.0,4.0,31.0,2,2,2,2,3,3,4,4,-1.325934274375206,-3.529778313755815,3.2407053,-5.524563,4.2217636,-111.94826,21,2023-02-23,24.0425,0.0,72.9525,10.62125,1.0,178.17000000000002,2023,2,23,44.0,0,Peru_4005.csv
2023-02-24,4005,46.0,26.0,8.8,41.0,9.0,32.0,1,1,2,2,3,3,4,4,-0.6700955499943048,-3.812882659510879,3.218625,-5.526728,3.7724226,-111.04324,21,2023-02-24,24.02,0.0,72.5275,10.8775,1.0,177.365,2023,2,24,46.0,0,Peru_4005.csv
2023-02-25,4005,58.0,22.0,4.8,41.0,7.0,32.0,2,2,2,2,3,3,4,4,-1.474993109358926,-2.7944371033856914,3.1664836,-5.5362415,3.3127255,-110.04329,21,2023-02-25,23.61875,0.0,76.90125,12.151250000000001,1.0,169.72875,2023,2,25,58.0,0,Peru_4005.csv
2023-02-26,4005,56.0,28.0,5.0,41.0,8.0,32.0,2,2,2,2,3,3,4,4,-1.0382524968218094,-2.769093749203638,3.173791,-5.542176,3.4638283,-109.98107,21,2023-02-26,22.83125,0.0,81.82375,9.35875,1.0,198.27125,2023,2,26,56.0,0,Peru_4005.csv
2023-02-27,4005,69.0,26.0,4.8,42.0,7.0,32.0,2,2,2,2,3,3,4,4,-0.7354960058690279,-1.724375018485415,3.1418684,-5.537371,3.6827455,-109.510284,21,2023-02-27,23.12125,0.0,75.385,9.985,1.0,175.08375,2023,2,27,69.0,0,Peru_4005.csv
2023-02-28,4005,60.0,28.0,12.4,41.0,6.0,32.0,1,1,2,2,3,3,4,4,0.29940882171243544,-2.410803398377089,3.2252247,-5.5287704,4.486699,-111.28476,21,2023-02-28,23.47125,0.0,72.86875,11.24125,1.0,172.41625,2023,2,28,60.0,0,Peru_4005.csv
2023-03-01,4005,61.0,28.0,13.2,41.0,6.0,32.0,1,1,2,2,3,3,4,4,0.5104383464629604,-2.358166355067701,3.2260685,-5.5282397,4.5929933,-111.36626,21,2023-03-01,23.40625,0.0,73.9325,11.04875,1.0,175.1575,2023,3,1,61.0,0,Peru_4005.csv
2023-03-02,4005,62.0,29.0,6.6,40.0,11.0,32.0,1,1,2,2,3,3,4,4,0.16910045998925669,-2.774500709692139,3.152481,-5.54752,3.7281175,-109.80223,21,2023-03-02,22.75125,0.0,74.42125,10.7775,1.0,178.03125,2023,3,2,62.0,0,Peru_4005.csv
2023-03-03,4005,65.0,29.0,10.8,41.0,4.0,32.0,2,2,2,2,3,3,4,4,-0.0945901520665127,-1.7077175033225702,3.216209,-5.522712,4.439293,-111.04615,21,2023-03-03,23.12375,0.0,72.5775,11.8725,1.0,168.43375,2023,3,3,65.0,0,Peru_4005.csv
2023-03-04,4005,63.0,35.0,8.4,42.0,10.0,32.0,1,1,2,2,3,3,4,4,0.7176631348067299,-2.173640577402095,3.1687953,-5.5361867,3.8929467,-109.956245,21,2023-03-04,22.99875,0.0,73.8525,10.0225,1.0,178.28625,2023,3,4,63.0,0,Peru_4005.csv
2023-03-05,4005,79.0,28.0,4.8,42.0,7.0,32.0,2,2,2,2,3,3,4,4,-0.14956173034417705,-0.9001658685030784,3.0930173,-5.533987,3.914501,-109.06351,21,2023-03-05,23.67,0.0,71.0525,9.9225,1.0,184.0925,2023,3,5,79.0,0,Peru_4005.csv
2023-03-06,4005,62.0,24.0,9.0,41.0,4.0,32.0,2,2,2,2,3,3,4,4,-0.865374449181416,-2.1311166195493403,3.2060976,-5.5169253,4.0259094,-110.92263,21,2023-03-06,24.2275,0.0,67.98875000000001,9.305,1.0,184.3075,2023,3,6,62.0,0,Peru_4005.csv
2023-03-07,4005,52.0,20.0,16.0,41.0,4.0,31.0,2,2,2,2,3,3,4,4,-0.2188550141611876,-3.094605781073967,3.2467432,-5.5262184,4.8955026,-112.17422,21,2023-03-07,24.05375,0.0,73.41749999999999,9.578750000000001,1.0,180.9175,2023,3,7,52.0,0,Peru_4005.csv
2023-03-08,4005,45.0,21.0,17.4,41.0,4.0,32.0,1,1,2,2,3,3,4,4,-0.13097460768395197,-3.7196679834329585,3.2480855,-5.5296407,5.0313125,-112.37598,21,2023-03-08,23.9,0.0,74.89125,9.3725,1.0,170.0525,2023,3,8,45.0,0,Peru_4005.csv
2023-03-09,4005,48.0,25.0,9.6,42.0,3.0,32.0,2,2,2,2,3,3,4,4,-1.5453187827491697,-2.9103935302562896,3.2235458,-5.5289536,3.6970813,-111.56077,21,2023-03-09,24.395,0.0,71.615,10.79,1.0,168.73875,2023,3,9,48.0,0,Peru_4005.csv
2023-03-10,4005,50.0,21.0,14.4,42.0,0.0,32.0,2,2,2,2,3,3,4,4,-1.2217606765936706,-2.707483344712738,3.2474537,-5.52517,4.7536836,-112.11682,21,2023-03-10,24.1575,0.0,76.07375,8.77625,1.0,188.16625,2023,3,10,50.0,0,Peru_4005.csv
2023-03-11,4005,52.0,27.0,6.2,38.0,0.0,2.8,2,2,1,1,1,1,3,3,-5.068768296158014,1.5566482331088103,-2.0708115,-3.9343731,-85.43843,-57.59439,21,2023-03-11,24.2725,0.0,77.51375,6.9,1.0,228.25125,2023,3,11,52.0,0,Peru_4005.csv
2023-03-12,4005,66.8,29.2,4.2,25.2,0.0,9.0,2,2,1,1,1,1,3,3,-4.118616901663249,1.0209771223770439,-7.9332123,-10.802125,-64.780365,90.33331,21,2023-03-12,25.055,0.0,73.57625,8.29,1.0,173.55375,2023,3,12,66.8,0,Peru_4005.csv
2023-03-13,4005,66.8,29.2,4.2,25.2,0.0,9.0,2,2,1,1,1,1,3,3,-4.118616901663249,1.0209771223770439,-7.927645,-10.790904,-70.74119,89.51509,21,2023-03-13,24.275,0.0,79.36375,6.68875,1.0,206.8175,2023,3,13,66.8,0,Peru_4005.csv
2023-03-14,4005,66.8,29.2,4.2,25.2,0.0,9.0,2,2,1,1,1,1,3,3,-4.118616901663249,1.0209771223770439,-7.971585,-10.834571,-86.77383,65.89014,21,2023-03-14,23.385,0.0,87.81625,5.80875,1.0,235.1775,2023,3,14,66.8,0,Peru_4005.csv
2023-03-15,4005,66.8,29.2,4.2,25.2,0.0,9.0,2,2,1,1,1,1,3,3,-4.118616901663249,1.0209771223770439,-7.9232073,-10.785966,-74.0081,82.204865,21,2023-03-15,24.22875,0.0,84.56125,9.16625,1.0,167.37,2023,3,15,66.8,0,Peru_4005.csv
2023-03-16,4005,66.8,29.2,4.2,25.2,0.0,9.0,2,2,1,1,1,1,3,3,-4.118616901663249,1.0209771223770439,-7.982805,-10.84218,-90.882866,61.633316,21,2023-03-16,24.2625,0.0,82.67125,7.2225,1.0,171.0825,2023,3,16,66.8,0,Peru_4005.csv
2023-03-17,4005,66.8,29.2,4.2,25.2,0.0,9.0,2,2,1,1,1,1,3,3,-4.118616901663249,1.0209771223770439,-7.9660206,-10.838928,-81.142685,83.96204,21,2023-03-17,24.05625,0.0,80.20875,8.65375,1.0,167.4375,2023,3,17,66.8,0,Peru_4005.csv
2023-03-18,4005,66.8,29.2,4.2,25.2,0.0,9.0,2,2,1,1,1,1,3,3,-4.118616901663249,1.0209771223770439,-7.9129915,-10.774059,-82.24872,79.73806,21,2023-03-18,23.365000000000002,0.0,82.0875,8.92875,1.0,178.97375,2023,3,18,66.8,0,Peru_4005.csv
2023-03-19,4005,66.8,29.2,4.2,25.2,0.0,9.0,2,2,1,1,1,1,3,3,-4.118616901663249,1.0209771223770439,-7.905555,-10.766599,-76.65263,89.027534,21,2023-03-19,23.7875,0.0,76.49125,10.5925,1.0,179.5,2023,3,19,66.8,0,Peru_4005.csv
2023-03-20,4005,61.0,15.0,2.4,42.0,0.0,31.0,2,2,2,2,3,3,4,4,-3.534137557458638,-1.7817336435168478,9.083257,9.473523,1.694389,-111.27464,21,2023-03-20,23.5625,0.0,78.57875,9.44625,1.0,175.6825,2023,3,20,61.0,0,Peru_4005.csv
2023-03-21,4005,30.0,19.0,5.2,43.0,0.0,31.0,2,2,2,2,1,1,4,4,-4.2491700176672955,-3.821373454651873,9.084357,9.47571,1.499177,-112.17888,21,2023-03-21,23.64125,0.0,77.76625,10.56875,1.0,174.9475,2023,3,21,43.0,0,Peru_4005.csv
2023-03-22,4005,41.0,24.0,3.2,43.0,0.0,31.0,2,2,2,2,1,1,4,4,-3.866216694799908,-2.724975367989065,9.083737,9.47434,1.6020062,-111.9017,21,2023-03-22,23.53,0.0,77.68375,10.41125,1.0,180.36875,2023,3,22,43.0,0,Peru_4005.csv
2023-03-23,4005,50.0,19.0,4.4,43.0,0.0,31.0,2,2,2,2,1,1,4,4,-3.447984423829917,-2.353734413018596,9.083547,9.473929,1.7944323,-111.658775,21,2023-03-23,24.03875,0.0,75.33875,13.071250000000001,1.0,173.605,2023,3,23,50.0,0,Peru_4005.csv
2023-03-24,4005,39.0,20.0,3.4,44.0,0.0,31.0,2,2,2,2,1,1,4,4,-4.128329592162885,-3.002048340331946,9.084105,9.475088,1.5842057,-111.93867,21,2023-03-24,24.34625,0.0,74.285,11.84,1.0,174.0525,2023,3,24,44.0,0,Peru_4005.csv
2023-03-25,4005,42.0,17.0,4.0,43.0,0.0,31.0,2,2,2,2,1,1,4,4,-4.018931653510582,-3.0232768835036854,9.083595,9.474029,1.6355982,-111.8696,21,2023-03-25,24.30625,0.0,75.82375,11.70125,1.0,181.95875,2023,3,25,43.0,0,Peru_4005.csv
2023-03-26,4005,45.0,12.0,3.4,42.0,0.0,31.0,2,2,2,2,1,1,4,4,-4.257703492963552,-3.115137876783127,9.08416,9.475194,1.5957549,-111.78427,21,2023-03-26,23.7425,0.0,75.65,13.29625,1.0,167.60375,2023,3,26,45.0,0,Peru_4005.csv
2023-03-27,4005,38.0,15.0,6.0,42.0,0.0,31.0,2,2,2,2,1,1,4,4,-3.910024482627909,-3.5357047560859938,9.084473,9.475922,1.6647698,-112.03626,21,2023-03-27,23.28125,0.0,77.5625,11.98,1.0,175.5875,2023,3,27,42.0,0,Peru_4005.csv
2023-03-28,4005,39.0,18.0,2.6,43.0,0.0,31.0,2,2,2,2,1,1,4,4,-4.396520642918907,-3.1557500861242125,9.083794,9.474457,1.5366441,-111.9249,21,2023-03-28,23.795,0.0,77.21875,11.72875,1.0,167.6675,2023,3,28,43.0,0,Peru_4005.csv
2023-03-29,4005,44.0,20.0,4.4,44.0,0.0,31.0,2,2,2,2,1,1,4,4,-3.683790054811542,-2.664774122628815,9.083354,9.473413,1.71179,-111.829124,21,2023-03-29,24.7775,0.0,73.08375,10.90875,1.0,177.42875,2023,3,29,44.0,0,Peru_4005.csv
2023-03-30,4005,48.0,22.0,4.8,44.0,0.0,32.0,2,2,2,2,3,3,4,4,-3.217274145927943,-2.4186708719512047,9.079078,9.4649515,1.8400774,-111.715866,21,2023-03-30,25.33875,0.0,68.75,10.83375,1.0,171.13375,2023,3,30,48.0,0,Peru_4005.csv
2023-03-31,4005,55.0,17.0,3.2,43.0,0.0,31.0,2,2,2,2,3,3,4,4,-3.5551509325892585,-2.0623966096382973,9.083864,9.47458,1.7349175,-111.48373,21,2023-03-31,24.55625,0.0,76.42125,11.61875,1.0,164.46375,2023,3,31,55.0,0,Peru_4005.csv
2023-04-01,4005,49.0,17.0,4.0,43.0,0.0,31.0,2,2,2,2,1,1,4,4,-3.681526419211378,-2.5165181699597388,9.083808,9.474409,1.728004,-111.6862,21,2023-04-01,24.158749999999998,0.0,80.415,11.45875,1.0,172.1725,2023,4,1,49.0,0,Peru_4005.csv
2023-04-02,4005,49.0,13.0,3.4,43.0,0.0,31.0,2,2,2,2,1,1,4,4,-4.011501934669416,-2.7022365761755656,9.083931,9.474613,1.6565232,-111.67366,21,2023-04-02,24.03875,0.0,78.86500000000001,11.39,1.0,171.5425,2023,4,2,49.0,0,Peru_4005.csv
2023-04-03,4005,36.0,17.0,5.6,43.0,0.0,2.4,2,2,1,1,1,1,3,3,-6.509908744243811,0.33131914675967944,-2.731506,-4.475636,-84.15828,-59.004047,21,2023-04-03,24.48625,0.0,75.44875,11.49375,1.0,162.30124999999998,2023,4,3,43.0,0,Peru_4005.csv
2023-04-04,4005,41.0,16.0,6.6,22.2,0.0,8.8,2,2,1,1,1,1,3,3,-5.581607082207997,-1.760631331572934,5.3586626,4.956806,-78.98336,-55.282528,21,2023-04-04,25.025,0.0,75.89625,11.74375,1.0,168.07375,2023,4,4,41.0,0,Peru_4005.csv
2023-04-05,4005,38.0,19.0,3.6,16.8,0.0,2.8,2,2,1,1,1,1,3,3,-6.718907436113732,-1.3453761947120355,5.387423,5.4593363,-75.30492,-52.268326,21,2023-04-05,25.24375,0.0,76.35499999999999,12.24625,1.0,174.54375,2023,4,5,38.0,0,Peru_4005.csv
2023-04-06,4005,45.0,13.0,4.0,18.8,0.0,3.2,2,2,1,1,1,1,3,3,-6.57364981333332,-1.0564640174704143,5.4420257,5.536623,-76.70862,-53.033558,21,2023-04-06,25.1375,0.0,77.21375,12.28875,1.0,171.4425,2023,4,6,45.0,0,Peru_4005.csv
2023-04-07,4005,41.0,14.0,3.6,20.0,0.0,4.2,2,2,1,1,1,1,3,3,-6.705809457643323,-1.3320613401794323,5.423894,5.494845,-76.74587,-53.18921,21,2023-04-07,24.62,0.0,77.90125,12.8575,1.0,173.85999999999999,2023,4,7,41.0,0,Peru_4005.csv
2023-04-08,4005,44.0,14.0,6.0,22.4,0.0,8.6,2,2,1,1,1,1,3,3,-5.680440655576286,-1.5874885244351191,5.3126283,4.9618506,-79.01153,-55.20922,21,2023-04-08,24.54875,0.0,75.885,11.93625,1.0,173.38,2023,4,8,44.0,0,Peru_4005.csv
2023-04-09,4005,40.0,13.0,6.0,21.8,0.0,8.6,2,2,1,1,1,1,3,3,-5.926068394498412,-1.971113716486289,5.3191795,4.959593,-78.79566,-55.391483,21,2023-04-09,24.295,0.0,76.74,13.74375,1.0,172.85,2023,4,9,40.0,0,Peru_4005.csv
2023-04-10,4005,40.0,13.0,6.0,21.8,0.0,8.6,2,2,1,1,1,1,3,3,-5.926068394498412,-1.971113716486289,5.334424,4.946898,-78.79566,-55.391483,21,2023-04-10,23.85875,0.0,76.92375,15.92,1.0,166.10375,2023,4,10,40.0,0,Peru_4005.csv
2023-04-11,4005,42.0,18.0,4.0,11.8,0.0,2.2,2,2,1,1,1,1,3,3,-6.556853020171897,-1.4014488457139478,5.296114,5.4529576,-74.365,-51.439774,21,2023-04-11,23.6325,0.0,78.10875,14.025,1.0,164.59375,2023,4,11,42.0,0,Peru_4005.csv
2023-04-12,4005,49.0,20.0,5.2,12.0,0.0,5.4,2,2,1,1,1,1,3,3,-5.588201216467781,-1.2377802786450005,5.108403,5.3796635,-72.42791,-48.589275,21,2023-04-12,23.66,0.0,77.0475,13.4625,1.0,172.39125,2023,4,12,49.0,0,Peru_4005.csv
2023-04-13,4005,50.0,17.0,4.2,10.6,0.0,10.2,2,2,1,1,1,1,3,3,-5.477252346343393,-2.0361005131179635,4.963902,4.972014,-83.61683,-17.560255,21,2023-04-13,24.1975,0.0,73.19375,13.44125,1.0,168.34875,2023,4,13,50.0,0,Peru_4005.csv
2023-04-14,4005,46.0,16.0,3.6,22.2,0.0,3.0,2,2,1,1,1,1,3,3,-6.463767422766094,-0.548167956071853,5.3936815,5.527871,-77.29802,-52.93458,21,2023-04-14,23.80875,0.0,75.70375,13.91625,1.0,163.495,2023,4,14,46.0,0,Peru_4005.csv
2023-04-15,4005,45.0,22.0,7.8,19.8,0.0,20.8,2,2,1,1,1,1,4,4,-3.7757645539330986,-2.98189707843573,5.08517,4.0924797,-23.01244,-83.94275,21,2023-04-15,23.63125,0.0,77.0375,11.53125,1.0,178.6825,2023,4,15,45.0,0,Peru_4005.csv
2023-04-16,4005,55.0,17.0,4.0,19.8,0.0,9.6,2,2,1,1,1,1,3,3,-5.316774486587403,-0.9155176060593347,4.74524,4.8044305,-83.04314,-46.603203,21,2023-04-16,23.785,0.0,78.33,12.975,1.0,168.9225,2023,4,16,55.0,0,Peru_4005.csv
2023-04-17,4005,47.0,23.0,4.4,19.2,0.0,13.6,2,2,1,1,1,1,3,3,-4.956559408525343,-1.7831099935537387,4.894797,4.647091,-83.57079,-47.477898,21,2023-04-17,23.78,0.0,77.33375,12.0475,1.0,172.11374999999998,2023,4,17,47.0,0,Peru_4005.csv
2023-04-18,4005,57.0,21.0,3.4,16.6,0.0,9.8,2,2,1,1,1,1,3,3,-5.121559135659767,-0.8163583562243422,4.707471,4.74689,-83.175285,-46.30029,21,2023-04-18,23.697499999999998,0.0,77.7675,12.584999999999999,1.0,175.02375,2023,4,18,57.0,0,Peru_4005.csv
2023-04-19,4005,57.0,22.0,3.8,14.0,0.0,3.0,2,2,1,1,1,1,3,3,-5.592840425610353,-0.05613230142392862,4.5173044,5.3173513,-74.50863,-45.36895,21,2023-04-19,22.815,0.0,77.41125,13.45,1.0,165.75375,2023,4,19,57.0,0,Peru_4005.csv
2023-04-20,4005,57.0,17.0,6.2,17.2,0.0,3.8,2,2,1,1,1,1,3,3,-5.288881208858309,-0.2389536115478325,4.7200484,5.326227,-76.6346,-46.817406,21,2023-04-20,22.735,0.0,76.4325,14.6875,1.0,156.21375,2023,4,20,57.0,0,Peru_4005.csv
2023-04-21,4005,46.0,16.0,3.6,22.2,0.0,3.0,2,2,1,1,1,1,3,3,-6.463767422766094,-0.548167956071853,5.399812,5.529785,-77.29791,-52.934586,21,2023-04-21,22.72375,0.0,75.75125,15.02375,1.0,170.105,2023,4,21,46.0,0,Peru_4005.csv
2023-04-22,4005,43.0,26.0,4.8,24.8,0.0,10.2,2,2,1,1,1,1,3,3,-5.2044837627281995,-1.067160896959536,-2.2171795,-4.354924,-83.14411,-51.007225,21,2023-04-22,23.5725,0.0,74.1875,15.695,1.0,160.63,2023,4,22,43.0,0,Peru_4005.csv
2023-04-23,4005,57.0,18.0,6.0,15.4,0.0,8.4,2,2,1,1,1,1,3,3,-4.873698491360938,-0.9313921910713301,4.7825627,4.9187727,-82.2472,-46.382,21,2023-04-23,23.30875,0.0,71.3025,12.68375,1.0,164.075,2023,4,23,57.0,0,Peru_4005.csv
2023-04-24,4005,50.0,25.0,8.0,21.0,0.0,4.0,2,2,1,1,1,1,3,3,-4.8210853487956395,-0.13774061473592833,4.6760645,5.2280145,-78.307144,-45.152287,21,2023-04-24,23.74375,0.0,71.21375,14.01625,1.0,160.10375,2023,4,24,50.0,0,Peru_4005.csv
2023-04-25,4005,53.0,15.0,5.4,18.8,0.0,12.6,2,2,1,1,1,1,3,3,-4.968472580119211,-1.669927773272885,4.8699937,4.7948194,-83.344,-47.028397,21,2023-04-25,22.947499999999998,0.0,73.3325,12.405,1.0,161.83249999999998,2023,4,25,53.0,0,Peru_4005.csv
2023-04-26,4005,43.0,19.0,4.2,13.4,0.0,2.2,2,2,1,1,1,1,3,3,-6.413685295715304,-1.1667547822396436,5.305018,5.4519234,-74.41813,-51.420624,21,2023-04-26,22.81125,0.0,74.3175,12.6275,1.0,156.38375,2023,4,26,43.0,0,Peru_4005.csv
2023-04-27,4005,44.0,16.0,5.6,21.6,0.0,2.4,2,2,1,1,1,1,3,3,-6.206981003077396,-0.7059455553479168,5.4830217,5.4938154,-77.14822,-53.72199,21,2023-04-27,22.605,0.0,71.66625,11.3,1.0,157.87,2023,4,27,44.0,0,Peru_4005.csv
2023-04-28,4005,43.0,20.0,5.2,24.8,0.0,2.2,2,2,1,1,1,1,3,3,-6.141823799032024,-0.30694185265990814,-2.3753757,-4.499429,-81.075066,-56.522793,21,2023-04-28,22.2,0.0,76.42750000000001,13.19625,1.0,156.67125,2023,4,28,43.0,0,Peru_4005.csv
2023-04-29,4005,58.0,16.0,5.0,16.4,0.0,3.0,2,2,1,1,1,1,3,3,-5.608732777617167,-0.138520232943196,4.774986,5.334525,-76.46276,-47.054012,21,2023-04-29,22.15,0.0,79.46875,14.30625,1.0,164.18125,2023,4,29,58.0,0,Peru_4005.csv
2023-04-30,4005,49.0,15.0,2.6,19.8,0.0,3.2,2,2,1,1,1,1,3,3,-6.560434956789792,-0.558853569772619,5.3906875,5.5009975,-77.247116,-52.546066,21,2023-04-30,21.86,0.0,78.7125,13.8325,1.0,165.5675,2023,4,30,49.0,0,Peru_4005.csv
2023-05-01,4005,49.0,18.0,3.2,10.0,0.0,3.0,2,2,1,1,1,1,3,3,-6.314162642924019,-1.1137666409339155,5.167285,5.462841,-72.4201,-49.200344,21,2023-05-01,21.71875,0.0,79.42625,11.8775,1.0,167.74125,2023,5,1,49.0,0,Peru_4005.csv
2023-05-02,4005,58.0,16.0,5.0,16.4,0.0,3.0,2,2,1,1,1,1,3,3,-5.608732777617167,-0.138520232943196,4.7327957,5.3753805,-76.46276,-47.054012,21,2023-05-02,21.24625,0.0,80.8175,10.81,1.0,193.54125,2023,5,2,58.0,0,Peru_4005.csv
2023-05-03,4005,51.0,13.0,3.0,22.2,0.0,2.4,2,2,1,1,1,1,3,3,-6.553799023423735,-0.24146416031568665,5.325584,5.5358515,-77.44409,-52.45238,21,2023-05-03,21.16,0.0,82.05125000000001,11.42,1.0,175.28125,2023,5,3,51.0,0,Peru_4005.csv
2023-05-04,4005,44.0,15.0,4.4,19.0,0.0,12.0,2,2,1,1,1,1,3,3,-5.65855112334137,-2.2018224859817814,5.063209,4.823987,-83.326614,-47.6878,21,2023-05-04,20.59875,0.0,83.64375,12.1025,1.0,173.67874999999998,2023,5,4,44.0,0,Peru_4005.csv
2023-05-05,4005,47.0,24.0,4.4,18.8,0.0,22.2,2,2,1,1,1,1,4,4,-4.145173552214473,-2.913471954060939,5.1357956,4.0809135,-22.337515,-84.17196,21,2023-05-05,20.365000000000002,0.0,82.78,10.49375,1.0,172.96875,2023,5,5,47.0,0,Peru_4005.csv
2023-05-06,4005,61.0,27.0,3.4,31.4,0.0,2.4,2,2,1,1,1,1,3,3,-5.249684116150896,1.8478307497389808,-1.9417932,-3.5679414,-61.250206,55.437542,21,2023-05-06,20.4225,0.0,83.58375,10.55625,1.0,177.64125,2023,5,6,61.0,0,Peru_4005.csv
2023-05-07,4005,69.0,17.0,6.2,18.4,0.0,1.8,2,2,1,1,1,1,3,3,-4.885493562496907,0.9853300257810157,-2.2374778,-3.767172,-74.19955,34.711403,21,2023-05-07,20.62875,0.0,81.525,10.195,1.0,171.68625,2023,5,7,69.0,0,Peru_4005.csv
2023-05-08,4005,55.0,19.0,2.8,20.4,0.0,16.2,2,2,1,1,1,1,3,3,-4.872976432215074,-1.6251933822741487,4.767866,4.5917325,-84.08222,-46.809315,21,2023-05-08,19.88625,0.0,84.15625,11.6425,1.0,167.52,2023,5,8,55.0,0,Peru_4005.csv
2023-05-09,4005,60.0,23.0,4.8,22.4,0.0,2.2,2,2,1,1,1,1,3,3,-5.25137993634198,0.9083807184898215,-1.9563427,-3.8158698,-73.73126,37.651245,21,2023-05-09,19.3175,0.0,86.105,11.82,1.0,173.035,2023,5,9,60.0,0,Peru_4005.csv
2023-05-10,4005,65.0,26.0,4.6,22.6,0.0,3.0,2,2,1,1,1,1,3,3,-4.8242087591818095,1.3332406553982505,-1.9670126,-3.7766612,-73.47923,37.19962,21,2023-05-10,19.42375,0.0,85.76,11.526250000000001,1.0,173.385,2023,5,10,65.0,0,Peru_4005.csv
2023-05-11,4005,67.0,24.0,5.8,25.0,0.0,2.6,2,2,1,1,1,1,3,3,-4.61939501452091,1.5773281346200336,-2.044362,-3.7535033,-73.54715,36.84409,21,2023-05-11,19.48875,0.0,84.1725,11.1775,1.0,171.13625000000002,2023,5,11,67.0,0,Peru_4005.csv
2023-05-12,4005,65.0,26.0,4.6,22.6,0.0,3.0,2,2,1,1,1,1,3,3,-4.8242087591818095,1.3332406553982505,-1.9639789,-3.7640362,-73.47923,37.19962,21,2023-05-12,19.298750000000002,0.0,83.12125,10.9575,1.0,170.44875,2023,5,12,65.0,0,Peru_4005.csv
2023-05-13,4005,64.0,29.0,4.8,20.4,0.0,6.2,2,2,1,1,1,1,3,3,-4.396179882778675,0.8169288104876784,3.9667807,4.4494677,-72.21705,38.975437,21,2023-05-13,18.82875,0.0,84.43625,9.87875,1.0,176.39625,2023,5,13,64.0,0,Peru_4005.csv
2023-05-14,4005,70.0,18.0,5.4,25.4,0.0,2.6,2,2,1,1,1,1,3,3,-4.867413954307189,1.5328610324852778,-2.138728,-3.7462413,-73.72523,36.108368,21,2023-05-14,19.69625,0.0,79.355,10.525,1.0,157.96375,2023,5,14,70.0,0,Peru_4005.csv
2023-05-15,4005,53.0,22.0,5.6,27.8,0.0,12.0,2,2,1,1,1,1,3,3,-4.604126693541154,-0.5848937155558434,-2.2153664,-4.349247,-83.407814,-51.40495,21,2023-05-15,19.03625,0.0,85.0625,11.80625,1.0,169.18125,2023,5,15,53.0,0,Peru_4005.csv
2023-05-16,4005,62.0,16.0,2.4,20.0,0.0,35.0,2,2,2,2,3,3,4,4,-3.112062335411031,-3.804854467636416,-4.00884,-8.034881,-0.017733583,-103.707535,21,2023-05-16,19.725,0.0,78.85875,13.438749999999999,1.0,157.03125,2023,5,16,62.0,0,Peru_4005.csv
2023-05-17,4005,50.0,14.0,1.8,20.0,0.0,32.0,2,2,2,2,3,3,4,4,-4.18163474452743,-4.357445527957292,-4.176503,-8.170532,-2.3234346,-104.221085,21,2023-05-17,20.048750000000002,0.0,79.77125,12.6875,1.0,168.755,2023,5,17,50.0,0,Peru_4005.csv
2023-05-18,4005,44.0,15.0,4.8,20.0,0.0,32.0,2,2,2,2,3,3,4,4,-3.8082675732808893,-4.815765079713185,-4.2008634,-8.193379,-2.623812,-104.39143,21,2023-05-18,19.7425,0.0,81.2,13.79875,1.0,159.72375,2023,5,18,44.0,0,Peru_4005.csv
2023-05-19,4005,47.0,18.0,4.2,21.0,0.0,32.0,2,2,2,2,3,3,4,4,-3.628461364669233,-4.360171959576751,-4.175262,-8.169701,-2.3876421,-104.27369,21,2023-05-19,19.89125,0.0,81.76125,14.258750000000001,1.0,156.5,2023,5,19,47.0,0,Peru_4005.csv
2023-05-20,4005,51.0,17.0,2.8,21.0,0.0,32.0,2,2,2,2,3,3,4,4,-3.7725725082821144,-4.086154850832334,-4.1452603,-8.14492,-2.07369,-104.1296,21,2023-05-20,19.615,0.0,82.86875,13.51125,1.0,164.86875,2023,5,20,51.0,0,Peru_4005.csv
2023-05-21,4005,48.0,17.0,3.6,21.0,0.0,32.0,2,2,2,2,3,3,4,4,-3.7543458736617104,-4.32309435785705,-4.1728,-8.168346,-2.3419788,-104.250465,21,2023-05-21,19.49125,0.0,82.71000000000001,13.1125,1.0,163.16125,2023,5,21,48.0,0,Peru_4005.csv
2023-05-22,4005,53.0,28.0,4.2,23.0,0.0,32.0,2,2,2,2,3,3,4,4,-2.816751844866786,-3.2780851893100693,-3.9944253,-8.026436,-0.51360446,-103.06895,21,2023-05-22,19.622500000000002,0.0,81.65625,12.0975,1.0,161.5975,2023,5,22,53.0,0,Peru_4005.csv
2023-05-23,4005,69.0,15.0,5.0,22.0,0.0,33.0,2,2,2,2,3,3,4,4,-2.4712998661408605,-2.9983332176407527,-4.050859,-8.075963,0.60754067,-103.46078,21,2023-05-23,20.05625,0.0,79.51,13.3,1.0,160.52125,2023,5,23,69.0,0,Peru_4005.csv
2023-05-24,4005,46.0,13.0,2.6,21.0,0.0,33.0,2,2,2,2,3,3,4,4,-4.173765444292763,-4.777585322621225,-4.1904855,-8.185161,-2.5801892,-104.37243,21,2023-05-24,19.6,0.0,80.93625,14.512500000000001,1.0,158.385,2023,5,24,46.0,0,Peru_4005.csv
2023-05-25,4005,39.0,20.0,4.6,23.0,0.0,32.0,2,2,2,2,3,3,4,4,-3.8258554599516277,-4.702553682566285,-4.1766195,-8.170639,-2.7688594,-104.5182,21,2023-05-25,19.55625,0.0,80.94875,13.8875,1.0,156.54500000000002,2023,5,25,39.0,0,Peru_4005.csv
2023-05-26,4005,54.0,20.0,2.2,22.0,0.0,31.0,2,2,2,2,3,3,4,4,-3.6811378006403093,-3.4966992080129433,-4.117296,-8.121241,-1.4241087,-103.821144,21,2023-05-26,19.535,0.0,82.25125,13.99625,1.0,163.86375,2023,5,26,54.0,0,Peru_4005.csv
2023-05-27,4005,58.0,15.0,4.0,21.0,0.0,32.0,2,2,2,2,3,3,4,4,-3.294850975976904,-3.7092998832753787,-4.14659,-8.150786,-1.1596267,-103.822,21,2023-05-27,19.43375,0.0,85.495,12.157499999999999,1.0,167.70000000000002,2023,5,27,58.0,0,Peru_4005.csv
2023-05-28,4005,49.0,13.0,3.0,21.0,0.0,31.0,2,2,2,2,3,3,4,4,-4.124492169531034,-4.302555898995355,-4.1877923,-8.182108,-2.3681183,-104.27532,21,2023-05-28,19.58125,0.0,84.1875,12.675,1.0,170.005,2023,5,28,49.0,0,Peru_4005.csv
2023-05-29,4005,46.0,13.0,2.6,22.0,0.0,31.0,2,2,2,2,3,3,4,4,-4.349073602779654,-4.436668989754084,-4.2154737,-8.20944,-2.5263622,-104.36597,21,2023-05-29,19.3675,0.0,83.58875,11.97,1.0,160.79,2023,5,29,46.0,0,Peru_4005.csv
2023-05-30,4005,44.0,13.0,1.8,22.0,0.0,33.0,2,2,2,2,3,3,4,4,-4.4315604088604275,-4.8294254981737,-4.202989,-8.197464,-2.7061281,-104.45381,21,2023-05-30,18.83625,0.0,84.37,14.057500000000001,1.0,162.23,2023,5,30,44.0,0,Peru_4005.csv
2023-05-31,4005,44.0,9.0,2.2,22.0,0.0,35.0,2,2,2,2,3,3,4,4,-4.381256249165995,-5.307565697324985,-4.2069144,-8.204049,-2.8867981,-104.56109,21,2023-05-31,18.271250000000002,0.0,83.72375,12.4075,1.0,157.4325,2023,5,31,44.0,0,Peru_4005.csv
2023-06-01,4005,34.0,8.0,1.4,23.0,0.0,34.0,2,2,2,2,3,3,4,4,-5.164992610522336,-5.854830056286954,-4.2186666,-8.213083,-3.434627,-105.01781,21,2023-06-01,18.4675,0.0,79.56875,11.52,1.0,146.02625,2023,6,1,34.0,0,Peru_4005.csv
2023-06-02,4005,28.0,4.0,2.8,24.0,0.0,32.0,2,2,2,2,3,3,4,4,-5.552408706186565,-6.183389741197029,-4.261283,-8.256409,-3.8611755,-105.431915,21,2023-06-02,18.27625,0.0,83.37,12.3125,1.0,158.35875,2023,6,2,32.0,0,Peru_4005.csv
2023-06-03,4005,17.0,1.0,2.0,23.0,0.0,32.0,2,2,2,2,3,3,4,4,-6.4027708873250155,-7.183560294011216,-4.3251166,-8.321508,-4.4953513,-106.0162,21,2023-06-03,18.545,0.0,82.40625,13.9125,1.0,150.5875,2023,6,3,32.0,0,Peru_4005.csv
2023-06-04,4005,1.0,1.0,3.8,22.0,0.0,32.0,2,2,2,2,1,1,4,4,-6.809053011718676,-8.459510272740747,-4.332815,-8.329413,-4.755577,-106.26235,21,2023-06-04,18.7825,0.0,83.51875,13.428749999999999,1.0,163.3025,2023,6,4,32.0,0,Peru_4005.csv
2023-06-05,4005,1.0,1.0,3.8,22.0,0.0,32.0,2,2,2,2,1,1,4,4,-6.809053011718676,-8.459510272740747,-4.333231,-8.329752,-4.755577,-106.26235,21,2023-06-05,18.755,0.0,82.34375,11.9575,1.0,157.24125,2023,6,5,32.0,0,Peru_4005.csv
2023-06-06,4005,1.0,1.0,3.8,22.0,0.0,32.0,2,2,2,2,1,1,4,4,-6.809053011718676,-8.459510272740747,-4.333418,-8.329773,-4.755577,-106.26235,21,2023-06-06,18.87625,0.0,83.43,11.765,1.0,165.02,2023,6,6,32.0,0,Peru_4005.csv
2023-06-07,4005,1.0,1.0,3.6,23.0,0.0,32.0,2,2,2,2,1,1,4,4,-6.848324989692823,-8.38138019175306,-4.335547,-8.332343,-4.750396,-106.261406,21,2023-06-07,18.9725,0.0,83.87625,11.46125,1.0,168.50625,2023,6,7,32.0,0,Peru_4005.csv
2023-06-08,4005,1.0,11.8,4.0,23.0,0.0,32.0,2,2,2,2,1,1,4,4,-6.205705238240009,-7.849810878413312,-4.3363914,-8.332893,-4.76285,-106.268,21,2023-06-08,19.0275,0.0,84.49875,14.3125,1.0,161.27,2023,6,8,32.0,0,Peru_4005.csv
2023-06-09,4005,74.8,37.4,4.0,22.0,0.0,34.0,2,2,2,2,3,3,4,4,-1.1429183650315562,-1.5646107315838707,2.431191,-5.614354,1.9070706,-101.22948,21,2023-06-09,19.0975,0.0,82.75625,13.8825,1.0,160.4,2023,6,9,74.8,0,Peru_4005.csv
2023-06-10,4005,62.0,26.4,4.8,22.0,0.0,33.0,2,2,2,2,3,3,4,4,-2.257028524762753,-2.928624303379839,-3.9665036,-8.004167,0.22903797,-102.86693,21,2023-06-10,18.78625,0.0,82.06375,13.97,1.0,161.29125,2023,6,10,62.0,0,Peru_4005.csv
2023-06-11,4005,69.6,21.8,3.0,21.0,0.0,34.0,2,2,2,2,3,3,4,4,-2.409163569552406,-2.7716458438133267,-3.9843445,-8.0151005,0.57213324,-103.25379,21,2023-06-11,18.8425,0.0,80.50125,11.65625,1.0,161.57375000000002,2023,6,11,69.6,0,Peru_4005.csv
2023-06-12,4005,61.4,23.6,2.4,22.0,0.0,35.0,2,2,2,2,3,3,4,4,-2.7431899271517,-3.3208904168272113,-3.9828708,-8.015004,0.056095842,-103.29379,21,2023-06-12,18.725,0.0,79.29625,14.0,1.0,154.74625,2023,6,12,61.4,0,Peru_4005.csv
2023-06-13,4005,58.4,26.0,1.0,21.0,0.0,33.0,2,2,2,2,3,3,4,4,-3.226208852264276,-3.1886413507988167,-4.000051,-8.027855,-0.31174067,-103.332596,21,2023-06-13,18.3675,0.0,79.9,12.255,1.0,177.22375,2023,6,13,58.4,0,Peru_4005.csv
2023-06-14,4005,62.0,26.4,4.8,22.0,0.0,33.0,2,2,2,2,3,3,4,4,-2.257028524762753,-2.928624303379839,-3.967671,-8.004684,0.22977886,-102.8669,21,2023-06-14,18.21125,0.0,80.4475,9.52875,1.0,174.17374999999998,2023,6,14,62.0,0,Peru_4005.csv
2023-06-15,4005,62.0,26.4,4.8,22.0,0.0,33.0,2,2,2,2,3,3,4,4,-2.257028524762753,-2.928624303379839,-3.9669213,-8.004397,0.22901905,-102.86689,21,2023-06-15,18.06625,0.0,83.6775,10.40375,1.0,170.34875,2023,6,15,62.0,0,Peru_4005.csv
2023-06-16,4005,62.8,27.2,3.6,23.0,0.0,34.0,2,2,2,2,3,3,4,4,-2.3313335967068896,-2.8616380583090404,-3.9669008,-8.004333,0.22236982,-102.96359,21,2023-06-16,18.634999999999998,0.0,83.285,10.7825,1.0,169.5875,2023,6,16,62.8,0,Peru_4005.csv
2023-06-17,4005,62.8,27.2,3.6,23.0,0.0,34.0,2,2,2,2,3,3,4,4,-2.3313335967068896,-2.8616380583090404,-3.9662533,-8.004134,0.22240613,-102.963585,21,2023-06-17,18.73125,0.0,82.46875,10.73375,1.0,166.5675,2023,6,17,62.8,0,Peru_4005.csv
2023-06-18,4005,62.0,26.4,4.8,22.0,0.0,33.0,2,2,2,2,3,3,4,4,-2.257028524762753,-2.928624303379839,-3.967513,-8.004978,0.2297988,-102.86696,21,2023-06-18,18.4125,0.0,84.375,13.69375,1.0,159.9375,2023,6,18,62.0,0,Peru_4005.csv
2023-06-19,4005,62.0,26.4,4.8,22.0,0.0,33.0,2,2,2,2,3,3,4,4,-2.257028524762753,-2.928624303379839,-3.9678676,-8.005432,0.2297798,-102.86693,21,2023-06-19,18.24,0.0,84.93875,13.55,1.0,173.71375,2023,6,19,62.0,0,Peru_4005.csv
2023-06-20,4005,62.0,26.4,4.8,22.0,0.0,33.0,2,2,2,2,3,3,4,4,-2.257028524762753,-2.928624303379839,-3.9679294,-8.0057,0.22979803,-102.86692,21,2023-06-20,17.9175,0.0,84.855,11.766250000000001,1.0,163.23875,2023,6,20,62.0,0,Peru_4005.csv
2023-06-21,4005,62.0,26.4,4.8,22.0,0.0,33.0,2,2,2,2,3,3,4,4,-2.257028524762753,-2.928624303379839,-3.9678009,-8.005157,0.22979325,-102.866844,21,2023-06-21,18.28875,0.0,80.8175,11.8725,1.0,160.07625000000002,2023,6,21,62.0,0,Peru_4005.csv
2023-06-22,4005,55.4,25.4,2.8,23.0,0.0,32.0,2,2,2,2,3,3,4,4,-3.121125632603317,-3.2001130078131585,-4.030243,-8.057373,-0.51327354,-103.25162,21,2023-06-22,18.125,0.0,81.86,10.7925,1.0,158.125,2023,6,22,55.4,0,Peru_4005.csv
2023-06-23,4005,175.0,54.6,7.0,23.0,7.0,32.0,0,0,3,3,5,5,10,10,6.280445546876168,5.938275762444498,-3.09011,0.01491722,84.46305,44.56671,21,2023-06-23,17.83625,0.0,82.12375,10.58375,1.0,160.255,2023,6,23,175.0,0,Peru_4005.csv
2023-06-24,4005,92.4,45.8,19.8,23.0,3.6,34.0,1,1,2,2,3,3,4,4,4.00956749095582,-0.6390010013695717,3.2231567,-3.9545083,28.505861,-57.959347,21,2023-06-24,17.8625,0.0,81.15125,9.24625,1.0,148.9325,2023,6,24,92.4,0,Peru_4005.csv
2023-06-25,4005,175.0,54.6,7.0,23.0,7.0,32.0,0,0,3,3,5,5,10,10,6.280445546876168,5.938275762444498,-3.1134093,-0.017066274,84.46389,44.56708,21,2023-06-25,17.58125,0.0,83.15125,10.43125,1.0,157.51,2023,6,25,175.0,0,Peru_4005.csv
2023-06-26,4005,80.8,35.8,14.4,23.0,4.0,33.0,1,1,2,2,3,3,4,4,1.8155997741646324,-1.763183660218012,2.9472203,-4.1532474,19.246094,-62.490097,21,2023-06-26,17.5075,0.0,84.88375,12.97625,1.0,156.72875000000002,2023,6,26,80.8,0,Peru_4005.csv
2023-06-27,4005,80.4,52.6,18.0,22.0,9.6,32.0,1,1,2,2,3,3,4,4,4.323891901088008,-1.6822317564919678,3.2266924,-3.8600812,21.675323,-61.857693,21,2023-06-27,17.541249999999998,0.0,83.545,12.8875,1.0,159.24875,2023,6,27,80.4,0,Peru_4005.csv
2023-06-28,4005,175.0,54.6,7.0,23.0,7.0,32.0,0,0,3,3,5,5,10,10,6.280445546876168,5.938275762444498,-3.1244755,-0.038543634,84.46389,44.56708,21,2023-06-28,17.635,0.0,83.105,9.49125,1.0,160.65625,2023,6,28,175.0,0,Peru_4005.csv
2023-06-29,4005,80.4,52.6,18.0,22.0,9.6,32.0,1,1,2,2,3,3,4,4,4.323891901088008,-1.6822317564919678,3.1713002,-3.8833609,21.675262,-61.857685,21,2023-06-29,17.68625,0.0,83.625,10.89125,1.0,169.5625,2023,6,29,80.4,0,Peru_4005.csv
2023-06-30,4005,68.0,50.4,17.6,21.0,3.0,32.0,1,1,2,2,3,3,4,4,2.336715803452008,-1.9236843429709474,3.168785,-3.998867,20.643776,-62.162308,21,2023-06-30,17.49625,0.0,84.25625,9.78625,1.0,156.0775,2023,6,30,68.0,0,Peru_4005.csv
2023-07-01,4005,76.26329315845445,39.0951871657754,11.939310035171744,12.942866095675788,8.522758485383559,9.978580024067387,2,2,1,1,4,4,9,9,0.03549621024003731,-0.08868490030010638,19.018219,-0.49339658,-13.194237,61.20619,21,2023-07-01,17.46125,0.0,84.64375,8.82,1.0,166.6975,2023,7,1,76.26329315845445,0,Peru_4005.csv
2023-07-02,4005,76.26329315845445,39.0951871657754,11.939310035171744,12.942866095675788,8.522758485383559,9.978580024067387,2,2,1,1,4,4,9,9,0.03549621024003731,-0.08868490030010638,17.727568,-0.47343457,-13.194237,61.20619,21,2023-07-02,17.88,0.0,83.05875,11.94,1.0,164.52,2023,7,2,76.26329315845445,0,Peru_4005.csv
2023-07-03,4005,76.26329315845445,39.0951871657754,11.939310035171744,12.942866095675788,8.522758485383559,9.978580024067387,2,2,1,1,4,4,9,9,0.03549621024003731,-0.08868490030010638,19.685598,-0.19341134,-13.194237,61.20619,21,2023-07-03,18.51625,0.0,79.7625,10.41,1.0,154.73375,2023,7,3,76.26329315845445,0,Peru_4005.csv
2023-07-04,4005,77.2,40.0,6.6,21.0,5.0,35.0,1,1,2,2,3,3,4,4,0.6272696734307789,-2.160448395197307,2.5384498,-5.5765414,2.4734683,-100.603676,21,2023-07-04,18.36,0.0,80.46875,13.74,1.0,161.15125,2023,7,4,77.2,0,Peru_4005.csv
2023-07-05,4005,66.0,31.4,14.0,21.0,4.0,25.0,2,2,1,1,4,4,4,4,0.08233121089981926,-2.1208072695453444,3.0410464,-4.3682218,12.258409,-60.58443,21,2023-07-05,17.81125,0.0,83.22875,10.66125,1.0,160.3925,2023,7,5,66.0,0,Peru_4005.csv
2023-07-06,4005,95.6,49.6,12.4,21.0,1.8,19.0,0,0,3,3,5,5,11,11,1.201480822035339,2.053802431290054,2.0384846,-2.794588,20.011368,2.0020561,21,2023-07-06,18.13,0.0,80.56,11.91875,1.0,162.18875,2023,7,6,95.6,0,Peru_4005.csv
2023-07-07,4005,95.8,61.4,6.8,21.0,7.2,17.0,0,0,3,3,5,5,11,11,1.4832772918525416,2.3869271785464425,-0.012119596,-1.1448557,22.836838,48.920208,21,2023-07-07,17.81875,0.0,82.28375,10.91625,1.0,157.48875,2023,7,7,95.8,0,Peru_4005.csv
2023-07-08,4005,77.2,41.4,12.2,22.0,5.0,19.0,2,2,1,1,4,4,9,9,0.42730840687882266,-0.013565436868587829,2.376665,-2.9191017,10.549336,-54.70297,21,2023-07-08,17.805,0.0,80.24375,11.491249999999999,1.0,158.2775,2023,7,8,77.2,0,Peru_4005.csv
2023-07-09,4005,59.2,37.0,1.0,22.0,2.0,17.0,2,2,1,1,1,1,3,3,-3.6672535413784075,-0.6157235993531752,0.63607496,-2.7761917,-70.49912,21.96333,21,2023-07-09,17.73875,0.0,81.785,12.49,1.0,158.505,2023,7,9,59.2,0,Peru_4005.csv
2023-07-10,4005,92.8,49.4,8.6,21.0,3.0,19.0,0,0,3,3,5,5,11,11,0.4994741085444708,1.7840380998046743,1.9333904,-2.9649248,8.105465,-43.932285,21,2023-07-10,18.12,0.0,82.77125000000001,10.94625,1.0,165.04125,2023,7,10,92.8,0,Peru_4005.csv
2023-07-11,4005,96.6,39.2,12.6,22.0,1.0,17.0,0,0,3,3,5,5,11,11,0.4301371700173221,2.0413662679527675,2.0219066,-2.8462965,20.112988,1.804287,21,2023-07-11,18.205,0.0,83.0325,14.17875,1.0,161.53125,2023,7,11,96.6,0,Peru_4005.csv
2023-07-12,4005,98.8,38.4,12.4,22.0,7.2,20.0,0,0,3,3,5,5,9,9,1.8390719227701005,0.9843289705465889,2.4434397,-3.5832298,58.60829,-7.3689013,21,2023-07-12,18.06875,0.0,83.83375,12.72375,1.0,171.1875,2023,7,12,98.8,0,Peru_4005.csv
2023-07-13,4005,114.2,45.8,10.0,21.0,1.0,15.0,0,0,3,3,5,5,10,10,0.914056475857951,3.905132289157936,-1.70843,0.33441865,60.884216,41.503117,21,2023-07-13,18.1525,0.0,84.30375000000001,11.4675,1.0,167.82875,2023,7,13,114.2,0,Peru_4005.csv
2023-07-14,4005,75.2,42.4,10.0,7.0,4.0,8.0,2,2,1,1,4,4,9,9,-1.2391805951687545,0.4464739226248039,2.110394,3.2629693,-1.6101074,1.6866083,21,2023-07-14,17.845,0.0,84.23,10.53375,1.0,164.95875,2023,7,14,75.2,0,Peru_4005.csv
2023-07-15,4005,77.8,24.0,12.0,12.6,3.0,8.0,2,2,1,1,4,4,9,9,-1.8355312145531617,0.19844131610820545,1.4821557,4.1767507,-7.549699,-13.319557,21,2023-07-15,18.0075,0.0,83.115,12.14875,1.0,157.04125,2023,7,15,77.8,0,Peru_4005.csv
2023-07-16,4005,88.6,50.2,13.0,7.8,4.0,8.0,0,0,3,3,4,4,11,11,0.4237805575189694,1.7920641248398768,0.46925598,2.2944825,6.5416465,10.060049,21,2023-07-16,17.5775,0.0,83.07375,13.20625,1.0,161.22375,2023,7,16,88.6,0,Peru_4005.csv
2023-07-17,4005,74.8,27.8,12.0,13.4,4.0,8.0,2,2,1,1,4,4,9,9,-1.600869674833769,0.10458759282053633,1.5573252,4.026977,-7.0001483,-13.216147,21,2023-07-17,17.29875,0.0,82.6725,12.12875,1.0,156.9375,2023,7,17,74.8,0,Peru_4005.csv
2023-07-18,4005,74.8,27.8,12.0,13.4,4.0,8.0,2,2,1,1,4,4,9,9,-1.600869674833769,0.10458759282053633,1.5492533,4.0368037,-7.0001483,-13.216147,21,2023-07-18,17.465,0.0,82.64625,12.14375,1.0,151.1775,2023,7,18,74.8,0,Peru_4005.csv
2023-07-19,4005,72.2,37.8,12.0,10.8,5.0,8.0,2,2,1,1,4,4,9,9,-1.029634500449281,0.10167385020395478,1.8491604,3.229396,-0.36801296,1.9824532,21,2023-07-19,17.63875,0.0,83.9775,11.77,1.0,166.885,2023,7,19,72.2,0,Peru_4005.csv
2023-07-20,4005,81.2,35.6,12.0,23.2,5.0,9.0,2,2,1,1,4,4,9,9,-0.6039786328786867,1.4166290927387193,0.2849697,1.2113887,25.125298,0.45941785,21,2023-07-20,17.895,0.0,81.90125,10.9075,1.0,152.4075,2023,7,20,81.2,0,Peru_4005.csv
2023-07-21,4005,83.6,35.2,12.0,22.0,5.0,8.0,2,2,1,1,4,4,9,9,-0.5991762255761777,1.6163551073867315,0.26125172,1.3449653,25.157032,0.8123224,21,2023-07-21,17.59375,0.0,85.65125,12.66625,1.0,161.985,2023,7,21,83.6,0,Peru_4005.csv
2023-07-22,4005,95.2,53.8,11.0,22.0,3.0,8.0,0,0,3,3,5,5,11,11,0.3616282933604207,3.6647837609429588,-0.18697186,0.5555721,28.619452,28.454271,21,2023-07-22,17.63875,0.0,83.75125,13.004999999999999,1.0,165.57375,2023,7,22,95.2,0,Peru_4005.csv
2023-07-23,4005,78.0,43.6,12.0,22.0,4.0,8.0,2,2,1,1,4,4,9,9,-0.6132613548411386,1.757807846409906,0.40003964,1.1681377,23.725756,0.9645273,21,2023-07-23,18.03375,0.0,81.47375,10.2,1.0,147.74,2023,7,23,78.0,0,Peru_4005.csv
2023-07-24,4005,76.0,34.8,12.0,24.0,4.0,8.0,2,2,1,1,4,4,9,9,-1.1640708381742435,1.3182215627952365,0.3343476,1.1810807,24.92634,0.23845007,21,2023-07-24,17.8125,0.0,82.72874999999999,12.61625,1.0,149.73,2023,7,24,76.0,0,Peru_4005.csv
2023-07-25,4005,78.6,33.4,11.0,23.0,5.0,8.0,2,2,1,1,4,4,9,9,-1.1358148983792118,1.262030550290985,0.3231904,1.1010916,25.080652,0.17102113,21,2023-07-25,17.945,0.0,83.3475,12.435,1.0,155.25875,2023,7,25,78.6,0,Peru_4005.csv
2023-07-26,4005,72.4,54.4,12.0,23.0,3.0,8.0,2,2,1,1,4,4,11,11,-0.5011990165063989,2.092773051220857,0.649271,0.36133078,16.12609,21.216892,21,2023-07-26,18.16375,0.0,83.72375,10.68625,1.0,171.48375000000001,2023,7,26,72.4,0,Peru_4005.csv
2023-07-27,4005,72.4,54.4,12.0,23.0,3.0,8.0,2,2,1,1,4,4,11,11,-0.5011990165063989,2.092773051220857,0.67597514,0.36344534,16.126123,21.216797,21,2023-07-27,17.9525,0.0,84.0575,11.4775,1.0,160.21375,2023,7,27,72.4,0,Peru_4005.csv
2023-07-28,4005,84.8,32.4,13.0,25.0,1.0,9.0,2,2,1,1,4,4,9,9,-1.1132363926932178,2.1268001609432075,0.28320262,1.3351786,26.02809,1.0489602,21,2023-07-28,17.990000000000002,0.0,83.5625,11.1175,1.0,161.7225,2023,7,28,84.8,0,Peru_4005.csv
2023-07-29,4005,79.6,31.2,11.0,23.0,4.0,9.0,2,2,1,1,4,4,9,9,-1.2942163223282321,1.2160004560136068,0.30805632,1.1517243,25.094309,0.19858418,21,2023-07-29,17.81875,0.0,84.9475,10.48375,1.0,171.58375,2023,7,29,79.6,0,Peru_4005.csv
2023-07-30,4005,79.6,31.2,11.0,23.0,4.0,9.0,2,2,1,1,4,4,9,9,-1.2942163223282321,1.2160004560136068,0.3031588,1.0961068,25.094288,0.19857907,21,2023-07-30,17.86125,0.0,84.69125,11.72625,1.0,169.1875,2023,7,30,79.6,0,Peru_4005.csv
2023-07-31,4005,93.2,54.4,10.0,23.0,4.0,9.0,0,0,3,3,5,5,11,11,0.3633299291670566,3.3883666798738212,-0.20006889,0.49459913,28.517006,28.53853,21,2023-07-31,17.747500000000002,0.0,82.53,11.80625,1.0,163.52125,2023,7,31,93.2,0,Peru_4005.csv
2023-08-01,4005,79.6,31.2,11.0,23.0,4.0,9.0,2,2,1,1,4,4,9,9,-1.2942163223282321,1.2160004560136068,0.33908814,1.0795484,25.094288,0.19857907,21,2023-08-01,17.95,0.0,82.71875,11.21375,1.0,164.01875,2023,8,1,79.6,0,Peru_4005.csv
2023-08-02,4005,79.6,31.2,11.0,23.0,4.0,9.0,2,2,1,1,4,4,9,9,-1.2942163223282321,1.2160004560136068,0.32082477,1.0890745,25.09429,0.1985717,21,2023-08-02,17.7225,0.0,83.70625,9.82125,1.0,172.63,2023,8,2,79.6,0,Peru_4005.csv
2023-08-03,4005,79.6,31.2,11.0,23.0,4.0,9.0,2,2,1,1,4,4,9,9,-1.2942163223282321,1.2160004560136068,0.30610663,1.1049749,25.09429,0.1985717,21,2023-08-03,17.58125,0.0,82.98,10.41,1.0,165.10875000000001,2023,8,3,79.6,0,Peru_4005.csv
2023-08-04,4005,77.8,54.8,11.0,24.0,5.0,9.0,0,0,3,3,4,4,11,11,0.027449674444750338,2.2163121798682663,0.64027554,0.34260008,16.242094,21.57054,21,2023-08-04,17.4775,0.0,83.3125,11.0325,1.0,168.60375,2023,8,4,77.8,0,Peru_4005.csv
2023-08-05,4005,72.8,50.2,12.0,24.0,5.0,9.0,2,2,1,1,4,4,9,9,-0.2490499112497828,1.5990286910782654,0.7029372,0.41398352,16.191095,21.362835,21,2023-08-05,17.40125,0.0,82.5925,10.870000000000001,1.0,161.58875,2023,8,5,72.8,0,Peru_4005.csv
2023-08-06,4005,83.0,32.6,11.0,24.0,6.0,9.0,2,2,1,1,4,4,9,9,-0.6948413374568795,1.3540518141154594,0.27744326,1.0749267,25.464197,-0.031404603,21,2023-08-06,17.3475,0.0,82.39,13.575,1.0,162.47875,2023,8,6,83.0,0,Peru_4005.csv
2023-08-07,4005,84.8,47.2,10.0,23.0,5.0,9.0,0,0,3,3,4,4,11,11,-0.2350389196240045,2.2935575523668787,0.268991,0.4888299,16.828005,27.953678,21,2023-08-07,17.6025,0.0,81.5075,11.99125,1.0,155.85875,2023,8,7,84.8,0,Peru_4005.csv
2023-08-08,4005,88.6,39.2,11.0,23.0,3.0,10.0,0,0,3,3,4,4,9,9,-0.5369844807400967,2.260490657960001,0.17986214,0.80369765,16.099274,28.34092,21,2023-08-08,17.765,0.0,83.02125,12.11875,1.0,160.58375,2023,8,8,88.6,0,Peru_4005.csv
2023-08-09,4005,89.4,41.2,9.0,24.0,4.0,10.0,0,0,3,3,4,4,11,11,-0.6194796589238373,2.415523990969039,0.16717544,0.6564401,16.43862,28.67136,21,2023-08-09,17.8425,0.0,83.02625,12.59375,1.0,168.56375,2023,8,9,89.4,0,Peru_4005.csv
2023-08-10,4005,76.8,23.4,7.0,24.0,2.0,10.0,2,2,1,1,1,1,3,3,-2.9201390318299363,0.9118319294419885,0.58327293,0.21417975,-47.088593,44.94103,21,2023-08-10,17.6125,0.0,81.9875,13.03875,1.0,160.97750000000002,2023,8,10,76.8,0,Peru_4005.csv
2023-08-11,4005,76.8,23.4,7.0,24.0,2.0,10.0,2,2,1,1,1,1,3,3,-2.9201390318299363,0.9118319294419885,0.5880245,0.23049258,-47.088593,44.94103,21,2023-08-11,17.81,0.0,80.58375,12.65125,1.0,170.1725,2023,8,11,76.8,0,Peru_4005.csv
2023-08-12,4005,63.4,45.4,7.0,24.0,3.0,10.0,2,2,1,1,1,1,3,3,-2.2421782316298513,0.9189668953502386,-1.1236275,-3.4961169,-66.32917,48.599564,21,2023-08-12,17.838749999999997,0.0,81.0925,10.9375,1.0,171.4275,2023,8,12,63.4,0,Peru_4005.csv
2023-08-13,4005,76.4,37.2,8.0,24.0,4.0,11.0,2,2,1,1,1,1,9,9,-1.5691073323970857,1.1646981626134072,0.5679291,-0.12970808,-48.789745,43.058987,21,2023-08-13,17.74375,0.0,81.82625,9.6775,1.0,171.89625,2023,8,13,76.4,0,Peru_4005.csv
2023-08-14,4005,58.8,55.6,7.0,25.0,6.0,11.0,2,2,1,1,1,1,11,11,-1.302104641371713,0.6594487839118944,1.3507633,-2.284667,-60.10516,28.611914,21,2023-08-14,17.7825,0.0,82.49125,10.10125,1.0,171.91125,2023,8,14,58.8,0,Peru_4005.csv
2023-08-15,4005,75.4,37.4,8.0,25.0,5.0,11.0,2,2,1,1,1,1,9,9,-1.4248259340859009,1.049788078834393,0.6373871,-0.045249958,-48.76891,43.057587,21,2023-08-15,18.38,0.0,80.97375,9.06375,1.0,170.73874999999998,2023,8,15,75.4,0,Peru_4005.csv
2023-08-16,4005,75.8,50.8,8.0,25.0,3.0,12.0,2,2,1,1,1,1,11,11,-0.982171881160407,1.8681465056352522,0.49645516,-0.23558968,-50.493416,42.80359,21,2023-08-16,17.835,0.0,81.83375,14.44125,1.0,164.4625,2023,8,16,75.8,0,Peru_4005.csv
2023-08-17,4005,77.6,37.6,7.0,24.0,3.0,12.0,2,2,1,1,1,1,9,9,-1.7862996277250942,1.2881918373205805,0.56210005,-0.14700168,-48.88536,43.07115,21,2023-08-17,17.4775,0.0,82.31375,14.79375,1.0,159.64,2023,8,17,77.6,0,Peru_4005.csv
2023-08-18,4005,72.4,32.8,8.0,24.0,2.0,12.0,2,2,1,1,1,1,3,3,-2.263486282346919,0.7721362252916538,0.56862026,-0.04320896,-48.266888,43.577744,21,2023-08-18,17.66875,0.0,80.90625,11.51875,1.0,164.1875,2023,8,18,72.4,0,Peru_4005.csv
2023-08-19,4005,79.8,42.6,8.0,25.0,2.0,13.0,2,2,1,1,1,1,11,11,-1.3077518963977015,1.738494376173965,0.4443747,-0.20773725,-49.469135,43.047203,21,2023-08-19,17.61875,0.0,81.0,10.18,1.0,156.66125,2023,8,19,79.8,0,Peru_4005.csv
2023-08-20,4005,75.8,50.8,8.0,25.0,3.0,12.0,2,2,1,1,1,1,11,11,-0.982171881160407,1.8681465056352522,0.4912629,-0.28689376,-50.493416,42.80359,21,2023-08-20,17.955,0.0,82.95125,9.7575,1.0,166.115,2023,8,20,75.8,0,Peru_4005.csv
2023-08-21,4005,77.4,50.6,8.0,25.0,4.0,11.0,2,2,1,1,4,4,11,11,-0.8231608813956962,1.982079448779201,0.45423502,-0.28708726,-50.51918,42.793137,21,2023-08-21,18.37875,0.0,82.2625,11.705,1.0,172.71375,2023,8,21,77.4,0,Peru_4005.csv
2023-08-22,4005,104.2,48.2,8.0,35.0,3.0,12.0,0,0,3,3,5,5,11,11,0.2659765544720214,4.52569857922442,-0.648862,0.1580928,45.620533,60.696247,21,2023-08-22,18.005,0.0,84.94875,10.91625,1.0,167.7025,2023,8,22,104.2,0,Peru_4005.csv
2023-08-23,4005,85.2,53.6,8.0,30.0,1.0,3.6,0,0,3,3,5,5,11,11,-1.4800415779928224,4.430894783893917,-0.004059816,-0.24160612,-56.508747,47.244843,21,2023-08-23,18.05875,0.0,82.415,10.57375,1.0,161.30625,2023,8,23,85.2,0,Peru_4005.csv
2023-08-24,4005,102.2,45.4,8.0,17.0,1.0,2.8,0,0,3,3,5,5,11,11,-1.1760853046608475,4.406104563309739,-0.14249967,0.38610855,14.805187,34.97003,21,2023-08-24,17.64625,0.0,84.48875,14.596250000000001,1.0,164.85875,2023,8,24,102.2,0,Peru_4005.csv
2023-08-25,4005,87.2,31.6,8.0,16.0,2.0,2.0,2,2,1,1,4,4,3,3,-2.507670641745535,2.5365089564511436,2.831659,4.1996145,-70.060974,31.390965,21,2023-08-25,17.91125,0.0,83.34375,11.6975,1.0,168.72875,2023,8,25,87.2,0,Peru_4005.csv
2023-08-26,4005,69.4,35.0,8.0,17.0,2.0,2.0,2,2,1,1,1,1,3,3,-3.1875326116189573,1.4915407204456421,3.4698274,4.287079,-69.035065,36.433308,21,2023-08-26,17.8925,0.0,83.75375,10.45125,1.0,168.60999999999999,2023,8,26,69.4,0,Peru_4005.csv
2023-08-27,4005,69.4,35.0,8.0,17.0,2.0,2.0,2,2,1,1,1,1,3,3,-3.1875326116189573,1.4915407204456421,3.4796834,4.299666,-69.03519,36.43333,21,2023-08-27,17.77875,0.0,84.45375,10.285,1.0,165.11,2023,8,27,69.4,0,Peru_4005.csv
2023-08-28,4005,69.4,35.0,8.0,17.0,2.0,2.0,2,2,1,1,1,1,3,3,-3.1875326116189573,1.4915407204456421,3.467061,4.287296,-69.03513,36.433357,21,2023-08-28,17.94625,0.0,83.90125,13.37125,1.0,160.89625,2023,8,28,69.4,0,Peru_4005.csv
2023-08-29,4005,69.4,35.0,8.0,17.0,2.0,2.0,2,2,1,1,1,1,3,3,-3.1875326116189573,1.4915407204456421,3.4560206,4.2822328,-69.03502,36.43342,21,2023-08-29,17.8975,0.0,82.76625,13.16375,1.0,163.46375,2023,8,29,69.4,0,Peru_4005.csv
2023-08-30,4005,69.4,35.0,8.0,17.0,2.0,2.0,2,2,1,1,1,1,3,3,-3.1875326116189573,1.4915407204456421,3.4817798,4.29533,-69.03507,36.433437,21,2023-08-30,17.77875,0.0,83.635,13.70875,1.0,167.08375,2023,8,30,69.4,0,Peru_4005.csv
2023-08-31,4005,77.8,42.2,8.0,17.0,2.0,3.0,2,2,1,1,1,1,11,11,-2.3201378107875477,2.3267535432216953,1.4310316,2.6480482,-23.336136,22.01832,21,2023-08-31,17.9575,0.0,84.495,10.87125,1.0,167.665,2023,8,31,77.8,0,Peru_4005.csv
2023-09-01,4005,90.8,41.2,8.0,17.0,4.0,5.0,2,2,1,1,4,4,11,11,-1.207439998735583,2.698550119674274,0.30473843,0.61152613,16.009474,31.541391,21,2023-09-01,17.995,0.0,81.73625,11.0175,1.0,156.13,2023,9,1,90.8,0,Peru_4005.csv
2023-09-02,4005,74.8,53.2,8.0,18.0,3.0,9.0,2,2,1,1,1,1,11,11,-1.1808221828457515,1.8053267558427788,0.72166806,-0.91550875,-37.103577,31.90398,21,2023-09-02,17.73,0.0,83.78625,12.48625,1.0,170.73375,2023,9,2,74.8,0,Peru_4005.csv
2023-09-03,4005,63.6,36.8,8.0,18.0,2.0,10.0,2,2,1,1,1,1,3,3,-2.6651537290791154,0.1641851057633876,3.3668337,3.6010957,-62.84165,32.973774,21,2023-09-03,17.89875,0.0,80.71375,13.63625,1.0,163.7975,2023,9,3,63.6,0,Peru_4005.csv
2023-09-04,4005,77.4,45.4,8.0,17.0,3.0,10.0,2,2,1,1,1,1,11,11,-1.3738789698500335,1.3954520819687457,0.73827255,-0.91842157,-36.33092,31.729538,21,2023-09-04,17.853749999999998,0.0,80.895,14.61,1.0,160.42625,2023,9,4,77.4,0,Peru_4005.csv
2023-09-05,4005,80.2,42.8,8.0,17.0,2.0,11.0,2,2,1,1,1,1,11,11,-1.4663044192198742,1.4596777997898842,0.69283026,-0.93735343,-36.165493,31.418808,21,2023-09-05,17.7025,0.0,83.48,12.73625,1.0,176.43,2023,9,5,80.2,0,Peru_4005.csv
2023-09-06,4005,74.2,46.0,8.0,17.0,1.0,11.0,2,2,1,1,1,1,11,11,-1.7698798667801319,1.3114757853667738,0.8179745,-1.2029241,-36.38255,31.924925,21,2023-09-06,17.36875,0.0,85.32875,12.149999999999999,1.0,160.68125,2023,9,6,74.2,0,Peru_4005.csv
2023-09-07,4005,67.6,39.6,8.0,17.0,2.0,8.0,2,2,1,1,1,1,3,3,-2.505031758667949,0.7886714472033115,3.1821842,3.5140302,-62.998375,33.141403,21,2023-09-07,17.115,0.0,84.31375,10.54375,1.0,175.245,2023,9,7,67.6,0,Peru_4005.csv
2023-09-08,4005,93.4,44.8,8.0,17.0,1.0,5.0,0,0,3,3,5,5,11,11,-1.4370122476902703,3.4444580502406206,-0.03676288,0.29935998,14.855374,36.43733,21,2023-09-08,17.175,0.0,81.42125,8.95875,1.0,168.43375,2023,9,8,93.4,0,Peru_4005.csv
2023-09-09,4005,90.8,41.2,8.0,17.0,4.0,5.0,2,2,1,1,4,4,11,11,-1.207439998735583,2.698550119674274,0.31783834,0.70662904,16.009426,31.541676,21,2023-09-09,16.9425,0.0,84.94125,9.8125,1.0,158.8325,2023,9,9,90.8,0,Peru_4005.csv
2023-09-10,4005,74.8,44.0,8.0,17.0,2.0,6.0,2,2,1,1,1,1,11,11,-2.106090720785331,1.7982243396241648,2.133019,2.6555243,-36.131214,32.98524,21,2023-09-10,17.02,0.0,83.5875,10.23375,1.0,156.775,2023,9,10,74.8,0,Peru_4005.csv
2023-09-11,4005,67.0,55.4,8.0,18.0,2.0,6.0,2,2,1,1,1,1,11,11,-1.888237558990491,1.8782695002603624,2.3495529,2.3804867,-58.327515,19.099533,21,2023-09-11,17.33125,0.0,83.37375,12.60375,1.0,164.8075,2023,9,11,67.0,0,Peru_4005.csv
2023-09-12,4005,85.8,43.6,8.0,17.0,5.0,6.0,2,2,1,1,4,4,11,11,-1.0547054428277844,2.1973051686608867,0.46206433,0.6611454,16.467667,31.437979,21,2023-09-12,17.015,0.0,84.78125,11.16625,1.0,172.44125,2023,9,12,85.8,0,Peru_4005.csv
2023-09-13,4005,63.8,29.4,8.0,17.0,1.0,6.0,2,2,1,1,1,1,3,3,-3.57561951070602,0.39566553971855073,3.9737551,4.701155,-80.582184,-41.195454,21,2023-09-13,17.06,0.0,84.71375,8.72,1.0,186.16125,2023,9,13,63.8,0,Peru_4005.csv
2023-09-14,4005,86.0,34.0,8.0,18.0,1.0,6.0,2,2,1,1,1,1,11,11,-2.2650960936182236,2.3066220511736564,0.41778958,0.7587019,-22.757957,24.147272,21,2023-09-14,16.873749999999998,0.0,84.88125,9.09875,1.0,196.475,2023,9,14,86.0,0,Peru_4005.csv
2023-09-15,4005,63.8,29.4,8.0,17.0,1.0,6.0,2,2,1,1,1,1,3,3,-3.57561951070602,0.39566553971855073,3.9996958,4.6619854,-80.58223,-41.195465,21,2023-09-15,16.85875,0.0,83.90125,7.54375,1.0,201.095,2023,9,15,63.8,0,Peru_4005.csv
2023-09-16,4005,78.6,39.4,7.0,17.0,5.0,7.0,2,2,1,1,1,1,9,9,-1.7351615487476357,1.356338178667161,1.0486025,0.5264986,-31.80466,31.090754,21,2023-09-16,17.8075,0.0,82.30375,7.19625,1.0,202.00125,2023,9,16,78.6,0,Peru_4005.csv
2023-09-17,4005,72.6,45.8,8.0,18.0,2.0,7.0,2,2,1,1,1,1,11,11,-2.0287910303661194,1.668526712441779,2.188512,2.629967,-36.169926,32.975903,21,2023-09-17,18.16125,0.0,79.99625,10.35375,1.0,175.00125,2023,9,17,72.6,0,Peru_4005.csv
2023-09-18,4005,85.0,40.6,7.0,17.0,2.0,7.0,2,2,1,1,1,1,11,11,-1.9062833686925145,2.2570219013874238,0.29250017,0.4386013,-22.576637,23.609196,21,2023-09-18,17.7525,0.0,84.16,13.77,1.0,170.67625,2023,9,18,85.0,0,Peru_4005.csv
2023-09-19,4005,83.8,45.2,10.0,16.0,6.0,8.0,2,2,1,1,4,4,9,9,-0.3049308763284426,1.6166888549665692,0.903543,1.5599318,7.039222,18.627367,21,2023-09-19,17.73875,0.0,84.525,11.55,1.0,171.035,2023,9,19,83.8,0,Peru_4005.csv
2023-09-20,4005,76.26329315845445,39.0951871657754,11.939310035171744,12.942866095675788,8.522758485383559,9.978580024067387,2,2,1,1,4,4,9,9,0.03549621024003731,-0.08868490030010638,18.448769,-0.39384276,-13.194237,61.20619,21,2023-09-20,17.5725,0.0,83.57375,12.0775,1.0,164.36875,2023,9,20,76.26329315845445,0,Peru_4005.csv
2023-09-21,4005,93.8,50.2,9.0,19.0,1.0,8.0,0,0,3,3,5,5,11,11,-0.6656074158602753,3.4642366752992038,-0.017806163,0.31492877,15.717545,37.18596,21,2023-09-21,17.427500000000002,0.0,83.0825,13.255,1.0,169.42625,2023,9,21,93.8,0,Peru_4005.csv
2023-09-22,4005,73.0,31.0,6.0,18.0,1.0,14.0,2,2,1,1,1,1,3,3,-2.747694487050749,0.19358723859593108,0.5801303,-2.310639,-67.718666,21.37408,21,2023-09-22,17.29875,0.0,82.9275,12.21625,1.0,168.0575,2023,9,22,73.0,0,Peru_4005.csv
2023-09-23,4005,61.0,30.0,6.0,18.0,4.0,33.0,1,1,2,2,3,3,4,4,-1.1570418595435885,-3.6458689061607403,-3.9175918,-7.978182,1.1655698,-101.71273,21,2023-09-23,17.34375,0.0,82.495,10.0775,1.0,161.2825,2023,9,23,61.0,0,Peru_4005.csv
2023-09-24,4005,68.0,33.0,6.0,17.0,1.0,5.6,2,2,1,1,1,1,3,3,-3.628528693036472,0.9831412156496061,3.7605438,4.2721887,-68.630516,38.286507,21,2023-09-24,17.74375,0.0,83.58875,8.99875,1.0,201.12375,2023,9,24,68.0,0,Peru_4005.csv
2023-09-25,4005,74.0,34.0,6.0,17.0,1.0,8.6,2,2,1,1,1,1,3,3,-3.022245737859173,1.0660515564357749,3.2530773,3.7449346,-64.22974,33.793297,21,2023-09-25,18.28375,0.0,82.975,10.15,1.0,179.76125,2023,9,25,74.0,0,Peru_4005.csv
2023-09-26,4005,78.0,32.0,6.0,18.0,2.0,8.4,2,2,1,1,1,1,3,3,-2.768954613688414,1.2295896725402007,3.1721768,3.913132,-64.62645,33.77916,21,2023-09-26,17.565,0.0,83.87,10.09125,1.0,202.51625,2023,9,26,78.0,0,Peru_4005.csv
2023-09-27,4005,73.0,39.0,6.0,17.0,2.0,7.4,2,2,1,1,1,1,3,3,-2.7360209795479804,1.2792295239188853,3.182764,3.5917044,-63.75886,33.641342,21,2023-09-27,17.8775,0.0,82.9275,10.1175,1.0,215.86875,2023,9,27,73.0,0,Peru_4005.csv
2023-09-28,4005,77.0,28.0,6.0,18.0,2.0,4.0,2,2,1,1,1,1,3,3,-3.4138446306395234,1.5456554484936897,3.179877,4.3287563,-69.35018,33.758743,21,2023-09-28,17.85125,0.0,83.74,10.4525,1.0,179.16,2023,9,28,77.0,0,Peru_4005.csv
2023-09-29,4005,68.0,31.0,6.0,17.0,2.0,1.0,2,2,1,1,1,1,3,3,-3.958311110992352,1.372908167319387,3.5430317,4.354958,-70.270905,37.273293,21,2023-09-29,17.72,0.0,84.77625,10.0125,1.0,181.88,2023,9,29,68.0,0,Peru_4005.csv
2023-09-30,4005,67.0,25.0,5.0,18.0,11.0,3.0,2,2,1,1,1,1,3,3,-2.717762382505744,-0.3017305320315044,4.7337103,2.91125,-54.76577,-37.466545,21,2023-09-30,18.01375,0.0,84.99625,9.24,1.0,203.90625,2023,9,30,67.0,0,Peru_4005.csv
2023-10-01,4005,57.0,27.0,5.0,18.0,2.0,3.0,2,2,1,1,1,1,3,3,-4.721730543706388,0.20619848983988928,4.287672,4.9204683,-78.84923,-43.277786,21,2023-10-01,18.59625,0.0,82.34875,10.7025,1.0,177.025,2023,10,1,57.0,0,Peru_4005.csv
2023-10-02,4005,64.0,30.0,5.0,17.0,2.0,2.0,2,2,1,1,1,1,3,3,-4.318241975633486,0.924031270811929,3.7080154,4.3571,-70.43593,37.85192,21,2023-10-02,18.4825,0.0,82.47375,12.97875,1.0,172.14625,2023,10,2,64.0,0,Peru_4005.csv
2023-10-03,4005,69.0,31.0,5.0,18.0,2.0,2.0,2,2,1,1,1,1,3,3,-4.0238395980680295,1.409326739582183,3.5849562,4.3268657,-70.34535,37.459435,21,2023-10-03,18.15375,0.0,84.56875,13.115,1.0,176.36625,2023,10,3,69.0,0,Peru_4005.csv
2023-10-04,4005,73.0,38.0,5.0,19.0,2.0,3.0,2,2,1,1,1,1,3,3,-3.3774854896773454,1.9891695510889285,3.4659142,4.2231493,-67.38701,36.25158,21,2023-10-04,18.1075,0.0,86.4075,9.30625,1.0,199.15875,2023,10,4,73.0,0,Peru_4005.csv
2023-10-05,4005,86.0,34.0,5.0,19.0,1.0,3.0,2,2,1,1,1,1,3,3,-3.1393840886204476,2.855490149796452,3.116247,4.1802163,-67.44887,34.22049,21,2023-10-05,18.10125,0.0,86.07375,8.51125,1.0,228.43625,2023,10,5,86.0,0,Peru_4005.csv
2023-10-06,4005,78.0,31.0,5.0,19.0,2.0,3.0,2,2,1,1,1,1,3,3,-3.5002260439884445,2.000201591838888,3.2190192,4.286468,-68.64633,33.849243,21,2023-10-06,18.27625,0.0,84.13875,12.7275,1.0,178.59875,2023,10,6,78.0,0,Peru_4005.csv
2023-10-07,4005,72.0,28.0,5.0,19.0,2.0,3.0,2,2,1,1,1,1,3,3,-3.9453208584358057,1.415434888162117,3.3702881,4.342033,-70.4809,36.275623,21,2023-10-07,17.9425,0.0,84.54375,13.370000000000001,1.0,168.085,2023,10,7,72.0,0,Peru_4005.csv
2023-10-08,4005,66.0,28.0,5.0,18.0,2.0,3.0,2,2,1,1,1,1,3,3,-4.235960462626338,0.9078794569268518,3.6950881,4.395514,-70.572586,37.617428,21,2023-10-08,17.50125,0.0,86.57000000000001,8.9575,1.0,211.615,2023,10,8,66.0,0,Peru_4005.csv
2023-10-09,4005,68.0,34.0,5.0,19.0,1.0,4.0,2,2,1,1,1,1,3,3,-3.9186254728837193,1.418533605652318,3.6093056,4.2774534,-69.62789,38.170197,21,2023-10-09,17.84625,0.0,84.69375,9.34625,1.0,197.1825,2023,10,9,68.0,0,Peru_4005.csv
2023-10-10,4005,78.0,29.0,5.0,19.0,0.6,4.0,2,2,1,1,1,1,3,3,-3.768697214117185,1.9420976788140683,3.1962101,4.245778,-68.36217,33.62437,21,2023-10-10,17.715,0.0,84.63625,11.72625,1.0,171.52,2023,10,10,78.0,0,Peru_4005.csv
2023-10-11,4005,63.0,33.0,5.0,19.0,2.2,4.0,2,2,1,1,1,1,3,3,-3.9948075578907587,0.8555488044614074,3.7364106,4.334979,-69.86908,38.234585,21,2023-10-11,17.5675,0.0,87.02625,10.817499999999999,1.0,190.1025,2023,10,11,63.0,0,Peru_4005.csv
2023-10-12,4005,78.0,47.0,7.0,20.0,5.0,6.0,2,2,1,1,1,1,11,11,-1.4532255381777215,2.047355793951039,0.561429,-0.14083429,-31.531555,31.43528,21,2023-10-12,17.39,0.0,85.99,10.945,1.0,175.485,2023,10,12,78.0,0,Peru_4005.csv
2023-10-13,4005,101.0,49.0,5.0,20.0,1.0,7.0,0,0,3,3,5,5,11,11,-1.2819990919569937,4.231152241984008,-0.2247591,-0.0425642,13.046382,36.441833,21,2023-10-13,17.575,0.0,84.405,10.629999999999999,1.0,190.43625,2023,10,13,101.0,0,Peru_4005.csv
2023-10-14,4005,99.0,43.0,5.0,20.0,3.2,7.0,0,0,3,3,5,5,11,11,-1.2927420894244237,3.5089459381149832,-0.19963989,0.08183809,13.068867,36.221485,21,2023-10-14,17.68625,0.0,83.54125,9.8225,1.0,180.60375,2023,10,14,99.0,0,Peru_4005.csv
2023-10-15,4005,90.0,40.0,5.0,20.0,6.4,7.0,2,2,1,1,1,1,11,11,-1.3043456095250505,2.3046495902088253,0.32173654,-0.34560236,-25.167103,29.64162,21,2023-10-15,17.755,0.0,82.99,10.80125,1.0,179.07125000000002,2023,10,15,90.0,0,Peru_4005.csv
2023-10-16,4005,92.0,37.0,5.0,19.0,1.0,7.0,2,2,1,1,1,1,11,11,-2.340802454403216,2.9048058792162657,0.05876444,-0.1770522,-23.2069,27.813717,21,2023-10-16,18.09375,0.0,82.4525,11.495000000000001,1.0,178.38625,2023,10,16,92.0,0,Peru_4005.csv
2023-10-17,4005,85.0,35.0,5.0,20.0,3.0,7.0,2,2,1,1,1,1,11,11,-2.419390855795244,2.119502783220963,0.15587476,-0.21505506,-23.446966,27.902037,21,2023-10-17,18.6425,0.0,82.08875,11.68,1.0,177.29874999999998,2023,10,17,85.0,0,Peru_4005.csv
2023-10-18,4005,80.0,31.0,5.0,20.0,1.0,7.0,2,2,1,1,1,1,3,3,-3.2295567867186272,1.8084631701898353,3.2072363,4.1237893,-66.19336,33.59033,21,2023-10-18,19.07875,0.0,81.395,12.18125,1.0,177.51500000000001,2023,10,18,80.0,0,Peru_4005.csv
2023-10-19,4005,74.0,27.0,5.0,20.0,1.0,7.0,2,2,1,1,1,1,3,3,-3.7266150231808965,1.1735623841786127,3.3435724,4.228421,-66.553795,32.73132,21,2023-10-19,18.955,0.0,85.55125,10.71625,1.0,176.07375,2023,10,19,74.0,0,Peru_4005.csv
2023-10-20,4005,67.0,21.0,5.0,19.0,2.0,8.0,2,2,1,1,1,1,3,3,-4.108210286417499,0.033212135290806286,3.910302,4.4895554,-66.39318,31.580404,21,2023-10-20,18.70125,0.0,85.3225,11.26625,1.0,175.0875,2023,10,20,67.0,0,Peru_4005.csv
2023-10-21,4005,59.0,27.0,6.0,19.0,1.0,8.0,2,2,1,1,1,1,3,3,-4.159153442441826,-0.14409912349237286,4.1756215,4.5594115,-81.61482,-42.216343,21,2023-10-21,18.83125,0.0,83.55,12.834999999999999,1.0,175.97375,2023,10,21,59.0,0,Peru_4005.csv
2023-10-22,4005,67.0,22.0,6.0,19.0,2.0,8.0,2,2,1,1,1,1,3,3,-3.8527107315428184,0.05864985153361877,3.8953035,4.5672565,-66.395424,31.580936,21,2023-10-22,18.86375,0.0,84.66,11.49375,1.0,174.005,2023,10,22,67.0,0,Peru_4005.csv
2023-10-23,4005,59.0,31.0,6.0,19.0,2.0,7.0,2,2,1,1,1,1,3,3,-3.8590170759718267,0.06456633047728018,4.1271977,4.5247006,-81.55904,-42.07031,21,2023-10-23,19.31875,0.0,84.6625,13.90625,1.0,171.06625,2023,10,23,59.0,0,Peru_4005.csv
2023-10-24,4005,74.0,22.0,6.0,19.0,1.0,8.0,2,2,1,1,1,1,3,3,-3.6959598323969227,0.6911421217522014,3.423348,4.3019853,-66.44562,32.363876,21,2023-10-24,18.78875,0.0,88.50625,10.7425,1.0,204.385,2023,10,24,74.0,0,Peru_4005.csv
2023-10-25,4005,60.0,16.0,7.0,19.0,1.0,7.0,2,2,1,1,1,1,3,3,-4.567386607595855,-0.5140132858979404,4.701174,5.1077104,-78.02001,-46.94809,21,2023-10-25,18.197499999999998,0.0,88.41125,9.825,1.0,196.90625,2023,10,25,60.0,0,Peru_4005.csv
2023-10-26,4005,47.0,24.0,7.0,19.0,1.0,7.0,2,2,1,1,1,1,3,3,-4.778288342790212,-1.0540640232569956,4.7418017,5.002327,-79.365654,-45.116447,21,2023-10-26,18.69375,0.0,82.5825,11.1475,1.0,180.02,2023,10,26,47.0,0,Peru_4005.csv
2023-10-27,4005,56.0,28.0,6.0,19.0,3.0,15.0,2,2,1,1,1,1,3,3,-3.2718819269899515,-1.499653634436225,4.7731457,4.121298,-22.716795,-80.7731,21,2023-10-27,18.975,0.0,80.03125,11.8975,1.0,176.83875,2023,10,27,56.0,0,Peru_4005.csv
2023-10-28,4005,65.0,21.0,6.0,20.0,3.0,22.0,2,2,1,1,1,1,4,4,-2.5817824138543246,-2.0628936384562953,2.502512,-4.586872,-20.138939,-81.76955,21,2023-10-28,19.41625,0.0,79.4,12.5875,1.0,166.1475,2023,10,28,65.0,0,Peru_4005.csv
2023-10-29,4005,52.0,28.0,6.0,20.0,3.0,22.0,2,2,1,1,1,1,4,4,-2.84464757808067,-2.6530785172741984,5.028725,4.0131936,-21.7388,-83.4727,21,2023-10-29,21.0325,0.0,71.95,13.696250000000001,1.0,164.5575,2023,10,29,52.0,0,Peru_4005.csv
2023-10-30,4005,63.0,31.0,6.0,20.0,4.0,22.0,2,2,1,1,1,1,4,4,-1.9778950099658492,-1.8320748707138992,2.4591386,-4.5275464,-20.14947,-81.723625,21,2023-10-30,20.035,0.0,79.495,12.872499999999999,1.0,176.6875,2023,10,30,63.0,0,Peru_4005.csv
2023-10-31,4005,66.0,39.0,7.0,1.0,2.0,2.0,2,2,1,1,1,1,3,3,-3.370061324267066,0.29958032789405076,3.1292903,3.9495711,-55.42435,-4.6082215,21,2023-10-31,18.9575,0.0,84.10375,10.055,1.0,200.5225,2023,10,31,66.0,0,Peru_4005.csv
2023-11-01,4005,82.0,32.0,5.0,5.8,2.0,2.0,2,2,1,1,1,1,3,3,-3.3627768425983278,1.5076560905256682,2.4342866,4.131859,-37.01644,3.9026268,21,2023-11-01,18.14125,0.0,85.4975,9.39125,1.0,221.64000000000001,2023,11,1,82.0,0,Peru_4005.csv
2023-11-02,4005,76.0,27.0,9.0,7.2,1.0,2.0,2,2,1,1,1,1,3,3,-3.2762991976639566,0.9520363649414548,2.5727973,4.873782,-36.37429,-6.7078385,21,2023-11-02,17.92625,0.0,83.35375,11.7775,1.0,180.64,2023,11,2,76.0,0,Peru_4005.csv
2023-11-03,4005,64.0,27.0,9.0,7.2,1.0,3.0,2,2,1,1,1,1,3,3,-3.7663362596555197,-0.05055556085234398,3.1899018,5.3899555,-60.652664,-21.155392,21,2023-11-03,17.785,0.0,81.45875,11.51125,1.0,181.62625,2023,11,3,64.0,0,Peru_4005.csv
2023-11-04,4005,59.0,30.0,9.0,11.0,2.0,2.0,2,2,1,1,1,1,3,3,-3.75371300175447,0.024130439367324667,3.5973034,5.087092,-55.964447,-25.549019,21,2023-11-04,17.8025,0.0,79.12625,12.00375,1.0,166.56125,2023,11,4,59.0,0,Peru_4005.csv
2023-11-05,4005,70.0,26.0,8.0,11.0,2.0,2.0,2,2,1,1,1,1,3,3,-3.634894893739149,0.6446257325569366,2.8651855,5.213894,-54.790913,-14.568958,21,2023-11-05,17.84875,0.0,79.85875,13.59,1.0,169.73375000000001,2023,11,5,70.0,0,Peru_4005.csv
2023-11-06,4005,65.0,23.0,8.0,4.2,2.0,2.0,2,2,1,1,1,1,3,3,-4.041548737568372,-0.3654445120653797,3.2971158,5.461915,-61.734657,-22.895205,21,2023-11-06,18.19875,0.0,81.55375,12.77375,1.0,171.91625,2023,11,6,65.0,0,Peru_4005.csv
2023-11-07,4005,60.0,23.0,8.0,5.4,1.0,2.0,2,2,1,1,1,1,3,3,-4.46148435034454,-0.5138525437950127,3.4069602,5.5404377,-61.093945,-23.14281,21,2023-11-07,18.4825,0.0,80.54875,12.856250000000001,1.0,172.3225,2023,11,7,60.0,0,Peru_4005.csv
2023-11-08,4005,60.0,31.0,8.0,4.4,1.0,2.0,2,2,1,1,1,1,3,3,-4.047211785183477,-0.1859708286059759,3.4049056,5.206066,-58.217857,-19.583574,21,2023-11-08,18.42375,0.0,81.25375,12.1375,1.0,174.32999999999998,2023,11,8,60.0,0,Peru_4005.csv
2023-11-09,4005,72.0,26.0,9.0,11.0,2.0,2.0,2,2,1,1,1,1,3,3,-3.3349573252596354,0.7647174648794618,2.7029097,5.146603,-54.794365,-14.899886,21,2023-11-09,18.635,0.0,79.46,12.03125,1.0,171.71375,2023,11,9,72.0,0,Peru_4005.csv
2023-11-10,4005,66.0,22.0,8.0,8.0,2.0,2.0,2,2,1,1,1,1,3,3,-4.039857471388063,-0.06505938905334079,3.26899,5.509697,-60.84001,-24.767406,21,2023-11-10,18.322499999999998,0.0,80.5575,14.22875,1.0,166.14625,2023,11,10,66.0,0,Peru_4005.csv
2023-11-11,4005,54.0,20.0,8.0,5.4,2.0,2.0,2,2,1,1,1,1,3,3,-4.725924914299,-1.2243528108044035,4.509559,5.4893174,-65.004944,-44.5739,21,2023-11-11,18.90125,0.0,79.2775,13.5975,1.0,171.33375,2023,11,11,54.0,0,Peru_4005.csv
2023-11-12,4005,50.0,26.0,8.0,10.2,2.0,2.0,2,2,1,1,1,1,3,3,-4.600057638819382,-0.861808961245393,4.2060246,5.4380884,-61.45976,-44.49982,21,2023-11-12,19.1625,0.0,82.07375,11.30875,1.0,185.70125000000002,2023,11,12,50.0,0,Peru_4005.csv
2023-11-13,4005,66.0,24.0,8.0,6.0,2.0,1.0,2,2,1,1,1,1,3,3,-4.027172787839713,0.022689866679265907,3.2349865,5.4648776,-61.192623,-23.083223,21,2023-11-13,19.1725,0.0,83.895,10.719999999999999,1.0,207.23,2023,11,13,66.0,0,Peru_4005.csv
2023-11-14,4005,60.0,38.0,9.0,6.0,2.0,1.0,2,2,1,1,1,1,3,3,-3.3853525198002137,0.2655056964321845,3.0588787,4.6677217,-56.085297,-19.171534,21,2023-11-14,19.14375,0.0,81.875,9.98875,1.0,198.46875,2023,11,14,60.0,0,Peru_4005.csv
2023-11-15,4005,85.0,32.0,9.0,8.6,2.0,1.0,2,2,1,1,4,4,3,3,-2.4883834025804688,1.9648498563427923,2.0030746,4.410657,-22.18952,1.679643,21,2023-11-15,19.3975,0.0,80.9425,11.0,1.0,181.125,2023,11,15,85.0,0,Peru_4005.csv
2023-11-16,4005,66.0,37.0,6.0,1.0,3.0,17.0,2,2,1,1,1,1,4,4,-2.1712946807616533,-1.9096662709992056,4.7240105,3.7012646,-25.061544,-74.21999,21,2023-11-16,19.375,0.0,80.23,12.985,1.0,175.125,2023,11,16,66.0,0,Peru_4005.csv
2023-11-17,4005,77.0,22.0,7.0,2.0,2.0,23.0,2,2,2,2,1,1,4,4,-1.8659914265042918,-2.4942906208344304,1.9201285,-5.1028047,-5.7817516,-90.48788,21,2023-11-17,19.0475,0.0,83.02125,12.63125,1.0,183.355,2023,11,17,77.0,0,Peru_4005.csv
2023-11-18,4005,60.0,26.0,8.0,1.0,1.0,3.0,2,2,1,1,1,1,3,3,-4.223537341018789,-0.8193526856527485,3.5072374,5.3894176,-58.285168,-22.250174,21,2023-11-18,18.71875,0.0,81.6725,11.647499999999999,1.0,185.42000000000002,2023,11,18,60.0,0,Peru_4005.csv
2023-11-19,4005,66.0,29.0,8.0,5.0,2.0,2.0,2,2,1,1,1,1,3,3,-3.680418984533252,0.06630653491315916,3.2449212,5.1875954,-60.599674,-21.49472,21,2023-11-19,18.51625,0.0,81.42875,10.62875,1.0,179.755,2023,11,19,66.0,0,Peru_4005.csv
2023-11-20,4005,71.0,33.0,9.0,1.0,2.0,3.0,2,2,1,1,1,1,3,3,-2.9453947818295836,0.17749098486288406,2.6203532,4.7949123,-38.63927,-10.987332,21,2023-11-20,19.38625,0.0,76.87875,10.545,1.0,176.5,2023,11,20,71.0,0,Peru_4005.csv
2023-11-21,4005,63.0,27.0,9.0,1.0,1.0,2.0,2,2,1,1,1,1,3,3,-3.9118072795246426,-0.44286993274250064,3.4105515,5.363307,-58.34235,-22.237125,21,2023-11-21,20.337500000000002,0.0,72.72875,12.365,1.0,163.1575,2023,11,21,63.0,0,Peru_4005.csv
2023-11-22,4005,56.0,26.0,8.0,1.0,3.0,2.0,2,2,1,1,1,1,3,3,-4.143403544375224,-1.2265333781559393,3.678819,5.3185964,-57.512123,-22.283108,21,2023-11-22,19.75375,0.0,76.12375,13.06125,1.0,171.9225,2023,11,22,56.0,0,Peru_4005.csv
2023-11-23,4005,59.0,27.0,8.0,1.0,1.0,2.0,2,2,1,1,1,1,3,3,-4.308146291702544,-0.7077499850762499,3.5152295,5.3671923,-58.193047,-22.208834,21,2023-11-23,19.51,0.0,79.3275,13.34125,1.0,176.9275,2023,11,23,59.0,0,Peru_4005.csv
2023-11-24,4005,62.0,30.0,8.0,1.0,2.0,2.0,2,2,1,1,1,1,3,3,-3.8269994390985955,-0.4658988902310621,3.458432,5.327567,-58.14568,-22.10341,21,2023-11-24,19.64375,0.0,80.37,12.358749999999999,1.0,177.33375,2023,11,24,62.0,0,Peru_4005.csv
2023-11-25,4005,70.0,24.0,8.0,1.0,1.0,2.0,2,2,1,1,1,1,3,3,-3.9338286516323664,-0.061816953917174414,3.0854397,5.344281,-63.358837,-21.36438,21,2023-11-25,19.25125,0.0,82.81375,10.82375,1.0,190.06375,2023,11,25,70.0,0,Peru_4005.csv
2023-11-26,4005,62.0,27.0,8.0,1.0,2.0,2.0,2,2,1,1,1,1,3,3,-3.9828898732548246,-0.6163011195521708,3.467518,5.3735285,-58.222954,-22.224459,21,2023-11-26,19.05875,0.0,81.83875,11.91125,1.0,181.47375,2023,11,26,62.0,0,Peru_4005.csv
2023-11-27,4005,65.0,23.0,8.0,1.0,2.0,2.0,2,2,1,1,1,1,3,3,-4.046141594811425,-0.5996550972830021,3.3703263,5.366255,-62.100937,-22.517561,21,2023-11-27,19.55,0.0,80.13,13.18125,1.0,178.865,2023,11,27,65.0,0,Peru_4005.csv
2023-11-28,4005,51.0,17.0,8.0,7.8,2.0,2.0,2,2,1,1,1,1,3,3,-5.022972923783989,-1.416279443640106,4.746382,5.46741,-65.79725,-45.93801,21,2023-11-28,19.3075,0.0,78.86500000000001,13.53875,1.0,173.6825,2023,11,28,51.0,0,Peru_4005.csv
2023-11-29,4005,49.0,29.0,9.0,8.8,2.0,2.0,2,2,1,1,1,1,3,3,-4.290841209634268,-0.9109643147104591,4.202238,5.402474,-61.482174,-44.789345,21,2023-11-29,19.40875,0.0,78.57375,13.64875,1.0,175.62,2023,11,29,49.0,0,Peru_4005.csv
2023-11-30,4005,67.0,32.0,9.0,1.0,2.0,3.0,2,2,1,1,1,1,3,3,-3.1901611539559713,-0.16221943521308954,2.8478742,4.974907,-38.686993,-11.086268,21,2023-11-30,19.07125,0.0,79.2175,11.205,1.0,189.05875,2023,11,30,67.0,0,Peru_4005.csv
2023-12-01,4005,72.0,24.0,9.0,1.0,2.0,2.0,2,2,1,1,1,1,3,3,-3.4532368007422436,-0.0674587295998032,2.8696923,5.2362256,-63.41808,-21.244646,21,2023-12-01,19.785,0.0,76.0775,13.0875,1.0,177.90125,2023,12,1,72.0,0,Peru_4005.csv
2023-12-02,4005,58.0,28.0,8.0,1.0,2.0,2.0,2,2,1,1,1,1,3,3,-4.123729253393822,-0.8557434022908903,3.5481665,5.342396,-57.924038,-22.157976,21,2023-12-02,19.7725,0.0,79.67750000000001,10.95625,1.0,181.19875,2023,12,2,58.0,0,Peru_4005.csv
2023-12-03,4005,71.0,31.0,8.0,5.2,3.0,2.0,2,2,1,1,1,1,3,3,-3.154547099621057,0.41744979977543706,2.7950802,4.651508,-40.50341,-6.280732,21,2023-12-03,19.3275,0.0,80.91,10.7475,1.0,190.5,2023,12,3,71.0,0,Peru_4005.csv
2023-12-04,4005,74.0,29.0,9.0,6.6,2.0,2.0,2,2,1,1,1,1,3,3,-3.0889806956049015,0.7378682787246172,2.524971,4.7997627,-35.876278,-6.92608,21,2023-12-04,19.1925,0.0,81.33375,9.2425,1.0,232.76625,2023,12,4,74.0,0,Peru_4005.csv
2023-12-05,4005,68.0,36.0,10.0,1.0,2.0,2.0,2,2,1,1,1,1,3,3,-2.8189421862837816,0.21987723621693744,2.6163747,4.873188,-38.654037,-11.012823,21,2023-12-05,19.3425,0.0,78.29125,11.772499999999999,1.0,177.23,2023,12,5,68.0,0,Peru_4005.csv
2023-12-06,4005,77.0,38.0,8.0,1.0,10.0,2.0,2,2,1,1,1,1,9,9,-1.2430471961088128,0.015216568687367416,3.3985107,1.5408567,0.29218456,-10.150027,21,2023-12-06,19.43875,0.0,79.51625,12.60125,1.0,177.0675,2023,12,6,77.0,0,Peru_4005.csv
2023-12-07,4005,84.0,52.0,7.0,1.0,11.0,2.0,2,2,1,1,4,4,11,11,-0.201035301461667,1.1228149694529306,2.7486455,0.9478936,4.5405164,-7.966314,21,2023-12-07,19.6975,0.0,78.20375,11.7325,1.0,178.96375,2023,12,7,84.0,0,Peru_4005.csv
2023-12-08,4005,107.0,50.0,6.0,4.6,13.0,2.0,0,0,3,3,5,5,11,11,0.9665939004914605,2.724327250871389,1.2879479,-0.6659147,-13.610861,26.882296,21,2023-12-08,19.4025,0.0,82.0975,11.34125,1.0,185.47375,2023,12,8,107.0,0,Peru_4005.csv
2023-12-09,4005,104.0,47.0,6.0,5.2,15.0,2.0,0,0,3,3,5,5,11,11,1.0282707525222612,2.1491900476730916,1.3557365,-0.6839911,-13.662393,26.841475,21,2023-12-09,19.23125,0.0,81.00625,11.8825,1.0,167.42000000000002,2023,12,9,104.0,0,Peru_4005.csv
2023-12-10,4005,91.0,38.0,6.0,6.0,16.0,2.0,2,2,1,1,4,4,9,9,0.11579257500167964,0.6896794519138126,3.7965677,-0.07803438,10.075275,-18.347412,21,2023-12-10,19.58625,0.0,79.32625,8.855,1.0,198.57875,2023,12,10,91.0,0,Peru_4005.csv
2023-12-11,4005,77.0,46.0,7.0,3.0,12.0,2.0,2,2,1,1,1,1,9,9,-0.6666965188715084,0.33589991032031113,3.2297244,1.2872461,3.1170008,-7.893317,21,2023-12-11,19.96,0.0,76.92875,10.92125,1.0,181.09375,2023,12,11,77.0,0,Peru_4005.csv
2023-12-12,4005,90.0,38.0,7.0,5.0,45.0,1.0,2,2,0,0,0,0,2,2,5.420292944926526,-2.9930120559853868,5.822779,-2.1513212,68.316124,-53.97933,21,2023-12-12,20.201249999999998,0.0,76.69375,10.74,1.0,180.4525,2023,12,12,90.0,0,Peru_4005.csv
2023-12-13,4005,77.0,43.0,8.0,3.0,10.0,2.0,2,2,1,1,1,1,9,9,-0.9803593346118399,0.41226844424799813,3.3244712,1.4936992,0.6169217,-9.710409,21,2023-12-13,20.4225,0.0,77.39125,11.66,1.0,182.1775,2023,12,13,77.0,0,Peru_4005.csv
2023-12-14,4005,88.0,45.0,8.0,3.0,14.0,1.0,2,2,1,1,4,4,9,9,0.28802077784607777,0.9398002944764773,3.0518587,0.13191019,5.7894893,-8.710915,21,2023-12-14,20.38,0.0,77.30875,11.60125,1.0,182.78,2023,12,14,88.0,0,Peru_4005.csv
2023-12-15,4005,92.0,48.0,9.0,3.0,14.0,2.0,0,0,1,1,4,4,9,9,0.9286218312133387,1.2212196268959103,2.9315991,0.052979868,5.8788047,-8.693522,21,2023-12-15,20.28125,0.0,79.27625,12.115,1.0,178.755,2023,12,15,92.0,0,Peru_4005.csv
2023-12-16,4005,101.0,40.0,8.0,3.0,11.0,2.0,0,0,3,3,5,5,9,9,0.20122193395681273,1.8735910241418643,-3.644227,2.0591326,-10.41012,16.180748,21,2023-12-16,20.759999999999998,0.0,79.375,14.01375,1.0,170.66625,2023,12,16,101.0,0,Peru_4005.csv
2023-12-17,4005,86.0,35.0,7.0,3.0,11.0,1.0,2,2,1,1,4,4,9,9,-1.0735139816669816,0.6955684237985647,3.3110287,1.7365017,-0.4688651,-11.739466,21,2023-12-17,20.6525,0.0,80.7925,13.91875,1.0,170.9275,2023,12,17,86.0,0,Peru_4005.csv
2023-12-18,4005,77.0,39.0,8.0,3.0,11.0,1.0,2,2,1,1,1,1,9,9,-1.0959306640613466,0.219861450351277,3.413837,1.5570686,0.29354867,-10.330098,21,2023-12-18,20.90625,0.0,80.59875,13.727500000000001,1.0,175.135,2023,12,18,77.0,0,Peru_4005.csv
2023-12-19,4005,83.0,44.0,9.0,3.0,11.0,2.0,2,2,1,1,4,4,9,9,-0.25500116222373403,0.7463372140528723,3.0989196,1.1643612,4.240378,-7.086476,21,2023-12-19,20.81,0.0,82.45875,14.27125,1.0,171.3025,2023,12,19,83.0,0,Peru_4005.csv
2023-12-20,4005,94.0,32.0,9.0,3.0,9.0,1.0,2,2,1,1,4,4,9,9,-0.7980348932375778,1.32639343319724,2.064403,2.8340764,-12.768137,12.423951,21,2023-12-20,20.8325,0.0,80.12,13.4825,1.0,172.31375,2023,12,20,94.0,0,Peru_4005.csv
2023-12-21,4005,66.0,44.0,12.0,4.0,12.0,1.0,2,2,1,1,4,4,9,9,-0.37008776239795427,-0.4771315379195256,4.081148,1.1280204,-12.603848,-37.150326,21,2023-12-21,20.625,0.0,80.99875,13.04125,1.0,168.83875,2023,12,21,66.0,0,Peru_4005.csv
2023-12-22,4005,90.0,40.0,11.0,4.0,14.0,1.0,2,2,1,1,4,4,9,9,0.7366482932683556,0.8330198887483368,3.182581,0.30454087,11.384306,-18.833675,21,2023-12-22,20.61375,0.0,79.3175,13.67125,1.0,165.03,2023,12,22,90.0,0,Peru_4005.csv
2023-12-23,4005,73.0,36.0,11.0,4.0,11.0,2.0,2,2,1,1,4,4,9,9,-0.7442088839261708,-0.35487815586220905,3.8898458,1.5989674,-0.13112447,-18.185043,21,2023-12-23,20.96625,0.0,78.3875,11.63,1.0,172.10250000000002,2023,12,23,73.0,0,Peru_4005.csv
2023-12-24,4005,67.0,35.0,9.0,3.0,13.0,1.0,2,2,1,1,1,1,9,9,-1.2209473290333708,-0.9807792210682549,5.019785,1.2428573,-11.716234,-35.998447,21,2023-12-24,20.98875,0.0,77.63125,12.91375,1.0,165.93625,2023,12,24,67.0,0,Peru_4005.csv
2023-12-25,4005,74.0,41.0,7.0,3.0,13.0,1.0,2,2,1,1,1,1,9,9,-0.9788335901725966,-0.12382349284360007,3.729554,0.9858955,2.1335318,-13.858553,21,2023-12-25,20.76875,0.0,82.615,10.765,1.0,183.57,2023,12,25,74.0,0,Peru_4005.csv
2023-12-26,4005,86.0,37.0,10.0,3.0,11.0,2.0,2,2,1,1,4,4,9,9,-0.2706072508324048,0.5878846862693027,3.1092532,1.6342727,-0.71671724,-12.364198,21,2023-12-26,21.24375,0.0,79.26,11.62875,1.0,170.95375,2023,12,26,86.0,0,Peru_4005.csv
2023-12-27,4005,67.0,38.0,10.0,4.0,14.0,1.0,2,2,1,1,4,4,9,9,-0.6794314972489093,-0.9076161498039379,4.967471,1.305682,-11.764758,-36.07957,21,2023-12-27,21.29375,0.0,77.03625,10.58,1.0,179.70999999999998,2023,12,27,67.0,0,Peru_4005.csv
2023-12-28,4005,77.0,36.0,9.0,4.0,10.0,1.0,2,2,1,1,4,4,9,9,-1.227503953594265,0.24368725792990445,3.4614532,1.6664641,0.010016808,-10.715914,21,2023-12-28,22.05125,0.0,77.58625,10.2,1.0,174.56875,2023,12,28,77.0,0,Peru_4005.csv
2023-12-29,4005,74.0,52.0,9.0,4.0,9.0,1.0,2,2,1,1,4,4,9,9,-0.7213448152765758,0.9543834998346145,2.8081915,1.4730715,2.763878,-4.9426427,21,2023-12-29,21.685000000000002,0.0,82.1825,12.5425,1.0,168.07375,2023,12,29,74.0,0,Peru_4005.csv
2023-12-30,4005,111.0,59.0,9.0,4.0,15.0,1.0,0,0,3,3,5,5,10,10,2.5097516994617313,3.2295022628764136,1.669952,-0.6274635,56.53359,18.867912,21,2023-12-30,21.7275,0.0,82.38,13.24625,1.0,174.76625,2023,12,30,111.0,0,Peru_4005.csv
2023-12-31,4005,120.0,61.0,7.0,3.0,15.0,1.0,0,0,3,3,5,5,10,10,2.638977824116558,3.957519116617408,1.4673876,-0.6379752,56.552788,19.1641,21,2023-12-31,21.8525,0.0,81.41625,13.61375,1.0,171.30125,2023,12,31,120.0,0,Peru_4005.csv
2024-01-01,4005,132.0,40.0,7.0,3.0,12.0,1.0,0,0,3,3,5,5,10,10,1.58419101802235,4.150633598098435,-1.5848969,0.26951775,58.086906,53.644657,21,2024-01-01,21.6875,0.0,81.0875,13.56125,1.0,173.18375,2024,1,1,132.0,0,Peru_4005.csv
2024-01-02,4005,87.0,59.0,8.0,3.0,16.0,1.0,0,0,3,3,5,5,11,11,1.3286169982250162,1.3178158934364217,2.1172574,-0.23863187,48.214935,11.481483,21,2024-01-02,21.73125,0.0,80.9525,14.29375,1.0,169.03625,2024,1,2,87.0,0,Peru_4005.csv
2024-01-03,4005,111.0,42.0,10.0,4.0,18.0,1.0,0,0,3,3,5,5,9,9,2.371871352742549,1.9753261630707057,3.2750382,-0.8004934,53.52124,-13.5080805,21,2024-01-03,21.71125,0.0,78.255,13.56125,1.0,169.20375,2024,1,3,111.0,0,Peru_4005.csv
2024-01-04,4005,78.0,48.0,12.0,4.0,18.0,1.0,2,2,1,1,4,4,9,9,1.5001000952119765,-0.162267401208464,4.2507935,0.27022246,-7.6745825,-41.76535,21,2024-01-04,21.2925,0.0,80.89375,12.39875,1.0,167.86875,2024,1,4,78.0,0,Peru_4005.csv
2024-01-05,4005,89.0,47.0,10.0,4.0,25.0,1.0,0,0,1,1,4,4,9,9,2.8358520153752753,-0.24680848156834267,4.3476796,-0.9798252,57.087456,-32.548424,21,2024-01-05,21.785,0.0,81.63375,13.745000000000001,1.0,168.72875,2024,1,5,89.0,0,Peru_4005.csv
2024-01-06,4005,91.0,42.0,9.0,4.0,24.0,1.0,2,2,1,1,4,4,9,9,2.28824593869816,-0.20226057771169223,4.363046,-0.9268359,57.053856,-32.593475,21,2024-01-06,22.0875,0.0,78.6925,13.69875,1.0,170.49625,2024,1,6,91.0,0,Peru_4005.csv
2024-01-07,4005,79.0,30.0,7.0,3.0,21.0,1.0,2,2,1,1,4,4,9,9,0.13580552430362472,-1.3191960511679819,4.8538437,-0.12839186,-7.468607,-45.46552,21,2024-01-07,22.4475,0.0,77.4675,14.87875,1.0,160.03125,2024,1,7,79.0,0,Peru_4005.csv
2024-01-08,4005,63.0,55.0,9.0,4.0,22.0,2.0,2,2,1,1,4,4,9,9,1.3412138643470082,-1.4599483430127356,5.009481,0.5312133,-17.726068,-44.0424,21,2024-01-08,22.5325,0.0,77.745,14.54125,1.0,170.62,2024,1,8,63.0,0,Peru_4005.csv
2024-01-09,4005,99.0,47.0,9.0,4.0,21.0,2.0,0,0,3,3,5,5,9,9,2.4800781792179762,0.8709002632901632,3.5537434,-0.900185,53.10078,-14.087061,21,2024-01-09,22.3275,0.0,77.8375,13.772499999999999,1.0,164.7225,2024,1,9,99.0,0,Peru_4005.csv
2024-01-10,4005,94.0,44.0,9.0,4.0,17.0,1.0,0,0,1,1,4,4,9,9,1.2721956640892416,0.9953245939479675,3.116824,-0.29777175,10.878413,-17.976528,21,2024-01-10,22.752499999999998,0.0,76.81125,13.675,1.0,168.32125,2024,1,10,94.0,0,Peru_4005.csv
2024-01-11,4005,85.0,44.0,9.0,4.0,1.8,1.0,2,2,1,1,4,4,11,11,-1.9075548356062546,2.2549275915864944,1.5338017,3.0280914,-5.1613417,9.665207,21,2024-01-11,22.583750000000002,0.0,77.7225,14.08,1.0,171.10375,2024,1,11,85.0,0,Peru_4005.csv
2024-01-12,4005,84.0,47.0,11.0,4.0,3.8,1.0,2,2,1,1,4,4,11,11,-1.031484607575341,2.032075859221745,1.3298571,2.8834698,-3.4787257,8.93814,21,2024-01-12,22.65125,0.0,78.54625,13.11125,1.0,171.51125,2024,1,12,84.0,0,Peru_4005.csv
2024-01-13,4005,83.0,49.0,10.0,4.0,3.2,1.0,2,2,1,1,4,4,11,11,-1.2876870617377907,2.160086412478304,1.5429,2.794383,-3.5334368,8.79139,21,2024-01-13,22.6975,0.0,79.4,12.885,1.0,171.6775,2024,1,13,83.0,0,Peru_4005.csv
2024-01-14,4005,93.0,60.0,8.0,4.0,1.6,1.0,0,0,3,3,5,5,11,11,-0.9302004589316865,3.6860684372660737,1.3797162,1.9281529,0.5498845,22.668215,21,2024-01-14,22.68375,0.0,80.25625,13.49125,1.0,177.96375,2024,1,14,93.0,0,Peru_4005.csv
2024-01-15,4005,120.0,41.0,10.0,4.0,1.8,1.0,0,0,3,3,5,5,10,10,-0.1728837361109623,4.613622390751172,-1.292542,1.1691393,52.483032,42.802593,21,2024-01-15,22.55625,0.0,77.5325,15.0925,1.0,167.37,2024,1,15,120.0,0,Peru_4005.csv
2024-01-16,4005,76.0,60.0,10.0,4.0,2.8,1.0,2,2,1,1,4,4,11,11,-1.125755648204792,2.2550957580530087,2.0633836,1.8464605,-0.04680489,29.041506,21,2024-01-16,22.4025,0.0,78.12,13.07875,1.0,170.46375,2024,1,16,76.0,0,Peru_4005.csv
2024-01-17,4005,110.0,47.0,10.8,21.8,12.4,5.0,0,0,3,3,5,5,10,10,2.113687696963486,3.605298867786276,-0.21498244,0.34302852,31.307999,34.900326,21,2024-01-17,22.40625,0.0,79.43375,13.17625,1.0,173.5325,2024,1,17,110.0,0,Peru_4005.csv
2024-01-18,4005,85.0,49.0,7.8,19.6,9.4,3.0,0,0,3,3,4,4,11,11,-0.3198753988800212,2.453709809555868,0.8822425,0.21047269,22.880327,28.754372,21,2024-01-18,22.4325,0.0,78.81875,11.77875,1.0,171.94375,2024,1,18,85.0,0,Peru_4005.csv
2024-01-19,4005,92.0,47.0,31.8,14.6,9.2,16.0,0,0,0,0,4,4,7,7,5.903992517140869,0.18646453447544034,-1.809479,3.0915918,81.367485,-25.56765,21,2024-01-19,22.755,0.0,78.53125,11.245,1.0,183.05875,2024,1,19,92.0,0,Peru_4005.csv
2024-01-20,4005,93.0,43.0,18.8,14.0,4.8,8.4,0,0,3,3,4,4,7,7,1.6310064280455967,1.9060451299009327,-0.57536,2.2969172,50.797913,25.808508,21,2024-01-20,23.0025,0.0,78.87625,11.00625,1.0,172.0725,2024,1,20,93.0,0,Peru_4005.csv
2024-01-21,4005,86.0,44.0,12.2,12.6,7.8,5.8,2,2,1,1,4,4,9,9,0.31241380683978365,1.4807918595089145,1.956791,1.3234426,10.897343,2.4322696,21,2024-01-21,22.91625,0.0,80.1925,11.967500000000001,1.0,170.63625,2024,1,21,86.0,0,Peru_4005.csv
2024-01-22,4005,92.0,59.0,9.6,13.4,7.8,5.6,0,0,3,3,5,5,11,11,0.835350428776429,2.816703141569286,1.218643,0.007693168,37.31992,23.67084,21,2024-01-22,22.8425,0.0,82.32875,11.62,1.0,177.60750000000002,2024,1,22,92.0,0,Peru_4005.csv
2024-01-23,4005,111.0,34.0,15.2,20.0,6.8,18.2,0,0,3,3,5,5,10,10,2.5341811795914824,1.722662120603346,2.4485078,-3.485415,58.431976,-6.4598637,21,2024-01-23,22.61625,0.0,82.16375,11.35875,1.0,173.78,2024,1,23,111.0,0,Peru_4005.csv
2024-01-24,4005,71.0,51.0,25.2,9.6,9.4,4.8,0,0,1,1,4,4,7,7,2.795484812692539,0.13788269724058536,-1.4309969,4.2080207,72.917145,-14.4459305,21,2024-01-24,23.54,0.0,78.82875,10.477500000000001,1.0,178.75375,2024,1,24,71.0,0,Peru_4005.csv
2024-01-25,4005,100.0,36.0,12.8,22.0,8.2,25.4,0,0,3,3,5,5,4,4,2.5114762695850272,0.09240926865513942,2.4994965,-3.5657382,58.57557,-7.7715545,21,2024-01-25,24.37,0.0,75.07375,10.785,1.0,184.86875,2024,1,25,100.0,0,Peru_4005.csv
2024-01-26,4005,72.0,36.0,17.8,11.6,7.4,9.8,2,2,1,1,4,4,7,7,0.6414874991914284,-0.6304460584701014,0.85269165,3.8458195,18.997414,-45.019314,21,2024-01-26,24.259999999999998,0.0,72.78125,11.645,1.0,173.5825,2024,1,26,72.0,0,Peru_4005.csv
2024-01-27,4005,68.0,29.0,21.0,17.4,6.0,13.0,2,2,1,1,4,4,7,7,0.774453617467572,-1.1778162921203235,0.32348523,5.4746776,19.148966,-69.97508,21,2024-01-27,24.105,0.0,74.5425,12.13875,1.0,180.47875,2024,1,27,68.0,0,Peru_4005.csv
2024-01-28,4005,52.0,33.0,15.2,14.0,5.4,4.0,2,2,1,1,4,4,3,3,-1.8780307504555451,-0.9609905280355617,3.7905357,2.4641569,-2.5660286,-60.872955,21,2024-01-28,24.40375,0.0,71.1525,12.758750000000001,1.0,173.0625,2024,1,28,52.0,0,Peru_4005.csv
2024-01-29,4005,60.0,38.0,9.4,14.2,2.4,6.6,2,2,1,1,1,1,3,3,-2.7250257822512443,0.05586703379888236,3.3253202,3.3662405,-59.98647,-11.509813,21,2024-01-29,24.63625,0.0,72.5775,13.0225,1.0,175.24,2024,1,29,60.0,0,Peru_4005.csv
2024-01-30,4005,68.0,43.0,14.2,15.8,5.8,18.8,2,2,1,1,4,4,9,9,0.5920257883164453,-1.176366720891333,3.0611775,-3.0859847,9.674323,-58.271225,21,2024-01-30,24.0425,0.0,76.8475,12.532499999999999,1.0,176.45875,2024,1,30,68.0,0,Peru_4005.csv
2024-01-31,4005,81.0,47.0,16.2,8.2,10.0,18.0,2,2,1,1,4,4,9,9,2.5107034980686387,-1.0613408055494333,3.508277,-3.3980944,24.148136,-59.358665,21,2024-01-31,24.13125,0.0,75.82875,11.5125,1.0,174.85750000000002,2024,1,31,81.0,0,Peru_4005.csv
2024-02-01,4005,73.0,39.0,12.0,8.0,4.0,8.8,2,2,1,1,4,4,9,9,-1.0426932788480592,0.03345903472941662,1.884459,3.267418,-1.0516,1.753921,21,2024-02-01,24.00625,0.0,76.96875,12.09,1.0,174.60875000000001,2024,2,1,73.0,0,Peru_4005.csv
2024-02-02,4005,76.0,29.0,13.0,6.0,6.0,8.0,2,2,1,1,4,4,9,9,-0.9264492324201119,-0.566154119269621,1.4755919,3.988127,-8.543495,-16.386543,21,2024-02-02,23.8925,0.0,78.04375,13.21,1.0,174.95499999999998,2024,2,2,76.0,0,Peru_4005.csv
2024-02-03,4005,60.0,25.0,13.0,6.0,6.0,10.6,2,2,1,1,1,1,3,3,-1.6757484039031734,-2.273039145839651,5.099364,3.482514,-28.457464,-68.25718,21,2024-02-03,23.892500000000002,0.0,75.7925,14.0475,1.0,170.0875,2024,2,3,60.0,0,Peru_4005.csv
2024-02-04,4005,56.0,28.0,15.0,6.0,8.0,6.2,2,2,1,1,4,4,3,3,-1.3331158476309413,-2.124077129711644,4.7014194,1.8185927,-4.4995227,-56.280285,21,2024-02-04,24.15,0.0,76.2625,10.18875,1.0,180.465,2024,2,4,56.0,0,Peru_4005.csv
2024-02-05,4005,57.0,25.0,30.0,9.0,6.0,9.0,2,2,1,1,4,4,7,7,1.5026730313959926,-2.476306842568446,-1.399205,5.1442347,87.30365,-23.561434,21,2024-02-05,24.7075,0.0,71.53,10.04875,1.0,178.29625000000001,2024,2,5,57.0,0,Peru_4005.csv
2024-02-06,4005,46.0,22.0,54.0,12.0,6.0,3.0,2,2,0,0,0,0,0,0,5.17551501252177,-2.9930079979800364,-2.1234744,4.675117,92.93618,-19.242237,21,2024-02-06,25.21,0.0,69.78125,12.94375,1.0,169.89125,2024,2,6,54.0,0,Peru_4005.csv
2024-02-07,4005,39.0,19.0,45.0,11.0,5.0,2.0,2,2,0,0,0,0,0,0,2.579933974281542,-3.2414959107305394,-2.1007545,4.721948,92.55001,-19.47753,21,2024-02-07,24.58,0.0,74.69125,13.86625,1.0,166.22375,2024,2,7,45.0,0,Peru_4005.csv
2024-02-08,4005,32.0,15.0,40.0,12.0,4.0,2.0,2,2,0,0,4,4,7,7,0.8377760950181808,-3.6263848350841545,-2.0337386,4.767092,92.42269,-19.634212,21,2024-02-08,24.67125,0.0,75.69624999999999,12.06875,1.0,178.385,2024,2,8,40.0,0,Peru_4005.csv
2024-02-09,4005,35.0,17.0,32.0,10.0,9.0,2.0,2,2,0,0,4,4,7,7,0.35841749773400094,-3.886412690776019,-1.2393976,5.3480787,40.752045,-49.269108,21,2024-02-09,24.8425,0.0,76.37875,13.105,1.0,177.2925,2024,2,9,35.0,0,Peru_4005.csv
2024-02-10,4005,39.0,17.8,8.0,5.2,19.0,17.2,2,2,1,1,1,1,3,3,-1.1491712987659544,-6.607381345607994,6.6594977,1.8602324,-15.44179,-70.28653,21,2024-02-10,24.6675,0.0,77.855,13.55375,1.0,175.09375,2024,2,10,39.0,0,Peru_4005.csv
2024-02-11,4005,75.0,19.0,30.0,9.0,5.0,5.0,2,2,1,1,4,4,7,7,1.524364380367925,-0.8128327783129132,-1.7697082,4.6024847,88.53173,-18.773613,21,2024-02-11,24.355,0.0,78.3,14.30125,1.0,175.99375,2024,2,11,75.0,0,Peru_4005.csv
2024-02-12,4005,37.0,19.0,28.0,9.0,3.0,4.0,2,2,1,1,4,4,7,7,-1.1640153040588659,-3.1290859798608177,-1.1371065,5.523873,40.154076,-48.813236,21,2024-02-12,24.40125,0.0,78.07375,13.77875,1.0,170.635,2024,2,12,37.0,0,Peru_4005.csv
2024-02-13,4005,36.0,21.0,29.0,10.0,4.0,4.0,2,2,1,1,4,4,7,7,-0.7226637624412571,-3.178450952506534,-1.2167747,5.454993,40.225166,-48.861862,21,2024-02-13,24.635,0.0,77.18375,12.725,1.0,174.32999999999998,2024,2,13,36.0,0,Peru_4005.csv
2024-02-14,4005,40.0,23.0,28.0,10.0,4.0,4.0,2,2,1,1,4,4,7,7,-0.6294697302159165,-2.763910318431735,-1.1119713,5.5427938,40.134666,-48.804703,21,2024-02-14,24.89,0.0,75.84875,13.69625,1.0,170.00875,2024,2,14,40.0,0,Peru_4005.csv
2024-02-15,4005,44.0,18.0,23.0,8.0,3.0,4.0,2,2,1,1,4,4,7,7,-1.8976891228446395,-2.6221702205065114,-0.31773838,5.9576464,0.72805804,-68.657104,21,2024-02-15,24.65625,0.0,74.495,13.12375,1.0,170.775,2024,2,15,44.0,0,Peru_4005.csv
2024-02-16,4005,38.0,17.0,22.0,8.0,4.0,5.0,2,2,1,1,4,4,7,7,-2.173367136273712,-3.341568904217515,6.8002214,3.244203,0.11692244,-68.89598,21,2024-02-16,23.93875,0.0,79.55875,12.69875,1.0,168.41125,2024,2,16,38.0,0,Peru_4005.csv
2024-02-17,4005,42.0,18.0,25.0,10.0,5.0,4.0,2,2,1,1,4,4,7,7,-1.2228396357150058,-2.9214367544868973,-0.93083334,5.6762958,0.73851717,-69.30713,21,2024-02-17,23.92375,0.0,77.82875,12.193750000000001,1.0,170.46625,2024,2,17,42.0,0,Peru_4005.csv
2024-02-18,4005,41.0,15.0,24.0,10.0,5.0,4.0,2,2,1,1,4,4,7,7,-1.63046671364014,-3.119536614196461,-0.8908985,5.694838,0.579864,-69.17194,21,2024-02-18,24.0925,0.0,77.5075,11.362499999999999,1.0,180.22,2024,2,18,41.0,0,Peru_4005.csv
2024-02-19,4005,37.0,17.0,22.0,9.0,4.0,4.0,2,2,1,1,4,4,7,7,-2.308504480904074,-3.206909538762686,6.8101053,3.24584,0.19272502,-68.988556,21,2024-02-19,24.6375,0.0,72.21375,10.67625,1.0,179.77375,2024,2,19,37.0,0,Peru_4005.csv
2024-02-20,4005,33.0,15.0,23.0,10.0,4.0,4.0,2,2,1,1,4,4,7,7,-2.400262806371953,-3.5482594688867164,6.847938,3.2950752,0.19267218,-69.42134,21,2024-02-20,24.88625,0.0,68.765,10.035,1.0,182.15125,2024,2,20,33.0,0,Peru_4005.csv
2024-02-21,4005,29.0,15.0,24.0,10.0,4.0,4.0,2,2,1,1,4,4,7,7,-2.389529705412412,-3.8625323222272407,6.8722057,3.2864757,0.13240653,-69.75524,21,2024-02-21,24.93875,0.0,69.73,9.75875,1.0,190.135,2024,2,21,29.0,0,Peru_4005.csv
2024-02-22,4005,26.0,15.0,22.0,10.0,3.0,4.0,2,2,1,1,4,4,7,7,-3.121858378894129,-3.9045883433316604,6.8921757,3.3350806,-47.415703,-74.29158,21,2024-02-22,25.25375,0.0,69.37,10.93375,1.0,170.0525,2024,2,22,26.0,0,Peru_4005.csv
2024-02-23,4005,27.0,12.0,20.0,10.0,4.0,4.0,2,2,1,1,1,1,7,7,-3.455965830386255,-4.058937165647954,6.8973484,3.3871763,-48.14232,-74.699875,21,2024-02-23,25.1275,0.0,74.03625,12.89625,1.0,173.20375,2024,2,23,27.0,0,Peru_4005.csv
2024-02-24,4005,25.0,12.0,20.0,10.0,4.0,4.0,2,2,1,1,1,1,7,7,-3.552367427253279,-4.203725598440388,6.8798637,3.3570797,-48.161354,-74.69505,21,2024-02-24,24.80625,0.0,76.60875,13.198749999999999,1.0,177.4175,2024,2,24,25.0,0,Peru_4005.csv
2024-02-25,4005,25.0,10.0,19.0,9.0,5.0,5.0,2,2,1,1,1,1,3,3,-3.5922397605124647,-4.61208440644407,6.9035926,3.430489,-48.47438,-75.05946,21,2024-02-25,24.61,0.0,73.36375,11.385,1.0,187.17374999999998,2024,2,25,25.0,0,Peru_4005.csv
2024-02-26,4005,28.0,10.0,17.0,8.0,5.0,4.0,2,2,1,1,1,1,3,3,-3.944516499192159,-4.284837442384488,6.866657,3.5599036,-49.36829,-75.26427,21,2024-02-26,24.16125,0.0,79.87,12.39875,1.0,185.515,2024,2,26,28.0,0,Peru_4005.csv
2024-02-27,4005,26.0,9.0,17.0,8.0,5.0,4.0,2,2,1,1,1,1,3,3,-4.092881346129063,-4.47975950713805,6.899165,3.5122306,-49.47061,-75.28741,21,2024-02-27,23.77875,0.0,78.69875,12.46125,1.0,177.06875,2024,2,27,26.0,0,Peru_4005.csv
2024-02-28,4005,26.0,9.0,17.0,8.0,5.0,5.0,2,2,1,1,1,1,3,3,-4.004509656220137,-4.613622206603238,6.8873982,3.5250406,-49.402096,-75.28102,21,2024-02-28,23.419999999999998,0.0,79.57875,12.84125,1.0,178.52875,2024,2,28,26.0,0,Peru_4005.csv
2024-02-29,4005,26.0,18.0,18.0,9.0,6.0,6.0,2,2,1,1,1,1,3,3,-3.0628413023499035,-4.373517560658155,6.8953557,3.3313837,-48.236042,-75.471886,21,2024-02-29,23.21875,0.0,81.25,12.16375,1.0,178.67125,2024,2,29,26.0,0,Peru_4005.csv
2024-03-01,4005,36.0,18.0,21.0,10.0,5.0,7.0,2,2,1,1,4,4,7,7,-2.061073124180385,-3.6586040535408775,6.8104105,3.2190852,-0.2877841,-68.78358,21,2024-03-01,23.16625,0.0,79.795,10.61625,1.0,177.0725,2024,3,1,36.0,0,Peru_4005.csv
2024-03-02,4005,36.0,13.0,20.0,10.0,5.0,8.0,2,2,1,1,4,4,7,7,-2.4360547566175237,-4.018440797232632,6.839248,3.2646177,-47.3732,-75.020775,21,2024-03-02,23.97,0.0,74.74,10.15375,1.0,187.11124999999998,2024,3,2,36.0,0,Peru_4005.csv
2024-03-03,4005,29.0,9.0,20.0,9.0,6.0,8.0,2,2,1,1,1,1,7,7,-2.8020946987290785,-4.924659990390467,6.8867383,3.3324292,-47.66874,-75.255325,21,2024-03-03,24.59875,0.0,68.36,10.79375,1.0,178.51624999999999,2024,3,3,29.0,0,Peru_4005.csv
2024-03-04,4005,23.0,15.0,22.0,10.0,5.0,9.0,2,2,1,1,4,4,7,7,-2.463293658197982,-5.042551475085375,6.9030232,3.2541223,-47.031914,-75.20906,21,2024-03-04,23.92375,0.0,72.11500000000001,10.60375,1.0,187.405,2024,3,4,23.0,0,Peru_4005.csv
2024-03-05,4005,27.0,13.0,19.0,9.0,6.0,8.0,2,2,1,1,1,1,3,3,-2.8941784690300754,-4.844215677475322,6.89191,3.3130708,-47.81936,-75.344444,21,2024-03-05,23.845,0.0,75.29125,10.73375,1.0,184.115,2024,3,5,27.0,0,Peru_4005.csv
2024-03-06,4005,31.0,13.0,19.0,10.0,5.0,9.0,2,2,1,1,1,1,7,7,-2.7922227615520887,-4.489577522512997,6.8747287,3.3573132,-47.68853,-75.11096,21,2024-03-06,23.87,0.0,74.545,12.345,1.0,175.5675,2024,3,6,31.0,0,Peru_4005.csv
2024-03-07,4005,29.0,14.0,21.0,10.0,6.0,9.0,2,2,1,1,4,4,7,7,-2.2489346046378564,-4.7593580591303795,6.8571067,3.2386842,-47.266052,-75.34216,21,2024-03-07,23.9525,0.0,74.47875,11.5175,1.0,175.15625,2024,3,7,29.0,0,Peru_4005.csv
2024-03-08,4005,29.0,11.0,19.0,9.0,5.0,8.0,2,2,1,1,1,1,7,7,-3.0823581788111274,-4.6739619988296965,6.8773274,3.377984,-47.912937,-75.142075,21,2024-03-08,23.60375,0.0,76.4375,12.015,1.0,174.75375,2024,3,8,29.0,0,Peru_4005.csv
2024-03-09,4005,28.0,17.0,21.0,9.0,8.0,8.0,2,2,1,1,4,4,7,7,-1.8697436203026216,-4.87214530778762,6.8819976,3.1688855,-47.09293,-75.73935,21,2024-03-09,23.3975,0.0,78.365,10.7975,1.0,191.74875,2024,3,9,28.0,0,Peru_4005.csv
2024-03-10,4005,34.0,9.0,20.0,8.0,5.0,8.0,2,2,1,1,4,4,7,7,-2.7431805429644935,-4.510146870194651,6.873601,3.3518453,-47.62885,-75.05604,21,2024-03-10,23.6775,0.0,75.12625,11.0425,1.0,179.49125,2024,3,10,34.0,0,Peru_4005.csv
2024-03-11,4005,30.0,19.0,20.0,8.0,8.0,8.0,2,2,1,1,4,4,7,7,-1.874386198525475,-4.6755831880916245,6.8771634,3.1566503,-47.122345,-75.81266,21,2024-03-11,23.30375,0.0,76.18125,11.05,1.0,180.30125,2024,3,11,30.0,0,Peru_4005.csv
2024-03-12,4005,42.0,22.0,20.0,9.0,7.0,9.0,2,2,1,1,4,4,7,7,-1.2309342756793324,-3.591390246870439,6.3548536,2.2629037,-7.3374205,-61.25587,21,2024-03-12,23.25375,0.0,76.05875,10.14875,1.0,188.1825,2024,3,12,42.0,0,Peru_4005.csv
2024-03-13,4005,45.0,22.0,22.0,9.0,8.0,9.0,2,2,1,1,4,4,7,7,-0.49860596448390615,-3.549334325334691,6.373507,2.2587159,-7.406896,-61.27244,21,2024-03-13,23.105,0.0,75.3475,11.03,1.0,175.48,2024,3,13,45.0,0,Peru_4005.csv
2024-03-14,4005,44.0,14.0,19.0,8.0,9.0,8.0,2,2,1,1,4,4,7,7,-1.4822751064013593,-4.013773310310365,6.3081794,2.1609938,-7.7117286,-60.719296,21,2024-03-14,22.7375,0.0,72.40125,12.20125,1.0,167.01375000000002,2024,3,14,44.0,0,Peru_4005.csv
2024-03-15,4005,36.0,18.0,21.0,8.0,12.0,9.0,2,2,1,1,4,4,7,7,-0.6226207641943188,-4.9528459284332405,6.617565,2.406329,-8.726759,-61.832348,21,2024-03-15,22.5525,0.0,73.535,12.2175,1.0,169.095,2024,3,15,36.0,0,Peru_4005.csv
2024-03-16,4005,37.0,15.0,21.0,8.0,14.0,9.0,2,2,1,1,4,4,7,7,-0.3690021608918427,-5.282321198861143,6.565076,2.2848632,-8.79472,-61.846424,21,2024-03-16,23.10125,0.0,74.08875,11.536249999999999,1.0,176.43375,2024,3,16,37.0,0,Peru_4005.csv
2024-03-17,4005,41.0,17.0,22.0,9.0,3.8,9.0,2,2,1,1,4,4,7,7,-1.7099738706565784,-3.561500066040375,6.7386775,3.171673,-0.19499362,-68.46985,21,2024-03-17,23.1,0.0,77.4025,9.567499999999999,1.0,192.46375,2024,3,17,41.0,0,Peru_4005.csv
2024-03-18,4005,43.0,33.0,15.0,7.0,1.0,8.0,2,2,1,1,1,1,3,3,-2.8039831461419045,-2.102157411475644,0.17165609,6.7621965,-5.504994,-66.16381,21,2024-03-18,23.20625,0.0,79.13,10.79125,1.0,183.53625,2024,3,18,43.0,0,Peru_4005.csv
2024-03-19,4005,70.0,60.0,8.0,5.0,2.0,3.2,2,2,1,1,1,1,11,11,-1.7707025502220775,1.749403597549862,2.3005266,1.9415551,-2.2885585,30.603043,21,2024-03-19,23.8275,0.0,74.785,11.2975,1.0,180.875,2024,3,19,70.0,0,Peru_4005.csv
2024-03-20,4005,115.0,57.0,6.0,4.0,2.0,5.0,0,0,3,3,5,5,11,11,-0.006998433541503632,4.591984604956478,-1.2408062,-0.4167426,33.801277,50.98489,21,2024-03-20,23.44875,0.0,79.9025,12.5125,1.0,174.66125,2024,3,20,115.0,0,Peru_4005.csv
2024-03-21,4005,122.0,60.0,7.0,5.0,2.0,20.6,0,0,3,3,5,5,10,10,2.0698668817859556,3.209381051607457,-1.5775738,-0.6679584,61.548027,46.153812,21,2024-03-21,23.08375,0.0,83.07875,13.278749999999999,1.0,175.9,2024,3,21,122.0,0,Peru_4005.csv
2024-03-22,4005,127.0,86.0,9.0,5.0,2.0,9.2,0,0,3,3,5,5,10,10,3.0615554511347884,6.351479900836474,-2.205266,-1.0645986,37.514877,76.19153,21,2024-03-22,23.291249999999998,0.0,80.61,11.32875,1.0,178.58875,2024,3,22,127.0,0,Peru_4005.csv
2024-03-23,4005,172.0,36.0,8.0,5.0,3.0,12.6,0,0,3,3,5,5,10,10,2.909996537168514,6.546340494367056,-2.6865404,0.038946137,81.22664,44.165684,21,2024-03-23,23.57,0.0,76.73375,12.6425,1.0,175.97875,2024,3,23,172.0,0,Peru_4005.csv
2024-03-24,4005,66.8,33.6,7.0,4.0,3.0,14.8,2,2,1,1,1,1,3,3,-2.295985856499212,-1.532832753645593,4.7280674,3.7220955,-25.282213,-74.052986,21,2024-03-24,22.76375,0.0,82.05125,11.71125,1.0,177.6975,2024,3,24,66.8,0,Peru_4005.csv
2024-03-25,4005,68.0,7.0,5.0,5.0,4.0,6.0,2,2,1,1,1,1,3,3,-4.623026741863819,-1.6046835268511102,4.363957,5.586799,-66.13816,-30.654182,21,2024-03-25,22.67875,0.0,81.80125,12.9875,1.0,169.6975,2024,3,25,68.0,0,Peru_4005.csv
2024-03-26,4005,19.0,6.0,5.0,5.0,5.0,5.0,2,2,1,1,1,1,3,3,-6.94454358769646,-5.193999309118718,6.25185,5.0055037,-67.639694,-61.486042,21,2024-03-26,23.01875,0.0,78.04375,11.43625,1.0,180.90625,2024,3,26,19.0,0,Peru_4005.csv
2024-03-27,4005,17.0,7.0,8.0,7.0,2.0,5.0,2,2,1,1,1,1,3,3,-6.9174654990982685,-4.8391602081451,6.364187,4.9043126,-67.98254,-62.583237,21,2024-03-27,23.19625,0.0,77.13,13.1,1.0,176.9625,2024,3,27,17.0,0,Peru_4005.csv
2024-03-28,4005,20.0,7.0,7.8,16.2,6.4,4.0,2,2,1,1,1,1,3,3,-6.093859271836646,-4.363047920103806,6.318655,4.8690248,-71.18242,-59.921906,21,2024-03-28,22.6325,0.0,80.6,12.28,1.0,176.89625,2024,3,28,20.0,0,Peru_4005.csv
2024-03-29,4005,23.0,9.0,15.2,10.6,5.4,4.0,2,2,1,1,1,1,3,3,-4.527855128237314,-4.512485713402643,6.8927402,3.6619687,-50.86579,-75.446014,21,2024-03-29,22.60375,0.0,81.235,12.5,1.0,173.64125,2024,3,29,23.0,0,Peru_4005.csv
2024-03-30,4005,32.0,8.0,11.0,12.6,4.2,4.0,2,2,1,1,1,1,3,3,-5.214777993874619,-3.5100863474741106,6.3117733,4.7196755,-53.364704,-72.23516,21,2024-03-30,22.3325,0.0,81.98625,11.93,1.0,176.53,2024,3,30,32.0,0,Peru_4005.csv
2024-03-31,4005,27.0,6.0,15.0,15.0,12.8,4.0,2,2,1,1,1,1,3,3,-3.1884934912310174,-4.976760755096347,6.879447,3.1233165,-49.929565,-78.24459,21,2024-03-31,22.6175,0.0,79.73,12.18125,1.0,175.38625,2024,3,31,27.0,0,Peru_4005.csv
2024-04-01,4005,17.0,7.0,12.6,16.0,3.8,4.0,2,2,1,1,1,1,3,3,-5.731476354901824,-4.386503875750993,6.765329,4.056966,-52.876877,-74.910164,21,2024-04-01,21.740000000000002,0.0,82.165,12.975,1.0,177.9275,2024,4,1,17.0,0,Peru_4005.csv
2024-04-02,4005,21.0,5.0,7.8,7.2,3.8,4.0,2,2,1,1,1,1,3,3,-6.632203614170747,-4.722731927638248,6.265868,4.9922614,-67.85909,-62.39857,21,2024-04-02,21.88125,0.0,78.45,13.2875,1.0,167.6825,2024,4,2,21.0,0,Peru_4005.csv
2024-04-03,4005,13.0,6.0,8.2,22.4,3.8,4.0,2,2,1,1,1,1,3,3,-6.862615692152242,-4.149129028823205,6.443747,4.696983,-76.13511,-60.593964,21,2024-04-03,21.892500000000002,0.0,75.6325,11.1575,1.0,177.475,2024,4,3,22.4,0,Peru_4005.csv
2024-04-04,4005,16.0,7.0,13.0,11.2,7.0,4.0,2,2,1,1,1,1,3,3,-5.127058643979707,-5.222439847123153,6.941386,3.6357796,-52.10724,-76.422485,21,2024-04-04,22.1825,0.0,76.2875,12.03125,1.0,170.975,2024,4,4,16.0,0,Peru_4005.csv
2024-04-05,4005,20.0,7.0,7.8,16.2,6.4,4.0,2,2,1,1,1,1,3,3,-6.093859271836646,-4.363047920103806,6.320552,4.8751755,-71.18242,-59.921906,21,2024-04-05,22.255,0.0,78.60374999999999,12.713750000000001,1.0,174.12375,2024,4,5,20.0,0,Peru_4005.csv
2024-04-06,4005,21.0,8.0,12.0,9.6,7.4,4.0,2,2,1,1,1,1,3,3,-4.967662119747904,-4.953037404605148,6.9376216,3.6160464,-51.882996,-76.52869,21,2024-04-06,22.115000000000002,0.0,80.72375,12.14875,1.0,168.0725,2024,4,6,21.0,0,Peru_4005.csv
2024-04-07,4005,27.0,8.0,8.2,9.6,9.2,4.0,2,2,1,1,1,1,3,3,-5.12671708975264,-4.651147012119455,6.367325,3.5848916,-36.31141,-59.547802,21,2024-04-07,22.04,0.0,81.38125,10.43875,1.0,187.37125,2024,4,7,27.0,0,Peru_4005.csv
2024-04-08,4005,26.0,11.0,12.4,89.0,4.2,4.0,2,2,1,1,2,2,1,1,-4.95348757060024,1.763154900649421,-3.5980594,-4.6771364,59.597736,74.39363,21,2024-04-08,22.27875,0.0,77.99625,10.58875,1.0,176.99,2024,4,8,89.0,0,Peru_4005.csv
2024-04-09,4005,29.0,9.0,14.6,17.2,5.8,4.0,2,2,1,1,1,1,3,3,-4.279037885317809,-3.6305373784921935,6.7839565,3.8726757,-51.30529,-74.67477,21,2024-04-09,22.677500000000002,0.0,77.23375,11.56875,1.0,173.3125,2024,4,9,29.0,0,Peru_4005.csv
2024-04-10,4005,28.0,12.0,14.2,11.8,6.0,4.0,2,2,1,1,1,1,3,3,-4.224382399410856,-3.963028066422513,6.858429,3.6571875,-50.90088,-75.08165,21,2024-04-10,22.33375,0.0,77.19749999999999,11.38875,1.0,177.40125,2024,4,10,28.0,0,Peru_4005.csv
2024-04-11,4005,32.0,11.0,6.0,7.0,4.6,4.0,2,2,1,1,1,1,3,3,-6.01234345727525,-3.6963642610834766,6.1285386,5.054584,-67.008415,-60.123512,21,2024-04-11,22.955,0.0,74.005,10.69875,1.0,174.22875,2024,4,11,32.0,0,Peru_4005.csv
2024-04-12,4005,40.0,20.0,4.0,6.0,3.0,4.0,2,2,1,1,1,1,3,3,-5.8566205458637,-2.488629367539427,5.490626,5.2495728,-67.13811,-54.06827,21,2024-04-12,22.69875,0.0,74.29125,12.4425,1.0,173.71875,2024,4,12,40.0,0,Peru_4005.csv
2024-04-13,4005,50.0,17.0,4.0,6.0,4.0,4.0,2,2,1,1,1,1,3,3,-5.349849414877752,-2.0408241108259486,5.181907,5.4726696,-69.340256,-40.658394,21,2024-04-13,22.19125,0.0,77.07375,13.1175,1.0,171.1925,2024,4,13,50.0,0,Peru_4005.csv
2024-04-14,4005,44.0,15.0,4.0,6.0,5.0,4.0,2,2,1,1,1,1,3,3,-5.5623263962820095,-2.7011902891204858,5.5250626,5.225,-65.91392,-55.28315,21,2024-04-14,21.9425,0.0,79.82625,14.07375,1.0,173.16125,2024,4,14,44.0,0,Peru_4005.csv
2024-04-15,4005,44.0,18.0,5.0,6.0,4.0,4.0,2,2,1,1,1,1,3,3,-5.383554177674599,-2.44975078978273,5.4946523,5.247667,-66.79687,-53.921032,21,2024-04-15,21.40375,0.0,82.27,14.8775,1.0,172.01625,2024,4,15,44.0,0,Peru_4005.csv
2024-04-16,4005,44.0,17.0,6.0,6.0,4.0,4.0,2,2,1,1,1,1,3,3,-5.231981611245506,-2.5245813650375797,5.482791,5.2563124,-66.778915,-53.89866,21,2024-04-16,21.2125,0.0,81.8425,10.25,1.0,188.99,2024,4,16,44.0,0,Peru_4005.csv
2024-04-17,4005,45.0,28.0,8.0,6.0,5.0,4.0,2,2,1,1,1,1,3,3,-4.024456502973861,-2.0758388384198274,4.97178,4.6130733,-53.475323,-50.740154,21,2024-04-17,21.2425,0.0,78.66625,9.65875,1.0,176.7625,2024,4,17,45.0,0,Peru_4005.csv
2024-04-18,4005,62.0,31.0,7.0,7.0,4.0,5.0,2,2,1,1,1,1,3,3,-3.3435369063686537,-0.6049790600980525,3.715971,4.560751,-61.04825,-14.26434,21,2024-04-18,20.19375,0.0,80.77875,10.04375,1.0,186.54000000000002,2024,4,18,62.0,0,Peru_4005.csv
2024-04-19,4005,72.0,31.0,8.0,8.0,3.0,4.0,2,2,1,1,1,1,3,3,-2.925584310178719,0.42705268514081335,2.8268616,4.5398273,-40.414677,-6.64167,21,2024-04-19,20.6875,0.0,74.4275,10.23,1.0,172.9675,2024,4,19,72.0,0,Peru_4005.csv
2024-04-20,4005,60.0,24.0,7.0,8.0,3.0,4.0,2,2,1,1,1,1,3,3,-4.071273375789501,-0.7679185598189051,4.1871486,5.1314816,-64.72641,-36.077633,21,2024-04-20,21.89375,0.0,71.38125,10.018749999999999,1.0,177.24,2024,4,20,60.0,0,Peru_4005.csv
2024-04-21,4005,47.0,22.0,6.0,7.0,3.0,4.0,2,2,1,1,1,1,3,3,-5.006781028904448,-1.8578043870589995,5.070243,5.2976747,-66.126816,-40.708904,21,2024-04-21,22.02625,0.0,70.17375,10.86375,1.0,175.27,2024,4,21,47.0,0,Peru_4005.csv
2024-04-22,4005,46.0,26.0,6.0,8.0,3.0,4.0,2,2,1,1,1,1,3,3,-4.8456926429678635,-1.656471574482167,4.9019356,5.1891446,-65.63852,-40.474174,21,2024-04-22,22.50375,0.0,69.55625,10.73125,1.0,162.75,2024,4,22,46.0,0,Peru_4005.csv
2024-04-23,4005,49.0,21.0,5.0,6.0,3.0,4.0,2,2,1,1,1,1,3,3,-5.167314308170692,-1.8116445910887824,5.1553125,5.439825,-66.99809,-40.365932,21,2024-04-23,22.03,0.0,72.73124999999999,11.53875,1.0,170.655,2024,4,23,49.0,0,Peru_4005.csv
2024-04-24,4005,55.0,24.0,5.0,6.0,4.0,4.0,2,2,1,1,1,1,3,3,-4.541565325688807,-1.3526115179114184,4.5555987,5.2137733,-65.743805,-37.921917,21,2024-04-24,20.7575,0.0,80.54,9.80375,1.0,182.70250000000001,2024,4,24,55.0,0,Peru_4005.csv
2024-04-25,4005,59.0,24.0,6.0,6.0,3.0,4.0,2,2,1,1,1,1,3,3,-4.325880625930316,-0.9619979452062205,4.3120694,5.213847,-65.2622,-36.24786,21,2024-04-25,20.46125,0.0,81.23375,9.01375,1.0,185.9325,2024,4,25,59.0,0,Peru_4005.csv
2024-04-26,4005,60.0,31.0,7.0,7.0,4.0,4.0,2,2,1,1,1,1,3,3,-3.528310123600714,-0.6159045008367474,3.7596135,4.5994353,-60.971733,-14.308059,21,2024-04-26,20.884999999999998,0.0,77.92125,9.9325,1.0,185.47,2024,4,26,60.0,0,Peru_4005.csv
2024-04-27,4005,67.0,26.0,6.0,7.0,3.0,4.0,2,2,1,1,1,1,3,3,-3.834912570312676,-0.2093861448039998,3.8193398,5.0687156,-67.59244,-19.66951,21,2024-04-27,20.86625,0.0,77.48,9.93125,1.0,176.95999999999998,2024,4,27,67.0,0,Peru_4005.csv
2024-04-28,4005,58.0,23.0,6.0,6.0,5.0,4.0,2,2,1,1,1,1,3,3,-4.064736401225087,-1.3359931760668824,4.3105674,5.173561,-65.49442,-37.126694,21,2024-04-28,20.77875,0.0,76.84875,8.3825,1.0,186.71,2024,4,28,58.0,0,Peru_4005.csv
2024-04-29,4005,54.0,27.0,6.0,6.0,4.0,4.0,2,2,1,1,1,1,3,3,-4.230339711089883,-1.2992998586051292,4.5720086,5.1627045,-65.527885,-38.21873,21,2024-04-29,20.895,0.0,75.5775,9.81125,1.0,181.025,2024,4,29,54.0,0,Peru_4005.csv
2024-04-30,4005,61.0,21.0,6.0,6.0,3.0,4.0,2,2,1,1,1,1,3,3,-4.385369533060181,-0.9676118637684302,4.24628,5.2411013,-65.316246,-35.863968,21,2024-04-30,21.1675,0.0,77.12,10.42625,1.0,181.68125,2024,4,30,61.0,0,Peru_4005.csv
2024-05-01,4005,52.0,17.0,5.0,5.0,4.0,4.0,2,2,1,1,1,1,3,3,-5.051347121025202,-1.993922967799702,5.099072,5.423885,-69.12393,-40.65874,21,2024-05-01,20.3625,0.0,82.75,11.93125,1.0,178.4575,2024,5,1,52.0,0,Peru_4005.csv
2024-05-02,4005,51.0,22.0,8.0,6.0,40.0,6.0,2,2,0,0,0,0,2,2,2.4526073527990366,-6.610678176777605,5.81858,-1.7704645,62.25661,-52.108063,21,2024-05-02,19.43375,0.0,89.11875,10.10125,1.0,186.07874999999999,2024,5,2,51.0,0,Peru_4005.csv
2024-05-03,4005,58.0,17.0,10.0,5.0,3.0,2.0,2,2,1,1,1,1,3,3,-4.101860136286712,-1.2895812421603983,3.7302272,5.655414,-63.777534,-43.858353,21,2024-05-03,19.5275,0.0,86.495,8.18,1.0,206.79375,2024,5,3,58.0,0,Peru_4005.csv
2024-05-04,4005,44.0,26.0,11.0,5.0,4.0,1.0,2,2,1,1,1,1,3,3,-4.013180480075118,-1.8684591386191203,4.285264,5.4690537,-56.215954,-48.94144,21,2024-05-04,19.27625,0.0,86.0,8.2275,1.0,207.8225,2024,5,4,44.0,0,Peru_4005.csv
2024-05-05,4005,64.0,34.0,13.0,6.0,5.0,2.0,2,2,1,1,4,4,3,3,-1.9559249645674777,-0.2553029393552721,1.3749493,4.9662647,-1.9696037,-27.16476,21,2024-05-05,19.355,0.0,85.34875,6.945,1.0,211.33875,2024,5,5,64.0,0,Peru_4005.csv
2024-05-06,4005,84.0,21.0,11.0,6.0,3.0,1.0,2,2,1,1,4,4,7,7,-2.5241876816018554,0.975558792597909,1.8630971,4.8614025,-32.805077,-10.948921,21,2024-05-06,19.2925,0.0,83.98375,11.465,1.0,176.4125,2024,5,6,84.0,0,Peru_4005.csv
2024-05-07,4005,55.0,20.0,10.0,6.0,3.0,1.0,2,2,1,1,1,1,3,3,-4.177508381832533,-1.1493078144932913,3.9968653,5.59872,-63.266613,-44.2988,21,2024-05-07,19.2625,0.0,82.77375,11.848749999999999,1.0,171.53,2024,5,7,55.0,0,Peru_4005.csv
2024-05-08,4005,55.0,29.0,13.0,6.0,3.0,2.0,2,2,1,1,1,1,3,3,-3.0108573173581386,-0.9060531624322108,1.7190906,5.7075653,-30.166262,-34.432636,21,2024-05-08,19.01375,0.0,83.06375,9.8825,1.0,225.01625,2024,5,8,55.0,0,Peru_4005.csv
2024-05-09,4005,71.0,38.0,15.0,7.0,3.0,2.0,2,2,1,1,4,4,7,7,-1.3634671142463315,0.7272570981920051,0.9927095,4.820885,-3.6554158,-26.148153,21,2024-05-09,18.695,0.0,85.4275,7.00875,1.0,205.6675,2024,5,9,71.0,0,Peru_4005.csv
2024-05-10,4005,90.0,21.0,13.0,6.0,3.0,5.8,2,2,1,1,4,4,7,7,-1.4037270979625316,0.7179894503020886,1.0929372,4.1855125,-15.078814,-2.3297307,21,2024-05-10,19.00125,0.0,82.91125,10.12,1.0,176.745,2024,5,10,90.0,0,Peru_4005.csv
2024-05-11,4005,52.0,21.0,12.0,6.0,3.0,9.8,2,2,1,1,1,1,3,3,-3.0854040182082474,-2.5437408143548996,5.37753,4.1888366,-36.5397,-73.54732,21,2024-05-11,18.88625,0.0,82.91499999999999,8.79375,1.0,205.73375,2024,5,11,52.0,0,Peru_4005.csv
2024-05-12,4005,53.0,23.0,10.0,5.0,3.0,15.6,2,2,1,1,1,1,3,3,-2.829227986477991,-3.171280816250921,5.3463426,4.005835,-31.0883,-76.64339,21,2024-05-12,18.03,0.0,83.44125,7.9262500000000005,1.0,228.53125,2024,5,12,53.0,0,Peru_4005.csv
2024-05-13,4005,61.0,34.0,13.0,6.0,3.0,8.2,2,2,1,1,1,1,3,3,-1.9139310388130328,-1.0509671910352605,1.2961538,5.439056,-5.27539,-34.862648,21,2024-05-13,18.41125,0.0,83.45,6.81875,1.0,227.4375,2024,5,13,61.0,0,Peru_4005.csv
2024-05-14,4005,77.0,27.0,12.0,5.0,3.0,6.6,2,2,1,1,4,4,3,3,-1.8528297349246778,-0.07791413915977975,1.4764582,4.6065483,-8.915087,-14.713012,21,2024-05-14,18.7425,0.0,81.83875,6.875,1.0,215.6875,2024,5,14,77.0,0,Peru_4005.csv
2024-05-15,4005,66.0,30.0,13.0,6.0,2.0,7.0,2,2,1,1,4,4,3,3,-2.167481578006724,-0.6031641673493541,1.40348,5.436135,-5.1292186,-34.409256,21,2024-05-15,18.55,0.0,80.79125,9.43125,1.0,181.40625,2024,5,15,66.0,0,Peru_4005.csv
2024-05-16,4005,71.0,27.0,13.0,7.0,3.0,3.0,2,2,1,1,4,4,3,3,-2.253765635840169,0.09131241321651014,1.4954368,5.3702946,-1.1585373,-32.007412,21,2024-05-16,18.4825,0.0,82.5475,9.0725,1.0,181.69125,2024,5,16,71.0,0,Peru_4005.csv
2024-05-17,4005,64.0,20.0,12.0,6.0,2.0,5.6,2,2,1,1,1,1,3,3,-3.110774084205312,-1.0371887282370706,1.8811762,5.640697,-7.056927,-33.46189,21,2024-05-17,18.64,0.0,82.835,9.89875,1.0,176.2125,2024,5,17,64.0,0,Peru_4005.csv
2024-05-18,4005,56.0,23.0,12.0,6.0,2.0,6.4,2,2,1,1,1,1,3,3,-3.2697921910276775,-1.5730295579488585,1.805047,5.700951,-4.9903154,-36.49092,21,2024-05-18,18.04375,0.0,85.73875,9.8625,1.0,197.86375,2024,5,18,56.0,0,Peru_4005.csv
2024-05-19,4005,63.0,24.0,12.0,5.0,3.0,15.8,2,2,1,1,1,1,3,3,-1.8705107860138646,-2.473371057344585,5.1383233,3.9401088,-29.262955,-77.06982,21,2024-05-19,17.596249999999998,0.0,86.865,9.19,1.0,236.3425,2024,5,19,63.0,0,Peru_4005.csv
2024-05-20,4005,67.0,19.0,13.0,5.0,3.0,13.0,2,2,1,1,1,1,3,3,-1.9814298620871171,-2.084345599465639,5.0324216,4.048307,-28.810188,-76.55441,21,2024-05-20,16.59625,0.0,87.7175,8.7175,1.0,194.89249999999998,2024,5,20,67.0,0,Peru_4005.csv
2024-05-21,4005,56.0,19.0,15.0,6.0,2.0,4.0,2,2,1,1,1,1,7,7,-3.0791300280629206,-1.5263843011002902,1.2571851,6.113176,3.8732767,-64.01144,21,2024-05-21,16.12875,0.0,83.74375,8.4375,1.0,162.2375,2024,5,21,56.0,0,Peru_4005.csv
2024-05-22,4005,56.0,22.0,16.0,6.0,2.0,6.8,2,2,1,1,4,4,7,7,-2.4722627878459176,-1.77549413452642,0.94449556,5.9077525,4.8931007,-63.714043,21,2024-05-22,16.005,0.0,85.58375,9.185,1.0,174.345,2024,5,22,56.0,0,Peru_4005.csv
2024-05-23,4005,62.0,44.0,19.0,7.0,2.0,4.2,2,2,1,1,4,4,7,7,-0.657585188698696,0.1089647322700907,-0.15782748,4.767543,29.377192,-27.974073,21,2024-05-23,16.13125,0.0,83.45875,8.2325,1.0,181.64499999999998,2024,5,23,62.0,0,Peru_4005.csv
2024-05-24,4005,102.0,43.0,19.0,8.0,2.0,9.8,0,0,3,3,4,4,7,7,1.714797242013727,2.2781538731600177,-1.3231012,2.1488588,56.18649,28.388945,21,2024-05-24,17.0875,0.0,81.5925,7.77125,1.0,175.395,2024,5,24,102.0,0,Peru_4005.csv
2024-05-25,4005,95.0,36.0,16.0,8.0,2.0,10.4,0,0,1,1,4,4,7,7,0.456062714544739,1.414228194404044,0.43791822,3.667095,-6.9608016,-0.13246344,21,2024-05-25,17.76375,0.0,81.71375,9.442499999999999,1.0,177.82875,2024,5,25,95.0,0,Peru_4005.csv
2024-05-26,4005,88.0,25.0,13.0,6.0,2.0,8.4,2,2,1,1,4,4,7,7,-1.2431625295350832,0.5514278498513842,1.0361812,4.1506925,-14.959389,-2.3260064,21,2024-05-26,16.475,0.0,86.27125,8.5175,1.0,203.53,2024,5,26,88.0,0,Peru_4005.csv
2024-05-27,4005,67.0,36.0,9.0,12.4,6.4,18.6,2,2,1,1,1,1,4,4,-0.7924683981882114,-1.7687944933899729,2.524192,-2.5199258,-20.630117,-76.32321,21,2024-05-27,16.12,0.0,83.8,6.8775,1.0,199.85375,2024,5,27,67.0,0,Peru_4005.csv
2024-05-28,4005,85.0,34.0,11.2,14.6,8.4,4.2,2,2,1,1,4,4,9,9,-0.4890894132605017,1.216875505293479,1.7110902,2.4852712,10.268742,3.0531445,21,2024-05-28,15.8325,0.0,84.4375,7.7625,1.0,203.22625,2024,5,28,85.0,0,Peru_4005.csv
2024-05-29,4005,80.0,32.0,14.2,12.2,6.4,11.6,2,2,1,1,4,4,9,9,0.065785715508929,-0.23422746773241154,1.1976464,3.6265104,19.026415,-48.016617,21,2024-05-29,16.17875,0.0,85.07249999999999,7.76625,1.0,186.7375,2024,5,29,80.0,0,Peru_4005.csv
2024-05-30,4005,80.0,21.0,19.6,7.8,1.8,13.6,2,2,1,1,4,4,7,7,-0.0672987474584286,-0.9304532990076813,0.30104873,5.5490136,18.94764,-71.61317,21,2024-05-30,15.8325,0.0,86.245,10.0425,1.0,174.05375,2024,5,30,80.0,0,Peru_4005.csv
2024-05-31,4005,60.0,29.0,24.8,15.6,7.2,18.6,2,2,1,1,4,4,7,7,1.8713678880781255,-2.8830704367562645,4.4518995,-4.2947893,85.11437,-28.072441,21,2024-05-31,15.0475,0.0,88.83,10.315,1.0,171.77625,2024,5,31,60.0,0,Peru_4005.csv
2024-06-01,4005,77.0,24.0,14.0,38.6,3.6,11.0,2,2,1,1,4,4,9,9,-1.0561952960442327,1.5170661532213698,0.15525423,0.9719983,29.587002,-3.1418803,21,2024-06-01,14.93125,0.0,88.42375,8.370000000000001,1.0,194.73375,2024,6,1,77.0,0,Peru_4005.csv
2024-06-02,4005,68.0,18.0,13.2,11.0,4.2,17.2,2,2,1,1,4,4,4,4,-1.3479277084350234,-2.340983603851441,4.9818993,3.9732647,-27.841377,-77.815765,21,2024-06-02,15.68375,0.0,84.11,7.88625,1.0,202.07375000000002,2024,6,2,68.0,0,Peru_4005.csv
2024-06-03,4005,53.0,30.0,18.0,7.0,11.0,3.0,2,2,1,1,4,4,7,7,-0.5025745393571801,-2.190729349075501,5.3920236,1.3051419,-8.407196,-56.14137,21,2024-06-03,15.74625,0.0,84.74,6.91,1.0,179.28625,2024,6,3,53.0,0,Peru_4005.csv
2024-06-04,4005,73.0,39.0,17.0,6.0,2.0,7.0,2,2,1,1,4,4,7,7,-0.5482610535125133,0.25601562277807716,0.41433224,4.7406416,19.183044,-36.369793,21,2024-06-04,15.485,0.0,83.1575,9.0775,1.0,175.3125,2024,6,4,73.0,0,Peru_4005.csv
2024-06-05,4005,86.0,46.0,20.0,7.0,2.0,7.0,0,0,1,1,4,4,7,7,1.054136071902197,1.5471789501911364,-0.6560327,3.8480434,74.84672,-0.40867323,21,2024-06-05,15.855,0.0,81.6675,9.36875,1.0,173.68625,2024,6,5,86.0,0,Peru_4005.csv
2024-06-06,4005,105.0,47.0,19.0,7.0,2.0,7.0,0,0,3,3,5,5,7,7,1.8183773523415394,2.9974973557948097,-1.4297974,2.1497915,56.401577,28.226915,21,2024-06-06,15.928749999999999,0.0,83.235,9.63875,1.0,172.96375,2024,6,6,105.0,0,Peru_4005.csv
2024-06-07,4005,107.0,33.0,16.0,6.0,2.0,7.0,0,0,3,3,4,4,7,7,0.5752468890344545,2.441307031979219,-1.1464046,2.1091776,54.46639,31.273888,21,2024-06-07,16.3125,0.0,83.23875,10.182500000000001,1.0,171.36125,2024,6,7,107.0,0,Peru_4005.csv
2024-06-08,4005,82.0,26.0,13.0,5.0,2.0,7.0,2,2,1,1,4,4,7,7,-1.6055589960543282,0.28141433779052144,1.1582619,4.455578,-15.537906,-1.9320935,21,2024-06-08,15.89625,0.0,85.645,9.620000000000001,1.0,176.74875,2024,6,8,82.0,0,Peru_4005.csv
2024-06-09,4005,70.0,12.0,12.0,5.0,2.0,7.0,2,2,1,1,1,1,3,3,-3.114992398831821,-1.2644952687468258,1.552105,5.382299,-7.100685,-32.479126,21,2024-06-09,15.8075,0.0,86.2125,12.07,1.0,169.93375,2024,6,9,70.0,0,Peru_4005.csv
2024-06-10,4005,36.0,27.0,15.0,6.0,2.0,7.0,2,2,1,1,1,1,3,3,-3.362321769545233,-2.974781953886858,0.2485361,6.7418814,-5.7516165,-66.06065,21,2024-06-10,15.68625,0.0,85.22999999999999,9.50875,1.0,163.97375,2024,6,10,36.0,0,Peru_4005.csv
2024-06-11,4005,67.0,45.0,18.0,7.0,2.0,7.0,2,2,1,1,4,4,7,7,-0.3207133243654792,0.1709498657919759,-0.0386611,4.7081285,28.70261,-27.782553,21,2024-06-11,16.16125,0.0,82.99,8.72125,1.0,177.80875,2024,6,11,67.0,0,Peru_4005.csv
2024-06-12,4005,99.0,43.0,19.0,7.0,2.0,7.0,0,0,3,3,4,4,7,7,1.3213190046624603,2.362596447816383,-1.3601973,2.153378,56.289978,28.301702,21,2024-06-12,15.705,0.0,86.09375,9.23,1.0,183.63625,2024,6,12,99.0,0,Peru_4005.csv
2024-06-13,4005,102.0,31.0,16.0,6.0,2.0,7.0,0,0,3,3,4,4,7,7,0.23031628200315885,1.9790683982090425,-1.1307293,2.1869843,54.470737,31.462912,21,2024-06-13,15.4225,0.0,86.37625,9.095,1.0,168.93625,2024,6,13,102.0,0,Peru_4005.csv
2024-06-14,4005,78.0,44.0,16.0,6.0,3.0,7.0,2,2,1,1,4,4,7,7,-0.07032196698361726,0.7676192851418437,0.4991089,4.519936,18.861626,-35.511555,21,2024-06-14,15.62125,0.0,84.9075,11.2925,1.0,166.83125,2024,6,14,78.0,0,Peru_4005.csv
2024-06-15,4005,103.0,43.0,16.0,6.0,2.0,7.0,0,0,3,3,5,5,7,7,0.9020785528374626,2.65307113385453,-1.0930446,2.0785666,55.187096,28.025408,21,2024-06-15,15.48875,0.0,86.04125,9.2375,1.0,176.62125,2024,6,15,103.0,0,Peru_4005.csv
2024-06-16,4005,98.0,44.0,17.0,6.0,4.0,7.0,0,0,3,3,4,4,7,7,1.2778829686948312,2.06507129242389,-0.8887924,2.1347008,55.237736,26.252018,21,2024-06-16,15.87,0.0,85.07875,7.9037500000000005,1.0,195.52125,2024,6,16,98.0,0,Peru_4005.csv
2024-06-17,4005,103.0,29.0,17.0,6.0,3.0,7.0,0,0,3,3,4,4,7,7,0.5587803198749446,1.8007643911635531,-1.1727929,2.1986828,54.576866,31.53407,21,2024-06-17,16.15625,0.0,86.385,7.86125,1.0,189.5825,2024,6,17,103.0,0,Peru_4005.csv
2024-06-18,4005,76.0,27.0,18.0,6.0,3.0,7.0,2,2,1,1,4,4,7,7,-0.643030335639612,-0.27884070777572695,0.35449547,5.004117,18.83265,-38.280727,21,2024-06-18,15.7975,0.0,87.26625,9.51375,1.0,213.81125,2024,6,18,76.0,0,Peru_4005.csv
2024-06-19,4005,68.0,33.0,20.0,6.0,3.0,7.0,2,2,1,1,4,4,7,7,-0.30978317627607077,-0.6065818805237553,-0.31209707,5.159136,31.097757,-37.990303,21,2024-06-19,15.54875,0.0,87.015,6.8625,1.0,218.7125,2024,6,19,68.0,0,Peru_4005.csv
2024-06-20,4005,81.0,53.0,22.0,7.0,3.0,7.0,0,0,3,3,4,4,7,7,1.7646029253409639,1.361020680627162,-1.164548,3.7336302,75.71383,-2.7029903,21,2024-06-20,15.33375,0.0,87.52250000000001,7.78,1.0,175.995,2024,6,20,81.0,0,Peru_4005.csv
2024-06-21,4005,127.0,54.0,21.0,8.0,3.0,8.0,0,0,3,3,5,5,10,10,3.9200707485044606,4.705307723161764,-2.018983,1.756978,79.26781,18.923342,21,2024-06-21,15.475,0.0,87.87875,9.63125,1.0,170.92374999999998,2024,6,21,127.0,0,Peru_4005.csv
2024-06-22,4005,121.0,47.0,20.0,8.0,4.0,8.0,0,0,3,3,5,5,10,10,3.244240560212896,3.8189675596612798,-1.9395827,1.8470091,79.18343,19.008404,21,2024-06-22,15.35625,0.0,88.81375,10.272499999999999,1.0,173.87,2024,6,22,121.0,0,Peru_4005.csv
2024-06-23,4005,111.0,27.0,17.0,6.0,6.0,7.0,0,0,3,3,4,4,7,7,1.3824218495598664,1.9024484337097227,-1.1894729,2.1321046,55.123608,31.930882,21,2024-06-23,15.6175,0.0,88.95875,6.4675,1.0,205.4625,2024,6,23,111.0,0,Peru_4005.csv
2024-06-24,4005,72.0,33.0,16.0,6.0,7.0,7.0,2,2,1,1,4,4,7,7,-0.2085076962928344,-0.7211542314877257,0.885923,4.0335174,8.879187,-30.332731,21,2024-06-24,15.315000000000001,0.0,87.03999999999999,8.30125,1.0,198.44875,2024,6,24,72.0,0,Peru_4005.csv
2024-06-25,4005,83.0,34.0,20.0,7.0,6.0,8.0,2,2,1,1,4,4,7,7,1.0969607589768249,0.0915911149571537,-0.48036504,4.2351284,75.328964,1.1510298,21,2024-06-25,15.60625,0.0,85.14625,7.56,1.0,201.35999999999999,2024,6,25,83.0,0,Peru_4005.csv
2024-06-26,4005,86.0,47.0,23.0,8.0,2.0,7.0,0,0,3,3,4,4,7,7,1.718142924495179,1.5964148219832341,-1.0408807,3.8356242,76.42994,-1.4652275,21,2024-06-26,15.887500000000001,0.0,87.6925,6.595,1.0,241.03625,2024,6,26,86.0,0,Peru_4005.csv
2024-06-27,4005,117.0,58.0,30.0,11.0,2.0,8.0,0,0,3,3,5,5,10,10,5.301393162863648,4.3049416305748,-2.183122,2.7477307,83.25293,16.998178,21,2024-06-27,15.85625,0.0,85.7175,6.655,1.0,187.81125,2024,6,27,117.0,0,Peru_4005.csv
2024-06-28,4005,143.0,38.0,22.0,8.0,1.0,8.0,0,0,3,3,5,5,10,10,3.7020947583273442,5.288239100852868,-2.1821969,1.6836158,80.79439,19.890318,21,2024-06-28,15.67625,0.0,88.275,7.91625,1.0,197.66,2024,6,28,143.0,0,Peru_4005.csv
2024-06-29,4005,102.0,32.0,17.0,7.0,1.0,7.0,0,0,3,3,4,4,7,7,0.30659688518316297,2.2034303972325238,-1.1176151,2.1681209,54.59043,31.321114,21,2024-06-29,15.15375,0.0,87.9275,11.59625,1.0,171.74124999999998,2024,6,29,102.0,0,Peru_4005.csv
2024-06-30,4005,87.0,40.0,15.0,6.0,2.0,7.0,2,2,1,1,4,4,7,7,-0.2285594699238118,1.369059769621243,0.58441764,3.7276394,-6.003452,2.2057917,21,2024-06-30,15.594999999999999,0.0,86.71375,10.5875,1.0,175.68375,2024,6,30,87.0,0,Peru_4005.csv
2024-07-01,4005,103.0,22.0,14.0,6.0,2.0,7.0,2,2,1,1,4,4,7,7,-0.5962262669338173,1.6496485789200568,-1.1532308,2.1859992,54.31715,32.674355,21,2024-07-01,15.309999999999999,0.0,89.645,7.67,1.0,190.24,2024,7,1,103.0,0,Peru_4005.csv
2024-07-02,4005,63.0,35.0,16.0,7.0,2.0,7.0,2,2,1,1,4,4,7,7,-1.440223040688067,-0.5705743798829214,0.64497113,5.176222,21.50265,-39.382668,21,2024-07-02,15.053749999999999,0.0,87.63125,7.5925,1.0,213.5425,2024,7,2,63.0,0,Peru_4005.csv
2024-07-03,4005,86.0,34.0,18.0,8.0,3.0,7.0,2,2,1,1,4,4,7,7,0.2055917847057095,0.9424203160938062,0.3631078,4.207589,15.6268635,-36.322685,21,2024-07-03,15.0475,0.0,85.505,7.5200000000000005,1.0,186.56,2024,7,3,86.0,0,Peru_4005.csv
2024-07-04,4005,84.0,44.0,21.0,10.0,2.0,8.0,0,0,1,1,4,4,7,7,1.1500210533301414,1.3631360632976588,-0.6089873,3.9044125,75.243004,-0.41564173,21,2024-07-04,16.0875,0.0,82.585,6.75,1.0,177.95499999999998,2024,7,4,84.0,0,Peru_4005.csv
2024-07-05,4005,106.0,41.0,20.0,8.0,2.0,7.0,0,0,3,3,4,4,7,7,1.7597685426337772,2.8175814380226094,-1.434268,2.1614072,56.417603,28.532734,21,2024-07-05,17.2375,0.0,77.02125,10.13875,1.0,165.64625,2024,7,5,106.0,0,Peru_4005.csv
2024-07-06,4005,92.0,33.0,15.0,7.0,2.0,7.0,2,2,1,1,4,4,7,7,-0.3498648702648287,1.4532826266583831,0.60355276,3.888922,-7.2639065,0.48334667,21,2024-07-06,16.615000000000002,0.0,81.15125,14.4125,1.0,156.97375,2024,7,6,92.0,0,Peru_4005.csv
2024-07-07,4005,85.0,24.0,14.0,6.0,2.0,8.0,2,2,1,1,4,4,7,7,-1.271540789028426,0.3129602633191677,0.9986791,4.283981,-15.100016,-2.3151557,21,2024-07-07,15.873750000000001,0.0,86.3525,12.0675,1.0,173.47,2024,7,7,85.0,0,Peru_4005.csv
2024-07-08,4005,69.0,25.0,15.0,7.0,2.0,7.0,2,2,1,1,4,4,7,7,-1.874189405340253,-0.6128541095969107,1.0883057,5.3219733,-4.40685,-32.06574,21,2024-07-08,15.705,0.0,87.505,11.34625,1.0,174.65,2024,7,8,69.0,0,Peru_4005.csv
2024-07-09,4005,70.0,24.0,15.0,6.0,2.0,7.0,2,2,1,1,4,4,7,7,-1.879387338529508,-0.6637848363854033,1.0584036,5.3347564,-4.441656,-32.074253,21,2024-07-09,15.3925,0.0,87.95875,8.3525,1.0,176.21,2024,7,9,70.0,0,Peru_4005.csv
2024-07-10,4005,69.0,28.0,19.0,7.0,2.0,8.0,2,2,1,1,4,4,7,7,-0.8157831777263381,-0.6951000863493642,0.36738107,5.2539644,19.616783,-38.902996,21,2024-07-10,14.9925,0.0,85.20375,8.82375,1.0,174.75,2024,7,10,69.0,0,Peru_4005.csv
2024-07-11,4005,73.0,34.0,18.0,7.0,2.0,8.0,2,2,1,1,4,4,7,7,-0.5147354442165826,-0.08002295565301719,0.4180498,4.8505864,19.316776,-37.27203,21,2024-07-11,14.59875,0.0,84.375,9.06375,1.0,174.94375,2024,7,11,73.0,0,Peru_4005.csv
2024-07-12,4005,85.0,43.0,20.0,8.0,2.0,7.0,0,0,1,1,4,4,7,7,0.8514801314355211,1.3975736101596286,-0.6429126,3.8769395,74.97772,-0.33753493,21,2024-07-12,14.695,0.0,85.15,7.9750000000000005,1.0,191.85,2024,7,12,85.0,0,Peru_4005.csv
2024-07-13,4005,111.0,39.0,18.0,7.0,2.0,7.0,0,0,3,3,5,5,10,10,1.4883379659158054,3.0554857624985083,-1.3741965,2.1198683,55.589375,29.053415,21,2024-07-13,14.96125,0.0,84.8175,9.09,1.0,175.0,2024,7,13,111.0,0,Peru_4005.csv
2024-07-14,4005,105.0,23.0,15.0,6.0,2.0,8.0,2,2,1,1,4,4,7,7,-0.1559536017037492,1.6860117864810027,-1.1697333,2.17699,54.478188,32.521694,21,2024-07-14,14.50875,0.0,87.79125,9.5475,1.0,175.5425,2024,7,14,105.0,0,Peru_4005.csv
2024-07-15,4005,70.0,25.0,17.0,6.0,2.0,8.0,2,2,1,1,4,4,7,7,-1.331980110912163,-0.7969063039763602,0.69612813,5.360721,19.306206,-39.209663,21,2024-07-15,14.16625,0.0,86.52125,8.54875,1.0,181.2825,2024,7,15,70.0,0,Peru_4005.csv
2024-07-16,4005,70.0,34.0,19.0,6.0,2.0,8.0,2,2,1,1,4,4,7,7,-0.4572368866559175,-0.39509244592203674,0.25401825,5.052554,19.784422,-37.86665,21,2024-07-16,14.495,0.0,85.81625,6.3375,1.0,202.1875,2024,7,16,70.0,0,Peru_4005.csv
2024-07-17,4005,86.0,33.0,18.0,7.0,2.0,8.0,2,2,1,1,4,4,7,7,0.059910630291393964,0.8109662038528734,0.4708815,4.1946635,15.597333,-36.2911,21,2024-07-17,14.54375,0.0,84.75,7.5175,1.0,172.445,2024,7,17,86.0,0,Peru_4005.csv
2024-07-18,4005,85.0,47.0,19.0,7.0,2.0,8.0,0,0,1,1,4,4,7,7,0.9427344273556587,1.4157525844885737,-0.533042,3.8387508,74.599075,-0.25709274,21,2024-07-18,14.5325,0.0,82.1025,10.18,1.0,162.65,2024,7,18,85.0,0,Peru_4005.csv
2024-07-19,4005,118.0,34.0,10.2,6.0,3.8,8.8,0,0,3,3,5,5,10,10,0.4611560697271474,2.96374175636145,-1.1704323,1.4005243,54.916847,40.27614,21,2024-07-19,14.2925,0.0,85.27375,11.868749999999999,1.0,171.5525,2024,7,19,118.0,0,Peru_4005.csv
2024-07-20,4005,90.0,28.0,5.8,6.0,2.8,8.8,2,2,1,1,1,1,3,3,-2.276457951718482,0.8703001352913374,1.9978589,3.6799414,-30.16201,10.524264,21,2024-07-20,14.059999999999999,0.0,85.55375,13.0075,1.0,159.225,2024,7,20,90.0,0,Peru_4005.csv
2024-07-21,4005,74.0,27.0,17.8,6.0,8.4,14.0,2,2,1,1,4,4,7,7,0.8139956329177152,-2.0346900621589024,3.659449,-3.3637044,20.111029,-67.67222,21,2024-07-21,14.5125,0.0,84.66625,10.96375,1.0,171.34875,2024,7,21,74.0,0,Peru_4005.csv
2024-07-22,4005,73.0,35.0,8.4,6.0,3.4,13.2,2,2,1,1,1,1,3,3,-1.7057044612141856,-0.7381078719389884,4.626596,3.566268,-23.333864,-74.13466,21,2024-07-22,14.629999999999999,0.0,83.23625,8.955,1.0,158.01625,2024,7,22,73.0,0,Peru_4005.csv
2024-07-23,4005,87.0,40.0,13.8,6.0,5.4,8.2,2,2,1,1,4,4,9,9,0.2474675500989517,0.8105660284995782,0.82999086,3.433308,-3.9940996,1.1832038,21,2024-07-23,14.54,0.0,85.97125,8.82625,1.0,165.45875,2024,7,23,87.0,0,Peru_4005.csv
2024-07-24,4005,103.0,22.0,14.0,6.0,6.4,11.8,2,2,1,1,4,4,9,9,0.6228363008585238,0.45387983717732344,0.62733436,3.8402495,53.664192,-5.1160226,21,2024-07-24,14.65,0.0,87.12875,8.28875,1.0,189.58375,2024,7,24,103.0,0,Peru_4005.csv
2024-07-25,4005,65.0,24.0,13.6,6.0,9.8,3.0,2,2,1,1,4,4,9,9,-1.3497254258362734,-1.4364510239512889,5.0636797,1.6443754,-7.7593,-52.263477,21,2024-07-25,14.9175,0.0,85.26625,7.59,1.0,201.70875,2024,7,25,65.0,0,Peru_4005.csv
2024-07-26,4005,69.0,30.0,11.4,6.0,5.2,2.8,2,2,1,1,1,1,3,3,-2.14160468545119,-0.18659151731739143,2.3762832,5.0519605,-35.521294,-12.441044,21,2024-07-26,14.89,0.0,85.94375,7.92375,1.0,175.22375,2024,7,26,69.0,0,Peru_4005.csv
2024-07-27,4005,81.0,34.0,10.8,7.0,3.2,6.0,2,2,1,1,4,4,9,9,-1.5545475227119054,0.7937889010312354,1.7813945,3.9282227,-10.612579,0.12998201,21,2024-07-27,14.98625,0.0,85.33625,6.6625,1.0,193.9625,2024,7,27,81.0,0,Peru_4005.csv
2024-07-28,4005,94.0,27.0,16.6,7.0,8.0,5.4,2,2,1,1,4,4,7,7,0.7029439342524496,0.7175314216624763,0.32945165,2.877401,15.102763,-25.639408,21,2024-07-28,14.8925,0.0,86.40125,7.38875,1.0,189.01,2024,7,28,94.0,0,Peru_4005.csv
2024-07-29,4005,81.0,35.0,13.8,7.0,6.0,2.0,2,2,1,1,4,4,9,9,-0.7396308478350885,0.9532308698981292,1.1701394,3.7620578,-3.9907985,-19.191887,21,2024-07-29,14.88875,0.0,86.115,7.14,1.0,219.25375,2024,7,29,81.0,0,Peru_4005.csv
2024-07-30,4005,100.0,37.0,13.6,7.0,8.6,16.0,0,0,3,3,4,4,9,9,1.9463073923939371,0.23294042809110765,2.442519,-2.9656956,54.647915,-3.9886951,21,2024-07-30,15.52875,0.0,85.015,8.51625,1.0,166.975,2024,7,30,100.0,0,Peru_4005.csv
2024-07-31,4005,105.0,31.0,15.2,8.0,9.0,12.8,0,0,3,3,4,4,9,9,1.9920954380201816,0.7058506915370042,2.4609864,-2.7687302,53.63774,-4.5093093,21,2024-07-31,15.30875,0.0,85.80625,8.192499999999999,1.0,181.08875,2024,7,31,105.0,0,Peru_4005.csv
2024-08-01,4005,89.0,42.0,14.0,8.0,12.2,6.2,0,0,1,1,4,4,9,9,1.543078943551328,0.6098021429936799,3.3464441,-0.087864526,42.93949,-18.02082,21,2024-08-01,15.53125,0.0,85.32125,9.321250000000001,1.0,180.135,2024,8,1,89.0,0,Peru_4005.csv
2024-08-02,4005,111.0,27.0,14.0,7.0,3.0,8.0,0,0,3,3,4,4,7,7,0.3196580009214208,2.2930662195671165,-1.1858947,2.090489,54.79153,33.01153,21,2024-08-02,15.135,0.0,85.81875,13.90625,1.0,166.34375,2024,8,2,111.0,0,Peru_4005.csv
2024-08-03,4005,79.0,17.0,14.0,6.0,1.0,8.0,2,2,1,1,4,4,7,7,-2.105143699962181,-0.3466093536407892,1.2008572,4.7218566,-10.56824,-13.952663,21,2024-08-03,14.96,0.0,85.32375,11.25125,1.0,173.3025,2024,8,3,79.0,0,Peru_4005.csv
2024-08-04,4005,59.0,23.0,14.0,7.0,1.0,8.0,2,2,1,1,1,1,3,3,-2.755942253346549,-1.420496073405083,1.4410264,5.7462354,-4.889076,-36.46434,21,2024-08-04,14.95125,0.0,85.85375,8.973749999999999,1.0,170.79625,2024,8,4,59.0,0,Peru_4005.csv
2024-08-05,4005,72.0,17.0,14.0,6.0,1.0,8.0,2,2,1,1,4,4,7,7,-2.4425487692461396,-0.8533679577673916,1.1561561,5.2765183,-5.6631327,-31.570333,21,2024-08-05,15.1,0.0,87.25,10.612499999999999,1.0,173.75,2024,8,5,72.0,0,Peru_4005.csv
2024-08-06,4005,57.0,7.0,13.0,6.0,1.0,8.0,2,2,1,1,1,1,3,3,-3.888730476522744,-2.4159236098263444,5.4899354,4.3004117,-38.805725,-71.19331,21,2024-08-06,14.85125,0.0,86.605,12.72375,1.0,172.785,2024,8,6,57.0,0,Peru_4005.csv
2024-08-07,4005,30.0,8.0,17.0,7.0,1.0,8.0,2,2,1,1,1,1,3,3,-4.32260720989966,-4.346024810450993,6.722798,3.755781,-49.0905,-73.28306,21,2024-08-07,14.46875,0.0,87.7975,10.095,1.0,199.0925,2024,8,7,30.0,0,Peru_4005.csv
2024-08-08,4005,30.0,12.0,17.0,7.0,1.0,8.0,2,2,1,1,1,1,3,3,-4.114753360175009,-4.145488623590928,6.708146,3.7678175,-49.11386,-73.28899,21,2024-08-08,14.682500000000001,0.0,85.7625,9.06625,1.0,266.285,2024,8,8,30.0,0,Peru_4005.csv
2024-08-09,4005,44.0,48.6,19.0,7.0,1.0,8.0,2,2,1,1,4,4,7,7,-1.1310081427937637,-1.3464574039848085,0.09909166,6.728937,-4.342114,-67.32815,21,2024-08-09,14.3825,0.0,86.97875,8.70375,1.0,181.2125,2024,8,9,48.6,0,Peru_4005.csv
2024-08-10,4005,75.8,39.0,17.0,7.0,1.0,7.0,2,2,1,1,4,4,7,7,-0.5925179621205174,0.6576434377433009,0.40589842,4.716998,19.113184,-36.30407,21,2024-08-10,14.16375,0.0,87.42375,9.571250000000001,1.0,177.55625,2024,8,10,75.8,0,Peru_4005.csv
2024-08-11,4005,107.0,25.0,15.0,6.0,1.0,8.0,0,0,3,3,4,4,7,7,-0.13627934676760625,2.0568017029585848,-1.1621583,2.1544285,54.518623,32.50853,21,2024-08-11,14.11,0.0,87.58875,7.93375,1.0,183.11124999999998,2024,8,11,107.0,0,Peru_4005.csv
2024-08-12,4005,75.0,27.0,15.0,7.0,1.0,8.0,2,2,1,1,4,4,7,7,-1.573340552831796,-0.08635056881488548,0.94284457,5.038919,-3.9609895,-30.9271,21,2024-08-12,14.09125,0.0,85.04625,7.49875,1.0,186.14625,2024,8,12,75.0,0,Peru_4005.csv
2024-08-13,4005,74.0,40.0,17.0,7.0,1.0,8.0,2,2,1,1,4,4,7,7,-0.5389441510217757,0.4436053968053762,0.3973764,4.7477164,19.038843,-36.41296,21,2024-08-13,14.4175,0.0,84.61,9.0825,1.0,173.855,2024,8,13,74.0,0,Peru_4005.csv
2024-08-14,4005,107.0,46.0,16.0,7.0,1.0,8.0,0,0,3,3,5,5,10,10,1.1599247002126774,3.158111397111767,-1.2203224,2.0578976,55.22792,28.16568,21,2024-08-14,14.81,0.0,83.985,10.883750000000001,1.0,174.53,2024,8,14,107.0,0,Peru_4005.csv
2024-08-15,4005,121.0,39.0,14.0,7.0,1.0,8.0,0,0,3,3,5,5,10,10,1.063918599984257,3.8700830843410916,-1.4138517,1.5090035,55.20121,35.630165,21,2024-08-15,14.5875,0.0,84.50875,11.7525,1.0,170.5625,2024,8,15,121.0,0,Peru_4005.csv
2024-08-16,4005,102.0,26.0,15.0,7.0,1.0,8.0,2,2,1,1,4,4,7,7,-0.3238843200180495,1.818156104124107,-1.1553601,2.2614315,54.473038,32.2157,21,2024-08-16,14.2875,0.0,85.03125,10.0025,1.0,170.76125,2024,8,16,102.0,0,Peru_4005.csv
2024-08-17,4005,73.0,33.0,16.0,7.0,1.0,8.0,2,2,1,1,4,4,7,7,-1.154425210932089,0.0449692558547783,0.490993,4.761942,18.651892,-36.999775,21,2024-08-17,14.69125,0.0,81.7775,9.7575,1.0,159.11,2024,8,17,73.0,0,Peru_4005.csv
2024-08-18,4005,90.0,31.0,15.0,6.8,1.0,8.0,2,2,1,1,4,4,7,7,-0.6427628185472527,1.1854589701214808,0.6109337,3.9769254,-7.3758197,0.5310768,21,2024-08-18,14.665,0.0,85.0475,10.133750000000001,1.0,171.98375000000001,2024,8,18,90.0,0,Peru_4005.csv
2024-08-19,4005,88.0,32.0,14.0,8.8,1.0,8.0,2,2,1,1,4,4,7,7,-0.8878663568749529,1.2618828491359337,0.6880933,4.0181394,-7.405289,0.9855105,21,2024-08-19,14.8375,0.0,85.54875,12.1575,1.0,167.81,2024,8,19,88.0,0,Peru_4005.csv
2024-08-20,4005,91.0,30.0,16.0,7.0,1.0,8.0,2,2,1,1,4,4,7,7,-0.4427024748557673,1.1976608753759097,0.54164356,3.9900174,-7.352342,0.39797118,21,2024-08-20,15.24875,0.0,85.23875,10.411249999999999,1.0,178.34,2024,8,20,91.0,0,Peru_4005.csv
2024-08-21,4005,84.0,26.0,16.0,7.0,1.0,8.0,2,2,1,1,4,4,7,7,-0.9879614523551953,0.4903658701753109,0.6063327,4.284093,15.531944,-35.309402,21,2024-08-21,15.26375,0.0,85.8525,10.65625,1.0,201.035,2024,8,21,84.0,0,Peru_4005.csv
2024-08-22,4005,74.0,19.0,17.0,7.0,1.0,8.0,2,2,1,1,4,4,7,7,-1.630176926019155,-0.6092098541387595,0.8143501,5.3097153,-4.73219,-31.240799,21,2024-08-22,15.6125,0.0,82.85,11.08125,1.0,211.45125,2024,8,22,74.0,0,Peru_4005.csv
2024-08-23,4005,62.0,23.0,18.0,7.0,1.0,8.0,2,2,1,1,4,4,7,7,-1.7971958399743273,-1.3020991498768244,0.6493252,5.635829,5.563899,-63.497635,21,2024-08-23,14.62125,0.0,85.885,8.5525,1.0,192.88,2024,8,23,62.0,0,Peru_4005.csv
2024-08-24,4005,68.0,28.0,18.0,8.0,1.0,8.0,2,2,1,1,4,4,7,7,-1.2467388008673774,-0.5438734125179626,0.42285025,5.260557,19.59656,-38.987762,21,2024-08-24,14.585,0.0,84.98375,7.1875,1.0,241.56625,2024,8,24,68.0,0,Peru_4005.csv
2024-08-25,4005,82.0,38.0,15.0,8.0,1.0,8.0,2,2,1,1,4,4,7,7,-0.6629020438512284,1.0450736084484484,0.63626987,4.0113907,-6.1314774,2.0979862,21,2024-08-25,16.005,0.0,80.79125,8.34,1.0,178.89125,2024,8,25,82.0,0,Peru_4005.csv
2024-08-26,4005,105.0,37.0,14.0,7.0,1.0,8.0,0,0,3,3,5,5,11,11,0.1887799458386355,2.6115093017735207,-1.0685539,2.0049155,54.09454,30.524118,21,2024-08-26,16.36,0.0,81.45375,12.70375,1.0,176.56625,2024,8,26,105.0,0,Peru_4005.csv
2024-08-27,4005,96.0,31.0,15.0,7.0,1.0,8.0,2,2,1,1,4,4,7,7,-0.3532714176242294,1.6344617107402368,0.5599293,3.8469515,-7.3093066,0.24081749,21,2024-08-27,15.18375,0.0,86.41125,8.685,1.0,195.3475,2024,8,27,96.0,0,Peru_4005.csv
2024-08-28,4005,83.0,25.0,17.0,7.0,1.0,8.0,2,2,1,1,4,4,7,7,-0.8845895768008448,0.34314135291758074,0.5800323,4.375768,15.517365,-35.339954,21,2024-08-28,14.59875,0.0,86.7825,10.2225,1.0,170.82999999999998,2024,8,28,83.0,0,Peru_4005.csv
2024-08-29,4005,72.0,18.0,15.0,7.0,1.0,8.0,2,2,1,1,4,4,7,7,-2.1856139241271175,-0.7547393953895977,1.0109893,5.285873,-5.23836,-31.494907,21,2024-08-29,14.82375,0.0,86.385,13.39625,1.0,164.6675,2024,8,29,72.0,0,Peru_4005.csv
2024-08-30,4005,59.0,26.0,16.0,7.0,1.0,8.0,2,2,1,1,4,4,7,7,-2.1929797224490883,-1.3194865501312443,0.9299416,5.753797,5.3958178,-63.538067,21,2024-08-30,14.79125,0.0,85.8275,10.56125,1.0,167.47875,2024,8,30,59.0,0,Peru_4005.csv
2024-08-31,4005,73.0,32.0,17.0,8.0,1.0,8.0,2,2,1,1,4,4,7,7,-1.0014173425037587,0.04332962450863916,0.46905184,4.908562,18.876497,-37.301254,21,2024-08-31,14.7975,0.0,85.23,7.8637500000000005,1.0,204.16125,2024,8,31,73.0,0,Peru_4005.csv
2024-09-01,4005,84.0,30.0,17.0,7.0,2.0,8.0,2,2,1,1,4,4,7,7,-0.39591731678345105,0.5404722255896488,0.486118,4.2595563,15.845484,-35.9038,21,2024-09-01,14.67375,0.0,85.01875,7.28,1.0,188.27625,2024,9,1,84.0,0,Peru_4005.csv
2024-09-02,4005,87.0,31.0,13.0,7.0,20.0,7.0,2,2,1,1,4,4,9,9,2.1499081215822304,-1.2227670586914692,4.339811,-0.6939485,58.264603,-26.629868,21,2024-09-02,14.705,0.0,86.63,9.1525,1.0,179.98874999999998,2024,9,2,87.0,0,Peru_4005.csv
2024-09-03,4005,86.0,50.2,12.0,7.0,4.0,3.0,2,2,1,1,4,4,11,11,-0.3480840709883007,2.2392969258942266,1.1774192,2.7009027,-2.37312,9.553327,21,2024-09-03,14.54,0.0,87.56875,9.96875,1.0,185.20875,2024,9,3,86.0,0,Peru_4005.csv
2024-09-04,4005,81.0,47.6,13.0,7.0,3.0,3.0,2,2,1,1,4,4,11,11,-0.7013109740343614,1.8480150275860454,1.2945013,2.7673678,2.3723729,8.4923315,21,2024-09-04,14.535,0.0,85.3825,9.0175,1.0,190.36875,2024,9,4,81.0,0,Peru_4005.csv
2024-09-05,4005,81.0,47.6,13.0,7.0,3.0,3.0,2,2,1,1,4,4,11,11,-0.7013109740343614,1.8480150275860454,1.2577969,2.7219028,2.3723729,8.4923315,21,2024-09-05,14.55375,0.0,85.9475,8.18875,1.0,256.1675,2024,9,5,81.0,0,Peru_4005.csv
2024-09-06,4005,71.2,35.4,13.0,8.0,3.0,3.0,2,2,1,1,4,4,3,3,-1.806197078267068,0.600108147558206,1.3489285,4.977932,-6.091842,-25.736412,21,2024-09-06,14.68,0.0,85.9575,8.0975,1.0,177.78625,2024,9,6,71.2,0,Peru_4005.csv
2024-09-07,4005,66.6,56.6,14.0,8.0,3.0,3.0,2,2,1,1,4,4,11,11,-0.7227588980265949,1.3052410271549582,2.2251244,2.1471236,9.888952,11.879073,21,2024-09-07,15.38875,0.0,84.99875,9.07375,1.0,182.01,2024,9,7,66.6,0,Peru_4005.csv
2024-09-08,4005,71.2,35.4,13.0,8.0,3.0,3.0,2,2,1,1,4,4,3,3,-1.806197078267068,0.600108147558206,1.3923258,4.993213,-6.091842,-25.736412,21,2024-09-08,15.4875,0.0,86.73,8.682500000000001,1.0,175.72,2024,9,8,71.2,0,Peru_4005.csv
2024-09-09,4005,72.6,53.2,11.0,7.0,3.0,3.0,2,2,1,1,4,4,11,11,-1.222273713424836,1.570048139533131,2.1437643,2.4368644,0.24546999,6.0996566,21,2024-09-09,15.61625,0.0,87.55625,8.7375,1.0,176.9925,2024,9,9,72.6,0,Peru_4005.csv
2024-09-10,4005,92.2,45.0,12.0,8.0,3.0,3.0,0,0,3,3,4,4,11,11,-0.4986685254082624,2.6263675760342537,0.5968399,2.4970539,-1.9665099,13.13948,21,2024-09-10,15.57375,0.0,86.43125,10.06875,1.0,168.355,2024,9,10,92.2,0,Peru_4005.csv
2024-09-11,4005,97.0,34.0,11.0,7.0,3.0,3.0,2,2,1,1,4,4,11,11,-1.0438744580395602,2.373890164657662,0.9341112,3.5062046,-17.004591,6.165545,21,2024-09-11,15.48375,0.0,86.615,10.92625,1.0,175.5425,2024,9,11,97.0,0,Peru_4005.csv
2024-09-12,4005,82.0,37.0,12.0,7.0,4.0,3.0,2,2,1,1,4,4,9,9,-1.2268048049553175,1.2879509676483862,1.2077379,3.8287084,-7.8266044,5.6190257,21,2024-09-12,15.6425,0.0,85.14125,8.885,1.0,189.09625,2024,9,12,82.0,0,Peru_4005.csv
2024-09-13,4005,81.0,45.0,13.0,8.0,4.0,3.0,2,2,1,1,4,4,9,9,-0.6543264763234726,1.6651237616196795,1.273261,2.673688,3.0023413,8.319958,21,2024-09-13,15.60125,0.0,85.49625,9.61875,1.0,179.50875,2024,9,13,81.0,0,Peru_4005.csv
2024-09-14,4005,106.0,40.0,14.0,9.0,4.0,3.0,0,0,3,3,5,5,11,11,0.4958457265510587,3.2728002988556777,-0.8086813,1.8835037,50.143654,34.360935,21,2024-09-14,15.915,0.0,83.895,8.248750000000001,1.0,218.9875,2024,9,14,106.0,0,Peru_4005.csv
2024-09-15,4005,93.0,25.0,12.0,8.0,3.0,3.0,2,2,1,1,4,4,7,7,-1.4993773338201863,1.6816016309368422,1.0063064,3.9118621,-16.038944,3.7702744,21,2024-09-15,15.62375,0.0,84.75875,6.8875,1.0,245.91,2024,9,15,93.0,0,Peru_4005.csv
2024-09-16,4005,67.0,27.0,13.0,8.0,3.0,3.0,2,2,1,1,4,4,3,3,-2.445133290896587,-0.12507321172654384,1.5865424,5.5525084,-1.5231717,-33.574005,21,2024-09-16,15.7775,0.0,83.8325,7.55,1.0,233.73499999999999,2024,9,16,67.0,0,Peru_4005.csv
2024-09-17,4005,75.0,26.0,12.0,8.0,3.0,3.0,2,2,1,1,4,4,3,3,-2.3150269113275743,0.4286420138181766,2.0708637,5.007744,-33.70988,-9.404077,21,2024-09-17,15.475,0.0,84.8125,10.532499999999999,1.0,173.12,2024,9,17,75.0,0,Peru_4005.csv
2024-09-18,4005,74.0,26.0,11.0,8.0,3.0,3.0,2,2,1,1,1,1,3,3,-2.5667637495706286,0.3809442619998372,2.2108858,4.9878616,-33.979927,-9.081984,21,2024-09-18,15.32375,0.0,84.79625,10.575,1.0,181.31125,2024,9,18,74.0,0,Peru_4005.csv
2024-09-19,4005,75.0,26.0,11.0,8.0,3.0,3.0,2,2,1,1,4,4,3,3,-2.518562915007144,0.4533383723899821,2.190785,4.980581,-33.938946,-9.10046,21,2024-09-19,15.425,0.0,83.83500000000001,12.70625,1.0,172.89125,2024,9,19,75.0,0,Peru_4005.csv
2024-09-20,4005,74.0,27.0,11.0,8.0,3.0,3.0,2,2,1,1,1,1,3,3,-2.514800243321762,0.43107831489431747,2.2212167,4.970351,-33.97647,-8.9578905,21,2024-09-20,15.36,0.0,84.64125,9.0725,1.0,189.4675,2024,9,20,74.0,0,Peru_4005.csv
2024-09-21,4005,70.0,26.0,11.0,8.0,4.0,3.0,2,2,1,1,1,1,3,3,-2.5789123978465107,-0.03436569161522547,2.443475,5.1339426,-50.602604,-19.143406,21,2024-09-21,15.99625,0.0,82.0375,8.6325,1.0,182.025,2024,9,21,70.0,0,Peru_4005.csv
2024-09-22,4005,72.0,24.0,10.0,8.0,4.0,3.0,2,2,1,1,1,1,3,3,-2.789973950416855,0.034850673396907415,2.6611245,5.1763935,-51.12057,-18.62794,21,2024-09-22,15.987499999999999,0.0,82.87625,10.1225,1.0,178.23375,2024,9,22,72.0,0,Peru_4005.csv
2024-09-23,4005,72.0,21.0,9.0,8.0,4.0,3.0,2,2,1,1,1,1,3,3,-3.1494003199644913,-0.09085510080503666,2.7985208,5.249483,-51.498463,-18.187975,21,2024-09-23,15.9925,0.0,85.0575,11.135,1.0,173.4125,2024,9,23,72.0,0,Peru_4005.csv
2024-09-24,4005,66.0,18.0,9.0,8.0,4.0,3.0,2,2,1,1,1,1,3,3,-3.5944951243356575,-0.6756218043338501,3.1005402,5.510124,-59.64441,-28.16955,21,2024-09-24,15.74375,0.0,87.85625,11.2325,1.0,178.51125,2024,9,24,66.0,0,Peru_4005.csv
2024-09-25,4005,60.0,20.0,10.0,8.0,4.0,3.0,2,2,1,1,1,1,3,3,-3.576236613343752,-1.034414668473967,3.1725125,5.584569,-58.89681,-28.441187,21,2024-09-25,15.705,0.0,87.475,11.44,1.0,193.84375,2024,9,25,60.0,0,Peru_4005.csv
2024-09-26,4005,65.0,21.0,11.0,8.0,4.0,3.0,2,2,1,1,1,1,3,3,-3.0797332558894333,-0.6470064672463616,2.6536846,5.55265,-52.386402,-22.037617,21,2024-09-26,15.545,0.0,86.11,8.9475,1.0,213.72875,2024,9,26,65.0,0,Peru_4005.csv
2024-09-27,4005,67.0,25.0,10.0,8.0,5.0,3.0,2,2,1,1,1,1,3,3,-2.798360017564747,-0.40271923495497813,2.8209138,5.2829013,-52.178,-21.231237,21,2024-09-27,16.505,0.0,82.86875,8.92375,1.0,182.53375,2024,9,27,67.0,0,Peru_4005.csv
2024-09-28,4005,78.0,22.0,11.0,8.0,4.0,3.0,2,2,1,1,4,4,3,3,-2.4011604382208764,0.3442508571156739,2.1170743,4.959099,-33.649395,-9.737139,21,2024-09-28,15.76,0.0,86.995,10.0125,1.0,177.98375,2024,9,28,78.0,0,Peru_4005.csv
2024-09-29,4005,72.0,24.0,9.0,8.0,5.0,3.0,2,2,1,1,1,1,3,3,-2.812855790026627,-0.0661864737243257,2.8052704,5.2147202,-51.368347,-18.420382,21,2024-09-29,16.83375,0.0,82.75,12.52875,1.0,162.95875,2024,9,29,72.0,0,Peru_4005.csv
2024-09-30,4005,78.0,16.0,9.0,8.0,4.0,3.0,2,2,1,1,1,1,3,3,-3.1200133563671835,0.09283919039177774,2.6071754,4.937836,-51.6557,-16.77264,21,2024-09-30,16.3875,0.0,84.98875000000001,14.1725,1.0,160.41125,2024,9,30,78.0,0,Peru_4005.csv
2024-10-01,4005,59.0,21.0,8.0,8.0,4.0,3.0,2,2,1,1,1,1,3,3,-3.9795459237938933,-1.0072819603700656,3.6680355,5.364999,-60.340443,-29.068117,21,2024-10-01,16.6125,0.0,85.80125,11.813749999999999,1.0,175.30625,2024,10,1,59.0,0,Peru_4005.csv
2024-10-02,4005,70.0,21.0,9.0,8.0,5.0,3.0,2,2,1,1,1,1,3,3,-3.0651476162032982,-0.36137681033750213,2.9107463,5.3257966,-51.564762,-18.417618,21,2024-10-02,16.26625,0.0,87.96375,8.60125,1.0,190.35375,2024,10,2,70.0,0,Peru_4005.csv
2024-10-03,4005,71.0,29.0,11.0,10.0,12.0,3.0,2,2,1,1,4,4,9,9,-0.9267172390426394,-0.6710561751881813,4.5540457,1.4287361,1.2307941,-21.83231,21,2024-10-03,17.1875,0.0,81.86,9.86375,1.0,179.7225,2024,10,3,71.0,0,Peru_4005.csv
2024-10-04,4005,89.0,22.0,10.0,9.0,10.2,3.0,2,2,1,1,4,4,9,9,-0.9529971844059993,0.4589250491254835,2.0763218,3.1071534,-11.732788,11.940635,21,2024-10-04,17.855,0.0,79.92125,9.065,1.0,180.5725,2024,10,4,89.0,0,Peru_4005.csv
2024-10-05,4005,71.0,27.0,9.0,9.0,10.8,3.0,2,2,1,1,1,1,3,3,-1.655936492422278,-0.6442421316713489,4.74397,1.8179731,-33.34443,-35.811085,21,2024-10-05,17.3475,0.0,77.78625,8.765,1.0,194.77625,2024,10,5,71.0,0,Peru_4005.csv
2024-10-06,4005,85.0,35.0,9.0,10.0,8.2,3.0,2,2,1,1,4,4,9,9,-1.0336842017275043,1.170445787390693,2.4245567,2.592447,-2.1908646,-14.16303,21,2024-10-06,16.76625,0.0,81.76625,8.27875,1.0,194.975,2024,10,6,85.0,0,Peru_4005.csv
2024-10-07,4005,104.0,20.0,9.0,8.0,6.0,3.0,2,2,1,1,4,4,9,9,-1.2976321585933062,1.92415476514924,1.3148133,3.7804515,-23.627972,7.0344634,21,2024-10-07,17.03625,0.0,80.40125,12.62,1.0,170.7975,2024,10,7,104.0,0,Peru_4005.csv
2024-10-08,4005,69.0,15.0,7.0,8.0,7.0,3.0,2,2,1,1,1,1,3,3,-3.470892947826563,-0.9366496482741042,3.8306267,5.2724447,-59.195393,-32.242596,21,2024-10-08,16.48625,0.0,83.8125,13.81875,1.0,166.53625,2024,10,8,69.0,0,Peru_4005.csv
2024-10-09,4005,55.0,17.0,8.0,8.0,8.0,3.0,2,2,1,1,1,1,3,3,-3.657586041952001,-2.000328934417535,5.7195964,3.1120174,-36.349716,-54.065666,21,2024-10-09,16.9225,0.0,85.58375,10.8075,1.0,193.69875,2024,10,9,55.0,0,Peru_4005.csv
2024-10-10,4005,60.0,23.0,9.0,9.0,9.0,3.0,2,2,1,1,1,1,3,3,-2.7191759421313653,-1.4147930669337139,5.271948,2.5846283,-39.48007,-52.294235,21,2024-10-10,16.6625,0.0,86.03125,9.0925,1.0,203.74,2024,10,10,60.0,0,Peru_4005.csv
2024-10-11,4005,76.0,24.0,9.0,9.0,11.0,3.0,2,2,1,1,4,4,9,9,-1.5346923721344916,-0.4578205464373912,4.6844053,1.5837982,2.125765,-22.886604,21,2024-10-11,16.4675,0.0,84.34875,8.3875,1.0,201.20374999999999,2024,10,11,76.0,0,Peru_4005.csv
2024-10-12,4005,76.0,24.0,10.0,9.0,12.0,3.0,2,2,1,1,4,4,9,9,-1.1505021808396856,-0.6082503890232969,4.667662,1.543973,2.1935136,-22.872316,21,2024-10-12,17.34875,0.0,77.3125,8.895,1.0,192.30125,2024,10,12,76.0,0,Peru_4005.csv
2024-10-13,4005,77.0,17.0,9.0,9.0,13.0,3.0,2,2,1,1,4,4,9,9,-1.488927603124138,-0.9878319902208988,4.7706857,1.5944442,1.733222,-23.458841,21,2024-10-13,17.54375,0.0,78.68375,11.005,1.0,180.84875,2024,10,13,77.0,0,Peru_4005.csv
2024-10-14,4005,62.0,17.0,8.0,8.0,15.0,3.0,2,2,1,1,1,1,3,3,-2.055601429387554,-2.373704896429391,5.6847672,1.7263047,-25.559101,-50.779186,21,2024-10-14,17.11625,0.0,82.02125000000001,10.807500000000001,1.0,180.64625,2024,10,14,62.0,0,Peru_4005.csv
2024-10-15,4005,61.0,17.0,9.0,8.0,22.0,3.0,2,2,1,1,1,1,9,9,-0.6356866644833634,-3.350930236545431,5.847748,1.0904585,-23.930113,-53.657562,21,2024-10-15,16.78,0.0,84.1975,9.495,1.0,184.6875,2024,10,15,61.0,0,Peru_4005.csv
2024-10-16,4005,61.0,19.0,9.0,8.0,23.0,3.0,2,2,1,1,1,1,9,9,-0.3511054665144093,-3.3763955563900745,5.84234,1.0369897,-23.824083,-53.69384,21,2024-10-16,16.6425,0.0,83.66625,13.53375,1.0,173.5225,2024,10,16,61.0,0,Peru_4005.csv
2024-10-17,4005,68.0,17.0,9.0,8.0,6.4,3.0,2,2,1,1,1,1,3,3,-3.116487140598628,-0.8827282569859666,3.4715276,5.362572,-59.23144,-31.307755,21,2024-10-17,16.27375,0.0,83.89625000000001,11.885,1.0,181.78125,2024,10,17,68.0,0,Peru_4005.csv
2024-10-18,4005,61.0,25.0,9.0,9.0,4.0,3.0,2,2,1,1,1,1,3,3,-3.4703192977932567,-0.6134631076920086,3.5141494,5.302529,-57.851376,-27.500937,21,2024-10-18,16.52625,0.0,81.9275,10.40875,1.0,184.03,2024,10,18,61.0,0,Peru_4005.csv
2024-10-19,4005,81.0,48.8,11.4,8.0,9.8,18.0,2,2,1,1,4,4,9,9,1.5908468428819873,-0.8420484026431605,2.5243394,-2.2202322,5.776074,-50.30679,21,2024-10-19,16.67625,0.0,83.59375,10.21125,1.0,178.2975,2024,10,19,81.0,0,Peru_4005.csv
2024-10-20,4005,76.26329315845445,39.0951871657754,11.939310035171744,12.942866095675788,8.522758485383559,9.978580024067387,2,2,1,1,4,4,9,9,0.03549621024003731,-0.08868490030010638,18.058807,-0.26648843,-13.194237,61.20619,21,2024-10-20,16.767500000000002,0.0,84.5425,10.59375,1.0,176.67000000000002,2024,10,20,76.26329315845445,0,Peru_4005.csv
2024-10-21,4005,76.26329315845445,39.0951871657754,11.939310035171744,12.942866095675788,8.522758485383559,9.978580024067387,2,2,1,1,4,4,9,9,0.03549621024003731,-0.08868490030010638,18.630041,0.28516823,-13.194237,61.20619,21,2024-10-21,18.32125,0.0,75.11,13.6775,1.0,158.29,2024,10,21,76.26329315845445,0,Peru_4005.csv
2024-10-22,4005,39.8,13.0,5.0,9.0,4.0,3.0,2,2,1,1,1,1,3,3,-5.929880615071451,-2.6510413721748702,5.8467875,5.1570067,-67.32382,-57.4711,21,2024-10-22,17.78875,0.0,81.515,13.1025,1.0,170.27,2024,10,22,39.8,0,Peru_4005.csv
2024-10-23,4005,50.0,17.0,6.0,9.0,3.0,3.0,2,2,1,1,1,1,3,3,-5.207497414296218,-1.6110480587439104,5.091505,5.4916525,-67.95923,-46.576714,21,2024-10-23,17.765,0.0,83.76375,10.55125,1.0,180.885,2024,10,23,50.0,0,Peru_4005.csv
2024-10-24,4005,61.0,18.0,5.0,8.0,3.0,3.0,2,2,1,1,1,1,3,3,-4.830297171988335,-0.8130732348017834,4.4597564,5.4225245,-66.1773,-34.23816,21,2024-10-24,17.525,0.0,85.17875000000001,10.4475,1.0,183.63125,2024,10,24,61.0,0,Peru_4005.csv
2024-10-25,4005,63.0,14.0,6.0,8.0,3.0,3.0,2,2,1,1,1,1,3,3,-4.738213491318151,-0.8935176780414137,4.370245,5.5257554,-66.13823,-33.48349,21,2024-10-25,17.15375,0.0,84.78,10.3325,1.0,191.375,2024,10,25,63.0,0,Peru_4005.csv
2024-10-26,4005,51.0,16.0,8.0,8.0,3.0,3.0,2,2,1,1,1,1,3,3,-4.805623353329814,-1.711371561963834,5.0619745,5.4238243,-66.12584,-46.589855,21,2024-10-26,16.9175,0.0,83.875,8.99375,1.0,188.4275,2024,10,26,51.0,0,Peru_4005.csv
2024-10-27,4005,57.0,15.0,7.0,8.0,3.0,3.0,2,2,1,1,1,1,3,3,-4.771918430952589,-1.3024446089624993,4.8125696,5.5037427,-68.9313,-45.053738,21,2024-10-27,16.76125,0.0,83.11500000000001,12.8425,1.0,171.29125,2024,10,27,57.0,0,Peru_4005.csv
2024-10-28,4005,55.0,16.0,7.0,8.0,3.0,3.0,2,2,1,1,1,1,3,3,-4.816356475746937,-1.397098785191728,4.840661,5.4862294,-68.77554,-45.201515,21,2024-10-28,16.884999999999998,0.0,81.70875,12.17,1.0,172.54125,2024,10,28,55.0,0,Peru_4005.csv
2024-10-29,4005,57.0,17.0,6.0,8.0,3.0,3.0,2,2,1,1,1,1,3,3,-4.871527565711943,-1.1774801606275624,4.6966066,5.4941063,-69.01288,-44.75167,21,2024-10-29,17.0275,0.0,83.40125,14.2325,1.0,164.725,2024,10,29,57.0,0,Peru_4005.csv
2024-10-30,4005,60.0,12.0,5.0,8.0,3.0,3.0,2,2,1,1,1,1,3,3,-5.190278816301645,-1.1862718009322146,4.57403,5.5619955,-66.38819,-33.654156,21,2024-10-30,16.966250000000002,0.0,85.1925,13.65875,1.0,172.64124999999999,2024,10,30,60.0,0,Peru_4005.csv
2024-10-31,4005,48.0,16.0,7.0,9.0,3.0,3.0,2,2,1,1,1,1,3,3,-5.152326335365867,-1.8306666961051559,5.1148705,5.428648,-66.97135,-46.62801,21,2024-10-31,17.306250000000002,0.0,79.525,11.588750000000001,1.0,171.74875,2024,10,31,48.0,0,Peru_4005.csv
2024-11-01,4005,55.0,12.0,6.0,8.0,3.0,3.0,2,2,1,1,1,1,3,3,-5.227746414596579,-1.5729387351664836,4.9331484,5.52529,-68.88451,-45.5601,21,2024-11-01,17.4375,0.0,79.9125,14.14,1.0,168.65625,2024,11,1,55.0,0,Peru_4005.csv
2024-11-02,4005,45.0,19.0,20.0,9.0,3.0,6.0,2,2,1,1,4,4,7,7,-2.229954376161429,-2.6200876842012097,0.023359375,6.0815554,0.5259595,-67.60725,21,2024-11-02,18.18375,0.0,77.39625000000001,12.8325,1.0,171.80875,2024,11,2,45.0,0,Peru_4005.csv
2024-11-03,4005,61.0,15.0,11.8,8.0,3.0,11.8,2,2,1,1,1,1,3,3,-2.824471649369415,-2.3094030220737,5.283186,4.2280016,-36.01147,-73.19611,21,2024-11-03,18.63875,0.0,77.27,12.4825,1.0,177.495,2024,11,3,61.0,0,Peru_4005.csv
2024-11-04,4005,55.0,15.0,13.0,8.0,3.0,8.4,2,2,1,1,1,1,3,3,-3.169896553029911,-2.318269862549719,5.4329343,4.1853523,-37.942917,-71.821335,21,2024-11-04,17.96375,0.0,83.16625,14.65,1.0,170.78125,2024,11,4,55.0,0,Peru_4005.csv
2024-11-05,4005,53.0,15.0,11.0,8.0,3.0,12.4,2,2,1,1,1,1,3,3,-3.3198832468805546,-2.949116356110537,5.3436875,4.2645555,-36.105053,-73.910995,21,2024-11-05,17.85625,0.0,84.025,12.56,1.0,179.195,2024,11,5,53.0,0,Peru_4005.csv
2024-11-06,4005,53.0,11.0,8.6,8.0,3.0,9.4,2,2,1,1,1,1,3,3,-4.28133871695718,-2.6887930658881865,5.2699347,4.453634,-36.195717,-74.57497,21,2024-11-06,17.72875,0.0,84.965,11.83375,1.0,176.19375,2024,11,6,53.0,0,Peru_4005.csv
2024-11-07,4005,44.0,10.0,13.4,8.0,3.0,9.0,2,2,1,1,1,1,3,3,-3.8254843602298845,-3.4554713070057326,6.241715,4.181409,-49.167393,-70.55125,21,2024-11-07,17.6225,0.0,83.86875,9.6,1.0,187.42625,2024,11,7,44.0,0,Peru_4005.csv
2024-11-08,4005,38.0,11.0,14.6,9.0,3.0,6.0,2,2,1,1,1,1,3,3,-4.082161925145201,-3.3945585076815283,6.4303713,4.0675926,-49.71494,-71.77621,21,2024-11-08,17.735,0.0,79.135,11.5975,1.0,174.755,2024,11,8,38.0,0,Peru_4005.csv
2024-11-09,4005,44.0,13.0,12.6,9.0,3.0,6.6,2,2,1,1,1,1,3,3,-4.043079758753017,-2.8908507445563223,6.163153,4.2531943,-49.882633,-70.149994,21,2024-11-09,17.67625,0.0,75.875,11.828750000000001,1.0,174.90125,2024,11,9,44.0,0,Peru_4005.csv
2024-11-10,4005,44.0,9.0,13.0,9.0,3.0,8.2,2,2,1,1,1,1,3,3,-4.028124361777578,-3.3154459436947663,6.222625,4.219522,-49.33315,-70.4713,21,2024-11-10,18.177500000000002,0.0,72.39125,12.12125,1.0,167.735,2024,11,10,44.0,0,Peru_4005.csv
2024-11-11,4005,31.0,10.0,12.6,8.0,3.0,6.8,2,2,1,1,1,1,3,3,-4.809340350050476,-4.082339368019926,6.4529996,4.128016,-50.249836,-72.5702,21,2024-11-11,18.505,0.0,78.98625,11.25625,1.0,178.84875,2024,11,11,31.0,0,Peru_4005.csv
2024-11-12,4005,40.0,12.0,9.8,8.0,3.0,7.6,2,2,1,1,1,1,3,3,-4.7708106077950845,-3.368465006277215,5.7472677,5.064931,-60.747025,-64.481766,21,2024-11-12,18.195,0.0,81.9425,9.8325,1.0,180.23250000000002,2024,11,12,40.0,0,Peru_4005.csv
2024-11-13,4005,44.0,14.0,13.4,9.0,3.0,11.2,2,2,1,1,1,1,3,3,-3.4217775400791433,-3.47624232304239,6.1874504,4.1290293,-48.553936,-70.55874,21,2024-11-13,18.7825,0.0,78.5425,7.35,1.0,178.29625000000001,2024,11,13,44.0,0,Peru_4005.csv
2024-11-14,4005,51.0,11.0,19.2,9.0,3.0,10.6,2,2,1,1,4,4,7,7,-2.11277696358688,-3.18280726116765,0.508174,5.8544817,4.6082997,-67.231186,21,2024-11-14,18.4025,0.0,78.6575,7.20875,1.0,180.495,2024,11,14,51.0,0,Peru_4005.csv
2024-11-15,4005,42.0,9.0,8.8,9.0,3.0,6.8,2,2,1,1,1,1,3,3,-5.103097644527467,-3.1691015358295527,5.739044,5.146783,-60.887077,-64.30719,21,2024-11-15,18.64125,0.0,79.18875,9.08,1.0,175.96375,2024,11,15,42.0,0,Peru_4005.csv
2024-11-16,4005,36.0,9.0,17.2,9.0,3.0,9.8,2,2,1,1,1,1,3,3,-3.4174840972265743,-4.212503852851817,6.635625,3.8423746,-48.81061,-72.92775,21,2024-11-16,18.66375,0.0,79.66,8.5425,1.0,182.88125,2024,11,16,36.0,0,Peru_4005.csv
2024-11-17,4005,38.0,9.0,13.6,8.0,3.0,8.4,2,2,1,1,1,1,3,3,-4.178967953687136,-3.8645915700508717,6.3501153,4.110523,-49.35342,-71.15066,21,2024-11-17,18.978749999999998,0.0,77.8425,8.9925,1.0,183.4175,2024,11,17,38.0,0,Peru_4005.csv
2024-11-18,4005,38.0,8.0,9.2,8.0,3.0,8.6,2,2,1,1,1,1,3,3,-5.108815802189133,-3.832834229075055,5.8408613,5.0798593,-60.810463,-64.72424,21,2024-11-18,18.9725,0.0,79.9225,8.1175,1.0,181.32375,2024,11,18,38.0,0,Peru_4005.csv
2024-11-19,4005,32.0,8.0,17.0,8.0,3.0,11.2,2,2,1,1,1,1,3,3,-3.580672737396792,-4.80787387161763,6.6683087,3.8319135,-48.787216,-73.04674,21,2024-11-19,18.79875,0.0,79.78125,8.1875,1.0,185.99875,2024,11,19,32.0,0,Peru_4005.csv
2024-11-20,4005,34.0,12.0,15.6,9.0,3.0,5.8,2,2,1,1,1,1,3,3,-4.037139764400214,-3.631924770640347,6.68709,3.7923295,-49.801487,-73.122246,21,2024-11-20,19.18375,0.0,77.995,7.7725,1.0,186.01,2024,11,20,34.0,0,Peru_4005.csv
2024-11-21,4005,43.0,12.0,15.6,9.0,2.0,8.6,2,2,1,1,1,1,3,3,-3.5365466146725955,-3.22946010637237,6.283785,4.1449122,-49.137722,-70.956856,21,2024-11-21,19.041249999999998,0.0,79.74875,6.672499999999999,1.0,178.66,2024,11,21,43.0,0,Peru_4005.csv
2024-11-22,4005,41.0,16.0,12.8,9.0,2.0,6.0,2,2,1,1,1,1,3,3,-4.224761417947596,-2.7565188328345864,6.171362,4.28162,-50.28032,-70.015236,21,2024-11-22,19.3825,0.0,80.63,7.835,1.0,186.12875,2024,11,22,41.0,0,Peru_4005.csv
2024-11-23,4005,58.0,14.0,16.8,8.0,2.0,6.2,2,2,1,1,4,4,7,7,-2.678892792518018,-1.8248361559295887,1.0183342,6.152555,3.756789,-64.74983,21,2024-11-23,19.353749999999998,0.0,82.37375,8.48125,1.0,185.09375,2024,11,23,58.0,0,Peru_4005.csv
2024-11-24,4005,53.0,12.0,9.8,8.0,3.0,14.6,2,2,1,1,1,1,3,3,-3.525599202721707,-3.3643809465802845,5.3141646,4.303973,-35.7093,-74.52387,21,2024-11-24,19.33875,0.0,81.19875,7.105,1.0,189.1825,2024,11,24,53.0,0,Peru_4005.csv
2024-11-25,4005,49.0,21.0,22.6,9.0,2.0,12.4,2,2,1,1,4,4,7,7,-1.0191061271788293,-3.025441720934653,-0.9166667,5.5902762,36.958546,-50.10611,21,2024-11-25,19.325,0.0,80.45875,7.83625,1.0,185.275,2024,11,25,49.0,0,Peru_4005.csv
2024-11-26,4005,68.0,16.0,14.6,9.0,2.0,4.2,2,2,1,1,4,4,7,7,-2.716045971438344,-0.6053787814150469,1.3158736,5.6074386,-1.9855479,-36.06943,21,2024-11-26,19.50375,0.0,79.7,7.28,1.0,188.0525,2024,11,26,68.0,0,Peru_4005.csv
2024-11-27,4005,57.0,20.0,13.0,9.0,2.0,5.4,2,2,1,1,1,1,3,3,-3.2580116963769417,-1.3222988033878162,1.7861181,5.8427024,-3.3658438,-37.40989,21,2024-11-27,19.6275,0.0,78.7475,7.02375,1.0,192.15125,2024,11,27,57.0,0,Peru_4005.csv
2024-11-28,4005,65.0,18.0,6.0,7.0,6.0,2.0,2,2,1,1,1,1,3,3,-3.9818024560142313,-0.8647219169304,3.9781234,5.296727,-63.303684,-31.193907,21,2024-11-28,19.62375,0.0,78.84875,7.58625,1.0,185.065,2024,11,28,65.0,0,Peru_4005.csv
2024-11-29,4005,60.0,15.0,4.0,3.0,11.4,1.0,2,2,1,1,1,1,3,3,-3.9043487518810456,-2.165563588545423,5.973077,2.852158,-33.36652,-49.671215,21,2024-11-29,19.817500000000003,0.0,80.2975,7.30375,1.0,189.6875,2024,11,29,60.0,0,Peru_4005.csv
2024-11-30,4005,57.0,15.0,4.0,4.0,5.0,5.6,2,2,1,1,1,1,3,3,-4.797192797948826,-2.1206290852278964,5.0721245,5.1664033,-67.05584,-37.878315,21,2024-11-30,20.18125,0.0,83.0875,7.21125,1.0,190.72875,2024,11,30,57.0,0,Peru_4005.csv
2024-12-01,4005,57.0,18.0,3.0,2.0,1.0,2.6,2,2,1,1,1,1,3,3,-5.835440830312829,-1.1873896395824046,4.775195,5.938061,-74.48704,-33.842533,21,2024-12-01,19.9425,0.0,84.84,6.96875,1.0,192.11,2024,12,1,57.0,0,Peru_4005.csv
2024-12-02,4005,64.0,17.0,4.0,3.0,1.0,5.6,2,2,1,1,1,1,3,3,-5.079912860414015,-1.0838588926279404,3.7180314,5.469146,-66.04585,-25.720648,21,2024-12-02,20.03625,0.0,82.27125,6.42375,1.0,193.65,2024,12,2,64.0,0,Peru_4005.csv
2024-12-03,4005,59.0,18.0,7.0,3.0,1.0,3.0,2,2,1,1,1,1,3,3,-4.888111299067866,-1.1217412403813578,3.6063235,5.55191,-63.02426,-23.870583,21,2024-12-03,20.5325,0.0,80.435,6.5575,1.0,193.03,2024,12,3,59.0,0,Peru_4005.csv
2024-12-04,4005,61.0,23.0,6.0,3.0,1.0,3.0,2,2,1,1,1,1,3,3,-4.73542856302692,-0.7015864187081317,3.5925252,5.4933243,-63.87095,-23.757969,21,2024-12-04,20.90625,0.0,79.48375,6.22,1.0,201.8275,2024,12,4,61.0,0,Peru_4005.csv
2024-12-05,4005,73.0,23.0,5.0,3.0,1.0,2.0,2,2,1,1,1,1,3,3,-4.448927575508112,0.32570186400764717,3.3204157,5.2708163,-66.37717,-22.636295,21,2024-12-05,20.04125,0.0,83.62125,6.91125,1.0,197.865,2024,12,5,73.0,0,Peru_4005.csv
2024-12-06,4005,74.0,19.0,4.0,3.0,6.6,2.0,2,2,1,1,1,1,3,3,-3.8004531103989874,-0.4818516994773962,4.502967,6.3286934,-71.76321,-29.394287,21,2024-12-06,19.84125,0.0,80.535,7.51375,1.0,194.51,2024,12,6,74.0,0,Peru_4005.csv
2024-12-07,4005,65.0,19.0,7.0,3.0,1.8,2.0,2,2,1,1,1,1,3,3,-4.490791665702418,-0.6039666572702207,3.4705245,5.476605,-62.896797,-23.233173,21,2024-12-07,19.67,0.0,81.03375,7.47875,1.0,187.28625,2024,12,7,65.0,0,Peru_4005.csv
2024-12-08,4005,64.0,12.0,4.0,2.0,5.2,2.0,2,2,1,1,1,1,3,3,-4.9005558430058755,-1.4538951296107592,4.671284,5.985105,-71.75198,-33.009426,21,2024-12-08,19.62,0.0,81.15,7.9275,1.0,179.82375,2024,12,8,64.0,0,Peru_4005.csv
2024-12-09,4005,47.0,13.0,4.0,2.0,13.8,2.0,2,2,1,1,1,1,3,3,-4.114378681899014,-3.7157691045706,6.089805,2.8688722,-33.62708,-50.285378,21,2024-12-09,19.54375,0.0,81.655,6.875,1.0,198.33375,2024,12,9,47.0,0,Peru_4005.csv
2024-12-10,4005,49.0,15.0,5.0,8.6,4.4,2.0,2,2,1,1,1,1,3,3,-5.399190944654038,-1.8304543225712704,5.128504,5.5008926,-68.552284,-46.9264,21,2024-12-10,19.42125,0.0,84.78125,5.77625,1.0,208.4375,2024,12,10,49.0,0,Peru_4005.csv
2024-12-11,4005,52.0,13.0,6.0,8.4,4.0,2.0,2,2,1,1,1,1,3,3,-5.227528435605159,-1.7025813079139833,5.0580893,5.490317,-68.52987,-46.479,21,2024-12-11,19.4775,0.0,81.46375,6.109999999999999,1.0,201.47,2024,12,11,52.0,0,Peru_4005.csv
2024-12-12,4005,47.0,16.0,7.0,5.0,2.4,1.0,2,2,1,1,1,1,3,3,-5.491403902705298,-1.8526583593919919,4.984662,5.4674926,-66.17929,-46.164085,21,2024-12-12,19.80625,0.0,78.05,6.59375,1.0,192.39125,2024,12,12,47.0,0,Peru_4005.csv
2024-12-13,4005,52.0,20.0,8.0,6.8,0.6,1.0,2,2,1,1,1,1,3,3,-5.161604526861045,-0.9567840659259446,4.4562035,5.5463476,-65.357666,-44.775032,21,2024-12-13,20.22125,0.0,76.65125,6.36375,1.0,195.3375,2024,12,13,52.0,0,Peru_4005.csv
2024-12-14,4005,63.0,18.0,8.0,10.2,2.0,1.0,2,2,1,1,1,1,3,3,-4.47752761856494,-0.18789536140816482,3.3081782,5.608908,-60.384018,-26.615437,21,2024-12-14,20.77375,0.0,75.15125,6.60875,1.0,190.835,2024,12,14,63.0,0,Peru_4005.csv
2024-12-15,4005,60.0,19.0,6.0,6.0,4.8,1.0,2,2,1,1,1,1,3,3,-4.477434720885957,-0.9650061729373773,4.4695516,5.6123357,-68.14425,-34.666767,21,2024-12-15,20.05875,0.0,82.13,6.70625,1.0,197.83875,2024,12,15,60.0,0,Peru_4005.csv
2024-12-16,4005,64.0,23.0,6.0,7.2,4.4,1.0,2,2,1,1,1,1,3,3,-4.147317288432747,-0.3367712113723857,3.986751,5.449478,-63.55694,-31.171085,21,2024-12-16,19.825,0.0,89.21375,5.76375,1.0,201.6775,2024,12,16,64.0,0,Peru_4005.csv
2024-12-17,4005,69.0,16.0,6.0,5.6,2.6,1.0,2,2,1,1,1,1,3,3,-4.597531956758033,-0.2165241267313321,3.53325,5.4253473,-67.06573,-25.73984,21,2024-12-17,19.53625,0.0,89.60875,6.6274999999999995,1.0,187.05625,2024,12,17,69.0,0,Peru_4005.csv
2024-12-18,4005,56.0,11.0,4.0,5.2,13.4,1.0,2,2,1,1,1,1,3,3,-3.94053954538304,-2.746123558010375,6.025483,2.7099817,-33.1373,-49.839073,21,2024-12-18,19.6725,0.0,86.4075,7.7175,1.0,179.07375,2024,12,18,56.0,0,Peru_4005.csv
2024-12-19,4005,42.0,15.0,7.0,6.4,0.2,1.0,2,2,1,1,1,1,3,3,-6.179800959303717,-1.885681907860692,5.8707232,5.288748,-64.5527,-62.532616,21,2024-12-19,19.95375,0.0,85.11875,7.4325,1.0,178.72375,2024,12,19,42.0,0,Peru_4005.csv
2024-12-20,4005,53.0,18.0,7.0,6.6,0.6,1.0,2,2,1,1,1,1,3,3,-5.4211538954952765,-0.9745999562913898,4.5824747,5.526594,-65.80364,-44.698082,21,2024-12-20,20.18625,0.0,83.1775,6.6987499999999995,1.0,199.62,2024,12,20,53.0,0,Peru_4005.csv
2024-12-21,4005,57.0,14.0,6.0,7.8,0.4,1.0,2,2,1,1,1,1,3,3,-5.674149164657507,-0.7478877812765842,4.5967717,5.5340815,-70.724266,-44.79225,21,2024-12-21,20.4425,0.0,80.02625,6.98125,1.0,194.865,2024,12,21,57.0,0,Peru_4005.csv
2024-12-22,4005,51.0,14.0,3.0,4.8,10.2,14.2,2,2,1,1,1,1,3,3,-3.641350143683879,-4.326912808025259,5.7432055,4.305021,-57.063515,-55.256233,21,2024-12-22,20.71,0.0,80.02125,6.4725,1.0,195.60625,2024,12,22,51.0,0,Peru_4005.csv
2024-12-23,4005,50.0,13.0,4.0,6.2,5.4,8.6,2,2,1,1,1,1,3,3,-4.897990450546463,-3.0185178438005464,5.4172363,4.8204637,-58.340565,-53.587826,21,2024-12-23,21.535,0.0,75.26,7.016249999999999,1.0,190.0025,2024,12,23,50.0,0,Peru_4005.csv
2024-12-24,4005,47.0,11.0,3.0,9.4,5.2,9.8,2,2,1,1,1,1,3,3,-5.275547658899992,-3.2125497335471103,5.461636,4.856087,-58.61789,-53.751328,21,2024-12-24,21.6425,0.0,73.0325,7.3187500000000005,1.0,189.74875,2024,12,24,47.0,0,Peru_4005.csv
2024-12-25,4005,44.0,17.0,2.0,4.8,1.8,2.8,2,2,1,1,1,1,3,3,-6.551333329738619,-2.076375795413875,-5.882544,0.42652556,-86.220436,-15.471888,21,2024-12-25,21.18,0.0,76.365,7.76,1.0,192.88,2024,12,25,44.0,0,Peru_4005.csv
2024-12-26,4005,57.0,11.0,3.0,4.6,9.8,8.0,2,2,1,1,1,1,3,3,-4.128489340984998,-3.1773460793511608,5.591336,4.6022496,-57.86908,-54.91487,21,2024-12-26,21.31375,0.0,75.5775,7.6575,1.0,191.925,2024,12,26,57.0,0,Peru_4005.csv
2024-12-27,4005,40.0,11.0,4.0,5.6,6.0,6.6,2,2,1,1,1,1,3,3,-5.553136803168241,-3.6943560380653775,5.8902965,5.0209007,-64.824936,-56.29648,21,2024-12-27,22.08125,0.0,67.5325,8.290000000000001,1.0,171.03,2024,12,27,40.0,0,Peru_4005.csv
2024-12-28,4005,36.0,11.0,4.0,9.6,10.0,8.2,2,2,1,1,1,1,3,3,-4.876187067896186,-4.408283649665888,6.040348,4.6927075,-62.089096,-56.319756,21,2024-12-28,21.96375,0.0,71.165,8.41375,1.0,178.09875,2024,12,28,36.0,0,Peru_4005.csv
2024-12-29,4005,43.0,11.0,3.0,6.8,4.4,6.6,2,2,1,1,1,1,3,3,-5.899395193851552,-3.1634747417787645,5.7332106,5.066768,-65.25091,-55.771282,21,2024-12-29,21.4575,0.0,74.725,7.6675,1.0,189.585,2024,12,29,43.0,0,Peru_4005.csv
2024-12-30,4005,41.0,16.8,8.8,14.0,5.0,14.6,2,2,1,1,1,1,3,3,-3.6881993385091705,-3.7800924261073714,5.696541,4.294757,-37.17427,-77.19652,21,2024-12-30,21.0325,0.0,79.21375,8.07125,1.0,182.48,2024,12,30,41.0,0,Peru_4005.csv
2024-12-31,4005,76.26329315845445,39.0951871657754,11.939310035171744,12.942866095675788,8.522758485383559,9.978580024067387,2,2,1,1,4,4,9,9,0.03549621024003731,-0.08868490030010638,19.120716,0.338692,-13.194237,61.20619,21,2024-12-31,21.2625,0.0,76.55625,6.39875,1.0,200.16125,2024,12,31,76.26329315845445,0,Peru_4005.csv
2025-01-01,4005,96.6,21.0,3.0,20.8,5.0,9.8,2,2,1,1,1,1,3,3,-2.3849256107705634,1.7390601879772103,0.31568408,0.30749103,-44.857723,45.812595,21,2025-01-01,22.173750000000002,0.0,74.52875,5.3025,1.0,205.85,2025,1,1,96.6,0,Peru_4005.csv
2025-01-02,4005,66.0,11.0,3.0,4.6,8.8,9.6,2,2,1,1,1,1,3,3,-3.7339423548421844,-2.614246052741164,5.508177,4.6706333,-52.06398,-32.498436,21,2025-01-02,20.99375,0.0,80.44875,4.7375,1.0,209.895,2025,1,2,66.0,0,Peru_4005.csv
2025-01-03,4005,47.0,12.0,5.0,8.2,8.4,5.6,2,2,1,1,1,1,3,3,-4.611302132293263,-3.139761137354622,5.7432213,4.371963,-59.781727,-54.708534,21,2025-01-03,21.19875,0.0,82.0725,4.6175,1.0,210.8025,2025,1,3,47.0,0,Peru_4005.csv
2025-01-04,4005,49.0,14.0,5.0,9.4,4.8,5.0,2,2,1,1,1,1,3,3,-5.11262939121001,-2.273917317395901,5.3043647,5.3182197,-68.06918,-49.419186,21,2025-01-04,22.41625,0.0,76.72375,6.06375,1.0,191.4375,2025,1,4,49.0,0,Peru_4005.csv
2025-01-05,4005,50.0,10.0,2.0,5.6,4.2,2.2,2,2,1,1,1,1,3,3,-6.244177887313684,-2.1558397083470946,5.286908,5.863102,-71.624664,-39.186615,21,2025-01-05,21.665,0.0,80.8525,6.28625,1.0,202.37875,2025,1,5,50.0,0,Peru_4005.csv
2025-01-06,4005,41.0,8.0,2.0,12.0,5.6,4.6,2,2,1,1,1,1,3,3,-6.3077179073913925,-2.936531178563437,5.840258,5.040504,-64.614296,-55.828068,21,2025-01-06,22.065,0.0,80.00625,8.4625,1.0,183.525,2025,1,6,41.0,0,Peru_4005.csv
2025-01-07,4005,34.0,9.0,3.0,3.0,10.8,11.4,2,2,1,1,1,1,3,3,-4.862211513191645,-5.64065049928756,6.026341,4.5847607,-61.59973,-56.834766,21,2025-01-07,22.07,0.0,81.04125,8.21875,1.0,189.72875,2025,1,7,34.0,0,Peru_4005.csv
2025-01-08,4005,37.0,9.0,3.0,9.4,11.2,8.2,2,2,1,1,1,1,3,3,-4.918951336408356,-4.57697971666922,6.0674696,4.6622415,-61.853317,-56.28898,21,2025-01-08,21.83625,0.0,80.75,9.8475,1.0,176.26624999999999,2025,1,8,37.0,0,Peru_4005.csv
2025-01-09,4005,39.0,13.0,5.0,14.6,4.8,3.0,2,2,1,1,1,1,3,3,-5.815880413980515,-2.399674804135381,5.927115,5.186297,-69.31736,-58.220966,21,2025-01-09,21.21125,0.0,78.755,7.58,1.0,184.83875,2025,1,9,39.0,0,Peru_4005.csv
2025-01-10,4005,48.0,10.0,6.0,18.0,2.8,3.2,2,2,1,1,1,1,3,3,-5.673182162807449,-1.449683205154859,5.367908,5.484364,-75.73528,-54.090183,21,2025-01-10,21.23,0.0,75.50625,7.534999999999999,1.0,184.745,2025,1,10,48.0,0,Peru_4005.csv
2025-01-11,4005,38.0,9.0,4.0,9.0,9.4,3.4,2,2,1,1,1,1,3,3,-5.417150187975026,-3.6896966791793457,6.026655,4.9236045,-63.07909,-55.47256,21,2025-01-11,21.49625,0.0,75.0375,7.4725,1.0,193.84375,2025,1,11,38.0,0,Peru_4005.csv
2025-01-12,4005,37.0,8.0,4.0,6.6,4.2,4.2,2,2,1,1,1,1,3,3,-6.389463823085657,-3.44115863949534,5.963945,5.1726503,-65.318954,-57.81274,21,2025-01-12,22.00375,0.0,73.3175,7.2325,1.0,187.745,2025,1,12,37.0,0,Peru_4005.csv
2025-01-13,4005,35.0,8.0,4.0,14.0,8.4,5.0,2,2,1,1,1,1,3,3,-5.6457991853042735,-3.6795058901984734,6.078551,4.8991547,-63.48472,-55.767605,21,2025-01-13,21.82125,0.0,74.41375,7.16625,1.0,191.005,2025,1,13,35.0,0,Peru_4005.csv
2025-01-14,4005,35.0,8.0,3.0,5.2,7.2,5.8,2,2,1,1,1,1,3,3,-6.008053269776558,-4.255098552443358,5.998352,4.881867,-63.658657,-56.841335,21,2025-01-14,22.46,0.0,72.60875,7.61875,1.0,177.58875,2025,1,14,35.0,0,Peru_4005.csv
2025-01-15,4005,32.0,11.0,13.8,16.6,2.4,14.6,2,2,1,1,1,1,3,3,-3.8716831598086006,-4.328695469436094,6.2224755,4.1359015,-47.58698,-71.039825,21,2025-01-15,22.34875,0.0,74.13,6.58625,1.0,188.8475,2025,1,15,32.0,0,Peru_4005.csv
2025-01-16,4005,46.0,9.0,2.0,6.0,1.0,8.0,2,2,1,1,1,1,3,3,-6.553907838478026,-2.840330600783973,-5.8331733,0.39502028,-85.228424,-16.65218,21,2025-01-16,21.80375,0.0,79.05125,6.4125,1.0,198.645,2025,1,16,46.0,0,Peru_4005.csv
2025-01-17,4005,34.0,9.0,3.0,5.0,1.0,4.0,2,2,1,1,1,1,3,3,-7.283702725018601,-3.271495857152946,6.0018554,5.177521,-65.28411,-59.716064,21,2025-01-17,21.905,0.0,77.93625,7.2,1.0,186.86624999999998,2025,1,17,34.0,0,Peru_4005.csv
2025-01-18,4005,32.0,10.0,8.0,4.0,1.0,4.0,2,2,1,1,1,1,3,3,-6.311895813028941,-3.562822748014142,6.1012263,5.099213,-65.92945,-61.592022,21,2025-01-18,22.8625,0.0,72.55375000000001,7.66125,1.0,176.69375,2025,1,18,32.0,0,Peru_4005.csv
2025-01-19,4005,34.0,10.0,6.0,3.0,1.0,4.0,2,2,1,1,1,1,3,3,-6.6240015034748145,-3.441832598331885,6.010545,5.1784563,-65.34569,-61.076653,21,2025-01-19,21.77,0.0,76.4525,8.16625,1.0,187.80125,2025,1,19,34.0,0,Peru_4005.csv
2025-01-20,4005,40.0,15.0,8.0,3.0,1.0,4.0,2,2,1,1,1,1,3,3,-5.667907825221607,-2.8061905354672048,5.838793,5.212269,-63.69356,-61.248066,21,2025-01-20,21.54875,0.0,77.43125,6.83,1.0,194.15875,2025,1,20,40.0,0,Peru_4005.csv
2025-01-21,4005,53.0,16.0,12.0,10.0,286.0,4.0,1,1,0,0,0,0,5,5,47.32130523097303,-37.23544458965123,-6.3044934,-4.952871,77.09215,-60.738853,21,2025-01-21,21.83,0.0,75.1775,6.1325,1.0,196.3975,2025,1,21,286.0,0,Peru_4005.csv
2025-01-22,4005,55.0,14.0,13.0,11.0,17.0,4.0,2,2,1,1,4,4,9,9,-1.0772307940367063,-3.320105033442659,6.074045,1.9724836,-27.474745,-56.163128,21,2025-01-22,22.30125,0.0,74.0,6.235,1.0,203.995,2025,1,22,55.0,0,Peru_4005.csv
2025-01-23,4005,50.0,13.0,11.0,9.0,16.0,4.0,2,2,1,1,1,1,3,3,-1.9607947540129946,-3.7034650463040286,6.062772,2.014056,-27.897549,-55.78324,21,2025-01-23,21.895,0.0,77.49375,7.6137500000000005,1.0,202.385,2025,1,23,50.0,0,Peru_4005.csv
2025-01-24,4005,47.0,12.0,9.0,8.0,3.0,4.0,2,2,1,1,1,1,3,3,-4.914372368629199,-2.3600432929463575,5.551432,5.2461066,-60.754158,-63.03076,21,2025-01-24,21.50375,0.0,80.56,8.52375,1.0,192.39625,2025,1,24,47.0,0,Peru_4005.csv
2025-01-25,4005,42.0,12.0,8.0,8.0,3.0,4.0,2,2,1,1,1,1,3,3,-5.3589120519838325,-2.697317409082827,5.737758,5.2265935,-61.64983,-63.2694,21,2025-01-25,21.805,0.0,79.3025,8.387500000000001,1.0,184.135,2025,1,25,42.0,0,Peru_4005.csv
2025-01-26,4005,42.0,11.0,7.0,4.2,4.0,4.0,2,2,1,1,1,1,3,3,-5.439211323472209,-3.126613731653092,5.7351933,5.235278,-62.045143,-62.43601,21,2025-01-26,21.78,0.0,78.64625,7.23125,1.0,180.14,2025,1,26,42.0,0,Peru_4005.csv
2025-01-27,4005,36.0,14.0,10.0,8.2,4.0,4.0,2,2,1,1,1,1,3,3,-4.956176078085209,-3.1919018581824945,5.810337,5.076407,-61.558277,-64.34403,21,2025-01-27,22.45,0.0,77.26,6.3075,1.0,203.495,2025,1,27,36.0,0,Peru_4005.csv
2025-01-28,4005,48.0,14.0,12.0,7.4,3.0,4.0,2,2,1,1,1,1,3,3,-4.152497733953349,-2.3053846719506814,2.1960251,6.1542625,-53.44312,-66.78157,21,2025-01-28,23.0625,0.0,73.17625,5.53375,1.0,222.88625000000002,2025,1,28,48.0,0,Peru_4005.csv
2025-01-29,4005,46.0,17.0,12.0,7.6,3.0,4.0,2,2,1,1,1,1,3,3,-4.0927218467800435,-2.2851326725951657,2.1299098,6.1724997,-53.23569,-66.88382,21,2025-01-29,23.48125,0.0,74.735,4.8425,1.0,201.96375,2025,1,29,46.0,0,Peru_4005.csv
2025-01-30,4005,50.0,13.0,10.0,6.0,3.0,4.0,2,2,1,1,1,1,3,3,-4.517141260673505,-2.2638050358362025,5.4345636,5.3059344,-60.222015,-62.857384,21,2025-01-30,23.447499999999998,0.0,71.38875,6.235,1.0,177.77,2025,1,30,50.0,0,Peru_4005.csv
2025-01-31,4005,42.0,15.0,10.0,7.8,3.0,4.0,2,2,1,1,1,1,3,3,-4.79623666050317,-2.6109461714050917,5.716026,5.2020273,-60.838463,-63.72457,21,2025-01-31,22.73375,0.0,78.73,6.72625,1.0,189.07125,2025,1,31,42.0,0,Peru_4005.csv
2025-02-01,4005,53.0,11.0,8.0,4.6,3.0,4.0,2,2,1,1,1,1,3,3,-4.885547448078488,-2.1999652009429904,5.304818,5.378027,-66.12347,-47.80317,21,2025-02-01,22.455,0.0,78.18875,6.4662500000000005,1.0,209.20875,2025,2,1,53.0,0,Peru_4005.csv
2025-02-02,4005,42.0,12.0,8.0,9.0,3.0,4.0,2,2,1,1,1,1,3,3,-5.357476850155579,-2.624126631684258,5.790399,5.223314,-61.642937,-63.37939,21,2025-02-02,23.22625,0.0,76.72375,6.59625,1.0,199.44375,2025,2,2,42.0,0,Peru_4005.csv
2025-02-03,4005,47.0,13.0,10.0,7.6,3.0,4.0,2,2,1,1,1,1,3,3,-4.659447031425942,-2.363882041326747,5.5346613,5.3124447,-60.443092,-63.176556,21,2025-02-03,23.93125,0.0,71.01625,6.35,1.0,199.02375,2025,2,3,47.0,0,Peru_4005.csv
2025-02-04,4005,46.0,13.0,9.0,6.4,3.0,4.0,2,2,1,1,1,1,3,3,-4.91290612406217,-2.49940878923742,5.5917306,5.2752724,-60.92109,-63.025898,21,2025-02-04,23.9875,0.0,70.7975,6.73125,1.0,189.39249999999998,2025,2,4,46.0,0,Peru_4005.csv
2025-02-05,4005,46.0,11.0,8.0,4.6,3.0,4.0,2,2,1,1,1,1,3,3,-5.222952635850122,-2.7067239255360525,5.6372223,5.239427,-61.63441,-62.614902,21,2025-02-05,23.3525,0.0,74.70375,6.03375,1.0,193.34875,2025,2,5,46.0,0,Peru_4005.csv
2025-02-06,4005,42.0,18.0,14.0,6.4,3.0,4.0,2,2,1,1,1,1,3,3,-3.82821141474401,-2.66179650433105,2.0214162,6.1900806,-52.216446,-67.73527,21,2025-02-06,22.8925,0.0,85.71875,4.3225,1.0,199.04749999999999,2025,2,6,42.0,0,Peru_4005.csv
2025-02-07,4005,61.0,21.0,11.0,7.6,3.0,4.0,2,2,1,1,1,1,3,3,-3.3653929000411407,-0.9739883872544318,2.5025723,5.6316338,-58.5662,-28.473671,21,2025-02-07,23.3725,0.0,84.7925,3.48875,1.0,212.525,2025,2,7,61.0,0,Peru_4005.csv
2025-02-08,4005,65.0,15.0,10.0,6.6,3.0,4.0,2,2,1,1,1,1,3,3,-3.6893421471648997,-1.0337107953017701,2.9145136,5.5428247,-59.648605,-28.245073,21,2025-02-08,23.375,0.0,82.60625,5.0649999999999995,1.0,190.3275,2025,2,8,65.0,0,Peru_4005.csv
2025-02-09,4005,49.0,8.0,5.0,9.8,4.0,4.0,2,2,1,1,1,1,3,3,-5.65673123744534,-2.3109959654922108,5.231763,5.385699,-67.9573,-48.821514,21,2025-02-09,23.45625,0.0,81.5775,6.305,1.0,195.63,2025,2,9,49.0,0,Peru_4005.csv
2025-02-10,4005,30.0,8.0,6.0,9.4,3.0,4.0,2,2,1,1,1,1,3,3,-6.550237378803277,-3.6147229188580035,6.144315,5.1053114,-67.67,-60.4372,21,2025-02-10,24.46875,0.0,72.84375,5.16,1.0,210.005,2025,2,10,30.0,0,Peru_4005.csv
2025-02-11,4005,28.0,10.0,8.0,6.6,3.0,4.0,2,2,1,1,1,1,3,3,-6.139658646701754,-3.9135701022761795,6.1684966,5.0632186,-67.0031,-61.84581,21,2025-02-11,24.8425,0.0,70.18625,5.3925,1.0,206.49125,2025,2,11,28.0,0,Peru_4005.csv
2025-02-12,4005,31.0,19.0,16.0,11.4,3.0,4.0,2,2,1,1,1,1,3,3,-3.892207498537153,-3.091436010198287,6.759005,3.7843924,-50.27455,-73.73251,21,2025-02-12,23.6725,0.0,77.9225,3.97375,1.0,198.70125000000002,2025,2,12,31.0,0,Peru_4005.csv
2025-02-13,4005,59.0,16.0,12.0,5.2,4.0,4.0,2,2,1,1,1,1,3,3,-3.3408662212691715,-1.6955347955562867,1.8909979,5.995904,-0.7353457,-37.626907,21,2025-02-13,23.91375,0.0,86.33,5.3425,1.0,174.79625,2025,2,13,59.0,0,Peru_4005.csv
2025-02-14,4005,51.0,11.0,9.0,6.8,4.0,4.0,2,2,1,1,1,1,3,3,-4.594601071264009,-2.3341635607641797,5.4455366,5.318875,-60.351784,-62.590828,21,2025-02-14,24.245,0.0,83.0825,4.695,1.0,220.875,2025,2,14,51.0,0,Peru_4005.csv
2025-02-15,4005,38.0,7.0,4.0,4.2,3.0,4.0,2,2,1,1,1,1,3,3,-6.631130395585467,-3.4169035572966373,6.0060463,5.1768274,-65.21549,-59.26532,21,2025-02-15,23.73875,0.0,81.845,6.53625,1.0,188.1975,2025,2,15,38.0,0,Peru_4005.csv
2025-02-16,4005,26.0,9.0,5.0,152.0,3.0,4.0,2,2,1,1,2,2,1,1,-6.689944689095354,6.6075419927887635,-4.3084035,-5.304924,61.62684,80.130066,21,2025-02-16,23.57625,0.0,80.65125,6.29,1.0,197.52,2025,2,16,152.0,0,Peru_4005.csv
2025-02-17,4005,35.0,9.0,7.0,68.0,3.0,4.0,2,2,1,1,1,1,3,3,-5.96962777166757,1.0616671908070152,-3.398703,-4.564182,60.226044,73.82813,21,2025-02-17,24.15875,0.0,78.3225,6.07125,1.0,186.95375,2025,2,17,68.0,0,Peru_4005.csv
2025-02-18,4005,32.0,5.0,10.0,8.0,3.0,6.0,2,2,1,1,1,1,3,3,-5.620848229658609,-4.089315053296211,6.1484027,4.937445,-61.449444,-65.3967,21,2025-02-18,23.7025,0.0,82.495,6.3375,1.0,198.01125,2025,2,18,32.0,0,Peru_4005.csv
2025-02-19,4005,21.0,31.0,9.0,5.0,4.0,4.0,2,2,1,1,1,1,3,3,-5.003936912179389,-3.6350485388946634,5.3191357,4.892631,-54.909657,-51.200333,21,2025-02-19,23.71,0.0,80.5175,6.09625,1.0,202.3075,2025,2,19,31.0,0,Peru_4005.csv
2025-02-20,4005,63.0,35.0,11.0,5.0,4.0,4.0,2,2,1,1,1,1,3,3,-2.364580484181138,-0.4433531561875606,2.9879582,4.7612023,-54.340485,-19.571417,21,2025-02-20,23.8275,0.0,79.985,5.3025,1.0,186.38875000000002,2025,2,20,63.0,0,Peru_4005.csv
2025-02-21,4005,69.0,40.0,11.0,6.0,4.0,4.0,2,2,1,1,1,1,3,3,-1.8141235061966645,0.3148726315431575,2.5277276,3.4668903,-27.286499,-10.484651,21,2025-02-21,24.72,0.0,73.24125,5.9712499999999995,1.0,184.64124999999999,2025,2,21,69.0,0,Peru_4005.csv
2025-02-22,4005,73.0,34.0,8.0,5.0,4.0,3.0,2,2,1,1,1,1,3,3,-2.6335164743189297,0.4384056368558108,2.7907462,4.385737,-40.7035,-5.346518,21,2025-02-22,25.08125,0.0,68.62625,6.3825,1.0,190.17625,2025,2,22,73.0,0,Peru_4005.csv
2025-02-23,4005,67.0,26.0,7.0,4.0,4.0,3.0,2,2,1,1,1,1,3,3,-3.5433998461741,-0.4455258022523382,3.3477933,5.0131097,-64.478096,-18.116138,21,2025-02-23,24.0575,0.0,76.44625,5.62375,1.0,209.92625,2025,2,23,67.0,0,Peru_4005.csv
2025-02-24,4005,67.0,35.0,8.0,4.0,4.0,3.0,2,2,1,1,1,1,3,3,-2.8721926283476167,-0.019015650169984237,3.3387847,4.2315283,-53.275387,-6.565765,21,2025-02-24,23.95625,0.0,77.62625,4.865,1.0,224.2825,2025,2,24,67.0,0,Peru_4005.csv
2025-02-25,4005,79.0,37.0,7.0,3.0,4.0,3.0,2,2,1,1,1,1,3,3,-2.3948282063369564,0.9014871933484467,2.7487264,3.8586109,-43.82692,-2.0069966,21,2025-02-25,24.28375,0.0,76.20375,5.0025,1.0,229.65,2025,2,25,79.0,0,Peru_4005.csv
2025-02-26,4005,84.0,33.0,8.0,4.0,5.0,3.0,2,2,1,1,1,1,3,3,-1.9760529322771143,0.985682312943386,2.2541394,3.8317208,-39.67486,-0.07513846,21,2025-02-26,24.35375,0.0,77.5425,5.39,1.0,212.76,2025,2,26,84.0,0,Peru_4005.csv
2025-02-27,4005,81.0,28.0,7.0,4.0,4.0,4.0,2,2,1,1,1,1,3,3,-2.6762909786084967,0.5343969666632351,2.507756,4.081156,-38.406338,-0.22747973,21,2025-02-27,24.5075,0.0,75.67125,5.4475,1.0,208.52625,2025,2,27,81.0,0,Peru_4005.csv
2025-02-28,4005,63.0,23.0,5.0,3.0,4.0,5.0,2,2,1,1,1,1,3,3,-4.123857197379643,-1.1770279920951434,3.5320895,4.827125,-65.262344,-16.615978,21,2025-02-28,24.12125,0.0,76.95375,5.78,1.0,216.5275,2025,2,28,63.0,0,Peru_4005.csv
2025-03-01,4005,55.0,29.0,8.0,4.0,4.0,5.0,2,2,1,1,1,1,3,3,-3.5856388562483184,-1.4562747229803854,3.8377256,4.9345703,-61.014572,-16.51519,21,2025-03-01,24.61375,0.0,72.1475,5.68375,1.0,199.02125,2025,3,1,55.0,0,Peru_4005.csv
2025-03-02,4005,68.0,24.0,7.0,3.0,4.0,5.0,2,2,1,1,1,1,3,3,-3.4238179032678646,-0.8143161489656852,3.3853712,4.922872,-64.65348,-17.499472,21,2025-03-02,24.965,0.0,70.55875,5.62875,1.0,192.8125,2025,3,2,68.0,0,Peru_4005.csv
2025-03-03,4005,58.0,30.0,7.0,4.0,4.0,6.0,2,2,1,1,1,1,3,3,-3.504237427264174,-1.298124661078972,3.6649048,4.7375107,-62.041225,-15.557562,21,2025-03-03,25.275,0.0,68.9275,6.13875,1.0,200.98875,2025,3,3,58.0,0,Peru_4005.csv
2025-03-04,4005,64.0,29.0,6.0,3.0,4.0,6.0,2,2,1,1,1,1,3,3,-3.471967813178827,-0.9623886222668686,3.5617366,4.66948,-63.281338,-15.360935,21,2025-03-04,23.490000000000002,0.0,79.86,8.5825,1.0,187.75625,2025,3,4,64.0,0,Peru_4005.csv
2025-03-05,4005,70.0,26.0,5.0,3.0,4.0,5.0,2,2,1,1,1,1,3,3,-3.6305616261082774,-0.5198670181346611,3.376051,4.735468,-65.634995,-16.723341,21,2025-03-05,23.00125,0.0,77.53,7.869999999999999,1.0,185.0875,2025,3,5,70.0,0,Peru_4005.csv
2025-03-06,4005,64.0,30.0,6.0,4.0,4.0,6.0,2,2,1,1,1,1,3,3,-3.41856908658129,-0.8390637640491057,3.6288986,4.5993605,-63.22844,-15.246896,21,2025-03-06,23.9975,0.0,70.975,6.53875,1.0,192.81125,2025,3,6,64.0,0,Peru_4005.csv
2025-03-07,4005,67.0,28.0,7.0,4.0,4.0,6.0,2,2,1,1,1,1,3,3,-3.1743577946913533,-0.7468459382908657,3.543599,4.6768475,-63.433704,-15.504072,21,2025-03-07,23.88625,0.0,71.6825,7.135,1.0,185.32874999999999,2025,3,7,67.0,0,Peru_4005.csv
2025-03-08,4005,66.0,38.0,9.0,4.0,4.0,6.0,2,2,1,1,1,1,3,3,-2.2958517719360776,-0.367292204031791,3.1894472,4.384423,-42.44143,-8.248195,21,2025-03-08,23.65375,0.0,73.6925,6.0975,1.0,204.5875,2025,3,8,66.0,0,Peru_4005.csv
2025-03-09,4005,84.0,41.0,10.0,5.0,4.0,6.0,2,2,1,1,4,4,9,9,-1.0673769379633877,1.1346982111855415,1.6900634,3.3049254,-4.0885043,5.476498,21,2025-03-09,24.49625,0.0,70.29625,5.61875,1.0,208.25,2025,3,9,84.0,0,Peru_4005.csv
2025-03-10,4005,91.0,29.0,7.0,4.0,4.0,6.0,2,2,1,1,1,1,9,9,-1.9655768188710392,1.0407464524813104,1.8555248,3.7789598,-23.132595,4.934803,21,2025-03-10,24.09125,0.0,71.98,6.3025,1.0,205.22625,2025,3,10,91.0,0,Peru_4005.csv
2025-03-11,4005,69.0,27.0,5.0,3.0,4.0,6.0,2,2,1,1,1,1,3,3,-3.5384271976327115,-0.6759899383474312,3.3770032,4.7507057,-65.54419,-16.456638,21,2025-03-11,23.25625,0.0,76.37375,7.75375,1.0,184.43375,2025,3,11,69.0,0,Peru_4005.csv
2025-03-12,4005,68.0,23.0,5.0,3.0,4.0,5.0,2,2,1,1,1,1,3,3,-3.8828534897034777,-0.8150575468857156,3.3603091,4.8300247,-65.488205,-16.819347,21,2025-03-12,22.75625,0.0,78.08375,7.91875,1.0,191.7075,2025,3,12,68.0,0,Peru_4005.csv
2025-03-13,4005,63.0,28.0,7.0,4.0,4.0,6.0,2,2,1,1,1,1,3,3,-3.3671607342447833,-1.0364223302279618,3.6034446,4.6323624,-62.87179,-15.352782,21,2025-03-13,22.775,0.0,77.5925,6.71,1.0,195.78,2025,3,13,63.0,0,Peru_4005.csv
2025-03-14,4005,73.0,41.0,10.0,4.0,4.0,6.0,2,2,1,1,1,1,3,3,-1.599020293831641,0.26517240939438097,2.3363304,3.4931855,-27.7964,-0.81019324,21,2025-03-14,22.62625,0.0,79.45625,5.305,1.0,199.7075,2025,3,14,73.0,0,Peru_4005.csv
2025-03-15,4005,97.0,39.0,9.0,5.0,4.0,6.0,2,2,1,1,4,4,11,11,-0.7482304313084324,2.0002497207102254,0.8729578,2.8330579,-17.52034,8.392671,21,2025-03-15,23.4925,0.0,73.59125,6.29875,1.0,194.88125,2025,3,15,97.0,0,Peru_4005.csv
2025-03-16,4005,81.0,25.0,5.0,3.0,4.0,6.0,2,2,1,1,1,1,3,3,-3.0639454538137203,0.09247113015536897,2.4818726,4.0158257,-39.853672,2.571819,21,2025-03-16,22.8875,0.0,77.4425,6.63125,1.0,189.8325,2025,3,16,81.0,0,Peru_4005.csv
2025-03-17,4005,65.0,33.0,8.0,4.0,4.0,5.0,2,2,1,1,1,1,3,3,-2.895777608444332,-0.5317974123080516,3.520367,4.516888,-62.090748,-14.791335,21,2025-03-17,22.17,0.0,81.15125,6.1275,1.0,200.16625,2025,3,17,65.0,0,Peru_4005.csv
2025-03-18,4005,75.0,30.0,6.0,3.0,4.0,5.0,2,2,1,1,1,1,3,3,-2.9781680575373164,0.017943227801154107,2.8273666,4.247375,-42.55302,-0.98382854,21,2025-03-18,21.8675,0.0,78.87625,4.95125,1.0,212.74375,2025,3,18,75.0,0,Peru_4005.csv
2025-03-19,4005,73.0,26.0,6.0,3.0,4.0,5.0,2,2,1,1,1,1,3,3,-3.2824232929357975,-0.32738119707593066,3.2872877,4.7284536,-65.57751,-16.985044,21,2025-03-19,22.215,0.0,77.9175,4.5175,1.0,205.6675,2025,3,19,73.0,0,Peru_4005.csv
2025-03-20,4005,69.0,36.0,8.0,4.0,4.0,6.0,2,2,1,1,1,1,3,3,-2.458712647936963,-0.22568171452839597,3.2349231,4.3620563,-42.44029,-8.048783,21,2025-03-20,22.3425,0.0,78.18625,4.4925,1.0,212.48000000000002,2025,3,20,69.0,0,Peru_4005.csv
2025-03-21,4005,81.0,36.0,10.0,5.0,4.0,7.0,2,2,1,1,4,4,9,9,-1.3834248214567975,0.532982878110441,1.8069216,3.7751086,-10.595082,0.10843416,21,2025-03-21,22.88875,0.0,74.90125,6.0,1.0,178.10875,2025,3,21,81.0,0,Peru_4005.csv
2025-03-22,4005,78.0,29.0,8.0,4.0,4.0,7.0,2,2,1,1,1,1,3,3,-2.300278710680524,-0.058935882191848296,2.4110708,4.271135,-38.536346,-3.3640783,21,2025-03-22,22.8,0.0,72.93875,6.4625,1.0,189.6625,2025,3,22,78.0,0,Peru_4005.csv
2025-03-23,4005,68.0,22.0,6.0,3.0,4.0,6.0,2,2,1,1,1,1,3,3,-3.642909178623958,-1.0237506755038557,3.4162543,4.8517585,-65.18786,-16.951221,21,2025-03-23,22.98875,0.0,70.86,6.7575,1.0,185.7825,2025,3,23,68.0,0,Peru_4005.csv
2025-03-24,4005,61.0,31.0,7.0,3.0,4.0,6.0,2,2,1,1,1,1,3,3,-3.309107038118434,-1.103999118380967,3.6424816,4.6527042,-62.494553,-15.291453,21,2025-03-24,22.7,0.0,73.8225,6.10125,1.0,199.52625,2025,3,24,61.0,0,Peru_4005.csv
2025-03-25,4005,73.0,37.0,9.0,4.0,4.0,6.0,2,2,1,1,1,1,3,3,-2.010410193345283,0.08933239142359599,2.5641553,3.9993932,-42.256973,-7.6905603,21,2025-03-25,22.9875,0.0,73.8875,5.3,1.0,218.535,2025,3,25,73.0,0,Peru_4005.csv
2025-03-26,4005,83.0,36.0,10.0,5.0,4.0,7.0,2,2,1,1,4,4,9,9,-1.2870233326318348,0.6777711351912747,1.741672,3.835438,-10.632682,0.11986661,21,2025-03-26,23.87125,0.0,69.71875,5.2075000000000005,1.0,210.99,2025,3,26,83.0,0,Peru_4005.csv
2025-03-27,4005,77.0,26.0,9.0,5.0,12.0,6.0,2,2,1,1,4,4,9,9,-0.9425364453075062,-1.1052433161703317,4.86921,1.8092129,-33.242485,-34.716557,21,2025-03-27,24.21375,0.0,67.48375,5.5075,1.0,210.27625,2025,3,27,77.0,0,Peru_4005.csv
2025-03-28,4005,71.0,26.0,9.0,5.0,4.0,4.0,2,2,1,1,1,1,3,3,-2.8537178548629893,-0.2660141155683358,2.6765873,5.1750774,-51.83595,-19.578554,21,2025-03-28,24.035,0.0,69.79,5.327500000000001,1.0,198.835,2025,3,28,71.0,0,Peru_4005.csv
2025-03-29,4005,69.0,26.0,10.0,4.0,4.0,4.0,2,2,1,1,1,1,3,3,-2.7480186023739535,-0.5086895189894957,2.6416342,5.2285957,-51.967266,-20.008738,21,2025-03-29,24.1175,0.0,69.71375,5.345,1.0,203.9025,2025,3,29,69.0,0,Peru_4005.csv
2025-03-30,4005,69.0,20.0,6.0,3.0,4.0,3.0,2,2,1,1,1,1,3,3,-3.963750452046735,-0.6500364687787502,3.3413417,4.9583025,-65.062935,-18.024656,21,2025-03-30,23.7875,0.0,70.90125,5.8975,1.0,207.3225,2025,3,30,69.0,0,Peru_4005.csv
2025-03-31,4005,62.0,28.0,8.0,4.0,4.0,3.0,2,2,1,1,1,1,3,3,-3.4769405204930433,-0.7319244690717093,3.4954903,5.1165113,-55.242336,-21.132116,21,2025-03-31,23.0275,0.0,76.55,5.3775,1.0,207.89499999999998,2025,3,31,62.0,0,Peru_4005.csv
2025-04-01,4005,78.0,29.0,11.0,5.0,4.0,3.0,2,2,1,1,4,4,3,3,-2.041721928491632,0.4756167959838865,2.1293252,4.637318,-32.93886,-7.1098065,21,2025-04-01,23.10875,0.0,75.2775,5.44875,1.0,206.1775,2025,4,1,78.0,0,Peru_4005.csv
2025-04-02,4005,78.0,29.0,9.0,4.0,4.0,3.0,2,2,1,1,1,1,3,3,-2.4502292776840924,0.4518186904628572,2.328531,4.5175986,-38.910004,-4.4935803,21,2025-04-02,22.7475,0.0,73.44624999999999,5.83125,1.0,201.90625,2025,4,2,78.0,0,Peru_4005.csv
2025-04-03,4005,77.0,31.0,9.0,3.0,3.0,6.0,2,2,1,1,1,1,3,3,-2.311477557958418,0.13064721324647843,2.1988187,4.2920475,-38.467594,-3.8489518,21,2025-04-03,21.97,0.0,76.7975,5.86,1.0,207.88625,2025,4,3,77.0,0,Peru_4005.csv
2025-04-04,4005,84.0,25.0,7.0,2.0,4.0,3.0,2,2,1,1,1,1,3,3,-2.77882141447561,0.5886580995961771,2.4377658,4.0412884,-37.972946,-0.20414846,21,2025-04-04,21.4775,0.0,80.75,6.65125,1.0,189.52125,2025,4,4,84.0,0,Peru_4005.csv
2025-04-05,4005,69.0,26.0,7.0,2.0,4.0,3.0,2,2,1,1,1,1,3,3,-3.449868872569071,-0.4471192151629774,3.2804377,4.969629,-64.50961,-18.047405,21,2025-04-05,21.45875,0.0,80.69125,7.27,1.0,188.095,2025,4,5,69.0,0,Peru_4005.csv
2025-04-06,4005,80.0,21.0,6.0,2.0,4.0,3.0,2,2,1,1,1,1,3,3,-3.383014211580943,0.12324195116247857,2.9232597,4.558868,-37.478416,-0.43743545,21,2025-04-06,21.6,0.0,82.3275,6.84,1.0,191.91875,2025,4,6,80.0,0,Peru_4005.csv
2025-04-07,4005,68.0,23.0,7.0,2.0,4.0,3.0,2,2,1,1,1,1,3,3,-3.6539600369954703,-0.6699155413831857,3.2788563,4.968451,-64.60919,-18.074131,21,2025-04-07,21.783749999999998,0.0,77.995,6.115,1.0,206.2875,2025,4,7,68.0,0,Peru_4005.csv
2025-04-08,4005,70.0,23.0,8.0,2.0,4.0,3.0,2,2,1,1,1,1,3,3,-3.3540226087754053,-0.5498237305793635,3.116354,5.0926666,-64.35717,-18.222216,21,2025-04-08,21.6875,0.0,79.0925,5.827500000000001,1.0,212.77625,2025,4,8,70.0,0,Peru_4005.csv
2025-04-09,4005,71.0,32.0,10.0,2.0,4.0,3.0,2,2,1,1,1,1,3,3,-2.4310785380993143,-0.07561579350472523,2.3764634,4.9806767,-36.620907,-11.67765,21,2025-04-09,21.57375,0.0,78.88125,5.11875,1.0,203.4225,2025,4,9,71.0,0,Peru_4005.csv
2025-04-10,4005,92.0,28.0,8.0,2.0,4.0,3.0,2,2,1,1,4,4,9,9,-2.0337891807287862,1.2935167349652623,1.5870254,3.9053407,-21.845598,5.1652946,21,2025-04-10,21.37625,0.0,79.74375,5.74,1.0,201.485,2025,4,10,92.0,0,Peru_4005.csv
2025-04-11,4005,84.0,33.0,9.0,2.0,4.0,3.0,2,2,1,1,4,4,3,3,-1.9560415808747946,0.94033784478817,1.9410372,4.055166,-20.999886,3.3229716,21,2025-04-11,21.30875,0.0,78.82625,5.6025,1.0,202.3175,2025,4,11,84.0,0,Peru_4005.csv
2025-04-12,4005,93.0,35.0,10.0,2.0,4.0,3.0,2,2,1,1,4,4,9,9,-1.2147720617690498,1.6674564823278228,1.1829494,3.5444417,-18.225334,6.7747746,21,2025-04-12,21.9575,0.0,75.42125,5.50125,1.0,195.79250000000002,2025,4,12,93.0,0,Peru_4005.csv
2025-04-13,4005,98.0,33.0,10.0,2.0,4.0,3.0,2,2,1,1,4,4,11,11,-1.0776953669929201,1.9291589765447368,1.0841936,3.4969504,-18.222006,6.3754067,21,2025-04-13,21.485,0.0,76.76625,5.48125,1.0,214.95125000000002,2025,4,13,98.0,0,Peru_4005.csv
2025-04-14,4005,96.0,28.0,8.0,2.0,4.0,3.0,2,2,1,1,4,4,9,9,-1.8409862764354001,1.5830931390626157,1.5398356,3.852339,-21.948425,5.6703653,21,2025-04-14,21.22125,0.0,78.6875,7.465,1.0,185.3175,2025,4,14,96.0,0,Peru_4005.csv
2025-04-15,4005,80.0,41.0,9.0,2.0,4.0,3.0,2,2,1,1,1,1,9,9,-1.7331367360825123,1.0518340311163263,1.9783748,3.4282808,-23.860735,-0.7883808,21,2025-04-15,20.05375,0.0,81.60375,6.42375,1.0,224.40249999999997,2025,4,15,80.0,0,Peru_4005.csv
2025-04-16,4005,116.0,39.0,9.0,2.0,4.0,3.0,0,0,3,3,5,5,10,10,-0.10183742672223318,3.5577533928997824,-1.0806485,1.4489636,51.771183,42.066563,21,2025-04-16,19.48125,0.0,81.18875,5.8325,1.0,214.94875000000002,2025,4,16,116.0,0,Peru_4005.csv
2025-04-17,4005,106.0,40.0,10.0,2.0,4.0,3.0,0,0,3,3,5,5,11,11,-0.3283452223764133,2.8592500280286326,-0.94514793,1.5761207,50.873894,41.401165,21,2025-04-17,19.155,0.0,81.4325,5.06625,1.0,219.6775,2025,4,17,106.0,0,Peru_4005.csv
2025-04-18,4005,110.0,30.0,9.0,2.0,4.0,3.0,0,0,3,3,5,5,11,11,-0.8587129872239693,2.6721822797311274,-0.9683179,1.595605,51.745068,41.477615,21,2025-04-18,19.74125,0.0,77.72875,5.77875,1.0,193.7875,2025,4,18,110.0,0,Peru_4005.csv
2025-04-19,4005,89.0,31.0,10.0,2.0,3.0,3.0,2,2,1,1,4,4,9,9,-1.7960830642270693,1.3030774367427893,1.5727298,3.907013,-20.459528,3.8549054,21,2025-04-19,20.64875,0.0,75.28625,5.1325,1.0,193.395,2025,4,19,89.0,0,Peru_4005.csv
2025-04-20,4005,88.0,25.0,8.0,2.0,4.0,3.0,2,2,1,1,1,1,3,3,-2.3824825430104206,0.8535381144039969,1.8198477,3.9376717,-22.06021,4.830944,21,2025-04-20,20.345,0.0,77.51125,5.52625,1.0,202.02125,2025,4,20,88.0,0,Peru_4005.csv
2025-04-21,4005,79.0,32.0,9.0,2.0,3.0,3.0,2,2,1,1,1,1,3,3,-2.4296628905245785,0.6539668803942474,2.204509,4.3189263,-39.08785,-4.476152,21,2025-04-21,20.89375,0.0,72.87,6.24125,1.0,190.255,2025,4,21,79.0,0,Peru_4005.csv
2025-04-22,4005,93.0,39.0,10.0,2.0,4.0,3.0,2,2,1,1,4,4,11,11,-1.006918219562165,1.8679927369023752,1.0549818,3.3097641,-17.883171,7.4846787,21,2025-04-22,20.3925,0.0,76.9575,6.2625,1.0,184.1825,2025,4,22,93.0,0,Peru_4005.csv
2025-04-23,4005,110.0,30.0,10.0,2.0,4.0,3.0,0,0,3,3,5,5,11,11,-0.6551769609793896,2.6474859607548433,-1.0284961,1.6295549,51.82218,41.301975,21,2025-04-23,20.165,0.0,80.16125,6.41,1.0,189.88625,2025,4,23,110.0,0,Peru_4005.csv
2025-04-24,4005,91.0,32.0,12.0,2.0,4.0,3.0,2,2,1,1,4,4,9,9,-1.0599918102893586,1.322873438532979,1.1281816,3.7968218,-18.046412,4.0139875,21,2025-04-24,20.02,0.0,80.42125,5.1825,1.0,209.92000000000002,2025,4,24,91.0,0,Peru_4005.csv
2025-04-25,4005,91.0,35.0,13.0,2.0,4.0,3.0,2,2,1,1,4,4,9,9,-0.700565347720554,1.4485793036621002,0.89096767,3.7602563,-17.787209,4.131252,21,2025-04-25,20.17875,0.0,79.14625,5.47375,1.0,203.82875,2025,4,25,91.0,0,Peru_4005.csv
2025-04-26,4005,97.0,40.0,9.0,2.0,4.0,3.0,2,2,1,1,4,4,11,11,-0.9656878340376303,2.23239957093993,1.0376643,3.1318114,-17.77483,7.895079,21,2025-04-26,19.745,0.0,79.46375,5.445,1.0,210.8275,2025,4,26,97.0,0,Peru_4005.csv
2025-04-27,4005,109.0,34.0,10.0,2.0,4.0,3.0,0,0,3,3,5,5,11,11,-0.49552390037885147,2.775627960201714,-1.004569,1.5645818,51.520508,41.36249,21,2025-04-27,20.08125,0.0,77.735,4.79375,1.0,204.73,2025,4,27,109.0,0,Peru_4005.csv
2025-04-28,4005,98.0,31.0,10.0,2.0,4.0,3.0,2,2,1,1,4,4,9,9,-1.18162228755439,1.8288907821966667,1.174492,3.6317074,-18.358824,6.221907,21,2025-04-28,19.93875,0.0,78.19749999999999,5.085,1.0,214.61375,2025,4,28,98.0,0,Peru_4005.csv
2025-04-29,4005,90.0,39.0,8.0,2.0,4.0,3.0,2,2,1,1,4,4,11,11,-1.55859247061988,1.7002031967878615,1.220476,3.1945357,-18.018402,8.106975,21,2025-04-29,19.8,0.0,79.95875,5.0575,1.0,216.52,2025,4,29,90.0,0,Peru_4005.csv
2025-04-30,4005,111.0,40.0,11.0,2.0,4.0,3.0,0,0,3,3,5,5,11,11,0.11619441528931579,3.1965242242072254,-1.0657364,1.5055357,51.237442,41.43387,21,2025-04-30,19.4625,0.0,82.505,4.81,1.0,215.9425,2025,4,30,111.0,0,Peru_4005.csv
2025-05-01,4005,113.0,40.0,9.0,2.0,4.0,3.0,0,0,3,3,5,5,11,11,-0.19447611612576057,3.3907052215666424,-1.033108,1.5138947,51.509983,41.851086,21,2025-05-01,19.7175,0.0,81.1725,5.30625,1.0,214.0775,2025,5,1,113.0,0,Peru_4005.csv
2025-05-02,4005,114.0,32.0,10.0,2.0,4.0,3.0,0,0,3,3,5,5,10,10,-0.3584471739811109,3.0373303777548664,-1.0908982,1.5734113,51.851437,41.449337,21,2025-05-02,19.58125,0.0,82.31375,4.99,1.0,214.45,2025,5,2,114.0,0,Peru_4005.csv
2025-05-03,4005,92.0,29.0,9.0,2.0,4.0,3.0,2,2,1,1,4,4,9,9,-1.7782896289888106,1.3189543716265981,1.5874772,3.8678696,-21.212196,4.867896,21,2025-05-03,19.37875,0.0,82.84875,5.0025,1.0,205.23375000000001,2025,5,3,92.0,0,Peru_4005.csv
2025-05-04,4005,87.0,28.0,8.0,2.0,4.0,2.0,2,2,1,1,1,1,3,3,-2.363164531919913,1.065408994195764,1.7538128,3.9245505,-21.841486,4.575003,21,2025-05-04,18.8075,0.0,83.4475,4.78125,1.0,221.88125,2025,5,4,87.0,0,Peru_4005.csv
2025-05-05,4005,86.0,34.0,10.0,2.0,4.0,3.0,2,2,1,1,4,4,9,9,-1.6041406689463475,1.110563759881749,1.6480944,3.9611578,-20.659626,3.3041472,21,2025-05-05,19.07625,0.0,82.16875,4.9675,1.0,252.0825,2025,5,5,86.0,0,Peru_4005.csv
2025-05-06,4005,95.0,40.0,11.0,2.0,4.0,3.0,2,2,1,1,4,4,11,11,-0.6550172498699012,2.038218636934946,0.9363755,3.2379217,-17.754509,7.3165193,21,2025-05-06,19.72,0.0,78.5525,4.10875,1.0,247.995,2025,5,6,95.0,0,Peru_4005.csv
2025-05-07,4005,111.0,39.0,10.0,10.2,4.0,3.0,0,0,3,3,5,5,11,11,-0.12753590634570017,3.7712512095839945,-0.9601487,1.5072455,51.301353,40.244537,21,2025-05-07,19.486250000000002,0.0,79.80625,4.79625,1.0,204.66125,2025,5,7,111.0,0,Peru_4005.csv
2025-05-08,4005,109.0,34.0,11.0,5.2,4.0,3.0,0,0,3,3,5,5,11,11,-0.2873950068897879,2.985142234343548,-1.029454,1.6334714,51.652515,40.875717,21,2025-05-08,19.1375,0.0,81.67125,5.71375,1.0,197.55625,2025,5,8,109.0,0,Peru_4005.csv
2025-05-09,4005,98.0,40.0,10.0,11.6,4.0,3.0,0,0,3,3,4,4,11,11,-0.7001725393988482,2.9827292166127775,0.3763989,2.193577,-2.3857722,16.024231,21,2025-05-09,18.30375,0.0,85.5475,5.39,1.0,244.97,2025,5,9,98.0,0,Peru_4005.csv
2025-05-10,4005,110.0,53.0,16.0,12.2,4.0,3.0,0,0,3,3,5,5,10,10,1.7758386617387154,4.398937535566947,-1.3825873,1.4029,46.4794,34.887527,21,2025-05-10,18.38,0.0,83.4725,4.35,1.0,217.14625,2025,5,10,110.0,0,Peru_4005.csv
2025-05-11,4005,138.0,41.0,12.0,8.2,4.0,2.0,0,0,3,3,5,5,10,10,1.5936404830973308,5.7642482582036845,-2.0712779,0.47261834,55.26899,46.153767,21,2025-05-11,18.295,0.0,82.2875,4.65,1.0,231.18875,2025,5,11,138.0,0,Peru_4005.csv
2025-05-12,4005,115.0,33.0,12.0,12.8,4.0,3.0,0,0,3,3,5,5,10,10,0.16428985340480434,3.9009265612825597,-1.3673636,1.3576988,53.18417,38.257668,21,2025-05-12,18.16125,0.0,83.47375,5.365,1.0,200.22875,2025,5,12,115.0,0,Peru_4005.csv
2025-05-13,4005,100.0,32.0,11.0,6.8,4.0,3.0,2,2,1,1,4,4,9,9,-0.8228320485322251,2.350432595154348,0.9229461,3.4794288,-17.144371,6.138078,21,2025-05-13,17.7375,0.0,84.82875,5.1,1.0,227.65125,2025,5,13,100.0,0,Peru_4005.csv
2025-05-14,4005,96.0,45.0,13.0,4.0,4.0,3.0,0,0,3,3,4,4,11,11,0.06294339127489969,2.4582719305532135,0.00075328455,2.455444,-1.9688872,13.054092,21,2025-05-14,17.9375,0.0,81.97875,4.975,1.0,231.99125,2025,5,14,96.0,0,Peru_4005.csv
2025-05-15,4005,126.0,40.0,16.0,8.0,4.0,3.0,0,0,3,3,5,5,10,10,1.86549709069122,4.598098642385472,-1.5388994,1.3764756,55.610405,37.316113,21,2025-05-15,19.24375,0.0,77.76125,4.66625,1.0,187.74,2025,5,15,126.0,0,Peru_4005.csv
2025-05-16,4005,111.0,45.0,14.0,8.8,4.0,3.0,0,0,3,3,5,5,10,10,0.9963797066004821,3.870803077630838,-1.2500416,1.587562,50.90818,35.484653,21,2025-05-16,19.6425,0.0,79.85375,4.36625,1.0,197.5825,2025,5,16,111.0,0,Peru_4005.csv
2025-05-17,4005,125.0,35.0,10.0,8.4,4.0,3.0,0,0,3,3,5,5,10,10,0.3368370554362916,4.452489068788602,-1.4008218,1.0544198,51.872948,45.26209,21,2025-05-17,20.05375,0.0,79.13125,5.14375,1.0,176.3025,2025,5,17,125.0,0,Peru_4005.csv
2025-05-18,4005,104.0,44.0,12.0,12.0,4.0,3.0,0,0,3,3,5,5,11,11,0.2045317787226294,3.597513502529258,-0.58121824,1.6130531,46.76257,36.86992,21,2025-05-18,19.56375,0.0,83.34375,4.83875,1.0,212.87,2025,5,18,104.0,0,Peru_4005.csv
2025-05-19,4005,123.0,40.0,12.0,11.0,4.0,3.0,0,0,3,3,5,5,10,10,0.9110565573291828,4.69927435127959,-1.4123455,1.1941392,53.825775,38.13331,21,2025-05-19,19.005,0.0,86.405,4.9975,1.0,203.45875,2025,5,19,123.0,0,Peru_4005.csv
2025-05-20,4005,116.0,28.0,13.0,4.4,4.0,3.0,0,0,3,3,5,5,10,10,0.14415318169863164,3.083151298307471,-1.2370508,1.6427221,52.889847,39.27675,21,2025-05-20,18.00625,0.0,88.135,5.25125,1.0,202.8225,2025,5,20,116.0,0,Peru_4005.csv
2025-05-21,4005,87.0,41.0,15.0,10.4,4.0,3.0,2,2,1,1,4,4,7,7,-0.16245925456058183,2.025217352538467,0.3288066,3.4369376,19.093811,-24.983908,21,2025-05-21,18.41875,0.0,84.375,4.78875,1.0,198.85625,2025,5,21,87.0,0,Peru_4005.csv
2025-05-22,4005,118.0,32.0,13.0,6.0,4.0,3.0,0,0,3,3,5,5,10,10,0.4507049824790759,3.5455810476820084,-1.2853261,1.4706485,52.92254,39.134937,21,2025-05-22,17.88125,0.0,86.29,5.58625,1.0,194.29625000000001,2025,5,22,118.0,0,Peru_4005.csv
2025-05-23,4005,90.0,26.0,10.0,4.0,4.0,3.0,2,2,1,1,4,4,9,9,-1.8241749391776034,1.145449293649184,1.5235947,3.9065166,-20.559465,4.675874,21,2025-05-23,17.65375,0.0,84.2125,5.5024999999999995,1.0,189.375,2025,5,23,90.0,0,Peru_4005.csv
2025-05-24,4005,77.0,24.0,9.0,7.4,4.0,3.0,2,2,1,1,1,1,3,3,-2.753367472060951,0.37760310363864663,2.4712098,4.7645397,-34.835693,-5.779927,21,2025-05-24,17.78625,0.0,82.76125,6.345,1.0,175.245,2025,5,24,77.0,0,Peru_4005.csv
2025-05-25,4005,73.0,20.0,8.0,3.6,4.0,3.0,2,2,1,1,1,1,3,3,-3.36301435382178,-0.36593820103711155,2.8864744,5.0338054,-51.23816,-16.957151,21,2025-05-25,17.75125,0.0,83.5,5.80375,1.0,183.9025,2025,5,25,73.0,0,Peru_4005.csv
2025-05-26,4005,63.0,16.0,8.0,3.6,4.0,3.0,2,2,1,1,1,1,3,3,-4.052875606821768,-1.290415529523752,3.7616763,5.3987103,-63.09484,-29.801172,21,2025-05-26,18.13125,0.0,82.0775,5.3025,1.0,192.84,2025,5,26,63.0,0,Peru_4005.csv
2025-05-27,4005,53.0,34.0,10.0,15.4,4.0,3.0,2,2,1,1,1,1,3,3,-3.1755322058213653,-0.29768453146396395,3.8017366,4.724431,-57.502514,-43.44129,21,2025-05-27,18.535,0.0,81.91624999999999,4.13625,1.0,202.94375,2025,5,27,53.0,0,Peru_4005.csv
2025-05-28,4005,86.0,35.0,11.0,6.4,4.0,3.0,2,2,1,1,4,4,9,9,-1.3423259452191358,1.4580410925815266,1.3703959,3.733995,-8.950557,6.6428523,21,2025-05-28,18.475,0.0,84.0475,5.38,1.0,190.48125,2025,5,28,86.0,0,Peru_4005.csv
2025-05-29,4005,95.0,23.0,9.0,6.6,4.0,3.0,2,2,1,1,4,4,9,9,-1.9388661044877462,1.5720100820089187,1.4062724,3.8609962,-22.47235,6.7440205,21,2025-05-29,17.4825,0.0,85.12375,5.3575,1.0,209.17000000000002,2025,5,29,95.0,0,Peru_4005.csv
2025-05-30,4005,70.0,21.0,9.0,12.4,4.0,3.0,2,2,1,1,1,1,3,3,-3.2394866403072915,0.08639634672517148,2.9239197,5.4033875,-53.90776,-16.254076,21,2025-05-30,16.87875,0.0,85.99625,5.3975,1.0,203.58375,2025,5,30,70.0,0,Peru_4005.csv
2025-05-31,4005,65.0,24.0,10.0,7.6,4.0,3.0,2,2,1,1,1,1,3,3,-3.1279531280268675,-0.501184237653465,2.8896353,5.3935733,-52.441235,-21.60625,21,2025-05-31,16.89375,0.0,85.36375,4.52,1.0,226.525,2025,5,31,65.0,0,Peru_4005.csv
2025-06-01,4005,76.0,25.0,8.0,4.0,4.0,3.0,2,2,1,1,1,1,3,3,-2.958020775922119,0.13119061766436035,2.6713257,4.894494,-50.533085,-16.394268,21,2025-06-01,16.70125,0.0,86.745,4.405,1.0,207.5425,2025,6,1,76.0,0,Peru_4005.csv
2025-06-02,4005,78.0,35.0,11.0,7.6,4.0,3.0,2,2,1,1,4,4,9,9,-1.7262094967252366,0.9667173193523327,1.922303,4.342754,-31.276707,-6.732359,21,2025-06-02,17.4325,0.0,85.87375,4.5475,1.0,189.34375,2025,6,2,78.0,0,Peru_4005.csv
2025-06-03,4005,100.0,21.0,8.0,4.2,4.0,3.0,2,2,1,1,4,4,9,9,-2.0087700273475226,1.6827509288845677,1.4186552,3.8055098,-22.733528,6.7807226,21,2025-06-03,18.48125,0.0,81.1725,6.31,1.0,152.5825,2025,6,3,100.0,0,Peru_4005.csv
2025-06-04,4005,68.0,12.0,7.0,4.8,4.0,3.0,2,2,1,1,1,1,3,3,-4.221539495499749,-1.0164558664621226,3.891369,5.4848576,-65.033356,-30.112804,21,2025-06-04,18.0075,0.0,84.1425,5.96125,1.0,177.21375,2025,6,4,68.0,0,Peru_4005.csv
2025-06-05,4005,42.0,11.0,8.0,4.4,4.0,3.0,2,2,1,1,1,1,3,3,-5.323759893510241,-3.002809192170113,5.6874366,5.245721,-61.866425,-62.67788,21,2025-06-05,17.1575,0.0,85.725,5.6325,1.0,186.3125,2025,6,5,42.0,0,Peru_4005.csv
2025-06-06,4005,42.0,15.0,9.0,4.4,4.0,3.0,2,2,1,1,1,1,3,3,-4.912369986097722,-2.8269693347038927,5.6530275,5.245653,-61.514896,-62.950283,21,2025-06-06,16.59,0.0,84.9675,5.7837499999999995,1.0,174.22375,2025,6,6,42.0,0,Peru_4005.csv
2025-06-07,4005,51.0,15.0,9.0,6.6,4.0,3.0,2,2,1,1,1,1,3,3,-4.475405949937394,-2.014402644968493,5.3321605,5.367822,-65.44177,-47.477222,21,2025-06-07,16.208750000000002,0.0,84.905,5.76,1.0,181.09,2025,6,7,51.0,0,Peru_4005.csv
2025-06-08,4005,55.0,13.0,8.0,5.4,4.0,3.0,2,2,1,1,1,1,3,3,-4.591788392005355,-1.8882270842279738,5.2397356,5.4014387,-65.95719,-47.595898,21,2025-06-08,16.5375,0.0,84.61375,5.92375,1.0,195.74875,2025,6,8,55.0,0,Peru_4005.csv
2025-06-09,4005,46.0,19.0,8.2,10.4,4.0,3.0,2,2,1,1,1,1,3,3,-4.665930550108721,-1.8779547348148145,5.0997167,5.337868,-64.34831,-47.32638,21,2025-06-09,16.86375,0.0,85.54124999999999,5.12625,1.0,199.38,2025,6,9,46.0,0,Peru_4005.csv
2025-06-10,4005,62.0,23.0,6.4,17.6,4.0,3.0,2,2,1,1,1,1,3,3,-4.042895947802896,0.052314443441012944,4.0758233,4.7373357,-78.29797,-41.86044,21,2025-06-10,17.395,0.0,83.88,5.046250000000001,1.0,207.365,2025,6,10,62.0,0,Peru_4005.csv
2025-06-11,4005,70.0,19.0,5.6,10.2,4.0,3.0,2,2,1,1,1,1,3,3,-4.038593734828329,-0.09092390974331448,3.6232636,5.006619,-69.055084,-25.607426,21,2025-06-11,19.88125,0.0,75.4325,6.4887500000000005,1.0,137.02625,2025,6,11,70.0,0,Peru_4005.csv
2025-06-12,4005,54.0,21.0,7.0,13.4,9.0,4.0,2,2,1,1,1,1,3,3,-3.4246925234111605,-1.7118562365795418,5.3017807,3.2053173,-40.30999,-54.500526,21,2025-06-12,18.97125,0.0,81.68125,7.69625,1.0,172.3125,2025,6,12,54.0,0,Peru_4005.csv
2025-06-13,4005,57.0,27.0,9.0,4.4,4.0,3.0,2,2,1,1,1,1,3,3,-3.5657975168024683,-1.1394491317368773,3.7275593,5.244625,-56.241848,-21.912523,21,2025-06-13,18.2575,0.0,84.47375,6.7025,1.0,179.0625,2025,6,13,57.0,0,Peru_4005.csv
2025-06-14,4005,67.0,34.0,10.0,15.2,4.0,3.0,2,2,1,1,1,1,3,3,-2.5010090865997174,0.7011946618852943,2.002532,5.031092,-10.225452,-24.030725,21,2025-06-14,18.72375,0.0,81.79,6.2525,1.0,191.98624999999998,2025,6,14,67.0,0,Peru_4005.csv
2025-06-15,4005,79.0,34.0,9.0,4.6,4.0,3.0,2,2,1,1,1,1,3,3,-2.141350036844682,0.8187975510575437,2.217652,4.303862,-39.296272,-4.471571,21,2025-06-15,18.51,0.0,85.09875,4.76875,1.0,181.55125,2025,6,15,79.0,0,Peru_4005.csv
2025-06-16,4005,83.0,22.0,8.0,8.0,4.0,3.0,2,2,1,1,1,1,3,3,-2.7707649202437525,0.7803104551517195,2.3200564,4.492442,-34.86589,-0.8774623,21,2025-06-16,17.958750000000002,0.0,86.13,7.8,1.0,178.62375,2025,6,16,83.0,0,Peru_4005.csv
2025-06-17,4005,60.0,23.0,8.0,5.6,4.0,3.0,2,2,1,1,1,1,3,3,-3.8308629561273446,-1.010277788692242,3.7960024,5.289509,-60.883923,-29.542515,21,2025-06-17,17.22125,0.0,87.52250000000001,6.84125,1.0,185.4525,2025,6,17,60.0,0,Peru_4005.csv
2025-06-18,4005,61.0,32.0,9.0,4.4,4.0,3.0,2,2,1,1,1,1,3,3,-3.1131772042609076,-0.5992023598148289,3.321339,4.9988794,-55.209404,-20.663855,21,2025-06-18,17.076249999999998,0.0,87.93875,5.7875,1.0,215.98375000000001,2025,6,18,61.0,0,Peru_4005.csv
2025-06-19,4005,77.0,29.0,11.0,5.8,4.0,3.0,2,2,1,1,4,4,3,3,-2.088774523407307,0.4617753892862591,2.1314516,4.7700706,-32.96552,-7.2530155,21,2025-06-19,16.6575,0.0,87.3075,6.7675,1.0,270.82125,2025,6,19,77.0,0,Peru_4005.csv
2025-06-20,4005,72.0,42.0,14.0,5.0,4.0,3.0,2,2,1,1,4,4,9,9,-1.0447931790576515,0.6189059206298246,0.988542,4.6682496,-3.0950768,-26.078487,21,2025-06-20,16.5,0.0,86.55625,4.95125,1.0,172.12875,2025,6,20,72.0,0,Peru_4005.csv
2025-06-21,4005,94.0,30.0,12.0,2.0,4.0,2.0,2,2,1,1,4,4,7,7,-1.1076882907119565,1.5736503471829015,1.0717269,3.7796915,-17.809046,4.1522517,21,2025-06-21,15.5275,0.0,88.1925,6.3412500000000005,1.0,191.5925,2025,6,21,94.0,0,Peru_4005.csv
2025-06-22,4005,73.0,22.0,10.0,1.0,4.0,3.0,2,2,1,1,1,1,3,3,-2.855746991133814,-0.5053589292287998,2.6426435,5.249844,-51.05902,-20.056427,21,2025-06-22,15.77375,0.0,84.82625,5.43375,1.0,188.6825,2025,6,22,73.0,0,Peru_4005.csv
2025-06-23,4005,62.0,51.0,13.0,3.0,4.0,3.0,2,2,1,1,4,4,9,9,-1.2655357833307312,0.2244861993485456,2.591285,3.3249388,-25.448456,-11.342886,21,2025-06-23,16.7125,0.0,82.8025,4.32,1.0,176.85875000000001,2025,6,23,62.0,0,Peru_4005.csv
2025-06-24,4005,112.0,50.0,16.0,5.0,4.0,3.0,0,0,3,3,5,5,10,10,1.706015698129439,3.8663494969938634,-1.3616697,1.5337847,50.85762,35.555714,21,2025-06-24,18.215,0.0,79.6925,5.13875,1.0,171.39625,2025,6,24,112.0,0,Peru_4005.csv
2025-06-25,4005,108.0,36.0,9.0,5.6,4.0,2.0,0,0,3,3,5,5,11,11,-0.7265384422790022,3.225548161590891,-1.0042372,1.5687481,51.265354,41.103817,21,2025-06-25,17.7625,0.0,83.8725,6.3675,1.0,185.8225,2025,6,25,108.0,0,Peru_4005.csv
2025-06-26,4005,83.0,42.0,8.0,4.2,4.0,3.0,2,2,1,1,1,1,11,11,-1.7369495863395816,1.504866552027785,1.9587663,3.3212419,-23.674147,-0.70397675,21,2025-06-26,17.34875,0.0,86.10875,6.98625,1.0,185.70250000000001,2025,6,26,83.0,0,Peru_4005.csv
2025-06-27,4005,96.0,18.0,8.0,4.2,4.0,2.0,2,2,1,1,4,4,3,3,-2.445835000167878,1.3766351530254455,1.4862206,3.9420788,-22.770388,6.8082323,21,2025-06-27,16.916249999999998,0.0,90.5425,7.215,1.0,192.685,2025,6,27,96.0,0,Peru_4005.csv
2025-06-28,4005,53.0,24.0,9.0,6.8,4.0,3.0,2,2,1,1,1,1,3,3,-3.9110461574745865,-1.4037697275563257,4.021703,5.390808,-62.266598,-43.94047,21,2025-06-28,17.14875,0.0,89.00375,7.01625,1.0,180.96375,2025,6,28,53.0,0,Peru_4005.csv
2025-06-29,4005,64.0,21.0,9.0,11.4,4.0,2.0,2,2,1,1,1,1,3,3,-3.6184980010982706,-0.28729636781699386,3.1595805,5.5167522,-59.114353,-26.81965,21,2025-06-29,16.7,0.0,88.705,6.7825,1.0,255.975,2025,6,29,64.0,0,Peru_4005.csv
2025-06-30,4005,60.0,28.0,10.0,3.0,4.0,3.0,2,2,1,1,1,1,3,3,-3.167705146174691,-0.9992962364886295,3.3082182,5.1806793,-55.4897,-21.411488,21,2025-06-30,16.43625,0.0,89.09375,5.57375,1.0,182.5825,2025,6,30,60.0,0,Peru_4005.csv
2025-07-01,4005,71.0,25.0,10.0,5.0,4.0,3.0,2,2,1,1,1,1,3,3,-2.7905170941093727,-0.20698180511523717,2.6300538,5.2574944,-51.642887,-19.763378,21,2025-07-01,15.536249999999999,0.0,89.62,6.175,1.0,171.45,2025,7,1,71.0,0,Peru_4005.csv
2025-07-02,4005,66.0,47.0,12.0,6.0,4.0,3.0,2,2,1,1,4,4,9,9,-1.4798169997713655,0.5577952016774654,2.6160095,3.4059503,-26.116636,-10.933331,21,2025-07-02,15.893749999999999,0.0,87.61875,5.0425,1.0,190.26500000000001,2025,7,2,66.0,0,Peru_4005.csv
2025-07-03,4005,110.0,54.0,14.0,6.0,4.0,3.0,0,0,3,3,5,5,10,10,1.4118314170701187,4.044681200938333,-1.2124714,1.2925694,50.005386,36.045033,21,2025-07-03,16.35125,0.0,86.7125,4.515,1.0,181.85,2025,7,3,110.0,0,Peru_4005.csv
2025-07-04,4005,129.0,57.0,16.0,7.0,4.0,3.0,0,0,3,3,5,5,10,10,2.8920429745535134,5.594369211008283,-1.9812634,0.969906,60.541508,36.995544,21,2025-07-04,17.580000000000002,0.0,83.6025,5.1125,1.0,169.61625,2025,7,4,129.0,0,Peru_4005.csv
2025-07-05,4005,135.0,20.0,10.0,5.0,4.0,3.0,0,0,3,3,5,5,10,10,0.034512267462398,4.175570022683841,-1.4523934,0.85487515,51.29839,45.535965,21,2025-07-05,16.745,0.0,86.40625,6.695,1.0,171.03125,2025,7,5,135.0,0,Peru_4005.csv
2025-07-06,4005,59.0,23.0,8.0,4.0,4.0,3.0,2,2,1,1,1,1,3,3,-3.881360184099046,-1.1997771646457795,3.8370035,5.255558,-61.00814,-29.635105,21,2025-07-06,15.72625,0.0,87.01125,8.6675,1.0,167.6625,2025,7,6,59.0,0,Peru_4005.csv
2025-07-07,4005,64.0,26.0,9.0,5.0,4.0,3.0,2,2,1,1,1,1,3,3,-3.279494612830651,-0.6389100283261332,3.0863285,5.1589227,-54.249695,-21.135225,21,2025-07-07,15.43,0.0,85.8225,7.51375,1.0,166.54,2025,7,7,64.0,0,Peru_4005.csv
2025-07-08,4005,65.0,27.0,11.0,4.0,4.0,2.0,2,2,1,1,1,1,3,3,-2.862065348377818,-0.505102714275293,2.7064605,5.2484736,-53.30438,-20.602621,21,2025-07-08,15.342500000000001,0.0,85.9425,5.41625,1.0,170.34875,2025,7,8,65.0,0,Peru_4005.csv
2025-07-09,4005,66.0,26.0,10.0,4.0,4.0,3.0,2,2,1,1,1,1,3,3,-2.9809924605187463,-0.592009001253505,2.7602706,5.233833,-52.647854,-20.422802,21,2025-07-09,15.46875,0.0,84.605,6.7875000000000005,1.0,159.2975,2025,7,9,66.0,0,Peru_4005.csv
2025-07-10,4005,68.0,27.0,10.0,4.0,4.0,3.0,2,2,1,1,1,1,3,3,-2.832627597378849,-0.3970867764484954,2.6556914,5.213746,-52.173946,-20.156528,21,2025-07-10,15.405,0.0,85.605,6.8175,1.0,173.7925,2025,7,10,68.0,0,Peru_4005.csv
2025-07-11,4005,68.0,37.0,13.0,4.0,4.0,3.0,2,2,1,1,4,4,3,3,-1.7023847346213064,0.03016473860228302,1.4508972,4.9410796,-2.221007,-27.205355,21,2025-07-11,15.1775,0.0,86.0125,6.3462499999999995,1.0,172.87625,2025,7,11,68.0,0,Peru_4005.csv
2025-07-12,4005,83.0,53.0,13.0,5.0,4.0,3.0,2,2,1,1,4,4,11,11,-0.14652303715113715,1.991411996656988,1.2797778,2.5246375,1.5237712,8.356169,21,2025-07-12,15.14125,0.0,85.6625,6.14625,1.0,178.4425,2025,7,12,83.0,0,Peru_4005.csv
2025-07-13,4005,120.0,38.0,10.0,4.0,4.0,2.0,0,0,3,3,5,5,10,10,0.15703684360194484,4.052743709655048,-1.2435876,1.2460406,52.163254,42.494152,21,2025-07-13,15.36125,0.0,86.0,6.00375,1.0,172.3275,2025,7,13,120.0,0,Peru_4005.csv
2025-07-14,4005,91.0,32.0,9.0,4.0,4.0,2.0,2,2,1,1,4,4,9,9,-1.756101091777435,1.6772069466037511,1.6123122,3.9007888,-21.022543,4.570049,21,2025-07-14,15.2675,0.0,87.29,8.0375,1.0,170.04125,2025,7,14,91.0,0,Peru_4005.csv
2025-07-15,4005,79.0,26.0,10.0,4.0,4.0,2.0,2,2,1,1,1,1,3,3,-2.4427546769639914,0.48297699924691756,2.2078846,4.6252995,-33.868702,-6.102006,21,2025-07-15,15.25375,0.0,86.4225,7.51125,1.0,165.28,2025,7,15,79.0,0,Peru_4005.csv
2025-07-16,4005,67.0,37.0,14.0,5.0,4.0,2.0,2,2,1,1,4,4,7,7,-1.6339858368403744,0.1401278030534039,1.3223003,4.9504657,-2.2512746,-27.161093,21,2025-07-16,15.93375,0.0,83.99375,5.68875,1.0,194.64625,2025,7,16,67.0,0,Peru_4005.csv
2025-07-17,4005,82.0,47.0,16.0,6.0,4.0,3.0,2,2,1,1,4,4,7,7,0.10553879862516165,1.6173152868912302,0.5137608,3.4263325,3.8793528,9.698763,21,2025-07-17,15.86625,0.0,86.4675,4.37625,1.0,188.68875,2025,7,17,82.0,0,Peru_4005.csv
2025-07-18,4005,101.0,41.0,14.0,6.0,4.0,3.0,0,0,3,3,4,4,11,11,0.30249971822236443,2.7413914115281837,-0.49451566,2.257728,49.926685,34.332527,21,2025-07-18,15.785,0.0,86.98375,5.6325,1.0,177.04749999999999,2025,7,18,101.0,0,Peru_4005.csv
2025-07-19,4005,93.0,30.0,13.0,5.0,4.0,2.0,2,2,1,1,4,4,7,7,-0.9480472344803313,1.6961323568445776,1.0257688,3.8530025,-17.005932,3.9294195,21,2025-07-19,15.805,0.0,87.18625,6.43625,1.0,172.70250000000001,2025,7,19,93.0,0,Peru_4005.csv
2025-07-20,4005,78.0,32.0,11.0,4.0,4.0,2.0,2,2,1,1,4,4,3,3,-1.9756385280742648,0.6866909248126607,2.067045,4.5712776,-32.557938,-7.177335,21,2025-07-20,15.51375,0.0,87.265,6.4225,1.0,177.36375,2025,7,20,78.0,0,Peru_4005.csv
2025-07-21,4005,83.0,44.0,12.0,5.0,4.0,3.0,2,2,1,1,4,4,9,9,-0.8177302416937737,1.564901834306851,1.2544001,3.0349486,-4.3973026,7.193372,21,2025-07-21,15.30375,0.0,86.005,5.8525,1.0,168.2225,2025,7,21,83.0,0,Peru_4005.csv
2025-07-22,4005,105.0,42.0,12.0,5.0,7.4,2.0,0,0,3,3,5,5,11,11,0.6646114537028677,2.7636726020874893,-0.3162162,1.9206051,49.17804,33.94043,21,2025-07-22,15.54625,0.0,83.23,5.2675,1.0,176.32125,2025,7,22,105.0,0,Peru_4005.csv
2025-07-23,4005,99.0,35.0,11.0,4.0,2.6,3.0,2,2,1,1,4,4,11,11,-0.972077087632737,2.399533317732909,0.8697441,3.3957088,-17.338858,6.3291864,21,2025-07-23,15.596250000000001,0.0,84.72375,6.71875,1.0,175.1825,2025,7,23,99.0,0,Peru_4005.csv
2025-07-24,4005,87.0,34.0,9.0,4.0,12.0,2.0,2,2,1,1,4,4,9,9,-0.3997434886521938,0.482030264194774,3.3102605,1.6434809,-0.5430983,-12.145412,21,2025-07-24,15.45,0.0,85.06375,6.705,1.0,173.22375,2025,7,24,87.0,0,Peru_4005.csv
2025-07-25,4005,81.0,36.0,10.0,4.0,4.0,3.0,2,2,1,1,4,4,9,9,-1.7383468385389753,0.9952430546118046,1.9523019,4.061864,-22.93657,-0.0091279205,21,2025-07-25,15.7275,0.0,84.035,7.14625,1.0,176.43625,2025,7,25,81.0,0,Peru_4005.csv
2025-07-26,4005,84.0,40.0,10.0,4.0,4.0,2.0,2,2,1,1,4,4,9,9,-1.4742624524080163,1.5468243806164934,1.71938,3.36373,-5.9884953,8.520241,21,2025-07-26,15.6125,0.0,85.18625,7.03125,1.0,180.025,2025,7,26,84.0,0,Peru_4005.csv
2025-07-27,4005,90.0,31.0,9.0,3.0,4.0,2.0,2,2,1,1,4,4,9,9,-1.8577005996282991,1.4814879743972318,1.6470848,3.895713,-21.066982,4.4833713,21,2025-07-27,15.335,0.0,85.8175,7.08125,1.0,176.0925,2025,7,27,90.0,0,Peru_4005.csv
2025-07-28,4005,75.0,35.0,9.0,3.0,4.0,2.0,2,2,1,1,1,1,3,3,-2.3728576494230578,0.5961127009771553,2.331194,4.3756833,-39.951324,-4.8051596,21,2025-07-28,15.84875,0.0,85.02125,5.25375,1.0,200.365,2025,7,28,75.0,0,Peru_4005.csv
2025-07-29,4005,79.0,42.0,10.0,4.0,4.0,2.0,2,2,1,1,4,4,9,9,-1.611339207219323,1.2851219295319307,1.9682733,3.4221795,-24.497831,-1.0493261,21,2025-07-29,16.1075,0.0,84.87,4.8862499999999995,1.0,224.37375,2025,7,29,79.0,0,Peru_4005.csv
2025-07-30,4005,95.0,32.0,11.0,4.0,4.0,2.0,2,2,1,1,4,4,9,9,-1.1562261695929037,1.9173905470828652,1.0206467,3.5948722,-17.784273,5.5690827,21,2025-07-30,16.89875,0.0,80.015,5.015,1.0,183.59875,2025,7,30,95.0,0,Peru_4005.csv
2025-07-31,4005,76.0,33.0,11.0,4.0,4.0,2.0,2,2,1,1,4,4,3,3,-2.020076533145335,0.5920367609973555,2.1174538,4.652362,-32.462494,-7.3017964,21,2025-07-31,16.7175,0.0,83.2875,7.0962499999999995,1.0,180.19125,2025,7,31,76.0,0,Peru_4005.csv
2025-08-01,4005,78.0,50.0,10.0,4.0,4.0,2.0,2,2,1,1,4,4,11,11,-1.2438321827631864,1.6138003702663808,1.8947302,2.4732888,-0.8181208,6.8598294,21,2025-08-01,16.095,0.0,87.18875,8.84125,1.0,176.4125,2025,8,1,78.0,0,Peru_4005.csv
2025-08-02,4005,107.0,40.0,10.0,4.0,4.0,2.0,0,0,3,3,5,5,11,11,-0.36564565158811546,3.211888599707507,-0.98706126,1.5279955,50.973324,41.230907,21,2025-08-02,15.936250000000001,0.0,87.49125,5.9399999999999995,1.0,184.335,2025,8,2,107.0,0,Peru_4005.csv
2025-08-03,4005,83.0,27.0,10.0,3.0,4.0,2.0,2,2,1,1,4,4,3,3,-2.199423549257332,0.7494966230253223,2.0867496,4.534416,-33.772038,-5.799806,21,2025-08-03,16.37875,0.0,85.2775,5.38125,1.0,242.66125,2025,8,3,83.0,0,Peru_4005.csv
2025-08-04,4005,66.0,42.0,12.0,4.0,4.0,3.0,2,2,1,1,4,4,3,3,-1.7425049098142849,0.16074322272132432,2.5153913,3.4593298,-26.548042,-11.179245,21,2025-08-04,16.4175,0.0,86.2025,4.545,1.0,207.06875,2025,8,4,66.0,0,Peru_4005.csv
2025-08-05,4005,95.0,35.0,13.0,4.0,4.0,3.0,2,2,1,1,4,4,9,9,-0.5048919462679277,1.8845372058828005,0.86002374,3.6001892,-17.55172,4.6256185,21,2025-08-05,16.9375,0.0,82.715,5.8500000000000005,1.0,180.845,2025,8,5,95.0,0,Peru_4005.csv
2025-08-06,4005,87.0,31.0,11.0,4.0,4.0,2.0,2,2,1,1,4,4,9,9,-1.5937954547589497,1.288103698180221,1.5873047,4.074334,-20.150661,2.6302252,21,2025-08-06,16.1525,0.0,85.8,6.72625,1.0,177.1875,2025,8,6,87.0,0,Peru_4005.csv
2025-08-07,4005,82.0,31.0,11.0,4.0,4.0,3.0,2,2,1,1,4,4,9,9,-1.746427358683299,0.7922704847974649,1.8515191,4.33045,-20.392405,1.3184983,21,2025-08-07,16.01,0.0,85.52625,5.81625,1.0,189.86124999999998,2025,8,7,82.0,0,Peru_4005.csv
2025-08-08,4005,80.0,26.0,13.0,4.0,4.0,2.0,2,2,1,1,4,4,7,7,-1.7839457786008819,0.4812819854182782,1.1835396,4.8361597,-17.289783,-0.24893723,21,2025-08-08,15.98875,0.0,85.13625,5.5375,1.0,179.0575,2025,8,8,80.0,0,Peru_4005.csv
2025-08-09,4005,71.0,27.0,10.0,4.0,4.0,2.0,2,2,1,1,1,1,3,3,-2.7763970854078126,-0.046041735611851015,2.505157,5.176686,-51.655907,-19.902931,21,2025-08-09,15.77,0.0,86.0425,7.945,1.0,171.285,2025,8,9,71.0,0,Peru_4005.csv
2025-08-10,4005,76.0,25.0,9.0,3.0,4.0,2.0,2,2,1,1,1,1,3,3,-2.8442915769071373,0.16716619658279133,2.5504456,4.9590673,-50.440407,-16.52915,21,2025-08-10,15.52,0.0,86.65625,7.68375,1.0,179.3525,2025,8,10,76.0,0,Peru_4005.csv
2025-08-11,4005,70.0,24.0,10.0,3.0,4.0,2.0,2,2,1,1,1,1,3,3,-2.9819234296912476,-0.3420287736572232,2.6189992,5.2417808,-51.55103,-20.032726,21,2025-08-11,15.3675,0.0,87.2025,6.69375,1.0,175.03125,2025,8,11,70.0,0,Peru_4005.csv
2025-08-12,4005,64.0,28.0,11.0,3.0,4.0,2.0,2,2,1,1,1,1,3,3,-2.8597378698214753,-0.6005535243111397,2.7797756,5.1790223,-53.578243,-20.576906,21,2025-08-12,15.3575,0.0,85.68,5.44375,1.0,187.92375,2025,8,12,64.0,0,Peru_4005.csv
2025-08-13,4005,70.0,42.0,13.0,4.0,4.0,3.0,2,2,1,1,4,4,9,9,-1.346165909043249,0.4256232531505228,2.385711,3.5312433,-26.61806,-11.655682,21,2025-08-13,15.4725,0.0,84.48125,4.5275,1.0,183.76125,2025,8,13,70.0,0,Peru_4005.csv
2025-08-14,4005,94.0,38.0,14.0,4.0,4.0,2.0,2,2,1,1,4,4,7,7,-0.28203795850081204,2.0717117960435645,0.60789067,3.5083,-17.5716,4.5995803,21,2025-08-14,15.892499999999998,0.0,81.935,5.91,1.0,182.71875,2025,8,14,94.0,0,Peru_4005.csv
2025-08-15,4005,91.0,26.0,12.0,3.0,4.0,2.0,2,2,1,1,4,4,7,7,-1.458709043814674,1.229122688006661,1.0884157,3.8312478,-17.400742,3.5740516,21,2025-08-15,15.90125,0.0,82.86375,7.56625,1.0,184.115,2025,8,15,91.0,0,Peru_4005.csv
2025-08-16,4005,68.0,31.0,12.0,3.0,4.0,2.0,2,2,1,1,1,1,3,3,-2.307508523649968,-0.18527132327841347,2.26859,5.104478,-35.760513,-12.340847,21,2025-08-16,15.86625,0.0,82.63,6.68375,1.0,188.97875000000002,2025,8,16,68.0,0,Peru_4005.csv
2025-08-17,4005,73.0,28.0,12.0,4.0,4.0,2.0,2,2,1,1,4,4,3,3,-2.220960015829926,0.09948782655346723,2.0798955,5.066815,-35.64717,-11.8881235,21,2025-08-17,15.6025,0.0,83.08,7.01125,1.0,176.4125,2025,8,17,73.0,0,Peru_4005.csv
2025-08-18,4005,71.0,23.0,10.0,3.0,4.0,2.0,2,2,1,1,1,1,3,3,-2.985686209656166,-0.3197687795743526,2.627297,5.2484355,-51.41067,-19.997606,21,2025-08-18,15.49,0.0,82.15625,8.10625,1.0,171.02499999999998,2025,8,18,71.0,0,Peru_4005.csv
2025-08-19,4005,62.0,31.0,11.0,3.0,4.0,2.0,2,2,1,1,1,1,3,3,-2.8002488820087303,-0.5949394633833534,2.7809541,5.1154847,-54.051144,-20.416718,21,2025-08-19,15.717500000000001,0.0,81.57124999999999,7.734999999999999,1.0,175.2175,2025,8,19,62.0,0,Peru_4005.csv
2025-08-20,4005,72.0,29.0,11.0,3.0,4.0,2.0,2,2,1,1,1,1,3,3,-2.42216855890914,0.028733297689168297,2.2816358,5.0875807,-35.955494,-11.8712,21,2025-08-20,15.71875,0.0,84.38,6.15,1.0,182.42125000000001,2025,8,20,72.0,0,Peru_4005.csv
2025-08-21,4005,68.0,18.0,11.0,3.0,4.0,3.0,2,2,1,1,1,1,3,3,-3.098197939103224,-0.9461804389414434,2.5747445,5.323872,-51.031384,-20.49486,21,2025-08-21,15.46125,0.0,85.17875,7.20125,1.0,171.865,2025,8,21,68.0,0,Peru_4005.csv
2025-08-22,4005,55.0,17.0,12.0,3.0,4.0,2.0,2,2,1,1,1,1,3,3,-3.6616066543528736,-1.8282715179101017,1.9020141,6.145322,-52.498894,-65.13603,21,2025-08-22,15.59625,0.0,83.81625,9.29875,1.0,182.9225,2025,8,22,55.0,0,Peru_4005.csv
2025-08-23,4005,50.0,31.0,12.0,3.0,4.0,2.0,2,2,1,1,1,1,3,3,-3.1751216250159455,-1.4883650626618317,1.9947296,5.962182,-56.039753,-48.76774,21,2025-08-23,15.64,0.0,84.88125,6.7975,1.0,194.93875,2025,8,23,50.0,0,Peru_4005.csv
2025-08-24,4005,72.0,31.0,11.0,2.0,4.0,2.0,2,2,1,1,1,1,3,3,-2.3196769029936104,0.0558105994531442,2.3109057,5.053696,-36.126186,-11.827948,21,2025-08-24,15.11875,0.0,81.81375,6.47,1.0,159.37,2025,8,24,72.0,0,Peru_4005.csv
2025-08-25,4005,73.0,29.0,13.0,2.0,12.0,3.0,2,2,1,1,4,4,9,9,-0.43472569495676816,-1.1611872498647715,4.617836,1.1062651,4.857785,-26.22569,21,2025-08-25,15.0325,0.0,83.42125,6.4875,1.0,237.34875,2025,8,25,73.0,0,Peru_4005.csv
2025-08-26,4005,69.0,32.0,14.0,3.0,4.0,2.0,2,2,1,1,4,4,7,7,-1.8002723227643815,-0.11213586658999257,1.3652283,4.9993505,-1.7577022,-27.817286,21,2025-08-26,15.424999999999999,0.0,84.00375,5.1362499999999995,1.0,193.48,2025,8,26,69.0,0,Peru_4005.csv
2025-08-27,4005,79.0,19.0,12.0,2.0,4.0,2.0,2,2,1,1,4,4,7,7,-2.402297345680311,-0.06373575955098354,1.3969946,5.028841,-32.360893,-11.78763,21,2025-08-27,15.09875,0.0,85.755,6.24,1.0,168.0325,2025,8,27,79.0,0,Peru_4005.csv
2025-08-28,4005,57.0,16.0,12.0,3.0,4.0,2.0,2,2,1,1,1,1,3,3,-3.617168548647637,-1.733617304615258,1.9047154,6.132233,-52.485687,-64.96538,21,2025-08-28,14.96,0.0,86.70625,6.9037500000000005,1.0,168.52375,2025,8,28,57.0,0,Peru_4005.csv
2025-08-29,4005,50.0,17.0,12.0,3.0,4.0,2.0,2,2,1,1,1,1,3,3,-3.9026102262919764,-2.1902419740558337,1.9645569,6.173036,-52.669296,-65.68631,21,2025-08-29,15.4225,0.0,82.01125,8.647499999999999,1.0,172.0275,2025,8,29,50.0,0,Peru_4005.csv
2025-08-30,4005,51.0,19.0,13.0,3.0,4.0,2.0,2,2,1,1,1,1,3,3,-3.5469465245611724,-2.042276129320446,1.9531316,6.1626086,-52.377674,-65.66609,21,2025-08-30,15.158750000000001,0.0,81.0575,6.785,1.0,172.85875,2025,8,30,51.0,0,Peru_4005.csv
2025-08-31,4005,53.0,24.0,13.0,2.0,4.0,2.0,2,2,1,1,1,1,3,3,-3.192162924379903,-1.720008403733343,1.9315842,6.1330123,-52.14437,-65.534325,21,2025-08-31,15.39875,0.0,83.0475,5.4725,1.0,200.43625,2025,8,31,53.0,0,Peru_4005.csv
2025-09-01,4005,64.0,36.0,14.0,3.0,4.0,2.0,2,2,1,1,4,4,3,3,-1.8334220684545117,-0.2735701339320208,1.3389175,4.9882474,-2.1291723,-27.254436,21,2025-09-01,15.24375,0.0,85.37375,5.0325,1.0,214.30125,2025,9,1,64.0,0,Peru_4005.csv
2025-09-02,4005,85.0,26.0,14.0,3.0,4.0,2.0,2,2,1,1,4,4,7,7,-1.3408413906304757,0.7453652931513709,1.0122135,4.5529785,-17.044277,0.23022391,21,2025-09-02,15.45875,0.0,83.42625,5.705,1.0,206.00625000000002,2025,9,2,85.0,0,Peru_4005.csv
2025-09-03,4005,69.0,31.0,13.0,2.0,18.0,3.0,2,2,1,1,4,4,9,9,0.5603234511464276,-2.1048968228211917,4.9392867,0.7114511,-11.377273,-42.72388,21,2025-09-03,15.35375,0.0,83.38625,5.06375,1.0,199.5675,2025,9,3,69.0,0,Peru_4005.csv
2025-09-04,4005,79.0,33.0,21.0,1.0,1.0,4.0,2,2,1,1,4,4,7,7,-0.20963911887372258,0.4521581794502481,-0.48178306,4.912954,34.57506,-37.778652,21,2025-09-04,15.305,0.0,83.21875,5.76125,1.0,195.145,2025,9,4,79.0,0,Peru_4005.csv
2025-09-05,4005,78.0,35.0,23.0,2.0,1.0,4.0,2,2,1,1,4,4,7,7,0.25459463150764977,0.5038302359647168,-0.653102,4.963054,35.028873,-37.608593,21,2025-09-05,14.8375,0.0,84.16,5.64125,1.0,213.94625000000002,2025,9,5,78.0,0,Peru_4005.csv
2025-09-06,4005,86.0,37.0,23.0,2.0,1.0,4.0,2,2,1,1,4,4,7,7,0.7441273498106019,1.1832510484298042,-0.6364007,4.817744,35.509495,-37.473244,21,2025-09-06,15.805,0.0,80.255,5.16,1.0,205.75,2025,9,6,86.0,0,Peru_4005.csv
2025-09-07,4005,90.0,35.0,20.0,1.0,1.0,3.0,2,2,1,1,4,4,7,7,0.1325883391258243,1.507320399112055,-0.35570356,4.652858,21.399483,-29.92604,21,2025-09-07,15.63625,0.0,83.69125,6.9925,1.0,179.655,2025,9,7,90.0,0,Peru_4005.csv
2025-09-08,4005,87.0,32.0,20.0,1.0,1.0,3.0,2,2,1,1,4,4,7,7,-0.16790434952835984,1.1397359250366539,-0.3975495,4.7528596,21.497585,-30.043247,21,2025-09-08,15.71875,0.0,85.2825,6.69625,1.0,200.255,2025,9,8,87.0,0,Peru_4005.csv
2025-09-09,4005,78.0,28.0,20.0,1.0,1.0,3.0,2,2,1,1,4,4,7,7,-0.8095647222908469,0.2876528955305332,-0.35024256,4.9594593,34.058937,-38.362286,21,2025-09-09,15.78125,0.0,85.11250000000001,5.8075,1.0,223.14125,2025,9,9,78.0,0,Peru_4005.csv
2025-09-10,4005,70.0,35.0,21.0,2.0,1.2,4.0,2,2,1,1,4,4,7,7,-0.5019526045675462,-0.05107651040912507,-0.45128727,5.060371,34.141033,-37.30711,21,2025-09-10,15.68,0.0,85.5,6.0725,1.0,190.25125,2025,9,10,70.0,0,Peru_4005.csv
2025-09-11,4005,85.0,28.0,20.0,2.0,3.8,4.0,2,2,1,1,4,4,7,7,0.12347911155325916,0.38168555317820474,-0.4104152,4.6869445,21.53273,-30.103731,21,2025-09-11,15.7075,0.0,84.60875,5.46,1.0,193.4325,2025,9,11,85.0,0,Peru_4005.csv
2025-09-12,4005,72.0,36.0,22.0,2.0,2.0,4.0,2,2,1,1,4,4,7,7,-0.005528209064024851,0.01856246389329294,-0.56441575,4.981005,34.38737,-37.269962,21,2025-09-12,15.605,0.0,85.17625,4.625,1.0,214.8025,2025,9,12,72.0,0,Peru_4005.csv
2025-09-13,4005,88.0,38.0,20.0,2.0,5.6,3.0,2,2,1,1,4,4,7,7,1.0245218095618733,1.0077508956962826,-0.4274888,4.5917096,21.180647,-29.205744,21,2025-09-13,16.49625,0.0,79.74125,7.225,1.0,185.58875,2025,9,13,88.0,0,Peru_4005.csv
2025-09-14,4005,90.0,29.0,19.0,1.0,2.6,4.0,2,2,1,1,4,4,7,7,-0.005310226280790548,0.8961759870694288,-0.3165629,4.649761,21.361612,-30.004211,21,2025-09-14,16.2325,0.0,84.09,5.73625,1.0,195.03,2025,9,14,90.0,0,Peru_4005.csv
2025-09-15,4005,73.0,50.0,20.0,2.0,7.4,3.0,2,2,1,1,4,4,7,7,1.2502500928336848,0.2971276831445199,-0.71841353,4.460791,34.29972,-31.31894,21,2025-09-15,16.58875,0.0,82.92125,5.205,1.0,189.99,2025,9,15,73.0,0,Peru_4005.csv
2025-09-16,4005,117.0,48.0,21.0,2.0,2.4,3.0,0,0,3,3,5,5,10,10,2.5674201786510635,3.986171263815619,-1.7114573,2.0955155,78.074356,18.63277,21,2025-09-16,17.11125,0.0,82.0425,4.83625,1.0,215.20375,2025,9,16,117.0,0,Peru_4005.csv
2025-09-17,4005,106.0,50.0,23.0,3.0,6.0,3.0,0,0,3,3,4,4,7,7,3.200001543260042,2.8612615985196195,-1.6652178,2.4020844,73.222946,11.019248,21,2025-09-17,17.355,0.0,81.08,4.53,1.0,214.32874999999999,2025,9,17,106.0,0,Peru_4005.csv
2025-09-18,4005,114.0,49.0,21.0,5.0,2.0,3.0,0,0,3,3,5,5,10,10,2.406825495663194,4.08898892809983,-1.7378131,2.1289372,78.02989,18.58186,21,2025-09-18,17.23875,0.0,82.2225,5.58,1.0,199.19375,2025,9,18,114.0,0,Peru_4005.csv
2025-09-19,4005,108.0,40.0,19.0,7.0,12.0,3.0,0,0,3,3,4,4,7,7,3.0522904495214127,2.141856787254714,-1.5176365,1.9192771,70.71624,13.854363,21,2025-09-19,16.955,0.0,83.4375,6.52125,1.0,190.32874999999999,2025,9,19,108.0,0,Peru_4005.csv
2025-09-20,4005,95.0,31.0,19.0,7.0,1.0,3.0,2,2,1,1,4,4,7,7,-0.02918645482757775,2.132595857069731,-0.20422854,4.486596,19.091625,-29.662134,21,2025-09-20,16.365,0.0,84.625,8.56,1.0,181.87625,2025,9,20,95.0,0,Peru_4005.csv
2025-09-21,4005,79.0,30.0,18.0,6.0,6.6,3.0,2,2,1,1,4,4,7,7,-0.04566930406483148,0.17155397926147045,-0.33297378,4.8384166,30.600975,-34.070187,21,2025-09-21,16.44375,0.0,82.87375,6.9975,1.0,185.21,2025,9,21,79.0,0,Peru_4005.csv
2025-09-22,4005,75.0,34.0,19.0,6.0,4.6,3.0,2,2,1,1,4,4,7,7,-0.18839079217710317,0.3092846077487568,-0.17655009,4.937123,29.185799,-34.719982,21,2025-09-22,15.895000000000001,0.0,83.155,6.935,1.0,260.82875,2025,9,22,75.0,0,Peru_4005.csv
2025-09-23,4005,74.0,43.0,21.0,7.0,6.6,3.0,2,2,1,1,4,4,7,7,1.0008954024300558,0.4604279884342385,-0.7646138,4.4649253,34.361977,-30.580439,21,2025-09-23,16.958750000000002,0.0,81.53625,4.42875,1.0,211.72375,2025,9,23,74.0,0,Peru_4005.csv
2025-09-24,4005,93.0,38.0,20.0,7.0,11.6,3.0,0,0,3,3,4,4,7,7,2.3566270366030366,0.9812742019736598,-1.1029588,2.9334648,66.618515,-20.82924,21,2025-09-24,17.61,0.0,81.15,5.358750000000001,1.0,204.32625000000002,2025,9,24,93.0,0,Peru_4005.csv
2025-09-25,4005,84.0,38.0,19.0,7.0,16.0,3.0,2,2,1,1,4,4,9,9,2.5141628064085326,-0.1988039202960723,4.1175213,-0.42855814,48.141216,-23.38176,21,2025-09-25,17.445,0.0,82.5475,5.85875,1.0,199.44875,2025,9,25,84.0,0,Peru_4005.csv
2025-09-26,4005,91.0,24.0,19.0,7.0,13.2,3.0,2,2,1,1,4,4,7,7,1.6182476633925875,-0.04186809088013813,4.238644,-0.22193365,45.774563,-26.743855,21,2025-09-26,16.98,0.0,84.495,8.53125,1.0,180.60999999999999,2025,9,26,91.0,0,Peru_4005.csv
2025-09-27,4005,68.0,43.0,21.0,8.0,8.6,4.0,2,2,1,1,4,4,7,7,1.1628063785693163,-0.2860755713826257,-0.76635104,4.473872,35.439503,-27.91685,21,2025-09-27,16.3125,0.0,86.27624999999999,6.3125,1.0,223.28625,2025,9,27,68.0,0,Peru_4005.csv
2025-09-28,4005,95.0,29.0,19.0,6.0,2.2,3.0,2,2,1,1,4,4,7,7,0.08223634324087623,1.80825666073615,-0.19363777,4.526734,19.0846,-29.711073,21,2025-09-28,16.56875,0.0,86.20875,5.1375,1.0,268.48375,2025,9,28,95.0,0,Peru_4005.csv
2025-09-29,4005,70.0,35.0,20.0,7.0,12.6,3.0,2,2,1,1,4,4,7,7,1.2727740021220089,-0.9599257218820914,4.5822196,0.41022795,41.118534,-29.33573,21,2025-09-29,17.61625,0.0,81.50999999999999,5.02375,1.0,198.59875,2025,9,29,70.0,0,Peru_4005.csv
2025-09-30,4005,82.0,35.0,21.0,7.0,13.4,3.0,2,2,1,1,4,4,7,7,2.199242107543127,-0.21647981485726095,4.2232447,-0.23483993,46.614056,-25.047081,21,2025-09-30,17.794999999999998,0.0,82.1575,5.59125,1.0,203.74,2025,9,30,82.0,0,Peru_4005.csv
2025-10-01,4005,78.0,33.0,21.0,7.0,9.0,3.0,2,2,1,1,4,4,7,7,1.107633695908958,-0.053096724673066885,-0.7500125,4.5627484,39.375473,-32.441544,21,2025-10-01,17.92125,0.0,82.10875,5.3825,1.0,204.145,2025,10,1,78.0,0,Peru_4005.csv
2025-10-02,4005,75.0,28.0,18.0,6.0,7.0,3.0,2,2,1,1,4,4,7,7,-0.27013750855240515,-0.26858396900551573,-0.36213186,4.9438744,30.598019,-34.25209,21,2025-10-02,17.705,0.0,80.33375,6.775,1.0,200.65375,2025,10,2,75.0,0,Peru_4005.csv
2025-10-03,4005,72.0,27.0,19.0,6.0,5.2,3.0,2,2,1,1,4,4,7,7,-0.588344728859678,-0.33427628340101606,-0.31743565,5.210789,30.299566,-35.797955,21,2025-10-03,17.01125,0.0,80.82375,5.84375,1.0,202.55625,2025,10,3,72.0,0,Peru_4005.csv
2025-10-04,4005,67.0,26.0,19.0,7.0,12.2,3.0,2,2,1,1,4,4,7,7,0.38470286130179904,-1.5533248169536482,4.892391,0.7705164,42.180046,-34.77117,21,2025-10-04,17.39,0.0,78.12375,8.58875,1.0,186.27125,2025,10,4,67.0,0,Peru_4005.csv
2025-10-05,4005,67.0,25.0,18.0,5.0,6.0,3.0,2,2,1,1,4,4,7,7,-0.9937232373599617,-0.945596197097627,-0.23448539,5.266761,29.791527,-35.947937,21,2025-10-05,16.5025,0.0,82.15125,6.5725,1.0,214.31,2025,10,5,67.0,0,Peru_4005.csv
2025-10-06,4005,67.0,30.0,20.0,5.0,5.8,3.0,2,2,1,1,4,4,7,7,-0.3629646544646841,-0.7191719231673969,-0.42987922,5.2730966,31.210003,-36.158623,21,2025-10-06,16.32,0.0,82.6475,6.4025,1.0,233.81375,2025,10,6,67.0,0,Peru_4005.csv
2025-10-07,4005,71.0,32.0,21.0,5.0,4.6,3.0,2,2,1,1,4,4,7,7,-0.07948393607488198,-0.20314347469480784,-0.52841306,5.195165,31.999949,-36.208305,21,2025-10-07,16.11875,0.0,83.53625,5.74875,1.0,228.85,2025,10,7,71.0,0,Peru_4005.csv
2025-10-08,4005,73.0,31.0,21.0,5.0,5.4,3.0,2,2,1,1,4,4,7,7,0.10947747901607056,-0.2090761948909308,-0.5396502,5.079555,32.051815,-35.909264,21,2025-10-08,16.42375,0.0,84.23375,4.88,1.0,217.54625,2025,10,8,73.0,0,Peru_4005.csv
2025-10-09,4005,75.0,32.0,21.0,5.0,6.0,3.0,2,2,1,1,4,4,7,7,0.3662348753771287,-0.08959406567299326,-0.51759976,5.10572,32.142586,-35.490124,21,2025-10-09,17.55,0.0,79.82375,4.7525,1.0,224.2875,2025,10,9,75.0,0,Peru_4005.csv
2025-10-10,4005,75.0,30.0,20.0,5.0,6.4,3.0,2,2,1,1,4,4,7,7,0.13103375722635027,-0.21545920352940798,-0.48141724,5.0848002,31.756699,-35.255875,21,2025-10-10,18.28125,0.0,78.20875,5.9087499999999995,1.0,199.51125000000002,2025,10,10,75.0,0,Peru_4005.csv
2025-10-11,4005,76.0,26.0,19.0,5.0,10.8,3.0,2,2,1,1,4,4,7,7,0.5627230002445834,-0.872132590827758,-0.6735176,4.6251307,40.448387,-31.4436,21,2025-10-11,17.0875,0.0,85.975,6.4037500000000005,1.0,209.0575,2025,10,11,76.0,0,Peru_4005.csv
2025-10-12,4005,71.0,36.0,20.0,5.0,6.4,3.0,2,2,1,1,4,4,7,7,0.25001160744545503,-0.2042312696543634,-0.5400854,5.0065136,32.29851,-34.900303,21,2025-10-12,17.33,0.0,85.95875000000001,6.26375,1.0,200.9475,2025,10,12,71.0,0,Peru_4005.csv
2025-10-13,4005,91.0,30.0,19.0,5.0,6.0,3.0,2,2,1,1,4,4,7,7,0.6264476893640392,1.0178361787668624,-0.18785308,4.407196,20.07058,-29.171253,21,2025-10-13,17.49875,0.0,84.50999999999999,5.95125,1.0,200.0325,2025,10,13,91.0,0,Peru_4005.csv
2025-10-14,4005,78.0,27.0,19.0,5.0,6.8,3.0,2,2,1,1,4,4,7,7,-0.011528893525481476,-0.17427614935795926,-0.41553906,4.9540067,30.858997,-34.460957,21,2025-10-14,17.605,0.0,84.51125,6.5287500000000005,1.0,200.13,2025,10,14,78.0,0,Peru_4005.csv
2025-10-15,4005,73.0,22.0,18.0,5.0,6.6,3.0,2,2,1,1,4,4,7,7,-0.7520167146588542,-0.7370738338345278,-0.29330042,5.144231,29.982698,-35.324783,21,2025-10-15,16.82,0.0,85.9375,7.355,1.0,192.42249999999999,2025,10,15,73.0,0,Peru_4005.csv
2025-10-16,4005,62.0,20.0,19.0,5.0,7.4,3.0,2,2,1,1,4,4,7,7,-1.0380922903048004,-1.758960208023224,5.25968,1.4527838,-6.246866,-57.025467,21,2025-10-16,16.528750000000002,0.0,84.16125,7.5375,1.0,189.38,2025,10,16,62.0,0,Peru_4005.csv
2025-10-17,4005,57.0,23.0,20.0,5.0,1.0,3.0,2,2,1,1,4,4,7,7,-2.0758563420703005,-1.1905303271571361,-0.20592986,5.7907915,31.513569,-44.329575,21,2025-10-17,16.77625,0.0,80.36625,6.90625,1.0,188.79625000000001,2025,10,17,57.0,0,Peru_4005.csv
2025-10-18,4005,62.0,29.0,20.0,5.0,5.2,3.0,2,2,1,1,4,4,7,7,-0.7643241938971981,-1.05583629344007,-0.3398774,5.350659,30.743793,-36.453053,21,2025-10-18,16.985,0.0,81.57375,6.29375,1.0,198.0625,2025,10,18,62.0,0,Peru_4005.csv
2025-10-19,4005,72.0,28.0,20.0,5.0,6.4,3.0,2,2,1,1,4,4,7,7,-0.11749534984437783,-0.5329096281444018,-0.47271165,5.1796746,31.507767,-35.6423,21,2025-10-19,17.54875,0.0,80.25375,6.18,1.0,192.9,2025,10,19,72.0,0,Peru_4005.csv
2025-10-20,4005,74.0,26.0,20.0,5.0,1.0,3.0,2,2,1,1,4,4,7,7,-1.1005535410839133,0.19057155653643176,-0.2598068,5.2737923,33.542007,-38.730427,21,2025-10-20,17.74,0.0,80.43875,6.6675,1.0,189.8225,2025,10,20,74.0,0,Peru_4005.csv
2025-10-21,4005,69.0,30.0,20.0,5.0,5.4,3.0,2,2,1,1,4,4,7,7,-0.3388248045709099,-0.5240903262651565,-0.44699228,5.206524,31.374956,-36.086586,21,2025-10-21,17.84875,0.0,80.22375,6.105,1.0,205.80125,2025,10,21,69.0,0,Peru_4005.csv
2025-10-22,4005,75.0,33.0,20.0,5.0,6.4,3.0,2,2,1,1,4,4,7,7,0.2869241538910404,-0.06505702898922713,-0.5001514,5.0435166,32.00457,-35.07624,21,2025-10-22,18.77375,0.0,78.825,5.61125,1.0,208.44625,2025,10,22,75.0,0,Peru_4005.csv
2025-10-23,4005,80.0,28.0,20.0,5.0,1.0,3.0,2,2,1,1,4,4,7,7,-0.7074221615879289,0.7252042447569989,-0.25858697,4.9750276,33.815754,-38.58546,21,2025-10-23,18.56875,0.0,82.005,6.2162500000000005,1.0,203.40625,2025,10,23,80.0,0,Peru_4005.csv
2025-10-24,4005,73.0,26.0,21.0,7.0,5.0,3.0,2,2,1,1,4,4,7,7,-0.21973100677885518,-0.26307144833769763,-0.5172084,5.2590246,32.218327,-37.03954,21,2025-10-24,18.2475,0.0,83.4525,7.29375,1.0,189.1775,2025,10,24,73.0,0,Peru_4005.csv
2025-10-25,4005,69.0,24.0,19.0,9.0,5.2,3.0,2,2,1,1,4,4,7,7,-0.8845315229922445,-0.48228829487689107,-0.08101199,5.3726697,28.54981,-36.9279,21,2025-10-25,18.2775,0.0,81.82875,7.1025,1.0,199.36,2025,10,25,69.0,0,Peru_4005.csv
2025-10-26,4005,65.0,29.0,17.0,8.0,4.0,3.0,2,2,1,1,4,4,7,7,-1.442809434400327,-0.39411219476848103,0.26453885,5.3397765,24.61994,-37.991844,21,2025-10-26,17.87625,0.0,83.33375,6.3325,1.0,198.87875,2025,10,26,65.0,0,Peru_4005.csv
2025-10-27,4005,69.0,27.0,18.0,9.0,4.0,3.0,2,2,1,1,4,4,7,7,-1.1489621834217751,-0.15630953273461307,0.16648197,5.3352866,25.767742,-36.85939,21,2025-10-27,17.925,0.0,80.9475,6.52375,1.0,197.745,2025,10,27,69.0,0,Peru_4005.csv
2025-10-28,4005,66.0,32.0,18.0,9.0,4.0,3.0,2,2,1,1,4,4,7,7,-1.0337470163757747,-0.1228214544525926,0.1921056,5.192443,24.545706,-37.76665,21,2025-10-28,18.09375,0.0,78.9375,6.73625,1.0,185.79125,2025,10,28,66.0,0,Peru_4005.csv
2025-10-29,4005,80.0,33.0,18.0,8.0,4.0,3.0,2,2,1,1,4,4,7,7,-0.3084086372946234,0.867639150717515,0.034714796,4.696879,21.208632,-32.81295,21,2025-10-29,17.495,0.0,81.85125000000001,6.38125,1.0,191.37,2025,10,29,80.0,0,Peru_4005.csv
2025-10-30,4005,77.0,35.0,18.0,8.0,4.0,3.0,2,2,1,1,4,4,7,7,-0.34908381752241935,0.7507249571363391,0.0068838126,4.8176937,21.662365,-33.360794,21,2025-10-30,17.69375,0.0,79.42750000000001,5.76625,1.0,185.72875000000002,2025,10,30,77.0,0,Peru_4005.csv
2025-10-31,4005,83.0,31.0,18.0,8.0,4.0,3.0,2,2,1,1,4,4,7,7,-0.2677333697365116,0.9845533610237895,0.025716115,4.6534114,20.7608,-32.264717,21,2025-10-31,17.405,0.0,79.62,5.99625,1.0,192.73000000000002,2025,10,31,83.0,0,Peru_4005.csv
2025-11-01,4005,73.0,30.0,17.0,9.0,4.0,3.0,2,2,1,1,4,4,7,7,-1.0038048461828397,0.308365418919179,0.26247105,5.1487412,24.189455,-35.70576,21,2025-11-01,17.34125,0.0,80.39125,6.645,1.0,187.01,2025,11,1,73.0,0,Peru_4005.csv
2025-11-02,4005,74.0,27.0,17.0,8.0,4.0,3.0,2,2,1,1,4,4,7,7,-1.1129297763229662,0.1571664976924815,0.2879122,5.215956,24.364624,-35.52873,21,2025-11-02,17.6275,0.0,79.9475,6.2387500000000005,1.0,184.86,2025,11,2,74.0,0,Peru_4005.csv
2025-11-03,4005,68.0,29.0,17.0,7.0,10.4,3.0,2,2,1,1,4,4,7,7,-0.14345559285196524,-1.0548154802981804,4.9272594,1.0718509,-6.5120835,-55.150497,21,2025-11-03,17.7275,0.0,77.99,5.96875,1.0,202.78625,2025,11,3,68.0,0,Peru_4005.csv
2025-11-04,4005,72.0,28.0,17.0,8.0,18.6,3.0,2,2,1,1,4,4,9,9,1.480183529609482,-1.7731972898095838,4.846756,-0.019740859,47.59736,-30.934624,21,2025-11-04,18.09875,0.0,79.5525,6.48375,1.0,184.925,2025,11,4,72.0,0,Peru_4005.csv
2025-11-05,4005,69.0,32.0,18.0,8.0,8.4,3.0,2,2,1,1,4,4,7,7,-0.09570162835185457,-0.5320576361688456,4.834032,1.1358186,31.128332,-32.60616,21,2025-11-05,18.72,0.0,79.625,5.9662500000000005,1.0,212.015,2025,11,5,69.0,0,Peru_4005.csv
2025-11-06,4005,71.0,33.0,18.0,8.0,11.4,3.0,2,2,1,1,4,4,7,7,0.5946258559764583,-0.7143359629335795,4.674007,0.5973501,41.16797,-29.331873,21,2025-11-06,18.61,0.0,81.315,7.3525,1.0,194.82875,2025,11,6,71.0,0,Peru_4005.csv
2025-11-07,4005,79.0,39.0,18.0,8.0,10.8,3.0,2,2,1,1,4,4,7,7,1.183620088472743,0.2410613135927478,3.681996,0.15668394,40.160503,-20.859873,21,2025-11-07,17.6825,0.0,83.02625,6.23375,1.0,233.3075,2025,11,7,79.0,0,Peru_4005.csv
2025-11-08,4005,84.0,31.0,18.0,8.0,8.4,3.0,2,2,1,1,4,4,7,7,0.5753458653681206,0.5037197567245213,-0.4736704,4.6156387,38.16439,-31.003626,21,2025-11-08,17.72,0.0,81.56625,6.12125,1.0,258.7925,2025,11,8,84.0,0,Peru_4005.csv
2025-11-09,4005,71.0,32.0,18.0,8.0,12.6,3.0,2,2,1,1,4,4,7,7,0.7594474886733515,-0.9153503252468237,4.6094966,0.43036798,41.37967,-29.343863,21,2025-11-09,18.32375,0.0,80.06125,5.225,1.0,217.06875,2025,11,9,71.0,0,Peru_4005.csv
2025-11-10,4005,75.0,34.0,18.0,8.0,14.4,3.0,2,2,1,1,4,4,9,9,1.381354950657085,-0.7518262120619504,4.5906315,0.22879733,44.072144,-28.732622,21,2025-11-10,18.0,0.0,84.11625,6.0975,1.0,241.34375,2025,11,10,75.0,0,Peru_4005.csv
2025-11-11,4005,82.0,40.0,17.0,8.0,8.0,3.0,2,2,1,1,4,4,7,7,0.6708178850004343,0.8851279452778849,0.040839825,3.6418495,38.17304,-20.140156,21,2025-11-11,18.2125,0.0,82.2675,6.48625,1.0,217.18125,2025,11,11,82.0,0,Peru_4005.csv
2025-11-12,4005,90.0,40.0,19.0,9.0,4.0,3.0,0,0,1,1,4,4,7,7,0.7423142379134188,1.991013078181524,-0.16585457,4.1418605,20.24001,-27.99749,21,2025-11-12,18.3775,0.0,80.1975,6.45125,1.0,197.87375,2025,11,12,90.0,0,Peru_4005.csv
2025-11-13,4005,91.0,36.0,19.0,8.0,4.0,3.0,0,0,1,1,4,4,7,7,0.5812258892839787,1.7896800736600247,-0.18999343,4.2090087,19.98148,-28.270828,21,2025-11-13,18.15875,0.0,79.4325,5.8549999999999995,1.0,212.4025,2025,11,13,91.0,0,Peru_4005.csv
2025-11-14,4005,84.0,33.0,18.0,8.0,4.0,3.0,2,2,1,1,4,4,7,7,-0.11560568020100703,1.1572155018144072,-0.0043709446,4.5696754,20.739973,-32.111397,21,2025-11-14,17.9725,0.0,79.9625,5.72375,1.0,210.68125,2025,11,14,84.0,0,Peru_4005.csv
2025-11-15,4005,76.0,30.0,18.0,8.0,4.0,3.0,2,2,1,1,4,4,7,7,-0.6571019417335107,0.4276605179316625,0.102165505,4.9901576,22.880789,-34.21569,21,2025-11-15,17.89125,0.0,81.76625,6.18,1.0,199.77625,2025,11,15,76.0,0,Peru_4005.csv
2025-11-16,4005,72.0,27.0,17.0,8.0,4.0,3.0,2,2,1,1,4,4,7,7,-1.2093312788712456,0.012378283913601653,0.20682512,5.26648,24.673552,-35.84257,21,2025-11-16,18.06375,0.0,82.11,5.9275,1.0,211.64,2025,11,16,72.0,0,Peru_4005.csv
2025-11-17,4005,70.0,33.0,18.0,8.0,4.0,3.0,2,2,1,1,4,4,7,7,-0.7904158988457557,0.1436981912294496,0.1224204,5.096895,24.542408,-36.74893,21,2025-11-17,18.16875,0.0,82.26625,6.1875,1.0,228.3725,2025,11,17,70.0,0,Peru_4005.csv
2025-11-18,4005,79.0,27.0,19.0,8.0,4.0,3.0,2,2,1,1,4,4,7,7,-0.4648541341354324,0.4697442968765721,0.01199271,4.8785844,22.475943,-33.68728,21,2025-11-18,18.71625,0.0,78.1775,5.63875,1.0,212.44125,2025,11,18,79.0,0,Peru_4005.csv
2025-11-19,4005,64.0,26.0,18.0,8.0,4.0,3.0,2,2,1,1,4,4,7,7,-1.4433645239857678,-0.6416048100999886,0.06470159,5.4585896,25.326757,-38.689857,21,2025-11-19,18.61,0.0,80.56875,7.1049999999999995,1.0,194.48875,2025,11,19,64.0,0,Peru_4005.csv
2025-11-20,4005,67.0,20.0,16.0,7.0,4.0,3.0,2,2,1,1,4,4,7,7,-2.019050536781711,-0.7490250604544635,1.0579916,5.697018,1.7444357,-36.08095,21,2025-11-20,18.56375,0.0,81.97,7.768750000000001,1.0,188.37375,2025,11,20,67.0,0,Peru_4005.csv
2025-11-21,4005,56.0,17.0,17.0,7.0,4.0,3.0,2,2,1,1,4,4,7,7,-2.5016129306924975,-1.7204586422908796,0.9362423,6.165104,2.7320588,-64.53923,21,2025-11-21,18.985,0.0,79.215,6.81375,1.0,202.19625,2025,11,21,56.0,0,Peru_4005.csv
2025-11-22,4005,48.0,23.0,17.0,8.0,4.0,3.0,2,2,1,1,4,4,7,7,-2.574002676387881,-1.9256163130667017,0.9933916,6.2017336,1.3536283,-64.19764,21,2025-11-22,18.99,0.0,81.345,6.49625,1.0,193.995,2025,11,22,48.0,0,Peru_4005.csv
2025-11-23,4005,63.0,24.0,16.0,8.0,4.0,3.0,2,2,1,1,4,4,7,7,-2.002564376139474,-0.7648743568663059,0.9065,5.743206,1.6153982,-36.580265,21,2025-11-23,18.71125,0.0,81.13,5.535,1.0,210.42249999999999,2025,11,23,63.0,0,Peru_4005.csv
2025-11-24,4005,66.0,28.0,17.0,9.0,4.0,3.0,2,2,1,1,4,4,7,7,-1.4451368619265026,-0.29866132064702516,0.31152505,5.3803344,24.773823,-37.79658,21,2025-11-24,18.89625,0.0,79.34875,4.845,1.0,214.3,2025,11,24,66.0,0,Peru_4005.csv
2025-11-25,4005,67.0,34.0,17.0,9.0,4.0,3.0,2,2,1,1,4,4,7,7,-1.0851553358047792,0.07453710188705429,0.20477356,5.101787,24.03184,-37.47688,21,2025-11-25,19.87125,0.0,77.3375,5.325,1.0,213.24625,2025,11,25,67.0,0,Peru_4005.csv
2025-11-26,4005,77.0,34.0,16.0,8.0,4.0,3.0,2,2,1,1,4,4,7,7,-0.8081194594022061,0.7499836852477805,0.44939598,4.913005,20.446684,-33.9033,21,2025-11-26,20.00875,0.0,79.19125,6.5725,1.0,203.97375,2025,11,26,77.0,0,Peru_4005.csv
2025-11-27,4005,80.0,27.0,16.0,8.0,4.0,3.0,2,2,1,1,4,4,7,7,-1.0272615249573547,0.616227523087686,0.65555954,5.028574,17.223083,-33.071346,21,2025-11-27,19.195,0.0,81.51125,6.21375,1.0,214.74,2025,11,27,80.0,0,Peru_4005.csv
2025-11-28,4005,67.0,33.0,17.0,8.0,4.0,3.0,2,2,1,1,4,4,7,7,-1.138554102102836,-0.04878781760363328,0.25151595,5.1776056,24.041323,-37.469807,21,2025-11-28,18.83875,0.0,80.05250000000001,6.6775,1.0,192.45375,2025,11,28,67.0,0,Peru_4005.csv
2025-11-29,4005,74.0,30.0,17.0,8.0,4.0,3.0,2,2,1,1,4,4,7,7,-0.9570394330410702,0.30756873425576764,0.21792166,5.1857867,24.056135,-35.506374,21,2025-11-29,19.3775,0.0,77.91,6.3,1.0,201.44375,2025,11,29,74.0,0,Peru_4005.csv
2025-11-30,4005,73.0,25.0,15.0,8.0,4.0,3.0,2,2,1,1,4,4,7,7,-1.67212958439346,0.033897018391473334,1.008358,5.347912,2.062633,-31.9166,21,2025-11-30,20.80625,0.0,73.15625,5.6075,1.0,199.07375,2025,11,30,73.0,0,Peru_4005.csv
2025-12-01,4005,63.0,31.0,15.0,8.0,4.0,3.0,2,2,1,1,4,4,7,7,-1.8423560732754494,-0.3892396256563559,0.47414225,5.2059627,23.307846,-38.00172,21,2025-12-01,20.64125,0.0,76.645,5.8100000000000005,1.0,215.57375,2025,12,1,63.0,0,Peru_4005.csv
2025-12-02,4005,73.0,26.0,15.0,8.0,4.0,3.0,2,2,1,1,4,4,7,7,-1.6201661035166168,0.08403114047672623,0.99524057,5.316683,2.009571,-31.795067,21,2025-12-02,19.646250000000002,0.0,82.96375,6.34375,1.0,211.8725,2025,12,2,73.0,0,Peru_4005.csv
2025-12-03,4005,68.0,21.0,16.0,8.0,9.0,3.0,2,2,1,1,4,4,7,7,-1.0141800232166565,-1.1819736872676185,5.3223877,1.4860816,-6.912446,-53.39092,21,2025-12-03,20.32125,0.0,77.5425,7.984999999999999,1.0,183.05875,2025,12,3,68.0,0,Peru_4005.csv
2025-12-04,4005,56.0,22.0,17.0,7.0,4.0,2.0,2,2,1,1,4,4,7,7,-2.330167198124507,-1.3359255761773419,0.9250241,6.16235,2.4507575,-64.1371,21,2025-12-04,19.53875,0.0,80.93125,7.15,1.0,191.24375,2025,12,4,56.0,0,Peru_4005.csv
2025-12-05,4005,62.0,17.0,16.0,7.0,4.0,2.0,2,2,1,1,4,4,7,7,-2.504316260557951,-1.1275348528098676,1.0959744,5.9109693,2.767483,-62.98251,21,2025-12-05,19.064999999999998,0.0,80.35,9.34125,1.0,176.8375,2025,12,5,62.0,0,Peru_4005.csv
2025-12-06,4005,51.0,21.0,16.0,8.0,4.0,2.0,2,2,1,1,4,4,7,7,-2.8252351722624978,-1.6501429705979176,1.0461122,6.1986938,1.8981473,-64.062126,21,2025-12-06,19.1575,0.0,77.41125,8.67375,1.0,180.96875,2025,12,6,51.0,0,Peru_4005.csv
2025-12-07,4005,54.0,19.0,15.0,7.0,4.0,2.0,2,2,1,1,1,1,3,3,-2.989531216586679,-1.5817233057674756,1.1535598,6.185225,2.230318,-63.82714,21,2025-12-07,19.22375,0.0,78.85875,9.21125,1.0,182.42625,2025,12,7,54.0,0,Peru_4005.csv
2025-12-08,4005,54.0,22.0,15.0,7.0,4.0,2.0,2,2,1,1,1,1,3,3,-2.833640818197051,-1.4313211219335464,1.1301767,6.185204,2.13886,-63.798065,21,2025-12-08,18.4875,0.0,83.0375,6.06875,1.0,214.8175,2025,12,8,54.0,0,Peru_4005.csv
2025-12-09,4005,60.0,27.0,17.0,7.0,4.0,2.0,2,2,1,1,4,4,7,7,-1.8775469970831085,-0.7956789319875157,0.33417994,5.6297994,24.780834,-39.508022,21,2025-12-09,19.033749999999998,0.0,80.08375,6.6325,1.0,198.84375,2025,12,9,60.0,0,Peru_4005.csv
2025-12-10,4005,67.0,21.0,17.0,7.0,4.0,3.0,2,2,1,1,4,4,7,7,-1.7635509196190453,-0.7235873124376231,0.8900334,5.6733904,2.0293777,-36.22914,21,2025-12-10,19.36875,0.0,78.7025,6.85625,1.0,207.61875,2025,12,10,67.0,0,Peru_4005.csv
2025-12-11,4005,55.0,19.0,17.0,7.0,4.0,2.0,2,2,1,1,4,4,7,7,-2.5342583211768837,-1.5587218827144802,0.93207234,6.172865,2.4918947,-64.365166,21,2025-12-11,19.72625,0.0,77.655,6.5925,1.0,206.28125,2025,12,11,55.0,0,Peru_4005.csv
2025-12-12,4005,50.0,26.0,17.0,7.0,4.0,2.0,2,2,1,1,4,4,7,7,-2.4115176463025243,-1.5697539038050448,0.9615157,6.182961,1.3917875,-64.130974,21,2025-12-12,19.34625,0.0,79.17625,7.3,1.0,194.38625,2025,12,12,50.0,0,Peru_4005.csv
2025-12-13,4005,62.0,32.0,18.0,8.0,4.0,2.0,2,2,1,1,4,4,7,7,-1.3163568158222092,-0.3517258584006484,0.16580813,5.430638,24.725555,-39.029808,21,2025-12-13,19.15125,0.0,79.38,5.68375,1.0,187.7875,2025,12,13,62.0,0,Peru_4005.csv
2025-12-14,4005,71.0,29.0,17.0,8.0,4.0,2.0,2,2,1,1,4,4,7,7,-1.2419767699099091,0.17411512821653152,0.24493161,5.2457576,24.489504,-36.209557,21,2025-12-14,19.35125,0.0,76.74625,5.8425,1.0,188.08125,2025,12,14,71.0,0,Peru_4005.csv
2025-12-15,4005,72.0,38.0,18.0,8.0,4.0,2.0,2,2,1,1,4,4,7,7,-0.5225688077366497,0.6730194153538366,0.07194704,4.884667,24.831781,-33.590614,21,2025-12-15,19.43375,0.0,78.4075,6.2,1.0,187.2125,2025,12,15,72.0,0,Peru_4005.csv
2025-12-16,4005,86.0,41.0,18.0,8.0,4.0,2.0,2,2,1,1,4,4,7,7,0.308131810887536,1.8369389486507663,-0.12077286,4.1146274,20.578972,-27.733072,21,2025-12-16,20.11,0.0,71.99,5.26125,1.0,214.1975,2025,12,16,86.0,0,Peru_4005.csv
2025-12-17,4005,89.0,39.0,19.0,9.0,4.0,2.0,0,0,1,1,4,4,7,7,0.5537783164428467,2.0023475360889713,-0.17213194,4.1731896,20.23992,-28.023928,21,2025-12-17,20.98625,0.0,69.365,5.0337499999999995,1.0,201.65625,2025,12,17,89.0,0,Peru_4005.csv
2025-12-18,4005,83.0,33.0,19.0,8.0,4.0,2.0,2,2,1,1,4,4,7,7,-0.04864208509405818,1.193987882436071,-0.09095429,4.647315,20.957876,-32.144585,21,2025-12-18,20.505,0.0,74.43625,5.76,1.0,200.89000000000001,2025,12,18,83.0,0,Peru_4005.csv
2025-12-19,4005,73.0,38.0,18.0,8.0,4.0,2.0,2,2,1,1,4,4,7,7,-0.47436808461702484,0.7454135081615433,0.085109524,4.8859854,24.788675,-33.566666,21,2025-12-19,19.9925,0.0,79.50625,6.09,1.0,200.6725,2025,12,19,73.0,0,Peru_4005.csv
2025-12-20,4005,89.0,36.0,17.0,8.0,4.0,2.0,2,2,1,1,4,4,7,7,-0.010619345433814037,1.8281472884088368,-0.049329318,4.0872803,19.934319,-27.476027,21,2025-12-20,19.995,0.0,79.75125,6.76875,1.0,202.46375,2025,12,20,89.0,0,Peru_4005.csv
2025-12-21,4005,81.0,26.0,15.0,7.0,4.0,2.0,2,2,1,1,4,4,7,7,-1.3243672097750812,0.7238558520666609,0.8849405,5.0903916,5.116288,-31.668308,21,2025-12-21,20.28,0.0,81.8275,7.705,1.0,181.15125,2025,12,21,81.0,0,Peru_4005.csv
2025-12-22,4005,68.0,30.0,16.0,8.0,4.0,2.0,2,2,1,1,4,4,7,7,-1.5381516041883398,0.031763265362314136,0.31441945,5.223255,24.003815,-37.05621,21,2025-12-22,20.2475,0.0,81.22,6.61,1.0,192.27625,2025,12,22,68.0,0,Peru_4005.csv
2025-12-23,4005,71.0,29.0,17.0,8.0,4.0,2.0,2,2,1,1,4,4,7,7,-1.2419767699099091,0.17411512821653152,0.24091451,5.233892,24.489487,-36.209618,21,2025-12-23,19.925,0.0,79.93125,6.22625,1.0,202.1525,2025,12,23,71.0,0,Peru_4005.csv
2025-12-24,4005,67.0,32.0,16.0,8.0,4.0,2.0,2,2,1,1,4,4,7,7,-1.482425365747694,0.059637278166015516,0.2873078,5.1957936,23.883383,-37.291325,21,2025-12-24,20.145,0.0,80.00500000000001,6.465,1.0,211.54375,2025,12,24,67.0,0,Peru_4005.csv
2025-12-25,4005,76.0,36.0,15.0,8.0,4.0,2.0,2,2,1,1,4,4,7,7,-1.0443009341688179,0.9364167540979389,0.72508794,4.845515,-3.0156794,-25.563242,21,2025-12-25,20.48875,0.0,79.1,6.11625,1.0,189.8025,2025,12,25,76.0,0,Peru_4005.csv
2025-12-26,4005,91.0,29.0,15.0,7.0,4.0,2.0,2,2,1,1,4,4,7,7,-0.6864694902460943,1.5981989953596087,0.3736074,4.159905,17.011312,-27.805595,21,2025-12-26,20.4725,0.0,80.6125,7.01875,1.0,188.24875,2025,12,26,91.0,0,Peru_4005.csv
2025-12-27,4005,70.0,32.0,16.0,8.0,4.0,2.0,2,2,1,1,4,4,7,7,-1.337823149277194,0.2768195296897585,0.31085995,5.141141,23.92053,-36.731483,21,2025-12-27,20.51625,0.0,80.50625,6.8375,1.0,188.84875,2025,12,27,70.0,0,Peru_4005.csv
2025-12-28,4005,77.0,34.0,16.0,8.0,4.0,2.0,2,2,1,1,4,4,7,7,-0.8964911197553749,0.8838463720820423,0.5005632,4.963313,20.42499,-33.825336,21,2025-12-28,20.14125,0.0,82.0475,6.3,1.0,209.77625,2025,12,28,77.0,0,Peru_4005.csv
2025-12-29,4005,83.0,35.4,7.8,8.6,15.4,19.0,2,2,1,1,4,4,9,9,1.3591045483666675,-2.0742058080409382,3.5125835,-2.5582247,26.958132,-71.940956,21,2025-12-29,20.12875,0.0,81.34375,6.47625,1.0,194.41125,2025,12,29,83.0,0,Peru_4005.csv
2025-12-30,4005,76.26329315845445,39.0951871657754,11.939310035171744,12.942866095675788,8.522758485383559,9.978580024067387,2,2,1,1,4,4,9,9,0.03549621024003731,-0.08868490030010638,19.404003,-0.10960938,-13.194237,61.20619,21,2025-12-30,19.83125,0.0,81.89625000000001,6.0225,1.0,206.76,2025,12,30,76.26329315845445,0,Peru_4005.csv
2025-12-31,4005,76.26329315845445,39.0951871657754,11.939310035171744,12.942866095675788,8.522758485383559,9.978580024067387,2,2,1,1,4,4,9,9,0.03549621024003731,-0.08868490030010638,19.047033,-0.71873254,-13.194237,61.20619,21,2025-12-31,20.12,0.0,78.3675,6.05,1.0,197.51,2025,12,31,76.26329315845445,0,Peru_4005.csv
