time,station,PM2_5,PM10,NO2,CO,O3,SO2,Kmeans_3,HDBSCAN_3,Kmeans_4,HDBSCAN_4,Kmeans_6,HDBSCAN_6,Kmeans_12,HDBSCAN_12,PCA1,PCA2,UMAP1,UMAP2,TSNE1,TSNE2,district_id,date,TEMP,PRES,DEWP,WSPM,weather,wind_direction,year,month,day,AQI,RAIN,city
2019-01-01,3006,28.0,9.0,8.0,2.8,31.0,5.8,0,0,3,3,1,1,1,1,-1.6986566913811654,-2.929475104938639,14.962263,-6.147695,-55.460445,-72.427826,15,2019-01-01,10.84,0.0,23.67,14.18,1.0,93.96,2019,1,1,31.0,0,USA_3006.csv
2019-01-02,3006,13.0,6.0,2.0,1.4,32.0,9.4,0,0,2,2,3,3,0,0,-6.824753901759457,-1.6323018042574222,16.616997,-7.557919,-80.847145,-65.849365,15,2019-01-02,8.93,0.0,52.33,6.26,1.0,115.83,2019,1,2,32.0,0,USA_3006.csv
2019-01-03,3006,15.0,11.0,14.0,4.6,29.0,1.0,0,0,3,3,5,5,1,1,2.3929817997764373,-5.263662368938227,9.992702,-0.89378285,72.182724,-63.43625,15,2019-01-03,9.69,0.0,57.71,6.33,1.0,118.5,2019,1,3,29.0,0,USA_3006.csv
2019-01-04,3006,38.0,16.0,18.0,5.8,26.0,1.2,1,1,0,0,5,5,6,6,6.716305443795434,-6.253824743999983,11.553144,-1.0663351,84.53089,-51.752563,15,2019-01-04,10.47,0.0,57.71,6.47,1.0,133.54,2019,1,4,38.0,0,USA_3006.csv
2019-01-05,3006,32.0,25.0,22.0,4.6,27.0,6.6,1,1,0,0,5,5,6,6,5.897372852622853,-5.5168651766652985,11.147067,-1.0771737,64.4735,-55.92385,15,2019-01-05,11.21,0.0,65.58,6.64,1.0,119.79,2019,1,5,32.0,0,USA_3006.csv
2019-01-06,3006,34.0,8.0,4.0,1.4,30.0,3.2,0,0,3,3,1,1,7,7,-4.080679195546242,-1.9336249661040135,5.4826336,-0.33129838,-66.30988,-9.546428,15,2019-01-06,10.43,0.0,88.58,6.52,1.0,131.33,2019,1,6,34.0,0,USA_3006.csv
2019-01-07,3006,16.0,8.0,6.0,1.8,26.0,1.2,0,0,3,3,1,1,7,7,-3.7654901355803263,-3.618869370126772,3.2137854,5.4020877,-16.733335,-85.33477,15,2019-01-07,12.85,0.0,87.71,11.08,1.0,134.75,2019,1,7,26.0,0,USA_3006.csv
2019-01-08,3006,18.0,10.0,10.0,2.4,28.0,1.0,0,0,3,3,1,1,1,1,-1.5030916343251415,-3.882770316191647,4.8637643,2.6628332,3.0299392,-72.57019,15,2019-01-08,12.78,0.0,81.75,7.68,1.0,78.58,2019,1,8,28.0,0,USA_3006.csv
2019-01-09,3006,16.0,15.0,12.0,3.0,27.0,1.0,0,0,3,3,1,1,1,1,0.01900491887007662,-4.41430063017052,6.7525644,1.613333,27.948694,-70.93536,15,2019-01-09,12.35,0.0,83.21,5.52,1.0,127.04,2019,1,9,27.0,0,USA_3006.csv
2019-01-10,3006,25.0,13.0,8.0,2.8,26.0,1.4,0,0,3,3,1,1,1,1,-1.1203083920138757,-3.911541847348015,6.2343025,1.5965533,21.779789,-83.08703,15,2019-01-10,11.35,0.0,85.96,5.61,1.0,140.25,2019,1,10,26.0,0,USA_3006.csv
2019-01-11,3006,19.0,29.0,18.0,4.8,21.0,1.2,1,1,0,0,5,5,6,6,5.016594224261281,-6.494018193336317,10.479633,-0.6142306,64.87934,-64.8254,15,2019-01-11,11.48,0.0,89.29,7.78,1.0,104.17,2019,1,11,29.0,0,USA_3006.csv
2019-01-12,3006,16.0,5.0,3.0,1.0,28.0,9.4,0,0,2,2,3,3,0,0,-6.912231636950756,-2.3889510002506795,16.637577,-7.448977,-79.59142,-66.30132,15,2019-01-12,12.31,0.0,83.88,11.55,1.0,101.25,2019,1,12,28.0,0,USA_3006.csv
2019-01-13,3006,29.6,6.0,10.0,2.0,27.0,6.6,0,0,3,3,1,1,0,0,-2.2663129466681875,-3.742138859263662,14.979207,-6.2237244,-56.336132,-72.05615,15,2019-01-13,10.13,0.0,81.5,10.69,1.0,87.54,2019,1,13,29.6,0,USA_3006.csv
2019-01-14,3006,20.4,6.0,6.0,1.6,26.0,1.6,0,0,3,3,1,1,7,7,-3.9174469261910785,-3.5319532469906245,3.268742,5.4598446,-16.006401,-84.983185,15,2019-01-14,11.54,0.0,72.58,20.5,1.0,85.79,2019,1,14,26.0,0,USA_3006.csv
2019-01-15,3006,20.4,6.0,6.0,1.6,29.0,15.6,0,0,2,2,3,3,0,0,-5.704028143437459,-2.5758202333727556,15.732554,-7.152732,-76.60744,-54.273327,15,2019-01-15,10.08,0.0,85.92,15.73,1.0,80.62,2019,1,15,29.0,0,USA_3006.csv
2019-01-16,3006,20.0,3.0,8.0,2.0,20.0,1.2,0,0,3,3,1,1,1,1,-2.9505228814163758,-5.397326483064085,3.9550703,4.8750706,-9.244743,-80.786385,15,2019-01-16,12.68,0.0,88.75,13.61,1.0,77.0,2019,1,16,20.0,0,USA_3006.csv
2019-01-17,3006,19.0,11.0,2.0,1.2,25.0,1.2,0,0,3,3,1,1,7,7,-5.440553876170807,-2.7895817134131953,3.8306398,9.436835,-89.7395,0.55011487,15,2019-01-17,14.68,0.0,97.58,15.47,1.0,189.62,2019,1,17,25.0,0,USA_3006.csv
2019-01-18,3006,14.0,16.0,7.0,2.6,27.0,1.0,0,0,3,3,1,1,1,1,-2.110267950900051,-3.548304841629317,5.590466,1.6003001,19.091364,-87.52924,15,2019-01-18,13.0,0.0,88.92,7.4,1.0,227.33,2019,1,18,27.0,0,USA_3006.csv
2019-01-19,3006,19.0,6.0,2.0,1.0,31.0,19.4,0,0,2,2,3,3,4,4,-8.26879420825259,-1.2846197971388533,11.366628,-7.9761543,-111.16965,-16.803476,15,2019-01-19,12.22,0.0,80.08,4.96,1.0,106.71,2019,1,19,31.0,0,USA_3006.csv
2019-01-20,3006,14.0,6.0,7.0,1.6,22.0,1.6,0,0,3,3,1,1,7,7,-3.997946480829612,-4.613999735185021,3.5227525,5.406875,-13.692005,-82.99338,15,2019-01-20,13.35,0.0,72.42,6.17,1.0,115.25,2019,1,20,22.0,0,USA_3006.csv
2019-01-21,3006,21.0,7.0,4.0,1.2,33.0,1.0,0,0,3,3,1,1,7,7,-4.845055826643602,-1.5873559351123738,3.186297,10.004536,-80.79896,-14.631973,15,2019-01-21,13.54,0.0,68.71,20.87,1.0,284.08,2019,1,21,33.0,0,USA_3006.csv
2019-01-22,3006,15.0,7.0,5.0,2.0,31.0,9.4,0,0,2,2,3,3,0,0,-4.968671948089747,-2.4284501371346474,15.77396,-7.952546,-78.427925,-75.48678,15,2019-01-22,10.75,0.0,63.04,10.9,1.0,231.0,2019,1,22,31.0,0,USA_3006.csv
2019-01-23,3006,17.0,9.0,8.0,2.2,29.0,1.0,0,0,3,3,1,1,1,1,-2.4859201545348495,-3.3899751721834073,3.8259442,3.3271098,0.8652595,-81.658485,15,2019-01-23,10.34,0.0,63.75,7.13,1.0,152.92,2019,1,23,29.0,0,USA_3006.csv
2019-01-24,3006,15.0,5.0,1.0,1.0,34.0,19.0,0,0,2,2,3,3,4,4,-8.801393323395164,-0.6782198225859971,11.081692,-8.075893,-113.688995,-19.68161,15,2019-01-24,11.81,0.0,67.96,4.17,1.0,123.25,2019,1,24,34.0,0,USA_3006.csv
2019-01-25,3006,15.0,3.0,1.0,1.0,33.0,19.0,0,0,2,2,3,3,4,4,-8.912360967127551,-0.9897214754048739,11.053604,-8.084459,-113.78192,-19.350521,15,2019-01-25,12.36,0.0,68.79,5.1,1.0,85.29,2019,1,25,33.0,0,USA_3006.csv
2019-01-26,3006,7.0,13.0,1.0,1.0,36.0,1.0,0,0,3,3,1,1,7,7,-6.517876953758762,-0.43945904483917525,4.4654574,10.648476,-95.02738,21.95158,15,2019-01-26,13.56,0.0,63.96,5.97,1.0,106.25,2019,1,26,36.0,0,USA_3006.csv
2019-01-27,3006,14.0,11.8,6.0,1.8,32.0,9.4,0,0,2,2,3,3,0,0,-4.706088516769855,-2.0254355925783174,15.852275,-7.8229227,-79.87334,-75.59775,15,2019-01-27,14.67,0.0,64.42,5.74,1.0,126.21,2019,1,27,32.0,0,USA_3006.csv
2019-01-28,3006,12.0,13.6,16.0,4.2,24.0,1.2,0,0,3,3,5,5,1,1,2.428305287588503,-6.282226856259768,9.612002,-0.53848225,58.57372,-64.34131,15,2019-01-28,13.39,0.0,70.33,5.1,1.0,133.71,2019,1,28,24.0,0,USA_3006.csv
2019-01-29,3006,23.0,25.0,14.0,3.6,30.0,1.2,0,0,3,3,5,5,1,1,2.3251828841301356,-3.674459979765227,9.544445,0.35934037,48.25252,-54.52586,15,2019-01-29,13.58,0.0,78.0,4.26,1.0,167.21,2019,1,29,30.0,0,USA_3006.csv
2019-01-30,3006,34.0,30.0,12.0,3.2,27.0,1.8,0,0,3,3,5,5,1,1,2.0120594454451095,-3.3362830109173935,7.8702626,2.0440474,32.08343,-54.171753,15,2019-01-30,12.55,0.0,83.5,5.75,1.0,146.33,2019,1,30,34.0,0,USA_3006.csv
2019-01-31,3006,49.0,22.0,10.0,2.6,25.0,1.2,0,0,3,3,5,5,1,1,1.151515301851972,-3.3355049734781312,8.31983,2.7472162,34.291702,-42.121292,15,2019-01-31,12.72,0.0,91.62,9.0,1.0,91.75,2019,1,31,49.0,0,USA_3006.csv
2019-02-01,3006,33.0,9.0,9.0,2.8,26.0,5.4,0,0,3,3,1,1,1,1,-1.0677263829232317,-3.999334809232774,14.936114,-6.1272964,-55.222225,-72.553276,15,2019-02-01,11.53,0.0,79.42,8.28,1.0,97.79,2019,2,1,33.0,0,USA_3006.csv
2019-02-02,3006,17.0,5.0,1.0,1.2,32.0,29.0,0,0,2,2,3,3,4,4,-9.730331071338522,-0.902175741541103,8.084782,-6.555065,-117.3228,25.60886,15,2019-02-02,12.64,0.0,93.62,17.05,1.0,128.04,2019,2,2,32.0,0,USA_3006.csv
2019-02-03,3006,9.0,5.0,1.0,1.2,32.0,19.0,0,0,2,2,3,3,4,4,-8.910168483357687,-1.3043460384133863,11.031017,-8.067577,-114.86663,-19.023846,15,2019-02-03,11.68,0.0,90.38,10.78,1.0,202.08,2019,2,3,32.0,0,USA_3006.csv
2019-02-04,3006,7.0,5.0,1.0,1.2,33.0,19.0,0,0,2,2,3,3,4,4,-9.021852815045884,-1.1387406630512698,11.030176,-8.075938,-114.86349,-19.497616,15,2019-02-04,11.61,0.0,90.04,10.1,1.0,160.92,2019,2,4,33.0,0,USA_3006.csv
2019-02-05,3006,12.0,5.0,3.0,1.0,33.0,19.0,0,0,2,2,3,3,4,4,-8.355998674084786,-1.2083509366455079,11.138743,-7.875499,-116.710655,-20.178055,15,2019-02-05,10.63,0.0,74.71,18.79,1.0,272.67,2019,2,5,33.0,0,USA_3006.csv
2019-02-06,3006,11.0,5.0,9.0,2.4,33.0,28.6,0,0,2,2,3,3,4,4,-6.015709223229861,-2.457943193394068,8.515987,-6.8771935,-110.99817,22.939095,15,2019-02-06,8.03,0.0,65.38,12.44,1.0,272.71,2019,2,6,33.0,0,USA_3006.csv
2019-02-07,3006,15.0,7.0,10.0,2.2,34.0,19.0,0,0,2,2,3,3,4,4,-4.37457953709747,-2.3364962666464164,11.812391,-7.050419,-110.60292,-1.2331203,15,2019-02-07,7.8,0.0,66.29,11.03,1.0,111.83,2019,2,7,34.0,0,USA_3006.csv
2019-02-08,3006,17.0,12.0,13.0,2.4,34.0,1.0,0,0,3,3,1,1,1,1,-0.4875837699692186,-2.960914788024519,5.0680194,2.6016378,9.650589,-71.04421,15,2019-02-08,8.23,0.0,74.71,6.93,1.0,141.33,2019,2,8,34.0,0,USA_3006.csv
2019-02-09,3006,22.0,7.0,4.0,1.2,34.0,2.6,0,0,3,3,1,1,7,7,-4.987643545707006,-1.323095577291986,4.391478,8.426703,-76.38599,-6.742099,15,2019-02-09,9.49,0.0,80.71,9.15,1.0,162.54,2019,2,9,34.0,0,USA_3006.csv
2019-02-10,3006,22.0,5.0,5.0,1.6,33.0,20.8,0,0,2,2,3,3,4,4,-6.625622482037886,-1.516366745098403,11.612907,-7.4490185,-113.688446,-5.137871,15,2019-02-10,10.01,0.0,82.0,10.14,1.0,204.5,2019,2,10,33.0,0,USA_3006.csv
2019-02-11,3006,16.0,6.0,4.0,1.2,34.0,19.0,0,0,2,2,3,3,4,4,-7.500922227346139,-1.0979135751650826,11.383279,-7.618187,-115.26746,-9.570107,15,2019-02-11,7.79,0.0,70.04,11.55,1.0,151.79,2019,2,11,34.0,0,USA_3006.csv
2019-02-12,3006,18.0,10.0,18.0,4.2,30.0,1.0,0,0,3,3,5,5,1,1,3.2683717423730165,-5.3900112764976384,9.865626,-0.72451854,59.940556,-62.4675,15,2019-02-12,8.89,0.0,68.04,10.04,1.0,115.83,2019,2,12,30.0,0,USA_3006.csv
2019-02-13,3006,15.0,9.0,14.0,4.2,31.0,1.0,0,0,3,3,5,5,1,1,1.794670037423532,-4.767766748219151,9.470607,-0.56078935,56.918175,-63.9069,15,2019-02-13,11.16,0.0,61.42,13.82,1.0,85.25,2019,2,13,31.0,0,USA_3006.csv
2019-02-14,3006,14.0,7.0,1.0,1.2,33.0,9.4,0,0,2,2,3,3,0,0,-7.2722578812391,-1.1260072688327298,16.7927,-7.483583,-82.087395,-64.0903,15,2019-02-14,12.61,0.0,90.54,19.96,1.0,131.67,2019,2,14,33.0,0,USA_3006.csv
2019-02-15,3006,13.0,6.0,7.0,1.8,33.0,19.0,0,0,2,2,3,3,4,4,-5.989474225166525,-2.0467957033549613,11.727664,-7.175908,-110.28115,-3.0999973,15,2019-02-15,11.2,0.0,85.12,11.14,1.0,218.92,2019,2,15,33.0,0,USA_3006.csv
2019-02-16,3006,11.0,7.0,6.0,2.0,32.0,19.0,0,0,2,2,3,3,4,4,-6.1196453227550425,-2.202239465317473,11.725587,-7.204141,-109.6375,-4.3079515,15,2019-02-16,10.74,0.0,73.62,19.76,1.0,280.29,2019,2,16,32.0,0,USA_3006.csv
2019-02-17,3006,16.0,8.0,6.0,1.4,32.0,1.0,0,0,3,3,1,1,7,7,-4.212189454953101,-2.1998295021020606,-1.037004,19.28206,-19.361328,-109.00338,15,2019-02-17,10.33,0.0,70.88,23.41,1.0,280.79,2019,2,17,32.0,0,USA_3006.csv
2019-02-18,3006,17.0,5.0,5.0,1.2,35.0,19.0,0,0,2,2,3,3,4,4,-7.1779513857634525,-1.0578675361272725,11.415048,-7.5716586,-115.38353,-9.170555,15,2019-02-18,8.36,0.0,64.04,13.2,1.0,222.46,2019,2,18,35.0,0,USA_3006.csv
2019-02-19,3006,18.0,6.0,4.0,1.2,33.0,19.0,0,0,2,2,3,3,4,4,-7.389237932853934,-1.2635189569661063,11.408028,-7.601407,-115.24114,-9.764172,15,2019-02-19,7.27,0.0,60.04,11.01,1.0,80.62,2019,2,19,33.0,0,USA_3006.csv
2019-02-20,3006,18.0,9.0,10.0,2.0,30.0,1.0,0,0,3,3,1,1,1,1,-2.048404428358172,-3.333872858967881,4.550681,2.826437,4.319678,-71.828156,15,2019-02-20,7.19,0.0,74.17,10.25,1.0,117.67,2019,2,20,30.0,0,USA_3006.csv
2019-02-21,3006,24.0,6.0,10.0,2.0,28.0,9.6,0,0,2,2,3,3,0,0,-2.9740083823733947,-3.575560854813737,15.264906,-6.9698405,-74.98477,-90.308426,15,2019-02-21,8.75,0.0,74.58,15.82,1.0,272.75,2019,2,21,28.0,0,USA_3006.csv
2019-02-22,3006,9.0,7.0,8.6,2.4,34.0,9.4,0,0,2,2,3,3,0,0,-3.675849236475832,-2.5991655294992846,15.342953,-7.4654326,-76.87793,-90.30679,15,2019-02-22,7.16,0.0,70.96,6.52,1.0,199.75,2019,2,22,34.0,0,USA_3006.csv
2019-02-23,3006,22.0,11.0,7.8,1.8,36.0,1.6,0,0,3,3,1,1,7,7,-2.695493428540118,-1.5138143909203567,3.927757,3.5613303,-9.293504,-55.095722,15,2019-02-23,8.08,0.0,64.08,10.29,1.0,95.38,2019,2,23,36.0,0,USA_3006.csv
2019-02-24,3006,18.0,10.0,4.8,1.4,37.0,1.0,0,0,3,3,1,1,7,7,-4.3398961248397985,-0.8675662425180769,3.2392788,11.773165,-68.096245,-23.316252,15,2019-02-24,9.43,0.0,73.38,5.18,1.0,133.29,2019,2,24,37.0,0,USA_3006.csv
2019-02-25,3006,19.0,14.0,6.2,1.2,37.0,1.6,0,0,3,3,1,1,7,7,-3.9601650583041144,-0.7109612002657504,3.249437,12.198866,-62.680447,-20.500072,15,2019-02-25,10.6,0.0,67.38,5.23,1.0,131.83,2019,2,25,37.0,0,USA_3006.csv
2019-02-26,3006,27.0,21.0,6.2,2.0,34.0,1.0,0,0,3,3,1,1,7,7,-2.055751949710701,-1.1932339895986694,2.7715378,4.8282013,-15.075869,-38.249866,15,2019-02-26,10.54,0.0,81.92,4.94,1.0,152.92,2019,2,26,34.0,0,USA_3006.csv
2019-02-27,3006,36.0,15.0,4.0,2.8,31.0,3.0,0,0,3,3,1,1,7,7,-1.8044400812002002,-1.9902339318333857,8.217612,3.4707086,22.42568,-17.204576,15,2019-02-27,11.32,0.0,86.42,5.32,1.0,127.83,2019,2,27,36.0,0,USA_3006.csv
2019-02-28,3006,28.0,5.0,7.2,1.8,27.0,14.8,0,0,2,2,3,3,0,0,-4.5944044648299505,-3.161961131622848,15.803369,-7.1589785,-76.54597,-54.36435,15,2019-02-28,13.43,0.0,92.33,5.0,1.0,123.88,2019,2,28,28.0,0,USA_3006.csv
2019-03-01,3006,13.0,8.0,9.2,2.4,25.0,1.4,0,0,3,3,1,1,1,1,-2.217243238042912,-4.589378934660077,3.9941604,3.1439888,1.172684,-83.84579,15,2019-03-01,12.51,0.0,92.75,5.05,1.0,211.54,2019,3,1,25.0,0,USA_3006.csv
2019-03-02,3006,23.0,6.0,15.0,4.4,23.0,1.0,0,0,3,3,5,5,1,1,2.6263312344611447,-6.639034220882893,9.632559,-0.5860319,57.67778,-65.870285,15,2019-03-02,12.92,0.0,93.33,8.35,1.0,124.62,2019,3,2,23.0,0,USA_3006.csv
2019-03-03,3006,13.0,4.0,8.2,2.0,27.0,29.2,0,0,2,2,3,3,4,4,-6.8114711878432574,-3.392664749528665,8.452701,-6.8313937,-111.45618,23.718578,15,2019-03-03,13.43,0.0,91.58,10.42,1.0,263.25,2019,3,3,29.2,0,USA_3006.csv
2019-03-04,3006,8.0,5.0,8.6,2.8,29.0,20.8,0,0,2,2,3,3,4,4,-4.829697474780523,-3.666946286712449,11.826833,-7.0239315,-109.19801,-1.4070005,15,2019-03-04,12.09,0.0,87.29,6.98,1.0,202.21,2019,3,4,29.0,0,USA_3006.csv
2019-03-05,3006,8.0,14.0,12.0,3.2,25.0,1.4,0,0,3,3,1,1,1,1,-0.31089435173108815,-5.123617533941189,6.886431,1.2882919,28.743332,-72.58965,15,2019-03-05,12.51,0.0,83.79,6.87,1.0,191.42,2019,3,5,25.0,0,USA_3006.csv
2019-03-06,3006,20.0,8.0,6.0,1.8,30.0,1.0,0,0,3,3,1,1,7,7,-3.4865673080855277,-2.721943008122008,2.7287958,5.102855,-16.193611,-88.73363,15,2019-03-06,12.93,0.0,89.38,12.99,1.0,100.54,2019,3,6,30.0,0,USA_3006.csv
2019-03-07,3006,8.0,7.0,1.0,1.2,35.0,9.4,0,0,2,2,3,3,0,0,-7.612280579155079,-0.8346894058512193,16.816795,-7.4367056,-82.72892,-63.826332,15,2019-03-07,12.05,0.0,87.83,8.1,1.0,250.04,2019,3,7,35.0,0,USA_3006.csv
2019-03-08,3006,13.0,8.0,6.0,2.0,34.0,19.0,0,0,2,2,3,3,4,4,-5.940052683291045,-1.6983485881340097,11.667571,-7.273572,-109.86207,-4.089094,15,2019-03-08,11.28,0.0,73.71,21.7,1.0,271.92,2019,3,8,34.0,0,USA_3006.csv
2019-03-09,3006,12.0,9.0,7.0,2.4,34.0,1.0,0,0,3,3,1,1,7,7,-2.8142523809709163,-2.425271049038919,3.0041718,3.5540092,7.8827367,-85.904205,15,2019-03-09,9.53,0.0,72.21,12.26,1.0,198.25,2019,3,9,34.0,0,USA_3006.csv
2019-03-10,3006,23.0,7.0,6.0,1.4,35.0,2.6,0,0,3,3,1,1,7,7,-4.047874236591155,-1.4578960233105946,5.4340186,6.6741858,-36.67513,-18.187553,15,2019-03-10,10.79,0.0,75.54,8.93,1.0,187.12,2019,3,10,35.0,0,USA_3006.csv
2019-03-11,3006,17.0,7.0,5.0,1.6,36.0,19.0,0,0,2,2,3,3,4,4,-6.564730339933455,-0.9372686487675085,11.46209,-7.5117517,-114.71771,-7.5341315,15,2019-03-11,10.63,0.0,77.42,6.58,1.0,146.04,2019,3,11,36.0,0,USA_3006.csv
2019-03-12,3006,10.0,16.0,2.0,1.0,36.0,1.0,0,0,3,3,1,1,7,7,-5.871226537617806,-0.3530115607186338,4.5664253,10.670882,-92.06436,25.239794,15,2019-03-12,13.49,0.0,70.04,12.43,1.0,292.08,2019,3,12,36.0,0,USA_3006.csv
2019-03-13,3006,21.0,10.0,2.0,1.2,38.0,2.4,0,0,3,3,1,1,7,7,-5.466704871374703,-0.10210238257578481,4.2898254,8.970668,-79.91071,-2.685067,15,2019-03-13,12.74,0.0,64.33,18.75,1.0,264.12,2019,3,13,38.0,0,USA_3006.csv
2019-03-14,3006,16.0,9.0,1.0,1.0,38.0,1.0,0,0,3,3,1,1,7,7,-6.1949896306409915,-0.060951822516449136,4.6331077,10.72966,-95.54678,24.439285,15,2019-03-14,12.24,0.0,54.83,13.14,1.0,84.67,2019,3,14,38.0,0,USA_3006.csv
2019-03-15,3006,13.0,5.0,1.0,1.0,39.0,19.0,0,0,2,2,3,3,4,4,-8.893198417571336,0.30937830968832764,11.077103,-8.097015,-114.21103,-21.3777,15,2019-03-15,12.59,0.0,55.21,11.47,1.0,109.46,2019,3,15,39.0,0,USA_3006.csv
2019-03-16,3006,17.0,6.0,2.0,1.4,41.0,10.6,0,0,2,2,3,3,0,0,-6.701131244453462,0.3260791340018017,16.802757,-7.3667817,-83.28951,-61.586487,15,2019-03-16,13.98,0.0,55.88,9.38,1.0,163.54,2019,3,16,41.0,0,USA_3006.csv
2019-03-17,3006,12.0,11.0,6.0,1.0,42.0,1.0,0,0,3,3,1,1,7,7,-4.7390566068062165,0.1252745512881941,4.530689,12.652261,-60.468624,-16.124022,15,2019-03-17,16.07,0.0,54.75,10.02,1.0,113.83,2019,3,17,42.0,0,USA_3006.csv
2019-03-18,3006,13.0,22.0,10.0,2.6,53.0,1.4,2,2,3,3,4,4,8,8,-0.8348398404802009,1.705225019817552,11.999779,6.12739,29.90591,27.464708,15,2019-03-18,15.13,0.0,64.12,7.43,1.0,148.79,2019,3,18,53.0,0,USA_3006.csv
2019-03-19,3006,23.0,22.0,11.0,2.2,41.0,1.2,0,0,3,3,1,1,1,1,-0.47505207468897725,-0.5076349813035295,4.7764673,2.9313822,3.1998692,-10.90073,15,2019-03-19,13.29,0.0,83.0,6.72,1.0,152.54,2019,3,19,41.0,0,USA_3006.csv
2019-03-20,3006,40.0,9.0,1.0,1.2,37.0,4.2,0,0,3,3,1,1,7,7,-4.960752644262658,0.19444402622024218,5.4659777,-0.7038339,-70.496735,-10.256312,15,2019-03-20,12.92,0.0,83.62,9.3,1.0,171.17,2019,3,20,40.0,0,USA_3006.csv
2019-03-21,3006,23.0,9.0,2.0,1.2,35.0,3.2,0,0,3,3,1,1,7,7,-5.520901360937727,-0.7122979644666558,4.2784414,8.942447,-79.98318,-2.4176774,15,2019-03-21,11.63,0.0,81.5,11.35,1.0,218.83,2019,3,21,35.0,0,USA_3006.csv
2019-03-22,3006,9.0,9.0,6.0,2.2,34.0,1.0,0,0,3,3,1,1,7,7,-3.55303324309474,-2.257262101550377,2.6751795,3.820669,-38.711826,-74.592384,15,2019-03-22,11.44,0.0,83.08,7.46,1.0,132.42,2019,3,22,34.0,0,USA_3006.csv
2019-03-23,3006,22.0,13.0,4.0,1.0,28.0,8.2,0,0,2,2,3,3,0,0,-5.671191927225616,-2.006767490233887,16.478998,-6.6858406,-70.14321,-66.96936,15,2019-03-23,12.18,0.0,84.75,5.37,1.0,131.0,2019,3,23,28.0,0,USA_3006.csv
2019-03-24,3006,22.0,14.0,5.0,1.6,38.0,1.0,0,0,3,3,1,1,7,7,-3.5759612687660125,-0.4922063497487031,3.2485406,12.157029,-63.961937,-27.386446,15,2019-03-24,11.93,0.0,83.38,7.06,1.0,141.79,2019,3,24,38.0,0,USA_3006.csv
2019-03-25,3006,32.0,20.0,7.0,1.8,42.0,1.0,0,0,3,3,1,1,5,5,-1.778345796924492,0.4870157180978131,9.700017,6.567609,-11.208027,10.428805,15,2019-03-25,12.5,0.0,82.79,7.88,1.0,185.62,2019,3,25,42.0,0,USA_3006.csv
2019-03-26,3006,36.0,18.0,8.0,1.8,44.0,1.0,0,0,3,3,4,4,5,5,-1.32842307779341,0.7393973877995061,10.063562,6.454802,-8.901369,10.476275,15,2019-03-26,12.18,0.0,79.17,6.21,1.0,157.71,2019,3,26,44.0,0,USA_3006.csv
2019-03-27,3006,36.0,10.0,5.0,2.2,25.0,3.6,0,0,3,3,1,1,7,7,-2.617167474666684,-3.3197182627632977,5.7547097,0.26529145,-19.663559,-25.402582,15,2019-03-27,14.36,0.0,90.58,8.16,1.0,203.54,2019,3,27,36.0,0,USA_3006.csv
2019-03-28,3006,21.0,9.0,2.0,1.0,32.0,1.8,0,0,3,3,1,1,7,7,-5.7234425297873885,-1.307197716974335,4.039044,9.682644,-89.72653,7.7855954,15,2019-03-28,14.13,0.0,85.79,11.32,1.0,280.42,2019,3,28,32.0,0,USA_3006.csv
2019-03-29,3006,13.0,17.0,2.0,1.0,37.0,1.0,0,0,3,3,1,1,7,7,-5.6382765585511,-0.03467241496432147,4.942693,10.838189,-92.03414,27.029284,15,2019-03-29,12.49,0.0,72.0,7.3,1.0,187.04,2019,3,29,37.0,0,USA_3006.csv
2019-03-30,3006,21.0,15.0,2.0,1.0,39.0,1.0,0,0,3,3,1,1,7,7,-5.267718387767463,0.42989187207382046,5.1125855,10.835569,-90.432045,32.02401,15,2019-03-30,13.9,0.0,61.96,8.49,1.0,141.21,2019,3,30,39.0,0,USA_3006.csv
2019-03-31,3006,20.0,13.0,4.0,1.4,40.0,1.0,0,0,3,3,1,1,7,7,-4.299474309521709,0.053743677343588654,5.5802183,12.537611,-69.384125,-24.972624,15,2019-03-31,15.83,0.0,61.17,7.77,1.0,149.67,2019,3,31,40.0,0,USA_3006.csv
2019-04-01,3006,23.0,15.0,8.0,2.2,49.0,1.0,0,0,3,3,4,4,5,5,-1.7185687872405229,1.1576769205630242,11.453408,6.377192,24.75807,25.810232,15,2019-04-01,16.68,0.0,61.21,8.0,1.0,137.83,2019,4,1,49.0,0,USA_3006.csv
2019-04-02,3006,21.0,17.0,6.0,1.6,42.0,1.0,0,0,3,3,1,1,7,7,-3.1427396179801006,0.3364482166899802,4.711161,12.9738,-36.58643,5.7054486,15,2019-04-02,15.52,0.0,76.17,7.7,1.0,178.12,2019,4,2,42.0,0,USA_3006.csv
2019-04-03,3006,25.0,8.0,2.0,1.2,28.0,1.4,0,0,3,3,1,1,7,7,-5.260414462105134,-2.2075618228599327,4.377419,9.007697,-82.61641,5.4075236,15,2019-04-03,14.23,0.0,83.83,9.58,1.0,167.04,2019,4,3,28.0,0,USA_3006.csv
2019-04-04,3006,15.0,7.0,2.0,1.4,30.0,9.4,0,0,2,2,3,3,0,0,-6.665040575363787,-1.9504034950927116,16.658216,-7.5177927,-80.62569,-65.738686,15,2019-04-04,14.07,0.0,83.67,5.61,1.0,248.5,2019,4,4,30.0,0,USA_3006.csv
2019-04-05,3006,15.0,7.0,4.0,1.2,28.0,9.4,0,0,2,2,3,3,0,0,-6.300761236297321,-2.530742167750616,16.587465,-7.4255195,-78.8919,-67.27355,15,2019-04-05,13.45,0.0,83.12,7.62,1.0,219.08,2019,4,5,28.0,0,USA_3006.csv
2019-04-06,3006,12.0,9.0,2.0,1.0,32.0,1.0,0,0,3,3,1,1,7,7,-6.1454436068442275,-1.5061233749227094,3.8586361,10.130408,-94.40855,7.6883607,15,2019-04-06,14.14,0.0,82.62,7.99,1.0,174.79,2019,4,6,32.0,0,USA_3006.csv
2019-04-07,3006,17.0,13.0,5.0,1.6,35.0,1.0,0,0,3,3,1,1,7,7,-3.93550470295046,-1.2614346110905148,4.9014335,-6.9076066,-37.50942,-60.789127,15,2019-04-07,14.82,0.0,80.5,5.65,1.0,155.29,2019,4,7,35.0,0,USA_3006.csv
2019-04-08,3006,17.0,16.0,3.0,1.0,35.0,1.0,0,0,3,3,1,1,7,7,-5.155234014551148,-0.5512816771797903,5.137614,11.265648,-77.41105,26.451378,15,2019-04-08,17.87,0.0,64.58,6.3,1.0,136.54,2019,4,8,35.0,0,USA_3006.csv
2019-04-09,3006,32.0,28.0,4.0,1.4,40.0,1.0,0,0,3,3,1,1,5,5,-2.804566389094887,1.0881262861489538,8.805265,11.628037,-34.148907,58.169952,15,2019-04-09,18.18,0.0,69.21,12.49,1.0,275.46,2019,4,9,40.0,0,USA_3006.csv
2019-04-10,3006,26.0,15.0,1.0,1.2,42.0,1.0,0,0,3,3,1,1,7,7,-5.022719859341177,1.1830638830406095,5.9438825,10.817559,-91.72658,36.275932,15,2019-04-10,17.11,0.0,51.75,17.08,1.0,276.12,2019,4,10,42.0,0,USA_3006.csv
2019-04-11,3006,12.0,14.0,1.0,1.2,40.0,1.0,0,0,3,3,1,1,7,7,-5.90223686763801,0.4398159631225655,4.788639,10.816664,-95.20471,26.460827,15,2019-04-11,16.8,0.0,50.08,15.66,1.0,262.5,2019,4,11,40.0,0,USA_3006.csv
2019-04-12,3006,14.0,18.0,2.0,1.2,39.0,1.0,0,0,3,3,1,1,7,7,-5.265884424765656,0.35382069939722427,5.07362,10.968855,-92.90607,27.909306,15,2019-04-12,16.51,0.0,55.29,18.53,1.0,291.75,2019,4,12,39.0,0,USA_3006.csv
2019-04-13,3006,19.0,14.0,5.0,1.2,46.0,1.0,0,0,3,3,1,1,7,7,-4.213437692974828,1.2828425402749344,10.537576,12.706905,-53.588,49.611446,15,2019-04-13,15.98,0.0,56.42,8.09,1.0,134.46,2019,4,13,46.0,0,USA_3006.csv
2019-04-14,3006,22.0,13.0,4.0,1.4,46.0,1.0,0,0,3,3,1,1,7,7,-4.153001342487519,1.3266254834651898,10.509601,12.766664,-54.33456,49.217335,15,2019-04-14,14.68,0.0,73.17,7.3,1.0,172.42,2019,4,14,46.0,0,USA_3006.csv
2019-04-15,3006,27.0,18.0,5.0,1.4,40.0,1.0,0,0,3,3,1,1,7,7,-3.3135175975830142,0.3259803073196682,8.865584,12.317312,-51.198624,26.672493,15,2019-04-15,12.82,0.0,87.29,6.02,1.0,213.79,2019,4,15,40.0,0,USA_3006.csv
2019-04-16,3006,27.0,18.0,3.0,1.4,29.0,1.4,0,0,3,3,1,1,7,7,-4.045002117448534,-1.6600018782412842,5.1095967,8.8637705,-71.91476,3.7811756,15,2019-04-16,13.49,0.0,82.21,7.86,1.0,241.12,2019,4,16,29.0,0,USA_3006.csv
2019-04-17,3006,33.0,16.0,6.0,1.8,42.0,1.0,0,0,3,3,1,1,7,7,-2.2446871595499465,0.4273520378499301,9.53048,6.6857204,-11.847683,11.958294,15,2019-04-17,14.01,0.0,78.46,7.81,1.0,158.33,2019,4,17,42.0,0,USA_3006.csv
2019-04-18,3006,20.0,23.0,10.0,1.4,57.0,1.6,2,2,1,1,4,4,8,8,-1.8861689035370357,3.2974045022088903,13.444476,9.792296,29.344955,31.465744,15,2019-04-18,15.35,0.0,74.54,6.7,1.0,166.79,2019,4,18,57.0,0,USA_3006.csv
2019-04-19,3006,31.0,24.0,9.0,2.0,45.0,1.0,0,0,3,3,4,4,5,5,-0.7332955848206151,0.9353254595505459,11.065463,6.1995173,20.80646,23.058212,15,2019-04-19,14.47,0.0,88.38,7.74,1.0,208.67,2019,4,19,45.0,0,USA_3006.csv
2019-04-20,3006,39.0,17.0,2.0,1.0,35.0,2.2,0,0,3,3,1,1,7,7,-4.286126382180391,0.10204982512006493,6.257605,9.18353,-68.91716,17.267998,15,2019-04-20,13.48,0.0,83.54,8.44,1.0,227.71,2019,4,20,39.0,0,USA_3006.csv
2019-04-21,3006,37.0,12.0,2.0,1.2,33.0,2.2,0,0,3,3,1,1,7,7,-4.426587771144092,-0.7092993234176084,5.6064167,8.979455,-79.26231,8.720116,15,2019-04-21,13.8,0.0,79.08,8.18,1.0,178.46,2019,4,21,37.0,0,USA_3006.csv
2019-04-22,3006,26.0,22.0,6.0,1.4,37.0,2.6,0,0,3,3,1,1,7,7,-3.0679703861280743,-0.19203476470703587,6.0240426,6.7975574,-34.328403,-12.488714,15,2019-04-22,14.1,0.0,80.0,6.3,1.0,193.62,2019,4,22,37.0,0,USA_3006.csv
2019-04-23,3006,30.0,19.0,7.0,1.6,39.0,1.0,0,0,3,3,1,1,7,7,-2.21403504763044,-0.12692202084040458,9.045861,12.18298,-13.881869,-2.751835,15,2019-04-23,15.97,0.0,76.67,6.53,1.0,178.83,2019,4,23,39.0,0,USA_3006.csv
2019-04-24,3006,27.0,36.0,9.0,1.8,51.0,1.4,2,2,1,1,4,4,5,5,-0.6033963237162592,2.829704835098126,12.676241,7.4576693,24.529589,74.63074,15,2019-04-24,15.69,0.0,79.67,6.34,1.0,158.96,2019,4,24,51.0,0,USA_3006.csv
2019-04-25,3006,44.0,30.0,6.0,1.2,47.0,1.6,0,0,3,3,4,4,5,5,-1.6668434089836663,2.717187506375511,11.349019,10.05148,-10.210671,79.50406,15,2019-04-25,14.88,0.0,89.12,5.52,1.0,193.08,2019,4,25,47.0,0,USA_3006.csv
2019-04-26,3006,46.0,22.0,5.0,1.0,40.0,1.0,0,0,3,3,4,4,5,5,-2.4955617362548304,1.1078718053069347,9.082991,9.8107605,-16.78112,38.01215,15,2019-04-26,14.02,0.0,89.08,6.16,1.0,238.88,2019,4,26,46.0,0,USA_3006.csv
2019-04-27,3006,40.0,25.0,4.0,1.2,33.0,2.2,0,0,3,3,1,1,7,7,-2.9372754748762935,-0.22523148237434004,6.8954425,8.862911,-45.703075,9.320535,15,2019-04-27,13.81,0.0,88.46,8.13,1.0,237.71,2019,4,27,40.0,0,USA_3006.csv
2019-04-28,3006,45.0,21.0,4.0,1.0,36.0,1.2,0,0,3,3,1,1,7,7,-2.9651752397851285,0.35017981547048677,7.288173,8.413073,-51.975487,7.1482854,15,2019-04-28,13.29,0.0,86.67,7.67,1.0,192.5,2019,4,28,45.0,0,USA_3006.csv
2019-04-29,3006,50.0,12.0,2.0,1.2,28.0,2.0,0,0,3,3,1,1,7,7,-3.667449353964575,-1.48233871782186,6.186176,7.95195,-59.673973,5.9985533,15,2019-04-29,14.51,0.0,82.58,8.47,1.0,186.92,2019,4,29,50.0,0,USA_3006.csv
2019-04-30,3006,26.0,12.0,2.0,1.2,34.0,1.0,0,0,3,3,1,1,7,7,-4.908802048990651,-0.7523234917553956,4.997067,10.001271,-80.61856,19.181164,15,2019-04-30,14.41,0.0,82.21,7.98,1.0,257.25,2019,4,30,34.0,0,USA_3006.csv
2019-05-01,3006,24.0,18.0,4.0,1.2,36.0,2.6,0,0,3,3,1,1,7,7,-4.278062148841334,-0.28918755718730066,6.0011,7.2364345,-37.30891,-10.185206,15,2019-05-01,14.48,0.0,75.38,7.71,1.0,245.54,2019,5,1,36.0,0,USA_3006.csv
2019-05-02,3006,30.0,24.0,5.0,1.0,39.0,1.0,0,0,3,3,1,1,7,7,-3.327766526706736,0.6892343893166678,8.050813,12.571098,-40.111355,20.72301,15,2019-05-02,14.73,0.0,82.12,8.67,1.0,158.46,2019,5,2,39.0,0,USA_3006.csv
2019-05-03,3006,40.0,31.0,6.0,1.2,44.0,1.8,0,0,3,3,4,4,5,5,-1.8877976566873942,2.0787611873248997,10.392012,9.814983,-18.068602,51.643463,15,2019-05-03,14.94,0.0,83.71,7.17,1.0,177.96,2019,5,3,44.0,0,USA_3006.csv
2019-05-04,3006,51.0,31.0,4.0,1.4,43.0,1.2,0,0,3,3,4,4,5,5,-1.5481820668340731,2.2474598712333376,9.812921,8.713365,-7.038926,51.74998,15,2019-05-04,14.85,0.0,84.12,8.42,1.0,164.08,2019,5,4,51.0,0,USA_3006.csv
2019-05-05,3006,49.0,23.0,1.0,1.0,39.0,1.0,0,0,3,3,4,4,5,5,-3.5232427424980104,1.5448018626049729,7.2222404,8.927845,-59.476547,17.65535,15,2019-05-05,14.01,0.0,82.5,8.51,1.0,208.92,2019,5,5,49.0,0,USA_3006.csv
2019-05-06,3006,42.0,10.0,1.0,1.0,30.0,1.2,0,0,3,3,1,1,7,7,-4.690981351729937,-1.1284767900997883,5.915906,8.3406725,-61.391533,7.2031255,15,2019-05-06,13.94,0.0,79.0,8.92,1.0,204.38,2019,5,6,42.0,0,USA_3006.csv
2019-05-07,3006,20.0,10.0,1.0,1.4,29.0,1.0,0,0,3,3,1,1,7,7,-5.451157078709743,-1.9685508139834025,3.987991,9.46215,-89.13387,3.955785,15,2019-05-07,15.06,0.0,78.92,10.06,1.0,195.88,2019,5,7,29.0,0,USA_3006.csv
2019-05-08,3006,15.0,14.0,2.0,1.4,29.0,1.0,0,0,3,3,1,1,7,7,-5.218123906803212,-1.9886728083177216,3.8454618,9.44138,-92.14961,3.4431424,15,2019-05-08,14.96,0.0,76.17,8.92,1.0,228.29,2019,5,8,29.0,0,USA_3006.csv
2019-05-09,3006,20.0,15.0,4.0,1.2,27.0,1.0,0,0,3,3,1,1,7,7,-4.50921051862068,-2.4162776985714056,3.2933288,9.670807,-88.36566,-13.559556,15,2019-05-09,15.14,0.0,79.25,6.52,1.0,247.17,2019,5,9,27.0,0,USA_3006.csv
2019-05-10,3006,23.0,8.0,6.0,1.8,28.0,1.4,0,0,3,3,1,1,7,7,-3.3729968254970535,-3.0633961829619154,3.2278252,5.4221206,-15.878822,-85.802925,15,2019-05-10,15.16,0.0,82.21,5.24,1.0,190.38,2019,5,10,28.0,0,USA_3006.csv
2019-05-11,3006,20.0,13.0,6.0,2.0,35.0,1.0,0,0,3,3,1,1,7,7,-2.945597176948094,-1.524895074232054,2.2572103,4.9040866,-34.454723,-66.13114,15,2019-05-11,16.18,0.0,83.0,6.18,1.0,193.5,2019,5,11,35.0,0,USA_3006.csv
2019-05-12,3006,27.0,18.0,4.0,1.2,42.0,1.0,0,0,3,3,1,1,7,7,-3.8673777153773767,0.9648248965324759,7.1478724,12.666828,-55.09732,38.958622,15,2019-05-12,16.22,0.0,84.42,6.83,1.0,150.58,2019,5,12,42.0,0,USA_3006.csv
2019-05-13,3006,32.0,25.0,5.0,1.4,34.0,1.0,0,0,3,3,1,1,7,7,-2.680708948392572,-0.43626466513753576,6.367929,9.004491,-26.212526,4.839252,15,2019-05-13,15.72,0.0,89.71,7.21,1.0,192.5,2019,5,13,34.0,0,USA_3006.csv
2019-05-14,3006,45.0,27.0,6.0,1.2,41.0,1.6,0,0,3,3,4,4,5,5,-1.797331705117039,1.345139757646462,9.875931,9.645619,-16.33903,46.546413,15,2019-05-14,15.25,0.0,87.17,7.96,1.0,172.08,2019,5,14,45.0,0,USA_3006.csv
2019-05-15,3006,42.0,19.0,5.0,2.2,34.0,1.2,0,0,3,3,1,1,7,7,-1.436660232213475,-0.9317645181098311,7.2184935,5.7967963,-24.280045,-29.059536,15,2019-05-15,15.08,0.0,87.17,8.53,1.0,180.71,2019,5,15,42.0,0,USA_3006.csv
2019-05-16,3006,36.0,12.0,2.0,1.4,36.0,6.4,0,0,3,3,1,1,0,0,-4.7593258023454155,-0.10631107655349692,5.513513,-0.69279915,-69.26599,-11.827808,15,2019-05-16,15.45,0.0,83.75,18.22,1.0,199.67,2019,5,16,36.0,0,USA_3006.csv
2019-05-17,3006,20.0,14.0,5.0,1.4,38.0,1.0,0,0,3,3,1,1,7,7,-3.9437421705263884,-0.43664779308919655,3.3005288,11.985251,-65.60541,-23.203583,15,2019-05-17,14.69,0.0,70.21,25.23,1.0,282.83,2019,5,17,38.0,0,USA_3006.csv
2019-05-18,3006,18.0,17.0,4.0,1.4,40.0,1.0,0,0,3,3,1,1,7,7,-4.20413283244798,0.22585772153916794,5.773651,12.619743,-57.901047,28.865202,15,2019-05-18,14.52,0.0,80.79,8.6,1.0,205.29,2019,5,18,40.0,0,USA_3006.csv
2019-05-19,3006,25.0,7.0,1.0,1.0,35.0,2.6,0,0,3,3,1,1,7,7,-5.996837863958812,-0.5651162482047619,4.1899796,8.952021,-79.94921,-0.14009735,15,2019-05-19,13.39,0.0,85.88,12.02,1.0,210.21,2019,5,19,35.0,0,USA_3006.csv
2019-05-20,3006,12.0,10.0,2.0,1.0,37.0,1.0,0,0,3,3,1,1,7,7,-6.067595762526151,-0.4256307305036835,4.6005387,10.745889,-93.91462,25.458578,15,2019-05-20,13.55,0.0,80.25,20.62,1.0,279.5,2019,5,20,37.0,0,USA_3006.csv
2019-05-21,3006,12.0,16.0,1.0,1.2,34.0,1.0,0,0,3,3,1,1,7,7,-5.82605794531562,-0.6871695888049599,4.46794,10.438955,-93.44936,19.065018,15,2019-05-21,13.85,0.0,81.88,17.16,1.0,189.67,2019,5,21,34.0,0,USA_3006.csv
2019-05-22,3006,21.0,10.0,4.0,1.4,34.0,2.4,0,0,3,3,1,1,7,7,-4.61011157959566,-1.2843401816427675,4.374209,8.376082,-76.39968,-7.609424,15,2019-05-22,14.08,0.0,73.33,28.0,1.0,278.54,2019,5,22,34.0,0,USA_3006.csv
2019-05-23,3006,14.0,16.0,5.0,1.8,27.0,1.0,0,0,3,3,1,1,7,7,-3.7401207130482708,-2.9017056189942636,2.5947337,6.050348,-27.147612,-79.55764,15,2019-05-23,14.64,0.0,80.42,10.37,1.0,161.38,2019,5,23,27.0,0,USA_3006.csv
2019-05-24,3006,29.0,14.0,5.0,1.6,34.0,1.6,0,0,3,3,1,1,7,7,-3.2647578053657385,-1.1600182422827807,3.2370646,15.112647,-36.959667,-31.498333,15,2019-05-24,14.46,0.0,80.71,7.75,1.0,193.46,2019,5,24,34.0,0,USA_3006.csv
2019-05-25,3006,22.0,15.0,5.0,1.6,36.0,1.0,0,0,3,3,1,1,7,7,-3.532901910670709,-0.850200946024125,3.2535472,12.28327,-63.65125,-26.38615,15,2019-05-25,14.36,0.0,82.29,8.45,1.0,160.21,2019,5,25,36.0,0,USA_3006.csv
2019-05-26,3006,22.0,10.0,1.0,1.0,31.0,1.0,0,0,3,3,1,1,7,7,-5.826816920191053,-1.3267588238211632,4.419109,9.566695,-85.640495,9.607198,15,2019-05-26,13.31,0.0,86.92,10.47,1.0,198.12,2019,5,26,31.0,0,USA_3006.csv
2019-05-27,3006,21.0,10.0,1.0,1.2,32.0,2.4,0,0,3,3,1,1,7,7,-5.809196379842883,-1.2026945744136552,4.264292,9.248646,-82.33327,0.26831597,15,2019-05-27,13.1,0.0,76.83,15.62,1.0,266.83,2019,5,27,32.0,0,USA_3006.csv
2019-05-28,3006,14.0,15.0,4.0,1.6,32.0,1.0,0,0,3,3,1,1,7,7,-4.332070321127777,-1.6993680610542976,1.9307859,7.4797854,-56.410187,-48.241245,15,2019-05-28,14.12,0.0,80.33,7.25,1.0,189.17,2019,5,28,32.0,0,USA_3006.csv
2019-05-29,3006,20.0,22.0,6.0,1.0,39.0,1.0,0,0,3,3,1,1,7,7,-3.7043619761108793,0.2513700703281156,5.1247025,12.868553,-38.741776,11.3474865,15,2019-05-29,15.42,0.0,81.54,5.65,1.0,172.21,2019,5,29,39.0,0,USA_3006.csv
2019-05-30,3006,31.0,24.0,7.0,1.8,42.0,1.0,0,0,3,3,1,1,5,5,-1.624677343128226,0.6790760889882665,9.788514,6.385112,-9.76942,8.34324,15,2019-05-30,14.84,0.0,87.29,6.52,1.0,186.46,2019,5,30,42.0,0,USA_3006.csv
2019-05-31,3006,45.0,24.0,5.0,1.2,36.0,2.0,0,0,3,3,1,1,5,5,-2.3453213118139886,0.3007446084187309,7.8413854,8.148869,-17.890886,32.762646,15,2019-05-31,14.43,0.0,90.54,7.06,1.0,195.67,2019,5,31,45.0,0,USA_3006.csv
2019-06-01,3006,32.0,19.0,3.0,1.2,28.0,1.0,0,0,3,3,1,1,7,7,-3.9049933689856773,-1.6270188749825196,5.2248845,8.79062,-71.21387,4.3162646,15,2019-06-01,14.7,0.0,86.33,6.17,1.0,188.12,2019,6,1,32.0,0,USA_3006.csv
2019-06-02,3006,36.0,16.0,1.0,1.2,32.0,1.0,0,0,3,3,1,1,7,7,-4.436148430739022,-0.6194520625206381,5.778927,9.1981945,-71.91712,12.796968,15,2019-06-02,14.81,0.0,84.21,6.25,1.0,191.38,2019,6,2,36.0,0,USA_3006.csv
2019-06-03,3006,31.0,15.0,2.0,1.2,36.0,1.0,0,0,3,3,1,1,7,7,-4.448230500166317,-0.08258994776090066,5.4488497,9.853291,-77.32755,19.471687,15,2019-06-03,14.26,0.0,88.17,7.79,1.0,230.62,2019,6,3,36.0,0,USA_3006.csv
2019-06-04,3006,39.0,21.0,5.0,1.2,41.0,1.0,0,0,3,3,1,1,5,5,-2.700753428750877,1.025291977954379,9.252596,10.670142,-18.583952,40.186565,15,2019-06-04,14.18,0.0,90.96,6.9,1.0,157.75,2019,6,4,41.0,0,USA_3006.csv
2019-06-05,3006,41.0,24.0,6.0,1.2,49.0,1.6,0,0,3,3,4,4,5,5,-2.149878309174876,2.7503343595375664,11.720326,10.355463,-9.862419,81.93549,15,2019-06-05,14.53,0.0,91.5,6.7,1.0,176.75,2019,6,5,49.0,0,USA_3006.csv
2019-06-06,3006,46.0,24.0,6.0,1.2,43.0,1.0,0,0,3,3,4,4,5,5,-1.810855016712542,1.6025215397652806,9.988679,9.647078,-15.591414,46.142467,15,2019-06-06,15.09,0.0,91.46,5.79,1.0,216.88,2019,6,6,46.0,0,USA_3006.csv
2019-06-07,3006,39.0,19.0,5.0,1.2,37.0,4.4,0,0,3,3,1,1,7,7,-3.264135179869526,0.17977943515705172,7.671353,6.771247,-23.666567,-9.036632,15,2019-06-07,15.17,0.0,89.21,6.52,1.0,245.38,2019,6,7,39.0,0,USA_3006.csv
2019-06-08,3006,39.0,26.0,6.0,1.2,43.0,1.0,0,0,3,3,4,4,5,5,-2.113146602791127,1.568900123226013,10.0555525,10.863798,-20.156536,47.16687,15,2019-06-08,16.06,0.0,85.71,5.59,1.0,210.88,2019,6,8,43.0,0,USA_3006.csv
2019-06-09,3006,34.0,22.0,4.0,1.4,44.0,1.0,0,0,3,3,4,4,5,5,-2.9860264964394125,1.632001621264004,9.40523,11.368639,-50.22532,41.158794,15,2019-06-09,16.45,0.0,86.38,6.87,1.0,185.92,2019,6,9,44.0,0,USA_3006.csv
2019-06-10,3006,38.0,24.0,7.0,1.6,53.0,1.2,2,2,1,1,4,4,5,5,-1.4385828058777825,3.1794843267043125,12.867008,9.855072,9.692215,84.42486,15,2019-06-10,17.81,0.0,84.0,6.75,1.0,223.62,2019,6,10,53.0,0,USA_3006.csv
2019-06-11,3006,32.0,25.0,7.0,1.8,65.0,1.2,2,2,1,1,4,4,8,8,-1.4247818869171036,5.483333866036538,14.270257,8.369307,34.11956,88.10786,15,2019-06-11,19.71,0.0,78.46,7.27,1.0,213.83,2019,6,11,65.0,0,USA_3006.csv
2019-06-12,3006,33.0,29.0,7.0,1.8,51.0,1.6,2,2,1,1,4,4,5,5,-1.2755074925768342,2.848017001330188,11.956886,10.643012,0.7951312,85.26475,15,2019-06-12,17.86,0.0,86.0,8.37,1.0,212.46,2019,6,12,51.0,0,USA_3006.csv
2019-06-13,3006,46.0,29.0,5.0,1.0,37.0,1.6,0,0,3,3,4,4,5,5,-2.216685674334335,0.8769451752740128,8.11883,8.353678,-17.330856,31.942255,15,2019-06-13,16.29,0.0,90.12,9.9,1.0,191.0,2019,6,13,46.0,0,USA_3006.csv
2019-06-14,3006,41.0,25.0,4.0,1.4,35.0,1.0,0,0,3,3,1,1,7,7,-2.463468578553593,0.08114805931265977,7.539638,8.516238,-23.308521,35.069183,15,2019-06-14,15.71,0.0,86.46,7.92,1.0,225.92,2019,6,14,41.0,0,USA_3006.csv
2019-06-15,3006,53.0,24.0,4.0,1.4,36.0,1.2,0,0,3,3,1,1,5,5,-1.8373087228953604,0.47785339737399596,8.076278,8.310711,-11.540782,35.18529,15,2019-06-15,16.64,0.0,83.83,7.1,1.0,190.25,2019,6,15,53.0,0,USA_3006.csv
2019-06-16,3006,41.0,14.0,2.0,1.2,31.0,1.2,0,0,3,3,1,1,7,7,-3.9685434805842954,-0.958766436772779,5.7740936,8.635995,-69.95001,7.8952003,15,2019-06-16,16.04,0.0,86.04,7.49,1.0,233.92,2019,6,16,41.0,0,USA_3006.csv
2019-06-17,3006,27.0,14.0,3.0,1.2,37.0,2.6,0,0,3,3,1,1,7,7,-4.622779623222422,-0.10346020454217528,4.408569,8.695741,-77.61067,-4.2670193,15,2019-06-17,16.43,0.0,83.67,6.51,1.0,197.67,2019,6,17,37.0,0,USA_3006.csv
2019-06-18,3006,28.0,18.0,3.0,1.2,36.0,1.0,0,0,3,3,1,1,7,7,-4.151542168654451,-0.1158208797076581,5.7590823,10.828867,-73.312485,25.552256,15,2019-06-18,16.76,0.0,82.88,5.66,1.0,172.58,2019,6,18,36.0,0,USA_3006.csv
2019-06-19,3006,27.0,19.0,4.0,1.8,40.0,1.0,0,0,3,3,1,1,7,7,-3.070938038198881,0.3204759616377229,3.595464,13.171761,-44.055557,-5.746465,15,2019-06-19,16.72,0.0,84.71,7.58,1.0,256.92,2019,6,19,40.0,0,USA_3006.csv
2019-06-20,3006,34.0,16.0,3.0,1.4,34.0,1.0,0,0,3,3,1,1,7,7,-3.6663904838704493,-0.6085936828967304,5.486704,9.168461,-71.585075,20.815395,15,2019-06-20,17.14,0.0,85.88,8.68,1.0,252.25,2019,6,20,34.0,0,USA_3006.csv
2019-06-21,3006,26.0,8.0,2.0,1.0,27.0,1.4,0,0,3,3,1,1,7,7,-5.458183979266593,-2.297662192599553,4.408669,9.000228,-82.32573,5.390363,15,2019-06-21,17.21,0.0,81.25,7.87,1.0,253.21,2019,6,21,27.0,0,USA_3006.csv
2019-06-22,3006,16.0,16.0,1.0,1.0,31.0,1.0,0,0,3,3,1,1,7,7,-5.858785887267589,-1.1284270308133237,4.3277454,9.976356,-90.595825,15.0091715,15,2019-06-22,16.56,0.0,82.04,10.49,1.0,207.5,2019,6,22,31.0,0,USA_3006.csv
2019-06-23,3006,24.0,17.0,3.0,1.4,34.0,1.0,0,0,3,3,1,1,7,7,-4.196662092648665,-0.7550559928334164,3.233442,14.167308,-98.17322,-25.280193,15,2019-06-23,16.05,0.0,87.54,7.75,1.0,184.79,2019,6,23,34.0,0,USA_3006.csv
2019-06-24,3006,34.0,18.0,3.0,1.0,31.0,1.0,0,0,3,3,1,1,7,7,-4.07755552124738,-0.9281818941479348,5.4387064,8.798043,-69.15654,3.2374537,15,2019-06-24,16.1,0.0,89.33,8.03,1.0,182.71,2019,6,24,34.0,0,USA_3006.csv
2019-06-25,3006,28.0,20.0,4.0,1.8,31.0,1.2,0,0,3,3,1,1,7,7,-3.0300757244778618,-1.4512074489152833,14.969716,12.236667,-32.841385,-32.31475,15,2019-06-25,16.52,0.0,86.58,6.31,1.0,261.0,2019,6,25,31.0,0,USA_3006.csv
2019-06-26,3006,35.0,17.0,3.0,1.4,34.0,1.0,0,0,3,3,1,1,7,7,-3.5550645013768225,-0.5356454581310245,5.516219,9.25829,-71.58682,20.964012,15,2019-06-26,16.78,0.0,84.0,9.32,1.0,287.79,2019,6,26,35.0,0,USA_3006.csv
2019-06-27,3006,23.0,19.0,6.0,1.4,37.0,2.6,0,0,3,3,1,1,7,7,-3.401948081446224,-0.41087916640312805,5.914341,6.7980704,-34.922604,-12.822484,15,2019-06-27,16.95,0.0,85.54,6.99,1.0,190.58,2019,6,27,37.0,0,USA_3006.csv
2019-06-28,3006,31.0,26.0,5.0,1.6,38.0,1.0,0,0,3,3,1,1,5,5,-2.4150311427711264,0.3233319514376826,-0.2000749,2.857222,-25.178167,19.95573,15,2019-06-28,17.51,0.0,85.46,8.03,1.0,180.88,2019,6,28,38.0,0,USA_3006.csv
2019-06-29,3006,36.0,23.0,5.0,1.2,43.0,1.0,0,0,3,3,4,4,5,5,-2.759797232028694,1.482452550098666,9.681923,11.004274,-19.761791,40.97799,15,2019-06-29,17.99,0.0,82.96,7.17,1.0,200.38,2019,6,29,43.0,0,USA_3006.csv
2019-06-30,3006,36.0,20.0,4.0,1.8,40.0,1.0,0,0,3,3,1,1,5,5,-2.492995701732281,0.552995392321398,8.013833,9.491146,-24.830294,24.827085,15,2019-06-30,18.27,0.0,80.42,7.28,1.0,187.12,2019,6,30,40.0,0,USA_3006.csv
2019-07-01,3006,31.0,24.0,6.0,1.4,41.0,1.0,0,0,3,3,1,1,5,5,-2.4445735582326606,0.7968775652051705,9.534028,11.963978,-31.480242,17.58516,15,2019-07-01,18.61,0.0,77.0,6.96,1.0,172.08,2019,7,1,41.0,0,USA_3006.csv
2019-07-02,3006,42.0,32.0,6.0,1.6,41.0,2.4,0,0,3,3,4,4,5,5,-1.3080072005828804,1.3788142485115027,10.10582,9.384027,-19.244932,50.937206,15,2019-07-02,19.21,0.0,76.38,6.14,1.0,192.79,2019,7,2,42.0,0,USA_3006.csv
2019-07-03,3006,48.0,34.0,5.0,1.2,39.0,1.0,0,0,3,3,4,4,5,5,-1.496764099094262,1.4828355938400526,9.763847,9.000332,-9.836896,49.739697,15,2019-07-03,18.02,0.0,83.29,7.31,1.0,228.25,2019,7,3,48.0,0,USA_3006.csv
2019-07-04,3006,55.0,33.0,3.0,1.2,35.0,1.0,0,0,3,3,4,4,5,5,-1.7866984098532466,1.0122597264900708,8.317387,8.425222,-8.1166525,38.62964,15,2019-07-04,17.81,0.0,80.79,6.18,1.0,187.21,2019,7,4,55.0,0,USA_3006.csv
2019-07-05,3006,54.0,35.0,5.0,1.2,40.0,1.0,0,0,3,3,4,4,5,5,-1.0888331182530344,1.8610139403787294,9.851217,8.765301,-8.949444,49.099434,15,2019-07-05,17.58,0.0,83.42,7.27,1.0,195.54,2019,7,5,54.0,0,USA_3006.csv
2019-07-06,3006,70.0,26.0,4.0,1.4,39.0,1.4,0,0,3,3,4,4,5,5,-0.7505773650001207,1.5442922698017074,8.820107,8.184689,-9.940738,42.075108,15,2019-07-06,17.17,0.0,85.38,7.57,1.0,192.46,2019,7,6,70.0,0,USA_3006.csv
2019-07-07,3006,44.0,24.0,3.0,1.0,39.0,1.0,0,0,3,3,4,4,5,5,-3.1365334951447776,1.2332778194158498,7.8034644,9.1852255,-54.50903,20.971746,15,2019-07-07,16.77,0.0,87.17,6.7,1.0,208.83,2019,7,7,44.0,0,USA_3006.csv
2019-07-08,3006,46.0,23.0,3.0,1.0,39.0,1.0,0,0,3,3,4,4,5,5,-3.0728782716602687,1.220169021890062,7.8996882,9.169872,-54.410942,21.098976,15,2019-07-08,17.1,0.0,84.58,8.24,1.0,227.67,2019,7,8,46.0,0,USA_3006.csv
2019-07-09,3006,42.0,26.0,4.0,1.6,42.0,1.0,0,0,3,3,4,4,5,5,-2.066227338368939,1.497131987706094,9.091873,9.522646,-21.91289,38.755688,15,2019-07-09,17.25,0.0,83.5,8.4,1.0,211.21,2019,7,9,42.0,0,USA_3006.csv
2019-07-10,3006,45.0,28.0,6.0,1.2,42.0,1.0,0,0,3,3,4,4,5,5,-1.6621563332872262,1.5890837629819945,10.031288,9.605365,-16.082869,47.116604,15,2019-07-10,17.29,0.0,84.92,8.7,1.0,192.88,2019,7,10,45.0,0,USA_3006.csv
2019-07-11,3006,43.0,29.0,8.0,1.2,43.0,1.6,0,0,3,3,4,4,5,5,-1.1727028880845398,1.5574531603204953,10.233571,9.888484,-18.596199,49.015472,15,2019-07-11,17.95,0.0,85.75,8.21,1.0,187.96,2019,7,11,43.0,0,USA_3006.csv
2019-07-12,3006,44.0,30.0,8.0,1.8,44.0,1.6,0,0,3,3,4,4,5,5,-0.3030267805608667,1.5495452304100696,10.473894,6.7291617,11.242295,26.520065,15,2019-07-12,18.55,0.0,83.46,7.78,1.0,200.92,2019,7,12,44.0,0,USA_3006.csv
2019-07-13,3006,42.0,30.0,6.0,1.0,49.0,1.6,2,2,3,3,4,4,5,5,-2.024684688035623,3.183742519326448,11.549649,10.206208,-9.974278,80.24434,15,2019-07-13,18.49,0.0,86.5,6.07,1.0,211.25,2019,7,13,49.0,0,USA_3006.csv
2019-07-14,3006,49.0,22.0,4.0,1.2,44.0,1.0,0,0,3,3,4,4,5,5,-2.362247487660187,2.026649209493357,9.447415,9.541089,-21.624777,69.83565,15,2019-07-14,17.71,0.0,89.79,6.46,1.0,198.88,2019,7,14,49.0,0,USA_3006.csv
2019-07-15,3006,49.0,27.0,6.0,1.2,41.0,1.2,0,0,3,3,4,4,5,5,-1.5125523838682104,1.415221505570046,9.899917,9.50167,-13.84985,47.04068,15,2019-07-15,18.18,0.0,85.54,6.52,1.0,200.83,2019,7,15,49.0,0,USA_3006.csv
2019-07-16,3006,43.0,34.0,7.0,1.2,44.0,1.6,0,0,3,3,4,4,5,5,-1.2154114358364214,2.1603567070816196,10.212657,9.437935,-16.516356,50.838257,15,2019-07-16,20.04,0.0,79.67,6.88,1.0,187.38,2019,7,16,44.0,0,USA_3006.csv
2019-07-17,3006,43.0,34.0,5.0,1.4,42.0,1.6,0,0,3,3,4,4,5,5,-1.5995698286573454,1.9187025638211068,10.096434,9.078578,-9.23345,56.219395,15,2019-07-17,19.21,0.0,84.92,7.61,1.0,226.38,2019,7,17,43.0,0,USA_3006.csv
2019-07-18,3006,45.0,30.0,5.0,1.4,39.0,1.6,0,0,3,3,4,4,5,5,-1.7098207266320293,1.130093966349681,9.281504,9.490133,-21.34145,42.664185,15,2019-07-18,17.63,0.0,85.83,6.13,1.0,214.42,2019,7,18,45.0,0,USA_3006.csv
2019-07-19,3006,44.0,21.0,4.0,1.2,35.0,1.4,0,0,3,3,1,1,7,7,-2.8030808195688093,0.034135796632826,7.1844687,8.383105,-51.83249,6.789751,15,2019-07-19,17.23,0.0,84.79,7.72,1.0,225.54,2019,7,19,44.0,0,USA_3006.csv
2019-07-20,3006,40.0,19.0,3.0,1.6,34.0,1.2,0,0,3,3,1,1,7,7,-2.932040286158376,-0.4205094776128703,6.93317,8.127195,-50.32184,4.664579,15,2019-07-20,16.75,0.0,85.5,8.55,1.0,206.71,2019,7,20,40.0,0,USA_3006.csv
2019-07-21,3006,30.0,17.0,3.0,1.2,31.0,1.6,0,0,3,3,1,1,7,7,-4.189942637974253,-1.1418647103587614,5.1925693,8.917277,-71.27748,3.4294176,15,2019-07-21,17.04,0.0,86.88,8.17,1.0,247.29,2019,7,21,31.0,0,USA_3006.csv
2019-07-22,3006,28.0,25.0,6.0,1.0,43.0,1.0,0,0,3,3,4,4,5,5,-3.0588698095359734,1.3919392952752914,10.082255,11.896647,-33.94747,12.754461,15,2019-07-22,17.86,0.0,87.08,7.36,1.0,204.71,2019,7,22,43.0,0,USA_3006.csv
2019-07-23,3006,33.0,27.0,9.0,2.0,50.0,1.4,2,2,1,1,4,4,5,5,-0.4842670168579701,2.1714182871584113,11.5590515,6.350679,19.187162,24.20037,15,2019-07-23,19.71,0.0,83.42,7.99,1.0,241.21,2019,7,23,50.0,0,USA_3006.csv
2019-07-24,3006,38.0,21.0,7.0,1.8,42.0,1.0,0,0,3,3,4,4,5,5,-1.375384678232287,0.6596958478778713,9.7335615,6.73042,-14.231628,13.681662,15,2019-07-24,20.99,0.0,74.25,8.0,1.0,212.46,2019,7,24,42.0,0,USA_3006.csv
2019-07-25,3006,36.0,29.0,7.0,1.4,45.0,1.0,0,0,3,3,4,4,5,5,-1.5553919040126782,1.8512139506280398,10.859376,10.801208,-23.222075,50.127167,15,2019-07-25,20.92,0.0,72.92,7.09,1.0,192.62,2019,7,25,45.0,0,USA_3006.csv
2019-07-26,3006,49.0,30.0,7.0,1.8,50.0,1.0,2,2,1,1,4,4,5,5,-0.21703885152481867,3.0001071394831142,11.718542,8.018716,15.768981,64.25574,15,2019-07-26,20.64,0.0,73.88,8.97,1.0,195.92,2019,7,26,50.0,0,USA_3006.csv
2019-07-27,3006,55.0,26.0,6.0,1.6,45.0,1.0,0,0,3,3,4,4,5,5,-0.6677208172933423,2.10813602632054,10.530419,8.609045,-3.3152537,49.763477,15,2019-07-27,19.74,0.0,76.38,8.32,1.0,201.0,2019,7,27,55.0,0,USA_3006.csv
2019-07-28,3006,46.0,23.0,4.0,1.2,44.0,1.0,0,0,3,3,4,4,5,5,-2.4842297779282956,2.0198116901006538,9.402315,9.620443,-21.778984,69.97628,15,2019-07-28,19.16,0.0,80.33,7.75,1.0,191.75,2019,7,28,46.0,0,USA_3006.csv
2019-07-29,3006,36.0,27.0,6.0,1.0,42.0,1.0,0,0,3,3,4,4,5,5,-2.4912254193391044,1.452015797349108,10.085513,10.931639,-21.661026,48.06859,15,2019-07-29,18.73,0.0,83.96,5.85,1.0,237.21,2019,7,29,42.0,0,USA_3006.csv
2019-07-30,3006,47.0,35.0,6.0,1.0,43.0,1.0,0,0,3,3,4,4,5,5,-1.4206670551059102,2.300938234743267,10.118114,9.139861,-10.788914,51.592045,15,2019-07-30,18.91,0.0,84.12,6.93,1.0,238.25,2019,7,30,47.0,0,USA_3006.csv
2019-07-31,3006,47.0,33.0,5.0,1.0,42.0,1.0,0,0,3,3,4,4,5,5,-1.8443073759509614,2.121833400478051,9.884511,9.075121,-9.843074,51.006374,15,2019-07-31,18.58,0.0,80.38,6.88,1.0,192.46,2019,7,31,47.0,0,USA_3006.csv
2019-08-01,3006,46.0,29.0,7.0,1.2,44.0,1.0,0,0,3,3,4,4,5,5,-1.2282180252124302,1.9406314468263883,10.200856,9.639755,-16.493235,49.351547,15,2019-08-01,17.63,0.0,83.62,6.98,1.0,187.71,2019,8,1,46.0,0,USA_3006.csv
2019-08-02,3006,46.0,24.0,7.0,1.6,47.0,1.6,0,0,3,3,4,4,5,5,-1.0532563150426302,2.115770412290201,11.191076,9.562289,-8.097364,77.0861,15,2019-08-02,18.78,0.0,80.54,6.33,1.0,207.04,2019,8,2,47.0,0,USA_3006.csv
2019-08-03,3006,37.0,26.0,6.0,1.2,48.0,1.2,0,0,3,3,4,4,5,5,-2.230687369344777,2.5613500410511816,11.643166,10.59407,-8.548911,85.63047,15,2019-08-03,19.15,0.0,80.62,7.42,1.0,184.54,2019,8,3,48.0,0,USA_3006.csv
2019-08-04,3006,35.0,20.0,4.0,1.4,44.0,1.0,0,0,3,3,4,4,5,5,-3.033697171531296,1.5459446310634382,9.378004,11.291532,-50.48741,41.30907,15,2019-08-04,18.87,0.0,85.67,7.32,1.0,212.33,2019,8,4,44.0,0,USA_3006.csv
2019-08-05,3006,34.0,23.0,7.0,1.6,44.0,1.0,0,0,3,3,4,4,5,5,-1.7438823387809779,1.1923613965314999,10.491059,10.824768,-14.85058,12.46434,15,2019-08-05,17.86,0.0,87.04,8.02,1.0,194.79,2019,8,5,44.0,0,USA_3006.csv
2019-08-06,3006,39.0,29.0,6.0,1.4,51.0,1.2,2,2,1,1,4,4,5,5,-1.6890004264633003,3.2812911866794887,11.950045,10.178964,-0.12209137,82.45384,15,2019-08-06,18.12,0.0,85.83,7.94,1.0,187.29,2019,8,6,51.0,0,USA_3006.csv
2019-08-07,3006,43.0,30.0,6.0,1.4,42.0,2.4,0,0,3,3,4,4,5,5,-1.601834939455033,1.59370681567793,10.120797,9.453157,-18.763603,50.788986,15,2019-08-07,17.5,0.0,87.92,7.5,1.0,238.21,2019,8,7,43.0,0,USA_3006.csv
2019-08-08,3006,40.0,24.0,6.0,1.4,42.0,1.0,0,0,3,3,4,4,5,5,-1.91466033208157,1.181893425655344,9.994466,10.931102,-18.242512,18.202127,15,2019-08-08,17.46,0.0,87.21,5.88,1.0,208.88,2019,8,8,42.0,0,USA_3006.csv
2019-08-09,3006,36.0,27.0,7.0,1.6,47.0,1.2,0,0,3,3,4,4,5,5,-1.4260589010462152,2.0656074761910483,11.348353,10.640367,-3.4811966,83.42239,15,2019-08-09,17.78,0.0,84.25,8.35,1.0,213.42,2019,8,9,47.0,0,USA_3006.csv
2019-08-10,3006,48.0,19.0,5.0,1.2,38.0,1.2,0,0,3,3,1,1,5,5,-2.32245278165839,0.4871637097570331,8.130801,8.162161,-16.929667,35.880257,15,2019-08-10,18.28,0.0,81.12,6.76,1.0,201.08,2019,8,10,48.0,0,USA_3006.csv
2019-08-11,3006,34.0,17.0,4.0,1.4,31.0,1.0,0,0,3,3,1,1,7,7,-3.3156281263786243,-1.3044832201438565,5.2277164,8.605481,-35.8308,-33.362705,15,2019-08-11,18.22,0.0,87.83,6.48,1.0,215.08,2019,8,11,34.0,0,USA_3006.csv
2019-08-12,3006,19.0,24.0,6.0,1.2,44.0,1.0,0,0,3,3,1,1,5,5,-3.3807156016261692,1.2694666149705374,10.367051,11.95447,-34.154728,9.196324,15,2019-08-12,18.27,0.0,88.71,6.42,1.0,214.96,2019,8,12,44.0,0,USA_3006.csv
2019-08-13,3006,33.0,26.0,7.0,1.8,50.0,1.2,2,2,3,3,4,4,5,5,-1.3880027822157146,2.473809656236545,11.984506,10.65153,0.31529936,85.39372,15,2019-08-13,18.06,0.0,87.62,7.18,1.0,192.46,2019,8,13,50.0,0,USA_3006.csv
2019-08-14,3006,38.0,24.0,9.0,2.0,57.0,1.6,2,2,1,1,4,4,8,8,-0.3425755894411246,3.5554842548397874,13.510391,7.8392076,26.140356,84.29411,15,2019-08-14,17.88,0.0,85.58,6.54,1.0,203.62,2019,8,14,57.0,0,USA_3006.csv
2019-08-15,3006,39.0,24.0,8.0,1.8,51.0,1.4,2,2,1,1,4,4,5,5,-0.852131246428041,2.5654380682729445,12.225924,7.505981,17.559343,26.994087,15,2019-08-15,16.78,0.0,87.0,6.76,1.0,212.75,2019,8,15,51.0,0,USA_3006.csv
2019-08-16,3006,38.0,24.0,6.0,1.6,42.0,1.0,0,0,3,3,4,4,5,5,-1.7801876934217196,1.046549251963647,10.005099,10.998551,-18.538801,17.387016,15,2019-08-16,17.55,0.0,86.08,7.35,1.0,180.96,2019,8,16,42.0,0,USA_3006.csv
2019-08-17,3006,38.0,20.0,5.0,1.4,38.0,4.2,0,0,3,3,1,1,5,5,-2.9876312164296106,0.3180295951823824,7.7251525,6.7535563,-23.707685,-9.205808,15,2019-08-17,17.52,0.0,85.04,6.99,1.0,193.12,2019,8,17,38.0,0,USA_3006.csv
2019-08-18,3006,43.0,17.0,3.0,1.0,37.0,1.0,0,0,3,3,1,1,7,7,-3.575792356605194,0.43132308660368696,6.9058685,8.990237,-62.717484,14.0162115,15,2019-08-18,17.35,0.0,85.29,6.0,1.0,217.54,2019,8,18,43.0,0,USA_3006.csv
2019-08-19,3006,31.0,21.0,6.0,1.6,37.0,1.0,0,0,3,3,1,1,7,7,-2.3723225451860275,-0.27957164040939103,6.7134166,6.0113173,-7.117084,-15.583906,15,2019-08-19,17.38,0.0,86.96,8.42,1.0,185.79,2019,8,19,37.0,0,USA_3006.csv
2019-08-20,3006,34.0,20.0,6.0,1.8,35.0,3.2,0,0,3,3,1,1,7,7,-2.2922444450880946,-0.7258101230599926,17.182522,5.7835608,-22.68159,-14.181782,15,2019-08-20,18.12,0.0,84.71,6.7,1.0,195.79,2019,8,20,35.0,0,USA_3006.csv
2019-08-21,3006,31.0,27.0,8.0,2.2,46.0,1.0,0,0,3,3,4,4,5,5,-0.6308751630596652,1.3367742176913648,11.145744,6.542385,15.585963,21.727009,15,2019-08-21,19.72,0.0,77.88,6.42,1.0,224.25,2019,8,21,46.0,0,USA_3006.csv
2019-08-22,3006,31.0,33.0,7.0,1.6,51.0,1.4,2,2,1,1,4,4,5,5,-1.405557264101349,3.110730455806568,11.831689,10.710367,1.6776588,84.89755,15,2019-08-22,20.57,0.0,79.21,6.72,1.0,196.08,2019,8,22,51.0,0,USA_3006.csv
2019-08-23,3006,41.0,32.0,5.0,1.2,50.0,1.2,2,2,1,1,4,4,5,5,-1.9821191124539859,3.502539178853791,11.468681,9.767851,-18.979845,89.14978,15,2019-08-23,20.07,0.0,82.54,7.48,1.0,172.79,2019,8,23,50.0,0,USA_3006.csv
2019-08-24,3006,49.0,27.0,6.0,1.6,45.0,1.2,0,0,3,3,4,4,5,5,-0.9904197372139688,2.0463112876690284,10.472757,8.994401,-3.8038938,50.155346,15,2019-08-24,19.11,0.0,86.33,6.62,1.0,210.29,2019,8,24,49.0,0,USA_3006.csv
2019-08-25,3006,43.0,17.0,4.0,1.0,33.0,1.2,0,0,3,3,1,1,7,7,-3.3087342370803032,-0.5182144170277186,6.873719,8.359592,-52.775227,5.794001,15,2019-08-25,19.27,0.0,85.54,7.66,1.0,252.38,2019,8,25,43.0,0,USA_3006.csv
2019-08-26,3006,32.0,20.0,6.0,1.0,43.0,1.0,0,0,3,3,1,1,5,5,-3.0905559431697522,1.2067163301112902,9.887275,12.067907,-31.501911,14.548947,15,2019-08-26,20.63,0.0,74.88,7.88,1.0,181.17,2019,8,26,43.0,0,USA_3006.csv
2019-08-27,3006,33.0,25.0,7.0,1.2,47.0,1.0,0,0,3,3,4,4,5,5,-2.183555818619671,2.085815678691973,11.633773,10.957179,-5.651777,85.256096,15,2019-08-27,20.5,0.0,80.46,7.05,1.0,196.54,2019,8,27,47.0,0,USA_3006.csv
2019-08-28,3006,37.0,24.0,5.0,1.2,42.0,1.0,0,0,3,3,4,4,5,5,-2.6534411141527956,1.349902473384239,9.51313,10.897025,-19.727543,41.081387,15,2019-08-28,19.69,0.0,84.67,6.28,1.0,206.0,2019,8,28,42.0,0,USA_3006.csv
2019-08-29,3006,36.0,24.0,6.0,1.6,41.0,1.0,0,0,3,3,4,4,5,5,-1.9018115315677877,0.8011582201408376,9.914858,11.161074,-19.065983,16.955854,15,2019-08-29,19.7,0.0,82.38,6.94,1.0,196.33,2019,8,29,41.0,0,USA_3006.csv
2019-08-30,3006,42.0,28.0,7.0,1.2,44.0,1.0,0,0,3,3,4,4,5,5,-1.514525127833024,1.8078440913526754,10.264532,10.026911,-17.76284,49.07821,15,2019-08-30,21.16,0.0,79.46,6.93,1.0,210.67,2019,8,30,44.0,0,USA_3006.csv
2019-08-31,3006,42.0,25.0,6.0,1.2,48.0,1.6,0,0,3,3,4,4,5,5,-2.0435221119556495,2.6177843192501347,11.703707,10.323709,-9.88387,81.63498,15,2019-08-31,20.0,0.0,82.88,7.22,1.0,178.08,2019,8,31,48.0,0,USA_3006.csv
2019-09-01,3006,43.0,24.0,5.0,1.4,50.0,1.6,0,0,3,3,4,4,5,5,-2.0898004766395393,3.032670842361113,11.4473095,10.0137,-12.601652,79.74932,15,2019-09-01,20.42,0.0,82.62,6.12,1.0,169.67,2019,9,1,50.0,0,USA_3006.csv
2019-09-02,3006,42.0,30.0,3.0,1.6,51.0,1.2,2,2,1,1,4,4,5,5,-2.1479121301639097,3.6958711783475344,11.47069,9.620715,-19.265368,83.987816,15,2019-09-02,20.95,0.0,85.54,6.65,1.0,230.54,2019,9,2,51.0,0,USA_3006.csv
2019-09-03,3006,46.0,25.0,6.0,1.2,41.0,1.0,0,0,3,3,4,4,5,5,-1.7677956501875047,1.2445268660684317,9.901653,9.629737,-15.81219,46.01306,15,2019-09-03,22.1,0.0,78.17,6.82,1.0,213.08,2019,9,3,46.0,0,USA_3006.csv
2019-09-04,3006,39.0,25.0,7.0,1.2,44.0,1.0,0,0,3,3,4,4,5,5,-1.8485028798298413,1.5889997467464574,10.426916,10.549871,-19.233416,48.24923,15,2019-09-04,22.71,0.0,71.12,6.28,1.0,210.71,2019,9,4,44.0,0,USA_3006.csv
2019-09-05,3006,36.0,24.0,6.0,1.4,40.0,3.2,0,0,3,3,1,1,5,5,-2.4409994573581635,0.7444831989235723,8.014302,6.4233685,-20.035748,-9.545786,15,2019-09-05,21.82,0.0,77.5,6.94,1.0,225.75,2019,9,5,40.0,0,USA_3006.csv
2019-09-06,3006,39.0,23.0,6.0,1.2,43.0,1.0,0,0,3,3,4,4,5,5,-2.272143251868102,1.4098948972887995,10.049303,10.940649,-18.03543,18.806078,15,2019-09-06,22.06,0.0,75.0,6.83,1.0,218.0,2019,9,6,43.0,0,USA_3006.csv
2019-09-07,3006,46.0,26.0,4.0,1.2,39.0,1.6,0,0,3,3,4,4,5,5,-2.427288804714757,1.16588184127065,8.280761,9.009813,-21.580666,33.505623,15,2019-09-07,21.18,0.0,70.92,7.13,1.0,219.5,2019,9,7,46.0,0,USA_3006.csv
2019-09-08,3006,46.0,27.0,4.0,1.0,36.0,1.6,0,0,3,3,1,1,5,5,-2.640326056430013,0.6978404169831725,7.9565587,8.663372,-21.013712,33.235203,15,2019-09-08,19.34,0.0,72.83,10.05,1.0,197.79,2019,9,8,46.0,0,USA_3006.csv
2019-09-09,3006,42.0,27.0,4.0,1.2,36.0,1.0,0,0,3,3,1,1,5,5,-2.5453007285063496,0.5080474056989024,7.870026,8.877532,-23.312458,35.045406,15,2019-09-09,20.0,0.0,76.96,6.15,1.0,147.46,2019,9,9,42.0,0,USA_3006.csv
2019-09-10,3006,41.0,28.0,5.0,1.8,35.0,4.2,0,0,3,3,1,1,5,5,-1.901314750805803,-0.005514818006598813,7.9861636,6.913855,-26.010828,-7.4998507,15,2019-09-10,19.54,0.0,83.62,6.6,1.0,165.62,2019,9,10,41.0,0,USA_3006.csv
2019-09-11,3006,38.0,29.0,6.0,1.6,41.0,1.2,0,0,3,3,4,4,5,5,-1.5458986662499514,1.1109116068420213,10.255943,10.8355055,-16.335194,22.378908,15,2019-09-11,19.4,0.0,77.33,7.07,1.0,137.46,2019,9,11,41.0,0,USA_3006.csv
2019-09-12,3006,43.0,30.0,8.0,2.4,50.0,1.6,2,2,1,1,4,4,5,5,0.4218452065717502,2.476233529228168,11.486896,6.677666,14.635726,24.606491,15,2019-09-12,18.53,0.0,82.46,6.5,1.0,158.46,2019,9,12,50.0,0,USA_3006.csv
2019-09-13,3006,47.0,26.0,10.0,1.8,52.0,1.0,2,2,1,1,4,4,8,8,0.4022694725513043,2.7620134190457626,12.045219,6.551073,31.800549,27.415695,15,2019-09-13,20.58,0.0,75.92,7.1,1.0,190.04,2019,9,13,52.0,0,USA_3006.csv
2019-09-14,3006,31.0,25.0,7.0,1.8,62.0,1.4,2,2,1,1,4,4,8,8,-1.5237538812550633,4.85174483697583,14.200514,8.4249525,33.553932,87.65534,15,2019-09-14,21.72,0.0,61.54,7.1,1.0,141.38,2019,9,14,62.0,0,USA_3006.csv
2019-09-15,3006,38.0,29.0,6.0,1.0,50.0,1.2,2,2,3,3,4,4,5,5,-2.254550829987676,3.2467493253250925,11.666676,10.419207,-8.341101,83.758484,15,2019-09-15,20.52,0.0,77.75,6.59,1.0,176.92,2019,9,15,50.0,0,USA_3006.csv
2019-09-16,3006,49.0,26.0,6.0,1.0,43.0,1.2,0,0,3,3,4,4,5,5,-1.806738473448714,1.868667622258065,10.051178,9.522132,-14.87631,47.468506,15,2019-09-16,19.51,0.0,79.67,5.79,1.0,198.0,2019,9,16,49.0,0,USA_3006.csv
2019-09-17,3006,45.0,24.0,7.0,2.2,38.0,2.0,0,0,3,3,1,1,5,5,-0.45440218434797347,-0.03030977785002148,8.778921,6.3534436,-6.0110908,15.171177,15,2019-09-17,19.84,0.0,72.71,6.72,1.0,154.71,2019,9,17,45.0,0,USA_3006.csv
2019-09-18,3006,36.0,26.0,7.0,1.4,40.0,3.2,0,0,3,3,4,4,5,5,-2.0223288889129503,0.7180897826901573,8.216478,6.3017898,-18.765045,-8.839109,15,2019-09-18,19.47,0.0,74.17,5.72,1.0,200.88,2019,9,18,40.0,0,USA_3006.csv
2019-09-19,3006,35.0,22.0,5.0,1.8,34.0,2.2,0,0,3,3,1,1,7,7,-2.3168843755267132,-0.6972214994776164,21.301054,6.5502453,-26.424562,-25.551163,15,2019-09-19,19.74,0.0,77.92,7.33,1.0,171.46,2019,9,19,35.0,0,USA_3006.csv
2019-09-20,3006,44.0,28.0,7.0,2.2,35.0,1.4,0,0,3,3,1,1,5,5,-0.23843627417499377,-0.4692998006822176,8.172453,5.6417737,-0.19659689,-29.037745,15,2019-09-20,18.68,0.0,72.62,7.58,1.0,160.75,2019,9,20,44.0,0,USA_3006.csv
2019-09-21,3006,39.0,27.0,7.0,1.4,46.0,1.2,0,0,3,3,4,4,5,5,-1.5071743751402278,2.0153999823207887,11.327658,10.533754,-7.80195,79.58896,15,2019-09-21,19.18,0.0,67.88,6.74,1.0,148.12,2019,9,21,46.0,0,USA_3006.csv
2019-09-22,3006,32.0,21.0,6.0,1.2,56.0,1.0,2,2,1,1,4,4,5,5,-2.721823126639614,3.8357426914050823,12.975102,10.143377,5.8399253,96.10803,15,2019-09-22,20.25,0.0,60.21,5.81,1.0,136.5,2019,9,22,56.0,0,USA_3006.csv
2019-09-23,3006,33.0,26.0,7.0,1.0,46.0,1.0,0,0,3,3,4,4,5,5,-2.3866534917353897,2.028770612905003,11.439077,10.872946,-5.905704,85.18551,15,2019-09-23,20.26,0.0,80.54,6.31,1.0,184.79,2019,9,23,46.0,0,USA_3006.csv
2019-09-24,3006,46.0,29.0,7.0,1.8,41.0,1.0,0,0,3,3,4,4,5,5,-0.48974697507157533,1.0377826593961204,9.843363,6.8526607,-4.375629,17.854984,15,2019-09-24,19.7,0.0,82.71,7.67,1.0,183.38,2019,9,24,46.0,0,USA_3006.csv
2019-09-25,3006,36.0,31.0,8.0,1.6,52.0,1.6,2,2,1,1,4,4,5,5,-0.9280128456356994,3.1824124560002005,12.647639,8.033593,22.861525,80.62402,15,2019-09-25,20.64,0.0,70.75,7.13,1.0,206.33,2019,9,25,52.0,0,USA_3006.csv
2019-09-26,3006,37.0,20.0,2.0,1.2,34.0,2.2,0,0,3,3,1,1,7,7,-3.9976268812372346,-0.07978744870224722,6.337939,9.180741,-68.547424,17.271051,15,2019-09-26,21.09,0.0,82.83,9.3,1.0,142.29,2019,9,26,37.0,0,USA_3006.csv
2019-09-27,3006,40.0,21.0,1.0,1.0,27.0,1.4,0,0,3,3,1,1,7,7,-4.265292565873114,-1.1969932828547853,5.8119993,8.576802,-67.21159,8.120132,15,2019-09-27,19.88,0.0,79.46,7.37,1.0,293.88,2019,9,27,40.0,0,USA_3006.csv
2019-09-28,3006,27.0,13.0,1.0,1.0,27.0,8.2,0,0,2,2,3,3,0,0,-6.322545033629363,-1.7153431778114723,16.336025,-6.435112,-71.85976,-68.78115,15,2019-09-28,19.09,0.0,77.25,10.64,1.0,265.75,2019,9,28,27.0,0,USA_3006.csv
2019-09-29,3006,16.0,17.0,3.0,1.2,31.0,1.2,0,0,3,3,1,1,7,7,-4.955050042048738,-1.430818429091325,4.3556666,10.594996,-80.16569,25.179235,15,2019-09-29,17.37,0.0,63.54,12.56,1.0,215.88,2019,9,29,31.0,0,USA_3006.csv
2019-09-30,3006,30.0,17.0,5.0,1.4,26.0,1.8,0,0,3,3,1,1,7,7,-3.3640547223831407,-2.5247486973695534,4.719712,7.449435,-58.65708,-5.6113863,15,2019-09-30,16.28,0.0,63.08,9.6,1.0,122.75,2019,9,30,30.0,0,USA_3006.csv
2019-10-01,3006,19.0,24.0,7.0,1.6,37.0,1.0,0,0,3,3,1,1,7,7,-2.60057768540521,-0.4923203128742774,4.893332,13.318236,-17.629286,-53.929592,15,2019-10-01,16.32,0.0,57.88,9.44,1.0,134.75,2019,10,1,37.0,0,USA_3006.csv
2019-10-02,3006,23.0,22.0,9.0,1.2,45.0,1.2,0,0,3,3,4,4,5,5,-2.3361524780657614,1.0564084182586146,10.585597,6.339345,-29.86636,8.308313,15,2019-10-02,16.54,0.0,55.62,8.2,1.0,138.0,2019,10,2,45.0,0,USA_3006.csv
2019-10-03,3006,24.0,24.0,11.0,3.0,50.0,1.0,2,2,1,1,4,4,1,1,0.7642435950221257,1.0811407925006609,12.120765,5.560951,38.17676,27.526392,15,2019-10-03,17.27,0.0,59.04,8.48,1.0,141.12,2019,10,3,50.0,0,USA_3006.csv
2019-10-04,3006,34.0,28.0,10.0,2.2,51.0,1.8,2,2,1,1,4,4,8,8,0.1443570804218512,2.23172034728793,11.864235,6.2184815,33.31625,28.296307,15,2019-10-04,16.69,0.0,70.38,6.24,1.0,162.08,2019,10,4,51.0,0,USA_3006.csv
2019-10-05,3006,40.0,25.0,9.0,1.4,60.0,1.6,2,2,1,1,4,4,8,8,-0.9113935413222114,4.551227603106928,14.154329,9.069147,29.068043,102.12703,15,2019-10-05,17.49,0.0,61.71,5.72,1.0,121.88,2019,10,5,60.0,0,USA_3006.csv
2019-10-06,3006,36.0,22.0,7.0,1.4,54.0,1.2,2,2,1,1,4,4,5,5,-1.9073915566988746,3.334537643574452,12.963621,9.941353,9.141321,96.20943,15,2019-10-06,17.6,0.0,64.25,6.43,1.0,153.92,2019,10,6,54.0,0,USA_3006.csv
2019-10-07,3006,33.0,23.0,12.0,4.8,17.0,1.0,1,1,0,0,5,5,1,1,3.6449990672245387,-6.565242504260815,9.922909,-0.1891952,64.81361,-71.15758,15,2019-10-07,18.23,0.0,70.96,6.97,1.0,257.08,2019,10,7,33.0,0,USA_3006.csv
2019-10-08,3006,27.0,23.0,9.0,1.6,45.0,1.0,0,0,3,3,4,4,5,5,-1.5218563556184066,0.9934409548305415,10.597614,6.2520776,-7.7941146,6.353695,15,2019-10-08,17.25,0.0,70.62,7.26,1.0,151.92,2019,10,8,45.0,0,USA_3006.csv
2019-10-09,3006,28.0,28.0,8.0,2.2,40.0,2.4,0,0,3,3,1,1,5,5,-0.9628252292762804,0.13091153647385675,-2.3292513,16.875069,10.544745,3.8399208,15,2019-10-09,16.34,0.0,83.04,6.57,1.0,154.38,2019,10,9,40.0,0,USA_3006.csv
2019-10-10,3006,41.0,87.0,3.0,1.0,36.0,6.4,2,2,1,1,4,4,5,5,-0.6823550168175526,4.027055309823659,10.789166,6.600999,22.366812,37.600666,15,2019-10-10,17.98,0.0,61.0,7.28,1.0,91.25,2019,10,10,87.0,0,USA_3006.csv
2019-10-11,3006,51.0,23.0,1.0,1.0,36.0,1.2,0,0,3,3,1,1,5,5,-3.447233625039272,0.9730521652487953,7.157234,8.845207,-59.590572,16.888243,15,2019-10-11,23.4,0.0,13.67,23.79,1.0,87.17,2019,10,11,51.0,0,USA_3006.csv
2019-10-12,3006,9.0,19.0,6.0,1.0,42.0,1.0,0,0,3,3,1,1,7,7,-4.490046841497872,0.489448938822292,4.6979427,12.78326,-40.670784,7.951476,15,2019-10-12,18.41,0.0,33.62,7.39,1.0,154.83,2019,10,12,42.0,0,USA_3006.csv
2019-10-13,3006,40.2,29.0,7.0,1.8,49.0,1.0,2,2,1,1,4,4,5,5,-0.7882855596084951,2.566078841100466,12.086017,8.25616,9.807465,23.970015,15,2019-10-13,16.67,0.0,51.83,6.22,1.0,136.38,2019,10,13,49.0,0,USA_3006.csv
2019-10-14,3006,36.8,36.0,7.0,2.6,45.0,1.6,2,2,3,3,4,4,5,5,0.2918158584113519,1.6800305387280587,8.56713,-2.3724163,29.750307,12.525395,15,2019-10-14,15.92,0.0,76.25,7.78,1.0,144.0,2019,10,14,45.0,0,USA_3006.csv
2019-10-15,3006,27.6,35.0,13.0,3.0,44.0,1.6,2,2,3,3,4,4,1,1,2.075528742988085,0.25274004425953295,10.88531,4.33467,42.990406,-5.8123403,15,2019-10-15,15.32,0.0,68.17,7.0,1.0,145.79,2019,10,15,44.0,0,USA_3006.csv
2019-10-16,3006,48.0,26.0,12.0,2.6,41.0,1.2,0,0,3,3,4,4,1,1,2.010046063862133,-0.12026747760626436,10.01759,3.8204925,28.019482,-57.826424,15,2019-10-16,17.63,0.0,59.83,5.97,1.0,193.12,2019,10,16,48.0,0,USA_3006.csv
2019-10-17,3006,30.0,35.0,8.0,1.4,39.0,1.6,0,0,3,3,4,4,5,5,-1.3817135448235018,0.698715970432378,9.2006235,6.1796455,-16.83123,-4.61741,15,2019-10-17,17.43,0.0,74.88,6.75,1.0,148.92,2019,10,17,39.0,0,USA_3006.csv
2019-10-18,3006,39.0,26.0,4.0,1.2,36.0,4.2,0,0,3,3,1,1,5,5,-3.1850500692030073,0.4728381237394289,7.8269057,6.878788,-24.500948,-7.5965953,15,2019-10-18,17.76,0.0,54.88,8.59,1.0,209.17,2019,10,18,39.0,0,USA_3006.csv
2019-10-19,3006,13.0,15.0,4.0,1.4,39.0,1.0,0,0,3,3,1,1,7,7,-4.60673553763266,-0.18537592765388228,5.420096,12.52708,-69.657295,-27.02913,15,2019-10-19,17.34,0.0,44.83,6.33,1.0,126.79,2019,10,19,39.0,0,USA_3006.csv
2019-10-20,3006,16.0,17.0,1.0,1.0,36.0,1.0,0,0,3,3,1,1,7,7,-5.780937981883863,-0.04793444872974644,4.6528187,10.478592,-92.172844,19.89886,15,2019-10-20,18.34,0.0,53.92,6.16,1.0,120.79,2019,10,20,36.0,0,USA_3006.csv
2019-10-21,3006,11.0,15.0,8.0,2.0,35.0,1.0,0,0,3,3,1,1,7,7,-2.7391972411665737,-1.86320304070786,3.8072674,3.1009345,-8.908728,-61.448334,15,2019-10-21,20.0,0.0,44.83,7.36,1.0,149.08,2019,10,21,35.0,0,USA_3006.csv
2019-10-22,3006,12.0,12.0,6.0,1.4,39.0,1.0,0,0,3,3,1,1,7,7,-4.198713599886392,-0.6291211524087882,4.386962,12.623961,-36.654446,-54.095306,15,2019-10-22,21.73,0.0,42.71,9.4,1.0,151.92,2019,10,22,39.0,0,USA_3006.csv
2019-10-23,3006,13.0,20.0,11.0,2.4,39.0,1.0,0,0,3,3,1,1,1,1,-0.8973973938968037,-1.324402297800735,4.511314,2.8551717,16.44532,-68.16458,15,2019-10-23,20.79,0.0,38.38,6.18,1.0,119.75,2019,10,23,39.0,0,USA_3006.csv
2019-10-24,3006,15.0,43.0,2.0,1.2,36.0,1.0,0,0,3,3,1,1,5,5,-3.897494430012923,1.0823153938784473,7.3922915,10.301579,-62.22196,62.514297,15,2019-10-24,24.11,0.0,27.58,15.78,1.0,108.96,2019,10,24,43.0,0,USA_3006.csv
2019-10-25,3006,15.0,34.0,4.0,1.4,35.0,1.0,0,0,3,3,1,1,7,7,-3.502981818474312,0.03955675478032235,7.2544093,12.081036,-71.12754,31.710455,15,2019-10-25,25.28,0.0,13.88,11.6,1.0,74.54,2019,10,25,35.0,0,USA_3006.csv
2019-10-26,3006,10.0,28.0,5.0,1.2,43.0,1.0,0,0,3,3,1,1,7,7,-4.011306104950706,1.2288543249650408,8.064694,11.923896,-41.21425,50.32594,15,2019-10-26,20.87,0.0,34.33,7.16,1.0,143.62,2019,10,26,43.0,0,USA_3006.csv
2019-10-27,3006,20.0,43.0,2.0,1.4,41.0,1.0,0,0,3,3,4,4,5,5,-3.329883589536683,2.1140868761509135,8.3549595,10.520013,-49.066845,75.87023,15,2019-10-27,17.98,0.0,63.21,6.82,1.0,144.42,2019,10,27,43.0,0,USA_3006.csv
2019-10-28,3006,40.0,25.0,5.0,2.0,31.0,1.2,0,0,3,3,1,1,7,7,-1.5013571540479154,-1.1746901176678548,7.458675,6.273758,0.07854606,-24.384878,15,2019-10-28,17.77,0.0,36.33,13.88,1.0,133.42,2019,10,28,40.0,0,USA_3006.csv
2019-10-29,3006,13.0,43.0,13.0,2.8,38.0,1.2,0,0,3,3,1,1,1,1,1.4184707703680894,-0.761705476118924,10.808771,4.3285,44.201103,-5.5416574,15,2019-10-29,14.8,0.0,52.42,7.03,1.0,140.17,2019,10,29,43.0,0,USA_3006.csv
2019-10-30,3006,31.0,109.0,1.0,1.0,35.0,2.6,2,2,1,1,4,4,5,5,-0.2409894259599513,4.960736778516891,10.838541,6.575369,22.99688,36.933945,15,2019-10-30,16.58,0.0,30.0,23.4,1.0,92.29,2019,10,30,109.0,0,USA_3006.csv
2019-10-31,3006,38.0,19.0,1.0,1.0,28.0,1.4,0,0,3,3,1,1,7,7,-4.482974604721725,-1.1373914354930237,5.777749,8.614934,-67.69763,8.227768,15,2019-10-31,16.06,0.0,14.33,15.6,1.0,106.58,2019,10,31,38.0,0,USA_3006.csv
2019-11-01,3006,20.0,15.0,3.6,1.4,33.0,2.4,0,0,3,3,1,1,7,7,-4.533483247213366,-1.1918174992824344,15.778271,14.307413,-77.52396,-8.691897,15,2019-11-01,14.72,0.0,38.96,6.73,1.0,134.33,2019,11,1,33.0,0,USA_3006.csv
2019-11-02,3006,12.0,19.0,9.0,2.4,35.0,1.0,0,0,3,3,1,1,1,1,-1.6539482054817982,-1.9545493119337454,4.183973,2.9661953,-2.6052623,-61.84701,15,2019-11-02,14.9,0.0,51.33,6.97,1.0,217.46,2019,11,2,35.0,0,USA_3006.csv
2019-11-03,3006,20.0,20.0,8.0,1.6,43.0,1.0,0,0,3,3,1,1,7,7,-2.4117547178230123,0.416211523056668,10.618798,6.370196,-30.626892,6.677951,15,2019-11-03,15.63,0.0,48.38,6.18,1.0,153.88,2019,11,3,43.0,0,USA_3006.csv
2019-11-04,3006,26.0,24.0,14.0,2.8,45.0,1.0,0,0,3,3,4,4,1,1,1.5429403313748205,-0.20819636787416052,12.182478,5.2652426,41.24328,-5.930827,15,2019-11-04,15.6,0.0,51.67,5.42,1.0,129.42,2019,11,4,45.0,0,USA_3006.csv
2019-11-05,3006,35.0,28.0,18.0,3.0,38.0,1.6,0,0,3,3,5,5,1,1,3.6697022968790525,-1.8656417536824006,10.673526,3.9085157,42.21812,-8.529802,15,2019-11-05,14.75,0.0,62.12,6.08,1.0,142.67,2019,11,5,38.0,0,USA_3006.csv
2019-11-06,3006,32.0,27.0,8.0,2.4,34.0,1.0,0,0,3,3,1,1,1,1,-0.38105880054107405,-1.2047088090327613,5.460527,4.275895,-5.155476,-29.634352,15,2019-11-06,14.95,0.0,77.21,5.59,1.0,134.54,2019,11,6,34.0,0,USA_3006.csv
2019-11-07,3006,36.0,34.0,14.0,2.8,38.0,1.4,0,0,3,3,5,5,1,1,2.5699400078530577,-0.9074982304589225,10.660298,3.8575585,43.668808,-8.130097,15,2019-11-07,14.64,0.0,81.67,5.81,1.0,129.79,2019,11,7,38.0,0,USA_3006.csv
2019-11-08,3006,50.0,20.0,11.0,3.4,31.0,1.4,0,0,3,3,5,5,1,1,2.425107818929008,-2.6979234344554066,8.548675,2.5525887,31.157864,-41.622124,15,2019-11-08,16.12,0.0,76.29,6.94,1.0,252.79,2019,11,8,50.0,0,USA_3006.csv
2019-11-09,3006,21.0,13.0,9.0,2.2,32.0,1.0,0,0,3,3,1,1,1,1,-1.7130341524484165,-2.6140850037806493,4.4511733,2.3677192,0.27938744,-66.41,15,2019-11-09,17.3,0.0,49.0,6.97,1.0,151.83,2019,11,9,32.0,0,USA_3006.csv
2019-11-10,3006,17.0,17.0,7.0,2.0,36.0,1.0,0,0,3,3,1,1,7,7,-2.590940126654007,-1.2996260907398203,2.8061767,3.7391276,-14.340785,-58.430275,15,2019-11-10,15.8,0.0,56.25,6.67,1.0,119.17,2019,11,10,36.0,0,USA_3006.csv
2019-11-11,3006,35.0,35.0,12.0,3.8,36.0,1.4,0,0,3,3,5,5,1,1,3.1849605934919722,-1.4979027807630665,9.694826,0.33767152,48.39792,-57.87738,15,2019-11-11,14.38,0.0,84.04,4.83,1.0,150.75,2019,11,11,36.0,0,USA_3006.csv
2019-11-12,3006,49.0,32.0,14.0,4.6,32.0,1.2,1,1,0,0,5,5,6,6,5.478251801830382,-2.8511020072670195,10.934088,0.6348521,72.0327,-33.235516,15,2019-11-12,14.55,0.0,87.88,4.86,1.0,202.04,2019,11,12,49.0,0,USA_3006.csv
2019-11-13,3006,43.0,26.0,14.0,3.4,31.0,1.0,0,0,3,3,5,5,1,1,3.324301193861284,-2.926432437512339,15.900435,1.0691642,53.009045,-51.19386,15,2019-11-13,14.35,0.0,90.08,6.19,1.0,216.0,2019,11,13,43.0,0,USA_3006.csv
2019-11-14,3006,38.0,25.0,9.0,3.6,34.0,3.4,0,0,3,3,5,5,1,1,1.3735123325168723,-1.8379153256374967,7.7334595,3.0814502,19.348717,-49.29386,15,2019-11-14,14.66,0.0,87.92,7.58,1.0,274.79,2019,11,14,38.0,0,USA_3006.csv
2019-11-15,3006,39.0,27.0,13.0,3.8,29.0,1.0,0,0,3,3,5,5,1,1,3.323633168889504,-3.4227187178402856,9.789813,0.456754,50.087234,-52.883522,15,2019-11-15,14.75,0.0,85.67,6.85,1.0,141.08,2019,11,15,39.0,0,USA_3006.csv
2019-11-16,3006,48.0,15.0,4.0,1.6,31.0,1.2,0,0,3,3,1,1,7,7,-2.3796560297741944,-1.2218362926059565,6.824887,7.668771,8.446671,-22.813328,15,2019-11-16,15.65,0.0,70.38,6.24,1.0,164.75,2019,11,16,48.0,0,USA_3006.csv
2019-11-17,3006,20.0,11.0,1.0,1.0,34.0,2.4,0,0,3,3,1,1,7,7,-6.055711827824971,-0.6631915572916188,4.254879,9.137713,-81.96542,-0.7005965,15,2019-11-17,19.89,0.0,38.33,8.58,1.0,109.67,2019,11,17,34.0,0,USA_3006.csv
2019-11-18,3006,10.0,16.0,11.0,2.4,39.0,1.0,0,0,3,3,1,1,1,1,-1.2843742264757796,-1.5962483841099193,4.477208,2.85542,16.360918,-68.22691,15,2019-11-18,19.15,0.0,36.75,7.0,1.0,132.54,2019,11,18,39.0,0,USA_3006.csv
2019-11-19,3006,11.0,26.0,12.0,2.8,33.0,1.0,0,0,3,3,1,1,1,1,0.08904931654206108,-2.602573435525747,6.5398583,2.0662746,25.310745,-66.44018,15,2019-11-19,16.6,0.0,56.12,6.26,1.0,163.29,2019,11,19,33.0,0,USA_3006.csv
2019-11-20,3006,23.0,14.0,4.0,1.8,31.0,1.0,0,0,3,3,1,1,7,7,-3.6139687413337973,-1.8738017881474085,2.5397353,7.306727,-45.885845,-38.560654,15,2019-11-20,14.42,0.0,70.29,11.85,1.0,217.0,2019,11,20,31.0,0,USA_3006.csv
2019-11-21,3006,19.0,12.0,8.0,2.0,29.0,1.0,0,0,3,3,1,1,7,7,-2.4613961618347875,-3.0956258266329804,3.813363,3.3688998,-0.28975657,-80.9139,15,2019-11-21,13.45,0.0,72.67,7.92,1.0,104.83,2019,11,21,29.0,0,USA_3006.csv
2019-11-22,3006,25.0,19.0,10.0,2.4,32.0,1.0,0,0,3,3,1,1,1,1,-0.5979331746275207,-2.444137351189778,4.5595465,2.4533234,2.3512704,-64.57524,15,2019-11-22,13.7,0.0,75.25,7.79,1.0,137.58,2019,11,22,32.0,0,USA_3006.csv
2019-11-23,3006,26.0,8.0,1.0,1.2,29.0,1.4,0,0,3,3,1,1,7,7,-5.509790469047152,-1.849720361145122,4.5083776,9.13887,-83.31068,5.2853427,15,2019-11-23,15.57,0.0,59.42,10.0,1.0,100.54,2019,11,23,29.0,0,USA_3006.csv
2019-11-24,3006,12.0,9.0,6.0,2.0,33.0,9.4,0,0,2,2,3,3,0,0,-4.715042862249833,-2.1036865583937443,15.789664,-7.7958426,-78.68658,-76.64328,15,2019-11-24,15.55,0.0,47.5,7.7,1.0,130.62,2019,11,24,33.0,0,USA_3006.csv
2019-11-25,3006,12.0,47.0,9.0,1.8,32.0,1.0,0,0,3,3,1,1,1,1,-0.9382691206064536,-0.800641687897574,10.318142,5.5461855,16.174541,14.900468,15,2019-11-25,13.31,0.0,66.42,6.4,1.0,125.96,2019,11,25,47.0,0,USA_3006.csv
2019-11-26,3006,23.0,56.0,4.0,2.0,30.0,1.0,0,0,3,3,1,1,5,5,-1.1418584368630569,0.05132065443533811,9.692008,7.639751,5.5386596,35.855247,15,2019-11-26,12.28,0.0,55.21,6.74,1.0,210.12,2019,11,26,56.0,0,USA_3006.csv
2019-11-27,3006,22.0,14.0,4.0,1.8,29.0,1.4,0,0,3,3,1,1,7,7,-3.7337064937560673,-2.295040457987861,2.4807458,7.3138022,-46.423306,-39.31423,15,2019-11-27,12.51,0.0,71.62,11.84,1.0,232.62,2019,11,27,29.0,0,USA_3006.csv
2019-11-28,3006,21.0,4.0,2.0,1.0,26.0,19.2,0,0,2,2,3,3,4,4,-8.257251035527338,-2.383073220113657,11.209538,-7.8717813,-113.627106,-15.322906,15,2019-11-28,10.04,0.0,84.5,10.89,1.0,129.62,2019,11,28,26.0,0,USA_3006.csv
2019-11-29,3006,10.0,6.0,9.0,2.0,28.0,19.4,0,0,2,2,3,3,4,4,-5.364303353801412,-3.4846668821341185,11.783833,-7.098551,-110.623474,-1.220206,15,2019-11-29,8.48,0.0,83.38,10.67,1.0,209.21,2019,11,29,28.0,0,USA_3006.csv
2019-11-30,3006,13.0,7.0,7.0,1.6,22.0,1.6,0,0,3,3,1,1,7,7,-4.003274451569166,-4.580944317407419,3.5255792,5.4267516,-13.688587,-82.98439,15,2019-11-30,9.24,0.0,78.54,11.55,1.0,139.58,2019,11,30,22.0,0,USA_3006.csv
2019-12-01,3006,17.0,6.0,7.0,1.8,26.0,1.2,0,0,3,3,1,1,7,7,-3.5004881764148057,-3.8373232672704276,3.4259784,5.1132827,-12.892067,-85.45439,15,2019-12-01,11.24,0.0,70.54,16.66,1.0,89.46,2019,12,1,26.0,0,USA_3006.csv
2019-12-02,3006,14.0,11.0,12.0,2.4,28.0,1.0,0,0,3,3,1,1,1,1,-1.058055202570959,-4.174347792853571,5.0415854,2.6060698,8.04171,-73.15339,15,2019-12-02,12.51,0.0,60.88,10.82,1.0,119.08,2019,12,2,28.0,0,USA_3006.csv
2019-12-03,3006,12.0,10.0,13.0,2.4,27.0,1.4,0,0,3,3,1,1,1,1,-0.97147636172134,-4.595433420638931,5.0557456,2.6147022,8.185009,-73.11439,15,2019-12-03,12.77,0.0,76.0,4.24,1.0,128.04,2019,12,3,27.0,0,USA_3006.csv
2019-12-04,3006,15.0,8.0,8.0,1.8,17.0,1.6,0,0,3,3,1,1,7,7,-3.2946708695885736,-5.743389071239321,4.0304303,5.0700545,-7.9494457,-81.18704,15,2019-12-04,14.28,0.0,78.33,14.59,1.0,104.04,2019,12,4,17.0,0,USA_3006.csv
2019-12-05,3006,15.0,8.0,7.0,2.0,22.0,1.8,0,0,3,3,1,1,7,7,-3.357103501614079,-4.674100723067267,3.6411407,5.2615156,-12.590271,-82.51165,15,2019-12-05,13.26,0.0,89.58,7.22,1.0,98.0,2019,12,5,22.0,0,USA_3006.csv
2019-12-06,3006,16.0,11.0,13.0,4.0,22.0,1.2,0,0,3,3,5,5,1,1,1.3247315206826125,-6.258600129233956,9.039916,-0.314178,56.86679,-67.06303,15,2019-12-06,13.43,0.0,80.92,7.27,1.0,110.12,2019,12,6,22.0,0,USA_3006.csv
2019-12-07,3006,18.0,6.0,4.0,1.6,20.0,1.6,0,0,3,3,1,1,7,7,-4.7125963210031125,-4.548020019944125,3.637518,8.676232,-89.64631,-5.047168,15,2019-12-07,14.91,0.0,93.58,7.18,1.0,124.58,2019,12,7,20.0,0,USA_3006.csv
2019-12-08,3006,10.0,7.0,3.0,1.0,28.0,10.8,0,0,2,2,3,3,0,0,-7.336345241451906,-2.368662130999825,16.976562,-7.843373,-87.70207,-67.98996,15,2019-12-08,14.43,0.0,93.83,7.11,1.0,225.67,2019,12,8,28.0,0,USA_3006.csv
2019-12-09,3006,10.0,8.0,9.0,2.6,26.0,1.4,0,0,3,3,1,1,1,1,-2.1986625558725903,-4.512692052237536,3.9796252,3.0953338,1.577549,-83.85094,15,2019-12-09,11.9,0.0,85.0,6.19,1.0,135.71,2019,12,9,26.0,0,USA_3006.csv
2019-12-10,3006,12.0,14.0,15.0,5.0,21.0,1.2,1,1,3,3,5,5,1,1,3.1264299119564303,-7.126929610964833,10.168784,-0.82039666,68.05124,-67.81219,15,2019-12-10,11.56,0.0,76.92,5.83,1.0,104.54,2019,12,10,21.0,0,USA_3006.csv
2019-12-11,3006,12.0,13.0,13.0,3.4,24.0,1.2,0,0,3,3,5,5,1,1,0.4539805624757277,-5.535031732464371,6.9937468,1.2773709,29.107208,-72.436745,15,2019-12-11,11.44,0.0,77.83,4.29,1.0,142.21,2019,12,11,24.0,0,USA_3006.csv
2019-12-12,3006,41.2,13.0,13.0,3.4,23.0,1.2,0,0,3,3,5,5,1,1,2.1521604098469225,-5.158094774498312,8.114669,1.7292377,35.31155,-48.213257,15,2019-12-12,13.02,0.0,75.67,3.74,1.0,105.12,2019,12,12,41.2,0,USA_3006.csv
2019-12-13,3006,21.0,13.0,10.0,2.6,19.0,1.2,0,0,3,3,1,1,1,1,-0.9884506627017039,-5.604008902481449,6.731946,1.3589973,32.16199,-76.82598,15,2019-12-13,13.36,0.0,83.5,3.68,1.0,84.96,2019,12,13,21.0,0,USA_3006.csv
2019-12-14,3006,40.0,21.0,14.4,4.2,21.0,1.0,1,1,0,0,5,5,1,1,3.964204132256118,-5.741026359730495,10.003699,0.28001514,57.123646,-52.57946,15,2019-12-14,13.41,0.0,88.17,9.32,1.0,125.25,2019,12,14,40.0,0,USA_3006.csv
2019-12-15,3006,29.0,6.0,6.2,3.2,32.0,10.8,0,0,2,2,3,3,0,0,-2.4983034239437996,-2.6943247652790316,15.172053,-6.7627735,-59.244198,-83.528145,15,2019-12-15,13.17,0.0,64.12,16.85,1.0,293.33,2019,12,15,32.0,0,USA_3006.csv
2019-12-16,3006,9.0,8.0,4.4,2.0,31.0,1.0,0,0,3,3,1,1,7,7,-4.372344852904024,-2.619471864432912,2.0654557,7.338996,-61.87577,-48.02687,15,2019-12-16,10.82,0.0,59.71,12.6,1.0,94.29,2019,12,16,31.0,0,USA_3006.csv
2019-12-17,3006,17.0,10.0,7.0,1.6,31.0,1.0,0,0,3,3,1,1,7,7,-3.4890348606707766,-2.5072261048612368,19.095192,3.2421393,-14.751038,-94.022675,15,2019-12-17,13.22,0.0,26.71,23.67,1.0,78.42,2019,12,17,31.0,0,USA_3006.csv
2019-12-18,3006,18.0,12.0,9.2,1.8,25.0,1.2,0,0,3,3,1,1,1,1,-2.4412573131315964,-3.9961377677435532,4.2433414,3.3231382,-0.89915,-78.16967,15,2019-12-18,11.27,0.0,39.08,13.46,1.0,121.79,2019,12,18,25.0,0,USA_3006.csv
2019-12-19,3006,11.0,10.0,2.6,1.6,31.0,1.0,0,0,3,3,1,1,7,7,-5.214757662090898,-2.0443585785018374,2.1684716,7.7987094,-59.87474,-49.11852,15,2019-12-19,9.89,0.0,69.79,6.62,1.0,117.21,2019,12,19,31.0,0,USA_3006.csv
2019-12-20,3006,15.0,7.0,6.0,1.8,30.0,9.4,0,0,2,2,3,3,0,0,-4.912095624270241,-2.6708936416627207,15.871748,-7.6828074,-79.63249,-77.156425,15,2019-12-20,12.6,0.0,59.88,5.84,1.0,84.42,2019,12,20,30.0,0,USA_3006.csv
2019-12-21,3006,12.0,14.0,9.4,3.2,24.0,1.2,0,0,3,3,1,1,1,1,-0.8697696407935985,-4.909950088609896,6.6299148,1.0465074,27.835155,-84.56129,15,2019-12-21,14.98,0.0,42.83,12.17,1.0,103.5,2019,12,21,24.0,0,USA_3006.csv
2019-12-22,3006,8.0,15.0,4.6,1.8,30.0,1.0,0,0,3,3,1,1,7,7,-4.253241604617326,-2.40493244720565,2.2100267,6.545311,-24.419565,-86.58898,15,2019-12-22,14.31,0.0,47.33,13.55,1.0,105.54,2019,12,22,30.0,0,USA_3006.csv
2019-12-23,3006,17.0,7.0,6.4,2.2,25.0,1.2,0,0,3,3,1,1,7,7,-3.1378090094091973,-4.101284386131631,3.4447746,5.2171116,-12.793709,-84.73096,15,2019-12-23,11.59,0.0,86.08,17.53,1.0,70.58,2019,12,23,25.0,0,USA_3006.csv
2019-12-24,3006,11.0,11.0,8.8,1.8,25.0,1.4,0,0,3,3,1,1,1,1,-3.053350309133369,-4.130953685349855,3.8592694,3.2154832,-0.81980705,-84.42239,15,2019-12-24,10.11,0.0,82.21,6.92,1.0,109.58,2019,12,24,25.0,0,USA_3006.csv
2019-12-25,3006,8.0,13.0,4.0,2.4,32.0,1.0,0,0,3,3,1,1,7,7,-3.7835231222685373,-2.3068556551051578,1.5182945,5.7718277,-29.094421,-85.786705,15,2019-12-25,9.72,0.0,81.21,6.7,1.0,208.88,2019,12,25,32.0,0,USA_3006.csv
2019-12-26,3006,12.0,3.0,7.0,3.2,29.0,29.0,0,0,2,2,3,3,4,4,-5.7555687749363384,-3.4733007305909687,8.498445,-6.8653727,-111.695335,22.233538,15,2019-12-26,10.02,0.0,79.88,16.59,1.0,122.0,2019,12,26,29.0,0,USA_3006.csv
2019-12-27,3006,7.0,5.0,4.0,3.6,27.0,11.0,0,0,2,2,3,3,0,0,-4.07070855770825,-4.108416298025141,14.863691,-8.768098,-60.368732,-86.98333,15,2019-12-27,8.07,0.0,80.92,6.18,1.0,86.46,2019,12,27,27.0,0,USA_3006.csv
2019-12-28,3006,11.0,8.0,4.4,1.4,27.0,1.2,0,0,3,3,1,1,7,7,-5.054685856239917,-3.110365545180113,2.8324544,6.4885697,-52.85078,-61.814953,15,2019-12-28,8.32,0.0,75.67,6.74,1.0,95.88,2019,12,28,27.0,0,USA_3006.csv
2019-12-29,3006,12.0,10.2,5.0,1.4,27.0,1.0,0,0,3,3,1,1,7,7,-4.666421851083273,-3.058105400562123,2.8513105,6.4929886,-52.6551,-61.736034,15,2019-12-29,9.35,0.0,73.54,7.27,1.0,102.33,2019,12,29,27.0,0,USA_3006.csv
2019-12-30,3006,17.0,23.6,4.2,2.2,33.2,1.0,0,0,3,3,1,1,7,7,-2.879420018037568,-1.2499499483530776,-2.4363897,8.95818,-36.652176,-46.365623,15,2019-12-30,11.87,0.0,66.75,15.84,1.0,90.38,2019,12,30,33.2,0,USA_3006.csv
2019-12-31,3006,41.63361709230512,32.62524213075061,7.940627568534545,2.921768966831872,38.44467985779438,1.781357882623705,0,0,3,3,4,4,5,5,1.03710553444532,-0.023233201004883918,23.389982,-6.393821,28.735605,-0.90116495,15,2019-12-31,10.9,0.0,72.12,6.08,1.0,102.58,2019,12,31,41.63361709230512,0,USA_3006.csv
2020-01-01,3006,21.4,16.6,4.8,2.2,28.0,1.6,0,0,3,3,1,1,7,7,-2.9092191469728723,-2.666670342439275,20.257814,14.790592,-24.19347,-74.307045,15,2020-01-01,11.05,0.0,70.83,6.13,1.0,137.62,2020,1,1,28.0,0,USA_3006.csv
2020-01-02,3006,14.0,5.0,5.6,1.6,30.0,19.4,0,0,2,2,3,3,4,4,-6.739395483396688,-2.4058343678729903,11.61427,-7.3576565,-109.22146,-5.432094,15,2020-01-02,11.73,0.0,70.33,5.9,1.0,118.21,2020,1,2,30.0,0,USA_3006.csv
2020-01-03,3006,13.0,10.0,7.0,2.6,28.0,1.0,0,0,3,3,1,1,1,1,-2.48161843826309,-3.680763264967839,5.461201,1.6350574,18.062597,-88.22367,15,2020-01-03,11.81,0.0,72.0,5.13,1.0,126.83,2020,1,3,28.0,0,USA_3006.csv
2020-01-04,3006,15.0,12.0,8.4,2.4,27.0,1.2,0,0,3,3,1,1,1,1,-2.1030567936876348,-3.825417405493556,3.8886452,3.1938992,1.1591604,-83.253784,15,2020-01-04,11.96,0.0,77.21,4.26,1.0,163.08,2020,1,4,27.0,0,USA_3006.csv
2020-01-05,3006,16.0,7.0,8.8,2.4,34.0,19.0,0,0,2,2,3,3,4,4,-4.440332979343725,-2.253125017312841,11.870576,-6.979117,-110.31037,-1.5138576,15,2020-01-05,10.15,0.0,70.71,5.24,1.0,129.17,2020,1,5,34.0,0,USA_3006.csv
2020-01-06,3006,16.0,5.0,10.0,2.8,32.0,29.0,0,0,2,2,3,3,4,4,-4.965588476738782,-2.877304978713778,8.527807,-6.883348,-110.8946,22.516678,15,2020-01-06,12.09,0.0,61.17,7.46,1.0,73.75,2020,1,6,32.0,0,USA_3006.csv
2020-01-07,3006,7.0,5.0,5.4,1.2,28.0,11.0,0,0,2,2,3,3,0,0,-6.641518137558064,-2.9428565570492107,16.817669,-7.9744115,-88.27165,-71.0739,15,2020-01-07,12.51,0.0,61.71,6.6,1.0,111.75,2020,1,7,28.0,0,USA_3006.csv
2020-01-08,3006,5.0,22.2,7.8,2.4,25.0,11.0,0,0,2,2,3,3,0,0,-3.604325279966138,-3.578075417138119,14.311748,-10.918368,-69.382675,-98.57496,15,2020-01-08,10.69,0.0,67.17,8.08,1.0,152.58,2020,1,8,25.0,0,USA_3006.csv
2020-01-09,3006,14.0,3.0,6.8,1.8,27.0,29.0,0,0,2,2,3,3,4,4,-7.469276278792044,-3.1497651915803218,8.436715,-6.8199143,-111.963455,23.954344,15,2020-01-09,9.42,0.0,73.96,9.66,1.0,106.75,2020,1,9,29.0,0,USA_3006.csv
2020-01-10,3006,7.0,16.0,7.6,1.6,24.0,1.0,0,0,3,3,1,1,7,7,-3.6014968924584356,-3.9066051322855952,-0.06528836,-3.819994,-7.636541,-100.294014,15,2020-01-10,10.39,0.0,70.62,8.4,1.0,158.46,2020,1,10,24.0,0,USA_3006.csv
2020-01-11,3006,12.0,13.0,11.6,3.4,24.0,1.2,0,0,3,3,1,1,1,1,0.016238685473325572,-5.349676232728093,6.8913436,1.2238489,28.848305,-72.88435,15,2020-01-11,9.98,0.0,70.17,6.28,1.0,127.83,2020,1,11,24.0,0,USA_3006.csv
2020-01-12,3006,14.0,10.0,8.2,3.0,29.0,1.0,0,0,3,3,1,1,1,1,-1.5408607661812599,-3.805097646533656,5.862169,1.6780717,13.348352,-85.39142,15,2020-01-12,9.49,0.0,78.58,6.45,1.0,103.83,2020,1,12,29.0,0,USA_3006.csv
2020-01-13,3006,15.0,18.0,8.8,2.0,30.0,1.0,0,0,3,3,1,1,1,1,-2.1216029128274703,-2.7578203952234066,4.0760384,3.1886327,-0.80900556,-74.377716,15,2020-01-13,8.58,0.0,75.25,6.58,1.0,106.08,2020,1,13,30.0,0,USA_3006.csv
2020-01-14,3006,31.0,20.0,10.0,1.8,30.0,1.0,0,0,3,3,1,1,1,1,-0.9582919089885065,-2.396099193900209,5.0367756,3.489957,-0.37170157,-40.890167,15,2020-01-14,9.26,0.0,73.92,5.9,1.0,92.08,2020,1,14,31.0,0,USA_3006.csv
2020-01-15,3006,37.0,16.0,8.0,1.6,28.0,1.4,0,0,3,3,1,1,7,7,-1.7582083593507272,-2.5294749871063855,6.9716134,4.5395784,5.9695635,-30.60233,15,2020-01-15,9.86,0.0,70.33,7.61,1.0,88.75,2020,1,15,37.0,0,USA_3006.csv
2020-01-16,3006,41.0,9.0,4.2,1.6,30.0,1.2,0,0,3,3,1,1,7,7,-3.0483739039233346,-1.9114489503496919,6.4107566,7.1174173,5.6530123,-21.307676,15,2020-01-16,10.11,0.0,80.12,6.03,1.0,145.62,2020,1,16,41.0,0,USA_3006.csv
2020-01-17,3006,38.0,5.0,4.8,1.4,31.0,4.2,0,0,3,3,1,1,7,7,-3.8799375625365133,-1.8890038633489243,5.4882507,-0.34654814,-66.5159,-10.182109,15,2020-01-17,10.66,0.0,79.96,7.37,1.0,141.79,2020,1,17,38.0,0,USA_3006.csv
2020-01-18,3006,9.0,5.0,5.2,1.6,33.0,29.0,0,0,2,2,3,3,4,4,-8.37649849311207,-1.603218419148529,8.294474,-6.714996,-113.54589,24.645027,15,2020-01-18,9.82,0.0,71.38,5.36,1.0,161.96,2020,1,18,33.0,0,USA_3006.csv
2020-01-19,3006,9.0,4.0,3.4,1.4,31.0,29.0,0,0,2,2,3,3,4,4,-9.253374575170382,-1.73345071190109,8.199752,-6.6378727,-114.856606,25.198233,15,2020-01-19,13.8,0.0,45.08,13.77,1.0,120.25,2020,1,19,31.0,0,USA_3006.csv
2020-01-20,3006,9.0,12.0,12.0,3.0,22.0,1.4,0,0,3,3,1,1,1,1,-0.6246012392443057,-5.730717522955904,6.752256,1.3193175,28.44214,-73.08262,15,2020-01-20,14.53,0.0,61.83,7.52,1.0,158.62,2020,1,20,22.0,0,USA_3006.csv
2020-01-21,3006,16.0,9.0,2.0,1.4,29.0,1.0,0,0,3,3,1,1,7,7,-5.424791305186248,-2.233734945571069,3.792018,9.496803,-92.31229,3.1126146,15,2020-01-21,12.77,0.0,83.08,5.63,1.0,251.21,2020,1,21,29.0,0,USA_3006.csv
2020-01-22,3006,12.0,7.0,6.0,2.0,25.0,1.4,0,0,3,3,1,1,7,7,-3.831375774296282,-4.047754388485546,3.2506216,5.452815,-17.549593,-85.05496,15,2020-01-22,11.32,0.0,83.38,5.98,1.0,135.83,2020,1,22,25.0,0,USA_3006.csv
2020-01-23,3006,18.0,7.0,9.0,2.0,28.0,1.0,0,0,3,3,1,1,1,1,-2.477014590696822,-3.7184757965538657,4.1878314,3.1439497,0.25365195,-78.50821,15,2020-01-23,12.1,0.0,78.38,5.92,1.0,112.04,2020,1,23,28.0,0,USA_3006.csv
2020-01-24,3006,9.0,10.0,11.0,3.0,23.0,1.6,0,0,3,3,1,1,1,1,-1.0640375754942715,-5.4939739600993285,6.5057197,1.2332597,26.821255,-75.17428,15,2020-01-24,13.17,0.0,71.71,5.63,1.0,145.67,2020,1,24,23.0,0,USA_3006.csv
2020-01-25,3006,9.0,11.0,6.0,2.0,27.0,1.2,0,0,3,3,1,1,7,7,-3.7586863519690583,-3.4894424430153723,2.6197953,5.9894886,-21.463346,-86.62067,15,2020-01-25,13.09,0.0,67.0,5.95,1.0,128.08,2020,1,25,27.0,0,USA_3006.csv
2020-01-26,3006,31.0,20.0,7.0,2.6,27.0,1.8,0,0,3,3,1,1,1,1,-1.0096548657721038,-2.9778010751338355,6.2584267,2.4549732,-7.7119474,-41.03009,15,2020-01-26,12.79,0.0,81.08,5.26,1.0,117.83,2020,1,26,31.0,0,USA_3006.csv
2020-01-27,3006,29.0,6.0,4.8,1.4,33.0,10.8,0,0,2,2,3,3,0,0,-5.191216633208097,-1.444408375092445,16.382925,-6.9811115,-78.512825,-58.915375,15,2020-01-27,12.15,0.0,76.38,5.56,1.0,129.29,2020,1,27,33.0,0,USA_3006.csv
2020-01-28,3006,11.0,7.0,4.6,1.0,31.0,9.4,0,0,2,2,3,3,0,0,-6.582683210916323,-1.9780200665861634,16.68647,-7.4879665,-81.79249,-68.978745,15,2020-01-28,12.85,0.0,56.58,6.26,1.0,103.58,2020,1,28,31.0,0,USA_3006.csv
2020-01-29,3006,8.0,16.0,6.6,2.0,33.0,1.0,0,0,3,3,1,1,7,7,-3.308860963072981,-2.09568131293089,3.1243665,3.7575974,-30.295126,-83.45881,15,2020-01-29,13.82,0.0,59.88,9.15,1.0,210.79,2020,1,29,33.0,0,USA_3006.csv
2020-01-30,3006,13.0,11.0,5.0,1.2,30.0,1.0,0,0,3,3,1,1,7,7,-4.801913014921858,-2.283811584465585,2.7249982,10.300525,-86.0594,-19.800213,15,2020-01-30,12.96,0.0,53.88,6.3,1.0,116.88,2020,1,30,30.0,0,USA_3006.csv
2020-01-31,3006,8.0,3.0,4.6,3.6,31.0,29.0,0,0,2,2,3,3,4,4,-6.227098494443394,-3.015240688593511,8.458003,-6.833962,-112.72584,21.943579,15,2020-01-31,14.9,0.0,54.08,6.95,1.0,106.12,2020,1,31,31.0,0,USA_3006.csv
2020-02-01,3006,9.0,5.0,1.6,1.4,31.0,29.0,0,0,2,2,3,3,4,4,-9.763186920297205,-1.4421347837316982,8.087267,-6.5565724,-117.235634,25.390453,15,2020-02-01,15.68,0.0,55.42,6.27,1.0,144.88,2020,2,1,31.0,0,USA_3006.csv
2020-02-02,3006,5.0,14.0,9.2,3.4,34.0,1.2,0,0,3,3,1,1,1,1,-1.0397688101186493,-3.063565464266134,6.0443454,2.0423818,12.192701,-82.888054,15,2020-02-02,14.82,0.0,61.25,5.33,1.0,180.67,2020,2,2,34.0,0,USA_3006.csv
2020-02-03,3006,15.0,12.0,6.4,2.2,32.0,1.0,0,0,3,3,1,1,7,7,-2.928944704338009,-2.4425334547761905,1.805055,4.5044265,-33.62847,-77.25315,15,2020-02-03,11.69,0.0,47.29,17.87,1.0,276.0,2020,2,3,32.0,0,USA_3006.csv
2020-02-04,3006,8.0,14.0,2.8,2.4,32.0,1.0,0,0,3,3,1,1,7,7,-4.105731678187623,-2.0949778443869165,-0.25590152,5.779911,-63.746304,-43.36109,15,2020-02-04,8.81,0.0,40.46,9.98,1.0,141.88,2020,2,4,32.0,0,USA_3006.csv
2020-02-05,3006,8.0,11.0,3.0,1.8,30.0,1.2,0,0,3,3,1,1,7,7,-4.991249179756364,-2.400252330690612,2.1199665,7.69957,-60.359272,-48.750114,15,2020-02-05,8.72,0.0,49.08,8.17,1.0,175.83,2020,2,5,30.0,0,USA_3006.csv
2020-02-06,3006,10.0,15.0,2.0,2.8,31.0,1.0,0,0,3,3,1,1,7,7,-3.6889332448201237,-2.2925667680346926,-0.5011122,5.63242,19.243412,-104.02243,15,2020-02-06,10.2,0.0,53.38,7.27,1.0,142.17,2020,2,6,31.0,0,USA_3006.csv
2020-02-07,3006,24.0,22.0,6.0,2.8,35.0,1.0,0,0,3,3,1,1,7,7,-1.2307919050643872,-1.3498996737805526,6.1147747,2.7896953,11.628031,-56.982456,15,2020-02-07,10.68,0.0,69.04,6.82,1.0,164.83,2020,2,7,35.0,0,USA_3006.csv
2020-02-08,3006,37.0,25.0,4.2,1.2,42.0,1.0,0,0,3,3,4,4,5,5,-2.8505803862934487,1.5088216109840369,8.998126,10.92029,-32.428486,60.914417,15,2020-02-08,10.8,0.0,76.17,5.3,1.0,151.5,2020,2,8,42.0,0,USA_3006.csv
2020-02-09,3006,36.0,17.2,5.2,2.0,33.0,1.8,0,0,3,3,1,1,7,7,-2.1527892140915244,-1.2688162218880665,19.418175,5.922673,-24.115744,-30.677584,15,2020-02-09,11.65,0.0,77.83,7.17,1.0,130.33,2020,2,9,36.0,0,USA_3006.csv
2020-02-10,3006,34.0,26.0,6.2,2.4,34.0,1.2,0,0,3,3,1,1,7,7,-0.9059502109985452,-0.9746514721448594,-0.6434442,7.876621,-3.1208594,-27.914507,15,2020-02-10,12.18,0.0,57.12,10.5,1.0,244.54,2020,2,10,34.0,0,USA_3006.csv
2020-02-11,3006,11.0,11.4,4.6,1.6,33.0,11.0,0,0,2,2,3,3,0,0,-5.792052910257285,-1.5813545982709754,8.20035,-11.446247,-92.1485,-80.29591,15,2020-02-11,13.66,0.0,40.0,10.88,1.0,167.54,2020,2,11,33.0,0,USA_3006.csv
2020-02-12,3006,8.0,10.8,2.2,1.2,34.0,1.0,0,0,3,3,1,1,7,7,-5.959752882719452,-1.2014403828445364,3.8357906,10.3267765,-95.45686,8.623216,15,2020-02-12,12.67,0.0,51.54,8.39,1.0,155.67,2020,2,12,34.0,0,USA_3006.csv
2020-02-13,3006,20.0,21.6,5.8,2.0,37.0,1.0,0,0,3,3,1,1,7,7,-2.5424017548658884,-0.6316046568972072,1.5095857,10.4312105,-9.224685,-12.330971,15,2020-02-13,11.22,0.0,71.42,5.76,1.0,117.25,2020,2,13,37.0,0,USA_3006.csv
2020-02-14,3006,25.0,14.8,4.4,1.6,41.0,1.2,0,0,3,3,1,1,7,7,-3.5570108938617677,0.31081881124303423,3.5859568,13.165858,-44.739037,-4.0455284,15,2020-02-14,11.35,0.0,75.54,6.64,1.0,150.42,2020,2,14,41.0,0,USA_3006.csv
2020-02-15,3006,32.0,27.6,4.6,2.0,43.0,2.2,0,0,3,3,4,4,5,5,-2.0242859676640355,1.3467396932675726,8.4209795,7.863853,-19.342312,25.484646,15,2020-02-15,11.35,0.0,78.58,6.5,1.0,133.5,2020,2,15,43.0,0,USA_3006.csv
2020-02-16,3006,30.0,31.2,7.4,2.2,42.0,1.0,0,0,3,3,4,4,5,5,-0.6740897348756024,0.7968804447223077,9.73143,6.117498,8.703078,7.4164515,15,2020-02-16,11.87,0.0,71.25,5.4,1.0,146.42,2020,2,16,42.0,0,USA_3006.csv
2020-02-17,3006,31.0,13.2,4.0,2.4,34.0,1.4,0,0,3,3,1,1,7,7,-2.4729328623176094,-1.4167875706791555,15.1031685,12.349276,-44.55586,-31.050184,15,2020-02-17,12.3,0.0,71.88,5.11,1.0,143.29,2020,2,17,34.0,0,USA_3006.csv
2020-02-18,3006,24.0,16.6,5.2,1.4,35.0,1.0,0,0,3,3,1,1,7,7,-3.5250116499423587,-0.8620315407336105,3.2235637,12.366936,-63.398563,-25.568588,15,2020-02-18,12.9,0.0,71.79,5.87,1.0,139.75,2020,2,18,35.0,0,USA_3006.csv
2020-02-19,3006,30.0,19.2,4.0,1.4,36.0,1.6,0,0,3,3,1,1,7,7,-3.4846966385648983,-0.22561833130220563,3.5852556,-0.77965,-46.552616,19.488554,15,2020-02-19,13.11,0.0,84.79,7.12,1.0,149.88,2020,2,19,36.0,0,USA_3006.csv
2020-02-20,3006,41.0,23.4,3.8,1.2,39.0,1.2,0,0,3,3,1,1,5,5,-2.8677845483359565,0.9451207053119673,8.022342,9.21626,-21.796179,35.291275,15,2020-02-20,13.15,0.0,72.08,6.3,1.0,156.0,2020,2,20,41.0,0,USA_3006.csv
2020-02-21,3006,23.0,12.6,5.8,1.2,36.0,1.2,0,0,3,3,1,1,7,7,-3.879623044957836,-0.8676213116941862,1.9603885,11.802531,-64.28288,-20.322376,15,2020-02-21,14.62,0.0,57.29,8.45,1.0,132.08,2020,2,21,36.0,0,USA_3006.csv
2020-02-22,3006,17.0,24.2,2.6,1.2,31.0,1.2,0,0,3,3,1,1,7,7,-4.6402002159756774,-0.9763009426699938,4.398449,11.397964,-82.85251,27.96438,15,2020-02-22,13.65,0.0,84.33,7.27,1.0,163.17,2020,2,22,31.0,0,USA_3006.csv
2020-02-23,3006,24.0,16.6,5.8,2.0,31.0,11.4,0,0,2,2,3,3,0,0,-3.9421567676242053,-1.7975137408444737,15.2753935,-7.141587,-70.50282,-57.416782,15,2020-02-23,12.86,0.0,83.46,7.5,1.0,235.88,2020,2,23,31.0,0,USA_3006.csv
2020-02-24,3006,21.0,17.0,8.0,3.0,32.0,1.0,0,0,3,3,1,1,1,1,-0.8092043568681686,-2.651486975889676,5.9121084,2.2865024,12.396489,-80.39073,15,2020-02-24,11.9,0.0,81.83,6.78,1.0,130.62,2020,2,24,32.0,0,USA_3006.csv
2020-02-25,3006,30.0,9.0,5.8,1.8,34.0,3.0,0,0,3,3,1,1,7,7,-3.1503091268427856,-1.5724854630874117,5.5262465,6.3027706,-34.126488,-19.738756,15,2020-02-25,14.9,0.0,58.25,7.39,1.0,105.46,2020,2,25,34.0,0,USA_3006.csv
2020-02-26,3006,12.0,9.0,6.6,2.2,34.0,1.0,0,0,3,3,1,1,7,7,-3.190448299655553,-2.2768609047851296,2.944451,3.6006618,-38.552742,-74.98951,15,2020-02-26,17.15,0.0,35.88,13.3,1.0,137.54,2020,2,26,34.0,0,USA_3006.csv
2020-02-27,3006,10.0,9.0,12.6,2.2,32.0,1.0,0,0,3,3,1,1,1,1,-1.4410051604823066,-3.5221311195317626,5.021721,2.6103542,8.665185,-71.86683,15,2020-02-27,16.16,0.0,46.92,7.53,1.0,160.96,2020,2,27,32.0,0,USA_3006.csv
2020-02-28,3006,10.0,11.0,6.0,2.2,35.0,1.0,0,0,3,3,1,1,7,7,-3.3837386249908357,-1.9258139778273726,2.562317,3.920967,-38.74163,-74.4463,15,2020-02-28,18.5,0.0,42.71,9.78,1.0,129.08,2020,2,28,35.0,0,USA_3006.csv
2020-02-29,3006,11.0,16.0,7.0,2.0,39.0,1.0,0,0,3,3,1,1,7,7,-2.978992066277211,-0.8558118518025177,4.3316283,12.623043,-34.455013,-54.122635,15,2020-02-29,16.55,0.0,50.5,7.55,1.0,173.5,2020,2,29,39.0,0,USA_3006.csv
2020-03-01,3006,21.0,19.0,12.4,2.8,35.0,1.2,0,0,3,3,1,1,1,1,0.4106009046399118,-2.411231761106795,6.6223383,2.0476677,25.715515,-65.21099,15,2020-03-01,12.33,0.0,77.38,11.75,1.0,226.75,2020,3,1,35.0,0,USA_3006.csv
2020-03-02,3006,29.0,9.0,8.4,1.8,33.0,1.4,0,0,3,3,1,1,7,7,-2.1947719945719983,-2.180977608295103,4.0134172,3.5554066,-9.184714,-53.18014,15,2020-03-02,11.91,0.0,71.54,8.8,1.0,233.54,2020,3,2,33.0,0,USA_3006.csv
2020-03-03,3006,11.0,10.0,8.8,2.4,32.0,1.0,0,0,3,3,1,1,1,1,-2.266709130672702,-3.0415263946033035,3.9814198,2.6791942,5.80834,-81.05474,15,2020-03-03,14.6,0.0,43.42,9.12,1.0,171.17,2020,3,3,32.0,0,USA_3006.csv
2020-03-04,3006,9.0,25.0,6.6,1.6,34.0,1.0,0,0,3,3,1,1,7,7,-3.270827860264347,-1.2023184665792845,3.6626215,3.8951023,-20.14035,-57.36728,15,2020-03-04,14.28,0.0,74.0,7.94,1.0,140.42,2020,3,4,34.0,0,USA_3006.csv
2020-03-05,3006,31.0,25.0,7.0,2.2,40.0,1.0,0,0,3,3,1,1,5,5,-1.0793644982158577,0.1301786203618812,-6.1208553,13.702322,0.0721528,1.5336032,15,2020-03-05,12.98,0.0,88.42,5.72,1.0,164.46,2020,3,5,40.0,0,USA_3006.csv
2020-03-06,3006,35.0,21.0,4.8,1.4,37.0,3.2,0,0,3,3,1,1,7,7,-3.048439905819077,0.10791338259742672,7.610977,6.7189054,-23.760326,-9.984064,15,2020-03-06,13.36,0.0,87.58,8.64,1.0,253.71,2020,3,6,37.0,0,USA_3006.csv
2020-03-07,3006,28.0,8.0,6.0,1.4,29.0,1.4,0,0,3,3,1,1,7,7,-3.5786454677422492,-2.5672631284255463,3.4422655,6.216142,-38.27305,-80.10105,15,2020-03-07,12.66,0.0,81.92,9.06,1.0,259.88,2020,3,7,29.0,0,USA_3006.csv
2020-03-08,3006,15.0,3.0,3.2,2.0,30.0,29.0,0,0,2,2,3,3,4,4,-8.270535161633203,-2.1321469508273636,8.27751,-6.7016377,-114.70211,23.973766,15,2020-03-08,12.33,0.0,77.33,7.13,1.0,251.04,2020,3,8,30.0,0,USA_3006.csv
2020-03-09,3006,9.0,7.0,4.6,1.2,28.0,10.8,0,0,2,2,3,3,0,0,-6.643268927579629,-2.695894882151407,16.8043,-8.103406,-89.06667,-69.91209,15,2020-03-09,12.95,0.0,65.79,7.49,1.0,120.88,2020,3,9,28.0,0,USA_3006.csv
2020-03-10,3006,10.0,4.0,11.2,6.2,19.0,1.4,0,0,3,3,5,5,1,1,2.762715750569286,-8.172584630804216,10.203361,-0.6407415,68.17102,-71.29259,15,2020-03-10,15.62,0.0,70.42,16.15,1.0,116.79,2020,3,10,19.0,0,USA_3006.csv
2020-03-11,3006,9.0,5.0,9.4,3.0,29.0,19.2,0,0,2,2,3,3,4,4,-4.064220842500634,-3.8871845653587807,11.838071,-7.0054193,-109.17673,-1.3663609,15,2020-03-11,14.63,0.0,93.71,7.6,1.0,135.67,2020,3,11,29.0,0,USA_3006.csv
2020-03-12,3006,9.0,5.0,9.0,5.0,26.0,19.2,0,0,2,2,3,3,4,4,-1.6929314080825633,-5.405234586000036,11.830617,-6.9991636,-107.805466,-1.3285159,15,2020-03-12,13.54,0.0,88.42,5.82,1.0,220.21,2020,3,12,26.0,0,USA_3006.csv
2020-03-13,3006,13.0,3.0,8.8,1.4,28.0,29.0,0,0,2,2,3,3,4,4,-7.399541320178721,-3.0381042723085416,8.471512,-6.846861,-111.310234,24.14653,15,2020-03-13,13.27,0.0,91.79,4.91,1.0,142.62,2020,3,13,29.0,0,USA_3006.csv
2020-03-14,3006,11.0,5.0,4.6,2.0,30.0,29.0,0,0,2,2,3,3,4,4,-7.960103753556248,-2.29128477157255,8.335176,-6.747606,-113.68506,23.989391,15,2020-03-14,13.07,0.0,89.38,5.02,1.0,221.42,2020,3,14,30.0,0,USA_3006.csv
2020-03-15,3006,9.0,7.0,4.6,1.8,30.0,10.8,0,0,2,2,3,3,0,0,-5.879948977397171,-2.571252756099869,16.27749,-8.2485485,-85.96378,-79.73852,15,2020-03-15,12.67,0.0,82.54,5.71,1.0,134.79,2020,3,15,30.0,0,USA_3006.csv
2020-03-16,3006,16.0,6.0,5.2,1.6,29.0,9.4,0,0,2,2,3,3,0,0,-5.413002441869511,-2.7080783055434723,16.049126,-7.622002,-79.69959,-76.79453,15,2020-03-16,11.8,0.0,88.08,9.82,1.0,133.46,2020,3,16,29.0,0,USA_3006.csv
2020-03-17,3006,8.0,3.0,4.8,2.4,32.0,29.0,0,0,2,2,3,3,4,4,-7.666354966857089,-2.2635133881563716,8.370583,-6.7715526,-113.29063,23.243233,15,2020-03-17,9.38,0.0,85.04,5.88,1.0,214.67,2020,3,17,32.0,0,USA_3006.csv
2020-03-18,3006,10.0,6.0,4.6,3.0,34.0,19.0,0,0,2,2,3,3,4,4,-5.403139860480954,-2.1560928743725563,11.751329,-7.121833,-107.94632,-3.3384135,15,2020-03-18,9.41,0.0,76.25,9.25,1.0,151.54,2020,3,18,34.0,0,USA_3006.csv
2020-03-19,3006,9.0,5.0,5.2,1.6,33.0,29.0,0,0,2,2,3,3,4,4,-8.37649849311207,-1.603218419148529,8.293775,-6.7148695,-113.54589,24.645027,15,2020-03-19,10.59,0.0,78.17,12.26,1.0,204.71,2020,3,19,33.0,0,USA_3006.csv
2020-03-20,3006,11.0,5.0,4.6,2.0,30.0,29.0,0,0,2,2,3,3,4,4,-7.960103753556248,-2.29128477157255,8.334942,-6.747808,-113.68506,23.989391,15,2020-03-20,11.8,0.0,79.42,9.26,1.0,119.96,2020,3,20,30.0,0,USA_3006.csv
2020-03-21,3006,10.0,6.0,8.0,1.2,33.0,19.4,0,0,2,2,3,3,4,4,-6.65663436946124,-1.942973597044496,11.776724,-7.106877,-112.187004,-0.72244155,15,2020-03-21,13.05,0.0,83.75,5.45,1.0,181.46,2020,3,21,33.0,0,USA_3006.csv
2020-03-22,3006,11.0,3.0,4.6,1.2,31.0,29.0,0,0,2,2,3,3,4,4,-9.065638855481689,-1.8099844266903518,8.260438,-6.691413,-114.39652,25.197172,15,2020-03-22,13.5,0.0,78.75,9.53,1.0,129.58,2020,3,22,31.0,0,USA_3006.csv
2020-03-23,3006,12.0,4.0,6.4,2.2,32.0,29.0,0,0,2,2,3,3,4,4,-7.130897967662356,-2.24710942641622,8.397705,-6.792051,-112.42205,23.627386,15,2020-03-23,13.21,0.0,87.29,13.15,1.0,198.96,2020,3,23,32.0,0,USA_3006.csv
2020-03-24,3006,10.0,5.0,5.2,2.0,31.0,29.0,0,0,2,2,3,3,4,4,-7.8258572998579155,-2.1851711806069813,8.355155,-6.763364,-113.34129,23.978325,15,2020-03-24,13.09,0.0,82.67,11.81,1.0,177.83,2020,3,24,31.0,0,USA_3006.csv
2020-03-25,3006,8.0,7.0,4.0,1.6,33.0,1.2,0,0,3,3,1,1,7,7,-5.12678940582563,-2.0327101142670623,2.1426902,7.5698643,-62.890198,-47.40031,15,2020-03-25,12.3,0.0,77.88,14.07,1.0,287.62,2020,3,25,33.0,0,USA_3006.csv
2020-03-26,3006,9.0,4.0,4.0,1.6,33.0,29.0,0,0,2,2,3,3,4,4,-8.804704796734377,-1.4973438812519155,8.2788105,-6.7049375,-114.147285,24.751486,15,2020-03-26,10.42,0.0,65.79,19.46,1.0,263.75,2020,3,26,33.0,0,USA_3006.csv
2020-03-27,3006,8.0,9.0,7.0,2.8,34.0,1.2,0,0,3,3,1,1,1,1,-2.571042708819188,-2.691107510429565,3.0969872,3.4507532,9.305968,-85.74085,15,2020-03-27,10.63,0.0,68.42,15.64,1.0,298.42,2020,3,27,34.0,0,USA_3006.csv
2020-03-28,3006,14.0,16.0,8.6,3.2,35.0,1.0,0,0,3,3,1,1,1,1,-0.8168528770023568,-2.4025085773724397,5.905606,2.2102287,11.285045,-81.89282,15,2020-03-28,10.9,0.0,77.29,9.56,1.0,130.21,2020,3,28,35.0,0,USA_3006.csv
2020-03-29,3006,19.0,17.6,8.8,1.6,27.4,1.0,0,0,3,3,1,1,7,7,-2.424669399359969,-3.0426280264585093,1.9638875,21.551447,-3.1723325,-102.2472,15,2020-03-29,11.62,0.0,81.96,8.7,1.0,171.42,2020,3,29,27.4,0,USA_3006.csv
2020-03-30,3006,41.63361709230512,32.62524213075061,7.940627568534545,2.921768966831872,38.44467985779438,1.781357882623705,0,0,3,3,4,4,5,5,1.03710553444532,-0.023233201004883918,23.378965,-6.4124265,28.790539,-0.88753796,15,2020-03-30,12.08,0.0,82.67,10.42,1.0,168.38,2020,3,30,41.63361709230512,0,USA_3006.csv
2020-03-31,3006,41.63361709230512,32.62524213075061,7.940627568534545,2.921768966831872,38.44467985779438,1.781357882623705,0,0,3,3,4,4,5,5,1.03710553444532,-0.023233201004883918,23.393423,-6.405947,28.032291,-0.8158012,15,2020-03-31,13.28,0.0,74.04,5.2,1.0,193.12,2020,3,31,41.63361709230512,0,USA_3006.csv
2020-04-01,3006,24.2,14.0,4.2,1.6,36.0,4.2,0,0,3,3,1,1,7,7,-4.119488773815268,-0.6757715040831148,5.8305297,7.1709533,-37.80986,-10.680744,15,2020-04-01,14.47,0.0,76.08,4.8,1.0,187.67,2020,4,1,36.0,0,USA_3006.csv
2020-04-02,3006,24.0,17.0,5.2,2.6,35.0,1.0,0,0,3,3,1,1,7,7,-1.997051396365717,-1.4135393563581722,14.24319,18.35455,5.405697,-54.969555,15,2020-04-02,14.27,0.0,81.08,6.33,1.0,153.25,2020,4,2,35.0,0,USA_3006.csv
2020-04-03,3006,22.0,16.0,5.4,1.6,36.0,1.0,0,0,3,3,1,1,7,7,-3.3548339123289384,-0.8501580035575641,3.2708943,12.316744,-63.57001,-26.344927,15,2020-04-03,12.58,0.0,69.58,6.5,1.0,112.96,2020,4,3,36.0,0,USA_3006.csv
2020-04-04,3006,23.0,22.0,5.4,1.6,37.0,1.0,0,0,3,3,1,1,7,7,-2.9735437500268525,-0.30670309941099394,4.968377,13.777314,-42.61562,0.5838173,15,2020-04-04,12.64,0.0,77.17,7.38,1.0,110.21,2020,4,4,37.0,0,USA_3006.csv
2020-04-05,3006,29.0,8.0,10.4,2.8,23.0,7.0,0,0,3,3,1,1,1,1,-1.1370854499047602,-4.895156193707634,14.822469,-6.2021117,-55.260742,-73.74421,15,2020-04-05,13.02,0.0,81.38,8.06,1.0,195.42,2020,4,5,29.0,0,USA_3006.csv
2020-04-06,3006,17.0,3.0,2.4,1.4,31.0,29.0,0,0,2,2,3,3,4,4,-9.152430061045818,-1.4944843836127226,8.101505,-6.569039,-116.68592,25.479818,15,2020-04-06,12.69,0.0,87.25,13.62,1.0,221.54,2020,4,6,31.0,0,USA_3006.csv
2020-04-07,3006,5.0,5.0,2.4,2.0,30.0,11.0,0,0,2,2,3,3,0,0,-6.681743986601232,-2.5563682645675714,16.35335,-8.044399,-79.98966,-70.89525,15,2020-04-07,11.47,0.0,80.46,6.37,1.0,188.5,2020,4,7,30.0,0,USA_3006.csv
2020-04-08,3006,9.0,3.0,13.0,3.0,32.0,29.0,0,0,2,2,3,3,4,4,-4.290730548440707,-3.6155751970998744,8.544818,-6.8868117,-110.39817,22.25252,15,2020-04-08,10.89,0.0,85.71,8.81,1.0,216.71,2020,4,8,32.0,0,USA_3006.csv
2020-04-09,3006,11.0,2.0,7.8,2.2,25.0,29.2,0,0,2,2,3,3,4,4,-6.9180049871134965,-3.99205011172697,8.465227,-6.8409777,-111.57612,23.475922,15,2020-04-09,11.12,0.0,87.25,8.62,1.0,107.33,2020,4,9,29.2,0,USA_3006.csv
2020-04-10,3006,10.0,6.0,4.2,1.8,30.0,19.0,0,0,2,2,3,3,4,4,-7.054848827028538,-2.3524183431340315,11.533798,-7.475471,-108.5554,-7.2375755,15,2020-04-10,11.05,0.0,85.67,9.61,1.0,163.38,2020,4,10,30.0,0,USA_3006.csv
2020-04-11,3006,9.0,13.0,5.4,1.2,33.0,1.0,0,0,3,3,1,1,7,7,-4.7892450644844375,-1.6940582325329776,3.2307143,11.419441,-79.70201,-25.432207,15,2020-04-11,12.19,0.0,80.96,7.44,1.0,140.5,2020,4,11,33.0,0,USA_3006.csv
2020-04-12,3006,15.0,10.0,6.2,3.0,25.0,1.4,0,0,3,3,1,1,1,1,-2.1792296097361503,-4.332646404084105,5.9142685,1.0387504,20.65478,-89.593285,15,2020-04-12,13.28,0.0,89.25,9.2,1.0,161.75,2020,4,12,25.0,0,USA_3006.csv
2020-04-13,3006,24.0,8.0,4.6,1.4,27.0,1.4,0,0,3,3,1,1,7,7,-4.259635178412938,-2.8726896060885263,3.4199839,6.6298733,-40.385933,-41.01356,15,2020-04-13,13.33,0.0,85.04,7.1,1.0,215.83,2020,4,13,27.0,0,USA_3006.csv
2020-04-14,3006,15.0,13.0,7.2,1.6,39.0,1.0,0,0,3,3,1,1,7,7,-3.344399432626455,-0.7706078007221598,4.33414,12.591357,-35.48588,-53.785038,15,2020-04-14,13.58,0.0,84.33,7.14,1.0,170.71,2020,4,14,39.0,0,USA_3006.csv
2020-04-15,3006,13.0,12.0,4.8,1.6,43.0,1.0,0,0,3,3,1,1,7,7,-4.244588042987281,0.2762427875557,4.6678424,12.757022,-58.561317,-16.399881,15,2020-04-15,15.71,0.0,68.46,8.05,1.0,172.58,2020,4,15,43.0,0,USA_3006.csv
2020-04-16,3006,19.0,19.0,4.0,1.4,45.0,1.0,0,0,3,3,1,1,7,7,-4.014959162964294,1.3792983228207008,9.992378,12.490706,-52.904472,47.684635,15,2020-04-16,14.92,0.0,77.88,7.3,1.0,140.83,2020,4,16,45.0,0,USA_3006.csv
2020-04-17,3006,36.0,15.0,6.8,3.2,34.0,2.2,0,0,3,3,1,1,1,1,-0.30885093025977345,-1.9547612324299253,7.3801904,3.1441116,15.731339,-47.14498,15,2020-04-17,14.33,0.0,86.04,7.48,1.0,155.29,2020,4,17,36.0,0,USA_3006.csv
2020-04-18,3006,27.0,9.0,4.8,1.8,28.0,1.4,0,0,3,3,1,1,7,7,-3.46189721873158,-2.7717326590037095,3.294747,6.7028155,-41.38082,-40.461662,15,2020-04-18,14.36,0.0,81.5,10.23,1.0,212.88,2020,4,18,28.0,0,USA_3006.csv
2020-04-19,3006,15.0,11.0,5.0,1.4,28.0,1.0,0,0,3,3,1,1,7,7,-4.4440718336123,-2.7503666279833303,2.850792,6.491903,-52.22969,-61.54739,15,2020-04-19,13.56,0.0,82.92,9.56,1.0,171.54,2020,4,19,28.0,0,USA_3006.csv
2020-04-20,3006,18.0,15.0,8.6,2.2,27.0,1.0,0,0,3,3,1,1,1,1,-1.931935709396034,-3.542453011286589,4.4950356,3.3955183,-2.0384347,-73.76623,15,2020-04-20,14.16,0.0,81.83,10.91,1.0,158.83,2020,4,20,27.0,0,USA_3006.csv
2020-04-21,3006,28.0,15.0,8.2,3.2,34.0,1.0,0,0,3,3,1,1,1,1,-0.18331196636292751,-2.328799969669681,6.0226088,2.2253072,14.081864,-80.74602,15,2020-04-21,14.75,0.0,80.54,7.97,1.0,216.08,2020,4,21,34.0,0,USA_3006.csv
2020-04-22,3006,20.0,18.0,4.2,2.2,41.0,1.0,0,0,3,3,1,1,7,7,-2.962468331854583,0.11596536143511554,3.9381714,13.15066,-39.18605,34.718456,15,2020-04-22,16.72,0.0,70.25,6.25,1.0,123.29,2020,4,22,41.0,0,USA_3006.csv
2020-04-23,3006,22.0,19.0,3.4,1.8,40.0,1.0,0,0,3,3,1,1,7,7,-3.550176924241497,0.30018206202677994,4.137018,13.535144,-62.10896,27.27428,15,2020-04-23,20.59,0.0,57.12,10.73,1.0,209.04,2020,4,23,40.0,0,USA_3006.csv
2020-04-24,3006,13.0,20.0,7.0,1.2,40.0,1.0,0,0,3,3,1,1,7,7,-3.6498796041757786,-0.01660825329053251,4.688115,12.837637,-39.979916,7.67306,15,2020-04-24,21.92,0.0,51.67,7.7,1.0,191.0,2020,4,24,40.0,0,USA_3006.csv
2020-04-25,3006,20.0,13.0,5.0,1.2,45.0,1.0,0,0,3,3,1,1,7,7,-4.213079390050445,1.0442890202448993,10.493341,12.766699,-53.99693,49.66954,15,2020-04-25,21.3,0.0,53.71,9.18,1.0,137.38,2020,4,25,45.0,0,USA_3006.csv
2020-04-26,3006,24.0,16.0,7.4,2.0,43.0,1.0,0,0,3,3,1,1,7,7,-2.075792090279046,0.17252555986785806,10.677972,6.375384,-13.375192,3.7683399,15,2020-04-26,19.42,0.0,70.62,5.52,1.0,212.0,2020,4,26,43.0,0,USA_3006.csv
2020-04-27,3006,31.0,23.0,5.2,2.4,40.0,1.0,0,0,3,3,1,1,5,5,-1.4970465246991176,0.16703811369358856,9.125373,6.791624,-12.854227,15.916887,15,2020-04-27,17.74,0.0,76.33,4.89,1.0,173.79,2020,4,27,40.0,0,USA_3006.csv
2020-04-28,3006,30.0,23.0,5.8,1.0,49.0,1.0,0,0,3,3,4,4,5,5,-3.0809293264256614,2.5852970425442527,11.62808,10.951528,-7.635071,87.53476,15,2020-04-28,18.54,0.0,75.46,5.75,1.0,184.62,2020,4,28,49.0,0,USA_3006.csv
2020-04-29,3006,31.0,29.0,9.6,3.6,39.0,1.0,0,0,3,3,5,5,1,1,1.6984980878325853,-0.8757042701293385,9.334787,0.21485305,48.10098,-61.098328,15,2020-04-29,16.58,0.0,90.46,6.45,1.0,188.5,2020,4,29,39.0,0,USA_3006.csv
2020-04-30,3006,41.0,23.0,5.2,1.0,37.0,1.4,0,0,3,3,1,1,5,5,-2.7380440470610616,0.4278715038549895,7.8278666,8.145326,-18.083633,32.98002,15,2020-04-30,16.07,0.0,89.0,4.65,1.0,190.88,2020,4,30,41.0,0,USA_3006.csv
2020-05-01,3006,36.0,23.0,5.2,1.6,43.0,1.0,0,0,3,3,4,4,5,5,-2.1950090958604673,1.2650703571329602,9.760665,11.220723,-19.598461,19.119322,15,2020-05-01,18.05,0.0,76.83,6.25,1.0,175.58,2020,5,1,43.0,0,USA_3006.csv
2020-05-02,3006,34.0,24.0,3.6,2.4,38.0,3.2,0,0,3,3,1,1,5,5,-2.06237397526151,0.13408933687687552,7.288102,7.1265683,-27.36248,-11.630066,15,2020-05-02,17.55,0.0,72.79,6.81,1.0,169.62,2020,5,2,38.0,0,USA_3006.csv
2020-05-03,3006,36.0,20.0,4.6,3.4,28.0,1.0,0,0,3,3,1,1,1,1,-0.35601509334678993,-2.756032024696664,7.8899245,3.4419994,12.998225,-43.05564,15,2020-05-03,16.39,0.0,80.54,6.73,1.0,155.96,2020,5,3,36.0,0,USA_3006.csv
2020-05-04,3006,32.0,23.0,4.6,1.2,44.0,1.0,0,0,3,3,4,4,5,5,-3.1132046873051227,1.661123806312267,10.217934,11.350076,-18.00164,73.62851,15,2020-05-04,17.05,0.0,71.54,7.13,1.0,139.88,2020,5,4,44.0,0,USA_3006.csv
2020-05-05,3006,19.0,18.0,3.8,1.4,47.0,1.0,0,0,3,3,1,1,5,5,-4.120552942740599,1.7637723988578378,10.101676,12.501531,-52.740646,47.83884,15,2020-05-05,18.49,0.0,64.21,6.83,1.0,197.17,2020,5,5,47.0,0,USA_3006.csv
2020-05-06,3006,21.0,27.0,6.2,2.0,62.0,1.4,2,2,1,1,4,4,8,8,-2.0000379915681115,4.7687501955498455,14.1075,8.610545,34.364525,89.71305,15,2020-05-06,19.78,0.0,55.58,7.24,1.0,176.88,2020,5,6,62.0,0,USA_3006.csv
2020-05-07,3006,25.0,24.0,4.2,2.2,32.4,1.0,0,0,3,3,1,1,7,7,-2.3955798980376817,-1.233576559038223,4.554776,5.400455,-34.12078,-42.670746,15,2020-05-07,21.55,0.0,49.12,7.92,1.0,132.46,2020,5,7,32.4,0,USA_3006.csv
2020-05-08,3006,38.0,28.0,3.8,1.6,31.8,1.0,0,0,3,3,1,1,7,7,-2.3067641280075213,-0.5462522855635262,6.47216,8.901026,-25.123066,3.2405176,15,2020-05-08,19.94,0.0,66.62,5.58,1.0,160.88,2020,5,8,38.0,0,USA_3006.csv
2020-05-09,3006,36.2,29.0,4.6,1.6,32.0,2.2,0,0,3,3,1,1,7,7,-2.2620352123491334,-0.5648600106678476,6.5603085,8.922627,-25.054054,3.5991578,15,2020-05-09,16.24,0.0,89.08,5.41,1.0,190.38,2020,5,9,36.2,0,USA_3006.csv
2020-05-10,3006,49.0,18.0,5.0,1.8,39.0,1.0,0,0,3,3,1,1,5,5,-1.5330387729337414,0.3684003627158321,8.767424,7.0644693,-10.202491,26.449236,15,2020-05-10,14.49,0.0,89.79,6.88,1.0,245.5,2020,5,10,49.0,0,USA_3006.csv
2020-05-11,3006,38.0,17.0,3.0,1.8,38.0,1.0,0,0,3,3,1,1,7,7,-2.8579506126468592,0.15528357928896516,7.2791104,9.690899,-64.52836,22.615175,15,2020-05-11,14.28,0.0,84.75,9.02,1.0,251.75,2020,5,11,38.0,0,USA_3006.csv
2020-05-12,3006,40.0,10.0,6.0,2.2,29.0,1.2,0,0,3,3,1,1,7,7,-1.7424803783455831,-2.608560403335195,7.5084963,4.9220715,8.1950035,-25.786194,15,2020-05-12,14.87,0.0,84.75,11.48,1.0,180.62,2020,5,12,40.0,0,USA_3006.csv
2020-05-13,3006,19.0,12.0,6.6,1.4,34.0,2.4,0,0,3,3,1,1,7,7,-3.807818656201635,-1.5624613842313009,5.4473433,6.5772963,-52.240395,-23.772526,15,2020-05-13,15.87,0.0,77.71,9.84,1.0,251.83,2020,5,13,34.0,0,USA_3006.csv
2020-05-14,3006,25.0,24.0,4.6,1.8,35.0,1.0,0,0,3,3,1,1,7,7,-2.759842949941358,-0.5613371891319345,4.562325,5.4288054,-34.71015,-41.33577,15,2020-05-14,16.58,0.0,70.38,9.4,1.0,161.12,2020,5,14,35.0,0,USA_3006.csv
2020-05-15,3006,29.0,20.0,10.4,2.2,35.0,1.6,0,0,3,3,1,1,1,1,-0.4999810564408567,-1.6378068681145992,4.699757,2.6760762,4.05963,-45.664112,15,2020-05-15,19.31,0.0,60.21,16.94,1.0,289.83,2020,5,15,35.0,0,USA_3006.csv
2020-05-16,3006,33.0,21.0,5.8,2.0,39.0,1.0,0,0,3,3,1,1,7,7,-1.8060098300358711,0.006894043292599631,6.740119,5.952868,-6.645825,-16.069668,15,2020-05-16,18.61,0.0,71.12,5.45,1.0,166.75,2020,5,16,39.0,0,USA_3006.csv
2020-05-17,3006,35.0,16.0,3.8,1.6,30.0,3.0,0,0,3,3,1,1,7,7,-3.3840333858168523,-1.5634888903488353,6.3318357,6.2651696,-50.675938,-7.9686933,15,2020-05-17,17.35,0.0,78.83,7.64,1.0,216.92,2020,5,17,35.0,0,USA_3006.csv
2020-05-18,3006,24.0,5.0,8.0,2.0,30.0,19.2,0,0,2,2,3,3,4,4,-4.877721044310392,-2.719877583213034,11.787306,-7.127434,-111.32961,-3.3471842,15,2020-05-18,16.35,0.0,89.38,14.76,1.0,265.25,2020,5,18,30.0,0,USA_3006.csv
2020-05-19,3006,9.0,10.0,5.8,1.8,30.0,1.0,0,0,3,3,1,1,7,7,-4.084701667020016,-2.808870762894091,2.254093,6.475358,-23.467245,-88.134056,15,2020-05-19,15.1,0.0,74.62,20.47,1.0,281.33,2020,5,19,30.0,0,USA_3006.csv
2020-05-20,3006,15.0,13.0,4.6,2.6,34.0,1.0,0,0,3,3,1,1,7,7,-2.9265636720878256,-1.9311239804861025,-0.24104196,5.559194,15.331092,-101.26826,15,2020-05-20,14.89,0.0,77.46,7.88,1.0,177.92,2020,5,20,34.0,0,USA_3006.csv
2020-05-21,3006,19.0,17.0,6.0,1.4,46.0,1.0,0,0,3,3,1,1,7,7,-3.490641422801847,1.2139994192918908,10.656586,12.179971,-35.23261,8.34049,15,2020-05-21,16.62,0.0,69.12,6.26,1.0,194.21,2020,5,21,46.0,0,USA_3006.csv
2020-05-22,3006,24.0,23.0,3.4,1.2,42.0,1.0,0,0,3,3,1,1,7,7,-3.9649680702400776,1.249432257551082,7.587325,12.515639,-49.17895,34.606506,15,2020-05-22,16.85,0.0,79.71,8.08,1.0,218.29,2020,5,22,42.0,0,USA_3006.csv
2020-05-23,3006,42.0,25.0,8.0,1.6,36.0,1.4,0,0,3,3,1,1,5,5,-0.9498248176146148,-0.30874214176856235,8.347933,6.668787,-5.5272818,3.7436361,15,2020-05-23,15.76,0.0,76.67,8.13,1.0,208.62,2020,5,23,42.0,0,USA_3006.csv
2020-05-24,3006,48.0,24.0,5.2,2.0,38.0,1.0,0,0,3,3,4,4,5,5,-0.9646809944095881,0.33903527379535287,8.688881,6.7351613,-10.544033,25.743694,15,2020-05-24,15.89,0.0,77.67,6.73,1.0,175.75,2020,5,24,48.0,0,USA_3006.csv
2020-05-25,3006,48.0,25.0,4.4,2.0,42.0,1.0,0,0,3,3,4,4,5,5,-1.1419412498814474,1.3199471017148043,9.2978,8.015777,-11.605367,28.980078,15,2020-05-25,16.16,0.0,84.04,6.98,1.0,176.33,2020,5,25,48.0,0,USA_3006.csv
2020-05-26,3006,49.0,24.0,4.8,1.8,47.0,1.0,0,0,3,3,4,4,5,5,-1.2378217808982654,2.3568752741094974,10.909629,9.010095,-9.739872,74.489334,15,2020-05-26,17.21,0.0,81.46,6.94,1.0,190.17,2020,5,26,49.0,0,USA_3006.csv
2020-05-27,3006,44.0,24.0,6.4,1.2,49.0,1.6,0,0,3,3,4,4,5,5,-1.8498280443554473,2.757214860782352,11.70297,10.253167,-9.996381,81.91785,15,2020-05-27,16.65,0.0,83.5,7.08,1.0,182.38,2020,5,27,49.0,0,USA_3006.csv
2020-05-28,3006,40.0,20.0,7.6,1.6,38.0,1.0,0,0,3,3,1,1,5,5,-1.395131704620721,-0.15939242285503583,8.370344,6.7474613,-18.55096,13.260627,15,2020-05-28,15.9,0.0,88.04,7.73,1.0,221.71,2020,5,28,40.0,0,USA_3006.csv
2020-05-29,3006,33.0,10.0,7.2,1.6,30.0,3.4,0,0,3,3,1,1,7,7,-2.807064272048667,-2.3618372105384635,6.407391,5.518465,-15.917809,-22.103174,15,2020-05-29,15.71,0.0,87.54,6.05,1.0,231.12,2020,5,29,33.0,0,USA_3006.csv
2020-05-30,3006,24.0,6.0,9.6,3.4,23.0,6.6,0,0,3,3,1,1,1,1,-0.9800051776688898,-5.291032487826518,14.848265,-6.133147,-55.07286,-73.86398,15,2020-05-30,16.92,0.0,78.46,8.46,1.0,250.12,2020,5,30,24.0,0,USA_3006.csv
2020-05-31,3006,11.0,12.0,7.2,2.2,25.0,1.4,0,0,3,3,1,1,7,7,-2.998374445145954,-4.057019895948988,3.6681817,3.7893822,-8.255224,-86.747,15,2020-05-31,16.58,0.0,82.79,8.96,1.0,205.0,2020,5,31,25.0,0,USA_3006.csv
2020-06-01,3006,18.0,15.0,5.0,3.0,35.0,1.6,0,0,3,3,1,1,7,7,-2.0904991509109205,-1.7890888103989302,-0.34023157,5.303392,19.6555,-101.02391,15,2020-06-01,16.62,0.0,83.96,9.35,1.0,227.62,2020,6,1,35.0,0,USA_3006.csv
2020-06-02,3006,33.0,25.0,6.2,2.0,46.0,1.2,0,0,3,3,4,4,5,5,-1.459892293167914,1.6092812249967057,11.904491,11.593527,1.3199341,23.579893,15,2020-06-02,17.89,0.0,78.54,7.16,1.0,223.38,2020,6,2,46.0,0,USA_3006.csv
2020-06-03,3006,39.0,20.0,3.8,1.4,43.0,1.0,0,0,3,3,4,4,5,5,-2.867893300909346,1.4467114736149613,9.006048,10.516827,-29.24516,61.26335,15,2020-06-03,19.28,0.0,76.88,7.47,1.0,242.75,2020,6,3,43.0,0,USA_3006.csv
2020-06-04,3006,42.0,26.0,8.2,1.8,43.0,1.0,0,0,3,3,4,4,5,5,-0.4969049178666694,1.0511120580538722,10.398608,6.6039977,12.067041,25.345236,15,2020-06-04,19.36,0.0,76.29,9.82,1.0,175.83,2020,6,4,43.0,0,USA_3006.csv
2020-06-05,3006,50.0,13.0,6.4,2.0,25.0,1.8,0,0,3,3,1,1,7,7,-1.2233567114643946,-3.015035258978645,8.023962,4.2949004,15.344385,-26.916218,15,2020-06-05,18.02,0.0,80.17,8.64,1.0,188.79,2020,6,5,50.0,0,USA_3006.csv
2020-06-06,3006,24.0,13.0,5.0,2.0,27.0,8.2,0,0,2,2,3,3,0,0,-3.9912008922551605,-2.782026712950457,15.890491,-6.200964,-65.30948,-69.6039,15,2020-06-06,17.58,0.0,76.96,10.25,1.0,230.17,2020,6,6,27.0,0,USA_3006.csv
2020-06-07,3006,21.0,19.0,5.4,2.6,31.0,1.0,0,0,3,3,1,1,7,7,-2.0233792962394834,-2.2158472096887993,5.8503675,3.4213598,10.39965,-96.6963,15,2020-06-07,17.03,0.0,75.38,10.22,1.0,179.54,2020,6,7,31.0,0,USA_3006.csv
2020-06-08,3006,21.0,22.0,4.0,2.0,32.0,1.0,0,0,3,3,1,1,7,7,-3.050535134890588,-1.3796340140974246,4.4001884,5.4741826,-35.413647,-43.1881,15,2020-06-08,19.08,0.0,48.38,20.51,1.0,300.38,2020,6,8,32.0,0,USA_3006.csv
2020-06-09,3006,21.0,13.0,6.2,1.8,38.0,1.0,0,0,3,3,1,1,7,7,-3.06095291724372,-0.8194820710474032,2.2592897,4.845354,-35.643837,-65.09523,15,2020-06-09,21.53,0.0,37.62,12.47,1.0,165.0,2020,6,9,38.0,0,USA_3006.csv
2020-06-10,3006,20.0,19.0,3.0,1.2,55.0,1.4,0,0,3,3,4,4,5,5,-4.522204899523968,3.69177852756493,12.646927,10.705638,2.5255988,101.7676,15,2020-06-10,22.73,0.0,38.67,9.95,1.0,162.88,2020,6,10,55.0,0,USA_3006.csv
2020-06-11,3006,28.0,19.0,4.8,1.4,54.0,1.0,0,0,3,3,4,4,5,5,-3.1951493726499645,3.302382269852651,12.735542,10.4831295,3.8335502,99.66113,15,2020-06-11,20.67,0.0,60.5,7.05,1.0,176.21,2020,6,11,54.0,0,USA_3006.csv
2020-06-12,3006,43.0,21.0,5.0,1.2,40.0,1.0,0,0,3,3,1,1,5,5,-2.472414989078911,0.899579415561137,9.093184,10.016065,-17.975893,38.974903,15,2020-06-12,17.28,0.0,83.08,8.26,1.0,201.83,2020,6,12,43.0,0,USA_3006.csv
2020-06-13,3006,39.0,20.0,9.0,1.4,33.0,1.2,0,0,3,3,1,1,7,7,-1.3174281202874318,-1.2918818156915182,7.9803343,6.647594,-5.0330596,-1.3428518,15,2020-06-13,17.38,0.0,73.42,8.4,1.0,217.54,2020,6,13,39.0,0,USA_3006.csv
2020-06-14,3006,26.0,20.0,4.0,2.2,35.0,1.0,0,0,3,3,1,1,7,7,-2.5988614762055424,-0.8648623717705204,20.728212,8.439082,-45.514492,-28.58358,15,2020-06-14,18.27,0.0,71.38,9.09,1.0,189.33,2020,6,14,35.0,0,USA_3006.csv
2020-06-15,3006,32.0,22.0,10.6,1.0,39.0,1.0,0,0,3,3,1,1,5,5,-1.566142402963157,-0.11829842759541295,10.450718,6.2731786,-1.6648319,-6.78964,15,2020-06-15,18.7,0.0,76.71,6.05,1.0,172.08,2020,6,15,39.0,0,USA_3006.csv
2020-06-16,3006,34.0,24.0,7.2,2.0,33.0,1.0,0,0,3,3,1,1,7,7,-1.180762956356451,-1.2324990290802043,17.384468,8.553519,-4.225878,-31.679783,15,2020-06-16,17.52,0.0,86.17,7.11,1.0,246.75,2020,6,16,34.0,0,USA_3006.csv
2020-06-17,3006,37.0,23.0,6.6,1.6,37.0,2.2,0,0,3,3,1,1,5,5,-1.8831723019614741,-0.10421599324582648,14.890616,13.778964,-22.10404,11.708348,15,2020-06-17,17.65,0.0,82.83,6.67,1.0,177.46,2020,6,17,37.0,0,USA_3006.csv
2020-06-18,3006,38.0,22.0,8.4,1.6,33.0,1.2,0,0,3,3,1,1,7,7,-1.20623437200024,-1.221838158008893,7.9980955,6.5483737,-5.21763,-1.2819812,15,2020-06-18,18.0,0.0,83.33,7.54,1.0,185.92,2020,6,18,38.0,0,USA_3006.csv
2020-06-19,3006,38.0,24.0,9.4,2.0,35.0,4.2,0,0,3,3,1,1,1,1,-0.6614042296299278,-0.9553583634267107,8.599322,5.9169006,-14.27961,-12.641692,15,2020-06-19,17.25,0.0,83.79,8.43,1.0,273.42,2020,6,19,38.0,0,USA_3006.csv
2020-06-20,3006,38.0,19.0,4.8,1.4,30.0,3.0,0,0,3,3,1,1,7,7,-2.9885095651377216,-1.381589913840394,6.484222,6.3064084,-50.853745,-7.965372,15,2020-06-20,16.72,0.0,81.67,8.31,1.0,305.92,2020,6,20,38.0,0,USA_3006.csv
2020-06-21,3006,22.0,15.0,3.8,1.4,33.0,1.0,0,0,3,3,1,1,7,7,-4.1741454123940915,-1.212367909307838,3.0018842,13.926783,-97.2965,-25.890455,15,2020-06-21,16.5,0.0,85.5,9.2,1.0,172.29,2020,6,21,33.0,0,USA_3006.csv
2020-06-22,3006,24.0,19.0,5.6,1.8,37.0,1.0,0,0,3,3,1,1,7,7,-2.760551975453264,-0.5676926535168111,4.8685436,13.691332,-42.44368,-0.25254264,15,2020-06-22,16.96,0.0,84.62,7.49,1.0,199.62,2020,6,22,37.0,0,USA_3006.csv
2020-06-23,3006,25.0,22.0,4.6,2.0,40.0,1.0,0,0,3,3,1,1,7,7,-2.5898649215730707,0.26469873647738656,3.8623056,12.871298,-41.304897,-5.1871815,15,2020-06-23,16.85,0.0,84.25,8.9,1.0,203.88,2020,6,23,40.0,0,USA_3006.csv
2020-06-24,3006,30.0,20.0,8.4,2.4,38.0,1.2,0,0,3,3,1,1,1,1,-0.7494923771713344,-0.8417276621885755,16.959267,6.8558273,-1.9374123,-47.458042,15,2020-06-24,17.14,0.0,85.29,8.39,1.0,217.21,2020,6,24,38.0,0,USA_3006.csv
2020-06-25,3006,21.0,21.0,4.4,1.2,42.0,1.0,0,0,3,3,1,1,7,7,-3.9332741761797303,0.9511928080878096,7.1608386,12.638682,-53.63126,31.145836,15,2020-06-25,17.28,0.0,84.75,6.99,1.0,209.17,2020,6,25,42.0,0,USA_3006.csv
2020-06-26,3006,31.0,16.0,6.8,2.0,38.0,1.0,0,0,3,3,1,1,7,7,-1.879955317939185,-0.6359023341546761,6.845216,5.969238,-5.634319,-16.820026,15,2020-06-26,17.38,0.0,86.33,7.41,1.0,250.29,2020,6,26,38.0,0,USA_3006.csv
2020-06-27,3006,26.0,16.0,6.6,1.4,35.0,2.6,0,0,3,3,1,1,7,7,-3.208299517425516,-1.000479462622564,5.7836895,6.5476093,-33.927742,-14.160502,15,2020-06-27,17.46,0.0,82.88,8.35,1.0,251.04,2020,6,27,35.0,0,USA_3006.csv
2020-06-28,3006,26.0,7.0,8.2,2.6,27.0,6.6,0,0,3,3,1,1,0,0,-2.2327221737374074,-3.8089840488370634,14.968105,-6.194586,-55.616146,-72.49123,15,2020-06-28,17.7,0.0,83.71,8.94,1.0,245.83,2020,6,28,27.0,0,USA_3006.csv
2020-06-29,3006,21.0,13.0,4.2,1.8,30.0,1.0,0,0,3,3,1,1,7,7,-3.726056842595217,-2.198673724164451,2.4757614,7.298639,-46.117687,-38.832138,15,2020-06-29,17.8,0.0,75.42,9.52,1.0,203.17,2020,6,29,30.0,0,USA_3006.csv
2020-06-30,3006,18.0,23.0,3.6,2.6,32.0,7.8,0,0,3,3,1,1,0,0,-3.419215892545655,-1.4548998177920718,15.665694,-8.369277,-70.47903,-75.65356,15,2020-06-30,17.08,0.0,75.04,8.9,1.0,176.0,2020,6,30,32.0,0,USA_3006.csv
2020-07-01,3006,38.0,27.0,3.4,1.0,36.0,4.2,0,0,3,3,1,1,5,5,-3.629108576169675,0.6807829489329175,7.8132753,6.911941,-24.451723,-7.4908733,15,2020-07-01,17.35,0.0,83.12,9.21,1.0,160.29,2020,7,1,38.0,0,USA_3006.csv
2020-07-02,3006,36.0,22.0,5.6,1.4,38.0,3.2,0,0,3,3,1,1,5,5,-2.6820059504997626,0.28044209859752733,7.7742105,6.511281,-21.073507,-9.832383,15,2020-07-02,17.42,0.0,83.42,7.14,1.0,210.88,2020,7,2,38.0,0,USA_3006.csv
2020-07-03,3006,34.0,21.0,5.8,1.6,43.0,1.0,0,0,3,3,4,4,5,5,-2.2300573092792653,1.0397360184780036,9.690457,11.845933,-31.28975,18.982908,15,2020-07-03,16.77,0.0,82.29,8.12,1.0,216.96,2020,7,3,43.0,0,USA_3006.csv
2020-07-04,3006,35.0,15.0,5.0,2.2,35.0,4.4,0,0,3,3,1,1,7,7,-2.463744497813038,-1.0002664031926982,17.160559,5.731614,-24.287205,-16.528418,15,2020-07-04,18.6,0.0,78.62,7.55,1.0,207.88,2020,7,4,35.0,0,USA_3006.csv
2020-07-05,3006,43.0,29.0,5.2,1.2,40.0,1.6,0,0,3,3,4,4,5,5,-2.0630960797639197,1.311669663437055,9.415481,9.728496,-20.291924,42.97432,15,2020-07-05,19.85,0.0,70.25,6.62,1.0,180.96,2020,7,5,43.0,0,USA_3006.csv
2020-07-06,3006,56.0,31.0,5.6,1.2,48.0,1.0,2,2,1,1,4,4,5,5,-0.956812518828387,3.253447162080285,11.377269,8.913193,10.110544,65.81622,15,2020-07-06,20.47,0.0,72.46,8.05,1.0,227.96,2020,7,6,56.0,0,USA_3006.csv
2020-07-07,3006,57.0,31.0,4.2,1.2,44.0,1.0,0,0,3,3,4,4,5,5,-1.356106505043504,2.636756541363223,9.422019,8.669661,-15.481375,59.85836,15,2020-07-07,20.29,0.0,71.38,7.64,1.0,193.5,2020,7,7,57.0,0,USA_3006.csv
2020-07-08,3006,53.0,34.0,5.4,1.2,45.0,1.0,0,0,3,3,4,4,5,5,-1.0502409719801264,2.762597834252306,10.304456,8.701417,-6.7460027,49.6806,15,2020-07-08,19.52,0.0,75.79,8.01,1.0,179.25,2020,7,8,53.0,0,USA_3006.csv
2020-07-09,3006,52.0,31.0,6.0,1.4,43.0,1.0,0,0,3,3,4,4,5,5,-0.8387737717824036,1.9977606047189234,10.212608,8.8792715,-5.7113557,49.82008,15,2020-07-09,18.7,0.0,81.71,7.85,1.0,195.42,2020,7,9,52.0,0,USA_3006.csv
2020-07-10,3006,46.0,29.0,6.0,2.0,54.0,1.2,2,2,1,1,4,4,5,5,-0.5124213621470368,3.751056366373748,12.806757,8.563655,16.908514,79.45537,15,2020-07-10,18.62,0.0,83.54,7.07,1.0,196.96,2020,7,10,54.0,0,USA_3006.csv
2020-07-11,3006,46.0,16.0,8.6,2.4,52.0,1.6,2,2,1,1,4,4,8,8,0.05238529387090386,2.1256070590375757,11.840279,6.7795753,16.784407,26.266369,15,2020-07-11,19.58,0.0,77.96,7.42,1.0,202.33,2020,7,11,52.0,0,USA_3006.csv
2020-07-12,3006,35.0,17.0,5.0,1.2,47.0,1.0,0,0,3,3,4,4,5,5,-3.1162384365832527,1.966488452073962,9.987821,11.363401,-11.865607,85.926476,15,2020-07-12,20.1,0.0,76.67,7.66,1.0,199.08,2020,7,12,47.0,0,USA_3006.csv
2020-07-13,3006,40.0,26.0,5.8,1.6,45.0,1.0,0,0,3,3,4,4,5,5,-1.6051609914198188,1.8354192288378752,10.430531,10.750254,-17.024443,20.156006,15,2020-07-13,19.85,0.0,79.12,8.9,1.0,230.88,2020,7,13,45.0,0,USA_3006.csv
2020-07-14,3006,53.0,26.0,4.2,1.6,39.0,1.0,0,0,3,3,4,4,5,5,-1.3770046171702617,1.0735686032955203,8.681748,8.088197,-10.813294,31.344412,15,2020-07-14,18.36,0.0,83.46,7.8,1.0,195.92,2020,7,14,53.0,0,USA_3006.csv
2020-07-15,3006,35.0,22.0,7.2,2.0,40.0,1.0,0,0,3,3,1,1,5,5,-1.1936451072175012,0.11993114318706552,9.85446,6.446717,-5.443982,8.362498,15,2020-07-15,17.69,0.0,82.83,8.77,1.0,217.71,2020,7,15,40.0,0,USA_3006.csv
2020-07-16,3006,30.0,19.0,5.8,2.8,38.0,1.0,0,0,3,3,1,1,7,7,-1.0874514969070534,-0.7462524525584083,14.294158,18.397184,7.36322,-55.202618,15,2020-07-16,17.12,0.0,83.71,7.94,1.0,221.92,2020,7,16,38.0,0,USA_3006.csv
2020-07-17,3006,25.0,18.0,7.2,2.8,36.0,2.6,0,0,3,3,1,1,1,1,-1.210167838501477,-1.4565222585397084,6.7978573,3.2388368,9.778447,-53.675407,15,2020-07-17,17.3,0.0,85.62,7.25,1.0,238.38,2020,7,17,36.0,0,USA_3006.csv
2020-07-18,3006,28.0,14.0,6.6,2.2,35.0,2.6,0,0,3,3,1,1,7,7,-2.193136105538119,-1.4483958278787148,5.6517367,6.3801556,-33.34948,-18.259848,15,2020-07-18,17.18,0.0,84.83,8.74,1.0,265.04,2020,7,18,35.0,0,USA_3006.csv
2020-07-19,3006,25.0,11.0,6.0,1.6,30.0,1.4,0,0,3,3,1,1,7,7,-3.3385333792734566,-2.358050437839804,3.355246,5.991724,-38.71657,-80.93346,15,2020-07-19,16.54,0.0,88.25,9.62,1.0,236.04,2020,7,19,30.0,0,USA_3006.csv
2020-07-20,3006,19.0,19.0,5.2,2.4,35.0,1.0,0,0,3,3,1,1,7,7,-2.4338155841108784,-1.31181656777679,1.019021,9.531294,-59.955215,-31.447092,15,2020-07-20,17.67,0.0,85.21,7.94,1.0,161.67,2020,7,20,35.0,0,USA_3006.csv
2020-07-21,3006,29.0,23.0,5.4,1.8,37.0,1.8,0,0,3,3,1,1,7,7,-2.4223981164401596,-0.21006644898262936,2.8654082,-0.4781287,-32.051414,-11.896137,15,2020-07-21,18.83,0.0,80.12,6.58,1.0,169.79,2020,7,21,37.0,0,USA_3006.csv
2020-07-22,3006,30.0,17.0,6.6,2.2,38.0,1.0,0,0,3,3,1,1,7,7,-1.6966912900884294,-0.6718191538559872,6.845041,5.969079,-5.7197857,-16.792616,15,2020-07-22,17.73,0.0,84.71,8.85,1.0,186.0,2020,7,22,38.0,0,USA_3006.csv
2020-07-23,3006,27.0,19.0,5.0,1.6,40.0,1.0,0,0,3,3,1,1,7,7,-3.009392067843125,0.2835305918332443,9.0053,12.190218,-35.211952,20.906532,15,2020-07-23,17.2,0.0,84.0,8.01,1.0,187.29,2020,7,23,40.0,0,USA_3006.csv
2020-07-24,3006,34.0,17.0,6.0,1.8,38.0,3.2,0,0,3,3,1,1,7,7,-2.436331729409343,-0.26832078345665267,17.200144,5.794736,-22.77388,-13.920861,15,2020-07-24,17.52,0.0,83.29,8.5,1.0,190.96,2020,7,24,38.0,0,USA_3006.csv
2020-07-25,3006,30.0,19.0,2.0,1.0,37.0,1.6,0,0,3,3,1,1,7,7,-4.617925766302268,0.4249759898925792,5.9093194,10.012536,-85.107376,35.207024,15,2020-07-25,17.48,0.0,85.0,7.85,1.0,174.83,2020,7,25,37.0,0,USA_3006.csv
2020-07-26,3006,30.0,16.0,3.0,1.8,36.0,1.0,0,0,3,3,1,1,7,7,-3.387505480964331,-0.46828575078717827,5.9188633,8.73911,-39.984295,-28.627878,15,2020-07-26,17.12,0.0,86.75,9.12,1.0,210.17,2020,7,26,36.0,0,USA_3006.csv
2020-07-27,3006,32.0,21.0,5.2,3.2,35.0,1.0,0,0,3,3,1,1,1,1,-0.5650590958636738,-1.3283153897706996,6.818548,3.098898,12.250753,-46.880333,15,2020-07-27,16.35,0.0,89.21,8.8,1.0,210.04,2020,7,27,35.0,0,USA_3006.csv
2020-07-28,3006,38.0,23.0,4.0,1.2,38.0,2.2,0,0,3,3,1,1,5,5,-3.1350783695248254,0.6563631621751356,7.1117554,8.875805,-45.839024,10.27812,15,2020-07-28,16.67,0.0,86.12,9.22,1.0,183.83,2020,7,28,38.0,0,USA_3006.csv
2020-07-29,3006,39.0,24.0,4.0,1.4,40.0,1.0,0,0,3,3,1,1,5,5,-2.6082726263726084,1.0157443005401803,8.161854,9.437215,-21.89448,36.724804,15,2020-07-29,16.97,0.0,86.71,8.58,1.0,196.25,2020,7,29,40.0,0,USA_3006.csv
2020-07-30,3006,40.0,22.0,5.0,1.6,43.0,1.0,0,0,3,3,4,4,5,5,-2.0772343511224913,1.3183336429142432,9.682967,11.142584,-19.893126,18.859951,15,2020-07-30,16.45,0.0,89.0,7.1,1.0,238.46,2020,7,30,43.0,0,USA_3006.csv
2020-07-31,3006,40.0,19.0,6.0,1.4,49.0,1.8,0,0,3,3,4,4,5,5,-2.2478086255064493,2.3747799783329584,11.799043,10.327692,-11.1398115,83.72443,15,2020-07-31,17.01,0.0,86.04,7.65,1.0,254.0,2020,7,31,49.0,0,USA_3006.csv
2020-08-01,3006,37.0,24.0,5.0,2.4,51.0,1.0,2,2,3,3,4,4,5,5,-1.1019522519911584,2.626677569237817,12.418845,5.73661,2.6003273,78.66552,15,2020-08-01,19.81,0.0,74.67,6.19,1.0,237.67,2020,8,1,51.0,0,USA_3006.csv
2020-08-02,3006,42.0,23.0,3.0,1.2,48.0,1.6,0,0,3,3,4,4,5,5,-3.0875383285426152,2.908971308693966,10.015487,10.08711,-23.395298,79.61113,15,2020-08-02,19.83,0.0,79.58,5.35,1.0,201.75,2020,8,2,48.0,0,USA_3006.csv
2020-08-03,3006,50.0,25.0,4.0,1.2,48.0,1.2,0,0,3,3,4,4,5,5,-2.1507802394313758,3.032445285634029,10.961572,9.588048,-20.920565,75.49363,15,2020-08-03,18.05,0.0,84.79,4.8,1.0,201.67,2020,8,3,50.0,0,USA_3006.csv
2020-08-04,3006,41.0,22.0,4.0,1.4,39.0,1.0,0,0,3,3,1,1,5,5,-2.6025860567662633,0.7441355903912139,8.01556,9.2652645,-21.607138,36.13861,15,2020-08-04,18.51,0.0,87.38,5.09,1.0,219.38,2020,8,4,41.0,0,USA_3006.csv
2020-08-05,3006,35.0,21.0,3.0,1.2,38.0,1.0,0,0,3,3,1,1,7,7,-3.574316561973771,0.5938055029477712,6.6851234,10.317942,-66.991234,23.41833,15,2020-08-05,18.08,0.0,84.88,6.5,1.0,176.21,2020,8,5,38.0,0,USA_3006.csv
2020-08-06,3006,38.0,19.0,2.0,1.0,37.0,2.2,0,0,3,3,1,1,7,7,-4.228516105729125,0.5991031828605331,6.328425,9.163255,-68.63359,17.429068,15,2020-08-06,17.97,0.0,83.83,8.02,1.0,167.92,2020,8,6,38.0,0,USA_3006.csv
2020-08-07,3006,38.0,22.0,4.0,1.2,38.0,4.2,0,0,3,3,1,1,5,5,-3.4454330420122004,0.6518812858524592,7.752126,6.840117,-24.181406,-8.272951,15,2020-08-07,18.31,0.0,82.38,8.11,1.0,204.67,2020,8,7,38.0,0,USA_3006.csv
2020-08-08,3006,44.0,24.0,3.0,1.0,37.0,1.0,0,0,3,3,1,1,5,5,-3.146473062163731,0.8222815249790684,7.543054,8.868475,-54.28719,20.51244,15,2020-08-08,17.01,0.0,86.62,7.36,1.0,225.83,2020,8,8,44.0,0,USA_3006.csv
2020-08-09,3006,49.0,20.0,2.0,1.2,33.0,1.0,0,0,3,3,1,1,7,7,-3.148258609492538,-0.07504053212042314,6.7987804,8.617353,-54.983673,12.744475,15,2020-08-09,16.46,0.0,86.25,7.03,1.0,231.38,2020,8,9,49.0,0,USA_3006.csv
2020-08-10,3006,43.0,20.0,4.0,1.4,33.0,1.4,0,0,3,3,1,1,7,7,-2.673219604381032,-0.5452600696025924,7.013254,8.233924,-51.39111,5.6378675,15,2020-08-10,16.05,0.0,88.67,7.43,1.0,248.25,2020,8,10,43.0,0,USA_3006.csv
2020-08-11,3006,39.0,17.0,5.0,1.8,33.0,3.0,0,0,3,3,1,1,7,7,-2.4564826388578798,-1.0685347291743483,17.198502,5.7481585,-23.686087,-17.436289,15,2020-08-11,16.01,0.0,89.29,9.37,1.0,257.88,2020,8,11,39.0,0,USA_3006.csv
2020-08-12,3006,37.0,17.0,6.0,1.6,40.0,1.0,0,0,3,3,1,1,7,7,-2.2194464859700966,0.24459444822147677,9.473904,11.296274,-21.52304,17.222857,15,2020-08-12,17.0,0.0,85.96,7.45,1.0,230.38,2020,8,12,40.0,0,USA_3006.csv
2020-08-13,3006,32.0,21.0,7.0,1.4,40.0,3.2,0,0,3,3,1,1,5,5,-2.5206314417678537,0.3732956073905543,7.999468,6.3657928,-18.75765,-9.400485,15,2020-08-13,19.63,0.0,76.21,7.95,1.0,217.62,2020,8,13,40.0,0,USA_3006.csv
2020-08-14,3006,38.0,18.0,8.0,2.4,42.0,1.2,0,0,3,3,1,1,5,5,-0.49406373176692214,0.08679159806699521,10.174204,6.1776557,10.908955,10.603696,15,2020-08-14,22.1,0.0,65.71,6.51,1.0,191.08,2020,8,14,42.0,0,USA_3006.csv
2020-08-15,3006,45.0,15.0,5.0,1.0,41.0,1.2,0,0,3,3,1,1,5,5,-2.9456468463865613,0.9272635477401739,9.226203,9.991621,-16.996973,39.260517,15,2020-08-15,22.45,0.0,72.46,7.41,1.0,240.79,2020,8,15,45.0,0,USA_3006.csv
2020-08-16,3006,31.0,24.0,3.0,1.2,45.0,1.0,0,0,3,3,4,4,5,5,-3.6138395970527055,2.111512065673351,7.9880357,11.048567,-52.47003,68.62542,15,2020-08-16,22.52,0.0,73.75,7.0,1.0,220.38,2020,8,16,45.0,0,USA_3006.csv
2020-08-17,3006,55.0,31.0,5.0,1.8,46.0,1.0,2,2,3,3,4,4,5,5,-0.4593025156336663,2.6155882410217384,10.695782,8.126379,0.07316297,49.958424,15,2020-08-17,22.14,0.0,80.5,6.96,1.0,219.92,2020,8,17,55.0,0,USA_3006.csv
2020-08-18,3006,54.0,37.0,7.0,1.4,68.0,1.4,2,2,1,1,4,4,8,8,-0.01867999665402241,7.370424837009388,14.342767,7.137835,49.52385,75.00157,15,2020-08-18,22.51,0.0,75.71,6.75,1.0,224.04,2020,8,18,68.0,0,USA_3006.csv
2020-08-19,3006,94.0,37.0,6.0,1.4,58.0,1.4,2,2,1,1,4,4,8,8,1.9520311627652902,6.2456965732057395,12.6642275,3.8867893,70.71252,32.92142,15,2020-08-19,23.49,0.0,77.0,7.42,1.0,229.79,2020,8,19,94.0,0,USA_3006.csv
2020-08-20,3006,68.0,41.0,7.0,1.4,52.0,1.4,2,2,1,1,4,4,8,8,0.9303774611845987,4.573710928382404,12.1793785,8.280114,13.977755,68.90488,15,2020-08-20,22.95,0.0,77.96,5.9,1.0,217.42,2020,8,20,68.0,0,USA_3006.csv
2020-08-21,3006,90.0,46.0,8.0,1.6,59.0,1.2,2,2,1,1,0,0,8,8,3.1028908357466936,6.483327504451005,12.810619,3.921762,70.589134,31.661562,15,2020-08-21,22.96,0.0,80.92,7.44,1.0,241.75,2020,8,21,90.0,0,USA_3006.csv
2020-08-22,3006,99.0,38.0,5.0,1.4,51.0,1.0,2,2,1,1,4,4,8,8,2.000674971459703,5.082636091590087,12.461004,3.756514,70.72708,32.906384,15,2020-08-22,23.48,0.0,79.12,6.02,1.0,202.54,2020,8,22,99.0,0,USA_3006.csv
2020-08-23,3006,83.0,30.0,2.0,1.4,29.0,1.0,0,0,3,3,4,4,10,10,-0.4039025028578788,0.2157105529572373,11.156075,3.5680406,56.882343,6.4425793,15,2020-08-23,23.34,0.0,81.83,6.95,1.0,206.67,2020,8,23,83.0,0,USA_3006.csv
2020-08-24,3006,67.0,28.0,5.0,1.8,32.0,1.0,0,0,3,3,4,4,10,10,0.01204835913310207,-0.18103430439349247,8.888172,5.041193,16.208117,-14.314225,15,2020-08-24,21.54,0.0,88.46,8.5,1.0,256.92,2020,8,24,67.0,0,USA_3006.csv
2020-08-25,3006,56.0,37.4,8.2,2.0,30.0,1.0,0,0,3,3,4,4,10,10,1.1103806340502003,-0.8323462037518953,9.502333,3.8924887,26.665607,-28.127699,15,2020-08-25,20.85,0.0,88.04,8.49,1.0,235.0,2020,8,25,56.0,0,USA_3006.csv
2020-08-26,3006,38.0,13.0,2.6,1.6,31.0,1.4,0,0,3,3,1,1,7,7,-3.532401802311394,-1.3370963421096742,5.798909,8.200135,-51.62049,2.29084,15,2020-08-26,20.72,0.0,87.29,7.59,1.0,238.04,2020,8,26,38.0,0,USA_3006.csv
2020-08-27,3006,35.0,22.2,6.0,1.4,40.0,1.0,0,0,3,3,1,1,5,5,-2.311633138355955,0.5757619532673319,9.573298,11.701458,-22.908398,16.247286,15,2020-08-27,21.36,0.0,80.33,7.88,1.0,217.54,2020,8,27,40.0,0,USA_3006.csv
2020-08-28,3006,53.0,46.0,5.0,1.0,42.0,1.0,0,0,3,3,4,4,5,5,-0.8053596169373886,2.930534177867524,10.414466,8.359604,0.034520186,55.917423,15,2020-08-28,18.88,0.0,83.67,9.6,1.0,250.79,2020,8,28,53.0,0,USA_3006.csv
2020-08-29,3006,44.0,22.6,7.8,1.6,38.0,2.6,0,0,3,3,1,1,5,5,-1.1673765308447575,0.07053413708272463,8.652534,6.2242174,-15.570266,-10.325304,15,2020-08-29,17.54,0.0,85.96,7.78,1.0,243.21,2020,8,29,44.0,0,USA_3006.csv
2020-08-30,3006,32.0,26.2,6.6,1.4,35.0,1.2,0,0,3,3,1,1,7,7,-2.1375995078886265,-0.37414737742826404,19.247274,9.771735,-23.589033,10.896723,15,2020-08-30,17.11,0.0,86.29,7.05,1.0,224.08,2020,8,30,35.0,0,USA_3006.csv
2020-08-31,3006,31.0,30.4,5.0,1.6,40.0,1.0,0,0,3,3,4,4,5,5,-2.171896538129253,0.9675357701613431,12.131603,-4.8675194,-29.095108,46.396744,15,2020-08-31,17.3,0.0,85.58,6.69,1.0,217.46,2020,8,31,40.0,0,USA_3006.csv
2020-09-01,3006,35.0,26.4,6.6,1.0,41.0,1.0,0,0,3,3,4,4,5,5,-2.398717879395673,1.1153319798733876,10.158498,10.823601,-21.760078,48.14957,15,2020-09-01,17.96,0.0,84.25,7.04,1.0,239.33,2020,9,1,41.0,0,USA_3006.csv
2020-09-02,3006,43.0,40.0,3.6,1.4,40.0,1.2,0,0,3,3,4,4,5,5,-1.6777870477663868,2.00136810961402,9.764925,8.917449,-25.838491,59.300766,15,2020-09-02,17.23,0.0,85.71,9.07,1.0,268.38,2020,9,2,43.0,0,USA_3006.csv
2020-09-03,3006,39.0,33.4,5.0,1.6,44.0,1.0,0,0,3,3,4,4,5,5,-1.5264043212217344,2.10810496160581,10.799843,10.447987,-11.155401,56.684017,15,2020-09-03,17.97,0.0,88.92,8.83,1.0,204.71,2020,9,3,44.0,0,USA_3006.csv
2020-09-04,3006,49.0,29.8,6.8,2.6,60.0,2.0,2,2,1,1,4,4,8,8,0.6353538093509185,4.713422007331463,13.792573,5.831959,57.2256,48.34783,15,2020-09-04,19.33,0.0,84.79,6.28,1.0,199.29,2020,9,4,60.0,0,USA_3006.csv
2020-09-05,3006,64.0,64.6,7.0,1.0,57.0,1.8,2,2,1,1,4,4,8,8,1.4189673953008521,6.97286318994676,12.472033,7.219198,32.488808,51.080166,15,2020-09-05,21.32,0.0,77.04,7.4,1.0,218.08,2020,9,5,64.6,0,USA_3006.csv
2020-09-06,3006,65.0,47.4,5.0,1.2,47.0,1.4,2,2,1,1,4,4,5,5,0.19326796140453253,4.185836908813963,11.460103,7.7092137,17.799902,55.619392,15,2020-09-06,26.02,0.0,52.04,7.12,1.0,255.75,2020,9,6,65.0,0,USA_3006.csv
2020-09-07,3006,49.0,25.6,7.0,3.8,40.0,1.2,0,0,3,3,4,4,1,1,1.9856004400469998,-0.23774433006028514,11.374484,2.7148385,40.433105,-64.87276,15,2020-09-07,24.37,0.0,65.0,6.09,1.0,244.38,2020,9,7,49.0,0,USA_3006.csv
2020-09-08,3006,82.0,15.2,8.6,1.8,28.0,1.6,0,0,3,3,1,1,10,10,1.2371044774405249,-1.8443253624981095,10.374719,3.1462734,39.283108,-18.098711,15,2020-09-08,20.52,0.0,91.92,3.7,1.0,145.0,2020,9,8,82.0,0,USA_3006.csv
2020-09-09,3006,58.0,23.8,3.6,1.6,31.0,1.0,0,0,3,3,1,1,7,7,-1.4293289086914878,-0.5078503829208244,8.474214,5.3960943,13.170635,-19.218756,15,2020-09-09,21.12,0.0,82.08,8.35,1.0,270.04,2020,9,9,58.0,0,USA_3006.csv
2020-09-10,3006,46.0,31.0,9.0,3.6,16.0,5.6,0,0,3,3,5,5,10,10,1.7855744460524496,-5.005929121953019,8.731652,1.0681577,38.114815,-55.850807,15,2020-09-10,19.49,0.0,83.62,7.72,1.0,266.79,2020,9,10,46.0,0,USA_3006.csv
2020-09-11,3006,42.0,18.0,9.6,3.4,30.0,1.2,0,0,3,3,5,5,1,1,1.435517514496973,-2.9884927203784883,8.11093,2.2455971,28.937708,-42.427925,15,2020-09-11,19.2,0.0,81.79,7.89,1.0,256.33,2020,9,11,42.0,0,USA_3006.csv
2020-09-12,3006,66.0,45.8,11.0,3.6,25.0,2.2,1,1,0,0,5,5,10,10,4.844077490588567,-2.320369328108224,10.595036,2.0513062,50.415916,-20.331203,15,2020-09-12,19.15,0.0,81.79,7.3,1.0,253.04,2020,9,12,66.0,0,USA_3006.csv
2020-09-13,3006,81.0,37.8,5.0,1.0,44.0,1.0,2,2,1,1,4,4,5,5,0.4031463513343395,3.46541591400615,10.493936,7.8451614,57.472713,12.46689,15,2020-09-13,17.83,0.0,86.0,6.8,1.0,219.75,2020,9,13,81.0,0,USA_3006.csv
2020-09-14,3006,89.0,52.2,7.4,2.0,52.0,1.2,2,2,1,1,4,4,8,8,3.6530181585839827,5.242039882159001,12.728576,3.9606416,69.883675,31.118408,15,2020-09-14,17.92,0.0,85.58,6.7,1.0,223.04,2020,9,14,89.0,0,USA_3006.csv
2020-09-15,3006,101.0,34.8,5.0,2.6,51.0,1.8,2,2,1,1,4,4,10,10,3.3515514104524784,4.399622963147005,12.964364,3.9417894,71.5818,35.09393,15,2020-09-15,18.84,0.0,85.08,6.79,1.0,233.5,2020,9,15,101.0,0,USA_3006.csv
2020-09-16,3006,110.0,37.8,3.4,1.2,44.0,1.4,2,2,1,1,4,4,10,10,1.794009727669463,4.169949285913745,11.913658,3.4669366,61.054157,10.3107605,15,2020-09-16,19.27,0.0,80.25,6.87,1.0,242.38,2020,9,16,110.0,0,USA_3006.csv
2020-09-17,3006,77.0,41.0,4.6,1.2,48.0,1.2,2,2,1,1,4,4,5,5,0.45963592652889557,4.339587801760353,11.225968,7.776605,18.424099,55.33569,15,2020-09-17,18.85,0.0,79.0,6.42,1.0,215.88,2020,9,17,77.0,0,USA_3006.csv
2020-09-18,3006,56.0,36.6,6.0,1.8,61.0,1.2,2,2,1,1,4,4,8,8,0.2573023510064834,5.887272223900697,13.804097,7.5144496,42.47992,73.63289,15,2020-09-18,20.48,0.0,72.79,6.12,1.0,243.12,2020,9,18,61.0,0,USA_3006.csv
2020-09-19,3006,67.0,36.8,4.4,1.4,51.0,1.0,2,2,1,1,4,4,5,5,-0.11699283575240892,4.460186979408581,11.378926,8.283214,11.618507,67.252014,15,2020-09-19,20.94,0.0,72.5,6.77,1.0,247.17,2020,9,19,67.0,0,USA_3006.csv
2020-09-20,3006,61.0,40.2,6.6,2.0,44.0,1.2,2,2,1,1,4,4,5,5,1.093977669979629,2.5094518912893604,11.047338,7.692428,3.010753,50.773186,15,2020-09-20,19.3,0.0,81.38,6.15,1.0,179.83,2020,9,20,61.0,0,USA_3006.csv
2020-09-21,3006,50.0,32.4,6.8,1.2,44.0,1.0,0,0,3,3,4,4,5,5,-0.8772481652489567,2.2271023156489846,10.176886,9.107253,-14.642098,49.82167,15,2020-09-21,17.63,0.0,86.38,5.18,1.0,203.96,2020,9,21,50.0,0,USA_3006.csv
2020-09-22,3006,47.0,38.0,5.0,1.8,48.0,1.0,2,2,1,1,4,4,5,5,-0.5449871600782695,3.238025302146903,11.336655,8.368438,9.783193,56.57992,15,2020-09-22,17.02,0.0,88.83,6.17,1.0,221.42,2020,9,22,48.0,0,USA_3006.csv
2020-09-23,3006,52.0,46.6,5.2,2.4,44.0,1.2,2,2,1,1,4,4,5,5,0.9727387716878574,2.6635979184024756,11.149416,7.5411897,11.737339,52.00201,15,2020-09-23,18.2,0.0,85.38,6.49,1.0,170.42,2020,9,23,52.0,0,USA_3006.csv
2020-09-24,3006,50.0,33.6,10.4,3.0,53.0,1.2,2,2,1,1,4,4,8,8,2.5911061880420396,2.8093486722168945,12.617634,5.0132756,47.179478,33.671097,15,2020-09-24,19.3,0.0,73.04,6.5,1.0,192.54,2020,9,24,53.0,0,USA_3006.csv
2020-09-25,3006,64.0,46.2,7.8,2.4,49.0,1.2,2,2,1,1,4,4,8,8,2.489261945367414,3.5650131095242616,12.13618,7.1748376,15.216049,52.16173,15,2020-09-25,19.42,0.0,80.62,5.15,1.0,258.29,2020,9,25,64.0,0,USA_3006.csv
2020-09-26,3006,58.0,43.4,3.8,1.2,47.0,2.2,2,2,1,1,4,4,5,5,-0.9051666412491775,4.012489168574103,11.206231,8.495298,15.908196,55.880928,15,2020-09-26,19.23,0.0,84.71,5.29,1.0,203.62,2020,9,26,58.0,0,USA_3006.csv
2020-09-27,3006,59.0,27.4,4.2,1.0,43.0,1.0,0,0,3,3,4,4,5,5,-1.6863449722553678,2.3757964065946893,9.216722,8.683411,-15.4740925,59.672924,15,2020-09-27,19.18,0.0,87.17,4.58,1.0,227.5,2020,9,27,59.0,0,USA_3006.csv
2020-09-28,3006,63.0,25.0,5.0,1.8,40.0,1.0,0,0,3,3,4,4,5,5,-0.3404980979344351,1.2241602565043812,8.982925,7.440059,-7.7804656,27.633204,15,2020-09-28,18.75,0.0,89.04,5.37,1.0,205.42,2020,9,28,63.0,0,USA_3006.csv
2020-09-29,3006,54.0,30.2,5.6,1.8,43.0,1.0,0,0,3,3,4,4,5,5,-0.3873343251047429,1.8573078951889679,10.391688,8.251848,-1.221595,49.036415,15,2020-09-29,18.84,0.0,87.42,8.45,1.0,257.25,2020,9,29,54.0,0,USA_3006.csv
2020-09-30,3006,33.0,31.6,6.4,1.6,49.0,1.0,2,2,3,3,4,4,5,5,-1.5091737478947764,2.7351586312038147,11.803842,10.738234,0.9097509,84.272804,15,2020-09-30,22.36,0.0,58.29,8.38,1.0,218.25,2020,9,30,49.0,0,USA_3006.csv
2020-10-01,3006,49.0,41.8,15.4,1.4,59.0,2.2,2,2,1,1,0,0,8,8,2.422860683200837,4.582892158111247,14.095962,6.719293,42.23999,62.405907,15,2020-10-01,24.58,0.0,46.54,8.43,1.0,148.79,2020,10,1,59.0,0,USA_3006.csv
2020-10-02,3006,82.0,46.4,9.8,4.6,81.0,2.0,2,2,1,1,0,0,3,3,6.993579576679795,9.215239104423695,14.892011,3.9655535,78.82336,45.692432,15,2020-10-02,24.04,0.0,41.62,5.85,1.0,136.83,2020,10,2,82.0,0,USA_3006.csv
2020-10-03,3006,81.0,48.4,10.2,4.8,81.0,2.0,2,2,1,1,0,0,3,3,7.41744637818662,9.152885985129059,14.967848,3.9364953,78.823906,45.73795,15,2020-10-03,23.04,0.0,50.96,6.0,1.0,124.33,2020,10,3,81.0,0,USA_3006.csv
2020-10-04,3006,109.0,60.6,9.2,3.8,63.0,1.4,2,2,1,1,0,0,11,11,8.116634044335317,7.2541370924250765,14.094989,3.3132312,78.50676,34.52278,15,2020-10-04,21.93,0.0,64.38,5.92,1.0,134.46,2020,10,4,109.0,0,USA_3006.csv
2020-10-05,3006,107.0,47.6,9.8,3.0,61.0,1.2,2,2,1,1,0,0,8,8,6.5098867981822774,6.4117416438294965,13.170527,3.7104573,77.25003,35.583363,15,2020-10-05,21.02,0.0,78.29,5.59,1.0,228.29,2020,10,5,107.0,0,USA_3006.csv
2020-10-06,3006,100.0,41.4,5.4,1.4,54.0,2.0,2,2,1,1,4,4,8,8,2.2504989942719593,5.8705841563191,12.646706,3.8408654,70.86502,32.72904,15,2020-10-06,20.16,0.0,78.29,5.6,1.0,195.21,2020,10,6,100.0,0,USA_3006.csv
2020-10-07,3006,87.0,39.6,5.0,3.0,51.0,1.2,2,2,1,1,4,4,8,8,3.368827438600423,4.169322582276565,13.018446,4.3186326,55.318386,32.552986,15,2020-10-07,19.02,0.0,84.75,5.43,1.0,219.08,2020,10,7,87.0,0,USA_3006.csv
2020-10-08,3006,71.0,39.8,5.8,1.4,41.0,1.2,2,2,3,3,4,4,5,5,0.6376206387128767,2.463492509273118,9.754285,7.9610915,-6.322459,45.34428,15,2020-10-08,18.33,0.0,83.38,7.31,1.0,140.25,2020,10,8,71.0,0,USA_3006.csv
2020-10-09,3006,78.0,46.8,5.0,1.6,39.0,1.0,2,2,1,1,4,4,5,5,1.4336865774901681,2.568747000124099,9.910812,7.6833186,55.908173,12.059764,15,2020-10-09,17.88,0.0,82.92,9.4,1.0,149.25,2020,10,9,78.0,0,USA_3006.csv
2020-10-10,3006,69.0,19.0,5.0,1.0,36.0,1.0,0,0,3,3,4,4,5,5,-1.332915561004929,0.585641431205937,8.2605915,7.6677203,14.110562,-13.310619,15,2020-10-10,18.24,0.0,84.04,7.58,1.0,143.5,2020,10,10,69.0,0,USA_3006.csv
2020-10-11,3006,55.0,17.2,5.0,2.0,37.0,1.0,0,0,3,3,1,1,5,5,-0.9842883850857003,-0.06077029014042078,8.634323,6.8501787,-9.240245,26.507967,15,2020-10-11,18.78,0.0,82.25,8.1,1.0,155.58,2020,10,11,55.0,0,USA_3006.csv
2020-10-12,3006,49.0,38.4,5.6,1.4,42.0,1.4,0,0,3,3,4,4,5,5,-0.8030732667701346,2.1872984530620685,10.250327,8.738752,-7.919238,54.10708,15,2020-10-12,19.9,0.0,71.42,5.9,1.0,165.71,2020,10,12,49.0,0,USA_3006.csv
2020-10-13,3006,43.0,35.2,4.6,1.6,45.0,1.0,0,0,3,3,4,4,5,5,-1.317797459506549,2.54175041633428,10.557606,9.341017,-9.946044,54.999096,15,2020-10-13,22.56,0.0,53.08,7.23,1.0,133.62,2020,10,13,45.0,0,USA_3006.csv
2020-10-14,3006,45.0,37.8,9.0,1.8,53.0,1.0,2,2,1,1,4,4,8,8,0.6032992177310148,3.6854358481536686,12.915276,7.078514,30.807613,64.01161,15,2020-10-14,22.5,0.0,44.71,6.03,1.0,112.67,2020,10,14,53.0,0,USA_3006.csv
2020-10-15,3006,49.0,35.6,10.0,3.2,64.0,1.0,2,2,1,1,0,0,8,8,2.8452377964009705,5.108540487607405,13.793393,5.3027267,48.62163,39.38562,15,2020-10-15,22.64,0.0,49.25,6.07,1.0,137.83,2020,10,15,64.0,0,USA_3006.csv
2020-10-16,3006,50.0,24.8,9.4,2.6,31.0,1.0,0,0,3,3,1,1,1,1,1.2261899579411153,-1.85957860117125,8.809035,3.2731287,26.674786,-36.01549,15,2020-10-16,23.23,0.0,55.04,6.08,1.0,224.17,2020,10,16,50.0,0,USA_3006.csv
2020-10-17,3006,21.0,18.6,3.2,2.0,42.0,1.0,0,0,3,3,1,1,7,7,-3.4311717721237924,0.6010592855962699,4.1176243,13.398905,-38.41497,33.89427,15,2020-10-17,21.93,0.0,54.71,6.63,1.0,214.46,2020,10,17,42.0,0,USA_3006.csv
2020-10-18,3006,38.0,35.0,5.6,3.2,44.0,1.2,0,0,3,3,4,4,5,5,0.6709491358222349,1.3347638616027668,0.9212952,-1.3126022,32.742058,11.0307255,15,2020-10-18,19.92,0.0,70.67,5.74,1.0,131.54,2020,10,18,44.0,0,USA_3006.csv
2020-10-19,3006,50.0,24.2,6.4,2.4,34.0,1.2,0,0,3,3,1,1,5,5,-0.005580815249956023,-0.7773912941667223,8.299702,5.7273526,11.407589,-15.292616,15,2020-10-19,17.72,0.0,85.46,5.32,1.0,148.38,2020,10,19,50.0,0,USA_3006.csv
2020-10-20,3006,53.0,27.2,5.0,1.2,37.0,1.0,0,0,3,3,4,4,5,5,-1.5754608238805197,0.8111596848998455,8.2079115,8.129824,-13.741903,35.725506,15,2020-10-20,17.22,0.0,91.29,6.67,1.0,147.96,2020,10,20,53.0,0,USA_3006.csv
2020-10-21,3006,58.0,30.2,3.2,1.2,42.0,1.0,0,0,3,3,4,4,5,5,-1.662791085577771,2.335702047103717,9.213696,8.665795,-16.400677,60.776695,15,2020-10-21,16.97,0.0,87.42,6.52,1.0,145.62,2020,10,21,58.0,0,USA_3006.csv
2020-10-22,3006,64.0,37.2,7.6,1.0,39.0,1.0,0,0,3,3,4,4,5,5,0.16788768818488492,1.7228033210609588,9.254402,7.715108,2.7926555,16.099964,15,2020-10-22,17.99,0.0,84.0,5.91,1.0,183.75,2020,10,22,64.0,0,USA_3006.csv
2020-10-23,3006,68.0,17.4,7.8,2.4,32.0,1.6,0,0,3,3,1,1,10,10,1.060244760023523,-1.3654154908085416,9.211543,4.168319,28.7507,-21.607872,15,2020-10-23,17.7,0.0,87.12,6.8,1.0,161.42,2020,10,23,68.0,0,USA_3006.csv
2020-10-24,3006,52.0,31.0,11.2,2.6,25.0,2.4,0,0,3,3,5,5,1,1,2.024280376381868,-2.9284146511379108,9.0370865,3.4318357,26.108665,-31.817032,15,2020-10-24,17.97,0.0,82.0,5.77,1.0,253.79,2020,10,24,52.0,0,USA_3006.csv
2020-10-25,3006,36.0,23.4,6.2,2.6,26.0,1.0,0,0,3,3,1,1,1,1,-0.689989164196686,-2.816851839562877,6.574346,3.9409559,-6.492058,-40.82291,15,2020-10-25,17.34,0.0,75.58,10.8,1.0,283.71,2020,10,25,36.0,0,USA_3006.csv
2020-10-26,3006,35.0,21.0,4.4,1.6,34.0,1.4,0,0,3,3,1,1,7,7,-2.7056714374330584,-0.5947416355162144,21.470198,6.5836477,-27.212479,-25.050837,15,2020-10-26,17.08,0.0,53.21,15.34,1.0,128.58,2020,10,26,35.0,0,USA_3006.csv
2020-10-27,3006,57.0,19.2,3.8,2.8,34.0,1.0,0,0,3,3,1,1,10,10,-0.14724611235853818,-0.7542980051155254,8.707622,3.781595,24.594145,-16.75095,15,2020-10-27,16.18,0.0,48.71,8.79,1.0,122.54,2020,10,27,57.0,0,USA_3006.csv
2020-10-28,3006,33.0,22.8,4.8,1.8,38.0,1.0,0,0,3,3,1,1,7,7,-2.2793812889077265,0.12464719979590169,-0.21935257,2.831535,-24.628744,21.22087,15,2020-10-28,16.25,0.0,54.46,7.65,1.0,168.12,2020,10,28,38.0,0,USA_3006.csv
2020-10-29,3006,35.0,12.2,5.6,1.6,33.0,1.8,0,0,3,3,1,1,7,7,-2.853295145261867,-1.4158270978114256,3.7686913,6.162277,-23.717634,-35.927635,15,2020-10-29,15.15,0.0,58.83,6.33,1.0,135.38,2020,10,29,35.0,0,USA_3006.csv
2020-10-30,3006,35.0,22.6,7.4,2.0,36.0,1.0,0,0,3,3,1,1,7,7,-1.119190408450035,-0.6967398320573976,17.6874,8.665886,-2.3234088,-32.284412,15,2020-10-30,16.44,0.0,58.04,6.12,1.0,134.17,2020,10,30,36.0,0,USA_3006.csv
2020-10-31,3006,27.0,19.6,7.8,1.0,34.0,1.0,0,0,3,3,1,1,7,7,-2.885307807381839,-1.0020143263982584,1.7801563,12.428623,-26.761786,-48.8079,15,2020-10-31,16.68,0.0,55.46,5.21,1.0,152.17,2020,10,31,34.0,0,USA_3006.csv
2020-11-01,3006,28.0,15.4,4.4,1.6,33.0,1.0,0,0,3,3,1,1,7,7,-3.3642531502998274,-1.2463782254201468,3.236989,15.111813,-37.358677,-31.210405,15,2020-11-01,17.84,0.0,53.92,5.08,1.0,173.12,2020,11,1,33.0,0,USA_3006.csv
2020-11-02,3006,27.0,22.2,3.6,2.4,37.0,1.0,0,0,3,3,1,1,7,7,-2.2879396912571544,-0.35980854855672834,7.8614483,9.63413,-84.36018,68.915016,15,2020-11-02,17.53,0.0,55.92,5.71,1.0,144.67,2020,11,2,37.0,0,USA_3006.csv
2020-11-03,3006,38.0,20.4,2.4,1.4,39.0,1.0,0,0,3,3,1,1,7,7,-3.3626419289446665,0.8113285366580664,7.246554,9.794024,-63.53753,23.216616,15,2020-11-03,16.2,0.0,80.62,5.7,1.0,162.92,2020,11,3,39.0,0,USA_3006.csv
2020-11-04,3006,51.0,28.4,4.6,1.8,35.0,1.2,0,0,3,3,1,1,5,5,-1.0358801290772575,0.19532901264622793,8.660638,7.5504465,-7.1535854,29.85613,15,2020-11-04,16.42,0.0,66.96,5.55,1.0,135.21,2020,11,4,51.0,0,USA_3006.csv
2020-11-05,3006,45.0,15.4,7.2,3.4,28.0,1.0,0,0,3,3,1,1,1,1,0.7380827467175035,-3.1645539265311196,8.047295,2.4114368,24.30266,-42.93729,15,2020-11-05,19.32,0.0,51.67,6.48,1.0,130.54,2020,11,5,45.0,0,USA_3006.csv
2020-11-06,3006,26.0,21.8,5.2,1.6,32.0,1.6,0,0,3,3,1,1,7,7,-2.9737526270123036,-1.2439197907171355,16.994343,12.139821,-43.424072,-18.256227,15,2020-11-06,18.94,0.0,55.5,7.37,1.0,233.46,2020,11,6,32.0,0,USA_3006.csv
2020-11-07,3006,42.0,18.0,9.6,3.4,30.0,1.2,0,0,3,3,5,5,1,1,1.435517514496973,-2.9884927203784883,8.103716,2.244926,28.939648,-42.426983,15,2020-11-07,13.78,0.0,67.62,24.71,1.0,271.33,2020,11,7,42.0,0,USA_3006.csv
2020-11-08,3006,18.0,8.6,4.6,4.0,28.0,1.4,0,0,3,3,1,1,1,1,-1.3081801412931733,-3.9959371349014936,-1.0318137,4.181838,28.291677,-94.16645,15,2020-11-08,13.35,0.0,60.46,24.82,1.0,279.46,2020,11,8,28.0,0,USA_3006.csv
2020-11-09,3006,29.0,17.8,4.0,1.8,29.0,1.6,0,0,3,3,1,1,7,7,-3.1497569258581777,-1.9491570964416425,4.506664,6.6912923,-39.415443,-35.831726,15,2020-11-09,10.73,0.0,59.79,13.51,1.0,229.21,2020,11,9,29.0,0,USA_3006.csv
2020-11-10,3006,19.0,11.2,7.2,1.4,30.0,1.0,0,0,3,3,1,1,7,7,-3.502344112759793,-2.540257293985951,19.275984,3.2135668,-15.400612,-96.54545,15,2020-11-10,11.3,0.0,54.17,9.56,1.0,128.54,2020,11,10,30.0,0,USA_3006.csv
2020-11-11,3006,14.0,10.8,4.6,1.8,31.0,9.4,0,0,2,2,3,3,0,0,-5.201799133448047,-2.0985799907494544,15.781602,-8.251331,-78.5478,-74.57428,15,2020-11-11,12.28,0.0,59.54,7.68,1.0,143.42,2020,11,11,31.0,0,USA_3006.csv
2020-11-12,3006,20.0,28.4,4.0,1.8,38.0,1.0,0,0,3,3,1,1,7,7,-2.99097740291451,0.26807086754912013,7.746445,11.109958,-38.92748,29.724983,15,2020-11-12,12.98,0.0,63.0,6.58,1.0,136.71,2020,11,12,38.0,0,USA_3006.csv
2020-11-13,3006,31.0,30.4,5.0,1.6,40.0,1.0,0,0,3,3,4,4,5,5,-2.171896538129253,0.9675357701613431,12.131566,-4.868386,-29.09479,46.396564,15,2020-11-13,12.14,0.0,72.67,5.98,1.0,127.5,2020,11,13,40.0,0,USA_3006.csv
2020-11-14,3006,39.0,24.0,7.2,1.6,38.0,1.2,0,0,3,3,1,1,5,5,-1.3922679176881878,0.09047874169237945,8.362588,6.7353954,-19.06222,13.742839,15,2020-11-14,12.97,0.0,74.08,7.0,1.0,141.71,2020,11,14,39.0,0,USA_3006.csv
2020-11-15,3006,37.0,22.6,8.6,2.6,32.0,1.0,0,0,3,3,1,1,1,1,0.10617228411216985,-1.9240700840574245,6.960267,3.4321952,17.559093,-53.13719,15,2020-11-15,15.88,0.0,49.12,5.75,1.0,143.29,2020,11,15,37.0,0,USA_3006.csv
2020-11-16,3006,26.0,18.0,7.8,2.2,33.0,1.4,0,0,3,3,1,1,7,7,-1.5781133129974012,-1.8752661455709032,3.1321867,2.8649797,-7.3560214,-48.013966,15,2020-11-16,19.27,0.0,37.25,11.28,1.0,94.21,2020,11,16,33.0,0,USA_3006.csv
2020-11-17,3006,16.0,12.0,4.0,1.8,36.0,1.0,0,0,3,3,1,1,7,7,-4.103406905142334,-1.0919391567029573,3.8366525,16.038803,-68.30759,-34.058315,15,2020-11-17,17.5,0.0,45.46,7.39,1.0,136.17,2020,11,17,36.0,0,USA_3006.csv
2020-11-18,3006,24.0,19.6,5.6,2.0,27.0,1.6,0,0,3,3,1,1,7,7,-2.6045304847618693,-2.671768806167953,2.7852006,5.4347625,-24.021025,-68.934,15,2020-11-18,14.05,0.0,91.21,6.1,1.0,230.71,2020,11,18,27.0,0,USA_3006.csv
2020-11-19,3006,24.0,20.8,6.2,3.0,29.0,1.4,0,0,3,3,1,1,1,1,-1.0620190529745306,-2.7587175116103713,5.537784,2.1457567,16.40917,-77.017426,15,2020-11-19,13.82,0.0,83.42,5.25,1.0,144.0,2020,11,19,29.0,0,USA_3006.csv
2020-11-20,3006,30.0,22.8,6.4,1.8,28.0,1.2,0,0,3,3,1,1,7,7,-2.0295193324113643,-2.1971567334135766,1.037632,10.122855,-9.503564,-37.371487,15,2020-11-20,14.58,0.0,61.96,5.25,1.0,120.67,2020,11,20,30.0,0,USA_3006.csv
2020-11-21,3006,26.0,32.8,4.6,1.6,30.0,1.4,0,0,3,3,1,1,7,7,-2.5625725644578297,-0.9973111848154027,13.0205345,13.709903,-31.31951,-1.0104259,15,2020-11-21,15.96,0.0,51.38,6.98,1.0,143.46,2020,11,21,32.8,0,USA_3006.csv
2020-11-22,3006,23.0,27.2,7.8,1.4,31.0,11.4,0,0,2,2,3,3,0,0,-3.566730353975254,-1.2340813550703058,17.341593,-6.0060225,-71.84161,-53.764275,15,2020-11-22,14.83,0.0,59.0,6.78,1.0,220.0,2020,11,22,31.0,0,USA_3006.csv
2020-11-23,3006,16.0,14.0,6.6,2.2,30.0,1.2,0,0,3,3,1,1,7,7,-2.737760434164276,-2.7492073157963794,1.6429964,4.470461,-33.13024,-77.90165,15,2020-11-23,12.41,0.0,70.25,5.82,1.0,116.08,2020,11,23,30.0,0,USA_3006.csv
2020-11-24,3006,31.0,20.8,5.8,1.4,33.0,1.4,0,0,3,3,1,1,7,7,-2.767934014351645,-0.9805299613252298,0.7544362,4.5594044,-27.300974,-38.294434,15,2020-11-24,12.3,0.0,71.71,6.88,1.0,104.46,2020,11,24,33.0,0,USA_3006.csv
2020-11-25,3006,21.0,12.4,4.8,1.8,34.0,1.6,0,0,3,3,1,1,7,7,-3.6275800853841673,-1.473364330653687,-1.8993689,10.641566,-44.244663,-61.1563,15,2020-11-25,12.75,0.0,72.12,6.06,1.0,132.67,2020,11,25,34.0,0,USA_3006.csv
2020-11-26,3006,27.0,19.0,3.8,1.8,28.0,1.6,0,0,3,3,1,1,7,7,-3.2703167567828455,-2.1044667991785837,4.4984446,6.70224,-39.406284,-35.691185,15,2020-11-26,12.35,0.0,67.0,5.02,1.0,86.29,2020,11,26,28.0,0,USA_3006.csv
2020-11-27,3006,22.0,19.0,4.0,1.8,29.0,1.0,0,0,3,3,1,1,7,7,-3.41724091400328,-2.03973587539825,2.3582766,7.7554955,-45.04744,-41.453583,15,2020-11-27,13.09,0.0,42.62,7.93,1.0,97.58,2020,11,27,29.0,0,USA_3006.csv
2020-11-28,3006,14.0,14.4,3.4,3.4,32.0,1.0,0,0,3,3,1,1,7,7,-2.2913321623972496,-2.5107937397795506,-0.473696,5.3790917,20.753645,-102.417046,15,2020-11-28,12.87,0.0,47.04,5.45,1.0,128.0,2020,11,28,32.0,0,USA_3006.csv
2020-11-29,3006,15.0,14.2,5.0,2.2,28.0,1.4,0,0,3,3,1,1,7,7,-3.3214393934030704,-2.952862829705125,20.557816,12.813482,-23.428944,-83.01557,15,2020-11-29,13.13,0.0,47.62,6.61,1.0,173.38,2020,11,29,28.0,0,USA_3006.csv
2020-11-30,3006,17.0,17.8,4.8,2.6,28.0,1.4,0,0,3,3,1,1,7,7,-2.5742703420943673,-2.8865873388522467,-5.72982,11.6300955,12.394407,-96.94466,15,2020-11-30,13.98,0.0,48.83,6.46,1.0,145.42,2020,11,30,28.0,0,USA_3006.csv
2020-12-01,3006,17.0,15.2,6.2,1.6,30.0,1.2,0,0,3,3,1,1,7,7,-3.494284362011633,-2.3263458950335325,-0.6922256,-1.1531166,-34.96428,-92.51875,15,2020-12-01,14.18,0.0,40.79,7.65,1.0,127.42,2020,12,1,30.0,0,USA_3006.csv
2020-12-02,3006,21.0,12.4,4.8,1.8,34.0,1.6,0,0,3,3,1,1,7,7,-3.6275800853841673,-1.473364330653687,-1.8991019,10.641758,-44.24444,-61.156326,15,2020-12-02,14.42,0.0,45.04,5.69,1.0,182.08,2020,12,2,34.0,0,USA_3006.csv
2020-12-03,3006,10.0,10.6,6.2,1.8,33.0,11.0,0,0,2,2,3,3,0,0,-5.1413757579824235,-1.950988720140094,16.671711,-9.161356,-80.567955,-87.04391,15,2020-12-03,17.76,0.0,22.46,17.77,1.0,107.54,2020,12,3,33.0,0,USA_3006.csv
2020-12-04,3006,25.0,13.0,3.4,2.4,34.0,1.0,0,0,3,3,1,1,7,7,-2.9696273915584803,-1.477332246814802,9.769767,22.9686,-45.380188,-32.25505,15,2020-12-04,13.09,0.0,41.0,7.57,1.0,151.21,2020,12,4,34.0,0,USA_3006.csv
2020-12-05,3006,17.0,14.8,4.6,2.0,32.0,1.0,0,0,3,3,1,1,7,7,-3.477831628509438,-1.9204701984627155,1.1933869,7.280644,-59.45833,-41.55913,15,2020-12-05,12.84,0.0,44.29,6.1,1.0,160.46,2020,12,5,32.0,0,USA_3006.csv
2020-12-06,3006,17.0,13.2,4.0,2.0,34.0,1.0,0,0,3,3,1,1,7,7,-3.7402940110565894,-1.514838506835491,0.23233788,7.2318583,-63.0224,-37.897274,15,2020-12-06,12.62,0.0,50.29,5.38,1.0,154.58,2020,12,6,34.0,0,USA_3006.csv
2020-12-07,3006,18.0,14.0,4.2,2.8,31.0,1.2,0,0,3,3,1,1,7,7,-2.6131709977244144,-2.4724181997672896,-0.83735603,5.620701,17.447926,-101.67706,15,2020-12-07,14.82,0.0,45.75,15.9,1.0,98.46,2020,12,7,31.0,0,USA_3006.csv
2020-12-08,3006,27.0,15.0,5.2,2.0,31.0,10.0,0,0,2,2,3,3,0,0,-3.859428468184148,-1.7770029500957323,15.980292,-6.6816845,-69.280045,-59.586937,15,2020-12-08,22.81,0.0,11.5,23.38,1.0,64.12,2020,12,8,31.0,0,USA_3006.csv
2020-12-09,3006,19.0,15.2,5.4,3.0,29.0,1.0,0,0,3,3,1,1,7,7,-1.8491151854310997,-3.059045663265369,-0.5634637,4.8096275,18.159597,-97.77996,15,2020-12-09,17.66,0.0,23.33,10.61,1.0,94.71,2020,12,9,29.0,0,USA_3006.csv
2020-12-10,3006,26.0,32.8,4.6,1.6,30.0,1.4,0,0,3,3,1,1,7,7,-2.5625725644578297,-0.9973111848154027,13.020679,13.71047,-31.320238,-1.010312,15,2020-12-10,13.04,0.0,58.79,8.38,1.0,123.5,2020,12,10,32.8,0,USA_3006.csv
2020-12-11,3006,32.0,20.8,4.6,2.2,32.0,1.0,0,0,3,3,1,1,7,7,-2.033805687769759,-1.398715094514823,15.770621,12.033728,-30.105316,-31.880322,15,2020-12-11,11.02,0.0,78.29,5.68,1.0,140.67,2020,12,11,32.0,0,USA_3006.csv
2020-12-12,3006,45.0,10.0,3.4,3.0,29.0,1.0,0,0,3,3,1,1,7,7,-1.2335518185710352,-2.5512542007799968,8.52391,3.3574812,24.141466,-18.335157,15,2020-12-12,11.48,0.0,80.54,10.98,1.0,180.92,2020,12,12,45.0,0,USA_3006.csv
2020-12-13,3006,34.0,13.6,6.2,1.6,31.0,1.2,0,0,3,3,1,1,7,7,-2.582552992921014,-1.8665615153725423,3.7592516,6.1574936,-23.586374,-36.924355,15,2020-12-13,13.04,0.0,73.12,8.37,1.0,163.21,2020,12,13,34.0,0,USA_3006.csv
2020-12-14,3006,19.0,15.2,5.4,3.0,29.0,1.0,0,0,3,3,1,1,7,7,-1.8491151854310997,-3.059045663265369,-0.54910666,4.8284774,18.162785,-97.779785,15,2020-12-14,13.55,0.0,71.12,13.38,1.0,284.08,2020,12,14,29.0,0,USA_3006.csv
2020-12-15,3006,17.0,25.6,4.8,2.2,29.0,1.2,0,0,3,3,1,1,7,7,-2.6324272490469167,-2.0816249122796693,2.4562275,5.73064,-32.41314,-45.84567,15,2020-12-15,11.96,0.0,47.38,10.15,1.0,138.04,2020,12,15,29.0,0,USA_3006.csv
2020-12-16,3006,16.0,14.0,6.6,2.2,30.0,1.2,0,0,3,3,1,1,7,7,-2.737760434164276,-2.7492073157963794,1.6436545,4.4695506,-33.131325,-77.901634,15,2020-12-16,13.04,0.0,45.08,6.78,1.0,135.62,2020,12,16,30.0,0,USA_3006.csv
2020-12-17,3006,17.0,24.2,2.6,1.2,31.0,1.2,0,0,3,3,1,1,7,7,-4.6402002159756774,-0.9763009426699938,4.398779,11.398355,-82.85276,27.963953,15,2020-12-17,13.38,0.0,59.33,12.85,1.0,215.17,2020,12,17,31.0,0,USA_3006.csv
2020-12-18,3006,18.0,19.8,4.0,2.6,32.0,1.0,0,0,3,3,1,1,7,7,-2.58873347028458,-1.8424312702603851,-0.6777942,6.308918,16.18868,-105.25198,15,2020-12-18,12.34,0.0,56.67,11.29,1.0,186.96,2020,12,18,32.0,0,USA_3006.csv
2020-12-19,3006,23.0,22.6,4.8,1.8,32.0,11.0,0,0,2,2,3,3,0,0,-4.189849234671938,-1.0758073629890699,17.211756,-6.465202,-72.84382,-57.920708,15,2020-12-19,12.47,0.0,49.58,7.44,1.0,133.21,2020,12,19,32.0,0,USA_3006.csv
2020-12-20,3006,10.0,10.6,6.2,1.8,33.0,11.0,0,0,2,2,3,3,0,0,-5.1413757579824235,-1.950988720140094,16.670687,-9.160996,-80.567955,-87.04391,15,2020-12-20,13.31,0.0,43.42,5.95,1.0,121.83,2020,12,20,33.0,0,USA_3006.csv
2020-12-21,3006,14.0,17.6,4.0,1.6,30.0,1.0,0,0,3,3,1,1,7,7,-4.204212765033551,-1.9725599835885819,1.904146,7.444204,-55.941025,-49.22437,15,2020-12-21,13.56,0.0,46.67,5.61,1.0,148.96,2020,12,21,30.0,0,USA_3006.csv
2020-12-22,3006,12.0,14.2,8.6,2.2,25.0,1.4,0,0,3,3,1,1,1,1,-2.3857077153215287,-4.105825250255854,3.8188832,3.2301488,-0.32144466,-84.02299,15,2020-12-22,12.75,0.0,54.79,6.06,1.0,130.67,2020,12,22,25.0,0,USA_3006.csv
2020-12-23,3006,28.0,15.4,4.4,1.6,33.0,1.0,0,0,3,3,1,1,7,7,-3.3642531502998274,-1.2463782254201468,3.2367299,15.112401,-37.35859,-31.210522,15,2020-12-23,12.92,0.0,45.29,11.62,1.0,103.58,2020,12,23,33.0,0,USA_3006.csv
2020-12-24,3006,29.0,15.4,4.8,1.6,31.0,1.6,0,0,3,3,1,1,7,7,-3.268003292036827,-1.6758309446854274,4.7722287,6.695191,-35.025352,-35.87601,15,2020-12-24,17.4,0.0,11.83,27.62,1.0,79.42,2020,12,24,31.0,0,USA_3006.csv
2020-12-25,3006,15.0,10.8,4.2,1.2,31.0,1.0,0,0,3,3,1,1,7,7,-4.941027287314938,-1.943103670185884,2.6274993,10.152236,-84.76729,-16.937319,15,2020-12-25,13.68,0.0,50.96,9.26,1.0,97.38,2020,12,25,31.0,0,USA_3006.csv
2020-12-26,3006,12.0,23.8,13.2,1.8,29.0,1.0,0,0,3,3,1,1,1,1,-0.8695268211431167,-3.202842449252677,5.3472505,2.925508,9.459228,-67.29391,15,2020-12-26,11.88,0.0,68.96,6.99,1.0,151.42,2020,12,26,29.0,0,USA_3006.csv
2020-12-27,3006,16.0,19.8,8.4,1.6,29.0,1.2,0,0,3,3,1,1,7,7,-2.6259060417382134,-2.5992556004378735,1.9572799,21.557528,-1.5771013,-98.161934,15,2020-12-27,12.85,0.0,66.33,7.66,1.0,138.38,2020,12,27,29.0,0,USA_3006.csv
2020-12-28,3006,17.0,17.8,4.8,2.6,28.0,1.4,0,0,3,3,1,1,7,7,-2.5742703420943673,-2.8865873388522467,-5.7298293,11.630112,12.394411,-96.94463,15,2020-12-28,10.43,0.0,92.5,9.6,1.0,186.58,2020,12,28,28.0,0,USA_3006.csv
2020-12-29,3006,10.0,6.8,2.2,1.4,31.0,1.0,0,0,3,3,1,1,7,7,-5.818876946761713,-2.085500394042338,3.645578,10.192932,-97.63071,8.211572,15,2020-12-29,8.19,0.0,86.12,7.93,1.0,95.71,2020,12,29,31.0,0,USA_3006.csv
2020-12-30,3006,16.0,19.8,8.4,1.6,29.0,1.2,0,0,3,3,1,1,7,7,-2.6259060417382134,-2.5992556004378735,1.9570116,21.559095,-1.5770948,-98.16185,15,2020-12-30,8.83,0.0,71.88,6.4,1.0,94.79,2020,12,30,29.0,0,USA_3006.csv
2020-12-31,3006,13.0,21.6,2.8,2.2,32.0,9.4,0,0,2,2,3,3,0,0,-4.743325802936732,-1.293198240104669,16.084534,-8.867215,-70.41607,-76.9248,15,2020-12-31,10.2,0.0,68.62,9.63,1.0,174.46,2020,12,31,32.0,0,USA_3006.csv
2021-01-01,3006,17.0,24.2,2.6,1.2,31.0,1.2,0,0,3,3,1,1,7,7,-4.6402002159756774,-0.9763009426699938,4.3909254,11.400291,-82.85278,27.964148,15,2021-01-01,10.44,0.0,65.67,7.95,1.0,135.12,2021,1,1,31.0,0,USA_3006.csv
2021-01-02,3006,17.0,14.6,5.2,1.6,27.0,1.4,0,0,3,3,1,1,7,7,-3.8794013920365327,-2.8373926249423698,2.9676201,6.3180485,-50.601013,-60.057266,15,2021-01-02,10.34,0.0,72.71,6.38,1.0,150.25,2021,1,2,27.0,0,USA_3006.csv
2021-01-03,3006,20.0,9.2,4.8,2.0,28.0,1.0,0,0,3,3,1,1,7,7,-3.5569888896554174,-3.005912639203248,1.6717924,6.911675,-21.971306,-79.35191,15,2021-01-03,11.13,0.0,76.33,5.79,1.0,140.08,2021,1,3,28.0,0,USA_3006.csv
2021-01-04,3006,38.0,25.2,7.6,3.6,25.0,1.6,0,0,3,3,5,5,1,1,1.1332622681092943,-3.535110818753146,7.7399106,1.933051,26.355095,-46.22635,15,2021-01-04,10.76,0.0,86.29,5.53,1.0,182.04,2021,1,4,38.0,0,USA_3006.csv
2021-01-05,3006,36.0,19.2,9.2,3.2,29.0,3.2,0,0,3,3,1,1,1,1,0.510632292562614,-3.0531374075217292,7.5399814,3.0421762,19.936602,-48.040005,15,2021-01-05,10.37,0.0,79.46,5.05,1.0,86.33,2021,1,5,36.0,0,USA_3006.csv
2021-01-06,3006,18.0,15.0,6.4,1.6,30.0,1.2,0,0,3,3,1,1,7,7,-3.384022462076649,-2.3434791348682262,-0.6900783,-1.151117,-34.971775,-92.51295,15,2021-01-06,11.62,0.0,69.54,4.29,1.0,175.12,2021,1,6,30.0,0,USA_3006.csv
2021-01-07,3006,19.0,15.0,6.2,2.4,32.0,1.6,0,0,3,3,1,1,7,7,-2.4252544058305605,-2.258158801220887,11.884853,15.694352,-33.69038,-74.850746,15,2021-01-07,11.28,0.0,67.0,6.2,1.0,117.92,2021,1,7,32.0,0,USA_3006.csv
2021-01-08,3006,17.0,15.2,6.2,1.6,30.0,1.2,0,0,3,3,1,1,7,7,-3.494284362011633,-2.3263458950335325,-0.6936568,-1.1546079,-34.964245,-92.51874,15,2021-01-08,11.36,0.0,60.17,5.54,1.0,130.88,2021,1,8,30.0,0,USA_3006.csv
2021-01-09,3006,17.0,24.2,2.6,1.2,31.0,1.2,0,0,3,3,1,1,7,7,-4.6402002159756774,-0.9763009426699938,4.3919396,11.401587,-82.85313,27.963427,15,2021-01-09,12.95,0.0,51.79,8.0,1.0,204.54,2021,1,9,31.0,0,USA_3006.csv
2021-01-10,3006,25.0,15.4,3.6,2.0,30.0,1.0,0,0,3,3,1,1,7,7,-3.3020283112688293,-2.0076972975289187,3.306873,7.5172753,-43.582615,-37.371655,15,2021-01-10,11.7,0.0,59.67,6.62,1.0,167.5,2021,1,10,30.0,0,USA_3006.csv
2021-01-11,3006,18.0,14.0,4.2,2.8,31.0,1.2,0,0,3,3,1,1,7,7,-2.6131709977244144,-2.4724181997672896,-0.83602,5.620718,17.4479,-101.677124,15,2021-01-11,12.0,0.0,59.25,7.02,1.0,132.79,2021,1,11,31.0,0,USA_3006.csv
2021-01-12,3006,15.0,14.2,5.0,2.2,28.0,1.4,0,0,3,3,1,1,7,7,-3.3214393934030704,-2.952862829705125,20.557884,12.81352,-23.42886,-83.01219,15,2021-01-12,11.75,0.0,65.21,7.25,1.0,155.62,2021,1,12,28.0,0,USA_3006.csv
2021-01-13,3006,27.0,23.6,6.2,1.8,29.0,1.6,0,0,3,3,1,1,7,7,-2.2711373156720653,-1.9729129972482506,1.0310975,10.129162,-9.798272,-36.92343,15,2021-01-13,12.72,0.0,57.54,6.75,1.0,160.08,2021,1,13,29.0,0,USA_3006.csv
2021-01-14,3006,21.2,20.0,5.2,2.6,30.0,1.8,0,0,3,3,1,1,7,7,-2.1291616323869698,-2.318467023909629,5.8408313,3.450074,10.767081,-96.96813,15,2021-01-14,14.74,0.0,58.71,6.3,1.0,159.58,2021,1,14,30.0,0,USA_3006.csv
2021-01-15,3006,21.2,20.0,5.2,2.6,30.0,1.8,0,0,3,3,1,1,7,7,-2.1291616323869698,-2.318467023909629,5.847812,3.4416966,10.767081,-96.96813,15,2021-01-15,17.68,0.0,45.46,8.35,1.0,145.04,2021,1,15,30.0,0,USA_3006.csv
2021-01-16,3006,32.8,16.2,8.8,4.4,31.0,4.4,0,0,3,3,5,5,1,1,1.4022068758881912,-3.3556126440020106,3.104452,18.714336,41.793194,-60.419773,15,2021-01-16,17.68,0.0,39.54,7.33,1.0,87.71,2021,1,16,32.8,0,USA_3006.csv
2021-01-17,3006,34.6,23.0,9.4,2.6,32.0,1.0,0,0,3,3,1,1,1,1,0.2375251775176372,-2.0566582377444824,6.9582562,3.4184427,17.674038,-53.58054,15,2021-01-17,18.95,0.0,38.5,7.46,1.0,79.79,2021,1,17,34.6,0,USA_3006.csv
2021-01-18,3006,32.8,16.2,8.8,4.4,31.0,4.4,0,0,3,3,5,5,1,1,1.4022068758881912,-3.3556126440020106,3.1009002,18.71456,41.793194,-60.41971,15,2021-01-18,17.56,0.0,41.88,10.58,1.0,119.29,2021,1,18,32.8,0,USA_3006.csv
2021-01-19,3006,32.8,16.2,8.8,4.4,31.0,4.4,0,0,3,3,5,5,1,1,1.4022068758881912,-3.3556126440020106,3.1039586,18.714533,41.793144,-60.419853,15,2021-01-19,15.46,0.0,37.21,25.15,1.0,123.54,2021,1,19,32.8,0,USA_3006.csv
2021-01-20,3006,41.0,18.6,8.8,2.2,30.0,1.4,0,0,3,3,1,1,1,1,-0.37364479633210057,-2.2931602086285188,7.315221,4.106195,9.048568,-33.389153,15,2021-01-20,18.4,0.0,24.58,30.43,1.0,64.33,2021,1,20,41.0,0,USA_3006.csv
2021-01-21,3006,15.0,15.6,6.2,2.0,30.0,1.0,0,0,3,3,1,1,7,7,-3.0617496490186094,-2.5407928241684092,1.6469686,4.47144,-31.675207,-79.081406,15,2021-01-21,15.25,0.0,43.62,8.76,1.0,112.5,2021,1,21,30.0,0,USA_3006.csv
2021-01-22,3006,14.0,17.6,4.0,1.6,30.0,1.0,0,0,3,3,1,1,7,7,-4.204212765033551,-1.9725599835885819,1.9037648,7.4439955,-55.941025,-49.22437,15,2021-01-22,12.15,0.0,64.5,8.23,1.0,167.71,2021,1,22,30.0,0,USA_3006.csv
2021-01-23,3006,14.0,15.4,7.8,1.6,25.0,1.2,0,0,3,3,1,1,7,7,-3.183238067651975,-3.6149106160245807,-0.065319404,-3.8200357,-7.460601,-100.39826,15,2021-01-23,11.05,0.0,75.83,11.12,1.0,261.5,2021,1,23,25.0,0,USA_3006.csv
2021-01-24,3006,9.0,9.0,3.8,1.4,28.0,10.8,0,0,2,2,3,3,0,0,-6.536282713006915,-2.579425472589085,17.213963,-8.07127,-89.3856,-69.17197,15,2021-01-24,8.21,0.0,77.5,7.28,1.0,149.25,2021,1,24,28.0,0,USA_3006.csv
2021-01-25,3006,16.0,16.4,5.2,1.6,31.0,1.0,0,0,3,3,1,1,7,7,-3.770980129899368,-1.9496472858221323,2.8735087,-10.640715,-47.71611,-54.77898,15,2021-01-25,10.22,0.0,67.71,27.31,1.0,276.04,2021,1,25,31.0,0,USA_3006.csv
2021-01-26,3006,12.0,15.2,5.0,2.8,31.0,11.0,0,0,2,2,3,3,0,0,-3.91043978219584,-2.396665183603915,14.597193,-9.305348,-58.204952,-87.65,15,2021-01-26,9.18,0.0,56.08,18.05,1.0,281.0,2021,1,26,31.0,0,USA_3006.csv
2021-01-27,3006,19.0,10.8,11.0,3.2,25.0,1.2,0,0,3,3,1,1,1,1,-0.12583044561384096,-4.946267647402696,6.5107355,1.5214027,27.15965,-73.62722,15,2021-01-27,9.65,0.0,76.08,12.8,1.0,118.92,2021,1,27,25.0,0,USA_3006.csv
2021-01-28,3006,20.0,13.0,4.8,1.8,30.0,7.8,0,0,2,2,1,1,0,0,-4.471789923561691,-2.1330910161504697,16.124077,-5.840403,-65.75883,-68.28218,15,2021-01-28,12.25,0.0,66.83,16.12,1.0,101.17,2021,1,28,30.0,0,USA_3006.csv
2021-01-29,3006,17.0,15.2,6.2,1.6,30.0,1.2,0,0,3,3,1,1,7,7,-3.494284362011633,-2.3263458950335325,-0.69454503,-1.1546762,-34.964245,-92.51874,15,2021-01-29,10.01,0.0,92.54,8.89,1.0,169.62,2021,1,29,30.0,0,USA_3006.csv
2021-01-30,3006,9.0,12.2,7.2,1.8,30.0,10.6,0,0,2,2,3,3,0,0,-4.765669919604798,-2.6447275678881956,8.497695,-5.427229,-77.67433,-84.854836,15,2021-01-30,8.31,0.0,83.96,5.82,1.0,78.21,2021,1,30,30.0,0,USA_3006.csv
2021-01-31,3006,20.0,18.0,3.6,2.0,33.0,2.0,0,0,3,3,1,1,7,7,-3.5696349530577693,-1.3288705574413069,23.192602,5.373026,-54.190018,-31.191008,15,2021-01-31,10.17,0.0,75.58,3.51,1.0,112.92,2021,1,31,33.0,0,USA_3006.csv
2021-02-01,3006,13.0,9.6,5.8,2.4,28.0,1.0,0,0,3,3,1,1,7,7,-3.1291521627160632,-3.4476363968139316,22.914925,2.0682516,-27.762693,-88.494225,15,2021-02-01,13.88,0.0,69.38,6.59,1.0,213.88,2021,2,1,28.0,0,USA_3006.csv
2021-02-02,3006,13.0,13.6,3.6,2.2,29.0,1.0,0,0,3,3,1,1,7,7,-3.851193816618775,-2.6434069460189726,1.8196905,7.509602,-61.737724,-43.797295,15,2021-02-02,12.4,0.0,83.46,8.1,1.0,231.79,2021,2,2,29.0,0,USA_3006.csv
2021-02-03,3006,16.0,10.2,6.8,3.4,28.0,1.4,0,0,3,3,1,1,1,1,-1.4055359873475994,-3.955946002992158,5.493853,1.1873473,26.4505,-91.541306,15,2021-02-03,11.06,0.0,84.0,6.32,1.0,184.12,2021,2,3,28.0,0,USA_3006.csv
2021-02-04,3006,17.0,16.6,5.6,1.8,36.0,1.0,0,0,3,3,1,1,7,7,-3.3010084173326986,-1.0400197840683658,2.1294289,11.439801,-34.818703,-60.73143,15,2021-02-04,10.37,0.0,77.21,7.57,1.0,118.33,2021,2,4,36.0,0,USA_3006.csv
2021-02-05,3006,15.0,15.2,4.2,1.2,35.0,1.0,0,0,3,3,1,1,7,7,-4.687953061567657,-0.887903448619928,2.631056,10.672944,-78.646065,-21.279594,15,2021-02-05,11.1,0.0,71.5,5.54,1.0,159.5,2021,2,5,35.0,0,USA_3006.csv
2021-02-06,3006,12.0,22.4,2.8,1.0,36.0,10.4,0,0,2,2,3,3,0,0,-6.374813328364383,0.14821781199086553,-4.9693713,4.1735706,-91.797295,-57.157925,15,2021-02-06,11.45,0.0,71.75,5.69,1.0,112.21,2021,2,6,36.0,0,USA_3006.csv
2021-02-07,3006,14.0,11.6,3.2,1.4,38.0,1.0,0,0,3,3,1,1,7,7,-4.9837129376857865,-0.4452160524368163,4.941066,11.902503,-72.16066,-29.744085,15,2021-02-07,12.16,0.0,72.5,6.71,1.0,122.21,2021,2,7,38.0,0,USA_3006.csv
2021-02-08,3006,19.0,15.6,4.0,1.0,34.0,2.8,0,0,3,3,1,1,7,7,-4.98369673939875,-0.8268166914581445,-1.7827312,7.4906588,-76.686874,-10.40438,15,2021-02-08,10.99,0.0,80.92,4.95,1.0,134.58,2021,2,8,34.0,0,USA_3006.csv
2021-02-09,3006,48.0,16.8,3.2,1.0,36.0,1.0,0,0,3,3,1,1,7,7,-3.237192128958518,0.28847731511858155,6.940313,8.654949,-61.99802,13.716532,15,2021-02-09,10.48,0.0,85.42,5.37,1.0,181.67,2021,2,9,48.0,0,USA_3006.csv
2021-02-10,3006,63.0,37.0,5.6,2.2,39.0,1.2,0,0,3,3,4,4,5,5,0.9546403500404506,1.3891936823736684,9.863077,7.7207403,-4.650328,43.232197,15,2021-02-10,10.68,0.0,85.46,7.51,1.0,123.21,2021,2,10,63.0,0,USA_3006.csv
2021-02-11,3006,47.0,16.6,4.2,3.0,34.0,1.0,0,0,3,3,1,1,7,7,-0.4921178139612982,-1.2399767189347117,8.478223,3.4371295,24.35241,-15.040349,15,2021-02-11,10.9,0.0,84.71,5.04,1.0,110.38,2021,2,11,47.0,0,USA_3006.csv
2021-02-12,3006,32.0,19.2,6.2,1.6,31.0,1.0,0,0,3,3,1,1,7,7,-2.3766776887106853,-1.6144967030963813,0.729091,4.541228,-25.231133,-37.62274,15,2021-02-12,12.33,0.0,83.04,12.73,1.0,220.29,2021,2,12,32.0,0,USA_3006.csv
2021-02-13,3006,28.0,10.8,3.0,1.4,31.0,1.6,0,0,3,3,1,1,7,7,-4.38406304485665,-1.6058195989556656,4.0725527,8.14308,-74.2127,-0.03913844,15,2021-02-13,11.69,0.0,70.33,9.13,1.0,103.67,2021,2,13,31.0,0,USA_3006.csv
2021-02-14,3006,17.0,13.2,4.8,1.4,33.0,1.0,0,0,3,3,1,1,7,7,-4.248505852455992,-1.5398998486447275,17.233082,18.498007,-89.73644,-26.41949,15,2021-02-14,12.76,0.0,72.75,20.77,1.0,287.75,2021,2,14,33.0,0,USA_3006.csv
2021-02-15,3006,10.0,9.4,9.4,2.0,30.0,10.6,0,0,2,2,3,3,0,0,-3.9167327117465227,-3.159910396539214,14.970418,-7.6494823,-73.67419,-89.734146,15,2021-02-15,12.73,0.0,59.25,12.01,1.0,211.54,2021,2,15,30.0,0,USA_3006.csv
2021-02-16,3006,14.0,14.4,3.4,3.4,32.0,1.0,0,0,3,3,1,1,7,7,-2.2913321623972496,-2.5107937397795506,-0.4740824,5.380088,20.753645,-102.417046,15,2021-02-16,12.1,0.0,83.04,7.45,1.0,156.67,2021,2,16,32.0,0,USA_3006.csv
2021-02-17,3006,18.0,29.4,3.6,1.2,34.0,1.2,0,0,3,3,1,1,7,7,-3.9786968854837714,-0.1966479693379147,7.0941677,12.0944605,-72.39317,32.53782,15,2021-02-17,12.34,0.0,61.21,12.59,1.0,253.96,2021,2,17,34.0,0,USA_3006.csv
2021-02-18,3006,15.0,9.0,3.2,2.0,34.0,1.0,0,0,3,3,1,1,7,7,-4.329681607267634,-1.6714210451205633,-2.4864974,7.4791274,-67.53719,-44.251335,15,2021-02-18,13.3,0.0,39.5,14.0,1.0,121.12,2021,2,18,34.0,0,USA_3006.csv
2021-02-19,3006,16.0,16.0,5.2,1.6,35.0,1.0,0,0,3,3,1,1,7,7,-3.77230052609827,-1.1488552435823376,4.9023438,-6.9157743,-36.666157,-60.566376,15,2021-02-19,11.65,0.0,56.58,6.23,1.0,150.08,2021,2,19,35.0,0,USA_3006.csv
2021-02-20,3006,16.0,19.2,5.6,1.8,33.0,1.0,0,0,3,3,1,1,7,7,-3.2364477404199072,-1.5386563416728916,0.54019773,5.756827,-30.702541,-60.523254,15,2021-02-20,11.94,0.0,65.75,9.03,1.0,189.25,2021,2,20,33.0,0,USA_3006.csv
2021-02-21,3006,17.0,14.8,3.8,2.0,35.0,1.0,0,0,3,3,1,1,7,7,-3.7130605392054075,-1.1980582214960107,0.9826028,8.237056,-63.60282,-37.113926,15,2021-02-21,12.89,0.0,45.71,11.28,1.0,134.46,2021,2,21,35.0,0,USA_3006.csv
2021-02-22,3006,17.0,13.2,4.8,1.4,33.0,1.0,0,0,3,3,1,1,7,7,-4.248505852455992,-1.5398998486447275,17.233105,18.498024,-89.735115,-26.419315,15,2021-02-22,14.99,0.0,40.71,10.63,1.0,114.83,2021,2,22,33.0,0,USA_3006.csv
2021-02-23,3006,7.0,9.2,5.8,1.8,31.0,1.0,0,0,3,3,1,1,7,7,-4.23878507834733,-2.685666926781492,2.2313955,6.50132,-23.656195,-88.32091,15,2021-02-23,14.56,0.0,52.17,7.55,1.0,135.33,2021,2,23,31.0,0,USA_3006.csv
2021-02-24,3006,21.0,18.6,3.2,2.0,42.0,1.0,0,0,3,3,1,1,7,7,-3.4311717721237924,0.6010592855962699,4.1248155,13.396845,-38.41497,33.89427,15,2021-02-24,13.64,0.0,57.25,7.08,1.0,133.17,2021,2,24,42.0,0,USA_3006.csv
2021-02-25,3006,25.0,17.6,5.6,1.4,37.0,2.6,0,0,3,3,1,1,7,7,-3.484561624414666,-0.3922299442239857,5.9069896,6.803089,-35.238556,-12.781945,15,2021-02-25,14.07,0.0,38.88,15.18,1.0,127.75,2021,2,25,37.0,0,USA_3006.csv
2021-02-26,3006,26.0,17.8,7.0,1.8,37.0,2.6,0,0,3,3,1,1,7,7,-2.4756392131375633,-0.737941595593378,5.8068104,6.3270493,-32.749817,-15.2261305,15,2021-02-26,12.25,0.0,51.25,6.74,1.0,142.33,2021,2,26,37.0,0,USA_3006.csv
2021-02-27,3006,26.0,19.4,5.0,2.2,36.0,2.6,0,0,3,3,1,1,7,7,-2.518902920469542,-0.7847462108239673,5.956857,6.5459375,-29.710619,-13.377295,15,2021-02-27,11.94,0.0,56.88,8.83,1.0,135.88,2021,2,27,36.0,0,USA_3006.csv
2021-02-28,3006,16.0,12.0,4.0,1.8,36.0,1.0,0,0,3,3,1,1,7,7,-4.103406905142334,-1.0919391567029573,3.8369217,16.038671,-68.30759,-34.058315,15,2021-02-28,14.68,0.0,30.83,15.32,1.0,128.46,2021,2,28,36.0,0,USA_3006.csv
2021-03-01,3006,16.0,19.0,4.0,1.2,37.0,1.0,0,0,3,3,1,1,7,7,-4.4808252017386305,-0.22907483333684808,5.2405148,12.311952,-60.16483,30.783482,15,2021-03-01,14.27,0.0,32.58,13.07,1.0,120.21,2021,3,1,37.0,0,USA_3006.csv
2021-03-02,3006,14.0,11.6,3.2,1.4,38.0,1.0,0,0,3,3,1,1,7,7,-4.9837129376857865,-0.4452160524368163,4.9367166,11.908742,-72.159966,-29.74464,15,2021-03-02,12.55,0.0,47.92,5.41,1.0,143.54,2021,3,2,38.0,0,USA_3006.csv
2021-03-03,3006,14.0,14.8,4.4,1.2,36.0,10.6,0,0,2,2,3,3,0,0,-5.935283186540352,-0.5171367991386736,17.692234,-7.640232,-88.02806,-54.708168,15,2021-03-03,11.12,0.0,74.96,8.73,1.0,151.17,2021,3,3,36.0,0,USA_3006.csv
2021-03-04,3006,17.0,18.6,3.8,1.4,42.0,1.0,0,0,3,3,1,1,7,7,-4.230256626107838,0.7281897625096864,6.2012053,12.879733,-58.08481,27.649973,15,2021-03-04,10.89,0.0,74.96,7.42,1.0,151.75,2021,3,4,42.0,0,USA_3006.csv
2021-03-05,3006,25.0,24.6,4.4,1.4,44.0,1.0,0,0,3,3,4,4,5,5,-3.248103733162591,1.5373295999723209,9.444368,12.461901,-46.144775,41.25354,15,2021-03-05,11.42,0.0,72.42,6.9,1.0,187.67,2021,3,5,44.0,0,USA_3006.csv
2021-03-06,3006,28.0,16.8,4.0,2.2,36.0,1.6,0,0,3,3,1,1,7,7,-2.7240408137221803,-0.774520930119308,20.733318,8.442523,-45.06821,-28.751348,15,2021-03-06,12.09,0.0,77.75,8.44,1.0,210.12,2021,3,6,36.0,0,USA_3006.csv
2021-03-07,3006,22.0,29.2,6.4,1.8,35.0,1.6,0,0,3,3,1,1,7,7,-2.1736254959400108,-0.5693259015948623,6.567851,14.839305,-9.499054,-25.037466,15,2021-03-07,11.85,0.0,80.75,6.22,1.0,126.25,2021,3,7,35.0,0,USA_3006.csv
2021-03-08,3006,31.0,21.2,6.8,2.6,35.0,1.0,0,0,3,3,1,1,1,1,-0.8658901251027361,-1.263142190239945,17.14158,7.384915,10.181333,-49.820286,15,2021-03-08,12.79,0.0,81.58,9.15,1.0,232.75,2021,3,8,35.0,0,USA_3006.csv
2021-03-09,3006,27.0,36.6,3.8,1.8,36.0,1.0,0,0,3,3,1,1,5,5,-2.220571362223001,0.4577928088627423,20.152391,4.183942,-28.356401,35.742195,15,2021-03-09,11.27,0.0,68.71,18.15,1.0,234.42,2021,3,9,36.6,0,USA_3006.csv
2021-03-10,3006,20.0,13.2,9.4,1.8,35.0,1.8,0,0,3,3,1,1,1,1,-2.2259789517722366,-1.8495846431878915,1.9181536,0.12563798,-3.570454,-57.29814,15,2021-03-10,10.7,0.0,79.62,14.25,1.0,241.0,2021,3,10,35.0,0,USA_3006.csv
2021-03-11,3006,10.0,14.6,4.2,1.8,35.0,1.0,0,0,3,3,1,1,7,7,-4.258007299819787,-1.305790759561241,18.946157,11.0975895,-76.44694,-31.832684,15,2021-03-11,9.0,0.0,80.75,6.85,1.0,171.5,2021,3,11,35.0,0,USA_3006.csv
2021-03-12,3006,11.0,11.4,4.6,1.6,33.0,11.0,0,0,2,2,3,3,0,0,-5.792052910257285,-1.5813545982709754,8.202441,-11.442942,-92.1482,-80.29623,15,2021-03-12,8.81,0.0,75.71,7.37,1.0,140.71,2021,3,12,33.0,0,USA_3006.csv
2021-03-13,3006,14.0,18.0,5.2,1.8,34.0,1.0,0,0,3,3,1,1,7,7,-3.5367998793696365,-1.3836942693890113,0.5315191,5.7692933,-31.818308,-60.272915,15,2021-03-13,8.83,0.0,82.04,10.51,1.0,157.21,2021,3,13,34.0,0,USA_3006.csv
2021-03-14,3006,31.0,21.2,6.8,2.6,35.0,1.0,0,0,3,3,1,1,1,1,-0.8658901251027361,-1.263142190239945,17.145994,7.3921976,10.181334,-49.820312,15,2021-03-14,10.63,0.0,82.46,11.38,1.0,147.42,2021,3,14,35.0,0,USA_3006.csv
2021-03-15,3006,30.0,21.2,7.4,4.0,34.0,1.4,0,0,3,3,1,1,1,1,0.9648329620730544,-2.226480785498306,8.880849,-0.59141874,44.03508,-69.708305,15,2021-03-15,10.76,0.0,77.92,15.5,1.0,224.5,2021,3,15,34.0,0,USA_3006.csv
2021-03-16,3006,13.0,20.4,2.0,1.6,35.0,10.6,0,0,2,2,3,3,0,0,-5.949947344322819,-0.31892215867560264,-4.96964,4.1737323,-93.271164,-57.886017,15,2021-03-16,9.63,0.0,61.42,17.66,1.0,228.21,2021,3,16,35.0,0,USA_3006.csv
2021-03-17,3006,10.0,8.4,4.4,1.4,42.0,1.0,0,0,3,3,1,1,7,7,-4.991531013012719,-0.03149075157619266,4.8505645,12.663698,-58.87448,-16.43001,15,2021-03-17,9.96,0.0,73.62,6.95,1.0,124.88,2021,3,17,42.0,0,USA_3006.csv
2021-03-18,3006,30.0,19.6,3.6,1.6,44.0,1.2,0,0,3,3,1,1,5,5,-3.246209974890772,1.3873711592974571,9.357889,11.51236,-50.626015,41.877846,15,2021-03-18,10.81,0.0,80.92,6.38,1.0,212.67,2021,3,18,44.0,0,USA_3006.csv
2021-03-19,3006,27.0,19.6,7.8,1.0,34.0,1.0,0,0,3,3,1,1,7,7,-2.885307807381839,-1.0020143263982584,1.7799876,12.428842,-26.762117,-48.807846,15,2021-03-19,11.71,0.0,84.17,9.8,1.0,165.5,2021,3,19,34.0,0,USA_3006.csv
2021-03-20,3006,19.0,15.6,4.6,2.0,35.0,1.2,0,0,3,3,1,1,7,7,-3.3296046544767806,-1.2168295511926355,1.0245035,9.442899,-60.65762,-33.54136,15,2021-03-20,12.94,0.0,85.83,12.65,1.0,198.67,2021,3,20,35.0,0,USA_3006.csv
2021-03-21,3006,9.0,16.0,4.6,1.6,38.0,1.0,0,0,3,3,1,1,7,7,-4.353284289165583,-0.592547553890245,4.839564,12.624044,-68.510376,-28.154387,15,2021-03-21,11.72,0.0,58.21,9.82,1.0,198.67,2021,3,21,38.0,0,USA_3006.csv
2021-03-22,3006,9.0,8.6,3.2,1.0,37.0,1.0,0,0,3,3,1,1,7,7,-5.941568036231402,-0.7185485704030732,14.859282,11.598268,-74.57808,-26.626305,15,2021-03-22,12.7,0.0,53.33,8.84,1.0,164.62,2021,3,22,37.0,0,USA_3006.csv
2021-03-23,3006,22.0,29.2,6.4,1.8,35.0,1.6,0,0,3,3,1,1,7,7,-2.1736254959400108,-0.5693259015948623,6.5674214,14.837081,-9.499077,-25.037453,15,2021-03-23,11.92,0.0,74.62,11.65,1.0,169.04,2021,3,23,35.0,0,USA_3006.csv
2021-03-24,3006,19.0,17.2,3.2,1.6,38.0,1.0,0,0,3,3,1,1,7,7,-4.144157119978501,-0.1441257656693722,4.1285233,13.754905,-63.050507,28.2149,15,2021-03-24,13.64,0.0,52.75,13.83,1.0,168.0,2021,3,24,38.0,0,USA_3006.csv
2021-03-25,3006,15.0,12.0,2.6,2.0,33.0,1.0,0,0,3,3,1,1,7,7,-4.363258391297762,-1.6384760177543927,1.7942159,8.216602,-67.32235,-42.415318,15,2021-03-25,11.95,0.0,74.5,13.66,1.0,190.29,2021,3,25,33.0,0,USA_3006.csv
2021-03-26,3006,18.0,29.4,3.6,1.2,34.0,1.2,0,0,3,3,1,1,7,7,-3.9786968854837714,-0.1966479693379147,7.100582,12.099677,-72.3929,32.537823,15,2021-03-26,11.32,0.0,72.88,12.96,1.0,209.42,2021,3,26,34.0,0,USA_3006.csv
2021-03-27,3006,20.0,21.6,5.8,2.0,37.0,1.0,0,0,3,3,1,1,7,7,-2.5424017548658884,-0.6316046568972072,1.508536,10.430645,-9.224972,-12.330952,15,2021-03-27,13.32,0.0,62.79,9.86,1.0,143.46,2021,3,27,37.0,0,USA_3006.csv
2021-03-28,3006,20.0,20.4,5.0,1.4,41.0,1.0,0,0,3,3,1,1,7,7,-3.5896398807697096,0.5190577301463369,2.273421,-2.5670035,-53.85322,27.807312,15,2021-03-28,14.13,0.0,59.58,7.94,1.0,153.42,2021,3,28,41.0,0,USA_3006.csv
2021-03-29,3006,23.0,24.0,7.0,1.4,44.0,1.6,0,0,3,3,4,4,5,5,-2.6608144300621848,1.1359599366209208,10.522517,12.076217,-32.158463,8.407999,15,2021-03-29,14.22,0.0,62.71,6.92,1.0,201.46,2021,3,29,44.0,0,USA_3006.csv
2021-03-30,3006,25.0,22.2,6.2,1.8,39.0,1.0,0,0,3,3,1,1,7,7,-2.335085226814038,-0.046582526246821715,-4.0948706,13.718388,-11.653181,-4.631018,15,2021-03-30,13.22,0.0,81.62,5.88,1.0,184.29,2021,3,30,39.0,0,USA_3006.csv
2021-03-31,3006,53.0,36.2,3.8,1.4,41.0,1.0,0,0,3,3,4,4,5,5,-1.2026722966153933,2.173592549851871,9.643069,8.602167,-19.269136,59.572567,15,2021-03-31,18.09,0.0,49.62,14.16,1.0,169.75,2021,3,31,53.0,0,USA_3006.csv
2021-04-01,3006,18.0,15.6,5.2,1.4,50.0,1.0,0,0,3,3,4,4,5,5,-3.8534260080244196,2.047760865196544,11.058792,12.07815,-49.653107,51.381943,15,2021-04-01,18.82,0.0,31.17,10.76,1.0,212.29,2021,4,1,50.0,0,USA_3006.csv
2021-04-02,3006,21.0,18.4,6.6,1.6,54.0,1.0,0,0,3,3,4,4,5,5,-2.8213000771066046,2.797190768431363,12.994303,10.450273,5.6662436,101.71654,15,2021-04-02,15.82,0.0,61.67,7.45,1.0,230.75,2021,4,2,54.0,0,USA_3006.csv
2021-04-03,3006,41.0,23.4,6.6,1.2,49.0,1.0,0,0,3,3,4,4,5,5,-1.9168672194173169,2.6245393099425396,11.896637,10.401939,-8.52826,82.18965,15,2021-04-03,13.2,0.0,84.46,6.24,1.0,182.29,2021,4,3,49.0,0,USA_3006.csv
2021-04-04,3006,46.0,45.0,4.0,2.0,41.0,1.0,0,0,3,3,4,4,5,5,-0.328656532958045,2.1875491010463315,10.488529,7.8295646,11.547685,44.348366,15,2021-04-04,13.16,0.0,78.83,6.37,1.0,183.88,2021,4,4,46.0,0,USA_3006.csv
2021-04-05,3006,36.0,17.8,4.6,1.6,35.0,1.0,0,0,3,3,1,1,7,7,-2.697965256297055,-0.5750858876938731,21.471798,6.583474,-28.230982,-24.723753,15,2021-04-05,13.21,0.0,80.79,6.01,1.0,159.33,2021,4,5,36.0,0,USA_3006.csv
2021-04-06,3006,40.0,22.6,9.2,2.8,35.0,1.0,0,0,3,3,1,1,1,1,0.7347932466667643,-1.4226259044930398,7.8445554,3.0454628,18.892572,-52.33605,15,2021-04-06,13.28,0.0,83.5,6.66,1.0,174.0,2021,4,6,40.0,0,USA_3006.csv
2021-04-07,3006,39.0,25.8,3.2,1.4,47.0,1.0,0,0,3,3,4,4,5,5,-2.728224394987522,2.655552055886062,10.163061,10.6245165,-25.009378,80.12922,15,2021-04-07,14.04,0.0,74.92,6.45,1.0,199.21,2021,4,7,47.0,0,USA_3006.csv
2021-04-08,3006,47.0,27.6,4.6,2.2,43.0,1.0,0,0,3,3,4,4,5,5,-0.743840019755289,1.5213725581649795,9.847379,7.95787,1.5734583,40.81233,15,2021-04-08,14.33,0.0,72.42,6.49,1.0,180.08,2021,4,8,47.0,0,USA_3006.csv
2021-04-09,3006,43.0,40.0,3.6,1.4,40.0,1.2,0,0,3,3,4,4,5,5,-1.6777870477663868,2.00136810961402,9.794415,8.893273,-25.838428,59.300728,15,2021-04-09,15.99,0.0,56.75,8.07,1.0,179.67,2021,4,9,43.0,0,USA_3006.csv
2021-04-10,3006,41.0,23.0,7.0,2.2,42.0,1.0,0,0,3,3,4,4,5,5,-0.5921521069677965,0.6346356128498536,9.699896,6.5798492,-7.195008,16.175444,15,2021-04-10,14.77,0.0,67.29,5.59,1.0,155.38,2021,4,10,42.0,0,USA_3006.csv
2021-04-11,3006,38.0,32.8,4.6,2.8,38.0,1.0,0,0,3,3,4,4,5,5,-0.2646578273773122,0.3036187049188186,2.9088416,16.93762,21.379194,-8.65617,15,2021-04-11,14.81,0.0,73.88,6.38,1.0,182.25,2021,4,11,38.0,0,USA_3006.csv
2021-04-12,3006,48.0,38.4,4.0,1.2,40.0,1.2,0,0,3,3,4,4,5,5,-1.5970076374863083,2.058790094879103,9.849775,8.778535,-24.306751,59.71568,15,2021-04-12,13.33,0.0,83.92,7.48,1.0,210.33,2021,4,12,48.0,0,USA_3006.csv
2021-04-13,3006,51.0,28.6,3.6,1.4,36.0,1.0,0,0,3,3,4,4,5,5,-1.8095014404451655,0.7298752110296473,8.077285,8.475167,-9.217731,36.824104,15,2021-04-13,12.33,0.0,84.42,7.99,1.0,178.5,2021,4,13,51.0,0,USA_3006.csv
2021-04-14,3006,50.0,31.0,5.4,1.2,40.0,1.2,0,0,3,3,4,4,5,5,-1.4348032607646921,1.5211147092918595,9.6425705,8.922237,-10.376814,48.445103,15,2021-04-14,12.43,0.0,74.62,11.22,1.0,233.75,2021,4,14,50.0,0,USA_3006.csv
2021-04-15,3006,41.0,26.0,5.2,2.8,40.0,1.4,0,0,3,3,4,4,5,5,-0.30399698831167365,0.3443084299415624,8.366349,3.9410443,23.13125,-9.46959,15,2021-04-15,12.03,0.0,76.29,9.28,1.0,161.79,2021,4,15,41.0,0,USA_3006.csv
2021-04-16,3006,40.0,26.6,3.6,1.0,41.0,1.0,0,0,3,3,4,4,5,5,-3.0345013687226805,1.6228549371128345,8.919112,10.333809,-31.242102,64.65535,15,2021-04-16,12.49,0.0,77.58,7.37,1.0,145.5,2021,4,16,41.0,0,USA_3006.csv
2021-04-17,3006,43.0,27.6,4.4,1.4,41.0,1.0,0,0,3,3,4,4,5,5,-2.054129543247386,1.4388755690295023,9.2771635,9.6280155,-22.203985,41.866547,15,2021-04-17,13.09,0.0,74.92,6.75,1.0,184.29,2021,4,17,43.0,0,USA_3006.csv
2021-04-18,3006,48.0,34.0,4.8,1.2,41.0,1.0,0,0,3,3,4,4,5,5,-1.5493590723682733,1.9203113258512319,9.799945,9.0054865,-9.639307,50.40248,15,2021-04-18,16.25,0.0,59.25,8.26,1.0,155.58,2021,4,18,48.0,0,USA_3006.csv
2021-04-19,3006,25.0,28.0,4.8,1.0,47.0,1.0,0,0,3,3,4,4,5,5,-3.4301825707489684,2.4719740168164686,10.615229,11.037398,-29.632704,85.8391,15,2021-04-19,16.52,0.0,52.96,6.18,1.0,155.67,2021,4,19,47.0,0,USA_3006.csv
2021-04-20,3006,30.0,19.6,3.6,1.6,44.0,1.2,0,0,3,3,1,1,5,5,-3.246209974890772,1.3873711592974571,9.3718,11.489356,-50.626015,41.877846,15,2021-04-20,14.46,0.0,78.62,6.03,1.0,230.21,2021,4,20,44.0,0,USA_3006.csv
2021-04-21,3006,52.0,21.8,10.6,2.4,32.0,1.2,0,0,3,3,1,1,1,1,1.2871621624228406,-1.8317655314765733,8.945707,3.675272,25.577566,-34.39002,15,2021-04-21,13.77,0.0,81.71,8.51,1.0,184.5,2021,4,21,52.0,0,USA_3006.csv
2021-04-22,3006,35.0,19.2,3.0,1.0,35.0,1.0,0,0,3,3,1,1,7,7,-3.935750672294954,-0.022640741634099022,6.00438,10.553814,-71.20227,24.00409,15,2021-04-22,12.99,0.0,78.46,9.23,1.0,242.88,2021,4,22,35.0,0,USA_3006.csv
2021-04-23,3006,30.0,20.6,7.8,2.4,37.0,1.0,0,0,3,3,1,1,1,1,-0.8845308925898543,-0.9408387289433502,16.966286,6.857432,-2.207361,-47.480976,15,2021-04-23,12.37,0.0,80.54,9.85,1.0,168.46,2021,4,23,37.0,0,USA_3006.csv
2021-04-24,3006,37.0,31.2,7.8,1.8,35.0,1.4,0,0,3,3,1,1,5,5,-0.7292444824746005,-0.35433384543620056,6.511925,-0.4865195,-3.244569,2.8511217,15,2021-04-24,12.96,0.0,79.58,9.59,1.0,190.54,2021,4,24,37.0,0,USA_3006.csv
2021-04-25,3006,34.0,33.0,6.0,1.4,33.0,1.4,0,0,3,3,1,1,5,5,-1.8838319301900233,-0.30054920594445533,16.202814,10.679886,-34.646122,0.27439573,15,2021-04-25,12.55,0.0,80.67,10.4,1.0,156.62,2021,4,25,34.0,0,USA_3006.csv
2021-04-26,3006,18.0,9.2,5.0,1.4,33.0,1.2,0,0,3,3,1,1,7,7,-4.365375413278603,-1.7535877570752245,1.7680193,12.975438,-87.76967,-24.694584,15,2021-04-26,13.48,0.0,76.88,16.54,1.0,274.46,2021,4,26,33.0,0,USA_3006.csv
2021-04-27,3006,10.0,11.2,4.6,1.4,36.0,1.0,0,0,3,3,1,1,7,7,-4.810418227188494,-1.1425543537017318,18.993849,11.152241,-77.7084,-26.86101,15,2021-04-27,12.92,0.0,73.12,9.74,1.0,202.71,2021,4,27,36.0,0,USA_3006.csv
2021-04-28,3006,18.0,11.2,4.4,1.4,40.0,1.2,0,0,3,3,1,1,7,7,-4.412192854155028,-0.1296589988868561,5.577436,12.5399065,-69.338066,-24.849195,15,2021-04-28,16.0,0.0,52.38,7.82,1.0,185.67,2021,4,28,40.0,0,USA_3006.csv
2021-04-29,3006,20.0,12.2,4.6,1.4,45.0,1.0,0,0,3,3,1,1,7,7,-4.129420784717665,0.9593950343409406,10.516926,12.777265,-54.346054,49.71986,15,2021-04-29,17.68,0.0,49.25,8.18,1.0,152.71,2021,4,29,45.0,0,USA_3006.csv
2021-04-30,3006,25.0,17.4,5.0,2.4,60.0,1.2,2,2,1,1,4,4,8,8,-2.1326769787001454,3.8918445959691526,13.798289,9.476228,31.367264,89.263145,15,2021-04-30,18.04,0.0,53.96,7.63,1.0,201.17,2021,4,30,60.0,0,USA_3006.csv
2021-05-01,3006,31.0,25.0,4.2,2.2,41.0,1.0,0,0,3,3,1,1,5,5,-1.9498785204794267,0.7063879312432099,7.9587364,10.534529,-41.05647,32.736374,15,2021-05-01,15.41,0.0,77.79,5.7,1.0,222.88,2021,5,1,41.0,0,USA_3006.csv
2021-05-02,3006,42.0,18.8,10.8,2.8,35.0,1.2,0,0,3,3,1,1,1,1,1.1245925351335182,-1.791122544281742,7.5417914,2.65431,24.088486,-55.62315,15,2021-05-02,15.05,0.0,76.67,7.43,1.0,168.92,2021,5,2,42.0,0,USA_3006.csv
2021-05-03,3006,35.0,19.0,4.8,1.2,37.0,1.0,0,0,3,3,1,1,7,7,-3.122473101182564,0.043989570377276396,7.6978755,12.464546,-41.732067,18.915167,15,2021-05-03,14.8,0.0,77.83,7.27,1.0,141.29,2021,5,3,37.0,0,USA_3006.csv
2021-05-04,3006,42.0,31.8,6.0,2.8,49.0,1.0,2,2,1,1,4,4,5,5,0.4080610389328394,2.4055269439247864,12.287378,5.475808,40.821514,20.424252,15,2021-05-04,15.55,0.0,76.29,6.81,1.0,211.17,2021,5,4,49.0,0,USA_3006.csv
2021-05-05,3006,45.0,27.6,8.2,2.2,49.0,1.4,2,2,1,1,4,4,5,5,0.24347558610238448,2.247544141154016,11.462936,6.725092,14.859644,24.708155,15,2021-05-05,15.41,0.0,83.38,7.37,1.0,178.29,2021,5,5,49.0,0,USA_3006.csv
2021-05-06,3006,50.0,22.4,3.0,1.2,38.0,1.0,0,0,3,3,1,1,5,5,-2.625212420014733,0.9672040314492185,7.943493,8.742964,-52.50282,21.214823,15,2021-05-06,14.59,0.0,86.25,6.95,1.0,200.5,2021,5,6,50.0,0,USA_3006.csv
2021-05-07,3006,47.0,28.8,2.4,2.4,35.0,1.0,0,0,3,3,1,1,5,5,-1.1567529924872624,0.1368108539268729,8.999553,7.837809,-6.284315,31.695496,15,2021-05-07,14.31,0.0,82.08,6.74,1.0,214.04,2021,5,7,47.0,0,USA_3006.csv
2021-05-08,3006,39.0,36.2,4.8,1.6,42.0,1.2,0,0,3,3,4,4,5,5,-1.476217170069336,1.8768446992824124,10.083942,9.032386,-9.9253235,57.043285,15,2021-05-08,15.17,0.0,78.0,6.95,1.0,147.08,2021,5,8,42.0,0,USA_3006.csv
2021-05-09,3006,35.0,22.2,6.0,1.4,40.0,1.0,0,0,3,3,1,1,5,5,-2.311633138355955,0.5757619532673319,9.517025,11.661238,-22.908398,16.247286,15,2021-05-09,15.33,0.0,82.08,6.91,1.0,152.58,2021,5,9,40.0,0,USA_3006.csv
2021-05-10,3006,40.0,30.4,8.0,2.2,38.0,1.0,0,0,3,3,4,4,5,5,0.034506179555610826,0.052512401266229324,3.9307528,0.3603007,0.1661892,4.3990993,15,2021-05-10,15.59,0.0,81.88,7.85,1.0,165.29,2021,5,10,40.0,0,USA_3006.csv
2021-05-11,3006,43.0,16.6,3.6,1.4,37.0,2.2,0,0,3,3,1,1,7,7,-3.0615481804317595,0.1688934057483458,7.6714444,9.01433,-48.563625,8.792,15,2021-05-11,15.54,0.0,81.29,8.6,1.0,205.46,2021,5,11,43.0,0,USA_3006.csv
2021-05-12,3006,33.0,22.0,4.0,1.2,39.0,1.0,0,0,3,3,1,1,7,7,-3.3203292527840773,0.6800157694590371,8.413101,11.395062,-43.65431,23.391066,15,2021-05-12,14.44,0.0,86.88,7.48,1.0,206.96,2021,5,12,39.0,0,USA_3006.csv
2021-05-13,3006,30.0,25.0,8.4,2.4,39.0,1.6,0,0,3,3,1,1,1,1,-0.530999306079658,-0.36151702691400733,16.842726,6.793604,11.236732,0.47388825,15,2021-05-13,14.22,0.0,86.79,8.28,1.0,270.62,2021,5,13,39.0,0,USA_3006.csv
2021-05-14,3006,33.0,22.8,4.8,1.8,38.0,1.0,0,0,3,3,1,1,7,7,-2.2793812889077265,0.12464719979590169,-0.21881786,2.831596,-24.628954,21.220636,15,2021-05-14,14.09,0.0,85.17,8.56,1.0,274.92,2021,5,14,38.0,0,USA_3006.csv
2021-05-15,3006,31.0,21.2,6.8,2.6,35.0,1.0,0,0,3,3,1,1,1,1,-0.8658901251027361,-1.263142190239945,17.142254,7.3853164,10.181333,-49.820286,15,2021-05-15,15.16,0.0,77.38,8.82,1.0,236.08,2021,5,15,35.0,0,USA_3006.csv
2021-05-16,3006,33.0,19.4,5.2,1.4,33.0,1.0,0,0,3,3,1,1,7,7,-2.861610913314098,-0.9451054260389593,0.7247619,4.533337,-27.58881,-37.393627,15,2021-05-16,14.79,0.0,75.08,9.59,1.0,227.42,2021,5,16,33.0,0,USA_3006.csv
2021-05-17,3006,14.0,18.0,5.2,1.8,34.0,1.0,0,0,3,3,1,1,7,7,-3.5367998793696365,-1.3836942693890113,0.53828686,5.758546,-31.818308,-60.272915,15,2021-05-17,14.29,0.0,76.46,10.38,1.0,228.21,2021,5,17,34.0,0,USA_3006.csv
2021-05-18,3006,17.0,19.0,5.6,1.6,39.0,1.0,0,0,3,3,1,1,7,7,-3.410028619030931,-0.20086978480844242,4.674547,13.079954,-39.28832,4.252155,15,2021-05-18,14.77,0.0,82.38,6.9,1.0,172.88,2021,5,18,39.0,0,USA_3006.csv
2021-05-19,3006,29.0,23.6,6.4,1.8,39.0,1.0,0,0,3,3,1,1,7,7,-1.96504405778199,0.08092614547394293,-4.122244,13.742113,-10.116972,-2.81536,15,2021-05-19,16.24,0.0,80.83,7.26,1.0,173.67,2021,5,19,39.0,0,USA_3006.csv
2021-05-20,3006,39.0,23.8,8.8,3.2,39.0,1.2,0,0,3,3,1,1,1,1,1.1113928487974554,-0.6900696493765203,10.573364,4.8025436,33.461994,-6.8836727,15,2021-05-20,16.1,0.0,70.79,8.15,1.0,173.58,2021,5,20,39.0,0,USA_3006.csv
2021-05-21,3006,38.0,22.0,6.8,2.2,34.0,1.0,0,0,3,3,1,1,7,7,-0.922425046643024,-1.0957112923583059,7.960439,5.358033,-0.80384445,-30.200714,15,2021-05-21,15.64,0.0,59.75,19.32,1.0,255.75,2021,5,21,38.0,0,USA_3006.csv
2021-05-22,3006,36.0,23.0,9.0,1.4,36.0,1.4,0,0,3,3,1,1,7,7,-1.3442388418852134,-0.5713694551346011,8.191514,6.582963,-5.704913,-0.21294701,15,2021-05-22,14.79,0.0,70.42,13.24,1.0,195.25,2021,5,22,36.0,0,USA_3006.csv
2021-05-23,3006,38.0,29.8,7.2,1.4,36.0,4.6,0,0,3,3,1,1,5,5,-1.841772679165793,0.1448809550987537,8.017333,6.591575,-20.305925,-6.4161267,15,2021-05-23,14.12,0.0,74.04,8.55,1.0,155.83,2021,5,23,38.0,0,USA_3006.csv
2021-05-24,3006,34.0,30.2,3.8,1.2,45.0,1.2,0,0,3,3,4,4,5,5,-2.8858627218868462,2.3988963469331166,9.343653,10.9314995,-31.072863,87.60233,15,2021-05-24,16.75,0.0,64.79,8.3,1.0,230.62,2021,5,24,45.0,0,USA_3006.csv
2021-05-25,3006,25.0,20.8,4.2,2.2,46.0,1.0,0,0,3,3,4,4,5,5,-2.497587241282594,1.3915929784294234,2.1855123,2.6799393,-39.775234,38.490566,15,2021-05-25,18.9,0.0,59.17,7.14,1.0,205.83,2021,5,25,46.0,0,USA_3006.csv
2021-05-26,3006,32.0,23.0,4.4,1.2,41.0,2.2,0,0,3,3,1,1,5,5,-3.345062121366697,1.100220480979951,9.477986,11.16435,-39.597343,23.38017,15,2021-05-26,17.18,0.0,74.92,6.87,1.0,198.88,2021,5,26,41.0,0,USA_3006.csv
2021-05-27,3006,48.0,16.8,3.2,1.0,36.0,1.0,0,0,3,3,1,1,7,7,-3.237192128958518,0.28847731511858155,6.9395595,8.668062,-61.99802,13.716532,15,2021-05-27,15.37,0.0,81.17,7.6,1.0,207.33,2021,5,27,48.0,0,USA_3006.csv
2021-05-28,3006,43.0,34.2,3.2,1.6,39.0,1.0,0,0,3,3,4,4,5,5,-1.838357091140321,1.4411153331919646,8.988622,9.167023,-26.700542,57.372936,15,2021-05-28,14.98,0.0,83.88,5.64,1.0,188.79,2021,5,28,43.0,0,USA_3006.csv
2021-05-29,3006,40.0,21.6,6.0,1.2,36.0,3.0,0,0,3,3,1,1,7,7,-2.580158950761484,-0.03432850933677333,7.658874,6.523808,-22.079376,-9.708324,15,2021-05-29,15.07,0.0,83.75,7.14,1.0,162.83,2021,5,29,40.0,0,USA_3006.csv
2021-05-30,3006,39.0,17.2,4.6,2.2,35.0,3.4,0,0,3,3,1,1,7,7,-2.1102299032900103,-0.7751781584375871,17.166521,5.729042,-24.487692,-17.05671,15,2021-05-30,14.92,0.0,80.71,8.19,1.0,213.33,2021,5,30,39.0,0,USA_3006.csv
2021-05-31,3006,36.0,32.4,5.0,1.6,41.0,1.0,0,0,3,3,4,4,5,5,-1.7692937288622916,1.378769495637054,7.729624,-2.4044042,-27.43003,46.025677,15,2021-05-31,15.1,0.0,83.62,6.06,1.0,169.67,2021,5,31,41.0,0,USA_3006.csv
2021-06-01,3006,45.0,24.8,3.6,1.8,43.0,1.0,0,0,3,3,4,4,5,5,-1.823817423034256,1.6563746415993406,9.027875,8.67496,-13.636844,28.829866,15,2021-06-01,15.24,0.0,84.83,6.69,1.0,239.46,2021,6,1,45.0,0,USA_3006.csv
2021-06-02,3006,43.0,30.4,6.6,1.2,42.0,1.8,0,0,3,3,4,4,5,5,-1.5669517414730474,1.6163648925053122,10.121401,9.454017,-17.919441,50.384377,15,2021-06-02,14.54,0.0,87.62,7.64,1.0,242.29,2021,6,2,43.0,0,USA_3006.csv
2021-06-03,3006,32.0,24.4,6.2,2.2,46.0,1.0,0,0,3,3,4,4,5,5,-1.27315625897175,1.4572304399251204,11.954328,11.61921,1.0382893,23.140522,15,2021-06-03,15.32,0.0,85.29,7.62,1.0,212.17,2021,6,3,46.0,0,USA_3006.csv
2021-06-04,3006,38.0,35.0,5.6,3.2,44.0,1.2,0,0,3,3,4,4,5,5,0.6709491358222349,1.3347638616027668,0.9211258,-1.3130311,32.74268,11.030082,15,2021-06-04,16.07,0.0,82.75,7.63,1.0,238.12,2021,6,4,44.0,0,USA_3006.csv
2021-06-05,3006,39.0,24.0,7.2,1.6,38.0,1.2,0,0,3,3,1,1,5,5,-1.3922679176881878,0.09047874169237945,8.363027,6.731434,-19.06224,13.741726,15,2021-06-05,15.91,0.0,85.0,6.71,1.0,233.88,2021,6,5,39.0,0,USA_3006.csv
2021-06-06,3006,33.0,19.4,5.2,1.4,33.0,1.0,0,0,3,3,1,1,7,7,-2.861610913314098,-0.9451054260389593,0.7225737,4.532737,-27.58881,-37.393627,15,2021-06-06,15.78,0.0,83.04,9.15,1.0,198.0,2021,6,6,33.0,0,USA_3006.csv
2021-06-07,3006,29.0,19.6,4.4,2.0,30.0,1.0,0,0,3,3,1,1,7,7,-2.595986538208251,-1.8112219311460351,14.972237,12.237566,-32.31968,-32.134876,15,2021-06-07,15.87,0.0,80.5,5.75,1.0,231.62,2021,6,7,30.0,0,USA_3006.csv
2021-06-08,3006,22.0,29.2,6.4,1.8,35.0,1.6,0,0,3,3,1,1,7,7,-2.1736254959400108,-0.5693259015948623,6.568076,14.83953,-9.499054,-25.037466,15,2021-06-08,16.6,0.0,78.04,6.88,1.0,183.21,2021,6,8,35.0,0,USA_3006.csv
2021-06-09,3006,23.0,14.0,8.2,1.8,35.0,1.0,0,0,3,3,1,1,7,7,-2.2808637561176703,-1.6078757606269014,3.9458678,3.5538065,-9.660431,-54.89406,15,2021-06-09,16.62,0.0,69.58,10.18,1.0,263.96,2021,6,9,35.0,0,USA_3006.csv
2021-06-10,3006,23.0,12.6,5.8,1.2,36.0,1.2,0,0,3,3,1,1,7,7,-3.879623044957836,-0.8676213116941862,1.9602312,11.802407,-64.28288,-20.322376,15,2021-06-10,16.5,0.0,59.25,13.99,1.0,227.58,2021,6,10,36.0,0,USA_3006.csv
2021-06-11,3006,24.0,22.4,4.6,1.6,43.0,1.0,0,0,3,3,1,1,5,5,-3.114336693307167,1.0733504968027427,9.917378,12.968096,-43.78874,40.614067,15,2021-06-11,17.55,0.0,58.46,7.05,1.0,173.04,2021,6,11,43.0,0,USA_3006.csv
2021-06-12,3006,25.0,13.8,4.6,1.4,48.0,1.0,0,0,3,3,1,1,5,5,-3.738077882052653,1.7604244078905675,10.757452,12.1215515,-48.868397,48.891117,15,2021-06-12,18.52,0.0,62.08,7.08,1.0,244.0,2021,6,12,48.0,0,USA_3006.csv
2021-06-13,3006,28.0,17.4,4.8,1.4,43.0,1.0,0,0,3,3,1,1,7,7,-3.3346152083324325,0.957099582445639,9.270095,11.987335,-33.830585,21.043346,15,2021-06-13,18.23,0.0,74.79,7.28,1.0,192.58,2021,6,13,43.0,0,USA_3006.csv
2021-06-14,3006,28.0,20.6,4.8,1.6,35.0,1.6,0,0,3,3,1,1,7,7,-3.0308569580845437,-0.598175737535687,2.8503332,-0.5209622,-41.34491,-16.023323,15,2021-06-14,18.56,0.0,77.79,7.05,1.0,226.96,2021,6,14,35.0,0,USA_3006.csv
2021-06-15,3006,23.0,16.6,10.2,2.2,38.0,1.0,0,0,3,3,1,1,1,1,-1.0005579676601613,-1.3092733039949676,4.5348635,2.9361773,2.767478,-46.87796,15,2021-06-15,21.11,0.0,67.62,7.01,1.0,230.17,2021,6,15,38.0,0,USA_3006.csv
2021-06-16,3006,32.0,29.2,4.4,1.8,45.0,1.0,0,0,3,3,4,4,5,5,-2.0887960959326968,1.9353576376209187,10.61871,10.024214,-6.1462026,71.85603,15,2021-06-16,21.26,0.0,68.92,8.11,1.0,206.92,2021,6,16,45.0,0,USA_3006.csv
2021-06-17,3006,54.0,39.0,5.2,1.8,51.0,3.6,2,2,1,1,4,4,5,5,-0.34081749845828374,4.083742823439826,11.494088,8.146635,8.111544,56.98115,15,2021-06-17,20.05,0.0,75.38,5.7,1.0,201.96,2021,6,17,54.0,0,USA_3006.csv
2021-06-18,3006,50.0,31.0,5.4,1.2,40.0,1.2,0,0,3,3,4,4,5,5,-1.4348032607646921,1.5211147092918595,9.647977,8.934382,-10.376911,48.44607,15,2021-06-18,18.68,0.0,83.25,5.93,1.0,202.75,2021,6,18,50.0,0,USA_3006.csv
2021-06-19,3006,39.0,33.4,5.0,1.6,44.0,1.0,0,0,3,3,4,4,5,5,-1.5264043212217344,2.10810496160581,10.80544,10.448227,-11.15537,56.683968,15,2021-06-19,17.63,0.0,87.67,6.41,1.0,258.42,2021,6,19,44.0,0,USA_3006.csv
2021-06-20,3006,37.0,16.0,6.0,1.6,36.0,2.6,0,0,3,3,1,1,7,7,-2.4982091843827994,-0.5915841128043068,17.227968,5.805599,-22.793499,-13.366462,15,2021-06-20,15.8,0.0,88.33,7.5,1.0,242.42,2021,6,20,37.0,0,USA_3006.csv
2021-06-21,3006,29.0,23.6,6.4,1.8,39.0,1.0,0,0,3,3,1,1,7,7,-1.96504405778199,0.08092614547394293,-4.102815,13.723792,-10.117108,-2.8154376,15,2021-06-21,15.62,0.0,85.62,8.22,1.0,243.25,2021,6,21,39.0,0,USA_3006.csv
2021-06-22,3006,34.0,33.0,6.0,1.4,33.0,1.4,0,0,3,3,1,1,5,5,-1.8838319301900233,-0.30054920594445533,16.20257,10.680137,-34.646122,0.27439573,15,2021-06-22,16.83,0.0,84.88,12.09,1.0,264.92,2021,6,22,34.0,0,USA_3006.csv
2021-06-23,3006,23.0,15.2,7.2,2.0,29.0,1.4,0,0,3,3,1,1,7,7,-2.360100922951271,-2.7306132707090707,3.3295069,4.1811485,-8.058085,-69.04314,15,2021-06-23,17.54,0.0,84.25,11.04,1.0,242.62,2021,6,23,29.0,0,USA_3006.csv
2021-06-24,3006,17.0,17.8,4.8,2.6,28.0,1.4,0,0,3,3,1,1,7,7,-2.5742703420943673,-2.8865873388522467,-5.729869,11.630102,12.394397,-96.944756,15,2021-06-24,17.15,0.0,84.67,10.83,1.0,248.62,2021,6,24,28.0,0,USA_3006.csv
2021-06-25,3006,17.0,25.6,4.8,2.2,29.0,1.2,0,0,3,3,1,1,7,7,-2.6324272490469167,-2.0816249122796693,2.4511497,5.72672,-32.413094,-45.84573,15,2021-06-25,17.42,0.0,82.33,10.2,1.0,175.21,2021,6,25,29.0,0,USA_3006.csv
2021-06-26,3006,20.0,15.6,3.4,1.8,40.0,1.2,0,0,3,3,1,1,7,7,-3.872762860719599,0.08493529820620292,4.149563,13.6376705,-61.932617,27.359667,15,2021-06-26,18.4,0.0,79.96,7.22,1.0,173.38,2021,6,26,40.0,0,USA_3006.csv
2021-06-27,3006,37.0,19.2,6.6,1.4,37.0,1.4,0,0,3,3,1,1,7,7,-2.2327525567202557,-0.22957899796608233,8.245989,6.791519,-20.437838,12.7364435,15,2021-06-27,18.43,0.0,83.79,6.98,1.0,183.79,2021,6,27,37.0,0,USA_3006.csv
2021-06-28,3006,44.0,28.2,4.8,1.4,40.0,1.2,0,0,3,3,4,4,5,5,-1.869639396975487,1.2370180894402443,9.281653,9.628781,-21.978,42.110096,15,2021-06-28,18.09,0.0,86.58,7.32,1.0,218.08,2021,6,28,44.0,0,USA_3006.csv
2021-06-29,3006,43.0,30.0,6.4,1.2,44.0,1.0,0,0,3,3,4,4,5,5,-1.5378040020973496,2.0132320512950894,10.250856,9.76315,-16.965427,49.674927,15,2021-06-29,19.2,0.0,83.92,6.07,1.0,225.58,2021,6,29,44.0,0,USA_3006.csv
2021-06-30,3006,45.0,28.4,6.0,3.0,42.0,1.0,0,0,3,3,4,4,5,5,0.6191842263200633,0.7512217556127797,11.659169,4.985198,34.784283,12.460923,15,2021-06-30,19.41,0.0,83.79,6.13,1.0,215.62,2021,6,30,45.0,0,USA_3006.csv
2021-07-01,3006,45.0,23.2,3.2,2.4,40.0,1.8,0,0,3,3,4,4,5,5,-1.398156077171212,0.7410897221635264,8.889114,7.798421,-15.844227,27.773745,15,2021-07-01,18.45,0.0,86.5,7.18,1.0,239.04,2021,7,1,45.0,0,USA_3006.csv
2021-07-02,3006,39.0,27.2,4.0,1.6,36.0,3.2,0,0,3,3,1,1,5,5,-2.4905199355353256,0.32127750818497225,7.845876,6.960868,-26.285534,-8.002333,15,2021-07-02,18.51,0.0,85.25,7.59,1.0,217.5,2021,7,2,39.0,0,USA_3006.csv
2021-07-03,3006,32.0,19.6,6.4,1.4,34.0,1.4,0,0,3,3,1,1,7,7,-2.580632155862404,-0.8981255504920754,0.7545318,4.5598617,-26.923782,-38.89711,15,2021-07-03,18.19,0.0,84.17,7.47,1.0,206.21,2021,7,3,34.0,0,USA_3006.csv
2021-07-04,3006,25.0,18.6,8.4,2.2,32.0,1.4,0,0,3,3,1,1,1,1,-1.4220071238786514,-2.148347758630452,3.0861547,2.8291667,-6.656881,-48.33101,15,2021-07-04,18.12,0.0,84.29,7.81,1.0,196.12,2021,7,4,32.0,0,USA_3006.csv
2021-07-05,3006,37.0,22.8,6.6,2.6,34.0,1.0,0,0,3,3,1,1,1,1,-0.498633995881715,-1.2376798290125812,-0.6379024,7.874433,10.544217,-49.175,15,2021-07-05,17.89,0.0,83.33,8.15,1.0,178.0,2021,7,5,37.0,0,USA_3006.csv
2021-07-06,3006,59.0,36.0,5.4,2.6,40.0,1.6,0,0,3,3,4,4,5,5,1.0615508612895421,1.3071849963981708,9.979817,7.6973405,-4.1387706,43.07479,15,2021-07-06,18.09,0.0,83.92,9.97,1.0,193.75,2021,7,6,59.0,0,USA_3006.csv
2021-07-07,3006,27.0,26.8,4.2,1.4,44.0,1.4,0,0,3,3,4,4,5,5,-3.1288576932382925,1.7300094995299267,9.446682,12.884278,-45.5202,41.890568,15,2021-07-07,18.49,0.0,83.54,7.22,1.0,225.42,2021,7,7,44.0,0,USA_3006.csv
2021-07-08,3006,39.0,30.6,5.6,2.0,51.0,1.2,2,2,1,1,4,4,5,5,-0.9758909952962639,3.132698359478144,12.274927,9.524715,4.5066757,79.592766,15,2021-07-08,19.44,0.0,79.38,6.62,1.0,188.17,2021,7,8,51.0,0,USA_3006.csv
2021-07-09,3006,50.0,44.8,7.4,3.0,55.0,1.0,2,2,1,1,4,4,8,8,2.2823504484053503,4.206302451435379,13.283681,5.3134766,49.161835,43.321724,15,2021-07-09,20.55,0.0,80.04,6.46,1.0,228.92,2021,7,9,55.0,0,USA_3006.csv
2021-07-10,3006,50.0,36.0,4.4,2.0,46.0,1.0,2,2,3,3,4,4,5,5,-0.42242020107519934,2.7648514119459793,11.190582,8.279371,3.3562634,61.86643,15,2021-07-10,20.47,0.0,79.83,6.92,1.0,194.42,2021,7,10,50.0,0,USA_3006.csv
2021-07-11,3006,51.0,31.0,4.4,1.8,40.0,1.2,0,0,3,3,4,4,5,5,-0.935768676986619,1.3871036661744354,9.824009,8.223496,-3.3064675,41.797592,15,2021-07-11,20.65,0.0,70.12,7.44,1.0,258.58,2021,7,11,51.0,0,USA_3006.csv
2021-07-12,3006,47.0,31.2,3.2,1.2,39.0,1.0,0,0,3,3,4,4,5,5,-2.2662990669324814,1.552798712239711,8.780444,9.099246,-23.27101,62.260246,15,2021-07-12,21.09,0.0,72.54,7.88,1.0,228.83,2021,7,12,47.0,0,USA_3006.csv
2021-07-13,3006,49.0,13.0,5.2,2.8,32.0,1.0,0,0,3,3,1,1,7,7,-0.5146532133371974,-1.8388318119132538,8.5265255,3.4178455,25.628239,-15.110122,15,2021-07-13,20.22,0.0,80.75,8.47,1.0,222.08,2021,7,13,49.0,0,USA_3006.csv
2021-07-14,3006,40.0,30.6,4.6,1.4,39.0,1.0,0,0,3,3,4,4,5,5,-2.017518957640389,1.1005657759686707,8.988181,9.502756,-23.566782,41.417126,15,2021-07-14,19.96,0.0,83.67,7.15,1.0,186.75,2021,7,14,40.0,0,USA_3006.csv
2021-07-15,3006,38.0,32.2,4.0,1.6,42.0,1.6,0,0,3,3,4,4,5,5,-2.04814918136633,1.760512874986085,9.35178,9.078268,-26.118988,41.710133,15,2021-07-15,19.58,0.0,82.46,7.27,1.0,227.0,2021,7,15,42.0,0,USA_3006.csv
2021-07-16,3006,36.0,29.6,4.0,1.0,40.0,1.0,0,0,3,3,4,4,5,5,-2.9887135396220503,1.443617518343867,8.904519,10.988834,-35.245457,61.930782,15,2021-07-16,18.75,0.0,84.54,7.34,1.0,207.29,2021,7,16,40.0,0,USA_3006.csv
2021-07-17,3006,28.0,25.2,4.6,1.6,44.0,1.4,0,0,3,3,4,4,5,5,-2.7791330138707204,1.516743025723687,9.808544,13.114832,-44.499493,42.42345,15,2021-07-17,19.15,0.0,83.67,7.39,1.0,209.88,2021,7,17,44.0,0,USA_3006.csv
2021-07-18,3006,31.0,20.6,7.6,2.0,44.0,1.2,0,0,3,3,4,4,5,5,-1.3819390959776499,0.7398291373294881,10.078256,6.413351,-9.503723,9.469227,15,2021-07-18,19.36,0.0,80.96,7.71,1.0,222.12,2021,7,18,44.0,0,USA_3006.csv
2021-07-19,3006,38.0,32.2,4.0,1.6,42.0,1.6,0,0,3,3,4,4,5,5,-2.04814918136633,1.760512874986085,9.355963,9.074735,-26.118988,41.710133,15,2021-07-19,20.37,0.0,78.71,8.29,1.0,207.33,2021,7,19,42.0,0,USA_3006.csv
2021-07-20,3006,37.0,26.0,4.0,2.6,38.0,1.0,0,0,3,3,1,1,5,5,-1.1221077990954516,0.09815014236906527,2.9077833,16.938633,21.88409,-9.800174,15,2021-07-20,20.08,0.0,75.83,8.38,1.0,184.21,2021,7,20,38.0,0,USA_3006.csv
2021-07-21,3006,43.0,30.4,6.6,1.2,42.0,1.8,0,0,3,3,4,4,5,5,-1.5669517414730474,1.6163648925053122,10.11822,9.453431,-17.919443,50.384438,15,2021-07-21,20.35,0.0,78.83,9.24,1.0,218.04,2021,7,21,43.0,0,USA_3006.csv
2021-07-22,3006,48.0,34.0,4.8,1.2,41.0,1.0,0,0,3,3,4,4,5,5,-1.5493590723682733,1.9203113258512319,9.770159,8.9477,-9.639319,50.40354,15,2021-07-22,20.56,0.0,77.25,8.15,1.0,223.58,2021,7,22,48.0,0,USA_3006.csv
2021-07-23,3006,57.0,25.6,7.8,2.6,39.0,1.0,0,0,3,3,4,4,5,5,1.2163601699899087,0.17826790926035546,9.100086,3.8174121,31.920055,-13.22152,15,2021-07-23,19.38,0.0,81.29,6.87,1.0,227.79,2021,7,23,57.0,0,USA_3006.csv
2021-07-24,3006,55.0,34.6,5.2,1.8,39.0,1.4,0,0,3,3,4,4,5,5,-0.29223166182074634,1.351131853254217,9.6998625,7.913406,-4.71872,42.629345,15,2021-07-24,17.8,0.0,87.67,6.19,1.0,217.88,2021,7,24,55.0,0,USA_3006.csv
2021-07-25,3006,43.0,23.2,2.4,1.6,38.0,2.6,0,0,3,3,1,1,5,5,-2.8823374271935367,0.7973316044762283,7.19025,8.903413,-47.588337,12.786632,15,2021-07-25,17.69,0.0,86.38,6.58,1.0,231.67,2021,7,25,43.0,0,USA_3006.csv
2021-07-26,3006,42.0,22.4,2.8,1.4,31.0,1.6,0,0,3,3,1,1,7,7,-3.0152317871611807,-0.6852705730452165,6.6132755,8.268526,-53.268486,9.992374,15,2021-07-26,17.65,0.0,89.58,5.91,1.0,244.25,2021,7,26,42.0,0,USA_3006.csv
2021-07-27,3006,37.0,27.2,7.0,2.6,40.0,1.0,0,0,3,3,4,4,5,5,-0.11055107890462593,0.1755579880428105,11.047295,5.18024,2.9453034,5.0857387,15,2021-07-27,18.98,0.0,86.33,7.18,1.0,267.62,2021,7,27,40.0,0,USA_3006.csv
2021-07-28,3006,36.0,24.2,5.6,1.2,39.0,1.0,0,0,3,3,1,1,5,5,-2.5284739939779834,0.6446237122430505,9.635993,10.690378,-24.898956,15.226545,15,2021-07-28,17.96,0.0,87.83,8.42,1.0,241.46,2021,7,28,39.0,0,USA_3006.csv
2021-07-29,3006,31.0,20.8,5.8,1.4,33.0,1.4,0,0,3,3,1,1,7,7,-2.767934014351645,-0.9805299613252298,0.75387734,4.559765,-27.300974,-38.294434,15,2021-07-29,17.72,0.0,87.21,8.41,1.0,212.62,2021,7,29,33.0,0,USA_3006.csv
2021-07-30,3006,31.0,30.4,5.0,1.6,40.0,1.0,0,0,3,3,4,4,5,5,-2.171896538129253,0.9675357701613431,12.131343,-4.868141,-29.09607,46.396515,15,2021-07-30,18.1,0.0,86.54,9.53,1.0,192.96,2021,7,30,40.0,0,USA_3006.csv
2021-07-31,3006,40.0,21.6,6.0,1.2,36.0,3.0,0,0,3,3,1,1,7,7,-2.580158950761484,-0.03432850933677333,7.637236,6.5333834,-22.079166,-9.708337,15,2021-07-31,17.1,0.0,90.17,8.94,1.0,229.75,2021,7,31,40.0,0,USA_3006.csv
2021-08-01,3006,26.0,18.0,7.8,2.2,33.0,1.4,0,0,3,3,1,1,7,7,-1.5781133129974012,-1.8752661455709032,3.1192474,2.8765337,-7.3559885,-48.01393,15,2021-08-01,17.73,0.0,83.21,9.52,1.0,183.08,2021,8,1,33.0,0,USA_3006.csv
2021-08-02,3006,29.0,23.6,6.4,1.8,39.0,1.0,0,0,3,3,1,1,7,7,-1.96504405778199,0.08092614547394293,-4.113999,13.734795,-10.117267,-2.8151503,15,2021-08-02,18.03,0.0,81.12,8.83,1.0,220.54,2021,8,2,39.0,0,USA_3006.csv
2021-08-03,3006,28.0,18.0,4.4,1.0,48.0,1.0,0,0,3,3,4,4,5,5,-3.905289574492954,2.2602529969385095,9.926738,11.769842,-30.19662,82.440895,15,2021-08-03,18.47,0.0,81.38,7.61,1.0,206.92,2021,8,3,48.0,0,USA_3006.csv
2021-08-04,3006,34.0,30.2,3.8,1.2,45.0,1.2,0,0,3,3,4,4,5,5,-2.8858627218868462,2.3988963469331166,9.349252,10.935503,-31.072777,87.602394,15,2021-08-04,18.26,0.0,82.29,8.83,1.0,191.58,2021,8,4,45.0,0,USA_3006.csv
2021-08-05,3006,43.0,29.0,5.2,2.2,46.0,1.0,0,0,3,3,4,4,5,5,-0.7004367113417492,2.0528456246713462,10.212761,7.8733644,3.2895935,40.85683,15,2021-08-05,18.93,0.0,79.33,7.71,1.0,200.08,2021,8,5,46.0,0,USA_3006.csv
2021-08-06,3006,47.0,23.0,6.2,1.4,41.0,1.0,0,0,3,3,4,4,5,5,-1.501805110255315,1.0365390937289445,9.942542,9.636499,-15.7185,45.41467,15,2021-08-06,19.52,0.0,78.62,7.54,1.0,210.58,2021,8,6,47.0,0,USA_3006.csv
2021-08-07,3006,39.0,25.8,3.2,1.4,47.0,1.0,0,0,3,3,4,4,5,5,-2.728224394987522,2.655552055886062,10.176749,10.612677,-25.009308,80.12906,15,2021-08-07,18.22,0.0,85.46,6.09,1.0,206.62,2021,8,7,47.0,0,USA_3006.csv
2021-08-08,3006,42.0,29.4,6.2,1.4,42.0,1.0,0,0,3,3,4,4,5,5,-1.44927769985472,1.481516192178601,10.101044,9.614691,-17.25914,48.56173,15,2021-08-08,17.24,0.0,88.58,6.55,1.0,228.58,2021,8,8,42.0,0,USA_3006.csv
2021-08-09,3006,40.0,40.6,4.8,1.6,45.0,1.0,0,0,3,3,4,4,5,5,-1.1440501271567018,2.741641129540243,10.53625,9.156592,-7.481819,58.941593,15,2021-08-09,17.59,0.0,86.25,7.51,1.0,222.25,2021,8,9,45.0,0,USA_3006.csv
2021-08-10,3006,40.0,40.6,4.8,1.6,45.0,1.0,0,0,3,3,4,4,5,5,-1.1440501271567018,2.741641129540243,10.497848,9.166481,-7.481796,58.942127,15,2021-08-10,17.77,0.0,83.38,6.97,1.0,224.17,2021,8,10,45.0,0,USA_3006.csv
2021-08-11,3006,27.0,24.8,2.6,1.2,40.0,1.0,0,0,3,3,1,1,7,7,-3.9546667806269458,1.0995956968383802,6.5635943,11.310401,-65.93952,42.428425,15,2021-08-11,19.23,0.0,80.88,8.92,1.0,236.58,2021,8,11,40.0,0,USA_3006.csv
2021-08-12,3006,35.0,31.2,6.4,1.2,44.0,1.0,0,0,3,3,4,4,5,5,-1.9408216586518994,1.9172628187829965,10.611317,10.710464,-22.5302,50.29578,15,2021-08-12,20.38,0.0,78.0,6.79,1.0,197.67,2021,8,12,44.0,0,USA_3006.csv
2021-08-13,3006,39.0,21.8,5.4,1.6,41.0,1.0,0,0,3,3,1,1,5,5,-2.0310316412796303,0.8238317762201662,9.609211,11.229782,-20.026278,18.373552,15,2021-08-13,20.93,0.0,74.58,7.52,1.0,206.88,2021,8,13,41.0,0,USA_3006.csv
2021-08-14,3006,36.0,29.6,4.0,1.0,40.0,1.0,0,0,3,3,4,4,5,5,-2.9887135396220503,1.443617518343867,8.907934,10.970544,-35.244045,61.926655,15,2021-08-14,20.47,0.0,78.88,8.31,1.0,204.29,2021,8,14,40.0,0,USA_3006.csv
2021-08-15,3006,42.0,30.2,4.4,1.8,43.0,1.8,0,0,3,3,4,4,5,5,-1.5654086512957828,1.7962350879960267,9.234617,8.623083,-26.474316,42.97742,15,2021-08-15,19.59,0.0,78.67,8.46,1.0,188.67,2021,8,15,43.0,0,USA_3006.csv
2021-08-16,3006,39.0,28.8,5.8,2.2,45.0,1.0,0,0,3,3,4,4,5,5,-0.7617107796523832,1.677523385529271,12.456738,12.468734,5.3539367,24.038635,15,2021-08-16,20.7,0.0,78.79,7.11,1.0,189.29,2021,8,16,45.0,0,USA_3006.csv
2021-08-17,3006,39.0,24.0,7.2,1.6,38.0,1.2,0,0,3,3,1,1,5,5,-1.3922679176881878,0.09047874169237945,8.40951,6.666944,-19.062344,13.74174,15,2021-08-17,20.26,0.0,86.21,6.78,1.0,201.88,2021,8,17,39.0,0,USA_3006.csv
2021-08-18,3006,40.0,24.6,10.4,1.8,25.0,1.2,0,0,3,3,1,1,1,1,-0.11506902265196643,-3.0483713036169098,7.1873765,3.7868807,13.477452,-36.889156,15,2021-08-18,20.0,0.0,85.29,6.99,1.0,179.62,2021,8,18,40.0,0,USA_3006.csv
2021-08-19,3006,25.0,25.0,4.2,2.2,31.0,9.4,0,0,2,2,3,3,0,0,-3.430433037837102,-1.2644892096973412,16.190159,-6.349641,-72.20725,-60.52861,15,2021-08-19,20.18,0.0,83.92,7.23,1.0,248.92,2021,8,19,31.0,0,USA_3006.csv
2021-08-20,3006,24.0,16.2,4.4,2.2,33.0,1.0,0,0,3,3,1,1,7,7,-2.801781814086249,-1.570116784780737,1.1635321,6.7219696,-47.694942,-34.328457,15,2021-08-20,19.65,0.0,81.17,8.05,1.0,241.21,2021,8,20,33.0,0,USA_3006.csv
2021-08-21,3006,26.0,13.8,9.0,1.4,35.0,1.0,0,0,3,3,1,1,7,7,-2.368597664256528,-1.473651447971848,23.497763,-0.5451022,-23.714039,-52.92931,15,2021-08-21,18.8,0.0,82.46,6.8,1.0,244.04,2021,8,21,35.0,0,USA_3006.csv
2021-08-22,3006,23.0,21.6,8.8,1.4,39.0,1.2,0,0,3,3,1,1,7,7,-2.1985784698580813,-0.26675329644740753,3.950125,13.49234,1.146729,-6.4487886,15,2021-08-22,19.31,0.0,79.79,7.89,1.0,203.54,2021,8,22,39.0,0,USA_3006.csv
2021-08-23,3006,34.0,28.0,4.0,1.4,41.0,1.6,0,0,3,3,4,4,5,5,-2.7601492644797783,1.3480732371724529,8.84275,11.640828,-33.92029,58.81267,15,2021-08-23,18.62,0.0,81.12,8.62,1.0,199.75,2021,8,23,41.0,0,USA_3006.csv
2021-08-24,3006,45.0,38.8,6.8,2.0,44.0,1.0,2,2,3,3,4,4,5,5,0.174816617733951,2.084775491832317,10.757016,7.214475,7.959197,47.34473,15,2021-08-24,18.16,0.0,84.38,7.92,1.0,231.54,2021,8,24,45.0,0,USA_3006.csv
2021-08-25,3006,44.0,44.6,8.4,2.8,52.0,1.6,2,2,1,1,4,4,8,8,1.891218299961091,3.4371398185834696,12.652819,5.139021,45.795853,36.83345,15,2021-08-25,18.17,0.0,85.5,7.19,1.0,240.46,2021,8,25,52.0,0,USA_3006.csv
2021-08-26,3006,58.0,47.4,6.2,1.6,57.0,1.2,2,2,1,1,4,4,8,8,0.7378730624618419,5.746562603623521,12.744292,7.671538,24.299416,59.410515,15,2021-08-26,20.03,0.0,79.5,6.86,1.0,233.67,2021,8,26,58.0,0,USA_3006.csv
2021-08-27,3006,62.0,50.2,6.2,2.8,59.0,1.0,2,2,1,1,0,0,8,8,2.6620139560180323,5.808188838932075,13.555172,5.0582604,48.372883,49.114582,15,2021-08-27,20.21,0.0,74.5,6.39,1.0,199.75,2021,8,27,62.0,0,USA_3006.csv
2021-08-28,3006,49.0,33.8,10.0,1.4,56.0,1.2,2,2,1,1,4,4,8,8,0.42420489657836424,4.233066849259519,13.723873,8.9975,18.61421,90.719406,15,2021-08-28,19.3,0.0,82.46,6.46,1.0,193.17,2021,8,28,56.0,0,USA_3006.csv
2021-08-29,3006,41.0,23.0,7.0,2.2,42.0,1.0,0,0,3,3,4,4,5,5,-0.5921521069677965,0.6346356128498536,9.70404,6.5751557,-7.195008,16.175444,15,2021-08-29,17.21,0.0,89.29,7.62,1.0,248.0,2021,8,29,42.0,0,USA_3006.csv
2021-08-30,3006,41.0,23.0,7.0,2.2,42.0,1.0,0,0,3,3,4,4,5,5,-0.5921521069677965,0.6346356128498536,9.707303,6.5572495,-7.195008,16.175444,15,2021-08-30,17.83,0.0,87.25,7.36,1.0,205.29,2021,8,30,42.0,0,USA_3006.csv
2021-08-31,3006,57.0,29.0,5.8,2.0,37.0,1.0,0,0,3,3,4,4,5,5,0.007890780155954517,0.498625267661264,8.892537,6.628481,-0.3932736,19.19144,15,2021-08-31,18.65,0.0,84.71,5.7,1.0,213.79,2021,8,31,57.0,0,USA_3006.csv
2021-09-01,3006,61.0,21.6,3.0,1.6,41.0,1.0,0,0,3,3,4,4,5,5,-1.5088511891328562,1.5698048172800758,8.67828,8.194068,-10.8439865,39.23386,15,2021-09-01,19.12,0.0,83.21,6.14,1.0,232.12,2021,9,1,61.0,0,USA_3006.csv
2021-09-02,3006,59.0,36.2,5.2,1.6,39.0,1.6,0,0,3,3,4,4,5,5,-0.2509876282237062,1.6160236668365418,9.665857,7.8924813,-5.856923,43.80491,15,2021-09-02,19.03,0.0,82.0,8.22,1.0,286.12,2021,9,2,59.0,0,USA_3006.csv
2021-09-03,3006,52.0,42.4,5.2,1.2,46.0,1.2,2,2,1,1,4,4,5,5,-0.7466777414871174,3.424695434579964,11.21243,8.462299,11.696778,57.773033,15,2021-09-03,17.4,0.0,85.17,8.34,1.0,181.25,2021,9,3,52.0,0,USA_3006.csv
2021-09-04,3006,49.0,29.6,4.4,2.0,43.0,1.0,0,0,3,3,4,4,5,5,-0.8348495003422816,1.789199617854194,9.803747,8.039123,0.2415937,41.245834,15,2021-09-04,17.88,0.0,84.5,6.91,1.0,211.54,2021,9,4,49.0,0,USA_3006.csv
2021-09-05,3006,39.0,30.2,6.6,2.0,46.0,1.0,0,0,3,3,4,4,5,5,-0.6835310775930606,1.9467579260450874,11.1199045,7.7622,7.152071,23.459084,15,2021-09-05,19.52,0.0,75.08,7.51,1.0,232.96,2021,9,5,46.0,0,USA_3006.csv
2021-09-06,3006,35.0,24.8,7.6,2.4,52.0,1.6,2,2,1,1,4,4,5,5,-0.43549482685857555,2.5050084704276188,12.207399,6.6374683,19.113089,28.927292,15,2021-09-06,19.45,0.0,82.04,7.08,1.0,230.5,2021,9,6,52.0,0,USA_3006.csv
2021-09-07,3006,59.0,30.2,3.4,1.4,44.0,1.0,0,0,3,3,4,4,5,5,-1.2808630765208453,2.6447140532779003,9.3966875,8.626804,-15.273332,60.75775,15,2021-09-07,20.27,0.0,87.0,5.65,1.0,213.38,2021,9,7,59.0,0,USA_3006.csv
2021-09-08,3006,61.0,44.4,7.2,2.0,48.0,1.0,2,2,1,1,4,4,5,5,1.5497913495834215,3.4697615820855767,12.022854,7.27235,15.148091,52.388847,15,2021-09-08,18.64,0.0,88.54,5.74,1.0,240.62,2021,9,8,61.0,0,USA_3006.csv
2021-09-09,3006,51.0,34.6,5.4,1.4,57.0,1.4,2,2,1,1,4,4,8,8,-0.875802606451728,5.134736625051276,12.70052,8.791142,19.667782,97.42457,15,2021-09-09,18.68,0.0,84.96,6.7,1.0,222.04,2021,9,9,57.0,0,USA_3006.csv
2021-09-10,3006,39.0,27.8,5.0,1.8,43.0,1.4,0,0,3,3,4,4,5,5,-1.6285122226730195,1.5200496949559839,9.351938,7.4539113,-12.797138,22.810186,15,2021-09-10,19.14,0.0,84.88,8.01,1.0,226.58,2021,9,10,43.0,0,USA_3006.csv
2021-09-11,3006,37.0,19.2,6.6,1.4,37.0,1.4,0,0,3,3,1,1,7,7,-2.2327525567202557,-0.22957899796608233,8.259765,6.7455497,-20.438097,12.736741,15,2021-09-11,20.09,0.0,78.54,6.8,1.0,203.92,2021,9,11,37.0,0,USA_3006.csv
2021-09-12,3006,35.0,22.2,6.0,1.4,40.0,1.0,0,0,3,3,1,1,5,5,-2.311633138355955,0.5757619532673319,9.570805,11.694219,-22.908398,16.247286,15,2021-09-12,18.3,0.0,83.92,7.29,1.0,248.79,2021,9,12,40.0,0,USA_3006.csv
2021-09-13,3006,28.0,11.8,2.8,1.6,42.0,1.0,0,0,3,3,1,1,7,7,-4.010597522283022,0.6241340994115616,6.784457,11.465747,-57.46102,44.917614,15,2021-09-13,17.33,0.0,83.17,6.77,1.0,194.33,2021,9,13,42.0,0,USA_3006.csv
2021-09-14,3006,24.0,27.6,4.6,1.6,45.0,1.0,0,0,3,3,4,4,5,5,-2.828802883761812,1.7599555806533669,10.540501,11.764362,-41.987194,44.229572,15,2021-09-14,17.9,0.0,82.79,6.77,1.0,190.12,2021,9,14,45.0,0,USA_3006.csv
2021-09-15,3006,36.0,32.4,5.0,1.6,41.0,1.0,0,0,3,3,4,4,5,5,-1.7692937288622916,1.378769495637054,7.7298074,-2.4041564,-27.430231,46.026047,15,2021-09-15,16.2,0.0,84.21,6.54,1.0,213.5,2021,9,15,41.0,0,USA_3006.csv
2021-09-16,3006,44.0,28.2,4.8,1.4,40.0,1.2,0,0,3,3,4,4,5,5,-1.869639396975487,1.2370180894402443,9.311494,9.603459,-21.978,42.110096,15,2021-09-16,15.76,0.0,86.33,7.69,1.0,217.58,2021,9,16,44.0,0,USA_3006.csv
2021-09-17,3006,36.0,32.4,5.0,1.6,41.0,1.0,0,0,3,3,4,4,5,5,-1.7692937288622916,1.378769495637054,7.7297,-2.4047506,-27.430231,46.026047,15,2021-09-17,15.58,0.0,86.92,6.6,1.0,184.04,2021,9,17,41.0,0,USA_3006.csv
2021-09-18,3006,38.0,20.2,4.2,4.0,37.0,2.4,0,0,3,3,1,1,1,1,0.26412882755881995,-1.055486920627407,17.737232,2.0094118,39.3282,-67.300644,15,2021-09-18,15.98,0.0,85.46,6.83,1.0,238.38,2021,9,18,38.0,0,USA_3006.csv
2021-09-19,3006,38.0,32.8,4.6,2.8,38.0,1.0,0,0,3,3,4,4,5,5,-0.2646578273773122,0.3036187049188186,2.906671,16.940058,21.379194,-8.65617,15,2021-09-19,16.24,0.0,84.25,7.5,1.0,159.42,2021,9,19,38.0,0,USA_3006.csv
2021-09-20,3006,33.0,23.6,5.2,1.8,44.0,1.0,0,0,3,3,4,4,5,5,-2.0820943386790978,1.347078911608423,10.835444,11.367847,-13.972924,20.085125,15,2021-09-20,17.8,0.0,81.67,4.63,1.0,157.58,2021,9,20,44.0,0,USA_3006.csv
2021-09-21,3006,44.0,36.0,6.2,1.6,48.0,2.0,2,2,1,1,4,4,5,5,-0.8305633792073789,3.0330177440435926,11.765442,8.168841,6.6298394,54.74462,15,2021-09-21,19.12,0.0,84.58,5.79,1.0,198.83,2021,9,21,48.0,0,USA_3006.csv
2021-09-22,3006,45.0,27.4,5.4,2.0,33.0,1.2,0,0,3,3,1,1,5,5,-0.9475158668788417,-0.5897164072826009,7.543092,6.4084826,-19.931171,3.6548238,15,2021-09-22,18.79,0.0,83.83,9.19,1.0,259.08,2021,9,22,45.0,0,USA_3006.csv
2021-09-23,3006,33.0,27.6,7.6,3.0,31.0,1.0,0,0,3,3,1,1,1,1,0.3224694033574569,-2.0028513330271838,11.877343,13.958191,14.513737,-51.63472,15,2021-09-23,17.25,0.0,84.75,7.69,1.0,220.33,2021,9,23,33.0,0,USA_3006.csv
2021-09-24,3006,36.0,17.8,4.6,1.6,35.0,1.0,0,0,3,3,1,1,7,7,-2.697965256297055,-0.5750858876938731,21.471983,6.58348,-28.231138,-24.723286,15,2021-09-24,16.74,0.0,85.38,6.05,1.0,182.92,2021,9,24,36.0,0,USA_3006.csv
2021-09-25,3006,42.0,30.8,9.2,3.0,37.0,1.0,0,0,3,3,4,4,1,1,1.54710462366305,-0.6325740848034412,9.7440405,3.9003077,34.172028,-3.9001448,15,2021-09-25,16.93,0.0,83.33,6.43,1.0,225.04,2021,9,25,42.0,0,USA_3006.csv
2021-09-26,3006,38.0,14.4,9.4,4.4,26.0,1.4,0,0,3,3,5,5,1,1,2.158897915038446,-4.527003106801481,9.044877,0.47446743,50.047947,-73.72031,15,2021-09-26,16.48,0.0,85.75,7.57,1.0,202.46,2021,9,26,38.0,0,USA_3006.csv
2021-09-27,3006,39.0,16.2,8.6,2.4,26.0,1.6,0,0,3,3,1,1,1,1,-0.47451876184582203,-3.3463699439822836,7.339953,3.8832703,12.271223,-33.77118,15,2021-09-27,16.19,0.0,83.33,6.58,1.0,194.04,2021,9,27,39.0,0,USA_3006.csv
2021-09-28,3006,31.0,16.0,6.4,2.4,30.0,1.0,0,0,3,3,1,1,7,7,-1.5425291922910094,-2.4178317585865994,6.059846,3.1201806,-18.820013,-36.901604,15,2021-09-28,15.95,0.0,86.04,7.14,1.0,157.12,2021,9,28,31.0,0,USA_3006.csv
2021-09-29,3006,35.0,21.8,4.2,2.0,39.0,1.0,0,0,3,3,1,1,7,7,-2.1472331213292186,0.3010231226658204,7.973013,9.433283,-25.312426,24.341251,15,2021-09-29,17.63,0.0,81.0,6.1,1.0,164.67,2021,9,29,39.0,0,USA_3006.csv
2021-09-30,3006,32.0,26.2,6.6,1.4,35.0,1.2,0,0,3,3,1,1,7,7,-2.1375995078886265,-0.37414737742826404,19.247179,9.77165,-23.58901,10.8964205,15,2021-09-30,18.72,0.0,63.79,6.35,1.0,160.88,2021,9,30,35.0,0,USA_3006.csv
2021-10-01,3006,27.0,19.4,7.2,1.2,46.0,1.0,0,0,3,3,4,4,5,5,-2.772747092470079,1.4373500248207602,10.664469,11.958687,-30.904575,10.81729,15,2021-10-01,19.81,0.0,44.79,7.37,1.0,147.92,2021,10,1,46.0,0,USA_3006.csv
2021-10-02,3006,25.0,15.2,4.6,1.4,50.0,1.0,0,0,3,3,4,4,5,5,-3.6539399061399656,2.2456231192984983,10.929205,12.0236025,-48.693596,49.28094,15,2021-10-02,19.05,0.0,60.21,7.0,1.0,187.54,2021,10,2,50.0,0,USA_3006.csv
2021-10-03,3006,23.0,18.2,5.4,1.4,54.0,1.0,0,0,3,3,4,4,5,5,-3.3415799073274814,3.0808107374107045,12.892687,10.524231,4.6888304,100.897896,15,2021-10-03,20.25,0.0,50.0,7.1,1.0,168.04,2021,10,3,54.0,0,USA_3006.csv
2021-10-04,3006,26.0,25.6,7.0,2.4,53.0,1.0,2,2,1,1,4,4,5,5,-1.0234663987852932,2.6382725165148315,12.035318,6.419648,21.037386,30.039276,15,2021-10-04,20.88,0.0,48.79,6.15,1.0,150.12,2021,10,4,53.0,0,USA_3006.csv
2021-10-05,3006,33.0,23.4,4.6,1.8,40.0,1.6,0,0,3,3,1,1,5,5,-2.377383659401645,0.6084797855096588,-0.24681897,2.8030188,-22.911486,22.303465,15,2021-10-05,20.6,0.0,67.25,10.89,1.0,224.21,2021,10,5,40.0,0,USA_3006.csv
2021-10-06,3006,29.0,21.8,6.8,1.4,38.0,1.0,0,0,3,3,1,1,7,7,-2.442596276930186,-0.08203098473133821,9.051924,12.189562,-14.029221,-2.094755,15,2021-10-06,17.7,0.0,86.17,7.4,1.0,212.79,2021,10,6,38.0,0,USA_3006.csv
2021-10-07,3006,42.0,15.6,6.6,1.8,29.0,1.4,0,0,3,3,1,1,7,7,-1.6694179963305504,-2.1555412573873656,7.2296095,4.760326,6.619696,-29.365915,15,2021-10-07,17.15,0.0,86.75,5.6,1.0,185.38,2021,10,7,42.0,0,USA_3006.csv
2021-10-08,3006,32.0,20.6,4.6,1.8,28.0,1.6,0,0,3,3,1,1,7,7,-2.643745028177555,-2.0258493434499325,4.5807877,6.408927,-38.491364,-35.16505,15,2021-10-08,17.34,0.0,81.12,9.04,1.0,270.58,2021,10,8,32.0,0,USA_3006.csv
2021-10-09,3006,12.0,15.8,3.8,1.4,30.4,10.4,0,0,2,2,3,3,0,0,-5.937510388966582,-1.67568287524509,24.043331,-4.0028744,-94.93303,-63.178177,15,2021-10-09,15.34,0.0,76.17,6.9,1.0,139.5,2021,10,9,30.4,0,USA_3006.csv
2021-10-10,3006,16.0,8.0,6.4,1.4,31.2,1.2,0,0,3,3,1,1,7,7,-4.116831750631078,-2.4123348410105234,-1.0997072,19.356754,-15.4528265,-111.19565,15,2021-10-10,16.45,0.0,65.29,6.51,1.0,154.42,2021,10,10,31.2,0,USA_3006.csv
2021-10-11,3006,18.0,9.2,5.0,1.4,33.0,1.2,0,0,3,3,1,1,7,7,-4.365375413278603,-1.7535877570752245,1.76871,12.975318,-87.77064,-24.694706,15,2021-10-11,16.08,0.0,66.58,8.92,1.0,189.42,2021,10,11,33.0,0,USA_3006.csv
2021-10-12,3006,35.0,23.4,7.8,3.0,32.0,1.6,0,0,3,3,1,1,1,1,0.2068259159881771,-1.9919910252564488,11.878017,13.953108,14.879556,-50.81401,15,2021-10-12,15.94,0.0,47.04,20.59,1.0,282.83,2021,10,12,35.0,0,USA_3006.csv
2021-10-13,3006,21.0,14.6,5.4,1.2,37.0,1.0,0,0,3,3,1,1,7,7,-3.984643078819907,-0.5479057963896367,3.4085572,11.963035,-64.72137,-21.738766,15,2021-10-13,13.82,0.0,54.0,7.72,1.0,121.88,2021,10,13,37.0,0,USA_3006.csv
2021-10-14,3006,24.0,17.0,4.2,1.8,40.0,1.2,0,0,3,3,1,1,7,7,-3.315117936767292,0.13300595497348602,3.6222186,13.128366,-44.425858,-5.208443,15,2021-10-14,15.0,0.0,54.5,6.43,1.0,127.29,2021,10,14,40.0,0,USA_3006.csv
2021-10-15,3006,34.0,25.8,5.8,2.2,35.0,1.0,0,0,3,3,1,1,7,7,-1.2620405853223478,-0.6361954213902992,-0.6436831,7.8766007,-3.307522,-27.757494,15,2021-10-15,19.16,0.0,46.04,12.45,1.0,87.92,2021,10,15,35.0,0,USA_3006.csv
2021-10-16,3006,12.0,23.2,6.0,1.2,41.0,1.0,0,0,3,3,1,1,7,7,-3.846313314703371,0.47094581553140663,4.867619,12.894692,-39.248608,8.029662,15,2021-10-16,21.01,0.0,30.83,11.2,1.0,112.17,2021,10,16,41.0,0,USA_3006.csv
2021-10-17,3006,14.0,22.6,6.4,1.0,44.0,1.0,0,0,3,3,1,1,7,7,-3.872606890220321,1.1380247789811955,10.681586,12.143464,-37.49236,8.409395,15,2021-10-17,17.2,0.0,50.83,7.21,1.0,186.62,2021,10,17,44.0,0,USA_3006.csv
2021-10-18,3006,27.0,17.0,7.2,2.0,33.0,1.0,0,0,3,3,1,1,7,7,-1.960044440337465,-1.743135930773567,3.1719012,4.2551074,-9.907902,-47.415886,15,2021-10-18,15.33,0.0,81.79,12.65,1.0,266.25,2021,10,18,33.0,0,USA_3006.csv
2021-10-19,3006,15.0,7.4,7.2,1.2,37.0,1.0,0,0,3,3,1,1,7,7,-4.153386289335196,-1.2875108981139365,2.8974354,11.792935,-41.27747,-54.709076,15,2021-10-19,13.94,0.0,67.08,8.15,1.0,120.08,2021,10,19,37.0,0,USA_3006.csv
2021-10-20,3006,19.0,20.6,3.8,1.4,41.0,1.2,0,0,3,3,1,1,7,7,-4.038310100903696,0.673439797132973,6.200189,12.867258,-58.25271,27.633455,15,2021-10-20,14.45,0.0,79.92,7.01,1.0,225.79,2021,10,20,41.0,0,USA_3006.csv
2021-10-21,3006,23.0,24.0,6.0,1.4,41.0,1.0,0,0,3,3,1,1,7,7,-2.9111899269971055,0.6373062520528741,8.854286,12.62682,-36.137226,12.9381895,15,2021-10-21,14.5,0.0,74.08,6.8,1.0,176.0,2021,10,21,41.0,0,USA_3006.csv
2021-10-22,3006,24.0,16.6,5.8,2.0,31.0,11.4,0,0,2,2,3,3,0,0,-3.9421567676242053,-1.7975137408444737,15.288842,-7.138605,-70.50282,-57.416782,15,2021-10-22,15.02,0.0,83.25,7.22,1.0,186.67,2021,10,22,31.0,0,USA_3006.csv
2021-10-23,3006,23.0,16.4,10.8,3.4,26.0,8.4,0,0,3,3,1,1,1,1,-0.32864722711182015,-4.258475066326833,14.753397,-6.1572413,-55.48978,-75.26762,15,2021-10-23,16.47,0.0,89.75,7.18,1.0,190.83,2021,10,23,26.0,0,USA_3006.csv
2021-10-24,3006,14.0,10.8,4.6,1.8,31.0,9.4,0,0,2,2,3,3,0,0,-5.201799133448047,-2.0985799907494544,15.774931,-8.256473,-78.54149,-74.57167,15,2021-10-24,16.05,0.0,80.29,5.52,1.0,154.5,2021,10,24,31.0,0,USA_3006.csv
2021-10-25,3006,15.0,14.2,5.0,2.2,28.0,1.4,0,0,3,3,1,1,7,7,-3.3214393934030704,-2.952862829705125,20.557936,12.813545,-23.428913,-83.01528,15,2021-10-25,15.86,0.0,89.12,13.35,1.0,206.17,2021,10,25,28.0,0,USA_3006.csv
2021-10-26,3006,10.0,6.8,2.2,1.4,31.0,1.0,0,0,3,3,1,1,7,7,-5.818876946761713,-2.085500394042338,3.6305208,10.2127,-97.63071,8.211572,15,2021-10-26,14.03,0.0,76.12,11.68,1.0,219.21,2021,10,26,31.0,0,USA_3006.csv
2021-10-27,3006,11.0,10.2,8.0,2.4,30.0,1.0,0,0,3,3,1,1,1,1,-2.5161872303907233,-3.336004823358041,3.5738893,3.005866,4.030498,-83.02541,15,2021-10-27,16.25,0.0,70.21,5.18,1.0,132.17,2021,10,27,30.0,0,USA_3006.csv
2021-10-28,3006,9.0,11.8,5.8,2.2,32.0,11.0,0,0,2,2,3,3,0,0,-4.763889458194166,-2.2507753058438165,16.680626,-9.181652,-81.62364,-86.873245,15,2021-10-28,18.95,0.0,70.29,5.53,1.0,144.79,2021,10,28,32.0,0,USA_3006.csv
2021-10-29,3006,9.0,8.6,3.2,1.0,37.0,1.0,0,0,3,3,1,1,7,7,-5.941568036231402,-0.7185485704030732,14.858752,11.598084,-74.57808,-26.626305,15,2021-10-29,18.35,0.0,68.21,7.07,1.0,168.75,2021,10,29,37.0,0,USA_3006.csv
2021-10-30,3006,18.0,10.8,6.6,1.8,29.0,1.0,0,0,3,3,1,1,7,7,-3.2721906041110125,-2.8983673097253897,18.906418,3.2691023,-15.321304,-89.47821,15,2021-10-30,15.52,0.0,89.75,5.27,1.0,188.54,2021,10,30,29.0,0,USA_3006.csv
2021-10-31,3006,42.0,15.6,6.6,1.8,29.0,1.4,0,0,3,3,1,1,7,7,-1.6694179963305504,-2.1555412573873656,7.2317677,4.7544265,6.6192746,-29.365898,15,2021-10-31,14.52,0.0,91.21,5.51,1.0,142.79,2021,10,31,42.0,0,USA_3006.csv
2021-11-01,3006,66.0,45.8,11.0,3.6,25.0,2.2,1,1,0,0,5,5,10,10,4.844077490588567,-2.320369328108224,10.592133,2.0601723,50.415955,-20.331127,15,2021-11-01,14.45,0.0,88.5,5.4,1.0,193.33,2021,11,1,66.0,0,USA_3006.csv
2021-11-02,3006,54.0,28.6,10.8,3.4,25.0,2.0,0,0,3,3,5,5,10,10,2.944646366029406,-3.3542768611799114,9.72921,1.8736438,32.868156,-36.8208,15,2021-11-02,14.58,0.0,87.58,4.92,1.0,131.71,2021,11,2,54.0,0,USA_3006.csv
2021-11-03,3006,32.0,18.4,6.2,3.2,22.0,3.4,0,0,3,3,1,1,1,1,-0.7636175524381236,-4.21176904335223,7.489037,2.2002795,26.213848,-49.481907,15,2021-11-03,14.74,0.0,91.58,4.39,1.0,191.96,2021,11,3,32.0,0,USA_3006.csv
2021-11-04,3006,17.0,17.8,4.8,2.6,28.0,1.4,0,0,3,3,1,1,7,7,-2.5742703420943673,-2.8865873388522467,-5.7298703,11.630089,12.394407,-96.94466,15,2021-11-04,15.5,0.0,88.42,4.23,1.0,184.0,2021,11,4,28.0,0,USA_3006.csv
2021-11-05,3006,23.0,18.6,4.2,1.6,34.0,1.4,0,0,3,3,1,1,7,7,-3.5953278184987827,-0.9348233580101962,3.2562468,14.177442,-96.89005,-32.699955,15,2021-11-05,15.05,0.0,79.04,5.01,1.0,130.88,2021,11,5,34.0,0,USA_3006.csv
2021-11-06,3006,33.0,24.4,11.0,2.8,34.0,1.0,0,0,3,3,1,1,1,1,0.9797431966334628,-1.9106601123976543,7.3889513,2.5531065,24.288908,-56.93658,15,2021-11-06,14.13,0.0,88.75,6.0,1.0,175.79,2021,11,6,34.0,0,USA_3006.csv
2021-11-07,3006,39.0,27.2,4.0,1.6,36.0,3.2,0,0,3,3,1,1,5,5,-2.4905199355353256,0.32127750818497225,7.843629,6.9592814,-26.28516,-8.002391,15,2021-11-07,13.15,0.0,90.96,5.35,1.0,178.62,2021,11,7,39.0,0,USA_3006.csv
2021-11-08,3006,48.0,31.0,6.2,1.4,43.0,1.0,0,0,3,3,4,4,5,5,-1.0095473990935044,1.8914955902497945,10.193929,9.140356,-15.080916,49.73536,15,2021-11-08,13.47,0.0,84.83,5.71,1.0,125.5,2021,11,8,48.0,0,USA_3006.csv
2021-11-09,3006,50.0,24.8,9.4,2.6,31.0,1.0,0,0,3,3,1,1,1,1,1.2261899579411153,-1.85957860117125,8.81859,3.3108377,26.67487,-36.01551,15,2021-11-09,14.18,0.0,88.83,6.96,1.0,237.12,2021,11,9,50.0,0,USA_3006.csv
2021-11-10,3006,45.0,21.6,5.6,2.0,32.0,1.0,0,0,3,3,1,1,7,7,-1.1716090568961062,-1.1339557807864469,7.7964773,5.6736817,1.2846032,-27.722673,15,2021-11-10,15.07,0.0,85.83,6.16,1.0,164.25,2021,11,10,45.0,0,USA_3006.csv
2021-11-11,3006,13.0,21.6,2.8,2.2,32.0,9.4,0,0,2,2,3,3,0,0,-4.743325802936732,-1.293198240104669,16.084435,-8.867143,-70.41607,-76.9248,15,2021-11-11,17.19,0.0,69.25,6.37,1.0,134.79,2021,11,11,32.0,0,USA_3006.csv
2021-11-12,3006,13.0,13.6,3.6,2.2,29.0,1.0,0,0,3,3,1,1,7,7,-3.851193816618775,-2.6434069460189726,1.8202707,7.509496,-61.737724,-43.797295,15,2021-11-12,20.2,0.0,54.25,7.53,1.0,135.25,2021,11,12,29.0,0,USA_3006.csv
2021-11-13,3006,5.0,9.2,5.4,2.2,30.0,1.2,0,0,3,3,1,1,7,7,-4.008960135548343,-3.0641499762234514,2.2234695,6.523587,-24.875872,-88.37592,15,2021-11-13,19.38,0.0,55.04,6.62,1.0,150.17,2021,11,13,30.0,0,USA_3006.csv
2021-11-14,3006,8.0,9.2,3.0,1.0,33.0,1.0,0,0,3,3,1,1,7,7,-6.050509550272002,-1.5022074179121818,3.3425112,10.273021,-82.843025,-21.032003,15,2021-11-14,18.02,0.0,54.62,5.67,1.0,124.33,2021,11,14,33.0,0,USA_3006.csv
2021-11-15,3006,10.0,12.4,4.8,1.2,32.0,11.0,0,0,2,2,3,3,0,0,-6.242069881733089,-1.5893739434009155,19.342922,-8.974258,-83.96637,-50.62289,15,2021-11-15,16.93,0.0,60.17,5.97,1.0,164.58,2021,11,15,32.0,0,USA_3006.csv
2021-11-16,3006,23.0,18.6,4.8,3.6,28.0,1.8,0,0,3,3,1,1,1,1,-0.9777461103826446,-3.192060612997673,7.6710253,3.4612703,21.654057,-98.00917,15,2021-11-16,14.71,0.0,86.29,5.27,1.0,160.96,2021,11,16,28.0,0,USA_3006.csv
2021-11-17,3006,33.0,20.0,5.6,2.0,32.0,1.0,0,0,3,3,1,1,7,7,-1.9563318377342258,-1.4581154491558008,6.227517,5.354599,-26.77103,-31.990616,15,2021-11-17,13.65,0.0,85.67,5.4,1.0,143.96,2021,11,17,33.0,0,USA_3006.csv
2021-11-18,3006,56.0,37.4,8.2,2.0,30.0,1.0,0,0,3,3,4,4,10,10,1.1103806340502003,-0.8323462037518953,9.531093,3.904995,26.665607,-28.127699,15,2021-11-18,14.06,0.0,91.67,5.1,1.0,230.17,2021,11,18,56.0,0,USA_3006.csv
2021-11-19,3006,41.0,14.2,6.8,4.2,26.0,1.4,0,0,3,3,5,5,1,1,1.2592031416992902,-4.038080972255998,8.841169,1.1008692,45.35411,-46.21568,15,2021-11-19,14.0,0.0,89.21,4.65,1.0,201.33,2021,11,19,41.0,0,USA_3006.csv
2021-11-20,3006,36.0,16.0,7.0,1.8,28.0,1.2,0,0,3,3,1,1,7,7,-1.8523458094322547,-2.517327936402554,6.9478064,4.448531,5.9309673,-30.68647,15,2021-11-20,13.2,0.0,87.04,5.5,1.0,136.83,2021,11,20,36.0,0,USA_3006.csv
2021-11-21,3006,42.0,22.4,2.8,1.4,31.0,1.6,0,0,3,3,1,1,7,7,-3.0152317871611807,-0.6852705730452165,6.6275654,8.280198,-53.26739,9.992315,15,2021-11-21,17.62,0.0,54.88,15.75,1.0,118.79,2021,11,21,42.0,0,USA_3006.csv
2021-11-22,3006,10.0,12.4,4.8,1.2,32.0,11.0,0,0,2,2,3,3,0,0,-6.242069881733089,-1.5893739434009155,19.343002,-8.972682,-83.96639,-50.6228,15,2021-11-22,22.75,0.0,13.46,20.79,1.0,68.71,2021,11,22,32.0,0,USA_3006.csv
2021-11-23,3006,9.0,12.2,7.2,1.8,30.0,10.6,0,0,2,2,3,3,0,0,-4.765669919604798,-2.6447275678881956,8.497079,-5.4291353,-77.675316,-84.854866,15,2021-11-23,17.53,0.0,43.04,6.52,1.0,145.25,2021,11,23,30.0,0,USA_3006.csv
2021-11-24,3006,12.0,20.6,6.6,2.2,35.0,1.0,0,0,3,3,1,1,7,7,-2.570691445280121,-1.4565428244162013,3.762935,4.0503044,-20.687105,-59.503872,15,2021-11-24,13.65,0.0,62.5,5.41,1.0,109.08,2021,11,24,35.0,0,USA_3006.csv
2021-11-25,3006,15.0,12.0,2.6,2.0,33.0,1.0,0,0,3,3,1,1,7,7,-4.363258391297762,-1.6384760177543927,1.7947795,8.216026,-67.323524,-42.41521,15,2021-11-25,16.8,0.0,28.62,13.39,1.0,128.88,2021,11,25,33.0,0,USA_3006.csv
2021-11-26,3006,9.0,9.6,7.2,2.8,31.0,1.0,0,0,3,3,1,1,1,1,-2.407555548233521,-3.2871859156296086,16.209494,0.40231872,9.904722,-86.01601,15,2021-11-26,14.95,0.0,42.46,8.41,1.0,165.21,2021,11,26,31.0,0,USA_3006.csv
2021-11-27,3006,14.0,14.4,3.4,3.4,32.0,1.0,0,0,3,3,1,1,7,7,-2.2913321623972496,-2.5107937397795506,-0.47445184,5.3801103,20.753645,-102.417046,15,2021-11-27,14.25,0.0,46.25,6.33,1.0,132.29,2021,11,27,32.0,0,USA_3006.csv
2021-11-28,3006,19.0,15.0,6.2,2.4,32.0,1.6,0,0,3,3,1,1,7,7,-2.4252544058305605,-2.258158801220887,11.884862,15.694711,-33.69038,-74.850746,15,2021-11-28,15.09,0.0,46.25,5.71,1.0,123.04,2021,11,28,32.0,0,USA_3006.csv
2021-11-29,3006,15.0,10.8,4.2,1.2,31.0,1.0,0,0,3,3,1,1,7,7,-4.941027287314938,-1.943103670185884,2.6174817,10.154189,-84.76727,-16.937153,15,2021-11-29,15.07,0.0,58.54,5.21,1.0,136.17,2021,11,29,31.0,0,USA_3006.csv
2021-11-30,3006,13.0,16.0,5.8,1.8,30.0,1.0,0,0,3,3,1,1,7,7,-3.533400060811352,-2.4110747766679155,1.8571559,5.5107813,-30.011723,-80.64924,15,2021-11-30,14.02,0.0,61.25,5.58,1.0,121.54,2021,11,30,30.0,0,USA_3006.csv
2021-12-01,3006,7.0,16.6,5.2,2.2,32.0,1.0,0,0,3,3,1,1,7,7,-3.5269735946935614,-2.199420681120479,1.6979928,5.7385316,-29.36527,-84.98964,15,2021-12-01,14.46,0.0,69.5,4.89,1.0,200.46,2021,12,1,32.0,0,USA_3006.csv
2021-12-02,3006,22.0,27.2,9.4,1.8,25.0,1.2,0,0,3,3,1,1,1,1,-1.3398315674545187,-3.1372054557906237,5.3467364,3.6746325,7.2716384,-61.170998,15,2021-12-02,13.04,0.0,56.92,4.15,1.0,126.46,2021,12,2,27.2,0,USA_3006.csv
2021-12-03,3006,33.0,24.2,6.8,2.2,26.0,1.6,0,0,3,3,1,1,7,7,-1.214427815820711,-2.708269004289613,6.590067,4.1011777,-7.722102,-39.284798,15,2021-12-03,11.39,0.0,88.12,4.6,1.0,209.46,2021,12,3,33.0,0,USA_3006.csv
2021-12-04,3006,47.0,16.8,5.2,2.2,27.0,1.0,0,0,3,3,1,1,7,7,-1.2081409068259887,-2.4184547175861684,7.738355,4.7598286,10.001022,-25.211218,15,2021-12-04,11.82,0.0,88.12,6.73,1.0,188.92,2021,12,4,47.0,0,USA_3006.csv
2021-12-05,3006,49.0,18.6,5.8,1.6,29.0,1.4,0,0,3,3,1,1,7,7,-1.6033970318617787,-1.6555423443374393,7.6280694,4.991164,11.347577,-23.926739,15,2021-12-05,11.95,0.0,79.17,5.48,1.0,135.08,2021,12,5,49.0,0,USA_3006.csv
2021-12-06,3006,27.0,23.6,6.2,1.8,29.0,1.6,0,0,3,3,1,1,7,7,-2.2711373156720653,-1.9729129972482506,1.0298169,10.128929,-9.798312,-36.92365,15,2021-12-06,12.91,0.0,66.54,5.6,1.0,133.17,2021,12,6,29.0,0,USA_3006.csv
2021-12-07,3006,64.0,21.0,6.8,1.2,27.0,1.8,0,0,3,3,1,1,10,10,-0.852285430673683,-1.571928570720292,7.1329107,7.248619,12.618577,-11.923235,15,2021-12-07,12.72,0.0,88.71,5.17,1.0,108.21,2021,12,7,64.0,0,USA_3006.csv
2021-12-08,3006,97.0,29.0,4.8,2.2,30.0,1.4,0,0,3,3,4,4,10,10,2.1931667650576516,-0.09535613377638538,11.120952,3.0144622,61.111378,0.028854083,15,2021-12-08,12.92,0.0,83.38,5.52,1.0,118.46,2021,12,8,97.0,0,USA_3006.csv
2021-12-09,3006,33.0,24.2,6.8,2.2,26.0,1.6,0,0,3,3,1,1,7,7,-1.214427815820711,-2.708269004289613,6.5904536,4.102144,-7.722154,-39.285,15,2021-12-09,13.8,0.0,86.92,10.09,1.0,236.42,2021,12,9,33.0,0,USA_3006.csv
2021-12-10,3006,17.0,17.8,4.8,2.6,28.0,1.4,0,0,3,3,1,1,7,7,-2.5742703420943673,-2.8865873388522467,-5.7299013,11.630113,12.394495,-96.94463,15,2021-12-10,11.66,0.0,71.12,13.4,1.0,209.33,2021,12,10,28.0,0,USA_3006.csv
2021-12-11,3006,19.0,15.0,3.0,2.2,31.0,8.4,0,0,2,2,3,3,0,0,-4.556913613803523,-1.7795684481939005,15.681399,-8.374648,-70.53748,-74.91781,15,2021-12-11,10.7,0.0,66.58,6.66,1.0,122.08,2021,12,11,31.0,0,USA_3006.csv
2021-12-12,3006,21.0,15.4,9.8,2.2,32.0,1.0,0,0,3,3,1,1,1,1,-1.3356985623245465,-2.592798367556727,4.4876676,2.2634633,1.1951109,-66.26229,15,2021-12-12,10.37,0.0,71.38,5.98,1.0,131.67,2021,12,12,32.0,0,USA_3006.csv
2021-12-13,3006,16.0,10.2,6.8,3.4,28.0,1.4,0,0,3,3,1,1,1,1,-1.4055359873475994,-3.955946002992158,5.4925594,1.1869274,26.450487,-91.54124,15,2021-12-13,10.82,0.0,76.33,8.58,1.0,131.04,2021,12,13,28.0,0,USA_3006.csv
2021-12-14,3006,15.0,12.0,2.6,2.0,33.0,1.0,0,0,3,3,1,1,7,7,-4.363258391297762,-1.6384760177543927,1.7936419,8.211816,-67.32207,-42.414455,15,2021-12-14,12.73,0.0,87.5,23.25,1.0,194.38,2021,12,14,33.0,0,USA_3006.csv
2021-12-15,3006,8.0,8.0,10.0,1.6,26.0,10.8,0,0,2,2,3,3,0,0,-4.467849982945096,-3.9796815588864995,15.107266,-7.80474,-72.25299,-90.13606,15,2021-12-15,8.25,0.0,77.17,12.04,1.0,178.29,2021,12,15,26.0,0,USA_3006.csv
2021-12-16,3006,15.0,21.8,8.2,3.0,20.0,1.4,0,0,3,3,1,1,1,1,-0.9533460660049526,-4.999510666335599,6.6157107,1.2435117,30.131132,-83.18369,15,2021-12-16,8.19,0.0,84.88,5.67,1.0,107.58,2021,12,16,21.8,0,USA_3006.csv
2021-12-17,3006,18.0,19.8,4.0,2.6,32.0,1.0,0,0,3,3,1,1,7,7,-2.58873347028458,-1.8424312702603851,-0.6785146,6.3071365,16.18868,-105.25198,15,2021-12-17,10.88,0.0,84.71,6.11,1.0,103.08,2021,12,17,32.0,0,USA_3006.csv
2021-12-18,3006,13.0,11.2,5.4,1.6,33.0,9.4,0,0,2,2,3,3,0,0,-5.229975645999197,-1.696795366322788,15.9114485,-7.7686653,-80.06505,-75.20356,15,2021-12-18,10.26,0.0,73.21,6.34,1.0,115.46,2021,12,18,33.0,0,USA_3006.csv
2021-12-19,3006,12.0,11.4,5.4,2.4,30.0,1.0,0,0,3,3,1,1,7,7,-3.207210673928859,-2.908224601909756,22.91485,2.0682158,-27.799444,-87.82682,15,2021-12-19,9.94,0.0,77.33,4.94,1.0,130.92,2021,12,19,30.0,0,USA_3006.csv
2021-12-20,3006,18.0,10.8,6.6,1.8,29.0,1.0,0,0,3,3,1,1,7,7,-3.2721906041110125,-2.8983673097253897,18.893147,3.2712665,-15.32122,-89.477875,15,2021-12-20,10.44,0.0,71.0,4.32,1.0,140.58,2021,12,20,29.0,0,USA_3006.csv
2021-12-21,3006,17.0,25.6,4.8,2.2,29.0,1.2,0,0,3,3,1,1,7,7,-2.6324272490469167,-2.0816249122796693,2.4636126,5.7335143,-32.412514,-45.842606,15,2021-12-21,12.21,0.0,77.38,4.93,1.0,233.88,2021,12,21,29.0,0,USA_3006.csv
2021-12-22,3006,7.0,9.4,9.0,6.4,19.0,2.0,0,0,3,3,5,5,1,1,2.359968411118599,-7.735836958889901,10.135242,-0.5483076,67.8902,-72.56235,15,2021-12-22,11.64,0.0,70.83,4.42,1.0,155.5,2021,12,22,19.0,0,USA_3006.csv
2021-12-23,3006,31.0,20.4,10.0,4.2,22.0,1.2,0,0,3,3,5,5,1,1,2.010935199514867,-5.159448778312022,8.952945,0.31941894,53.67273,-74.30083,15,2021-12-23,12.25,0.0,90.75,7.87,1.0,117.29,2021,12,23,31.0,0,USA_3006.csv
2021-12-24,3006,20.0,9.0,3.6,1.2,31.0,8.4,0,0,2,2,3,3,0,0,-5.884610318169965,-1.679813438569358,16.705067,-6.9921136,-77.20091,-66.604645,15,2021-12-24,12.38,0.0,91.25,10.58,1.0,167.04,2021,12,24,31.0,0,USA_3006.csv
2021-12-25,3006,13.0,21.6,2.8,2.2,32.0,9.4,0,0,2,2,3,3,0,0,-4.743325802936732,-1.293198240104669,16.083096,-8.86823,-70.41607,-76.9248,15,2021-12-25,11.57,0.0,86.25,6.24,1.0,157.62,2021,12,25,32.0,0,USA_3006.csv
2021-12-26,3006,9.0,8.6,4.6,3.2,29.0,10.6,0,0,2,2,3,3,0,0,-4.016497553825134,-3.36496005125614,14.869396,-8.757064,-59.973766,-87.02372,15,2021-12-26,10.56,0.0,78.38,16.3,1.0,248.5,2021,12,26,29.0,0,USA_3006.csv
2021-12-27,3006,10.0,9.0,10.2,3.0,23.0,1.6,0,0,3,3,1,1,1,1,-1.3088476793225148,-5.421111772783006,6.4660697,1.2414495,26.580635,-75.499176,15,2021-12-27,7.65,0.0,86.29,7.18,1.0,123.08,2021,12,27,23.0,0,USA_3006.csv
2021-12-28,3006,9.0,11.2,3.4,1.2,27.0,10.8,0,0,2,2,3,3,0,0,-6.800850838322013,-2.519909773079504,17.212172,-8.069998,-89.56545,-68.65175,15,2021-12-28,9.47,0.0,81.92,16.29,1.0,276.42,2021,12,28,27.0,0,USA_3006.csv
2021-12-29,3006,10.0,13.8,7.6,2.8,24.0,1.4,0,0,3,3,1,1,1,1,-2.0878237423779247,-4.526374134065895,5.4458356,1.5901308,20.637955,-87.7728,15,2021-12-29,7.52,0.0,88.46,10.72,1.0,73.75,2021,12,29,24.0,0,USA_3006.csv
2021-12-30,3006,12.0,13.8,9.4,4.0,26.0,1.0,0,0,3,3,1,1,1,1,0.15981288515674077,-4.896211754371899,8.472673,-0.05472251,49.081245,-70.09865,15,2021-12-30,10.58,0.0,92.42,15.43,1.0,83.12,2021,12,30,26.0,0,USA_3006.csv
2021-12-31,3006,11.0,11.0,4.8,1.4,27.0,10.8,0,0,2,2,3,3,0,0,-6.005927742045929,-2.7714241584452073,16.749968,-8.1636915,-89.76747,-70.0927,15,2021-12-31,10.5,0.0,86.96,9.76,1.0,152.46,2021,12,31,27.0,0,USA_3006.csv
2022-01-01,3006,13.0,11.6,5.8,2.0,34.0,1.0,0,0,3,3,1,1,7,7,-3.4955892022217685,-1.9177411558759232,2.3904607,4.1044846,-38.815086,-73.50957,15,2022-01-01,9.59,0.0,75.67,9.15,1.0,169.67,2022,1,1,34.0,0,USA_3006.csv
2022-01-02,3006,11.0,13.0,5.8,2.0,34.0,11.0,0,0,2,2,3,3,0,0,-4.824823938832864,-1.640832690309782,16.677021,-9.173868,-81.26931,-87.39719,15,2022-01-02,9.65,0.0,53.71,13.66,1.0,98.04,2022,1,2,34.0,0,USA_3006.csv
2022-01-03,3006,11.0,10.2,8.0,2.4,30.0,1.0,0,0,3,3,1,1,1,1,-2.5161872303907233,-3.336004823358041,3.569931,2.9960809,4.0314684,-83.02649,15,2022-01-03,8.7,0.0,73.58,6.49,1.0,113.58,2022,1,3,30.0,0,USA_3006.csv
2022-01-04,3006,13.0,9.6,5.8,2.4,28.0,1.0,0,0,3,3,1,1,7,7,-3.1291521627160632,-3.4476363968139316,22.914993,2.068192,-27.76265,-88.49397,15,2022-01-04,8.63,0.0,82.42,4.9,1.0,102.25,2022,1,4,28.0,0,USA_3006.csv
2022-01-05,3006,19.0,13.8,3.6,1.2,33.0,2.0,0,0,3,3,1,1,7,7,-4.855064530548889,-1.1896185098464358,15.78745,14.316118,-77.86473,-8.815742,15,2022-01-05,10.45,0.0,78.62,5.3,1.0,104.0,2022,1,5,33.0,0,USA_3006.csv
2022-01-06,3006,9.0,9.0,3.8,1.4,28.0,10.8,0,0,2,2,3,3,0,0,-6.536282713006915,-2.579425472589085,17.207232,-8.076292,-89.3851,-69.17183,15,2022-01-06,11.87,0.0,74.75,5.59,1.0,119.54,2022,1,6,28.0,0,USA_3006.csv
2022-01-07,3006,21.0,13.4,9.2,2.8,24.0,1.2,0,0,3,3,1,1,1,1,-0.941413602402289,-4.544851248344877,6.1944027,1.4837999,25.485857,-81.55333,15,2022-01-07,11.05,0.0,82.54,4.52,1.0,135.17,2022,1,7,24.0,0,USA_3006.csv
2022-01-08,3006,28.0,14.6,5.6,2.0,27.0,1.2,0,0,3,3,1,1,7,7,-2.5847455589561905,-2.866695669084515,3.8924265,5.8751063,-21.780653,-67.55987,15,2022-01-08,10.62,0.0,89.33,6.07,1.0,113.92,2022,1,8,28.0,0,USA_3006.csv
2022-01-09,3006,51.0,22.2,8.6,2.4,34.0,1.2,0,0,3,3,1,1,1,1,0.6346285575765687,-1.154721276540144,8.580644,4.2246842,24.749428,-35.555298,15,2022-01-09,12.44,0.0,62.71,12.72,1.0,101.29,2022,1,9,51.0,0,USA_3006.csv
2022-01-10,3006,14.0,15.4,9.0,2.6,33.0,1.0,0,0,3,3,1,1,1,1,-1.486902904101156,-2.611910504576568,4.0468616,2.4149678,7.4144244,-80.20989,15,2022-01-10,14.42,0.0,46.42,10.46,1.0,78.29,2022,1,10,33.0,0,USA_3006.csv
2022-01-11,3006,8.0,22.8,4.2,1.0,36.0,1.0,0,0,3,3,1,1,7,7,-4.939607887727872,-0.3237657646283831,5.430376,11.944064,-66.70741,32.453743,15,2022-01-11,12.62,0.0,53.62,11.41,1.0,69.12,2022,1,11,36.0,0,USA_3006.csv
2022-01-12,3006,10.0,12.4,7.2,2.2,34.0,11.0,0,0,2,2,3,3,0,0,-4.226081623853146,-1.9733871309567552,15.578422,-7.4770637,-79.19166,-88.06822,15,2022-01-12,13.14,0.0,61.29,6.38,1.0,84.29,2022,1,12,34.0,0,USA_3006.csv
2022-01-13,3006,7.0,6.6,5.8,2.2,25.0,11.0,0,0,2,2,3,3,0,0,-5.190926328590832,-4.004764290530602,16.197956,-8.24346,-83.82279,-80.25172,15,2022-01-13,13.92,0.0,63.12,5.78,1.0,144.62,2022,1,13,25.0,0,USA_3006.csv
2022-01-14,3006,17.0,14.8,3.8,2.0,35.0,1.0,0,0,3,3,1,1,7,7,-3.7130605392054075,-1.1980582214960107,0.97912765,8.237886,-63.603844,-37.11501,15,2022-01-14,14.28,0.0,62.42,9.12,1.0,118.88,2022,1,14,35.0,0,USA_3006.csv
2022-01-15,3006,15.0,12.0,2.6,2.0,33.0,1.0,0,0,3,3,1,1,7,7,-4.363258391297762,-1.6384760177543927,1.7948875,8.219548,-67.32207,-42.414455,15,2022-01-15,17.84,0.0,35.62,18.44,1.0,108.79,2022,1,15,33.0,0,USA_3006.csv
2022-01-16,3006,11.0,9.6,3.6,3.2,31.0,11.0,0,0,2,2,3,3,0,0,-4.201049121990897,-2.718968486333367,14.865901,-8.76201,-59.80563,-86.95248,15,2022-01-16,15.42,0.0,51.42,12.41,1.0,122.58,2022,1,16,31.0,0,USA_3006.csv
2022-01-17,3006,9.0,12.2,8.2,5.8,18.0,1.8,0,0,3,3,5,5,1,1,1.6422664749716192,-7.365617830703365,10.06859,-0.50729716,67.7925,-72.74942,15,2022-01-17,13.98,0.0,74.21,5.25,1.0,132.71,2022,1,17,18.0,0,USA_3006.csv
2022-01-18,3006,16.0,10.2,6.8,3.4,28.0,1.4,0,0,3,3,1,1,1,1,-1.4055359873475994,-3.955946002992158,5.489569,1.1922495,26.451368,-91.54181,15,2022-01-18,13.8,0.0,94.17,4.73,1.0,237.79,2022,1,18,28.0,0,USA_3006.csv
2022-01-19,3006,36.0,27.4,12.0,3.4,24.0,1.2,0,0,3,3,5,5,1,1,2.3043407648112644,-4.160696443128008,8.208239,2.023058,34.32533,-51.254013,15,2022-01-19,12.32,0.0,84.29,5.35,1.0,127.25,2022,1,19,36.0,0,USA_3006.csv
2022-01-20,3006,37.0,31.2,7.8,1.8,35.0,1.4,0,0,3,3,1,1,5,5,-0.7292444824746005,-0.35433384543620056,6.51118,-0.48571151,-3.244569,2.8511217,15,2022-01-20,12.1,0.0,78.08,4.27,1.0,153.21,2022,1,20,37.0,0,USA_3006.csv
2022-01-21,3006,15.0,13.8,4.6,1.2,36.0,10.6,0,0,2,2,3,3,0,0,-5.867420247498836,-0.5766714402833397,17.669014,-7.6351585,-87.85784,-54.66899,15,2022-01-21,12.58,0.0,63.88,6.24,1.0,138.71,2022,1,21,36.0,0,USA_3006.csv
2022-01-22,3006,15.0,15.2,4.2,1.2,35.0,1.0,0,0,3,3,1,1,7,7,-4.687953061567657,-0.887903448619928,2.6300526,10.67271,-78.645966,-21.279724,15,2022-01-22,14.22,0.0,48.75,11.62,1.0,73.38,2022,1,22,35.0,0,USA_3006.csv
2022-01-23,3006,54.8,35.0,8.2,3.0,35.0,1.4,0,0,3,3,4,4,10,10,2.142202537838437,-0.42354833862119723,9.744248,3.6988606,37.538826,-1.8715717,15,2022-01-23,13.94,0.0,47.58,7.53,1.0,116.92,2022,1,23,54.8,0,USA_3006.csv
2022-01-24,3006,21.2,20.0,5.2,2.6,30.0,1.8,0,0,3,3,1,1,7,7,-2.1291616323869698,-2.318467023909629,5.84696,3.4434578,10.766867,-96.967636,15,2022-01-24,12.43,0.0,54.62,6.89,1.0,121.5,2022,1,24,30.0,0,USA_3006.csv
2022-01-25,3006,10.0,14.6,4.2,1.8,35.0,1.0,0,0,3,3,1,1,7,7,-4.258007299819787,-1.305790759561241,18.956553,11.108314,-76.44694,-31.832684,15,2022-01-25,11.22,0.0,68.08,6.22,1.0,117.17,2022,1,25,35.0,0,USA_3006.csv
2022-01-26,3006,20.0,16.2,6.4,1.4,36.0,1.0,0,0,3,3,1,1,7,7,-3.3993422512213813,-0.91639589983484,3.0487287,13.036462,-57.406578,-22.24085,15,2022-01-26,12.81,0.0,51.75,11.72,1.0,91.17,2022,1,26,36.0,0,USA_3006.csv
2022-01-27,3006,10.0,11.2,4.6,1.4,36.0,1.0,0,0,3,3,1,1,7,7,-4.810418227188494,-1.1425543537017318,18.994446,11.152853,-77.7084,-26.86101,15,2022-01-27,12.34,0.0,50.5,9.6,1.0,102.96,2022,1,27,36.0,0,USA_3006.csv
2022-01-28,3006,11.0,13.2,9.2,1.2,37.0,10.4,0,0,2,2,3,3,0,0,-4.663527706171531,-1.096637328712606,16.972515,-7.173445,-76.370384,-87.251495,15,2022-01-28,15.43,0.0,35.54,19.09,1.0,116.71,2022,1,28,37.0,0,USA_3006.csv
2022-01-29,3006,7.0,16.6,5.2,2.2,32.0,1.0,0,0,3,3,1,1,7,7,-3.5269735946935614,-2.199420681120479,1.7014918,5.737268,-29.36527,-84.98964,15,2022-01-29,15.18,0.0,24.67,12.19,1.0,65.5,2022,1,29,32.0,0,USA_3006.csv
2022-01-30,3006,9.0,11.8,5.8,2.2,32.0,11.0,0,0,2,2,3,3,0,0,-4.763889458194166,-2.2507753058438165,16.679947,-9.180275,-81.62364,-86.873245,15,2022-01-30,11.87,0.0,48.79,8.04,1.0,127.25,2022,1,30,32.0,0,USA_3006.csv
2022-01-31,3006,18.0,13.4,6.2,2.6,25.0,2.6,0,0,3,3,1,1,7,7,-2.4807192947628773,-3.87258668587909,-1.5982355,3.1800604,4.9149184,-92.966385,15,2022-01-31,10.78,0.0,60.17,5.63,1.0,100.54,2022,1,31,25.0,0,USA_3006.csv
2022-02-01,3006,36.0,17.4,7.8,2.0,34.0,1.4,0,0,3,3,1,1,7,7,-1.2727991239523624,-1.4066534558803474,6.287982,4.5686083,0.9628087,-33.85174,15,2022-02-01,11.44,0.0,72.17,5.57,1.0,129.42,2022,2,1,36.0,0,USA_3006.csv
2022-02-02,3006,48.0,28.8,5.8,3.0,34.0,1.0,0,0,3,3,1,1,5,5,0.7130720709609766,-0.7852443554141664,8.887755,3.765871,28.304474,-11.886468,15,2022-02-02,10.67,0.0,62.92,9.25,1.0,84.21,2022,2,2,48.0,0,USA_3006.csv
2022-02-03,3006,14.0,23.4,7.2,2.2,35.0,10.6,0,0,2,2,3,3,0,0,-3.353344641009204,-1.1147884814356972,17.410444,-5.9621277,-53.647064,-95.57843,15,2022-02-03,11.09,0.0,50.71,7.6,1.0,134.67,2022,2,3,35.0,0,USA_3006.csv
2022-02-04,3006,14.0,15.4,9.0,2.6,33.0,1.0,0,0,3,3,1,1,1,1,-1.486902904101156,-2.611910504576568,4.0484324,2.4051714,7.4144006,-80.210144,15,2022-02-04,13.5,0.0,36.04,16.63,1.0,99.08,2022,2,4,33.0,0,USA_3006.csv
2022-02-05,3006,17.0,14.8,3.8,2.0,35.0,1.0,0,0,3,3,1,1,7,7,-3.7130605392054075,-1.1980582214960107,0.9825391,8.237382,-63.603962,-37.115337,15,2022-02-05,12.29,0.0,44.5,7.44,1.0,98.71,2022,2,5,35.0,0,USA_3006.csv
2022-02-06,3006,11.0,8.4,6.4,1.6,36.0,1.0,0,0,3,3,1,1,7,7,-4.086550248150653,-1.6047784724724419,3.9280074,12.289178,-38.92582,-55.53707,15,2022-02-06,13.12,0.0,50.17,6.74,1.0,136.79,2022,2,6,36.0,0,USA_3006.csv
2022-02-07,3006,6.0,16.6,6.2,1.6,35.0,1.0,0,0,3,3,1,1,7,7,-4.011098850839621,-1.4489152011486182,4.234751,12.576917,-36.273823,-55.41593,15,2022-02-07,14.77,0.0,47.29,9.07,1.0,112.71,2022,2,7,35.0,0,USA_3006.csv
2022-02-08,3006,7.0,12.6,5.0,1.2,35.0,1.0,0,0,3,3,1,1,7,7,-5.042228271714626,-1.291196597269121,3.2935414,11.484141,-78.640785,-25.781797,15,2022-02-08,14.68,0.0,52.5,5.38,1.0,157.88,2022,2,8,35.0,0,USA_3006.csv
2022-02-09,3006,8.0,22.8,4.2,1.0,36.0,1.0,0,0,3,3,1,1,7,7,-4.939607887727872,-0.3237657646283831,5.4296,11.950619,-66.70741,32.453743,15,2022-02-09,15.9,0.0,49.42,6.35,1.0,120.83,2022,2,9,36.0,0,USA_3006.csv
2022-02-10,3006,7.0,12.6,5.0,1.2,35.0,1.0,0,0,3,3,1,1,7,7,-5.042228271714626,-1.291196597269121,3.295391,11.491643,-78.640785,-25.781797,15,2022-02-10,18.13,0.0,38.96,12.1,1.0,110.46,2022,2,10,35.0,0,USA_3006.csv
2022-02-11,3006,8.0,9.2,3.0,1.0,33.0,1.0,0,0,3,3,1,1,7,7,-6.050509550272002,-1.5022074179121818,3.3515213,10.274075,-82.843025,-21.032003,15,2022-02-11,16.89,0.0,48.88,8.75,1.0,152.62,2022,2,11,33.0,0,USA_3006.csv
2022-02-12,3006,9.0,15.4,3.4,1.6,35.0,1.0,0,0,3,3,1,1,7,7,-4.775200368722812,-1.0819669320087764,18.957212,11.108422,-76.80041,-31.036993,15,2022-02-12,19.05,0.0,42.29,12.01,1.0,109.46,2022,2,12,35.0,0,USA_3006.csv
2022-02-13,3006,9.0,15.0,6.4,1.6,39.0,1.0,0,0,3,3,1,1,7,7,-3.838502239764847,-0.6783654178764749,4.34846,12.608071,-35.98627,-54.168045,15,2022-02-13,16.3,0.0,50.33,6.87,1.0,115.33,2022,2,13,39.0,0,USA_3006.csv
2022-02-14,3006,11.0,23.2,6.4,2.0,39.0,1.0,0,0,3,3,1,1,7,7,-2.7850037678048927,-0.3947613867109722,4.522827,12.808147,-30.465914,-5.7563095,15,2022-02-14,14.69,0.0,55.12,6.8,1.0,175.04,2022,2,14,39.0,0,USA_3006.csv
2022-02-15,3006,21.0,10.2,3.2,1.6,31.0,1.6,0,0,3,3,1,1,7,7,-4.510490342465926,-1.8991761949584787,19.085686,4.631441,-52.951363,-41.500843,15,2022-02-15,12.95,0.0,83.04,12.01,1.0,196.08,2022,2,15,31.0,0,USA_3006.csv
2022-02-16,3006,27.0,17.0,7.0,3.4,32.0,1.0,0,0,3,3,1,1,1,1,-0.2696613246735596,-2.5903145684031106,15.768114,10.086086,13.492684,-75.89612,15,2022-02-16,12.57,0.0,49.0,13.0,1.0,239.04,2022,2,16,32.0,0,USA_3006.csv
2022-02-17,3006,12.0,19.2,7.4,1.8,34.0,1.0,0,0,3,3,1,1,7,7,-2.9019750277524943,-1.651258042479853,3.5328975,3.6626987,-18.413822,-58.492302,15,2022-02-17,13.34,0.0,52.62,12.16,1.0,91.0,2022,2,17,34.0,0,USA_3006.csv
2022-02-18,3006,15.0,15.2,4.2,1.2,35.0,1.0,0,0,3,3,1,1,7,7,-4.687953061567657,-0.887903448619928,2.6110997,10.690448,-78.64587,-21.279648,15,2022-02-18,12.8,0.0,56.75,8.3,1.0,142.46,2022,2,18,35.0,0,USA_3006.csv
2022-02-19,3006,21.0,19.2,6.4,1.2,36.0,1.0,0,0,3,3,1,1,7,7,-3.433145262414664,-0.6419929312544965,3.5233488,12.459729,-59.34294,-22.565842,15,2022-02-19,12.05,0.0,69.25,7.61,1.0,189.12,2022,2,19,36.0,0,USA_3006.csv
2022-02-20,3006,19.0,15.2,6.4,1.4,37.0,1.0,0,0,3,3,1,1,7,7,-3.505698356652882,-0.7838458931659625,3.0387833,13.032884,-57.108498,-21.84983,15,2022-02-20,12.13,0.0,85.38,7.23,1.0,166.71,2022,2,20,37.0,0,USA_3006.csv
2022-02-21,3006,26.0,13.8,9.0,1.4,35.0,1.0,0,0,3,3,1,1,7,7,-2.368597664256528,-1.473651447971848,23.497831,-0.54515046,-23.713818,-52.929333,15,2022-02-21,11.85,0.0,79.25,9.36,1.0,184.62,2022,2,21,35.0,0,USA_3006.csv
2022-02-22,3006,36.0,17.4,7.8,2.0,34.0,1.4,0,0,3,3,1,1,7,7,-1.2727991239523624,-1.4066534558803474,6.295153,4.5683484,0.96274334,-33.850933,15,2022-02-22,10.02,0.0,71.67,14.36,1.0,251.46,2022,2,22,36.0,0,USA_3006.csv
2022-02-23,3006,21.0,16.6,4.0,1.8,33.0,1.0,0,0,3,3,1,1,7,7,-3.582886158121078,-1.364893808504095,-0.24035093,-4.9480953,-52.06814,-35.732353,15,2022-02-23,9.66,0.0,57.29,19.83,1.0,284.33,2022,2,23,33.0,0,USA_3006.csv
2022-02-24,3006,9.0,14.0,3.8,1.6,34.0,11.0,0,0,2,2,3,3,0,0,-6.016078427576586,-1.172027381269775,8.2012825,-11.445116,-91.41184,-50.56309,15,2022-02-24,8.76,0.0,48.46,10.91,1.0,179.12,2022,2,24,34.0,0,USA_3006.csv
2022-02-25,3006,20.0,21.6,5.8,2.0,37.0,1.0,0,0,3,3,1,1,7,7,-2.5424017548658884,-0.6316046568972072,1.504537,10.428322,-9.224972,-12.330938,15,2022-02-25,8.91,0.0,56.62,9.3,1.0,146.25,2022,2,25,37.0,0,USA_3006.csv
2022-02-26,3006,17.0,16.6,5.6,1.8,36.0,1.0,0,0,3,3,1,1,7,7,-3.3010084173326986,-1.0400197840683658,2.1297407,11.439903,-34.818703,-60.73143,15,2022-02-26,11.24,0.0,49.62,11.05,1.0,98.92,2022,2,26,36.0,0,USA_3006.csv
2022-02-27,3006,21.0,19.2,6.4,1.2,36.0,1.0,0,0,3,3,1,1,7,7,-3.433145262414664,-0.6419929312544965,3.5230901,12.4547415,-59.342834,-22.56556,15,2022-02-27,12.62,0.0,44.88,7.63,1.0,157.21,2022,2,27,36.0,0,USA_3006.csv
2022-02-28,3006,17.0,16.2,5.6,1.4,37.0,1.0,0,0,3,3,1,1,7,7,-3.819491781783512,-0.6648195529213811,4.176556,12.772747,-57.602375,-20.344616,15,2022-02-28,15.87,0.0,36.17,9.99,1.0,136.04,2022,2,28,37.0,0,USA_3006.csv
2022-03-01,3006,9.0,8.6,3.2,1.0,37.0,1.0,0,0,3,3,1,1,7,7,-5.941568036231402,-0.7185485704030732,14.859639,11.5987425,-74.57808,-26.626305,15,2022-03-01,17.37,0.0,32.25,11.12,1.0,160.42,2022,3,1,37.0,0,USA_3006.csv
2022-03-02,3006,12.0,25.4,3.8,1.6,44.0,1.0,0,0,3,3,1,1,7,7,-3.900432992978196,1.3044143404104755,7.9025064,11.842393,-42.051014,49.251324,15,2022-03-02,16.5,0.0,34.92,7.26,1.0,130.83,2022,3,2,44.0,0,USA_3006.csv
2022-03-03,3006,17.0,18.8,4.8,1.2,49.0,1.0,0,0,3,3,4,4,5,5,-4.1233223246804,2.1403318827020748,10.649888,12.325126,-50.98309,48.93088,15,2022-03-03,14.04,0.0,53.83,6.36,1.0,135.67,2022,3,3,49.0,0,USA_3006.csv
2022-03-04,3006,39.0,22.8,5.0,1.8,34.0,1.4,0,0,3,3,1,1,7,7,-1.9382347309753738,-0.5944424226918352,7.7375383,7.180243,-26.322102,-26.1485,15,2022-03-04,13.09,0.0,82.96,10.74,1.0,186.33,2022,3,4,39.0,0,USA_3006.csv
2022-03-05,3006,23.0,12.6,5.8,1.2,36.0,1.2,0,0,3,3,1,1,7,7,-3.879623044957836,-0.8676213116941862,1.9598693,11.803334,-64.28276,-20.322063,15,2022-03-05,11.65,0.0,66.08,26.52,1.0,276.96,2022,3,5,36.0,0,USA_3006.csv
2022-03-06,3006,15.0,9.0,3.2,2.0,34.0,1.0,0,0,3,3,1,1,7,7,-4.329681607267634,-1.6714210451205633,-2.4864783,7.479273,-67.53722,-44.251663,15,2022-03-06,10.42,0.0,65.08,15.82,1.0,220.58,2022,3,6,34.0,0,USA_3006.csv
2022-03-07,3006,19.0,17.2,3.2,1.6,38.0,1.0,0,0,3,3,1,1,7,7,-4.144157119978501,-0.1441257656693722,4.131881,13.751074,-63.05049,28.216173,15,2022-03-07,10.95,0.0,61.79,7.36,1.0,125.0,2022,3,7,38.0,0,USA_3006.csv
2022-03-08,3006,16.0,21.4,5.6,1.0,40.0,1.0,0,0,3,3,1,1,7,7,-4.089568774104149,0.3982403810228952,5.1440725,12.794593,-40.041195,10.020683,15,2022-03-08,12.8,0.0,51.92,10.9,1.0,134.92,2022,3,8,40.0,0,USA_3006.csv
2022-03-09,3006,15.0,17.4,5.6,1.0,40.0,1.0,0,0,3,3,1,1,7,7,-4.359891445737777,0.16628705481556888,4.8307085,12.691146,-40.83088,9.6490135,15,2022-03-09,11.86,0.0,60.12,8.48,1.0,155.17,2022,3,9,40.0,0,USA_3006.csv
2022-03-10,3006,28.0,27.2,4.2,1.8,40.0,1.2,0,0,3,3,1,1,5,5,-2.5412211151743054,0.7534090445328288,8.033357,10.697078,-42.479164,31.221418,15,2022-03-10,12.18,0.0,73.29,5.21,1.0,118.42,2022,3,10,40.0,0,USA_3006.csv
2022-03-11,3006,30.0,25.0,3.8,1.6,41.0,1.0,0,0,3,3,1,1,5,5,-2.8866551450783677,1.025754470077572,8.981163,13.259635,-43.979256,31.351397,15,2022-03-11,14.39,0.0,44.33,11.23,1.0,119.96,2022,3,11,41.0,0,USA_3006.csv
2022-03-12,3006,18.0,18.4,3.2,1.6,42.0,1.0,0,0,3,3,1,1,7,7,-4.119006315897703,0.7215225449065561,5.4998007,12.805011,-59.640263,27.196598,15,2022-03-12,13.41,0.0,50.46,8.68,1.0,145.33,2022,3,12,42.0,0,USA_3006.csv
2022-03-13,3006,19.0,17.6,2.4,1.2,44.0,1.0,0,0,3,3,1,1,7,7,-4.845530544903853,1.4068842785550821,6.4543037,11.61365,-71.49626,64.54435,15,2022-03-13,12.61,0.0,70.25,7.46,1.0,206.42,2022,3,13,44.0,0,USA_3006.csv
2022-03-14,3006,24.0,17.0,4.2,1.8,40.0,1.2,0,0,3,3,1,1,7,7,-3.315117936767292,0.13300595497348602,3.6225922,13.128948,-44.426224,-5.208224,15,2022-03-14,14.69,0.0,67.12,12.12,1.0,215.21,2022,3,14,40.0,0,USA_3006.csv
2022-03-15,3006,27.0,36.6,3.8,1.8,36.0,1.0,0,0,3,3,1,1,5,5,-2.220571362223001,0.4577928088627423,20.152569,4.184027,-28.35604,35.741867,15,2022-03-15,13.61,0.0,65.21,5.55,1.0,174.96,2022,3,15,36.6,0,USA_3006.csv
2022-03-16,3006,21.0,18.8,3.2,2.2,35.0,1.0,0,0,3,3,1,1,7,7,-3.2042336604436557,-0.9222790493785005,-0.015526554,8.5265255,-47.76025,-26.624004,15,2022-03-16,15.46,0.0,71.58,10.33,1.0,248.62,2022,3,16,35.0,0,USA_3006.csv
2022-03-17,3006,14.0,11.6,3.2,1.4,38.0,1.0,0,0,3,3,1,1,7,7,-4.9837129376857865,-0.4452160524368163,4.935803,11.908464,-72.160866,-29.743994,15,2022-03-17,16.75,0.0,51.5,12.02,1.0,195.67,2022,3,17,38.0,0,USA_3006.csv
2022-03-18,3006,22.0,25.6,4.0,1.4,41.0,1.2,0,0,3,3,1,1,7,7,-3.535799940307174,0.9718082642799336,7.6265674,12.954922,-47.933807,36.065193,15,2022-03-18,15.4,0.0,53.88,7.0,1.0,134.0,2022,3,18,41.0,0,USA_3006.csv
2022-03-19,3006,19.0,15.6,4.6,2.0,35.0,1.2,0,0,3,3,1,1,7,7,-3.3296046544767806,-1.2168295511926355,1.0219499,9.440553,-60.65762,-33.54136,15,2022-03-19,13.97,0.0,78.92,9.2,1.0,206.67,2022,3,19,35.0,0,USA_3006.csv
2022-03-20,3006,21.0,12.4,4.8,1.8,34.0,1.6,0,0,3,3,1,1,7,7,-3.6275800853841673,-1.473364330653687,-1.8994423,10.641651,-44.24444,-61.156326,15,2022-03-20,14.09,0.0,74.42,20.07,1.0,282.67,2022,3,20,34.0,0,USA_3006.csv
2022-03-21,3006,15.0,14.6,8.8,1.6,38.0,1.0,0,0,3,3,1,1,7,7,-2.764294392252862,-1.1031380980429002,3.7991643,2.7487037,-6.7400126,-59.404495,15,2022-03-21,16.34,0.0,41.92,12.06,1.0,246.92,2022,3,21,38.0,0,USA_3006.csv
2022-03-22,3006,14.0,23.4,7.2,2.2,35.0,10.6,0,0,2,2,3,3,0,0,-3.353344641009204,-1.1147884814356972,17.413996,-5.9617577,-53.647064,-95.57843,15,2022-03-22,18.38,0.0,46.79,9.45,1.0,109.38,2022,3,22,35.0,0,USA_3006.csv
2022-03-23,3006,14.0,22.6,6.4,1.0,44.0,1.0,0,0,3,3,1,1,7,7,-3.872606890220321,1.1380247789811955,10.678635,12.138397,-37.49236,8.409395,15,2022-03-23,18.23,0.0,51.42,6.29,1.0,145.46,2022,3,23,44.0,0,USA_3006.csv
2022-03-24,3006,15.0,14.6,6.8,1.2,47.0,1.0,0,0,3,3,1,1,7,7,-3.847165593606345,1.2020418275447988,10.876136,12.05328,-27.850182,8.2206,15,2022-03-24,16.97,0.0,60.42,5.42,1.0,242.67,2022,3,24,47.0,0,USA_3006.csv
2022-03-25,3006,16.0,16.8,5.4,1.6,41.0,1.0,0,0,3,3,1,1,7,7,-3.6375480980851043,0.100055777019261,4.6299853,12.987377,-38.59655,4.680004,15,2022-03-25,14.31,0.0,81.42,6.28,1.0,202.21,2022,3,25,41.0,0,USA_3006.csv
2022-03-26,3006,19.0,20.6,3.8,1.4,41.0,1.2,0,0,3,3,1,1,7,7,-4.038310100903696,0.673439797132973,6.206587,12.86469,-58.252396,27.634094,15,2022-03-26,13.23,0.0,83.67,6.23,1.0,204.17,2022,3,26,41.0,0,USA_3006.csv
2022-03-27,3006,27.0,22.0,4.6,1.4,39.0,1.0,0,0,3,3,1,1,7,7,-3.2315609729206543,0.38544768541492996,8.669816,12.587108,-48.26993,27.896278,15,2022-03-27,12.8,0.0,81.92,9.06,1.0,154.92,2022,3,27,39.0,0,USA_3006.csv
2022-03-28,3006,40.0,21.6,6.0,1.2,36.0,3.0,0,0,3,3,1,1,7,7,-2.580158950761484,-0.03432850933677333,7.634178,6.5478654,-22.079264,-9.708501,15,2022-03-28,13.31,0.0,81.21,15.4,1.0,159.46,2022,3,28,40.0,0,USA_3006.csv
2022-03-29,3006,11.0,13.2,4.2,1.4,35.0,1.0,0,0,3,3,1,1,7,7,-4.776132307886762,-1.1691439597448818,18.996998,11.153198,-77.60971,-27.533428,15,2022-03-29,12.01,0.0,87.42,9.92,1.0,161.29,2022,3,29,35.0,0,USA_3006.csv
2022-03-30,3006,13.0,21.6,2.8,2.2,32.0,9.4,0,0,2,2,3,3,0,0,-4.743325802936732,-1.293198240104669,16.084276,-8.866868,-70.41607,-76.9248,15,2022-03-30,12.96,0.0,86.04,6.42,1.0,168.71,2022,3,30,32.0,0,USA_3006.csv
2022-03-31,3006,31.0,21.2,6.8,2.6,35.0,1.0,0,0,3,3,1,1,1,1,-0.8658901251027361,-1.263142190239945,17.145973,7.390365,10.18079,-49.820133,15,2022-03-31,12.92,0.0,88.25,5.77,1.0,193.71,2022,3,31,35.0,0,USA_3006.csv
2022-04-01,3006,33.0,23.4,4.6,1.8,40.0,1.6,0,0,3,3,1,1,5,5,-2.377383659401645,0.6084797855096588,-0.21955886,2.8292437,-22.911146,22.30338,15,2022-04-01,13.29,0.0,84.0,6.04,1.0,190.79,2022,4,1,40.0,0,USA_3006.csv
2022-04-02,3006,36.0,17.8,4.6,1.6,35.0,1.0,0,0,3,3,1,1,7,7,-2.697965256297055,-0.5750858876938731,21.472122,6.5834956,-28.230982,-24.723753,15,2022-04-02,13.05,0.0,85.67,7.7,1.0,134.67,2022,4,2,36.0,0,USA_3006.csv
2022-04-03,3006,38.0,29.8,7.2,1.4,36.0,4.6,0,0,3,3,1,1,5,5,-1.841772679165793,0.1448809550987537,8.015148,6.591854,-20.305925,-6.4161267,15,2022-04-03,12.88,0.0,87.21,6.8,1.0,245.5,2022,4,3,38.0,0,USA_3006.csv
2022-04-04,3006,36.0,28.0,4.0,1.6,38.0,1.0,0,0,3,3,1,1,5,5,-2.330070970944404,0.6614642621996457,7.914011,9.236579,-24.79823,38.252056,15,2022-04-04,12.46,0.0,84.46,7.29,1.0,130.12,2022,4,4,38.0,0,USA_3006.csv
2022-04-05,3006,36.0,17.8,4.6,1.6,35.0,1.0,0,0,3,3,1,1,7,7,-2.697965256297055,-0.5750858876938731,21.471872,6.583603,-28.23091,-24.72357,15,2022-04-05,16.14,0.0,70.54,7.04,1.0,147.67,2022,4,5,36.0,0,USA_3006.csv
2022-04-06,3006,16.0,17.8,7.8,1.6,39.0,1.0,0,0,3,3,1,1,7,7,-2.8440740443916366,-0.5756912894477216,3.8851645,3.0367484,-7.922356,-58.492542,15,2022-04-06,17.52,0.0,67.83,7.38,1.0,195.88,2022,4,6,39.0,0,USA_3006.csv
2022-04-07,3006,22.0,15.6,5.0,1.4,40.0,1.2,0,0,3,3,1,1,7,7,-3.7580858097515817,0.10389609338595181,8.576795,12.477969,-52.050476,26.70094,15,2022-04-07,21.3,0.0,47.79,10.23,1.0,114.33,2022,4,7,40.0,0,USA_3006.csv
2022-04-08,3006,17.0,19.0,5.6,1.6,39.0,1.0,0,0,3,3,1,1,7,7,-3.410028619030931,-0.20086978480844242,4.6733155,13.079152,-39.28829,4.2516356,15,2022-04-08,21.61,0.0,51.67,9.08,1.0,166.0,2022,4,8,39.0,0,USA_3006.csv
2022-04-09,3006,25.0,21.6,6.2,2.2,49.0,1.0,0,0,3,3,4,4,5,5,-1.8149331369029196,1.7856953864587757,11.81004,6.56842,22.047674,29.137478,15,2022-04-09,18.07,0.0,63.17,5.93,1.0,213.29,2022,4,9,49.0,0,USA_3006.csv
2022-04-10,3006,45.0,23.2,3.2,2.4,40.0,1.8,0,0,3,3,4,4,5,5,-1.398156077171212,0.7410897221635264,8.905354,7.8046284,-15.844464,27.774008,15,2022-04-10,15.44,0.0,80.46,5.19,1.0,197.88,2022,4,10,45.0,0,USA_3006.csv
2022-04-11,3006,52.0,20.0,4.4,1.2,37.0,1.0,0,0,3,3,1,1,5,5,-2.2029835345702615,0.4890390487076814,8.071154,8.21824,-12.361411,35.267403,15,2022-04-11,14.96,0.0,80.29,10.1,1.0,232.29,2022,4,11,52.0,0,USA_3006.csv
2022-04-12,3006,34.0,23.2,4.6,1.2,40.0,1.6,0,0,3,3,1,1,5,5,-3.083036751148827,0.9041801469372303,9.478646,11.134547,-40.071205,23.48551,15,2022-04-12,13.96,0.0,53.04,24.24,1.0,278.42,2022,4,12,40.0,0,USA_3006.csv
2022-04-13,3006,10.0,6.0,5.6,1.4,45.0,1.0,0,0,3,3,1,1,7,7,-4.728611611559599,0.29892335713521156,4.6344624,12.628265,-59.781258,-14.961213,15,2022-04-13,13.73,0.0,44.71,12.15,1.0,249.5,2022,4,13,45.0,0,USA_3006.csv
2022-04-14,3006,22.0,22.0,6.4,1.4,45.0,1.0,0,0,3,3,1,1,5,5,-2.9305664433863834,1.28039028939139,10.497556,12.046142,-32.979668,8.751208,15,2022-04-14,13.1,0.0,66.83,7.18,1.0,201.67,2022,4,14,45.0,0,USA_3006.csv
2022-04-15,3006,24.0,20.6,5.8,1.2,39.0,1.0,0,0,3,3,1,1,7,7,-3.3566600452402877,0.18798125480325933,5.4231114,13.005987,-37.895634,13.396234,15,2022-04-15,13.62,0.0,76.25,7.91,1.0,197.79,2022,4,15,39.0,0,USA_3006.csv
2022-04-16,3006,23.0,13.6,7.8,4.0,25.0,8.4,0,0,3,3,1,1,0,0,-0.6666521075044533,-4.501541712432029,14.830395,-6.3532596,-57.210186,-78.03459,15,2022-04-16,13.95,0.0,83.08,11.57,1.0,182.62,2022,4,16,25.0,0,USA_3006.csv
2022-04-17,3006,13.0,12.6,8.0,1.2,31.0,9.4,0,0,2,2,3,3,0,0,-4.855020922113408,-2.186918174036276,17.326332,-6.9514976,-74.01942,-83.67665,15,2022-04-17,13.5,0.0,82.33,8.86,1.0,176.17,2022,4,17,31.0,0,USA_3006.csv
2022-04-18,3006,22.0,19.0,4.6,1.0,39.0,1.2,0,0,3,3,1,1,7,7,-4.210182017955706,0.3224652926951963,6.468933,12.685186,-56.06503,32.899902,15,2022-04-18,14.01,0.0,78.5,6.06,1.0,204.29,2022,4,18,39.0,0,USA_3006.csv
2022-04-19,3006,29.0,14.4,3.4,1.8,35.0,1.6,0,0,3,3,1,1,7,7,-3.487738126493396,-0.8169358857572966,5.9354897,8.664725,-39.892345,-29.223473,15,2022-04-19,15.36,0.0,73.25,11.41,1.0,193.17,2022,4,19,35.0,0,USA_3006.csv
2022-04-20,3006,34.0,22.4,5.2,1.8,39.0,1.0,0,0,3,3,1,1,5,5,-2.112214855395851,0.2759323019526506,-0.19812939,2.844657,-24.197899,21.367554,15,2022-04-20,15.47,0.0,76.33,13.38,1.0,200.29,2022,4,20,39.0,0,USA_3006.csv
2022-04-21,3006,21.0,16.6,4.0,1.8,33.0,1.0,0,0,3,3,1,1,7,7,-3.582886158121078,-1.364893808504095,-0.24034718,-4.948076,-52.06607,-35.733517,15,2022-04-21,13.5,0.0,80.88,11.51,1.0,194.21,2022,4,21,33.0,0,USA_3006.csv
2022-04-22,3006,15.0,9.0,3.2,2.0,34.0,1.0,0,0,3,3,1,1,7,7,-4.329681607267634,-1.6714210451205633,-2.4868255,7.4791536,-67.53731,-44.251606,15,2022-04-22,13.64,0.0,79.12,23.54,1.0,265.12,2022,4,22,34.0,0,USA_3006.csv
2022-04-23,3006,16.0,16.8,5.4,1.6,41.0,1.0,0,0,3,3,1,1,7,7,-3.6375480980851043,0.100055777019261,4.624701,12.985804,-38.59679,4.679859,15,2022-04-23,14.45,0.0,63.21,13.01,1.0,194.62,2022,4,23,41.0,0,USA_3006.csv
2022-04-24,3006,14.0,18.8,5.4,1.4,40.0,1.0,0,0,3,3,1,1,7,7,-3.9043010947314296,0.056119548642543635,4.6476893,12.975832,-39.173824,5.3947906,15,2022-04-24,16.88,0.0,59.54,9.78,1.0,117.29,2022,4,24,40.0,0,USA_3006.csv
2022-04-25,3006,13.0,10.0,3.6,1.2,50.0,1.0,0,0,3,3,1,1,7,7,-5.193258230643802,1.9585054874422934,11.036027,12.152888,-51.783176,50.560852,15,2022-04-25,17.59,0.0,61.25,9.91,1.0,169.08,2022,4,25,50.0,0,USA_3006.csv
2022-04-26,3006,20.0,11.4,5.2,2.6,53.0,1.0,0,0,3,3,4,4,5,5,-2.4376971144796062,1.9088325684374763,11.940183,6.3883324,26.625889,24.176695,15,2022-04-26,16.6,0.0,68.67,7.46,1.0,199.88,2022,4,26,53.0,0,USA_3006.csv
2022-04-27,3006,32.0,28.0,6.2,1.4,48.0,1.2,0,0,3,3,4,4,5,5,-2.1026634318738924,2.4456906181289284,11.807034,10.776491,-1.2484914,84.490456,15,2022-04-27,14.96,0.0,78.25,8.85,1.0,204.46,2022,4,27,48.0,0,USA_3006.csv
2022-04-28,3006,53.0,30.6,5.4,1.6,43.0,1.2,0,0,3,3,4,4,5,5,-0.7638587721190061,1.985344959866152,10.280503,8.432979,-2.0665834,49.09705,15,2022-04-28,14.09,0.0,79.83,6.47,1.0,179.67,2022,4,28,53.0,0,USA_3006.csv
2022-04-29,3006,47.0,37.8,4.2,1.6,47.0,1.0,2,2,1,1,4,4,5,5,-1.0618217123420568,3.223295635153494,11.348734,8.533783,9.9519415,57.194103,15,2022-04-29,14.31,0.0,72.21,6.7,1.0,146.04,2022,4,29,47.0,0,USA_3006.csv
2022-04-30,3006,43.0,30.2,4.0,1.6,51.0,1.0,2,2,1,1,4,4,5,5,-1.7405769509885887,3.58916913368638,11.512104,9.633665,-18.491701,84.63952,15,2022-04-30,15.5,0.0,70.38,6.46,1.0,234.25,2022,4,30,51.0,0,USA_3006.csv
2022-05-01,3006,41.0,23.4,3.8,1.2,39.0,1.2,0,0,3,3,1,1,5,5,-2.8677845483359565,0.9451207053119673,8.006639,9.216809,-21.796173,35.291256,15,2022-05-01,15.3,0.0,78.62,6.41,1.0,181.83,2022,5,1,41.0,0,USA_3006.csv
2022-05-02,3006,42.0,29.6,5.2,1.8,40.0,1.0,0,0,3,3,4,4,5,5,-1.2590367118163468,1.0226140947467863,9.5390835,7.0867906,-24.798601,44.94921,15,2022-05-02,14.92,0.0,79.29,5.86,1.0,223.83,2022,5,2,42.0,0,USA_3006.csv
2022-05-03,3006,43.0,37.4,5.0,1.4,43.0,1.8,0,0,3,3,4,4,5,5,-1.440139479255064,2.3092585946666544,10.125477,9.022171,-8.868516,56.24857,15,2022-05-03,14.7,0.0,81.96,6.63,1.0,212.67,2022,5,3,43.0,0,USA_3006.csv
2022-05-04,3006,42.0,37.6,4.6,2.2,46.0,1.0,2,2,3,3,4,4,5,5,-0.4905770624185737,2.5681520701494622,10.960513,8.770342,9.576942,50.160778,15,2022-05-04,14.9,0.0,77.75,7.12,1.0,170.33,2022,5,4,46.0,0,USA_3006.csv
2022-05-05,3006,44.0,23.0,6.8,2.0,50.0,1.6,2,2,1,1,4,4,5,5,-0.7682808179985444,2.4749470070740682,12.2182,8.523774,9.721175,80.297325,15,2022-05-05,14.67,0.0,85.79,7.7,1.0,190.0,2022,5,5,50.0,0,USA_3006.csv
2022-05-06,3006,48.0,31.0,4.2,1.6,44.0,1.0,0,0,3,3,4,4,5,5,-1.378796455420264,2.266335981413701,10.131537,8.742677,-7.271858,52.04374,15,2022-05-06,16.15,0.0,75.96,6.21,1.0,206.67,2022,5,6,48.0,0,USA_3006.csv
2022-05-07,3006,35.0,19.2,3.0,1.0,35.0,1.0,0,0,3,3,1,1,7,7,-3.935750672294954,-0.022640741634099022,5.9596786,10.552543,-71.202194,24.003403,15,2022-05-07,16.48,0.0,81.12,6.37,1.0,176.04,2022,5,7,35.0,0,USA_3006.csv
2022-05-08,3006,38.0,29.8,7.2,1.4,36.0,4.6,0,0,3,3,1,1,5,5,-1.841772679165793,0.1448809550987537,8.020805,6.5934253,-20.305925,-6.4161267,15,2022-05-08,15.05,0.0,78.12,9.45,1.0,193.62,2022,5,8,38.0,0,USA_3006.csv
2022-05-09,3006,35.0,19.0,4.8,1.2,37.0,1.0,0,0,3,3,1,1,7,7,-3.122473101182564,0.043989570377276396,7.6975684,12.482554,-41.73298,18.915287,15,2022-05-09,15.21,0.0,57.54,14.38,1.0,234.25,2022,5,9,37.0,0,USA_3006.csv
2022-05-10,3006,20.0,13.2,9.4,1.8,35.0,1.8,0,0,3,3,1,1,1,1,-2.2259789517722366,-1.8495846431878915,1.9180834,0.12546943,-3.570446,-57.29751,15,2022-05-10,13.48,0.0,63.88,14.37,1.0,225.38,2022,5,10,35.0,0,USA_3006.csv
2022-05-11,3006,19.0,11.0,3.0,1.6,36.0,1.0,0,0,3,3,1,1,7,7,-4.545224214355385,-0.8572533523227324,3.8371408,16.03966,-70.617035,-33.81548,15,2022-05-11,13.33,0.0,61.79,16.01,1.0,264.21,2022,5,11,36.0,0,USA_3006.csv
2022-05-12,3006,20.0,13.0,4.8,1.4,44.0,1.0,0,0,3,3,1,1,7,7,-4.029456883655786,0.769818944289409,10.516112,12.768665,-54.395542,49.758278,15,2022-05-12,15.65,0.0,52.46,14.52,1.0,222.62,2022,5,12,44.0,0,USA_3006.csv
2022-05-13,3006,25.0,23.8,4.8,1.2,42.0,1.0,0,0,3,3,1,1,5,5,-3.4264999633673177,1.126424507952541,7.865655,12.772566,-50.229183,32.06399,15,2022-05-13,17.89,0.0,46.88,9.52,1.0,187.71,2022,5,13,42.0,0,USA_3006.csv
2022-05-14,3006,17.0,14.4,6.4,1.6,51.0,1.0,0,0,3,3,4,4,5,5,-3.344047742829828,1.9153829542581084,11.103844,12.041476,-49.89931,53.06924,15,2022-05-14,19.66,0.0,44.54,8.67,1.0,144.83,2022,5,14,51.0,0,USA_3006.csv
2022-05-15,3006,21.0,15.8,5.8,1.6,49.0,1.0,0,0,3,3,4,4,5,5,-3.234084334991089,1.7378127402521453,10.968645,12.062433,-49.318897,52.172962,15,2022-05-15,17.33,0.0,71.29,7.59,1.0,198.38,2022,5,15,49.0,0,USA_3006.csv
2022-05-16,3006,35.0,22.6,7.4,2.0,36.0,1.0,0,0,3,3,1,1,7,7,-1.119190408450035,-0.6967398320573976,17.675274,8.6611595,-2.3234124,-32.28457,15,2022-05-16,15.42,0.0,82.17,6.96,1.0,202.25,2022,5,16,36.0,0,USA_3006.csv
2022-05-17,3006,35.0,21.8,4.2,2.0,39.0,1.0,0,0,3,3,1,1,7,7,-2.1472331213292186,0.3010231226658204,7.9681315,9.447479,-25.312159,24.341259,15,2022-05-17,14.01,0.0,85.42,5.2,1.0,164.96,2022,5,17,39.0,0,USA_3006.csv
2022-05-18,3006,41.0,28.4,6.2,2.0,46.0,1.2,0,0,3,3,4,4,5,5,-0.8130796543671942,1.9490583664048537,11.111169,7.844989,6.5623913,24.052599,15,2022-05-18,14.02,0.0,89.29,5.63,1.0,199.54,2022,5,18,46.0,0,USA_3006.csv
2022-05-19,3006,50.0,40.2,7.8,4.0,45.0,1.0,2,2,1,1,4,4,8,8,3.3695606611228057,1.3772971060001054,12.709124,3.416484,52.626667,23.545517,15,2022-05-19,13.98,0.0,90.33,6.14,1.0,202.79,2022,5,19,50.0,0,USA_3006.csv
2022-05-20,3006,35.0,22.0,8.0,1.6,38.0,3.2,0,0,3,3,1,1,5,5,-1.7387914935518558,-0.1527079986858975,8.359747,6.119481,-17.543135,-10.108145,15,2022-05-20,14.38,0.0,88.54,5.91,1.0,184.0,2022,5,20,38.0,0,USA_3006.csv
2022-05-21,3006,29.0,24.8,4.0,1.4,37.0,1.0,0,0,3,3,1,1,7,7,-3.1640533874444037,0.24218713713267032,7.9222884,13.356294,-46.936108,22.967834,15,2022-05-21,15.98,0.0,82.04,9.52,1.0,258.42,2022,5,21,37.0,0,USA_3006.csv
2022-05-22,3006,29.0,24.8,4.0,1.4,37.0,1.0,0,0,3,3,1,1,7,7,-3.1640533874444037,0.24218713713267032,7.9227743,13.360483,-46.935875,22.968006,15,2022-05-22,15.0,0.0,78.67,8.29,1.0,227.92,2022,5,22,37.0,0,USA_3006.csv
2022-05-23,3006,32.0,31.6,5.6,1.2,40.0,1.0,0,0,3,3,4,4,5,5,-2.364620629753076,1.1625489332351282,10.714817,15.275746,-32.295826,51.47023,15,2022-05-23,14.33,0.0,81.38,6.71,1.0,213.38,2022,5,23,40.0,0,USA_3006.csv
2022-05-24,3006,41.0,25.6,6.4,1.6,44.0,1.8,0,0,3,3,4,4,5,5,-1.4883419168861458,1.5686367389885376,10.927611,9.787212,-16.657375,19.325583,15,2022-05-24,14.52,0.0,86.58,6.05,1.0,167.08,2022,5,24,44.0,0,USA_3006.csv
2022-05-25,3006,45.0,37.8,9.0,1.8,53.0,1.0,2,2,1,1,4,4,8,8,0.6032992177310148,3.6854358481536686,12.922667,7.115685,30.807613,64.01161,15,2022-05-25,14.52,0.0,90.04,6.64,1.0,173.79,2022,5,25,53.0,0,USA_3006.csv
2022-05-26,3006,43.0,30.4,6.6,1.2,42.0,1.8,0,0,3,3,4,4,5,5,-1.5669517414730474,1.6163648925053122,10.107552,9.427076,-17.919281,50.384464,15,2022-05-26,16.08,0.0,86.67,7.26,1.0,197.96,2022,5,26,43.0,0,USA_3006.csv
2022-05-27,3006,45.0,34.4,2.4,1.6,36.0,1.0,0,0,3,3,4,4,5,5,-1.9761507506320866,0.9810314323330741,8.784306,8.179346,-5.9377985,34.849827,15,2022-05-27,15.81,0.0,78.83,7.0,1.0,200.96,2022,5,27,45.0,0,USA_3006.csv
2022-05-28,3006,23.0,27.2,7.8,1.4,31.0,11.4,0,0,2,2,3,3,0,0,-3.566730353975254,-1.2340813550703058,17.338938,-6.0171194,-71.84161,-53.764275,15,2022-05-28,15.4,0.0,80.38,10.7,1.0,182.75,2022,5,28,31.0,0,USA_3006.csv
2022-05-29,3006,21.0,16.6,4.0,1.8,33.0,1.0,0,0,3,3,1,1,7,7,-3.582886158121078,-1.364893808504095,-0.21617262,-4.9238586,-52.06678,-35.733795,15,2022-05-29,15.7,0.0,77.33,6.73,1.0,141.83,2022,5,29,33.0,0,USA_3006.csv
2022-05-30,3006,27.0,36.6,3.8,1.8,36.0,1.0,0,0,3,3,1,1,5,5,-2.220571362223001,0.4577928088627423,20.152782,4.183998,-28.356745,35.742363,15,2022-05-30,17.48,0.0,70.83,7.16,1.0,200.38,2022,5,30,36.6,0,USA_3006.csv
2022-05-31,3006,40.0,30.6,4.6,1.4,39.0,1.0,0,0,3,3,4,4,5,5,-2.017518957640389,1.1005657759686707,8.983936,9.502313,-23.567333,41.416985,15,2022-05-31,16.74,0.0,75.46,7.2,1.0,176.5,2022,5,31,40.0,0,USA_3006.csv
2022-06-01,3006,42.0,37.6,4.6,2.2,46.0,1.0,2,2,3,3,4,4,5,5,-0.4905770624185737,2.5681520701494622,10.96939,8.78034,9.576712,50.160797,15,2022-06-01,17.53,0.0,71.21,7.24,1.0,160.46,2022,6,1,46.0,0,USA_3006.csv
2022-06-02,3006,44.0,34.6,6.4,1.6,46.0,1.0,2,2,3,3,4,4,5,5,-0.7234888784633969,2.4970796892292877,11.798189,8.173721,5.1409016,54.47337,15,2022-06-02,17.0,0.0,81.29,7.77,1.0,180.25,2022,6,2,46.0,0,USA_3006.csv
2022-06-03,3006,49.0,21.8,6.2,1.4,37.0,1.0,0,0,3,3,1,1,5,5,-1.4686287980130501,0.19083718220864002,8.069081,7.7634664,-16.313719,34.715008,15,2022-06-03,15.97,0.0,87.29,6.87,1.0,216.25,2022,6,3,49.0,0,USA_3006.csv
2022-06-04,3006,36.0,28.0,4.0,1.6,38.0,1.0,0,0,3,3,1,1,5,5,-2.330070970944404,0.6614642621996457,7.9127884,9.230174,-24.798946,38.252213,15,2022-06-04,16.56,0.0,84.54,7.64,1.0,162.71,2022,6,4,38.0,0,USA_3006.csv
2022-06-05,3006,34.0,26.8,7.8,1.4,36.0,1.0,0,0,3,3,1,1,5,5,-1.583233356700774,-0.2606835780611105,8.361698,6.557762,-6.434084,0.8493569,15,2022-06-05,16.81,0.0,82.54,7.48,1.0,155.46,2022,6,5,36.0,0,USA_3006.csv
2022-06-06,3006,23.0,22.6,4.8,1.8,32.0,11.0,0,0,2,2,3,3,0,0,-4.189849234671938,-1.0758073629890699,17.22183,-6.4569764,-72.84328,-57.920753,15,2022-06-06,18.34,0.0,85.83,8.21,1.0,190.75,2022,6,6,32.0,0,USA_3006.csv
2022-06-07,3006,28.0,37.8,4.4,1.6,39.0,1.2,0,0,3,3,4,4,5,5,-2.1729949637306345,1.1787010989826074,9.593996,10.416676,-33.914898,44.975964,15,2022-06-07,18.24,0.0,85.58,6.5,1.0,216.08,2022,6,7,39.0,0,USA_3006.csv
2022-06-08,3006,38.0,30.2,5.0,3.6,45.0,1.0,0,0,3,3,4,4,5,5,0.7619098044836958,1.1695368937996846,0.93227905,-1.3204437,33.223793,10.9035225,15,2022-06-08,17.42,0.0,85.58,5.18,1.0,258.04,2022,6,8,45.0,0,USA_3006.csv
2022-06-09,3006,39.0,24.0,6.0,1.6,49.0,1.0,0,0,3,3,4,4,5,5,-1.6870721239028406,2.504982808509389,11.99287,10.3262615,-2.0056903,83.00229,15,2022-06-09,18.0,0.0,86.67,7.34,1.0,246.54,2022,6,9,49.0,0,USA_3006.csv
2022-06-10,3006,39.0,21.0,5.6,2.4,66.0,1.4,2,2,1,1,4,4,8,8,-0.9336155080745467,5.520303375443729,14.564009,7.774938,40.73066,85.60651,15,2022-06-10,17.94,0.0,87.83,6.95,1.0,200.46,2022,6,10,66.0,0,USA_3006.csv
2022-06-11,3006,46.0,34.0,7.0,2.2,48.0,1.2,2,2,1,1,4,4,5,5,0.28655393234711535,2.5552275854066413,11.437197,7.794239,6.1966953,49.221924,15,2022-06-11,17.27,0.0,89.38,7.67,1.0,216.21,2022,6,11,48.0,0,USA_3006.csv
2022-06-12,3006,45.0,34.6,5.0,1.4,45.0,1.0,0,0,3,3,4,4,5,5,-1.3590003756164315,2.5923348955153758,10.496274,9.132245,-9.581782,54.579567,15,2022-06-12,17.4,0.0,87.46,7.42,1.0,227.42,2022,6,12,45.0,0,USA_3006.csv
2022-06-13,3006,28.0,10.8,3.0,1.4,31.0,1.6,0,0,3,3,1,1,7,7,-4.38406304485665,-1.6058195989556656,4.0722384,8.140919,-74.21288,-0.03918418,15,2022-06-13,18.65,0.0,81.92,7.6,1.0,195.08,2022,6,13,31.0,0,USA_3006.csv
2022-06-14,3006,31.0,27.6,6.6,2.2,37.0,1.0,0,0,3,3,1,1,5,5,-1.0815458519064616,-0.29555267996383283,5.5130606,4.7237444,-5.234101,-26.632208,15,2022-06-14,18.9,0.0,78.58,8.04,1.0,179.5,2022,6,14,37.0,0,USA_3006.csv
2022-06-15,3006,38.0,24.4,5.8,3.4,48.0,1.4,2,2,3,3,4,4,5,5,0.4169660765601065,1.4778594669939769,12.354695,5.447735,43.352154,22.062214,15,2022-06-15,18.73,0.0,85.17,7.08,1.0,183.46,2022,6,15,48.0,0,USA_3006.csv
2022-06-16,3006,46.0,38.0,5.0,1.2,49.0,1.0,2,2,1,1,4,4,5,5,-1.3517248041410348,3.709931293340115,11.497515,9.0089855,7.9468455,61.655247,15,2022-06-16,17.92,0.0,87.79,8.22,1.0,226.83,2022,6,16,49.0,0,USA_3006.csv
2022-06-17,3006,48.0,38.4,4.0,1.2,40.0,1.2,0,0,3,3,4,4,5,5,-1.5970076374863083,2.058790094879103,9.831992,8.773385,-24.306753,59.713253,15,2022-06-17,17.76,0.0,79.04,11.7,1.0,206.29,2022,6,17,48.0,0,USA_3006.csv
2022-06-18,3006,31.0,27.6,6.6,2.2,37.0,1.0,0,0,3,3,1,1,5,5,-1.0815458519064616,-0.29555267996383283,5.5098066,4.723906,-5.234101,-26.632208,15,2022-06-18,17.63,0.0,71.75,10.37,1.0,200.96,2022,6,18,37.0,0,USA_3006.csv
2022-06-19,3006,24.0,20.0,4.0,1.8,38.0,1.0,0,0,3,3,1,1,7,7,-3.202859851014681,-0.09735776815934528,7.3396144,11.590018,-44.39055,-7.0185223,15,2022-06-19,18.1,0.0,67.17,7.11,1.0,175.38,2022,6,19,38.0,0,USA_3006.csv
2022-06-20,3006,22.0,16.8,3.6,1.6,50.0,1.0,0,0,3,3,4,4,5,5,-3.80566887095695,2.307532149239134,11.096068,11.855009,-47.80427,49.904617,15,2022-06-20,20.14,0.0,62.75,7.83,1.0,197.58,2022,6,20,50.0,0,USA_3006.csv
2022-06-21,3006,17.0,15.0,6.6,2.2,53.0,1.0,0,0,3,3,4,4,5,5,-2.486393873601116,2.0453467969042674,11.797996,6.4640775,25.722002,27.08269,15,2022-06-21,21.02,0.0,64.38,8.11,1.0,162.67,2022,6,21,53.0,0,USA_3006.csv
2022-06-22,3006,42.0,35.6,3.8,2.8,48.0,1.6,2,2,1,1,4,4,5,5,-0.16059986713480418,2.7072641802279414,11.907835,5.861685,32.561066,9.407834,15,2022-06-22,18.3,0.0,80.79,7.93,1.0,192.17,2022,6,22,48.0,0,USA_3006.csv
2022-06-23,3006,34.0,29.8,5.2,1.4,44.0,1.0,0,0,3,3,4,4,5,5,-2.1974277651505028,1.886538782036621,10.502488,10.932065,-15.460158,75.361206,15,2022-06-23,18.52,0.0,80.58,9.81,1.0,259.83,2022,6,23,44.0,0,USA_3006.csv
2022-06-24,3006,37.0,38.6,5.4,2.8,46.0,1.0,2,2,3,3,4,4,5,5,0.2743051520358124,2.1291500753686554,0.9196054,-1.3115903,31.66756,11.203467,15,2022-06-24,17.41,0.0,81.75,8.81,1.0,194.08,2022,6,24,46.0,0,USA_3006.csv
2022-06-25,3006,25.0,24.4,5.2,1.8,45.0,1.0,0,0,3,3,4,4,5,5,-2.501341844904689,1.435407038047729,10.863253,11.805543,-41.73229,42.42238,15,2022-06-25,17.58,0.0,82.92,9.57,1.0,198.71,2022,6,25,45.0,0,USA_3006.csv
2022-06-26,3006,28.0,26.4,6.6,1.6,46.0,1.6,0,0,3,3,4,4,5,5,-2.1059846857182225,1.731399675310543,11.886344,12.298098,0.12950817,27.170612,15,2022-06-26,18.28,0.0,81.58,8.55,1.0,195.38,2022,6,26,46.0,0,USA_3006.csv
2022-06-27,3006,36.0,38.4,8.6,1.8,58.0,1.8,2,2,1,1,4,4,8,8,-0.09300745941429123,4.637576362397052,13.41113,7.524713,26.256704,76.47529,15,2022-06-27,18.43,0.0,81.83,8.42,1.0,212.75,2022,6,27,58.0,0,USA_3006.csv
2022-06-28,3006,41.0,42.2,5.8,2.2,60.0,1.8,2,2,1,1,4,4,8,8,0.036732889137196856,5.529519709863757,13.515699,7.578726,35.765804,70.52546,15,2022-06-28,19.71,0.0,77.25,6.68,1.0,184.88,2022,6,28,60.0,0,USA_3006.csv
2022-06-29,3006,35.0,33.4,7.2,2.6,60.0,1.4,2,2,1,1,4,4,8,8,0.21184704710928287,4.557463718653823,13.900161,8.141126,30.084743,81.730896,15,2022-06-29,20.02,0.0,77.12,6.79,1.0,196.25,2022,6,29,60.0,0,USA_3006.csv
2022-06-30,3006,45.0,39.2,9.0,3.0,50.0,1.2,2,2,1,1,4,4,8,8,2.1436133754260362,2.5752871271532927,12.475312,5.103414,46.581394,35.99987,15,2022-06-30,19.51,0.0,80.0,7.72,1.0,214.96,2022,6,30,50.0,0,USA_3006.csv
2022-07-01,3006,46.0,49.6,7.2,2.6,46.0,1.0,2,2,1,1,4,4,5,5,1.6939206747503825,2.748823709283232,11.70414,7.0519676,30.136484,43.38913,15,2022-07-01,18.94,0.0,79.5,7.8,1.0,186.71,2022,7,1,49.6,0,USA_3006.csv
2022-07-02,3006,41.0,16.6,4.2,3.2,37.0,1.0,0,0,3,3,1,1,7,7,-0.5760440084456642,-0.8386121321335978,8.303125,3.709602,23.99255,-13.692564,15,2022-07-02,18.73,0.0,78.58,8.88,1.0,190.67,2022,7,2,41.0,0,USA_3006.csv
2022-07-03,3006,32.0,20.8,4.6,2.2,32.0,1.0,0,0,3,3,1,1,7,7,-2.033805687769759,-1.398715094514823,15.770596,12.03367,-30.104977,-31.87828,15,2022-07-03,18.56,0.0,78.0,9.09,1.0,196.5,2022,7,3,32.0,0,USA_3006.csv
2022-07-04,3006,29.0,25.2,6.8,2.0,34.0,1.0,0,0,3,3,1,1,7,7,-1.5288988683467581,-1.0101721243407888,17.376213,8.551263,-5.3603616,-31.668526,15,2022-07-04,18.6,0.0,75.25,8.4,1.0,188.12,2022,7,4,34.0,0,USA_3006.csv
2022-07-05,3006,43.0,23.6,4.0,2.8,32.0,1.2,0,0,3,3,1,1,7,7,-0.7037703453161798,-1.2329639535342847,8.33652,3.5671823,23.066383,-15.396783,15,2022-07-05,18.8,0.0,79.08,7.86,1.0,194.96,2022,7,5,43.0,0,USA_3006.csv
2022-07-06,3006,55.0,28.2,9.2,3.6,24.0,1.4,0,0,3,3,5,5,10,10,2.8048610541098107,-3.4592016134520596,9.412365,1.8016247,34.369522,-37.009205,15,2022-07-06,18.89,0.0,85.17,8.57,1.0,163.88,2022,7,6,55.0,0,USA_3006.csv
2022-07-07,3006,16.0,16.0,5.2,1.6,35.0,1.0,0,0,3,3,1,1,7,7,-3.77230052609827,-1.1488552435823376,4.9023066,-6.9157662,-36.666748,-60.566467,15,2022-07-07,18.74,0.0,83.75,7.95,1.0,193.83,2022,7,7,35.0,0,USA_3006.csv
2022-07-08,3006,18.0,17.2,4.6,1.2,39.0,1.0,0,0,3,3,1,1,7,7,-4.262025849903625,0.046973190700144316,5.838289,12.705074,-56.726738,29.965065,15,2022-07-08,18.47,0.0,83.92,8.2,1.0,186.0,2022,7,8,39.0,0,USA_3006.csv
2022-07-09,3006,26.0,23.4,5.4,1.2,40.0,1.0,0,0,3,3,1,1,7,7,-3.211708425549802,0.6347357734568199,8.636456,12.600839,-36.96953,14.505489,15,2022-07-09,17.45,0.0,88.04,8.12,1.0,210.25,2022,7,9,40.0,0,USA_3006.csv
2022-07-10,3006,22.0,25.6,4.0,1.4,41.0,1.2,0,0,3,3,1,1,7,7,-3.535799940307174,0.9718082642799336,7.620148,12.958718,-47.933537,36.064075,15,2022-07-10,19.16,0.0,80.92,8.62,1.0,202.92,2022,7,10,41.0,0,USA_3006.csv
2022-07-11,3006,32.0,26.2,5.8,1.2,38.0,1.0,0,0,3,3,1,1,5,5,-2.5982196253516494,0.43886401747871656,9.384315,12.253769,-25.999832,14.227547,15,2022-07-11,17.78,0.0,84.46,8.6,1.0,194.88,2022,7,11,38.0,0,USA_3006.csv
2022-07-12,3006,29.0,23.6,6.4,1.8,39.0,1.0,0,0,3,3,1,1,7,7,-1.96504405778199,0.08092614547394293,-4.10347,13.724406,-10.117267,-2.8151503,15,2022-07-12,16.34,0.0,88.29,6.44,1.0,219.33,2022,7,12,39.0,0,USA_3006.csv
2022-07-13,3006,34.0,26.8,7.8,1.4,36.0,1.0,0,0,3,3,1,1,5,5,-1.583233356700774,-0.2606835780611105,8.367311,6.5552464,-6.434084,0.8493569,15,2022-07-13,16.6,0.0,87.17,9.06,1.0,205.96,2022,7,13,36.0,0,USA_3006.csv
2022-07-14,3006,32.0,26.2,5.8,1.2,38.0,1.0,0,0,3,3,1,1,5,5,-2.5982196253516494,0.43886401747871656,9.395704,12.245268,-25.999868,14.227469,15,2022-07-14,17.88,0.0,83.96,7.7,1.0,185.58,2022,7,14,38.0,0,USA_3006.csv
2022-07-15,3006,24.0,23.6,4.0,1.4,44.0,1.0,0,0,3,3,1,1,5,5,-3.4844987511122905,1.5173402389968385,9.434329,12.435007,-46.42547,41.190697,15,2022-07-15,18.45,0.0,84.92,5.76,1.0,211.46,2022,7,15,44.0,0,USA_3006.csv
2022-07-16,3006,43.0,30.0,6.4,1.2,44.0,1.0,0,0,3,3,4,4,5,5,-1.5378040020973496,2.0132320512950894,10.223168,9.742258,-16.965048,49.672626,15,2022-07-16,18.68,0.0,84.04,6.54,1.0,212.96,2022,7,16,44.0,0,USA_3006.csv
2022-07-17,3006,44.0,33.0,7.6,1.6,44.0,1.0,0,0,3,3,4,4,5,5,-0.44301928520674255,1.8424045889127145,10.487238,6.7504277,11.180838,26.966888,15,2022-07-17,19.21,0.0,80.46,6.32,1.0,179.38,2022,7,17,44.0,0,USA_3006.csv
2022-07-18,3006,32.0,24.0,5.0,1.2,44.0,1.2,0,0,3,3,4,4,5,5,-2.9608723311832095,1.6660187279225247,10.241203,11.327534,-17.900377,73.66483,15,2022-07-18,20.14,0.0,81.04,7.77,1.0,197.96,2022,7,18,44.0,0,USA_3006.csv
2022-07-19,3006,39.0,21.8,5.4,1.6,41.0,1.0,0,0,3,3,1,1,5,5,-2.0310316412796303,0.8238317762201662,9.588863,11.22346,-20.02654,18.37388,15,2022-07-19,19.17,0.0,83.83,6.64,1.0,212.0,2022,7,19,41.0,0,USA_3006.csv
2022-07-20,3006,34.0,27.4,3.0,2.0,38.0,3.8,0,0,3,3,1,1,5,5,-2.649241705805984,0.5991920029611774,7.2693486,7.142069,-27.823288,-8.889688,15,2022-07-20,19.58,0.0,81.83,7.43,1.0,188.54,2022,7,20,38.0,0,USA_3006.csv
2022-07-21,3006,34.0,35.6,3.0,1.2,42.0,1.2,0,0,3,3,4,4,5,5,-2.864716361569246,2.1745287456529123,8.851043,10.296484,-45.371414,68.69356,15,2022-07-21,19.41,0.0,79.33,7.23,1.0,200.25,2022,7,21,42.0,0,USA_3006.csv
2022-07-22,3006,30.0,25.4,6.8,2.0,46.0,1.4,0,0,3,3,4,4,5,5,-1.451805733730911,1.496056592231566,11.6202965,11.316889,2.1396067,24.29824,15,2022-07-22,18.87,0.0,79.54,5.46,1.0,195.67,2022,7,22,46.0,0,USA_3006.csv
2022-07-23,3006,35.0,29.2,5.8,1.8,42.0,1.8,0,0,3,3,4,4,5,5,-1.5939246063962738,1.2127547807609373,12.17333,12.1067705,-15.201698,22.999527,15,2022-07-23,18.41,0.0,86.42,5.93,1.0,239.75,2022,7,23,42.0,0,USA_3006.csv
2022-07-24,3006,44.0,34.2,8.0,1.0,36.0,1.0,0,0,3,3,4,4,5,5,-1.0474900859476406,0.4954167614927103,8.704416,6.631812,-7.7600207,1.11727,15,2022-07-24,17.84,0.0,87.08,8.08,1.0,184.58,2022,7,24,44.0,0,USA_3006.csv
2022-07-25,3006,36.0,29.6,4.0,1.0,40.0,1.0,0,0,3,3,4,4,5,5,-2.9887135396220503,1.443617518343867,8.891284,11.006128,-35.245518,61.93144,15,2022-07-25,17.64,0.0,86.46,7.77,1.0,209.38,2022,7,25,40.0,0,USA_3006.csv
2022-07-26,3006,27.0,24.8,2.6,1.2,40.0,1.0,0,0,3,3,1,1,7,7,-3.9546667806269458,1.0995956968383802,6.5640545,11.307668,-65.938156,42.42835,15,2022-07-26,17.38,0.0,87.83,8.1,1.0,203.58,2022,7,26,40.0,0,USA_3006.csv
2022-07-27,3006,30.0,32.6,5.6,1.6,43.0,1.0,0,0,3,3,4,4,5,5,-1.9111129456391969,1.6012495938019542,10.132901,10.810936,-31.98642,47.600266,15,2022-07-27,17.68,0.0,86.08,9.52,1.0,193.29,2022,7,27,43.0,0,USA_3006.csv
2022-07-28,3006,28.0,25.2,4.6,1.6,44.0,1.4,0,0,3,3,4,4,5,5,-2.7791330138707204,1.516743025723687,9.807258,13.118326,-44.499702,42.423325,15,2022-07-28,18.95,0.0,79.96,8.65,1.0,185.67,2022,7,28,44.0,0,USA_3006.csv
2022-07-29,3006,27.0,23.6,5.0,1.6,48.0,1.2,0,0,3,3,4,4,5,5,-2.7515744393938397,2.176175828323925,10.709144,11.850581,-45.39379,47.223125,15,2022-07-29,19.44,0.0,79.83,7.7,1.0,214.83,2022,7,29,48.0,0,USA_3006.csv
2022-07-30,3006,29.0,21.2,6.4,1.2,45.0,1.0,0,0,3,3,4,4,5,5,-2.8158030431642955,1.4730652408629088,10.2100725,12.047158,-31.487268,12.5945425,15,2022-07-30,19.34,0.0,78.83,6.65,1.0,187.67,2022,7,30,45.0,0,USA_3006.csv
2022-07-31,3006,31.0,21.6,5.4,2.2,42.0,1.0,0,0,3,3,1,1,5,5,-1.749897599977031,0.5728040352196397,9.12815,6.793925,-12.788566,15.931706,15,2022-07-31,20.4,0.0,81.42,6.79,1.0,199.38,2022,7,31,42.0,0,USA_3006.csv
2022-08-01,3006,28.0,32.8,5.0,1.4,37.0,1.2,0,0,3,3,1,1,5,5,-2.511452019092984,0.5187095153230654,13.952735,14.044929,-36.519634,-2.2217681,15,2022-08-01,20.97,0.0,79.58,6.55,1.0,222.04,2022,8,1,37.0,0,USA_3006.csv
2022-08-02,3006,28.0,20.0,6.4,1.4,29.0,1.6,0,0,3,3,1,1,7,7,-2.843325337034116,-1.9793492860211621,4.294345,7.274305,-25.028574,-42.731407,15,2022-08-02,18.65,0.0,89.17,10.18,1.0,268.21,2022,8,2,29.0,0,USA_3006.csv
2022-08-03,3006,19.0,22.2,1.8,1.6,39.0,1.2,0,0,3,3,1,1,7,7,-4.337670374900156,0.5165884349979859,5.1450024,10.817189,-96.752426,31.456194,15,2022-08-03,19.21,0.0,81.33,8.83,1.0,186.46,2022,8,3,39.0,0,USA_3006.csv
2022-08-04,3006,32.0,23.0,4.4,1.2,41.0,2.2,0,0,3,3,1,1,5,5,-3.345062121366697,1.100220480979951,9.463936,11.138346,-39.596832,23.379864,15,2022-08-04,20.02,0.0,82.0,8.26,1.0,228.62,2022,8,4,41.0,0,USA_3006.csv
2022-08-05,3006,39.0,15.0,9.2,2.0,32.0,1.2,0,0,3,3,1,1,1,1,-0.7714773668755625,-2.075222181623709,7.231134,4.210291,8.407853,-33.62112,15,2022-08-05,19.96,0.0,80.5,7.61,1.0,209.5,2022,8,5,39.0,0,USA_3006.csv
2022-08-06,3006,27.0,19.6,7.8,1.0,34.0,1.0,0,0,3,3,1,1,7,7,-2.885307807381839,-1.0020143263982584,1.781217,12.43527,-26.762192,-48.80795,15,2022-08-06,19.93,0.0,83.38,9.34,1.0,207.21,2022,8,6,34.0,0,USA_3006.csv
2022-08-07,3006,20.0,16.6,4.4,2.2,46.0,1.0,0,0,3,3,1,1,7,7,-2.9492832808044365,1.042774399150262,2.1505055,2.6565,-40.160866,38.0258,15,2022-08-07,19.71,0.0,82.67,7.66,1.0,260.75,2022,8,7,46.0,0,USA_3006.csv
2022-08-08,3006,25.0,22.8,5.0,1.6,40.0,1.2,0,0,3,3,1,1,7,7,-2.950385955970808,0.44989624358091646,6.732444,14.093923,-36.208538,18.617195,15,2022-08-08,21.43,0.0,75.54,6.77,1.0,192.67,2022,8,8,40.0,0,USA_3006.csv
2022-08-09,3006,38.0,29.6,5.8,1.8,49.0,1.6,2,2,3,3,4,4,5,5,-1.3372198616196829,2.727429884558761,11.929042,10.06274,-1.1134804,80.83499,15,2022-08-09,20.94,0.0,76.17,7.05,1.0,202.71,2022,8,9,49.0,0,USA_3006.csv
2022-08-10,3006,39.0,30.2,6.6,2.0,46.0,1.0,0,0,3,3,4,4,5,5,-0.6835310775930606,1.9467579260450874,11.109753,7.732357,7.1520753,23.459223,15,2022-08-10,21.4,0.0,74.29,7.31,1.0,195.0,2022,8,10,46.0,0,USA_3006.csv
2022-08-11,3006,35.0,22.6,7.4,2.0,36.0,1.0,0,0,3,3,1,1,7,7,-1.119190408450035,-0.6967398320573976,17.675323,8.661835,-2.3234124,-32.28457,15,2022-08-11,20.17,0.0,79.0,7.99,1.0,220.92,2022,8,11,36.0,0,USA_3006.csv
2022-08-12,3006,28.0,26.4,6.6,1.6,46.0,1.6,0,0,3,3,4,4,5,5,-2.1059846857182225,1.731399675310543,11.87172,12.279889,0.12949425,27.170248,15,2022-08-12,20.42,0.0,75.42,8.4,1.0,190.33,2022,8,12,46.0,0,USA_3006.csv
2022-08-13,3006,32.0,23.4,8.2,2.6,56.0,1.0,2,2,1,1,4,4,8,8,-0.14885813684079965,3.0035138163825805,12.660446,5.747315,40.347794,25.985117,15,2022-08-13,21.3,0.0,74.12,7.84,1.0,230.88,2022,8,13,56.0,0,USA_3006.csv
2022-08-14,3006,45.0,30.4,5.2,2.2,47.0,1.2,2,2,3,3,4,4,5,5,-0.5303499807188473,2.37729103856361,10.227882,7.89928,3.423629,40.961864,15,2022-08-14,21.12,0.0,72.58,7.54,1.0,227.08,2022,8,14,47.0,0,USA_3006.csv
2022-08-15,3006,36.0,28.2,9.2,1.6,50.0,1.0,2,2,1,1,4,4,5,5,-0.6339350291751314,2.449579071006981,11.576943,6.3988156,18.92338,24.341259,15,2022-08-15,20.21,0.0,77.08,7.1,1.0,192.17,2022,8,15,50.0,0,USA_3006.csv
2022-08-16,3006,42.0,31.8,6.0,2.8,49.0,1.0,2,2,1,1,4,4,5,5,0.4080610389328394,2.4055269439247864,12.2829,5.4634776,40.8223,20.42439,15,2022-08-16,19.54,0.0,80.17,7.05,1.0,197.21,2022,8,16,49.0,0,USA_3006.csv
2022-08-17,3006,44.0,34.6,6.4,1.6,46.0,1.0,2,2,3,3,4,4,5,5,-0.7234888784633969,2.4970796892292877,11.765304,8.134685,5.14093,54.471283,15,2022-08-17,18.13,0.0,83.75,7.08,1.0,232.54,2022,8,17,46.0,0,USA_3006.csv
2022-08-18,3006,37.0,27.2,7.0,2.6,40.0,1.0,0,0,3,3,4,4,5,5,-0.11055107890462593,0.1755579880428105,11.054545,5.1818204,2.9452577,5.085975,15,2022-08-18,17.55,0.0,84.42,8.45,1.0,198.67,2022,8,18,40.0,0,USA_3006.csv
2022-08-19,3006,37.0,38.6,5.4,2.8,46.0,1.0,2,2,3,3,4,4,5,5,0.2743051520358124,2.1291500753686554,0.9194492,-1.311612,31.66756,11.203467,15,2022-08-19,17.61,0.0,83.0,7.67,1.0,176.33,2022,8,19,46.0,0,USA_3006.csv
2022-08-20,3006,37.0,38.6,5.4,2.8,46.0,1.0,2,2,3,3,4,4,5,5,0.2743051520358124,2.1291500753686554,0.9194048,-1.3116989,31.664507,11.203295,15,2022-08-20,19.53,0.0,81.21,6.6,1.0,193.04,2022,8,20,46.0,0,USA_3006.csv
2022-08-21,3006,43.0,16.6,3.6,1.4,37.0,2.2,0,0,3,3,1,1,7,7,-3.0615481804317595,0.1688934057483458,7.6806655,8.995149,-48.56361,8.791985,15,2022-08-21,19.4,0.0,88.79,6.5,1.0,215.67,2022,8,21,43.0,0,USA_3006.csv
2022-08-22,3006,49.0,29.0,4.2,1.2,39.0,1.0,0,0,3,3,4,4,5,5,-1.9535696727705203,1.343690878411036,8.941386,9.033792,-21.987236,43.89165,15,2022-08-22,18.09,0.0,89.0,7.11,1.0,197.33,2022,8,22,49.0,0,USA_3006.csv
2022-08-23,3006,37.0,37.2,5.8,2.0,50.0,1.0,2,2,1,1,4,4,5,5,-0.6594521237159867,3.2057873358337607,11.912164,8.270857,21.06252,69.65477,15,2022-08-23,17.4,0.0,90.17,5.86,1.0,219.17,2022,8,23,50.0,0,USA_3006.csv
2022-08-24,3006,31.0,23.8,5.2,2.2,48.0,1.0,0,0,3,3,4,4,5,5,-1.6660158858706533,1.9488762241045712,11.916963,11.5484495,0.6075667,22.732468,15,2022-08-24,18.46,0.0,89.17,5.56,1.0,221.96,2022,8,24,48.0,0,USA_3006.csv
2022-08-25,3006,44.0,33.0,7.6,1.6,44.0,1.0,0,0,3,3,4,4,5,5,-0.44301928520674255,1.8424045889127145,10.470578,6.782659,11.180728,26.967081,15,2022-08-25,19.17,0.0,88.08,5.81,1.0,213.42,2022,8,25,44.0,0,USA_3006.csv
2022-08-26,3006,38.0,33.6,8.6,3.6,43.0,2.0,2,2,3,3,4,4,1,1,1.9291107519508586,0.4863778997939072,11.619162,4.9345684,42.245674,17.246378,15,2022-08-26,18.0,0.0,87.58,7.56,1.0,210.0,2022,8,26,43.0,0,USA_3006.csv
2022-08-27,3006,35.0,19.2,3.0,1.0,35.0,1.0,0,0,3,3,1,1,7,7,-3.935750672294954,-0.022640741634099022,5.9926267,10.546521,-71.20284,24.004112,15,2022-08-27,18.42,0.0,88.46,7.95,1.0,174.5,2022,8,27,35.0,0,USA_3006.csv
2022-08-28,3006,30.0,18.0,4.6,1.8,33.0,1.4,0,0,3,3,1,1,7,7,-2.8476116611946525,-1.1809078380528517,15.671442,12.376597,-29.25758,-29.543888,15,2022-08-28,17.57,0.0,88.29,7.57,1.0,188.79,2022,8,28,33.0,0,USA_3006.csv
2022-08-29,3006,36.0,17.4,7.8,2.0,34.0,1.4,0,0,3,3,1,1,7,7,-1.2727991239523624,-1.4066534558803474,6.300981,4.5681186,0.96267724,-33.851067,15,2022-08-29,17.16,0.0,87.79,7.77,1.0,199.25,2022,8,29,36.0,0,USA_3006.csv
2022-08-30,3006,34.0,35.6,3.0,1.2,42.0,1.2,0,0,3,3,4,4,5,5,-2.864716361569246,2.1745287456529123,8.848808,10.298963,-45.372185,68.693634,15,2022-08-30,16.88,0.0,88.25,7.82,1.0,232.88,2022,8,30,42.0,0,USA_3006.csv
2022-08-31,3006,45.0,30.4,5.2,2.2,47.0,1.2,2,2,3,3,4,4,5,5,-0.5303499807188473,2.37729103856361,10.240812,7.903649,3.423629,40.961864,15,2022-08-31,19.04,0.0,82.38,6.86,1.0,245.17,2022,8,31,47.0,0,USA_3006.csv
2022-09-01,3006,42.0,31.8,8.0,4.6,72.0,1.0,2,2,1,1,0,0,8,8,3.407852822768101,6.008128362080829,14.581659,4.514519,67.11388,48.945015,15,2022-09-01,22.22,0.0,68.96,7.17,1.0,249.92,2022,9,1,72.0,0,USA_3006.csv
2022-09-02,3006,58.0,41.8,7.0,2.2,62.0,1.8,2,2,1,1,4,4,8,8,1.3922400324265714,6.099527807021175,13.669988,7.192769,42.494564,70.11505,15,2022-09-02,22.9,0.0,68.71,6.76,1.0,232.21,2022,9,2,62.0,0,USA_3006.csv
2022-09-03,3006,64.0,43.8,6.6,2.4,62.0,1.8,2,2,1,1,0,0,8,8,1.9742578533442932,6.282717049505982,13.637411,7.0920863,43.23714,70.57261,15,2022-09-03,23.6,0.0,68.17,7.6,1.0,247.38,2022,9,3,64.0,0,USA_3006.csv
2022-09-04,3006,59.0,30.2,3.4,1.4,44.0,1.0,0,0,3,3,4,4,5,5,-1.2808630765208453,2.6447140532779003,9.428127,8.651986,-15.273332,60.75775,15,2022-09-04,27.02,0.0,53.71,8.24,1.0,200.83,2022,9,4,59.0,0,USA_3006.csv
2022-09-05,3006,46.0,45.0,7.2,2.2,64.0,1.4,2,2,1,1,4,4,8,8,0.9858572572091552,6.4045894162562815,13.956178,6.5014567,45.3179,61.647064,15,2022-09-05,25.66,0.0,64.96,6.98,1.0,210.42,2022,9,5,64.0,0,USA_3006.csv
2022-09-06,3006,49.0,35.6,10.0,3.2,64.0,1.0,2,2,1,1,0,0,8,8,2.8452377964009705,5.108540487607405,13.782477,5.302913,48.62163,39.38562,15,2022-09-06,24.8,0.0,73.92,6.5,1.0,186.12,2022,9,6,64.0,0,USA_3006.csv
2022-09-07,3006,59.0,43.6,5.6,1.8,58.0,1.0,2,2,1,1,4,4,8,8,0.6890327631459411,5.749735365038026,12.711644,7.7701693,23.402529,60.441868,15,2022-09-07,23.31,0.0,77.08,6.15,1.0,228.58,2022,9,7,59.0,0,USA_3006.csv
2022-09-08,3006,57.0,42.0,6.8,2.4,52.0,1.0,2,2,1,1,4,4,8,8,1.5863494528840718,3.94682047753744,12.93533,6.8084297,38.94571,53.86954,15,2022-09-08,24.02,0.0,74.38,6.74,1.0,195.0,2022,9,8,57.0,0,USA_3006.csv
2022-09-09,3006,46.0,38.0,5.0,1.2,49.0,1.0,2,2,1,1,4,4,5,5,-1.3517248041410348,3.709931293340115,11.47319,8.983126,7.946442,61.653526,15,2022-09-09,27.21,0.0,59.42,8.85,1.0,200.17,2022,9,9,49.0,0,USA_3006.csv
2022-09-10,3006,38.0,25.2,7.6,3.6,25.0,1.6,0,0,3,3,5,5,1,1,1.1332622681092943,-3.535110818753146,7.7278233,1.9458187,26.35414,-46.225407,15,2022-09-10,25.05,0.0,81.54,8.57,1.0,129.04,2022,9,10,38.0,0,USA_3006.csv
2022-09-11,3006,35.0,21.0,4.4,1.6,34.0,1.4,0,0,3,3,1,1,7,7,-2.7056714374330584,-0.5947416355162144,21.470396,6.583787,-27.212479,-25.050837,15,2022-09-11,23.68,0.0,88.96,6.44,1.0,184.79,2022,9,11,35.0,0,USA_3006.csv
2022-09-12,3006,55.0,23.8,8.2,1.8,29.0,1.4,0,0,3,3,1,1,10,10,0.023701017618656697,-1.6734587872484168,8.211594,4.431838,11.801223,-28.703392,15,2022-09-12,22.89,0.0,89.75,6.85,1.0,170.88,2022,9,12,55.0,0,USA_3006.csv
2022-09-13,3006,46.0,38.4,5.6,2.6,37.0,1.2,0,0,3,3,4,4,5,5,0.5295929622526306,0.5224079316434429,9.58817,7.735048,0.2611349,9.1073,15,2022-09-13,21.32,0.0,88.92,7.07,1.0,217.62,2022,9,13,46.0,0,USA_3006.csv
2022-09-14,3006,50.0,46.4,7.8,2.6,35.0,1.2,0,0,3,3,4,4,5,5,1.8648329063881641,0.32393790740355183,11.101511,4.46848,43.89842,5.963172,15,2022-09-14,20.58,0.0,82.67,7.71,1.0,199.71,2022,9,14,50.0,0,USA_3006.csv
2022-09-15,3006,46.0,38.4,5.6,2.6,37.0,1.2,0,0,3,3,4,4,5,5,0.5295929622526306,0.5224079316434429,9.592614,7.7543597,0.2611263,9.107303,15,2022-09-15,20.07,0.0,81.29,7.59,1.0,162.04,2022,9,15,46.0,0,USA_3006.csv
2022-09-16,3006,43.0,40.0,3.6,1.4,40.0,1.2,0,0,3,3,4,4,5,5,-1.6777870477663868,2.00136810961402,9.769519,8.901944,-25.838331,59.300705,15,2022-09-16,19.77,0.0,81.17,6.34,1.0,144.38,2022,9,16,43.0,0,USA_3006.csv
2022-09-17,3006,47.0,24.4,10.0,2.6,38.0,1.2,0,0,3,3,4,4,1,1,1.2266657728909667,-0.5767174739758543,9.7844515,4.3289604,35.04953,-5.676389,15,2022-09-17,19.35,0.0,82.67,7.48,1.0,161.0,2022,9,17,47.0,0,USA_3006.csv
2022-09-18,3006,53.0,16.4,6.6,1.4,32.0,1.2,0,0,3,3,1,1,7,7,-1.4470300283570705,-1.0911840346449715,7.9548078,6.467234,13.2346945,-15.605041,15,2022-09-18,19.39,0.0,78.17,7.83,1.0,192.12,2022,9,18,53.0,0,USA_3006.csv
2022-09-19,3006,43.0,16.4,5.0,1.6,27.0,1.2,0,0,3,3,1,1,7,7,-2.3042992150257393,-2.201755506161683,7.068287,5.426927,4.128027,-22.743202,15,2022-09-19,19.8,0.0,76.04,8.45,1.0,182.54,2022,9,19,43.0,0,USA_3006.csv
2022-09-20,3006,24.0,17.8,7.6,3.0,22.0,7.8,0,0,3,3,1,1,0,0,-1.6416008663649972,-4.386302099058909,15.087522,-6.4374995,-58.722317,-75.74632,15,2022-09-20,20.49,0.0,83.71,8.7,1.0,186.92,2022,9,20,24.0,0,USA_3006.csv
2022-09-21,3006,23.0,17.2,5.4,1.6,27.0,1.6,0,0,3,3,1,1,7,7,-3.3548429709026073,-2.601537076317542,18.390518,6.033111,-24.811207,-65.33643,15,2022-09-21,19.22,0.0,83.38,11.88,1.0,223.21,2022,9,21,27.0,0,USA_3006.csv
2022-09-22,3006,20.0,20.4,5.0,1.4,41.0,1.0,0,0,3,3,1,1,7,7,-3.5896398807697096,0.5190577301463369,2.2733283,-2.567117,-53.85322,27.807312,15,2022-09-22,19.43,0.0,74.5,8.93,1.0,139.83,2022,9,22,41.0,0,USA_3006.csv
2022-09-23,3006,25.0,18.8,4.8,2.4,61.0,1.2,2,2,1,1,4,4,8,8,-2.116043321753133,4.198024916933249,13.819559,9.459132,31.37493,89.2551,15,2022-09-23,20.46,0.0,64.21,6.51,1.0,140.04,2022,9,23,61.0,0,USA_3006.csv
2022-09-24,3006,37.0,38.6,5.4,2.8,46.0,1.0,2,2,3,3,4,4,5,5,0.2743051520358124,2.1291500753686554,0.9192414,-1.311723,31.66454,11.203308,15,2022-09-24,20.12,0.0,80.88,6.71,1.0,194.75,2022,9,24,46.0,0,USA_3006.csv
2022-09-25,3006,40.0,26.0,6.4,2.2,34.0,1.0,0,0,3,3,1,1,7,7,-0.7188445844110846,-0.7908529121897663,7.987827,5.394038,-0.7838899,-29.163021,15,2022-09-25,19.44,0.0,86.71,7.66,1.0,234.17,2022,9,25,40.0,0,USA_3006.csv
2022-09-26,3006,38.0,20.4,2.4,1.4,39.0,1.0,0,0,3,3,1,1,7,7,-3.3626419289446665,0.8113285366580664,7.2476892,9.791377,-63.54324,23.215475,15,2022-09-26,19.05,0.0,86.38,7.06,1.0,194.33,2022,9,26,39.0,0,USA_3006.csv
2022-09-27,3006,42.0,37.6,4.6,2.2,46.0,1.0,2,2,3,3,4,4,5,5,-0.4905770624185737,2.5681520701494622,10.9814825,8.763056,9.576863,50.16021,15,2022-09-27,20.87,0.0,80.04,7.56,1.0,187.08,2022,9,27,46.0,0,USA_3006.csv
2022-09-28,3006,45.0,39.2,9.0,3.0,50.0,1.2,2,2,1,1,4,4,8,8,2.1436133754260362,2.5752871271532927,12.468059,5.106968,46.581394,35.99987,15,2022-09-28,21.32,0.0,77.21,6.59,1.0,208.08,2022,9,28,50.0,0,USA_3006.csv
2022-09-29,3006,46.0,28.2,5.2,2.4,45.0,1.0,0,0,3,3,4,4,5,5,-0.32169766700950747,1.769333898822483,10.191995,7.845364,2.7674432,40.611526,15,2022-09-29,20.6,0.0,79.08,7.4,1.0,201.67,2022,9,29,46.0,0,USA_3006.csv
2022-09-30,3006,49.0,29.6,4.4,2.0,43.0,1.0,0,0,3,3,4,4,5,5,-0.8348495003422816,1.789199617854194,9.797859,8.057517,0.24193573,41.245785,15,2022-09-30,18.5,0.0,89.08,5.7,1.0,180.0,2022,9,30,49.0,0,USA_3006.csv
2022-10-01,3006,47.0,31.2,3.2,1.2,39.0,1.0,0,0,3,3,4,4,5,5,-2.2662990669324814,1.552798712239711,8.795047,9.064435,-23.27015,62.254997,15,2022-10-01,18.9,0.0,84.79,7.36,1.0,150.38,2022,10,1,47.0,0,USA_3006.csv
2022-10-02,3006,50.0,24.2,6.4,2.4,34.0,1.2,0,0,3,3,1,1,5,5,-0.005580815249956023,-0.7773912941667223,8.300769,5.723496,11.407582,-15.292612,15,2022-10-02,18.27,0.0,83.54,7.17,1.0,229.04,2022,10,2,50.0,0,USA_3006.csv
2022-10-03,3006,38.0,32.8,4.6,2.8,38.0,1.0,0,0,3,3,4,4,5,5,-0.2646578273773122,0.3036187049188186,2.9084282,16.938187,21.379194,-8.65617,15,2022-10-03,17.88,0.0,85.58,8.33,1.0,155.46,2022,10,3,38.0,0,USA_3006.csv
2022-10-04,3006,41.0,26.0,5.2,2.8,40.0,1.4,0,0,3,3,4,4,5,5,-0.30399698831167365,0.3443084299415624,8.363295,3.9245546,23.128475,-9.469453,15,2022-10-04,19.01,0.0,82.17,6.31,1.0,184.0,2022,10,4,41.0,0,USA_3006.csv
2022-10-05,3006,45.0,34.6,5.0,1.4,45.0,1.0,0,0,3,3,4,4,5,5,-1.3590003756164315,2.5923348955153758,10.526271,9.139555,-9.581782,54.579567,15,2022-10-05,18.82,0.0,83.38,6.4,1.0,145.46,2022,10,5,45.0,0,USA_3006.csv
2022-10-06,3006,53.0,32.6,5.0,1.4,40.0,1.0,0,0,3,3,4,4,5,5,-1.02323066041544,1.6184119487978315,9.676906,8.823253,-9.510769,48.736984,15,2022-10-06,18.22,0.0,92.71,6.48,1.0,160.79,2022,10,6,53.0,0,USA_3006.csv
2022-10-07,3006,56.0,32.6,5.8,1.8,45.0,1.0,2,2,3,3,4,4,5,5,-0.0710087254715053,2.4089217644748278,10.68648,8.089024,-0.16795549,49.604122,15,2022-10-07,17.98,0.0,91.25,6.41,1.0,183.88,2022,10,7,56.0,0,USA_3006.csv
2022-10-08,3006,60.0,34.4,5.4,1.2,45.0,1.0,2,2,3,3,4,4,5,5,-0.6207520713294071,2.923423408933269,9.985777,8.422381,-6.4805126,47.542503,15,2022-10-08,18.73,0.0,90.17,6.33,1.0,148.62,2022,10,8,60.0,0,USA_3006.csv
2022-10-09,3006,53.0,27.2,5.0,1.2,37.0,1.0,0,0,3,3,4,4,5,5,-1.5754608238805197,0.8111596848998455,8.222082,8.13131,-13.742049,35.72499,15,2022-10-09,18.12,0.0,89.25,6.17,1.0,191.92,2022,10,9,53.0,0,USA_3006.csv
2022-10-10,3006,42.0,27.8,5.2,4.0,39.0,1.4,0,0,3,3,4,4,1,1,1.351518818117375,-0.3185486666471898,11.011849,2.4784217,39.76253,-65.70364,15,2022-10-10,17.42,0.0,89.67,6.52,1.0,153.5,2022,10,10,42.0,0,USA_3006.csv
2022-10-11,3006,48.0,25.0,3.2,2.2,38.0,1.0,0,0,3,3,4,4,5,5,-1.2859009859375823,0.5613792992886111,8.945645,7.806647,-8.402918,30.745842,15,2022-10-11,17.7,0.0,90.54,6.28,1.0,184.96,2022,10,11,48.0,0,USA_3006.csv
2022-10-12,3006,60.0,9.4,5.4,3.0,31.0,1.0,0,0,3,3,1,1,10,10,0.24483978851934982,-2.1376563372888886,8.604663,3.3171704,26.460142,-16.590158,15,2022-10-12,17.76,0.0,91.92,6.9,1.0,271.92,2022,10,12,60.0,0,USA_3006.csv
2022-10-13,3006,50.0,24.2,6.4,2.4,34.0,1.2,0,0,3,3,1,1,5,5,-0.005580815249956023,-0.7773912941667223,8.302475,5.7218328,11.407581,-15.292604,15,2022-10-13,17.58,0.0,90.21,7.59,1.0,167.5,2022,10,13,50.0,0,USA_3006.csv
2022-10-14,3006,56.0,29.8,3.2,1.4,38.0,3.4,0,0,3,3,4,4,5,5,-1.8782240373345829,1.415388136155735,8.512118,8.5284195,-4.2653084,35.85558,15,2022-10-14,17.98,0.0,89.58,6.53,1.0,126.21,2022,10,14,56.0,0,USA_3006.csv
2022-10-15,3006,60.0,23.6,5.6,2.0,32.0,1.0,0,0,3,3,1,1,10,10,-0.19070560024330335,-0.7287562057237307,8.791334,4.9869833,16.38724,-15.966024,15,2022-10-15,18.64,0.0,84.83,5.26,1.0,161.54,2022,10,15,60.0,0,USA_3006.csv
2022-10-16,3006,22.0,19.0,4.0,1.8,29.0,1.0,0,0,3,3,1,1,7,7,-3.41724091400328,-2.03973587539825,2.3861532,7.7656074,-45.047226,-41.452988,15,2022-10-16,18.25,0.0,84.54,7.55,1.0,262.54,2022,10,16,29.0,0,USA_3006.csv
2022-10-17,3006,20.0,16.2,6.4,1.4,36.0,1.0,0,0,3,3,1,1,7,7,-3.3993422512213813,-0.91639589983484,3.0491173,13.039177,-57.406506,-22.24125,15,2022-10-17,17.07,0.0,83.96,6.2,1.0,184.62,2022,10,17,36.0,0,USA_3006.csv
2022-10-18,3006,35.0,22.0,8.0,1.6,38.0,3.2,0,0,3,3,1,1,5,5,-1.7387914935518558,-0.1527079986858975,8.351684,6.1211324,-17.543365,-10.107995,15,2022-10-18,18.11,0.0,77.71,6.3,1.0,156.54,2022,10,18,38.0,0,USA_3006.csv
2022-10-19,3006,33.0,29.6,5.2,1.6,36.0,1.2,0,0,3,3,1,1,5,5,-2.0807217398737192,0.12140718625620066,13.873036,13.872034,-35.02701,-1.8829015,15,2022-10-19,20.9,0.0,64.0,6.58,1.0,122.96,2022,10,19,36.0,0,USA_3006.csv
2022-10-20,3006,26.0,25.2,8.0,1.8,44.0,1.0,0,0,3,3,4,4,5,5,-1.530101551993596,0.9215456915532124,10.510297,6.2026434,-8.3165245,6.797739,15,2022-10-20,21.68,0.0,55.67,7.1,1.0,165.5,2022,10,20,44.0,0,USA_3006.csv
2022-10-21,3006,27.0,16.6,4.8,1.4,47.0,1.2,0,0,3,3,4,4,5,5,-3.441197713849175,1.7215964658851988,10.633672,12.041609,-48.22049,48.041965,15,2022-10-21,18.68,0.0,77.71,5.88,1.0,180.17,2022,10,21,47.0,0,USA_3006.csv
2022-10-22,3006,46.0,31.8,7.6,2.2,35.0,1.0,0,0,3,3,4,4,5,5,0.31868838385391457,-0.3171425062669904,8.198634,5.6259866,15.442918,-4.2316604,15,2022-10-22,17.25,0.0,89.54,7.75,1.0,211.38,2022,10,22,46.0,0,USA_3006.csv
2022-10-23,3006,48.0,10.2,7.4,4.6,31.0,1.2,0,0,3,3,5,5,1,1,2.1959387121838683,-3.358164888565178,9.221494,1.000212,45.911636,-46.37712,15,2022-10-23,16.45,0.0,77.54,9.79,1.0,208.96,2022,10,23,48.0,0,USA_3006.csv
2022-10-24,3006,24.0,16.2,4.4,2.2,33.0,1.0,0,0,3,3,1,1,7,7,-2.801781814086249,-1.570116784780737,1.1614636,6.72114,-47.695038,-34.32851,15,2022-10-24,16.88,0.0,47.96,12.3,1.0,102.46,2022,10,24,33.0,0,USA_3006.csv
2022-10-25,3006,12.0,22.4,2.8,1.0,36.0,10.4,0,0,2,2,3,3,0,0,-6.374813328364383,0.14821781199086553,-4.9693885,4.173589,-91.797295,-57.157925,15,2022-10-25,16.06,0.0,61.38,7.65,1.0,169.38,2022,10,25,36.0,0,USA_3006.csv
2022-10-26,3006,19.0,17.2,3.2,1.6,38.0,1.0,0,0,3,3,1,1,7,7,-4.144157119978501,-0.1441257656693722,4.133657,13.752823,-63.050385,28.216404,15,2022-10-26,15.32,0.0,69.88,5.32,1.0,116.0,2022,10,26,38.0,0,USA_3006.csv
2022-10-27,3006,38.0,32.8,4.6,2.8,38.0,1.0,0,0,3,3,4,4,5,5,-0.2646578273773122,0.3036187049188186,2.9083815,16.938173,21.379194,-8.65617,15,2022-10-27,14.48,0.0,72.12,6.59,1.0,129.21,2022,10,27,38.0,0,USA_3006.csv
2022-10-28,3006,29.0,23.6,6.4,1.8,39.0,1.0,0,0,3,3,1,1,7,7,-1.96504405778199,0.08092614547394293,-4.1062593,13.72652,-10.116872,-2.8157792,15,2022-10-28,15.07,0.0,71.12,4.91,1.0,163.38,2022,10,28,39.0,0,USA_3006.csv
2022-10-29,3006,29.0,23.6,6.4,1.8,39.0,1.0,0,0,3,3,1,1,7,7,-1.96504405778199,0.08092614547394293,-4.1282816,13.748689,-10.117267,-2.8151503,15,2022-10-29,15.58,0.0,68.5,6.18,1.0,188.12,2022,10,29,39.0,0,USA_3006.csv
2022-10-30,3006,22.0,11.8,4.4,1.2,37.0,1.0,0,0,3,3,1,1,7,7,-4.387385813604872,-0.543967316079236,20.410736,7.804222,-69.707016,-21.507519,15,2022-10-30,17.02,0.0,51.96,8.17,1.0,119.46,2022,10,30,37.0,0,USA_3006.csv
2022-10-31,3006,30.0,29.2,5.2,3.0,35.0,1.0,0,0,3,3,1,1,7,7,-0.49824910427244185,-0.8381428012048698,12.377379,13.437231,20.304235,-7.67911,15,2022-10-31,16.34,0.0,61.29,4.83,1.0,158.0,2022,10,31,35.0,0,USA_3006.csv
2022-11-01,3006,31.0,21.8,10.8,2.8,38.0,1.6,0,0,3,3,1,1,1,1,0.6054298944758713,-1.2253294567135293,6.5432863,2.6425295,23.922842,-59.421867,15,2022-11-01,16.02,0.0,81.79,7.19,1.0,179.58,2022,11,1,38.0,0,USA_3006.csv
2022-11-02,3006,42.0,18.0,9.6,3.4,30.0,1.2,0,0,3,3,5,5,1,1,1.435517514496973,-2.9884927203784883,8.106278,2.2299018,28.939108,-42.427235,15,2022-11-02,15.97,0.0,77.33,14.64,1.0,280.25,2022,11,2,42.0,0,USA_3006.csv
2022-11-03,3006,22.0,18.8,7.6,1.6,30.0,1.4,0,0,3,3,1,1,7,7,-2.5998466579438655,-2.216311173104887,18.014515,13.237064,-11.010429,-67.18341,15,2022-11-03,14.28,0.0,56.58,22.97,1.0,283.67,2022,11,3,30.0,0,USA_3006.csv
2022-11-04,3006,14.0,10.8,4.6,1.8,31.0,9.4,0,0,2,2,3,3,0,0,-5.201799133448047,-2.0985799907494544,15.761157,-8.24834,-78.54773,-74.57405,15,2022-11-04,12.67,0.0,55.33,7.77,1.0,187.08,2022,11,4,31.0,0,USA_3006.csv
2022-11-05,3006,14.0,14.4,3.4,3.4,32.0,1.0,0,0,3,3,1,1,7,7,-2.2913321623972496,-2.5107937397795506,-0.47455388,5.3801427,20.753645,-102.417046,15,2022-11-05,13.59,0.0,59.46,4.4,1.0,110.38,2022,11,5,32.0,0,USA_3006.csv
2022-11-06,3006,20.0,15.0,3.6,1.8,32.0,1.6,0,0,3,3,1,1,7,7,-3.933257080807759,-1.6076264096423025,-4.075879,6.954526,-54.364063,-34.194427,15,2022-11-06,14.42,0.0,75.29,4.77,1.0,130.25,2022,11,6,32.0,0,USA_3006.csv
2022-11-07,3006,23.0,19.0,7.8,3.6,21.0,1.2,0,0,3,3,1,1,1,1,0.023890081389231387,-5.02109354319557,7.641213,0.8857812,40.130917,-81.616646,15,2022-11-07,15.29,0.0,92.04,8.62,1.0,168.96,2022,11,7,23.0,0,USA_3006.csv
2022-11-08,3006,20.0,9.2,4.8,2.0,28.0,1.0,0,0,3,3,1,1,7,7,-3.5569888896554174,-3.005912639203248,1.6773682,6.9162107,-21.972052,-79.35193,15,2022-11-08,13.48,0.0,90.79,11.75,1.0,182.25,2022,11,8,28.0,0,USA_3006.csv
2022-11-09,3006,9.0,11.2,3.4,1.2,27.0,10.8,0,0,2,2,3,3,0,0,-6.800850838322013,-2.519909773079504,17.217812,-8.077412,-89.56545,-68.65175,15,2022-11-09,11.41,0.0,82.79,8.33,1.0,224.67,2022,11,9,27.0,0,USA_3006.csv
2022-11-10,3006,12.0,15.2,5.0,2.8,31.0,11.0,0,0,2,2,3,3,0,0,-3.91043978219584,-2.396665183603915,14.59874,-9.298575,-58.204105,-87.65142,15,2022-11-10,10.8,0.0,75.0,8.42,1.0,105.29,2022,11,10,31.0,0,USA_3006.csv
2022-11-11,3006,11.0,9.6,3.6,3.2,31.0,11.0,0,0,2,2,3,3,0,0,-4.201049121990897,-2.718968486333367,14.866427,-8.761001,-59.80563,-86.95248,15,2022-11-11,12.05,0.0,67.88,6.9,1.0,163.54,2022,11,11,31.0,0,USA_3006.csv
2022-11-12,3006,13.0,21.6,2.8,2.2,32.0,9.4,0,0,2,2,3,3,0,0,-4.743325802936732,-1.293198240104669,16.084967,-8.867521,-70.41607,-76.9248,15,2022-11-12,11.69,0.0,74.38,6.2,1.0,117.75,2022,11,12,32.0,0,USA_3006.csv
2022-11-13,3006,17.0,14.8,4.6,2.0,32.0,1.0,0,0,3,3,1,1,7,7,-3.477831628509438,-1.9204701984627155,1.1985081,7.2606773,-59.458817,-41.5586,15,2022-11-13,11.22,0.0,77.88,7.83,1.0,151.21,2022,11,13,32.0,0,USA_3006.csv
2022-11-14,3006,25.0,25.0,4.2,2.2,31.0,9.4,0,0,2,2,3,3,0,0,-3.430433037837102,-1.2644892096973412,16.19296,-6.332521,-72.20781,-60.529305,15,2022-11-14,11.49,0.0,69.58,7.94,1.0,142.96,2022,11,14,31.0,0,USA_3006.csv
2022-11-15,3006,17.0,14.8,4.6,2.0,32.0,1.0,0,0,3,3,1,1,7,7,-3.477831628509438,-1.9204701984627155,1.1924018,7.280252,-59.459316,-41.559155,15,2022-11-15,11.89,0.0,72.58,4.69,1.0,127.08,2022,11,15,32.0,0,USA_3006.csv
2022-11-16,3006,17.0,13.2,4.0,2.0,34.0,1.0,0,0,3,3,1,1,7,7,-3.7402940110565894,-1.514838506835491,0.23258704,7.229035,-63.02137,-37.897106,15,2022-11-16,15.88,0.0,36.21,12.42,1.0,131.5,2022,11,16,34.0,0,USA_3006.csv
2022-11-17,3006,16.0,18.4,6.2,1.8,34.0,1.0,0,0,3,3,1,1,7,7,-3.0862732941185187,-1.4549974949083277,0.54477286,5.753587,-29.532454,-60.077526,15,2022-11-17,13.09,0.0,57.96,7.71,1.0,141.12,2022,11,17,34.0,0,USA_3006.csv
2022-11-18,3006,9.0,13.8,6.8,1.0,36.0,1.0,0,0,3,3,1,1,7,7,-4.545321467870559,-1.125066411272839,4.2977724,12.6020975,-31.420843,-100.28888,15,2022-11-18,12.2,0.0,62.62,6.49,1.0,143.58,2022,11,18,36.0,0,USA_3006.csv
2022-11-19,3006,20.0,13.2,9.4,1.8,35.0,1.8,0,0,3,3,1,1,1,1,-2.2259789517722366,-1.8495846431878915,1.9165152,0.12636371,-3.5704958,-57.297665,15,2022-11-19,15.56,0.0,35.62,16.85,1.0,90.08,2022,11,19,35.0,0,USA_3006.csv
2022-11-20,3006,14.0,14.8,4.4,1.2,36.0,10.6,0,0,2,2,3,3,0,0,-5.935283186540352,-0.5171367991386736,17.695875,-7.6403832,-88.02714,-54.7082,15,2022-11-20,13.63,0.0,44.0,8.75,1.0,96.5,2022,11,20,36.0,0,USA_3006.csv
2022-11-21,3006,12.0,20.6,6.6,2.2,35.0,1.0,0,0,3,3,1,1,7,7,-2.570691445280121,-1.4565428244162013,3.762846,4.043943,-20.68706,-59.50479,15,2022-11-21,13.2,0.0,53.0,6.55,1.0,105.17,2022,11,21,35.0,0,USA_3006.csv
2022-11-22,3006,12.0,8.6,8.2,1.2,33.0,19.4,0,0,2,2,3,3,4,4,-6.339648352646203,-1.791755604591419,11.7775345,-7.1064854,-112.179436,-0.7355148,15,2022-11-22,13.35,0.0,51.96,6.55,1.0,143.96,2022,11,22,33.0,0,USA_3006.csv
2022-11-23,3006,16.0,16.4,5.2,1.6,31.0,1.0,0,0,3,3,1,1,7,7,-3.770980129899368,-1.9496472858221323,2.8734734,-10.640789,-47.716324,-54.777313,15,2022-11-23,12.79,0.0,53.21,6.01,1.0,122.79,2022,11,23,31.0,0,USA_3006.csv
2022-11-24,3006,20.0,13.2,9.4,1.8,35.0,1.8,0,0,3,3,1,1,1,1,-2.2259789517722366,-1.8495846431878915,1.917667,0.1254249,-3.5704591,-57.29791,15,2022-11-24,15.17,0.0,46.17,15.13,1.0,72.88,2022,11,24,35.0,0,USA_3006.csv
2022-11-25,3006,16.0,19.2,5.6,1.8,33.0,1.0,0,0,3,3,1,1,7,7,-3.2364477404199072,-1.5386563416728916,0.53901803,5.756965,-30.702541,-60.523254,15,2022-11-25,16.73,0.0,26.58,15.45,1.0,121.62,2022,11,25,33.0,0,USA_3006.csv
2022-11-26,3006,12.0,19.2,7.4,1.8,34.0,1.0,0,0,3,3,1,1,7,7,-2.9019750277524943,-1.651258042479853,3.5304792,3.6487193,-18.413797,-58.492332,15,2022-11-26,13.66,0.0,48.29,6.21,1.0,137.42,2022,11,26,34.0,0,USA_3006.csv
2022-11-27,3006,20.0,28.4,4.0,1.8,38.0,1.0,0,0,3,3,1,1,7,7,-2.99097740291451,0.26807086754912013,7.726041,11.129541,-38.92776,29.724997,15,2022-11-27,12.47,0.0,58.25,5.57,1.0,108.21,2022,11,27,38.0,0,USA_3006.csv
2022-11-28,3006,23.0,21.6,8.8,1.4,39.0,1.2,0,0,3,3,1,1,7,7,-2.1985784698580813,-0.26675329644740753,3.947461,13.495171,1.146729,-6.4487886,15,2022-11-28,12.82,0.0,76.92,6.08,1.0,127.92,2022,11,28,39.0,0,USA_3006.csv
2022-11-29,3006,36.0,17.2,5.2,2.0,33.0,1.8,0,0,3,3,1,1,7,7,-2.1527892140915244,-1.2688162218880665,19.415104,5.92298,-24.115482,-30.6778,15,2022-11-29,11.32,0.0,80.5,7.4,1.0,86.67,2022,11,29,36.0,0,USA_3006.csv
2022-11-30,3006,31.0,16.0,6.4,2.4,30.0,1.0,0,0,3,3,1,1,7,7,-1.5425291922910094,-2.4178317585865994,6.0275445,3.098618,-18.819891,-36.90084,15,2022-11-30,11.94,0.0,71.04,9.89,1.0,103.33,2022,11,30,31.0,0,USA_3006.csv
2022-12-01,3006,31.0,22.8,7.2,3.2,24.0,1.4,0,0,3,3,1,1,1,1,-0.008781315709377164,-3.768428205540045,7.666989,1.9814236,26.759037,-47.335224,15,2022-12-01,13.27,0.0,80.29,6.08,1.0,146.17,2022,12,1,31.0,0,USA_3006.csv
2022-12-02,3006,23.0,23.0,7.6,3.6,22.0,7.8,0,0,3,3,1,1,0,0,-0.6709532862879268,-4.416993837542807,14.805169,-6.3403063,-57.511494,-77.161125,15,2022-12-02,12.65,0.0,83.75,12.09,1.0,88.0,2022,12,2,23.0,0,USA_3006.csv
2022-12-03,3006,11.0,14.6,6.8,2.8,24.0,1.4,0,0,3,3,1,1,1,1,-2.237235883336436,-4.35810893498986,5.378742,1.5993265,20.564335,-88.16092,15,2022-12-03,14.09,0.0,89.42,6.84,1.0,125.5,2022,12,3,24.0,0,USA_3006.csv
2022-12-04,3006,27.0,19.8,3.6,4.2,18.0,1.8,0,0,3,3,1,1,1,1,-0.35236428452991003,-5.231132648595985,8.12701,0.7449463,44.81328,-83.28156,15,2022-12-04,14.61,0.0,96.46,5.3,1.0,153.71,2022,12,4,27.0,0,USA_3006.csv
2022-12-05,3006,17.0,14.6,5.2,1.6,27.0,1.4,0,0,3,3,1,1,7,7,-3.8794013920365327,-2.8373926249423698,2.961493,6.3061833,-50.5986,-60.056828,15,2022-12-05,13.25,0.0,90.38,6.24,1.0,175.0,2022,12,5,27.0,0,USA_3006.csv
2022-12-06,3006,14.0,15.0,9.0,3.6,24.0,1.2,0,0,3,3,1,1,1,1,-0.3229321729425309,-4.954999658851744,7.483567,0.5980716,29.232851,-85.560555,15,2022-12-06,10.88,0.0,79.71,7.3,1.0,110.62,2022,12,6,24.0,0,USA_3006.csv
2022-12-07,3006,22.0,17.2,4.6,2.4,27.0,1.4,0,0,3,3,1,1,7,7,-2.633065460097838,-2.9022237004554885,20.257877,14.7906685,-24.114819,-73.90499,15,2022-12-07,10.65,0.0,82.5,7.32,1.0,159.08,2022,12,7,27.0,0,USA_3006.csv
2022-12-08,3006,16.0,10.2,6.8,3.4,28.0,1.4,0,0,3,3,1,1,1,1,-1.4055359873475994,-3.955946002992158,5.4854984,1.1787004,26.450493,-91.54135,15,2022-12-08,9.84,0.0,81.29,7.42,1.0,146.58,2022,12,8,28.0,0,USA_3006.csv
2022-12-09,3006,16.0,19.2,6.0,2.6,25.0,2.4,0,0,3,3,1,1,7,7,-2.326778844888121,-3.5834421931606353,-1.5987034,3.1795807,5.388849,-93.6626,15,2022-12-09,10.1,0.0,77.71,7.12,1.0,160.83,2022,12,9,25.0,0,USA_3006.csv
2022-12-10,3006,17.0,15.2,6.2,1.6,30.0,1.2,0,0,3,3,1,1,7,7,-3.494284362011633,-2.3263458950335325,-0.6921758,-1.1529324,-34.964306,-92.51876,15,2022-12-10,10.74,0.0,83.0,8.45,1.0,74.04,2022,12,10,30.0,0,USA_3006.csv
2022-12-11,3006,33.0,27.6,7.6,3.0,31.0,1.0,0,0,3,3,1,1,1,1,0.3224694033574569,-2.0028513330271838,11.877278,13.957564,14.513759,-51.634888,15,2022-12-11,13.36,0.0,83.58,24.07,1.0,225.17,2022,12,11,33.0,0,USA_3006.csv
2022-12-12,3006,9.0,18.4,7.2,3.4,26.0,10.8,0,0,2,2,3,3,0,0,-2.4736772742483173,-3.896869083477435,14.635593,-9.231844,-67.189354,-95.40945,15,2022-12-12,9.65,0.0,77.5,11.1,1.0,210.38,2022,12,12,26.0,0,USA_3006.csv
2022-12-13,3006,16.0,11.0,6.6,2.0,27.0,1.0,0,0,3,3,1,1,7,7,-3.137057700264084,-3.43410760822585,3.290639,4.849275,-11.181301,-87.22707,15,2022-12-13,8.27,0.0,78.46,7.83,1.0,91.71,2022,12,13,27.0,0,USA_3006.csv
2022-12-14,3006,20.0,10.6,4.8,2.6,25.0,1.2,0,0,3,3,1,1,7,7,-2.770054979334263,-3.8297069491406974,5.172092,0.35539794,18.280865,-92.515175,15,2022-12-14,8.79,0.0,75.42,7.34,1.0,123.58,2022,12,14,25.0,0,USA_3006.csv
2022-12-15,3006,21.0,17.0,6.8,3.0,29.0,1.0,0,0,3,3,1,1,1,1,-1.1993211564637927,-3.1091052853744037,5.768006,2.113706,15.075594,-78.07515,15,2022-12-15,9.64,0.0,77.79,7.14,1.0,120.12,2022,12,15,29.0,0,USA_3006.csv
2022-12-16,3006,20.0,15.0,3.6,1.8,32.0,1.6,0,0,3,3,1,1,7,7,-3.933257080807759,-1.6076264096423025,-4.0759044,6.954514,-54.364002,-34.194473,15,2022-12-16,11.75,0.0,67.96,7.15,1.0,123.75,2022,12,16,32.0,0,USA_3006.csv
2022-12-17,3006,16.0,14.0,6.6,2.2,30.0,1.2,0,0,3,3,1,1,7,7,-2.737760434164276,-2.7492073157963794,1.6379567,4.4691544,-33.13123,-77.90207,15,2022-12-17,10.74,0.0,51.62,11.29,1.0,83.0,2022,12,17,30.0,0,USA_3006.csv
2022-12-18,3006,14.0,17.6,4.0,1.6,30.0,1.0,0,0,3,3,1,1,7,7,-4.204212765033551,-1.9725599835885819,1.9042566,7.446138,-55.940353,-49.223034,15,2022-12-18,10.22,0.0,65.62,6.45,1.0,100.71,2022,12,18,30.0,0,USA_3006.csv
2022-12-19,3006,20.0,9.2,4.8,2.0,28.0,1.0,0,0,3,3,1,1,7,7,-3.5569888896554174,-3.005912639203248,1.6692176,6.910313,-21.972488,-79.35194,15,2022-12-19,9.23,0.0,71.71,8.05,1.0,102.04,2022,12,19,28.0,0,USA_3006.csv
2022-12-20,3006,22.0,27.2,9.4,1.8,25.0,1.2,0,0,3,3,1,1,1,1,-1.3398315674545187,-3.1372054557906237,5.346906,3.6773074,7.271503,-61.172398,15,2022-12-20,9.73,0.0,76.25,4.18,1.0,111.42,2022,12,20,27.2,0,USA_3006.csv
2022-12-21,3006,22.0,18.8,7.6,1.6,30.0,1.4,0,0,3,3,1,1,7,7,-2.5998466579438655,-2.216311173104887,18.014572,13.237133,-11.010443,-67.182976,15,2022-12-21,10.77,0.0,74.38,5.42,1.0,121.46,2022,12,21,30.0,0,USA_3006.csv
2022-12-22,3006,19.0,11.2,4.0,2.8,23.0,1.2,0,0,3,3,1,1,7,7,-2.8055337951222468,-4.218382575123033,5.1670485,0.35510555,18.78182,-92.71037,15,2022-12-22,12.26,0.0,66.83,6.85,1.0,122.88,2022,12,22,23.0,0,USA_3006.csv
2022-12-23,3006,18.0,13.8,10.8,3.4,23.0,2.6,0,0,3,3,1,1,1,1,-0.026657154969359248,-5.253213298488683,6.867605,0.7705834,28.567562,-75.99086,15,2022-12-23,11.63,0.0,79.79,4.63,1.0,112.0,2022,12,23,23.0,0,USA_3006.csv
2022-12-24,3006,16.0,16.4,5.2,1.6,31.0,1.0,0,0,3,3,1,1,7,7,-3.770980129899368,-1.9496472858221323,2.873311,-10.640946,-47.71611,-54.77898,15,2022-12-24,11.97,0.0,78.33,5.42,1.0,147.96,2022,12,24,31.0,0,USA_3006.csv
2022-12-25,3006,16.0,14.0,6.6,2.2,30.0,1.2,0,0,3,3,1,1,7,7,-2.737760434164276,-2.7492073157963794,1.6421734,4.4701257,-33.13083,-77.90002,15,2022-12-25,14.07,0.0,67.17,6.03,1.0,148.33,2022,12,25,30.0,0,USA_3006.csv
2022-12-26,3006,16.0,14.8,7.8,2.8,23.0,1.4,0,0,3,3,1,1,1,1,-1.6272976814987647,-4.585671530050927,5.863611,1.4616047,21.419447,-86.82552,15,2022-12-26,14.67,0.0,68.5,5.42,1.0,152.54,2022,12,26,23.0,0,USA_3006.csv
2022-12-27,3006,15.0,12.4,7.6,2.6,16.0,2.0,0,0,3,3,1,1,1,1,-2.2384787215660746,-6.034822728159827,7.0125327,1.1850181,-7.480041,-82.08947,15,2022-12-27,13.81,0.0,81.88,5.8,1.0,213.75,2022,12,27,16.0,0,USA_3006.csv
2022-12-28,3006,25.0,15.4,6.4,1.8,27.0,1.6,0,0,3,3,1,1,7,7,-2.769787306922567,-2.8848956491868556,3.1696684,5.558906,-23.511145,-66.69789,15,2022-12-28,12.77,0.0,93.08,7.54,1.0,139.12,2022,12,28,27.0,0,USA_3006.csv
2022-12-29,3006,19.0,17.8,8.8,3.2,21.0,1.2,0,0,3,3,1,1,1,1,-0.4625975884450172,-5.105975206551477,6.6275554,1.2387693,28.965723,-81.386154,15,2022-12-29,12.52,0.0,89.33,5.35,1.0,117.58,2022,12,29,21.0,0,USA_3006.csv
2022-12-30,3006,20.0,15.8,6.8,2.8,21.0,1.2,0,0,3,3,1,1,1,1,-1.6378675388348243,-4.736335734050864,6.41282,1.1016479,19.991003,-84.197296,15,2022-12-30,12.43,0.0,88.42,5.86,1.0,67.58,2022,12,30,21.0,0,USA_3006.csv
2022-12-31,3006,13.0,17.0,7.4,3.6,21.0,1.4,0,0,3,3,1,1,1,1,-0.8161827906865773,-5.26875033832214,7.3789244,0.6747985,30.082127,-86.84656,15,2022-12-31,13.08,0.0,95.62,7.15,1.0,107.12,2022,12,31,21.0,0,USA_3006.csv
2023-01-01,3006,14.0,16.8,10.0,2.6,26.0,1.0,0,0,3,3,1,1,1,1,-1.1348201470967871,-4.108592060847743,6.1430354,1.5780395,25.375406,-78.11071,15,2023-01-01,13.27,0.0,82.38,26.89,1.0,247.79,2023,1,1,26.0,0,USA_3006.csv
2023-01-02,3006,10.0,13.0,14.4,6.4,19.0,2.0,1,1,0,0,5,5,6,6,4.41417873728719,-8.200134501651554,10.426757,-0.7620177,68.46509,-69.86034,15,2023-01-02,10.65,0.0,77.5,10.5,1.0,182.38,2023,1,2,19.0,0,USA_3006.csv
2023-01-03,3006,17.0,9.8,5.2,3.2,22.0,1.4,0,0,3,3,1,1,1,1,-2.1496307657352562,-4.8829029630295935,5.489865,0.5021002,19.758509,-92.33634,15,2023-01-03,11.53,0.0,86.71,13.88,1.0,78.58,2023,1,3,22.0,0,USA_3006.csv
2023-01-04,3006,13.0,9.6,5.8,2.4,28.0,1.0,0,0,3,3,1,1,7,7,-3.1291521627160632,-3.4476363968139316,22.915037,2.0681975,-27.76237,-88.50135,15,2023-01-04,14.28,0.0,86.33,16.29,1.0,96.0,2023,1,4,28.0,0,USA_3006.csv
2023-01-05,3006,14.0,14.4,3.4,3.4,32.0,1.0,0,0,3,3,1,1,7,7,-2.2913321623972496,-2.5107937397795506,-0.47534946,5.3798447,20.753645,-102.417046,15,2023-01-05,13.0,0.0,92.08,18.33,1.0,176.79,2023,1,5,32.0,0,USA_3006.csv
2023-01-06,3006,24.0,20.8,6.2,3.0,29.0,1.4,0,0,3,3,1,1,1,1,-1.0620190529745306,-2.7587175116103713,5.5356812,2.1510522,16.410906,-77.017525,15,2023-01-06,10.17,0.0,81.92,7.98,1.0,155.58,2023,1,6,29.0,0,USA_3006.csv
2023-01-07,3006,20.0,15.2,4.4,2.0,27.0,1.0,0,0,3,3,1,1,7,7,-3.3690345224786484,-2.840441747999851,2.4642482,7.033623,-23.723097,-76.389366,15,2023-01-07,11.11,0.0,75.25,6.3,1.0,125.17,2023,1,7,27.0,0,USA_3006.csv
2023-01-08,3006,14.0,15.4,7.8,1.6,25.0,1.2,0,0,3,3,1,1,7,7,-3.183238067651975,-3.6149106160245807,-0.06535021,-3.8200705,-7.460601,-100.39826,15,2023-01-08,11.53,0.0,78.12,6.15,1.0,100.88,2023,1,8,25.0,0,USA_3006.csv
2023-01-09,3006,17.0,13.0,6.8,2.2,26.0,1.0,0,0,3,3,1,1,7,7,-2.664041328591664,-3.635586690834072,3.6088428,4.574525,-9.938988,-87.048164,15,2023-01-09,12.96,0.0,89.75,15.85,1.0,125.42,2023,1,9,26.0,0,USA_3006.csv
2023-01-10,3006,9.0,15.4,3.4,1.6,35.0,1.0,0,0,3,3,1,1,7,7,-4.775200368722812,-1.0819669320087764,18.95692,11.108331,-76.80037,-31.03606,15,2023-01-10,13.49,0.0,94.17,17.35,1.0,176.58,2023,1,10,35.0,0,USA_3006.csv
2023-01-11,3006,17.0,12.2,7.2,2.8,24.0,2.6,0,0,3,3,1,1,1,1,-2.0438151421064394,-4.389481413895681,-1.5985664,3.1797316,4.541901,-92.73306,15,2023-01-11,11.84,0.0,77.21,7.31,1.0,186.38,2023,1,11,24.0,0,USA_3006.csv
2023-01-12,3006,24.0,18.0,4.8,3.0,32.0,11.0,0,0,2,2,3,3,0,0,-2.868556374812102,-1.8723772662630043,16.141167,-10.680382,-56.80863,-84.33807,15,2023-01-12,12.36,0.0,74.0,10.54,1.0,62.67,2023,1,12,32.0,0,USA_3006.csv
2023-01-13,3006,15.0,14.0,11.6,4.0,21.0,1.4,0,0,3,3,5,5,1,1,0.956953964595731,-6.134832155267206,8.8696,-0.17226519,58.282574,-72.71323,15,2023-01-13,13.78,0.0,58.67,12.2,1.0,111.21,2023,1,13,21.0,0,USA_3006.csv
2023-01-14,3006,20.0,13.0,4.8,1.8,30.0,7.8,0,0,2,2,1,1,0,0,-4.471789923561691,-2.1330910161504697,16.11942,-5.8274736,-65.75862,-68.28279,15,2023-01-14,12.06,0.0,91.38,5.2,1.0,120.46,2023,1,14,30.0,0,USA_3006.csv
2023-01-15,3006,16.0,16.4,5.2,1.6,31.0,1.0,0,0,3,3,1,1,7,7,-3.770980129899368,-1.9496472858221323,2.8373876,-10.676886,-47.71611,-54.77898,15,2023-01-15,12.63,0.0,88.42,13.65,1.0,261.58,2023,1,15,31.0,0,USA_3006.csv
2023-01-16,3006,17.0,15.2,6.2,1.6,30.0,1.2,0,0,3,3,1,1,7,7,-3.494284362011633,-2.3263458950335325,-0.6923182,-1.1530957,-34.964245,-92.51874,15,2023-01-16,11.39,0.0,86.38,18.42,1.0,160.67,2023,1,16,30.0,0,USA_3006.csv
2023-01-17,3006,8.0,12.4,6.0,1.6,29.0,10.6,0,0,2,2,3,3,0,0,-5.444701193327334,-2.6052442458638554,8.495012,-5.42841,-78.23685,-83.63606,15,2023-01-17,10.94,0.0,70.17,19.14,1.0,281.17,2023,1,17,29.0,0,USA_3006.csv
2023-01-18,3006,12.0,10.2,5.0,1.4,27.0,1.0,0,0,3,3,1,1,7,7,-4.666421851083273,-3.058105400562123,2.8532367,6.482454,-52.657845,-61.735676,15,2023-01-18,8.7,0.0,75.0,9.25,1.0,150.29,2023,1,18,27.0,0,USA_3006.csv
2023-01-19,3006,19.0,15.0,3.0,2.2,31.0,8.4,0,0,2,2,3,3,0,0,-4.556913613803523,-1.7795684481939005,15.679134,-8.372387,-70.53762,-74.91786,15,2023-01-19,8.87,0.0,80.62,9.19,1.0,147.96,2023,1,19,31.0,0,USA_3006.csv
2023-01-20,3006,23.0,22.6,4.8,1.8,32.0,11.0,0,0,2,2,3,3,0,0,-4.189849234671938,-1.0758073629890699,17.207159,-6.4657736,-72.84308,-57.92078,15,2023-01-20,9.05,0.0,73.67,8.58,1.0,117.04,2023,1,20,32.0,0,USA_3006.csv
2023-01-21,3006,19.0,15.0,3.0,2.2,31.0,8.4,0,0,2,2,3,3,0,0,-4.556913613803523,-1.7795684481939005,15.68002,-8.375008,-70.53752,-74.91694,15,2023-01-21,8.88,0.0,75.21,7.27,1.0,107.5,2023,1,21,31.0,0,USA_3006.csv
2023-01-22,3006,17.0,14.8,3.8,2.0,35.0,1.0,0,0,3,3,1,1,7,7,-3.7130605392054075,-1.1980582214960107,0.9778433,8.241233,-63.603962,-37.115356,15,2023-01-22,8.66,0.0,75.04,6.36,1.0,101.62,2023,1,22,35.0,0,USA_3006.csv
2023-01-23,3006,23.0,18.4,3.6,1.4,33.0,1.0,0,0,3,3,1,1,7,7,-3.9981567130103346,-0.9857362466807879,3.2292554,14.161234,-98.29867,-25.901691,15,2023-01-23,9.13,0.0,70.54,7.13,1.0,161.29,2023,1,23,33.0,0,USA_3006.csv
2023-01-24,3006,18.0,14.0,4.2,2.8,31.0,1.2,0,0,3,3,1,1,7,7,-2.6131709977244144,-2.4724181997672896,-0.8252913,5.620006,17.44792,-101.67716,15,2023-01-24,9.92,0.0,73.04,6.76,1.0,138.21,2023,1,24,31.0,0,USA_3006.csv
2023-01-25,3006,21.0,12.4,4.8,1.8,34.0,1.6,0,0,3,3,1,1,7,7,-3.6275800853841673,-1.473364330653687,-1.8994545,10.641634,-44.244663,-61.156265,15,2023-01-25,10.41,0.0,77.38,4.68,1.0,148.29,2023,1,25,34.0,0,USA_3006.csv
2023-01-26,3006,16.0,18.4,6.2,1.8,34.0,1.0,0,0,3,3,1,1,7,7,-3.0862732941185187,-1.4549974949083277,0.5440515,5.7531977,-29.533085,-60.077114,15,2023-01-26,12.81,0.0,56.83,15.75,1.0,100.21,2023,1,26,34.0,0,USA_3006.csv
2023-01-27,3006,16.0,10.2,6.8,3.4,28.0,1.4,0,0,3,3,1,1,1,1,-1.4055359873475994,-3.955946002992158,5.4875627,1.1871197,26.450375,-91.54135,15,2023-01-27,10.9,0.0,72.08,6.36,1.0,145.38,2023,1,27,28.0,0,USA_3006.csv
2023-01-28,3006,15.0,9.0,3.2,2.0,34.0,1.0,0,0,3,3,1,1,7,7,-4.329681607267634,-1.6714210451205633,-2.4867754,7.479184,-67.53714,-44.25143,15,2023-01-28,9.94,0.0,71.54,6.57,1.0,105.08,2023,1,28,34.0,0,USA_3006.csv
2023-01-29,3006,30.0,19.6,5.2,2.0,32.0,1.4,0,0,3,3,1,1,7,7,-2.329052826070011,-1.4764927250330375,15.668994,12.372898,-27.844568,-30.942253,15,2023-01-29,10.07,0.0,81.92,8.95,1.0,156.58,2023,1,29,32.0,0,USA_3006.csv
2023-01-30,3006,24.0,16.6,5.8,2.0,31.0,11.4,0,0,2,2,3,3,0,0,-3.9421567676242053,-1.7975137408444737,15.2894,-7.1303716,-70.502945,-57.416164,15,2023-01-30,9.58,0.0,81.5,12.08,1.0,104.71,2023,1,30,31.0,0,USA_3006.csv
2023-01-31,3006,11.0,13.0,5.8,2.0,34.0,11.0,0,0,2,2,3,3,0,0,-4.824823938832864,-1.640832690309782,16.676702,-9.17239,-81.26931,-87.39719,15,2023-01-31,8.87,0.0,71.92,9.82,1.0,93.12,2023,1,31,34.0,0,USA_3006.csv
2023-02-01,3006,16.0,19.2,5.6,1.8,33.0,1.0,0,0,3,3,1,1,7,7,-3.2364477404199072,-1.5386563416728916,0.53955084,5.7565613,-30.702541,-60.523254,15,2023-02-01,9.56,0.0,65.83,8.58,1.0,117.79,2023,2,1,33.0,0,USA_3006.csv
2023-02-02,3006,28.2,18.6,4.0,3.2,27.0,2.0,0,0,3,3,1,1,7,7,-1.4575427457235657,-2.992165159857059,7.7974954,3.4809678,12.294163,-42.374256,15,2023-02-02,9.89,0.0,73.54,6.9,1.0,117.25,2023,2,2,28.2,0,USA_3006.csv
2023-02-03,3006,48.6,25.4,10.0,3.0,33.0,2.0,0,0,3,3,5,5,1,1,1.7474502267777252,-1.6907872696613695,8.736718,3.071975,29.993101,-38.16146,15,2023-02-03,11.31,0.0,68.62,4.97,1.0,156.38,2023,2,3,48.6,0,USA_3006.csv
2023-02-04,3006,27.0,17.0,7.0,3.4,32.0,1.0,0,0,3,3,1,1,1,1,-0.2696613246735596,-2.5903145684031106,15.769344,10.086862,13.4944105,-75.89685,15,2023-02-04,11.24,0.0,77.42,6.25,1.0,129.25,2023,2,4,32.0,0,USA_3006.csv
2023-02-05,3006,15.0,15.6,6.2,2.0,30.0,1.0,0,0,3,3,1,1,7,7,-3.0617496490186094,-2.5407928241684092,1.636588,4.472363,-31.675291,-79.08022,15,2023-02-05,12.92,0.0,83.29,14.57,1.0,228.92,2023,2,5,30.0,0,USA_3006.csv
2023-02-06,3006,16.0,19.2,5.6,1.8,33.0,1.0,0,0,3,3,1,1,7,7,-3.2364477404199072,-1.5386563416728916,0.5308174,5.7559023,-30.702534,-60.52285,15,2023-02-06,11.92,0.0,64.88,14.82,1.0,253.71,2023,2,6,33.0,0,USA_3006.csv
2023-02-07,3006,9.0,14.0,3.8,1.6,34.0,11.0,0,0,2,2,3,3,0,0,-6.016078427576586,-1.172027381269775,8.201233,-11.445173,-91.41184,-50.56309,15,2023-02-07,11.3,0.0,60.38,11.06,1.0,106.38,2023,2,7,34.0,0,USA_3006.csv
2023-02-08,3006,7.0,14.8,5.8,2.8,34.0,1.0,0,0,3,3,1,1,7,7,-2.6714480091235173,-2.249619789647066,5.766213,2.3291237,9.0943575,-84.396545,15,2023-02-08,11.93,0.0,66.17,7.57,1.0,144.96,2023,2,8,34.0,0,USA_3006.csv
2023-02-09,3006,12.0,21.8,5.0,1.2,37.0,20.4,0,0,2,2,3,3,4,4,-6.7494147285835115,0.17778938972973857,-4.978092,3.2317543,-123.1111,0.3181114,15,2023-02-09,13.8,0.0,59.46,12.27,1.0,90.33,2023,2,9,37.0,0,USA_3006.csv
2023-02-10,3006,10.0,13.8,6.6,1.8,38.0,1.0,0,0,3,3,1,1,7,7,-3.5350823587923417,-1.0494499858774042,4.3167906,12.612126,-35.347595,-54.22911,15,2023-02-10,14.95,0.0,53.58,10.64,1.0,136.17,2023,2,10,38.0,0,USA_3006.csv
2023-02-11,3006,8.0,13.0,4.8,2.2,32.0,1.0,0,0,3,3,1,1,7,7,-3.784511715683811,-2.317321732803199,1.6569854,5.743389,-29.091774,-85.624626,15,2023-02-11,11.7,0.0,71.29,11.13,1.0,224.46,2023,2,11,32.0,0,USA_3006.csv
2023-02-12,3006,13.0,12.6,8.0,1.2,31.0,9.4,0,0,2,2,3,3,0,0,-4.855020922113408,-2.186918174036276,17.326265,-6.9513507,-74.01935,-83.67668,15,2023-02-12,9.04,0.0,81.08,8.17,1.0,156.12,2023,2,12,31.0,0,USA_3006.csv
2023-02-13,3006,13.0,13.4,2.8,1.4,36.0,20.6,0,0,2,2,3,3,4,4,-7.603737168175336,-0.2523031897637425,-6.820945,11.002294,-125.63193,-0.3492863,15,2023-02-13,10.02,0.0,80.58,8.81,1.0,97.62,2023,2,13,36.0,0,USA_3006.csv
2023-02-14,3006,23.0,22.6,4.8,1.8,32.0,11.0,0,0,2,2,3,3,0,0,-4.189849234671938,-1.0758073629890699,17.202831,-6.470345,-72.84308,-57.92078,15,2023-02-14,11.71,0.0,76.75,11.52,1.0,208.21,2023,2,14,32.0,0,USA_3006.csv
2023-02-15,3006,24.0,14.4,5.6,2.2,34.0,1.0,0,0,3,3,1,1,7,7,-2.517002653869479,-1.6188978813730948,9.303749,17.437006,-32.725353,-67.97065,15,2023-02-15,9.89,0.0,49.5,13.47,1.0,222.42,2023,2,15,34.0,0,USA_3006.csv
2023-02-16,3006,12.0,20.6,6.6,2.2,35.0,1.0,0,0,3,3,1,1,7,7,-2.570691445280121,-1.4565428244162013,3.7646558,4.045851,-20.687069,-59.503826,15,2023-02-16,9.39,0.0,52.67,13.01,1.0,138.71,2023,2,16,35.0,0,USA_3006.csv
2023-02-17,3006,10.0,10.6,3.4,1.2,37.0,1.0,0,0,3,3,1,1,7,7,-5.463581849471606,-0.7145295199867391,14.846771,11.600595,-74.84784,-26.774536,15,2023-02-17,11.32,0.0,39.88,14.66,1.0,93.79,2023,2,17,37.0,0,USA_3006.csv
2023-02-18,3006,11.0,13.0,5.8,2.0,34.0,11.0,0,0,2,2,3,3,0,0,-4.824823938832864,-1.640832690309782,16.677446,-9.174102,-81.26931,-87.39719,15,2023-02-18,11.74,0.0,38.71,11.4,1.0,81.58,2023,2,18,34.0,0,USA_3006.csv
2023-02-19,3006,14.0,18.8,5.4,1.4,40.0,1.0,0,0,3,3,1,1,7,7,-3.9043010947314296,0.056119548642543635,4.6269965,13.001146,-39.173878,5.3947825,15,2023-02-19,9.84,0.0,65.17,6.8,1.0,124.71,2023,2,19,40.0,0,USA_3006.csv
2023-02-20,3006,18.0,11.2,4.4,1.4,40.0,1.2,0,0,3,3,1,1,7,7,-4.412192854155028,-0.1296589988868561,5.5767207,12.541645,-69.34021,-24.849337,15,2023-02-20,10.91,0.0,71.33,5.26,1.0,113.21,2023,2,20,40.0,0,USA_3006.csv
2023-02-21,3006,22.0,11.8,4.4,1.2,37.0,1.0,0,0,3,3,1,1,7,7,-4.387385813604872,-0.543967316079236,20.41076,7.8048153,-69.707016,-21.507519,15,2023-02-21,12.0,0.0,70.88,6.37,1.0,134.71,2023,2,21,37.0,0,USA_3006.csv
2023-02-22,3006,26.0,13.0,4.2,1.2,34.0,1.0,0,0,3,3,1,1,7,7,-4.167922803077247,-0.9905948820149924,3.4120476,9.830958,-77.92131,-15.264289,15,2023-02-22,9.81,0.0,62.21,29.3,1.0,275.62,2023,2,22,34.0,0,USA_3006.csv
2023-02-23,3006,16.0,18.4,6.2,1.8,34.0,1.0,0,0,3,3,1,1,7,7,-3.0862732941185187,-1.4549974949083277,0.54380864,5.7530956,-29.53244,-60.077557,15,2023-02-23,8.29,0.0,68.75,13.05,1.0,250.88,2023,2,23,34.0,0,USA_3006.csv
2023-02-24,3006,12.0,1.0,32.0,1.0,37.0,48.0,0,0,2,2,3,3,4,4,-3.212262130009144,-3.7343360566671056,21.002514,-0.39056706,-110.067245,31.664507,15,2023-02-24,7.99,0.0,92.38,19.62,1.0,127.08,2023,2,24,48.0,0,USA_3006.csv
2023-02-25,3006,7.0,12.6,5.0,1.2,35.0,1.0,0,0,3,3,1,1,7,7,-5.042228271714626,-1.291196597269121,3.2920783,11.485609,-78.640785,-25.781797,15,2023-02-25,8.74,0.0,91.0,17.81,1.0,158.25,2023,2,25,35.0,0,USA_3006.csv
2023-02-26,3006,9.0,13.8,6.8,1.0,36.0,1.0,0,0,3,3,1,1,7,7,-4.545321467870559,-1.125066411272839,4.27791,12.562185,-31.420843,-100.28888,15,2023-02-26,6.15,0.0,84.42,7.36,1.0,135.79,2023,2,26,36.0,0,USA_3006.csv
2023-02-27,3006,13.0,21.6,2.8,2.2,32.0,9.4,0,0,2,2,3,3,0,0,-4.743325802936732,-1.293198240104669,16.084526,-8.866689,-70.41607,-76.9248,15,2023-02-27,9.17,0.0,85.58,8.51,1.0,127.96,2023,2,27,32.0,0,USA_3006.csv
2023-02-28,3006,10.0,12.4,7.2,2.2,34.0,11.0,0,0,2,2,3,3,0,0,-4.226081623853146,-1.9733871309567552,15.578617,-7.4835057,-79.19238,-88.07033,15,2023-02-28,9.82,0.0,84.92,10.11,1.0,244.88,2023,2,28,34.0,0,USA_3006.csv
2023-03-01,3006,14.0,11.6,3.2,1.4,38.0,1.0,0,0,3,3,1,1,7,7,-4.9837129376857865,-0.4452160524368163,4.9347606,11.914444,-72.159966,-29.74464,15,2023-03-01,9.82,0.0,75.54,21.19,1.0,266.71,2023,3,1,38.0,0,USA_3006.csv
2023-03-02,3006,10.0,10.6,3.4,1.2,37.0,1.0,0,0,3,3,1,1,7,7,-5.463581849471606,-0.7145295199867391,14.842241,11.598475,-74.84222,-26.774284,15,2023-03-02,8.59,0.0,62.83,11.69,1.0,192.54,2023,3,2,37.0,0,USA_3006.csv
2023-03-03,3006,10.0,13.8,6.6,1.8,38.0,1.0,0,0,3,3,1,1,7,7,-3.5350823587923417,-1.0494499858774042,4.3189535,12.61208,-35.347595,-54.22911,15,2023-03-03,8.82,0.0,78.12,6.16,1.0,94.79,2023,3,3,38.0,0,USA_3006.csv
2023-03-04,3006,18.0,15.0,4.6,1.8,37.0,1.0,0,0,3,3,1,1,7,7,-3.6351826266419,-0.7669812015868422,2.3207295,11.531504,-63.0566,-30.775494,15,2023-03-04,9.46,0.0,82.08,7.92,1.0,129.58,2023,3,4,37.0,0,USA_3006.csv
2023-03-05,3006,25.0,17.6,5.6,1.4,37.0,2.6,0,0,3,3,1,1,7,7,-3.484561624414666,-0.3922299442239857,5.9061255,6.8037066,-35.23893,-12.781774,15,2023-03-05,9.62,0.0,83.17,9.45,1.0,188.71,2023,3,5,37.0,0,USA_3006.csv
2023-03-06,3006,19.0,17.2,3.2,1.6,38.0,1.0,0,0,3,3,1,1,7,7,-4.144157119978501,-0.1441257656693722,4.1263294,13.760357,-63.049892,28.215157,15,2023-03-06,10.04,0.0,83.83,7.42,1.0,228.96,2023,3,6,38.0,0,USA_3006.csv
2023-03-07,3006,10.0,10.6,3.4,1.2,37.0,1.0,0,0,3,3,1,1,7,7,-5.463581849471606,-0.7145295199867391,14.845935,11.601899,-74.83996,-26.773224,15,2023-03-07,9.43,0.0,80.08,7.22,1.0,201.12,2023,3,7,37.0,0,USA_3006.csv
2023-03-08,3006,11.0,13.2,4.2,1.4,35.0,1.0,0,0,3,3,1,1,7,7,-4.776132307886762,-1.1691439597448818,18.996893,11.152947,-77.609116,-27.533323,15,2023-03-08,8.72,0.0,80.71,7.48,1.0,148.38,2023,3,8,35.0,0,USA_3006.csv
2023-03-09,3006,16.0,12.0,4.0,1.8,36.0,1.0,0,0,3,3,1,1,7,7,-4.103406905142334,-1.0919391567029573,3.8367229,16.037857,-68.30759,-34.058315,15,2023-03-09,10.11,0.0,78.17,6.08,1.0,87.71,2023,3,9,36.0,0,USA_3006.csv
2023-03-10,3006,16.0,19.8,8.4,1.6,29.0,1.2,0,0,3,3,1,1,7,7,-2.6259060417382134,-2.5992556004378735,1.9573458,21.558823,-1.5770661,-98.1632,15,2023-03-10,11.56,0.0,92.71,8.22,1.0,138.92,2023,3,10,29.0,0,USA_3006.csv
2023-03-11,3006,9.0,32.6,12.0,5.6,17.0,1.8,1,1,0,0,5,5,1,1,3.6555039088240444,-6.897537578139969,9.610439,-0.4331784,63.69529,-73.48968,15,2023-03-11,13.31,0.0,95.38,8.32,1.0,107.21,2023,3,11,32.6,0,USA_3006.csv
2023-03-12,3006,9.0,7.8,7.6,2.4,24.0,11.0,0,0,2,2,3,3,0,0,-4.201705435437307,-4.440533058931648,15.906247,-8.246124,-70.89145,-93.09899,15,2023-03-12,13.39,0.0,94.75,6.63,1.0,139.67,2023,3,12,24.0,0,USA_3006.csv
2023-03-13,3006,10.0,14.0,8.0,3.4,22.0,1.6,0,0,3,3,1,1,1,1,-1.2344497022851884,-5.2612312879280845,7.298178,0.67901224,29.083918,-86.33587,15,2023-03-13,12.63,0.0,93.92,6.99,1.0,198.83,2023,3,13,22.0,0,USA_3006.csv
2023-03-14,3006,12.0,23.0,9.2,3.8,21.0,1.4,0,0,3,3,1,1,1,1,0.25742139567988875,-5.304452195309611,7.3736506,0.7647938,30.883402,-85.176414,15,2023-03-14,12.71,0.0,96.79,9.1,1.0,166.58,2023,3,14,23.0,0,USA_3006.csv
2023-03-15,3006,12.0,14.2,8.6,2.2,25.0,1.4,0,0,3,3,1,1,1,1,-2.3857077153215287,-4.105825250255854,3.801249,3.2244256,-0.32113147,-84.023964,15,2023-03-15,13.55,0.0,93.25,11.3,1.0,148.83,2023,3,15,25.0,0,USA_3006.csv
2023-03-16,3006,15.0,15.6,6.2,2.0,30.0,1.0,0,0,3,3,1,1,7,7,-3.0617496490186094,-2.5407928241684092,1.6251255,4.477157,-31.67525,-79.081406,15,2023-03-16,11.89,0.0,88.79,7.46,1.0,128.46,2023,3,16,30.0,0,USA_3006.csv
2023-03-17,3006,19.0,15.6,4.0,1.0,34.0,2.8,0,0,3,3,1,1,7,7,-4.98369673939875,-0.8268166914581445,-1.7804677,7.4911075,-76.686874,-10.40438,15,2023-03-17,11.33,0.0,88.46,6.89,1.0,157.54,2023,3,17,34.0,0,USA_3006.csv
2023-03-18,3006,28.0,25.2,4.6,1.6,44.0,1.4,0,0,3,3,4,4,5,5,-2.7791330138707204,1.516743025723687,9.808063,13.117093,-44.500145,42.42365,15,2023-03-18,13.7,0.0,67.12,10.61,1.0,110.38,2023,3,18,44.0,0,USA_3006.csv
2023-03-19,3006,19.0,15.6,4.6,2.0,35.0,1.2,0,0,3,3,1,1,7,7,-3.3296046544767806,-1.2168295511926355,1.0215421,9.444137,-60.659313,-33.5413,15,2023-03-19,13.94,0.0,78.08,7.92,1.0,113.58,2023,3,19,35.0,0,USA_3006.csv
2023-03-20,3006,17.0,24.2,2.6,1.2,31.0,1.2,0,0,3,3,1,1,7,7,-4.6402002159756774,-0.9763009426699938,4.3945465,11.404876,-82.85296,27.963903,15,2023-03-20,12.82,0.0,87.67,9.39,1.0,228.88,2023,3,20,31.0,0,USA_3006.csv
2023-03-21,3006,13.0,9.8,2.8,1.8,39.0,1.0,0,0,3,3,1,1,7,7,-4.755283541502938,-0.493011538048387,0.3350843,9.312565,-72.049904,-36.36904,15,2023-03-21,11.29,0.0,89.58,15.67,1.0,172.92,2023,3,21,39.0,0,USA_3006.csv
2023-03-22,3006,9.0,13.8,6.8,1.0,36.0,1.0,0,0,3,3,1,1,7,7,-4.545321467870559,-1.125066411272839,4.3090615,12.595515,-31.420843,-100.28888,15,2023-03-22,9.79,0.0,88.96,10.08,1.0,182.58,2023,3,22,36.0,0,USA_3006.csv
2023-03-23,3006,11.0,17.0,4.6,2.6,32.0,11.0,0,0,2,2,3,3,0,0,-4.244595042712891,-1.9673001992913286,14.600343,-9.300537,-57.922966,-87.79459,15,2023-03-23,10.55,0.0,82.92,10.02,1.0,157.54,2023,3,23,32.0,0,USA_3006.csv
2023-03-24,3006,14.0,11.6,3.2,1.4,38.0,1.0,0,0,3,3,1,1,7,7,-4.9837129376857865,-0.4452160524368163,4.932137,11.914503,-72.159966,-29.74464,15,2023-03-24,11.99,0.0,69.92,19.08,1.0,286.04,2023,3,24,38.0,0,USA_3006.csv
2023-03-25,3006,8.0,12.4,6.4,1.6,38.0,1.0,0,0,3,3,1,1,7,7,-4.039596257307268,-1.0416144427942606,4.2925496,12.59518,-36.262127,-54.417217,15,2023-03-25,10.16,0.0,67.83,12.1,1.0,262.79,2023,3,25,38.0,0,USA_3006.csv
2023-03-26,3006,17.0,10.8,4.8,1.2,38.0,1.0,0,0,3,3,1,1,7,7,-4.601981075922466,-0.5441617168125275,3.3301373,11.779502,-68.37967,-23.116468,15,2023-03-26,10.61,0.0,65.21,12.39,1.0,287.71,2023,3,26,38.0,0,USA_3006.csv
2023-03-27,3006,23.0,24.6,6.6,2.2,40.0,1.2,0,0,3,3,1,1,7,7,-1.7179850588586731,0.007217358059254034,8.816291,14.142739,-4.5790477,-10.527868,15,2023-03-27,11.39,0.0,58.46,14.78,1.0,108.25,2023,3,27,40.0,0,USA_3006.csv
2023-03-28,3006,17.0,17.0,4.4,1.4,45.0,1.0,0,0,3,3,1,1,7,7,-4.112541855244704,1.1804433838788246,10.1868515,12.540183,-53.238007,48.0599,15,2023-03-28,10.98,0.0,76.96,7.42,1.0,154.25,2023,3,28,45.0,0,USA_3006.csv
2023-03-29,3006,14.0,15.4,5.4,1.8,39.0,1.0,0,0,3,3,1,1,7,7,-3.587213492033139,-0.5204872505964576,4.5265303,12.83149,-65.321846,-29.910385,15,2023-03-29,11.83,0.0,83.21,13.6,1.0,220.33,2023,3,29,39.0,0,USA_3006.csv
2023-03-30,3006,12.0,22.4,2.8,1.0,36.0,10.4,0,0,2,2,3,3,0,0,-6.374813328364383,0.14821781199086553,-4.969509,4.173701,-91.797295,-57.157925,15,2023-03-30,9.62,0.0,78.67,9.85,1.0,152.29,2023,3,30,36.0,0,USA_3006.csv
2023-03-31,3006,9.0,8.6,3.2,1.0,37.0,1.0,0,0,3,3,1,1,7,7,-5.941568036231402,-0.7185485704030732,14.859372,11.598847,-74.57808,-26.626305,15,2023-03-31,9.72,0.0,81.17,7.67,1.0,105.75,2023,3,31,37.0,0,USA_3006.csv
2023-04-01,3006,15.0,14.6,8.8,1.6,38.0,1.0,0,0,3,3,1,1,7,7,-2.764294392252862,-1.1031380980429002,3.7795112,2.7292526,-6.7400355,-59.404472,15,2023-04-01,11.3,0.0,83.46,5.77,1.0,188.0,2023,4,1,38.0,0,USA_3006.csv
2023-04-02,3006,13.0,20.4,2.0,1.6,35.0,10.6,0,0,2,2,3,3,0,0,-5.949947344322819,-0.31892215867560264,-4.969692,4.173762,-93.27149,-57.886555,15,2023-04-02,11.29,0.0,84.12,5.65,1.0,122.54,2023,4,2,35.0,0,USA_3006.csv
2023-04-03,3006,20.0,16.2,6.4,1.4,36.0,1.0,0,0,3,3,1,1,7,7,-3.3993422512213813,-0.91639589983484,3.0445862,13.038518,-57.406506,-22.24125,15,2023-04-03,12.33,0.0,74.88,11.89,1.0,238.5,2023,4,3,36.0,0,USA_3006.csv
2023-04-04,3006,19.0,15.6,4.0,1.0,34.0,2.8,0,0,3,3,1,1,7,7,-4.98369673939875,-0.8268166914581445,-1.7832019,7.490858,-76.6869,-10.404383,15,2023-04-04,10.65,0.0,55.25,15.95,1.0,285.88,2023,4,4,34.0,0,USA_3006.csv
2023-04-05,3006,16.0,17.8,7.8,1.6,39.0,1.0,0,0,3,3,1,1,7,7,-2.8440740443916366,-0.5756912894477216,3.8750014,3.0236113,-7.922356,-58.492542,15,2023-04-05,10.42,0.0,73.21,8.94,1.0,120.12,2023,4,5,39.0,0,USA_3006.csv
2023-04-06,3006,13.0,18.6,4.4,1.2,41.0,1.0,0,0,3,3,1,1,7,7,-4.532057682472273,0.45891929094088324,5.8805814,12.656477,-56.32918,28.64025,15,2023-04-06,11.78,0.0,74.5,7.43,1.0,121.38,2023,4,6,41.0,0,USA_3006.csv
2023-04-07,3006,18.0,11.2,4.4,1.4,40.0,1.2,0,0,3,3,1,1,7,7,-4.412192854155028,-0.1296589988868561,5.576091,12.540784,-69.34021,-24.849337,15,2023-04-07,12.95,0.0,73.96,7.3,1.0,170.0,2023,4,7,40.0,0,USA_3006.csv
2023-04-08,3006,19.0,13.8,3.6,1.2,33.0,2.0,0,0,3,3,1,1,7,7,-4.855064530548889,-1.1896185098464358,15.787074,14.315488,-77.86458,-8.815596,15,2023-04-08,12.65,0.0,87.12,6.91,1.0,153.08,2023,4,8,33.0,0,USA_3006.csv
2023-04-09,3006,18.0,9.2,5.0,1.4,33.0,1.2,0,0,3,3,1,1,7,7,-4.365375413278603,-1.7535877570752245,1.76853,12.975673,-87.77072,-24.694448,15,2023-04-09,12.46,0.0,94.12,5.59,1.0,195.88,2023,4,9,33.0,0,USA_3006.csv
2023-04-10,3006,21.0,16.2,4.6,1.0,41.0,1.0,0,0,3,3,1,1,7,7,-4.381230750203307,0.5602584366359183,6.652209,12.879235,-55.839252,35.37452,15,2023-04-10,13.15,0.0,93.12,6.11,1.0,178.42,2023,4,10,41.0,0,USA_3006.csv
2023-04-11,3006,30.0,19.2,4.0,1.4,36.0,1.6,0,0,3,3,1,1,7,7,-3.4846966385648983,-0.22561833130220563,3.5848389,-0.7794297,-46.552967,19.488827,15,2023-04-11,12.33,0.0,93.21,5.9,1.0,208.88,2023,4,11,36.0,0,USA_3006.csv
2023-04-12,3006,30.0,28.0,6.0,1.8,29.0,1.4,0,0,3,3,1,1,7,7,-1.89976010288223,-1.6582388629770526,1.050136,10.129274,-9.52587,-35.951694,15,2023-04-12,12.37,0.0,92.92,6.22,1.0,220.71,2023,4,12,30.0,0,USA_3006.csv
2023-04-13,3006,30.0,19.6,5.2,2.0,32.0,1.4,0,0,3,3,1,1,7,7,-2.329052826070011,-1.4764927250330375,15.668501,12.37269,-27.844568,-30.942253,15,2023-04-13,12.55,0.0,86.33,5.65,1.0,205.04,2023,4,13,32.0,0,USA_3006.csv
2023-04-14,3006,34.0,26.8,7.8,1.4,36.0,1.0,0,0,3,3,1,1,5,5,-1.583233356700774,-0.2606835780611105,8.372749,6.5506945,-6.434084,0.8493569,15,2023-04-14,12.56,0.0,84.0,6.35,1.0,174.0,2023,4,14,36.0,0,USA_3006.csv
2023-04-15,3006,27.0,24.8,2.6,1.2,40.0,1.0,0,0,3,3,1,1,7,7,-3.9546667806269458,1.0995956968383802,6.564413,11.310426,-65.93886,42.428448,15,2023-04-15,12.06,0.0,85.42,6.53,1.0,149.96,2023,4,15,40.0,0,USA_3006.csv
2023-04-16,3006,24.0,16.2,4.4,2.2,33.0,1.0,0,0,3,3,1,1,7,7,-2.801781814086249,-1.570116784780737,1.1570475,6.7125325,-47.695038,-34.32851,15,2023-04-16,12.16,0.0,86.33,6.77,1.0,151.17,2023,4,16,33.0,0,USA_3006.csv
2023-04-17,3006,27.0,15.0,5.2,2.0,31.0,10.0,0,0,2,2,3,3,0,0,-3.859428468184148,-1.7770029500957323,15.970935,-6.6901813,-69.280045,-59.586937,15,2023-04-17,12.2,0.0,87.17,6.14,1.0,150.62,2023,4,17,31.0,0,USA_3006.csv
2023-04-18,3006,32.0,26.2,5.8,1.2,38.0,1.0,0,0,3,3,1,1,5,5,-2.5982196253516494,0.43886401747871656,9.388809,12.238576,-25.999651,14.227548,15,2023-04-18,11.96,0.0,85.21,7.06,1.0,137.92,2023,4,18,38.0,0,USA_3006.csv
2023-04-19,3006,39.0,21.8,5.4,1.6,41.0,1.0,0,0,3,3,1,1,5,5,-2.0310316412796303,0.8238317762201662,9.602489,11.222085,-20.02724,18.37399,15,2023-04-19,12.13,0.0,74.12,6.44,1.0,158.17,2023,4,19,41.0,0,USA_3006.csv
2023-04-20,3006,22.0,24.0,4.4,2.0,43.0,1.6,0,0,3,3,1,1,5,5,-2.7836802561706104,0.9683928755086304,7.7676325,11.341713,-37.72572,36.411762,15,2023-04-20,13.91,0.0,62.33,7.75,1.0,182.42,2023,4,20,43.0,0,USA_3006.csv
2023-04-21,3006,27.0,17.4,4.0,1.0,42.0,1.0,0,0,3,3,1,1,7,7,-4.150303810096396,1.0284752874403318,7.1588345,12.702318,-55.236374,39.295635,15,2023-04-21,16.96,0.0,57.17,10.69,1.0,148.08,2023,4,21,42.0,0,USA_3006.csv
2023-04-22,3006,25.0,22.8,5.0,1.6,40.0,1.2,0,0,3,3,1,1,7,7,-2.950385955970808,0.44989624358091646,6.73203,14.094177,-36.208984,18.61746,15,2023-04-22,17.32,0.0,62.88,8.24,1.0,166.04,2023,4,22,40.0,0,USA_3006.csv
2023-04-23,3006,26.0,19.4,5.0,2.2,36.0,2.6,0,0,3,3,1,1,7,7,-2.518902920469542,-0.7847462108239673,5.974227,6.560788,-29.709929,-13.377227,15,2023-04-23,15.87,0.0,83.58,5.37,1.0,224.88,2023,4,23,36.0,0,USA_3006.csv
2023-04-24,3006,39.0,15.0,9.2,2.0,32.0,1.2,0,0,3,3,1,1,1,1,-0.7714773668755625,-2.075222181623709,7.2324276,4.2138863,8.407941,-33.621323,15,2023-04-24,14.0,0.0,91.54,5.69,1.0,166.58,2023,4,24,39.0,0,USA_3006.csv
2023-04-25,3006,29.0,31.4,5.4,1.6,36.0,1.6,0,0,3,3,1,1,5,5,-2.2075684935857343,0.12024919462950545,13.950176,14.038291,-35.730206,-2.301696,15,2023-04-25,13.9,0.0,89.25,6.32,1.0,137.79,2023,4,25,36.0,0,USA_3006.csv
2023-04-26,3006,37.0,25.8,6.4,1.6,39.0,1.0,0,0,3,3,1,1,5,5,-1.632956953248055,0.4525525790111794,9.8975935,11.246937,-19.612938,14.975298,15,2023-04-26,13.65,0.0,90.75,6.83,1.0,157.21,2023,4,26,39.0,0,USA_3006.csv
2023-04-27,3006,41.0,35.2,4.2,1.2,47.0,1.2,0,0,3,3,4,4,5,5,-2.0775702965174805,3.1615675486709733,10.810981,9.623849,-25.2689,75.37626,15,2023-04-27,13.62,0.0,89.96,7.8,1.0,205.0,2023,4,27,47.0,0,USA_3006.csv
2023-04-28,3006,37.0,25.8,6.4,1.6,39.0,1.0,0,0,3,3,1,1,5,5,-1.632956953248055,0.4525525790111794,9.915823,11.221424,-19.612938,14.975298,15,2023-04-28,12.32,0.0,91.21,6.14,1.0,205.38,2023,4,28,39.0,0,USA_3006.csv
2023-04-29,3006,39.0,18.8,3.6,1.6,33.0,1.4,0,0,3,3,1,1,7,7,-2.844068822158128,-0.7311404486842392,6.939876,8.107346,-50.331097,4.647006,15,2023-04-29,12.05,0.0,93.0,6.91,1.0,188.96,2023,4,29,39.0,0,USA_3006.csv
2023-04-30,3006,29.0,21.8,6.4,2.2,32.0,1.0,0,0,3,3,1,1,7,7,-1.5929769685734587,-1.643866882117841,5.8308325,5.1315603,-16.089708,-35.722324,15,2023-04-30,12.39,0.0,94.58,7.29,1.0,206.67,2023,4,30,32.0,0,USA_3006.csv
2023-05-01,3006,27.0,19.6,7.8,1.0,34.0,1.0,0,0,3,3,1,1,7,7,-2.885307807381839,-1.0020143263982584,1.7798386,12.435986,-26.7623,-48.808105,15,2023-05-01,13.37,0.0,85.12,8.52,1.0,195.5,2023,5,1,34.0,0,USA_3006.csv
2023-05-02,3006,16.0,16.4,5.2,1.6,31.0,1.0,0,0,3,3,1,1,7,7,-3.770980129899368,-1.9496472858221323,2.871207,-10.643056,-47.716324,-54.777313,15,2023-05-02,12.26,0.0,79.54,14.32,1.0,233.79,2023,5,2,31.0,0,USA_3006.csv
2023-05-03,3006,13.0,11.6,5.8,2.0,34.0,1.0,0,0,3,3,1,1,7,7,-3.4955892022217685,-1.9177411558759232,2.384111,4.1051784,-38.8152,-73.510216,15,2023-05-03,12.03,0.0,78.92,7.46,1.0,165.38,2023,5,3,34.0,0,USA_3006.csv
2023-05-04,3006,12.0,23.8,13.2,1.8,29.0,1.0,0,0,3,3,1,1,1,1,-0.8695268211431167,-3.202842449252677,5.3401976,2.921029,9.459228,-67.29391,15,2023-05-04,12.57,0.0,82.08,10.58,1.0,133.58,2023,5,4,29.0,0,USA_3006.csv
2023-05-05,3006,11.0,9.6,3.6,3.2,31.0,11.0,0,0,2,2,3,3,0,0,-4.201049121990897,-2.718968486333367,14.865476,-8.762601,-59.80347,-86.95344,15,2023-05-05,13.08,0.0,81.5,6.6,1.0,148.67,2023,5,5,31.0,0,USA_3006.csv
2023-05-06,3006,8.0,6.0,3.6,2.8,31.0,1.0,0,0,3,3,1,1,7,7,-3.7823008128108757,-3.021309946928865,-0.35851702,5.589458,14.99939,-101.37287,15,2023-05-06,13.4,0.0,84.04,9.7,1.0,171.04,2023,5,6,31.0,0,USA_3006.csv
2023-05-07,3006,13.0,12.6,8.0,1.2,31.0,9.4,0,0,2,2,3,3,0,0,-4.855020922113408,-2.186918174036276,17.329987,-6.9495454,-74.01941,-83.676956,15,2023-05-07,13.65,0.0,84.46,8.96,1.0,141.62,2023,5,7,31.0,0,USA_3006.csv
2023-05-08,3006,13.0,21.6,2.8,2.2,32.0,9.4,0,0,2,2,3,3,0,0,-4.743325802936732,-1.293198240104669,16.083961,-8.866533,-70.41467,-76.924164,15,2023-05-08,13.99,0.0,85.17,7.12,1.0,151.12,2023,5,8,32.0,0,USA_3006.csv
2023-05-09,3006,19.0,15.0,3.0,2.2,31.0,8.4,0,0,2,2,3,3,0,0,-4.556913613803523,-1.7795684481939005,15.67839,-8.374333,-70.53777,-74.91781,15,2023-05-09,14.27,0.0,85.88,7.85,1.0,184.12,2023,5,9,31.0,0,USA_3006.csv
2023-05-10,3006,23.0,22.6,4.8,1.8,32.0,11.0,0,0,2,2,3,3,0,0,-4.189849234671938,-1.0758073629890699,17.217136,-6.4783854,-72.84328,-57.920753,15,2023-05-10,14.13,0.0,77.21,13.7,1.0,203.17,2023,5,10,32.0,0,USA_3006.csv
2023-05-11,3006,19.0,15.2,6.4,1.4,37.0,1.0,0,0,3,3,1,1,7,7,-3.505698356652882,-0.7838458931659625,3.0304475,13.024675,-57.108616,-21.849707,15,2023-05-11,13.97,0.0,82.88,8.48,1.0,144.58,2023,5,11,37.0,0,USA_3006.csv
2023-05-12,3006,21.0,19.2,6.4,1.2,36.0,1.0,0,0,3,3,1,1,7,7,-3.433145262414664,-0.6419929312544965,3.502412,12.460028,-59.342834,-22.56556,15,2023-05-12,14.52,0.0,83.08,7.11,1.0,165.21,2023,5,12,36.0,0,USA_3006.csv
2023-05-13,3006,36.0,17.8,4.6,1.6,35.0,1.0,0,0,3,3,1,1,7,7,-2.697965256297055,-0.5750858876938731,21.472115,6.583588,-28.230982,-24.723753,15,2023-05-13,14.24,0.0,91.12,6.54,1.0,186.75,2023,5,13,36.0,0,USA_3006.csv
2023-05-14,3006,39.0,36.2,4.8,1.6,42.0,1.2,0,0,3,3,4,4,5,5,-1.476217170069336,1.8768446992824124,10.1345415,9.044083,-9.925078,57.043556,15,2023-05-14,16.03,0.0,89.12,8.04,1.0,169.08,2023,5,14,42.0,0,USA_3006.csv
2023-05-15,3006,49.0,18.0,5.8,2.8,34.0,1.0,0,0,3,3,1,1,7,7,-0.05211557299465512,-1.2422650120631957,8.516831,3.5278733,25.628654,-14.681373,15,2023-05-15,15.25,0.0,90.79,6.21,1.0,199.25,2023,5,15,49.0,0,USA_3006.csv
2023-05-16,3006,41.0,16.6,4.2,3.2,37.0,1.0,0,0,3,3,1,1,7,7,-0.5760440084456643,-0.8386121321335978,8.289654,3.7120326,23.992231,-13.692649,15,2023-05-16,14.65,0.0,92.04,6.28,1.0,192.38,2023,5,16,41.0,0,USA_3006.csv
2023-05-17,3006,32.0,19.6,6.4,1.4,34.0,1.4,0,0,3,3,1,1,7,7,-2.580632155862404,-0.8981255504920754,0.75417536,4.5599685,-26.923958,-38.89719,15,2023-05-17,13.9,0.0,92.25,6.43,1.0,214.5,2023,5,17,34.0,0,USA_3006.csv
2023-05-18,3006,25.0,22.2,6.2,1.8,39.0,1.0,0,0,3,3,1,1,7,7,-2.335085226814038,-0.046582526246821715,-4.0892973,13.714497,-11.653291,-4.631117,15,2023-05-18,14.26,0.0,92.08,6.62,1.0,182.46,2023,5,18,39.0,0,USA_3006.csv
2023-05-19,3006,41.0,29.2,3.2,1.8,38.0,1.4,0,0,3,3,4,4,5,5,-2.0253197755718824,0.8449683947506267,8.475058,9.201406,-24.730942,30.936445,15,2023-05-19,15.44,0.0,89.79,6.48,1.0,185.04,2023,5,19,41.0,0,USA_3006.csv
2023-05-20,3006,41.0,16.2,8.2,1.4,33.0,1.0,0,0,3,3,1,1,7,7,-1.6265724908395767,-1.3523300673593306,7.9628096,6.6892,-4.7505975,-2.0547624,15,2023-05-20,15.46,0.0,91.67,7.52,1.0,241.71,2023,5,20,41.0,0,USA_3006.csv
2023-05-21,3006,36.0,16.8,8.0,1.6,30.0,3.0,0,0,3,3,1,1,7,7,-1.9700813254093366,-2.0572077214041222,6.565392,5.445128,-15.36472,-21.356447,15,2023-05-21,14.94,0.0,93.25,5.79,1.0,189.0,2023,5,21,36.0,0,USA_3006.csv
2023-05-22,3006,22.0,11.0,7.0,1.2,31.0,1.0,0,0,3,3,1,1,7,7,-3.6466542270114983,-2.163589487517793,20.736109,3.1485171,-15.964551,-98.22216,15,2023-05-22,14.56,0.0,94.58,5.87,1.0,215.42,2023,5,22,31.0,0,USA_3006.csv
2023-05-23,3006,22.0,17.2,4.6,2.4,27.0,1.4,0,0,3,3,1,1,7,7,-2.633065460097838,-2.9022237004554885,20.25787,14.790647,-24.114962,-73.900696,15,2023-05-23,14.9,0.0,92.88,6.76,1.0,233.12,2023,5,23,27.0,0,USA_3006.csv
2023-05-24,3006,16.0,16.0,5.2,1.6,35.0,1.0,0,0,3,3,1,1,7,7,-3.77230052609827,-1.1488552435823376,4.9022703,-6.915777,-36.666138,-60.566566,15,2023-05-24,15.35,0.0,86.67,6.05,1.0,224.92,2023,5,24,35.0,0,USA_3006.csv
2023-05-25,3006,20.0,13.2,9.4,1.8,35.0,1.8,0,0,3,3,1,1,1,1,-2.2259789517722366,-1.8495846431878915,1.9180397,0.12570776,-3.5703514,-57.298172,15,2023-05-25,14.97,0.0,83.29,7.76,1.0,244.29,2023,5,25,35.0,0,USA_3006.csv
2023-05-26,3006,20.0,18.0,3.6,2.0,33.0,2.0,0,0,3,3,1,1,7,7,-3.5696349530577693,-1.3288705574413069,23.19262,5.3729615,-54.190018,-31.191008,15,2023-05-26,15.13,0.0,81.62,10.06,1.0,240.71,2023,5,26,33.0,0,USA_3006.csv
2023-05-27,3006,18.0,19.8,4.0,2.6,32.0,1.0,0,0,3,3,1,1,7,7,-2.58873347028458,-1.8424312702603851,-0.6787258,6.307191,16.18868,-105.25198,15,2023-05-27,14.81,0.0,82.62,9.81,1.0,168.92,2023,5,27,32.0,0,USA_3006.csv
2023-05-28,3006,24.0,16.6,5.8,2.0,31.0,11.4,0,0,2,2,3,3,0,0,-3.9421567676242053,-1.7975137408444737,15.290843,-7.1308403,-70.50282,-57.416782,15,2023-05-28,15.1,0.0,85.58,8.14,1.0,170.71,2023,5,28,31.0,0,USA_3006.csv
2023-05-29,3006,23.0,22.6,4.8,1.8,32.0,11.0,0,0,2,2,3,3,0,0,-4.189849234671938,-1.0758073629890699,17.206087,-6.4709063,-72.84382,-57.920708,15,2023-05-29,15.59,0.0,86.5,6.9,1.0,218.0,2023,5,29,32.0,0,USA_3006.csv
2023-05-30,3006,19.0,15.0,3.0,2.2,31.0,8.4,0,0,2,2,3,3,0,0,-4.556913613803523,-1.7795684481939005,15.675332,-8.377886,-70.53764,-74.917885,15,2023-05-30,15.27,0.0,84.46,8.75,1.0,282.96,2023,5,30,31.0,0,USA_3006.csv
2023-05-31,3006,17.0,14.6,5.2,1.6,27.0,1.4,0,0,3,3,1,1,7,7,-3.8794013920365327,-2.8373926249423698,2.9680393,6.3108683,-50.601013,-60.057266,15,2023-05-31,15.93,0.0,80.71,9.96,1.0,201.38,2023,5,31,27.0,0,USA_3006.csv
2023-06-01,3006,13.0,9.6,5.8,2.4,28.0,1.0,0,0,3,3,1,1,7,7,-3.1291521627160632,-3.4476363968139316,22.915052,2.068194,-27.76295,-88.494354,15,2023-06-01,15.77,0.0,81.79,7.48,1.0,172.17,2023,6,1,28.0,0,USA_3006.csv
2023-06-02,3006,22.0,29.2,6.4,1.8,35.0,1.6,0,0,3,3,1,1,7,7,-2.1736254959400108,-0.5693259015948623,6.569862,14.840318,-9.499122,-25.037584,15,2023-06-02,15.71,0.0,82.12,8.38,1.0,160.46,2023,6,2,35.0,0,USA_3006.csv
2023-06-03,3006,30.0,20.6,7.8,2.4,37.0,1.0,0,0,3,3,1,1,1,1,-0.8845308925898543,-0.9408387289433502,16.967642,6.857301,-2.2073524,-47.479843,15,2023-06-03,15.7,0.0,82.04,7.66,1.0,169.33,2023,6,3,37.0,0,USA_3006.csv
2023-06-04,3006,34.0,26.0,6.2,2.4,34.0,1.2,0,0,3,3,1,1,7,7,-0.9059502109985452,-0.9746514721448594,-0.6438858,7.876546,-3.1208599,-27.914543,15,2023-06-04,15.88,0.0,86.79,7.01,1.0,170.83,2023,6,4,34.0,0,USA_3006.csv
2023-06-05,3006,35.0,23.4,7.8,3.0,32.0,1.6,0,0,3,3,1,1,1,1,0.2068259159881771,-1.9919910252564488,11.878193,13.952805,14.879556,-50.81401,15,2023-06-05,15.72,0.0,83.12,9.62,1.0,171.79,2023,6,5,35.0,0,USA_3006.csv
2023-06-06,3006,24.0,21.4,5.2,1.6,37.0,1.0,0,0,3,3,1,1,7,7,-3.0095506224065725,-0.29207838430165906,4.927044,13.73343,-42.724022,0.35610506,15,2023-06-06,15.4,0.0,80.83,7.51,1.0,153.96,2023,6,6,37.0,0,USA_3006.csv
2023-06-07,3006,24.0,18.0,4.8,3.0,32.0,11.0,0,0,2,2,3,3,0,0,-2.868556374812102,-1.8723772662630043,16.143942,-10.68444,-56.80863,-84.33807,15,2023-06-07,15.52,0.0,85.33,5.54,1.0,202.62,2023,6,7,32.0,0,USA_3006.csv
2023-06-08,3006,9.0,12.0,5.2,2.0,33.0,11.0,0,0,2,2,3,3,0,0,-5.187050363077246,-1.859787366847728,16.679016,-9.178054,-81.71715,-87.22775,15,2023-06-08,15.92,0.0,83.42,8.32,1.0,218.62,2023,6,8,33.0,0,USA_3006.csv
2023-06-09,3006,16.0,19.8,8.4,1.6,29.0,1.2,0,0,3,3,1,1,7,7,-2.6259060417382134,-2.5992556004378735,1.9568338,21.55937,-1.5770661,-98.1632,15,2023-06-09,16.29,0.0,84.83,9.52,1.0,200.67,2023,6,9,29.0,0,USA_3006.csv
2023-06-10,3006,27.0,15.2,5.4,1.8,27.0,1.2,0,0,3,3,1,1,7,7,-2.9249346894881163,-2.7329103294137145,3.9179933,5.904482,-21.782106,-67.34548,15,2023-06-10,16.86,0.0,84.12,6.5,1.0,184.25,2023,6,10,27.0,0,USA_3006.csv
2023-06-11,3006,31.0,22.4,6.8,4.6,26.0,1.6,0,0,3,3,5,5,1,1,1.5870415178570878,-3.9889818837684268,8.449253,0.51185614,45.076527,-77.08334,15,2023-06-11,16.85,0.0,82.62,6.17,1.0,221.0,2023,6,11,31.0,0,USA_3006.csv
2023-06-12,3006,16.0,19.8,8.4,1.6,29.0,1.2,0,0,3,3,1,1,7,7,-2.6259060417382134,-2.5992556004378735,1.9558845,21.55888,-1.5770661,-98.1632,15,2023-06-12,16.72,0.0,82.33,8.24,1.0,258.38,2023,6,12,29.0,0,USA_3006.csv
2023-06-13,3006,14.0,10.8,4.6,1.8,31.0,9.4,0,0,2,2,3,3,0,0,-5.201799133448047,-2.0985799907494544,15.774952,-8.251942,-78.544174,-74.5683,15,2023-06-13,16.2,0.0,80.75,8.81,1.0,219.54,2023,6,13,31.0,0,USA_3006.csv
2023-06-14,3006,14.0,10.8,4.6,1.8,31.0,9.4,0,0,2,2,3,3,0,0,-5.201799133448047,-2.0985799907494544,15.77972,-8.249614,-78.54736,-74.57389,15,2023-06-14,15.97,0.0,83.25,9.43,1.0,164.04,2023,6,14,31.0,0,USA_3006.csv
2023-06-15,3006,23.0,27.2,7.8,1.4,31.0,11.4,0,0,2,2,3,3,0,0,-3.566730353975254,-1.2340813550703058,17.340282,-6.0115232,-71.84306,-53.76257,15,2023-06-15,16.68,0.0,84.42,5.95,1.0,181.29,2023,6,15,31.0,0,USA_3006.csv
2023-06-16,3006,27.0,17.0,7.0,3.4,32.0,1.0,0,0,3,3,1,1,1,1,-0.2696613246735596,-2.5903145684031106,15.768511,10.085314,13.4944105,-75.89685,15,2023-06-16,17.25,0.0,86.25,6.12,1.0,202.79,2023,6,16,32.0,0,USA_3006.csv
2023-06-17,3006,30.0,21.2,7.4,4.0,34.0,1.4,0,0,3,3,1,1,1,1,0.9648329620730544,-2.226480785498306,8.86888,-0.5914374,44.03508,-69.708305,15,2023-06-17,16.55,0.0,90.33,8.51,1.0,198.12,2023,6,17,34.0,0,USA_3006.csv
2023-06-18,3006,28.0,10.8,3.0,1.4,31.0,1.6,0,0,3,3,1,1,7,7,-4.38406304485665,-1.6058195989556656,4.07016,8.141013,-74.21228,-0.039118677,15,2023-06-18,16.55,0.0,90.62,9.0,1.0,185.0,2023,6,18,31.0,0,USA_3006.csv
2023-06-19,3006,31.0,16.0,6.4,2.4,30.0,1.0,0,0,3,3,1,1,7,7,-1.5425291922910094,-2.4178317585865994,6.0528536,3.1234539,-18.820013,-36.901604,15,2023-06-19,17.17,0.0,83.0,6.62,1.0,185.38,2023,6,19,31.0,0,USA_3006.csv
2023-06-20,3006,29.0,31.4,5.4,1.6,36.0,1.6,0,0,3,3,1,1,5,5,-2.2075684935857343,0.12024919462950545,13.949889,14.037948,-35.730236,-2.301606,15,2023-06-20,17.05,0.0,80.5,5.16,1.0,184.96,2023,6,20,36.0,0,USA_3006.csv
2023-06-21,3006,27.0,24.8,2.6,1.2,40.0,1.0,0,0,3,3,1,1,7,7,-3.9546667806269458,1.0995956968383802,6.5658937,11.310811,-65.938736,42.42842,15,2023-06-21,17.4,0.0,78.17,6.27,1.0,176.67,2023,6,21,40.0,0,USA_3006.csv
2023-06-22,3006,27.0,17.0,7.2,2.0,33.0,1.0,0,0,3,3,1,1,7,7,-1.960044440337465,-1.743135930773567,3.1712766,4.2449102,-9.908067,-47.414692,15,2023-06-22,16.08,0.0,82.92,9.05,1.0,169.17,2023,6,22,33.0,0,USA_3006.csv
2023-06-23,3006,30.0,18.0,4.6,1.8,33.0,1.4,0,0,3,3,1,1,7,7,-2.8476116611946525,-1.1809078380528517,15.674044,12.377787,-29.258024,-29.54392,15,2023-06-23,15.95,0.0,78.42,12.07,1.0,200.08,2023,6,23,33.0,0,USA_3006.csv
2023-06-24,3006,25.0,24.8,5.6,1.2,36.0,1.0,0,0,3,3,1,1,7,7,-3.153181563625229,-0.1594802708667343,5.065619,14.519716,-47.676926,-1.5329612,15,2023-06-24,16.32,0.0,82.04,8.74,1.0,166.42,2023,6,24,36.0,0,USA_3006.csv
2023-06-25,3006,29.0,24.6,4.4,1.8,33.0,1.0,0,0,3,3,1,1,7,7,-2.5672095076808974,-0.8342675220678838,13.909687,12.8750105,-30.909111,-27.818018,15,2023-06-25,15.96,0.0,83.04,8.42,1.0,179.96,2023,6,25,33.0,0,USA_3006.csv
2023-06-26,3006,27.0,36.6,3.8,1.8,36.0,1.0,0,0,3,3,1,1,5,5,-2.220571362223001,0.4577928088627423,20.152832,4.184132,-28.356186,35.742096,15,2023-06-26,16.33,0.0,83.75,8.9,1.0,198.04,2023,6,26,36.6,0,USA_3006.csv
2023-06-27,3006,28.0,20.6,4.8,1.6,35.0,1.6,0,0,3,3,1,1,7,7,-3.0308569580845437,-0.598175737535687,2.8501909,-0.5212074,-41.34541,-16.02307,15,2023-06-27,16.65,0.0,80.75,7.38,1.0,209.79,2023,6,27,35.0,0,USA_3006.csv
2023-06-28,3006,31.0,21.2,6.8,2.6,35.0,1.0,0,0,3,3,1,1,1,1,-0.8658901251027361,-1.263142190239945,17.14285,7.385751,10.180783,-49.81955,15,2023-06-28,16.43,0.0,80.92,7.51,1.0,188.42,2023,6,28,35.0,0,USA_3006.csv
2023-06-29,3006,30.0,19.8,4.2,1.4,38.0,1.0,0,0,3,3,1,1,7,7,-3.303216403265985,0.17614373581751205,3.5840688,-0.77442586,-45.73909,20.901144,15,2023-06-29,16.32,0.0,82.54,7.92,1.0,168.46,2023,6,29,38.0,0,USA_3006.csv
2023-06-30,3006,33.0,21.6,5.6,1.6,42.0,2.4,0,0,3,3,1,1,5,5,-2.504238442054857,0.906535615381578,7.5446515,6.67328,-28.26774,18.8059,15,2023-06-30,15.9,0.0,87.62,7.02,1.0,172.04,2023,6,30,42.0,0,USA_3006.csv
2023-07-01,3006,40.0,39.0,5.8,1.8,49.0,1.0,2,2,1,1,4,4,5,5,-0.6451695303798389,3.250982889205288,11.913187,8.26533,20.903109,69.28599,15,2023-07-01,16.43,0.0,88.62,7.06,1.0,182.83,2023,7,1,49.0,0,USA_3006.csv
2023-07-02,3006,42.0,30.2,4.4,1.8,43.0,1.8,0,0,3,3,4,4,5,5,-1.5654086512957828,1.7962350879960267,9.260335,8.617822,-26.474287,42.9778,15,2023-07-02,16.71,0.0,87.17,6.43,1.0,193.58,2023,7,2,43.0,0,USA_3006.csv
2023-07-03,3006,41.0,22.2,5.8,1.6,36.0,1.0,0,0,3,3,1,1,7,7,-1.792957819666507,-0.19552430951778807,8.113557,7.5302224,-16.07259,15.655415,15,2023-07-03,15.78,0.0,88.5,7.67,1.0,188.21,2023,7,3,41.0,0,USA_3006.csv
2023-07-04,3006,34.0,23.2,5.4,1.4,37.0,1.6,0,0,3,3,1,1,7,7,-2.596681060610495,0.08631676316621109,13.823951,13.782519,-24.44685,13.476781,15,2023-07-04,15.83,0.0,83.75,8.85,1.0,168.21,2023,7,4,37.0,0,USA_3006.csv
2023-07-05,3006,46.0,33.0,5.0,2.2,39.0,1.6,0,0,3,3,4,4,5,5,-0.4879898245309628,0.9272399258173644,9.621602,7.887906,-0.046446316,10.489208,15,2023-07-05,16.44,0.0,81.83,9.2,1.0,198.62,2023,7,5,46.0,0,USA_3006.csv
2023-07-06,3006,56.0,26.4,8.6,1.0,36.0,1.0,0,0,3,3,4,4,5,5,-0.573353165582244,0.24192219997078487,8.155697,7.069781,-1.6413553,-1.2024225,15,2023-07-06,16.75,0.0,80.04,8.98,1.0,178.58,2023,7,6,56.0,0,USA_3006.csv
2023-07-07,3006,33.0,22.8,4.8,1.8,38.0,1.0,0,0,3,3,1,1,7,7,-2.2793812889077265,0.12464719979590169,-0.219827,2.830881,-24.628727,21.220554,15,2023-07-07,16.54,0.0,81.92,9.08,1.0,200.5,2023,7,7,38.0,0,USA_3006.csv
2023-07-08,3006,32.0,25.8,11.6,3.0,39.0,1.0,0,0,3,3,1,1,1,1,1.459193963080777,-1.0038028214942176,10.293355,3.9753041,25.979635,-59.03641,15,2023-07-08,16.2,0.0,81.79,6.8,1.0,168.88,2023,7,8,39.0,0,USA_3006.csv
2023-07-09,3006,39.0,27.2,4.0,1.6,36.0,3.2,0,0,3,3,1,1,5,5,-2.4905199355353256,0.32127750818497225,7.844688,6.958124,-26.28516,-8.002391,15,2023-07-09,16.7,0.0,81.21,7.1,1.0,183.62,2023,7,9,39.0,0,USA_3006.csv
2023-07-10,3006,36.0,26.8,3.4,2.2,44.0,1.0,0,0,3,3,4,4,5,5,-1.7980742359821231,1.6239351231082062,8.6185875,9.471637,-22.766483,28.212326,15,2023-07-10,18.08,0.0,77.0,7.58,1.0,205.92,2023,7,10,44.0,0,USA_3006.csv
2023-07-11,3006,39.0,31.6,7.4,2.6,50.0,1.0,2,2,1,1,4,4,5,5,0.4140650869554074,2.450681413850538,12.008974,5.655738,41.078667,19.667625,15,2023-07-11,18.06,0.0,78.38,6.7,1.0,205.58,2023,7,11,50.0,0,USA_3006.csv
2023-07-12,3006,32.0,31.0,5.0,1.4,47.0,1.2,0,0,3,3,4,4,5,5,-2.323843982485456,2.558073747052939,21.975643,11.2366495,-24.620178,91.096375,15,2023-07-12,18.07,0.0,76.08,6.53,1.0,217.38,2023,7,12,47.0,0,USA_3006.csv
2023-07-13,3006,26.0,24.6,6.8,1.6,46.0,1.2,0,0,3,3,4,4,5,5,-2.2040310219325505,1.5599204786274388,11.880906,12.280883,-0.14348401,26.993824,15,2023-07-13,18.99,0.0,72.38,6.6,1.0,197.25,2023,7,13,46.0,0,USA_3006.csv
2023-07-14,3006,20.0,12.6,5.0,1.2,50.0,1.0,0,0,3,3,4,4,5,5,-4.209429917894469,2.050579326948638,11.126065,12.061099,-50.282787,50.9422,15,2023-07-14,19.68,0.0,65.08,6.72,1.0,182.04,2023,7,14,50.0,0,USA_3006.csv
2023-07-15,3006,31.0,34.0,6.2,2.8,49.0,1.0,2,2,1,1,4,4,5,5,-0.05440433611688756,2.2762408159883667,12.154456,5.6101837,31.396978,13.760871,15,2023-07-15,19.47,0.0,74.92,6.35,1.0,172.12,2023,7,15,49.0,0,USA_3006.csv
2023-07-16,3006,42.0,37.6,4.6,2.2,46.0,1.0,2,2,3,3,4,4,5,5,-0.4905770624185737,2.5681520701494622,10.968941,8.771696,9.576427,50.160538,15,2023-07-16,18.94,0.0,80.46,5.7,1.0,177.92,2023,7,16,46.0,0,USA_3006.csv
2023-07-17,3006,39.0,27.8,5.6,1.4,48.0,1.2,0,0,3,3,4,4,5,5,-1.8925776602582605,2.6541533094045637,11.552311,10.275327,-9.678467,78.46595,15,2023-07-17,19.0,0.0,84.5,6.05,1.0,234.92,2023,7,17,48.0,0,USA_3006.csv
2023-07-18,3006,44.0,31.0,5.6,2.6,51.0,1.6,2,2,1,1,4,4,5,5,0.03885297870746786,2.976980787374156,12.313645,5.5898347,5.497428,77.71594,15,2023-07-18,18.92,0.0,81.67,6.45,1.0,223.75,2023,7,18,51.0,0,USA_3006.csv
2023-07-19,3006,38.0,32.6,6.0,4.2,46.0,1.0,2,2,1,1,4,4,5,5,1.960130106260767,1.0834882197011517,12.626071,3.7175598,51.98986,20.175528,15,2023-07-19,19.17,0.0,78.25,6.81,1.0,206.38,2023,7,19,46.0,0,USA_3006.csv
2023-07-20,3006,29.0,21.2,6.4,1.2,45.0,1.0,0,0,3,3,4,4,5,5,-2.8158030431642955,1.4730652408629088,10.211065,12.031444,-31.491816,12.594871,15,2023-07-20,20.14,0.0,74.46,7.14,1.0,196.46,2023,7,20,45.0,0,USA_3006.csv
2023-07-21,3006,34.0,28.0,4.0,1.4,41.0,1.6,0,0,3,3,4,4,5,5,-2.7601492644797783,1.3480732371724529,8.844725,11.637398,-33.9198,58.81388,15,2023-07-21,20.18,0.0,72.92,6.18,1.0,166.58,2023,7,21,41.0,0,USA_3006.csv
2023-07-22,3006,43.0,30.4,6.6,1.2,42.0,1.8,0,0,3,3,4,4,5,5,-1.5669517414730474,1.6163648925053122,10.1172695,9.449534,-17.919441,50.384377,15,2023-07-22,19.82,0.0,77.29,6.24,1.0,167.0,2023,7,22,43.0,0,USA_3006.csv
2023-07-23,3006,42.0,29.6,5.2,1.8,40.0,1.0,0,0,3,3,4,4,5,5,-1.2590367118163468,1.0226140947467863,9.562683,7.102224,-24.799652,44.95022,15,2023-07-23,19.53,0.0,79.96,7.35,1.0,175.08,2023,7,23,42.0,0,USA_3006.csv
2023-07-24,3006,51.0,27.2,6.0,1.4,50.0,1.4,2,2,1,1,4,4,5,5,-1.1151792280461872,3.2245987610567335,11.691877,9.333644,6.928671,84.42592,15,2023-07-24,19.75,0.0,85.21,7.15,1.0,205.25,2023,7,24,51.0,0,USA_3006.csv
2023-07-25,3006,49.0,36.8,6.8,1.4,49.0,1.0,2,2,1,1,4,4,5,5,-0.42640443595948196,3.372402792825572,11.992013,8.458417,12.046563,61.844273,15,2023-07-25,21.44,0.0,72.17,6.84,1.0,193.58,2023,7,25,49.0,0,USA_3006.csv
2023-07-26,3006,44.0,34.6,6.4,1.6,46.0,1.0,2,2,3,3,4,4,5,5,-0.7234888784633969,2.4970796892292877,11.776558,8.143519,5.140687,54.473347,15,2023-07-26,22.58,0.0,67.33,7.23,1.0,199.62,2023,7,26,46.0,0,USA_3006.csv
2023-07-27,3006,43.0,26.6,7.0,1.2,47.0,1.2,0,0,3,3,4,4,5,5,-1.541222702055706,2.374934542422858,11.584464,10.400722,-7.9430323,80.41896,15,2023-07-27,22.28,0.0,68.08,6.72,1.0,230.62,2023,7,27,47.0,0,USA_3006.csv
2023-07-28,3006,43.0,29.2,4.6,2.6,48.0,1.8,2,2,3,3,4,4,5,5,-0.46818979017671425,2.3823855253669617,12.186422,5.6692967,5.257053,77.48168,15,2023-07-28,21.79,0.0,73.88,6.82,1.0,234.17,2023,7,28,48.0,0,USA_3006.csv
2023-07-29,3006,47.0,45.4,6.8,1.8,56.0,1.0,2,2,1,1,4,4,8,8,0.44977392210904066,5.035908921832036,13.020807,7.5193954,35.022484,66.01574,15,2023-07-29,21.05,0.0,84.29,7.02,1.0,197.29,2023,7,29,56.0,0,USA_3006.csv
2023-07-30,3006,54.0,30.2,5.6,1.8,43.0,1.0,0,0,3,3,4,4,5,5,-0.3873343251047429,1.8573078951889679,10.364885,8.238435,-1.221595,49.036415,15,2023-07-30,21.58,0.0,79.25,6.42,1.0,187.54,2023,7,30,54.0,0,USA_3006.csv
2023-07-31,3006,50.0,44.8,7.4,3.0,55.0,1.0,2,2,1,1,4,4,8,8,2.2823504484053503,4.206302451435379,13.296958,5.32964,49.161835,43.321724,15,2023-07-31,22.66,0.0,77.42,7.26,1.0,179.58,2023,7,31,55.0,0,USA_3006.csv
2023-08-01,3006,59.0,28.4,5.6,1.0,45.0,1.2,0,0,3,3,4,4,5,5,-1.2114002270591167,2.6592907356196807,10.153265,8.965944,-12.216001,50.489525,15,2023-08-01,21.82,0.0,79.79,7.98,1.0,221.17,2023,8,1,59.0,0,USA_3006.csv
2023-08-02,3006,51.0,31.0,4.4,1.8,40.0,1.2,0,0,3,3,4,4,5,5,-0.935768676986619,1.3871036661744354,9.792381,8.234295,-3.3064115,41.797848,15,2023-08-02,19.61,0.0,75.12,8.03,1.0,230.75,2023,8,2,51.0,0,USA_3006.csv
2023-08-03,3006,38.0,22.4,6.2,1.8,41.0,1.0,0,0,3,3,1,1,5,5,-1.5562942441771228,0.6343174791389298,9.95166,10.988769,-18.205528,16.980875,15,2023-08-03,18.98,0.0,76.79,7.48,1.0,249.92,2023,8,3,41.0,0,USA_3006.csv
2023-08-04,3006,36.0,24.8,5.8,1.8,37.0,1.0,0,0,3,3,1,1,5,5,-1.6906992979446727,-0.047405105066563306,8.809737,6.7871532,-21.008444,15.349286,15,2023-08-04,19.76,0.0,72.92,7.28,1.0,226.67,2023,8,4,37.0,0,USA_3006.csv
2023-08-05,3006,33.0,23.4,4.6,1.8,40.0,1.6,0,0,3,3,1,1,5,5,-2.377383659401645,0.6084797855096588,-0.21941489,2.830465,-22.911137,22.303223,15,2023-08-05,20.35,0.0,73.17,6.6,1.0,152.0,2023,8,5,40.0,0,USA_3006.csv
2023-08-06,3006,41.0,28.4,6.2,2.0,46.0,1.2,0,0,3,3,4,4,5,5,-0.8130796543671942,1.9490583664048537,11.119184,7.814083,6.5623717,24.052631,15,2023-08-06,21.35,0.0,72.17,5.98,1.0,172.83,2023,8,6,46.0,0,USA_3006.csv
2023-08-07,3006,38.0,28.6,7.0,4.0,59.0,1.6,2,2,1,1,4,4,8,8,1.797080975525989,3.520568078493314,13.995256,4.6635957,58.536617,40.21972,15,2023-08-07,20.48,0.0,81.88,6.19,1.0,193.42,2023,8,7,59.0,0,USA_3006.csv
2023-08-08,3006,46.0,38.0,5.0,1.2,49.0,1.0,2,2,1,1,4,4,5,5,-1.3517248041410348,3.709931293340115,11.4755125,8.966209,7.9468455,61.655247,15,2023-08-08,19.23,0.0,82.62,6.68,1.0,157.46,2023,8,8,49.0,0,USA_3006.csv
2023-08-09,3006,43.0,34.6,8.2,2.4,30.0,1.2,0,0,3,3,1,1,1,1,0.6802500747936865,-1.4261052657405213,9.295666,3.4511893,28.967506,-31.3935,15,2023-08-09,18.96,0.0,86.75,5.94,1.0,171.62,2023,8,9,43.0,0,USA_3006.csv
2023-08-10,3006,44.0,18.2,2.4,3.0,31.0,1.2,0,0,3,3,1,1,7,7,-1.1857567413545185,-1.5883414936683364,8.4452715,3.4533875,23.152224,-16.840614,15,2023-08-10,19.61,0.0,89.0,6.79,1.0,184.04,2023,8,10,44.0,0,USA_3006.csv
2023-08-11,3006,29.0,20.6,8.2,2.0,25.0,6.8,0,0,3,3,1,1,0,0,-2.126011615167304,-3.148111762779175,7.360515,15.142178,-58.442257,-68.21653,15,2023-08-11,19.5,0.0,89.42,6.09,1.0,182.17,2023,8,11,29.0,0,USA_3006.csv
2023-08-12,3006,28.0,16.6,3.6,1.6,34.0,1.0,0,0,3,3,1,1,7,7,-3.545822989746457,-0.8713605467151545,3.2368374,15.112523,-38.800854,-30.137722,15,2023-08-12,20.03,0.0,88.21,6.83,1.0,170.62,2023,8,12,34.0,0,USA_3006.csv
2023-08-13,3006,28.0,20.6,4.8,1.6,35.0,1.6,0,0,3,3,1,1,7,7,-3.0308569580845437,-0.598175737535687,2.8499067,-0.5213503,-41.345234,-16.02293,15,2023-08-13,19.33,0.0,90.08,7.44,1.0,174.58,2023,8,13,35.0,0,USA_3006.csv
2023-08-14,3006,29.0,24.8,4.0,1.4,37.0,1.0,0,0,3,3,1,1,7,7,-3.1640533874444037,0.24218713713267032,7.9213924,13.35662,-46.935905,22.968182,15,2023-08-14,19.37,0.0,89.88,6.98,1.0,198.08,2023,8,14,37.0,0,USA_3006.csv
2023-08-15,3006,29.0,25.2,6.8,2.0,34.0,1.0,0,0,3,3,1,1,7,7,-1.5288988683467581,-1.0101721243407888,17.37665,8.551337,-5.3605003,-31.668512,15,2023-08-15,18.48,0.0,91.58,7.72,1.0,239.38,2023,8,15,34.0,0,USA_3006.csv
2023-08-16,3006,25.0,17.6,5.6,1.4,37.0,2.6,0,0,3,3,1,1,7,7,-3.484561624414666,-0.3922299442239857,5.905005,6.806595,-35.238876,-12.78185,15,2023-08-16,18.99,0.0,88.46,7.94,1.0,209.67,2023,8,16,37.0,0,USA_3006.csv
2023-08-17,3006,25.0,25.6,5.0,1.0,35.0,1.0,0,0,3,3,1,1,7,7,-3.5544826918280674,-0.14768752378526162,5.071417,14.548578,-48.67455,-1.0714074,15,2023-08-17,19.32,0.0,87.17,8.14,1.0,174.54,2023,8,17,35.0,0,USA_3006.csv
2023-08-18,3006,29.0,37.0,5.6,2.0,40.0,1.0,0,0,3,3,4,4,5,5,-1.248900665156053,1.0071132861828351,9.526396,9.975355,-32.57565,42.90054,15,2023-08-18,18.61,0.0,87.62,8.39,1.0,232.21,2023,8,18,40.0,0,USA_3006.csv
2023-08-19,3006,26.0,13.8,9.0,1.4,35.0,1.0,0,0,3,3,1,1,7,7,-2.368597664256528,-1.473651447971848,23.497763,-0.54530156,-23.71364,-52.929485,15,2023-08-19,18.2,0.0,86.29,8.41,1.0,183.42,2023,8,19,35.0,0,USA_3006.csv
2023-08-20,3006,19.0,15.2,5.4,3.0,29.0,1.0,0,0,3,3,1,1,7,7,-1.8491151854310997,-3.059045663265369,-0.54541135,4.8305745,18.159674,-97.792076,15,2023-08-20,20.02,0.0,87.04,6.45,1.0,245.17,2023,8,20,29.0,0,USA_3006.csv
2023-08-21,3006,13.0,10.2,5.2,2.0,25.0,1.2,0,0,3,3,1,1,7,7,-3.827855006815795,-3.757136984744947,3.174783,5.8266373,-19.772926,-83.10132,15,2023-08-21,19.48,0.0,91.75,11.38,1.0,162.62,2023,8,21,25.0,0,USA_3006.csv
2023-08-22,3006,19.0,15.0,3.0,2.2,31.0,8.4,0,0,2,2,3,3,0,0,-4.556913613803523,-1.7795684481939005,15.6823635,-8.377651,-70.536934,-74.917984,15,2023-08-22,19.5,0.0,87.62,5.68,1.0,160.79,2023,8,22,31.0,0,USA_3006.csv
2023-08-23,3006,30.0,25.0,8.4,2.4,39.0,1.6,0,0,3,3,1,1,1,1,-0.530999306079658,-0.36151702691400733,16.838085,6.788348,11.236574,0.47377196,15,2023-08-23,19.07,0.0,90.12,5.82,1.0,166.75,2023,8,23,39.0,0,USA_3006.csv
2023-08-24,3006,32.0,26.2,5.8,1.2,38.0,1.0,0,0,3,3,1,1,5,5,-2.5982196253516494,0.43886401747871656,9.384158,12.251805,-25.999863,14.227553,15,2023-08-24,18.27,0.0,93.25,7.33,1.0,207.12,2023,8,24,38.0,0,USA_3006.csv
2023-08-25,3006,23.0,21.6,8.8,1.4,39.0,1.2,0,0,3,3,1,1,7,7,-2.1985784698580813,-0.26675329644740753,3.9519763,13.496195,1.146729,-6.4487886,15,2023-08-25,17.85,0.0,93.88,6.66,1.0,195.33,2023,8,25,39.0,0,USA_3006.csv
2023-08-26,3006,30.0,31.2,7.4,2.2,42.0,1.0,0,0,3,3,4,4,5,5,-0.6740897348756024,0.7968804447223077,9.730649,6.1219716,8.702993,7.4163613,15,2023-08-26,18.32,0.0,85.71,6.78,1.0,152.62,2023,8,26,42.0,0,USA_3006.csv
2023-08-27,3006,27.0,20.2,7.4,1.8,50.0,1.0,0,0,3,3,4,4,5,5,-1.8945538884427389,1.9889105627197465,11.736668,6.5674148,23.258709,27.906166,15,2023-08-27,19.11,0.0,82.71,5.93,1.0,209.58,2023,8,27,50.0,0,USA_3006.csv
2023-08-28,3006,26.0,25.6,7.0,2.4,53.0,1.0,2,2,1,1,4,4,5,5,-1.0234663987852932,2.6382725165148315,12.017421,6.477706,21.038055,30.039171,15,2023-08-28,20.7,0.0,73.58,5.25,1.0,184.79,2023,8,28,53.0,0,USA_3006.csv
2023-08-29,3006,29.0,25.4,6.0,1.0,54.0,1.2,2,2,1,1,4,4,5,5,-2.9504111155539863,3.6984182845350806,12.906744,10.147286,4.3716927,94.67095,15,2023-08-29,22.03,0.0,69.88,5.64,1.0,176.21,2023,8,29,54.0,0,USA_3006.csv
2023-08-30,3006,33.0,34.6,6.4,1.6,55.0,1.0,2,2,1,1,4,4,5,5,-1.320358404502778,4.127152715801086,13.090598,9.025107,20.184036,80.47526,15,2023-08-30,22.37,0.0,72.38,5.29,1.0,172.04,2023,8,30,55.0,0,USA_3006.csv
2023-08-31,3006,32.0,26.0,5.4,1.2,49.0,1.2,0,0,3,3,4,4,5,5,-2.704956422365536,2.746554300619155,11.601241,10.85039,-9.1165,87.80513,15,2023-08-31,20.4,0.0,88.67,4.96,1.0,179.46,2023,8,31,49.0,0,USA_3006.csv
2023-09-01,3006,44.0,16.2,5.4,2.6,37.0,2.6,0,0,3,3,1,1,7,7,-1.0063200430512955,-0.6336796486409615,8.089717,3.729098,25.430103,-9.196629,15,2023-09-01,20.6,0.0,87.88,7.93,1.0,172.5,2023,9,1,44.0,0,USA_3006.csv
2023-09-02,3006,43.0,20.2,5.0,3.0,16.0,2.0,0,0,3,3,1,1,10,10,-0.5026258959872724,-4.909580850039084,8.687434,1.8269907,43.29365,-38.42736,15,2023-09-02,20.93,0.0,86.04,10.46,1.0,146.46,2023,9,2,43.0,0,USA_3006.csv
2023-09-03,3006,24.0,20.4,8.6,2.6,25.0,1.6,0,0,3,3,1,1,1,1,-0.8806721348265937,-3.723908519831003,4.5439177,0.26018032,20.694487,-74.445694,15,2023-09-03,21.11,0.0,83.08,9.56,1.0,220.71,2023,9,3,25.0,0,USA_3006.csv
2023-09-04,3006,25.0,15.4,3.6,2.0,30.0,1.0,0,0,3,3,1,1,7,7,-3.3020283112688293,-2.0076972975289187,3.3025672,7.516058,-43.58375,-37.371635,15,2023-09-04,19.05,0.0,81.67,7.6,1.0,127.29,2023,9,4,30.0,0,USA_3006.csv
2023-09-05,3006,20.0,18.0,3.6,2.0,33.0,2.0,0,0,3,3,1,1,7,7,-3.5696349530577693,-1.3288705574413069,23.192589,5.3729663,-54.190117,-31.190413,15,2023-09-05,19.76,0.0,82.96,8.09,1.0,125.17,2023,9,5,33.0,0,USA_3006.csv
2023-09-06,3006,29.0,24.8,4.0,1.4,37.0,1.0,0,0,3,3,1,1,7,7,-3.1640533874444037,0.24218713713267032,7.9163036,13.356382,-46.936127,22.967962,15,2023-09-06,19.65,0.0,83.17,6.74,1.0,138.33,2023,9,6,37.0,0,USA_3006.csv
2023-09-07,3006,28.0,19.4,4.4,1.6,49.0,1.0,0,0,3,3,4,4,5,5,-3.0727410978073357,2.253599359317789,10.91492,11.954177,-47.132607,48.195305,15,2023-09-07,18.69,0.0,83.12,7.55,1.0,159.46,2023,9,7,49.0,0,USA_3006.csv
2023-09-08,3006,32.0,30.2,4.8,1.4,50.0,1.2,0,0,3,3,4,4,5,5,-2.413868370845891,3.158646380812059,11.483008,10.312795,-22.332973,90.90627,15,2023-09-08,19.93,0.0,84.46,5.59,1.0,218.71,2023,9,8,50.0,0,USA_3006.csv
2023-09-09,3006,28.0,15.4,4.4,1.6,33.0,1.0,0,0,3,3,1,1,7,7,-3.3642531502998274,-1.2463782254201468,3.2367046,15.11285,-37.35859,-31.210522,15,2023-09-09,22.04,0.0,73.5,6.56,1.0,227.04,2023,9,9,33.0,0,USA_3006.csv
2023-09-10,3006,26.0,21.8,5.2,1.6,32.0,1.6,0,0,3,3,1,1,7,7,-2.9737526270123036,-1.2439197907171355,16.994427,12.13988,-43.424072,-18.256227,15,2023-09-10,22.92,0.0,69.29,8.99,1.0,193.54,2023,9,10,32.0,0,USA_3006.csv
2023-09-11,3006,32.0,33.6,4.4,1.8,42.0,2.4,0,0,3,3,4,4,5,5,-2.0506594078763762,1.5860345431679057,9.351007,8.871686,-27.919441,41.18121,15,2023-09-11,22.34,0.0,77.67,5.38,1.0,198.62,2023,9,11,42.0,0,USA_3006.csv
2023-09-12,3006,30.0,31.2,7.4,2.2,42.0,1.0,0,0,3,3,4,4,5,5,-0.6740897348756024,0.7968804447223077,9.732605,6.1111245,8.703075,7.4164524,15,2023-09-12,20.42,0.0,81.71,7.41,1.0,192.88,2023,9,12,42.0,0,USA_3006.csv
2023-09-13,3006,33.0,22.0,4.0,1.2,39.0,1.0,0,0,3,3,1,1,7,7,-3.3203292527840773,0.6800157694590371,8.398737,11.404797,-43.65431,23.391066,15,2023-09-13,19.67,0.0,81.75,8.07,1.0,140.25,2023,9,13,39.0,0,USA_3006.csv
2023-09-14,3006,35.0,21.8,4.2,2.0,39.0,1.0,0,0,3,3,1,1,7,7,-2.1472331213292186,0.3010231226658204,7.967285,9.448742,-25.312426,24.341251,15,2023-09-14,19.21,0.0,84.92,7.51,1.0,186.71,2023,9,14,39.0,0,USA_3006.csv
2023-09-15,3006,40.0,22.6,9.2,2.8,35.0,1.0,0,0,3,3,1,1,1,1,0.7347932466667643,-1.4226259044930398,7.8441186,3.0473511,18.89254,-52.336155,15,2023-09-15,17.61,0.0,88.71,5.72,1.0,177.5,2023,9,15,40.0,0,USA_3006.csv
2023-09-16,3006,30.0,20.6,5.8,2.4,31.0,1.0,0,0,3,3,1,1,7,7,-1.5396952702248177,-1.909034116177648,5.82587,5.128232,-17.197508,-36.297348,15,2023-09-16,17.72,0.0,88.92,6.75,1.0,146.0,2023,9,16,31.0,0,USA_3006.csv
2023-09-17,3006,32.0,19.2,6.2,1.6,31.0,1.0,0,0,3,3,1,1,7,7,-2.3766776887106853,-1.6144967030963813,0.72946227,4.542258,-25.231133,-37.62274,15,2023-09-17,17.68,0.0,88.71,6.74,1.0,157.62,2023,9,17,32.0,0,USA_3006.csv
2023-09-18,3006,18.0,11.6,3.6,1.6,36.0,1.0,0,0,3,3,1,1,7,7,-4.384148374325828,-0.9248368684651526,3.836875,16.039528,-70.03617,-33.48372,15,2023-09-18,17.94,0.0,84.29,8.75,1.0,140.17,2023,9,18,36.0,0,USA_3006.csv
2023-09-19,3006,25.0,17.6,5.6,1.4,37.0,2.6,0,0,3,3,1,1,7,7,-3.484561624414666,-0.3922299442239857,5.9049783,6.803358,-35.23893,-12.781774,15,2023-09-19,18.27,0.0,83.58,7.9,1.0,151.67,2023,9,19,37.0,0,USA_3006.csv
2023-09-20,3006,25.0,25.6,5.0,1.0,35.0,1.0,0,0,3,3,1,1,7,7,-3.5544826918280674,-0.14768752378526162,5.071312,14.551743,-48.67446,-1.0711957,15,2023-09-20,17.9,0.0,85.58,7.48,1.0,142.17,2023,9,20,35.0,0,USA_3006.csv
2023-09-21,3006,33.0,29.6,5.2,1.6,36.0,1.2,0,0,3,3,1,1,5,5,-2.0807217398737192,0.12140718625620066,13.875545,13.874806,-35.02701,-1.8829015,15,2023-09-21,18.38,0.0,80.25,6.79,1.0,207.29,2023,9,21,36.0,0,USA_3006.csv
2023-09-22,3006,57.0,34.4,3.2,2.0,38.0,3.4,0,0,3,3,4,4,5,5,-0.822721742265091,1.3927882193250114,9.4330225,8.119701,-4.152027,35.7672,15,2023-09-22,18.02,0.0,75.58,6.82,1.0,204.33,2023,9,22,57.0,0,USA_3006.csv
2023-09-23,3006,60.0,33.2,5.2,1.4,43.0,1.0,0,0,3,3,4,4,5,5,-0.5056981538478595,2.379853081500267,9.964215,8.369106,-6.452832,47.378784,15,2023-09-23,17.64,0.0,83.38,6.57,1.0,201.92,2023,9,23,60.0,0,USA_3006.csv
2023-09-24,3006,71.0,38.0,4.0,1.6,40.0,1.2,0,0,3,3,4,4,5,5,0.22556848217415873,2.3054541132581603,9.368429,8.048713,-6.9933877,43.619247,15,2023-09-24,17.51,0.0,84.42,7.41,1.0,154.67,2023,9,24,71.0,0,USA_3006.csv
2023-09-25,3006,61.0,23.6,9.6,2.4,38.0,1.2,0,0,3,3,4,4,10,10,1.6246493937888333,-0.1914588954346734,9.293294,3.975317,24.407053,-34.274525,15,2023-09-25,17.24,0.0,85.08,6.9,1.0,157.04,2023,9,25,61.0,0,USA_3006.csv
2023-09-26,3006,47.0,27.6,6.6,1.4,36.0,1.0,0,0,3,3,1,1,5,5,-1.1577900470471005,0.19989742310306366,8.703838,6.941525,-2.2540643,13.141273,15,2023-09-26,17.62,0.0,71.88,4.87,1.0,169.62,2023,9,26,47.0,0,USA_3006.csv
2023-09-27,3006,29.0,22.6,7.2,2.0,43.0,1.0,0,0,3,3,1,1,5,5,-1.4968987513572587,0.6485482520804181,9.932324,6.3565636,-10.261487,8.636369,15,2023-09-27,19.17,0.0,64.42,6.24,1.0,174.58,2023,9,27,43.0,0,USA_3006.csv
2023-09-28,3006,36.0,32.4,5.0,1.6,41.0,1.0,0,0,3,3,4,4,5,5,-1.7692937288622916,1.378769495637054,7.7294984,-2.4048624,-27.43003,46.025677,15,2023-09-28,18.63,0.0,79.96,5.8,1.0,232.12,2023,9,28,41.0,0,USA_3006.csv
2023-09-29,3006,39.0,17.2,4.6,2.2,35.0,3.4,0,0,3,3,1,1,7,7,-2.1102299032900103,-0.7751781584375871,17.16806,5.728952,-24.487692,-17.05671,15,2023-09-29,18.1,0.0,87.0,6.82,1.0,161.92,2023,9,29,39.0,0,USA_3006.csv
2023-09-30,3006,35.0,23.2,8.0,3.0,24.0,1.4,0,0,3,3,1,1,1,1,0.2447379111853112,-3.6779079458886437,7.677741,2.0561311,27.246292,-47.139423,15,2023-09-30,17.81,0.0,84.46,9.94,1.0,160.92,2023,9,30,35.0,0,USA_3006.csv
2023-10-01,3006,21.0,15.4,9.8,2.2,32.0,1.0,0,0,3,3,1,1,1,1,-1.3356985623245465,-2.592798367556727,4.482812,2.2486663,1.1952568,-66.26212,15,2023-10-01,16.25,0.0,74.92,10.8,1.0,176.21,2023,10,1,32.0,0,USA_3006.csv
2023-10-02,3006,19.0,11.2,7.2,1.4,30.0,1.0,0,0,3,3,1,1,7,7,-3.502344112759793,-2.540257293985951,19.267487,3.2110848,-15.400662,-96.544525,15,2023-10-02,16.05,0.0,72.96,7.34,1.0,131.62,2023,10,2,30.0,0,USA_3006.csv
2023-10-03,3006,20.0,16.2,6.4,1.4,36.0,1.0,0,0,3,3,1,1,7,7,-3.3993422512213813,-0.91639589983484,3.0478601,13.037222,-57.406563,-22.241219,15,2023-10-03,17.32,0.0,68.5,6.8,1.0,133.96,2023,10,3,36.0,0,USA_3006.csv
2023-10-04,3006,20.0,9.2,4.8,2.0,28.0,1.0,0,0,3,3,1,1,7,7,-3.5569888896554174,-3.005912639203248,1.672983,6.9124465,-21.972488,-79.35194,15,2023-10-04,19.59,0.0,63.17,5.7,1.0,132.21,2023,10,4,28.0,0,USA_3006.csv
2023-10-05,3006,21.0,16.6,4.0,1.8,33.0,1.0,0,0,3,3,1,1,7,7,-3.582886158121078,-1.364893808504095,-0.23886684,-4.9465904,-52.0659,-35.733433,15,2023-10-05,21.9,0.0,51.75,7.42,1.0,144.96,2023,10,5,33.0,0,USA_3006.csv
2023-10-06,3006,17.0,13.2,4.8,1.4,33.0,1.0,0,0,3,3,1,1,7,7,-4.248505852455992,-1.5398998486447275,17.23316,18.498058,-89.735115,-26.419315,15,2023-10-06,21.35,0.0,52.83,6.71,1.0,142.83,2023,10,6,33.0,0,USA_3006.csv
2023-10-07,3006,15.0,13.2,7.8,1.2,50.0,1.0,0,0,3,3,1,1,5,5,-3.593781876065686,1.6119371188767686,11.034548,11.98164,-27.843508,8.433195,15,2023-10-07,22.0,0.0,50.33,5.67,1.0,146.38,2023,10,7,50.0,0,USA_3006.csv
2023-10-08,3006,19.0,17.6,2.4,1.2,44.0,1.0,0,0,3,3,1,1,7,7,-4.845530544903853,1.4068842785550821,6.4571695,11.609703,-71.49616,64.544586,15,2023-10-08,20.07,0.0,74.71,5.99,1.0,182.12,2023,10,8,44.0,0,USA_3006.csv
2023-10-09,3006,25.0,24.8,5.6,1.2,36.0,1.0,0,0,3,3,1,1,7,7,-3.153181563625229,-0.1594802708667343,5.065399,14.528881,-47.676926,-1.5329612,15,2023-10-09,18.19,0.0,86.25,6.32,1.0,216.04,2023,10,9,36.0,0,USA_3006.csv
2023-10-10,3006,31.0,13.2,4.4,3.2,31.0,1.0,0,0,3,3,1,1,7,7,-1.3067948549072261,-2.477750384026385,14.492457,13.000938,11.976351,-44.50546,15,2023-10-10,17.8,0.0,84.12,5.52,1.0,138.29,2023,10,10,31.0,0,USA_3006.csv
2023-10-11,3006,27.0,17.0,7.2,2.0,33.0,1.0,0,0,3,3,1,1,7,7,-1.960044440337465,-1.743135930773567,3.175055,4.2239966,-9.907854,-47.41459,15,2023-10-11,17.69,0.0,81.29,5.15,1.0,150.83,2023,10,11,33.0,0,USA_3006.csv
2023-10-12,3006,19.0,15.6,4.0,1.0,34.0,2.8,0,0,3,3,1,1,7,7,-4.98369673939875,-0.8268166914581445,-1.7836236,7.490662,-76.6869,-10.404383,15,2023-10-12,17.71,0.0,48.54,7.65,1.0,134.88,2023,10,12,34.0,0,USA_3006.csv
2023-10-13,3006,28.0,22.6,5.4,1.6,41.0,1.0,0,0,3,3,1,1,5,5,-2.6302300888287213,0.6468226150787746,6.733988,14.097239,-35.38204,18.639606,15,2023-10-13,17.28,0.0,57.08,5.72,1.0,159.0,2023,10,13,41.0,0,USA_3006.csv
2023-10-14,3006,20.0,21.8,3.6,1.2,39.0,1.0,0,0,3,3,1,1,7,7,-4.2142497799772,0.46307073415987826,5.954066,12.076118,-62.15338,33.773434,15,2023-10-14,16.97,0.0,72.71,5.33,1.0,150.67,2023,10,14,39.0,0,USA_3006.csv
2023-10-15,3006,29.0,23.6,6.4,1.8,39.0,1.0,0,0,3,3,1,1,7,7,-1.96504405778199,0.08092614547394293,-4.103804,13.725201,-10.117005,-2.815374,15,2023-10-15,18.52,0.0,60.17,7.01,1.0,172.12,2023,10,15,39.0,0,USA_3006.csv
2023-10-16,3006,23.0,24.0,7.0,1.4,44.0,1.6,0,0,3,3,4,4,5,5,-2.6608144300621848,1.1359599366209208,10.518337,12.075031,-32.158417,8.407752,15,2023-10-16,18.73,0.0,59.71,6.15,1.0,195.62,2023,10,16,44.0,0,USA_3006.csv
2023-10-17,3006,16.0,19.6,6.8,1.6,51.0,1.0,0,0,3,3,4,4,5,5,-3.0017114082147014,2.1180867555991787,11.098282,12.016813,-49.807266,53.43537,15,2023-10-17,18.82,0.0,63.08,5.98,1.0,200.21,2023,10,17,51.0,0,USA_3006.csv
2023-10-18,3006,34.0,23.8,9.6,2.0,47.0,1.6,0,0,3,3,4,4,5,5,-0.44857769522642577,1.3306785834800132,11.376646,6.271466,19.676823,23.199419,15,2023-10-18,18.09,0.0,79.12,4.65,1.0,158.42,2023,10,18,47.0,0,USA_3006.csv
2023-10-19,3006,40.0,39.0,5.8,1.8,49.0,1.0,2,2,1,1,4,4,5,5,-0.6451695303798389,3.250982889205288,11.896517,8.242553,20.904417,69.289345,15,2023-10-19,18.3,0.0,80.58,4.58,1.0,214.96,2023,10,19,49.0,0,USA_3006.csv
2023-10-20,3006,30.0,25.0,3.8,1.6,41.0,1.0,0,0,3,3,1,1,5,5,-2.8866551450783677,1.025754470077572,8.98214,13.257554,-43.97899,31.35141,15,2023-10-20,17.8,0.0,85.08,6.83,1.0,264.0,2023,10,20,41.0,0,USA_3006.csv
2023-10-21,3006,32.0,20.8,4.6,2.2,32.0,1.0,0,0,3,3,1,1,7,7,-2.033805687769759,-1.398715094514823,15.770853,12.033985,-30.105045,-31.878689,15,2023-10-21,18.13,0.0,77.96,7.13,1.0,201.88,2023,10,21,32.0,0,USA_3006.csv
2023-10-22,3006,22.0,12.4,4.2,2.0,28.0,1.0,0,0,3,3,1,1,7,7,-3.458341985008954,-2.7169761570689515,2.4654174,7.0484524,-23.384089,-77.38546,15,2023-10-22,17.09,0.0,79.83,7.68,1.0,156.25,2023,10,22,28.0,0,USA_3006.csv
2023-10-23,3006,11.0,11.0,4.8,1.4,27.0,10.8,0,0,2,2,3,3,0,0,-6.005927742045929,-2.7714241584452073,16.749537,-8.163111,-89.76977,-70.09546,15,2023-10-23,18.1,0.0,80.5,6.84,1.0,209.21,2023,10,23,27.0,0,USA_3006.csv
2023-10-24,3006,12.0,19.2,7.4,1.8,34.0,1.0,0,0,3,3,1,1,7,7,-2.9019750277524943,-1.651258042479853,3.5290194,3.645964,-18.413818,-58.49229,15,2023-10-24,16.95,0.0,73.83,6.55,1.0,138.83,2023,10,24,34.0,0,USA_3006.csv
2023-10-25,3006,19.0,15.8,1.4,3.6,28.0,1.0,0,0,3,3,1,1,7,7,-2.3195964078208164,-2.9895097502675037,-0.47636867,5.3796625,21.275366,-103.50244,15,2023-10-25,17.22,0.0,85.42,7.23,1.0,135.0,2023,10,25,28.0,0,USA_3006.csv
2023-10-26,3006,29.0,25.2,6.8,2.0,34.0,1.0,0,0,3,3,1,1,7,7,-1.5288988683467581,-1.0101721243407888,17.377316,8.55175,-5.360533,-31.668465,15,2023-10-26,17.47,0.0,79.92,6.38,1.0,217.58,2023,10,26,34.0,0,USA_3006.csv
2023-10-27,3006,25.0,15.4,3.0,1.4,38.0,1.0,0,0,3,3,1,1,7,7,-4.203254147427632,0.002080301705754632,5.903809,10.944591,-67.61338,27.85109,15,2023-10-27,15.22,0.0,63.96,6.12,1.0,100.75,2023,10,27,38.0,0,USA_3006.csv
2023-10-28,3006,18.0,10.4,2.6,1.8,38.0,1.0,0,0,3,3,1,1,7,7,-4.499353375384035,-0.5404972684536717,0.31766635,9.273828,-71.40299,-36.68879,15,2023-10-28,14.55,0.0,52.0,5.28,1.0,143.92,2023,10,28,38.0,0,USA_3006.csv
2023-10-29,3006,22.0,29.2,6.4,1.8,35.0,1.6,0,0,3,3,1,1,7,7,-2.1736254959400108,-0.5693259015948623,6.571778,14.870768,-9.499077,-25.037453,15,2023-10-29,16.02,0.0,35.96,9.08,1.0,116.96,2023,10,29,35.0,0,USA_3006.csv
2023-10-30,3006,47.0,16.6,4.2,3.0,34.0,1.0,0,0,3,3,1,1,7,7,-0.4921178139612982,-1.2399767189347117,8.459457,3.4360476,24.35241,-15.040349,15,2023-10-30,15.75,0.0,23.25,9.29,1.0,130.92,2023,10,30,47.0,0,USA_3006.csv
2023-10-31,3006,10.0,11.2,4.6,1.4,36.0,1.0,0,0,3,3,1,1,7,7,-4.810418227188494,-1.1425543537017318,18.995178,11.15391,-77.7084,-26.86101,15,2023-10-31,17.1,0.0,26.29,9.07,1.0,110.71,2023,10,31,36.0,0,USA_3006.csv
2023-11-01,3006,5.0,13.0,5.2,1.6,39.0,1.0,0,0,3,3,1,1,7,7,-4.553015541185515,-0.7052782393194492,4.4466043,12.601223,-36.92923,-54.505478,15,2023-11-01,17.28,0.0,29.96,6.5,1.0,103.54,2023,11,1,39.0,0,USA_3006.csv
2023-11-02,3006,12.0,25.4,3.8,1.6,44.0,1.0,0,0,3,3,1,1,7,7,-3.900432992978196,1.3044143404104755,7.9386964,11.843312,-42.050236,49.25158,15,2023-11-02,16.96,0.0,34.42,7.3,1.0,129.42,2023,11,2,44.0,0,USA_3006.csv
2023-11-03,3006,23.0,18.8,5.2,1.4,47.0,1.4,0,0,3,3,4,4,5,5,-3.458574764750903,1.710307702125797,10.76096,12.124811,-49.333187,48.039265,15,2023-11-03,17.21,0.0,36.46,6.19,1.0,135.62,2023,11,3,47.0,0,USA_3006.csv
2023-11-04,3006,28.0,26.4,6.6,1.6,46.0,1.6,0,0,3,3,4,4,5,5,-2.1059846857182225,1.731399675310543,11.8798895,12.277805,0.1295041,27.17061,15,2023-11-04,16.71,0.0,50.17,5.3,1.0,115.79,2023,11,4,46.0,0,USA_3006.csv
2023-11-05,3006,27.0,24.4,5.8,2.6,52.0,1.2,2,2,3,3,4,4,5,5,-1.183523923186185,2.457395403256762,12.048349,6.2997713,21.389318,30.107931,15,2023-11-05,16.05,0.0,61.04,5.54,1.0,172.12,2023,11,5,52.0,0,USA_3006.csv
2023-11-06,3006,32.0,25.8,11.6,3.0,39.0,1.0,0,0,3,3,1,1,1,1,1.459193963080777,-1.0038028214942176,10.310439,3.969282,25.979698,-59.036346,15,2023-11-06,16.58,0.0,65.0,5.34,1.0,185.75,2023,11,6,39.0,0,USA_3006.csv
2023-11-07,3006,30.0,20.6,5.8,2.4,31.0,1.0,0,0,3,3,1,1,7,7,-1.5396952702248177,-1.909034116177648,5.827478,5.116377,-17.197407,-36.296932,15,2023-11-07,17.39,0.0,83.83,9.86,1.0,200.21,2023,11,7,31.0,0,USA_3006.csv
2023-11-08,3006,23.0,18.4,3.6,1.4,33.0,1.0,0,0,3,3,1,1,7,7,-3.9981567130103346,-0.9857362466807879,3.2294142,14.160915,-98.29786,-25.904165,15,2023-11-08,15.83,0.0,46.29,9.99,1.0,206.88,2023,11,8,33.0,0,USA_3006.csv
2023-11-09,3006,13.0,11.6,5.8,2.0,34.0,1.0,0,0,3,3,1,1,7,7,-3.4955892022217685,-1.9177411558759232,2.3830488,4.1153545,-38.814926,-73.512405,15,2023-11-09,16.08,0.0,33.21,9.02,1.0,123.71,2023,11,9,34.0,0,USA_3006.csv
2023-11-10,3006,13.0,11.2,5.4,1.6,33.0,9.4,0,0,2,2,3,3,0,0,-5.229975645999197,-1.696795366322788,15.895831,-7.784009,-80.064804,-75.20652,15,2023-11-10,14.21,0.0,34.79,7.38,1.0,115.92,2023,11,10,33.0,0,USA_3006.csv
2023-11-11,3006,19.0,17.2,3.2,1.6,38.0,1.0,0,0,3,3,1,1,7,7,-4.144157119978501,-0.1441257656693722,4.126029,13.766516,-63.05049,28.21608,15,2023-11-11,14.38,0.0,46.92,5.47,1.0,104.88,2023,11,11,38.0,0,USA_3006.csv
2023-11-12,3006,11.0,15.2,6.8,1.8,38.0,1.0,0,0,3,3,1,1,7,7,-3.3400223289719753,-0.9817805811185207,4.315098,12.605373,-35.137547,-54.17858,15,2023-11-12,15.05,0.0,47.46,5.77,1.0,117.83,2023,11,12,38.0,0,USA_3006.csv
2023-11-13,3006,17.0,10.8,4.8,1.2,38.0,1.0,0,0,3,3,1,1,7,7,-4.601981075922466,-0.5441617168125275,3.281191,11.723026,-68.37967,-23.116468,15,2023-11-13,15.92,0.0,46.29,6.63,1.0,127.54,2023,11,13,38.0,0,USA_3006.csv
2023-11-14,3006,27.0,17.4,4.0,1.0,42.0,1.0,0,0,3,3,1,1,7,7,-4.150303810096396,1.0284752874403318,7.1725926,12.709482,-55.236534,39.29564,15,2023-11-14,14.65,0.0,58.46,6.04,1.0,119.25,2023,11,14,42.0,0,USA_3006.csv
2023-11-15,3006,29.0,25.4,8.0,5.2,19.0,1.6,0,0,3,3,5,5,1,1,2.723183136608417,-5.753587131578909,8.799134,0.4403326,48.541874,-81.23873,15,2023-11-15,15.5,0.0,53.25,9.56,1.0,111.42,2023,11,15,29.0,0,USA_3006.csv
2023-11-16,3006,28.0,13.2,7.2,1.8,26.0,1.0,0,0,3,3,1,1,7,7,-2.3890284644811395,-3.2676318528597283,3.9596348,4.859623,-10.321773,-77.080826,15,2023-11-16,16.43,0.0,83.67,12.75,1.0,91.0,2023,11,16,28.0,0,USA_3006.csv
2023-11-17,3006,18.0,14.8,4.2,2.2,26.0,2.4,0,0,3,3,1,1,7,7,-3.5034147285189836,-3.142041720322925,-1.5841309,3.1911995,-20.912176,-74.693825,15,2023-11-17,15.33,0.0,85.83,7.59,1.0,104.38,2023,11,17,26.0,0,USA_3006.csv
2023-11-18,3006,27.0,18.4,7.6,4.4,19.0,1.4,0,0,3,3,5,5,1,1,1.1316964674295145,-5.734579630858456,8.46023,0.67844284,46.454018,-79.72343,15,2023-11-18,15.77,0.0,91.67,7.35,1.0,119.42,2023,11,18,27.0,0,USA_3006.csv
2023-11-19,3006,11.0,11.4,4.6,1.6,33.0,11.0,0,0,2,2,3,3,0,0,-5.792052910257285,-1.5813545982709754,8.200581,-11.446017,-92.148094,-80.29686,15,2023-11-19,16.05,0.0,80.58,6.66,1.0,235.46,2023,11,19,33.0,0,USA_3006.csv
2023-11-20,3006,12.0,19.2,7.4,1.8,34.0,1.0,0,0,3,3,1,1,7,7,-2.9019750277524943,-1.651258042479853,3.5360534,3.6348243,-18.413801,-58.492268,15,2023-11-20,14.12,0.0,58.67,9.82,1.0,114.88,2023,11,20,34.0,0,USA_3006.csv
2023-11-21,3006,33.0,27.6,7.6,3.0,31.0,1.0,0,0,3,3,1,1,1,1,0.3224694033574569,-2.0028513330271838,11.877819,13.957844,14.513675,-51.634735,15,2023-11-21,16.83,0.0,36.88,11.99,1.0,105.62,2023,11,21,33.0,0,USA_3006.csv
2023-11-22,3006,7.0,9.2,3.8,1.8,30.0,1.2,0,0,3,3,1,1,7,7,-4.894836074563374,-2.621519391603855,2.055027,7.466195,-61.529892,-48.15099,15,2023-11-22,14.53,0.0,58.67,5.01,1.0,122.62,2023,11,22,30.0,0,USA_3006.csv
2023-11-23,3006,9.0,11.8,5.8,2.2,32.0,11.0,0,0,2,2,3,3,0,0,-4.763889458194166,-2.2507753058438165,16.680004,-9.180557,-81.618904,-86.869865,15,2023-11-23,14.73,0.0,65.08,6.07,1.0,157.25,2023,11,23,32.0,0,USA_3006.csv
2023-11-24,3006,24.0,16.6,5.8,2.0,31.0,11.4,0,0,2,2,3,3,0,0,-3.9421567676242053,-1.7975137408444737,15.290882,-7.1298733,-70.50286,-57.416927,15,2023-11-24,13.86,0.0,77.54,6.76,1.0,123.58,2023,11,24,31.0,0,USA_3006.csv
2023-11-25,3006,26.0,16.2,8.2,1.8,28.0,1.4,0,0,3,3,1,1,7,7,-2.0755447209029754,-2.8602159260820943,4.1091785,4.0097346,-6.2837462,-71.35922,15,2023-11-25,12.75,0.0,64.88,10.86,1.0,93.46,2023,11,25,28.0,0,USA_3006.csv
2023-11-26,3006,14.0,16.8,10.0,2.6,26.0,1.0,0,0,3,3,1,1,1,1,-1.1348201470967871,-4.108592060847743,6.1804194,1.577984,25.375406,-78.11071,15,2023-11-26,13.39,0.0,34.38,15.32,1.0,68.42,2023,11,26,26.0,0,USA_3006.csv
2023-11-27,3006,8.0,12.4,6.2,4.0,28.0,10.6,0,0,2,2,3,3,0,0,-2.3736149830012394,-3.982638722920906,14.652795,-9.201869,-61.39044,-87.413765,15,2023-11-27,15.22,0.0,24.46,17.97,1.0,73.12,2023,11,27,28.0,0,USA_3006.csv
2023-11-28,3006,7.0,9.2,3.8,1.8,30.0,1.2,0,0,3,3,1,1,7,7,-4.894836074563374,-2.621519391603855,2.0480535,7.457001,-61.529892,-48.15099,15,2023-11-28,13.6,0.0,37.0,7.74,1.0,101.67,2023,11,28,30.0,0,USA_3006.csv
2023-11-29,3006,22.0,17.2,4.6,2.4,27.0,1.4,0,0,3,3,1,1,7,7,-2.633065460097838,-2.9022237004554885,20.257944,14.790667,-24.114958,-73.90506,15,2023-11-29,11.84,0.0,60.71,6.3,1.0,128.83,2023,11,29,27.0,0,USA_3006.csv
2023-11-30,3006,23.0,16.4,10.8,3.4,26.0,8.4,0,0,3,3,1,1,1,1,-0.32864722711182015,-4.258475066326833,14.752631,-6.15644,-55.48978,-75.26762,15,2023-11-30,12.07,0.0,82.75,6.52,1.0,121.08,2023,11,30,26.0,0,USA_3006.csv
2023-12-01,3006,15.0,10.8,4.2,1.2,31.0,1.0,0,0,3,3,1,1,7,7,-4.941027287314938,-1.943103670185884,2.6250968,10.15106,-84.767296,-16.93672,15,2023-12-01,13.8,0.0,60.62,12.38,1.0,245.75,2023,12,1,31.0,0,USA_3006.csv
2023-12-02,3006,17.0,14.8,4.6,2.0,32.0,1.0,0,0,3,3,1,1,7,7,-3.477831628509438,-1.9204701984627155,1.1930875,7.2792835,-59.458954,-41.559715,15,2023-12-02,11.19,0.0,58.83,7.74,1.0,109.0,2023,12,2,32.0,0,USA_3006.csv
2023-12-03,3006,17.0,15.2,6.2,1.6,30.0,1.2,0,0,3,3,1,1,7,7,-3.494284362011633,-2.3263458950335325,-0.6939564,-1.1546113,-34.964245,-92.51874,15,2023-12-03,10.87,0.0,63.38,4.82,1.0,99.62,2023,12,3,30.0,0,USA_3006.csv
2023-12-04,3006,19.0,15.0,6.2,2.4,32.0,1.6,0,0,3,3,1,1,7,7,-2.4252544058305605,-2.258158801220887,11.8849535,15.694812,-33.690033,-74.85076,15,2023-12-04,13.13,0.0,60.67,4.61,1.0,164.21,2023,12,4,32.0,0,USA_3006.csv
2023-12-05,3006,7.0,9.2,5.8,1.8,31.0,1.0,0,0,3,3,1,1,7,7,-4.23878507834733,-2.685666926781492,2.2324588,6.501852,-23.655453,-88.32213,15,2023-12-05,15.2,0.0,58.58,5.87,1.0,274.25,2023,12,5,31.0,0,USA_3006.csv
2023-12-06,3006,8.0,12.4,6.0,1.6,29.0,10.6,0,0,2,2,3,3,0,0,-5.444701193327334,-2.6052442458638554,8.495713,-5.42887,-78.23685,-83.63606,15,2023-12-06,14.56,0.0,59.42,6.5,1.0,141.96,2023,12,6,29.0,0,USA_3006.csv
2023-12-07,3006,24.0,16.6,5.8,2.0,31.0,11.4,0,0,2,2,3,3,0,0,-3.9421567676242053,-1.7975137408444737,15.289381,-7.130523,-70.503,-57.416805,15,2023-12-07,13.28,0.0,78.75,5.7,1.0,164.08,2023,12,7,31.0,0,USA_3006.csv
2023-12-08,3006,18.0,29.4,3.6,1.2,34.0,1.2,0,0,3,3,1,1,7,7,-3.9786968854837714,-0.1966479693379147,7.098462,12.101174,-72.393105,32.537945,15,2023-12-08,11.82,0.0,45.33,9.42,1.0,156.08,2023,12,8,34.0,0,USA_3006.csv
2023-12-09,3006,10.0,12.4,4.8,1.2,32.0,11.0,0,0,2,2,3,3,0,0,-6.242069881733089,-1.5893739434009155,19.345022,-8.970502,-83.96664,-50.623466,15,2023-12-09,12.61,0.0,41.5,10.53,1.0,91.92,2023,12,9,32.0,0,USA_3006.csv
2023-12-10,3006,16.0,11.8,11.8,1.6,32.0,1.0,0,0,3,3,1,1,1,1,-1.9461645051684107,-2.861775977364673,5.0155497,2.6802242,7.746949,-70.51306,15,2023-12-10,12.93,0.0,34.71,5.74,1.0,102.58,2023,12,10,32.0,0,USA_3006.csv
2023-12-11,3006,8.0,8.0,10.0,1.6,26.0,10.8,0,0,2,2,3,3,0,0,-4.467849982945096,-3.9796815588864995,15.103502,-7.806719,-72.25299,-90.13606,15,2023-12-11,13.8,0.0,51.88,5.77,1.0,144.58,2023,12,11,26.0,0,USA_3006.csv
2023-12-12,3006,20.0,15.2,4.4,2.0,27.0,1.0,0,0,3,3,1,1,7,7,-3.3690345224786484,-2.840441747999851,2.467452,7.032016,-23.723097,-76.389366,15,2023-12-12,12.05,0.0,57.67,5.68,1.0,112.67,2023,12,12,27.0,0,USA_3006.csv
2023-12-13,3006,29.0,15.4,4.8,1.6,31.0,1.6,0,0,3,3,1,1,7,7,-3.268003292036827,-1.6758309446854274,4.7688384,6.689761,-35.025894,-35.877254,15,2023-12-13,11.24,0.0,71.17,5.77,1.0,113.54,2023,12,13,31.0,0,USA_3006.csv
2023-12-14,3006,18.0,14.0,4.2,2.8,31.0,1.2,0,0,3,3,1,1,7,7,-2.6131709977244144,-2.4724181997672896,-0.832565,5.6198435,17.44792,-101.67716,15,2023-12-14,11.31,0.0,63.67,5.5,1.0,111.33,2023,12,14,31.0,0,USA_3006.csv
2023-12-15,3006,12.0,8.6,8.2,1.2,33.0,19.4,0,0,2,2,3,3,4,4,-6.339648352646203,-1.791755604591419,11.811524,-7.0718904,-112.179436,-0.7355148,15,2023-12-15,13.84,0.0,49.83,10.86,1.0,79.54,2023,12,15,33.0,0,USA_3006.csv
2023-12-16,3006,9.0,9.6,7.2,2.8,31.0,1.0,0,0,3,3,1,1,1,1,-2.407555548233521,-3.2871859156296086,16.211077,0.40208128,9.904722,-86.01601,15,2023-12-16,16.93,0.0,27.25,11.46,1.0,95.29,2023,12,16,31.0,0,USA_3006.csv
2023-12-17,3006,7.0,9.2,3.8,1.8,30.0,1.2,0,0,3,3,1,1,7,7,-4.894836074563374,-2.621519391603855,2.0776906,7.4751935,-61.529892,-48.15099,15,2023-12-17,14.81,0.0,47.08,6.08,1.0,138.71,2023,12,17,30.0,0,USA_3006.csv
2023-12-18,3006,7.0,11.6,6.0,3.6,22.0,2.0,0,0,3,3,1,1,1,1,-1.9623180238667282,-5.269228340972228,7.399209,0.6342037,29.562805,-88.03159,15,2023-12-18,16.77,0.0,49.42,5.9,1.0,159.33,2023,12,18,22.0,0,USA_3006.csv
2023-12-19,3006,15.0,10.2,9.4,3.0,11.0,1.6,0,0,3,3,1,1,1,1,-1.2633894081673807,-7.617838458061022,7.1270437,1.1481465,34.250565,-77.114174,15,2023-12-19,14.87,0.0,88.12,8.15,1.0,100.88,2023,12,19,15.0,0,USA_3006.csv
2023-12-20,3006,26.0,20.2,11.2,6.0,19.0,1.2,1,1,0,0,5,5,1,1,4.32913941586683,-6.9042147492327395,10.524157,-0.57464015,76.03307,-49.22334,15,2023-12-20,14.6,0.0,94.54,10.7,1.0,98.75,2023,12,20,26.0,0,USA_3006.csv
2023-12-21,3006,16.0,9.8,7.4,3.0,22.0,1.6,0,0,3,3,1,1,1,1,-1.7969399080525879,-5.093819017635677,6.1940284,1.1249504,21.923595,-88.45835,15,2023-12-21,13.9,0.0,91.75,18.82,1.0,81.04,2023,12,21,22.0,0,USA_3006.csv
2023-12-22,3006,13.0,10.6,5.2,2.8,23.0,1.2,0,0,3,3,1,1,7,7,-2.8120878835702827,-4.528738174267267,5.2208323,0.38973835,18.994465,-92.1616,15,2023-12-22,14.88,0.0,80.25,16.6,1.0,101.62,2023,12,22,23.0,0,USA_3006.csv
2023-12-23,3006,11.0,9.6,11.0,2.4,25.0,1.4,0,0,3,3,1,1,1,1,-1.6862882136697492,-4.782783386915591,5.0473332,2.6215682,6.9809294,-74.36009,15,2023-12-23,12.03,0.0,83.0,7.5,1.0,110.75,2023,12,23,25.0,0,USA_3006.csv
2023-12-24,3006,22.0,17.2,4.4,1.8,26.0,1.6,0,0,3,3,1,1,7,7,-3.479685806987951,-2.790036306496359,16.980968,2.0740664,-21.347374,-72.03688,15,2023-12-24,12.02,0.0,84.33,5.86,1.0,106.96,2023,12,24,26.0,0,USA_3006.csv
2023-12-25,3006,33.0,29.4,5.0,2.0,25.0,1.8,0,0,3,3,1,1,7,7,-1.7834767997128897,-2.299540642808237,5.0227156,5.730051,-1.4562039,-22.356426,15,2023-12-25,11.1,0.0,79.17,4.98,1.0,124.38,2023,12,25,33.0,0,USA_3006.csv
2023-12-26,3006,23.0,23.0,7.6,3.6,22.0,7.8,0,0,3,3,1,1,0,0,-0.6709532862879268,-4.416993837542807,14.806438,-6.3411994,-57.511494,-77.161125,15,2023-12-26,11.66,0.0,79.83,5.16,1.0,104.88,2023,12,26,23.0,0,USA_3006.csv
2023-12-27,3006,22.0,18.0,5.6,3.6,21.0,1.2,0,0,3,3,1,1,1,1,-0.7753160037770235,-4.802768590491944,7.4818435,0.8077489,39.93562,-83.93127,15,2023-12-27,13.05,0.0,83.08,4.44,1.0,199.71,2023,12,27,22.0,0,USA_3006.csv
2023-12-28,3006,25.0,24.4,6.0,4.0,24.0,7.8,0,0,3,3,1,1,0,0,-0.46818426079440045,-3.8709700723198375,14.798114,-6.325524,-57.56519,-77.2896,15,2023-12-28,11.78,0.0,80.17,5.88,1.0,122.21,2023,12,28,25.0,0,USA_3006.csv
2023-12-29,3006,25.0,21.8,8.4,2.6,26.0,1.4,0,0,3,3,1,1,1,1,-0.7799759135048543,-3.4026340120435994,4.5497394,0.25833702,20.664894,-74.40859,15,2023-12-29,12.15,0.0,79.54,5.57,1.0,101.21,2023,12,29,26.0,0,USA_3006.csv
2023-12-30,3006,22.0,12.4,4.2,2.0,28.0,1.0,0,0,3,3,1,1,7,7,-3.458341985008954,-2.7169761570689515,2.4682932,7.043496,-23.383987,-77.38564,15,2023-12-30,12.59,0.0,87.12,8.66,1.0,125.67,2023,12,30,28.0,0,USA_3006.csv
2023-12-31,3006,19.0,27.4,6.2,5.4,15.0,2.0,0,0,3,3,5,5,1,1,1.862876045971073,-6.516473787355998,8.734033,0.47410214,48.676605,-81.54264,15,2023-12-31,10.78,0.0,83.92,8.62,1.0,59.54,2023,12,31,27.4,0,USA_3006.csv
2024-01-01,3006,19.0,15.0,6.2,2.4,32.0,1.6,0,0,3,3,1,1,7,7,-2.4252544058305605,-2.258158801220887,11.886625,15.693018,-33.690464,-74.851,15,2024-01-01,10.96,0.0,83.46,5.96,1.0,111.5,2024,1,1,32.0,0,USA_3006.csv
2024-01-02,3006,14.0,15.4,7.8,1.6,25.0,1.2,0,0,3,3,1,1,7,7,-3.183238067651975,-3.6149106160245807,-0.06537708,-3.820121,-7.460601,-100.39826,15,2024-01-02,10.51,0.0,78.46,6.19,1.0,123.08,2024,1,2,25.0,0,USA_3006.csv
2024-01-03,3006,17.0,17.8,4.8,2.6,28.0,1.4,0,0,3,3,1,1,7,7,-2.5742703420943673,-2.8865873388522467,-5.733305,11.630806,12.394407,-96.94466,15,2024-01-03,12.16,0.0,82.88,10.45,1.0,187.42,2024,1,3,28.0,0,USA_3006.csv
2024-01-04,3006,12.0,15.2,5.0,2.8,31.0,11.0,0,0,2,2,3,3,0,0,-3.91043978219584,-2.396665183603915,14.59735,-9.304902,-58.204105,-87.65142,15,2024-01-04,11.87,0.0,65.29,12.44,1.0,295.17,2024,1,4,31.0,0,USA_3006.csv
2024-01-05,3006,11.0,9.6,11.0,2.4,25.0,1.4,0,0,3,3,1,1,1,1,-1.6862882136697492,-4.782783386915591,5.04179,2.6256485,6.9809294,-74.36009,15,2024-01-05,8.95,0.0,67.08,6.12,1.0,81.33,2024,1,5,25.0,0,USA_3006.csv
2024-01-06,3006,14.0,15.4,7.8,1.6,25.0,1.2,0,0,3,3,1,1,7,7,-3.183238067651975,-3.6149106160245807,-0.06540848,-3.820168,-7.460601,-100.39826,15,2024-01-06,9.5,0.0,68.75,7.15,1.0,96.42,2024,1,6,25.0,0,USA_3006.csv
2024-01-07,3006,20.0,13.0,4.8,1.8,30.0,7.8,0,0,2,2,1,1,0,0,-4.471789923561691,-2.1330910161504697,16.113678,-5.854801,-65.758804,-68.28251,15,2024-01-07,11.6,0.0,63.29,17.44,1.0,288.33,2024,1,7,30.0,0,USA_3006.csv
2024-01-08,3006,12.0,11.4,5.4,2.4,30.0,1.0,0,0,3,3,1,1,7,7,-3.207210673928859,-2.908224601909756,22.914965,2.0682151,-27.799417,-87.826836,15,2024-01-08,7.33,0.0,58.25,12.17,1.0,216.71,2024,1,8,30.0,0,USA_3006.csv
2024-01-09,3006,13.0,9.8,7.0,1.8,26.0,1.0,0,0,3,3,1,1,7,7,-3.5066649250076054,-3.7205543377989723,3.3923995,5.010352,-12.204836,-86.55539,15,2024-01-09,7.02,0.0,65.92,6.17,1.0,113.58,2024,1,9,26.0,0,USA_3006.csv
2024-01-10,3006,14.0,12.0,5.4,2.0,28.0,1.0,0,0,3,3,1,1,7,7,-3.5709505433123248,-3.056624341594783,2.5331185,6.130183,-22.101543,-84.38041,15,2024-01-10,7.8,0.0,74.58,6.58,1.0,104.08,2024,1,10,28.0,0,USA_3006.csv
2024-01-11,3006,15.0,12.0,2.6,2.0,33.0,1.0,0,0,3,3,1,1,7,7,-4.363258391297762,-1.6384760177543927,1.7915951,8.220813,-67.323845,-42.413467,15,2024-01-11,11.4,0.0,64.29,17.47,1.0,256.54,2024,1,11,33.0,0,USA_3006.csv
2024-01-12,3006,14.0,18.8,5.2,1.8,29.0,1.0,0,0,3,3,1,1,7,7,-3.519249756025864,-2.3687837037296675,1.8922257,5.595199,-28.206861,-79.230034,15,2024-01-12,7.42,0.0,59.29,6.7,1.0,93.62,2024,1,12,29.0,0,USA_3006.csv
2024-01-13,3006,13.0,13.6,3.6,2.2,29.0,1.0,0,0,3,3,1,1,7,7,-3.851193816618775,-2.6434069460189726,1.8194125,7.5027094,-61.737724,-43.797295,15,2024-01-13,8.37,0.0,68.33,6.25,1.0,117.08,2024,1,13,29.0,0,USA_3006.csv
2024-01-14,3006,34.6,23.0,9.4,2.6,32.0,1.0,0,0,3,3,1,1,1,1,0.2375251775176372,-2.0566582377444824,6.962467,3.4175646,17.674068,-53.57958,15,2024-01-14,9.47,0.0,76.5,5.2,1.0,80.38,2024,1,14,34.6,0,USA_3006.csv
2024-01-15,3006,21.4,16.6,4.8,2.2,28.0,1.6,0,0,3,3,1,1,7,7,-2.9092191469728723,-2.666670342439275,20.257982,14.790696,-24.19321,-74.30474,15,2024-01-15,10.07,0.0,77.58,5.28,1.0,124.71,2024,1,15,28.0,0,USA_3006.csv
2024-01-16,3006,39.6,33.0,2.8,3.2,29.0,1.6,0,0,3,3,1,1,7,7,-0.3432271003518067,-1.4413827926516978,8.544509,3.5807705,21.148785,-14.054427,15,2024-01-16,11.11,0.0,75.75,5.23,1.0,119.04,2024,1,16,39.6,0,USA_3006.csv
2024-01-17,3006,31.0,20.4,10.0,4.2,22.0,1.2,0,0,3,3,5,5,1,1,2.010935199514867,-5.159448778312022,8.888971,0.33069554,53.67273,-74.30083,15,2024-01-17,11.9,0.0,85.42,5.05,1.0,110.46,2024,1,17,31.0,0,USA_3006.csv
2024-01-18,3006,21.0,16.2,9.0,2.2,27.0,1.0,0,0,3,3,1,1,1,1,-1.568286657916317,-3.4719703522551244,4.541783,3.452412,-2.1713827,-73.56556,15,2024-01-18,12.85,0.0,81.0,6.21,1.0,95.46,2024,1,18,27.0,0,USA_3006.csv
2024-01-19,3006,38.0,16.4,7.0,3.4,27.0,1.6,0,0,3,3,1,1,1,1,0.23808114760707805,-3.4156400253134906,8.00082,2.3910818,24.550993,-43.398212,15,2024-01-19,12.72,0.0,81.79,5.07,1.0,121.71,2024,1,19,38.0,0,USA_3006.csv
2024-01-20,3006,25.0,21.0,10.6,5.2,18.0,1.6,0,0,3,3,5,5,1,1,3.0646593637699087,-6.616310165530585,9.770724,-0.28452292,65.26689,-72.08862,15,2024-01-20,13.86,0.0,89.88,7.1,1.0,86.0,2024,1,20,25.0,0,USA_3006.csv
2024-01-21,3006,21.0,10.2,6.0,2.8,26.0,1.0,0,0,3,3,1,1,7,7,-2.0758878907994,-3.8846426278775033,5.6716356,1.3582445,19.079638,-90.60224,15,2024-01-21,13.12,0.0,91.58,6.71,1.0,105.29,2024,1,21,26.0,0,USA_3006.csv
2024-01-22,3006,9.0,7.8,7.6,2.4,24.0,11.0,0,0,2,2,3,3,0,0,-4.201705435437307,-4.440533058931648,15.902999,-8.244003,-70.89145,-93.09899,15,2024-01-22,13.91,0.0,90.12,11.3,1.0,106.62,2024,1,22,24.0,0,USA_3006.csv
2024-01-23,3006,10.0,13.4,3.8,2.0,29.0,10.6,0,0,2,2,3,3,0,0,-5.460674741124129,-2.411979535808548,16.158241,-8.48179,-85.553185,-76.37466,15,2024-01-23,12.46,0.0,92.79,5.55,1.0,132.29,2024,1,23,29.0,0,USA_3006.csv
2024-01-24,3006,9.0,26.8,10.8,3.4,20.0,2.0,0,0,3,3,1,1,1,1,0.19968226475887474,-5.374759306860123,6.973725,1.1487316,31.820696,-82.93375,15,2024-01-24,10.91,0.0,83.79,6.19,1.0,112.88,2024,1,24,26.8,0,USA_3006.csv
2024-01-25,3006,18.0,14.8,4.2,2.2,26.0,2.4,0,0,3,3,1,1,7,7,-3.5034147285189836,-3.142041720322925,-1.5848888,3.190096,-20.912176,-74.693825,15,2024-01-25,12.27,0.0,85.79,4.95,1.0,90.92,2024,1,25,26.0,0,USA_3006.csv
2024-01-26,3006,18.0,29.4,3.6,1.2,34.0,1.2,0,0,3,3,1,1,7,7,-3.9786968854837714,-0.1966479693379147,7.101919,12.100364,-72.39299,32.53799,15,2024-01-26,11.4,0.0,73.46,6.18,1.0,122.5,2024,1,26,34.0,0,USA_3006.csv
2024-01-27,3006,13.0,21.6,2.8,2.2,32.0,9.4,0,0,2,2,3,3,0,0,-4.743325802936732,-1.293198240104669,16.080782,-8.870607,-70.41607,-76.9248,15,2024-01-27,14.1,0.0,69.25,5.18,1.0,145.62,2024,1,27,32.0,0,USA_3006.csv
2024-01-28,3006,7.0,6.8,3.8,1.4,28.0,10.8,0,0,2,2,3,3,0,0,-6.769534293082641,-2.7359220762404948,17.214422,-8.075019,-89.16589,-69.14098,15,2024-01-28,15.68,0.0,69.33,9.58,1.0,58.42,2024,1,28,28.0,0,USA_3006.csv
2024-01-29,3006,13.0,16.0,5.8,1.8,30.0,1.0,0,0,3,3,1,1,7,7,-3.533400060811352,-2.4110747766679155,1.858009,5.51182,-30.011723,-80.64924,15,2024-01-29,14.67,0.0,74.29,6.0,1.0,93.96,2024,1,29,30.0,0,USA_3006.csv
2024-01-30,3006,9.0,12.0,5.2,2.0,33.0,11.0,0,0,2,2,3,3,0,0,-5.187050363077246,-1.859787366847728,16.678766,-9.178559,-81.71706,-87.22787,15,2024-01-30,13.29,0.0,72.33,5.21,1.0,128.92,2024,1,30,33.0,0,USA_3006.csv
2024-01-31,3006,29.0,15.4,4.8,1.6,31.0,1.6,0,0,3,3,1,1,7,7,-3.268003292036827,-1.6758309446854274,4.73395,6.6746626,-35.026176,-35.876293,15,2024-01-31,13.92,0.0,79.17,6.46,1.0,153.54,2024,1,31,31.0,0,USA_3006.csv
2024-02-01,3006,28.0,20.8,6.6,1.2,32.0,1.6,0,0,3,3,1,1,7,7,-2.974609041696604,-1.251481363325066,4.9408603,7.488876,-27.011595,-41.39812,15,2024-02-01,13.67,0.0,86.29,17.55,1.0,123.38,2024,2,1,32.0,0,USA_3006.csv
2024-02-02,3006,16.0,14.0,6.6,2.2,30.0,1.2,0,0,3,3,1,1,7,7,-2.737760434164276,-2.7492073157963794,1.6413586,4.4693165,-33.1308,-77.901985,15,2024-02-02,11.07,0.0,82.33,13.11,1.0,293.04,2024,2,2,30.0,0,USA_3006.csv
2024-02-03,3006,10.0,13.4,3.8,2.0,29.0,10.6,0,0,2,2,3,3,0,0,-5.460674741124129,-2.411979535808548,16.162933,-8.474941,-85.555504,-76.37465,15,2024-02-03,9.78,0.0,74.38,12.31,1.0,168.0,2024,2,3,29.0,0,USA_3006.csv
2024-02-04,3006,17.0,25.6,4.8,2.2,29.0,1.2,0,0,3,3,1,1,7,7,-2.6324272490469167,-2.0816249122796693,2.4353464,5.713776,-32.412514,-45.842606,15,2024-02-04,11.2,0.0,81.21,18.14,1.0,87.08,2024,2,4,29.0,0,USA_3006.csv
2024-02-05,3006,10.0,9.0,10.2,3.0,23.0,1.6,0,0,3,3,1,1,1,1,-1.3088476793225148,-5.421111772783006,6.4497485,1.2117659,26.580635,-75.499176,15,2024-02-05,13.65,0.0,92.96,16.46,1.0,138.88,2024,2,5,23.0,0,USA_3006.csv
2024-02-06,3006,9.0,11.2,3.4,1.2,27.0,10.8,0,0,2,2,3,3,0,0,-6.800850838322013,-2.519909773079504,17.217302,-8.07443,-89.56545,-68.65175,15,2024-02-06,11.65,0.0,90.58,6.51,1.0,136.83,2024,2,6,27.0,0,USA_3006.csv
2024-02-07,3006,10.0,12.4,4.8,1.2,32.0,11.0,0,0,2,2,3,3,0,0,-6.242069881733089,-1.5893739434009155,19.346909,-8.967905,-83.96664,-50.623466,15,2024-02-07,9.03,0.0,87.04,9.86,1.0,125.67,2024,2,7,32.0,0,USA_3006.csv
2024-02-08,3006,13.0,16.0,5.8,1.8,30.0,1.0,0,0,3,3,1,1,7,7,-3.533400060811352,-2.4110747766679155,1.8543932,5.5115685,-30.011723,-80.64924,15,2024-02-08,9.66,0.0,77.96,18.07,1.0,279.92,2024,2,8,30.0,0,USA_3006.csv
2024-02-09,3006,15.0,10.8,4.2,1.2,31.0,1.0,0,0,3,3,1,1,7,7,-4.941027287314938,-1.943103670185884,2.6232042,10.150087,-84.7671,-16.93751,15,2024-02-09,8.52,0.0,75.58,8.89,1.0,131.25,2024,2,9,31.0,0,USA_3006.csv
2024-02-10,3006,10.0,10.6,6.2,1.8,33.0,11.0,0,0,2,2,3,3,0,0,-5.1413757579824235,-1.950988720140094,16.67287,-9.163591,-80.567955,-87.04391,15,2024-02-10,8.08,0.0,72.0,6.03,1.0,171.33,2024,2,10,33.0,0,USA_3006.csv
2024-02-11,3006,12.0,19.2,7.4,1.8,34.0,1.0,0,0,3,3,1,1,7,7,-2.9019750277524943,-1.651258042479853,3.5261447,3.6539435,-18.413801,-58.492268,15,2024-02-11,8.82,0.0,67.58,6.75,1.0,116.62,2024,2,11,34.0,0,USA_3006.csv
2024-02-12,3006,13.0,11.2,5.4,1.6,33.0,9.4,0,0,2,2,3,3,0,0,-5.229975645999197,-1.696795366322788,15.9257965,-7.779961,-80.064476,-75.20505,15,2024-02-12,9.38,0.0,73.29,6.18,1.0,123.38,2024,2,12,33.0,0,USA_3006.csv
2024-02-13,3006,15.0,10.8,4.2,1.2,31.0,1.0,0,0,3,3,1,1,7,7,-4.941027287314938,-1.943103670185884,2.6221616,10.148912,-84.76705,-16.9374,15,2024-02-13,9.9,0.0,77.67,6.95,1.0,117.96,2024,2,13,31.0,0,USA_3006.csv
2024-02-14,3006,19.0,15.0,3.0,2.2,31.0,8.4,0,0,2,2,3,3,0,0,-4.556913613803523,-1.7795684481939005,15.678509,-8.376423,-70.53847,-74.917816,15,2024-02-14,10.69,0.0,85.33,7.62,1.0,107.75,2024,2,14,31.0,0,USA_3006.csv
2024-02-15,3006,25.0,16.8,10.0,2.8,29.0,1.2,0,0,3,3,1,1,1,1,-0.2529220856079102,-3.3632863493151692,7.579622,15.84706,20.074928,-63.993553,15,2024-02-15,11.83,0.0,85.83,5.72,1.0,157.04,2024,2,15,29.0,0,USA_3006.csv
2024-02-16,3006,20.0,13.0,4.8,1.8,30.0,7.8,0,0,2,2,1,1,0,0,-4.471789923561691,-2.1330910161504697,16.102682,-5.8350997,-65.75899,-68.28207,15,2024-02-16,11.98,0.0,81.42,6.08,1.0,117.92,2024,2,16,30.0,0,USA_3006.csv
2024-02-17,3006,18.0,15.0,6.4,1.6,30.0,1.2,0,0,3,3,1,1,7,7,-3.384022462076649,-2.3434791348682262,-0.6907766,-1.1518046,-34.971684,-92.513214,15,2024-02-17,11.95,0.0,86.83,6.9,1.0,143.0,2024,2,17,30.0,0,USA_3006.csv
2024-02-18,3006,18.0,13.8,10.8,3.4,23.0,2.6,0,0,3,3,1,1,1,1,-0.026657154969359248,-5.253213298488683,6.8754883,0.7602657,28.56757,-75.99098,15,2024-02-18,12.95,0.0,89.79,7.07,1.0,117.46,2024,2,18,23.0,0,USA_3006.csv
2024-02-19,3006,9.0,7.8,7.6,2.4,24.0,11.0,0,0,2,2,3,3,0,0,-4.201705435437307,-4.440533058931648,15.902325,-8.244843,-70.89145,-93.09899,15,2024-02-19,13.67,0.0,95.04,12.7,1.0,122.42,2024,2,19,24.0,0,USA_3006.csv
2024-02-20,3006,8.0,8.0,10.0,1.6,26.0,10.8,0,0,2,2,3,3,0,0,-4.467849982945096,-3.9796815588864995,15.108758,-7.806732,-72.25299,-90.13606,15,2024-02-20,13.34,0.0,92.25,8.65,1.0,80.12,2024,2,20,26.0,0,USA_3006.csv
2024-02-21,3006,7.0,9.2,5.8,1.8,31.0,1.0,0,0,3,3,1,1,7,7,-4.23878507834733,-2.685666926781492,2.2302327,6.5004873,-23.654701,-88.32076,15,2024-02-21,12.99,0.0,91.38,6.44,1.0,163.67,2024,2,21,31.0,0,USA_3006.csv
2024-02-22,3006,13.0,21.6,2.8,2.2,32.0,9.4,0,0,2,2,3,3,0,0,-4.743325802936732,-1.293198240104669,16.086313,-8.86533,-70.41453,-76.924835,15,2024-02-22,11.09,0.0,83.96,6.85,1.0,114.79,2024,2,22,32.0,0,USA_3006.csv
2024-02-23,3006,10.0,12.4,7.2,2.2,34.0,11.0,0,0,2,2,3,3,0,0,-4.226081623853146,-1.9733871309567552,15.5795555,-7.482575,-79.19238,-88.07033,15,2024-02-23,13.54,0.0,69.96,10.88,1.0,87.83,2024,2,23,34.0,0,USA_3006.csv
2024-02-24,3006,11.0,13.2,4.2,1.4,35.0,1.0,0,0,3,3,1,1,7,7,-4.776132307886762,-1.1691439597448818,19.011862,11.167649,-77.60932,-27.53308,15,2024-02-24,14.28,0.0,64.29,7.08,1.0,107.54,2024,2,24,35.0,0,USA_3006.csv
2024-02-25,3006,13.0,14.4,5.4,1.2,37.0,20.4,0,0,2,2,3,3,4,4,-6.958210358321534,-0.24743559346077543,-4.978111,3.2317178,-123.12601,0.29609,15,2024-02-25,13.15,0.0,77.33,3.74,1.0,140.79,2024,2,25,37.0,0,USA_3006.csv
2024-02-26,3006,15.0,12.4,6.6,3.0,23.0,1.2,0,0,3,3,1,1,1,1,-1.911167113180152,-4.674249296999587,5.943979,1.0510919,20.98971,-89.14709,15,2024-02-26,12.49,0.0,83.58,5.36,1.0,129.79,2024,2,26,23.0,0,USA_3006.csv
2024-02-27,3006,23.0,15.2,7.2,2.0,29.0,1.4,0,0,3,3,1,1,7,7,-2.360100922951271,-2.7306132707090707,3.3285024,4.1896243,-8.058274,-69.04554,15,2024-02-27,12.44,0.0,90.71,5.38,1.0,125.92,2024,2,27,29.0,0,USA_3006.csv
2024-02-28,3006,14.0,17.6,4.0,1.6,30.0,1.0,0,0,3,3,1,1,7,7,-4.204212765033551,-1.9725599835885819,1.9017428,7.4505816,-55.941025,-49.22437,15,2024-02-28,12.14,0.0,87.21,5.99,1.0,97.42,2024,2,28,30.0,0,USA_3006.csv
2024-02-29,3006,15.0,15.6,6.2,2.0,30.0,1.0,0,0,3,3,1,1,7,7,-3.0617496490186094,-2.5407928241684092,1.6318573,4.465377,-31.675674,-79.08021,15,2024-02-29,13.37,0.0,88.21,8.12,1.0,169.58,2024,2,29,30.0,0,USA_3006.csv
2024-03-01,3006,19.0,15.2,5.4,3.0,29.0,1.0,0,0,3,3,1,1,7,7,-1.8491151854310997,-3.059045663265369,-0.54815847,4.8254523,18.160175,-97.78731,15,2024-03-01,13.22,0.0,86.67,7.55,1.0,170.17,2024,3,1,29.0,0,USA_3006.csv
2024-03-02,3006,18.0,19.8,4.0,2.6,32.0,1.0,0,0,3,3,1,1,7,7,-2.58873347028458,-1.8424312702603851,-0.6779458,6.309247,16.18868,-105.25198,15,2024-03-02,13.53,0.0,85.5,21.2,1.0,247.21,2024,3,2,32.0,0,USA_3006.csv
2024-03-03,3006,9.0,11.8,5.8,2.2,32.0,11.0,0,0,2,2,3,3,0,0,-4.763889458194166,-2.2507753058438165,16.702326,-9.211962,-81.62364,-86.873245,15,2024-03-03,12.62,0.0,79.62,15.54,1.0,282.88,2024,3,3,32.0,0,USA_3006.csv
2024-03-04,3006,9.0,9.6,7.2,2.8,31.0,1.0,0,0,3,3,1,1,1,1,-2.407555548233521,-3.2871859156296086,16.212254,0.40146706,9.904722,-86.01601,15,2024-03-04,11.63,0.0,72.5,16.78,1.0,236.58,2024,3,4,31.0,0,USA_3006.csv
2024-03-05,3006,11.0,13.0,5.8,2.0,34.0,11.0,0,0,2,2,3,3,0,0,-4.824823938832864,-1.640832690309782,16.6776,-9.1735735,-81.26931,-87.39719,15,2024-03-05,10.97,0.0,79.12,7.28,1.0,101.62,2024,3,5,34.0,0,USA_3006.csv
2024-03-06,3006,13.0,17.0,7.4,3.6,21.0,1.4,0,0,3,3,1,1,1,1,-0.8161827906865773,-5.26875033832214,7.3710957,0.6833501,30.082127,-86.84656,15,2024-03-06,11.3,0.0,88.46,8.22,1.0,110.54,2024,3,6,21.0,0,USA_3006.csv
2024-03-07,3006,13.0,9.8,7.0,1.8,26.0,1.0,0,0,3,3,1,1,7,7,-3.5066649250076054,-3.7205543377989723,3.3881326,5.00992,-12.204753,-86.553345,15,2024-03-07,11.32,0.0,85.67,11.29,1.0,187.62,2024,3,7,26.0,0,USA_3006.csv
2024-03-08,3006,13.0,12.6,8.0,1.2,31.0,9.4,0,0,2,2,3,3,0,0,-4.855020922113408,-2.186918174036276,17.340208,-6.951022,-74.01916,-83.67689,15,2024-03-08,11.33,0.0,79.08,8.44,1.0,109.42,2024,3,8,31.0,0,USA_3006.csv
2024-03-09,3006,17.0,14.8,4.6,2.0,32.0,1.0,0,0,3,3,1,1,7,7,-3.477831628509438,-1.9204701984627155,1.19265,7.279612,-59.458828,-41.559406,15,2024-03-09,11.6,0.0,79.54,7.76,1.0,131.42,2024,3,9,32.0,0,USA_3006.csv
2024-03-10,3006,15.0,12.0,2.6,2.0,33.0,1.0,0,0,3,3,1,1,7,7,-4.363258391297762,-1.6384760177543927,1.7934686,8.212886,-67.324,-42.415184,15,2024-03-10,11.46,0.0,78.88,5.72,1.0,124.5,2024,3,10,33.0,0,USA_3006.csv
2024-03-11,3006,15.0,11.4,5.6,1.4,32.0,1.0,0,0,3,3,1,1,7,7,-4.215389403766252,-1.9866113381407864,-0.12633072,17.882881,-86.036766,-29.094812,15,2024-03-11,11.84,0.0,82.54,6.97,1.0,176.46,2024,3,11,32.0,0,USA_3006.csv
2024-03-12,3006,18.0,14.0,4.2,2.8,31.0,1.2,0,0,3,3,1,1,7,7,-2.6131709977244144,-2.4724181997672896,-0.8341081,5.6196327,17.447926,-101.67706,15,2024-03-12,12.01,0.0,87.42,6.19,1.0,113.38,2024,3,12,31.0,0,USA_3006.csv
2024-03-13,3006,13.0,11.2,5.4,1.6,33.0,9.4,0,0,2,2,3,3,0,0,-5.229975645999197,-1.696795366322788,15.926154,-7.782646,-80.06458,-75.20542,15,2024-03-13,12.25,0.0,81.75,5.92,1.0,115.08,2024,3,13,33.0,0,USA_3006.csv
2024-03-14,3006,15.0,14.6,8.8,1.6,38.0,1.0,0,0,3,3,1,1,7,7,-2.764294392252862,-1.1031380980429002,3.796618,2.734045,-6.740145,-59.404446,15,2024-03-14,13.5,0.0,56.42,11.42,1.0,79.96,2024,3,14,38.0,0,USA_3006.csv
2024-03-15,3006,26.0,15.8,6.2,3.4,31.0,9.4,0,0,2,2,3,3,0,0,-1.7275894218889378,-2.5696606694595974,15.147078,-6.6210203,-58.32254,-81.30926,15,2024-03-15,13.12,0.0,54.25,10.82,1.0,205.42,2024,3,15,31.0,0,USA_3006.csv
2024-03-16,3006,13.0,13.4,2.8,1.4,36.0,20.6,0,0,2,2,3,3,4,4,-7.603737168175336,-0.2523031897637425,-6.8224587,11.002371,-125.63193,-0.3492863,15,2024-03-16,12.5,0.0,75.75,6.85,1.0,137.0,2024,3,16,36.0,0,USA_3006.csv
2024-03-17,3006,11.0,13.2,4.2,1.4,35.0,1.0,0,0,3,3,1,1,7,7,-4.776132307886762,-1.1691439597448818,19.010893,11.167042,-77.60932,-27.53308,15,2024-03-17,12.3,0.0,84.46,7.91,1.0,157.21,2024,3,17,35.0,0,USA_3006.csv
2024-03-18,3006,14.0,14.4,3.4,3.4,32.0,1.0,0,0,3,3,1,1,7,7,-2.2913321623972496,-2.5107937397795506,-0.47650862,5.380056,20.753645,-102.417046,15,2024-03-18,14.21,0.0,75.62,6.63,1.0,139.92,2024,3,18,32.0,0,USA_3006.csv
2024-03-19,3006,14.0,11.6,3.2,1.4,38.0,1.0,0,0,3,3,1,1,7,7,-4.9837129376857865,-0.4452160524368163,4.9003577,11.944896,-72.16589,-29.74411,15,2024-03-19,14.35,0.0,78.58,6.9,1.0,127.92,2024,3,19,38.0,0,USA_3006.csv
2024-03-20,3006,25.0,22.8,5.0,1.6,40.0,1.2,0,0,3,3,1,1,7,7,-2.950385955970808,0.44989624358091646,6.732541,14.094625,-36.208496,18.616951,15,2024-03-20,13.52,0.0,83.25,5.42,1.0,128.08,2024,3,20,40.0,0,USA_3006.csv
2024-03-21,3006,35.0,22.0,8.0,1.6,38.0,3.2,0,0,3,3,1,1,5,5,-1.7387914935518558,-0.1527079986858975,8.354419,6.115372,-17.543135,-10.108145,15,2024-03-21,12.98,0.0,83.88,5.22,1.0,125.75,2024,3,21,38.0,0,USA_3006.csv
2024-03-22,3006,37.0,16.0,6.0,1.6,36.0,2.6,0,0,3,3,1,1,7,7,-2.4982091843827994,-0.5915841128043068,17.230486,5.8138647,-22.793499,-13.366462,15,2024-03-22,13.12,0.0,84.08,5.46,1.0,122.88,2024,3,22,37.0,0,USA_3006.csv
2024-03-23,3006,37.0,22.6,8.6,2.6,32.0,1.0,0,0,3,3,1,1,1,1,0.10617228411216985,-1.9240700840574245,6.945961,3.4164732,17.55865,-53.13605,15,2024-03-23,13.96,0.0,86.5,12.93,1.0,245.12,2024,3,23,37.0,0,USA_3006.csv
2024-03-24,3006,18.0,14.0,4.2,2.8,31.0,1.2,0,0,3,3,1,1,7,7,-2.6131709977244144,-2.4724181997672896,-0.8357542,5.6118307,17.447748,-101.676544,15,2024-03-24,12.04,0.0,71.75,26.38,1.0,273.38,2024,3,24,31.0,0,USA_3006.csv
2024-03-25,3006,9.0,12.0,5.2,2.0,33.0,11.0,0,0,2,2,3,3,0,0,-5.187050363077246,-1.859787366847728,16.679678,-9.179027,-81.71692,-87.22585,15,2024-03-25,11.85,0.0,66.71,15.52,1.0,223.96,2024,3,25,33.0,0,USA_3006.csv
2024-03-26,3006,10.0,14.6,4.2,1.8,35.0,1.0,0,0,3,3,1,1,7,7,-4.258007299819787,-1.305790759561241,18.956787,11.108324,-76.44694,-31.832684,15,2024-03-26,11.36,0.0,80.92,7.72,1.0,125.33,2024,3,26,35.0,0,USA_3006.csv
2024-03-27,3006,23.0,24.6,6.6,2.2,40.0,1.2,0,0,3,3,1,1,7,7,-1.7179850588586731,0.007217358059254034,8.8175955,14.144844,-4.5790477,-10.527868,15,2024-03-27,11.38,0.0,79.58,5.86,1.0,108.83,2024,3,27,40.0,0,USA_3006.csv
2024-03-28,3006,24.0,18.0,4.8,3.0,32.0,11.0,0,0,2,2,3,3,0,0,-2.868556374812102,-1.8723772662630043,16.142874,-10.68217,-56.80861,-84.33835,15,2024-03-28,12.31,0.0,86.83,6.77,1.0,136.5,2024,3,28,32.0,0,USA_3006.csv
2024-03-29,3006,21.0,19.2,6.4,1.2,36.0,1.0,0,0,3,3,1,1,7,7,-3.433145262414664,-0.6419929312544965,3.5211074,12.457575,-59.34294,-22.565842,15,2024-03-29,11.38,0.0,79.04,7.28,1.0,124.83,2024,3,29,36.0,0,USA_3006.csv
2024-03-30,3006,10.0,14.6,4.2,1.8,35.0,1.0,0,0,3,3,1,1,7,7,-4.258007299819787,-1.305790759561241,18.95661,11.108402,-76.44694,-31.832684,15,2024-03-30,12.55,0.0,81.79,14.6,1.0,182.79,2024,3,30,35.0,0,USA_3006.csv
2024-03-31,3006,13.0,11.6,5.8,2.0,34.0,1.0,0,0,3,3,1,1,7,7,-3.4955892022217685,-1.9177411558759232,2.3902988,4.1057677,-38.816418,-73.51221,15,2024-03-31,12.03,0.0,78.46,17.6,1.0,99.17,2024,3,31,34.0,0,USA_3006.csv
2024-04-01,3006,8.0,9.2,3.0,1.0,33.0,1.0,0,0,3,3,1,1,7,7,-6.050509550272002,-1.5022074179121818,3.3380628,10.277138,-82.843025,-21.032003,15,2024-04-01,12.49,0.0,83.5,7.42,1.0,193.79,2024,4,1,33.0,0,USA_3006.csv
2024-04-02,3006,9.0,16.0,4.6,1.6,38.0,1.0,0,0,3,3,1,1,7,7,-4.353284289165583,-0.592547553890245,4.827368,12.621087,-68.510376,-28.154387,15,2024-04-02,12.45,0.0,74.38,8.53,1.0,134.42,2024,4,2,38.0,0,USA_3006.csv
2024-04-03,3006,14.0,18.8,5.4,1.4,40.0,1.0,0,0,3,3,1,1,7,7,-3.9043010947314296,0.056119548642543635,4.6289096,13.041539,-39.173824,5.3947906,15,2024-04-03,13.3,0.0,79.54,6.71,1.0,133.33,2024,4,3,40.0,0,USA_3006.csv
2024-04-04,3006,22.0,18.2,4.4,2.0,34.0,1.4,0,0,3,3,1,1,7,7,-3.1100663120086742,-1.1933525856073164,-0.2625408,-4.9706817,-50.44824,-33.501728,15,2024-04-04,12.18,0.0,88.29,11.87,1.0,145.08,2024,4,4,34.0,0,USA_3006.csv
2024-04-05,3006,19.0,15.6,4.0,1.0,34.0,2.8,0,0,3,3,1,1,7,7,-4.98369673939875,-0.8268166914581445,-1.7845168,7.491721,-76.686874,-10.40438,15,2024-04-05,10.14,0.0,69.12,16.28,1.0,244.0,2024,4,5,34.0,0,USA_3006.csv
2024-04-06,3006,10.0,11.2,4.6,1.4,36.0,1.0,0,0,3,3,1,1,7,7,-4.810418227188494,-1.1425543537017318,18.99677,11.155602,-77.7084,-26.86101,15,2024-04-06,9.47,0.0,68.75,14.47,1.0,189.92,2024,4,6,36.0,0,USA_3006.csv
2024-04-07,3006,12.0,21.8,5.0,1.2,37.0,20.4,0,0,2,2,3,3,4,4,-6.7494147285835115,0.17778938972973857,-4.9781523,3.2317157,-123.1111,0.3181114,15,2024-04-07,10.17,0.0,70.12,6.13,1.0,128.62,2024,4,7,37.0,0,USA_3006.csv
2024-04-08,3006,12.0,21.8,5.0,1.2,37.0,20.4,0,0,2,2,3,3,4,4,-6.7494147285835115,0.17778938972973857,-4.978214,3.2317014,-123.1111,0.3181114,15,2024-04-08,11.12,0.0,65.5,6.77,1.0,136.38,2024,4,8,37.0,0,USA_3006.csv
2024-04-09,3006,14.0,15.4,5.4,1.8,39.0,1.0,0,0,3,3,1,1,7,7,-3.587213492033139,-0.5204872505964576,4.517903,12.820386,-65.321846,-29.910385,15,2024-04-09,14.33,0.0,61.75,7.36,1.0,131.96,2024,4,9,39.0,0,USA_3006.csv
2024-04-10,3006,13.0,26.6,3.6,2.2,51.0,1.0,0,0,3,3,4,4,5,5,-3.052873024643776,2.5665751310117297,12.274746,9.943976,-0.6263776,75.62214,15,2024-04-10,15.41,0.0,66.25,6.32,1.0,131.38,2024,4,10,51.0,0,USA_3006.csv
2024-04-11,3006,20.0,16.2,5.0,2.0,51.0,1.0,0,0,3,3,4,4,5,5,-3.009157025818582,2.065078036654993,11.921174,6.4792433,-47.99303,53.991703,15,2024-04-11,15.63,0.0,78.0,6.05,1.0,140.75,2024,4,11,51.0,0,USA_3006.csv
2024-04-12,3006,30.0,25.0,7.8,1.8,40.0,1.0,0,0,3,3,1,1,5,5,-1.3898068002851418,0.19521754978797579,9.7755165,6.165389,-8.8583145,3.4175692,15,2024-04-12,14.22,0.0,86.12,10.16,1.0,159.33,2024,4,12,40.0,0,USA_3006.csv
2024-04-13,3006,43.0,34.2,3.2,1.6,39.0,1.0,0,0,3,3,4,4,5,5,-1.838357091140321,1.4411153331919646,9.014075,9.155255,-26.700542,57.372936,15,2024-04-13,13.67,0.0,78.54,17.1,1.0,117.0,2024,4,13,43.0,0,USA_3006.csv
2024-04-14,3006,19.0,15.2,6.4,1.4,37.0,1.0,0,0,3,3,1,1,7,7,-3.505698356652882,-0.7838458931659625,3.0365758,13.032867,-57.10852,-21.849947,15,2024-04-14,10.02,0.0,87.83,9.3,1.0,167.5,2024,4,14,37.0,0,USA_3006.csv
2024-04-15,3006,10.0,13.2,7.6,1.6,39.0,1.0,0,0,3,3,1,1,7,7,-3.5003658691324175,-0.9126982697564224,4.349718,12.5954895,-35.441475,-53.754482,15,2024-04-15,11.03,0.0,83.62,6.2,1.0,125.96,2024,4,15,39.0,0,USA_3006.csv
2024-04-16,3006,14.0,22.6,6.4,1.0,44.0,1.0,0,0,3,3,1,1,7,7,-3.872606890220321,1.1380247789811955,10.680571,12.142372,-37.49236,8.409395,15,2024-04-16,13.35,0.0,76.33,5.73,1.0,127.88,2024,4,16,44.0,0,USA_3006.csv
2024-04-17,3006,14.0,22.6,6.4,1.0,44.0,1.0,0,0,3,3,1,1,7,7,-3.872606890220321,1.1380247789811955,10.690038,12.152492,-37.49225,8.409408,15,2024-04-17,14.52,0.0,81.88,6.03,1.0,132.83,2024,4,17,44.0,0,USA_3006.csv
2024-04-18,3006,26.0,21.2,5.6,1.0,41.0,1.0,0,0,3,3,1,1,7,7,-3.5119283209632637,0.7926022867205219,9.4764805,12.301652,-33.867504,14.276281,15,2024-04-18,14.64,0.0,90.04,5.35,1.0,172.62,2024,4,18,41.0,0,USA_3006.csv
2024-04-19,3006,32.0,26.2,6.6,1.4,35.0,1.2,0,0,3,3,1,1,7,7,-2.1375995078886265,-0.37414737742826404,19.247458,9.771705,-23.588968,10.896333,15,2024-04-19,13.51,0.0,89.04,5.33,1.0,214.04,2024,4,19,35.0,0,USA_3006.csv
2024-04-20,3006,34.0,25.8,5.8,2.2,35.0,1.0,0,0,3,3,1,1,7,7,-1.2620405853223478,-0.6361954213902992,-0.64457214,7.875614,-3.3082871,-27.759037,15,2024-04-20,13.09,0.0,90.62,7.85,1.0,164.33,2024,4,20,35.0,0,USA_3006.csv
2024-04-21,3006,42.0,20.2,5.2,3.0,36.0,1.0,0,0,3,3,1,1,7,7,-0.2703447187561985,-0.8703030855129266,8.297311,3.691127,24.489115,-13.375909,15,2024-04-21,13.48,0.0,93.12,5.56,1.0,184.75,2024,4,21,42.0,0,USA_3006.csv
2024-04-22,3006,43.0,40.0,3.6,1.4,40.0,1.2,0,0,3,3,4,4,5,5,-1.6777870477663868,2.00136810961402,9.776107,8.895916,-25.838491,59.300766,15,2024-04-22,14.48,0.0,91.29,5.8,1.0,193.17,2024,4,22,43.0,0,USA_3006.csv
2024-04-23,3006,36.0,24.2,5.6,1.2,39.0,1.0,0,0,3,3,1,1,5,5,-2.5284739939779834,0.6446237122430505,9.631243,10.706924,-24.899023,15.226401,15,2024-04-23,14.17,0.0,85.67,7.7,1.0,240.58,2024,4,23,39.0,0,USA_3006.csv
2024-04-24,3006,18.0,14.2,7.2,2.0,35.0,1.0,0,0,3,3,1,1,7,7,-2.623445122020316,-1.660062009999608,2.7514057,3.6995053,-13.197858,-59.2544,15,2024-04-24,13.43,0.0,82.12,9.71,1.0,169.12,2024,4,24,35.0,0,USA_3006.csv
2024-04-25,3006,19.0,15.2,5.4,3.0,29.0,1.0,0,0,3,3,1,1,7,7,-1.8491151854310997,-3.059045663265369,-0.54792416,4.8257637,18.159674,-97.792076,15,2024-04-25,14.2,0.0,82.0,9.17,1.0,232.21,2024,4,25,29.0,0,USA_3006.csv
2024-04-26,3006,22.0,18.8,7.6,1.6,30.0,1.4,0,0,3,3,1,1,7,7,-2.5998466579438655,-2.216311173104887,18.01449,13.237088,-11.010412,-67.18328,15,2024-04-26,13.6,0.0,81.46,12.15,1.0,138.25,2024,4,26,30.0,0,USA_3006.csv
2024-04-27,3006,24.0,16.2,4.4,2.2,33.0,1.0,0,0,3,3,1,1,7,7,-2.801781814086249,-1.570116784780737,1.1592857,6.7191496,-47.695595,-34.328636,15,2024-04-27,14.8,0.0,72.5,14.16,1.0,231.58,2024,4,27,33.0,0,USA_3006.csv
2024-04-28,3006,17.0,13.2,4.8,1.4,33.0,1.0,0,0,3,3,1,1,7,7,-4.248505852455992,-1.5398998486447275,17.23176,18.49716,-89.738,-26.41984,15,2024-04-28,14.11,0.0,77.33,5.55,1.0,152.5,2024,4,28,33.0,0,USA_3006.csv
2024-04-29,3006,23.0,12.6,5.8,1.2,36.0,1.2,0,0,3,3,1,1,7,7,-3.879623044957836,-0.8676213116941862,1.9594369,11.803274,-64.28276,-20.322063,15,2024-04-29,14.98,0.0,73.21,5.1,1.0,175.5,2024,4,29,36.0,0,USA_3006.csv
2024-04-30,3006,19.0,17.6,4.8,1.4,42.0,1.0,0,0,3,3,1,1,7,7,-3.8539286301992512,0.5826840826811716,6.528638,12.9949465,-54.36779,27.940397,15,2024-04-30,15.33,0.0,70.5,6.51,1.0,189.71,2024,4,30,42.0,0,USA_3006.csv
2024-05-01,3006,38.0,33.6,4.0,1.6,40.0,1.0,0,0,3,3,4,4,5,5,-1.9066835862269784,1.4091629291442445,18.35912,2.7659411,-25.654224,40.714996,15,2024-05-01,14.6,0.0,77.29,5.67,1.0,220.54,2024,5,1,40.0,0,USA_3006.csv
2024-05-02,3006,41.0,26.0,5.2,2.8,40.0,1.4,0,0,3,3,4,4,5,5,-0.30399698831167365,0.3443084299415624,8.360373,3.9282062,23.128475,-9.469453,15,2024-05-02,13.7,0.0,77.58,6.5,1.0,122.79,2024,5,2,41.0,0,USA_3006.csv
2024-05-03,3006,38.0,20.4,2.4,1.4,39.0,1.0,0,0,3,3,1,1,7,7,-3.3626419289446665,0.8113285366580664,7.250839,9.785532,-63.54324,23.215475,15,2024-05-03,14.24,0.0,85.71,6.08,1.0,129.54,2024,5,3,39.0,0,USA_3006.csv
2024-05-04,3006,44.0,38.4,6.2,3.0,30.0,1.2,0,0,3,3,1,1,1,1,1.0680075344438131,-1.2263128994461658,9.4162245,4.2012463,29.199633,-9.619566,15,2024-05-04,13.67,0.0,89.04,6.95,1.0,154.46,2024,5,4,44.0,0,USA_3006.csv
2024-05-05,3006,35.0,19.2,3.0,1.0,35.0,1.0,0,0,3,3,1,1,7,7,-3.935750672294954,-0.022640741634099022,5.9986124,10.561247,-71.20214,24.003725,15,2024-05-05,14.03,0.0,76.75,18.62,1.0,270.83,2024,5,5,35.0,0,USA_3006.csv
2024-05-06,3006,17.0,16.2,5.6,1.4,37.0,1.0,0,0,3,3,1,1,7,7,-3.819491781783512,-0.6648195529213811,4.155544,12.800037,-57.603455,-20.344275,15,2024-05-06,13.92,0.0,51.33,13.05,1.0,182.33,2024,5,6,37.0,0,USA_3006.csv
2024-05-07,3006,12.0,23.2,6.0,1.2,41.0,1.0,0,0,3,3,1,1,7,7,-3.846313314703371,0.47094581553140663,4.860006,12.89016,-39.248642,8.029432,15,2024-05-07,14.2,0.0,69.92,4.91,1.0,186.12,2024,5,7,41.0,0,USA_3006.csv
2024-05-08,3006,22.0,16.2,3.6,1.0,42.0,1.0,0,0,3,3,1,1,7,7,-4.630606862093609,0.9180999007420503,6.548079,12.418044,-57.286884,38.332836,15,2024-05-08,14.3,0.0,73.38,6.7,1.0,161.0,2024,5,8,42.0,0,USA_3006.csv
2024-05-09,3006,31.0,21.6,5.4,2.2,42.0,1.0,0,0,3,3,1,1,5,5,-1.749897599977031,0.5728040352196397,9.125915,6.7945957,-12.788834,15.9317255,15,2024-05-09,14.99,0.0,81.17,7.85,1.0,130.83,2024,5,9,42.0,0,USA_3006.csv
2024-05-10,3006,41.0,25.8,10.2,2.4,35.0,1.2,0,0,3,3,1,1,1,1,0.7474004075814412,-1.1697160454465971,9.142821,4.7037053,3.4009597,-37.986183,15,2024-05-10,13.6,0.0,87.0,6.9,1.0,149.08,2024,5,10,41.0,0,USA_3006.csv
2024-05-11,3006,42.0,28.4,7.8,2.6,34.0,1.4,0,0,3,3,1,1,1,1,0.4135312293462849,-0.9903103417338539,8.120516,5.4430056,15.805745,-5.830358,15,2024-05-11,13.45,0.0,86.46,6.91,1.0,185.62,2024,5,11,42.0,0,USA_3006.csv
2024-05-12,3006,27.0,16.8,8.4,1.0,35.0,1.0,0,0,3,3,1,1,7,7,-2.8411312504735733,-1.0243589537226596,1.5656991,12.350165,-26.166658,-49.903454,15,2024-05-12,13.78,0.0,89.25,6.65,1.0,203.25,2024,5,12,35.0,0,USA_3006.csv
2024-05-13,3006,34.0,23.2,5.4,1.4,37.0,1.6,0,0,3,3,1,1,7,7,-2.596681060610495,0.08631676316621109,13.826663,13.77935,-24.44685,13.476781,15,2024-05-13,14.35,0.0,87.79,9.65,1.0,170.46,2024,5,13,37.0,0,USA_3006.csv
2024-05-14,3006,49.0,18.0,5.8,2.8,34.0,1.0,0,0,3,3,1,1,7,7,-0.05211557299465512,-1.2422650120631957,8.492106,3.5198567,25.628286,-14.68122,15,2024-05-14,14.16,0.0,88.25,8.16,1.0,163.04,2024,5,14,49.0,0,USA_3006.csv
2024-05-15,3006,39.0,22.8,5.0,1.8,34.0,1.4,0,0,3,3,1,1,7,7,-1.9382347309753738,-0.5944424226918352,7.7343683,7.1805196,-26.322027,-26.148645,15,2024-05-15,14.04,0.0,87.17,7.55,1.0,177.62,2024,5,15,39.0,0,USA_3006.csv
2024-05-16,3006,34.0,19.6,6.6,2.0,32.0,1.4,0,0,3,3,1,1,7,7,-1.6580026248504123,-1.582062687929921,6.060279,5.0049605,-19.103113,-33.603348,15,2024-05-16,13.86,0.0,84.79,8.5,1.0,165.96,2024,5,16,34.0,0,USA_3006.csv
2024-05-17,3006,30.0,21.2,7.4,4.0,34.0,1.4,0,0,3,3,1,1,1,1,0.9648329620730544,-2.226480785498306,8.877997,-0.58940834,44.03508,-69.708305,15,2024-05-17,14.31,0.0,86.08,8.55,1.0,161.5,2024,5,17,34.0,0,USA_3006.csv
2024-05-18,3006,26.0,21.8,5.2,1.6,32.0,1.6,0,0,3,3,1,1,7,7,-2.9737526270123036,-1.2439197907171355,16.994532,12.13993,-43.423992,-18.256277,15,2024-05-18,14.77,0.0,83.58,7.81,1.0,176.21,2024,5,18,32.0,0,USA_3006.csv
2024-05-19,3006,30.0,29.2,5.2,3.0,35.0,1.0,0,0,3,3,1,1,7,7,-0.49824910427244185,-0.8381428012048698,12.379582,13.437712,20.304705,-7.678932,15,2024-05-19,14.05,0.0,83.04,9.2,1.0,201.5,2024,5,19,35.0,0,USA_3006.csv
2024-05-20,3006,21.0,12.4,4.8,1.8,34.0,1.6,0,0,3,3,1,1,7,7,-3.6275800853841673,-1.473364330653687,-1.8992401,10.641611,-44.244614,-61.156075,15,2024-05-20,14.1,0.0,83.46,9.55,1.0,173.5,2024,5,20,34.0,0,USA_3006.csv
2024-05-21,3006,31.0,13.6,3.6,1.4,36.0,1.0,0,0,3,3,1,1,7,7,-3.7710256595460336,-0.4640787164861335,5.906444,10.8520775,-69.55064,22.247545,15,2024-05-21,13.24,0.0,83.25,10.91,1.0,147.96,2024,5,21,36.0,0,USA_3006.csv
2024-05-22,3006,36.0,17.4,7.8,2.0,34.0,1.4,0,0,3,3,1,1,7,7,-1.2727991239523624,-1.4066534558803474,6.294605,4.568444,0.9626022,-33.850513,15,2024-05-22,13.93,0.0,86.08,7.54,1.0,145.58,2024,5,22,36.0,0,USA_3006.csv
2024-05-23,3006,33.0,25.8,6.6,1.6,37.0,1.8,0,0,3,3,1,1,5,5,-1.9166124442455217,-0.0453007967958156,14.895349,13.783823,-22.619963,11.517965,15,2024-05-23,14.11,0.0,85.92,7.47,1.0,164.88,2024,5,23,37.0,0,USA_3006.csv
2024-05-24,3006,38.0,25.0,5.2,1.8,35.0,1.0,0,0,3,3,1,1,7,7,-1.7609886471134952,-0.32847022593626085,7.7825184,7.173104,-26.33078,-26.45751,15,2024-05-24,13.99,0.0,84.29,7.59,1.0,199.79,2024,5,24,38.0,0,USA_3006.csv
2024-05-25,3006,45.0,15.4,7.2,3.4,28.0,1.0,0,0,3,3,1,1,1,1,0.7380827467175035,-3.1645539265311196,8.070091,2.3902054,24.303211,-42.93736,15,2024-05-25,14.14,0.0,78.88,8.26,1.0,182.0,2024,5,25,45.0,0,USA_3006.csv
2024-05-26,3006,25.0,25.0,4.2,2.2,31.0,9.4,0,0,2,2,3,3,0,0,-3.430433037837102,-1.2644892096973412,16.189735,-6.3360906,-72.20781,-60.529305,15,2024-05-26,15.05,0.0,78.79,8.34,1.0,161.12,2024,5,26,31.0,0,USA_3006.csv
2024-05-27,3006,25.0,13.0,3.4,2.4,34.0,1.0,0,0,3,3,1,1,7,7,-2.9696273915584803,-1.477332246814802,9.769802,22.968664,-45.3809,-32.257046,15,2024-05-27,14.76,0.0,83.71,7.93,1.0,162.21,2024,5,27,34.0,0,USA_3006.csv
2024-05-28,3006,34.0,33.0,6.0,1.4,33.0,1.4,0,0,3,3,1,1,5,5,-1.8838319301900233,-0.30054920594445533,16.203371,10.679053,-34.64795,0.27437901,15,2024-05-28,14.4,0.0,87.04,7.12,1.0,167.88,2024,5,28,34.0,0,USA_3006.csv
2024-05-29,3006,35.0,21.0,4.4,1.6,34.0,1.4,0,0,3,3,1,1,7,7,-2.7056714374330584,-0.5947416355162144,21.470316,6.5838566,-27.213104,-25.048395,15,2024-05-29,14.5,0.0,86.67,5.65,1.0,170.96,2024,5,29,35.0,0,USA_3006.csv
2024-05-30,3006,33.0,23.6,5.2,1.8,44.0,1.0,0,0,3,3,4,4,5,5,-2.0820943386790978,1.347078911608423,10.812216,11.380806,-13.97253,20.084951,15,2024-05-30,14.94,0.0,83.67,4.95,1.0,183.54,2024,5,30,44.0,0,USA_3006.csv
2024-05-31,3006,40.0,30.4,8.0,2.2,38.0,1.0,0,0,3,3,4,4,5,5,0.034506179555610826,0.052512401266229324,3.9305766,0.36073476,0.16626632,4.399099,15,2024-05-31,15.02,0.0,87.38,6.82,1.0,179.29,2024,5,31,40.0,0,USA_3006.csv
2024-06-01,3006,36.0,17.2,5.2,2.0,33.0,1.8,0,0,3,3,1,1,7,7,-2.1527892140915244,-1.2688162218880665,19.423359,5.9251122,-24.117195,-30.677885,15,2024-06-01,14.89,0.0,88.92,5.85,1.0,215.17,2024,6,1,36.0,0,USA_3006.csv
2024-06-02,3006,32.0,20.8,4.6,2.2,32.0,1.0,0,0,3,3,1,1,7,7,-2.033805687769759,-1.398715094514823,15.770814,12.03399,-30.105316,-31.880322,15,2024-06-02,14.4,0.0,85.46,5.78,1.0,181.83,2024,6,2,32.0,0,USA_3006.csv
2024-06-03,3006,29.0,25.2,6.8,2.0,34.0,1.0,0,0,3,3,1,1,7,7,-1.5288988683467581,-1.0101721243407888,17.37706,8.55139,-5.360404,-31.668533,15,2024-06-03,14.95,0.0,84.29,6.08,1.0,149.79,2024,6,3,34.0,0,USA_3006.csv
2024-06-04,3006,35.0,34.0,6.6,2.6,43.0,1.8,0,0,3,3,4,4,5,5,-0.07991483496966413,1.1849381183101946,8.567386,-2.3725991,29.721249,12.554484,15,2024-06-04,15.44,0.0,88.25,5.27,1.0,183.21,2024,6,4,43.0,0,USA_3006.csv
2024-06-05,3006,40.0,23.2,6.4,1.6,42.0,1.0,0,0,3,3,4,4,5,5,-1.5808635836018827,0.9910819386501033,9.993901,10.955333,-18.160877,17.420282,15,2024-06-05,16.05,0.0,90.5,6.0,1.0,187.92,2024,6,5,42.0,0,USA_3006.csv
2024-06-06,3006,41.0,26.0,5.2,2.8,40.0,1.4,0,0,3,3,4,4,5,5,-0.30399698831167365,0.3443084299415624,8.362263,3.9207582,23.129078,-9.469896,15,2024-06-06,16.25,0.0,90.0,5.61,1.0,156.08,2024,6,6,41.0,0,USA_3006.csv
2024-06-07,3006,34.0,22.4,5.2,1.8,39.0,1.0,0,0,3,3,1,1,5,5,-2.112214855395851,0.2759323019526506,-0.21738607,2.8327472,-24.198032,21.367535,15,2024-06-07,16.62,0.0,88.08,6.77,1.0,203.12,2024,6,7,39.0,0,USA_3006.csv
2024-06-08,3006,33.0,20.0,5.6,2.0,32.0,1.0,0,0,3,3,1,1,7,7,-1.9563318377342258,-1.4581154491558008,6.236887,5.362909,-26.77082,-31.99059,15,2024-06-08,16.35,0.0,86.54,6.99,1.0,225.75,2024,6,8,33.0,0,USA_3006.csv
2024-06-09,3006,35.0,22.6,4.6,3.0,29.0,1.0,0,0,3,3,1,1,7,7,-0.7738289177392216,-2.2417729201594025,7.848708,3.4781618,13.23649,-42.798164,15,2024-06-09,16.15,0.0,86.33,7.29,1.0,215.92,2024,6,9,35.0,0,USA_3006.csv
2024-06-10,3006,25.0,18.6,8.4,2.2,32.0,1.4,0,0,3,3,1,1,1,1,-1.4220071238786514,-2.148347758630452,3.1032922,2.85134,-6.656906,-48.330513,15,2024-06-10,15.08,0.0,86.67,7.0,1.0,198.5,2024,6,10,32.0,0,USA_3006.csv
2024-06-11,3006,30.0,19.6,5.2,2.0,32.0,1.4,0,0,3,3,1,1,7,7,-2.329052826070011,-1.4764927250330375,15.669325,12.374187,-27.845234,-30.943296,15,2024-06-11,15.26,0.0,88.58,7.42,1.0,162.04,2024,6,11,32.0,0,USA_3006.csv
2024-06-12,3006,32.0,33.6,4.4,1.8,42.0,2.4,0,0,3,3,4,4,5,5,-2.0506594078763762,1.5860345431679057,9.326791,8.897052,-27.919441,41.18121,15,2024-06-12,16.64,0.0,84.62,7.72,1.0,156.67,2024,6,12,42.0,0,USA_3006.csv
2024-06-13,3006,41.0,25.8,10.2,2.4,35.0,1.2,0,0,3,3,1,1,1,1,0.7474004075814412,-1.1697160454465971,9.144224,4.704367,3.4009461,-37.98614,15,2024-06-13,15.88,0.0,85.67,6.53,1.0,184.83,2024,6,13,41.0,0,USA_3006.csv
2024-06-14,3006,25.0,25.6,5.0,1.0,35.0,1.0,0,0,3,3,1,1,7,7,-3.5544826918280674,-0.14768752378526162,5.0713243,14.548649,-48.67447,-1.0712183,15,2024-06-14,15.92,0.0,86.71,8.81,1.0,181.38,2024,6,14,35.0,0,USA_3006.csv
2024-06-15,3006,30.0,32.6,5.6,1.6,43.0,1.0,0,0,3,3,4,4,5,5,-1.9111129456391969,1.6012495938019542,10.17924,10.83948,-31.985487,47.600986,15,2024-06-15,17.8,0.0,76.29,5.29,1.0,165.5,2024,6,15,43.0,0,USA_3006.csv
2024-06-16,3006,42.0,27.4,6.6,2.2,41.0,1.0,0,0,3,3,4,4,5,5,-0.4306689577277733,0.7352501592280296,9.632825,6.709098,-6.4855165,17.73778,15,2024-06-16,18.81,0.0,66.21,7.38,1.0,156.38,2024,6,16,42.0,0,USA_3006.csv
2024-06-17,3006,65.0,22.4,6.0,1.6,35.0,1.8,0,0,3,3,4,4,5,5,-0.42788640195133787,0.0812203236276631,8.587557,7.1667547,15.124057,-14.601842,15,2024-06-17,17.5,0.0,78.88,6.2,1.0,173.12,2024,6,17,65.0,0,USA_3006.csv
2024-06-18,3006,49.0,29.0,4.2,1.2,39.0,1.0,0,0,3,3,4,4,5,5,-1.9535696727705203,1.343690878411036,8.944625,9.022024,-21.987236,43.89165,15,2024-06-18,17.44,0.0,75.33,7.38,1.0,177.12,2024,6,18,49.0,0,USA_3006.csv
2024-06-19,3006,44.0,22.6,7.8,1.6,38.0,2.6,0,0,3,3,1,1,5,5,-1.1673765308447575,0.07053413708272463,8.66073,6.2270904,-15.570325,-10.325249,15,2024-06-19,17.88,0.0,80.12,7.53,1.0,211.75,2024,6,19,44.0,0,USA_3006.csv
2024-06-20,3006,48.0,25.0,3.2,2.2,38.0,1.0,0,0,3,3,4,4,5,5,-1.2859009859375823,0.5613792992886111,8.9401865,7.8080325,-8.40267,30.745628,15,2024-06-20,17.6,0.0,72.5,7.31,1.0,165.12,2024,6,20,48.0,0,USA_3006.csv
2024-06-21,3006,43.0,27.6,4.4,1.4,41.0,1.0,0,0,3,3,4,4,5,5,-2.054129543247386,1.4388755690295023,9.27525,9.627614,-22.203985,41.866547,15,2024-06-21,17.4,0.0,74.29,7.96,1.0,159.96,2024,6,21,43.0,0,USA_3006.csv
2024-06-22,3006,43.0,35.6,6.8,1.4,57.0,1.2,2,2,1,1,4,4,8,8,-0.8259426490398022,4.837959547272923,13.202809,8.747461,20.173872,85.84031,15,2024-06-22,18.33,0.0,77.25,5.84,1.0,189.38,2024,6,22,57.0,0,USA_3006.csv
2024-06-23,3006,46.0,28.2,5.2,2.4,45.0,1.0,0,0,3,3,4,4,5,5,-0.32169766700950747,1.769333898822483,10.170427,7.849127,2.7674375,40.610516,15,2024-06-23,19.42,0.0,74.08,6.16,1.0,220.17,2024,6,23,46.0,0,USA_3006.csv
2024-06-24,3006,28.0,25.2,4.6,1.6,44.0,1.4,0,0,3,3,4,4,5,5,-2.7791330138707204,1.516743025723687,9.809855,13.114877,-44.49982,42.423122,15,2024-06-24,20.74,0.0,66.88,7.13,1.0,186.0,2024,6,24,44.0,0,USA_3006.csv
2024-06-25,3006,32.0,31.6,5.6,1.2,40.0,1.0,0,0,3,3,4,4,5,5,-2.364620629753076,1.1625489332351282,10.71604,15.279148,-32.294594,51.469685,15,2024-06-25,19.71,0.0,64.46,7.26,1.0,158.08,2024,6,25,40.0,0,USA_3006.csv
2024-06-26,3006,40.0,30.4,8.0,2.2,38.0,1.0,0,0,3,3,4,4,5,5,0.034506179555610826,0.052512401266229324,3.9313884,0.3632766,0.16626278,4.3991823,15,2024-06-26,19.2,0.0,75.17,6.85,1.0,195.17,2024,6,26,40.0,0,USA_3006.csv
2024-06-27,3006,44.0,20.8,4.8,1.4,42.0,1.0,0,0,3,3,4,4,5,5,-2.226155988561214,1.2509498312822,9.039454,9.985602,-18.74153,38.37326,15,2024-06-27,19.53,0.0,75.12,6.42,1.0,219.67,2024,6,27,44.0,0,USA_3006.csv
2024-06-28,3006,41.0,23.0,7.0,2.2,42.0,1.0,0,0,3,3,4,4,5,5,-0.5921521069677965,0.6346356128498536,9.719085,6.5615983,-7.195008,16.175444,15,2024-06-28,19.12,0.0,76.67,7.47,1.0,201.67,2024,6,28,42.0,0,USA_3006.csv
2024-06-29,3006,43.0,23.2,2.4,1.6,38.0,2.6,0,0,3,3,1,1,5,5,-2.8823374271935367,0.7973316044762283,7.187739,8.904518,-47.588337,12.786632,15,2024-06-29,17.29,0.0,83.38,7.77,1.0,216.71,2024,6,29,43.0,0,USA_3006.csv
2024-06-30,3006,31.0,25.2,5.6,2.8,46.0,1.2,0,0,3,3,4,4,5,5,-0.7490431218563942,1.2776212636622686,11.9366045,5.554811,32.06455,17.352938,15,2024-06-30,18.21,0.0,80.83,7.79,1.0,190.29,2024,6,30,46.0,0,USA_3006.csv
2024-07-01,3006,28.0,25.2,4.6,1.6,44.0,1.4,0,0,3,3,4,4,5,5,-2.7791330138707204,1.516743025723687,9.808217,13.117745,-44.499393,42.423378,15,2024-07-01,19.48,0.0,77.0,7.73,1.0,246.88,2024,7,1,44.0,0,USA_3006.csv
2024-07-02,3006,36.0,28.2,5.2,1.2,45.0,1.4,0,0,3,3,4,4,5,5,-2.463200031767089,2.1522822362348855,10.426303,10.94262,-15.982796,74.56845,15,2024-07-02,18.27,0.0,80.71,6.68,1.0,222.58,2024,7,2,45.0,0,USA_3006.csv
2024-07-03,3006,35.0,41.0,5.2,1.8,56.0,1.2,2,2,1,1,4,4,8,8,-1.009357704865645,4.780031349098332,12.746763,8.52664,23.401333,70.734085,15,2024-07-03,17.53,0.0,82.75,5.89,1.0,193.71,2024,7,3,56.0,0,USA_3006.csv
2024-07-04,3006,37.0,16.0,6.0,1.6,36.0,2.6,0,0,3,3,1,1,7,7,-2.4982091843827994,-0.5915841128043068,17.228788,5.806563,-22.792542,-13.366442,15,2024-07-04,16.56,0.0,86.75,6.85,1.0,191.25,2024,7,4,37.0,0,USA_3006.csv
2024-07-05,3006,34.0,35.6,3.0,1.2,42.0,1.2,0,0,3,3,4,4,5,5,-2.864716361569246,2.1745287456529123,8.85094,10.302694,-45.37207,68.69342,15,2024-07-05,18.79,0.0,77.21,6.53,1.0,167.92,2024,7,5,42.0,0,USA_3006.csv
2024-07-06,3006,59.0,36.2,5.2,1.6,39.0,1.6,0,0,3,3,4,4,5,5,-0.2509876282237062,1.6160236668365418,9.6687565,7.9445896,-5.8569036,43.804615,15,2024-07-06,19.84,0.0,80.08,6.77,1.0,208.08,2024,7,6,59.0,0,USA_3006.csv
2024-07-07,3006,47.0,23.0,6.2,1.4,41.0,1.0,0,0,3,3,4,4,5,5,-1.501805110255315,1.0365390937289445,9.964453,9.64232,-15.71904,45.414577,15,2024-07-07,19.68,0.0,84.5,6.1,1.0,181.0,2024,7,7,47.0,0,USA_3006.csv
2024-07-08,3006,43.0,23.2,2.4,1.6,38.0,2.6,0,0,3,3,1,1,5,5,-2.8823374271935367,0.7973316044762283,7.1912622,8.906468,-47.588337,12.786632,15,2024-07-08,17.78,0.0,88.29,6.81,1.0,189.33,2024,7,8,43.0,0,USA_3006.csv
2024-07-09,3006,29.0,22.6,7.2,2.0,43.0,1.0,0,0,3,3,1,1,5,5,-1.4968987513572587,0.6485482520804181,9.920806,6.3524156,-10.261487,8.636369,15,2024-07-09,18.03,0.0,85.67,5.29,1.0,228.08,2024,7,9,43.0,0,USA_3006.csv
2024-07-10,3006,36.0,23.4,3.6,1.4,47.0,1.4,0,0,3,3,4,4,5,5,-2.9568048645647607,2.4252539499644183,10.158668,10.655591,-25.405458,80.62631,15,2024-07-10,19.7,0.0,76.38,5.66,1.0,204.42,2024,7,10,47.0,0,USA_3006.csv
2024-07-11,3006,44.0,33.0,7.6,1.6,44.0,1.0,0,0,3,3,4,4,5,5,-0.44301928520674255,1.8424045889127145,10.51331,6.751405,11.180923,26.966892,15,2024-07-11,17.5,0.0,86.0,8.15,1.0,190.88,2024,7,11,44.0,0,USA_3006.csv
2024-07-12,3006,60.0,24.4,7.2,3.2,34.0,1.0,0,0,3,3,5,5,10,10,1.8686702526794412,-1.059901900463669,9.085981,3.438226,30.23166,-14.175313,15,2024-07-12,17.24,0.0,86.62,7.39,1.0,169.0,2024,7,12,60.0,0,USA_3006.csv
2024-07-13,3006,65.0,42.2,4.8,1.8,38.0,1.4,0,0,3,3,4,4,5,5,0.5637914701647467,1.800869509599716,9.797172,7.800061,-4.877337,43.906,15,2024-07-13,18.35,0.0,85.88,7.6,1.0,238.29,2024,7,13,65.0,0,USA_3006.csv
2024-07-14,3006,34.0,23.2,5.4,1.4,37.0,1.6,0,0,3,3,1,1,7,7,-2.596681060610495,0.08631676316621109,13.826848,13.780012,-24.446896,13.476743,15,2024-07-14,17.29,0.0,86.58,7.3,1.0,228.0,2024,7,14,37.0,0,USA_3006.csv
2024-07-15,3006,26.0,28.0,4.2,1.6,38.0,2.6,0,0,3,3,1,1,7,7,-3.056691523005978,0.474336606206689,6.8373423,7.416538,-35.69233,-7.5540314,15,2024-07-15,17.51,0.0,85.71,7.56,1.0,221.71,2024,7,15,38.0,0,USA_3006.csv
2024-07-16,3006,34.0,27.4,3.0,2.0,38.0,3.8,0,0,3,3,1,1,5,5,-2.649241705805984,0.5991920029611774,7.2677794,7.14076,-27.823288,-8.889688,15,2024-07-16,18.77,0.0,80.71,9.7,1.0,204.88,2024,7,16,38.0,0,USA_3006.csv
2024-07-17,3006,23.0,24.6,6.6,2.2,40.0,1.2,0,0,3,3,1,1,7,7,-1.7179850588586731,0.007217358059254034,8.817161,14.143214,-4.5790477,-10.527868,15,2024-07-17,19.07,0.0,79.62,9.1,1.0,159.08,2024,7,17,40.0,0,USA_3006.csv
2024-07-18,3006,26.0,25.2,8.0,1.8,44.0,1.0,0,0,3,3,4,4,5,5,-1.530101551993596,0.9215456915532124,10.46404,6.2338815,-8.316488,6.7977333,15,2024-07-18,19.1,0.0,81.96,7.56,1.0,196.29,2024,7,18,44.0,0,USA_3006.csv
2024-07-19,3006,35.0,33.6,3.8,1.6,47.0,1.4,0,0,3,3,4,4,5,5,-2.1608818720410174,2.823994221327155,10.648866,9.682929,-29.46726,94.62842,15,2024-07-19,18.89,0.0,82.71,7.2,1.0,173.25,2024,7,19,47.0,0,USA_3006.csv
2024-07-20,3006,32.0,29.2,4.4,1.8,45.0,1.0,0,0,3,3,4,4,5,5,-2.0887960959326968,1.9353576376209187,10.618993,10.016452,-6.1464596,71.85499,15,2024-07-20,19.1,0.0,79.75,6.55,1.0,197.71,2024,7,20,45.0,0,USA_3006.csv
2024-07-21,3006,26.0,21.2,6.4,1.6,39.0,1.0,0,0,3,3,1,1,7,7,-2.5183493231064507,-0.010665810046866453,5.389578,13.712339,-12.786238,-3.3041916,15,2024-07-21,20.28,0.0,73.12,6.5,1.0,192.46,2024,7,21,39.0,0,USA_3006.csv
2024-07-22,3006,29.0,32.4,3.8,1.4,44.0,1.4,0,0,3,3,4,4,5,5,-2.8404789496999503,2.119670705350586,8.659855,11.130748,-50.100372,70.99283,15,2024-07-22,20.27,0.0,75.12,7.48,1.0,179.71,2024,7,22,44.0,0,USA_3006.csv
2024-07-23,3006,22.0,25.6,4.0,1.4,41.0,1.2,0,0,3,3,1,1,7,7,-3.535799940307174,0.9718082642799336,7.6216455,12.954198,-47.933807,36.065193,15,2024-07-23,19.58,0.0,75.46,6.88,1.0,170.08,2024,7,23,41.0,0,USA_3006.csv
2024-07-24,3006,29.0,37.0,5.6,2.0,40.0,1.0,0,0,3,3,4,4,5,5,-1.248900665156053,1.0071132861828351,9.530151,9.96786,-32.57565,42.90054,15,2024-07-24,19.02,0.0,78.79,6.55,1.0,192.71,2024,7,24,40.0,0,USA_3006.csv
2024-07-25,3006,33.0,27.4,6.8,1.2,43.0,1.2,0,0,3,3,4,4,5,5,-2.164507774118711,1.4223585117990987,10.73741,10.901052,-23.18034,49.323917,15,2024-07-25,20.6,0.0,68.75,8.33,1.0,174.88,2024,7,25,43.0,0,USA_3006.csv
2024-07-26,3006,41.0,26.6,6.8,2.2,45.0,1.2,0,0,3,3,4,4,5,5,-0.47471697525810097,1.4732675581379409,10.760185,7.403833,5.721497,22.823156,15,2024-07-26,20.18,0.0,71.46,7.45,1.0,184.62,2024,7,26,45.0,0,USA_3006.csv
2024-07-27,3006,35.0,19.0,4.8,1.2,37.0,1.0,0,0,3,3,1,1,7,7,-3.122473101182564,0.043989570377276396,7.701777,12.457617,-41.732067,18.915167,15,2024-07-27,19.14,0.0,75.04,7.59,1.0,200.0,2024,7,27,37.0,0,USA_3006.csv
2024-07-28,3006,40.0,30.4,8.0,2.2,38.0,1.0,0,0,3,3,4,4,5,5,0.034506179555610826,0.052512401266229324,3.931054,0.3608864,0.16620195,4.3991303,15,2024-07-28,18.12,0.0,76.21,6.36,1.0,167.21,2024,7,28,40.0,0,USA_3006.csv
2024-07-29,3006,25.0,24.2,6.2,1.8,43.0,1.0,0,0,3,3,1,1,5,5,-2.209208363847587,0.8814136617084792,9.341148,6.720428,-13.751659,8.67782,15,2024-07-29,17.34,0.0,77.67,7.12,1.0,182.71,2024,7,29,43.0,0,USA_3006.csv
2024-07-30,3006,18.0,20.0,4.8,1.6,48.0,1.0,0,0,3,3,4,4,5,5,-3.5041128100277277,1.8274793460532914,10.870578,12.130888,-47.69494,51.174694,15,2024-07-30,17.86,0.0,75.92,6.75,1.0,174.96,2024,7,30,48.0,0,USA_3006.csv
2024-07-31,3006,27.0,26.8,4.2,1.4,44.0,1.4,0,0,3,3,4,4,5,5,-3.1288576932382925,1.7300094995299267,9.448326,12.882535,-45.5202,41.890568,15,2024-07-31,18.14,0.0,80.38,7.2,1.0,184.92,2024,7,31,44.0,0,USA_3006.csv
2024-08-01,3006,27.0,22.2,4.8,1.8,45.0,1.0,0,0,3,3,4,4,5,5,-2.6263543936081124,1.4116548089446725,9.873741,12.82504,-42.153927,41.804047,15,2024-08-01,17.26,0.0,81.38,6.88,1.0,193.71,2024,8,1,45.0,0,USA_3006.csv
2024-08-02,3006,29.0,19.0,5.6,2.0,61.0,1.2,2,2,1,1,4,4,8,8,-2.1242506164445616,4.3733962709966,13.899108,8.994387,32.140907,87.568474,15,2024-08-02,18.98,0.0,78.38,6.97,1.0,185.0,2024,8,2,61.0,0,USA_3006.csv
2024-08-03,3006,34.0,23.8,9.6,2.0,47.0,1.6,0,0,3,3,4,4,5,5,-0.44857769522642577,1.3306785834800132,11.382869,6.27431,19.676468,23.198416,15,2024-08-03,19.4,0.0,72.42,6.64,1.0,190.42,2024,8,3,47.0,0,USA_3006.csv
2024-08-04,3006,28.0,26.4,6.6,1.6,46.0,1.6,0,0,3,3,4,4,5,5,-2.1059846857182225,1.731399675310543,11.879239,12.28022,0.12953319,27.170712,15,2024-08-04,19.18,0.0,76.46,7.59,1.0,186.38,2024,8,4,46.0,0,USA_3006.csv
2024-08-05,3006,26.0,19.4,4.6,1.6,48.0,1.0,0,0,3,3,4,4,5,5,-3.131830331433274,1.981728974046164,10.900396,11.97654,-47.170547,48.155792,15,2024-08-05,19.44,0.0,75.21,7.46,1.0,187.83,2024,8,5,48.0,0,USA_3006.csv
2024-08-06,3006,36.0,30.6,6.0,2.0,52.0,1.2,2,2,1,1,4,4,5,5,-1.0208332158367948,3.225398559888636,12.364407,9.457524,4.3926697,80.03376,15,2024-08-06,20.37,0.0,74.96,6.15,1.0,203.25,2024,8,6,52.0,0,USA_3006.csv
2024-08-07,3006,39.0,30.2,6.6,2.0,46.0,1.0,0,0,3,3,4,4,5,5,-0.6835310775930606,1.9467579260450874,11.109499,7.7505918,7.1519737,23.459251,15,2024-08-07,20.1,0.0,78.79,6.83,1.0,176.04,2024,8,7,46.0,0,USA_3006.csv
2024-08-08,3006,49.0,32.6,5.8,1.8,44.0,1.0,0,0,3,3,4,4,5,5,-0.48426783424097825,2.0637987920800347,10.70661,8.208646,2.1355188,52.706684,15,2024-08-08,19.69,0.0,75.88,6.26,1.0,216.83,2024,8,8,49.0,0,USA_3006.csv
2024-08-09,3006,35.0,27.2,5.0,1.6,49.0,1.2,0,0,3,3,4,4,5,5,-2.0891923029249857,2.732051451807445,11.727473,10.22692,-2.464525,79.87495,15,2024-08-09,18.61,0.0,77.5,7.33,1.0,196.12,2024,8,9,49.0,0,USA_3006.csv
2024-08-10,3006,35.0,27.2,5.0,1.6,49.0,1.2,0,0,3,3,4,4,5,5,-2.0891923029249857,2.732051451807445,11.749465,10.220461,-2.464714,79.87493,15,2024-08-10,19.05,0.0,77.71,6.58,1.0,189.83,2024,8,10,49.0,0,USA_3006.csv
2024-08-11,3006,33.0,25.2,5.8,1.6,56.0,1.0,2,2,1,1,4,4,5,5,-2.0011818449211933,3.9138728210175597,12.975608,10.033576,2.4628353,93.81214,15,2024-08-11,20.65,0.0,72.0,5.89,1.0,225.25,2024,8,11,56.0,0,USA_3006.csv
2024-08-12,3006,39.0,27.8,5.6,1.4,48.0,1.2,0,0,3,3,4,4,5,5,-1.8925776602582605,2.6541533094045637,11.590115,10.3097315,-9.67845,78.45896,15,2024-08-12,20.09,0.0,78.88,6.48,1.0,207.17,2024,8,12,48.0,0,USA_3006.csv
2024-08-13,3006,39.0,28.8,5.8,2.2,45.0,1.0,0,0,3,3,4,4,5,5,-0.7617107796523832,1.677523385529271,12.457526,12.474412,5.353935,24.038635,15,2024-08-13,20.23,0.0,74.83,6.83,1.0,200.58,2024,8,13,45.0,0,USA_3006.csv
2024-08-14,3006,32.0,24.0,5.0,1.2,44.0,1.2,0,0,3,3,4,4,5,5,-2.9608723311832095,1.6660187279225247,10.234562,11.337576,-17.899673,73.66447,15,2024-08-14,20.87,0.0,67.88,6.68,1.0,181.42,2024,8,14,44.0,0,USA_3006.csv
2024-08-15,3006,33.0,19.6,6.8,1.2,41.0,1.2,0,0,3,3,1,1,5,5,-2.587838673396172,0.5979487522517418,9.655726,11.830166,-30.159897,15.672858,15,2024-08-15,21.25,0.0,64.29,5.49,1.0,170.5,2024,8,15,41.0,0,USA_3006.csv
2024-08-16,3006,25.0,20.8,4.2,2.2,46.0,1.0,0,0,3,3,4,4,5,5,-2.497587241282594,1.3915929784294234,2.1877704,2.67779,-39.775234,38.490566,15,2024-08-16,22.48,0.0,61.92,5.73,1.0,228.17,2024,8,16,46.0,0,USA_3006.csv
2024-08-17,3006,30.0,19.8,4.2,1.4,38.0,1.0,0,0,3,3,1,1,7,7,-3.303216403265985,0.17614373581751205,3.5848482,-0.77530915,-45.739384,20.901176,15,2024-08-17,20.02,0.0,75.96,7.26,1.0,166.04,2024,8,17,38.0,0,USA_3006.csv
2024-08-18,3006,34.0,26.0,6.2,2.4,34.0,1.2,0,0,3,3,1,1,7,7,-0.9059502109985452,-0.9746514721448594,-0.64448243,7.876762,-3.1208594,-27.914507,15,2024-08-18,20.05,0.0,77.54,8.26,1.0,212.04,2024,8,18,34.0,0,USA_3006.csv
2024-08-19,3006,28.0,22.6,5.4,1.6,41.0,1.0,0,0,3,3,1,1,5,5,-2.6302300888287213,0.6468226150787746,6.7342176,14.0972595,-35.38197,18.639671,15,2024-08-19,19.52,0.0,74.08,6.07,1.0,188.75,2024,8,19,41.0,0,USA_3006.csv
2024-08-20,3006,21.0,28.8,6.6,1.4,48.0,1.2,0,0,3,3,4,4,5,5,-2.5767927265297943,2.215722787989896,11.225654,11.389165,-41.937065,54.260624,15,2024-08-20,21.38,0.0,58.58,6.35,1.0,217.71,2024,8,20,48.0,0,USA_3006.csv
2024-08-21,3006,19.0,20.6,7.0,1.6,58.0,1.0,2,2,1,1,4,4,8,8,-2.6764083462841133,3.6429354476262414,13.479904,9.761134,6.44333,102.72204,15,2024-08-21,22.02,0.0,56.33,6.81,1.0,199.04,2024,8,21,58.0,0,USA_3006.csv
2024-08-22,3006,26.0,17.8,7.0,1.8,37.0,2.6,0,0,3,3,1,1,7,7,-2.4756392131375633,-0.737941595593378,5.8075786,6.324257,-32.749477,-15.226225,15,2024-08-22,20.08,0.0,75.54,7.58,1.0,178.88,2024,8,22,37.0,0,USA_3006.csv
2024-08-23,3006,34.0,33.0,6.0,1.4,33.0,1.4,0,0,3,3,1,1,5,5,-1.8838319301900233,-0.30054920594445533,16.202923,10.680343,-34.647915,0.2743959,15,2024-08-23,18.75,0.0,75.08,7.5,1.0,192.17,2024,8,23,34.0,0,USA_3006.csv
2024-08-24,3006,22.0,29.2,6.4,1.8,35.0,1.6,0,0,3,3,1,1,7,7,-2.1736254959400108,-0.5693259015948623,6.568237,14.842762,-9.499077,-25.037453,15,2024-08-24,18.88,0.0,73.71,8.63,1.0,182.71,2024,8,24,35.0,0,USA_3006.csv
2024-08-25,3006,25.0,17.6,5.6,1.4,37.0,2.6,0,0,3,3,1,1,7,7,-3.484561624414666,-0.3922299442239857,5.902986,6.8077784,-35.239014,-12.781866,15,2024-08-25,19.87,0.0,61.04,7.29,1.0,133.0,2024,8,25,37.0,0,USA_3006.csv
2024-08-26,3006,26.0,23.6,5.4,1.4,45.0,1.2,0,0,3,3,4,4,5,5,-2.950868446897716,1.5822275203179372,10.06195,12.057178,-44.092613,45.369114,15,2024-08-26,20.63,0.0,65.33,7.49,1.0,146.75,2024,8,26,45.0,0,USA_3006.csv
2024-08-27,3006,36.0,30.8,5.0,1.4,46.0,1.4,0,0,3,3,4,4,5,5,-2.131840938371524,2.426612865263452,21.959156,11.229588,-14.231614,76.38339,15,2024-08-27,20.53,0.0,63.21,6.96,1.0,137.96,2024,8,27,46.0,0,USA_3006.csv
2024-08-28,3006,35.0,29.2,5.8,1.8,42.0,1.8,0,0,3,3,4,4,5,5,-1.5939246063962738,1.2127547807609373,12.164281,12.0926,-15.201816,22.999498,15,2024-08-28,18.68,0.0,82.88,6.62,1.0,180.33,2024,8,28,42.0,0,USA_3006.csv
2024-08-29,3006,33.0,21.6,5.6,1.6,42.0,2.4,0,0,3,3,1,1,5,5,-2.504238442054857,0.906535615381578,7.5436993,6.6751556,-28.26774,18.8059,15,2024-08-29,17.54,0.0,82.96,6.17,1.0,192.92,2024,8,29,42.0,0,USA_3006.csv
2024-08-30,3006,37.0,16.0,6.0,1.6,36.0,2.6,0,0,3,3,1,1,7,7,-2.4982091843827994,-0.5915841128043068,17.229126,5.806211,-22.79339,-13.366367,15,2024-08-30,17.74,0.0,84.12,7.32,1.0,178.04,2024,8,30,37.0,0,USA_3006.csv
2024-08-31,3006,31.0,25.0,4.2,2.2,41.0,1.0,0,0,3,3,1,1,5,5,-1.9498785204794267,0.7063879312432099,8.007059,10.507114,-41.056606,32.73735,15,2024-08-31,18.55,0.0,81.33,5.93,1.0,137.79,2024,8,31,41.0,0,USA_3006.csv
2024-09-01,3006,34.0,28.0,4.0,1.4,41.0,1.6,0,0,3,3,4,4,5,5,-2.7601492644797783,1.3480732371724529,8.840975,11.637201,-33.919907,58.813446,15,2024-09-01,19.78,0.0,77.62,6.15,1.0,186.5,2024,9,1,41.0,0,USA_3006.csv
2024-09-02,3006,38.0,32.2,4.0,1.6,42.0,1.6,0,0,3,3,4,4,5,5,-2.04814918136633,1.760512874986085,9.375752,9.077696,-26.118988,41.710133,15,2024-09-02,20.66,0.0,77.12,6.71,1.0,212.54,2024,9,2,42.0,0,USA_3006.csv
2024-09-03,3006,40.0,30.4,8.0,2.2,38.0,1.0,0,0,3,3,4,4,5,5,0.034506179555610826,0.052512401266229324,3.9302924,0.3603128,0.16620195,4.3991303,15,2024-09-03,20.92,0.0,76.79,6.6,1.0,194.04,2024,9,3,40.0,0,USA_3006.csv
2024-09-04,3006,34.0,23.2,4.6,1.2,40.0,1.6,0,0,3,3,1,1,5,5,-3.083036751148827,0.9041801469372303,9.461741,11.131906,-40.071205,23.48551,15,2024-09-04,20.7,0.0,74.21,6.8,1.0,228.21,2024,9,4,40.0,0,USA_3006.csv
2024-09-05,3006,23.0,24.6,6.6,1.4,51.0,1.2,0,0,3,3,4,4,5,5,-2.667824598396328,2.6495029328238737,11.470172,11.328253,-42.666695,55.33299,15,2024-09-05,24.99,0.0,48.04,7.52,1.0,226.25,2024,9,5,51.0,0,USA_3006.csv
2024-09-06,3006,25.0,27.2,6.0,1.4,54.0,1.0,2,2,1,1,4,4,5,5,-2.560332211938063,3.5182808857505528,12.797215,10.29252,1.0640101,94.70236,15,2024-09-06,28.3,0.0,38.62,7.6,1.0,228.29,2024,9,6,54.0,0,USA_3006.csv
2024-09-07,3006,31.0,21.6,7.2,2.2,50.0,1.2,0,0,3,3,4,4,5,5,-1.1730637795882772,1.9833271287791951,11.697876,6.696351,20.984325,27.931608,15,2024-09-07,26.85,0.0,46.46,6.62,1.0,218.62,2024,9,7,50.0,0,USA_3006.csv
2024-09-08,3006,34.0,27.4,3.8,1.8,46.0,1.2,0,0,3,3,4,4,5,5,-2.2759094692551662,2.1696355221927326,10.595651,9.999349,-5.733738,72.25204,15,2024-09-08,26.65,0.0,43.04,6.65,1.0,227.12,2024,9,8,46.0,0,USA_3006.csv
2024-09-09,3006,23.0,24.0,6.0,1.4,41.0,1.0,0,0,3,3,1,1,7,7,-2.9111899269971055,0.6373062520528741,8.856047,12.626019,-36.137222,12.93763,15,2024-09-09,24.66,0.0,50.79,7.99,1.0,267.54,2024,9,9,41.0,0,USA_3006.csv
2024-09-10,3006,19.0,15.2,6.4,1.4,37.0,1.0,0,0,3,3,1,1,7,7,-3.505698356652882,-0.7838458931659625,3.0375388,13.04591,-57.10873,-21.849304,15,2024-09-10,20.61,0.0,72.0,11.91,1.0,257.25,2024,9,10,37.0,0,USA_3006.csv
2024-09-11,3006,23.0,12.6,5.8,1.2,36.0,1.2,0,0,3,3,1,1,7,7,-3.879623044957836,-0.8676213116941862,1.9614897,11.804065,-64.28276,-20.322063,15,2024-09-11,17.98,0.0,80.08,6.06,1.0,154.42,2024,9,11,36.0,0,USA_3006.csv
2024-09-12,3006,23.0,18.6,4.2,1.6,34.0,1.4,0,0,3,3,1,1,7,7,-3.5953278184987827,-0.9348233580101962,3.2560914,14.176612,-96.89021,-32.700287,15,2024-09-12,18.62,0.0,75.75,6.0,1.0,139.33,2024,9,12,34.0,0,USA_3006.csv
2024-09-13,3006,28.0,22.6,5.4,1.6,41.0,1.0,0,0,3,3,1,1,5,5,-2.6302300888287213,0.6468226150787746,6.733382,14.097762,-35.38207,18.639645,15,2024-09-13,19.15,0.0,75.92,6.36,1.0,194.71,2024,9,13,41.0,0,USA_3006.csv
2024-09-14,3006,39.0,24.8,4.4,1.2,37.0,3.2,0,0,3,3,1,1,5,5,-2.9899318684936116,0.5375156464014502,7.7998085,6.914024,-24.783035,-7.898499,15,2024-09-14,18.49,0.0,85.33,6.71,1.0,180.88,2024,9,14,39.0,0,USA_3006.csv
2024-09-15,3006,35.0,22.6,7.4,2.0,36.0,1.0,0,0,3,3,1,1,7,7,-1.119190408450035,-0.6967398320573976,17.687063,8.666129,-2.3234124,-32.28457,15,2024-09-15,18.16,0.0,83.92,6.99,1.0,236.42,2024,9,15,36.0,0,USA_3006.csv
2024-09-16,3006,27.0,17.0,7.0,3.4,32.0,1.0,0,0,3,3,1,1,1,1,-0.2696613246735596,-2.5903145684031106,15.770316,10.0878,13.49383,-75.896545,15,2024-09-16,17.59,0.0,77.96,11.59,1.0,166.54,2024,9,16,32.0,0,USA_3006.csv
2024-09-17,3006,17.0,13.2,4.8,1.4,33.0,1.0,0,0,3,3,1,1,7,7,-4.248505852455992,-1.5398998486447275,17.23316,18.498075,-89.73428,-26.419888,15,2024-09-17,16.7,0.0,70.79,9.87,1.0,167.0,2024,9,17,33.0,0,USA_3006.csv
2024-09-18,3006,21.0,15.6,9.0,1.2,38.0,1.0,0,0,3,3,1,1,7,7,-2.8010523246928067,-0.7660344870521681,23.600264,8.327218,-26.170458,-53.825348,15,2024-09-18,17.28,0.0,69.5,7.0,1.0,127.92,2024,9,18,38.0,0,USA_3006.csv
2024-09-19,3006,28.0,32.8,5.0,1.4,37.0,1.2,0,0,3,3,1,1,5,5,-2.511452019092984,0.5187095153230654,13.954623,14.044785,-36.519634,-2.2217681,15,2024-09-19,17.75,0.0,81.75,8.31,1.0,144.71,2024,9,19,37.0,0,USA_3006.csv
2024-09-20,3006,21.0,12.4,4.8,1.8,34.0,1.6,0,0,3,3,1,1,7,7,-3.6275800853841673,-1.473364330653687,-1.8959656,10.637339,-44.24463,-61.1563,15,2024-09-20,17.96,0.0,82.79,7.99,1.0,162.0,2024,9,20,34.0,0,USA_3006.csv
2024-09-21,3006,21.0,15.6,9.0,1.2,38.0,1.0,0,0,3,3,1,1,7,7,-2.8010523246928067,-0.7660344870521681,23.600306,8.327238,-26.170458,-53.825348,15,2024-09-21,17.18,0.0,82.67,7.83,1.0,137.71,2024,9,21,38.0,0,USA_3006.csv
2024-09-22,3006,29.0,31.4,5.4,1.6,36.0,1.6,0,0,3,3,1,1,5,5,-2.2075684935857343,0.12024919462950545,13.949753,14.03862,-35.72917,-2.301681,15,2024-09-22,17.12,0.0,84.62,6.4,1.0,223.17,2024,9,22,36.0,0,USA_3006.csv
2024-09-23,3006,31.0,21.6,5.4,2.2,42.0,1.0,0,0,3,3,1,1,5,5,-1.749897599977031,0.5728040352196397,9.123588,6.7932763,-12.788834,15.9317255,15,2024-09-23,17.28,0.0,87.46,6.07,1.0,175.42,2024,9,23,42.0,0,USA_3006.csv
2024-09-24,3006,24.0,20.0,4.0,1.8,38.0,1.0,0,0,3,3,1,1,7,7,-3.202859851014681,-0.09735776815934528,7.3403697,11.594366,-44.39055,-7.0185223,15,2024-09-24,17.07,0.0,89.29,7.42,1.0,191.25,2024,9,24,38.0,0,USA_3006.csv
2024-09-25,3006,31.0,13.2,4.0,2.4,34.0,1.4,0,0,3,3,1,1,7,7,-2.4729328623176094,-1.4167875706791555,15.125838,12.372041,-44.55586,-31.050184,15,2024-09-25,15.6,0.0,92.83,5.95,1.0,203.58,2024,9,25,34.0,0,USA_3006.csv
2024-09-26,3006,38.0,20.2,4.2,4.0,37.0,2.4,0,0,3,3,1,1,1,1,0.26412882755881995,-1.055486920627407,17.735268,2.0102956,39.3282,-67.300644,15,2024-09-26,15.68,0.0,88.71,7.48,1.0,162.79,2024,9,26,38.0,0,USA_3006.csv
2024-09-27,3006,25.0,25.6,5.0,1.0,35.0,1.0,0,0,3,3,1,1,7,7,-3.5544826918280674,-0.14768752378526162,5.0709786,14.549729,-48.67448,-1.0711606,15,2024-09-27,15.8,0.0,89.38,6.42,1.0,176.46,2024,9,27,35.0,0,USA_3006.csv
2024-09-28,3006,24.0,20.6,5.8,1.2,39.0,1.0,0,0,3,3,1,1,7,7,-3.3566600452402877,0.18798125480325933,5.40979,13.018527,-37.895634,13.396234,15,2024-09-28,16.3,0.0,87.62,5.63,1.0,145.25,2024,9,28,39.0,0,USA_3006.csv
2024-09-29,3006,33.0,25.8,6.6,1.6,37.0,1.8,0,0,3,3,1,1,5,5,-1.9166124442455217,-0.0453007967958156,14.895677,13.783312,-22.621008,11.518015,15,2024-09-29,16.48,0.0,86.58,6.5,1.0,217.08,2024,9,29,37.0,0,USA_3006.csv
2024-09-30,3006,24.0,27.6,4.6,1.6,45.0,1.0,0,0,3,3,4,4,5,5,-2.828802883761812,1.7599555806533669,10.528795,11.76148,-41.987,44.2301,15,2024-09-30,17.86,0.0,74.58,6.13,1.0,138.67,2024,9,30,45.0,0,USA_3006.csv
2024-10-01,3006,32.0,27.6,4.6,2.0,43.0,2.2,0,0,3,3,4,4,5,5,-2.0242859676640355,1.3467396932675726,8.425607,7.899274,-19.342312,25.484646,15,2024-10-01,18.28,0.0,80.5,4.68,1.0,170.88,2024,10,1,43.0,0,USA_3006.csv
2024-10-02,3006,35.0,27.8,5.0,1.4,45.0,1.0,0,0,3,3,4,4,5,5,-2.3026633010250523,2.0324591980079796,10.491371,11.037784,-15.136129,74.88224,15,2024-10-02,18.05,0.0,80.67,7.45,1.0,177.12,2024,10,2,45.0,0,USA_3006.csv
2024-10-03,3006,33.0,21.2,4.8,1.4,51.0,1.2,0,0,3,3,4,4,5,5,-2.827561419155056,2.9070755171518696,12.150252,10.527086,-2.7942004,90.27022,15,2024-10-03,20.48,0.0,66.33,5.55,1.0,175.42,2024,10,3,51.0,0,USA_3006.csv
2024-10-04,3006,40.0,23.6,5.8,2.0,46.0,1.0,0,0,3,3,4,4,5,5,-1.2251349086577332,1.7228105553283957,9.732395,7.159652,-9.912003,19.545938,15,2024-10-04,19.28,0.0,82.33,4.75,1.0,175.79,2024,10,4,46.0,0,USA_3006.csv
2024-10-05,3006,50.0,31.0,5.4,1.2,40.0,1.2,0,0,3,3,4,4,5,5,-1.4348032607646921,1.5211147092918595,9.646637,8.94116,-10.376911,48.44607,15,2024-10-05,17.96,0.0,87.92,5.25,1.0,167.12,2024,10,5,50.0,0,USA_3006.csv
2024-10-06,3006,33.0,21.2,6.8,3.6,3.0,2.2,0,0,3,3,5,5,1,1,0.19295123869189282,-8.247335745762225,8.723709,0.92871577,48.66772,-85.05462,15,2024-10-06,17.75,0.0,87.88,7.29,1.0,185.96,2024,10,6,33.0,0,USA_3006.csv
2024-10-07,3006,24.0,23.6,4.0,1.4,44.0,1.0,0,0,3,3,1,1,5,5,-3.4844987511122905,1.5173402389968385,9.4671335,12.465251,-46.42556,41.19077,15,2024-10-07,18.66,0.0,80.96,5.6,1.0,156.0,2024,10,7,44.0,0,USA_3006.csv
2024-10-08,3006,26.0,23.2,8.6,1.8,49.0,1.2,0,0,3,3,4,4,5,5,-1.4493823502060221,1.768446906247562,11.417253,6.3466716,21.9089,25.228828,15,2024-10-08,17.75,0.0,84.79,5.62,1.0,172.88,2024,10,8,49.0,0,USA_3006.csv
2024-10-09,3006,28.0,11.8,2.8,1.6,42.0,1.0,0,0,3,3,1,1,7,7,-4.010597522283022,0.6241340994115616,6.769719,11.448192,-57.46582,44.91541,15,2024-10-09,17.35,0.0,84.25,5.74,1.0,179.42,2024,10,9,42.0,0,USA_3006.csv
2024-10-10,3006,33.0,28.6,5.8,2.2,46.0,1.0,0,0,3,3,4,4,5,5,-1.1173030571598004,1.7527427565976905,11.955521,11.63412,2.007976,22.805803,15,2024-10-10,18.1,0.0,83.42,5.88,1.0,177.12,2024,10,10,46.0,0,USA_3006.csv
2024-10-11,3006,40.0,24.6,6.2,1.8,56.0,1.2,2,2,1,1,4,4,8,8,-1.2742313890027506,3.878138480623788,13.258131,9.00814,17.163921,82.50601,15,2024-10-11,18.17,0.0,81.83,4.79,1.0,216.79,2024,10,11,56.0,0,USA_3006.csv
2024-10-12,3006,35.0,29.2,5.8,1.8,42.0,1.8,0,0,3,3,4,4,5,5,-1.5939246063962738,1.2127547807609373,12.16888,12.098447,-15.201614,22.999376,15,2024-10-12,17.73,0.0,78.08,5.4,1.0,182.79,2024,10,12,42.0,0,USA_3006.csv
2024-10-13,3006,24.0,14.4,5.6,2.2,34.0,1.0,0,0,3,3,1,1,7,7,-2.517002653869479,-1.6188978813730948,9.303679,17.43696,-32.725163,-67.9719,15,2024-10-13,17.3,0.0,76.08,6.47,1.0,160.79,2024,10,13,34.0,0,USA_3006.csv
2024-10-14,3006,23.0,19.4,4.6,2.2,37.0,1.0,0,0,3,3,1,1,7,7,-2.6080986992524573,-0.6249444125633475,14.511147,16.749632,-44.274532,-10.396954,15,2024-10-14,17.72,0.0,84.17,6.04,1.0,147.29,2024,10,14,37.0,0,USA_3006.csv
2024-10-15,3006,35.0,12.2,5.6,1.6,33.0,1.8,0,0,3,3,1,1,7,7,-2.853295145261867,-1.4158270978114256,3.763393,6.1561584,-23.717634,-35.927635,15,2024-10-15,17.32,0.0,82.38,6.24,1.0,140.75,2024,10,15,35.0,0,USA_3006.csv
2024-10-16,3006,45.0,17.0,6.0,2.4,27.0,1.0,0,0,3,3,1,1,7,7,-0.8129301454884599,-2.649116076698649,7.7548203,4.7262135,10.036953,-25.72642,15,2024-10-16,17.38,0.0,87.79,6.79,1.0,130.54,2024,10,16,45.0,0,USA_3006.csv
2024-10-17,3006,47.0,13.8,4.8,1.8,31.0,1.2,0,0,3,3,1,1,7,7,-2.000316657160809,-1.5067536185279926,7.369965,5.208453,7.7717957,-23.986902,15,2024-10-17,17.61,0.0,87.0,6.68,1.0,154.38,2024,10,17,47.0,0,USA_3006.csv
2024-10-18,3006,36.0,17.4,7.8,2.0,34.0,1.4,0,0,3,3,1,1,7,7,-1.2727991239523624,-1.4066534558803474,6.290853,4.5696344,0.9627164,-33.85079,15,2024-10-18,17.11,0.0,70.12,7.34,1.0,111.83,2024,10,18,36.0,0,USA_3006.csv
2024-10-19,3006,17.0,16.6,5.6,1.8,36.0,1.0,0,0,3,3,1,1,7,7,-3.3010084173326986,-1.0400197840683658,2.13174,11.439657,-34.818462,-60.732048,15,2024-10-19,17.19,0.0,36.46,9.48,1.0,116.5,2024,10,19,36.0,0,USA_3006.csv
2024-10-20,3006,14.0,24.4,7.2,1.6,41.0,1.0,0,0,3,3,1,1,7,7,-2.7885997048650792,0.22466163102588546,4.8496914,13.178036,-33.397163,6.1272144,15,2024-10-20,17.36,0.0,43.54,6.53,1.0,121.62,2024,10,20,41.0,0,USA_3006.csv
2024-10-21,3006,15.0,17.4,5.6,1.0,40.0,1.0,0,0,3,3,1,1,7,7,-4.359891445737777,0.16628705481556888,4.8199706,12.692576,-40.829624,9.647046,15,2024-10-21,18.13,0.0,52.0,6.22,1.0,124.0,2024,10,21,40.0,0,USA_3006.csv
2024-10-22,3006,18.0,26.6,4.0,1.2,44.0,1.0,0,0,3,3,1,1,5,5,-3.9265911652860663,1.6521182906254208,7.8655214,12.0528965,-60.87346,70.10248,15,2024-10-22,17.93,0.0,50.92,6.1,1.0,126.21,2024,10,22,44.0,0,USA_3006.csv
2024-10-23,3006,15.0,13.2,7.8,1.2,50.0,1.0,0,0,3,3,1,1,5,5,-3.593781876065686,1.6119371188767686,11.03091,11.972598,-27.843508,8.433195,15,2024-10-23,19.2,0.0,43.62,5.75,1.0,120.42,2024,10,23,50.0,0,USA_3006.csv
2024-10-24,3006,19.0,17.6,5.0,1.4,51.0,1.0,0,0,3,3,4,4,5,5,-3.746666002885377,2.4056882648296694,11.115838,12.095522,-49.41237,51.245365,15,2024-10-24,18.37,0.0,51.79,5.88,1.0,125.33,2024,10,24,51.0,0,USA_3006.csv
2024-10-25,3006,31.0,34.0,6.2,2.8,49.0,1.0,2,2,1,1,4,4,5,5,-0.05440433611688756,2.2762408159883667,12.162752,5.612388,31.396372,13.759843,15,2024-10-25,16.6,0.0,72.75,4.79,1.0,179.71,2024,10,25,49.0,0,USA_3006.csv
2024-10-26,3006,29.0,32.4,3.8,1.4,44.0,1.4,0,0,3,3,4,4,5,5,-2.8404789496999503,2.119670705350586,8.672775,11.115278,-50.099895,70.993065,15,2024-10-26,16.53,0.0,66.75,4.67,1.0,164.21,2024,10,26,44.0,0,USA_3006.csv
2024-10-27,3006,28.0,11.8,2.8,1.6,42.0,1.0,0,0,3,3,1,1,7,7,-4.010597522283022,0.6241340994115616,6.7611203,11.45608,-57.46582,44.91541,15,2024-10-27,17.85,0.0,65.25,5.9,1.0,179.29,2024,10,27,42.0,0,USA_3006.csv
2024-10-28,3006,31.0,20.8,5.8,1.4,33.0,1.4,0,0,3,3,1,1,7,7,-2.767934014351645,-0.9805299613252298,0.75091577,4.5604267,-27.300653,-38.293488,15,2024-10-28,17.46,0.0,76.67,9.03,1.0,199.29,2024,10,28,33.0,0,USA_3006.csv
2024-10-29,3006,28.0,10.8,3.0,1.4,31.0,1.6,0,0,3,3,1,1,7,7,-4.38406304485665,-1.6058195989556656,4.0704975,8.147694,-74.212906,-0.039236285,15,2024-10-29,16.63,0.0,55.04,17.45,1.0,264.25,2024,10,29,31.0,0,USA_3006.csv
2024-10-30,3006,14.0,23.4,7.2,2.2,35.0,10.6,0,0,2,2,3,3,0,0,-3.353344641009204,-1.1147884814356972,17.408615,-5.963251,-53.647064,-95.57843,15,2024-10-30,14.67,0.0,44.71,9.04,1.0,97.58,2024,10,30,35.0,0,USA_3006.csv
2024-10-31,3006,20.0,16.2,6.4,1.4,36.0,1.0,0,0,3,3,1,1,7,7,-3.3993422512213813,-0.91639589983484,3.0483673,13.04214,-57.406563,-22.24123,15,2024-10-31,13.85,0.0,66.25,5.22,1.0,134.21,2024,10,31,36.0,0,USA_3006.csv
2024-11-01,3006,14.0,23.4,7.2,2.2,35.0,10.6,0,0,2,2,3,3,0,0,-3.353344641009204,-1.1147884814356972,17.408394,-5.962153,-53.647064,-95.57843,15,2024-11-01,13.36,0.0,66.17,7.45,1.0,116.54,2024,11,1,35.0,0,USA_3006.csv
2024-11-02,3006,18.0,14.0,4.2,2.8,31.0,1.2,0,0,3,3,1,1,7,7,-2.6131709977244144,-2.4724181997672896,-0.843029,5.624725,17.447754,-101.67659,15,2024-11-02,13.49,0.0,67.46,6.25,1.0,112.79,2024,11,2,31.0,0,USA_3006.csv
2024-11-03,3006,22.0,18.2,4.4,2.0,34.0,1.4,0,0,3,3,1,1,7,7,-3.1100663120086742,-1.1933525856073164,-0.26256695,-4.9707317,-50.44819,-33.501694,15,2024-11-03,14.38,0.0,72.04,9.54,1.0,184.96,2024,11,3,34.0,0,USA_3006.csv
2024-11-04,3006,15.0,10.8,4.2,1.2,31.0,1.0,0,0,3,3,1,1,7,7,-4.941027287314938,-1.943103670185884,2.6219049,10.144445,-84.76733,-16.937405,15,2024-11-04,15.55,0.0,45.79,10.88,1.0,161.5,2024,11,4,31.0,0,USA_3006.csv
2024-11-05,3006,7.0,9.2,3.8,1.8,30.0,1.2,0,0,3,3,1,1,7,7,-4.894836074563374,-2.621519391603855,2.058994,7.4660654,-61.529892,-48.15099,15,2024-11-05,14.14,0.0,50.42,6.23,1.0,131.92,2024,11,5,30.0,0,USA_3006.csv
2024-11-06,3006,20.0,15.0,3.6,1.8,32.0,1.6,0,0,3,3,1,1,7,7,-3.933257080807759,-1.6076264096423025,-4.0759964,6.9545302,-54.36386,-34.194386,15,2024-11-06,16.16,0.0,36.33,17.9,1.0,83.25,2024,11,6,32.0,0,USA_3006.csv
2024-11-07,3006,37.0,31.8,4.6,4.6,48.2,1.6,2,2,1,1,4,4,5,5,1.8576423409033904,1.482245093472974,4.860872,-5.0666294,52.865562,19.010155,15,2024-11-07,16.73,0.0,13.75,15.18,1.0,83.0,2024,11,7,48.2,0,USA_3006.csv
2024-11-08,3006,33.8,23.2,4.4,4.0,34.0,1.6,0,0,3,3,1,1,1,1,0.3287193895479662,-1.6426384569382797,8.079504,-0.9013515,38.840706,-68.32169,15,2024-11-08,13.88,0.0,28.75,6.63,1.0,113.33,2024,11,8,34.0,0,USA_3006.csv
2024-11-09,3006,75.0,21.6,4.8,1.2,41.0,1.0,0,0,3,3,4,4,5,5,-0.6317148800653374,1.8016432094689885,8.802478,8.126427,-9.958284,41.93976,15,2024-11-09,14.4,0.0,35.42,6.46,1.0,116.21,2024,11,9,75.0,0,USA_3006.csv
2024-11-10,3006,37.0,27.8,6.6,2.0,49.0,1.2,2,2,3,3,4,4,5,5,-0.9382087235345851,2.4010075757241207,12.070319,8.525245,8.911765,24.170927,15,2024-11-10,14.34,0.0,41.58,5.4,1.0,115.38,2024,11,10,49.0,0,USA_3006.csv
2024-11-11,3006,41.0,23.4,3.8,1.2,39.0,1.2,0,0,3,3,1,1,5,5,-2.8677845483359565,0.9451207053119673,8.013515,9.242048,-21.796583,35.291363,15,2024-11-11,13.15,0.0,59.75,7.1,1.0,159.62,2024,11,11,41.0,0,USA_3006.csv
2024-11-12,3006,30.0,21.2,7.4,4.0,34.0,1.4,0,0,3,3,1,1,1,1,0.9648329620730544,-2.226480785498306,8.876685,-0.5883243,44.03326,-69.70235,15,2024-11-12,13.59,0.0,64.17,9.28,1.0,209.67,2024,11,12,34.0,0,USA_3006.csv
2024-11-13,3006,15.0,15.2,4.2,1.2,35.0,1.0,0,0,3,3,1,1,7,7,-4.687953061567657,-0.887903448619928,2.6286242,10.672424,-78.64626,-21.279667,15,2024-11-13,13.68,0.0,36.08,5.34,1.0,118.04,2024,11,13,35.0,0,USA_3006.csv
2024-11-14,3006,9.0,12.2,7.2,1.8,30.0,10.6,0,0,2,2,3,3,0,0,-4.765669919604798,-2.6447275678881956,8.497169,-5.428759,-77.675316,-84.854866,15,2024-11-14,13.82,0.0,43.12,4.12,1.0,142.83,2024,11,14,30.0,0,USA_3006.csv
2024-11-15,3006,18.0,11.2,6.6,2.2,27.0,1.4,0,0,3,3,1,1,7,7,-2.8101482181758746,-3.469361906388955,3.6129034,4.5725245,-10.313628,-87.57119,15,2024-11-15,13.08,0.0,69.42,11.37,1.0,244.29,2024,11,15,27.0,0,USA_3006.csv
2024-11-16,3006,19.0,11.2,7.2,1.4,30.0,1.0,0,0,3,3,1,1,7,7,-3.502344112759793,-2.540257293985951,19.28039,3.2130687,-15.400662,-96.544525,15,2024-11-16,11.5,0.0,54.25,11.58,1.0,233.54,2024,11,16,30.0,0,USA_3006.csv
2024-11-17,3006,13.0,16.0,5.8,1.8,30.0,1.0,0,0,3,3,1,1,7,7,-3.533400060811352,-2.4110747766679155,1.8546268,5.51358,-30.010817,-80.6428,15,2024-11-17,11.28,0.0,36.96,7.14,1.0,117.42,2024,11,17,30.0,0,USA_3006.csv
2024-11-18,3006,12.0,18.2,8.4,2.4,32.0,19.4,0,0,2,2,3,3,4,4,-4.266533590142531,-2.0876252046769643,11.893977,-6.9406967,-109.50052,0.090423256,15,2024-11-18,11.42,0.0,55.0,5.83,1.0,126.21,2024,11,18,32.0,0,USA_3006.csv
2024-11-19,3006,14.0,10.8,4.6,1.8,31.0,9.4,0,0,2,2,3,3,0,0,-5.201799133448047,-2.0985799907494544,15.754957,-8.259923,-78.54722,-74.57237,15,2024-11-19,11.34,0.0,56.71,6.16,1.0,130.83,2024,11,19,31.0,0,USA_3006.csv
2024-11-20,3006,19.0,13.8,3.6,1.2,33.0,2.0,0,0,3,3,1,1,7,7,-4.855064530548889,-1.1896185098464358,15.7850485,14.314462,-77.86454,-8.815784,15,2024-11-20,12.05,0.0,41.79,4.42,1.0,124.04,2024,11,20,33.0,0,USA_3006.csv
2024-11-21,3006,16.0,16.0,5.2,1.6,35.0,1.0,0,0,3,3,1,1,7,7,-3.77230052609827,-1.1488552435823376,4.9022164,-6.915728,-36.666237,-60.566418,15,2024-11-21,12.24,0.0,43.5,3.76,1.0,151.5,2024,11,21,35.0,0,USA_3006.csv
2024-11-22,3006,17.0,13.2,4.0,2.0,34.0,1.0,0,0,3,3,1,1,7,7,-3.7402940110565894,-1.514838506835491,0.23024258,7.231747,-63.02255,-37.897995,15,2024-11-22,12.48,0.0,62.08,3.54,1.0,186.79,2024,11,22,34.0,0,USA_3006.csv
2024-11-23,3006,22.0,32.2,12.2,4.0,17.0,2.0,0,0,3,3,5,5,1,1,2.4203406863311647,-5.917450920207348,9.362966,0.06646098,56.825912,-70.82249,15,2024-11-23,11.95,0.0,82.46,5.7,1.0,116.08,2024,11,23,32.2,0,USA_3006.csv
2024-11-24,3006,19.0,10.8,11.0,3.2,25.0,1.2,0,0,3,3,1,1,1,1,-0.12583044561384096,-4.946267647402696,6.5161667,1.539472,27.158758,-73.63319,15,2024-11-24,13.35,0.0,91.33,5.38,1.0,222.71,2024,11,24,25.0,0,USA_3006.csv
2024-11-25,3006,15.0,21.8,8.2,3.0,20.0,1.4,0,0,3,3,1,1,1,1,-0.9533460660049526,-4.999510666335599,6.6291795,1.2447317,30.131132,-83.18369,15,2024-11-25,12.3,0.0,81.67,5.01,1.0,105.04,2024,11,25,21.8,0,USA_3006.csv
2024-11-26,3006,20.0,32.6,5.4,2.2,20.0,1.2,0,0,3,3,1,1,7,7,-1.9435783826645179,-3.579695399705206,4.729457,4.964911,-6.7493157,-35.202484,15,2024-11-26,15.08,0.0,85.25,2.82,1.0,155.88,2024,11,26,32.6,0,USA_3006.csv
2024-11-27,3006,33.0,24.2,6.8,2.2,26.0,1.6,0,0,3,3,1,1,7,7,-1.214427815820711,-2.708269004289613,6.5891194,4.1020713,-7.7221694,-39.28487,15,2024-11-27,15.35,0.0,94.17,3.91,1.0,189.46,2024,11,27,33.0,0,USA_3006.csv
2024-11-28,3006,23.0,22.6,4.8,1.8,32.0,11.0,0,0,2,2,3,3,0,0,-4.189849234671938,-1.0758073629890699,17.202862,-6.4713125,-72.84326,-57.920662,15,2024-11-28,13.55,0.0,82.21,3.17,1.0,238.17,2024,11,28,32.0,0,USA_3006.csv
2024-11-29,3006,6.0,29.8,5.2,2.4,30.0,1.2,0,0,3,3,1,1,7,7,-2.6702637478553934,-2.0213402465379215,2.0817747,5.729791,-33.01613,-47.66415,15,2024-11-29,13.04,0.0,64.54,5.0,1.0,97.58,2024,11,29,30.0,0,USA_3006.csv
2024-11-30,3006,8.0,13.0,4.8,2.2,32.0,1.0,0,0,3,3,1,1,7,7,-3.784511715683811,-2.317321732803199,1.6584157,5.741955,-29.091774,-85.624626,15,2024-11-30,14.09,0.0,55.92,5.92,1.0,110.83,2024,11,30,32.0,0,USA_3006.csv
2024-12-01,3006,11.0,11.4,4.6,1.6,33.0,11.0,0,0,2,2,3,3,0,0,-5.792052910257285,-1.5813545982709754,8.200928,-11.445644,-92.148476,-80.296196,15,2024-12-01,15.3,0.0,57.83,4.48,1.0,165.25,2024,12,1,33.0,0,USA_3006.csv
2024-12-02,3006,14.0,18.8,5.2,1.8,29.0,1.0,0,0,3,3,1,1,7,7,-3.519249756025864,-2.3687837037296675,1.8944006,5.597391,-28.206861,-79.230034,15,2024-12-02,11.92,0.0,63.58,3.45,1.0,115.67,2024,12,2,29.0,0,USA_3006.csv
2024-12-03,3006,16.0,19.2,6.0,2.6,25.0,2.4,0,0,3,3,1,1,7,7,-2.326778844888121,-3.5834421931606353,-1.598487,3.1798277,5.388849,-93.6626,15,2024-12-03,11.35,0.0,73.71,4.32,1.0,111.67,2024,12,3,25.0,0,USA_3006.csv
2024-12-04,3006,22.0,11.6,5.4,2.6,24.0,7.8,0,0,3,3,1,1,0,0,-3.267042207514092,-3.8616332790450985,15.454407,-6.4027953,-63.93103,-71.64319,15,2024-12-04,11.01,0.0,77.96,4.19,1.0,103.54,2024,12,4,24.0,0,USA_3006.csv
2024-12-05,3006,39.0,22.4,6.8,4.8,19.0,1.4,0,0,3,3,5,5,1,1,2.2957318191274876,-5.368201177574361,8.77947,0.59889776,47.39921,-80.85055,15,2024-12-05,11.32,0.0,80.29,3.45,1.0,139.38,2024,12,5,39.0,0,USA_3006.csv
2024-12-06,3006,37.0,16.4,5.8,2.4,30.0,1.0,0,0,3,3,1,1,7,7,-1.3589710775761261,-2.1975145123465443,19.417217,5.921634,-19.708214,-36.414642,15,2024-12-06,12.09,0.0,80.21,4.64,1.0,133.83,2024,12,6,37.0,0,USA_3006.csv
2024-12-07,3006,11.0,10.2,8.0,2.4,30.0,1.0,0,0,3,3,1,1,1,1,-2.5161872303907233,-3.336004823358041,3.5426717,3.0134869,4.0314684,-83.02649,15,2024-12-07,12.33,0.0,71.33,5.9,1.0,115.88,2024,12,7,30.0,0,USA_3006.csv
2024-12-08,3006,13.0,9.8,7.0,1.8,26.0,1.0,0,0,3,3,1,1,7,7,-3.5066649250076054,-3.7205543377989723,3.3900287,5.00761,-12.204836,-86.55539,15,2024-12-08,12.32,0.0,66.12,5.03,1.0,118.83,2024,12,8,26.0,0,USA_3006.csv
2024-12-09,3006,25.0,25.6,5.0,1.0,35.0,1.0,0,0,3,3,1,1,7,7,-3.5544826918280674,-0.14768752378526162,5.071066,14.551235,-48.674362,-1.071205,15,2024-12-09,11.74,0.0,82.42,4.07,1.0,94.92,2024,12,9,35.0,0,USA_3006.csv
2024-12-10,3006,20.0,24.2,3.2,1.2,34.0,2.6,0,0,3,3,1,1,7,7,-4.442855166174726,-0.3454414641536812,11.697653,17.057255,-74.89156,34.820114,15,2024-12-10,14.68,0.0,30.46,13.72,1.0,126.92,2024,12,10,34.0,0,USA_3006.csv
2024-12-11,3006,10.0,6.8,2.2,1.4,31.0,1.0,0,0,3,3,1,1,7,7,-5.818876946761713,-2.085500394042338,3.6402519,10.200236,-97.62759,8.211734,15,2024-12-11,11.7,0.0,43.04,4.58,1.0,103.25,2024,12,11,31.0,0,USA_3006.csv
2024-12-12,3006,16.0,11.0,6.6,2.0,27.0,1.0,0,0,3,3,1,1,7,7,-3.137057700264084,-3.43410760822585,3.3285944,4.8098364,-11.181151,-87.227516,15,2024-12-12,10.73,0.0,52.46,3.71,1.0,186.42,2024,12,12,27.0,0,USA_3006.csv
2024-12-13,3006,14.0,12.0,5.4,2.0,28.0,1.0,0,0,3,3,1,1,7,7,-3.5709505433123248,-3.056624341594783,2.536249,6.1303916,-22.101543,-84.38041,15,2024-12-13,10.0,0.0,72.88,5.36,1.0,88.62,2024,12,13,28.0,0,USA_3006.csv
2024-12-14,3006,24.0,19.2,7.0,2.4,28.0,1.4,0,0,3,3,1,1,7,7,-1.655029163980904,-2.868581677247714,4.355649,1.4854667,-8.736532,-42.656418,15,2024-12-14,11.39,0.0,68.5,3.78,1.0,124.88,2024,12,14,28.0,0,USA_3006.csv
2024-12-15,3006,22.0,26.6,4.4,1.4,36.0,1.2,0,0,3,3,1,1,7,7,-3.382580884646984,-0.05563959546529759,6.1599493,13.313243,-46.168762,1.419431,15,2024-12-15,10.15,0.0,69.92,5.65,1.0,119.08,2024,12,15,36.0,0,USA_3006.csv
2024-12-16,3006,15.0,13.8,8.4,1.6,29.0,1.0,0,0,3,3,1,1,7,7,-2.9764907941686087,-2.942064269731754,3.5756032,3.150119,-6.596766,-96.770294,15,2024-12-16,11.11,0.0,57.67,4.95,1.0,126.67,2024,12,16,29.0,0,USA_3006.csv
2024-12-17,3006,11.0,11.4,4.6,1.6,33.0,11.0,0,0,2,2,3,3,0,0,-5.792052910257285,-1.5813545982709754,8.201251,-11.445309,-92.14888,-80.294785,15,2024-12-17,12.4,0.0,63.88,4.16,1.0,171.62,2024,12,17,33.0,0,USA_3006.csv
2024-12-18,3006,15.0,11.4,5.6,1.4,32.0,1.0,0,0,3,3,1,1,7,7,-4.215389403766252,-1.9866113381407864,-0.12372819,17.879738,-86.03614,-29.09511,15,2024-12-18,15.68,0.0,47.58,5.87,1.0,108.83,2024,12,18,32.0,0,USA_3006.csv
2024-12-19,3006,10.0,13.4,3.8,2.0,29.0,10.6,0,0,2,2,3,3,0,0,-5.460674741124129,-2.411979535808548,16.158907,-8.47351,-85.555504,-76.37465,15,2024-12-19,14.49,0.0,50.42,4.47,1.0,160.29,2024,12,19,29.0,0,USA_3006.csv
2024-12-20,3006,7.0,12.8,6.2,2.6,23.0,11.0,0,0,2,2,3,3,0,0,-4.244950100340414,-4.33101145680547,16.04891,-8.310831,-83.49074,-81.36234,15,2024-12-20,13.0,0.0,55.88,3.21,1.0,130.42,2024,12,20,23.0,0,USA_3006.csv
2024-12-21,3006,31.0,13.2,4.4,3.2,31.0,1.0,0,0,3,3,1,1,7,7,-1.3067948549072261,-2.477750384026385,14.492548,13.000835,11.976338,-44.506298,15,2024-12-21,11.43,0.0,88.67,5.09,1.0,217.33,2024,12,21,31.0,0,USA_3006.csv
2024-12-22,3006,28.0,22.4,7.0,4.2,24.0,1.2,0,0,3,3,5,5,1,1,1.0138729190237066,-4.305097835193253,8.410465,0.5766785,44.893475,-77.63099,15,2024-12-22,13.22,0.0,78.21,3.7,1.0,139.92,2024,12,22,28.0,0,USA_3006.csv
2024-12-23,3006,23.0,19.0,7.8,3.6,21.0,1.2,0,0,3,3,1,1,1,1,0.023890081389231387,-5.02109354319557,7.6516232,0.871238,40.131157,-81.61586,15,2024-12-23,13.16,0.0,84.21,3.26,1.0,181.17,2024,12,23,23.0,0,USA_3006.csv
2024-12-24,3006,26.0,32.8,4.6,1.6,30.0,1.4,0,0,3,3,1,1,7,7,-2.5625725644578297,-0.9973111848154027,13.020384,13.710511,-31.320114,-1.0102909,15,2024-12-24,12.98,0.0,92.17,4.9,1.0,181.75,2024,12,24,32.8,0,USA_3006.csv
2024-12-25,3006,25.0,25.0,4.2,2.2,31.0,9.4,0,0,2,2,3,3,0,0,-3.430433037837102,-1.2644892096973412,16.189966,-6.3355217,-72.20781,-60.529305,15,2024-12-25,12.05,0.0,66.92,8.03,1.0,182.25,2024,12,25,31.0,0,USA_3006.csv
2024-12-26,3006,14.0,12.0,5.4,2.0,28.0,1.0,0,0,3,3,1,1,7,7,-3.5709505433123248,-3.056624341594783,2.5332596,6.124788,-22.101543,-84.38041,15,2024-12-26,11.53,0.0,59.29,4.94,1.0,96.54,2024,12,26,28.0,0,USA_3006.csv
2024-12-27,3006,12.0,26.6,10.4,3.0,20.0,2.0,0,0,3,3,1,1,1,1,-0.2632590991305023,-5.081658727132004,6.8915634,1.2655568,31.682205,-82.668915,15,2024-12-27,12.81,0.0,81.88,4.91,1.0,227.5,2024,12,27,26.6,0,USA_3006.csv
2024-12-28,3006,14.0,14.8,7.0,2.4,20.0,1.4,0,0,3,3,1,1,1,1,-2.511253072662427,-4.945238647581628,3.8856115,4.94589,-9.572761,-82.68868,15,2024-12-28,12.08,0.0,85.92,4.19,1.0,108.42,2024,12,28,20.0,0,USA_3006.csv
2024-12-29,3006,20.0,14.0,6.8,2.2,23.0,1.2,0,0,3,3,1,1,7,7,-2.47670632462752,-4.134388250789099,3.9038014,5.009055,-11.064687,-79.74426,15,2024-12-29,11.0,0.0,82.54,3.08,1.0,113.12,2024,12,29,23.0,0,USA_3006.csv
2024-12-30,3006,14.0,15.2,5.0,1.4,29.8,1.0,0,0,3,3,1,1,7,7,-4.270858054136688,-2.1778092885589913,2.948307,-10.563547,-53.99102,-55.10514,15,2024-12-30,11.51,0.0,83.12,4.12,1.0,138.5,2024,12,30,29.8,0,USA_3006.csv
2024-12-31,3006,41.63361709230512,32.62524213075061,7.940627568534545,2.921768966831872,38.44467985779438,1.781357882623705,0,0,3,3,4,4,5,5,1.03710553444532,-0.023233201004883918,23.436163,-6.439596,28.02048,-0.8057922,15,2024-12-31,11.25,0.0,71.17,4.33,1.0,103.17,2024,12,31,41.63361709230512,0,USA_3006.csv
2025-01-01,3006,21.2,20.0,5.2,2.6,30.0,1.8,0,0,3,3,1,1,7,7,-2.1291616323869698,-2.318467023909629,5.8496084,3.449223,10.767017,-96.966896,15,2025-01-01,11.55,0.0,57.08,4.34,1.0,138.54,2025,1,1,30.0,0,USA_3006.csv
2025-01-02,3006,20.0,15.0,3.6,1.8,32.0,1.6,0,0,3,3,1,1,7,7,-3.933257080807759,-1.6076264096423025,-4.0757275,6.9550934,-54.36408,-34.19446,15,2025-01-02,13.25,0.0,49.21,5.48,1.0,116.79,2025,1,2,32.0,0,USA_3006.csv
2025-01-03,3006,14.0,12.0,5.4,2.0,28.0,1.0,0,0,3,3,1,1,7,7,-3.5709505433123248,-3.056624341594783,2.5454278,6.1165824,-22.101543,-84.38041,15,2025-01-03,13.17,0.0,58.08,2.63,1.0,129.96,2025,1,3,28.0,0,USA_3006.csv
2025-01-04,3006,24.0,14.4,5.6,2.2,34.0,1.0,0,0,3,3,1,1,7,7,-2.517002653869479,-1.6188978813730948,9.303769,17.437202,-32.72442,-67.97105,15,2025-01-04,11.41,0.0,78.42,4.95,1.0,164.54,2025,1,4,34.0,0,USA_3006.csv
2025-01-05,3006,21.0,16.6,4.0,1.8,33.0,1.0,0,0,3,3,1,1,7,7,-3.582886158121078,-1.364893808504095,-0.23588504,-4.943613,-52.06737,-35.73229,15,2025-01-05,12.54,0.0,45.58,5.28,1.0,146.71,2025,1,5,33.0,0,USA_3006.csv
2025-01-06,3006,9.0,9.0,3.8,1.4,28.0,10.8,0,0,2,2,3,3,0,0,-6.536282713006915,-2.579425472589085,17.221237,-8.089207,-89.38533,-69.17181,15,2025-01-06,13.22,0.0,45.58,5.15,1.0,102.54,2025,1,6,28.0,0,USA_3006.csv
2025-01-07,3006,12.0,19.2,7.4,1.8,34.0,1.0,0,0,3,3,1,1,7,7,-2.9019750277524943,-1.651258042479853,3.5270293,3.6435695,-18.41272,-58.491962,15,2025-01-07,12.84,0.0,60.46,6.67,1.0,203.83,2025,1,7,34.0,0,USA_3006.csv
2025-01-08,3006,23.0,18.6,4.2,1.6,34.0,1.4,0,0,3,3,1,1,7,7,-3.5953278184987827,-0.9348233580101962,3.2553964,14.175848,-96.89132,-32.700294,15,2025-01-08,16.95,0.0,22.75,18.95,1.0,99.42,2025,1,8,34.0,0,USA_3006.csv
2025-01-09,3006,13.0,10.8,4.0,1.6,32.4,19.4,0,0,2,2,3,3,4,4,-6.978678011002776,-1.4133404734336499,16.491934,-13.0785675,-128.61711,-24.50146,15,2025-01-09,12.52,0.0,26.33,6.05,1.0,90.96,2025,1,9,32.4,0,USA_3006.csv
2025-01-10,3006,32.8,16.2,8.8,4.4,31.0,4.4,0,0,3,3,5,5,1,1,1.4022068758881912,-3.3556126440020106,3.1039295,18.714657,41.793175,-60.419235,15,2025-01-10,16.08,0.0,19.38,11.89,1.0,142.79,2025,1,10,32.8,0,USA_3006.csv
2025-01-11,3006,14.0,15.4,9.0,2.6,33.0,1.0,0,0,3,3,1,1,1,1,-1.486902904101156,-2.611910504576568,4.0421286,2.4012113,7.4144683,-80.21047,15,2025-01-11,12.04,0.0,27.5,5.37,1.0,115.88,2025,1,11,33.0,0,USA_3006.csv
2025-01-12,3006,14.0,15.4,9.0,2.6,33.0,1.0,0,0,3,3,1,1,1,1,-1.486902904101156,-2.611910504576568,4.0465674,2.414275,7.414256,-80.21026,15,2025-01-12,11.94,0.0,38.62,7.82,1.0,119.17,2025,1,12,33.0,0,USA_3006.csv
2025-01-13,3006,12.0,15.2,5.0,2.8,31.0,11.0,0,0,2,2,3,3,0,0,-3.91043978219584,-2.396665183603915,14.597066,-9.305019,-58.20461,-87.65027,15,2025-01-13,13.18,0.0,19.17,16.85,1.0,95.5,2025,1,13,31.0,0,USA_3006.csv
2025-01-14,3006,13.0,10.8,4.0,1.6,32.4,19.4,0,0,2,2,3,3,4,4,-6.978678011002776,-1.4133404734336499,16.53195,-13.118815,-132.9102,-20.356598,15,2025-01-14,12.18,0.0,19.33,12.08,1.0,61.46,2025,1,14,32.4,0,USA_3006.csv
2025-01-15,3006,39.6,33.0,2.8,3.2,29.0,1.6,0,0,3,3,1,1,7,7,-0.3432271003518067,-1.4413827926516978,8.534922,3.5356278,21.14872,-14.054315,15,2025-01-15,12.87,0.0,27.92,8.08,1.0,93.83,2025,1,15,39.6,0,USA_3006.csv
2025-01-16,3006,13.0,11.2,5.4,1.6,33.0,9.4,0,0,2,2,3,3,0,0,-5.229975645999197,-1.696795366322788,15.927992,-7.7854133,-80.064255,-75.20489,15,2025-01-16,14.87,0.0,20.58,9.8,1.0,108.46,2025,1,16,33.0,0,USA_3006.csv
2025-01-17,3006,17.0,13.2,4.0,2.0,34.0,1.0,0,0,3,3,1,1,7,7,-3.7402940110565894,-1.514838506835491,0.2337757,7.2302594,-63.024498,-37.89678,15,2025-01-17,10.58,0.0,57.04,6.27,1.0,112.46,2025,1,17,34.0,0,USA_3006.csv
2025-01-18,3006,21.0,16.6,4.0,1.8,33.0,1.0,0,0,3,3,1,1,7,7,-3.582886158121078,-1.364893808504095,-0.23873092,-4.946459,-52.06613,-35.73352,15,2025-01-18,9.81,0.0,70.83,6.6,1.0,86.12,2025,1,18,33.0,0,USA_3006.csv
2025-01-19,3006,32.8,16.2,8.8,4.4,31.0,4.4,0,0,3,3,5,5,1,1,1.4022068758881912,-3.3556126440020106,3.10389,18.714699,41.793327,-60.420036,15,2025-01-19,10.1,0.0,72.04,4.66,1.0,126.12,2025,1,19,32.8,0,USA_3006.csv
2025-01-20,3006,54.8,35.0,8.2,3.0,35.0,1.4,0,0,3,3,4,4,10,10,2.142202537838437,-0.42354833862119723,9.754709,3.701172,37.53822,-1.8716751,15,2025-01-20,10.41,0.0,57.92,10.15,1.0,67.38,2025,1,20,54.8,0,USA_3006.csv
2025-01-21,3006,28.0,20.6,4.8,1.6,35.0,1.6,0,0,3,3,1,1,7,7,-3.0308569580845437,-0.598175737535687,2.8498995,-0.52132416,-41.3435,-16.022911,15,2025-01-21,13.57,0.0,13.29,13.19,1.0,108.12,2025,1,21,35.0,0,USA_3006.csv
2025-01-22,3006,14.0,14.4,3.4,3.4,32.0,1.0,0,0,3,3,1,1,7,7,-2.2913321623972496,-2.5107937397795506,-0.47858655,5.378652,20.753645,-102.417046,15,2025-01-22,12.66,0.0,25.0,4.79,1.0,120.92,2025,1,22,32.0,0,USA_3006.csv
2025-01-23,3006,90.0,22.4,6.4,1.4,36.0,1.2,0,0,3,3,4,4,10,10,0.9864088125592435,0.8133155456659595,11.167064,3.433662,58.94648,6.9749923,15,2025-01-23,16.8,0.0,10.67,12.09,1.0,91.75,2025,1,23,90.0,0,USA_3006.csv
2025-01-24,3006,30.0,16.6,7.0,3.4,24.0,6.8,0,0,3,3,1,1,1,1,-0.9019698074613391,-4.054953910577509,14.849101,-6.3505116,-57.84927,-77.48728,15,2025-01-24,15.27,0.0,11.54,10.11,1.0,84.38,2025,1,24,30.0,0,USA_3006.csv
2025-01-25,3006,33.8,23.2,4.4,4.0,34.0,1.6,0,0,3,3,1,1,1,1,0.3287193895479662,-1.6426384569382797,8.079502,-0.90217185,38.840706,-68.32169,15,2025-01-25,12.04,0.0,42.5,6.35,1.0,134.71,2025,1,25,34.0,0,USA_3006.csv
2025-01-26,3006,27.0,20.6,2.8,2.8,26.0,1.0,0,0,3,3,1,1,7,7,-2.175290304179063,-2.7900765025405865,7.757215,3.5055792,12.25795,-42.040676,15,2025-01-26,9.73,0.0,87.67,7.68,1.0,127.08,2025,1,26,27.0,0,USA_3006.csv
2025-01-27,3006,14.0,18.8,5.2,1.8,29.0,1.0,0,0,3,3,1,1,7,7,-3.519249756025864,-2.3687837037296675,1.8862928,5.5984225,-28.205513,-79.22595,15,2025-01-27,8.64,0.0,79.92,7.16,1.0,151.58,2025,1,27,29.0,0,USA_3006.csv
2025-01-28,3006,11.0,10.8,7.6,1.4,28.0,10.6,0,0,2,2,3,3,0,0,-5.110338346104512,-2.9520894492160377,17.327412,-6.9502296,-75.693115,-84.222176,15,2025-01-28,7.72,0.0,75.17,6.42,1.0,102.04,2025,1,28,28.0,0,USA_3006.csv
2025-01-29,3006,17.0,24.2,2.6,1.2,31.0,1.2,0,0,3,3,1,1,7,7,-4.6402002159756774,-0.9763009426699938,4.3929048,11.399672,-82.85295,27.963793,15,2025-01-29,8.12,0.0,79.62,6.46,1.0,87.42,2025,1,29,31.0,0,USA_3006.csv
2025-01-30,3006,30.0,21.2,7.4,1.4,27.0,1.6,0,0,3,3,1,1,7,7,-2.3603392804968975,-2.4192476440962314,4.290905,7.240312,-23.466085,-42.702732,15,2025-01-30,9.58,0.0,82.25,7.47,1.0,103.88,2025,1,30,30.0,0,USA_3006.csv
2025-01-31,3006,32.0,18.8,9.0,3.0,29.0,1.0,0,0,3,3,1,1,1,1,0.22555457267601317,-3.085564701654843,6.953898,2.2377708,18.235992,-62.873085,15,2025-01-31,9.81,0.0,78.67,4.63,1.0,144.83,2025,1,31,32.0,0,USA_3006.csv
2025-02-01,3006,28.0,14.8,5.4,1.6,30.0,1.8,0,0,3,3,1,1,7,7,-3.201231309418626,-2.007662651968801,4.7675886,6.697571,-34.48533,-36.486267,15,2025-02-01,11.08,0.0,71.58,4.78,1.0,130.42,2025,2,1,30.0,0,USA_3006.csv
2025-02-02,3006,21.0,15.4,9.8,2.2,32.0,1.0,0,0,3,3,1,1,1,1,-1.3356985623245465,-2.592798367556727,4.489725,2.2703483,1.1952746,-66.262024,15,2025-02-02,13.18,0.0,79.04,4.57,1.0,133.33,2025,2,2,32.0,0,USA_3006.csv
2025-02-03,3006,26.0,13.0,4.2,1.2,34.0,1.0,0,0,3,3,1,1,7,7,-4.167922803077247,-0.9905948820149924,3.398307,9.813842,-77.92735,-15.266696,15,2025-02-03,11.69,0.0,92.71,5.22,1.0,212.58,2025,2,3,34.0,0,USA_3006.csv
2025-02-04,3006,27.0,19.0,3.8,1.8,28.0,1.6,0,0,3,3,1,1,7,7,-3.2703167567828455,-2.1044667991785837,4.5022354,6.7024264,-39.407078,-35.692047,15,2025-02-04,11.77,0.0,83.08,5.98,1.0,179.58,2025,2,4,28.0,0,USA_3006.csv
2025-02-05,3006,14.0,10.6,4.6,2.4,21.0,1.4,0,0,3,3,1,1,7,7,-3.4792933125228447,-4.644595280750318,3.5976248,5.748531,-17.227995,-78.73898,15,2025-02-05,13.2,0.0,91.42,11.25,1.0,90.71,2025,2,5,21.0,0,USA_3006.csv
2025-02-06,3006,12.0,17.8,9.6,3.2,24.0,1.4,0,0,3,3,1,1,1,1,-0.6315748515356704,-4.7301708785785515,6.6470675,0.99772066,28.088717,-84.51179,15,2025-02-06,14.5,0.0,90.75,6.44,1.0,128.67,2025,2,6,24.0,0,USA_3006.csv
2025-02-07,3006,9.0,12.2,7.2,1.8,30.0,10.6,0,0,2,2,3,3,0,0,-4.765669919604798,-2.6447275678881956,8.497175,-5.429439,-77.6743,-84.8547,15,2025-02-07,13.98,0.0,92.92,7.29,1.0,210.54,2025,2,7,30.0,0,USA_3006.csv
2025-02-08,3006,9.0,15.4,3.4,1.6,35.0,1.0,0,0,3,3,1,1,7,7,-4.775200368722812,-1.0819669320087764,18.957508,11.10878,-76.80039,-31.0364,15,2025-02-08,10.35,0.0,80.42,6.09,1.0,155.67,2025,2,8,35.0,0,USA_3006.csv
2025-02-09,3006,7.0,14.8,5.8,2.8,34.0,1.0,0,0,3,3,1,1,7,7,-2.6714480091235173,-2.249619789647066,5.758065,2.3652225,9.090932,-84.39638,15,2025-02-09,10.05,0.0,72.83,4.4,1.0,130.25,2025,2,9,34.0,0,USA_3006.csv
2025-02-10,3006,14.0,15.4,9.0,2.6,33.0,1.0,0,0,3,3,1,1,1,1,-1.486902904101156,-2.611910504576568,4.0485334,2.4104922,7.4144216,-80.210335,15,2025-02-10,10.04,0.0,75.38,5.81,1.0,121.12,2025,2,10,33.0,0,USA_3006.csv
2025-02-11,3006,18.0,9.2,5.0,1.4,33.0,1.2,0,0,3,3,1,1,7,7,-4.365375413278603,-1.7535877570752245,1.7670805,12.976367,-87.76948,-24.694637,15,2025-02-11,9.73,0.0,79.88,6.98,1.0,119.88,2025,2,11,33.0,0,USA_3006.csv
2025-02-12,3006,19.0,12.0,10.8,3.4,22.0,1.2,0,0,3,3,1,1,1,1,0.11145114502686918,-5.568132068048549,6.8774467,0.78114474,29.080877,-75.114815,15,2025-02-12,10.68,0.0,82.04,8.7,1.0,205.92,2025,2,12,22.0,0,USA_3006.csv
2025-02-13,3006,13.0,16.0,5.8,1.8,30.0,1.0,0,0,3,3,1,1,7,7,-3.533400060811352,-2.4110747766679155,1.8528534,5.5179896,-30.011723,-80.64924,15,2025-02-13,12.65,0.0,91.33,14.37,1.0,129.21,2025,2,13,30.0,0,USA_3006.csv
2025-02-14,3006,11.0,17.0,4.6,2.6,32.0,11.0,0,0,2,2,3,3,0,0,-4.244595042712891,-1.9673001992913286,14.595606,-9.306889,-57.922966,-87.79459,15,2025-02-14,13.13,0.0,85.92,17.55,1.0,263.21,2025,2,14,32.0,0,USA_3006.csv
2025-02-15,3006,11.0,13.0,5.8,2.0,34.0,11.0,0,0,2,2,3,3,0,0,-4.824823938832864,-1.640832690309782,16.677753,-9.174059,-81.26651,-87.39494,15,2025-02-15,10.81,0.0,74.5,9.2,1.0,148.88,2025,2,15,34.0,0,USA_3006.csv
2025-02-16,3006,13.0,11.6,5.8,2.0,34.0,1.0,0,0,3,3,1,1,7,7,-3.4955892022217685,-1.9177411558759232,2.3865454,4.113277,-38.81532,-73.51053,15,2025-02-16,12.3,0.0,71.67,5.25,1.0,129.46,2025,2,16,34.0,0,USA_3006.csv
2025-02-17,3006,15.0,11.4,5.6,1.4,32.0,1.0,0,0,3,3,1,1,7,7,-4.215389403766252,-1.9866113381407864,-0.12674358,17.883104,-86.03671,-29.095343,15,2025-02-17,11.4,0.0,73.83,3.48,1.0,181.38,2025,2,17,32.0,0,USA_3006.csv
2025-02-18,3006,18.0,29.4,3.6,1.2,34.0,1.2,0,0,3,3,1,1,7,7,-3.9786968854837714,-0.1966479693379147,7.103988,12.102216,-72.3931,32.53786,15,2025-02-18,10.96,0.0,77.12,6.53,1.0,146.58,2025,2,18,34.0,0,USA_3006.csv
2025-02-19,3006,22.0,29.2,6.4,1.8,35.0,1.6,0,0,3,3,1,1,7,7,-2.1736254959400108,-0.5693259015948623,6.568135,14.843509,-9.499036,-25.037489,15,2025-02-19,12.08,0.0,73.83,5.35,1.0,139.92,2025,2,19,35.0,0,USA_3006.csv
2025-02-20,3006,21.0,15.6,9.0,1.2,38.0,1.0,0,0,3,3,1,1,7,7,-2.8010523246928067,-0.7660344870521681,23.605837,8.327572,-26.169363,-53.824234,15,2025-02-20,12.35,0.0,72.25,4.49,1.0,152.5,2025,2,20,38.0,0,USA_3006.csv
2025-02-21,3006,18.0,14.2,7.2,2.0,35.0,1.0,0,0,3,3,1,1,7,7,-2.623445122020316,-1.660062009999608,2.7507968,3.697397,-13.197858,-59.2544,15,2025-02-21,14.5,0.0,62.0,8.69,1.0,117.92,2025,2,21,35.0,0,USA_3006.csv
2025-02-22,3006,10.0,10.6,3.4,1.2,37.0,1.0,0,0,3,3,1,1,7,7,-5.463581849471606,-0.7145295199867391,14.844078,11.594062,-74.84784,-26.774536,15,2025-02-22,12.94,0.0,71.67,5.01,1.0,130.04,2025,2,22,37.0,0,USA_3006.csv
2025-02-23,3006,9.0,19.6,5.8,1.4,40.0,1.0,0,0,3,3,1,1,7,7,-4.028468057134405,-0.054169832884146334,4.626546,12.958344,-39.502426,6.1503124,15,2025-02-23,13.32,0.0,69.25,5.24,1.0,178.62,2025,2,23,40.0,0,USA_3006.csv
2025-02-24,3006,11.0,8.4,6.4,1.6,36.0,1.0,0,0,3,3,1,1,7,7,-4.086550248150653,-1.6047784724724419,3.9235523,12.288277,-38.92582,-55.53707,15,2025-02-24,13.88,0.0,72.33,3.83,1.0,147.25,2025,2,24,36.0,0,USA_3006.csv
2025-02-25,3006,15.0,14.6,8.8,1.6,38.0,1.0,0,0,3,3,1,1,7,7,-2.764294392252862,-1.1031380980429002,3.7894127,2.7406147,-6.740037,-59.40447,15,2025-02-25,14.02,0.0,72.04,4.13,1.0,149.42,2025,2,25,38.0,0,USA_3006.csv
2025-02-26,3006,17.0,16.6,5.6,1.8,36.0,1.0,0,0,3,3,1,1,7,7,-3.3010084173326986,-1.0400197840683658,2.121263,11.434856,-34.818718,-60.731125,15,2025-02-26,14.1,0.0,68.83,6.26,1.0,153.17,2025,2,26,36.0,0,USA_3006.csv
2025-02-27,3006,11.0,23.2,6.4,2.0,39.0,1.0,0,0,3,3,1,1,7,7,-2.7850037678048927,-0.3947613867109722,4.528523,12.813225,-30.465914,-5.7563095,15,2025-02-27,16.68,0.0,52.42,9.72,1.0,127.96,2025,2,27,39.0,0,USA_3006.csv
2025-02-28,3006,15.0,7.4,7.2,1.2,37.0,1.0,0,0,3,3,1,1,7,7,-4.153386289335196,-1.2875108981139365,2.9087849,11.788411,-41.27747,-54.709076,15,2025-02-28,15.02,0.0,60.08,8.06,1.0,201.79,2025,2,28,37.0,0,USA_3006.csv
2025-03-01,3006,23.0,18.4,3.6,1.4,33.0,1.0,0,0,3,3,1,1,7,7,-3.9981567130103346,-0.9857362466807879,3.2294598,14.161623,-98.298355,-25.901758,15,2025-03-01,13.04,0.0,88.12,4.45,1.0,177.88,2025,3,1,33.0,0,USA_3006.csv
2025-03-02,3006,29.0,25.2,6.8,2.0,34.0,1.0,0,0,3,3,1,1,7,7,-1.5288988683467581,-1.0101721243407888,17.378057,8.551956,-5.360379,-31.668554,15,2025-03-02,12.72,0.0,81.54,13.74,1.0,199.96,2025,3,2,34.0,0,USA_3006.csv
2025-03-03,3006,17.0,15.2,6.2,1.6,30.0,1.2,0,0,3,3,1,1,7,7,-3.494284362011633,-2.3263458950335325,-0.6942448,-1.1550198,-34.964306,-92.51876,15,2025-03-03,11.86,0.0,68.0,21.7,1.0,273.83,2025,3,3,30.0,0,USA_3006.csv
2025-03-04,3006,7.0,14.8,5.8,2.8,34.0,1.0,0,0,3,3,1,1,7,7,-2.6714480091235173,-2.249619789647066,5.7584352,2.3448853,9.094415,-84.39665,15,2025-03-04,11.65,0.0,69.29,8.45,1.0,158.71,2025,3,4,34.0,0,USA_3006.csv
2025-03-05,3006,23.0,18.0,10.4,3.4,24.0,8.0,0,0,3,3,1,1,1,1,-0.32738656330172944,-4.541413711875498,14.756012,-6.1600013,-55.53799,-75.25956,15,2025-03-05,11.08,0.0,86.17,3.96,1.0,109.79,2025,3,5,24.0,0,USA_3006.csv
2025-03-06,3006,20.0,15.0,3.6,1.8,32.0,1.6,0,0,3,3,1,1,7,7,-3.933257080807759,-1.6076264096423025,-4.0758686,6.954432,-54.363964,-34.19437,15,2025-03-06,10.07,0.0,83.04,17.36,1.0,265.12,2025,3,6,32.0,0,USA_3006.csv
2025-03-07,3006,8.0,15.8,2.0,1.0,35.0,1.0,0,0,3,3,1,1,7,7,-6.003450119811421,-0.6090028364283682,4.5077558,10.644185,-91.90392,24.950941,15,2025-03-07,8.91,0.0,77.29,9.55,1.0,187.08,2025,3,7,35.0,0,USA_3006.csv
2025-03-08,3006,12.0,20.6,6.6,2.2,35.0,1.0,0,0,3,3,1,1,7,7,-2.570691445280121,-1.4565428244162013,3.7644734,4.0552936,-20.687155,-59.503895,15,2025-03-08,9.6,0.0,63.12,8.53,1.0,146.54,2025,3,8,35.0,0,USA_3006.csv
2025-03-09,3006,15.0,10.2,5.4,1.2,42.0,1.0,0,0,3,3,1,1,7,7,-4.5429515649661285,0.12669904706640545,4.511962,12.62757,-60.336845,-16.240606,15,2025-03-09,10.83,0.0,71.79,5.41,1.0,127.46,2025,3,9,42.0,0,USA_3006.csv
2025-03-10,3006,15.0,11.0,5.6,1.6,41.0,1.0,0,0,3,3,1,1,7,7,-3.9407340752506332,-0.2537799271613355,4.627734,12.723953,-58.56033,-16.442392,15,2025-03-10,11.62,0.0,70.25,5.1,1.0,165.58,2025,3,10,41.0,0,USA_3006.csv
2025-03-11,3006,18.0,10.8,6.6,1.8,29.0,1.0,0,0,3,3,1,1,7,7,-3.2721906041110125,-2.8983673097253897,18.910206,3.2689047,-15.321106,-89.47816,15,2025-03-11,12.77,0.0,58.88,10.69,1.0,115.17,2025,3,11,29.0,0,USA_3006.csv
2025-03-12,3006,12.0,18.2,8.4,2.4,32.0,19.4,0,0,2,2,3,3,4,4,-4.266533590142531,-2.0876252046769643,11.888702,-6.9472055,-109.50062,0.09041138,15,2025-03-12,12.72,0.0,78.38,9.21,1.0,140.0,2025,3,12,32.0,0,USA_3006.csv
2025-03-13,3006,12.0,2.0,4.6,2.0,35.0,40.0,0,0,2,2,3,3,4,4,-9.451381084445401,-1.135993990428067,20.948248,-0.46107617,-112.73572,32.57741,15,2025-03-13,11.38,0.0,83.5,19.39,1.0,226.38,2025,3,13,40.0,0,USA_3006.csv
2025-03-14,3006,12.0,10.2,5.0,1.4,27.0,1.0,0,0,3,3,1,1,7,7,-4.666421851083273,-3.058105400562123,2.8496668,6.483863,-52.65539,-61.735703,15,2025-03-14,8.9,0.0,76.92,12.61,1.0,190.21,2025,3,14,27.0,0,USA_3006.csv
2025-03-15,3006,6.0,16.6,6.2,1.6,35.0,1.0,0,0,3,3,1,1,7,7,-4.011098850839621,-1.4489152011486182,4.2333694,12.579652,-36.273823,-55.41593,15,2025-03-15,10.23,0.0,79.46,7.06,1.0,182.75,2025,3,15,35.0,0,USA_3006.csv
2025-03-16,3006,12.0,21.8,5.0,1.2,37.0,20.4,0,0,2,2,3,3,4,4,-6.7494147285835115,0.17778938972973857,-4.978285,3.2316267,-123.1111,0.3181114,15,2025-03-16,10.07,0.0,77.38,5.5,1.0,125.29,2025,3,16,37.0,0,USA_3006.csv
2025-03-17,3006,20.0,13.0,4.8,1.8,30.0,7.8,0,0,2,2,1,1,0,0,-4.471789923561691,-2.1330910161504697,16.118889,-5.842757,-65.75845,-68.28228,15,2025-03-17,11.56,0.0,86.67,4.84,1.0,191.29,2025,3,17,30.0,0,USA_3006.csv
2025-03-18,3006,20.0,13.2,9.4,1.8,35.0,1.8,0,0,3,3,1,1,1,1,-2.2259789517722366,-1.8495846431878915,1.9177291,0.1253071,-3.5704334,-57.297768,15,2025-03-18,11.61,0.0,67.96,16.27,1.0,237.62,2025,3,18,35.0,0,USA_3006.csv
2025-03-19,3006,12.0,11.4,4.8,1.6,40.0,1.0,0,0,3,3,1,1,7,7,-4.349623736596868,-0.3919991787622097,4.6659365,12.697143,-58.512318,-16.53105,15,2025-03-19,11.86,0.0,69.79,5.18,1.0,122.38,2025,3,19,40.0,0,USA_3006.csv
2025-03-20,3006,12.0,23.2,6.0,1.2,41.0,1.0,0,0,3,3,1,1,7,7,-3.846313314703371,0.47094581553140663,4.869131,12.89071,-39.248608,8.029662,15,2025-03-20,12.4,0.0,72.83,4.11,1.0,180.54,2025,3,20,41.0,0,USA_3006.csv
2025-03-21,3006,11.0,22.4,6.0,2.2,40.0,1.0,0,0,3,3,1,1,7,7,-2.696375421241312,-0.27415728336103734,4.5288506,12.8133545,-30.47408,-5.7453284,15,2025-03-21,13.7,0.0,66.21,6.44,1.0,106.5,2025,3,21,40.0,0,USA_3006.csv
2025-03-22,3006,15.0,14.6,8.8,1.6,38.0,1.0,0,0,3,3,1,1,7,7,-2.764294392252862,-1.1031380980429002,3.7797005,2.7305593,-6.7400126,-59.404495,15,2025-03-22,13.49,0.0,70.33,4.3,1.0,145.67,2025,3,22,38.0,0,USA_3006.csv
2025-03-23,3006,17.0,19.0,4.6,1.2,40.0,1.0,0,0,3,3,1,1,7,7,-4.2199851312874905,0.32792799580693593,5.862529,12.69314,-56.419285,29.667725,15,2025-03-23,14.28,0.0,76.04,4.69,1.0,163.08,2025,3,23,40.0,0,USA_3006.csv
2025-03-24,3006,33.0,29.6,5.2,1.6,36.0,1.2,0,0,3,3,1,1,5,5,-2.0807217398737192,0.12140718625620066,13.87819,13.879936,-35.02701,-1.8829015,15,2025-03-24,14.85,0.0,80.71,4.71,1.0,149.75,2025,3,24,36.0,0,USA_3006.csv
2025-03-25,3006,23.0,12.6,5.8,1.2,36.0,1.2,0,0,3,3,1,1,7,7,-3.879623044957836,-0.8676213116941862,1.9616792,11.803366,-64.28283,-20.322172,15,2025-03-25,14.39,0.0,89.88,4.2,1.0,190.62,2025,3,25,36.0,0,USA_3006.csv
2025-03-26,3006,21.0,10.2,6.0,2.8,26.0,1.0,0,0,3,3,1,1,7,7,-2.0758878907994,-3.8846426278775033,5.661456,1.3641794,19.079638,-90.60224,15,2025-03-26,13.16,0.0,90.12,5.56,1.0,178.04,2025,3,26,26.0,0,USA_3006.csv
2025-03-27,3006,17.0,11.8,4.6,2.4,23.0,2.6,0,0,3,3,1,1,7,7,-3.385187335070784,-4.081045759430447,-1.585993,3.1895418,-19.973839,-75.42479,15,2025-03-27,13.24,0.0,86.42,6.7,1.0,142.71,2025,3,27,23.0,0,USA_3006.csv
2025-03-28,3006,15.0,11.4,5.6,1.4,32.0,1.0,0,0,3,3,1,1,7,7,-4.215389403766252,-1.9866113381407864,-0.12593204,17.882324,-86.03682,-29.094816,15,2025-03-28,13.94,0.0,86.46,8.26,1.0,166.96,2025,3,28,32.0,0,USA_3006.csv
2025-03-29,3006,13.0,13.4,2.8,1.4,36.0,20.6,0,0,2,2,3,3,4,4,-7.603737168175336,-0.2523031897637425,-6.821106,11.002299,-125.63253,-0.349239,15,2025-03-29,12.77,0.0,78.54,6.62,1.0,144.5,2025,3,29,36.0,0,USA_3006.csv
2025-03-30,3006,18.0,19.8,4.0,2.6,32.0,1.0,0,0,3,3,1,1,7,7,-2.58873347028458,-1.8424312702603851,-0.67998636,6.315474,16.18868,-105.25198,15,2025-03-30,12.32,0.0,83.75,4.2,1.0,182.04,2025,3,30,32.0,0,USA_3006.csv
2025-03-31,3006,20.0,15.0,3.6,1.8,32.0,1.6,0,0,3,3,1,1,7,7,-3.933257080807759,-1.6076264096423025,-4.0759964,6.9546175,-54.36411,-34.194443,15,2025-03-31,14.08,0.0,88.0,7.29,1.0,134.58,2025,3,31,32.0,0,USA_3006.csv
2025-04-01,3006,9.0,14.0,3.8,1.6,34.0,11.0,0,0,2,2,3,3,0,0,-6.016078427576586,-1.172027381269775,8.201376,-11.44514,-91.41278,-50.563393,15,2025-04-01,13.19,0.0,72.0,21.89,1.0,272.25,2025,4,1,34.0,0,USA_3006.csv
2025-04-02,3006,13.0,20.4,2.0,1.6,35.0,10.6,0,0,2,2,3,3,0,0,-5.949947344322819,-0.31892215867560264,-4.9697924,4.173831,-93.27191,-57.88587,15,2025-04-02,12.5,0.0,64.46,21.88,1.0,273.12,2025,4,2,35.0,0,USA_3006.csv
2025-04-03,3006,18.0,11.6,3.6,1.6,36.0,1.0,0,0,3,3,1,1,7,7,-4.384148374325828,-0.9248368684651526,3.8371558,16.040659,-70.035614,-33.484097,15,2025-04-03,11.33,0.0,68.29,12.86,1.0,187.62,2025,4,3,36.0,0,USA_3006.csv
2025-04-04,3006,15.0,7.4,7.2,1.2,37.0,1.0,0,0,3,3,1,1,7,7,-4.153386289335196,-1.2875108981139365,2.904752,11.788172,-41.27747,-54.709076,15,2025-04-04,12.12,0.0,65.88,7.1,1.0,118.67,2025,4,4,37.0,0,USA_3006.csv
2025-04-05,3006,18.0,11.2,4.4,1.4,40.0,1.2,0,0,3,3,1,1,7,7,-4.412192854155028,-0.1296589988868561,5.5758996,12.540239,-69.33934,-24.849215,15,2025-04-05,14.53,0.0,55.42,9.02,1.0,142.79,2025,4,5,40.0,0,USA_3006.csv
2025-04-06,3006,15.0,23.0,6.8,1.0,44.0,1.0,0,0,3,3,1,1,7,7,-3.668011097748784,1.126213129139136,10.657131,12.135993,-37.45996,8.451998,15,2025-04-06,15.55,0.0,49.62,8.22,1.0,141.12,2025,4,6,44.0,0,USA_3006.csv
2025-04-07,3006,17.0,35.0,6.4,1.6,48.0,1.0,0,0,3,3,4,4,5,5,-2.2671800858244433,2.3907237099896586,11.0576725,11.215865,-42.357273,53.279537,15,2025-04-07,13.92,0.0,69.0,5.61,1.0,186.25,2025,4,7,48.0,0,USA_3006.csv
2025-04-08,3006,21.0,18.6,3.2,2.0,42.0,1.0,0,0,3,3,1,1,7,7,-3.4311717721237924,0.6010592855962699,4.1553807,13.42767,-38.41497,33.89427,15,2025-04-08,15.08,0.0,64.0,3.8,1.0,185.46,2025,4,8,42.0,0,USA_3006.csv
2025-04-09,3006,25.0,18.2,8.2,2.0,53.0,1.0,2,2,3,3,4,4,5,5,-1.6010314404238446,2.25814002633904,11.938642,6.406253,25.74953,29.060242,15,2025-04-09,15.42,0.0,76.71,4.47,1.0,202.33,2025,4,9,53.0,0,USA_3006.csv
2025-04-10,3006,29.0,25.2,7.4,2.0,51.0,1.2,2,2,3,3,4,4,5,5,-1.2825443336441806,2.408710752013514,11.796046,6.654579,20.916134,28.246675,15,2025-04-10,15.78,0.0,76.29,4.33,1.0,192.46,2025,4,10,51.0,0,USA_3006.csv
2025-04-11,3006,34.0,30.0,7.8,1.6,54.0,1.0,2,2,1,1,4,4,8,8,-1.0730539881953485,3.512437697343206,12.918596,8.073635,23.001354,80.763985,15,2025-04-11,16.16,0.0,74.62,5.15,1.0,195.42,2025,4,11,54.0,0,USA_3006.csv
2025-04-12,3006,34.0,22.4,5.2,1.8,39.0,1.0,0,0,3,3,1,1,5,5,-2.112214855395851,0.2759323019526506,-0.21711107,2.832876,-24.198032,21.367535,15,2025-04-12,15.05,0.0,80.67,5.36,1.0,220.79,2025,4,12,39.0,0,USA_3006.csv
2025-04-13,3006,35.0,21.8,4.2,2.0,39.0,1.0,0,0,3,3,1,1,7,7,-2.1472331213292186,0.3010231226658204,7.9750795,9.450424,-25.312384,24.341354,15,2025-04-13,13.96,0.0,83.92,5.11,1.0,218.75,2025,4,13,39.0,0,USA_3006.csv
2025-04-14,3006,34.0,23.2,5.4,1.4,37.0,1.6,0,0,3,3,1,1,7,7,-2.596681060610495,0.08631676316621109,13.827067,13.780341,-24.44685,13.476781,15,2025-04-14,12.96,0.0,85.33,5.25,1.0,179.58,2025,4,14,37.0,0,USA_3006.csv
2025-04-15,3006,31.0,21.8,10.8,2.8,38.0,1.6,0,0,3,3,1,1,1,1,0.6054298944758713,-1.2253294567135293,6.556716,2.6586258,23.922806,-59.42146,15,2025-04-15,12.91,0.0,79.75,5.65,1.0,139.12,2025,4,15,38.0,0,USA_3006.csv
2025-04-16,3006,35.0,19.0,4.8,1.2,37.0,1.0,0,0,3,3,1,1,7,7,-3.122473101182564,0.043989570377276396,7.6979413,12.497611,-41.73161,18.915077,15,2025-04-16,13.27,0.0,71.71,5.81,1.0,174.17,2025,4,16,37.0,0,USA_3006.csv
2025-04-17,3006,28.0,15.4,4.4,1.6,33.0,1.0,0,0,3,3,1,1,7,7,-3.3642531502998274,-1.2463782254201468,3.2365713,15.112776,-37.35859,-31.210522,15,2025-04-17,14.35,0.0,78.12,8.02,1.0,248.58,2025,4,17,33.0,0,USA_3006.csv
2025-04-18,3006,18.0,19.8,4.0,2.6,32.0,1.0,0,0,3,3,1,1,7,7,-2.58873347028458,-1.8424312702603851,-0.68040293,6.311271,16.18868,-105.25198,15,2025-04-18,13.49,0.0,80.17,6.05,1.0,197.17,2025,4,18,32.0,0,USA_3006.csv
2025-04-19,3006,20.0,28.4,4.0,1.8,38.0,1.0,0,0,3,3,1,1,7,7,-2.99097740291451,0.26807086754912013,7.7225943,11.122978,-38.927822,29.725014,15,2025-04-19,13.61,0.0,73.88,7.57,1.0,153.58,2025,4,19,38.0,0,USA_3006.csv
2025-04-20,3006,17.0,18.6,3.8,1.4,42.0,1.0,0,0,3,3,1,1,7,7,-4.230256626107838,0.7281897625096864,6.2025023,12.885564,-58.08469,27.64986,15,2025-04-20,14.77,0.0,70.54,7.54,1.0,154.21,2025,4,20,42.0,0,USA_3006.csv
2025-04-21,3006,20.0,12.2,4.6,1.4,45.0,1.0,0,0,3,3,1,1,7,7,-4.129420784717665,0.9593950343409406,10.515672,12.786883,-54.346375,49.718876,15,2025-04-21,14.23,0.0,79.75,6.68,1.0,162.46,2025,4,21,45.0,0,USA_3006.csv
2025-04-22,3006,32.0,31.6,5.6,1.2,40.0,1.0,0,0,3,3,4,4,5,5,-2.364620629753076,1.1625489332351282,10.713912,15.275468,-32.29532,51.469532,15,2025-04-22,13.69,0.0,80.83,6.4,1.0,162.17,2025,4,22,40.0,0,USA_3006.csv
2025-04-23,3006,44.0,16.2,5.4,2.6,37.0,2.6,0,0,3,3,1,1,7,7,-1.0063200430512955,-0.6336796486409615,8.09156,3.7189286,25.430103,-9.196629,15,2025-04-23,13.6,0.0,79.25,6.59,1.0,170.25,2025,4,23,44.0,0,USA_3006.csv
2025-04-24,3006,35.0,21.8,4.2,2.0,39.0,1.0,0,0,3,3,1,1,7,7,-2.1472331213292186,0.3010231226658204,7.966954,9.446193,-25.312582,24.339838,15,2025-04-24,13.39,0.0,76.0,8.02,1.0,174.83,2025,4,24,39.0,0,USA_3006.csv
2025-04-25,3006,29.0,37.0,5.6,2.0,40.0,1.0,0,0,3,3,4,4,5,5,-1.248900665156053,1.0071132861828351,9.50466,9.969522,-32.57565,42.90054,15,2025-04-25,13.45,0.0,75.79,7.44,1.0,190.75,2025,4,25,40.0,0,USA_3006.csv
2025-04-26,3006,16.0,21.4,5.6,1.0,40.0,1.0,0,0,3,3,1,1,7,7,-4.089568774104149,0.3982403810228952,5.147583,12.787448,-40.041172,10.020897,15,2025-04-26,12.13,0.0,80.33,10.24,1.0,214.71,2025,4,26,40.0,0,USA_3006.csv
2025-04-27,3006,11.0,8.4,6.4,1.6,36.0,1.0,0,0,3,3,1,1,7,7,-4.086550248150653,-1.6047784724724419,3.925129,12.288499,-38.92582,-55.53707,15,2025-04-27,11.64,0.0,79.5,7.82,1.0,212.79,2025,4,27,36.0,0,USA_3006.csv
2025-04-28,3006,9.0,14.0,3.8,1.6,34.0,11.0,0,0,2,2,3,3,0,0,-6.016078427576586,-1.172027381269775,8.201488,-11.44513,-91.41278,-50.563393,15,2025-04-28,12.81,0.0,80.67,6.25,1.0,168.0,2025,4,28,34.0,0,USA_3006.csv
2025-04-29,3006,13.0,13.4,2.8,1.4,36.0,20.6,0,0,2,2,3,3,4,4,-7.603737168175336,-0.2523031897637425,-6.8211403,11.002308,-125.632576,-0.3492387,15,2025-04-29,14.37,0.0,73.5,5.73,1.0,140.88,2025,4,29,36.0,0,USA_3006.csv
2025-04-30,3006,23.0,19.4,4.6,2.2,37.0,1.0,0,0,3,3,1,1,7,7,-2.6080986992524573,-0.6249444125633475,14.511799,16.749033,-44.2741,-10.39631,15,2025-04-30,14.63,0.0,82.92,7.23,1.0,145.92,2025,4,30,37.0,0,USA_3006.csv
2025-05-01,3006,34.0,19.6,6.6,2.0,32.0,1.4,0,0,3,3,1,1,7,7,-1.6580026248504123,-1.582062687929921,6.0568724,4.9992757,-19.103907,-33.602737,15,2025-05-01,13.75,0.0,85.58,5.58,1.0,140.79,2025,5,1,34.0,0,USA_3006.csv
2025-05-02,3006,25.0,18.6,8.4,2.2,32.0,1.4,0,0,3,3,1,1,1,1,-1.4220071238786514,-2.148347758630452,3.1121747,2.8501763,-6.656881,-48.33101,15,2025-05-02,13.58,0.0,87.08,7.4,1.0,166.17,2025,5,2,32.0,0,USA_3006.csv
2025-05-03,3006,25.0,18.8,5.6,1.6,28.0,1.2,0,0,3,3,1,1,7,7,-3.034415248008178,-2.307526707471758,18.389822,6.033462,-24.841558,-65.118355,15,2025-05-03,13.85,0.0,86.21,6.5,1.0,205.88,2025,5,3,28.0,0,USA_3006.csv
2025-05-04,3006,26.0,32.8,4.6,1.6,30.0,1.4,0,0,3,3,1,1,7,7,-2.5625725644578297,-0.9973111848154027,13.020618,13.710691,-31.320238,-1.010312,15,2025-05-04,14.28,0.0,84.12,4.4,1.0,226.21,2025,5,4,32.8,0,USA_3006.csv
2025-05-05,3006,27.0,19.6,7.8,1.0,34.0,1.0,0,0,3,3,1,1,7,7,-2.885307807381839,-1.0020143263982584,1.7779738,12.434987,-26.7623,-48.808105,15,2025-05-05,14.95,0.0,76.92,5.66,1.0,169.79,2025,5,5,34.0,0,USA_3006.csv
2025-05-06,3006,34.0,12.6,6.2,3.8,28.0,1.2,0,0,3,3,1,1,1,1,0.11193347295992741,-3.586023270656947,8.56469,0.992994,43.82158,-76.87014,15,2025-05-06,15.18,0.0,80.92,5.32,1.0,138.12,2025,5,6,34.0,0,USA_3006.csv
2025-05-07,3006,32.0,17.2,6.4,2.4,33.0,1.4,0,0,3,3,1,1,7,7,-1.457165273891388,-1.7080848762507381,4.5235953,4.127373,-18.204288,-37.69267,15,2025-05-07,15.21,0.0,76.54,7.31,1.0,194.29,2025,5,7,33.0,0,USA_3006.csv
2025-05-08,3006,22.0,23.6,3.8,1.8,44.0,1.0,0,0,3,3,1,1,5,5,-3.1614337298599295,1.3130239076401693,7.7767997,11.327249,-37.91036,37.0809,15,2025-05-08,15.67,0.0,79.71,6.52,1.0,152.17,2025,5,8,44.0,0,USA_3006.csv
2025-05-09,3006,33.0,25.2,5.8,1.6,56.0,1.0,2,2,1,1,4,4,5,5,-2.0011818449211933,3.9138728210175597,12.984812,10.04763,2.4627366,93.81226,15,2025-05-09,17.8,0.0,74.54,5.99,1.0,155.67,2025,5,9,56.0,0,USA_3006.csv
2025-05-10,3006,32.0,29.0,3.2,2.2,60.0,1.0,2,2,1,1,4,4,8,8,-1.8978028889042653,4.975203165744265,13.642357,8.78974,33.40931,81.956085,15,2025-05-10,21.09,0.0,63.21,5.45,1.0,152.46,2025,5,10,60.0,0,USA_3006.csv
2025-05-11,3006,26.0,27.4,7.4,2.2,56.0,1.0,2,2,1,1,4,4,8,8,-1.0392166917708103,3.3926625807365633,12.074161,6.4620085,21.166357,30.452665,15,2025-05-11,20.17,0.0,65.04,5.95,1.0,205.17,2025,5,11,56.0,0,USA_3006.csv
2025-05-12,3006,26.0,21.2,6.4,1.6,39.0,1.0,0,0,3,3,1,1,7,7,-2.5183493231064507,-0.010665810046866453,5.3975244,13.711421,-12.786238,-3.3041916,15,2025-05-12,18.18,0.0,67.75,10.17,1.0,172.12,2025,5,12,39.0,0,USA_3006.csv
2025-05-13,3006,26.0,13.8,9.0,1.4,35.0,1.0,0,0,3,3,1,1,7,7,-2.368597664256528,-1.473651447971848,23.497862,-0.5452561,-23.713818,-52.929333,15,2025-05-13,15.12,0.0,69.33,14.79,1.0,217.79,2025,5,13,35.0,0,USA_3006.csv
2025-05-14,3006,13.0,9.8,2.8,1.8,39.0,1.0,0,0,3,3,1,1,7,7,-4.755283541502938,-0.493011538048387,0.33666006,9.311833,-72.049904,-36.36904,15,2025-05-14,15.34,0.0,65.62,7.82,1.0,195.83,2025,5,14,39.0,0,USA_3006.csv
2025-05-15,3006,19.0,17.2,3.2,1.6,38.0,1.0,0,0,3,3,1,1,7,7,-4.144157119978501,-0.1441257656693722,4.124787,13.765076,-63.05045,28.215002,15,2025-05-15,16.04,0.0,70.67,5.79,1.0,188.46,2025,5,15,38.0,0,USA_3006.csv
2025-05-16,3006,31.0,20.0,4.6,1.0,39.0,1.6,0,0,3,3,1,1,7,7,-3.683710842550322,0.5646886453230237,7.7671256,12.651959,-40.85003,21.315601,15,2025-05-16,15.64,0.0,75.88,7.96,1.0,154.92,2025,5,16,39.0,0,USA_3006.csv
2025-05-17,3006,39.0,19.2,5.8,1.8,30.0,1.2,0,0,3,3,1,1,7,7,-1.8730360422152352,-1.7180106557291277,7.1565466,5.322618,2.092729,-26.4865,15,2025-05-17,14.93,0.0,79.83,8.12,1.0,229.83,2025,5,17,39.0,0,USA_3006.csv
2025-05-18,3006,29.0,20.2,7.8,4.0,8.0,2.2,0,0,3,3,5,5,1,1,0.7464193695308212,-7.67593234794948,8.674959,0.83588636,48.92559,-84.529144,15,2025-05-18,15.09,0.0,77.08,7.29,1.0,180.71,2025,5,18,29.0,0,USA_3006.csv
2025-05-19,3006,21.0,17.4,3.4,1.6,43.0,1.0,0,0,3,3,1,1,7,7,-3.929519672097755,0.9073789224150224,5.4846187,12.822827,-59.650642,27.08204,15,2025-05-19,16.67,0.0,65.67,4.9,1.0,133.42,2025,5,19,43.0,0,USA_3006.csv
2025-05-20,3006,24.0,22.4,4.6,1.6,43.0,1.0,0,0,3,3,1,1,5,5,-3.114336693307167,1.0733504968027427,9.91332,12.98752,-43.78901,40.613567,15,2025-05-20,19.35,0.0,63.75,4.54,1.0,231.08,2025,5,20,43.0,0,USA_3006.csv
2025-05-21,3006,28.0,25.6,8.0,2.2,51.0,1.0,2,2,3,3,4,4,5,5,-0.8552058037641209,2.230223522519966,11.828676,6.5448675,20.71357,28.739454,15,2025-05-21,20.18,0.0,56.17,5.09,1.0,177.12,2025,5,21,51.0,0,USA_3006.csv
2025-05-22,3006,31.0,34.0,6.2,2.8,49.0,1.0,2,2,1,1,4,4,5,5,-0.05440433611688756,2.2762408159883667,12.146246,5.607981,31.396978,13.760871,15,2025-05-22,18.9,0.0,64.54,5.56,1.0,177.33,2025,5,22,49.0,0,USA_3006.csv
2025-05-23,3006,42.0,27.8,5.2,4.0,39.0,1.4,0,0,3,3,4,4,1,1,1.351518818117375,-0.3185486666471898,10.995267,2.4730983,39.76253,-65.70364,15,2025-05-23,17.81,0.0,80.83,5.35,1.0,215.5,2025,5,23,42.0,0,USA_3006.csv
2025-05-24,3006,40.0,30.4,8.0,2.2,38.0,1.0,0,0,3,3,4,4,5,5,0.034506179555610826,0.052512401266229324,3.9301634,0.3604133,0.16618906,4.399102,15,2025-05-24,17.2,0.0,70.71,8.04,1.0,158.62,2025,5,24,40.0,0,USA_3006.csv
2025-05-25,3006,36.0,23.0,9.0,1.4,36.0,1.4,0,0,3,3,1,1,7,7,-1.3442388418852134,-0.5713694551346011,8.188145,6.5524254,-5.704786,-0.21300657,15,2025-05-25,16.35,0.0,75.88,7.57,1.0,159.83,2025,5,25,36.0,0,USA_3006.csv
2025-05-26,3006,33.0,22.2,7.6,3.4,21.0,3.2,0,0,3,3,1,1,1,1,0.20573982641494187,-4.48157339004283,7.5717025,2.1325932,26.613037,-49.169872,15,2025-05-26,16.46,0.0,74.5,6.97,1.0,149.96,2025,5,26,33.0,0,USA_3006.csv
2025-05-27,3006,30.0,25.0,3.8,1.6,41.0,1.0,0,0,3,3,1,1,5,5,-2.8866551450783677,1.025754470077572,8.981748,13.25946,-43.97896,31.352156,15,2025-05-27,17.0,0.0,75.79,7.1,1.0,170.38,2025,5,27,41.0,0,USA_3006.csv
2025-05-28,3006,33.0,24.4,11.0,2.8,34.0,1.0,0,0,3,3,1,1,1,1,0.9797431966334628,-1.9106601123976543,7.395656,2.5584872,24.289312,-56.93541,15,2025-05-28,15.17,0.0,83.25,6.76,1.0,179.96,2025,5,28,34.0,0,USA_3006.csv
2025-05-29,3006,33.0,22.0,4.0,1.2,39.0,1.0,0,0,3,3,1,1,7,7,-3.3203292527840773,0.6800157694590371,8.399307,11.409014,-43.654358,23.39102,15,2025-05-29,15.8,0.0,80.88,6.33,1.0,127.71,2025,5,29,39.0,0,USA_3006.csv
2025-05-30,3006,31.0,34.6,4.6,2.8,61.0,1.2,2,2,1,1,4,4,8,8,-0.48897962924981825,4.990707010579663,13.857805,8.240468,31.272434,81.287346,15,2025-05-30,18.02,0.0,75.33,5.11,1.0,182.75,2025,5,30,61.0,0,USA_3006.csv
2025-05-31,3006,35.0,27.2,5.0,1.6,49.0,1.2,0,0,3,3,4,4,5,5,-2.0891923029249857,2.732051451807445,11.716516,10.256518,-2.4644341,79.875015,15,2025-05-31,18.23,0.0,80.62,7.01,1.0,179.38,2025,5,31,49.0,0,USA_3006.csv
2025-06-01,3006,35.0,24.8,7.6,2.4,52.0,1.6,2,2,1,1,4,4,5,5,-0.43549482685857555,2.5050084704276188,12.20867,6.632822,19.112669,28.927279,15,2025-06-01,18.08,0.0,81.29,6.71,1.0,180.88,2025,6,1,52.0,0,USA_3006.csv
2025-06-02,3006,32.0,17.2,6.4,2.4,33.0,1.4,0,0,3,3,1,1,7,7,-1.457165273891388,-1.7080848762507381,4.5446987,4.117596,-18.204191,-37.6927,15,2025-06-02,17.38,0.0,80.62,8.38,1.0,183.25,2025,6,2,33.0,0,USA_3006.csv
2025-06-03,3006,21.0,13.2,9.0,2.6,25.0,1.2,0,0,3,3,1,1,1,1,-1.2607049331905604,-4.228022716144389,6.145896,1.508898,25.190817,-81.50086,15,2025-06-03,16.78,0.0,79.08,7.2,1.0,252.67,2025,6,3,25.0,0,USA_3006.csv
2025-06-04,3006,21.0,17.0,6.8,3.0,29.0,1.0,0,0,3,3,1,1,1,1,-1.1993211564637927,-3.1091052853744037,5.778628,2.1047945,15.07491,-78.075386,15,2025-06-04,16.7,0.0,81.38,8.14,1.0,192.75,2025,6,4,29.0,0,USA_3006.csv
2025-06-05,3006,21.0,10.2,3.2,1.6,31.0,1.6,0,0,3,3,1,1,7,7,-4.510490342465926,-1.8991761949584787,19.08598,4.6313014,-52.951035,-41.500683,15,2025-06-05,16.53,0.0,80.08,6.94,1.0,223.79,2025,6,5,31.0,0,USA_3006.csv
2025-06-06,3006,30.0,29.0,8.6,2.4,30.0,1.4,0,0,3,3,1,1,1,1,-0.2754616992215087,-2.03032499158843,5.367315,4.088784,-1.9771562,-38.415268,15,2025-06-06,16.34,0.0,81.04,8.14,1.0,203.79,2025,6,6,30.0,0,USA_3006.csv
2025-06-07,3006,24.0,19.2,7.0,2.4,28.0,1.4,0,0,3,3,1,1,7,7,-1.655029163980904,-2.868581677247714,4.357704,1.4842523,-8.736443,-42.65626,15,2025-06-07,15.23,0.0,84.88,9.02,1.0,183.88,2025,6,7,28.0,0,USA_3006.csv
2025-06-08,3006,27.0,23.6,6.2,1.8,29.0,1.6,0,0,3,3,1,1,7,7,-2.2711373156720653,-1.9729129972482506,1.0307009,10.129196,-9.798319,-36.923416,15,2025-06-08,15.9,0.0,83.29,9.34,1.0,175.33,2025,6,8,29.0,0,USA_3006.csv
2025-06-09,3006,28.0,16.6,3.6,1.6,34.0,1.0,0,0,3,3,1,1,7,7,-3.545822989746457,-0.8713605467151545,3.236641,15.113016,-38.80103,-30.137203,15,2025-06-09,16.67,0.0,82.21,9.07,1.0,153.96,2025,6,9,34.0,0,USA_3006.csv
2025-06-10,3006,33.0,22.0,4.0,1.2,39.0,1.0,0,0,3,3,1,1,7,7,-3.3203292527840773,0.6800157694590371,8.398507,11.424595,-43.654438,23.391073,15,2025-06-10,16.84,0.0,83.5,7.04,1.0,186.79,2025,6,10,39.0,0,USA_3006.csv
2025-06-11,3006,35.0,22.0,8.0,1.6,38.0,3.2,0,0,3,3,1,1,5,5,-1.7387914935518558,-0.1527079986858975,8.348478,6.1187515,-17.543365,-10.107995,15,2025-06-11,17.1,0.0,82.38,6.46,1.0,161.79,2025,6,11,38.0,0,USA_3006.csv
2025-06-12,3006,36.0,26.8,3.4,2.2,44.0,1.0,0,0,3,3,4,4,5,5,-1.7980742359821231,1.6239351231082062,8.619499,9.481485,-22.766539,28.21255,15,2025-06-12,17.0,0.0,81.54,4.8,1.0,239.17,2025,6,12,44.0,0,USA_3006.csv
2025-06-13,3006,42.0,29.6,5.2,1.8,40.0,1.0,0,0,3,3,4,4,5,5,-1.2590367118163468,1.0226140947467863,9.553832,7.1098976,-24.799652,44.95022,15,2025-06-13,17.42,0.0,81.0,5.1,1.0,217.08,2025,6,13,42.0,0,USA_3006.csv
2025-06-14,3006,36.0,30.8,5.0,1.4,46.0,1.4,0,0,3,3,4,4,5,5,-2.131840938371524,2.426612865263452,21.959057,11.229907,-14.231162,76.383835,15,2025-06-14,17.54,0.0,82.46,5.01,1.0,197.42,2025,6,14,46.0,0,USA_3006.csv
2025-06-15,3006,34.0,25.0,5.2,2.0,43.0,1.2,0,0,3,3,4,4,5,5,-1.7291473986211665,1.145130097342415,12.496294,12.533819,-13.192172,20.16102,15,2025-06-15,18.86,0.0,75.75,5.54,1.0,207.92,2025,6,15,43.0,0,USA_3006.csv
2025-06-16,3006,39.0,24.0,6.0,1.6,49.0,1.0,0,0,3,3,4,4,5,5,-1.6870721239028406,2.504982808509389,11.997711,10.314381,-2.0060313,82.9981,15,2025-06-16,19.58,0.0,66.96,5.17,1.0,179.62,2025,6,16,49.0,0,USA_3006.csv
2025-06-17,3006,56.0,50.4,6.0,1.2,49.0,1.0,2,2,1,1,4,4,5,5,0.20140482459828188,4.43421995327516,11.930227,7.683902,22.159422,50.851692,15,2025-06-17,20.7,0.0,59.04,4.63,1.0,156.42,2025,6,17,56.0,0,USA_3006.csv
2025-06-18,3006,53.0,43.6,5.4,1.8,48.0,1.0,2,2,1,1,4,4,5,5,0.22683808363609997,3.601554690331371,11.449404,7.944542,11.583605,55.100723,15,2025-06-18,20.38,0.0,64.12,6.74,1.0,225.54,2025,6,18,53.0,0,USA_3006.csv
2025-06-19,3006,45.0,23.2,3.2,2.4,40.0,1.8,0,0,3,3,4,4,5,5,-1.398156077171212,0.7410897221635264,8.899822,7.793495,-15.844586,27.773714,15,2025-06-19,18.57,0.0,76.42,5.78,1.0,223.62,2025,6,19,45.0,0,USA_3006.csv
2025-06-20,3006,45.0,34.4,2.4,1.6,36.0,1.0,0,0,3,3,4,4,5,5,-1.9761507506320866,0.9810314323330741,8.752655,8.152864,-5.937771,34.849834,15,2025-06-20,17.5,0.0,76.46,5.12,1.0,148.88,2025,6,20,45.0,0,USA_3006.csv
2025-06-21,3006,48.0,24.4,6.0,1.6,35.0,1.0,0,0,3,3,1,1,5,5,-1.2105061262176844,-0.17127316421336986,8.117933,7.6577516,-2.457539,12.889039,15,2025-06-21,17.59,0.0,70.92,5.58,1.0,172.5,2025,6,21,48.0,0,USA_3006.csv
2025-06-22,3006,41.0,25.8,10.2,2.4,35.0,1.2,0,0,3,3,1,1,1,1,0.7474004075814412,-1.1697160454465971,9.146923,4.704271,3.4009626,-37.986908,15,2025-06-22,18.2,0.0,61.46,7.22,1.0,134.96,2025,6,22,41.0,0,USA_3006.csv
2025-06-23,3006,29.0,24.8,4.0,1.4,37.0,1.0,0,0,3,3,1,1,7,7,-3.1640533874444037,0.24218713713267032,7.9194894,13.363873,-46.935905,22.968182,15,2025-06-23,18.8,0.0,69.46,6.84,1.0,143.08,2025,6,23,37.0,0,USA_3006.csv
2025-06-24,3006,41.0,25.8,10.2,2.4,35.0,1.2,0,0,3,3,1,1,1,1,0.7474004075814412,-1.1697160454465971,9.144628,4.703887,3.400919,-37.986427,15,2025-06-24,17.3,0.0,80.62,7.17,1.0,181.12,2025,6,24,41.0,0,USA_3006.csv
2025-06-25,3006,28.0,37.8,4.4,1.6,39.0,1.2,0,0,3,3,4,4,5,5,-2.1729949637306345,1.1787010989826074,9.600189,10.439379,-33.915447,44.97527,15,2025-06-25,16.79,0.0,83.21,7.7,1.0,170.46,2025,6,25,39.0,0,USA_3006.csv
2025-06-26,3006,28.0,25.2,4.6,1.6,44.0,1.4,0,0,3,3,4,4,5,5,-2.7791330138707204,1.516743025723687,9.802367,13.121248,-44.49915,42.423897,15,2025-06-26,16.96,0.0,82.79,6.96,1.0,150.33,2025,6,26,44.0,0,USA_3006.csv
2025-06-27,3006,32.0,28.0,6.2,1.4,48.0,1.2,0,0,3,3,4,4,5,5,-2.1026634318738924,2.4456906181289284,11.810028,10.773236,-1.2484914,84.490456,15,2025-06-27,17.9,0.0,80.88,6.32,1.0,170.38,2025,6,27,48.0,0,USA_3006.csv
2025-06-28,3006,40.0,40.6,4.8,1.6,45.0,1.0,0,0,3,3,4,4,5,5,-1.1440501271567018,2.741641129540243,10.516101,9.177059,-7.481796,58.942127,15,2025-06-28,17.64,0.0,83.38,5.28,1.0,183.75,2025,6,28,45.0,0,USA_3006.csv
2025-06-29,3006,34.0,25.0,5.2,2.0,43.0,1.2,0,0,3,3,4,4,5,5,-1.7291473986211665,1.145130097342415,12.50063,12.540091,-13.192092,20.160725,15,2025-06-29,16.68,0.0,82.88,6.18,1.0,226.21,2025,6,29,43.0,0,USA_3006.csv
2025-06-30,3006,25.0,23.8,4.8,1.2,42.0,1.0,0,0,3,3,1,1,5,5,-3.4264999633673177,1.126424507952541,7.8663573,12.775886,-50.228954,32.063267,15,2025-06-30,16.32,0.0,85.75,7.34,1.0,237.62,2025,6,30,42.0,0,USA_3006.csv
2025-07-01,3006,22.0,29.2,6.4,1.8,35.0,1.6,0,0,3,3,1,1,7,7,-2.1736254959400108,-0.5693259015948623,6.5690184,14.843204,-9.498959,-25.037457,15,2025-07-01,15.94,0.0,86.08,6.71,1.0,230.96,2025,7,1,35.0,0,USA_3006.csv
2025-07-02,3006,19.0,15.6,4.6,2.0,35.0,1.2,0,0,3,3,1,1,7,7,-3.3296046544767806,-1.2168295511926355,1.0227379,9.44458,-60.659313,-33.5413,15,2025-07-02,16.47,0.0,84.92,7.12,1.0,180.83,2025,7,2,35.0,0,USA_3006.csv
2025-07-03,3006,31.0,30.4,5.0,1.6,40.0,1.0,0,0,3,3,4,4,5,5,-2.171896538129253,0.9675357701613431,12.13161,-4.868051,-29.094147,46.39694,15,2025-07-03,17.83,0.0,80.5,6.63,1.0,157.54,2025,7,3,40.0,0,USA_3006.csv
2025-07-04,3006,37.0,16.0,6.0,1.6,36.0,2.6,0,0,3,3,1,1,7,7,-2.4982091843827994,-0.5915841128043068,17.230764,5.8068733,-22.792599,-13.366243,15,2025-07-04,18.4,0.0,80.04,6.46,1.0,180.67,2025,7,4,37.0,0,USA_3006.csv
2025-07-05,3006,37.0,35.6,4.4,1.2,42.0,1.2,0,0,3,3,4,4,5,5,-2.2519933274125132,2.049012439206331,9.735159,10.040009,-37.90537,65.33527,15,2025-07-05,19.13,0.0,72.92,6.71,1.0,215.25,2025,7,5,42.0,0,USA_3006.csv
2025-07-06,3006,53.0,25.0,11.0,2.6,13.0,1.6,0,0,3,3,5,5,10,10,1.7453844606701483,-5.68538491735699,8.846355,2.0187862,39.841923,-40.96999,15,2025-07-06,18.41,0.0,77.5,6.0,1.0,182.42,2025,7,6,53.0,0,USA_3006.csv
2025-07-07,3006,32.0,24.8,4.0,2.0,37.0,1.0,0,0,3,3,1,1,7,7,-2.235691766908435,0.01567210424474567,7.9105725,9.550567,-26.85989,24.338354,15,2025-07-07,17.55,0.0,80.38,6.5,1.0,178.62,2025,7,7,37.0,0,USA_3006.csv
2025-07-08,3006,30.0,31.2,7.4,2.2,42.0,1.0,0,0,3,3,4,4,5,5,-0.6740897348756024,0.7968804447223077,9.694676,6.123267,8.703001,7.41647,15,2025-07-08,17.53,0.0,82.08,6.35,1.0,205.58,2025,7,8,42.0,0,USA_3006.csv
2025-07-09,3006,26.0,21.2,6.4,1.6,39.0,1.0,0,0,3,3,1,1,7,7,-2.5183493231064507,-0.010665810046866453,5.3885946,13.711042,-12.786238,-3.3041916,15,2025-07-09,19.03,0.0,75.96,5.87,1.0,195.62,2025,7,9,39.0,0,USA_3006.csv
2025-07-10,3006,27.0,17.4,4.0,1.0,42.0,1.0,0,0,3,3,1,1,7,7,-4.150303810096396,1.0284752874403318,7.164168,12.705474,-55.23649,39.29542,15,2025-07-10,19.88,0.0,71.04,4.96,1.0,185.71,2025,7,10,42.0,0,USA_3006.csv
2025-07-11,3006,31.0,21.2,5.4,1.4,43.0,1.2,0,0,3,3,1,1,5,5,-2.7963701172106865,1.1437592570288586,9.709636,11.8899355,-32.167774,18.660349,15,2025-07-11,19.45,0.0,78.29,5.65,1.0,170.33,2025,7,11,43.0,0,USA_3006.csv
2025-07-12,3006,44.0,20.8,4.8,1.4,42.0,1.0,0,0,3,3,4,4,5,5,-2.226155988561214,1.2509498312822,9.038388,9.98349,-18.74151,38.373737,15,2025-07-12,19.05,0.0,81.5,5.77,1.0,190.0,2025,7,12,44.0,0,USA_3006.csv
2025-07-13,3006,45.0,25.0,4.2,1.6,35.0,1.0,0,0,3,3,1,1,5,5,-1.916498952456725,0.03900289834342056,7.6530743,8.284745,-20.153471,32.167557,15,2025-07-13,17.75,0.0,84.5,7.03,1.0,244.21,2025,7,13,45.0,0,USA_3006.csv
2025-07-14,3006,26.0,13.0,4.2,1.2,34.0,1.0,0,0,3,3,1,1,7,7,-4.167922803077247,-0.9905948820149924,3.3984418,9.807976,-77.92735,-15.266696,15,2025-07-14,17.24,0.0,84.29,7.55,1.0,191.33,2025,7,14,34.0,0,USA_3006.csv
2025-07-15,3006,27.0,24.8,2.6,1.2,40.0,1.0,0,0,3,3,1,1,7,7,-3.9546667806269458,1.0995956968383802,6.5534844,11.281621,-65.9421,42.428818,15,2025-07-15,18.73,0.0,80.21,5.95,1.0,217.12,2025,7,15,40.0,0,USA_3006.csv
2025-07-16,3006,32.0,19.6,6.4,1.4,34.0,1.4,0,0,3,3,1,1,7,7,-2.580632155862404,-0.8981255504920754,0.7531374,4.5601425,-26.923958,-38.89719,15,2025-07-16,18.14,0.0,80.25,5.83,1.0,184.33,2025,7,16,34.0,0,USA_3006.csv
2025-07-17,3006,30.0,20.6,7.8,2.4,37.0,1.0,0,0,3,3,1,1,1,1,-0.8845308925898543,-0.9408387289433502,16.967049,6.8572726,-2.2073083,-47.47931,15,2025-07-17,17.78,0.0,81.38,5.09,1.0,177.42,2025,7,17,37.0,0,USA_3006.csv
2025-07-18,3006,22.0,18.2,4.4,2.0,34.0,1.4,0,0,3,3,1,1,7,7,-3.1100663120086742,-1.1933525856073164,-0.26323682,-4.974781,-50.447792,-33.501656,15,2025-07-18,17.52,0.0,84.21,5.77,1.0,205.88,2025,7,18,34.0,0,USA_3006.csv
2025-07-19,3006,22.0,26.6,4.4,1.4,36.0,1.2,0,0,3,3,1,1,7,7,-3.382580884646984,-0.05563959546529759,6.1595216,13.313999,-46.168762,1.419431,15,2025-07-19,18.6,0.0,81.0,6.8,1.0,191.67,2025,7,19,36.0,0,USA_3006.csv
2025-07-20,3006,30.0,19.2,4.0,1.4,36.0,1.6,0,0,3,3,1,1,7,7,-3.4846966385648983,-0.22561833130220563,3.586075,-0.77784556,-46.552628,19.488613,15,2025-07-20,18.26,0.0,81.17,6.72,1.0,176.58,2025,7,20,36.0,0,USA_3006.csv
2025-07-21,3006,31.0,13.2,4.0,2.4,34.0,1.4,0,0,3,3,1,1,7,7,-2.4729328623176094,-1.4167875706791555,15.099495,12.345191,-44.555073,-31.050304,15,2025-07-21,18.29,0.0,82.33,6.35,1.0,200.92,2025,7,21,34.0,0,USA_3006.csv
2025-07-22,3006,28.0,15.4,4.4,1.6,33.0,1.0,0,0,3,3,1,1,7,7,-3.3642531502998274,-1.2463782254201468,3.2366896,15.112943,-37.35858,-31.210588,15,2025-07-22,18.37,0.0,81.62,7.01,1.0,176.92,2025,7,22,33.0,0,USA_3006.csv
2025-07-23,3006,21.0,15.4,9.8,2.2,32.0,1.0,0,0,3,3,1,1,1,1,-1.3356985623245465,-2.592798367556727,4.5020027,2.256738,1.195226,-66.2619,15,2025-07-23,17.96,0.0,81.54,7.22,1.0,166.0,2025,7,23,32.0,0,USA_3006.csv
2025-07-24,3006,21.0,16.2,9.0,2.2,27.0,1.0,0,0,3,3,1,1,1,1,-1.568286657916317,-3.4719703522551244,4.5154104,3.4077873,-2.1712887,-73.56541,15,2025-07-24,17.6,0.0,81.08,6.37,1.0,174.75,2025,7,24,27.0,0,USA_3006.csv
2025-07-25,3006,12.0,23.8,13.2,1.8,29.0,1.0,0,0,3,3,1,1,1,1,-0.8695268211431167,-3.202842449252677,5.337926,2.9268448,9.459228,-67.29391,15,2025-07-25,17.29,0.0,82.17,5.96,1.0,189.96,2025,7,25,29.0,0,USA_3006.csv
2025-07-26,3006,11.0,11.4,4.6,1.6,33.0,11.0,0,0,2,2,3,3,0,0,-5.792052910257285,-1.5813545982709754,8.201301,-11.445427,-92.1482,-80.29623,15,2025-07-26,17.83,0.0,79.92,7.59,1.0,195.88,2025,7,26,33.0,0,USA_3006.csv
2025-07-27,3006,23.0,22.6,4.8,1.8,32.0,11.0,0,0,2,2,3,3,0,0,-4.189849234671938,-1.0758073629890699,17.221285,-6.4587064,-72.84337,-57.920795,15,2025-07-27,18.41,0.0,78.54,6.91,1.0,185.0,2025,7,27,32.0,0,USA_3006.csv
2025-07-28,3006,19.0,15.0,6.2,2.4,32.0,1.6,0,0,3,3,1,1,7,7,-2.4252544058305605,-2.258158801220887,11.885179,15.694605,-33.690403,-74.85077,15,2025-07-28,17.81,0.0,82.71,6.79,1.0,175.71,2025,7,28,32.0,0,USA_3006.csv
2025-07-29,3006,16.0,12.0,4.0,1.8,36.0,1.0,0,0,3,3,1,1,7,7,-4.103406905142334,-1.0919391567029573,3.8378632,16.03613,-68.30759,-34.058315,15,2025-07-29,17.75,0.0,83.62,6.78,1.0,194.92,2025,7,29,36.0,0,USA_3006.csv
2025-07-30,3006,21.0,15.6,9.0,1.2,38.0,1.0,0,0,3,3,1,1,7,7,-2.8010523246928067,-0.7660344870521681,23.600733,8.327267,-26.170458,-53.825348,15,2025-07-30,18.13,0.0,81.38,7.01,1.0,203.83,2025,7,30,38.0,0,USA_3006.csv
2025-07-31,3006,30.0,25.0,8.4,2.4,39.0,1.6,0,0,3,3,1,1,1,1,-0.530999306079658,-0.36151702691400733,16.842796,6.7937927,11.236549,0.47386935,15,2025-07-31,18.73,0.0,78.38,5.57,1.0,188.92,2025,7,31,39.0,0,USA_3006.csv
2025-08-01,3006,30.0,25.0,7.8,1.8,40.0,1.0,0,0,3,3,1,1,5,5,-1.3898068002851418,0.19521754978797579,9.765137,6.1928205,-8.8583145,3.4175692,15,2025-08-01,18.49,0.0,81.42,6.63,1.0,214.42,2025,8,1,40.0,0,USA_3006.csv
2025-08-02,3006,25.0,24.8,5.6,1.2,36.0,1.0,0,0,3,3,1,1,7,7,-3.153181563625229,-0.1594802708667343,5.0642285,14.534778,-47.676926,-1.5329612,15,2025-08-02,17.69,0.0,83.33,6.03,1.0,185.25,2025,8,2,36.0,0,USA_3006.csv
2025-08-03,3006,30.0,25.0,8.4,2.4,39.0,1.6,0,0,3,3,1,1,1,1,-0.530999306079658,-0.36151702691400733,16.849358,6.804277,11.236548,0.4737886,15,2025-08-03,18.25,0.0,82.29,5.12,1.0,174.67,2025,8,3,39.0,0,USA_3006.csv
2025-08-04,3006,39.0,33.4,5.0,1.6,44.0,1.0,0,0,3,3,4,4,5,5,-1.5264043212217344,2.10810496160581,10.798389,10.4547,-11.155254,56.68525,15,2025-08-04,18.4,0.0,79.62,4.3,1.0,189.21,2025,8,4,44.0,0,USA_3006.csv
2025-08-05,3006,56.0,52.2,7.2,2.6,53.0,1.0,2,2,1,1,4,4,8,8,2.4497768090798258,4.524579690212066,13.110688,6.4961667,38.275204,53.6924,15,2025-08-05,19.46,0.0,75.92,5.23,1.0,224.29,2025,8,5,56.0,0,USA_3006.csv
2025-08-06,3006,60.0,48.8,6.0,2.2,58.0,1.2,2,2,1,1,4,4,8,8,1.624541177462276,5.806281160341211,13.092821,7.2288322,32.897896,57.535423,15,2025-08-06,20.23,0.0,69.38,5.34,1.0,178.21,2025,8,6,60.0,0,USA_3006.csv
2025-08-07,3006,55.0,26.6,8.0,1.6,45.0,1.8,2,2,3,3,4,4,5,5,-0.11351813071862935,1.894551339871719,11.169245,8.155479,-2.3499546,51.187634,15,2025-08-07,19.92,0.0,74.12,5.64,1.0,197.38,2025,8,7,55.0,0,USA_3006.csv
2025-08-08,3006,46.0,31.0,4.4,2.4,44.0,1.0,0,0,3,3,4,4,5,5,-0.42840886277770235,1.8181581879688535,10.160284,7.858368,2.4637177,40.63485,15,2025-08-08,19.68,0.0,74.21,4.89,1.0,218.29,2025,8,8,46.0,0,USA_3006.csv
2025-08-09,3006,96.0,9.6,3.8,2.4,32.0,2.4,0,0,3,3,4,4,10,10,0.9263773068281624,-0.6713340652986747,10.862241,3.16443,59.1113,1.2256781,15,2025-08-09,17.67,0.0,83.33,5.83,1.0,200.0,2025,8,9,96.0,0,USA_3006.csv
2025-08-10,3006,35.0,19.2,3.0,1.0,35.0,1.0,0,0,3,3,1,1,7,7,-3.935750672294954,-0.022640741634099022,5.9925246,10.547397,-71.20231,24.003464,15,2025-08-10,17.6,0.0,86.42,6.78,1.0,180.25,2025,8,10,35.0,0,USA_3006.csv
2025-08-11,3006,26.0,23.8,6.2,1.8,43.0,1.0,0,0,3,3,1,1,5,5,-2.172080840427741,0.88015934305183,9.33601,6.7304506,-13.739305,8.707315,15,2025-08-11,17.93,0.0,81.46,5.68,1.0,166.79,2025,8,11,43.0,0,USA_3006.csv
2025-08-12,3006,34.0,35.6,3.0,1.2,42.0,1.2,0,0,3,3,4,4,5,5,-2.864716361569246,2.1745287456529123,8.849539,10.305284,-45.37227,68.693085,15,2025-08-12,18.82,0.0,80.75,4.83,1.0,186.5,2025,8,12,42.0,0,USA_3006.csv
2025-08-13,3006,38.0,33.6,4.0,1.6,40.0,1.0,0,0,3,3,4,4,5,5,-1.9066835862269784,1.4091629291442445,18.359898,2.7668927,-25.654675,40.714905,15,2025-08-13,18.09,0.0,86.21,4.51,1.0,210.04,2025,8,13,40.0,0,USA_3006.csv
2025-08-14,3006,42.0,20.2,5.2,3.0,36.0,1.0,0,0,3,3,1,1,7,7,-0.2703447187561985,-0.8703030855129266,8.295135,3.691313,24.487722,-13.374679,15,2025-08-14,17.95,0.0,86.38,4.8,1.0,192.08,2025,8,14,42.0,0,USA_3006.csv
2025-08-15,3006,31.0,30.4,5.0,1.6,40.0,1.0,0,0,3,3,4,4,5,5,-2.171896538129253,0.9675357701613431,12.131773,-4.8683424,-29.093182,46.397552,15,2025-08-15,18.89,0.0,82.42,5.71,1.0,165.38,2025,8,15,40.0,0,USA_3006.csv
2025-08-16,3006,36.0,17.4,7.8,2.0,34.0,1.4,0,0,3,3,1,1,7,7,-1.2727991239523624,-1.4066534558803474,6.2916846,4.5693917,0.9626997,-33.85108,15,2025-08-16,18.86,0.0,82.42,7.14,1.0,177.88,2025,8,16,36.0,0,USA_3006.csv
2025-08-17,3006,31.0,20.8,5.8,1.4,33.0,1.4,0,0,3,3,1,1,7,7,-2.767934014351645,-0.9805299613252298,0.75394857,4.5609226,-27.300974,-38.294434,15,2025-08-17,19.41,0.0,80.79,6.78,1.0,217.67,2025,8,17,33.0,0,USA_3006.csv
2025-08-18,3006,24.0,21.4,5.2,1.6,37.0,1.0,0,0,3,3,1,1,7,7,-3.0095506224065725,-0.29207838430165906,4.9224625,13.732046,-42.724022,0.35610506,15,2025-08-18,20.0,0.0,80.75,6.8,1.0,211.17,2025,8,18,37.0,0,USA_3006.csv
2025-08-19,3006,28.0,16.8,4.0,2.2,36.0,1.6,0,0,3,3,1,1,7,7,-2.7240408137221803,-0.774520930119308,20.733334,8.44241,-45.06821,-28.751348,15,2025-08-19,20.61,0.0,74.46,6.73,1.0,213.92,2025,8,19,36.0,0,USA_3006.csv
2025-08-20,3006,25.0,24.4,5.2,1.8,45.0,1.0,0,0,3,3,4,4,5,5,-2.501341844904689,1.435407038047729,10.8919735,11.857018,-41.73229,42.42238,15,2025-08-20,21.3,0.0,65.33,5.58,1.0,151.58,2025,8,20,45.0,0,USA_3006.csv
2025-08-21,3006,24.0,30.2,5.2,1.6,59.0,1.0,2,2,1,1,4,4,8,8,-2.4338251256950554,4.6952962976352275,13.006918,9.927809,0.37601775,97.03653,15,2025-08-21,23.41,0.0,64.96,4.73,1.0,181.67,2025,8,21,59.0,0,USA_3006.csv
2025-08-22,3006,32.0,35.6,4.6,1.8,59.0,1.0,2,2,1,1,4,4,8,8,-1.6174915577615152,5.125063576052093,13.444503,8.530716,31.68241,76.48578,15,2025-08-22,23.54,0.0,67.38,5.03,1.0,193.33,2025,8,22,59.0,0,USA_3006.csv
2025-08-23,3006,36.0,23.4,3.6,1.4,47.0,1.4,0,0,3,3,4,4,5,5,-2.9568048645647607,2.4252539499644183,10.145342,10.662098,-25.40509,80.62651,15,2025-08-23,22.52,0.0,74.25,5.05,1.0,186.67,2025,8,23,47.0,0,USA_3006.csv
2025-08-24,3006,39.0,33.4,5.0,1.6,44.0,1.0,0,0,3,3,4,4,5,5,-1.5264043212217344,2.10810496160581,10.817767,10.468645,-11.155002,56.68691,15,2025-08-24,21.96,0.0,78.79,5.76,1.0,186.62,2025,8,24,44.0,0,USA_3006.csv
2025-08-25,3006,34.0,35.6,3.0,1.2,42.0,1.2,0,0,3,3,4,4,5,5,-2.864716361569246,2.1745287456529123,8.842029,10.3036175,-45.372272,68.69196,15,2025-08-25,21.35,0.0,78.21,5.87,1.0,175.62,2025,8,25,42.0,0,USA_3006.csv
2025-08-26,3006,24.0,28.6,4.2,1.4,42.0,1.0,0,0,3,3,1,1,5,5,-3.1669093333450737,1.3448730619190563,7.6253633,12.965541,-46.95127,36.793537,15,2025-08-26,20.1,0.0,82.79,5.78,1.0,162.83,2025,8,26,42.0,0,USA_3006.csv
2025-08-27,3006,37.0,27.2,7.0,2.6,40.0,1.0,0,0,3,3,4,4,5,5,-0.11055107890462593,0.1755579880428105,11.0549345,5.180665,2.9452577,5.085975,15,2025-08-27,19.28,0.0,81.5,5.51,1.0,197.33,2025,8,27,40.0,0,USA_3006.csv
2025-08-28,3006,28.0,22.6,5.4,1.6,41.0,1.0,0,0,3,3,1,1,5,5,-2.6302300888287213,0.6468226150787746,6.7320924,14.099873,-35.381565,18.639269,15,2025-08-28,20.53,0.0,72.62,4.8,1.0,153.58,2025,8,28,41.0,0,USA_3006.csv
2025-08-29,3006,26.0,22.4,4.8,1.0,42.0,1.0,0,0,3,3,1,1,5,5,-3.693498129131868,1.1676200015650418,7.8631897,12.759457,-50.84996,32.532845,15,2025-08-29,21.76,0.0,65.42,4.73,1.0,188.25,2025,8,29,42.0,0,USA_3006.csv
2025-08-30,3006,25.0,24.4,5.2,1.8,45.0,1.0,0,0,3,3,4,4,5,5,-2.501341844904689,1.435407038047729,10.856485,11.827285,-41.73229,42.42238,15,2025-08-30,22.1,0.0,62.62,5.26,1.0,172.58,2025,8,30,45.0,0,USA_3006.csv
2025-08-31,3006,32.0,31.0,5.0,1.4,47.0,1.2,0,0,3,3,4,4,5,5,-2.323843982485456,2.558073747052939,21.977676,11.240588,-24.620089,91.09375,15,2025-08-31,22.43,0.0,68.83,4.78,1.0,153.5,2025,8,31,47.0,0,USA_3006.csv
2025-09-01,3006,34.0,33.0,6.0,1.4,33.0,1.4,0,0,3,3,1,1,5,5,-1.8838319301900233,-0.30054920594445533,16.202848,10.680313,-34.64797,0.27444032,15,2025-09-01,22.37,0.0,73.62,5.21,1.0,173.71,2025,9,1,34.0,0,USA_3006.csv
2025-09-02,3006,27.0,19.6,6.0,1.2,43.0,1.0,0,0,3,3,1,1,5,5,-3.1522640573469403,0.990332186830695,9.995894,12.165493,-32.01489,13.556805,15,2025-09-02,21.11,0.0,83.12,6.74,1.0,247.21,2025,9,2,43.0,0,USA_3006.csv
2025-09-03,3006,31.0,21.2,5.4,1.4,43.0,1.2,0,0,3,3,1,1,5,5,-2.7963701172106865,1.1437592570288586,9.718026,11.878488,-32.167774,18.660349,15,2025-09-03,21.92,0.0,82.67,5.76,1.0,195.62,2025,9,3,43.0,0,USA_3006.csv
2025-09-04,3006,28.0,37.8,4.4,1.6,39.0,1.2,0,0,3,3,4,4,5,5,-2.1729949637306345,1.1787010989826074,9.585195,10.425649,-33.915325,44.97617,15,2025-09-04,21.02,0.0,81.79,5.61,1.0,186.17,2025,9,4,39.0,0,USA_3006.csv
2025-09-05,3006,24.0,28.6,4.2,1.4,42.0,1.0,0,0,3,3,1,1,5,5,-3.1669093333450737,1.3448730619190563,7.6273026,12.9685755,-46.95216,36.79393,15,2025-09-05,20.15,0.0,83.42,5.51,1.0,163.12,2025,9,5,42.0,0,USA_3006.csv
2025-09-06,3006,24.0,22.4,4.6,1.6,43.0,1.0,0,0,3,3,1,1,5,5,-3.114336693307167,1.0733504968027427,9.916505,12.971822,-43.789104,40.614056,15,2025-09-06,19.77,0.0,77.96,5.6,1.0,175.83,2025,9,6,43.0,0,USA_3006.csv
2025-09-07,3006,24.0,17.0,4.2,1.8,40.0,1.2,0,0,3,3,1,1,7,7,-3.315117936767292,0.13300595497348602,3.6179104,13.127274,-44.426224,-5.208224,15,2025-09-07,20.52,0.0,69.17,4.79,1.0,174.12,2025,9,7,40.0,0,USA_3006.csv
2025-09-08,3006,15.0,10.8,4.2,1.2,31.0,1.0,0,0,3,3,1,1,7,7,-4.941027287314938,-1.943103670185884,2.6203938,10.151677,-84.76731,-16.936558,15,2025-09-08,19.93,0.0,76.67,5.22,1.0,196.33,2025,9,8,31.0,0,USA_3006.csv
2025-09-09,3006,12.0,23.8,13.2,1.8,29.0,1.0,0,0,3,3,1,1,1,1,-0.8695268211431167,-3.202842449252677,5.361455,2.9445343,9.459228,-67.29391,15,2025-09-09,20.08,0.0,83.58,5.46,1.0,181.08,2025,9,9,29.0,0,USA_3006.csv
2025-09-10,3006,16.0,11.0,6.6,2.0,27.0,1.0,0,0,3,3,1,1,7,7,-3.137057700264084,-3.43410760822585,3.296651,4.8252106,-11.181652,-87.22692,15,2025-09-10,19.98,0.0,82.17,6.96,1.0,188.17,2025,9,10,27.0,0,USA_3006.csv
2025-09-11,3006,14.0,17.6,4.0,1.6,30.0,1.0,0,0,3,3,1,1,7,7,-4.204212765033551,-1.9725599835885819,1.9037436,7.458673,-55.941025,-49.22437,15,2025-09-11,19.52,0.0,83.58,7.0,1.0,150.5,2025,9,11,30.0,0,USA_3006.csv
2025-09-12,3006,20.0,15.0,3.6,1.8,32.0,1.6,0,0,3,3,1,1,7,7,-3.933257080807759,-1.6076264096423025,-4.076031,6.9546328,-54.36403,-34.194363,15,2025-09-12,19.82,0.0,76.75,5.43,1.0,137.25,2025,9,12,32.0,0,USA_3006.csv
2025-09-13,3006,20.0,15.0,3.6,1.8,32.0,1.6,0,0,3,3,1,1,7,7,-3.933257080807759,-1.6076264096423025,-4.076289,6.9546075,-54.36401,-34.19445,15,2025-09-13,19.8,0.0,82.54,6.4,1.0,146.92,2025,9,13,32.0,0,USA_3006.csv
2025-09-14,3006,31.0,13.2,4.0,2.4,34.0,1.4,0,0,3,3,1,1,7,7,-2.4729328623176094,-1.4167875706791555,15.104483,12.350938,-44.55521,-31.049826,15,2025-09-14,19.42,0.0,83.29,6.35,1.0,134.17,2025,9,14,34.0,0,USA_3006.csv
2025-09-15,3006,33.0,23.6,5.2,1.8,44.0,1.0,0,0,3,3,4,4,5,5,-2.0820943386790978,1.347078911608423,10.815646,11.381122,-13.972131,20.085184,15,2025-09-15,20.24,0.0,85.33,5.88,1.0,161.67,2025,9,15,44.0,0,USA_3006.csv
2025-09-16,3006,39.0,36.2,4.8,1.6,42.0,1.2,0,0,3,3,4,4,5,5,-1.476217170069336,1.8768446992824124,10.090422,9.037309,-9.924774,57.04399,15,2025-09-16,20.42,0.0,84.83,4.63,1.0,225.21,2025,9,16,42.0,0,USA_3006.csv
2025-09-17,3006,24.0,18.8,9.0,2.4,30.0,1.4,0,0,3,3,1,1,1,1,-1.0409435188189329,-2.7435796133410846,3.1053154,2.8532367,2.5114005,-62.70843,15,2025-09-17,21.24,0.0,81.71,6.4,1.0,235.38,2025,9,17,30.0,0,USA_3006.csv
2025-09-18,3006,18.0,13.4,6.2,2.6,25.0,2.6,0,0,3,3,1,1,7,7,-2.4807192947628773,-3.87258668587909,-1.5982896,3.180206,4.91483,-92.96379,15,2025-09-18,20.13,0.0,88.46,5.12,1.0,150.04,2025,9,18,25.0,0,USA_3006.csv
2025-09-19,3006,26.0,32.8,4.6,1.6,30.0,1.4,0,0,3,3,1,1,7,7,-2.5625725644578297,-0.9973111848154027,13.015987,13.709582,-31.320065,-1.0103247,15,2025-09-19,21.13,0.0,91.71,4.59,1.0,176.29,2025,9,19,32.8,0,USA_3006.csv
2025-09-20,3006,35.0,23.4,7.8,3.0,32.0,1.6,0,0,3,3,1,1,1,1,0.2068259159881771,-1.9919910252564488,11.878227,13.95192,14.879491,-50.812595,15,2025-09-20,20.76,0.0,91.96,5.04,1.0,167.33,2025,9,20,35.0,0,USA_3006.csv
2025-09-21,3006,19.0,15.0,6.2,2.4,32.0,1.6,0,0,3,3,1,1,7,7,-2.4252544058305605,-2.258158801220887,11.885119,15.694664,-33.69038,-74.850746,15,2025-09-21,19.82,0.0,91.08,5.07,1.0,145.5,2025,9,21,32.0,0,USA_3006.csv
2025-09-22,3006,26.0,28.0,4.2,1.6,38.0,2.6,0,0,3,3,1,1,7,7,-3.056691523005978,0.474336606206689,6.8071632,7.439411,-35.69233,-7.5540314,15,2025-09-22,20.1,0.0,87.33,4.1,1.0,192.33,2025,9,22,38.0,0,USA_3006.csv
2025-09-23,3006,19.0,19.4,5.0,1.0,48.0,1.0,0,0,3,3,4,4,5,5,-4.168430923706949,2.0754996038900337,10.608818,12.338978,-51.218018,48.627537,15,2025-09-23,20.97,0.0,84.46,4.22,1.0,142.08,2025,9,23,48.0,0,USA_3006.csv
2025-09-24,3006,24.0,16.6,5.8,2.0,31.0,11.4,0,0,2,2,3,3,0,0,-3.9421567676242053,-1.7975137408444737,15.289188,-7.134984,-70.50299,-57.416824,15,2025-09-24,21.4,0.0,89.67,6.89,1.0,212.25,2025,9,24,31.0,0,USA_3006.csv
2025-09-25,3006,28.0,20.0,6.4,1.4,29.0,1.6,0,0,3,3,1,1,7,7,-2.843325337034116,-1.9793492860211621,4.2899165,7.2728024,-25.028717,-42.731323,15,2025-09-25,19.41,0.0,93.38,6.24,1.0,153.25,2025,9,25,29.0,0,USA_3006.csv
2025-09-26,3006,24.0,14.4,5.6,2.2,34.0,1.0,0,0,3,3,1,1,7,7,-2.517002653869479,-1.6188978813730948,9.303802,17.437235,-32.725166,-67.97153,15,2025-09-26,19.57,0.0,89.58,5.87,1.0,139.58,2025,9,26,34.0,0,USA_3006.csv
2025-09-27,3006,24.0,20.8,6.2,3.0,29.0,1.4,0,0,3,3,1,1,1,1,-1.0620190529745306,-2.7587175116103713,5.538691,2.1405196,16.40917,-77.017426,15,2025-09-27,19.68,0.0,88.42,4.66,1.0,140.5,2025,9,27,29.0,0,USA_3006.csv
2025-09-28,3006,16.0,19.2,5.6,1.8,33.0,1.0,0,0,3,3,1,1,7,7,-3.2364477404199072,-1.5386563416728916,0.53661466,5.7576494,-30.702526,-60.52315,15,2025-09-28,19.21,0.0,86.75,5.22,1.0,117.29,2025,9,28,33.0,0,USA_3006.csv
2025-09-29,3006,20.0,13.2,9.4,1.8,35.0,1.8,0,0,3,3,1,1,1,1,-2.2259789517722366,-1.8495846431878915,1.9173837,0.12487058,-3.5703695,-57.297962,15,2025-09-29,18.71,0.0,84.46,4.27,1.0,158.04,2025,9,29,35.0,0,USA_3006.csv
2025-09-30,3006,20.0,13.2,9.4,1.8,35.0,1.8,0,0,3,3,1,1,1,1,-2.2259789517722366,-1.8495846431878915,1.9178804,0.12564443,-3.5704253,-57.298233,15,2025-09-30,18.7,0.0,84.67,6.93,1.0,165.33,2025,9,30,35.0,0,USA_3006.csv
2025-10-01,3006,23.0,21.2,7.2,2.0,30.0,1.4,0,0,3,3,1,1,7,7,-2.0371378533536357,-2.2071047755984075,3.1381452,4.5139756,-11.426069,-43.395126,15,2025-10-01,18.52,0.0,84.29,6.45,1.0,138.21,2025,10,1,30.0,0,USA_3006.csv
2025-10-02,3006,22.0,23.0,5.8,1.6,38.0,1.0,0,0,3,3,1,1,7,7,-2.848833013118096,-0.12110835260662672,5.009284,13.820475,-41.93206,1.7099009,15,2025-10-02,18.65,0.0,85.46,6.39,1.0,140.33,2025,10,2,38.0,0,USA_3006.csv
2025-10-03,3006,22.0,19.0,4.0,1.8,29.0,1.0,0,0,3,3,1,1,7,7,-3.41724091400328,-2.03973587539825,2.3381317,7.765909,-45.04726,-41.454666,15,2025-10-03,19.81,0.0,85.75,7.98,1.0,161.0,2025,10,3,29.0,0,USA_3006.csv
2025-10-04,3006,13.0,13.4,2.8,1.4,36.0,20.6,0,0,2,2,3,3,4,4,-7.603737168175336,-0.2523031897637425,-6.82121,11.002334,-125.632126,-0.3492353,15,2025-10-04,17.49,0.0,68.29,8.16,1.0,160.38,2025,10,4,36.0,0,USA_3006.csv
2025-10-05,3006,14.0,19.2,3.8,1.4,42.0,1.0,0,0,3,3,1,1,7,7,-4.373438549505538,0.7001514865145225,6.147203,12.884137,-57.7202,27.691723,15,2025-10-05,17.54,0.0,70.75,5.55,1.0,116.79,2025,10,5,42.0,0,USA_3006.csv
2025-10-06,3006,25.0,22.2,6.2,1.8,39.0,1.0,0,0,3,3,1,1,7,7,-2.335085226814038,-0.046582526246821715,-4.0953417,13.719496,-11.653292,-4.6310186,15,2025-10-06,17.81,0.0,85.75,4.75,1.0,135.46,2025,10,6,39.0,0,USA_3006.csv
2025-10-07,3006,27.0,36.6,3.8,1.8,36.0,1.0,0,0,3,3,1,1,5,5,-2.220571362223001,0.4577928088627423,20.152716,4.18407,-28.356056,35.742054,15,2025-10-07,16.44,0.0,87.54,4.8,1.0,145.42,2025,10,7,36.6,0,USA_3006.csv
2025-10-08,3006,35.0,22.6,7.4,2.0,36.0,1.0,0,0,3,3,1,1,7,7,-1.119190408450035,-0.6967398320573976,17.673527,8.660187,-2.323286,-32.284286,15,2025-10-08,17.0,0.0,88.33,5.81,1.0,236.83,2025,10,8,36.0,0,USA_3006.csv
2025-10-09,3006,27.0,22.2,3.6,2.4,37.0,1.0,0,0,3,3,1,1,7,7,-2.2879396912571544,-0.35980854855672834,7.8765793,9.629325,-84.363815,68.91479,15,2025-10-09,17.19,0.0,78.04,5.75,1.0,167.25,2025,10,9,37.0,0,USA_3006.csv
2025-10-10,3006,23.0,24.0,6.0,1.4,41.0,1.0,0,0,3,3,1,1,7,7,-2.9111899269971055,0.6373062520528741,8.850937,12.623957,-36.136898,12.93824,15,2025-10-10,17.9,0.0,75.71,4.25,1.0,189.58,2025,10,10,41.0,0,USA_3006.csv
2025-10-11,3006,23.0,24.6,6.6,2.2,40.0,1.2,0,0,3,3,1,1,7,7,-1.7179850588586731,0.007217358059254034,8.816907,14.145425,-4.5790477,-10.527868,15,2025-10-11,18.21,0.0,76.79,3.43,1.0,214.04,2025,10,11,40.0,0,USA_3006.csv
2025-10-12,3006,20.0,21.6,5.8,2.0,37.0,1.0,0,0,3,3,1,1,7,7,-2.5424017548658884,-0.6316046568972072,1.5064882,10.429203,-9.224972,-12.330938,15,2025-10-12,17.38,0.0,56.25,6.87,1.0,147.75,2025,10,12,37.0,0,USA_3006.csv
2025-10-13,3006,19.0,15.2,6.4,1.4,37.0,1.0,0,0,3,3,1,1,7,7,-3.505698356652882,-0.7838458931659625,3.0366838,13.045678,-57.10875,-21.849253,15,2025-10-13,17.42,0.0,64.58,8.89,1.0,112.12,2025,10,13,37.0,0,USA_3006.csv
2025-10-14,3006,24.0,20.8,6.2,3.0,29.0,1.4,0,0,3,3,1,1,1,1,-1.0620190529745306,-2.7587175116103713,5.543767,2.129321,16.410906,-77.017525,15,2025-10-14,15.5,0.0,84.71,10.35,1.0,171.38,2025,10,14,29.0,0,USA_3006.csv
2025-10-15,3006,15.0,10.8,4.2,1.2,31.0,1.0,0,0,3,3,1,1,7,7,-4.941027287314938,-1.943103670185884,2.6218321,10.148914,-84.76713,-16.937418,15,2025-10-15,13.64,0.0,75.92,4.85,1.0,117.33,2025,10,15,31.0,0,USA_3006.csv
2025-10-16,3006,12.0,22.4,2.8,1.0,36.0,10.4,0,0,2,2,3,3,0,0,-6.374813328364383,0.14821781199086553,-4.969486,4.1734233,-91.797295,-57.157925,15,2025-10-16,14.43,0.0,72.71,5.87,1.0,107.12,2025,10,16,36.0,0,USA_3006.csv
2025-10-17,3006,14.0,14.8,4.4,1.2,36.0,10.6,0,0,2,2,3,3,0,0,-5.935283186540352,-0.5171367991386736,17.694979,-7.641837,-88.02803,-54.708202,15,2025-10-17,16.22,0.0,75.96,5.45,1.0,110.21,2025,10,17,36.0,0,USA_3006.csv
2025-10-18,3006,8.0,27.4,4.2,1.2,44.0,1.0,0,0,3,3,1,1,7,7,-4.404927880342685,1.4685761819689565,8.055003,11.865857,-41.461205,50.140903,15,2025-10-18,17.72,0.0,64.0,7.18,1.0,146.46,2025,10,18,44.0,0,USA_3006.csv
2025-10-19,3006,13.0,30.0,5.0,1.6,45.0,1.0,0,0,3,3,4,4,5,5,-3.218133971465057,1.6147905031898782,10.238744,11.5917015,-41.76859,50.34133,15,2025-10-19,17.05,0.0,70.25,5.05,1.0,133.79,2025,10,19,45.0,0,USA_3006.csv
2025-10-20,3006,19.0,23.8,6.0,2.8,52.0,1.0,0,0,3,3,4,4,5,5,-1.3425427324339168,2.1392403778979787,12.018414,6.067477,31.040579,19.743834,15,2025-10-20,17.07,0.0,74.25,4.73,1.0,125.54,2025,10,20,52.0,0,USA_3006.csv
2025-10-21,3006,21.0,20.8,4.4,1.2,40.0,1.2,0,0,3,3,1,1,7,7,-3.9795491406403185,0.5344480748446576,7.14245,12.664359,-54.415443,31.34338,15,2025-10-21,16.34,0.0,79.88,4.28,1.0,190.58,2025,10,21,40.0,0,USA_3006.csv
2025-10-22,3006,20.0,9.0,3.6,1.2,31.0,8.4,0,0,2,2,3,3,0,0,-5.884610318169965,-1.679813438569358,16.705954,-6.982468,-77.201256,-66.60286,15,2025-10-22,15.47,0.0,90.88,6.5,1.0,172.38,2025,10,22,31.0,0,USA_3006.csv
2025-10-23,3006,20.0,24.2,3.2,1.2,34.0,2.6,0,0,3,3,1,1,7,7,-4.442855166174726,-0.3454414641536812,11.697619,17.057425,-74.891495,34.82024,15,2025-10-23,15.29,0.0,85.79,5.05,1.0,107.5,2025,10,23,34.0,0,USA_3006.csv
2025-10-24,3006,20.0,21.8,3.6,1.2,39.0,1.0,0,0,3,3,1,1,7,7,-4.2142497799772,0.46307073415987826,5.9688234,12.0938425,-62.157204,33.777687,15,2025-10-24,15.82,0.0,78.38,5.41,1.0,111.12,2025,10,24,39.0,0,USA_3006.csv
2025-10-25,3006,30.0,18.0,4.6,1.8,33.0,1.4,0,0,3,3,1,1,7,7,-2.8476116611946525,-1.1809078380528517,15.708864,12.4059105,-29.25711,-29.54412,15,2025-10-25,15.7,0.0,87.46,4.37,1.0,224.54,2025,10,25,33.0,0,USA_3006.csv
2025-10-26,3006,25.0,25.6,5.0,1.0,35.0,1.0,0,0,3,3,1,1,7,7,-3.5544826918280674,-0.14768752378526162,5.070955,14.549104,-48.67441,-1.0712202,15,2025-10-26,15.09,0.0,85.83,3.78,1.0,136.04,2025,10,26,35.0,0,USA_3006.csv
2025-10-27,3006,31.0,21.2,6.8,2.6,35.0,1.0,0,0,3,3,1,1,1,1,-0.8658901251027361,-1.263142190239945,17.14373,7.3858724,10.181333,-49.820286,15,2025-10-27,15.04,0.0,84.88,4.05,1.0,118.83,2025,10,27,35.0,0,USA_3006.csv
2025-10-28,3006,27.0,36.6,3.8,1.8,36.0,1.0,0,0,3,3,1,1,5,5,-2.220571362223001,0.4577928088627423,20.15314,4.1840334,-28.35612,35.741768,15,2025-10-28,18.15,0.0,68.67,5.35,1.0,130.62,2025,10,28,36.6,0,USA_3006.csv
2025-10-29,3006,9.0,15.4,3.4,1.6,35.0,1.0,0,0,3,3,1,1,7,7,-4.775200368722812,-1.0819669320087764,18.957672,11.108877,-76.80037,-31.03606,15,2025-10-29,19.18,0.0,60.12,6.5,1.0,185.92,2025,10,29,35.0,0,USA_3006.csv
2025-10-30,3006,8.0,9.2,3.2,1.2,42.0,1.0,0,0,3,3,1,1,7,7,-5.692120147164505,0.2253454797795812,5.2393064,12.269226,-71.8182,-26.933674,15,2025-10-30,18.02,0.0,63.12,4.69,1.0,155.58,2025,10,30,42.0,0,USA_3006.csv
2025-10-31,3006,23.0,15.8,4.6,2.4,46.0,1.8,0,0,3,3,1,1,5,5,-2.6059820871354438,0.95768945988854,2.1457863,2.6515646,-40.392582,37.78642,15,2025-10-31,16.19,0.0,80.67,4.07,1.0,160.5,2025,10,31,46.0,0,USA_3006.csv
2025-11-01,3006,37.0,19.2,6.6,1.4,37.0,1.4,0,0,3,3,1,1,7,7,-2.2327525567202557,-0.22957899796608233,8.244226,6.787801,-20.438108,12.736582,15,2025-11-01,15.8,0.0,86.25,4.32,1.0,134.42,2025,11,1,37.0,0,USA_3006.csv
2025-11-02,3006,37.0,26.0,4.0,2.6,38.0,1.0,0,0,3,3,1,1,5,5,-1.1221077990954516,0.09815014236906527,2.9083393,16.938217,21.884262,-9.798815,15,2025-11-02,15.15,0.0,89.33,4.72,1.0,138.33,2025,11,2,38.0,0,USA_3006.csv
2025-11-03,3006,31.0,25.0,4.2,2.2,41.0,1.0,0,0,3,3,1,1,5,5,-1.9498785204794267,0.7063879312432099,7.9624906,10.538395,-41.05719,32.736755,15,2025-11-03,15.74,0.0,87.96,4.03,1.0,113.83,2025,11,3,41.0,0,USA_3006.csv
2025-11-04,3006,42.0,27.4,6.6,2.2,41.0,1.0,0,0,3,3,4,4,5,5,-0.4306689577277733,0.7352501592280296,9.628871,6.714505,-6.4855237,17.73775,15,2025-11-04,15.03,0.0,90.79,3.82,1.0,140.17,2025,11,4,42.0,0,USA_3006.csv
2025-11-05,3006,36.0,16.0,7.0,1.8,28.0,1.2,0,0,3,3,1,1,7,7,-1.8523458094322547,-2.517327936402554,6.955423,4.4394436,5.931017,-30.686794,15,2025-11-05,14.95,0.0,85.04,5.08,1.0,137.04,2025,11,5,36.0,0,USA_3006.csv
2025-11-06,3006,29.0,16.8,5.4,2.4,28.0,1.6,0,0,3,3,1,1,7,7,-2.016603265340265,-2.679366763239074,5.3186088,5.706626,-19.451647,-65.95426,15,2025-11-06,14.9,0.0,82.42,4.58,1.0,128.92,2025,11,6,29.0,0,USA_3006.csv
2025-11-07,3006,12.0,18.2,8.4,2.4,32.0,19.4,0,0,2,2,3,3,4,4,-4.266533590142531,-2.0876252046769643,11.892417,-6.9415865,-109.50052,0.090423256,15,2025-11-07,15.92,0.0,76.67,3.45,1.0,115.17,2025,11,7,32.0,0,USA_3006.csv
2025-11-08,3006,14.0,18.0,5.2,1.8,34.0,1.0,0,0,3,3,1,1,7,7,-3.5367998793696365,-1.3836942693890113,0.5381108,5.757873,-31.818043,-60.272762,15,2025-11-08,16.08,0.0,77.25,4.51,1.0,108.5,2025,11,8,34.0,0,USA_3006.csv
2025-11-09,3006,24.0,18.0,4.8,3.0,32.0,11.0,0,0,2,2,3,3,0,0,-2.868556374812102,-1.8723772662630043,16.140648,-10.679743,-56.80861,-84.33835,15,2025-11-09,17.07,0.0,90.42,4.32,1.0,178.38,2025,11,9,32.0,0,USA_3006.csv
2025-11-10,3006,24.0,16.6,5.8,2.0,31.0,11.4,0,0,2,2,3,3,0,0,-3.9421567676242053,-1.7975137408444737,15.288102,-7.1299844,-70.503,-57.416805,15,2025-11-10,16.08,0.0,83.17,5.7,1.0,210.5,2025,11,10,31.0,0,USA_3006.csv
2025-11-11,3006,15.0,15.6,6.2,2.0,30.0,1.0,0,0,3,3,1,1,7,7,-3.0617496490186094,-2.5407928241684092,1.6342078,4.4704204,-31.675278,-79.08121,15,2025-11-11,15.69,0.0,77.0,3.95,1.0,155.04,2025,11,11,30.0,0,USA_3006.csv
2025-11-12,3006,19.0,15.4,10.6,4.6,19.0,1.2,0,0,3,3,5,5,1,1,1.720964049244779,-6.550649899588202,9.241068,-0.2970708,61.26371,-73.24482,15,2025-11-12,15.26,0.0,94.54,3.65,1.0,196.46,2025,11,12,19.0,0,USA_3006.csv
2025-11-13,3006,30.0,16.2,9.6,3.0,26.0,6.8,0,0,3,3,1,1,1,1,-0.6025341566927672,-3.81848722265387,14.853513,-6.1241436,-55.60229,-74.128975,15,2025-11-13,16.53,0.0,77.04,4.62,1.0,111.92,2025,11,13,30.0,0,USA_3006.csv
2025-11-14,3006,32.0,20.4,7.8,4.0,18.0,1.6,0,0,3,3,5,5,1,1,1.0589048883504741,-5.565066765856948,8.500417,0.7686246,45.672028,-79.83538,15,2025-11-14,16.63,0.0,88.25,12.63,1.0,86.17,2025,11,14,32.0,0,USA_3006.csv
2025-11-15,3006,19.0,15.2,5.4,3.0,29.0,1.0,0,0,3,3,1,1,7,7,-1.8491151854310997,-3.059045663265369,-0.55003166,4.8258667,18.159765,-97.79221,15,2025-11-15,15.77,0.0,94.17,8.34,1.0,109.21,2025,11,15,29.0,0,USA_3006.csv
2025-11-16,3006,12.0,13.8,9.2,1.6,28.0,1.0,0,0,3,3,1,1,7,7,-2.9063034639649676,-3.3133191302578027,3.7505746,2.7905715,-5.6469936,-96.1536,15,2025-11-16,13.63,0.0,91.83,8.22,1.0,113.58,2025,11,16,28.0,0,USA_3006.csv
2025-11-17,3006,7.0,6.8,5.2,1.6,27.0,11.0,0,0,2,2,3,3,0,0,-6.111371041876283,-3.217375190996968,16.60808,-8.183149,-84.265076,-78.78534,15,2025-11-17,13.66,0.0,93.83,7.94,1.0,84.71,2025,11,17,27.0,0,USA_3006.csv
2025-11-18,3006,9.0,26.8,10.8,3.4,20.0,2.0,0,0,3,3,1,1,1,1,0.19968226475887474,-5.374759306860123,7.0144696,1.1336261,31.820696,-82.93375,15,2025-11-18,11.92,0.0,83.79,8.82,1.0,147.12,2025,11,18,26.8,0,USA_3006.csv
2025-11-19,3006,9.0,10.6,9.8,2.6,23.0,1.6,0,0,3,3,1,1,1,1,-1.9096991491134148,-5.112393945129766,6.3227057,1.2470821,26.24853,-75.82222,15,2025-11-19,10.84,0.0,79.71,5.37,1.0,95.67,2025,11,19,23.0,0,USA_3006.csv
2025-11-20,3006,11.0,10.8,7.6,1.4,28.0,10.6,0,0,2,2,3,3,0,0,-5.110338346104512,-2.9520894492160377,17.326338,-6.9512243,-75.693115,-84.222176,15,2025-11-20,11.35,0.0,85.96,6.75,1.0,91.17,2025,11,20,28.0,0,USA_3006.csv
2025-11-21,3006,16.0,11.8,11.8,1.6,32.0,1.0,0,0,3,3,1,1,1,1,-1.9461645051684107,-2.861775977364673,5.0214944,2.6904674,7.746949,-70.51306,15,2025-11-21,12.14,0.0,82.33,11.68,1.0,53.54,2025,11,21,32.0,0,USA_3006.csv
2025-11-22,3006,8.0,13.4,8.0,2.2,30.0,10.6,0,0,2,2,3,3,0,0,-4.008006460073466,-2.8978922471879645,8.496337,-5.4292755,-71.906944,-95.13401,15,2025-11-22,14.17,0.0,67.96,7.75,1.0,102.58,2025,11,22,30.0,0,USA_3006.csv
2025-11-23,3006,10.0,10.2,4.4,1.2,27.0,10.8,0,0,2,2,3,3,0,0,-6.48284983856092,-2.6853618069191314,16.777246,-8.154298,-89.643974,-69.76865,15,2025-11-23,13.54,0.0,74.67,6.78,1.0,112.96,2025,11,23,27.0,0,USA_3006.csv
2025-11-24,3006,19.0,15.2,5.4,3.0,29.0,1.0,0,0,3,3,1,1,7,7,-1.8491151854310997,-3.059045663265369,-0.5452051,4.8316674,18.162703,-97.79268,15,2025-11-24,12.74,0.0,81.75,4.81,1.0,101.21,2025,11,24,29.0,0,USA_3006.csv
2025-11-25,3006,27.0,17.0,7.2,2.0,33.0,1.0,0,0,3,3,1,1,7,7,-1.960044440337465,-1.743135930773567,3.1559405,4.2610445,-9.908203,-47.415005,15,2025-11-25,13.0,0.0,76.38,4.89,1.0,127.29,2025,11,25,33.0,0,USA_3006.csv
2025-11-26,3006,12.0,19.2,7.4,1.8,34.0,1.0,0,0,3,3,1,1,7,7,-2.9019750277524943,-1.651258042479853,3.533173,3.6440501,-18.41339,-58.49223,15,2025-11-26,14.59,0.0,72.25,4.78,1.0,118.62,2025,11,26,34.0,0,USA_3006.csv
2025-11-27,3006,11.0,17.0,4.6,2.6,32.0,11.0,0,0,2,2,3,3,0,0,-4.244595042712891,-1.9673001992913286,14.601462,-9.299765,-57.922966,-87.79459,15,2025-11-27,14.69,0.0,72.25,4.99,1.0,98.5,2025,11,27,32.0,0,USA_3006.csv
2025-11-28,3006,5.0,11.2,4.8,1.4,33.0,1.2,0,0,3,3,1,1,7,7,-5.080163798422938,-1.8804082361171413,3.2960844,11.484158,-78.94755,-26.266035,15,2025-11-28,13.87,0.0,67.79,5.2,1.0,113.75,2025,11,28,33.0,0,USA_3006.csv
2025-11-29,3006,21.0,16.6,4.0,1.8,33.0,1.0,0,0,3,3,1,1,7,7,-3.582886158121078,-1.364893808504095,-0.23873882,-4.9464817,-52.06767,-35.732197,15,2025-11-29,12.96,0.0,77.08,5.03,1.0,81.29,2025,11,29,33.0,0,USA_3006.csv
2025-11-30,3006,22.0,11.6,4.0,1.6,33.0,1.0,0,0,3,3,1,1,7,7,-4.0406803496533374,-1.5145044967229138,2.9319954,13.864782,-50.546814,-38.720676,15,2025-11-30,12.74,0.0,84.83,5.25,1.0,136.38,2025,11,30,33.0,0,USA_3006.csv
2025-12-01,3006,26.0,21.8,5.2,1.6,32.0,1.6,0,0,3,3,1,1,7,7,-2.9737526270123036,-1.2439197907171355,16.994759,12.140097,-43.424072,-18.256227,15,2025-12-01,13.15,0.0,74.79,6.51,1.0,114.88,2025,12,1,32.0,0,USA_3006.csv
2025-12-02,3006,15.0,15.6,6.2,2.0,30.0,1.0,0,0,3,3,1,1,7,7,-3.0617496490186094,-2.5407928241684092,1.6394846,4.4706388,-31.674938,-79.0813,15,2025-12-02,11.35,0.0,65.5,6.28,1.0,102.17,2025,12,2,30.0,0,USA_3006.csv
2025-12-03,3006,15.0,11.4,5.6,1.4,32.0,1.0,0,0,3,3,1,1,7,7,-4.215389403766252,-1.9866113381407864,-0.12578978,17.882006,-86.03671,-29.095943,15,2025-12-03,13.49,0.0,69.12,8.22,1.0,87.0,2025,12,3,32.0,0,USA_3006.csv
2025-12-04,3006,22.0,11.0,7.0,1.2,31.0,1.0,0,0,3,3,1,1,7,7,-3.6466542270114983,-2.163589487517793,20.736185,3.148474,-15.964507,-98.22167,15,2025-12-04,12.78,0.0,59.96,8.73,1.0,85.38,2025,12,4,31.0,0,USA_3006.csv
2025-12-05,3006,9.0,8.6,4.6,3.2,29.0,10.6,0,0,2,2,3,3,0,0,-4.016497553825134,-3.36496005125614,14.868885,-8.757214,-59.973766,-87.02372,15,2025-12-05,11.76,0.0,67.12,5.08,1.0,114.71,2025,12,5,29.0,0,USA_3006.csv
2025-12-06,3006,16.0,14.0,6.6,2.2,30.0,1.2,0,0,3,3,1,1,7,7,-2.737760434164276,-2.7492073157963794,1.6387416,4.4688272,-33.131157,-77.90254,15,2025-12-06,12.59,0.0,73.79,4.77,1.0,103.42,2025,12,6,30.0,0,USA_3006.csv
2025-12-07,3006,17.0,24.2,2.6,1.2,31.0,1.2,0,0,3,3,1,1,7,7,-4.6402002159756774,-0.9763009426699938,4.384539,11.399166,-82.853,27.963818,15,2025-12-07,13.18,0.0,71.38,4.55,1.0,87.92,2025,12,7,31.0,0,USA_3006.csv
2025-12-08,3006,21.0,10.2,3.2,1.6,31.0,1.6,0,0,3,3,1,1,7,7,-4.510490342465926,-1.8991761949584787,19.085798,4.6316824,-52.95122,-41.50065,15,2025-12-08,13.98,0.0,74.25,5.37,1.0,118.88,2025,12,8,31.0,0,USA_3006.csv
2025-12-09,3006,11.0,9.6,3.6,3.2,31.0,11.0,0,0,2,2,3,3,0,0,-4.201049121990897,-2.718968486333367,14.86654,-8.763191,-59.80563,-86.95248,15,2025-12-09,14.7,0.0,68.75,5.14,1.0,96.21,2025,12,9,31.0,0,USA_3006.csv
2025-12-10,3006,6.0,29.8,5.2,2.4,30.0,1.2,0,0,3,3,1,1,7,7,-2.6702637478553934,-2.0213402465379215,2.074804,5.7413883,-33.016098,-47.664074,15,2025-12-10,15.78,0.0,65.29,5.01,1.0,160.08,2025,12,10,30.0,0,USA_3006.csv
2025-12-11,3006,11.0,9.2,5.2,1.6,26.0,10.8,0,0,2,2,3,3,0,0,-5.730099798959119,-3.220735591586546,16.679996,-8.170971,-84.05524,-78.73784,15,2025-12-11,15.72,0.0,66.54,4.18,1.0,124.92,2025,12,11,26.0,0,USA_3006.csv
2025-12-12,3006,8.0,12.4,6.0,1.6,29.0,10.6,0,0,2,2,3,3,0,0,-5.444701193327334,-2.6052442458638554,8.495993,-5.429324,-78.23685,-83.63606,15,2025-12-12,14.88,0.0,70.92,4.64,1.0,108.83,2025,12,12,29.0,0,USA_3006.csv
2025-12-13,3006,24.0,19.4,7.6,3.4,21.0,1.2,0,0,3,3,1,1,1,1,-0.21024468901910487,-4.858015646831908,7.602652,0.8979505,40.02324,-81.588615,15,2025-12-13,13.12,0.0,87.42,3.82,1.0,143.25,2025,12,13,24.0,0,USA_3006.csv
2025-12-14,3006,20.0,19.8,6.8,3.8,24.0,1.2,0,0,3,3,1,1,1,1,-0.155328697462156,-4.385091392567221,7.6181664,0.7864862,40.718945,-82.40559,15,2025-12-14,13.39,0.0,91.42,3.52,1.0,176.58,2025,12,14,24.0,0,USA_3006.csv
2025-12-15,3006,17.0,14.6,5.2,1.6,27.0,1.4,0,0,3,3,1,1,7,7,-3.8794013920365327,-2.8373926249423698,2.96543,6.3159547,-50.5986,-60.056828,15,2025-12-15,12.8,0.0,81.92,3.07,1.0,151.42,2025,12,15,27.0,0,USA_3006.csv
2025-12-16,3006,9.0,18.0,5.6,3.0,25.0,10.8,0,0,2,2,3,3,0,0,-3.5023767101321774,-3.7208301650718556,14.608496,-9.288876,-59.265118,-89.04223,15,2025-12-16,13.19,0.0,78.33,4.49,1.0,100.67,2025,12,16,25.0,0,USA_3006.csv
2025-12-17,3006,18.0,13.8,10.8,3.4,23.0,2.6,0,0,3,3,1,1,1,1,-0.026657154969359248,-5.253213298488683,6.873436,0.7645848,28.567596,-75.99097,15,2025-12-17,13.6,0.0,85.38,3.3,1.0,110.92,2025,12,17,23.0,0,USA_3006.csv
2025-12-18,3006,12.0,10.2,5.0,1.4,27.0,1.0,0,0,3,3,1,1,7,7,-4.666421851083273,-3.058105400562123,2.8535104,6.484802,-52.65484,-61.73699,15,2025-12-18,14.56,0.0,78.12,6.08,1.0,98.33,2025,12,18,27.0,0,USA_3006.csv
2025-12-19,3006,11.0,11.0,4.8,1.4,27.0,10.8,0,0,2,2,3,3,0,0,-6.005927742045929,-2.7714241584452073,16.74594,-8.165894,-89.76793,-70.09279,15,2025-12-19,13.14,0.0,77.17,3.35,1.0,105.38,2025,12,19,27.0,0,USA_3006.csv
2025-12-20,3006,17.0,14.8,4.6,2.0,32.0,1.0,0,0,3,3,1,1,7,7,-3.477831628509438,-1.9204701984627155,1.1923254,7.280191,-59.458256,-41.55912,15,2025-12-20,13.37,0.0,83.21,3.37,1.0,143.71,2025,12,20,32.0,0,USA_3006.csv
2025-12-21,3006,34.0,17.0,2.4,1.4,29.0,1.2,0,0,3,3,1,1,7,7,-3.8515797255944375,-1.4987925982256876,5.3528743,8.75431,-71.14387,5.7835674,15,2025-12-21,13.62,0.0,89.92,3.92,1.0,129.17,2025,12,21,34.0,0,USA_3006.csv
2025-12-22,3006,35.0,21.2,6.0,4.6,16.0,2.0,0,0,3,3,5,5,1,1,1.4054437263420558,-5.912158599902887,8.649246,0.70950216,47.118732,-80.97798,15,2025-12-22,14.0,0.0,89.54,3.33,1.0,170.42,2025,12,22,35.0,0,USA_3006.csv
2025-12-23,3006,18.0,13.4,6.2,2.6,25.0,2.6,0,0,3,3,1,1,7,7,-2.4807192947628773,-3.87258668587909,-1.5984336,3.1799226,4.915632,-92.96801,15,2025-12-23,15.15,0.0,88.08,8.73,1.0,124.46,2025,12,23,25.0,0,USA_3006.csv
2025-12-24,3006,18.0,14.0,4.2,2.8,31.0,1.2,0,0,3,3,1,1,7,7,-2.6131709977244144,-2.4724181997672896,-0.8480654,5.6286473,17.447926,-101.67706,15,2025-12-24,15.66,0.0,88.83,19.3,1.0,114.96,2025,12,24,31.0,0,USA_3006.csv
2025-12-25,3006,11.0,17.0,4.6,2.6,32.0,11.0,0,0,2,2,3,3,0,0,-4.244595042712891,-1.9673001992913286,14.595252,-9.306641,-57.922306,-87.79295,15,2025-12-25,14.02,0.0,91.33,13.3,1.0,111.42,2025,12,25,32.0,0,USA_3006.csv
2025-12-26,3006,8.0,12.4,6.0,1.6,29.0,10.6,0,0,2,2,3,3,0,0,-5.444701193327334,-2.6052442458638554,8.495462,-5.4290857,-78.23459,-83.63395,15,2025-12-26,14.18,0.0,93.58,9.13,1.0,130.08,2025,12,26,29.0,0,USA_3006.csv
2025-12-27,3006,9.0,9.0,3.8,1.4,28.0,10.8,0,0,2,2,3,3,0,0,-6.536282713006915,-2.579425472589085,17.214134,-8.078054,-89.38525,-69.171745,15,2025-12-27,11.27,0.0,83.0,7.32,1.0,176.0,2025,12,27,28.0,0,USA_3006.csv
2025-12-28,3006,9.0,11.8,5.8,2.2,32.0,11.0,0,0,2,2,3,3,0,0,-4.763889458194166,-2.2507753058438165,16.68156,-9.183905,-81.62364,-86.873245,15,2025-12-28,9.66,0.0,74.83,5.02,1.0,107.71,2025,12,28,32.0,0,USA_3006.csv
2025-12-29,3006,9.0,19.8,5.8,2.2,28.4,10.8,0,0,2,2,3,3,0,0,-4.332054059698921,-2.5714070842955743,13.272823,-13.166066,-47.81047,-96.02914,15,2025-12-29,13.38,0.0,48.46,10.67,1.0,75.71,2025,12,29,28.4,0,USA_3006.csv
2025-12-30,3006,41.63361709230512,32.62524213075061,7.940627568534545,2.921768966831872,38.44467985779438,1.781357882623705,0,0,3,3,4,4,5,5,1.03710553444532,-0.023233201004883918,23.390606,-6.38324,28.02048,-0.8057922,15,2025-12-30,17.76,0.0,28.54,22.35,1.0,76.83,2025,12,30,41.63361709230512,0,USA_3006.csv
2025-12-31,3006,41.63361709230512,32.62524213075061,7.940627568534545,2.921768966831872,38.44467985779438,1.781357882623705,0,0,3,3,4,4,5,5,1.03710553444532,-0.023233201004883918,23.40193,-6.411228,28.754068,1.370578,15,2025-12-31,17.93,0.0,46.38,17.7,1.0,84.38,2025,12,31,41.63361709230512,0,USA_3006.csv
