time,station,PM2_5,PM10,NO2,CO,O3,SO2,Kmeans_3,HDBSCAN_3,Kmeans_4,HDBSCAN_4,Kmeans_6,HDBSCAN_6,Kmeans_12,HDBSCAN_12,PCA1,PCA2,UMAP1,UMAP2,TSNE1,TSNE2,district_id,TEMP,PRES,DEWP,WSPM,weather,wind_direction,year,month,day,AQI,RAIN,city
2019-01-01,0,224.14000000000001,259.9,34.9,19.1,21.1,7.8,1.1,1.1,0.4,0.4,0.8,0.8,2.7,2.7,6.901054326425731,-0.39531936715704696,9.302549,8.315921,59.553413,7.1977873,5.0,14.133,0.0,64.13199999999999,6.651999999999999,1.0,185.191,2019,1,1,279.28000000000003,0.0,India_Averaged.csv
2019-01-02,0,266.1,269.0,33.3,19.3,24.7,6.8,1.3,1.3,0.6,0.6,1.0,1.0,2.6,2.6,7.772652146531461,-0.08677891467753063,8.989818,8.234218,60.534576,1.9739411,5.0,15.154,0.0,61.371,6.8629999999999995,1.0,192.108,2019,1,2,292.6,0.0,India_Averaged.csv
2019-01-03,0,278.7,269.8,32.8,17.8,18.2,6.6,1.4,1.4,0.4,0.4,1.2,1.2,3.5,3.5,7.599422183661112,-0.569109426146831,9.197855,8.308969,57.81069,10.04005,5.0,14.389000000000001,0.0,60.638999999999996,9.045,1.0,253.75499999999997,2019,1,3,296.4,0.0,India_Averaged.csv
2019-01-04,0,296.0,200.5,32.6,14.8,14.7,7.8,1.3,1.3,0.3,0.3,0.9,0.9,4.4,4.4,6.142693261647527,-0.46639562205848756,8.640506,8.256091,54.486595,-0.43334046,5.0,13.87,0.0,65.488,7.292999999999999,1.0,187.973,2019,1,4,297.6,0.0,India_Averaged.csv
2019-01-05,0,254.3,189.0,29.9,15.3,33.7,5.8,1.3,1.3,0.6,0.6,0.7,0.7,4.8,4.8,5.274370976175174,0.9697333636593342,9.661871,8.019293,51.146942,8.377714,5.0,14.928999999999998,0.0,64.864,10.402,1.0,139.516,2019,1,5,256.0,0.0,India_Averaged.csv
2019-01-06,0,238.9,136.7,27.9,12.620000000000001,18.6,4.6,1.4,1.4,0.4,0.4,1.1,1.1,5.5,5.5,3.2452193614378197,-0.8537867145073367,8.925139,6.8589644,36.233932,-14.348325,5.0,13.447999999999999,0.0,72.772,9.596,1.0,191.81,2019,1,6,238.9,0.0,India_Averaged.csv
2019-01-07,0,206.9,146.4,29.0,11.52,16.5,5.7,1.4,1.4,0.4,0.4,0.8,0.8,4.6,4.6,2.6664418957336435,-0.6948446187336975,8.911404,6.6922927,40.07633,-7.102456,5.0,12.937000000000001,0.0,70.853,8.475,1.0,234.52400000000003,2019,1,7,209.2,0.0,India_Averaged.csv
2019-01-08,0,208.1,136.1,28.3,9.440000000000001,14.9,6.7,1.4,1.4,0.6,0.6,0.4,0.4,5.1,5.1,2.0447195898197528,-0.3442959614871942,8.603537,6.4460497,37.485764,-14.51565,5.0,12.975,0.0,69.174,9.336,1.0,265.128,2019,1,8,208.1,0.0,India_Averaged.csv
2019-01-09,0,197.9,141.3,32.6,12.88,15.8,7.5,1.3,1.3,0.6,0.6,0.6,0.6,5.2,5.2,2.9817146601541658,-0.6422852576122899,9.456095,6.9485207,40.581486,-0.00081863406,5.0,13.178,0.0,63.928,10.746,1.0,264.121,2019,1,9,205.5,0.0,India_Averaged.csv
2019-01-10,0,186.2,163.6,32.8,14.819999999999999,17.3,6.8,1.3,1.3,0.5,0.5,0.7,0.7,4.1,4.1,3.542816122625888,-0.8897270612057031,9.4429,6.9585915,42.62368,5.911792,5.0,13.324000000000002,0.0,62.02600000000001,7.2540000000000004,1.0,191.706,2019,1,10,197.3,0.0,India_Averaged.csv
2019-01-11,0,199.7,222.9,38.9,20.0,19.3,6.8,1.4,1.4,0.4,0.4,1.1,1.1,5.6,5.6,6.292257199626557,-1.1967470190560443,9.719971,7.7272186,49.26103,16.264004,5.0,14.282999999999998,0.0,62.041999999999994,5.6579999999999995,1.0,115.747,2019,1,11,245.1,0.0,India_Averaged.csv
2019-01-12,0,247.7,258.6,38.1,21.36,22.9,6.4,1.1,1.1,0.4,0.4,1.2,1.2,4.5,4.5,8.013896713574859,-0.8073366433853464,9.42433,8.0812435,51.56377,13.052859,5.0,14.184999999999999,0.0,66.271,6.779999999999999,1.0,164.921,2019,1,12,288.0,0.0,India_Averaged.csv
2019-01-13,0,280.7,212.6,35.5,15.5,22.7,6.5,1.0,1.0,0.6,0.6,1.1,1.1,3.8,3.8,6.495612277469268,0.07339268413922054,9.376025,7.8855124,53.940014,8.3798,5.0,15.059999999999999,0.0,66.735,8.738,1.0,171.63299999999998,2019,1,13,284.6,0.0,India_Averaged.csv
2019-01-14,0,258.4,105.4,24.9,9.14,19.4,6.4,1.4,1.4,0.4,0.4,0.7,0.7,5.0,5.0,2.201950558265906,0.1231758335936062,8.653329,6.964289,44.705757,-11.681171,5.0,12.862,0.0,52.847,13.468,1.0,265.92,2019,1,14,258.4,0.0,India_Averaged.csv
2019-01-15,0,162.8,128.9,27.7,12.14,17.2,7.68,1.6,1.6,0.6,0.6,0.3,0.3,5.3,5.3,1.6266705519437945,-0.5147466187389387,9.640158,6.173852,31.295053,9.256224,5.0,12.478,0.0,54.363,9.575999999999999,1.0,254.79900000000004,2019,1,15,163.2,0.0,India_Averaged.csv
2019-01-16,0,176.9,215.8,37.5,16.3,20.4,7.42,1.2,1.2,0.5,0.5,1.2,1.2,5.8,5.8,4.927167763962494,-0.3967171679055308,9.778443,7.5830965,49.17431,14.860031,5.0,13.535999999999998,0.0,59.940999999999995,6.212000000000001,1.0,146.35,2019,1,16,231.1,0.0,India_Averaged.csv
2019-01-17,0,246.0,298.2,39.2,19.740000000000002,19.1,6.8,1.3,1.3,0.3,0.3,0.9,0.9,3.2,3.2,8.350597887597269,-0.6695224624368356,9.222094,8.618288,61.11073,11.054593,5.0,14.023000000000001,0.0,65.501,7.395999999999999,1.0,245.435,2019,1,17,316.4,0.0,India_Averaged.csv
2019-01-18,0,301.2,210.3,30.7,14.62,19.0,7.3,0.9,0.9,0.5,0.5,0.6,0.6,5.3,5.3,6.262349716240516,-0.0074497185893783735,8.674723,8.535107,69.33324,-6.4647155,5.0,14.219999999999999,0.0,63.42,7.394,1.0,242.41,2019,1,18,301.3,0.0,India_Averaged.csv
2019-01-19,0,245.4,278.2,38.019999999999996,19.3,17.6,8.2,1.3,1.3,0.3,0.3,0.6,0.6,3.2,3.2,7.836232537595322,-0.5651335157639119,9.219133,8.472391,59.699585,9.327012,5.0,16.486,0.0,59.175,6.4159999999999995,1.0,213.00500000000002,2019,1,19,312.6,0.0,India_Averaged.csv
2019-01-20,0,258.5,254.5,42.339999999999996,19.2,32.5,8.5,1.3,1.3,0.6,0.6,1.3,1.3,4.2,4.2,8.181124984616652,1.1687125725763596,9.680044,8.133947,56.0814,16.21011,5.0,18.119999999999997,0.0,64.414,7.0680000000000005,1.0,167.13899999999998,2019,1,20,296.5,0.0,India_Averaged.csv
2019-01-21,0,261.3,156.7,27.139999999999997,10.059999999999999,14.3,6.2,1.5,1.5,0.4,0.4,0.6,0.6,4.9,4.9,3.387779240900918,-0.38556948510082545,8.500315,7.2400947,48.29101,-13.418642,5.0,17.104999999999997,0.0,71.338,14.683000000000002,1.0,141.904,2019,1,21,266.2,0.0,India_Averaged.csv
2019-01-22,0,193.7,67.9,20.8,10.72,13.3,6.2,1.8,1.8,0.8,0.8,1.3,1.3,4.3,4.3,0.31993949130972826,-1.295348363439372,9.118677,4.6890635,11.798854,-15.890645,5.0,14.863,0.0,77.3,9.598,1.0,145.372,2019,1,22,193.7,0.0,India_Averaged.csv
2019-01-23,0,129.4,121.8,25.7,20.96,15.8,7.1,1.7,1.7,0.7,0.7,1.0,1.0,5.2,5.2,2.4849660732038936,-2.5004425660846232,9.694786,5.674842,17.82346,-0.29631072,5.0,14.094999999999999,0.0,74.998,7.186,1.0,135.548,2019,1,23,142.1,0.0,India_Averaged.csv
2019-01-24,0,177.8,125.5,25.6,14.180000000000001,16.8,6.7,1.4,1.4,0.7,0.7,1.0,1.0,5.2,5.2,2.0786495676911,-1.1235405954925124,9.547609,6.2418733,25.984486,-6.882876,5.0,13.809000000000001,0.0,78.734,9.528,1.0,180.311,2019,1,24,177.8,0.0,India_Averaged.csv
2019-01-25,0,186.7,106.14000000000001,25.9,10.879999999999999,16.4,4.7,1.6,1.6,0.8,0.8,1.1,1.1,4.8,4.8,1.2527125620453166,-1.0921510577052524,9.288883,5.3996572,15.35184,-10.95915,5.0,12.227,0.0,71.919,9.361,1.0,222.98900000000003,2019,1,25,191.64000000000001,0.0,India_Averaged.csv
2019-01-26,0,145.3,97.58,25.4,12.8,16.3,5.2,1.7,1.7,1.0,1.0,1.0,1.0,4.2,4.2,0.7000346676186426,-1.4977432348360253,9.338106,4.8378468,13.210588,-20.469776,5.0,11.295,0.0,59.926,10.014,1.0,234.49099999999999,2019,1,26,145.3,0.0,India_Averaged.csv
2019-01-27,0,149.85999999999999,111.94000000000001,23.06,14.5,18.96,5.9,1.4,1.4,1.0,1.0,1.3,1.3,5.0,5.0,1.2243335588276278,-1.276683744517627,10.151468,4.45328,1.1198215,1.8479798,5.0,10.709999999999999,0.0,60.347,10.881,1.0,285.584,2019,1,27,149.85999999999999,0.0,India_Averaged.csv
2019-01-28,0,167.98,112.4,27.4,9.78,21.3,5.5,1.6,1.6,0.6,0.6,1.2,1.2,4.9,4.9,0.9726018247499175,-0.17815311675512607,9.769385,5.069016,21.316792,4.7552233,5.0,11.027000000000001,0.0,56.583000000000006,11.667,1.0,285.353,2019,1,28,167.98,0.0,India_Averaged.csv
2019-01-29,0,163.4,128.72,30.3,11.379999999999999,20.0,6.7,1.4,1.4,0.7,0.7,0.9,0.9,6.7,6.7,1.6994511941720432,-0.25548792436157197,9.985224,5.6686745,25.794062,11.370105,5.0,11.581,0.0,57.61900000000001,10.262,1.0,261.77599999999995,2019,1,29,168.6,0.0,India_Averaged.csv
2019-01-30,0,175.7,174.56,32.9,15.5,21.7,8.5,1.3,1.3,0.6,0.6,1.3,1.3,7.2,7.2,3.749462304683412,-0.11334110972267811,9.979837,6.919211,40.58989,14.415289,5.0,12.681999999999999,0.0,61.746,8.186,1.0,168.846,2019,1,30,196.2,0.0,India_Averaged.csv
2019-01-31,0,213.7,169.45999999999998,30.6,11.9,20.0,7.3,1.3,1.3,0.6,0.6,1.0,1.0,5.0,5.0,3.43326131876654,0.1312844772935573,9.377119,6.5944695,36.535824,2.7986748,5.0,14.436000000000002,0.0,62.536,10.993,1.0,137.28400000000002,2019,1,31,223.7,0.0,India_Averaged.csv
2019-02-01,0,209.2,139.74,23.4,8.3,19.2,6.6,1.5,1.5,0.5,0.5,1.4,1.4,5.2,5.2,1.5721727969412724,0.3052669654911899,9.524884,5.6674094,22.286654,6.6778564,5.0,14.307999999999998,0.0,69.41,9.876000000000001,1.0,222.68699999999998,2019,2,1,210.84,0.0,India_Averaged.csv
2019-02-02,0,193.4,142.1,19.4,9.5,15.5,5.6,1.6,1.6,0.6,0.6,1.4,1.4,5.4,5.4,1.1958894877892656,-0.6114620534207791,8.829608,5.8997383,24.06866,2.5383143,5.0,13.272,0.0,71.986,9.68,1.0,240.023,2019,2,2,193.4,0.0,India_Averaged.csv
2019-02-03,0,203.5,120.62,19.7,11.0,15.1,5.7,1.5,1.5,0.8,0.8,0.7,0.7,5.3,5.3,1.3513781387330634,-0.9723044662578693,8.495301,5.999091,24.916367,-4.861327,5.0,13.588999999999999,0.0,74.567,7.993,1.0,208.246,2019,2,3,203.5,0.0,India_Averaged.csv
2019-02-04,0,186.1,142.95999999999998,28.2,13.419999999999998,20.240000000000002,6.2,1.2,1.2,0.8,0.8,0.4,0.4,5.9,5.9,2.597485926490502,-0.5780639559312846,9.662348,6.1276484,33.839046,9.819948,5.0,15.809000000000001,0.0,69.816,6.389,1.0,188.40300000000002,2019,2,4,191.7,0.0,India_Averaged.csv
2019-02-05,0,190.65822841180517,259.7022405802942,34.67563123661778,18.24620429976922,25.04152624365073,8.755304289990024,1.4,1.4,0.4,0.4,0.3,0.3,5.3,5.3,6.150954616194782,0.3123283445308006,7.7239914,7.8754454,56.671276,5.1645026,5.0,17.683,0.0,73.482,7.561,1.0,138.471,2019,2,5,278.47822841180516,0.0,India_Averaged.csv
2019-02-06,0,253.04000000000002,133.9,22.2,10.9,16.2,6.1,1.5,1.5,0.5,0.5,0.5,0.5,4.6,4.6,2.674671054582728,-0.5138812665570299,8.251749,7.029817,41.75457,-11.313938,5.0,18.217,0.0,71.714,12.171000000000001,1.0,169.695,2019,2,6,253.04000000000002,0.0,India_Averaged.csv
2019-02-07,0,202.1,90.17999999999999,14.8,7.0,14.4,4.5,1.9,1.9,0.9,0.9,1.5,1.5,2.8,2.8,-0.37526371513487095,-0.8021600192842533,8.407767,3.9328399,8.267618,-19.903608,5.0,14.871,0.0,67.804,16.562,1.0,209.07,2019,2,7,202.1,0.0,India_Averaged.csv
2019-02-08,0,135.7,112.17999999999999,20.0,7.5,17.2,6.4,1.9,1.9,0.9,0.9,1.5,1.5,3.9,3.9,-0.6852331816020547,-0.1996255818387775,9.793838,3.5917277,1.8348229,4.2847304,5.0,12.751,0.0,58.626999999999995,9.84,1.0,272.524,2019,2,8,142.2,0.0,India_Averaged.csv
2019-02-09,0,142.8,106.88,22.5,11.7,16.7,6.8,1.7,1.7,0.7,0.7,1.5,1.5,4.9,4.9,0.3925449991621409,-0.893552485957296,9.815931,4.5518928,10.226532,2.982296,5.0,12.756,0.0,60.67800000000001,10.355,1.0,264.321,2019,2,9,144.0,0.0,India_Averaged.csv
2019-02-10,0,140.1,131.26,25.4,12.88,17.0,7.7,1.7,1.7,0.7,0.7,0.9,0.9,5.1,5.1,1.2165818481952175,-0.7358919648176894,9.866838,5.775748,22.774012,-0.12722473,5.0,13.289000000000001,0.0,62.226,7.019000000000001,1.0,224.046,2019,2,10,146.6,0.0,India_Averaged.csv
2019-02-11,0,173.9,157.32,28.0,13.6,21.3,7.3,1.4,1.4,0.4,0.4,1.0,1.0,6.2,6.2,2.6566696308039264,-0.21538339102875845,9.616805,6.374936,31.445065,7.140378,5.0,14.339999999999998,0.0,66.15899999999999,6.858,1.0,204.243,2019,2,11,178.8,0.0,India_Averaged.csv
2019-02-12,0,199.2,183.1,33.1,14.4,23.9,8.6,1.4,1.4,0.4,0.4,0.7,0.7,6.6,6.6,4.146179319111242,0.46361631621039995,9.812206,6.95634,41.59097,15.874334,5.0,16.259,0.0,68.001,6.612,1.0,150.875,2019,2,12,207.1,0.0,India_Averaged.csv
2019-02-13,0,217.6,178.62,30.6,13.2,25.1,8.6,1.4,1.4,0.4,0.4,0.9,0.9,6.4,6.4,3.996044047530865,0.8227479608351308,9.647577,7.110898,41.22103,11.098287,5.0,18.506,0.0,67.992,8.03,1.0,143.30900000000003,2019,2,13,236.9,0.0,India_Averaged.csv
2019-02-14,0,204.8,141.7,24.4,10.0,15.4,6.2,1.5,1.5,0.5,0.5,1.1,1.1,4.3,4.3,1.88919980591453,-0.5086726908135831,8.941711,5.9780083,28.732248,-0.2210352,5.0,17.796,0.0,73.865,13.317000000000002,1.0,155.11700000000002,2019,2,14,211.5,0.0,India_Averaged.csv
2019-02-15,0,183.2,129.0,23.4,11.2,17.8,7.4,1.5,1.5,0.8,0.8,1.0,1.0,4.4,4.4,1.492315433895713,-0.31702491221775525,9.472447,5.6144714,22.6002,1.716116,5.0,16.597,0.0,70.142,7.955,1.0,226.244,2019,2,15,183.4,0.0,India_Averaged.csv
2019-02-16,0,179.9,103.1,21.1,12.4,13.7,6.2,1.8,1.8,0.8,0.8,0.7,0.7,2.3,2.3,1.0061345366079322,-1.4112394904723125,8.880214,4.989108,14.267407,-22.36269,5.0,14.953999999999999,0.0,69.689,9.056000000000001,1.0,280.882,2019,2,16,179.9,0.0,India_Averaged.csv
2019-02-17,0,156.6,105.1,21.9,8.9,17.9,6.5,1.9,1.9,0.9,0.9,1.2,1.2,4.0,4.0,0.02090039307451943,-0.30346408034840655,9.630971,4.1061106,8.274578,-1.4576118,5.0,15.812000000000001,0.0,65.201,9.399,1.0,252.641,2019,2,17,156.6,0.0,India_Averaged.csv
2019-02-18,0,158.5,109.5,24.6,9.9,16.3,7.1,1.8,1.8,0.8,0.8,1.2,1.2,3.6,3.6,0.5243262581819493,-0.481605863055694,9.358206,4.556239,15.290776,-11.1294,5.0,18.196,0.0,58.55899999999999,12.218,1.0,167.283,2019,2,18,158.5,0.0,India_Averaged.csv
2019-02-19,0,154.0,127.6,26.4,12.5,18.4,6.4,1.6,1.6,0.6,0.6,1.2,1.2,4.4,4.4,1.4113250080117503,-0.7639023749435241,9.248342,5.096812,23.523643,-5.1172237,5.0,18.533,0.0,68.166,6.625,1.0,168.726,2019,2,19,155.2,0.0,India_Averaged.csv
2019-02-20,0,167.1,117.7,24.7,10.1,13.7,6.0,1.7,1.7,0.6,0.6,0.9,0.9,4.2,4.2,0.8184688608577101,-0.9873073517357266,8.70094,4.7413898,16.45168,-19.552784,5.0,18.648,0.0,71.95,11.337,1.0,112.78299999999999,2019,2,20,167.1,0.0,India_Averaged.csv
2019-02-21,0,155.1,99.3,21.5,10.6,16.9,6.9,1.7,1.7,0.7,0.7,1.5,1.5,3.3,3.3,0.20274926003462027,-0.6646928893813614,9.502683,3.9546833,10.080137,4.949865,5.0,20.977,0.0,68.959,11.148,1.0,209.46599999999998,2019,2,21,155.1,0.0,India_Averaged.csv
2019-02-22,0,144.9,101.0,17.6,9.2,15.0,3.9,1.9,1.9,0.9,0.9,1.8,1.8,2.9,2.9,-0.6027373722163899,-1.3429453931541977,9.106222,3.2112446,-1.3188918,-8.696172,5.0,18.052,0.0,61.605,14.338,1.0,291.384,2019,2,22,151.1,0.0,India_Averaged.csv
2019-02-23,0,138.2,81.6,20.3,8.3,18.9,5.3,2.0,2.0,1.0,1.0,1.8,1.8,3.5,3.5,-0.9524398586583356,-0.5275018768772106,9.623111,3.4623477,-0.74874705,-2.8690743,5.0,16.229000000000003,0.0,56.153,11.171000000000001,1.0,265.29,2019,2,23,138.2,0.0,India_Averaged.csv
2019-02-24,0,121.5,101.0,25.7,9.3,23.5,6.8,1.9,1.9,0.9,0.9,1.2,1.2,4.7,4.7,-0.25458202439087535,0.23701804385129965,10.315317,4.5281916,12.022951,11.25085,5.0,16.839000000000002,0.0,58.379,8.347999999999999,1.0,204.84500000000003,2019,2,24,122.1,0.0,India_Averaged.csv
2019-02-25,0,155.9,100.3,25.8,9.7,22.6,6.4,1.6,1.6,0.9,0.9,1.2,1.2,5.0,5.0,0.44156091811197085,0.07380357221807744,10.176362,4.9102936,15.959292,17.393642,5.0,17.109,0.0,54.447,9.142999999999999,1.0,148.33800000000002,2019,2,25,155.9,0.0,India_Averaged.csv
2019-02-26,0,148.6,81.8,23.2,7.8,16.6,6.2,2.0,2.0,1.0,1.0,1.5,1.5,2.7,2.7,-0.6503169229048817,-0.44989505241846467,9.597254,3.7106705,-1.4423414,1.8438988,5.0,15.876,0.0,66.375,9.041,1.0,143.006,2019,2,26,148.6,0.0,India_Averaged.csv
2019-02-27,0,131.1,73.4,19.48,8.3,15.2,5.9,2.0,2.0,1.0,1.0,1.8,1.8,3.5,3.5,-1.3158541757990267,-0.8840306701712137,9.670361,2.9345102,-6.810628,-3.9151082,5.0,14.002,0.0,70.75399999999999,8.16,1.0,221.773,2019,2,27,131.1,0.0,India_Averaged.csv
2019-02-28,0,130.3,106.0,30.4,14.3,15.580000000000002,6.0,1.6,1.6,0.6,0.6,1.2,1.2,6.3,6.3,1.2457620219121028,-1.6310808538858244,10.153062,5.488464,25.06324,15.443331,5.0,14.23,0.0,58.866,8.921,1.0,224.887,2019,2,28,132.7,0.0,India_Averaged.csv
2019-03-01,0,146.72,103.7,25.4,9.7,20.5,6.1,1.8,1.8,0.8,0.8,1.2,1.2,4.6,4.6,0.2676041053966095,-0.24375287030454956,9.919854,4.9214315,16.397251,8.011862,5.0,15.919,0.0,56.513999999999996,8.732,1.0,201.747,2019,3,1,146.72,0.0,India_Averaged.csv
2019-03-02,0,149.0,105.8,28.8,12.0,14.1,7.0,1.7,1.7,0.7,0.7,0.9,0.9,4.3,4.3,1.0018812654966258,-1.1353294526945272,9.404696,5.1311746,22.90997,3.290624,5.0,16.286,0.0,67.221,9.637,1.0,111.65299999999999,2019,3,2,149.0,0.0,India_Averaged.csv
2019-03-03,0,159.0,88.94,20.06,9.379999999999999,18.48,5.6,1.8,1.8,0.9,0.9,1.5,1.5,3.0,3.0,-0.24963267858697077,-0.6055179965412638,9.417528,3.7349792,4.0074234,-2.1602523,5.0,17.291,0.0,73.575,8.997,1.0,118.00899999999999,2019,3,3,159.0,0.0,India_Averaged.csv
2019-03-04,0,141.7582284118052,114.38224058029418,20.575631236617784,9.846204299769221,21.94152624365073,5.055304289990024,1.9,1.9,0.9,0.9,1.5,1.5,4.3,4.3,0.014356175537118588,-0.3347845641455217,8.563801,4.164016,2.4039016,13.409421,5.0,17.707,0.0,71.954,9.096,1.0,265.099,2019,3,4,147.8582284118052,0.0,India_Averaged.csv
2019-03-05,0,166.48,93.5,20.4,9.7,28.1,5.2,1.7,1.7,1.0,1.0,1.7,1.7,3.4,3.4,0.16217577055661742,0.39099950765686947,10.184761,4.631317,9.741456,14.995264,5.0,16.966,0.0,61.125,9.685,1.0,271.935,2019,3,5,166.48,0.0,India_Averaged.csv
2019-03-06,0,133.2,102.0,21.6,12.4,17.4,5.7,1.8,1.8,0.8,0.8,1.8,1.8,4.1,4.1,0.19915051798473798,-1.236626091333981,9.645445,4.2781386,4.16223,-5.9349585,5.0,17.743000000000002,0.0,54.212,9.044,1.0,270.671,2019,3,6,139.8,0.0,India_Averaged.csv
2019-03-07,0,137.0,126.3,24.7,13.5,34.4,5.9,1.3,1.3,0.9,0.9,1.6,1.6,5.9,5.9,1.3297679501430193,0.7006373088354847,10.808321,5.550574,19.694178,26.541021,5.0,18.779999999999998,0.0,52.051,7.703999999999999,1.0,212.16199999999998,2019,3,7,155.0,0.0,India_Averaged.csv
2019-03-08,0,151.3,112.1,24.2,11.1,23.240000000000002,6.7,1.5,1.5,0.8,0.8,1.2,1.2,5.4,5.4,0.7208024963723884,-0.002642792028244112,10.566903,4.679126,10.996441,25.345665,5.0,19.433999999999997,0.0,54.515,10.437000000000001,1.0,195.30100000000002,2019,3,8,155.6,0.0,India_Averaged.csv
2019-03-09,0,150.5,96.53999999999999,21.78,9.36,19.9,6.279999999999999,1.8,1.8,0.8,0.8,1.2,1.2,4.7,4.7,-0.1284212771945929,-0.2655966783905227,10.068403,4.13216,10.131714,13.126073,5.0,19.576,0.0,54.549,11.208,1.0,270.892,2019,3,9,150.5,0.0,India_Averaged.csv
2019-03-10,0,135.02,96.1,21.6,9.7,24.5,5.8,1.7,1.7,1.0,1.0,1.8,1.8,4.6,4.6,-0.31972848281348615,0.04410967716855506,10.236929,4.1648946,5.9418664,13.78705,5.0,19.54,0.0,48.696,9.583,1.0,183.326,2019,3,10,137.32,0.0,India_Averaged.csv
2019-03-11,0,136.4,109.4,22.9,10.6,21.0,6.5,1.7,1.7,1.0,1.0,1.5,1.5,3.8,3.8,0.17197294557731338,-0.2797636061324033,9.814971,4.2297525,9.3420315,6.0735445,5.0,20.562,0.0,51.102,13.456,1.0,161.0,2019,3,11,136.5,0.0,India_Averaged.csv
2019-03-12,0,143.6,87.4,21.5,10.9,18.9,5.0,1.9,1.9,0.9,0.9,1.5,1.5,2.3,2.3,-0.14870552574524762,-0.9972060394712751,9.533532,4.234429,-0.12416382,-8.474211,5.0,20.279,0.0,48.446,9.794,1.0,204.06600000000003,2019,3,12,143.6,0.0,India_Averaged.csv
2019-03-13,0,125.7,123.0,26.7,13.5,16.6,7.8,1.7,1.7,0.7,0.7,1.3,1.3,4.0,4.0,1.0351121962398584,-0.9402991696751529,9.8356495,5.1963778,13.987335,-1.5669639,5.0,18.726999999999997,0.0,60.486000000000004,8.039,1.0,180.15,2019,3,13,137.1,0.0,India_Averaged.csv
2019-03-14,0,149.0,122.0,22.4,14.0,16.9,6.5,1.5,1.5,0.8,0.8,1.2,1.2,4.0,4.0,1.206862605493224,-1.2502447584294327,9.7118225,5.2500067,16.519358,-0.08646069,5.0,18.317,0.0,64.51599999999999,11.648,1.0,233.64300000000003,2019,3,14,151.9,0.0,India_Averaged.csv
2019-03-15,0,156.6,86.0,19.9,9.3,19.6,6.7,2.0,2.0,1.0,1.0,1.2,1.2,2.5,2.5,-0.3410245095797982,-0.24603260359287482,9.7527485,4.4643145,7.7650857,6.353803,5.0,18.944,0.0,53.705999999999996,11.623999999999999,1.0,240.775,2019,3,15,156.6,0.0,India_Averaged.csv
2019-03-16,0,127.1,84.7,20.8,8.6,24.7,5.9,1.8,1.8,1.1,1.1,2.0,2.0,1.7,1.7,-0.9308626378114274,0.197341657229895,10.244837,3.4278991,-2.3215973,10.244303,5.0,19.323999999999998,0.0,49.392999999999994,9.157,1.0,235.525,2019,3,16,127.1,0.0,India_Averaged.csv
2019-03-17,0,131.9,99.3,23.6,9.879999999999999,26.5,7.1,1.5,1.5,1.1,1.1,1.4,1.4,4.3,4.3,-0.09364678389323763,0.5467408410010377,10.468121,4.352558,5.668813,22.867273,5.0,20.756999999999998,0.0,45.652,8.533,1.0,233.055,2019,3,17,131.9,0.0,India_Averaged.csv
2019-03-18,0,140.1,102.6,25.1,11.3,28.4,7.1,1.5,1.5,1.1,1.1,1.4,1.4,5.9,5.9,0.5339816041739165,0.5646505294812166,10.578689,4.82431,8.250493,28.524399,5.0,21.323,0.0,44.15,7.174000000000001,1.0,246.93800000000002,2019,3,18,140.1,0.0,India_Averaged.csv
2019-03-19,0,145.6,120.4,25.9,11.5,23.4,7.0,1.6,1.6,0.8,0.8,1.2,1.2,4.2,4.2,0.9674817587906934,0.04834312821077581,10.086933,4.8622646,14.774542,14.324638,5.0,23.037,0.0,43.451,9.054,1.0,198.14300000000003,2019,3,19,147.2,0.0,India_Averaged.csv
2019-03-20,0,151.9,111.5,22.68,10.3,22.7,7.0,1.6,1.6,0.8,0.8,1.2,1.2,5.1,5.1,0.4436426688264861,0.12909626921181683,10.161039,4.34123,6.0229654,14.584381,5.0,23.606,0.0,41.855999999999995,12.653,1.0,159.448,2019,3,20,151.9,0.0,India_Averaged.csv
2019-03-21,0,138.7,106.5,18.0,10.2,29.7,7.2,1.5,1.5,1.1,1.1,1.4,1.4,4.9,4.9,-0.17296684130773782,0.8863620985740178,11.006116,4.043042,0.40897408,32.54609,5.0,23.726999999999997,0.0,40.037,10.428,1.0,195.876,2019,3,21,138.7,0.0,India_Averaged.csv
2019-03-22,0,169.5,80.4,20.4,7.7,25.0,5.8,1.7,1.7,1.0,1.0,1.5,1.5,3.7,3.7,-0.4260488078849704,0.46659530475931693,10.189704,3.963375,0.91834354,15.710497,5.0,22.768,0.0,36.281,12.485000000000001,1.0,250.00900000000001,2019,3,22,169.5,0.0,India_Averaged.csv
2019-03-23,0,101.1,87.9,19.7,9.1,26.6,6.1,1.8,1.8,1.1,1.1,2.3,2.3,3.3,3.3,-1.3173105805275422,0.30066769089058687,10.481593,2.9800553,-3.696556,16.155462,5.0,23.588,0.0,35.385000000000005,13.099,1.0,261.56399999999996,2019,3,23,105.9,0.0,India_Averaged.csv
2019-03-24,0,119.2,88.3,18.7,7.8,23.5,6.8,1.8,1.8,1.1,1.1,1.8,1.8,4.2,4.2,-1.339716763467696,0.37658068058671923,10.577909,3.1080654,-10.332708,17.510803,5.0,25.179,0.0,43.372,11.898,1.0,267.562,2019,3,24,119.2,0.0,India_Averaged.csv
2019-03-25,0,129.1,90.9,18.7,8.6,19.9,7.3,1.8,1.8,1.1,1.1,1.8,1.8,3.0,3.0,-0.9889880649082745,-0.022744312232414694,10.105328,3.409059,0.51464427,8.320589,5.0,22.925,0.0,54.544999999999995,11.713,1.0,284.671,2019,3,25,129.1,0.0,India_Averaged.csv
2019-03-26,0,133.4,95.7,21.8,9.8,23.8,7.1,1.8,1.8,1.1,1.1,1.8,1.8,4.0,4.0,-0.3102515190344726,0.22628358189252068,10.279563,4.010097,4.6882834,16.889408,5.0,23.47,0.0,45.616,10.338000000000001,1.0,249.37700000000004,2019,3,26,133.4,0.0,India_Averaged.csv
2019-03-27,0,129.3,101.9,25.1,11.2,27.3,6.9,1.7,1.7,1.0,1.0,1.1,1.1,3.4,3.4,0.28667016223508973,0.3787347934402715,10.532825,4.8680487,14.356997,27.556713,5.0,25.064,0.0,44.876000000000005,8.173,1.0,250.47999999999996,2019,3,27,133.1,0.0,India_Averaged.csv
2019-03-28,0,132.4,136.3,28.1,13.8,31.9,8.1,1.1,1.1,1.3,1.3,1.2,1.2,5.8,5.8,1.7302808852351628,0.9075090761685864,10.674863,5.5976686,20.443417,29.564594,5.0,27.707,0.0,43.795,7.540000000000001,1.0,228.02100000000002,2019,3,28,156.8,0.0,India_Averaged.csv
2019-03-29,0,154.5,142.5,27.7,14.4,26.0,6.8,1.3,1.3,0.9,0.9,1.2,1.2,3.6,3.6,2.2413304406137735,-0.06217298101888814,9.983083,5.5368986,25.388012,8.8268,5.0,29.309000000000005,0.0,40.153999999999996,8.138,1.0,245.373,2019,3,29,171.3,0.0,India_Averaged.csv
2019-03-30,0,169.1,121.7,25.7,11.6,29.3,7.5,1.5,1.5,0.8,0.8,1.0,1.0,6.2,6.2,1.5057873811984384,0.8837302126592806,10.410881,5.2161255,18.483795,22.67737,5.0,27.869999999999997,0.0,42.961,9.632000000000001,1.0,220.433,2019,3,30,169.1,0.0,India_Averaged.csv
2019-03-31,0,154.56,100.5,21.1,8.0,26.5,7.4,1.7,1.7,1.0,1.0,1.5,1.5,6.7,6.7,-0.21828264581135054,0.9948303474121645,10.489455,4.1501436,3.0570455,27.662937,5.0,27.625999999999998,0.0,29.711000000000002,13.734,1.0,286.79,2019,3,31,154.56,0.0,India_Averaged.csv
2019-04-01,0,129.0,101.78,22.98,8.7,25.4,7.5200000000000005,1.8,1.8,1.1,1.1,1.5,1.5,3.8,3.8,-0.39765539675478073,0.7200162694314782,10.390933,4.1930747,4.2283316,23.10735,5.0,26.473000000000003,0.0,30.845999999999997,11.037,1.0,283.35900000000004,2019,4,1,129.0,0.0,India_Averaged.csv
2019-04-02,0,126.17999999999999,108.5,28.5,10.5,29.8,8.3,1.1,1.1,1.3,1.3,1.2,1.2,6.5,6.5,0.5059731724690215,1.142720437358991,10.651956,5.128386,17.88384,29.166754,5.0,26.726999999999997,0.0,33.124,8.243,1.0,219.865,2019,4,2,135.07999999999998,0.0,India_Averaged.csv
2019-04-03,0,143.78,110.9,29.0,11.0,27.9,7.5,0.9,0.9,1.4,1.4,1.1,1.1,6.8,6.8,0.9749683314797457,0.7303679111443299,10.380892,5.1054454,17.391003,20.418364,5.0,28.331,0.0,32.096,9.299,1.0,197.76299999999998,2019,4,3,143.78,0.0,India_Averaged.csv
2019-04-04,0,142.62,135.6,32.9,13.7,29.5,10.3,1.2,1.2,1.1,1.1,1.0,1.0,6.1,6.1,2.2572338201984925,1.1979748135821908,10.439525,5.6829405,21.488297,25.543434,5.0,29.595,0.0,34.065,8.238,1.0,181.402,2019,4,4,157.52,0.0,India_Averaged.csv
2019-04-05,0,163.18,146.3,30.2,13.7,37.2,10.9,1.1,1.1,1.3,1.3,1.8,1.8,4.6,4.6,2.70743373214896,2.2949573815275204,10.744511,5.4925103,21.877457,25.524824,5.0,30.318,0.0,35.342,9.35,1.0,193.56799999999998,2019,4,5,177.38,0.0,India_Averaged.csv
2019-04-06,0,161.0,146.7,24.3,10.5,29.7,8.9,1.3,1.3,0.9,0.9,1.5,1.5,5.8,5.8,1.4633310517582536,1.516559478060091,10.552761,4.9867854,12.832144,26.921062,5.0,30.266000000000002,0.0,36.188,11.3,1.0,170.27100000000002,2019,4,6,166.8,0.0,India_Averaged.csv
2019-04-07,0,147.56,192.4,18.6,11.18,30.3,7.8,1.2,1.2,0.8,0.8,1.6,1.6,4.4,4.4,1.6565259339893799,1.3632766168185166,10.759688,5.3410287,17.091902,33.7815,5.0,29.815000000000005,0.0,43.564,11.568999999999999,1.0,164.054,2019,4,7,208.16,0.0,India_Averaged.csv
2019-04-08,0,177.3,177.3,20.1,14.98,28.1,6.6,1.3,1.3,0.5,0.5,1.1,1.1,5.1,5.1,2.792394053269533,0.20618687568438204,9.832615,6.222222,21.602867,-0.4473483,5.0,28.393,0.0,42.974,10.861,1.0,149.826,2019,4,8,202.5,0.0,India_Averaged.csv
2019-04-09,0,146.5,119.0,23.1,10.3,33.6,8.4,1.0,1.0,1.5,1.5,1.1,1.1,5.4,5.4,0.6488199198054585,1.6989426653453212,10.954771,4.6519356,9.052132,31.971579,5.0,30.019,0.0,38.11899999999999,9.549,1.0,148.29799999999997,2019,4,9,146.5,0.0,India_Averaged.csv
2019-04-10,0,148.6,137.1,24.9,12.5,30.7,7.9,1.2,1.2,1.1,1.1,1.5,1.5,5.0,5.0,1.5210546576492663,0.9814628304161237,10.514858,4.841853,12.808981,25.373196,5.0,30.711000000000002,0.0,33.624,8.518,1.0,223.436,2019,4,10,165.1,0.0,India_Averaged.csv
2019-04-11,0,157.57999999999998,114.2,23.2,10.8,27.9,7.8,1.3,1.3,1.2,1.2,1.4,1.4,5.0,5.0,0.8064825263606703,0.8410899712414338,10.477279,4.5433464,7.3051786,26.279346,5.0,31.274,0.0,29.248,10.318,1.0,230.471,2019,4,11,157.57999999999998,0.0,India_Averaged.csv
2019-04-12,0,144.2,154.9,21.2,10.8,26.5,7.3,1.2,1.2,1.1,1.1,1.1,1.1,4.0,4.0,1.049388104132185,0.7165972908659357,10.064054,5.0298777,11.64494,19.301975,5.0,30.820999999999998,0.0,31.471999999999998,10.945,1.0,221.30300000000003,2019,4,12,170.6,0.0,India_Averaged.csv
2019-04-13,0,148.1,109.4,19.4,9.5,26.4,7.7,1.5,1.5,1.1,1.1,1.2,1.2,6.3,6.3,-0.017314636013629103,0.796307704214809,10.5217495,4.148634,7.790988,20.043064,5.0,30.988,0.0,30.607999999999997,11.781,1.0,246.794,2019,4,13,148.1,0.0,India_Averaged.csv
2019-04-14,0,134.3,111.1,19.4,9.2,24.2,7.5,1.8,1.8,1.1,1.1,1.2,1.2,4.7,4.7,-0.33402024713876133,0.5235617678524064,10.397023,4.0032754,4.456426,15.345804,5.0,31.229000000000003,0.0,30.443,12.488,1.0,275.22799999999995,2019,4,14,142.1,0.0,India_Averaged.csv
2019-04-15,0,123.66,113.5,21.0,10.3,22.6,8.0,1.7,1.7,1.0,1.0,1.5,1.5,4.9,4.9,-0.16053856293103058,0.251092971932424,10.393164,3.9683857,1.1724964,15.324292,5.0,31.604000000000003,0.0,29.058,12.486999999999998,1.0,277.21,2019,4,15,127.96,0.0,India_Averaged.csv
2019-04-16,0,140.0,131.3,17.0,9.9,20.0,4.9,1.8,1.8,0.8,0.8,1.5,1.5,2.8,2.8,-0.02809833967812354,-0.5499220726089076,8.957064,3.5332818,0.30111694,-4.737295,5.0,24.868000000000002,0.0,59.121,13.23,1.0,168.11200000000002,2019,4,16,167.4,0.0,India_Averaged.csv
2019-04-17,0,115.17999999999999,54.8,14.3,8.5,20.6,4.3,2.0,2.0,1.0,1.0,2.4,2.4,1.6,1.6,-2.2288527519631782,-0.8335403586873168,9.906286,0.96719486,-26.991278,-23.234844,5.0,21.86,0.0,69.133,11.5,1.0,146.599,2019,4,17,115.17999999999999,0.0,India_Averaged.csv
2019-04-18,0,71.17999999999999,61.2,17.8,9.0,27.7,5.1,1.8,1.8,1.1,1.1,2.7,2.7,3.1,3.1,-2.474567239955023,-0.007627463380490096,10.66931,1.5111438,-26.23815,8.009453,5.0,23.821,0.0,57.186,7.412999999999999,1.0,262.481,2019,4,18,77.58,0.0,India_Averaged.csv
2019-04-19,0,95.26,82.5,21.5,9.5,28.8,6.8,1.4,1.4,1.3,1.3,2.0,2.0,5.1,5.1,-1.259923376039406,0.6045844080901032,10.874003,3.4532733,0.14947128,22.00943,5.0,25.256,0.0,48.262,9.588999999999999,1.0,272.32,2019,4,19,103.16,0.0,India_Averaged.csv
2019-04-20,0,118.17999999999999,98.1,26.1,9.7,33.4,8.3,1.0,1.0,1.5,1.5,1.4,1.4,6.8,6.8,-0.11300620287781334,1.599732166032276,10.981452,4.4574995,7.839934,31.758526,5.0,27.365000000000002,0.0,40.417,6.586,1.0,255.44,2019,4,20,121.47999999999999,0.0,India_Averaged.csv
2019-04-21,0,130.8,112.5,28.4,12.8,31.1,7.4,1.1,1.1,1.3,1.3,1.2,1.2,5.1,5.1,1.113200278691484,0.7209440190879726,10.756252,5.04799,19.57188,27.720104,5.0,29.752,0.0,33.134,8.858,1.0,256.586,2019,4,21,137.6,0.0,India_Averaged.csv
2019-04-22,0,135.95999999999998,125.8,30.2,14.3,33.8,10.3,1.3,1.3,1.2,1.2,1.3,1.3,6.1,6.1,1.9392816116299367,1.4925958802436516,10.755576,5.4024014,23.865915,25.549572,5.0,31.209000000000003,0.0,31.068,9.588,1.0,272.692,2019,4,22,147.76,0.0,India_Averaged.csv
2019-04-23,0,151.16,141.1,30.4,14.5,37.2,8.9,1.4,1.4,1.0,1.0,1.3,1.3,5.5,5.5,2.5464486416106142,1.657990650634512,10.805824,5.549253,23.690826,25.17424,5.0,33.031,0.0,28.078999999999997,9.581,1.0,228.01100000000002,2019,4,23,160.45999999999998,0.0,India_Averaged.csv
2019-04-24,0,153.68,130.0,24.3,12.0,28.6,6.9,1.4,1.4,1.0,1.0,0.9,0.9,6.7,6.7,1.3130155871789175,0.5871980348400265,8.9467945,5.1209273,16.190674,28.521545,5.0,33.775,0.0,27.3,11.884,1.0,196.30599999999998,2019,4,24,156.68,0.0,India_Averaged.csv
2019-04-25,0,148.2,145.5,19.3,10.5,33.3,6.7,1.3,1.3,1.2,1.2,1.6,1.6,4.2,4.2,0.8364972405623112,1.3617784415659813,10.824734,4.2332096,4.3061247,32.317493,5.0,33.458999999999996,0.0,31.046,12.375,1.0,197.174,2019,4,25,162.4,0.0,India_Averaged.csv
2019-04-26,0,154.02,134.0,25.9,10.9,28.3,8.9,1.3,1.3,1.2,1.2,1.1,1.1,6.0,6.0,1.311718560825169,1.2175028356824555,10.5027075,4.8716173,14.608058,24.132315,5.0,33.523,0.0,25.445,12.871,1.0,295.994,2019,4,26,155.72,0.0,India_Averaged.csv
2019-04-27,0,154.32,143.7,23.7,17.7,26.1,7.8,1.4,1.4,1.0,1.0,1.0,1.0,6.1,6.1,2.6308453741919156,-0.43933890890253624,10.115226,5.267773,10.93803,6.1557727,5.0,33.923,0.0,20.012999999999998,15.621,1.0,278.788,2019,4,27,169.92000000000002,0.0,India_Averaged.csv
2019-04-28,0,151.95999999999998,136.6,22.2,10.4,27.3,7.6,1.2,1.2,1.1,1.1,0.9,0.9,5.5,5.5,0.9029622307515206,0.8846602729072763,10.416571,4.91475,13.457364,22.155886,5.0,33.723,0.0,17.23,13.725999999999999,1.0,269.954,2019,4,28,162.56,0.0,India_Averaged.csv
2019-04-29,0,151.6,130.1,25.4,10.2,27.6,8.2,1.1,1.1,1.3,1.3,0.9,0.9,5.8,5.8,1.0059143772581105,1.077936992252125,10.393339,4.8771353,13.466983,22.70535,5.0,33.642,0.0,19.216,10.62,1.0,206.004,2019,4,29,161.4,0.0,India_Averaged.csv
2019-04-30,0,151.0,137.8,31.5,13.3,20.9,11.6,1.4,1.4,0.7,0.7,0.9,0.9,7.0,7.0,2.177985289851393,0.5989067861055499,10.453812,5.7239223,20.79762,19.757801,5.0,34.154,0.0,19.473000000000003,13.582999999999998,1.0,184.43,2019,4,30,166.6,0.0,India_Averaged.csv
2019-05-01,0,160.84,170.4,32.7,13.0,32.6,9.3,0.9,0.9,1.1,1.1,1.6,1.6,7.0,7.0,3.030914975972047,1.6759549279225716,10.819705,6.186618,28.909388,32.05569,5.0,33.197,0.0,23.175,10.469,1.0,177.192,2019,5,1,180.9,0.0,India_Averaged.csv
2019-05-02,0,168.28,156.5,20.7,9.0,36.8,7.3,1.0,1.0,1.2,1.2,1.9,1.9,7.1,7.1,1.244228606866399,2.2779858578164056,11.273644,5.0824995,17.089706,44.540367,5.0,32.251,0.0,27.722,13.794999999999998,1.0,139.27,2019,5,2,184.2,0.0,India_Averaged.csv
2019-05-03,0,158.26,106.8,20.1,9.7,35.0,8.3,1.2,1.2,1.4,1.4,1.8,1.8,5.0,5.0,0.3326062654182418,1.8924229114292839,10.833799,5.085326,19.556572,27.873713,5.0,31.250999999999998,0.0,30.903,9.946,1.0,149.45600000000002,2019,5,3,158.26,0.0,India_Averaged.csv
2019-05-04,0,137.04000000000002,101.5,25.2,11.5,29.5,8.2,1.1,1.1,1.3,1.3,1.1,1.1,6.3,6.3,0.5362946950461156,0.8817272487213639,10.407625,5.1490183,18.573744,17.869457,5.0,31.159000000000002,0.0,21.776,11.975,1.0,275.604,2019,5,4,141.14000000000001,0.0,India_Averaged.csv
2019-05-05,0,145.52,119.9,26.3,11.6,34.1,8.2,1.0,1.0,1.5,1.5,1.5,1.5,5.6,5.6,1.153233969694082,1.5102804447839027,10.811702,5.4161496,21.971905,27.874063,5.0,31.947999999999997,0.0,20.273000000000003,12.222999999999999,1.0,275.18199999999996,2019,5,5,153.22,0.0,India_Averaged.csv
2019-05-06,0,145.84,150.3,27.8,12.2,29.9,7.3,1.2,1.2,1.0,1.0,1.6,1.6,5.7,5.7,1.8287903535563088,0.8916058204939938,10.724097,5.030866,15.372366,25.072058,5.0,32.741,0.0,18.262999999999998,13.494,1.0,292.02599999999995,2019,5,6,171.24,0.0,India_Averaged.csv
2019-05-07,0,163.18,173.4,23.7,11.5,25.2,5.9,1.4,1.4,0.7,0.7,1.6,1.6,4.1,4.1,1.998607701677657,0.3045406594568353,10.277426,5.374132,15.67744,23.79133,5.0,33.556,0.0,17.863000000000003,14.85,1.0,255.25799999999998,2019,5,7,198.68,0.0,India_Averaged.csv
2019-05-08,0,153.3,221.2,24.5,13.3,23.1,7.0,1.5,1.5,0.4,0.4,1.4,1.4,4.6,4.6,3.012265309283665,0.20082258005453654,9.661531,5.8231244,25.538837,11.822123,5.0,33.911,0.0,18.619999999999997,15.786000000000001,1.0,274.90700000000004,2019,5,8,233.7,0.0,India_Averaged.csv
2019-05-09,0,179.07999999999998,220.9,23.4,11.1,23.7,6.8,1.4,1.4,0.4,0.4,1.3,1.3,5.6,5.6,2.9630763585559,0.6769202812033999,10.033244,5.990963,28.981293,19.217285,5.0,34.166000000000004,0.0,19.068,18.113,1.0,271.13399999999996,2019,5,9,234.38000000000002,0.0,India_Averaged.csv
2019-05-10,0,171.34,180.5,20.6,8.6,24.6,6.4,1.5,1.5,0.5,0.5,1.7,1.7,5.6,5.6,1.4477990693819147,0.8897214176617971,10.156859,4.7856855,10.512785,17.964016,5.0,33.312,0.0,24.637,14.898000000000001,1.0,278.677,2019,5,10,204.1,0.0,India_Averaged.csv
2019-05-11,0,143.64000000000001,146.7,22.2,9.6,27.7,6.5,1.3,1.3,1.2,1.2,1.3,1.3,5.7,5.7,0.7426712103971905,0.8555018950749155,10.28082,4.0183067,3.178125,10.518684,5.0,32.247,0.0,28.909,12.299999999999999,1.0,306.6,2019,5,11,158.54000000000002,0.0,India_Averaged.csv
2019-05-12,0,158.9,272.84000000000003,19.18,8.24,30.580000000000002,5.779999999999999,1.2,1.2,0.5,0.5,1.5,1.5,3.6,3.6,2.6121347041641134,1.9008853901048355,9.742335,6.657501,37.390266,19.594137,5.0,32.316,0.0,28.819,10.603,1.0,268.279,2019,5,12,280.64,0.0,India_Averaged.csv
2019-05-13,0,182.45999999999998,172.3,24.1,10.5,32.5,8.6,1.2,1.2,0.8,0.8,1.7,1.7,5.0,5.0,2.29335812586631,1.9548369044034146,10.666792,5.2370815,17.110424,27.081303,5.0,32.581,0.0,28.473000000000003,9.273,1.0,252.651,2019,5,13,201.68,0.0,India_Averaged.csv
2019-05-14,0,173.8,120.1,21.1,9.0,30.8,5.7,1.3,1.3,1.2,1.2,1.8,1.8,3.9,3.9,0.6856770258938875,1.0872228094962715,10.869164,3.88812,-2.2355468,28.583384,5.0,30.715999999999998,0.0,39.233999999999995,8.983999999999998,1.0,215.298,2019,5,14,179.8,0.0,India_Averaged.csv
2019-05-15,0,131.7,143.9,23.0,11.0,28.6,7.5,1.3,1.3,1.2,1.2,1.6,1.6,2.9,2.9,0.8432057930361723,0.888319390757012,10.379213,4.92236,15.685949,20.815496,5.0,31.544,0.0,37.225,9.172999999999998,1.0,189.796,2019,5,15,166.9,0.0,India_Averaged.csv
2019-05-16,0,162.6,146.8,24.2,10.2,24.5,6.1,1.5,1.5,0.8,0.8,0.9,0.9,5.6,5.6,1.3239136595426033,0.3699173555772581,10.27485,4.9447055,18.342184,13.68107,5.0,31.05,0.0,39.018,9.2,1.0,264.759,2019,5,16,174.5,0.0,India_Averaged.csv
2019-05-17,0,149.0,215.9,21.8,8.5,22.7,5.3,1.4,1.4,0.7,0.7,1.6,1.6,4.6,4.6,1.6472452616920648,0.5683710619807181,9.50544,5.475818,21.632751,10.791365,5.0,28.776,0.0,54.624,10.846,1.0,260.812,2019,5,17,234.2,0.0,India_Averaged.csv
2019-05-18,0,148.0,81.7,20.2,9.2,22.4,4.6,1.8,1.8,0.8,0.8,1.5,1.5,4.3,4.3,-0.5651400002969026,-0.41304778676476606,10.175004,3.3212597,-4.482291,15.799764,5.0,28.311,0.0,51.263,11.841000000000001,1.0,284.33399999999995,2019,5,18,148.0,0.0,India_Averaged.csv
2019-05-19,0,111.9,88.3,23.4,13.8,31.6,5.9,1.3,1.3,1.2,1.2,2.1,2.1,6.0,6.0,0.17075493933745406,0.06088513659636939,10.929102,4.026696,-10.527971,17.326681,5.0,30.79,0.0,37.88,9.308,1.0,274.909,2019,5,19,116.5,0.0,India_Averaged.csv
2019-05-20,0,141.8,104.3,28.0,10.5,28.5,6.5,1.3,1.3,1.2,1.2,1.4,1.4,5.0,5.0,0.6461766569650894,0.6218750070132067,10.619532,4.435142,9.060687,20.423029,5.0,32.467,0.0,30.538,9.937999999999999,1.0,273.352,2019,5,20,141.8,0.0,India_Averaged.csv
2019-05-21,0,151.0,98.9,24.0,10.1,27.2,7.2,1.3,1.3,1.2,1.2,1.5,1.5,5.7,5.7,0.3375092991865216,0.6660380850841375,10.581737,4.131194,1.8023323,22.484188,5.0,33.175,0.0,30.486,10.174,1.0,262.192,2019,5,21,151.0,0.0,India_Averaged.csv
2019-05-22,0,143.8,100.9,22.7,9.9,23.4,6.4,1.4,1.4,1.0,1.0,1.7,1.7,5.1,5.1,0.0409684742892924,0.07274829844470401,10.238181,3.838644,0.41501388,18.13423,5.0,33.442,0.0,34.15,9.693999999999999,1.0,260.962,2019,5,22,143.8,0.0,India_Averaged.csv
2019-05-23,0,134.2,125.1,22.9,11.1,27.5,7.3,1.4,1.4,1.0,1.0,1.6,1.6,4.8,4.8,0.5778771548578723,0.6165443115926261,10.657975,4.0739617,1.5629975,23.86211,5.0,33.844,0.0,33.783,10.384,1.0,259.379,2019,5,23,147.9,0.0,India_Averaged.csv
2019-05-24,0,148.5,95.8,17.5,9.1,22.4,5.0,1.6,1.6,0.9,0.9,2.0,2.0,2.2,2.2,-0.5448912822194522,-0.25914083327545245,10.0569515,3.3098786,-4.586089,7.0949373,5.0,31.74,0.0,41.803000000000004,13.235,1.0,244.885,2019,5,24,152.1,0.0,India_Averaged.csv
2019-05-25,0,124.97999999999999,85.4,17.5,8.2,25.5,5.6,2.0,2.0,1.0,1.0,1.8,1.8,3.2,3.2,-1.2852590647212265,0.26405376643625805,10.717895,2.8171532,-15.2849245,19.176876,5.0,31.911,0.0,34.141,13.16,1.0,282.35299999999995,2019,5,25,124.97999999999999,0.0,India_Averaged.csv
2019-05-26,0,123.8,83.6,21.2,8.8,27.2,6.5,1.4,1.4,1.3,1.3,1.8,1.8,5.1,5.1,-0.9007779028886009,0.5658914740356712,10.572486,3.7192237,-3.689879,17.40504,5.0,33.025999999999996,0.0,28.999000000000002,11.203,1.0,273.49300000000005,2019,5,26,123.8,0.0,India_Averaged.csv
2019-05-27,0,132.5,93.4,24.9,9.9,25.8,6.1,1.3,1.3,1.2,1.2,1.4,1.4,4.3,4.3,-0.09906923589449441,0.22814172123011672,10.407339,4.197376,11.379297,16.279087,5.0,34.256,0.0,22.743000000000002,11.975999999999999,1.0,283.566,2019,5,27,132.5,0.0,India_Averaged.csv
2019-05-28,0,137.1,100.0,26.4,10.4,27.5,7.4,1.3,1.3,1.2,1.2,1.4,1.4,5.1,5.1,0.3480464479283597,0.6753278103315111,10.373795,4.6009927,12.829123,16.927078,5.0,34.488,0.0,19.526000000000003,11.524999999999999,1.0,283.12300000000005,2019,5,28,138.1,0.0,India_Averaged.csv
2019-05-29,0,135.6,109.0,28.5,11.8,27.9,8.1,1.3,1.3,1.2,1.2,1.6,1.6,3.7,3.7,0.9237481014005684,0.6838824755957016,10.157186,4.666652,14.343622,9.519123,5.0,35.464000000000006,0.0,20.913999999999998,11.029,1.0,284.088,2019,5,29,142.0,0.0,India_Averaged.csv
2019-05-30,0,150.1,127.4,28.1,12.7,28.2,6.6,1.4,1.4,1.0,1.0,1.5,1.5,4.3,4.3,1.625149967632991,0.36009136535996344,10.4159155,5.0825434,17.795784,18.170237,5.0,36.232,0.0,20.366,11.806000000000001,1.0,286.57,2019,5,30,160.1,0.0,India_Averaged.csv
2019-05-31,0,147.2,161.1,26.1,11.7,31.8,7.0,1.3,1.3,1.2,1.2,1.7,1.7,4.4,4.4,1.8191975138134204,1.1731217868983177,10.586916,5.2418356,17.946445,23.431225,5.0,36.648999999999994,0.0,22.580000000000002,10.695,1.0,261.437,2019,5,31,186.0,0.0,India_Averaged.csv
2019-06-01,0,154.6,139.1,21.2,10.7,40.7,7.4,1.2,1.2,1.1,1.1,2.2,2.2,4.6,4.6,1.133258820116991,2.323453246934595,11.2479725,4.66967,13.57429,32.056126,5.0,35.734,0.0,33.533,13.14,1.0,180.999,2019,6,1,165.3,0.0,India_Averaged.csv
2019-06-02,0,157.9,118.8,13.9,8.6,35.5,4.7,1.5,1.5,1.1,1.1,2.2,2.2,4.5,4.5,-0.2174410329833032,1.3634426402531568,11.023548,3.6798165,-1.574248,26.414907,5.0,36.462,0.0,33.046,14.583000000000002,1.0,171.804,2019,6,2,157.9,0.0,India_Averaged.csv
2019-06-03,0,147.6,153.4,10.7,8.2,24.5,4.3,1.5,1.5,1.1,1.1,2.2,2.2,3.8,3.8,-0.30200082915779786,0.20936973502341866,9.812237,3.0376983,-8.228382,12.170953,5.0,35.724000000000004,0.0,36.829,16.259,1.0,177.04899999999998,2019,6,3,171.4,0.0,India_Averaged.csv
2019-06-04,0,146.8,118.9,13.9,9.5,30.5,5.2,1.5,1.5,1.1,1.1,1.7,1.7,4.9,4.9,-0.29268636372644663,0.7143167138467603,10.964766,3.3970616,-6.809224,29.733551,5.0,35.811,0.0,34.175,14.122000000000003,1.0,192.592,2019,6,4,150.1,0.0,India_Averaged.csv
2019-06-05,0,135.6,107.4,15.0,9.8,31.7,5.4,1.4,1.4,1.3,1.3,1.9,1.9,4.6,4.6,-0.5270075151422849,0.7618656355863813,11.046341,3.6392467,-5.6434197,29.227097,5.0,36.218,0.0,33.065,11.972999999999999,1.0,212.715,2019,6,5,136.2,0.0,India_Averaged.csv
2019-06-06,0,145.5,124.3,18.4,8.3,34.8,5.6,1.2,1.2,1.4,1.4,1.9,1.9,6.7,6.7,-0.06908739011792023,1.5603407858726956,11.456523,4.1057634,-0.47648543,35.96877,5.0,35.953,0.0,33.325,11.725,1.0,180.98399999999998,2019,6,6,153.9,0.0,India_Averaged.csv
2019-06-07,0,144.3,102.3,15.6,8.3,44.7,4.9,0.8,0.8,1.6,1.6,2.0,2.0,5.2,5.2,-0.5575537242537845,2.399528045158924,12.117023,4.374733,3.394394,51.467247,5.0,35.036,0.0,34.967,9.163,1.0,167.072,2019,6,7,144.3,0.0,India_Averaged.csv
2019-06-08,0,144.7,100.5,23.3,9.8,43.4,5.0,0.8,0.8,1.6,1.6,1.9,1.9,6.1,6.1,0.2942282054964601,2.063310226038641,11.86549,4.9943357,16.47339,49.25982,5.0,36.284000000000006,0.0,26.698,8.797,1.0,222.533,2019,6,8,145.4,0.0,India_Averaged.csv
2019-06-09,0,147.7,131.1,28.1,12.4,49.3,7.7,0.8,0.8,1.6,1.6,1.9,1.9,5.2,5.2,1.8483289996981305,3.0635387367971356,11.741278,5.54579,18.933558,49.17572,5.0,37.258,0.0,21.426,9.388,1.0,271.29100000000005,2019,6,9,166.3,0.0,India_Averaged.csv
2019-06-10,0,158.6,125.1,27.4,11.5,37.1,5.8,1.3,1.3,1.2,1.2,1.2,1.2,4.5,4.5,1.5447259237794415,1.4159284773905991,10.969513,5.038167,14.06761,29.843029,5.0,37.832,0.0,22.016000000000002,11.369,1.0,250.08100000000005,2019,6,10,164.8,0.0,India_Averaged.csv
2019-06-11,0,142.7,266.4,21.8,10.4,23.8,5.2,1.3,1.3,0.6,0.6,1.8,1.8,5.6,5.6,2.7509756055940526,0.5655140131489997,10.266657,6.421289,32.133842,28.59488,5.0,37.197,0.0,27.107999999999997,10.71,1.0,253.82199999999997,2019,6,11,295.1,0.0,India_Averaged.csv
2019-06-12,0,149.0,149.5,14.4,8.8,26.1,5.2,1.6,1.6,0.9,0.9,2.1,2.1,5.3,5.3,0.09460681748839068,0.49705646856853464,10.511641,3.5503013,-6.5243735,23.188787,5.0,34.944,0.0,41.108999999999995,10.885,1.0,160.05,2019,6,12,163.6,0.0,India_Averaged.csv
2019-06-13,0,133.4,100.3,15.3,8.7,27.0,4.5,1.7,1.7,1.0,1.0,1.8,1.8,4.7,4.7,-0.9509872399937631,0.1855626926428678,10.910093,2.882399,-15.405952,25.461702,5.0,33.688,0.0,44.622,11.912,1.0,242.202,2019,6,13,136.8,0.0,India_Averaged.csv
2019-06-14,0,119.6,97.8,18.0,8.9,29.2,5.0,1.5,1.5,1.1,1.1,1.8,1.8,4.8,4.8,-0.967786869400288,0.4791973288248295,11.205166,3.065995,-12.8144865,30.228374,5.0,35.095,0.0,32.510000000000005,14.207999999999998,1.0,274.48,2019,6,14,123.7,0.0,India_Averaged.csv
2019-06-15,0,119.4,122.4,21.6,8.6,28.4,7.2,1.3,1.3,1.2,1.2,1.7,1.7,4.4,4.4,-0.3316312033755507,1.07057451129551,10.935014,3.9712825,-1.5609322,31.9838,5.0,35.339,0.0,34.9,16.362000000000002,1.0,267.61699999999996,2019,6,15,146.0,0.0,India_Averaged.csv
2019-06-16,0,140.1,99.5,11.7,7.0,21.8,4.3,1.7,1.7,1.0,1.0,2.6,2.6,0.7,0.7,-1.5204957748379164,-0.1633637603391082,10.013843,1.8910183,-27.315128,11.040486,5.0,32.266999999999996,0.0,50.594,18.202999999999996,1.0,272.117,2019,6,16,140.1,0.0,India_Averaged.csv
2019-06-17,0,114.1,86.5,13.9,8.1,19.0,4.0,1.9,1.9,0.9,0.9,2.7,2.7,2.6,2.6,-1.8636683216605423,-0.8621956645086177,9.836667,1.2305099,-32.181194,4.703955,5.0,32.586,0.0,50.289,16.905,1.0,259.28999999999996,2019,6,17,117.2,0.0,India_Averaged.csv
2019-06-18,0,122.2,66.5,15.9,9.8,20.6,3.5,1.9,1.9,0.9,0.9,2.4,2.4,2.4,2.4,-1.5362001423013425,-1.1471472903475182,9.592595,1.8618126,-17.843643,-18.654575,5.0,29.017000000000003,0.0,63.975,9.402,1.0,242.64600000000002,2019,6,18,122.2,0.0,India_Averaged.csv
2019-06-19,0,85.3,100.4,15.8,8.4,36.7,4.3,1.4,1.4,1.3,1.3,2.7,2.7,4.1,4.1,-1.7486282171975738,1.1625582504245966,11.5081005,2.5156279,-17.121725,32.664486,5.0,29.462,0.0,61.327999999999996,8.724,1.0,203.1,2019,6,19,122.4,0.0,India_Averaged.csv
2019-06-20,0,149.5,82.0,14.8,7.8,37.0,3.3,1.2,1.2,1.4,1.4,2.4,2.4,4.1,4.1,-1.0702825980828787,1.1716243146531256,11.552669,2.547757,-17.558125,32.886868,5.0,31.240000000000002,0.0,54.634,7.174000000000001,1.0,214.18799999999996,2019,6,20,150.4,0.0,India_Averaged.csv
2019-06-21,0,108.4,94.5,19.6,9.1,29.3,3.5,1.5,1.5,1.1,1.1,2.0,2.0,4.6,4.6,-1.0876781430857263,0.09139051902669129,10.74725,3.0733685,-10.232823,16.36324,5.0,32.286,0.0,53.223,7.489,1.0,234.779,2019,6,21,115.4,0.0,India_Averaged.csv
2019-06-22,0,141.3,100.9,21.9,9.4,35.1,4.6,1.2,1.2,1.4,1.4,1.8,1.8,4.8,4.8,-0.05369135763609569,1.0835186629049014,11.220135,4.250325,3.6816354,34.713776,5.0,33.698,0.0,44.977999999999994,9.482000000000001,1.0,191.662,2019,6,22,141.5,0.0,India_Averaged.csv
2019-06-23,0,144.0,98.7,11.9,7.5,29.9,3.6,1.6,1.6,1.2,1.2,2.5,2.5,3.4,3.4,-1.259740383992242,0.5253725285615545,10.452284,2.3928142,-17.34208,19.148071,5.0,33.218,0.0,51.232000000000006,12.087,1.0,132.728,2019,6,23,149.8,0.0,India_Averaged.csv
2019-06-24,0,125.85999999999999,71.8,10.6,7.7,18.2,3.7,2.0,2.0,1.0,1.0,2.7,2.7,2.2,2.2,-2.2326719215348496,-1.012387617823205,9.854555,0.9671955,-33.741352,0.19778475,5.0,31.386000000000003,0.0,62.20399999999999,9.032,1.0,135.642,2019,6,24,125.85999999999999,0.0,India_Averaged.csv
2019-06-25,0,91.26,77.7,14.3,9.5,29.9,3.8,1.8,1.8,1.1,1.1,2.6,2.6,5.0,5.0,-1.9920905004726959,-0.01905860842552653,11.121024,1.4094484,-25.736847,14.227373,5.0,32.008,0.0,62.75599999999999,6.306,1.0,220.35700000000003,2019,6,25,98.66,0.0,India_Averaged.csv
2019-06-26,0,122.5,86.7,19.0,8.9,31.8,3.8,1.6,1.6,1.2,1.2,2.0,2.0,4.5,4.5,-1.0063962248959744,0.47442227038087736,10.931953,3.0488229,-5.9925594,20.542728,5.0,33.416000000000004,0.0,50.881,11.15,1.0,250.969,2019,6,26,123.9,0.0,India_Averaged.csv
2019-06-27,0,136.9,126.6,19.4,10.0,23.4,3.9,1.5,1.5,1.1,1.1,1.2,1.2,4.7,4.7,0.06637974894143195,-0.4125641517922456,10.198862,3.5794377,-1.7372291,7.2510667,5.0,33.903000000000006,0.0,45.604,13.365,1.0,283.95799999999997,2019,6,27,151.0,0.0,India_Averaged.csv
2019-06-28,0,141.0,121.5,18.0,9.3,19.5,4.4,1.7,1.7,1.0,1.0,2.1,2.1,4.2,4.2,-0.22760823213650125,-0.6475518672957224,9.624529,3.190484,-6.2369337,-0.044379424,5.0,34.67399999999999,0.0,43.706,13.894,1.0,279.73699999999997,2019,6,28,148.7,0.0,India_Averaged.csv
2019-06-29,0,131.9,133.2,16.9,7.2,16.9,3.4,1.8,1.8,0.8,0.8,2.1,2.1,2.5,2.5,-0.755065605444603,-0.7703162859473525,8.724773,2.714734,-8.650995,-16.244068,5.0,34.891999999999996,0.0,43.465999999999994,13.201999999999998,1.0,267.313,2019,6,29,157.7,0.0,India_Averaged.csv
2019-06-30,0,127.5,141.2,17.0,7.1,21.4,4.4,1.8,1.8,1.0,1.0,2.0,2.0,2.2,2.2,-0.6496608050864799,0.004786942337557299,9.474466,2.9429662,-11.5016575,-0.5436556,5.0,35.061,0.0,45.864000000000004,12.434000000000001,1.0,250.36599999999999,2019,6,30,161.3,0.0,India_Averaged.csv
2019-07-01,0,134.5,104.7,15.8,6.6,21.8,4.4,1.8,1.8,1.1,1.1,2.4,2.4,3.1,3.1,-1.3052062467410024,-0.029258570618285473,9.970481,2.6974616,-21.87965,13.130274,5.0,34.562,0.0,48.399,9.129999999999999,1.0,179.50900000000001,2019,7,1,135.5,0.0,India_Averaged.csv
2019-07-02,0,126.3,112.4,15.8,7.7,30.9,4.0,1.5,1.5,1.1,1.1,2.2,2.2,3.4,3.4,-1.0075522340000722,0.7380704324834069,10.749645,2.7918963,-7.162008,17.69919,5.0,34.356,0.0,50.525,10.138,1.0,139.034,2019,7,2,137.7,0.0,India_Averaged.csv
2019-07-03,0,145.6,79.0,12.9,7.2,21.5,2.8,1.8,1.8,1.1,1.1,2.6,2.6,2.9,2.9,-1.6485313649609197,-0.6354533784591458,9.839853,1.8287684,-22.893719,12.420964,5.0,32.202999999999996,0.0,60.95399999999999,11.344999999999999,1.0,152.46599999999998,2019,7,3,145.6,0.0,India_Averaged.csv
2019-07-04,0,107.64000000000001,63.7,13.8,8.6,14.9,3.5,2.0,2.0,1.0,1.0,3.0,3.0,1.0,1.0,-2.320071236767993,-1.6565605280343305,9.303739,0.81188995,-27.432678,-34.840874,5.0,31.076,0.0,69.811,9.280000000000001,1.0,173.18099999999998,2019,7,4,107.64000000000001,0.0,India_Averaged.csv
2019-07-05,0,96.88,67.9,16.9,9.1,9.8,3.0,2.0,2.0,1.0,1.0,2.1,2.1,0.4,0.4,-2.181673266576223,-2.4197362333826455,8.496376,1.0925405,-20.071865,-59.647564,5.0,29.267000000000003,0.0,77.79499999999999,7.178,1.0,181.065,2019,7,5,98.78,0.0,India_Averaged.csv
2019-07-06,0,107.2,64.3,13.6,7.9,13.7,3.5,2.0,2.0,1.0,1.0,2.4,2.4,1.0,1.0,-2.4883756167660995,-1.6697289999630125,9.255934,0.53990096,-33.92581,-26.245518,5.0,29.412,0.0,76.441,8.99,1.0,166.73,2019,7,6,107.2,0.0,India_Averaged.csv
2019-07-07,0,87.74,58.9,14.9,8.6,17.3,3.6,2.0,2.0,1.0,1.0,2.7,2.7,0.2,0.2,-2.65293164155088,-1.434142707094374,9.174907,0.01273483,-32.525276,-49.898582,5.0,30.291000000000004,0.0,72.971,7.92,1.0,181.802,2019,7,7,88.64,0.0,India_Averaged.csv
2019-07-08,0,96.46000000000001,85.16,16.46,8.459999999999999,16.28,3.7600000000000002,2.0,2.0,1.0,1.0,2.4,2.4,1.1,1.1,-1.9804175162806978,-1.3245473934037126,9.270071,1.2004956,-25.438068,-44.3861,5.0,30.869,0.0,70.668,9.625,1.0,225.15099999999998,2019,7,8,99.96000000000001,0.0,India_Averaged.csv
2019-07-09,0,124.7182284118052,88.08224058029417,15.075631236617784,8.64620429976922,13.04152624365073,3.5553042899900236,2.0,2.0,1.0,1.0,2.1,2.1,0.4,0.4,-1.5195377857027768,-1.6851935554148336,7.1674104,1.7332222,-17.280447,-33.686977,5.0,30.219,0.0,71.685,12.025,1.0,206.26799999999997,2019,7,9,124.7182284118052,0.0,India_Averaged.csv
2019-07-10,0,123.3382284118052,168.9822405802942,14.875631236617783,8.64620429976922,14.74152624365073,3.655304289990023,1.8,1.8,0.8,0.8,1.9,1.9,1.7,1.7,-0.21322402145710556,-1.080578168964624,6.6114006,3.0387568,-6.4370513,-23.287548,5.0,30.792,0.0,69.061,12.426,1.0,230.579,2019,7,10,182.55822841180517,0.0,India_Averaged.csv
2019-07-11,0,134.84,195.9,13.5,8.3,12.8,3.6,1.7,1.7,0.7,0.7,1.6,1.6,1.8,1.8,0.24228235189477512,-1.0986768251417853,8.30775,3.515923,4.438309,-19.856117,5.0,31.971999999999998,0.0,59.313,17.232999999999997,1.0,231.16199999999998,2019,7,11,213.0,0.0,India_Averaged.csv
2019-07-12,0,140.56,196.6,12.0,7.3,12.0,3.4,1.7,1.7,0.7,0.7,1.6,1.6,1.7,1.7,0.03210502793319483,-1.0493489527739022,8.601837,3.8507972,2.0969555,-13.926331,5.0,31.840999999999998,0.0,56.653,16.117,1.0,246.68400000000003,2019,7,12,213.0,0.0,India_Averaged.csv
2019-07-13,0,139.76,163.4,11.3,8.5,14.4,3.4,1.8,1.8,0.8,0.8,2.2,2.2,1.1,1.1,-0.310591879671562,-1.1577033091075362,8.22518,2.5360153,-10.101871,-21.977005,5.0,32.313,0.0,55.289,18.451,1.0,229.484,2019,7,13,177.2,0.0,India_Averaged.csv
2019-07-14,0,135.26,138.9,11.0,7.4,14.1,2.98,1.8,1.8,0.8,0.8,2.4,2.4,1.4,1.4,-1.048533131800627,-1.225162686822904,8.732977,2.261198,-12.778495,-14.339931,5.0,31.526999999999997,0.0,56.885000000000005,16.805,1.0,221.029,2019,7,14,158.35999999999999,0.0,India_Averaged.csv
2019-07-15,0,131.62,104.1,13.0,8.7,18.1,3.5,1.8,1.8,1.1,1.1,2.3,2.3,0.8,0.8,-1.2174782950391676,-1.0499814957067923,9.0204935,1.9119511,-16.770111,-20.000206,5.0,29.462,0.0,68.642,14.399000000000001,1.0,197.603,2019,7,15,135.82,0.0,India_Averaged.csv
2019-07-16,0,114.04,71.1,14.0,9.0,20.3,3.5,1.8,1.8,1.1,1.1,2.6,2.6,0.6,0.6,-1.9206907343431392,-1.056762445902131,9.685148,1.0982081,-25.01201,-20.662945,5.0,27.855,0.0,77.147,11.225,1.0,155.89299999999997,2019,7,16,114.04,0.0,India_Averaged.csv
2019-07-17,0,98.6,63.6,14.3,8.9,17.1,3.2,1.8,1.8,1.1,1.1,2.9,2.9,0.9,0.9,-2.368816188831657,-1.5475628050779002,9.488796,0.57569027,-22.929474,-29.455698,5.0,28.389,0.0,75.297,9.186,1.0,168.04500000000002,2019,7,17,98.6,0.0,India_Averaged.csv
2019-07-18,0,101.64,62.6,16.8,9.3,12.3,3.2,2.0,2.0,1.0,1.0,2.4,2.4,0.4,0.4,-2.1152742376204308,-2.139843543393314,8.767538,1.046889,-23.599874,-49.62138,5.0,28.119,0.0,77.503,6.426,1.0,216.29299999999998,2019,7,18,101.64,0.0,India_Averaged.csv
2019-07-19,0,107.02000000000001,84.4,17.3,10.3,24.0,3.0,1.5,1.5,1.1,1.1,2.0,2.0,1.7,1.7,-1.283534261127091,-0.9033931339594105,10.248024,2.0377142,-14.029257,-4.696318,5.0,29.692,0.0,76.55199999999999,5.099,1.0,188.54000000000002,2019,7,19,114.02000000000001,0.0,India_Averaged.csv
2019-07-20,0,127.17999999999999,78.3,16.8,9.7,16.6,3.5,2.0,2.0,1.0,1.0,1.5,1.5,1.9,1.9,-1.2498365702971834,-1.5050960475423374,9.302601,2.182743,-14.240321,-15.96608,5.0,30.285000000000004,0.0,75.727,6.33,1.0,126.548,2019,7,20,127.17999999999999,0.0,India_Averaged.csv
2019-07-21,0,125.72,68.9,13.8,10.6,20.72,3.6,2.0,2.0,1.0,1.0,2.1,2.1,3.3,3.3,-1.4283950383011548,-1.247235403804431,9.997403,2.126757,-24.233494,-2.3455777,5.0,29.940999999999995,0.0,77.793,7.787000000000001,1.0,122.49600000000001,2019,7,21,125.72,0.0,India_Averaged.csv
2019-07-22,0,119.55999999999999,72.3,13.6,16.380000000000003,19.0,4.0,1.8,1.8,0.8,0.8,1.9,1.9,2.7,2.7,-0.35657768468198914,-2.3753689773210627,9.780922,2.5089257,-18.196774,-21.301502,5.0,30.516999999999996,0.0,77.639,6.099,1.0,127.38,2019,7,22,119.55999999999999,0.0,India_Averaged.csv
2019-07-23,0,128.6,85.7,17.4,16.2,30.1,3.4,1.7,1.7,1.0,1.0,1.7,1.7,3.7,3.7,0.4069662008303867,-1.0911009598422474,10.511749,3.7591197,-7.9639106,7.372659,5.0,31.692,0.0,72.166,7.014,1.0,225.798,2019,7,23,128.6,0.0,India_Averaged.csv
2019-07-24,0,129.82,86.7,17.9,12.6,17.9,3.5,1.8,1.8,0.8,0.8,1.6,1.6,2.9,2.9,-0.38211873851513645,-1.8102626097308179,9.864546,2.8243644,-16.726175,-7.74977,5.0,30.939,0.0,74.78,10.708,1.0,233.644,2019,7,24,129.82,0.0,India_Averaged.csv
2019-07-25,0,113.64000000000001,49.5,13.9,8.5,12.2,3.9,2.0,2.0,1.0,1.0,2.7,2.7,0.3,0.3,-2.480455532326631,-1.909581985230954,8.943312,0.31824654,-28.567236,-35.66516,5.0,27.275,0.0,85.712,7.907000000000001,1.0,205.19299999999998,2019,7,25,113.64000000000001,0.0,India_Averaged.csv
2019-07-26,0,75.66,55.3,12.4,7.6,22.3,3.4,1.8,1.8,1.1,1.1,2.9,2.9,0.5,0.5,-3.269995095851722,-0.8059278446570717,9.392696,-0.30211526,-32.725952,-48.07169,5.0,26.873,0.0,86.982,12.484,1.0,141.051,2019,7,26,83.76,0.0,India_Averaged.csv
2019-07-27,0,96.5,47.9,11.3,7.6,13.7,3.5,2.0,2.0,1.0,1.0,2.7,2.7,0.8,0.8,-3.190470256106856,-1.7463263936074234,9.32934,-0.74488926,-48.75999,-28.218985,5.0,26.389999999999997,0.0,89.366,13.13,1.0,174.74200000000002,2019,7,27,96.5,0.0,India_Averaged.csv
2019-07-28,0,83.46000000000001,42.9,9.9,7.9,11.0,3.1,2.0,2.0,1.0,1.0,3.0,3.0,0.0,0.0,-3.598056127553872,-2.266938577771122,9.09022,-1.5966218,-51.15508,-52.46117,5.0,27.531,0.0,86.441,14.159,1.0,131.31599999999997,2019,7,28,83.46000000000001,0.0,India_Averaged.csv
2019-07-29,0,68.8,48.5,10.0,7.9,11.3,3.3,2.0,2.0,1.0,1.0,3.0,3.0,0.0,0.0,-3.7633524584107585,-2.2033956847720013,8.991793,-1.5620722,-47.175884,-61.517265,5.0,28.540999999999997,0.0,80.98800000000001,12.17,1.0,113.489,2019,7,29,69.4,0.0,India_Averaged.csv
2019-07-30,0,73.53999999999999,55.4,11.4,8.1,14.9,3.3,2.0,2.0,1.0,1.0,3.0,3.0,0.8,0.8,-3.372961850740855,-1.7707335738997947,9.579969,-1.3564134,-51.437294,-42.15023,5.0,28.633000000000003,0.0,79.925,11.378,1.0,116.96300000000001,2019,7,30,74.53999999999999,0.0,India_Averaged.csv
2019-07-31,0,79.82000000000001,53.0,10.7,7.8,14.6,3.7,2.0,2.0,1.0,1.0,3.0,3.0,0.1,0.1,-3.407397457938841,-1.6636363116907398,9.637036,-0.8373829,-49.004032,-36.73006,5.0,28.326,0.0,82.251,8.033,1.0,132.78400000000002,2019,7,31,79.82000000000001,0.0,India_Averaged.csv
2019-08-01,0,83.46000000000001,55.2,11.8,7.4,15.7,3.1,2.0,2.0,1.0,1.0,3.0,3.0,0.1,0.1,-3.296146937438759,-1.5693958847095648,9.656248,-0.6853615,-48.13444,-34.01892,5.0,28.421,0.0,84.44,8.358,1.0,177.211,2019,8,1,83.46000000000001,0.0,India_Averaged.csv
2019-08-02,0,87.88,59.8,12.8,8.7,19.9,3.3,1.8,1.8,1.1,1.1,2.9,2.9,0.5,0.5,-2.749033707907668,-1.2337051055111334,9.445903,0.18581605,-32.277824,-39.992653,5.0,28.012999999999998,0.0,86.83,7.348000000000001,1.0,163.624,2019,8,2,87.88,0.0,India_Averaged.csv
2019-08-03,0,89.88,58.5,11.8,9.1,17.0,3.5,1.8,1.8,1.1,1.1,2.9,2.9,0.5,0.5,-2.760866094918168,-1.5985722502807953,9.501075,-0.436364,-38.81244,-36.00955,5.0,27.833000000000006,0.0,88.293,7.109,1.0,147.852,2019,8,3,89.88,0.0,India_Averaged.csv
2019-08-04,0,98.52000000000001,66.82000000000001,11.5,9.4,16.8,3.8,2.0,2.0,1.0,1.0,2.7,2.7,0.9,0.9,-2.425403523334612,-1.5452120358089405,9.65658,0.048936795,-37.099953,-24.124205,5.0,28.576999999999998,0.0,86.004,5.696,1.0,163.285,2019,8,4,98.52000000000001,0.0,India_Averaged.csv
2019-08-05,0,115.6,65.9,15.2,9.6,13.8,3.5,2.0,2.0,1.0,1.0,2.1,2.1,0.5,0.5,-1.8425062193871065,-1.9126677709370168,8.868982,1.0481827,-23.273079,-33.32359,5.0,28.566000000000003,0.0,86.178,7.586,1.0,184.41799999999998,2019,8,5,115.6,0.0,India_Averaged.csv
2019-08-06,0,112.08,50.5,15.7,8.9,10.4,3.5,2.0,2.0,1.0,1.0,2.4,2.4,0.4,0.4,-2.302735503731903,-2.257433594741312,8.470714,0.48372468,-27.107224,-49.198204,5.0,27.367,0.0,88.936,8.993,1.0,188.86999999999998,2019,8,6,112.08,0.0,India_Averaged.csv
2019-08-07,0,88.44,57.2,14.0,11.4,25.9,3.7,1.8,1.8,1.1,1.1,2.6,2.6,1.2,1.2,-2.070740829389624,-0.9407581811976817,9.539099,0.3801526,-29.038876,-39.28993,5.0,27.839,0.0,87.37,7.25,1.0,145.296,2019,8,7,92.74,0.0,India_Averaged.csv
2019-08-08,0,87.44,52.0,14.1,8.2,15.2,4.0,2.0,2.0,1.0,1.0,3.0,3.0,1.4,1.4,-2.931905245724869,-1.5559191151710399,9.260318,-0.28871918,-34.49931,-37.70637,5.0,29.201999999999998,0.0,79.164,11.879999999999999,1.0,112.48499999999999,2019,8,8,87.44,0.0,India_Averaged.csv
2019-08-09,0,77.26,44.6,9.4,7.7,10.7,3.8,2.0,2.0,1.0,1.0,3.0,3.0,0.0,0.0,-3.7564583101955145,-2.1263417322687954,8.797562,-1.1799601,-48.06646,-50.74768,5.0,27.992,0.0,80.612,21.596,1.0,87.70599999999999,2019,8,9,77.46000000000001,0.0,India_Averaged.csv
2019-08-10,0,58.339999999999996,35.3,7.9,8.7,10.2,2.9,2.0,2.0,1.0,1.0,3.0,3.0,0.0,0.0,-4.191533242726157,-2.668246091550498,9.1532955,-1.7624611,-57.05971,-52.30166,5.0,28.022,0.0,81.17,16.903,1.0,137.365,2019,8,10,59.839999999999996,0.0,India_Averaged.csv
2019-08-11,0,54.7,45.6,10.1,10.8,11.5,3.6,1.9,1.9,0.9,0.9,2.7,2.7,0.9,0.9,-3.4753114302243526,-2.6796214695412393,9.424923,-0.7996931,-53.659496,-45.058914,5.0,28.415000000000003,0.0,79.771,9.507000000000001,1.0,189.382,2019,8,11,58.8,0.0,India_Averaged.csv
2019-08-12,0,69.92,58.5,12.7,8.5,11.4,3.4,2.0,2.0,1.0,1.0,2.7,2.7,0.1,0.1,-3.249963712537725,-2.202165617051599,8.807178,-0.9868485,-45.502098,-58.443317,5.0,28.583,0.0,81.537,10.722,1.0,278.904,2019,8,12,76.82000000000001,0.0,India_Averaged.csv
2019-08-13,0,80.8,59.4,13.5,10.5,10.8,3.5,2.0,2.0,1.0,1.0,2.7,2.7,0.1,0.1,-2.577327791341458,-2.5582164269963066,8.76024,-0.090893,-28.416388,-57.72632,5.0,28.178000000000004,0.0,84.608,9.116,1.0,199.403,2019,8,13,82.0,0.0,India_Averaged.csv
2019-08-14,0,92.03999999999999,55.1,16.0,10.5,16.1,3.5,2.0,2.0,1.0,1.0,2.4,2.4,0.3,0.3,-2.1862702038549706,-1.924184180915774,8.865727,0.9957732,-24.895607,-41.380257,5.0,27.702999999999996,0.0,87.513,7.593000000000001,1.0,199.506,2019,8,14,92.53999999999999,0.0,India_Averaged.csv
2019-08-15,0,96.0,47.7,11.1,8.8,11.4,3.1,2.0,2.0,1.0,1.0,3.0,3.0,0.2,0.2,-3.010643791380401,-2.310540548617643,8.98804,-0.5140534,-43.322,-42.67096,5.0,27.469,0.0,85.601,16.208,1.0,120.5,2019,8,15,96.0,0.0,India_Averaged.csv
2019-08-16,0,78.64,33.4,8.9,7.7,8.4,3.4,2.0,2.0,1.0,1.0,3.0,3.0,0.0,0.0,-3.9857494858135363,-2.5300189245148847,8.517967,-1.6754106,-52.45162,-54.201733,5.0,26.704,0.0,86.625,16.973,1.0,140.225,2019,8,16,78.64,0.0,India_Averaged.csv
2019-08-17,0,56.94,29.2,7.2,7.5,6.4,3.1,2.0,2.0,1.0,1.0,3.0,3.0,0.0,0.0,-4.653819658251129,-2.8847375544358522,8.847679,-2.6158423,-64.78142,-53.673206,5.0,25.669,0.0,90.07199999999999,18.91,1.0,181.19400000000002,2019,8,17,58.239999999999995,0.0,India_Averaged.csv
2019-08-18,0,61.92,43.839999999999996,9.120000000000001,9.379999999999999,11.02,3.2600000000000002,2.0,2.0,1.0,1.0,3.0,3.0,0.7,0.7,-3.7409382841535495,-2.554148753756657,8.862128,-0.9875946,-43.624428,-49.914154,5.0,26.733999999999998,0.0,86.23400000000001,10.047,1.0,236.46999999999997,2019,8,18,66.36,0.0,India_Averaged.csv
2019-08-19,0,78.22,65.9,12.6,9.6,10.7,2.8,2.0,2.0,1.0,1.0,2.4,2.4,0.2,0.2,-2.779189798514373,-2.547232064453465,8.456481,-0.08921576,-29.119558,-63.81496,5.0,27.683,0.0,84.753,7.007,1.0,284.85499999999996,2019,8,19,88.92,0.0,India_Averaged.csv
2019-08-20,0,101.84,69.2,14.3,9.8,11.2,2.7,2.0,2.0,1.0,1.0,2.7,2.7,0.3,0.3,-2.114049834240563,-2.4493940863483896,8.55934,0.6872338,-21.496922,-61.442802,5.0,28.113999999999997,0.0,80.887,11.318999999999999,1.0,293.104,2019,8,20,101.84,0.0,India_Averaged.csv
2019-08-21,0,113.12,78.9,16.1,9.7,11.3,3.22,2.0,2.0,1.0,1.0,2.1,2.1,0.4,0.4,-1.6205777297386053,-2.212285006013991,8.745606,1.3649651,-26.928852,-38.58918,5.0,28.857,0.0,78.291,11.7,1.0,248.102,2019,8,21,113.82000000000001,0.0,India_Averaged.csv
2019-08-22,0,109.28,76.5,16.3,9.5,10.5,3.4,2.0,2.0,1.0,1.0,2.1,2.1,0.5,0.5,-1.7627022942826975,-2.2499076632173716,8.649199,1.1283352,-16.305347,-53.620094,5.0,28.231,0.0,81.458,7.749,1.0,218.858,2019,8,22,109.28,0.0,India_Averaged.csv
2019-08-23,0,103.74000000000001,77.8,14.6,10.5,10.9,2.7,2.0,2.0,1.0,1.0,2.1,2.1,0.4,0.4,-1.7782431405889363,-2.5568108600589405,8.636556,0.94768775,-22.714796,-57.158924,5.0,28.843,0.0,78.80499999999999,7.241,1.0,252.638,2019,8,23,103.74000000000001,0.0,India_Averaged.csv
2019-08-24,0,111.46,80.0,14.7,10.7,10.8,2.8,1.9,1.9,0.9,0.9,2.1,2.1,0.4,0.4,-1.551378169466709,-2.5476013222534735,8.720536,1.1452065,-20.781223,-52.455605,5.0,28.611,0.0,80.328,8.077000000000002,1.0,190.08499999999998,2019,8,24,113.35999999999999,0.0,India_Averaged.csv
2019-08-25,0,117.75999999999999,52.9,11.6,7.8,11.0,3.0,2.0,2.0,1.0,1.0,2.7,2.7,0.2,0.2,-2.691759945931399,-2.1094948854415643,8.868444,-0.10590553,-35.6424,-36.565422,5.0,27.076,0.0,87.02199999999999,8.08,1.0,135.31900000000002,2019,8,25,117.75999999999999,0.0,India_Averaged.csv
2019-08-26,0,93.32000000000001,45.6,13.2,8.4,11.6,2.7,2.0,2.0,1.0,1.0,3.0,3.0,0.1,0.1,-3.018306049315865,-2.306205295082692,8.905272,-0.5870212,-40.52023,-53.16211,5.0,27.955000000000002,0.0,84.562,8.251000000000001,1.0,129.096,2019,8,26,93.32000000000001,0.0,India_Averaged.csv
2019-08-27,0,74.66,59.1,15.2,10.7,18.5,3.2,1.8,1.8,1.1,1.1,2.9,2.9,1.3,1.3,-2.4388736986625044,-1.7893382763686958,9.497609,0.26536193,-26.567703,-46.638268,5.0,28.674,0.0,82.54299999999999,6.997999999999999,1.0,99.83399999999999,2019,8,27,78.26,0.0,India_Averaged.csv
2019-08-28,0,91.0,58.8,13.7,9.0,12.5,3.4,2.0,2.0,1.0,1.0,3.0,3.0,0.3,0.3,-2.665500239099406,-2.0946167988638296,8.931262,-0.24355176,-33.406918,-53.36148,5.0,29.133999999999997,0.0,81.908,8.262,1.0,111.304,2019,8,28,91.0,0.0,India_Averaged.csv
2019-08-29,0,93.42,58.0,12.0,9.1,11.0,3.4,2.0,2.0,1.0,1.0,3.0,3.0,0.2,0.2,-2.761193361682227,-2.2931902407513056,8.71139,-0.47625476,-39.261887,-52.807556,5.0,28.744,0.0,84.086,7.739999999999999,1.0,146.575,2019,8,29,93.42,0.0,India_Averaged.csv
2019-08-30,0,93.28,60.5,13.8,8.8,15.4,3.9,2.0,2.0,1.0,1.0,2.7,2.7,0.3,0.3,-2.5861711666733576,-1.6046235300510214,9.129686,0.24504933,-29.20996,-36.269913,5.0,28.943,0.0,83.36200000000001,5.163,1.0,166.36700000000002,2019,8,30,93.28,0.0,India_Averaged.csv
2019-08-31,0,98.96000000000001,69.2,18.5,12.3,18.2,4.36,1.8,1.8,1.1,1.1,2.3,2.3,0.7,0.7,-1.2379491848279485,-1.705270896797355,9.087088,1.571895,-12.141914,-38.501873,5.0,29.296,0.0,81.422,5.129,1.0,182.899,2019,8,31,98.96000000000001,0.0,India_Averaged.csv
2019-09-01,0,107.25999999999999,58.2,14.4,10.5,17.3,3.3,1.8,1.8,1.1,1.1,2.9,2.9,0.8,0.8,-1.9645586377419195,-1.7850319415033955,9.226523,1.1621983,-20.090996,-44.986286,5.0,27.910000000000004,0.0,87.71000000000001,8.119,1.0,116.37199999999999,2019,9,1,107.25999999999999,0.0,India_Averaged.csv
2019-09-02,0,100.8,63.2,14.7,9.0,20.6,4.6,1.8,1.8,1.1,1.1,2.9,2.9,1.7,1.7,-2.222001386942798,-0.8533521309948201,9.578353,1.0070689,-19.902699,-27.608295,5.0,28.947000000000003,0.0,83.76200000000001,4.598000000000001,1.0,190.171,2019,9,2,101.4,0.0,India_Averaged.csv
2019-09-03,0,114.14000000000001,79.5,16.7,9.8,16.6,4.2,1.8,1.8,1.1,1.1,2.1,2.1,0.5,0.5,-1.448686831208502,-1.4022586295446038,8.90708,1.803842,-14.238886,-32.635487,5.0,29.1,0.0,82.76,5.809,1.0,205.44400000000002,2019,9,3,114.14000000000001,0.0,India_Averaged.csv
2019-09-04,0,134.88,79.3,15.9,10.1,15.5,4.1,2.0,2.0,1.0,1.0,1.8,1.8,1.2,1.2,-1.0836682945308724,-1.5492711275416622,8.822065,2.1978328,-12.917127,-21.725536,5.0,28.48,0.0,85.951,7.334999999999999,1.0,154.79500000000002,2019,9,4,134.88,0.0,India_Averaged.csv
2019-09-05,0,125.66,56.1,13.2,8.7,12.8,4.2,2.0,2.0,1.0,1.0,2.4,2.4,0.4,0.4,-2.1516887783081255,-1.7494643763053621,8.853404,1.067886,-22.83614,-32.6174,5.0,28.742,0.0,83.994,7.094999999999999,1.0,122.346,2019,9,5,125.66,0.0,India_Averaged.csv
2019-09-06,0,90.97999999999999,59.5,12.8,8.9,12.6,5.8,2.0,2.0,1.0,1.0,3.0,3.0,1.2,1.2,-2.706773670624639,-1.5443917875524105,9.167068,0.20744844,-35.119934,-43.356712,5.0,28.869,0.0,83.534,7.209999999999999,1.0,134.792,2019,9,6,90.97999999999999,0.0,India_Averaged.csv
2019-09-07,0,91.66,57.2,13.4,9.9,10.9,3.7,2.0,2.0,1.0,1.0,2.4,2.4,0.3,0.3,-2.536411937010601,-2.3775775819428278,8.804395,0.19390774,-32.459724,-42.958767,5.0,28.000999999999998,0.0,87.346,7.566,1.0,134.115,2019,9,7,91.66,0.0,India_Averaged.csv
2019-09-08,0,86.72,58.7,11.2,9.9,20.3,3.6,1.8,1.8,1.1,1.1,2.9,2.9,1.1,1.1,-2.6604972164803513,-1.355267621817385,9.652426,-0.137234,-39.632275,-28.676132,5.0,28.266,0.0,85.627,6.197,1.0,113.38499999999999,2019,9,8,86.82000000000001,0.0,India_Averaged.csv
2019-09-09,0,89.7,81.0,14.1,12.0,15.2,3.7,2.0,2.0,1.0,1.0,2.4,2.4,0.3,0.3,-1.6568093028808086,-2.1421817334825075,8.856886,0.9209715,-22.814337,-46.084724,5.0,29.455000000000002,0.0,79.453,6.247999999999999,1.0,200.116,2019,9,9,95.6,0.0,India_Averaged.csv
2019-09-10,0,125.8,83.6,14.6,9.7,29.1,4.2,1.6,1.6,1.2,1.2,2.5,2.5,2.3,2.3,-1.197231820641957,0.07354471954987774,10.334089,2.1257124,-17.080288,3.491373,5.0,30.038,0.0,75.84700000000001,6.578,1.0,205.86100000000002,2019,9,10,125.8,0.0,India_Averaged.csv
2019-09-11,0,130.88,89.4,17.3,10.3,24.3,4.2,1.4,1.4,1.3,1.3,1.7,1.7,1.0,1.0,-0.7391735446415992,-0.5132277370486553,9.594207,2.758133,-4.6767015,0.37774348,5.0,30.518,0.0,75.713,8.053,1.0,186.767,2019,9,11,130.88,0.0,India_Averaged.csv
2019-09-12,0,136.16,76.9,12.7,8.8,13.8,3.9,2.0,2.0,1.0,1.0,1.8,1.8,1.2,1.2,-1.6272368905643948,-1.5910045675726372,8.708446,1.3211833,-21.251396,-26.1241,5.0,29.299,0.0,81.62899999999999,11.966,1.0,171.567,2019,9,12,136.16,0.0,India_Averaged.csv
2019-09-13,0,122.16,58.2,12.4,8.7,12.1,3.5,2.0,2.0,1.0,1.0,2.4,2.4,0.4,0.4,-2.2615616954795614,-1.9884465150926558,8.616068,0.78033936,-25.913366,-37.635242,5.0,28.825,0.0,79.761,10.928999999999998,1.0,157.671,2019,9,13,122.16,0.0,India_Averaged.csv
2019-09-14,0,89.94,53.7,13.7,6.4,14.4,5.5,2.0,2.0,1.0,1.0,2.7,2.7,2.5,2.5,-3.2370989986957617,-0.9895549508496264,9.906615,-0.24792258,-40.721977,-19.126684,5.0,27.895,0.0,82.545,11.391,1.0,144.416,2019,9,14,89.94,0.0,India_Averaged.csv
2019-09-15,0,86.82000000000001,55.7,9.2,7.1,13.6,3.7,2.0,2.0,1.0,1.0,3.0,3.0,1.4,1.4,-3.50038487750799,-1.6326164118547968,8.922485,-1.0146248,-49.40907,-33.66347,5.0,27.308,0.0,85.978,8.016,1.0,169.206,2019,9,15,86.82000000000001,0.0,India_Averaged.csv
2019-09-16,0,95.46000000000001,81.6,16.7,9.7,20.740000000000002,3.8,1.6,1.6,1.2,1.2,1.8,1.8,1.7,1.7,-1.7364521177817267,-1.045340787408373,9.629639,1.6802397,-17.54856,-3.625988,5.0,29.069,0.0,78.887,7.6579999999999995,1.0,194.712,2019,9,16,98.16,0.0,India_Averaged.csv
2019-09-17,0,121.44000000000001,82.7,17.5,9.1,24.3,3.6,1.4,1.4,1.3,1.3,2.2,2.2,1.7,1.7,-1.2578909218514558,-0.49176453184214963,9.727582,2.0278506,-20.161438,1.1999161,5.0,28.738,0.0,80.06500000000001,7.687,1.0,191.99499999999998,2019,9,17,121.44000000000001,0.0,India_Averaged.csv
2019-09-18,0,122.66,63.2,12.9,9.0,18.6,3.9,2.0,2.0,1.0,1.0,2.1,2.1,2.4,2.4,-1.988893483287504,-1.1848974947860145,9.469965,1.3669261,-27.844189,-9.049646,5.0,28.113999999999997,0.0,79.992,10.289,1.0,122.4,2019,9,18,122.66,0.0,India_Averaged.csv
2019-09-19,0,103.75999999999999,48.6,11.3,7.4,14.0,3.5,2.0,2.0,1.0,1.0,3.0,3.0,0.1,0.1,-3.0812835548569955,-1.6525729808773537,9.324704,-0.68432665,-47.515064,-30.219616,5.0,26.637,0.0,80.38300000000001,10.165000000000001,1.0,98.87100000000001,2019,9,19,103.75999999999999,0.0,India_Averaged.csv
2019-09-20,0,82.97999999999999,55.3,12.1,8.5,15.2,3.8,2.0,2.0,1.0,1.0,3.0,3.0,0.2,0.2,-3.0554893305685544,-1.6652070025782204,9.244331,-0.399131,-41.11001,-38.872,5.0,26.923000000000002,0.0,83.564,6.840999999999999,1.0,115.902,2019,9,20,85.17999999999999,0.0,India_Averaged.csv
2019-09-21,0,92.58,60.7,12.9,7.8,18.4,4.2,2.0,2.0,1.0,1.0,2.7,2.7,1.6,1.6,-2.825028916290317,-1.0301399857459645,9.840495,-0.13301207,-40.557625,-26.869236,5.0,27.291000000000004,0.0,82.127,6.235,1.0,113.8,2019,9,21,92.58,0.0,India_Averaged.csv
2019-09-22,0,93.74,48.4,10.72,7.340000000000001,12.0,3.5200000000000005,2.0,2.0,1.0,1.0,3.0,3.0,0.1,0.1,-3.34964596103242,-1.8996383092173772,8.866891,-1.2468493,-51.353302,-42.209255,5.0,26.387,0.0,84.672,8.416,1.0,118.071,2019,9,22,93.74,0.0,India_Averaged.csv
2019-09-23,0,72.12,53.2,11.7,8.8,16.4,3.7,2.0,2.0,1.0,1.0,3.0,3.0,1.6,1.6,-3.248232410133981,-1.6483512419960582,9.489583,-0.92673075,-49.191223,-28.00497,5.0,26.099,0.0,83.123,7.648999999999999,1.0,102.242,2019,9,23,72.82000000000001,0.0,India_Averaged.csv
2019-09-24,0,83.38,59.7,12.7,8.1,22.5,3.4,1.8,1.8,1.1,1.1,2.9,2.9,1.3,1.3,-2.9295338916970772,-0.8249518085788445,10.512663,-0.20377386,-47.459106,4.726409,5.0,26.553000000000004,0.0,81.658,9.184000000000001,1.0,90.46600000000001,2019,9,24,83.38,0.0,India_Averaged.csv
2019-09-25,0,90.44,57.9,11.8,9.3,19.2,4.6,2.0,2.0,1.0,1.0,2.4,2.4,1.9,1.9,-2.677937039484385,-1.144305238635822,9.7888155,-0.16308887,-42.107323,-16.760431,5.0,26.704,0.0,83.412,11.713999999999999,1.0,87.192,2019,9,25,90.44,0.0,India_Averaged.csv
2019-09-26,0,91.2,47.1,10.4,7.4,11.7,3.4,2.0,2.0,1.0,1.0,3.0,3.0,0.1,0.1,-3.4355982193768666,-1.986812610841217,9.017463,-1.1406906,-46.532642,-43.27437,5.0,26.643,0.0,80.922,12.097,1.0,91.54100000000001,2019,9,26,91.2,0.0,India_Averaged.csv
2019-09-27,0,74.12,41.9,10.4,7.5,10.0,4.18,2.0,2.0,1.0,1.0,3.0,3.0,0.0,0.0,-3.8254624462325033,-2.101905452788283,8.869837,-1.6458353,-50.490284,-54.09748,5.0,26.069,0.0,82.015,9.909,1.0,109.085,2019,9,27,74.12,0.0,India_Averaged.csv
2019-09-28,0,60.04,45.4,10.6,6.7,13.1,3.6,2.0,2.0,1.0,1.0,3.0,3.0,0.7,0.7,-4.145445815936144,-1.75765463355647,9.168959,-1.8887875,-60.189983,-35.806698,5.0,25.451999999999998,0.0,82.607,11.309,1.0,111.18199999999999,2019,9,28,61.64,0.0,India_Averaged.csv
2019-09-29,0,67.82000000000001,39.1,9.4,7.3,11.5,3.08,2.0,2.0,1.0,1.0,3.0,3.0,0.0,0.0,-4.102453453754574,-2.1767098713065214,9.129689,-1.7209877,-48.95334,-58.72296,5.0,25.013,0.0,83.05600000000001,10.216999999999999,1.0,158.7,2019,9,29,67.82000000000001,0.0,India_Averaged.csv
2019-09-30,0,65.1,50.5,12.48,9.7,13.7,3.8200000000000003,2.0,2.0,1.0,1.0,3.0,3.0,0.0,0.0,-3.212626266345178,-2.114766168403457,9.225415,-0.48318952,-39.399513,-45.575325,5.0,25.232999999999997,0.0,84.41799999999999,8.120000000000001,1.0,159.674,2019,9,30,68.3,0.0,India_Averaged.csv
2019-10-01,0,83.1,55.5,12.98,8.5,15.8,4.5,2.0,2.0,1.0,1.0,3.0,3.0,0.8,0.8,-2.9655459894012424,-1.4355154174366977,9.137426,-0.5518201,-42.51655,-35.037636,5.0,25.249000000000002,0.0,84.747,7.377,1.0,159.52,2019,10,1,84.4,0.0,India_Averaged.csv
2019-10-02,0,98.96000000000001,70.9,15.74,10.72,20.6,4.46,1.8,1.8,1.1,1.1,2.1,2.1,1.7,1.7,-1.7075036694119592,-1.1461412129738364,9.867781,1.1613878,-26.476612,-3.2766845,5.0,26.302999999999997,0.0,79.737,6.714,1.0,182.816,2019,10,2,99.66,0.0,India_Averaged.csv
2019-10-03,0,111.96,78.3,18.36,10.86,31.6,4.64,1.6,1.6,1.2,1.2,2.2,2.2,2.0,2.0,-0.9845128558347787,0.21385661370705167,10.480148,2.8291616,-10.64877,14.627899,5.0,27.041000000000004,0.0,72.22900000000001,4.968,1.0,206.42,2019,10,3,113.16,0.0,India_Averaged.csv
2019-10-04,0,123.9,70.8,18.3,10.8,18.5,4.4399999999999995,2.0,2.0,1.0,1.0,1.5,1.5,2.0,2.0,-1.0619535782764449,-1.311207489885114,9.614842,2.8452935,-9.767088,-10.257245,5.0,25.671,0.0,74.19800000000001,8.123000000000001,1.0,256.30899999999997,2019,10,4,123.9,0.0,India_Averaged.csv
2019-10-05,0,117.82000000000001,73.7,18.3,12.9,19.0,4.779999999999999,1.9,1.9,0.9,0.9,1.8,1.8,2.7,2.7,-0.6945575504011419,-1.5530212229253653,10.009734,3.1034303,-12.735479,-13.778111,5.0,25.911,0.0,69.11699999999999,8.425999999999998,1.0,261.174,2019,10,5,117.82000000000001,0.0,India_Averaged.csv
2019-10-06,0,112.35999999999999,86.3,20.7,22.6,21.5,4.04,1.7,1.7,1.0,1.0,1.6,1.6,4.0,4.0,1.5592878100363783,-3.0730319859893043,10.062637,3.47505,-9.464797,-9.902691,5.0,26.171999999999997,0.0,66.776,6.643000000000001,1.0,262.934,2019,10,6,117.25999999999999,0.0,India_Averaged.csv
2019-10-07,0,137.48,82.5,18.3,12.5,17.3,4.6,1.7,1.7,1.0,1.0,1.8,1.8,2.8,2.8,-0.2898777485421241,-1.6153595629200512,9.541773,3.7286854,3.2865129,-14.645663,5.0,25.947000000000003,0.0,65.66900000000001,9.537,1.0,266.46,2019,10,7,137.48,0.0,India_Averaged.csv
2019-10-08,0,127.5,76.5,17.3,8.32,21.9,4.279999999999999,1.8,1.8,1.1,1.1,2.4,2.4,2.6,2.6,-1.4377610689551115,-0.4928929908294787,10.251822,2.2016385,-19.682999,8.237761,5.0,25.958999999999996,0.0,61.67,6.547,1.0,232.15300000000002,2019,10,8,127.5,0.0,India_Averaged.csv
2019-10-09,0,119.12,90.4,21.2,11.1,30.8,4.76,1.8,1.8,1.1,1.1,1.4,1.4,3.6,3.6,-0.3969910992873863,0.20936391386027786,10.402693,3.665263,-1.3610077,12.582766,5.0,25.656,0.0,61.45400000000001,6.3100000000000005,1.0,175.641,2019,10,9,121.42,0.0,India_Averaged.csv
2019-10-10,0,140.7,98.9,25.3,10.1,25.5,5.4799999999999995,1.3,1.3,1.2,1.2,1.3,1.3,3.8,3.8,0.20069312255045685,0.0769882093862098,10.295232,4.3626156,11.957492,11.718035,5.0,26.058,0.0,54.626,6.147,1.0,211.99200000000002,2019,10,10,141.6,0.0,India_Averaged.csv
2019-10-11,0,142.95999999999998,99.5,24.2,14.4,25.6,4.82,1.4,1.4,1.0,1.0,1.4,1.4,3.7,3.7,1.022935128456431,-0.8121086865887394,10.4827175,4.8910036,6.4299936,9.045647,5.0,26.117,0.0,55.549,6.09,1.0,202.433,2019,10,11,142.95999999999998,0.0,India_Averaged.csv
2019-10-12,0,148.54000000000002,103.0,23.3,13.1,24.4,3.8,1.4,1.4,1.0,1.0,1.2,1.2,3.4,3.4,0.824815176546106,-0.916808497479208,10.239658,4.7622213,3.0247803,4.1718674,5.0,26.925,0.0,54.251,5.3260000000000005,1.0,203.721,2019,10,12,148.54000000000002,0.0,India_Averaged.csv
2019-10-13,0,153.0,118.6,23.8,18.32,22.9,4.2,1.6,1.6,0.9,0.9,1.3,1.3,4.0,4.0,2.2365284045894356,-1.8254603301845935,10.218016,5.2261333,9.172713,6.2660728,5.0,26.921,0.0,53.94,6.956,1.0,223.84099999999998,2019,10,13,158.1,0.0,India_Averaged.csv
2019-10-14,0,164.6,114.4,24.1,14.1,20.4,4.54,1.3,1.3,0.7,0.7,1.1,1.1,3.7,3.7,1.533511832918022,-1.2771162770539797,9.969745,4.9402604,5.8050447,1.4669588,5.0,27.008000000000003,0.0,57.38000000000001,6.938,1.0,191.276,2019,10,14,164.6,0.0,India_Averaged.csv
2019-10-15,0,162.88,133.8,25.0,15.7,28.1,4.0,1.2,1.2,0.8,0.8,1.1,1.1,4.6,4.6,2.2929316550425187,-0.7045103780471552,10.135373,5.252742,11.987523,9.2977,5.0,27.095,0.0,57.232000000000006,5.5920000000000005,1.0,145.60399999999998,2019,10,15,168.57999999999998,0.0,India_Averaged.csv
2019-10-16,0,171.64000000000001,128.0,22.2,14.3,27.0,5.0200000000000005,1.1,1.1,1.0,1.0,1.4,1.4,4.5,4.5,1.867414949935182,-0.38527332981770457,10.039464,5.151109,15.382846,7.5092535,5.0,26.969,0.0,57.637,6.776000000000001,1.0,131.75799999999998,2019,10,16,171.64000000000001,0.0,India_Averaged.csv
2019-10-17,0,168.7,113.9,20.4,10.3,23.2,4.26,1.4,1.4,1.0,1.0,1.4,1.4,3.4,3.4,0.5858061878926462,-0.37128615012587685,9.952122,4.4877167,8.416643,9.448317,5.0,26.548000000000002,0.0,60.032999999999994,6.938,1.0,154.67199999999997,2019,10,17,168.7,0.0,India_Averaged.csv
2019-10-18,0,164.3,117.6,18.2,9.9,20.0,4.220000000000001,1.7,1.7,1.0,1.0,1.2,1.2,3.5,3.5,0.2784313184173843,-0.6856483935629857,9.574192,4.4000096,5.793558,1.2510256,5.0,25.917,0.0,64.25,7.725,1.0,135.68800000000002,2019,10,18,164.3,0.0,India_Averaged.csv
2019-10-19,0,151.6,104.0,23.0,12.0,23.7,4.9,1.5,1.5,0.8,0.8,0.9,0.9,3.9,3.9,0.6619464530258433,-0.5507837533829064,8.732491,4.886439,11.074034,5.2423277,5.0,25.659000000000002,0.0,61.436,6.366,1.0,180.93399999999997,2019,10,19,152.6,0.0,India_Averaged.csv
2019-10-20,0,152.8,111.44000000000001,23.619999999999997,10.3,20.419999999999998,7.659999999999999,1.6,1.6,0.9,0.9,1.4,1.4,4.7,4.7,0.5134726328215304,0.024074604823070417,9.857874,4.926818,11.622656,7.1303225,5.0,25.615999999999996,0.0,52.545,8.690999999999999,1.0,236.414,2019,10,20,152.8,0.0,India_Averaged.csv
2019-10-21,0,172.45999999999998,121.5,25.7,13.3,16.8,4.68,1.5,1.5,0.5,0.5,0.9,0.9,3.4,3.4,1.7158292148911383,-1.4447957841978927,9.393399,5.2727027,20.45874,-2.9291694,5.0,24.653,0.0,51.642999999999994,9.592,1.0,231.527,2019,10,21,172.45999999999998,0.0,India_Averaged.csv
2019-10-22,0,170.7,113.7,24.4,11.5,19.2,4.18,1.7,1.7,1.0,1.0,1.2,1.2,4.5,4.5,1.1164330644867748,-1.0180725287926462,9.507377,5.0700836,20.5257,-3.6877074,5.0,24.198,0.0,49.086,9.772,1.0,245.334,2019,10,22,170.7,0.0,India_Averaged.csv
2019-10-23,0,158.9,137.5,27.0,13.8,30.2,4.5,1.1,1.1,1.0,1.0,0.8,0.8,2.7,2.7,2.083379679725508,0.0004932841503103036,9.67935,5.7644753,27.476131,6.8985167,5.0,24.404999999999998,0.0,54.751999999999995,7.635,1.0,198.73499999999999,2019,10,23,169.9,0.0,India_Averaged.csv
2019-10-24,0,168.4,168.9,29.5,15.8,31.4,5.9,1.1,1.1,0.7,0.7,1.0,1.0,4.6,4.6,3.400172833858364,0.2919774968250325,9.840468,6.4488015,33.50173,5.4483986,5.0,24.429,0.0,58.532999999999994,6.872,1.0,120.418,2019,10,24,196.3,0.0,India_Averaged.csv
2019-10-25,0,189.7,139.3,28.2,13.6,26.3,4.5,1.2,1.2,0.8,0.8,1.1,1.1,4.5,4.5,2.687477790139611,-0.30014261215869176,9.838742,6.329469,30.747288,11.15025,5.0,24.24,0.0,58.963,7.769,1.0,110.48299999999999,2019,10,25,191.6,0.0,India_Averaged.csv
2019-10-26,0,175.7,146.9,27.2,14.1,18.6,4.7,1.4,1.4,0.7,0.7,0.8,0.8,4.6,4.6,2.48846418875198,-1.2312084779932724,9.267004,5.8431144,30.096893,-1.7799022,5.0,24.147,0.0,60.4,7.0969999999999995,1.0,151.853,2019,10,26,191.0,0.0,India_Averaged.csv
2019-10-27,0,183.5,169.9,24.9,13.3,15.9,5.34,1.5,1.5,0.5,0.5,0.8,0.8,3.4,3.4,2.650941868111726,-1.140771403937294,8.823128,6.1886883,34.08682,-10.971638,5.0,24.217,0.0,59.14200000000001,8.281,1.0,233.07199999999997,2019,10,27,201.4,0.0,India_Averaged.csv
2019-10-28,0,214.0,274.4,24.9,12.5,15.6,7.74,1.2,1.2,0.5,0.5,0.9,0.9,3.7,3.7,4.79810504041031,0.08962344874294889,8.650695,7.4050093,48.161823,0.45913735,5.0,24.268,0.0,63.88800000000001,6.411,1.0,242.85,2019,10,28,279.0,0.0,India_Averaged.csv
2019-10-29,0,316.6,263.5,29.3,17.7,16.1,5.9,1.3,1.3,0.3,0.3,1.3,1.3,3.5,3.5,7.875174828795556,-0.8922693643636495,8.715208,8.768583,65.77054,-0.15722618,5.0,24.916,0.0,65.762,5.318,1.0,212.404,2019,10,29,332.1,0.0,India_Averaged.csv
2019-10-30,0,284.0,225.0,28.2,17.2,14.9,6.3,1.2,1.2,0.3,0.3,1.5,1.5,4.1,4.1,6.448837106177929,-1.1443799129080638,8.851006,8.101717,57.45762,1.2327945,5.0,24.747000000000003,0.0,67.13199999999999,6.726000000000001,1.0,245.43400000000003,2019,10,30,295.9,0.0,India_Averaged.csv
2019-10-31,0,253.5,267.7,31.7,19.7,16.3,6.1,1.2,1.2,0.5,0.5,1.4,1.4,4.0,4.0,7.366434912856834,-1.3209124045535732,9.445505,8.178273,55.889996,4.489792,5.0,24.953000000000003,0.0,63.563,7.020999999999999,1.0,236.321,2019,10,31,290.3,0.0,India_Averaged.csv
2019-11-01,0,267.5,317.9,33.3,21.1,19.7,7.44,1.2,1.2,0.5,0.5,1.4,1.4,4.4,4.4,8.910763599024364,-0.5891659778690599,9.710341,8.312221,56.87926,15.360754,5.0,25.410999999999998,0.0,61.621,6.428999999999999,1.0,213.879,2019,11,1,338.3,0.0,India_Averaged.csv
2019-11-02,0,313.3,273.3,25.7,15.6,17.5,5.62,1.2,1.2,0.5,0.5,1.5,1.5,4.3,4.3,7.291454959720916,-0.41514188109918804,9.456556,7.8585043,53.97298,8.561953,5.0,24.595000000000002,0.0,69.364,8.825,1.0,250.87600000000003,2019,11,2,330.5,0.0,India_Averaged.csv
2019-11-03,0,291.0,362.5,22.0,16.2,13.1,5.18,1.4,1.4,0.4,0.4,1.5,1.5,3.0,3.0,8.119971123874166,-0.7757190796245182,8.879823,7.961221,55.68932,-2.8319745,5.0,23.695,0.0,73.116,7.938,1.0,277.27599999999995,2019,11,3,399.9,0.0,India_Averaged.csv
2019-11-04,0,396.3,242.2,21.4,12.0,14.8,5.0,1.4,1.4,0.4,0.4,1.5,1.5,3.3,3.3,7.225785649753408,-0.16986913111513474,8.560759,7.3376336,52.87049,-13.737236,5.0,23.444,0.0,62.987,10.702000000000002,1.0,283.59499999999997,2019,11,4,405.0,0.0,India_Averaged.csv
2019-11-05,0,247.8,161.0,21.3,10.2,18.3,4.8,1.4,1.4,0.4,0.4,1.3,1.3,5.2,5.2,2.818637894968197,-0.32635263931346675,8.5853195,6.9371185,44.7019,-16.687984,5.0,22.971999999999998,0.0,57.039,9.845,1.0,270.87199999999996,2019,11,5,247.8,0.0,India_Averaged.csv
2019-11-06,0,215.3,106.5,22.0,10.7,15.1,4.54,1.4,1.4,0.4,0.4,1.3,1.3,4.4,4.4,1.4364357343503191,-1.1897399390760894,8.720802,5.7309237,30.09235,-14.747925,5.0,24.020999999999997,0.0,57.141999999999996,7.697,1.0,182.033,2019,11,6,215.3,0.0,India_Averaged.csv
2019-11-07,0,147.5,132.3,21.5,11.2,12.2,5.720000000000001,1.6,1.6,0.6,0.6,1.5,1.5,3.2,3.2,0.6500410522335038,-1.423661411327165,9.371425,4.381377,12.023636,-8.819824,5.0,21.945,0.0,75.273,7.83,1.0,148.227,2019,11,7,157.1,0.0,India_Averaged.csv
2019-11-08,0,194.6,132.8,21.9,10.7,16.8,5.6,1.5,1.5,0.5,0.5,1.3,1.3,6.7,6.7,1.5125436742761245,-0.696886642948329,9.4276495,5.5467777,20.998043,4.9839606,5.0,22.239,0.0,71.941,8.106,1.0,178.708,2019,11,8,194.6,0.0,India_Averaged.csv
2019-11-09,0,185.7,117.2,19.2,9.9,20.4,4.74,1.7,1.7,0.7,0.7,1.2,1.2,5.7,5.7,0.7562829215574561,-0.458411982977106,9.931531,4.936096,15.852509,10.2786045,5.0,22.028,0.0,62.056999999999995,10.114,1.0,216.80700000000002,2019,11,9,185.7,0.0,India_Averaged.csv
2019-11-10,0,178.5,148.5,22.8,11.0,21.7,5.7,1.5,1.5,0.5,0.5,1.6,1.6,6.2,6.2,1.6605302518786313,-0.1335209615991239,10.071058,5.202054,16.748037,15.7528715,5.0,21.579,0.0,62.175,8.507,1.0,242.85700000000003,2019,11,10,184.4,0.0,India_Averaged.csv
2019-11-11,0,212.5,191.6,27.3,12.8,19.4,6.0,1.5,1.5,0.5,0.5,1.0,1.0,3.6,3.6,3.6767310585942434,-0.301382539032088,9.3953085,6.745782,39.75443,1.9165847,5.0,21.28,0.0,60.839,7.965999999999999,1.0,258.425,2019,11,11,226.3,0.0,India_Averaged.csv
2019-11-12,0,242.1,270.2,28.1,15.4,19.9,5.2,1.2,1.2,0.5,0.5,1.5,1.5,3.6,3.6,6.0889182147452825,-0.40122179127931423,9.549252,7.204483,42.88578,6.743463,5.0,21.368000000000002,0.0,64.44300000000001,7.640000000000001,1.0,224.18200000000002,2019,11,12,296.9,0.0,India_Averaged.csv
2019-11-13,0,300.8,296.2,28.5,17.1,21.1,4.8,1.2,1.2,0.5,0.5,1.5,1.5,2.8,2.8,7.980685795429632,-0.35132580620113285,9.725695,7.669451,51.737312,16.64401,5.0,22.147,0.0,65.99199999999999,6.235000000000001,1.0,201.213,2019,11,13,317.6,0.0,India_Averaged.csv
2019-11-14,0,311.7,302.21999999999997,32.9,17.7,25.6,5.8,1.2,1.2,0.5,0.5,1.5,1.5,4.0,4.0,8.804850750722242,0.3694757009150612,10.108255,7.7966614,51.547676,23.522707,5.0,22.093,0.0,68.783,7.968999999999999,1.0,202.476,2019,11,14,330.2,0.0,India_Averaged.csv
2019-11-15,0,317.3,270.5,30.3,19.4,19.7,5.0,1.2,1.2,0.5,0.5,1.4,1.4,3.4,3.4,8.44984431495631,-0.9349015983878601,9.565752,8.294476,61.458324,10.941786,5.0,21.588,0.0,67.71900000000001,8.115,1.0,233.79300000000003,2019,11,15,324.3,0.0,India_Averaged.csv
2019-11-16,0,290.0,173.7,21.0,11.9,20.9,4.3,1.2,1.2,0.5,0.5,1.4,1.4,4.9,4.9,4.149163930273516,-0.257481228069866,9.086622,7.458613,49.46442,0.7787506,5.0,22.32,0.0,62.372,12.884,1.0,216.273,2019,11,16,290.0,0.0,India_Averaged.csv
2019-11-17,0,214.0,100.2,17.3,8.8,19.0,4.720000000000001,1.7,1.7,0.7,0.7,0.9,0.9,4.8,4.8,0.6187139168450303,-0.44453586698852127,8.902181,5.8692694,21.663254,-2.4015224,5.0,21.688,0.0,60.95399999999999,14.107999999999999,1.0,297.595,2019,11,17,214.0,0.0,India_Averaged.csv
2019-11-18,0,149.6,97.9,19.6,10.2,20.7,4.0,1.9,1.9,0.9,0.9,1.2,1.2,4.3,4.3,-0.14419591566541204,-0.8346217628234893,9.770245,3.8851447,3.786356,3.9649403,5.0,20.128,0.0,63.733999999999995,10.253,1.0,271.184,2019,11,18,149.6,0.0,India_Averaged.csv
2019-11-19,0,160.2,135.6,21.8,11.7,16.8,3.8,1.8,1.8,0.8,0.8,1.2,1.2,4.5,4.5,1.0888682857056882,-1.3534441318537997,8.901817,5.481836,24.684565,-13.656385,5.0,19.717000000000002,0.0,63.008,7.759,1.0,238.525,2019,11,19,177.9,0.0,India_Averaged.csv
2019-11-20,0,163.8,146.9,28.3,15.3,27.3,4.4,1.5,1.5,0.5,0.5,1.3,1.3,6.7,6.7,2.692139978531044,-0.5446342986588484,10.098392,5.293411,19.952616,12.0016165,5.0,19.936,0.0,64.192,6.498,1.0,144.978,2019,11,20,177.5,0.0,India_Averaged.csv
2019-11-21,0,186.4,193.3,30.6,19.9,27.4,5.4,1.2,1.2,0.5,0.5,1.4,1.4,6.1,6.1,4.984560427946697,-0.8137141057349426,10.049423,7.2381463,46.18413,14.559545,5.0,20.384,0.0,66.036,6.659000000000001,1.0,101.18699999999998,2019,11,21,212.2,0.0,India_Averaged.csv
2019-11-22,0,221.6,188.4,29.0,18.0,27.7,4.5,1.0,1.0,0.6,0.6,1.3,1.3,5.6,5.6,5.042533602777834,-0.5768270810962041,9.81506,7.7763786,47.18635,10.549995,5.0,21.055,0.0,65.90799999999999,6.775999999999999,1.0,226.913,2019,11,22,242.0,0.0,India_Averaged.csv
2019-11-23,0,204.3,131.3,25.6,12.4,20.2,4.1,1.3,1.3,0.6,0.6,0.7,0.7,5.1,5.1,2.3090534622067347,-0.8874570493781956,9.296416,6.3195906,33.330284,-2.9321282,5.0,21.142000000000003,0.0,63.876999999999995,9.259,1.0,237.773,2019,11,23,204.3,0.0,India_Averaged.csv
2019-11-24,0,177.2,120.9,20.9,9.3,22.7,4.3,1.4,1.4,1.0,1.0,0.8,0.8,3.7,3.7,0.6897742069734442,-0.18059820437218893,9.398844,4.9758797,16.859638,1.4491165,5.0,21.045,0.0,66.244,8.796000000000001,1.0,241.44500000000002,2019,11,24,181.5,0.0,India_Averaged.csv
2019-11-25,0,160.6,111.9,20.5,10.6,23.2,4.4,1.9,1.9,0.9,0.9,1.2,1.2,4.3,4.3,0.4730909346806092,-0.42588796650282956,9.991411,4.6004763,6.8621626,5.9842706,5.0,21.019,0.0,65.989,7.170999999999999,1.0,123.98499999999999,2019,11,25,160.6,0.0,India_Averaged.csv
2019-11-26,0,171.3,124.9,23.8,10.6,21.3,6.3,1.5,1.5,0.5,0.5,0.9,0.9,4.1,4.1,1.1406759432947446,-0.10546631305053951,9.744726,5.633895,25.788227,12.803192,5.0,20.677,0.0,65.875,9.405,1.0,120.37100000000001,2019,11,26,171.3,0.0,India_Averaged.csv
2019-11-27,0,161.7,91.1,21.2,9.0,32.1,4.5,1.6,1.6,1.2,1.2,1.9,1.9,4.0,4.0,-0.007699408967218569,0.7966242379718128,10.243819,4.3029346,8.518236,12.780574,5.0,20.54,0.0,69.16,7.4590000000000005,1.0,151.493,2019,11,27,161.7,0.0,India_Averaged.csv
2019-11-28,0,143.5,66.2,15.2,6.1,17.0,4.2,2.0,2.0,1.0,1.0,2.7,2.7,2.4,2.4,-1.9755950432221971,-0.6974465269732292,9.377117,1.6847214,-23.272787,-0.53506315,5.0,18.851,0.0,80.881,9.974,1.0,119.67,2019,11,28,143.5,0.0,India_Averaged.csv
2019-11-29,0,112.6,75.2,18.8,8.6,17.4,4.9,2.0,2.0,1.0,1.0,2.4,2.4,2.5,2.5,-1.608620318997806,-0.9556977848755709,9.519377,2.0131326,-15.876162,-15.058395,5.0,18.225,0.0,82.502,7.208,1.0,157.596,2019,11,29,112.6,0.0,India_Averaged.csv
2019-11-30,0,135.9,91.7,21.5,9.7,19.2,4.42,1.7,1.7,1.0,1.0,1.4,1.4,3.3,3.3,-0.4664061680907821,-0.8800976633777828,9.652969,3.914495,10.256735,0.80079305,5.0,17.412,0.0,77.98800000000001,8.504000000000001,1.0,211.33,2019,11,30,138.2,0.0,India_Averaged.csv
2019-12-01,0,159.0,100.4,21.3,8.9,19.0,4.42,1.9,1.9,0.9,0.9,1.8,1.8,3.1,3.1,-0.07476986056070616,-0.6542384078962382,9.318288,4.0665846,7.720604,-2.1962972,5.0,16.639,0.0,75.874,8.081,1.0,213.142,2019,12,1,159.0,0.0,India_Averaged.csv
2019-12-02,0,169.5,109.3,24.0,13.0,19.7,4.4,1.7,1.7,0.7,0.7,0.9,0.9,4.5,4.5,1.301847692108917,-1.205239929238793,9.558711,5.6060705,21.657085,-6.4268813,5.0,16.299,0.0,66.918,9.699,1.0,212.61800000000002,2019,12,2,170.7,0.0,India_Averaged.csv
2019-12-03,0,170.3,120.4,29.5,13.1,18.7,5.0600000000000005,1.4,1.4,0.7,0.7,0.9,0.9,4.6,4.6,1.935506804625102,-1.091809873072042,9.338437,6.031169,30.327587,-2.6266792,5.0,15.566999999999998,0.0,64.952,9.120000000000001,1.0,235.11999999999998,2019,12,3,171.6,0.0,India_Averaged.csv
2019-12-04,0,166.2,139.1,30.6,13.6,19.4,4.3,1.5,1.5,0.5,0.5,1.0,1.0,4.6,4.6,2.3474252396839015,-1.1782929799662192,9.50242,5.9660263,32.105915,-1.145532,5.0,16.074,0.0,66.191,6.194,1.0,153.382,2019,12,4,171.7,0.0,India_Averaged.csv
2019-12-05,0,180.3,206.2,37.4,20.2,23.0,4.6,1.4,1.4,0.4,0.4,1.1,1.1,4.8,4.8,5.5974905448546854,-1.4422880559692322,9.889148,7.1398554,42.37137,0.7416158,5.0,15.753,0.0,70.506,6.796000000000001,1.0,155.31399999999996,2019,12,5,226.6,0.0,India_Averaged.csv
2019-12-06,0,248.4,170.7,32.2,14.5,20.6,4.9,1.2,1.2,0.5,0.5,1.1,1.1,5.0,5.0,4.7111476138632025,-0.6638513715283232,9.489467,7.3841295,46.44847,4.9313436,5.0,16.145,0.0,73.387,6.525,1.0,212.26600000000002,2019,12,6,249.0,0.0,India_Averaged.csv
2019-12-07,0,225.3,181.4,29.4,14.6,26.5,5.12,1.2,1.2,0.5,0.5,1.1,1.1,4.8,4.8,4.339262792674609,0.0004962541805982656,9.498428,7.132207,42.485928,10.74973,5.0,16.291,0.0,74.983,6.121,1.0,159.599,2019,12,7,236.8,0.0,India_Averaged.csv
2019-12-08,0,236.7,190.2,30.2,18.1,18.9,4.3,1.4,1.4,0.4,0.4,1.5,1.5,5.2,5.2,5.3552104807968535,-1.5765772936198812,9.5119915,7.4815207,47.360767,4.69853,5.0,15.765,0.0,72.665,6.712999999999999,1.0,210.24200000000002,2019,12,8,241.9,0.0,India_Averaged.csv
2019-12-09,0,235.8,169.2,31.7,16.1,22.3,4.7,1.2,1.2,0.5,0.5,1.1,1.1,5.3,5.3,4.7537958855838065,-0.843730588228128,9.544168,7.522727,48.351368,5.98119,5.0,15.823000000000002,0.0,71.752,5.866,1.0,233.217,2019,12,9,235.8,0.0,India_Averaged.csv
2019-12-10,0,218.8,190.0,31.2,16.6,22.5,5.0,1.2,1.2,0.5,0.5,1.0,1.0,4.8,4.8,4.849122179170764,-0.7950092802545213,9.432858,7.6260977,48.19619,5.975088,5.0,16.162,0.0,68.691,5.962999999999999,1.0,212.60699999999997,2019,12,10,226.3,0.0,India_Averaged.csv
2019-12-11,0,238.5,220.4,32.4,17.9,23.5,6.2,1.4,1.4,0.4,0.4,0.9,0.9,4.2,4.2,6.0933363929476485,-0.43251404939033555,9.517826,7.784547,51.836464,5.1419563,5.0,16.714,0.0,71.333,6.6209999999999996,1.0,102.046,2019,12,11,249.6,0.0,India_Averaged.csv
2019-12-12,0,256.5,213.7,28.0,10.9,27.2,4.6,1.4,1.4,0.4,0.4,1.2,1.2,4.3,4.3,4.597042762044078,0.8544530060235651,9.363395,7.4035673,47.211933,4.3250875,5.0,16.497999999999998,0.0,77.763,12.805000000000001,1.0,139.76,2019,12,12,256.5,0.0,India_Averaged.csv
2019-12-13,0,254.1,93.0,23.0,8.8,16.0,3.6,1.4,1.4,0.4,0.4,1.0,1.0,5.0,5.0,1.6248177731800304,-0.9042492071726207,8.3945055,6.5222054,43.33578,-17.778488,5.0,14.977,0.0,82.421,9.604,1.0,192.97899999999998,2019,12,13,254.1,0.0,India_Averaged.csv
2019-12-14,0,144.9,81.97999999999999,17.98,8.9,16.3,4.32,1.8,1.8,1.1,1.1,1.5,1.5,2.0,2.0,-0.923973286460462,-1.140314241041162,9.313766,2.9933364,-7.2024374,-6.720642,5.0,13.452000000000002,0.0,78.6,6.432,1.0,148.575,2019,12,14,144.9,0.0,India_Averaged.csv
2019-12-15,0,135.05822841180517,82.68224058029418,15.975631236617783,8.64620429976922,16.241526243650732,3.8553042899900234,2.0,2.0,1.0,1.0,2.1,2.1,2.1,2.1,-1.3056943715390763,-1.2450012720240944,7.564475,2.3172796,-12.785629,-12.140172,5.0,13.354,0.0,76.167,9.139,1.0,218.71499999999997,2019,12,15,135.05822841180517,0.0,India_Averaged.csv
2019-12-16,0,140.35999999999999,79.3,17.4,8.0,15.3,4.12,1.9,1.9,0.9,0.9,2.1,2.1,2.1,2.1,-1.291492386110118,-1.1702196633597035,9.190554,2.5183399,-3.2041996,-6.7238617,5.0,12.346,0.0,76.817,9.77,1.0,250.61500000000007,2019,12,16,140.35999999999999,0.0,India_Averaged.csv
2019-12-17,0,142.3,81.4,15.2,9.1,13.1,3.9,1.9,1.9,0.9,0.9,2.4,2.4,2.1,2.1,-1.1975308699461882,-1.6637161996783436,8.534757,1.8332762,-17.427885,-19.835896,5.0,11.6,0.0,77.98499999999999,9.268,1.0,226.16600000000003,2019,12,17,142.3,0.0,India_Averaged.csv
2019-12-18,0,147.1,106.4,22.1,9.6,15.2,5.0200000000000005,1.9,1.9,0.9,0.9,1.5,1.5,2.2,2.2,-0.03157343305125475,-1.0769923939083854,8.722472,3.464373,-1.7897503,-13.344324,5.0,12.358,0.0,76.46799999999999,6.491,1.0,213.234,2019,12,18,147.1,0.0,India_Averaged.csv
2019-12-19,0,173.4,186.6,25.6,13.3,14.8,4.4,1.4,1.4,0.4,0.4,1.2,1.2,4.4,4.4,2.7642398221129527,-1.4136105010753515,8.98316,6.6320734,40.644997,-6.638602,5.0,12.533000000000001,0.0,79.381,5.116,1.0,155.06699999999998,2019,12,19,205.7,0.0,India_Averaged.csv
2019-12-20,0,246.9,256.1,25.6,16.0,14.1,4.2,1.4,1.4,0.4,0.4,1.1,1.1,3.7,3.7,5.7929263467959,-1.4598665959636787,8.879856,7.57577,47.97832,-4.9157166,5.0,14.197999999999999,0.0,75.15,5.245,1.0,220.18800000000002,2019,12,20,279.9,0.0,India_Averaged.csv
2019-12-21,0,288.2,179.7,27.0,9.8,15.6,3.6,1.4,1.4,0.4,0.4,1.8,1.8,4.6,4.6,4.176741461899781,-0.5717173614026463,9.116568,6.756659,41.869843,1.4458488,5.0,14.234,0.0,78.08200000000001,7.695,1.0,195.37900000000002,2019,12,21,288.2,0.0,India_Averaged.csv
2019-12-22,0,235.5,108.2,19.6,9.1,15.6,3.7,1.4,1.4,0.4,0.4,1.4,1.4,5.6,5.6,1.3275780347951953,-0.9873769842409745,8.922366,6.018937,29.827753,-8.540898,5.0,13.520999999999997,0.0,75.183,10.009,1.0,210.44299999999998,2019,12,22,235.5,0.0,India_Averaged.csv
2019-12-23,0,163.7,117.9,21.2,10.5,13.2,3.4,1.7,1.7,0.7,0.7,1.5,1.5,3.3,3.3,0.5283969725487054,-1.7201197585309114,8.637624,4.322472,13.404633,-17.694529,5.0,12.844,0.0,73.821,8.069999999999999,1.0,178.12500000000003,2019,12,23,163.8,0.0,India_Averaged.csv
2019-12-24,0,185.5,203.4,31.5,13.6,15.0,4.0,1.5,1.5,0.5,0.5,1.3,1.3,5.6,5.6,3.769690194601219,-1.3671037135193858,9.178957,6.575657,37.28898,-6.2357917,5.0,11.683,0.0,83.893,7.291000000000001,1.0,154.59500000000003,2019,12,24,221.9,0.0,India_Averaged.csv
2019-12-25,0,247.2,144.8,24.0,8.8,14.1,2.9,1.4,1.4,0.4,0.4,1.3,1.3,5.7,5.7,2.38920628388706,-1.0324750033541803,8.794419,6.3885927,37.190952,-8.578157,5.0,10.673,0.0,80.425,9.063,1.0,235.05900000000003,2019,12,25,249.5,0.0,India_Averaged.csv
2019-12-26,0,188.4,148.2,26.2,9.7,12.7,3.3,1.5,1.5,0.5,0.5,0.9,0.9,3.6,3.6,1.6947934739634267,-1.3987158931458659,8.632772,5.589072,25.445766,-14.967127,5.0,10.011,0.0,73.27000000000001,9.304,1.0,258.51200000000006,2019,12,26,190.3,0.0,India_Averaged.csv
2019-12-27,0,203.6,182.2,32.4,11.5,13.5,3.5,1.4,1.4,0.4,0.4,1.3,1.3,6.5,6.5,3.3791665090425362,-1.3213642227824494,9.01413,6.9350233,40.7321,-1.0120045,5.0,8.795,0.0,75.777,6.753,1.0,233.016,2019,12,27,205.3,0.0,India_Averaged.csv
2019-12-28,0,224.4,219.7,30.3,13.8,14.4,3.8,1.4,1.4,0.4,0.4,1.4,1.4,4.8,4.8,4.694858051897127,-1.3315614581029278,9.131101,7.0572534,40.86845,-0.5307037,5.0,8.769,0.0,80.85499999999999,5.776000000000001,1.0,155.16799999999998,2019,12,28,236.1,0.0,India_Averaged.csv
2019-12-29,0,250.1,273.2,26.8,13.8,14.2,3.7,1.4,1.4,0.4,0.4,1.8,1.8,2.7,2.7,5.776113139529824,-1.0683622436823321,8.865268,7.3022757,46.524284,-7.5923514,5.0,8.584999999999999,0.0,79.883,5.857,1.0,200.24899999999997,2019,12,29,291.8,0.0,India_Averaged.csv
2019-12-30,0,279.2,236.44,23.26,14.459999999999999,19.2,6.3,1.4,1.4,0.4,0.4,1.8,1.8,2.5,2.5,5.672280158448335,-0.17066237874031184,8.524296,7.605484,54.36801,-9.333115,5.0,7.982000000000001,0.0,83.06700000000001,7.412999999999999,1.0,123.79199999999999,2019,12,30,292.68,0.0,India_Averaged.csv
2019-12-31,0,149.5822841180519,114.82240580294176,18.75631236617784,9.462042997692214,23.415262436507295,5.553042899900233,2.0,2.0,1.0,1.0,0.0,0.0,1.0,1.0,-0.024653403260480163,0.019591619741040827,-6.370841,3.2926297,5.3477125,-27.633677,5.0,9.122000000000002,0.0,76.7,7.395999999999999,1.0,97.45000000000002,2019,12,31,149.5822841180519,0.0,India_Averaged.csv
2020-01-01,0,217.42,295.5,19.8,19.3,18.6,4.2,1.4,1.4,0.4,0.4,1.7,1.7,3.7,3.7,6.166870486980584,-1.4682335863405493,9.368573,7.4744005,53.948616,6.799974,5.0,11.567,0.0,77.626,9.991,1.0,66.10799999999999,2020,1,1,326.9,0.0,India_Averaged.csv
2020-01-02,0,302.6,251.5,21.0,23.1,16.0,5.8,1.4,1.4,0.4,0.4,1.8,1.8,3.6,3.6,7.868036918800857,-2.041158941161817,8.974393,7.354589,49.499863,-3.995247,5.0,13.562000000000001,0.0,78.976,8.803,1.0,91.772,2020,1,2,308.3,0.0,India_Averaged.csv
2020-01-03,0,271.6,200.7,18.2,16.8,18.68,4.4,1.4,1.4,0.4,0.4,1.4,1.4,4.9,4.9,4.996130930460828,-1.294133100729443,8.648783,7.2985888,47.47976,-13.757604,5.0,14.407999999999998,0.0,77.088,6.639,1.0,139.073,2020,1,3,283.8,0.0,India_Averaged.csv
2020-01-04,0,226.4,158.0,20.8,11.5,15.9,4.1,1.5,1.5,0.5,0.5,1.5,1.5,5.2,5.2,2.557641328160961,-1.0617674462311864,8.613551,6.410093,30.74165,-6.741179,5.0,13.697,0.0,78.171,5.461,1.0,204.099,2020,1,4,226.4,0.0,India_Averaged.csv
2020-01-05,0,217.7,124.9,20.54,10.0,14.6,4.0,1.6,1.6,0.6,0.6,1.0,1.0,4.8,4.8,1.5166795420606274,-1.1563525352673876,8.463956,5.773329,27.565334,-17.18737,5.0,14.057999999999998,0.0,72.887,7.763,1.0,224.804,2020,1,5,217.7,0.0,India_Averaged.csv
2020-01-06,0,187.7,119.9,21.6,11.1,21.0,5.7,1.5,1.5,0.8,0.8,1.1,1.1,3.3,3.3,1.282420603395983,-0.35327497484280923,9.314577,5.5858927,24.377188,-6.6342826,5.0,14.564999999999998,0.0,74.95,7.414,1.0,145.997,2020,1,6,187.7,0.0,India_Averaged.csv
2020-01-07,0,172.6,100.3,17.6,9.3,15.5,5.0,1.8,1.8,0.7,0.7,1.5,1.5,2.4,2.4,-0.05974892113417898,-0.9862311465305323,8.662903,4.082446,10.472079,-16.229559,5.0,15.255,0.0,79.633,9.306999999999999,1.0,143.08800000000002,2020,1,7,172.6,0.0,India_Averaged.csv
2020-01-08,0,163.6,85.1,13.6,7.5,14.540000000000001,3.88,2.0,2.0,1.0,1.0,1.5,1.5,1.2,1.2,-1.1691257757951719,-1.1557623370674723,9.224446,2.225655,-13.819305,-1.339885,5.0,13.026,0.0,81.298,10.531,1.0,245.462,2020,1,8,163.6,0.0,India_Averaged.csv
2020-01-09,0,155.5,83.1,14.52,7.779999999999999,14.6,2.8,1.9,1.9,0.9,0.9,2.1,2.1,2.3,2.3,-1.240486181806587,-1.4603992503680112,8.812071,2.0087914,-14.751793,-18.662268,5.0,10.494,0.0,72.38199999999999,10.782,1.0,241.92399999999998,2020,1,9,155.5,0.0,India_Averaged.csv
2020-01-10,0,139.7,115.6,20.2,10.14,16.4,4.0,1.8,1.8,0.8,0.8,1.2,1.2,2.7,2.7,-0.05480679246879174,-1.2503956184172138,9.141144,3.8405735,1.534116,-7.86395,5.0,10.269,0.0,72.904,10.138000000000002,1.0,218.83100000000005,2020,1,10,144.0,0.0,India_Averaged.csv
2020-01-11,0,162.5,126.8,20.5,12.72,18.2,5.9,1.6,1.6,0.6,0.6,1.0,1.0,3.5,3.5,1.140220091545479,-0.9610277179996702,9.256694,5.0762672,18.88759,-6.8584948,5.0,11.447,0.0,71.913,7.885,1.0,226.637,2020,1,11,164.8,0.0,India_Averaged.csv
2020-01-12,0,171.7,154.38,22.9,15.180000000000001,22.0,4.9,1.3,1.3,0.6,0.6,1.2,1.2,5.5,5.5,2.469407403262498,-1.0002895210288805,9.784599,6.26377,29.63648,5.850702,5.0,13.549000000000001,0.0,73.018,8.049,1.0,189.674,2020,1,12,182.8,0.0,India_Averaged.csv
2020-01-13,0,208.3,143.5,19.5,10.76,14.6,3.9,1.4,1.4,0.4,0.4,1.0,1.0,4.5,4.5,1.7193254186160694,-1.2566703386063385,8.599975,5.732361,26.05453,-12.403559,5.0,15.985,0.0,78.36,11.526,1.0,223.036,2020,1,13,208.3,0.0,India_Averaged.csv
2020-01-14,0,201.8,90.3,16.2,11.9,16.54,4.0,1.7,1.7,0.6,0.6,1.3,1.3,4.0,4.0,0.7293236722389013,-1.5197682668933858,8.820978,5.4656553,19.90713,-24.682777,5.0,13.700999999999999,0.0,79.159,8.232,1.0,258.387,2020,1,14,201.8,0.0,India_Averaged.csv
2020-01-15,0,151.2,93.9,17.6,16.1,16.1,5.0,1.9,1.9,0.9,0.9,1.6,1.6,2.8,2.8,0.8113176020895612,-2.20803480864455,9.400636,3.507798,-7.1834917,-14.955798,5.0,13.739999999999998,0.0,80.167,8.911,1.0,228.52399999999997,2020,1,15,151.2,0.0,India_Averaged.csv
2020-01-16,0,156.7,101.7,16.6,11.0,12.8,4.5,1.9,1.9,0.9,0.9,1.5,1.5,2.2,2.2,-0.1054113960870354,-1.7489624037144789,8.950939,3.2189522,3.6639092,-15.142476,5.0,13.017000000000001,0.0,86.063,8.131,1.0,176.741,2020,1,16,156.7,0.0,India_Averaged.csv
2020-01-17,0,171.2,90.1,13.9,10.4,15.9,4.3,1.9,1.9,0.9,0.9,1.8,1.8,3.1,3.1,-0.3194843262797812,-1.3708296024724016,9.110478,3.6094136,-1.5880318,-7.0542536,5.0,13.312999999999999,0.0,81.96900000000001,7.177,1.0,219.811,2020,1,17,171.2,0.0,India_Averaged.csv
2020-01-18,0,153.6,110.2,17.0,9.6,14.3,3.6,1.9,1.9,0.9,0.9,1.5,1.5,2.9,2.9,-0.26926965897780064,-1.4932147785553513,8.800994,3.5131187,4.1777525,-15.300514,5.0,12.866999999999999,0.0,81.028,7.074,1.0,210.887,2020,1,18,159.6,0.0,India_Averaged.csv
2020-01-19,0,162.3,97.6,13.4,7.6,16.96,3.0,1.9,1.9,0.9,0.9,1.8,1.8,3.6,3.6,-0.9676328685372548,-1.0350717580903948,9.380196,2.5997055,-8.711674,-14.297236,5.0,12.232000000000001,0.0,76.00500000000001,9.125,1.0,226.829,2020,1,19,162.3,0.0,India_Averaged.csv
2020-01-20,0,158.3,119.0,17.1,15.2,14.7,4.7,1.7,1.7,0.7,0.7,1.6,1.6,3.3,3.3,1.114094301901013,-2.135285923498351,9.248496,4.7538266,3.6111279,-15.353752,5.0,12.767000000000001,0.0,77.99199999999999,6.516,1.0,188.022,2020,1,20,158.5,0.0,India_Averaged.csv
2020-01-21,0,172.3,152.3,20.5,13.0,14.9,3.8,1.5,1.5,0.5,0.5,1.4,1.4,3.6,3.6,1.7254638034820828,-1.6920102027438528,8.937115,5.626686,29.035542,-11.667717,5.0,13.565999999999999,0.0,79.492,6.654999999999999,1.0,124.06700000000001,2020,1,21,181.2,0.0,India_Averaged.csv
2020-01-22,0,204.5,155.7,18.3,12.0,14.8,4.64,1.4,1.4,0.4,0.4,1.5,1.5,4.5,4.5,2.0194949958243353,-1.2512629150398236,9.156683,5.989125,28.241877,-2.0614724,5.0,13.525,0.0,75.02,11.148,1.0,228.863,2020,1,22,204.7,0.0,India_Averaged.csv
2020-01-23,0,202.5,81.5,14.1,8.6,13.7,4.5,1.8,1.8,0.8,0.8,1.5,1.5,4.6,4.6,-0.25066784993496505,-1.210142383676184,8.552388,4.2369843,13.357941,-17.46989,5.0,12.906,0.0,59.577999999999996,14.925999999999998,1.0,273.293,2020,1,23,202.5,0.0,India_Averaged.csv
2020-01-24,0,126.2,93.0,21.6,12.7,21.4,6.38,1.6,1.6,0.9,0.9,2.1,2.1,4.2,4.2,0.039971748981732926,-0.7501179308084095,9.718405,4.1124215,3.7769089,-13.35905,5.0,13.216,0.0,57.25100000000001,12.599,1.0,280.024,2020,1,24,127.3,0.0,India_Averaged.csv
2020-01-25,0,135.9,129.1,24.7,15.7,16.3,4.8,1.7,1.7,0.7,0.7,1.0,1.0,3.9,3.9,1.5653243663007708,-1.97452867974074,9.265475,5.0408125,18.8107,-9.458398,5.0,13.544999999999998,0.0,67.14099999999999,6.549000000000001,1.0,216.79699999999997,2020,1,25,148.9,0.0,India_Averaged.csv
2020-01-26,0,163.3,167.2,22.6,14.8,15.4,4.74,1.4,1.4,0.4,0.4,1.0,1.0,4.6,4.6,2.3440729868931642,-1.682891349118724,8.848751,5.769813,31.19628,-11.625848,5.0,15.019,0.0,69.167,6.4079999999999995,1.0,234.45899999999997,2020,1,26,184.0,0.0,India_Averaged.csv
2020-01-27,0,203.2,149.5,27.0,14.4,17.72,5.5,1.3,1.3,0.6,0.6,1.1,1.1,4.7,4.7,3.08590162856611,-1.1182777705767426,9.486141,6.142393,32.67277,8.704117,5.0,15.757,0.0,70.94800000000001,9.721,1.0,110.62,2020,1,27,204.2,0.0,India_Averaged.csv
2020-01-28,0,186.9,82.1,15.9,8.6,15.1,4.9,1.8,1.8,0.8,0.8,1.5,1.5,2.8,2.8,-0.36968500654381903,-0.991382708192148,8.810293,4.1545,5.0222063,-16.549618,5.0,15.178999999999998,0.0,74.26700000000001,11.568999999999999,1.0,168.591,2020,1,28,187.1,0.0,India_Averaged.csv
2020-01-29,0,142.3,75.3,15.4,11.0,16.6,4.5,1.9,1.9,0.9,0.9,1.8,1.8,2.0,2.0,-0.8505167817496881,-1.4971214882118336,9.252973,2.5050807,-13.2862,-9.66049,5.0,13.663999999999998,0.0,69.904,7.5920000000000005,1.0,231.51799999999997,2020,1,29,142.3,0.0,India_Averaged.csv
2020-01-30,0,124.6,90.8,18.9,10.4,15.16,4.2,1.8,1.8,0.8,0.8,1.5,1.5,1.9,1.9,-0.799138194543126,-1.5685713956982943,8.958799,2.3963408,-9.349495,-23.116665,5.0,13.204000000000002,0.0,67.598,10.157,1.0,253.24200000000002,2020,1,30,124.6,0.0,India_Averaged.csv
2020-01-31,0,132.3,90.9,18.9,9.9,15.580000000000002,3.8,1.9,1.9,0.9,0.9,1.5,1.5,2.0,2.0,-0.7562681853183904,-1.4975422142343602,9.097008,2.7208273,-2.4926438,-19.602787,5.0,13.163,0.0,65.937,8.423,1.0,192.977,2020,1,31,132.3,0.0,India_Averaged.csv
2020-02-01,0,133.5,104.7,18.4,9.6,17.7,3.6,1.9,1.9,0.9,0.9,2.1,2.1,1.4,1.4,-0.5839962591159455,-1.180591882663768,9.0704975,2.915533,0.9447807,-13.29159,5.0,12.895,0.0,65.733,8.145999999999999,1.0,226.897,2020,2,1,134.8,0.0,India_Averaged.csv
2020-02-02,0,148.4,110.9,20.7,9.9,16.8,4.4,1.7,1.7,0.7,0.7,1.2,1.2,2.1,2.1,0.02966709363053823,-1.0689386841247628,8.92842,3.98574,8.564319,-11.70307,5.0,12.607000000000001,0.0,67.424,9.058,1.0,224.34699999999998,2020,2,2,148.4,0.0,India_Averaged.csv
2020-02-03,0,160.4,123.4,22.0,12.6,20.8,4.3,1.6,1.6,0.7,0.7,1.3,1.3,2.4,2.4,1.143454880596622,-1.005092898373951,9.052061,5.108059,19.74736,-7.3834915,5.0,13.309999999999999,0.0,67.085,7.311,1.0,186.732,2020,2,3,166.8,0.0,India_Averaged.csv
2020-02-04,0,160.9,156.4,24.3,12.3,27.7,5.0,1.2,1.2,0.8,0.8,1.6,1.6,4.9,4.9,1.9007793028769235,0.16623110821156867,9.887934,5.3531275,26.288925,9.942362,5.0,14.300999999999998,0.0,68.74600000000001,8.203,1.0,126.047,2020,2,4,182.4,0.0,India_Averaged.csv
2020-02-05,0,183.5,125.7,22.4,10.9,20.6,5.2,1.5,1.5,0.6,0.6,1.3,1.3,4.1,4.1,1.3085226182448597,-0.4504108390989531,9.171285,5.356099,19.965368,-7.540718,5.0,14.103,0.0,66.053,9.678,1.0,239.62399999999997,2020,2,5,183.5,0.0,India_Averaged.csv
2020-02-06,0,164.8,109.3,20.6,10.5,27.2,5.2,1.4,1.4,1.0,1.0,1.3,1.3,4.3,4.3,0.5550300250039261,0.22176190659171077,10.009746,4.9658017,13.443781,14.424942,5.0,13.377,0.0,64.137,7.83,1.0,176.916,2020,2,6,164.8,0.0,India_Averaged.csv
2020-02-07,0,158.8,116.3,23.3,11.2,28.0,5.3,1.4,1.4,1.0,1.0,1.3,1.3,2.8,2.8,0.9159718489632767,0.24970324892293103,9.97632,4.8010354,10.820063,7.095727,5.0,13.431999999999999,0.0,64.951,7.642999999999999,1.0,219.283,2020,2,7,159.5,0.0,India_Averaged.csv
2020-02-08,0,167.2,123.3,21.6,9.9,26.2,5.6,1.6,1.6,0.9,0.9,1.1,1.1,5.0,5.0,0.778545712233543,0.38446172909528237,9.898196,4.9133453,10.892799,11.4577265,5.0,13.362,0.0,66.512,8.204,1.0,226.94500000000002,2020,2,8,167.2,0.0,India_Averaged.csv
2020-02-09,0,184.5,124.4,24.0,11.5,28.1,5.3,1.2,1.2,0.8,0.8,1.1,1.1,4.9,4.9,1.6387777750410215,0.32784210021665106,9.676226,5.8911724,26.934732,6.366519,5.0,13.587,0.0,67.417,7.5409999999999995,1.0,227.099,2020,2,9,184.5,0.0,India_Averaged.csv
2020-02-10,0,176.8,146.9,22.9,12.8,26.3,4.8,1.2,1.2,0.8,0.8,1.1,1.1,4.5,4.5,2.013285922997443,-0.13617772963038216,9.5753145,5.7542143,24.978987,11.941957,5.0,13.998,0.0,65.928,7.664999999999999,1.0,228.76500000000001,2020,2,10,190.2,0.0,India_Averaged.csv
2020-02-11,0,186.6,151.3,24.8,14.1,25.0,4.6,1.2,1.2,0.8,0.8,1.3,1.3,5.5,5.5,2.6539334560694003,-0.49152258579733205,9.555094,6.313029,34.575153,3.55578,5.0,14.879999999999999,0.0,65.976,7.4510000000000005,1.0,233.721,2020,2,11,193.9,0.0,India_Averaged.csv
2020-02-12,0,188.7,147.1,23.8,10.7,24.0,5.3,1.2,1.2,0.8,0.8,1.1,1.1,5.7,5.7,1.8637882743901604,0.12392886079824254,9.591311,6.0222855,29.46941,3.4757302,5.0,17.517999999999997,0.0,60.678999999999995,11.522,1.0,241.69300000000004,2020,2,12,189.4,0.0,India_Averaged.csv
2020-02-13,0,185.2,108.7,19.3,9.5,24.8,5.4,1.3,1.3,1.2,1.2,1.0,1.0,4.7,4.7,0.5971375381908139,0.21446011932246253,9.90756,5.229454,17.974794,19.876383,5.0,20.05,0.0,51.674,15.435999999999998,1.0,296.698,2020,2,13,187.8,0.0,India_Averaged.csv
2020-02-14,0,156.3,104.4,16.9,8.3,24.7,5.3,1.8,1.8,1.1,1.1,1.5,1.5,3.4,3.4,-0.4342404148639113,0.2685883226416042,9.969312,3.7362785,-2.4965558,15.07432,5.0,18.659,0.0,45.926,16.414,1.0,299.122,2020,2,14,159.1,0.0,India_Averaged.csv
2020-02-15,0,141.8,101.3,23.0,9.0,24.6,6.1,1.7,1.7,1.0,1.0,1.4,1.4,4.3,4.3,-0.13732438179726006,0.3004915630103609,10.059935,4.420364,8.973572,12.486768,5.0,18.061,0.0,44.803,12.578999999999999,1.0,286.224,2020,2,15,141.8,0.0,India_Averaged.csv
2020-02-16,0,145.4,119.9,25.3,10.6,24.6,5.7,1.6,1.6,0.8,0.8,1.1,1.1,4.2,4.2,0.7245180551419041,0.05096001744251468,9.978401,4.9824653,17.486841,6.67004,5.0,18.225,0.0,51.67199999999999,8.088,1.0,245.31199999999998,2020,2,16,152.3,0.0,India_Averaged.csv
2020-02-17,0,163.2,144.4,28.8,11.2,23.9,6.2,1.1,1.1,0.7,0.7,1.1,1.1,4.8,4.8,1.8412860920514826,0.17423995221697006,9.713106,5.931555,32.47254,3.4767272,5.0,18.564,0.0,43.383,10.290000000000001,1.0,257.006,2020,2,17,170.3,0.0,India_Averaged.csv
2020-02-18,0,181.0,125.7,27.0,11.5,25.9,6.8,1.2,1.2,0.5,0.5,1.2,1.2,7.4,7.4,1.8197465141531808,0.42599260428213015,10.006655,5.5095816,24.630985,4.817526,5.0,18.517,0.0,42.666000000000004,10.117999999999999,1.0,241.42799999999997,2020,2,18,181.2,0.0,India_Averaged.csv
2020-02-19,0,159.2,125.6,23.3,9.3,29.6,5.5,1.3,1.3,0.9,0.9,1.2,1.2,5.1,5.1,0.7164103799067263,0.8563312743461857,10.396246,5.112365,21.21338,16.819595,5.0,19.98,0.0,49.475,13.783999999999997,1.0,140.337,2020,2,19,169.2,0.0,India_Averaged.csv
2020-02-20,0,156.9,104.4,17.0,7.5,29.2,5.4,1.5,1.5,1.1,1.1,1.6,1.6,4.7,4.7,-0.5210545214350942,0.9454069982319286,10.559681,4.302767,6.103155,17.851868,5.0,21.033,0.0,55.973,16.147,1.0,153.304,2020,2,20,156.9,0.0,India_Averaged.csv
2020-02-21,0,149.9,72.0,14.7,6.7,23.6,5.6,1.8,1.8,1.1,1.1,2.1,2.1,4.3,4.3,-1.5808892017433065,0.2964800280027033,10.200491,2.7971947,-9.203302,9.00973,5.0,17.259999999999998,0.0,71.084,13.918000000000001,1.0,126.001,2020,2,21,150.1,0.0,India_Averaged.csv
2020-02-22,0,122.0,80.4,17.3,10.5,24.1,5.7,2.0,2.0,1.0,1.0,2.1,2.1,3.9,3.9,-0.9911763266686087,-0.3126699099697233,10.308085,3.3930936,-5.3329287,5.6051745,5.0,18.172,0.0,73.918,8.303999999999998,1.0,124.253,2020,2,22,122.0,0.0,India_Averaged.csv
2020-02-23,0,133.7,89.17999999999999,18.52,8.059999999999999,22.3,5.4799999999999995,2.0,2.0,1.0,1.0,1.8,1.8,3.7,3.7,-1.0522281361123738,-0.04953051220241802,10.16503,3.6653037,0.986042,9.678095,5.0,18.253999999999998,0.0,75.446,7.3420000000000005,1.0,146.06300000000002,2020,2,23,133.7,0.0,India_Averaged.csv
2020-02-24,0,153.62,81.9,20.5,8.8,21.6,5.6,1.8,1.8,1.1,1.1,1.7,1.7,3.0,3.0,-0.5102132026883097,-0.1951805454193091,9.852591,3.8779836,5.393181,2.918351,5.0,18.554,0.0,68.759,8.11,1.0,252.69,2020,2,24,153.62,0.0,India_Averaged.csv
2020-02-25,0,133.7,109.8,23.080000000000002,12.08,20.64,5.7,1.7,1.7,1.0,1.0,1.2,1.2,4.1,4.1,0.4233226480246125,-0.7606231090846355,9.511898,4.671065,16.880156,-5.086276,5.0,19.076,0.0,63.382999999999996,8.077,1.0,251.571,2020,2,25,134.7,0.0,India_Averaged.csv
2020-02-26,0,162.1,120.8,25.9,10.7,21.6,6.1,1.5,1.5,0.8,0.8,0.8,0.8,4.7,4.7,1.084104060076985,-0.1626566887257442,9.722849,5.384709,24.202448,6.231739,5.0,19.675,0.0,63.821000000000005,7.866,1.0,179.13,2020,2,26,162.9,0.0,India_Averaged.csv
2020-02-27,0,165.0,96.2,20.9,9.3,21.6,6.38,1.4,1.4,1.0,1.0,1.1,1.1,2.8,2.8,0.07678702711073697,-0.006555266181938335,9.76573,4.6967344,13.104296,3.1448784,5.0,20.901000000000003,0.0,64.119,8.511,1.0,132.476,2020,2,27,165.0,0.0,India_Averaged.csv
2020-02-28,0,150.7,87.3,16.4,7.7,23.8,4.5,1.8,1.8,1.1,1.1,2.0,2.0,3.9,3.9,-0.9988946878785722,-0.006862521018697087,9.971131,3.4111404,-1.9948356,7.7048707,5.0,21.279,0.0,64.912,12.626,1.0,127.5,2020,2,28,150.7,0.0,India_Averaged.csv
2020-02-29,0,147.4,76.0,15.7,7.6,23.8,5.6,2.0,2.0,1.0,1.0,2.1,2.1,4.5,4.5,-1.3023929516237434,0.18107737512939767,10.199018,2.856002,-11.354464,15.47064,5.0,19.89,0.0,73.505,12.986,1.0,139.77900000000002,2020,2,29,147.4,0.0,India_Averaged.csv
2020-03-01,0,132.9,70.7,18.8,8.8,26.9,5.0200000000000005,1.8,1.8,1.1,1.1,1.7,1.7,4.5,4.5,-1.1519355539696958,0.1522430787906492,10.596128,3.4813225,-3.5558414,20.538532,5.0,20.332,0.0,69.644,8.287,1.0,115.082,2020,3,1,132.9,0.0,India_Averaged.csv
2020-03-02,0,101.3,101.2,22.2,11.1,31.2,6.0,1.7,1.7,1.0,1.0,1.7,1.7,3.9,3.9,-0.45054957231829357,0.5352121002003333,10.62812,3.6725686,-1.0347065,17.014536,5.0,20.856,0.0,68.747,6.752000000000001,1.0,176.166,2020,3,2,113.3,0.0,India_Averaged.csv
2020-03-03,0,146.0,100.1,28.5,12.4,12.4,5.7,1.7,1.7,0.7,0.7,1.0,1.0,4.8,4.8,0.8711732122360795,-1.7223259051423185,9.610649,5.014326,20.411701,1.1539023,5.0,20.886000000000003,0.0,62.48199999999999,7.053999999999999,1.0,188.355,2020,3,3,146.0,0.0,India_Averaged.csv
2020-03-04,0,141.1,103.35999999999999,19.7,7.2,29.1,6.2,1.5,1.5,1.1,1.1,1.9,1.9,4.6,4.6,-0.6742462182258719,1.1325208851508082,10.866037,4.080053,4.4324813,26.61644,5.0,20.11,0.0,67.601,9.344,1.0,138.959,2020,3,4,148.45999999999998,0.0,India_Averaged.csv
2020-03-05,0,132.7,57.6,16.0,6.9,22.6,4.7,2.0,2.0,1.0,1.0,2.4,2.4,3.9,3.9,-2.020789942743858,-0.15909286795244898,10.303578,2.3086379,-14.751513,11.557452,5.0,19.483,0.0,68.74100000000001,13.677000000000001,1.0,145.01,2020,3,5,132.7,0.0,India_Averaged.csv
2020-03-06,0,94.1,44.4,14.2,6.2,19.0,3.3,2.0,2.0,1.0,1.0,3.0,3.0,1.5,1.5,-3.291984022203112,-0.942068742391867,10.110013,-0.028397089,-42.526848,-10.624799,5.0,16.443,0.0,76.576,15.008000000000001,1.0,164.963,2020,3,6,94.1,0.0,India_Averaged.csv
2020-03-07,0,76.2,64.3,17.4,8.6,26.7,4.8,1.8,1.8,1.1,1.1,2.6,2.6,2.7,2.7,-2.457971221025572,-0.09006012447460968,10.536383,1.6042612,-26.97826,3.4733741,5.0,16.744,0.0,72.82000000000001,8.743,1.0,170.774,2020,3,7,83.5,0.0,India_Averaged.csv
2020-03-08,0,104.5,77.8,17.8,8.8,22.0,4.3,1.8,1.8,1.1,1.1,2.0,2.0,3.2,3.2,-1.70596608445472,-0.617915228975875,9.969108,2.0579114,-17.307745,-4.5798783,5.0,17.627,0.0,66.075,8.42,1.0,218.68399999999997,2020,3,8,107.6,0.0,India_Averaged.csv
2020-03-09,0,121.3,82.8,17.9,7.9,21.9,5.3,1.8,1.8,1.1,1.1,2.1,2.1,3.2,3.2,-1.4728625562540862,-0.17823665201205013,10.060961,2.382444,-13.516167,1.833358,5.0,18.309,0.0,57.57899999999999,11.719,1.0,222.17600000000002,2020,3,9,121.3,0.0,India_Averaged.csv
2020-03-10,0,118.0,96.3,14.2,6.8,27.7,6.2,1.5,1.5,1.1,1.1,2.6,2.6,4.1,4.1,-1.733296480241658,0.8985614518382707,10.751413,2.8579514,-13.468851,25.978714,5.0,18.985,0.0,60.71999999999999,8.758,1.0,158.25500000000002,2020,3,10,127.5,0.0,India_Averaged.csv
2020-03-11,0,139.1,67.3,12.6,5.9,33.9,5.0,1.8,1.8,1.1,1.1,2.3,2.3,3.8,3.8,-2.0644622988999375,1.406068223837973,10.685839,2.486651,-18.0494,24.12358,5.0,19.575,0.0,64.839,14.619,1.0,164.012,2020,3,11,139.1,0.0,India_Averaged.csv
2020-03-12,0,115.5,86.8,17.5,8.3,37.5,5.2,1.6,1.6,1.2,1.2,2.2,2.2,3.9,3.9,-1.2806637857598997,1.5026116365950486,11.022882,3.0806575,-5.8246403,18.635473,5.0,19.637999999999998,0.0,51.737,12.977,1.0,167.50799999999998,2020,3,12,116.4,0.0,India_Averaged.csv
2020-03-13,0,119.4,114.6,18.2,5.8,30.7,5.1,1.6,1.6,1.2,1.2,1.9,1.9,3.6,3.6,-1.2837945209867998,1.3002546009048674,10.652738,3.1645694,-12.9182005,22.841314,5.0,18.734,0.0,54.79200000000001,10.338,1.0,223.421,2020,3,13,124.9,0.0,India_Averaged.csv
2020-03-14,0,141.6,71.4,15.8,7.7,34.0,4.1,1.8,1.8,1.1,1.1,2.3,2.3,2.8,2.8,-1.3579135128841013,0.9564934021547649,10.782025,3.265754,-10.358545,21.685152,5.0,17.307000000000002,0.0,65.73499999999999,9.244,1.0,229.946,2020,3,14,141.6,0.0,India_Averaged.csv
2020-03-15,0,116.3,71.24,17.86,9.4,26.52,4.88,1.7,1.7,1.0,1.0,2.3,2.3,3.7,3.7,-1.407935857697539,-0.08011804627413914,10.5187645,3.154102,-9.297858,-2.5632393,5.0,17.57,0.0,62.532999999999994,7.156000000000001,1.0,213.22199999999998,2020,3,15,116.3,0.0,India_Averaged.csv
2020-03-16,0,135.34,88.6,22.9,8.8,27.8,5.16,1.8,1.8,1.1,1.1,1.8,1.8,4.6,4.6,-0.48830454724254224,0.4123268898313312,10.593085,4.588723,12.780666,22.262295,5.0,19.014999999999997,0.0,63.18399999999999,8.681999999999999,1.0,233.517,2020,3,16,135.44,0.0,India_Averaged.csv
2020-03-17,0,132.0,88.6,21.8,8.5,31.0,5.26,1.2,1.2,1.4,1.4,1.4,1.4,4.3,4.3,-0.6545841890333053,0.8323788788877324,10.833561,4.2819796,4.8328023,24.338902,5.0,20.384999999999998,0.0,60.21400000000001,9.089,1.0,231.73000000000002,2020,3,17,132.0,0.0,India_Averaged.csv
2020-03-18,0,134.06,91.7,22.2,10.0,29.3,4.4399999999999995,1.5,1.5,1.1,1.1,1.7,1.7,3.9,3.9,-0.26641315036418894,0.2200023557741769,10.744643,4.0152516,4.444546,21.725645,5.0,22.084,0.0,56.93300000000001,9.422999999999998,1.0,239.933,2020,3,18,134.06,0.0,India_Averaged.csv
2020-03-19,0,132.1,99.5,21.2,9.0,28.3,7.4,1.5,1.5,1.1,1.1,1.7,1.7,4.7,4.7,-0.4203793644963471,0.9543351705773887,10.865416,4.7169523,7.866751,25.264729,5.0,22.697,0.0,56.303999999999995,8.215,1.0,198.832,2020,3,19,135.7,0.0,India_Averaged.csv
2020-03-20,0,147.7,99.1,22.4,8.8,42.4,7.0,1.0,1.0,1.5,1.5,1.7,1.7,4.2,4.2,0.07486141209778881,2.557854593911948,11.724444,4.6776633,9.555389,46.48708,5.0,22.792,0.0,57.451,9.075,1.0,147.95,2020,3,20,147.7,0.0,India_Averaged.csv
2020-03-21,0,148.0,88.6,20.4,8.3,32.7,6.5,1.3,1.3,1.2,1.2,1.9,1.9,4.2,4.2,-0.4671152912836819,1.3673286976643073,11.13711,3.9314733,-1.3143498,32.30745,5.0,22.841,0.0,60.937,6.597999999999999,1.0,126.06200000000001,2020,3,21,148.2,0.0,India_Averaged.csv
2020-03-22,0,133.3,74.2,12.9,5.7,30.2,5.0,1.8,1.8,1.1,1.1,2.6,2.6,3.3,3.3,-2.119995221745809,1.039895738889665,11.313979,2.184671,-25.147823,36.72069,5.0,23.835,0.0,54.922000000000004,7.817,1.0,199.714,2020,3,22,133.3,0.0,India_Averaged.csv
2020-03-23,0,127.3,66.1,10.8,6.3,34.1,5.6,1.4,1.4,1.3,1.3,2.8,2.8,4.6,4.6,-2.348143342745445,1.4352984913132922,11.948588,1.9248514,-29.323956,46.65843,5.0,23.770000000000003,0.0,55.408,6.436,1.0,178.58300000000003,2020,3,23,127.3,0.0,India_Averaged.csv
2020-03-24,0,116.1,70.74,10.92,6.2,39.12,6.16,1.4,1.4,1.3,1.3,2.5,2.5,4.7,4.7,-2.422284869321964,2.137314923565941,11.6145315,2.1171076,-27.353796,43.277924,5.0,24.588,0.0,58.67,7.922,1.0,180.27700000000002,2020,3,24,116.1,0.0,India_Averaged.csv
2020-03-25,0,120.85822841180519,58.28224058029417,8.075631236617784,4.7462042997692215,24.84152624365073,4.855304289990023,2.0,2.0,1.0,1.0,2.7,2.7,2.9,2.9,-3.2358815095881495,0.41470258062175286,9.808435,0.16735037,-54.07904,34.28285,5.0,24.813,0.0,54.839999999999996,9.114,1.0,215.24200000000002,2020,3,25,120.85822841180519,0.0,India_Averaged.csv
2020-03-26,0,95.55822841180519,53.78224058029417,6.975631236617784,4.7462042997692215,19.14152624365073,4.755304289990024,2.0,2.0,1.0,1.0,2.7,2.7,0.1,0.1,-3.9306899455050806,-0.35922969344240935,8.995344,-1.11187,-65.840256,7.136448,5.0,23.151,0.0,65.245,12.151,1.0,277.113,2020,3,26,95.55822841180519,0.0,India_Averaged.csv
2020-03-27,0,93.1582284118052,38.982240580294174,6.175631236617784,4.846204299769221,22.44152624365073,4.455304289990023,1.8,1.8,1.1,1.1,2.6,2.6,0.8,0.8,-4.2235771480100395,-0.15287787577902648,9.317873,-0.8634308,-59.81423,11.631347,5.0,20.761,0.0,77.116,9.275,1.0,208.54500000000002,2020,3,27,93.1582284118052,0.0,India_Averaged.csv
2020-03-28,0,63.67999999999999,31.4,5.8,4.1,19.0,4.8,2.0,2.0,1.0,1.0,3.0,3.0,0.7,0.7,-5.10732466764669,-0.46280725574119275,11.037545,-1.1306053,-69.8415,16.533266,5.0,21.755000000000003,0.0,61.11999999999999,9.949,1.0,245.208,2020,3,28,63.779999999999994,0.0,India_Averaged.csv
2020-03-29,0,63.5,45.1,5.2,10.16,21.2,4.4,1.9,1.9,0.9,0.9,2.7,2.7,2.3,2.3,-3.695505834673722,-1.3051411185837825,10.665652,-0.28716567,-61.923687,15.77891,5.0,22.645,0.0,52.323,12.409,1.0,255.475,2020,3,29,63.96,0.0,India_Averaged.csv
2020-03-30,0,73.4,49.62,8.52,4.04,24.18,4.08,2.0,2.0,1.0,1.0,3.0,3.0,2.1,2.1,-4.382665785883681,0.1179426544195273,11.256525,-0.748271,-58.22648,13.978335,5.0,23.097,0.0,50.647999999999996,10.666,1.0,238.77399999999997,2020,3,30,73.4,0.0,India_Averaged.csv
2020-03-31,0,104.03291364722077,76.3889623211767,10.662524946471137,5.944817199076885,28.74610497460292,4.581217159960093,2.0,2.0,1.0,1.0,1.8,1.8,3.9,3.9,-2.7702974882040485,0.647990636707426,5.028959,1.0240698,-36.288006,20.374096,5.0,24.052,0.0,50.325,10.482000000000001,1.0,196.003,2020,3,31,104.03291364722077,0.0,India_Averaged.csv
2020-04-01,0,98.13645682361037,68.76448116058836,7.651262473235567,5.092408599538443,30.18305248730146,4.610608579980047,2.0,2.0,1.0,1.0,2.4,2.4,3.7,3.7,-3.387310740737459,0.889514750664285,8.741111,0.9523039,-35.937607,39.01392,5.0,24.884999999999998,0.0,49.1,9.632000000000001,1.0,279.33000000000004,2020,4,1,98.13645682361037,0.0,India_Averaged.csv
2020-04-02,0,97.77822841180519,53.482240580294174,6.975631236617784,4.846204299769221,24.64152624365073,5.255304289990024,2.0,2.0,1.0,1.0,2.7,2.7,3.6,3.6,-3.801718037628588,0.36282393280596464,9.275203,-0.25273302,-54.616005,32.208603,5.0,24.049,0.0,42.987,13.141,1.0,281.683,2020,4,2,97.77822841180519,0.0,India_Averaged.csv
2020-04-03,0,81.4582284118052,53.38224058029417,7.175631236617784,5.526204299769221,28.94152624365073,5.655304289990023,2.0,2.0,1.0,1.0,2.7,2.7,3.6,3.6,-3.896499291662974,0.7733614565166729,9.775664,0.5871566,-39.982395,45.620193,5.0,23.597,0.0,38.848,11.224,1.0,257.967,2020,4,3,81.4582284118052,0.0,India_Averaged.csv
2020-04-04,0,85.75822841180519,59.28224058029417,8.675631236617784,5.7462042997692215,29.04152624365073,5.555304289990024,2.0,2.0,1.0,1.0,2.7,2.7,3.6,3.6,-3.5621039206739917,0.7773467468448845,9.74993,0.6249639,-41.15303,38.338234,5.0,24.802999999999997,0.0,40.362,9.884,1.0,222.75799999999998,2020,4,4,85.75822841180519,0.0,India_Averaged.csv
2020-04-05,0,102.9382284118052,67.38224058029417,9.375631236617783,7.0462042997692205,43.34152624365073,6.055304289990024,1.6,1.6,1.2,1.2,2.5,2.5,3.2,3.2,-2.6199327521008273,2.3786090951228074,9.915875,1.7989197,-27.475336,41.548985,5.0,25.65,0.0,44.370999999999995,9.08,1.0,171.485,2020,4,5,102.9382284118052,0.0,India_Averaged.csv
2020-04-06,0,115.7182284118052,75.78224058029417,9.495631236617784,6.606204299769222,28.54152624365073,5.635304289990023,1.8,1.8,1.1,1.1,2.4,2.4,2.3,2.3,-2.5073296165593826,0.7605287026282105,9.699285,1.4894882,-34.564472,39.084538,5.0,27.116999999999997,0.0,36.507999999999996,10.483,1.0,267.591,2020,4,6,115.7182284118052,0.0,India_Averaged.csv
2020-04-07,0,104.74000000000001,63.1,5.84,10.040000000000001,27.2,5.36,1.9,1.9,0.9,0.9,2.8,2.8,4.4,4.4,-2.5276855945866634,-0.17940432752494812,11.21588,0.758814,-52.483868,29.234333,5.0,26.542,0.0,39.636,12.365,1.0,258.156,2020,4,7,104.74000000000001,0.0,India_Averaged.csv
2020-04-08,0,90.66,59.3,6.279999999999999,4.18,28.4,4.82,2.0,2.0,1.0,1.0,3.0,3.0,4.2,4.2,-3.986421683200046,0.8143947425870459,11.700083,-0.09932479,-55.189087,51.709736,5.0,26.052999999999997,0.0,39.406,11.136,1.0,282.125,2020,4,8,90.66,0.0,India_Averaged.csv
2020-04-09,0,101.9582284118052,63.08224058029417,7.975631236617784,4.946204299769222,33.04152624365073,5.155304289990023,1.6,1.6,1.2,1.2,2.5,2.5,3.6,3.6,-3.372352652874345,1.3453008858469526,10.212427,1.0667775,-39.24749,40.897636,5.0,25.988,0.0,39.5,9.442,1.0,259.41,2020,4,9,101.9582284118052,0.0,India_Averaged.csv
2020-04-10,0,94.9582284118052,70.68224058029418,8.675631236617784,5.046204299769221,30.94152624365073,5.715304289990024,1.8,1.8,1.1,1.1,2.6,2.6,2.6,2.6,-3.3206951948278856,1.2338780293168283,10.0822735,0.9133016,-41.21232,38.9265,5.0,27.531,0.0,36.736000000000004,8.221,1.0,237.26600000000002,2020,4,10,95.35822841180519,0.0,India_Averaged.csv
2020-04-11,0,110.85822841180519,71.92224058029417,8.915631236617784,5.546204299769221,40.30152624365073,7.155304289990023,1.4,1.4,1.3,1.3,2.5,2.5,3.7,3.7,-2.755221497210517,2.5790851941630026,10.401102,1.6579866,-33.675987,48.687065,5.0,29.127,0.0,35.184,10.404,1.0,231.315,2020,4,11,110.85822841180519,0.0,India_Averaged.csv
2020-04-12,0,116.11645682361038,71.66448116058835,8.251262473235567,5.592408599538443,28.68305248730146,5.410608579980047,1.8,1.8,1.1,1.1,2.3,2.3,3.0,3.0,-2.86731383767107,0.8770201394046969,8.151469,1.0365779,-37.49608,32.915173,5.0,29.157,0.0,36.20399999999999,10.257,1.0,301.154,2020,4,12,116.11645682361038,0.0,India_Averaged.csv
2020-04-13,0,106.31645682361038,84.26448116058836,9.451262473235568,6.092408599538443,27.98305248730146,5.950608579980047,1.8,1.8,1.1,1.1,2.3,2.3,3.0,3.0,-2.6507861530371475,0.8702785508504706,7.9275827,1.1278107,-41.320843,32.98165,5.0,30.713,0.0,33.924,10.222,1.0,283.929,2020,4,13,106.31645682361038,0.0,India_Averaged.csv
2020-04-14,0,116.87822841180518,75.38224058029417,8.775631236617784,4.946204299769222,28.521526243650733,5.755304289990024,1.8,1.8,1.1,1.1,2.6,2.6,3.3,3.3,-2.8789090773486032,1.072335363170301,9.501699,1.0743252,-38.99408,30.02216,5.0,31.171999999999997,0.0,33.43,10.363000000000001,1.0,179.21300000000002,2020,4,14,116.87822841180518,0.0,India_Averaged.csv
2020-04-15,0,111.25822841180518,91.78224058029419,9.975631236617783,5.946204299769222,25.94152624365073,5.655304289990023,1.8,1.8,1.1,1.1,2.6,2.6,3.0,3.0,-2.454202360963502,0.6545026889922225,9.092843,1.0290374,-36.999,26.426306,5.0,30.792,0.0,32.8,11.715,1.0,217.368,2020,4,15,117.05822841180517,0.0,India_Averaged.csv
2020-04-16,0,123.25822841180518,88.86224058029418,10.895631236617785,6.026204299769221,33.68152624365073,6.4353042899900235,1.6,1.6,1.2,1.2,2.5,2.5,4.1,4.1,-2.090404805640011,1.718862419297853,9.886119,1.6737719,-31.7689,42.74837,5.0,31.52,0.0,29.101,11.269,1.0,242.67199999999997,2020,4,16,123.25822841180518,0.0,India_Averaged.csv
2020-04-17,0,114.25822841180518,75.38224058029418,7.455631236617785,5.226204299769221,29.36152624365073,4.835304289990023,1.8,1.8,1.1,1.1,2.4,2.4,3.7,3.7,-2.975245551978616,0.8991794022425624,9.975779,1.2157466,-41.287834,39.42357,5.0,30.236,0.0,30.847,13.162,1.0,188.469,2020,4,17,114.95822841180518,0.0,India_Averaged.csv
2020-04-18,0,99.91645682361039,73.46448116058835,7.151262473235567,4.892408599538443,28.98305248730146,5.3506085799800465,2.0,2.0,1.0,1.0,2.4,2.4,3.7,3.7,-3.3590861145234236,0.9743044211100755,8.379315,0.7559718,-41.93988,35.55201,5.0,29.778,0.0,34.208000000000006,13.404000000000002,1.0,178.375,2020,4,18,99.91645682361039,0.0,India_Averaged.csv
2020-04-19,0,104.24000000000001,60.4,9.76,5.6,28.76,5.58,1.6,1.6,1.2,1.2,2.5,2.5,3.0,3.0,-3.151626576624669,0.8441012552188158,10.795276,1.0845509,-35.921425,23.865566,5.0,28.969,0.0,36.33,9.981,1.0,259.216,2020,4,19,104.24000000000001,0.0,India_Averaged.csv
2020-04-20,0,92.74,51.1,6.7,7.3,30.5,6.2,1.6,1.6,1.2,1.2,2.6,2.6,3.8,3.8,-3.3789970288901943,0.7752736605803383,11.912071,1.6828041,-45.437263,41.87861,5.0,26.673000000000002,0.0,46.796,8.716,1.0,168.325,2020,4,20,92.94,0.0,India_Averaged.csv
2020-04-21,0,81.4,52.8,6.7,5.6,35.46,11.059999999999999,1.4,1.4,1.3,1.3,2.7,2.7,5.0,5.0,-3.7719486612551107,2.6770862359694396,12.055697,1.5794208,-39.063026,48.68928,5.0,27.369999999999997,0.0,43.119,8.888,1.0,198.006,2020,4,21,86.8,0.0,India_Averaged.csv
2020-04-22,0,86.5,70.5,10.2,5.5,34.6,13.4,1.4,1.4,1.3,1.3,2.7,2.7,4.7,4.7,-3.1169576773046064,3.237931719279058,12.562086,2.0029023,-34.324898,56.085,5.0,29.163999999999998,0.0,33.696,9.292,1.0,195.50799999999998,2020,4,22,88.9,0.0,India_Averaged.csv
2020-04-23,0,99.4,75.72,8.4,5.4,31.1,12.3,1.4,1.4,1.3,1.3,2.8,2.8,4.6,4.6,-3.0078246170730587,2.6654771266143795,12.25136,1.7205423,-44.290234,59.948143,5.0,29.178000000000004,0.0,38.533,9.747,1.0,212.94099999999997,2020,4,23,104.1,0.0,India_Averaged.csv
2020-04-24,0,109.1,69.14,8.58,6.44,38.6,10.64,1.2,1.2,1.4,1.4,2.6,2.6,3.7,3.7,-2.64882242785969,2.969349920748499,11.926491,2.0273929,-32.96813,47.681282,5.0,29.919999999999998,0.0,37.12,8.403,1.0,181.464,2020,4,24,109.1,0.0,India_Averaged.csv
2020-04-25,0,114.8,72.94,6.7,4.0600000000000005,34.8,11.98,1.4,1.4,1.3,1.3,2.7,2.7,6.1,6.1,-3.1276524116148936,3.269451042246575,12.34882,2.1004083,-35.076588,63.484467,5.0,28.722,0.0,43.342,8.524,1.0,169.10899999999998,2020,4,25,115.0,0.0,India_Averaged.csv
2020-04-26,0,88.6,77.47999999999999,6.5,4.58,28.5,7.779999999999999,1.8,1.8,1.1,1.1,2.9,2.9,4.7,4.7,-3.5851610792435564,1.4875068913249994,12.27939,1.3608873,-48.47452,50.967133,5.0,27.656,0.0,55.075,12.606,1.0,159.789,2020,4,26,98.97999999999999,0.0,India_Averaged.csv
2020-04-27,0,99.7,57.82000000000001,5.68,6.5200000000000005,44.92,8.16,1.2,1.2,1.4,1.4,2.6,2.6,5.4,5.4,-3.174187061654328,3.0256268101837476,12.292628,2.898748,-28.630545,62.537964,5.0,26.768,0.0,58.701,12.918000000000001,1.0,137.659,2020,4,27,106.4,0.0,India_Averaged.csv
2020-04-28,0,79.25822841180519,58.78224058029417,7.475631236617784,5.846204299769221,58.54152624365073,8.555304289990023,1.2,1.2,1.4,1.4,2.3,2.3,2.9,2.9,-3.367018473938946,4.739131241639546,10.9603815,2.3537831,-26.098553,54.254517,5.0,27.770999999999997,0.0,56.075,8.458,1.0,192.469,2020,4,28,95.55822841180519,0.0,India_Averaged.csv
2020-04-29,0,94.35822841180519,69.94224058029417,9.595631236617784,5.986204299769222,56.32152624365072,8.035304289990023,1.2,1.2,1.4,1.4,2.3,2.3,3.0,3.0,-2.7492348610363275,4.463453203753651,11.300458,2.4627109,-26.34255,57.86889,5.0,30.043,0.0,44.991,8.748000000000001,1.0,167.53799999999998,2020,4,29,101.75822841180519,0.0,India_Averaged.csv
2020-04-30,0,116.22,71.4,7.92,6.0,40.7,11.059999999999999,1.4,1.4,1.3,1.3,2.4,2.4,5.5,5.5,-2.5875719296588917,3.403827842298469,11.825289,2.3675995,-35.409195,53.84328,5.0,30.488,0.0,42.9,10.333000000000002,1.0,204.9,2020,4,30,117.22,0.0,India_Averaged.csv
2020-05-01,0,111.7,69.42,7.9799999999999995,4.74,34.44,9.74,1.6,1.6,1.2,1.2,2.8,2.8,3.6,3.6,-3.0456872035100693,2.602811195888221,11.447409,1.3298597,-41.639854,38.005016,5.0,32.089,0.0,39.564,13.125,1.0,229.03699999999998,2020,5,1,111.7,0.0,India_Averaged.csv
2020-05-02,0,116.15822841180518,68.36224058029418,7.575631236617784,5.266204299769221,31.94152624365073,7.495304289990024,1.6,1.6,1.2,1.2,2.5,2.5,3.4,3.4,-2.968336018034288,1.7395870166764205,9.780589,1.1565645,-42.782387,38.425385,5.0,31.128999999999998,0.0,43.401,15.692000000000002,1.0,161.945,2020,5,2,116.15822841180518,0.0,India_Averaged.csv
2020-05-03,0,94.71645682361039,67.26448116058836,7.9712624732355675,5.192408599538443,21.60305248730146,5.090608579980047,2.0,2.0,1.0,1.0,2.4,2.4,1.6,1.6,-3.5257595033403204,-0.013221747672351852,7.5115843,-0.3614475,-53.76642,8.940599,5.0,28.694,0.0,59.527,12.074000000000002,1.0,132.76600000000002,2020,5,3,94.71645682361039,0.0,India_Averaged.csv
2020-05-04,0,110.17468523541557,65.84672174088253,10.026893709853352,5.938612899307664,27.124578730952187,4.9659128699700705,1.8,1.8,1.1,1.1,2.0,2.0,2.4,2.4,-2.8927695482940936,0.5101389225890044,6.2543325,0.862634,-37.05091,22.998978,5.0,28.648000000000003,0.0,55.678,6.797,1.0,151.048,2020,5,4,110.17468523541557,0.0,India_Averaged.csv
2020-05-05,0,103.57468523541556,73.04672174088253,11.026893709853352,6.0386128993076635,30.484578730952187,5.66591286997007,1.8,1.8,1.1,1.1,2.0,2.0,2.1,2.1,-2.7503859507300055,1.0516916506969674,6.4008074,1.3290107,-34.496147,29.490936,5.0,29.660000000000004,0.0,41.53,8.454,1.0,224.17800000000003,2020,5,5,104.67468523541557,0.0,India_Averaged.csv
2020-05-06,0,110.61645682361038,79.96448116058835,10.151262473235567,5.692408599538443,33.68305248730146,5.770608579980047,1.6,1.6,1.2,1.2,2.3,2.3,4.1,4.1,-2.6034265411095987,1.5463679140311268,8.604587,1.7520128,-28.483917,46.065136,5.0,29.294,0.0,42.199,9.376999999999999,1.0,161.547,2020,5,6,110.61645682361038,0.0,India_Averaged.csv
2020-05-07,0,118.81645682361038,65.98448116058835,11.791262473235568,5.392408599538443,34.30305248730146,5.290608579980047,1.6,1.6,1.2,1.2,2.2,2.2,3.1,3.1,-2.6156425860604218,1.533188491658977,8.268198,2.0270295,-22.110998,30.34079,5.0,30.147000000000002,0.0,36.317,9.312000000000001,1.0,168.029,2020,5,7,118.81645682361038,0.0,India_Averaged.csv
2020-05-08,0,106.21645682361039,76.66448116058835,9.951262473235568,5.092408599538443,40.78305248730146,5.210608579980047,1.4,1.4,1.3,1.3,2.1,2.1,2.8,2.8,-2.7982318650182214,2.3062042757414987,8.454729,1.891683,-29.282566,38.55178,5.0,31.978,0.0,33.61,10.037,1.0,182.478,2020,5,8,108.41645682361039,0.0,India_Averaged.csv
2020-05-09,0,109.99822841180519,73.88224058029417,8.375631236617783,5.2462042997692215,31.241526243650732,4.835304289990023,1.8,1.8,1.1,1.1,2.6,2.6,2.6,2.6,-2.982112654803445,1.097062149163718,9.642179,0.85853183,-42.82418,35.780834,5.0,32.444,0.0,35.57,10.845000000000002,1.0,152.589,2020,5,9,109.99822841180519,0.0,India_Averaged.csv
2020-05-10,0,120.55822841180517,78.96224058029418,8.875631236617783,5.266204299769221,34.24152624365073,4.595304289990024,1.8,1.8,1.1,1.1,2.6,2.6,2.7,2.7,-2.6292556776112503,1.4414843631117003,10.430557,1.7081316,-33.874035,42.90602,5.0,30.719,0.0,47.086999999999996,12.703,1.0,151.371,2020,5,10,120.55822841180517,0.0,India_Averaged.csv
2020-05-11,0,118.3182284118052,65.92224058029419,9.075631236617784,5.146204299769222,45.64152624365073,6.3153042899900225,1.4,1.4,1.3,1.3,2.4,2.4,4.8,4.8,-2.7323573471529543,3.066403519144077,10.931519,2.5716739,-25.207567,55.576668,5.0,30.535000000000004,0.0,46.352,10.751,1.0,144.425,2020,5,11,118.41822841180519,0.0,India_Averaged.csv
2020-05-12,0,125.61645682361038,66.76448116058836,9.751262473235567,5.592408599538443,38.38305248730146,5.310608579980046,1.6,1.6,1.2,1.2,2.2,2.2,5.5,5.5,-2.5435930154530006,1.9734798454610263,9.242714,2.2526448,-20.285568,47.86568,5.0,30.722,0.0,46.742000000000004,8.564,1.0,153.287,2020,5,12,125.61645682361038,0.0,India_Averaged.csv
2020-05-13,0,104.69822841180519,107.08224058029418,10.675631236617784,6.046204299769221,36.24152624365073,7.035304289990023,1.6,1.6,1.2,1.2,2.2,2.2,4.9,4.9,-2.108716633956328,2.171118781229185,10.208278,2.7500603,-14.306147,43.97625,5.0,30.601999999999997,0.0,49.47,8.145999999999999,1.0,196.39000000000001,2020,5,13,123.5982284118052,0.0,India_Averaged.csv
2020-05-14,0,130.15822841180517,71.68224058029418,10.475631236617783,5.046204299769221,39.44152624365073,5.5153042899900235,1.4,1.4,1.3,1.3,2.4,2.4,4.4,4.4,-2.417831842967864,2.2776709414691125,10.584486,1.9680345,-27.423681,49.268856,5.0,31.661,0.0,43.649,8.9,1.0,206.31199999999998,2020,5,14,130.15822841180517,0.0,India_Averaged.csv
2020-05-15,0,109.02000000000001,77.3,9.3,6.6,30.9,5.36,1.8,1.8,1.1,1.1,2.3,2.3,2.1,2.1,-2.5984757555465636,0.9559795382167469,11.375614,1.53847,-29.198359,37.360786,5.0,32.186,0.0,33.636,12.259,1.0,265.21299999999997,2020,5,15,109.02000000000001,0.0,India_Averaged.csv
2020-05-16,0,113.6,85.0,9.6,6.9,51.0,5.779999999999999,1.2,1.2,1.4,1.4,2.6,2.6,5.1,5.1,-2.0592323484345227,3.3335090693538625,13.306564,3.2728627,-12.566882,71.57367,5.0,32.116,0.0,29.9,11.174,1.0,277.048,2020,5,16,117.5,0.0,India_Averaged.csv
2020-05-17,0,128.2,99.4,11.4,7.6,54.1,6.9799999999999995,0.8,0.8,1.6,1.6,2.5,2.5,4.8,4.8,-1.221167946911183,3.9522287655833437,13.106265,3.9593518,-2.854669,70.71662,5.0,32.394000000000005,0.0,27.82,9.091,1.0,255.717,2020,5,17,134.2,0.0,India_Averaged.csv
2020-05-18,0,136.6,121.5,13.0,6.2,44.0,7.720000000000001,1.1,1.1,1.3,1.3,2.4,2.4,6.0,6.0,-0.972090548136381,3.3572355036309873,12.122628,4.464425,-0.29532394,51.60746,5.0,31.916000000000004,0.0,26.053999999999995,10.506,1.0,273.651,2020,5,18,148.3,0.0,India_Averaged.csv
2020-05-19,0,149.3,114.8,16.4,6.9,45.5,6.32,1.1,1.1,1.3,1.3,1.9,1.9,3.6,3.6,-0.4499707448308838,3.1294343842773555,12.186439,4.217609,-1.4720554,53.300102,5.0,32.414,0.0,21.351000000000003,10.604,1.0,240.99100000000004,2020,5,19,158.9,0.0,India_Averaged.csv
2020-05-20,0,147.1,81.1,12.4,6.6,47.3,7.459999999999999,0.9,0.9,1.4,1.4,2.3,2.3,5.6,5.6,-1.3697491730838895,3.433486049228415,12.432558,4.341258,2.1428368,58.26774,5.0,31.856,0.0,22.15,13.395,1.0,317.33599999999996,2020,5,20,148.5,0.0,India_Averaged.csv
2020-05-21,0,118.7,85.2,12.1,8.8,36.3,7.279999999999999,1.4,1.4,1.3,1.3,2.2,2.2,6.2,6.2,-1.5427746623380956,1.6916848783456662,11.773501,3.6781487,-18.272205,53.578106,5.0,33.341,0.0,22.575,13.447,1.0,298.832,2020,5,21,125.7,0.0,India_Averaged.csv
2020-05-22,0,119.4,104.67999999999999,14.0,7.0200000000000005,40.6,7.0200000000000005,1.0,1.0,1.5,1.5,2.3,2.3,3.8,3.8,-1.3757159846489202,2.54923476562931,11.851557,3.040165,-14.584906,50.462585,5.0,34.882,0.0,24.092999999999996,11.653,1.0,209.879,2020,5,22,130.2,0.0,India_Averaged.csv
2020-05-23,0,134.92000000000002,101.5,12.3,5.3,33.7,7.56,1.5,1.5,1.1,1.1,2.2,2.2,4.4,4.4,-1.6896861927341582,2.2015066830961274,12.113491,2.988671,-22.684483,50.626854,5.0,35.0,0.0,26.588,11.914,1.0,196.313,2020,5,23,134.92000000000002,0.0,India_Averaged.csv
2020-05-24,0,132.9,93.02000000000001,10.36,6.0600000000000005,34.04,6.9799999999999995,1.6,1.6,1.2,1.2,2.5,2.5,5.7,5.7,-1.8657592835717616,1.9168007012018837,12.086477,2.6650755,-24.3286,52.36214,5.0,35.821,0.0,23.46,13.847999999999999,1.0,288.78,2020,5,24,132.9,0.0,India_Averaged.csv
2020-05-25,0,119.16,83.0,11.3,6.0,35.2,7.459999999999999,1.4,1.4,1.3,1.3,2.4,2.4,5.8,5.8,-2.203633547520437,2.0830141996986744,12.118067,2.781063,-16.723555,46.691654,5.0,36.149,0.0,22.058,14.551000000000002,1.0,280.86,2020,5,25,121.46,0.0,India_Averaged.csv
2020-05-26,0,120.7,86.4,12.3,7.9,31.1,7.32,1.4,1.4,1.3,1.3,2.2,2.2,5.5,5.5,-1.7127777248379885,1.2808867341371435,11.293123,2.5614133,-19.113634,41.068016,5.0,36.76199999999999,0.0,22.231,14.004000000000001,1.0,241.56300000000002,2020,5,26,120.7,0.0,India_Averaged.csv
2020-05-27,0,107.8,83.2,8.8,4.4,42.4,5.54,1.4,1.4,1.3,1.3,2.7,2.7,4.0,4.0,-2.8645076416631743,2.711293056937902,12.022087,1.9849678,-31.707882,50.804943,5.0,36.346,0.0,26.093,14.576999999999998,1.0,219.4,2020,5,27,107.8,0.0,India_Averaged.csv
2020-05-28,0,108.1,108.9,5.8,5.4,31.6,6.34,1.6,1.6,1.2,1.2,2.8,2.8,5.0,5.0,-2.5826935700797344,1.584929234832728,11.952755,2.0947957,-32.56756,48.397926,5.0,33.862,0.0,40.099000000000004,19.47,1.0,158.517,2020,5,28,120.3,0.0,India_Averaged.csv
2020-05-29,0,109.9,71.4,6.5,5.0,28.2,3.9799999999999995,1.8,1.8,1.1,1.1,2.9,2.9,4.2,4.2,-3.2656571554003584,0.5801339104617635,11.363375,0.7152712,-42.485703,34.440895,5.0,30.788,0.0,54.02,17.939,1.0,145.13,2020,5,29,110.7,0.0,India_Averaged.csv
2020-05-30,0,94.3,48.2,6.1,7.5,31.3,4.9,1.8,1.8,1.1,1.1,2.9,2.9,5.0,5.0,-3.4127414455745955,0.5321953295520478,10.989255,1.1405977,-42.414455,44.528797,5.0,28.735000000000003,0.0,61.189,10.742,1.0,165.81400000000002,2020,5,30,94.3,0.0,India_Averaged.csv
2020-05-31,0,83.9,36.0,6.2,7.6,31.4,4.46,1.8,1.8,1.1,1.1,2.9,2.9,3.9,3.9,-3.7825340092486237,0.340800698520836,11.826342,0.9180094,-50.9954,46.61674,5.0,27.766000000000002,0.0,65.476,7.142,1.0,157.046,2020,5,31,83.9,0.0,India_Averaged.csv
2020-06-01,0,70.4,55.4,9.4,6.9,44.0,7.76,1.2,1.2,1.4,1.4,2.7,2.7,4.8,4.8,-3.4127963283279,2.6995869175130123,12.761305,2.828861,-26.767725,63.81657,5.0,28.76,0.0,61.43399999999999,5.880999999999999,1.0,169.13,2020,6,1,79.7,0.0,India_Averaged.csv
2020-06-02,0,97.8,62.4,9.3,5.6,36.8,7.76,1.6,1.6,1.2,1.2,2.8,2.8,5.1,5.1,-3.145486162619193,2.222558494214458,12.481536,2.478489,-30.868061,58.1108,5.0,29.523000000000003,0.0,56.892999999999994,7.215999999999999,1.0,170.084,2020,6,2,101.2,0.0,India_Averaged.csv
2020-06-03,0,98.6,63.2,10.4,6.1,45.7,7.62,1.2,1.2,1.4,1.4,2.7,2.7,4.8,4.8,-2.8295530682228085,3.130764998816263,12.841095,2.8202276,-27.389654,62.675537,5.0,30.064999999999998,0.0,54.408,6.559,1.0,206.523,2020,6,3,98.6,0.0,India_Averaged.csv
2020-06-04,0,107.4,65.8,11.3,6.1,29.7,8.36,1.2,1.2,1.4,1.4,2.5,2.5,4.7,4.7,-2.735154766796933,1.5189597984341145,11.982674,2.2993999,-31.252909,52.943073,5.0,29.086000000000002,0.0,57.373000000000005,7.507000000000001,1.0,159.701,2020,6,4,107.4,0.0,India_Averaged.csv
2020-06-05,0,111.7,51.5,8.6,5.5,34.3,7.2,1.6,1.6,1.2,1.2,2.8,2.8,5.4,5.4,-3.178317614073369,1.814874430234417,12.558032,2.1078315,-35.088673,63.368458,5.0,29.052,0.0,59.934000000000005,9.179,1.0,186.375,2020,6,5,111.7,0.0,India_Averaged.csv
2020-06-06,0,93.0,53.1,6.8,4.9,33.9,4.66,1.8,1.8,1.1,1.1,2.9,2.9,3.2,3.2,-3.7974910592962017,1.2586156993246143,12.172822,0.5580659,-50.98358,51.785667,5.0,30.091,0.0,54.687,9.192,1.0,190.43,2020,6,6,93.0,0.0,India_Averaged.csv
2020-06-07,0,85.5,55.7,8.1,5.4,22.7,5.5600000000000005,1.8,1.8,1.1,1.1,2.9,2.9,3.9,3.9,-3.8143049242583658,0.09550575337945102,11.491308,-0.0953479,-58.717113,30.16183,5.0,30.159000000000002,0.0,61.673,8.626000000000001,1.0,224.85099999999997,2020,6,7,85.6,0.0,India_Averaged.csv
2020-06-08,0,97.1,59.6,10.9,6.4,41.5,7.24,1.4,1.4,1.3,1.3,2.7,2.7,4.0,4.0,-2.8734990217045797,2.4993871423536924,12.378532,2.37106,-26.591076,52.900677,5.0,30.737000000000002,0.0,58.14399999999999,9.097999999999999,1.0,216.962,2020,6,8,97.1,0.0,India_Averaged.csv
2020-06-09,0,102.4,71.6,12.2,6.0,34.1,5.26,1.6,1.6,1.2,1.2,2.5,2.5,1.6,1.6,-2.677071164633258,1.3796000217630966,11.340666,1.4266996,-37.327614,36.53829,5.0,32.94199999999999,0.0,51.874,8.394,1.0,232.089,2020,6,9,102.8,0.0,India_Averaged.csv
2020-06-10,0,121.3,75.7,12.1,6.1,32.2,5.4399999999999995,1.4,1.4,1.3,1.3,2.2,2.2,2.7,2.7,-2.2678470262190737,1.2593356021449138,10.986163,1.3305755,-31.416147,30.124905,5.0,33.577,0.0,51.551,8.979000000000001,1.0,268.13,2020,6,10,121.3,0.0,India_Averaged.csv
2020-06-11,0,118.1,66.9,11.4,6.4,30.7,5.0,1.8,1.8,1.1,1.1,2.6,2.6,2.5,2.5,-2.4886384991681263,0.8819217722258788,10.847348,1.1304034,-35.5331,24.713745,5.0,33.007,0.0,53.516999999999996,9.299000000000001,1.0,142.616,2020,6,11,118.1,0.0,India_Averaged.csv
2020-06-12,0,111.1,74.1,10.7,6.1,31.5,5.34,1.4,1.4,1.3,1.3,2.7,2.7,4.7,4.7,-2.5992180370648867,1.1093662197144947,11.769521,2.086429,-25.158943,34.40817,5.0,34.03,0.0,48.038,9.361,1.0,157.17800000000003,2020,6,12,111.1,0.0,India_Averaged.csv
2020-06-13,0,124.5,71.9,10.6,6.4,23.3,4.34,1.8,1.8,1.1,1.1,2.9,2.9,2.7,2.7,-2.447023773432894,-0.0672015987343906,10.505053,0.99576265,-33.818638,19.650827,5.0,33.553000000000004,0.0,53.217,9.592,1.0,126.752,2020,6,13,124.5,0.0,India_Averaged.csv
2020-06-14,0,113.6,72.9,10.92,6.1,28.9,5.04,1.4,1.4,1.3,1.3,2.8,2.8,3.9,3.9,-2.5911939941103936,0.7512705628815074,11.251764,1.5295128,-30.295074,33.484642,5.0,33.246,0.0,54.773,8.633,1.0,174.53199999999998,2020,6,14,113.6,0.0,India_Averaged.csv
2020-06-15,0,127.5,64.3,11.2,6.1,35.3,5.34,1.6,1.6,1.2,1.2,2.5,2.5,4.8,4.8,-2.37310631802507,1.5450204782854147,11.378702,1.9702212,-29.994257,43.640312,5.0,34.21999999999999,0.0,44.489,9.553999999999998,1.0,215.666,2020,6,15,127.5,0.0,India_Averaged.csv
2020-06-16,0,107.7,66.7,11.1,6.3,33.5,4.7,1.4,1.4,1.3,1.3,2.7,2.7,3.6,3.6,-2.69828119296672,1.1187334266481694,11.674236,1.4671395,-33.33552,36.067684,5.0,34.332,0.0,46.096,11.959,1.0,173.503,2020,6,16,107.7,0.0,India_Averaged.csv
2020-06-17,0,103.6,60.1,6.3,4.7,32.1,3.5,1.4,1.4,1.3,1.3,2.7,2.7,4.2,4.2,-3.6033739848950352,0.8962932724610413,12.089607,0.6208914,-43.758717,40.78397,5.0,34.122,0.0,48.595,12.99,1.0,170.267,2020,6,17,103.6,0.0,India_Averaged.csv
2020-06-18,0,93.2,58.3,7.2,6.5,26.9,5.18,1.6,1.6,1.2,1.2,2.9,2.9,3.9,3.9,-3.4327180004942788,0.3241061159966385,11.654212,1.0466896,-38.02638,31.51559,5.0,34.834999999999994,0.0,47.67,13.713999999999999,1.0,197.283,2020,6,18,93.2,0.0,India_Averaged.csv
2020-06-19,0,99.9,88.3,7.2,5.9,30.0,4.58,1.6,1.6,1.2,1.2,2.8,2.8,2.9,2.9,-2.9095937702472567,0.8167833291935052,10.938416,0.91962135,-32.208405,19.079235,5.0,34.714999999999996,0.0,50.307,13.536000000000001,1.0,167.443,2020,6,19,113.1,0.0,India_Averaged.csv
2020-06-20,0,112.2,62.5,8.3,5.2,22.0,4.5,1.8,1.8,1.1,1.1,2.9,2.9,2.1,2.1,-3.2577689687988896,-0.06864703177781967,10.536463,-0.19152871,-53.689247,14.679033,5.0,33.629000000000005,0.0,51.422000000000004,12.239,1.0,229.099,2020,6,20,112.2,0.0,India_Averaged.csv
2020-06-21,0,97.9,56.9,9.559999999999999,5.5200000000000005,19.759999999999998,5.0600000000000005,1.8,1.8,1.1,1.1,2.9,2.9,2.5,2.5,-3.472228177039122,-0.31584855501400294,10.696558,0.18177232,-43.856182,0.17094974,5.0,32.538,0.0,55.589,10.456999999999999,1.0,178.53,2020,6,21,97.9,0.0,India_Averaged.csv
2020-06-22,0,102.02000000000001,50.2,10.0,6.3,28.7,4.1,1.6,1.6,1.2,1.2,2.8,2.8,2.2,2.2,-3.2233897992826264,0.33596462432024043,10.683678,0.26730794,-39.87149,10.775758,5.0,31.475,0.0,60.54299999999999,8.911,1.0,154.574,2020,6,22,102.02000000000001,0.0,India_Averaged.csv
2020-06-23,0,94.5,41.2,6.1,4.5200000000000005,16.7,3.9,2.0,2.0,1.0,1.0,3.0,3.0,1.4,1.4,-4.310091102783316,-0.8555997251060887,10.337425,-1.6898339,-72.165115,10.179638,5.0,30.97,0.0,66.82900000000001,12.78,1.0,151.404,2020,6,23,94.5,0.0,India_Averaged.csv
2020-06-24,0,73.7,43.6,6.7,5.279999999999999,15.7,3.2,2.0,2.0,1.0,1.0,3.0,3.0,0.0,0.0,-4.479390503107211,-1.2999401417802974,10.277588,-2.2347388,-77.862595,-5.28402,5.0,29.886000000000003,0.0,72.619,10.082,1.0,153.566,2020,6,24,73.7,0.0,India_Averaged.csv
2020-06-25,0,79.2,67.7,10.4,7.7,22.0,4.5,1.8,1.8,1.1,1.1,2.9,2.9,1.8,1.8,-3.1212138632008424,-0.5621045475571996,10.317465,0.20344004,-32.621193,-3.9320283,5.0,31.605,0.0,66.237,7.993,1.0,250.048,2020,6,25,96.0,0.0,India_Averaged.csv
2020-06-26,0,88.1,64.6,9.6,8.8,19.6,5.5,1.9,1.9,1.0,1.0,2.7,2.7,3.4,3.4,-2.861543562282159,-0.8055140729054294,10.282888,1.3110144,-33.9301,-20.302296,5.0,31.866000000000003,0.0,64.656,11.625,1.0,252.03699999999998,2020,6,26,89.2,0.0,India_Averaged.csv
2020-06-27,0,103.2,75.9,8.5,7.5,12.8,4.5,2.0,2.0,1.0,1.0,2.7,2.7,0.8,0.8,-2.8373742469422716,-1.4784365338398362,9.381839,0.06027498,-52.03373,-19.120829,5.0,33.379999999999995,0.0,55.677,14.986,1.0,251.47899999999998,2020,6,27,104.5,0.0,India_Averaged.csv
2020-06-28,0,101.6,118.5,8.5,9.7,12.6,5.1,1.9,1.9,0.9,0.9,2.8,2.8,2.7,2.7,-1.7211648334822125,-1.5537111352779662,8.988779,0.7871131,-39.103306,-18.26294,5.0,34.309,0.0,51.141999999999996,15.904,1.0,238.483,2020,6,28,136.0,0.0,India_Averaged.csv
2020-06-29,0,119.6,80.7,7.6,5.3,26.9,4.7,1.6,1.6,1.2,1.2,2.8,2.8,1.8,1.8,-2.794776681264838,0.6193270949542268,10.196426,0.11058223,-45.79989,9.222498,5.0,33.741,0.0,54.527,11.933,1.0,207.118,2020,6,29,119.6,0.0,India_Averaged.csv
2020-06-30,0,102.1,57.9,7.9,5.5,22.6,4.5,1.8,1.8,1.1,1.1,2.9,2.9,2.1,2.1,-3.483089244532381,-0.10813486985243977,10.718035,-0.50433284,-60.22654,15.563525,5.0,32.757999999999996,0.0,58.598,10.31,1.0,151.722,2020,6,30,102.1,0.0,India_Averaged.csv
2020-07-01,0,98.9,65.8,9.1,7.0,30.4,4.1,1.8,1.8,1.1,1.1,2.9,2.9,2.6,2.6,-2.933415039633276,0.4660140503596417,11.471182,0.72318447,-41.706787,33.362926,5.0,33.397999999999996,0.0,57.440999999999995,9.081,1.0,164.15699999999998,2020,7,1,99.4,0.0,India_Averaged.csv
2020-07-02,0,111.2,70.1,9.9,6.1,33.1,4.6,1.4,1.4,1.3,1.3,2.8,2.8,4.0,4.0,-2.7156578960045628,1.103761595083726,11.578114,1.5325019,-29.77619,22.785467,5.0,34.659000000000006,0.0,52.265,10.862,1.0,226.558,2020,7,2,111.2,0.0,India_Averaged.csv
2020-07-03,0,119.9,69.7,9.3,6.7,31.8,5.0,1.6,1.6,1.2,1.2,2.8,2.8,3.9,3.9,-2.496234115907874,0.9563429887367952,11.414145,1.331309,-35.39823,34.84588,5.0,34.239999999999995,0.0,56.932,13.234,1.0,170.32600000000002,2020,7,3,119.9,0.0,India_Averaged.csv
2020-07-04,0,120.7,52.0,6.8,5.4,25.0,5.4,1.8,1.8,1.1,1.1,3.0,3.0,3.2,3.2,-3.2979005396182637,0.3955239683845592,11.160177,0.34814015,-46.888596,32.45826,5.0,32.544000000000004,0.0,62.569,12.081,1.0,147.92199999999997,2020,7,4,120.7,0.0,India_Averaged.csv
2020-07-05,0,95.4,38.3,6.6,5.2,29.6,6.0,1.6,1.6,1.2,1.2,2.8,2.8,2.8,2.8,-3.9821771184019745,0.9431934636438213,11.422483,0.36603412,-49.510017,42.97571,5.0,30.02,0.0,69.31,9.879999999999999,1.0,96.79,2020,7,5,95.4,0.0,India_Averaged.csv
2020-07-06,0,78.9,51.9,8.1,8.0,21.3,5.6,2.0,2.0,1.0,1.0,2.7,2.7,2.6,2.6,-3.4929508774252773,-0.5501761191597135,10.567495,0.06193477,-56.606434,10.594706,5.0,30.243000000000002,0.0,71.191,10.107,1.0,128.12000000000003,2020,7,6,79.5,0.0,India_Averaged.csv
2020-07-07,0,94.7,45.7,6.4,5.3,15.2,6.1,2.0,2.0,1.0,1.0,2.7,2.7,1.1,1.1,-4.0389481006868975,-0.6571616549617039,10.317204,-0.73950547,-57.62049,7.3958755,5.0,29.048000000000002,0.0,74.925,13.63,1.0,122.279,2020,7,7,106.0,0.0,India_Averaged.csv
2020-07-08,0,63.6,36.7,7.2,6.6,14.2,4.5,2.0,2.0,1.0,1.0,3.0,3.0,0.0,0.0,-4.475082027156535,-1.4773491631824462,9.704362,-2.0692706,-73.35329,-15.274885,5.0,29.238999999999997,0.0,78.086,10.948,1.0,164.879,2020,7,8,63.6,0.0,India_Averaged.csv
2020-07-09,0,69.8,43.4,9.5,7.5,22.5,5.1,1.8,1.8,1.1,1.1,3.0,3.0,1.4,1.4,-3.7871945437343277,-0.4918513771675019,9.636512,-0.44351047,-49.926224,-4.1236315,5.0,30.317,0.0,73.216,11.067,1.0,234.402,2020,7,9,70.1,0.0,India_Averaged.csv
2020-07-10,0,81.8,49.4,8.3,5.1,19.6,4.6,2.0,2.0,1.0,1.0,3.0,3.0,1.4,1.4,-4.081842116684024,-0.454050806979765,10.048839,-1.5254732,-69.01438,-2.9920354,5.0,31.877,0.0,63.414,13.11,1.0,261.658,2020,7,10,82.6,0.0,India_Averaged.csv
2020-07-11,0,73.2,34.4,7.8,5.2,19.1,4.6,2.0,2.0,1.0,1.0,3.0,3.0,1.4,1.4,-4.510647676500409,-0.6306365580195081,10.091678,-1.7670352,-67.807274,-9.925815,5.0,31.062,0.0,67.926,13.266,1.0,236.629,2020,7,11,73.2,0.0,India_Averaged.csv
2020-07-12,0,61.7,36.7,7.340000000000001,4.24,17.14,6.0,2.0,2.0,1.0,1.0,3.0,3.0,1.8,1.8,-4.916231638117061,-0.40396767513876447,10.188956,-1.3245119,-68.61792,2.2680945,5.0,30.118000000000002,0.0,72.191,9.587,1.0,213.292,2020,7,12,61.7,0.0,India_Averaged.csv
2020-07-13,0,70.7,61.3,10.5,6.0,19.1,5.0,1.8,1.8,1.1,1.1,2.9,2.9,1.1,1.1,-3.7440089211398666,-0.5383007028729866,8.921534,-0.8359289,-50.751167,-15.881357,5.0,30.816999999999997,0.0,68.033,10.134,1.0,265.00100000000003,2020,7,13,78.0,0.0,India_Averaged.csv
2020-07-14,0,85.1,69.5,10.0,5.7,25.6,5.4,1.6,1.6,1.2,1.2,2.8,2.8,1.8,1.8,-3.35843637733622,0.41876909369688126,10.018569,0.03807373,-48.74485,10.295083,5.0,31.983000000000004,0.0,65.144,8.477,1.0,222.06199999999998,2020,7,14,85.2,0.0,India_Averaged.csv
2020-07-15,0,103.6,57.4,7.8,5.7,24.5,5.3,2.0,2.0,1.0,1.0,3.0,3.0,3.5,3.5,-3.3967141055473973,0.24880638244905384,10.606666,0.14357397,-45.17528,23.907171,5.0,31.557,0.0,67.095,12.736,1.0,135.019,2020,7,15,103.6,0.0,India_Averaged.csv
2020-07-16,0,101.8,45.0,7.2,5.2,20.2,5.3,2.0,2.0,1.0,1.0,3.0,3.0,2.1,2.1,-3.8303916033125773,-0.22261040238482419,10.587229,-0.6013824,-56.513756,22.700024,5.0,30.374000000000002,0.0,74.381,11.67,1.0,106.56700000000001,2020,7,16,101.8,0.0,India_Averaged.csv
2020-07-17,0,84.0,50.3,8.0,7.4,17.4,6.4799999999999995,2.0,2.0,1.0,1.0,3.0,3.0,2.5,2.5,-3.5863954337046438,-0.6892862367592884,10.425956,0.09846916,-47.30843,8.939487,5.0,30.85,0.0,72.816,10.714000000000002,1.0,121.225,2020,7,17,84.0,0.0,India_Averaged.csv
2020-07-18,0,98.5,45.4,8.7,5.6,20.4,8.440000000000001,2.0,2.0,1.0,1.0,3.0,3.0,3.6,3.6,-3.6419787385981452,0.4210302368200159,11.257988,0.6261998,-48.764133,28.158344,5.0,31.415000000000003,0.0,71.717,9.491999999999999,1.0,144.487,2020,7,18,98.5,0.0,India_Averaged.csv
2020-07-19,0,85.6,35.0,8.2,7.4,16.2,3.9,2.0,2.0,1.0,1.0,3.0,3.0,1.4,1.4,-3.8442309314053205,-1.458645447637888,9.738718,-1.0715994,-55.212414,-18.792027,5.0,30.588,0.0,73.89500000000001,12.735000000000001,1.0,262.291,2020,7,19,85.6,0.0,India_Averaged.csv
2020-07-20,0,65.4,37.2,9.9,6.6,19.7,3.6,2.0,2.0,1.0,1.0,3.0,3.0,1.4,1.4,-4.175531848170398,-1.0197880266131638,10.080317,-0.9801203,-54.579906,-19.791285,5.0,29.511000000000003,0.0,73.66900000000001,11.620999999999999,1.0,228.87400000000002,2020,7,20,66.6,0.0,India_Averaged.csv
2020-07-21,0,63.0,35.3,8.8,6.1,15.4,3.7600000000000002,2.0,2.0,1.0,1.0,3.0,3.0,0.7,0.7,-4.484052830863937,-1.4106469332656104,9.826773,-1.6095343,-61.079395,-25.497711,5.0,28.708,0.0,75.834,9.845,1.0,206.967,2020,7,21,63.0,0.0,India_Averaged.csv
2020-07-22,0,66.5,35.4,8.7,5.7,12.1,3.22,2.0,2.0,1.0,1.0,3.0,3.0,0.0,0.0,-4.5527335881479,-1.8237378447313568,9.727229,-2.4582474,-73.52333,-29.718262,5.0,27.639999999999997,0.0,80.729,10.364,1.0,261.909,2020,7,22,66.5,0.0,India_Averaged.csv
2020-07-23,0,64.2,51.0,13.9,6.8,20.9,3.8,1.6,1.6,1.2,1.2,2.6,2.6,0.8,0.8,-3.6094375474901077,-0.7790306854263979,10.105588,-0.42868367,-48.964314,-18.540333,5.0,29.063,0.0,74.591,8.533,1.0,229.47799999999998,2020,7,23,69.6,0.0,India_Averaged.csv
2020-07-24,0,85.5,48.7,13.4,6.8,18.8,5.9,1.8,1.8,1.1,1.1,2.7,2.7,1.9,1.9,-3.28552711102258,-0.5118692869370965,9.958537,-0.20252104,-48.57726,-12.155772,5.0,28.574,0.0,78.782,8.633999999999999,1.0,164.716,2020,7,24,86.7,0.0,India_Averaged.csv
2020-07-25,0,90.3,41.8,11.8,4.7,16.9,3.2,2.0,2.0,1.0,1.0,3.0,3.0,1.5,1.5,-3.915250838356166,-0.9815201698793949,9.979141,-0.6631997,-54.779144,-13.615367,5.0,28.621,0.0,80.637,8.459,1.0,133.779,2020,7,25,90.3,0.0,India_Averaged.csv
2020-07-26,0,75.7,48.36,12.32,7.340000000000001,19.080000000000002,3.56,1.8,1.8,1.1,1.1,2.7,2.7,0.2,0.2,-3.4772017961695623,-1.1256598039273982,10.2712755,-0.57038665,-52.32367,-14.069455,5.0,29.873,0.0,77.091,5.898,1.0,181.725,2020,7,26,75.8,0.0,India_Averaged.csv
2020-07-27,0,87.84,52.3,11.8,6.6,18.1,7.5,2.0,2.0,1.0,1.0,2.7,2.7,1.9,1.9,-3.3302763561026807,-0.19459706339493169,10.28245,0.1850181,-49.21341,-4.6451845,5.0,30.901999999999997,0.0,70.49199999999999,11.995000000000001,1.0,270.62600000000003,2020,7,27,87.84,0.0,India_Averaged.csv
2020-07-28,0,80.2,42.8,9.5,5.5,18.4,3.6,2.0,2.0,1.0,1.0,3.0,3.0,1.4,1.4,-4.076738753770478,-0.906961308086211,10.419244,-1.5952535,-65.678215,-11.527906,5.0,31.341,0.0,66.635,12.992,1.0,243.679,2020,7,28,80.2,0.0,India_Averaged.csv
2020-07-29,0,64.2,42.3,8.8,5.7,16.7,4.5,2.0,2.0,1.0,1.0,3.0,3.0,2.5,2.5,-4.401154954134569,-0.9928967580411102,10.572998,-1.074132,-62.27854,-4.3021975,5.0,29.552999999999997,0.0,76.66600000000001,10.622,1.0,176.512,2020,7,29,64.2,0.0,India_Averaged.csv
2020-07-30,0,70.5,38.9,9.7,5.5,15.2,3.2,2.0,2.0,1.0,1.0,3.0,3.0,0.0,0.0,-4.348731973379352,-1.4038301887571853,9.7337885,-2.010752,-64.0973,-42.022484,5.0,28.389,0.0,82.577,6.286,1.0,171.088,2020,7,30,70.5,0.0,India_Averaged.csv
2020-07-31,0,65.0,49.3,10.8,6.2,22.3,3.0,2.0,2.0,1.0,1.0,3.0,3.0,0.7,0.7,-3.974209242631079,-0.7199620743920258,10.63595,-1.0715157,-55.377125,-9.315267,5.0,28.838,0.0,83.424,6.815,1.0,176.68699999999998,2020,7,31,66.9,0.0,India_Averaged.csv
2020-08-01,0,89.3,47.1,10.2,7.6,18.0,3.4,2.0,2.0,1.0,1.0,2.7,2.7,0.8,0.8,-3.3708857654668996,-1.312855875173408,10.015437,-0.73403054,-56.66612,-19.98655,5.0,29.121999999999996,0.0,82.34400000000001,6.0,1.0,196.3,2020,8,1,89.3,0.0,India_Averaged.csv
2020-08-02,0,83.2,41.6,9.0,6.3,12.9,3.5,2.0,2.0,1.0,1.0,3.0,3.0,0.0,0.0,-3.985382558950061,-1.696089381450238,9.488807,-1.9675869,-62.744667,-33.818962,5.0,30.717999999999996,0.0,74.38,9.083,1.0,259.981,2020,8,2,83.2,0.0,India_Averaged.csv
2020-08-03,0,68.4,42.8,8.9,4.8,14.1,3.7,2.0,2.0,1.0,1.0,3.0,3.0,0.0,0.0,-4.5309033783822334,-1.2897136050850957,9.750616,-2.2966442,-71.31514,-35.482613,5.0,30.708,0.0,74.565,9.981,1.0,237.50500000000002,2020,8,3,69.2,0.0,India_Averaged.csv
2020-08-04,0,70.1,44.2,9.9,4.7,17.1,3.4,2.0,2.0,1.0,1.0,3.0,3.0,0.7,0.7,-4.389065407835746,-0.9769488961368958,10.085001,-1.7759281,-63.75006,-19.491154,5.0,31.042,0.0,74.271,7.348000000000001,1.0,219.75100000000003,2020,8,4,70.3,0.0,India_Averaged.csv
2020-08-05,0,73.2,52.1,11.4,8.5,13.3,6.6,2.0,2.0,1.0,1.0,2.7,2.7,1.2,1.2,-3.3238191224923073,-1.3181739136853579,10.170094,0.12108247,-53.16335,-14.648456,5.0,29.814999999999998,0.0,79.167,12.065999999999999,1.0,96.17,2020,8,5,74.5,0.0,India_Averaged.csv
2020-08-06,0,90.0,38.7,8.1,4.9,14.6,6.1,2.0,2.0,1.0,1.0,3.0,3.0,1.9,1.9,-4.198405808141672,-0.6892329706636924,10.210947,-1.1772922,-66.17149,-3.5063033,5.0,29.613999999999997,0.0,75.66900000000001,22.494999999999997,1.0,94.098,2020,8,6,90.0,0.0,India_Averaged.csv
2020-08-07,0,65.2,36.0,9.1,5.8,15.5,3.8,2.0,2.0,1.0,1.0,2.7,2.7,0.8,0.8,-4.467455796696802,-1.3255476250159801,9.531361,-2.176619,-72.36208,-24.924885,5.0,29.130000000000003,0.0,81.163,12.035,1.0,129.98700000000002,2020,8,7,65.2,0.0,India_Averaged.csv
2020-08-08,0,69.0,52.0,13.5,5.8,21.6,4.1,2.0,2.0,1.0,1.0,2.7,2.7,2.4,2.4,-3.7227180080376145,-0.4422165287424269,10.482111,-0.369104,-49.154465,-2.46454,5.0,29.303999999999995,0.0,80.258,7.039,1.0,215.103,2020,8,8,70.3,0.0,India_Averaged.csv
2020-08-09,0,97.9,38.6,10.1,6.3,14.3,3.2,2.0,2.0,1.0,1.0,2.7,2.7,0.8,0.8,-3.6665252925532053,-1.5658653903012616,9.487642,-0.9163041,-51.37146,-24.157154,5.0,28.778,0.0,83.704,7.898000000000001,1.0,181.141,2020,8,9,97.9,0.0,India_Averaged.csv
2020-08-10,0,75.7,38.2,8.0,6.0,11.5,3.2,2.0,2.0,1.0,1.0,3.0,3.0,0.0,0.0,-4.33727370066495,-1.9143818841021958,9.151155,-2.3693984,-65.62372,-45.545586,5.0,28.242,0.0,86.616,8.298,1.0,180.47,2020,8,10,75.7,0.0,India_Averaged.csv
2020-08-11,0,76.4,49.6,11.5,8.9,13.4,3.6399999999999997,2.0,2.0,1.0,1.0,2.7,2.7,0.8,0.8,-3.2597966502791507,-2.026925850458035,9.543852,-0.27597374,-45.15778,-23.859324,5.0,28.214,0.0,87.11,9.483,1.0,255.90500000000003,2020,8,11,76.4,0.0,India_Averaged.csv
2020-08-12,0,98.5,41.2,8.7,4.5,13.3,3.1,2.0,2.0,1.0,1.0,3.0,3.0,0.1,0.1,-4.094113803918077,-1.381355519020774,9.504629,-1.5483421,-63.486927,-16.094799,5.0,29.108000000000004,0.0,82.49300000000001,11.104,1.0,242.906,2020,8,12,98.5,0.0,India_Averaged.csv
2020-08-13,0,70.9,28.8,10.2,6.5,8.5,3.3,2.0,2.0,1.0,1.0,3.0,3.0,0.1,0.1,-4.346278208899589,-2.3638580746607887,8.791727,-2.219317,-61.546356,-54.36209,5.0,26.738,0.0,91.28699999999999,9.356,1.0,139.91,2020,8,13,70.9,0.0,India_Averaged.csv
2020-08-14,0,54.9,35.2,9.6,6.5,8.9,3.3,2.0,2.0,1.0,1.0,3.0,3.0,0.0,0.0,-4.578339765249237,-2.3382515512860125,9.043747,-2.549513,-70.06609,-45.769344,5.0,27.035000000000004,0.0,90.23299999999999,10.921999999999999,1.0,164.745,2020,8,14,54.9,0.0,India_Averaged.csv
2020-08-15,0,65.9,38.8,7.459999999999999,4.279999999999999,11.3,3.18,2.0,2.0,1.0,1.0,3.0,3.0,0.0,0.0,-4.897702266982992,-1.6685369647846362,9.29162,-2.8171136,-76.93117,-32.911068,5.0,28.326,0.0,86.274,9.702000000000002,1.0,152.73899999999998,2020,8,15,66.4,0.0,India_Averaged.csv
2020-08-16,0,92.6582284118052,44.78224058029418,8.975631236617783,5.7462042997692215,13.64152624365073,3.2553042899900233,2.0,2.0,1.0,1.0,2.7,2.7,0.2,0.2,-3.866050595062716,-1.5251108649531508,7.6050186,-1.4436715,-61.40978,-35.54422,5.0,28.360000000000003,0.0,86.791,8.149,1.0,169.935,2020,8,16,92.6582284118052,0.0,India_Averaged.csv
2020-08-17,0,82.6582284118052,52.982240580294174,11.675631236617784,8.346204299769221,15.441526243650731,3.4553042899900235,2.0,2.0,1.0,1.0,2.4,2.4,0.9,0.9,-3.1647872922931044,-1.7017216894757723,7.8537064,-0.64070714,-48.30375,-36.937782,5.0,28.703000000000003,0.0,85.982,7.194000000000001,1.0,163.32,2020,8,17,82.6582284118052,0.0,India_Averaged.csv
2020-08-18,0,94.36,48.160000000000004,12.32,8.540000000000001,10.08,3.4,1.9,1.9,0.9,0.9,2.4,2.4,0.2,0.2,-3.003953177992668,-2.3420069220605595,8.79103,-0.8419043,-48.594585,-45.85221,5.0,28.779000000000003,0.0,85.458,6.720000000000001,1.0,232.743,2020,8,18,94.36,0.0,India_Averaged.csv
2020-08-19,0,76.92,39.0,12.7,14.5,11.3,3.3,1.9,1.9,0.9,0.9,2.2,2.2,1.1,1.1,-2.2385496600145047,-3.366343286968174,9.377062,0.4630212,-38.97146,-39.247505,5.0,26.669,0.0,91.505,7.771000000000001,1.0,187.61399999999998,2020,8,19,82.62,0.0,India_Averaged.csv
2020-08-20,0,70.4,35.5,10.9,8.8,18.2,3.2,1.8,1.8,1.1,1.1,2.6,2.6,1.5,1.5,-3.616894114835175,-1.6508831097102885,9.868395,-0.026158977,-41.164288,-18.904778,5.0,26.417,0.0,90.87899999999999,8.446,1.0,103.55699999999999,2020,8,20,70.4,0.0,India_Averaged.csv
2020-08-21,0,68.0,42.6,8.540000000000001,7.5,22.1,3.5,1.8,1.8,1.1,1.1,2.9,2.9,1.1,1.1,-3.934922071006517,-0.9041370697993021,10.280886,-1.0918592,-55.779907,-18.892704,5.0,28.103999999999996,0.0,80.6,12.342,1.0,102.73300000000002,2020,8,21,68.1,0.0,India_Averaged.csv
2020-08-22,0,73.0,36.2,6.3,6.9,34.0,2.8,1.6,1.6,1.2,1.2,2.8,2.8,0.7,0.7,-4.107061503442442,0.36662703114201795,10.948085,-0.5593146,-55.87456,8.506775,5.0,27.833000000000006,0.0,80.234,15.825999999999999,1.0,120.68699999999998,2020,8,22,82.4,0.0,India_Averaged.csv
2020-08-23,0,61.7,37.28,7.640000000000001,4.9,19.1,2.5,1.8,1.8,1.1,1.1,2.9,2.9,0.4,0.4,-4.779284235702465,-1.0577887314053274,10.079409,-1.8007834,-61.85565,-17.412746,5.0,27.429000000000002,0.0,84.091,15.942000000000002,1.0,116.76700000000001,2020,8,23,67.58,0.0,India_Averaged.csv
2020-08-24,0,77.62,41.54,8.1,4.9799999999999995,16.7,2.5,1.8,1.8,1.1,1.1,2.9,2.9,0.4,0.4,-4.3924728232132875,-1.2741483166038783,9.555887,-1.9224346,-63.573883,-31.471539,5.0,27.176,0.0,84.107,14.955000000000002,1.0,142.46800000000002,2020,8,24,77.62,0.0,India_Averaged.csv
2020-08-25,0,72.24,50.1,9.5,5.3,17.0,2.4,1.8,1.8,1.1,1.1,2.9,2.9,0.5,0.5,-4.178718269511943,-1.2808695792833886,9.448776,-1.4008167,-59.334007,-33.03556,5.0,27.527000000000005,0.0,82.366,11.919,1.0,180.001,2020,8,25,85.74,0.0,India_Averaged.csv
2020-08-26,0,61.7,48.8,11.0,5.6,10.9,3.4,2.0,2.0,1.0,1.0,3.0,3.0,0.1,0.1,-4.278400201758386,-1.8333358636922525,8.665705,-1.8016217,-63.806408,-41.66214,5.0,28.167,0.0,79.163,9.622,1.0,244.147,2020,8,26,64.8,0.0,India_Averaged.csv
2020-08-27,0,61.1,48.3,10.1,6.9,15.2,5.1,2.0,2.0,1.0,1.0,3.0,3.0,1.9,1.9,-4.029375617891068,-1.2126889032715469,9.7452965,-0.88345796,-47.10755,-28.250324,5.0,28.047999999999995,0.0,81.704,7.2459999999999996,1.0,237.08100000000005,2020,8,27,63.2,0.0,India_Averaged.csv
2020-08-28,0,67.7,56.5,13.8,6.8,14.8,3.5,2.0,2.0,1.0,1.0,3.0,3.0,0.9,0.9,-3.5391860075645765,-1.501979055438461,9.21023,-0.57958585,-44.766876,-48.880898,5.0,27.799,0.0,84.78399999999999,6.532000000000001,1.0,204.58499999999998,2020,8,28,74.6,0.0,India_Averaged.csv
2020-08-29,0,82.7,52.4,10.9,7.3,15.4,4.4,2.0,2.0,1.0,1.0,2.7,2.7,0.9,0.9,-3.4292959195499635,-1.3245363790062499,9.6481,-0.6825369,-53.67697,-19.707804,5.0,27.998,0.0,82.329,9.523,1.0,126.56199999999998,2020,8,29,82.7,0.0,India_Averaged.csv
2020-08-30,0,91.2,33.2,7.4,4.5,12.3,3.7,2.0,2.0,1.0,1.0,3.0,3.0,0.0,0.0,-4.462407276693088,-1.4343447808968939,9.101738,-1.8150322,-62.115387,-25.411585,5.0,26.887,0.0,83.85099999999998,17.781,1.0,121.383,2020,8,30,91.2,0.0,India_Averaged.csv
2020-08-31,0,67.3,29.5,8.0,6.9,11.4,3.8,2.0,2.0,1.0,1.0,3.0,3.0,0.0,0.0,-4.446982218741718,-2.0196968620923266,8.875741,-2.1660447,-64.35216,-36.56024,5.0,27.01,0.0,80.19500000000001,14.55,1.0,169.804,2020,8,31,67.3,0.0,India_Averaged.csv
2020-09-01,0,52.52,38.9,10.1,5.5,12.9,4.3,2.0,2.0,1.0,1.0,3.0,3.0,0.0,0.0,-4.662091602682596,-1.4735573403112074,9.225714,-1.7355705,-58.928303,-41.72232,5.0,27.666000000000004,0.0,77.40299999999999,10.845,1.0,220.13899999999998,2020,9,1,54.42,0.0,India_Averaged.csv
2020-09-02,0,59.4,51.2,12.2,9.5,20.4,3.8,2.0,2.0,1.0,1.0,2.4,2.4,2.4,2.4,-3.288633164856626,-1.3375352736948296,10.023471,0.4537374,-46.209312,-24.592474,5.0,28.038,0.0,80.951,6.166,1.0,217.74099999999999,2020,9,2,62.3,0.0,India_Averaged.csv
2020-09-03,0,77.53999999999999,53.2,10.3,7.0,13.0,3.3,2.0,2.0,1.0,1.0,3.0,3.0,0.7,0.7,-3.662209126550401,-1.8010678965415619,9.337467,-1.3538221,-51.633797,-39.16706,5.0,27.406,0.0,85.367,9.105,1.0,140.07999999999998,2020,9,3,78.34,0.0,India_Averaged.csv
2020-09-04,0,85.7,52.8,13.3,7.1,8.9,4.4,2.0,2.0,1.0,1.0,2.7,2.7,1.0,1.0,-3.301813447872328,-1.9985690794593964,8.641059,-0.92117196,-45.543816,-39.45147,5.0,27.839,0.0,84.32000000000001,7.995,1.0,191.704,2020,9,4,85.7,0.0,India_Averaged.csv
2020-09-05,0,84.1,53.44,12.5,5.6,18.9,3.7,1.8,1.8,1.1,1.1,3.0,3.0,1.5,1.5,-3.574158734055691,-0.758689424074607,9.737675,-0.3867099,-48.86444,-13.209973,5.0,27.802,0.0,84.649,6.531000000000001,1.0,238.90500000000003,2020,9,5,86.4,0.0,India_Averaged.csv
2020-09-06,0,79.2,58.44,15.5,6.3,18.1,4.1,1.7,1.7,1.0,1.0,2.6,2.6,1.7,1.7,-3.2174230069848226,-0.8512113262949594,9.266864,-0.09540395,-43.42052,-20.539774,5.0,27.813,0.0,83.903,6.491,1.0,267.956,2020,9,6,85.53999999999999,0.0,India_Averaged.csv
2020-09-07,0,82.3,57.3,15.3,7.5,21.4,6.1,1.8,1.8,1.1,1.1,2.9,2.9,2.3,2.3,-2.8846745387913932,-0.24785533682982858,9.867691,1.2025942,-24.347181,-21.45517,5.0,27.970999999999997,0.0,83.904,6.389,1.0,268.904,2020,9,7,83.9,0.0,India_Averaged.csv
2020-09-08,0,98.5,56.0,13.5,6.8,15.2,3.3,1.8,1.8,1.1,1.1,2.6,2.6,0.9,0.9,-2.998717138883479,-1.415877795680822,8.927968,0.07028773,-39.43345,-31.692036,5.0,28.394,0.0,81.564,6.67,1.0,288.999,2020,9,8,98.5,0.0,India_Averaged.csv
2020-09-09,0,78.5,68.2,13.6,8.4,16.9,4.0,1.8,1.8,1.1,1.1,2.6,2.6,0.8,0.8,-2.809601968497703,-1.3486126251095834,9.500317,-0.13251267,-36.56249,-30.073587,5.0,28.918,0.0,77.966,7.005,1.0,297.692,2020,9,9,82.8,0.0,India_Averaged.csv
2020-09-10,0,111.0,73.5,12.0,6.1,17.6,4.2,1.8,1.8,1.1,1.1,2.7,2.7,1.0,1.0,-2.69388526092591,-0.7132074640278957,9.285097,0.81851673,-31.916935,-4.288686,5.0,29.167,0.0,74.80499999999999,8.315000000000001,1.0,274.84000000000003,2020,9,10,114.7,0.0,India_Averaged.csv
2020-09-11,0,108.7,70.6,17.1,8.1,17.4,4.3,1.8,1.8,1.1,1.1,2.1,2.1,0.5,0.5,-1.9947995334501218,-1.0462646530749953,9.571277,1.4079583,-19.590733,-13.163803,5.0,29.575,0.0,72.926,6.661999999999999,1.0,209.531,2020,9,11,108.7,0.0,India_Averaged.csv
2020-09-12,0,110.3,72.3,17.1,7.7,26.2,4.6,1.6,1.6,1.2,1.2,2.5,2.5,2.4,2.4,-1.9085261908107696,0.10318268230279651,10.261998,1.7019951,-22.778744,-0.294722,5.0,29.794999999999998,0.0,71.488,6.388,1.0,173.118,2020,9,12,110.3,0.0,India_Averaged.csv
2020-09-13,0,121.64000000000001,74.1,14.3,7.7,22.6,4.4,1.8,1.8,1.1,1.1,2.6,2.6,1.4,1.4,-1.9284532130933791,-0.33052566360649427,10.320096,1.481036,-30.513193,18.030415,5.0,29.595,0.0,72.838,5.598999999999999,1.0,120.39500000000001,2020,9,13,121.64000000000001,0.0,India_Averaged.csv
2020-09-14,0,132.0,77.0,15.5,12.2,21.5,4.3,1.6,1.6,0.9,0.9,2.0,2.0,3.9,3.9,-0.7093651563978016,-1.215723941792484,10.319246,2.6723466,-20.92313,-3.9512858,5.0,29.628000000000004,0.0,73.29100000000001,5.7490000000000006,1.0,182.388,2020,9,14,132.0,0.0,India_Averaged.csv
2020-09-15,0,135.0,75.2,15.8,8.5,27.6,4.7,1.4,1.4,1.3,1.3,1.9,1.9,3.5,3.5,-1.3245712034514008,0.21877975725390328,10.529841,2.2585816,-18.419619,17.68032,5.0,30.271000000000004,0.0,69.417,6.842999999999999,1.0,234.44899999999998,2020,9,15,135.0,0.0,India_Averaged.csv
2020-09-16,0,130.4,84.6,15.2,6.9,26.3,4.4,1.6,1.6,1.2,1.2,2.0,2.0,3.5,3.5,-1.6423228191477677,0.3147437065948272,10.792448,2.297114,-19.558765,24.123974,5.0,30.859,0.0,65.48599999999999,7.631,1.0,284.471,2020,9,16,130.4,0.0,India_Averaged.csv
2020-09-17,0,128.2,70.2,12.8,6.4,18.9,5.0200000000000005,1.8,1.8,1.1,1.1,2.3,2.3,1.7,1.7,-2.281173137994486,-0.39873497326441265,10.0010605,1.1286628,-31.147617,7.4638352,5.0,31.173000000000002,0.0,62.77,10.982000000000001,1.0,288.134,2020,9,17,128.2,0.0,India_Averaged.csv
2020-09-18,0,111.2,67.9,12.4,5.9,16.6,4.3,2.0,2.0,1.0,1.0,2.7,2.7,1.6,1.6,-2.8020165921135503,-0.7934020386018583,9.700323,0.32720727,-41.643784,-2.5656502,5.0,31.075,0.0,63.266999999999996,9.448,1.0,286.979,2020,9,18,111.2,0.0,India_Averaged.csv
2020-09-19,0,95.9,69.8,13.9,9.6,24.4,4.9399999999999995,1.6,1.6,1.2,1.2,2.5,2.5,2.0,2.0,-2.0948836949077743,-0.44087634846534884,10.194031,1.7764063,-22.54598,-2.5766196,5.0,30.455000000000002,0.0,68.74199999999999,7.210000000000001,1.0,222.988,2020,9,19,98.3,0.0,India_Averaged.csv
2020-09-20,0,111.8,74.3,14.7,7.6,28.4,6.74,1.4,1.4,1.3,1.3,2.8,2.8,3.7,3.7,-1.9935258216935303,0.8340800107807578,10.281847,1.8449558,-25.419163,14.854184,5.0,30.094,0.0,66.346,8.741999999999999,1.0,226.26100000000002,2020,9,20,114.5,0.0,India_Averaged.csv
2020-09-21,0,121.9,79.6,14.5,6.6,36.0,6.3,1.6,1.6,1.2,1.2,2.8,2.8,4.1,4.1,-1.8518043369211052,1.8314085476981272,11.544179,2.8690553,-17.55035,40.46714,5.0,30.505000000000003,0.0,62.096000000000004,7.920999999999999,1.0,146.469,2020,9,21,121.9,0.0,India_Averaged.csv
2020-09-22,0,126.7,63.7,15.2,6.7,20.9,5.5,2.0,2.0,1.0,1.0,2.7,2.7,4.0,4.0,-2.141468150958198,-0.13610947999056064,10.337747,1.6750562,-29.01994,12.985835,5.0,29.691000000000003,0.0,71.48400000000001,8.885,1.0,110.673,2020,9,22,126.7,0.0,India_Averaged.csv
2020-09-23,0,98.7,52.5,14.0,6.5,20.5,5.5,2.0,2.0,1.0,1.0,2.7,2.7,2.6,2.6,-2.9792135762616794,-0.2917376745419811,10.419624,0.5689602,-44.97228,8.804469,5.0,29.094,0.0,74.038,7.495,1.0,137.221,2020,9,23,98.7,0.0,India_Averaged.csv
2020-09-24,0,79.9,59.4,14.9,7.1,28.3,5.4,1.6,1.6,1.2,1.2,2.5,2.5,1.7,1.7,-2.9335534600144664,0.4539840224264398,10.807313,1.3105053,-34.100727,20.206755,5.0,29.474,0.0,67.554,9.165,1.0,210.72200000000004,2020,9,24,81.3,0.0,India_Averaged.csv
2020-09-25,0,98.2,72.9,17.0,7.9,26.6,4.9,1.6,1.6,1.2,1.2,2.2,2.2,2.7,2.7,-2.0808424583342635,0.14617875183605525,10.289606,1.6179025,-22.932804,9.020689,5.0,29.818,0.0,59.81700000000001,11.586,1.0,270.21999999999997,2020,9,25,99.6,0.0,India_Averaged.csv
2020-09-26,0,114.4,82.0,17.7,7.5,15.8,5.3,1.9,1.9,0.9,0.9,1.8,1.8,2.1,2.1,-1.781692253866807,-0.8268373024601898,9.453594,1.8197443,-19.666042,-10.210222,5.0,28.292,0.0,62.867,10.306000000000001,1.0,273.257,2020,9,26,116.5,0.0,India_Averaged.csv
2020-09-27,0,114.8,67.2,15.4,6.3,23.2,4.7,1.6,1.6,1.2,1.2,2.2,2.2,2.0,2.0,-2.3535952241577776,0.004973225020349881,10.2787075,1.5630825,-31.365086,9.129721,5.0,27.932,0.0,63.903,8.381,1.0,280.063,2020,9,27,114.8,0.0,India_Averaged.csv
2020-09-28,0,90.5,90.7,19.1,7.6,23.3,5.5,1.6,1.6,1.2,1.2,2.2,2.2,2.1,2.1,-1.8622870550444426,0.03640910529173188,10.350466,2.02391,-20.108448,-0.58093107,5.0,28.062,0.0,58.315999999999995,9.488,1.0,292.917,2020,9,28,104.7,0.0,India_Averaged.csv
2020-09-29,0,134.0,103.4,18.0,7.8,26.2,5.9,1.6,1.6,1.2,1.2,1.6,1.6,3.6,3.6,-0.8529715067862209,0.5976760675114592,10.265022,3.8447125,-4.811032,27.260517,5.0,27.813,0.0,55.397000000000006,9.801,1.0,286.20899999999995,2020,9,29,139.6,0.0,India_Averaged.csv
2020-09-30,0,129.0,87.5,18.9,6.8,25.7,5.3,1.6,1.6,1.2,1.2,1.9,1.9,2.6,2.6,-1.3527518041372217,0.5006044644602812,10.397671,2.9706063,-5.525737,10.842695,5.0,27.916999999999994,0.0,51.641,10.781,1.0,293.229,2020,9,30,129.0,0.0,India_Averaged.csv
2020-10-01,0,123.6,87.2,19.8,8.2,25.6,5.4,1.6,1.6,1.2,1.2,1.9,1.9,2.8,2.8,-1.1077328080421665,0.2547794345285007,10.475155,2.9914293,-6.3315945,16.663584,5.0,28.372999999999998,0.0,54.101,11.303,1.0,297.20799999999997,2020,10,1,124.2,0.0,India_Averaged.csv
2020-10-02,0,125.5,91.0,19.6,7.0,30.2,4.8,1.6,1.6,1.2,1.2,1.9,1.9,2.6,2.6,-1.220429195404139,0.8801545800767905,10.827477,2.9857802,-8.73231,19.699171,5.0,27.93,0.0,53.827,9.559999999999999,1.0,270.98,2020,10,2,126.2,0.0,India_Averaged.csv
2020-10-03,0,141.06,88.4,21.2,8.0,29.5,5.8,1.5,1.5,1.1,1.1,1.6,1.6,2.8,2.8,-0.646301894229233,0.8884670867706224,10.713059,3.2347884,-7.8794746,21.30343,5.0,27.259999999999998,0.0,50.794999999999995,8.309,1.0,283.861,2020,10,3,141.06,0.0,India_Averaged.csv
2020-10-04,0,132.6,92.8,22.4,7.8,37.9,5.8,1.1,1.1,1.3,1.3,1.5,1.5,3.5,3.5,-0.5794209951677816,1.8852096731808536,11.281815,4.0333385,2.6815114,33.605404,5.0,26.818,0.0,50.337,9.323,1.0,273.923,2020,10,4,133.2,0.0,India_Averaged.csv
2020-10-05,0,134.0,95.1,22.1,7.8,34.0,5.3,1.5,1.5,1.1,1.1,1.9,1.9,3.5,3.5,-0.5924283383406987,1.3453239860181174,10.972101,3.9582067,1.2621552,28.562521,5.0,26.883,0.0,48.116,10.144,1.0,292.82,2020,10,5,134.0,0.0,India_Averaged.csv
2020-10-06,0,125.1,100.1,24.2,9.9,28.4,5.7,1.5,1.5,1.1,1.1,1.6,1.6,2.8,2.8,-0.15444032126736246,0.4419355696703152,10.275459,3.8367114,4.151223,16.409483,5.0,26.905,0.0,50.59,9.129,1.0,257.60499999999996,2020,10,6,125.5,0.0,India_Averaged.csv
2020-10-07,0,135.7,103.8,25.0,8.9,33.6,6.6,1.3,1.3,1.0,1.0,1.6,1.6,4.4,4.4,0.037572827372040596,1.4611668458092022,10.337356,4.207162,9.878803,18.708717,5.0,26.993000000000002,0.0,51.597,7.564,1.0,233.064,2020,10,7,138.6,0.0,India_Averaged.csv
2020-10-08,0,140.0,104.9,26.0,11.6,38.0,7.24,1.2,1.2,1.1,1.1,1.6,1.6,5.1,5.1,0.8148883089216703,1.6520226169990853,11.309584,4.7463617,10.025655,39.523968,5.0,27.312,0.0,50.403,6.698,1.0,229.66799999999998,2020,10,8,140.0,0.0,India_Averaged.csv
2020-10-09,0,139.2,107.9,24.6,10.8,34.0,5.9,1.1,1.1,1.3,1.3,1.6,1.6,3.5,3.5,0.5148026375085694,1.046077694988871,11.025755,4.087699,3.6739717,25.006142,5.0,27.157,0.0,51.758,5.968999999999999,1.0,218.02399999999997,2020,10,9,140.1,0.0,India_Averaged.csv
2020-10-10,0,144.5,126.2,22.2,10.1,34.6,6.2,1.2,1.2,1.4,1.4,1.3,1.3,2.0,2.0,0.6007788003847241,1.3887219371092194,10.60841,4.252099,4.6853323,23.926613,5.0,27.209000000000003,0.0,49.82,7.55,1.0,240.962,2020,10,10,159.2,0.0,India_Averaged.csv
2020-10-11,0,146.6,105.9,21.8,9.1,34.2,6.12,1.3,1.3,1.2,1.2,1.6,1.6,3.5,3.5,0.06995186825564845,1.40550772644769,10.831242,3.9497828,-0.17175063,28.469553,5.0,27.456,0.0,49.435,6.865,1.0,211.545,2020,10,11,146.6,0.0,India_Averaged.csv
2020-10-12,0,151.5,122.8,26.8,12.3,44.9,6.9,0.9,0.9,1.4,1.4,2.0,2.0,5.0,5.0,1.5994316613094994,2.365998614160649,11.199502,4.7150536,10.723414,31.08605,5.0,27.037,0.0,53.617000000000004,6.452,1.0,112.95600000000002,2020,10,12,156.0,0.0,India_Averaged.csv
2020-10-13,0,163.5,127.8,22.6,14.1,31.9,6.3,1.2,1.2,1.1,1.1,1.8,1.8,4.4,4.4,1.7809535580271922,0.46567767782179903,10.619931,4.8312497,9.786947,17.582438,5.0,27.421,0.0,54.592,7.676,1.0,115.26499999999999,2020,10,13,167.7,0.0,India_Averaged.csv
2020-10-14,0,154.8,126.1,22.1,12.9,36.46,7.0,1.0,1.0,1.2,1.2,1.7,1.7,5.2,5.2,1.3777599362136181,1.3109650901664458,11.524908,4.584308,6.036626,40.447514,5.0,27.859,0.0,60.375,7.688,1.0,68.34400000000001,2020,10,14,161.8,0.0,India_Averaged.csv
2020-10-15,0,161.1,138.8,22.7,13.0,36.3,6.9,1.2,1.2,0.8,0.8,1.7,1.7,6.7,6.7,1.764783628048113,1.3383409612158759,11.330007,5.320045,15.369253,40.427963,5.0,27.363,0.0,54.897000000000006,9.290000000000001,1.0,124.229,2020,10,15,168.5,0.0,India_Averaged.csv
2020-10-16,0,182.8,122.8,27.7,12.5,28.6,6.7,1.3,1.3,0.6,0.6,1.3,1.3,7.6,7.6,2.0902220110623526,0.5317107323249348,10.655419,5.289176,21.820103,19.61485,5.0,26.772,0.0,48.577,7.9159999999999995,1.0,148.408,2020,10,16,182.8,0.0,India_Averaged.csv
2020-10-17,0,169.9,137.7,28.1,13.0,37.5,6.5,1.2,1.2,0.8,0.8,1.7,1.7,7.6,7.6,2.3295264512922196,1.4503870208598404,10.961111,5.5359387,19.169296,31.06571,5.0,27.156,0.0,51.522000000000006,7.097000000000001,1.0,153.97,2020,10,17,175.9,0.0,India_Averaged.csv
2020-10-18,0,170.2,118.7,22.8,9.9,31.2,5.2,1.1,1.1,1.0,1.0,1.4,1.4,5.2,5.2,0.9037769663055618,0.8611897845400878,10.678158,4.8038454,12.61882,21.716764,5.0,26.862000000000002,0.0,44.818999999999996,8.277999999999999,1.0,247.256,2020,10,18,170.2,0.0,India_Averaged.csv
2020-10-19,0,158.6,129.8,23.1,10.7,41.8,5.9,1.0,1.0,1.2,1.2,1.6,1.6,5.5,5.5,1.1908435094447518,2.101653172451468,11.41822,5.784881,23.837442,36.847862,5.0,25.574,0.0,46.962,8.344999999999999,1.0,246.33300000000003,2020,10,19,164.3,0.0,India_Averaged.csv
2020-10-20,0,159.0,127.6,27.1,11.7,34.5,6.9,1.3,1.3,0.9,0.9,1.7,1.7,5.1,5.1,1.5955031728359388,1.3367644349677001,10.92145,5.310187,19.01316,29.171795,5.0,25.644,0.0,45.417,7.842999999999999,1.0,182.178,2020,10,20,168.5,0.0,India_Averaged.csv
2020-10-21,0,160.2,137.66,27.7,14.7,29.8,5.9,1.3,1.3,0.9,0.9,1.6,1.6,6.1,6.1,2.359722571377959,0.11302905088216864,10.760661,5.626521,24.556314,24.802593,5.0,26.456,0.0,47.172,6.196,1.0,150.15,2020,10,21,177.66,0.0,India_Averaged.csv
2020-10-22,0,159.1,159.8,34.7,16.8,38.4,7.3,1.2,1.2,0.8,0.8,1.8,1.8,6.9,6.9,3.779838379886062,1.1881467770752443,10.937683,6.265877,30.819891,31.282848,5.0,26.090999999999998,0.0,45.099000000000004,7.361,1.0,125.88699999999999,2020,10,22,183.6,0.0,India_Averaged.csv
2020-10-23,0,185.0,184.0,33.4,15.0,38.6,7.1,1.2,1.2,0.8,0.8,1.8,1.8,5.5,5.5,4.1945224636477185,1.6667629327507705,10.6937685,6.381068,36.493317,26.209026,5.0,25.177,0.0,43.617000000000004,7.449000000000001,1.0,197.85399999999998,2020,10,23,208.3,0.0,India_Averaged.csv
2020-10-24,0,211.6,175.6,33.5,15.2,36.6,5.7,1.2,1.2,0.8,0.8,1.9,1.9,5.3,5.3,4.552393884325354,1.13471783235414,10.628699,6.4843493,32.610798,28.954754,5.0,25.161,0.0,41.596,7.220999999999999,1.0,223.17399999999998,2020,10,24,218.3,0.0,India_Averaged.csv
2020-10-25,0,198.0,179.4,33.9,16.9,42.5,5.9,1.2,1.2,0.8,0.8,1.8,1.8,5.3,5.3,4.807863970309741,1.5324042986181525,10.992922,6.371996,29.759872,34.510216,5.0,25.335,0.0,43.27,7.549000000000001,1.0,197.199,2020,10,25,217.3,0.0,India_Averaged.csv
2020-10-26,0,202.3,161.9,34.9,13.2,34.0,6.7,1.2,1.2,0.8,0.8,1.6,1.6,5.5,5.5,3.8449652347470846,1.3272061337386138,10.271839,6.146577,31.647303,20.97739,5.0,24.746000000000002,0.0,39.016,8.863,1.0,297.12,2020,10,26,206.4,0.0,India_Averaged.csv
2020-10-27,0,187.1,153.1,26.3,12.5,28.1,4.4,1.2,1.2,0.8,0.8,1.6,1.6,4.5,4.5,2.5198740942911084,0.12094461402287945,9.960353,5.5363626,14.936712,15.222789,5.0,23.154,0.0,35.675,9.759,1.0,257.734,2020,10,27,187.9,0.0,India_Averaged.csv
2020-10-28,0,196.7,173.3,33.2,16.6,31.5,6.6,1.2,1.2,0.8,0.8,1.6,1.6,6.8,6.8,4.449676432861258,0.4486191060951987,10.5615015,6.830794,39.34234,27.882696,5.0,23.272,0.0,42.08,5.964,1.0,231.535,2020,10,28,207.9,0.0,India_Averaged.csv
2020-10-29,0,196.1,223.5,43.2,18.2,33.4,9.6,1.2,1.2,0.5,0.5,1.7,1.7,7.6,7.6,6.410736734436152,1.362415759148646,10.716344,7.7507453,45.741253,36.454765,5.0,22.872999999999998,0.0,47.922000000000004,5.951,1.0,178.376,2020,10,29,244.5,0.0,India_Averaged.csv
2020-10-30,0,234.3,208.5,33.0,16.1,25.2,7.1,1.4,1.4,0.4,0.4,1.7,1.7,5.6,5.6,5.538594799235873,0.2089578061716809,9.753031,7.313609,43.31881,16.784454,5.0,22.259999999999998,0.0,42.301,8.733,1.0,245.737,2020,10,30,248.7,0.0,India_Averaged.csv
2020-10-31,0,222.1,242.8,29.7,15.1,27.9,7.2,1.2,1.2,0.5,0.5,1.4,1.4,3.4,3.4,5.456277721254933,0.8196716830959712,9.477893,7.813329,55.989246,13.106882,5.0,22.113999999999997,0.0,36.268,10.326,1.0,272.671,2020,10,31,252.4,0.0,India_Averaged.csv
2020-11-01,0,256.7,216.0,27.0,14.4,30.3,7.1,1.3,1.3,0.6,0.6,1.6,1.6,4.2,4.2,5.338026128858717,1.1416923065014648,9.675997,7.5352983,50.837822,13.779399,5.0,21.457,0.0,32.652,9.581999999999999,1.0,267.28700000000003,2020,11,1,263.5,0.0,India_Averaged.csv
2020-11-02,0,231.6,147.8,30.0,16.6,25.4,7.2,1.3,1.3,0.6,0.6,1.9,1.9,4.7,4.7,4.369733926893507,-0.16255220447778274,9.629839,6.9691787,43.24707,9.686468,5.0,21.734,0.0,32.279,8.576,1.0,269.517,2020,11,2,231.6,0.0,India_Averaged.csv
2020-11-03,0,174.9,141.9,32.6,17.1,22.8,7.4,1.3,1.3,0.6,0.6,1.6,1.6,5.5,5.5,3.494812948401961,-0.6747240372089863,9.886121,6.075727,31.04213,8.541516,5.0,21.503,0.0,35.045,7.691,1.0,260.76800000000003,2020,11,3,179.6,0.0,India_Averaged.csv
2020-11-04,0,160.6,275.0,36.7,18.0,18.1,7.3,1.4,1.4,0.4,0.4,1.5,1.5,5.1,5.1,5.846609155475199,-0.7481518143100733,9.515249,7.2942743,49.148476,9.615143,5.0,21.492,0.0,39.763,8.531,1.0,273.102,2020,11,4,286.6,0.0,India_Averaged.csv
2020-11-05,0,269.2,232.5,35.6,18.5,28.9,7.7,1.3,1.3,0.3,0.3,1.5,1.5,3.7,3.7,7.309902511546544,0.5774799930050192,9.678847,7.783544,55.737793,16.693949,5.0,22.296999999999997,0.0,41.779,7.156000000000001,1.0,242.77100000000004,2020,11,5,274.8,0.0,India_Averaged.csv
2020-11-06,0,254.5,228.5,39.7,18.8,25.5,7.4,1.4,1.4,0.4,0.4,1.5,1.5,3.9,3.9,7.300317368170852,0.04304380243605094,9.776364,7.8156495,54.82561,12.270098,5.0,22.008999999999997,0.0,42.527,7.545,1.0,243.615,2020,11,6,272.9,0.0,India_Averaged.csv
2020-11-07,0,241.1,273.3,39.2,17.5,33.0,6.5,1.3,1.3,0.3,0.3,1.2,1.2,3.7,3.7,7.563518544870995,1.1035960949471142,10.089421,7.9626656,52.807106,20.689653,5.0,21.785,0.0,42.851,8.178999999999998,1.0,239.99499999999998,2020,11,7,287.6,0.0,India_Averaged.csv
2020-11-08,0,278.5,297.4,42.3,19.4,31.8,8.6,1.2,1.2,0.5,0.5,0.9,0.9,3.7,3.7,9.284108158072149,1.3429087126476607,9.745491,8.470533,57.752068,18.550991,5.0,21.5,0.0,48.019000000000005,5.661,1.0,180.37900000000002,2020,11,8,317.7,0.0,India_Averaged.csv
2020-11-09,0,293.9,430.0,46.7,21.2,28.9,7.2,1.4,1.4,0.4,0.4,0.9,0.9,1.6,1.6,12.382936852637192,1.117290380452509,9.420313,8.691897,63.6458,10.7796135,5.0,21.062,0.0,50.608999999999995,6.648000000000001,1.0,174.69099999999997,2020,11,9,454.1,0.0,India_Averaged.csv
2020-11-10,0,381.8,414.4,38.7,23.1,33.2,7.1,1.2,1.2,0.5,0.5,0.9,0.9,3.7,3.7,13.574459524839076,1.3645911539081463,9.494656,8.772565,63.195538,14.36171,5.0,20.698,0.0,56.891,6.681,1.0,122.907,2020,11,10,434.9,0.0,India_Averaged.csv
2020-11-11,0,383.2,192.4,30.3,21.1,28.6,7.3,1.2,1.2,0.5,0.5,0.6,0.6,3.4,3.4,8.869931381233872,0.0904356312082776,8.297857,8.442202,65.88857,-9.307197,5.0,20.536,0.0,57.84499999999999,7.571000000000001,1.0,90.314,2020,11,11,383.2,0.0,India_Averaged.csv
2020-11-12,0,222.8,181.0,34.0,20.6,29.2,6.9,1.1,1.1,0.7,0.7,1.2,1.2,5.4,5.4,5.899283838905914,-0.3316548781241992,9.849709,7.4208984,51.779144,13.914568,5.0,20.887,0.0,53.947,6.029999999999999,1.0,105.799,2020,11,12,227.6,0.0,India_Averaged.csv
2020-11-13,0,207.6,192.1,36.7,18.3,33.7,5.7,0.7,0.7,0.9,0.9,1.2,1.2,5.4,5.4,5.5802116279156335,0.35389807048064664,10.248328,7.562228,47.73443,27.976297,5.0,20.848999999999997,0.0,56.427,6.171,1.0,211.17199999999997,2020,11,13,222.5,0.0,India_Averaged.csv
2020-11-14,0,219.9,300.3,32.1,17.7,33.6,7.9,1.3,1.3,0.6,0.6,1.6,1.6,2.8,2.8,7.140353065846168,1.456789902154287,9.792791,7.5741525,50.49377,16.490622,5.0,21.259,0.0,55.68000000000001,6.975,1.0,162.99900000000002,2020,11,14,324.6,0.0,India_Averaged.csv
2020-11-15,0,320.4,233.3,20.9,11.5,32.3,6.6,1.3,1.3,0.4,0.4,1.8,1.8,3.6,3.6,5.769281706389412,1.9904768517886189,9.187659,7.248118,50.054295,6.786059,5.0,21.291999999999998,0.0,69.721,11.909,1.0,145.741,2020,11,15,320.4,0.0,India_Averaged.csv
2020-11-16,0,282.4,79.1,15.8,8.8,21.6,4.9,1.3,1.3,0.6,0.6,1.3,1.3,4.4,4.4,1.4574338509393476,-0.02642452633496941,8.295717,6.2608213,38.25289,-18.774557,5.0,20.203,0.0,76.685,7.614,1.0,155.432,2020,11,16,282.4,0.0,India_Averaged.csv
2020-11-17,0,154.0,90.7,20.0,10.7,20.8,5.2,1.7,1.7,1.0,1.0,0.9,0.9,2.1,2.1,-0.03120462703530209,-0.6679479824979324,9.55146,4.2533364,5.5235615,11.724365,5.0,19.256,0.0,74.09400000000001,8.169,1.0,236.619,2020,11,17,154.0,0.0,India_Averaged.csv
2020-11-18,0,151.8,101.5,24.6,11.3,29.3,4.8,1.4,1.4,1.0,1.0,1.6,1.6,3.6,3.6,0.6713316806109344,0.18832048868681223,10.104718,4.985882,18.541578,15.398087,5.0,18.816,0.0,70.247,7.454000000000001,1.0,179.971,2020,11,18,151.8,0.0,India_Averaged.csv
2020-11-19,0,164.5,117.6,28.7,11.6,30.6,5.4,1.2,1.2,1.1,1.1,1.3,1.3,5.1,5.1,1.5669369616636375,0.5626467902297361,10.195046,5.43514,23.126528,17.242039,5.0,17.740000000000002,0.0,66.406,7.627,1.0,225.09,2020,11,19,166.5,0.0,India_Averaged.csv
2020-11-20,0,179.8,117.2,28.0,11.0,29.3,5.3,1.1,1.1,1.0,1.0,1.4,1.4,5.1,5.1,1.652690813780103,0.5353566330027529,10.167879,5.454355,21.958612,20.095573,5.0,17.375999999999998,0.0,55.43300000000001,10.902999999999999,1.0,258.823,2020,11,20,179.8,0.0,India_Averaged.csv
2020-11-21,0,183.8,113.4,25.0,11.2,25.9,5.4,1.3,1.3,0.9,0.9,1.1,1.1,4.6,4.6,1.436914091821317,0.10462085265195531,9.804328,5.500109,25.15205,5.2529793,5.0,16.191000000000003,0.0,54.222,11.344,1.0,237.54700000000003,2020,11,21,183.8,0.0,India_Averaged.csv
2020-11-22,0,163.8,130.4,27.8,12.6,30.3,5.9,1.2,1.2,1.1,1.1,1.5,1.5,5.4,5.4,1.8995182780443174,0.5152401550499719,10.225612,6.1224732,30.245026,16.936815,5.0,16.163,0.0,54.638,7.747999999999999,1.0,226.017,2020,11,22,165.1,0.0,India_Averaged.csv
2020-11-23,0,179.8,159.8,35.7,17.9,42.2,7.3,1.2,1.2,0.8,0.8,1.5,1.5,6.3,6.3,4.504891639633976,1.4944969855742232,10.903687,6.4462614,34.30966,31.93569,5.0,16.243000000000002,0.0,60.577,6.7379999999999995,1.0,122.06300000000002,2020,11,23,192.1,0.0,India_Averaged.csv
2020-11-24,0,203.5,212.8,38.8,19.4,38.2,9.1,1.1,1.1,0.7,0.7,1.5,1.5,5.3,5.3,6.327575415045085,1.5216847065215477,10.527004,7.3673544,47.544712,27.4025,5.0,17.2,0.0,61.347,7.431,1.0,116.14500000000001,2020,11,24,241.2,0.0,India_Averaged.csv
2020-11-25,0,243.0,209.8,32.7,14.9,35.7,7.9,1.4,1.4,0.4,0.4,1.2,1.2,4.4,4.4,5.593774388537504,1.818087960173718,10.065405,6.9850793,40.153328,20.963612,5.0,18.122,0.0,64.262,9.292,1.0,124.72800000000002,2020,11,25,246.4,0.0,India_Averaged.csv
2020-11-26,0,263.3,103.3,23.1,11.3,27.9,6.5,1.3,1.3,0.6,0.6,1.2,1.2,4.9,4.9,2.657055716330573,0.7208729827293896,9.048124,6.5758715,38.059067,1.1015775,5.0,17.357999999999997,0.0,70.828,9.539,1.0,126.26799999999999,2020,11,26,263.3,0.0,India_Averaged.csv
2020-11-27,0,172.5,85.8,22.7,10.9,26.8,5.3,1.5,1.5,1.1,1.1,1.1,1.1,4.2,4.2,0.5494777219339152,0.052037567232038985,10.279508,5.0331645,19.831905,20.276808,5.0,17.154,0.0,64.882,11.360000000000001,1.0,230.192,2020,11,27,172.5,0.0,India_Averaged.csv
2020-11-28,0,138.4,114.5,26.7,12.6,26.0,5.4,1.5,1.5,1.0,1.0,1.3,1.3,4.2,4.2,1.0269015154166459,-0.2429941063051717,10.028367,5.322588,23.834154,11.9800625,5.0,16.616,0.0,60.45700000000001,9.678,1.0,242.06799999999998,2020,11,28,144.9,0.0,India_Averaged.csv
2020-11-29,0,159.3,121.5,29.9,14.2,34.3,5.4,1.0,1.0,1.2,1.2,1.6,1.6,4.8,4.8,2.1918948705646093,0.5392510664626841,10.608048,6.012522,27.18071,23.891243,5.0,16.657,0.0,62.50999999999999,6.878,1.0,238.583,2020,11,29,161.3,0.0,India_Averaged.csv
2020-11-30,0,173.7,155.3,33.1,18.4,33.3,5.8,0.9,0.9,1.1,1.1,1.6,1.6,5.8,5.8,4.0926773147877435,0.006132801811092881,10.3507805,6.6977577,38.549313,22.443087,5.0,17.384,0.0,62.794,6.445,1.0,252.48000000000002,2020,11,30,182.2,0.0,India_Averaged.csv
2020-12-01,0,195.9,198.4,37.1,19.7,36.0,7.1,1.3,1.3,0.6,0.6,1.3,1.3,4.9,4.9,5.8262936360217985,0.6753399650307307,10.045767,7.0761995,43.76362,20.458717,5.0,17.955,0.0,64.449,6.638,1.0,233.571,2020,12,1,220.1,0.0,India_Averaged.csv
2020-12-02,0,235.0,177.2,33.1,17.9,38.9,6.4,1.2,1.2,0.8,0.8,1.7,1.7,3.8,3.8,5.560370179785953,1.146562796481684,10.143966,6.9046097,42.113663,19.655647,5.0,18.801,0.0,58.737,8.604000000000001,1.0,251.237,2020,12,2,235.0,0.0,India_Averaged.csv
2020-12-03,0,214.7,161.0,31.0,18.1,32.5,6.3,1.2,1.2,0.8,0.8,1.6,1.6,4.1,4.1,4.721952004623729,0.2072311488896978,9.808529,6.732006,40.212677,15.029857,5.0,19.067999999999998,0.0,59.278,5.795999999999999,1.0,226.131,2020,12,3,215.2,0.0,India_Averaged.csv
2020-12-04,0,203.1,192.3,33.8,19.6,39.1,7.4,1.3,1.3,0.6,0.6,1.6,1.6,4.2,4.2,5.629225017460667,1.0757973233053966,10.2002945,6.522382,38.96078,18.146893,5.0,19.682,0.0,57.65599999999999,7.292,1.0,166.10999999999999,2020,12,4,220.3,0.0,India_Averaged.csv
2020-12-05,0,230.9,182.9,26.7,14.0,33.7,5.2,1.3,1.3,0.6,0.6,1.5,1.5,4.7,4.7,4.228070647054378,0.9442107928538418,9.574711,6.887801,37.876556,19.600046,5.0,19.709,0.0,63.379999999999995,8.903,1.0,161.996,2020,12,5,241.4,0.0,India_Averaged.csv
2020-12-06,0,237.2,165.7,26.9,14.12,33.9,4.9,1.2,1.2,0.8,0.8,1.7,1.7,3.3,3.3,4.100126005546845,0.8160454898264009,9.526091,6.451995,36.003437,9.383947,5.0,19.663,0.0,64.396,7.039,1.0,224.19700000000003,2020,12,6,237.2,0.0,India_Averaged.csv
2020-12-07,0,228.5,209.4,26.9,18.7,24.2,5.5,1.4,1.4,0.4,0.4,1.5,1.5,3.8,3.8,5.4676027398359235,-0.7733590855468597,9.316368,7.193738,46.09903,6.9345274,5.0,19.167,0.0,68.03,7.869,1.0,232.198,2020,12,7,234.9,0.0,India_Averaged.csv
2020-12-08,0,262.9,163.0,28.4,18.2,32.5,5.9,1.2,1.2,0.5,0.5,1.5,1.5,3.8,3.8,5.462302925012557,0.23078848958378745,9.59204,7.2238684,46.162647,11.585596,5.0,19.465,0.0,67.65299999999999,5.956,1.0,169.10200000000003,2020,12,8,262.9,0.0,India_Averaged.csv
2020-12-09,0,226.8,160.3,29.9,18.4,26.7,6.7,1.4,1.4,0.4,0.4,1.5,1.5,4.8,4.8,4.847492365019803,-0.3945965811889466,9.33097,7.014497,45.7872,5.9861536,5.0,19.668,0.0,66.471,6.180999999999999,1.0,242.923,2020,12,9,228.6,0.0,India_Averaged.csv
2020-12-10,0,209.7,119.9,25.1,14.7,21.1,6.9,1.4,1.4,0.4,0.4,1.3,1.3,5.6,5.6,2.6972757109406387,-0.6213641274002906,9.25882,6.3001127,33.314415,6.9194717,5.0,19.426,0.0,65.147,7.565,1.0,197.23200000000003,2020,12,10,209.7,0.0,India_Averaged.csv
2020-12-11,0,173.2,124.8,25.6,12.8,17.9,6.1,1.4,1.4,0.4,0.4,1.2,1.2,6.5,6.5,1.7094773909515897,-0.9036126509975115,9.447684,5.186456,21.033367,1.909099,5.0,18.941000000000003,0.0,76.434,7.5969999999999995,1.0,160.293,2020,12,11,173.2,0.0,India_Averaged.csv
2020-12-12,0,184.6,147.2,18.7,13.1,15.0,4.7,1.4,1.4,0.4,0.4,1.3,1.3,4.5,4.5,1.7666477807495435,-1.5049564266549644,8.791896,5.469673,26.781439,-8.6793995,5.0,17.884999999999998,0.0,76.924,6.964,1.0,184.22799999999998,2020,12,12,188.3,0.0,India_Averaged.csv
2020-12-13,0,230.4,94.7,14.8,8.5,18.8,4.1,1.5,1.5,0.5,0.5,1.2,1.2,4.4,4.4,0.5697580546876713,-0.5493842912747563,8.2607355,5.4903393,27.323706,-19.179338,5.0,15.458000000000002,0.0,66.967,10.286999999999999,1.0,212.83200000000002,2020,12,13,230.4,0.0,India_Averaged.csv
2020-12-14,0,166.2,76.6,13.7,8.5,21.9,5.4,2.0,2.0,1.0,1.0,1.2,1.2,3.2,3.2,-0.9421858635261595,-0.19563425118292388,9.737128,2.6284187,-18.360088,18.338436,5.0,13.724,0.0,69.922,9.321,1.0,218.108,2020,12,14,166.2,0.0,India_Averaged.csv
2020-12-15,0,146.2,106.7,16.6,9.6,19.6,9.1,1.6,1.6,1.2,1.2,1.5,1.5,4.0,4.0,-0.3504671974364589,0.2709079211098251,10.050272,3.8316665,1.9788601,13.097467,5.0,12.962,0.0,70.44999999999999,8.84,1.0,223.334,2020,12,15,149.5,0.0,India_Averaged.csv
2020-12-16,0,169.2,100.3,17.4,9.2,17.9,4.6,1.9,1.9,0.9,0.9,1.5,1.5,2.7,2.7,-0.13524029218253245,-0.7947250737273859,9.221186,3.8623595,0.9589062,-0.15567532,5.0,12.526,0.0,67.78099999999999,10.529,1.0,209.35999999999999,2020,12,16,169.2,0.0,India_Averaged.csv
2020-12-17,0,170.7,108.8,15.5,9.6,19.5,4.8,1.9,1.9,0.9,0.9,1.5,1.5,3.0,3.0,-0.010815773916542515,-0.6087443587827673,9.4051485,3.6820557,-0.00097122195,2.0094788,5.0,11.053,0.0,61.576,11.754999999999999,1.0,267.437,2020,12,17,170.7,0.0,India_Averaged.csv
2020-12-18,0,177.0,128.8,19.1,12.3,25.3,5.3,1.5,1.5,1.0,1.0,1.5,1.5,4.2,4.2,1.3259056194430288,-0.17055535823121323,10.021591,5.116486,26.119247,6.67255,5.0,11.733999999999998,0.0,55.196000000000005,10.487,1.0,241.504,2020,12,18,178.5,0.0,India_Averaged.csv
2020-12-19,0,176.9,148.9,26.2,13.7,26.3,6.3,0.9,0.9,1.1,1.1,1.5,1.5,5.7,5.7,2.5019618153010517,0.06993019473162658,9.9354725,5.792718,25.818167,13.6441555,5.0,13.169,0.0,53.093999999999994,10.456,1.0,235.45,2020,12,19,180.5,0.0,India_Averaged.csv
2020-12-20,0,202.0,149.0,25.7,14.5,24.9,6.6,1.1,1.1,1.0,1.0,1.2,1.2,5.1,5.1,3.0780235051092615,-0.09519436135006584,9.39582,6.5604563,36.7058,7.101176,5.0,14.245999999999999,0.0,57.28399999999999,9.278,1.0,241.84199999999996,2020,12,20,202.0,0.0,India_Averaged.csv
2020-12-21,0,210.9,166.6,29.5,18.6,23.9,8.7,1.3,1.3,0.6,0.6,1.1,1.1,3.2,3.2,4.662194425669926,-0.32905242039638205,9.137198,7.282496,49.7394,7.651147,5.0,14.456999999999999,0.0,62.36999999999999,7.036,1.0,261.191,2020,12,21,210.9,0.0,India_Averaged.csv
2020-12-22,0,214.6,256.4,32.1,22.2,24.8,8.7,1.4,1.4,0.4,0.4,1.2,1.2,3.2,3.2,7.133139745071138,-0.3903807642107126,9.111119,7.832872,54.560493,7.5016046,5.0,14.823000000000002,0.0,65.876,5.949,1.0,229.421,2020,12,22,276.6,0.0,India_Averaged.csv
2020-12-23,0,291.9,284.1,32.5,26.2,25.2,8.1,1.4,1.4,0.4,0.4,1.2,1.2,2.1,2.1,9.845905209852441,-0.8178105175585049,9.132252,7.9592767,60.56845,3.0363526,5.0,14.364,0.0,68.369,6.645999999999999,1.0,238.933,2020,12,23,321.7,0.0,India_Averaged.csv
2020-12-24,0,299.0,243.6,30.4,22.5,25.1,7.5,1.4,1.4,0.4,0.4,1.2,1.2,2.7,2.7,8.401191773614318,-0.5031881261002541,9.213202,7.898529,58.771095,4.480842,5.0,14.483,0.0,63.99100000000001,8.799999999999999,1.0,227.17800000000003,2020,12,24,304.1,0.0,India_Averaged.csv
2020-12-25,0,296.7,170.1,27.5,17.3,26.4,6.3,1.0,1.0,0.6,0.6,0.9,0.9,4.8,4.8,5.887865598485806,-0.09141426827540215,9.093466,7.7630653,52.9919,13.132701,5.0,14.096,0.0,66.417,8.688,1.0,225.20699999999997,2020,12,25,296.7,0.0,India_Averaged.csv
2020-12-26,0,235.6,177.2,29.6,17.6,26.3,6.3,1.2,1.2,0.5,0.5,1.1,1.1,7.3,7.3,5.093119089424862,-0.2811598547746438,9.457014,7.423331,48.53707,13.570021,5.0,14.255,0.0,67.107,7.818,1.0,194.65300000000002,2020,12,26,235.6,0.0,India_Averaged.csv
2020-12-27,0,238.4,181.0,26.1,13.8,31.4,6.8,1.4,1.4,0.4,0.4,1.4,1.4,5.4,5.4,4.245833875372081,1.0756306380727985,10.034849,6.7611437,32.827026,25.86526,5.0,15.292000000000002,0.0,55.424,10.597,1.0,222.474,2020,12,27,239.9,0.0,India_Averaged.csv
2020-12-28,0,245.7,134.4,22.0,11.3,22.3,7.1,1.4,1.4,0.4,0.4,1.0,1.0,5.2,5.2,2.699335239773312,0.3075994133233827,8.770465,7.0006576,43.68112,-4.488568,5.0,11.511999999999999,0.0,51.016,9.354,1.0,240.565,2020,12,28,248.1,0.0,India_Averaged.csv
2020-12-29,0,154.2,133.6,24.3,10.5,22.7,5.4,1.2,1.2,1.1,1.1,0.9,0.9,3.9,3.9,0.9884556349701267,-0.128661628832765,9.754618,5.0382614,20.43899,8.823686,5.0,10.975999999999999,0.0,61.371,10.384,1.0,236.027,2020,12,29,160.3,0.0,India_Averaged.csv
2020-12-30,0,182.0,113.7,21.3,10.3,19.7,5.1,1.5,1.5,0.5,0.5,0.9,0.9,2.5,2.5,0.8677655481978442,-0.54071681325812,8.9797735,5.167067,23.115196,-2.0319152,5.0,10.228,0.0,68.704,9.546,1.0,205.81,2020,12,30,182.0,0.0,India_Averaged.csv
2020-12-31,0,190.6,162.6,26.4,16.3,21.7,6.5,1.4,1.4,0.4,0.4,0.9,0.9,6.9,6.9,3.465004301176401,-0.7587101962676199,9.335585,6.784133,41.89929,4.3193064,5.0,10.963,0.0,70.027,7.815,1.0,199.081,2020,12,31,197.1,0.0,India_Averaged.csv
2021-01-01,0,238.2,290.0,31.6,21.1,27.2,7.0,1.2,1.2,0.5,0.5,0.9,0.9,2.2,2.2,7.864969576795609,-0.06739546513402365,9.327028,7.933652,54.231224,8.98486,5.0,13.017,0.0,70.88300000000001,7.975,1.0,117.00699999999999,2021,1,1,304.2,0.0,India_Averaged.csv
2021-01-02,0,336.6,208.4,29.7,14.7,17.6,7.3,1.2,1.2,0.5,0.5,0.9,0.9,4.4,4.4,6.809175576324516,-0.09540458549571243,8.499569,7.8592134,58.718025,-10.115119,5.0,15.613,0.0,77.11,10.222,1.0,124.832,2021,1,2,336.6,0.0,India_Averaged.csv
2021-01-03,0,284.4,115.74000000000001,22.1,9.9,13.0,6.3,1.4,1.4,0.4,0.4,1.2,1.2,4.6,4.6,2.7137528254781778,-0.6565820238031229,8.101351,7.069341,49.15576,-17.946968,5.0,17.062,0.0,82.662,12.14,1.0,136.499,2021,1,3,284.4,0.0,India_Averaged.csv
2021-01-04,0,198.5,94.38,21.5,10.8,13.5,5.7,1.8,1.8,0.8,0.8,1.0,1.0,3.7,3.7,0.9070190377708951,-1.247291934341645,8.550313,5.5065355,27.836918,-15.3919325,5.0,17.176,0.0,86.71400000000001,10.394,1.0,115.12899999999999,2021,1,4,198.78,0.0,India_Averaged.csv
2021-01-05,0,158.6,81.22,19.4,9.7,15.9,7.1,1.7,1.7,1.0,1.0,1.2,1.2,4.1,4.1,-0.37835614659201466,-0.6711082882694724,9.508225,3.8420024,5.5818396,1.641114,5.0,17.783,0.0,83.16600000000001,10.440999999999999,1.0,143.28400000000002,2021,1,5,159.22,0.0,India_Averaged.csv
2021-01-06,0,140.5,107.2,17.7,10.8,18.6,7.5,1.7,1.7,1.0,1.0,0.9,0.9,2.4,2.4,-0.15835484008098097,-0.40932935233771095,9.670937,3.7763813,-1.931332,11.927817,5.0,16.496,0.0,81.829,9.152,1.0,229.61600000000004,2021,1,6,141.7,0.0,India_Averaged.csv
2021-01-07,0,178.8,100.8,16.2,10.3,18.5,5.7,1.9,1.9,0.9,0.9,0.9,0.9,2.8,2.8,0.20302960162147654,-0.658763122216455,9.110222,4.673402,17.700474,-3.7485034,5.0,14.831999999999999,0.0,84.081,8.428,1.0,222.496,2021,1,7,178.8,0.0,India_Averaged.csv
2021-01-08,0,169.8,127.3,18.3,11.0,12.1,6.7,1.8,1.8,0.8,0.8,0.9,0.9,3.3,3.3,0.7097125765411422,-1.1707422655374837,8.841778,5.060163,20.974388,-8.672496,5.0,14.897,0.0,86.922,7.664,1.0,172.487,2021,1,8,173.4,0.0,India_Averaged.csv
2021-01-09,0,189.9,117.3,17.7,10.2,14.5,7.7,1.4,1.4,0.7,0.7,1.2,1.2,4.1,4.1,0.7545720555113316,-0.5337018244075888,8.751633,5.0909925,23.950668,-13.088562,5.0,15.428,0.0,83.451,11.824000000000002,1.0,223.47899999999998,2021,1,9,189.9,0.0,India_Averaged.csv
2021-01-10,0,187.6,109.4,16.8,9.3,22.4,5.8,1.7,1.7,1.0,1.0,0.8,0.8,3.8,3.8,0.3996141536089729,0.05476980236185852,9.338427,5.265386,24.861462,1.6748397,5.0,12.950999999999999,0.0,77.375,10.998000000000001,1.0,250.70100000000002,2021,1,10,187.6,0.0,India_Averaged.csv
2021-01-11,0,176.8,101.8,19.8,10.3,24.8,6.0,1.7,1.7,1.0,1.0,0.8,0.8,4.3,4.3,0.5361487479632437,0.15088624288472524,9.503802,5.058667,21.220331,4.895879,5.0,12.401,0.0,77.701,11.169,1.0,247.129,2021,1,11,176.8,0.0,India_Averaged.csv
2021-01-12,0,173.3,126.7,22.6,18.5,23.1,7.0,1.1,1.1,0.7,0.7,0.5,0.5,5.6,5.6,2.7327023766626692,-1.1330319451608832,9.10347,7.0894785,42.07336,-16.215855,5.0,11.979,0.0,69.462,9.803,1.0,268.707,2021,1,12,173.6,0.0,India_Averaged.csv
2021-01-13,0,192.7,190.4,25.5,16.6,24.7,7.1,1.3,1.3,0.6,0.6,1.2,1.2,5.0,5.0,3.9953771480879157,-0.20450271207101203,9.343286,6.866984,42.38978,2.931785,5.0,12.053999999999998,0.0,67.692,8.157,1.0,220.331,2021,1,13,210.7,0.0,India_Averaged.csv
2021-01-14,0,248.9,291.9,27.9,19.1,19.9,8.2,1.4,1.4,0.4,0.4,1.5,1.5,3.1,3.1,7.341343860742415,-0.2720119671156856,9.06263,7.5320983,52.421295,-1.2722208,5.0,12.716,0.0,71.475,6.021,1.0,116.955,2021,1,14,317.2,0.0,India_Averaged.csv
2021-01-15,0,323.4,319.9,30.3,22.1,27.5,9.2,1.4,1.4,0.4,0.4,1.5,1.5,4.4,4.4,10.068062391097646,0.6544573011664447,9.569069,8.147878,59.553394,10.93902,5.0,13.02,0.0,76.39599999999999,5.941,1.0,147.687,2021,1,15,350.0,0.0,India_Averaged.csv
2021-01-16,0,335.0,185.1,28.2,17.2,24.0,6.5,1.4,1.4,0.4,0.4,1.2,1.2,4.7,4.7,6.849676888688178,-0.11315848705378836,8.726464,8.160262,59.553673,-3.7413025,5.0,12.529,0.0,79.53200000000001,6.936,1.0,199.712,2021,1,16,335.0,0.0,India_Averaged.csv
2021-01-17,0,249.8,131.2,20.5,12.2,22.5,5.6,1.2,1.2,0.5,0.5,0.8,0.8,5.6,5.6,2.769471804844541,-0.1719232018936913,8.7612295,7.151105,47.516266,-7.400595,5.0,14.232999999999999,0.0,77.659,12.258000000000001,1.0,111.221,2021,1,17,249.8,0.0,India_Averaged.csv
2021-01-18,0,231.5,148.2,22.9,16.7,22.2,7.2,1.4,1.4,0.4,0.4,1.0,1.0,5.5,5.5,3.8152944368588733,-0.5988497688411228,9.11568,7.1886077,42.737846,0.45669994,5.0,15.078,0.0,80.90299999999999,8.928,1.0,129.738,2021,1,18,231.5,0.0,India_Averaged.csv
2021-01-19,0,231.5,219.0,27.5,18.0,18.6,6.7,1.2,1.2,0.5,0.5,1.2,1.2,5.0,5.0,5.536541533845996,-0.9639503531178191,9.2139435,7.843081,53.370716,-1.0655664,5.0,15.622,0.0,80.59200000000001,9.218,1.0,249.65299999999996,2021,1,19,254.5,0.0,India_Averaged.csv
2021-01-20,0,269.7,113.7,23.7,12.6,25.1,5.6,1.0,1.0,0.6,0.6,1.0,1.0,5.8,5.8,3.20594674027532,0.05094515783737517,8.859209,7.540653,51.152702,-5.9526224,5.0,14.953,0.0,73.98400000000001,11.715,1.0,274.146,2021,1,20,269.7,0.0,India_Averaged.csv
2021-01-21,0,177.5,123.4,26.8,14.3,27.8,6.3,1.1,1.1,0.9,0.9,0.9,0.9,6.3,6.3,2.279275344781555,0.016862623634400185,10.287973,6.4349203,35.760628,20.484606,5.0,14.617,0.0,63.129999999999995,10.763,1.0,242.73399999999998,2021,1,21,183.6,0.0,India_Averaged.csv
2021-01-22,0,173.5,137.8,25.8,16.0,18.9,5.7,1.4,1.4,0.4,0.4,0.8,0.8,4.7,4.7,2.591464536764613,-1.3746795753385406,9.273966,6.56845,38.032436,-5.3316565,5.0,14.998000000000001,0.0,68.814,10.266,1.0,133.13,2021,1,22,175.2,0.0,India_Averaged.csv
2021-01-23,0,217.3,120.9,19.4,11.1,23.4,5.7,1.4,1.4,0.4,0.4,1.0,1.0,6.1,6.1,1.7071807875219291,-0.007320840259695638,8.910896,6.3903055,37.113003,-10.879496,5.0,15.523,0.0,68.959,10.799,1.0,193.468,2021,1,23,217.3,0.0,India_Averaged.csv
2021-01-24,0,182.0,169.5,19.8,12.5,17.8,5.5,1.4,1.4,0.4,0.4,0.7,0.7,6.1,6.1,2.0923486135063394,-0.7958756345980735,9.228444,6.46383,35.49146,-0.7479725,5.0,13.031,0.0,67.07399999999998,10.141,1.0,252.013,2021,1,24,188.4,0.0,India_Averaged.csv
2021-01-25,0,233.8,141.9,21.5,12.7,23.8,5.4,1.2,1.2,0.5,0.5,0.8,0.8,5.7,5.7,2.8379257663857516,-0.14200713720575842,9.117056,6.9448805,44.06716,5.3226933,5.0,12.041,0.0,71.3,7.705,1.0,233.95899999999997,2021,1,25,236.0,0.0,India_Averaged.csv
2021-01-26,0,197.7,141.1,21.4,24.02,39.1,5.9,0.9,0.9,1.1,1.1,1.2,1.2,5.8,5.8,4.61050509577319,-0.39470252204353046,10.612314,7.372632,33.087437,9.578674,5.0,11.842000000000002,0.0,70.87,8.311,1.0,212.448,2021,1,26,199.8,0.0,India_Averaged.csv
2021-01-27,0,200.6,151.7,28.5,16.3,31.3,7.3,0.9,0.9,0.8,0.8,1.0,1.0,8.0,8.0,3.7573773079207307,0.5002072891214198,10.278593,7.1408434,40.68782,26.611073,5.0,11.969,0.0,69.18199999999999,8.642,1.0,231.68800000000002,2021,1,27,200.6,0.0,India_Averaged.csv
2021-01-28,0,197.8,206.6,31.4,16.7,29.2,9.4,1.2,1.2,0.5,0.5,1.0,1.0,5.4,5.4,4.912040901110816,0.9335662831288121,9.808484,7.468833,49.850132,15.870726,5.0,11.878,0.0,69.761,7.038000000000001,1.0,225.73499999999999,2021,1,28,234.8,0.0,India_Averaged.csv
2021-01-29,0,251.0,193.0,29.0,16.0,32.0,7.2,1.1,1.1,0.7,0.7,0.7,0.7,3.7,3.7,5.350991373360132,0.9623545496672605,9.396086,7.852215,53.700996,8.712763,5.0,12.445,0.0,64.05199999999999,9.511000000000001,1.0,225.785,2021,1,29,257.2,0.0,India_Averaged.csv
2021-01-30,0,230.0,138.9,30.6,15.0,27.9,7.5,1.3,1.3,0.6,0.6,0.7,0.7,6.3,6.3,3.9531118049704284,0.42558732046252645,9.6668625,7.5525055,46.967228,14.140306,5.0,12.678,0.0,57.778,9.728,1.0,248.34,2021,1,30,230.0,0.0,India_Averaged.csv
2021-01-31,0,194.4,153.7,27.9,16.3,39.2,7.4,1.0,1.0,0.9,0.9,1.0,1.0,3.9,3.9,3.7252002582992403,1.4072722299970866,10.197054,6.94493,40.527973,15.832224,5.0,14.055000000000001,0.0,57.24000000000001,6.9670000000000005,1.0,184.233,2021,1,31,205.0,0.0,India_Averaged.csv
2021-02-01,0,199.9,176.7,35.7,19.0,34.4,8.5,1.2,1.2,0.8,0.8,0.6,0.6,4.0,4.0,5.2990273270155495,0.8173891145124907,9.985386,7.509063,48.158813,22.252886,5.0,15.36,0.0,62.783,6.904000000000001,1.0,212.317,2021,2,1,212.7,0.0,India_Averaged.csv
2021-02-02,0,216.8,172.5,35.9,16.9,34.4,9.2,1.2,1.2,0.8,0.8,1.1,1.1,4.6,4.6,5.146867720789226,1.3701608262581106,10.077077,7.4643793,46.54986,22.249134,5.0,16.689999999999998,0.0,63.392999999999994,7.462000000000001,1.0,191.26,2021,2,2,222.3,0.0,India_Averaged.csv
2021-02-03,0,215.9,125.5,28.2,13.2,26.2,8.1,1.2,1.2,0.8,0.8,0.9,0.9,3.3,3.3,2.9171884644046995,0.5549825373121207,9.08695,7.109043,46.181236,-2.7119176,5.0,18.231,0.0,62.39200000000001,10.302,1.0,153.288,2021,2,3,215.9,0.0,India_Averaged.csv
2021-02-04,0,185.2,110.7,23.6,10.5,21.7,6.8,1.3,1.3,0.9,0.9,0.9,0.9,4.3,4.3,1.141898129148255,0.03632426180776653,9.595265,5.5881133,24.81003,7.779704,5.0,16.28,0.0,68.56700000000001,9.794,1.0,204.26100000000002,2021,2,4,185.2,0.0,India_Averaged.csv
2021-02-05,0,174.0,97.7,25.1,12.4,28.2,6.6,1.4,1.4,1.0,1.0,1.4,1.4,5.8,5.8,1.2917863433191703,0.3131896897359959,10.203761,5.6193886,23.67751,16.727306,5.0,14.620999999999999,0.0,69.018,9.05,1.0,239.89300000000003,2021,2,5,174.0,0.0,India_Averaged.csv
2021-02-06,0,151.9,96.6,23.4,10.5,26.9,6.9,1.6,1.6,1.2,1.2,0.8,0.8,3.5,3.5,0.3430589103126488,0.48249537247944413,10.3017025,5.0417233,18.813753,19.78396,5.0,14.706,0.0,62.85600000000001,11.052000000000001,1.0,260.23,2021,2,6,151.9,0.0,India_Averaged.csv
2021-02-07,0,150.8,117.2,24.1,13.1,32.0,7.0,1.2,1.2,1.1,1.1,0.8,0.8,3.4,3.4,1.2974627750709895,0.729587529208121,10.2470875,5.707604,27.769714,17.771326,5.0,15.305000000000001,0.0,63.411,9.653,1.0,249.754,2021,2,7,150.8,0.0,India_Averaged.csv
2021-02-08,0,171.8,141.8,26.7,14.2,34.1,8.7,1.3,1.3,0.9,0.9,1.0,1.0,5.1,5.1,2.5576691387952795,1.348324125625383,10.45086,6.3734527,33.30855,23.453602,5.0,16.302,0.0,64.387,7.260000000000001,1.0,254.21300000000002,2021,2,8,175.7,0.0,India_Averaged.csv
2021-02-09,0,204.7,136.1,31.8,17.8,24.7,8.6,1.2,1.2,0.5,0.5,0.5,0.5,6.6,6.6,4.070644653611659,-0.26775707712613545,9.901687,7.2399216,44.848038,10.081373,5.0,17.711000000000002,0.0,63.088,8.086,1.0,214.179,2021,2,9,205.1,0.0,India_Averaged.csv
2021-02-10,0,163.9,157.3,29.1,15.9,34.4,8.3,1.0,1.0,1.2,1.2,0.8,0.8,4.7,4.7,3.1872738104656726,1.0676491124255236,10.45038,6.7108736,36.321754,22.80576,5.0,18.509999999999998,0.0,59.867999999999995,7.249,1.0,223.57199999999997,2021,2,10,180.6,0.0,India_Averaged.csv
2021-02-11,0,190.1,141.5,28.6,14.3,33.9,7.9,1.2,1.2,0.8,0.8,1.4,1.4,4.4,4.4,3.0420374968362127,1.1996385954123336,10.35759,6.2292285,31.862537,24.24805,5.0,18.017,0.0,62.6,6.552,1.0,241.69099999999997,2021,2,11,191.8,0.0,India_Averaged.csv
2021-02-12,0,190.5,171.0,28.3,14.7,32.6,7.5,1.2,1.2,0.8,0.8,1.6,1.6,4.3,4.3,3.568824150725463,1.0367552921274699,10.204794,6.637338,33.518593,17.41632,5.0,18.011000000000003,0.0,67.411,6.896000000000001,1.0,225.642,2021,2,12,196.5,0.0,India_Averaged.csv
2021-02-13,0,225.2,159.9,30.9,15.1,43.7,6.0,1.1,1.1,0.7,0.7,1.3,1.3,4.4,4.4,4.417372077275074,1.967172350590888,10.537245,7.3396163,43.918022,25.588346,5.0,17.983,0.0,66.95,6.115,1.0,192.78799999999998,2021,2,13,228.4,0.0,India_Averaged.csv
2021-02-14,0,204.9,156.5,30.9,18.6,30.54,6.6,1.2,1.2,0.5,0.5,0.8,0.8,5.0,5.0,4.540745332755743,-0.08912494521499023,10.089918,7.6424437,43.20489,8.280652,5.0,18.931,0.0,62.611000000000004,6.662000000000001,1.0,165.63299999999998,2021,2,14,204.9,0.0,India_Averaged.csv
2021-02-15,0,208.7,137.3,30.4,13.9,34.0,6.9,1.2,1.2,0.8,0.8,0.9,0.9,4.8,4.8,3.3607453264384666,1.1103314030619391,10.1738825,6.8612375,41.587307,20.44936,5.0,19.451,0.0,62.909000000000006,6.815,1.0,177.831,2021,2,15,208.7,0.0,India_Averaged.csv
2021-02-16,0,184.2,148.2,31.9,13.8,38.0,8.5,1.1,1.1,1.0,1.0,1.1,1.1,6.6,6.6,3.2514105532738617,1.9269483719694658,10.561332,6.594659,35.7174,27.842716,5.0,19.72,0.0,60.511,6.668000000000001,1.0,215.664,2021,2,16,184.2,0.0,India_Averaged.csv
2021-02-17,0,190.4,151.6,31.6,15.6,34.9,7.5,1.2,1.2,0.8,0.8,1.2,1.2,6.0,6.0,3.708632586891105,1.0711066241830243,10.271589,6.724046,38.38451,20.699097,5.0,19.113999999999997,0.0,59.349000000000004,7.022,1.0,226.87199999999999,2021,2,17,191.4,0.0,India_Averaged.csv
2021-02-18,0,188.7,132.3,30.4,14.6,37.7,7.8,1.0,1.0,0.9,0.9,1.1,1.1,4.1,4.1,3.1065636742103697,1.5223430617981408,10.508854,6.510087,34.93863,28.284054,5.0,18.91,0.0,61.504,7.684,1.0,210.83499999999998,2021,2,18,188.7,0.0,India_Averaged.csv
2021-02-19,0,180.0,137.8,30.5,14.4,28.6,6.9,1.3,1.3,0.6,0.6,0.8,0.8,5.7,5.7,2.881794350465163,0.32851146157122424,10.245935,6.5828094,34.951225,23.314201,5.0,18.697,0.0,61.278,7.725,1.0,227.225,2021,2,19,182.9,0.0,India_Averaged.csv
2021-02-20,0,188.3,117.4,27.8,14.1,28.5,6.3,1.3,1.3,0.6,0.6,0.8,0.8,5.1,5.1,2.42514844866697,0.14159313978129365,10.118596,6.491774,37.780727,18.715343,5.0,18.931,0.0,57.212,8.232000000000001,1.0,231.53699999999998,2021,2,20,188.3,0.0,India_Averaged.csv
2021-02-21,0,165.0,141.2,29.6,15.1,36.0,8.0,1.1,1.1,1.0,1.0,1.0,1.0,6.0,6.0,2.8360695613139337,1.2532677451033958,10.836094,6.7063575,38.77877,31.47153,5.0,19.67,0.0,55.510000000000005,8.659,1.0,244.721,2021,2,21,167.6,0.0,India_Averaged.csv
2021-02-22,0,190.4,131.9,29.6,14.7,30.7,7.8,1.1,1.1,0.7,0.7,1.0,1.0,6.0,6.0,3.0072563580225653,0.7055060883654906,10.321935,6.9111757,40.753716,20.81283,5.0,20.662,0.0,51.078,9.617,1.0,275.602,2021,2,22,190.4,0.0,India_Averaged.csv
2021-02-23,0,175.3,133.8,30.0,15.8,32.6,8.2,1.0,1.0,0.9,0.9,1.1,1.1,5.5,5.5,3.038777046702518,0.7841598884472484,10.704649,6.6483474,34.122307,28.79539,5.0,22.121000000000002,0.0,47.248000000000005,7.4959999999999996,1.0,234.212,2021,2,23,178.5,0.0,India_Averaged.csv
2021-02-24,0,159.0,172.2,31.6,15.2,34.6,9.6,1.2,1.2,0.8,0.8,1.1,1.1,6.6,6.6,3.412208054293127,1.5764747332775972,10.733786,6.7172904,36.356663,31.321331,5.0,22.531,0.0,49.245999999999995,8.369,1.0,256.451,2021,2,24,191.5,0.0,India_Averaged.csv
2021-02-25,0,174.9,140.3,26.8,14.0,27.7,8.2,1.1,1.1,1.0,1.0,1.1,1.1,7.0,7.0,2.474453623107401,0.5489643742494209,10.293661,5.902201,28.540567,19.799423,5.0,22.918,0.0,49.063,10.818000000000001,1.0,287.236,2021,2,25,177.3,0.0,India_Averaged.csv
2021-02-26,0,163.8,123.6,23.4,12.8,23.2,9.1,1.2,1.2,0.8,0.8,1.5,1.5,5.9,5.9,1.4552160172716544,0.3046697741625529,10.113021,5.485091,21.669794,10.774641,5.0,24.667,0.0,44.876999999999995,11.831,1.0,256.41700000000003,2021,2,26,163.8,0.0,India_Averaged.csv
2021-02-27,0,149.7,112.9,20.7,11.8,22.9,7.2,1.4,1.4,1.0,1.0,1.2,1.2,4.0,4.0,0.5812991677332556,-0.0837122086697619,10.07763,4.935405,14.624255,14.729772,5.0,24.302,0.0,42.333000000000006,11.141,1.0,222.176,2021,2,27,150.8,0.0,India_Averaged.csv
2021-02-28,0,131.9,110.6,22.7,9.5,27.9,8.86,1.3,1.3,1.2,1.2,1.4,1.4,6.3,6.3,-0.01097067685993327,1.205846222509845,10.745237,4.8304205,12.21663,23.842152,5.0,22.727999999999998,0.0,42.153,9.631,1.0,266.116,2021,2,28,133.4,0.0,India_Averaged.csv
2021-03-01,0,141.3,101.0,21.7,10.0,30.6,8.3,1.3,1.3,1.2,1.2,1.6,1.6,6.6,6.6,0.0536778882660998,1.274680944408153,10.908309,4.7677507,12.694896,30.106308,5.0,21.369,0.0,38.367,12.051,1.0,260.831,2021,3,1,141.3,0.0,India_Averaged.csv
2021-03-02,0,137.7,104.1,20.0,9.9,35.1,8.3,1.3,1.3,1.2,1.2,1.5,1.5,6.6,6.6,-0.05821142094270391,1.7950598788710586,11.325898,4.7117157,10.214665,31.063593,5.0,21.537,0.0,34.349000000000004,13.738999999999999,1.0,279.838,2021,3,2,137.8,0.0,India_Averaged.csv
2021-03-03,0,141.1,129.0,30.2,14.2,34.4,12.2,1.0,1.0,1.2,1.2,1.4,1.4,7.3,7.3,2.1016389510093676,2.024600131398136,11.005793,6.317075,28.403194,34.28025,5.0,22.82,0.0,36.517,9.27,1.0,229.038,2021,3,3,153.7,0.0,India_Averaged.csv
2021-03-04,0,150.5,155.0,35.1,15.7,41.6,11.6,1.1,1.1,1.0,1.0,1.5,1.5,8.1,8.1,3.452837222892426,2.641131384678136,11.086786,6.6173477,30.227783,43.2155,5.0,23.625,0.0,39.654,7.0120000000000005,1.0,239.75899999999996,2021,3,4,174.2,0.0,India_Averaged.csv
2021-03-05,0,167.4,114.1,23.6,10.8,30.0,10.0,1.3,1.3,1.2,1.2,1.7,1.7,7.4,7.4,1.074129156820128,1.5922907649764113,10.762565,5.590525,16.985281,32.05622,5.0,23.541999999999998,0.0,33.824,14.032,1.0,298.586,2021,3,5,167.4,0.0,India_Averaged.csv
2021-03-06,0,154.1,116.2,23.5,12.5,30.6,10.3,1.0,1.0,1.2,1.2,1.6,1.6,7.6,7.6,1.2075868761992188,1.397878260082953,10.925297,5.374772,16.061285,35.155388,5.0,24.235999999999997,0.0,36.766,10.751,1.0,240.92800000000003,2021,3,6,154.1,0.0,India_Averaged.csv
2021-03-07,0,154.4,119.4,22.6,10.2,33.4,8.8,1.0,1.0,1.2,1.2,1.8,1.8,7.8,7.8,0.7467896769059007,1.8021679144267293,11.105431,4.5623403,4.957511,28.799707,5.0,25.851,0.0,36.866,12.73,1.0,161.698,2021,3,7,160.2,0.0,India_Averaged.csv
2021-03-08,0,157.7,109.9,18.5,10.2,30.3,7.5,1.0,1.0,1.2,1.2,1.6,1.6,4.3,4.3,0.2838031689102674,1.095828022423964,10.7268505,4.2339163,6.541974,22.726923,5.0,25.329,0.0,47.325,12.748,1.0,149.07999999999998,2021,3,8,157.7,0.0,India_Averaged.csv
2021-03-09,0,149.8,124.8,20.7,10.0,27.4,7.6,1.2,1.2,1.1,1.1,1.6,1.6,4.5,4.5,0.4762845530668791,0.8906024019379297,10.657645,4.17339,5.718582,21.732906,5.0,25.464,0.0,48.53099999999999,8.329,1.0,164.169,2021,3,9,151.9,0.0,India_Averaged.csv
2021-03-10,0,157.2,91.4,22.5,10.6,35.9,8.2,1.0,1.0,1.5,1.5,1.8,1.8,5.5,5.5,0.4334748834242193,1.7553132504126414,10.739823,4.287225,5.579821,20.012497,5.0,24.573,0.0,49.952000000000005,8.386,1.0,260.038,2021,3,10,157.2,0.0,India_Averaged.csv
2021-03-11,0,131.0,110.8,23.5,11.3,35.4,9.6,1.1,1.1,1.3,1.3,1.6,1.6,7.5,7.5,0.49791538924176404,1.9083693171163003,11.45189,4.922695,6.960285,42.944984,5.0,25.637999999999998,0.0,41.099,8.909,1.0,120.896,2021,3,11,134.2,0.0,India_Averaged.csv
2021-03-12,0,153.3,90.0,19.0,8.1,23.9,6.9,1.5,1.5,1.1,1.1,1.2,1.2,4.3,4.3,-0.5918465635617449,0.5005962260046755,10.438208,3.6394513,-6.2245545,19.144495,5.0,23.369,0.0,55.366,9.992,1.0,126.97,2021,3,12,153.3,0.0,India_Averaged.csv
2021-03-13,0,127.6,104.5,23.3,11.0,35.6,9.7,1.1,1.1,1.3,1.3,1.5,1.5,6.2,6.2,0.26021008728663253,1.9635789798498344,11.436908,4.760489,11.003914,39.461304,5.0,23.791999999999998,0.0,51.987,7.294,1.0,246.706,2021,3,13,129.9,0.0,India_Averaged.csv
2021-03-14,0,149.5,99.4,22.6,9.3,36.3,8.6,1.1,1.1,1.3,1.3,1.6,1.6,6.9,6.9,0.17946822856460357,2.134656202801386,11.455049,4.7035823,11.977241,36.93915,5.0,24.304,0.0,44.53,9.722000000000001,1.0,263.171,2021,3,14,149.5,0.0,India_Averaged.csv
2021-03-15,0,149.9,117.3,23.1,10.7,31.4,8.7,1.0,1.0,1.2,1.2,1.4,1.4,6.2,6.2,0.7423371505014463,1.4456034376332783,11.039337,5.105694,14.379542,32.82052,5.0,25.066,0.0,43.343,10.135,1.0,249.25,2021,3,15,149.9,0.0,India_Averaged.csv
2021-03-16,0,153.6,156.7,22.3,10.3,22.0,10.0,1.3,1.3,0.9,0.9,1.2,1.2,7.0,7.0,1.2221862945904225,0.9284623518776541,10.0904665,5.114476,19.104727,18.467745,5.0,25.349,0.0,39.992,10.104,1.0,237.967,2021,3,16,175.4,0.0,India_Averaged.csv
2021-03-17,0,164.5,165.7,24.0,11.0,24.9,9.9,1.2,1.2,0.8,0.8,1.2,1.2,7.1,7.1,1.8743309818293892,1.2021511117285946,10.146598,5.5919185,24.67416,17.41525,5.0,26.111,0.0,36.618,9.607,1.0,259.55600000000004,2021,3,17,180.7,0.0,India_Averaged.csv
2021-03-18,0,171.8,176.1,27.4,12.1,27.2,9.1,1.3,1.3,0.6,0.6,1.6,1.6,8.3,8.3,2.675285767169883,1.1940322053030925,10.20421,5.976363,27.567318,19.849054,5.0,25.724,0.0,42.553,8.905,1.0,234.475,2021,3,18,193.0,0.0,India_Averaged.csv
2021-03-19,0,176.1,126.8,22.4,10.9,32.4,9.1,1.1,1.1,1.0,1.0,1.8,1.8,7.1,7.1,1.387116669712529,1.728308450021402,10.814705,5.2471037,17.876257,29.880249,5.0,24.895,0.0,45.492000000000004,9.151,1.0,213.561,2021,3,19,176.1,0.0,India_Averaged.csv
2021-03-20,0,151.7,126.8,22.2,11.3,30.2,10.5,0.9,0.9,1.4,1.4,1.5,1.5,5.3,5.3,0.9951284168076701,1.6418102424362444,10.624746,4.9434915,13.236227,25.969364,5.0,25.709000000000003,0.0,37.967,9.559999999999999,1.0,252.11999999999998,2021,3,20,151.7,0.0,India_Averaged.csv
2021-03-21,0,161.8,123.1,23.7,10.4,33.7,9.5,0.8,0.8,1.3,1.3,1.5,1.5,6.4,6.4,1.0820612307570223,2.0024826664396467,10.769693,5.078481,16.939703,22.570204,5.0,26.319,0.0,38.312,9.027,1.0,167.04500000000002,2021,3,21,163.0,0.0,India_Averaged.csv
2021-03-22,0,160.5,147.6,19.2,10.1,25.5,8.9,1.2,1.2,1.1,1.1,1.1,1.1,5.9,5.9,0.9498791960976266,1.071782438108571,9.973688,5.51191,16.772085,14.3687725,5.0,25.844,0.0,40.905,10.8,1.0,159.62099999999998,2021,3,22,178.9,0.0,India_Averaged.csv
2021-03-23,0,163.5,133.3,19.3,11.9,19.2,9.5,1.8,1.8,0.8,0.8,1.3,1.3,7.2,7.2,1.073742043398786,0.10965683958558578,10.175226,5.3734055,14.733661,7.095252,5.0,25.134999999999998,0.0,44.762,9.778,1.0,170.17000000000002,2021,3,23,173.6,0.0,India_Averaged.csv
2021-03-24,0,142.0,98.0,22.4,6.7,31.2,9.3,1.3,1.3,1.2,1.2,1.8,1.8,5.2,5.2,-0.5696417267551575,2.135416191868038,10.768697,4.3766966,11.661509,24.400627,5.0,24.857,0.0,35.499,11.107,1.0,288.04200000000003,2021,3,24,142.0,0.0,India_Averaged.csv
2021-03-25,0,132.5,84.1,20.9,7.4,26.4,7.7,1.5,1.5,1.1,1.1,1.7,1.7,5.1,5.1,-1.027448575777212,1.0091184490198715,10.51265,3.712403,-0.96414393,19.397282,5.0,24.165,0.0,37.35,13.283000000000001,1.0,263.897,2021,3,25,132.5,0.0,India_Averaged.csv
2021-03-26,0,121.8,96.4,24.1,9.4,31.3,10.4,1.3,1.3,1.2,1.2,1.8,1.8,6.6,6.6,-0.2808103720166083,1.8594657280866838,10.954473,4.6733475,10.236072,30.664835,5.0,24.757,0.0,39.641999999999996,11.043000000000001,1.0,284.22200000000004,2021,3,26,121.8,0.0,India_Averaged.csv
2021-03-27,0,139.7,112.6,26.7,10.3,35.7,9.3,1.1,1.1,1.3,1.3,1.8,1.8,4.8,4.8,0.7307207477035561,2.112317569670404,10.998146,5.1471496,14.587519,29.982006,5.0,27.229000000000003,0.0,38.284000000000006,7.8870000000000005,1.0,245.46999999999997,2021,3,27,143.6,0.0,India_Averaged.csv
2021-03-28,0,149.7,113.0,26.6,9.6,44.56,8.4,1.1,1.1,1.3,1.3,1.8,1.8,4.7,4.7,0.8664052664808665,3.076038977335618,11.556247,5.0830774,16.438745,44.04287,5.0,28.782999999999998,0.0,34.3,9.452,1.0,212.748,2021,3,28,151.6,0.0,India_Averaged.csv
2021-03-29,0,152.2,112.25999999999999,15.34,7.1,26.160000000000004,5.82,1.8,1.8,0.8,0.8,2.1,2.1,4.0,4.0,-0.7160364952362298,0.7736189416324547,8.987178,3.0270896,-12.247057,24.041374,5.0,30.345999999999997,0.0,29.238,10.556000000000001,1.0,199.078,2021,3,29,154.35999999999999,0.0,India_Averaged.csv
2021-03-30,0,193.0,386.9,15.24,8.559999999999999,25.660000000000004,6.36,1.3,1.3,0.3,0.3,1.5,1.5,3.8,3.8,4.825383005017114,2.0364671327990953,9.350116,8.369192,62.634968,12.666435,5.0,30.315999999999995,0.0,24.178,21.491,1.0,283.03000000000003,2021,3,30,392.2,0.0,India_Averaged.csv
2021-03-31,0,165.3,129.5,20.1,6.3,27.7,8.1,1.6,1.6,0.9,0.9,1.5,1.5,7.3,7.3,0.06262824104263942,1.7483552581134991,10.826273,5.054613,19.4643,33.049538,5.0,27.964999999999996,0.0,17.945,17.954,1.0,295.588,2021,3,31,172.7,0.0,India_Averaged.csv
2021-04-01,0,120.4,109.5,20.0,7.4,29.7,9.9,1.2,1.2,1.4,1.4,2.0,2.0,7.3,7.3,-0.8322776734141932,1.9474255248596546,11.163249,4.5173707,0.7898628,34.426918,5.0,26.829,0.0,14.342000000000002,15.913,1.0,276.588,2021,4,1,147.3,0.0,India_Averaged.csv
2021-04-02,0,116.9,109.6,24.0,8.4,32.8,11.5,1.0,1.0,1.5,1.5,1.8,1.8,7.7,7.7,-0.32954857408841837,2.496123099083392,11.426775,4.953305,7.187388,45.91652,5.0,26.012,0.0,15.886000000000001,10.602,1.0,232.796,2021,4,2,131.6,0.0,India_Averaged.csv
2021-04-03,0,126.4,94.7,29.6,9.4,40.3,10.3,0.8,0.8,1.6,1.6,1.8,1.8,5.6,5.6,0.30123870796100133,2.9096349739314293,11.518784,5.5287714,19.216509,41.546017,5.0,26.338,0.0,18.709,9.248000000000001,1.0,199.59699999999998,2021,4,3,126.4,0.0,India_Averaged.csv
2021-04-04,0,129.0,106.4,30.2,9.1,39.44,10.7,0.8,0.8,1.6,1.6,1.5,1.5,5.6,5.6,0.5221550912386403,3.021614275469365,11.338446,5.873433,28.318203,37.761356,5.0,28.101999999999997,0.0,20.801000000000002,9.995999999999999,1.0,229.79000000000002,2021,4,4,130.0,0.0,India_Averaged.csv
2021-04-05,0,137.0,118.8,34.5,8.7,42.5,12.3,1.0,1.0,1.5,1.5,1.9,1.9,6.2,6.2,1.180546469337651,3.9079228554343053,11.273218,5.448796,16.787945,36.187157,5.0,30.794,0.0,23.023000000000003,11.86,1.0,164.599,2021,4,5,145.7,0.0,India_Averaged.csv
2021-04-06,0,151.4,136.2,30.74,7.5,58.3,11.8,0.9,0.9,1.4,1.4,1.7,1.7,6.1,6.1,1.3852675728284627,5.902776296685483,11.946196,5.931668,22.323238,48.32293,5.0,30.977999999999998,0.0,24.483999999999998,12.311,1.0,183.95300000000003,2021,4,6,162.3,0.0,India_Averaged.csv
2021-04-07,0,163.4,171.4,22.240000000000002,6.7,35.2,9.16,1.1,1.1,1.3,1.3,1.2,1.2,5.0,5.0,1.0620543298135292,2.9786902032472162,10.7022915,5.5433683,19.953411,29.192587,5.0,28.99,0.0,25.945,12.074,1.0,251.78000000000003,2021,4,7,196.9,0.0,India_Averaged.csv
2021-04-08,0,171.9,95.3,23.86,7.7,34.7,8.2,1.3,1.3,1.2,1.2,1.5,1.5,5.3,5.3,0.2766788136734184,2.2017311381212754,10.921373,5.2911634,21.528864,29.528072,5.0,27.704,0.0,23.3,10.997,1.0,229.11700000000002,2021,4,8,171.9,0.0,India_Averaged.csv
2021-04-09,0,124.3,97.0,27.0,8.8,35.4,8.1,1.1,1.1,1.3,1.3,1.8,1.8,4.6,4.6,-0.10897117014719009,1.9612792898239264,11.239485,5.208046,17.413174,30.976858,5.0,28.101999999999997,0.0,18.894,10.238000000000001,1.0,225.88000000000002,2021,4,9,128.5,0.0,India_Averaged.csv
2021-04-10,0,124.6,99.2,32.5,9.2,38.1,8.1,1.3,1.3,1.2,1.2,1.8,1.8,4.6,4.6,0.4642068833531986,2.2532647005313104,11.428165,5.409848,19.772121,35.30333,5.0,28.829,0.0,17.699,10.553999999999998,1.0,234.144,2021,4,10,130.3,0.0,India_Averaged.csv
2021-04-11,0,133.2,121.5,31.4,9.2,38.5,11.0,0.9,0.9,1.4,1.4,1.4,1.4,5.6,5.6,0.9519542621994234,3.0582380441404347,11.496111,5.8685684,23.668406,36.419617,5.0,29.543,0.0,18.115000000000002,9.43,1.0,231.85899999999998,2021,4,11,146.9,0.0,India_Averaged.csv
2021-04-12,0,143.6,127.8,32.7,10.8,42.4,11.0,1.1,1.1,1.3,1.3,1.5,1.5,5.6,5.6,1.7141006515876136,3.2912788937997255,11.409582,6.04598,25.112938,36.84444,5.0,30.199,0.0,18.984,9.153,1.0,226.17400000000004,2021,4,12,153.4,0.0,India_Averaged.csv
2021-04-13,0,158.9,126.7,26.1,9.5,34.7,11.4,1.1,1.1,1.3,1.3,1.5,1.5,6.3,6.3,1.129396952213307,2.7185425227054605,11.047869,5.3670626,14.215289,33.464935,5.0,31.054000000000002,0.0,18.424,11.935,1.0,271.06600000000003,2021,4,13,159.4,0.0,India_Averaged.csv
2021-04-14,0,152.4,104.4,22.7,7.6,31.8,10.0,1.2,1.2,1.4,1.4,1.5,1.5,6.3,6.3,-0.05157583645538635,2.2621424794359735,11.056867,4.875119,11.870864,30.209158,5.0,30.609,0.0,19.942,12.172,1.0,267.425,2021,4,14,152.4,0.0,India_Averaged.csv
2021-04-15,0,141.8,122.3,25.1,8.6,30.3,9.2,1.3,1.3,1.2,1.2,1.5,1.5,6.3,6.3,0.39966571604451884,1.8164104987708,11.016119,5.004895,15.702906,27.325466,5.0,31.134999999999998,0.0,18.764000000000003,10.937000000000001,1.0,258.221,2021,4,15,148.0,0.0,India_Averaged.csv
2021-04-16,0,144.8,163.9,19.1,6.7,14.5,7.3,1.8,1.8,0.8,0.8,1.2,1.2,5.1,5.1,0.08231702220384744,0.10285612079052173,9.55886,4.6103516,8.562835,8.2332945,5.0,29.1,0.0,37.46,10.979000000000001,1.0,201.86700000000002,2021,4,16,182.3,0.0,India_Averaged.csv
2021-04-17,0,129.5,80.1,13.9,5.6,28.2,5.9,1.8,1.8,1.1,1.1,2.3,2.3,3.7,3.7,-2.0481083703572023,1.0527821603951593,11.242279,2.3226073,-29.84013,32.628613,5.0,28.631999999999998,0.0,32.638000000000005,9.806999999999999,1.0,252.502,2021,4,17,129.5,0.0,India_Averaged.csv
2021-04-18,0,129.0,90.2,15.6,6.5,40.2,8.8,1.2,1.2,1.4,1.4,2.3,2.3,4.5,4.5,-1.396510047187539,2.95454044347528,11.702581,3.760694,-6.2068796,43.95594,5.0,29.119999999999997,0.0,27.737000000000002,8.645,1.0,231.31,2021,4,18,129.4,0.0,India_Averaged.csv
2021-04-19,0,133.57999999999998,104.7,21.9,9.7,34.2,8.0,1.0,1.0,1.5,1.5,1.8,1.8,4.8,4.8,-0.035008431157735484,1.6684342912560233,11.0490885,4.1692004,6.440048,28.36759,5.0,30.431,0.0,23.386,11.205,1.0,238.85,2021,4,19,136.07999999999998,0.0,India_Averaged.csv
2021-04-20,0,131.2,104.5,15.4,5.4,34.5,10.3,1.0,1.0,1.5,1.5,2.2,2.2,4.2,4.2,-1.4034139051322287,2.9028740078718074,11.353181,3.6105812,-11.775232,38.038822,5.0,28.7,0.0,27.393,15.312999999999999,1.0,181.961,2021,4,20,133.4,0.0,India_Averaged.csv
2021-04-21,0,128.5,91.6,12.5,5.5,31.2,7.6,1.4,1.4,1.3,1.3,2.2,2.2,5.8,5.8,-1.9444097392571909,1.825484806462842,11.477945,2.93284,-20.015121,32.755787,5.0,26.288999999999998,0.0,39.149,12.456,1.0,285.474,2021,4,21,137.2,0.0,India_Averaged.csv
2021-04-22,0,126.3,71.9,13.2,5.5,39.8,7.159999999999999,1.2,1.2,1.4,1.4,2.1,2.1,4.8,4.8,-2.158601294836202,2.6099680165256425,12.179205,3.2375755,-11.241908,50.210583,5.0,27.713,0.0,33.491,9.326,1.0,145.38400000000001,2021,4,22,126.3,0.0,India_Averaged.csv
2021-04-23,0,116.7,79.4,11.9,6.1,31.0,9.2,1.8,1.8,1.1,1.1,2.3,2.3,5.8,5.8,-2.2668443652112047,1.9486584388612183,11.785749,3.0000958,-20.862463,44.114628,5.0,28.543,0.0,32.239,15.485999999999999,1.0,147.927,2021,4,23,116.7,0.0,India_Averaged.csv
2021-04-24,0,121.08,68.5,14.9,5.7,36.7,7.2,1.2,1.2,1.4,1.4,2.1,2.1,4.2,4.2,-2.177454368589042,2.2128956470310004,11.826716,3.1442466,-11.707004,45.169277,5.0,27.538999999999998,0.0,27.652000000000005,12.482,1.0,270.707,2021,4,24,121.08,0.0,India_Averaged.csv
2021-04-25,0,107.4,93.5,18.8,7.7,42.3,9.36,1.0,1.0,1.5,1.5,2.1,2.1,6.2,6.2,-1.2240875677877738,3.083648128116063,11.994912,4.156392,-1.9947126,52.240814,5.0,28.942,0.0,22.652,11.279,1.0,286.479,2021,4,25,114.1,0.0,India_Averaged.csv
2021-04-26,0,135.8,128.4,23.2,9.8,48.9,12.3,1.1,1.1,1.3,1.3,1.8,1.8,4.9,4.9,0.7512848003540876,4.395347545999645,11.74243,5.0957274,14.675079,43.851734,5.0,30.812,0.0,20.223999999999997,8.47,1.0,261.398,2021,4,26,149.7,0.0,India_Averaged.csv
2021-04-27,0,173.1,146.4,25.0,10.1,47.2,12.4,1.0,1.0,1.2,1.2,2.1,2.1,5.5,5.5,1.9147241151190282,4.38142499051186,11.414413,5.207858,20.8461,38.19378,5.0,32.629000000000005,0.0,18.512999999999998,9.254000000000001,1.0,273.289,2021,4,27,174.8,0.0,India_Averaged.csv
2021-04-28,0,184.0,166.0,24.0,10.3,43.6,11.7,1.0,1.0,1.2,1.2,1.6,1.6,5.6,5.6,2.348289160667099,3.9031126084415924,11.120972,5.550966,24.966118,35.807396,5.0,33.696999999999996,0.0,16.407999999999998,10.770999999999999,1.0,285.67600000000004,2021,4,28,188.1,0.0,India_Averaged.csv
2021-04-29,0,201.1,176.1,21.0,8.3,44.9,11.3,1.0,1.0,1.2,1.2,1.9,1.9,6.0,6.0,2.2096642797958648,4.390350098282525,11.133468,5.561616,23.656597,32.769585,5.0,33.351,0.0,21.002,10.417,1.0,232.075,2021,4,29,210.9,0.0,India_Averaged.csv
2021-04-30,0,188.1,161.3,19.7,8.1,43.1,9.3,1.0,1.0,1.2,1.2,2.0,2.0,5.9,5.9,1.5368558428265358,3.663072141172665,11.507705,5.2741156,21.359089,44.405384,5.0,32.297000000000004,0.0,26.583000000000006,10.137,1.0,145.708,2021,4,30,191.8,0.0,India_Averaged.csv
2021-05-01,0,170.9,116.6,15.3,7.6,51.8,8.0,1.1,1.1,1.3,1.3,2.0,2.0,4.8,4.8,0.13521225919874671,4.152626090385497,12.369171,4.5924063,5.0746245,56.92851,5.0,32.289,0.0,27.938,9.607000000000001,1.0,144.954,2021,5,1,170.9,0.0,India_Averaged.csv
2021-05-02,0,149.6,101.8,15.9,7.2,33.5,6.8,1.3,1.3,1.2,1.2,1.8,1.8,4.7,4.7,-0.7710744467698858,1.750762310763628,11.24912,3.656958,-2.623292,32.39948,5.0,31.195999999999998,0.0,31.21,8.428999999999998,1.0,172.872,2021,5,2,150.7,0.0,India_Averaged.csv
2021-05-03,0,132.1,141.1,14.8,8.3,31.4,9.5,1.2,1.2,1.4,1.4,2.1,2.1,6.3,6.3,-0.2994999693698876,2.041573216525187,11.378244,4.4749784,2.6751657,42.907867,5.0,31.441999999999997,0.0,28.793,9.756,1.0,225.981,2021,5,3,167.5,0.0,India_Averaged.csv
2021-05-04,0,139.5,90.3,14.8,6.7,25.8,6.3,1.3,1.3,1.2,1.2,1.9,1.9,4.0,4.0,-1.4294048772624655,0.7597799634917723,10.706502,2.655468,-14.756241,20.484478,5.0,32.467,0.0,27.6,10.997,1.0,203.703,2021,5,4,141.7,0.0,India_Averaged.csv
2021-05-05,0,114.5,89.6,12.4,6.4,38.8,8.1,1.2,1.2,1.4,1.4,2.1,2.1,3.8,3.8,-1.9653937579083618,2.5894127012138606,11.948042,2.8203144,-17.920307,41.355003,5.0,31.746,0.0,33.243,11.744,1.0,169.91500000000002,2021,5,5,116.3,0.0,India_Averaged.csv
2021-05-06,0,135.3,91.2,10.7,7.8,35.4,5.7,1.2,1.2,1.4,1.4,2.1,2.1,3.8,3.8,-1.4786314816671025,1.4859229230130357,11.935617,3.415667,-14.8124485,45.359577,5.0,29.881999999999998,0.0,48.43,13.133000000000001,1.0,141.57,2021,5,6,137.4,0.0,India_Averaged.csv
2021-05-07,0,133.5,101.6,13.180000000000001,6.459999999999999,44.6,7.08,1.2,1.2,1.4,1.4,2.1,2.1,4.9,4.9,-1.2917787592959802,3.1349519492502607,10.582722,3.8592198,-1.6981907,45.94461,5.0,29.798999999999996,0.0,43.735,8.514,1.0,123.946,2021,5,7,142.3,0.0,India_Averaged.csv
2021-05-08,0,140.2582284118052,81.88224058029417,14.975631236617783,6.946204299769221,47.74152624365073,6.355304289990023,1.4,1.4,1.3,1.3,2.1,2.1,4.2,4.2,-1.2286051588825073,3.185588286125144,10.378244,3.872968,-1.1710165,40.06791,5.0,31.712,0.0,33.92,8.043000000000001,1.0,138.728,2021,5,8,140.2582284118052,0.0,India_Averaged.csv
2021-05-09,0,130.64000000000001,79.5,11.6,7.0,45.7,5.5,1.4,1.4,1.3,1.3,2.1,2.1,3.5,3.5,-1.728819605854286,2.6905182361835585,12.119753,3.5211473,-9.590769,44.895844,5.0,31.766,0.0,34.624,9.086,1.0,155.945,2021,5,9,130.64000000000001,0.0,India_Averaged.csv
2021-05-10,0,132.9,74.8,11.7,8.6,40.4,6.5,1.4,1.4,1.3,1.3,2.1,2.1,4.2,4.2,-1.4837528006799006,2.0095293061684756,11.826184,3.5032883,-4.917797,37.796913,5.0,31.232,0.0,37.935,10.711,1.0,167.53699999999998,2021,5,10,132.9,0.0,India_Averaged.csv
2021-05-11,0,125.8,73.7,10.1,6.4,40.7,6.0,1.4,1.4,1.3,1.3,2.4,2.4,2.8,2.8,-2.2002767883604117,2.2827616423521087,11.8106365,2.7423036,-16.006609,35.89107,5.0,31.557,0.0,35.987,11.495000000000001,1.0,181.986,2021,5,11,125.8,0.0,India_Averaged.csv
2021-05-12,0,119.1,75.0,10.3,6.4,32.0,5.7,1.4,1.4,1.3,1.3,2.4,2.4,3.4,3.4,-2.3955704442786105,1.2165529121846907,11.711768,2.2839656,-21.84038,33.64457,5.0,30.117,0.0,43.516999999999996,11.734,1.0,178.26600000000002,2021,5,12,119.1,0.0,India_Averaged.csv
2021-05-13,0,104.6,60.9,11.0,7.0,32.0,4.8,1.6,1.6,1.2,1.2,2.5,2.5,4.4,4.4,-2.7341758272808008,0.8087785049466015,11.821104,1.9982443,-27.887686,36.75388,5.0,28.292999999999996,0.0,52.592000000000006,11.519000000000002,1.0,124.00700000000002,2021,5,13,104.8,0.0,India_Averaged.csv
2021-05-14,0,101.8,73.2,10.6,6.4,40.7,5.1,1.4,1.4,1.3,1.3,2.4,2.4,4.1,4.1,-2.627437830226447,2.017888020842375,12.130201,2.5867765,-22.792198,36.069168,5.0,30.613,0.0,39.724000000000004,8.834999999999999,1.0,135.484,2021,5,14,101.8,0.0,India_Averaged.csv
2021-05-15,0,120.2,103.8,12.4,7.5,37.0,5.4,1.4,1.4,1.3,1.3,2.1,2.1,3.8,3.8,-1.4674859860653349,1.6863267102503308,11.81638,3.0061905,-14.670883,37.06362,5.0,31.293,0.0,37.698,8.6,1.0,107.72,2021,5,15,128.0,0.0,India_Averaged.csv
2021-05-16,0,120.9,81.0,13.2,8.7,53.8,7.9,1.0,1.0,1.5,1.5,2.2,2.2,5.2,5.2,-1.289821673868439,3.829140400699802,12.755106,3.886673,-6.0663867,61.487286,5.0,32.22,0.0,37.559000000000005,8.891,1.0,95.251,2021,5,16,120.9,0.0,India_Averaged.csv
2021-05-17,0,132.7,83.1,20.04,8.5,36.1,7.0,1.4,1.4,1.3,1.3,1.8,1.8,2.3,2.3,-0.7797511942267474,1.7540253787899178,10.983906,3.869847,0.22779998,29.910309,5.0,30.252999999999997,0.0,48.804,9.891,1.0,171.724,2021,5,17,132.7,0.0,India_Averaged.csv
2021-05-18,0,128.2,46.8,10.78,6.5,17.6,4.3,2.0,2.0,1.0,1.0,2.7,2.7,2.2,2.2,-2.824424876237102,-0.8520087755436366,10.091114,0.4683056,-40.19407,1.2687035,5.0,24.793,0.0,71.09200000000001,12.993,1.0,144.47400000000002,2021,5,18,128.2,0.0,India_Averaged.csv
2021-05-19,0,79.6,41.8,8.6,6.9,14.8,4.54,2.0,2.0,1.0,1.0,3.0,3.0,0.1,0.1,-3.9209551133879614,-1.370783809137753,9.474719,-1.4372693,-63.594765,-17.79768,5.0,21.753,0.0,88.172,17.452,1.0,130.543,2021,5,19,79.6,0.0,India_Averaged.csv
2021-05-20,0,86.3,48.7,9.2,6.6,23.3,3.7,2.0,2.0,1.0,1.0,3.0,3.0,3.5,3.5,-3.6096029848907136,-0.47750521536076135,11.015051,-0.45937973,-52.41036,3.2133555,5.0,25.086000000000002,0.0,71.581,12.459,1.0,241.398,2021,5,20,87.3,0.0,India_Averaged.csv
2021-05-21,0,87.5,56.0,11.7,7.4,20.9,3.5,2.0,2.0,1.0,1.0,3.0,3.0,2.9,2.9,-3.148211653629732,-0.8758808560018038,10.453661,0.2546596,-44.827656,-4.3455863,5.0,27.394,0.0,71.909,9.728,1.0,150.094,2021,5,21,88.5,0.0,India_Averaged.csv
2021-05-22,0,93.3,54.3,12.6,6.8,35.8,4.8,1.4,1.4,1.3,1.3,2.7,2.7,4.0,4.0,-2.92428758381445,1.223787577639096,11.249598,1.9112556,-24.710064,29.997284,5.0,28.528999999999996,0.0,63.031000000000006,7.684,1.0,217.01800000000003,2021,5,22,94.0,0.0,India_Averaged.csv
2021-05-23,0,84.7,271.3,11.8,6.58,31.6,4.4,1.3,1.3,1.2,1.2,1.8,1.8,4.6,4.6,0.3108241230326785,1.7258740970416564,10.590891,5.1591997,8.80084,31.986038,5.0,27.82,0.0,56.024,9.754,1.0,288.25699999999995,2021,5,23,274.2,0.0,India_Averaged.csv
2021-05-24,0,211.1,82.6,13.8,7.94,35.8,5.6,1.2,1.2,1.1,1.1,1.8,1.8,5.3,5.3,0.05016662415097324,1.6871300434471035,11.078564,4.464392,6.0067887,31.116375,5.0,28.990000000000002,0.0,43.672,14.357,1.0,300.555,2021,5,24,211.1,0.0,India_Averaged.csv
2021-05-25,0,123.8,77.6,15.6,6.7,39.4,5.8,1.4,1.4,1.3,1.3,2.1,2.1,2.9,2.9,-1.7123779449188958,2.095467579175507,11.652034,3.5477657,-5.6156616,41.38123,5.0,30.079999999999995,0.0,39.290000000000006,12.803,1.0,308.97200000000004,2021,5,25,123.8,0.0,India_Averaged.csv
2021-05-26,0,111.6,83.7,17.5,9.0,43.3,5.8,1.3,1.3,1.2,1.2,2.1,2.1,3.6,3.6,-1.1853244643728154,2.1436524610076364,11.352874,3.8107262,-2.8479476,31.774357,5.0,30.597,0.0,41.416000000000004,10.494,1.0,297.47999999999996,2021,5,26,114.7,0.0,India_Averaged.csv
2021-05-27,0,119.2,88.4,14.3,7.7,40.3,5.3,1.4,1.4,1.3,1.3,2.1,2.1,2.8,2.8,-1.5155318815683936,1.9414644952015512,11.364452,3.241546,-8.016497,28.229034,5.0,31.011000000000003,0.0,48.786,10.055000000000001,1.0,198.708,2021,5,27,124.0,0.0,India_Averaged.csv
2021-05-28,0,112.3,68.5,10.3,7.7,30.8,5.16,1.4,1.4,1.3,1.3,2.4,2.4,3.0,3.0,-2.389132819522565,0.6817510414584771,11.507795,1.7709316,-27.20494,33.19479,5.0,31.678999999999995,0.0,53.362,13.347,1.0,194.593,2021,5,28,112.3,0.0,India_Averaged.csv
2021-05-29,0,102.8,61.5,8.4,6.2,24.7,5.16,2.0,2.0,1.0,1.0,2.7,2.7,2.2,2.2,-3.197940281635747,0.1754002048985262,11.2588825,0.30939746,-50.526634,31.93896,5.0,31.869999999999997,0.0,52.182,15.060999999999998,1.0,183.193,2021,5,29,102.8,0.0,India_Averaged.csv
2021-05-30,0,84.4,77.1,10.2,8.3,25.1,4.2,2.0,2.0,1.0,1.0,3.0,3.0,2.3,2.3,-2.7333691814320082,-0.3215231701018831,10.855349,1.2991687,-38.44278,4.3787932,5.0,31.372999999999998,0.0,57.318,10.633,1.0,184.18800000000002,2021,5,30,91.4,0.0,India_Averaged.csv
2021-05-31,0,93.3,77.4,14.1,7.5,28.8,4.6,1.6,1.6,1.2,1.2,2.2,2.2,3.7,3.7,-2.3772583509604575,0.3857480837720879,10.999571,1.7886852,-26.276592,10.849469,5.0,32.272999999999996,0.0,50.165,11.173,1.0,184.649,2021,5,31,95.8,0.0,India_Averaged.csv
2021-06-01,0,115.9,110.5,11.5,6.4,24.2,4.4,1.8,1.8,1.1,1.1,2.7,2.7,3.1,3.1,-1.8935252610684443,0.2189982200382376,10.631665,2.0181537,-22.3511,12.686407,5.0,29.360000000000003,0.0,63.55,8.516,1.0,167.649,2021,6,1,135.9,0.0,India_Averaged.csv
2021-06-02,0,106.3,69.6,13.9,7.7,27.4,5.2,1.6,1.6,1.2,1.2,2.2,2.2,3.8,3.8,-2.2475837641670293,0.32061951815922435,10.9345,2.201942,-17.181034,9.454439,5.0,30.049,0.0,59.784000000000006,7.1739999999999995,1.0,215.01100000000002,2021,6,2,108.8,0.0,India_Averaged.csv
2021-06-03,0,111.8,83.9,14.6,8.4,43.4,6.3,1.4,1.4,1.3,1.3,1.9,1.9,4.6,4.6,-1.511278784436175,2.3484658959325597,11.87209,3.2565074,-12.174967,44.836143,5.0,30.381,0.0,57.448,6.184,1.0,132.551,2021,6,3,119.8,0.0,India_Averaged.csv
2021-06-04,0,127.1,79.3,13.6,8.1,35.9,6.0,1.6,1.6,1.2,1.2,1.9,1.9,2.5,2.5,-1.5336942883308986,1.496838898692712,10.943708,2.8294225,-12.289392,27.496334,5.0,30.462,0.0,58.528999999999996,6.344,1.0,171.93099999999998,2021,6,4,127.1,0.0,India_Averaged.csv
2021-06-05,0,123.3,69.3,13.1,8.5,30.3,6.7,1.6,1.6,1.2,1.2,1.9,1.9,3.6,3.6,-1.7820455082430573,0.8790935937575839,10.702103,3.1271012,-7.9807143,20.228764,5.0,30.755000000000003,0.0,57.388999999999996,9.454,1.0,197.50900000000001,2021,6,5,123.3,0.0,India_Averaged.csv
2021-06-06,0,106.6,76.8,16.3,8.6,27.5,6.1,1.6,1.6,1.2,1.2,1.9,1.9,1.8,1.8,-1.7461963044580373,0.4256341623136855,10.696419,2.5620208,-14.363764,14.099428,5.0,31.727999999999998,0.0,53.043000000000006,8.927,1.0,272.287,2021,6,6,106.6,0.0,India_Averaged.csv
2021-06-07,0,110.0,89.6,16.0,9.1,30.2,6.5,1.4,1.4,1.3,1.3,1.9,1.9,2.5,2.5,-1.358153941539901,0.8020755076476023,10.464519,2.5388618,-14.130506,17.686834,5.0,32.968,0.0,47.662,11.889,1.0,243.10399999999998,2021,6,7,110.7,0.0,India_Averaged.csv
2021-06-08,0,125.2,162.2,13.5,8.5,17.6,6.1,1.7,1.7,0.7,0.7,1.5,1.5,2.7,2.7,-0.3543196484197028,-0.23370505714412643,9.367552,3.652266,-1.2025669,4.5525093,5.0,34.761,0.0,38.771,17.262999999999998,1.0,271.05,2021,6,8,179.5,0.0,India_Averaged.csv
2021-06-09,0,145.1,123.2,11.2,7.8,19.4,5.4,1.7,1.7,1.0,1.0,1.7,1.7,2.8,2.8,-0.9297707890901105,-0.21013266054213245,9.755049,2.2956343,-18.168898,1.3069775,5.0,35.047000000000004,0.0,43.171,16.194,1.0,236.971,2021,6,9,153.3,0.0,India_Averaged.csv
2021-06-10,0,125.0,86.7,9.5,6.8,22.4,5.36,1.8,1.8,1.1,1.1,2.3,2.3,2.3,2.3,-2.1946642222457493,0.0481887236859091,10.311747,0.97452325,-31.808025,4.549297,5.0,32.904,0.0,53.690999999999995,16.916999999999998,1.0,166.683,2021,6,10,125.0,0.0,India_Averaged.csv
2021-06-11,0,122.2,85.5,10.9,8.3,26.0,4.8,1.3,1.3,1.2,1.2,2.1,2.1,2.3,2.3,-1.8237499178206569,0.06814590488181024,10.678034,1.7248514,-24.512838,8.097913,5.0,32.899,0.0,52.26400000000001,13.732999999999999,1.0,171.96800000000002,2021,6,11,122.7,0.0,India_Averaged.csv
2021-06-12,0,108.3,61.64,9.6,8.08,18.6,4.54,2.0,2.0,1.0,1.0,2.4,2.4,2.3,2.3,-2.7068357192297157,-0.9584582964733744,10.230182,0.45830935,-38.27427,-3.3249774,5.0,32.511,0.0,55.556999999999995,15.222000000000003,1.0,164.18099999999998,2021,6,12,108.3,0.0,India_Averaged.csv
2021-06-13,0,106.25822841180518,67.78224058029417,13.075631236617784,7.846204299769221,23.241526243650732,5.555304289990024,1.8,1.8,1.1,1.1,2.6,2.6,2.4,2.4,-2.355912394813702,-0.11572370273716488,8.473827,1.2445751,-25.768442,-5.224765,5.0,31.613,0.0,59.386,7.962000000000001,1.0,154.797,2021,6,13,106.25822841180518,0.0,India_Averaged.csv
2021-06-14,0,94.82000000000001,63.5,11.8,7.2,31.0,4.74,1.4,1.4,1.3,1.3,2.7,2.7,1.4,1.4,-2.7841433052793523,0.6375024228045042,10.902586,1.4766071,-26.964222,4.6784515,5.0,31.886000000000003,0.0,54.992999999999995,10.030000000000001,1.0,161.81300000000002,2021,6,14,94.82000000000001,0.0,India_Averaged.csv
2021-06-15,0,101.4,68.6,10.8,6.4,25.6,5.8,1.8,1.8,1.1,1.1,2.9,2.9,3.3,3.3,-2.864392266602909,0.4322712863689911,10.373743,0.8469469,-37.39703,10.13183,5.0,30.999000000000002,0.0,61.681999999999995,11.113999999999999,1.0,218.43,2021,6,15,101.4,0.0,India_Averaged.csv
2021-06-16,0,103.4,60.6,11.3,8.0,24.4,6.3,1.8,1.8,1.1,1.1,2.6,2.6,3.1,3.1,-2.6062390876851302,0.09434466263687317,9.926634,1.3685613,-32.05772,12.976057,5.0,29.964,0.0,64.92099999999999,9.619,1.0,161.251,2021,6,16,103.4,0.0,India_Averaged.csv
2021-06-17,0,101.6,62.7,12.2,7.2,22.1,5.18,1.8,1.8,1.1,1.1,2.9,2.9,3.0,3.0,-2.7408232349481945,-0.25916702486503657,10.349776,0.8432356,-37.35856,1.7221336,5.0,30.32,0.0,64.719,9.433,1.0,126.918,2021,6,17,101.6,0.0,India_Averaged.csv
2021-06-18,0,109.8,66.8,10.7,6.2,22.8,5.1,2.0,2.0,1.0,1.0,2.7,2.7,3.7,3.7,-2.8298234237032522,0.010736636613006478,10.429942,0.6021457,-46.74633,12.152254,5.0,29.810000000000002,0.0,65.231,11.555,1.0,121.165,2021,6,18,119.0,0.0,India_Averaged.csv
2021-06-19,0,83.1,45.0,10.4,7.4,18.1,6.2,2.0,2.0,1.0,1.0,3.0,3.0,1.4,1.4,-3.502719797320257,-0.6803323258903735,9.955641,-0.4361969,-49.76461,4.2158012,5.0,28.744,0.0,69.757,11.295,1.0,136.921,2021,6,19,83.1,0.0,India_Averaged.csv
2021-06-20,0,78.2,45.7,9.4,7.5,19.4,5.2,2.0,2.0,1.0,1.0,3.0,3.0,1.4,1.4,-3.6371891543231003,-0.7876500671916649,10.123985,-0.42418575,-54.565834,-0.45552367,5.0,29.15,0.0,69.40299999999999,10.788,1.0,150.53,2021,6,20,78.2,0.0,India_Averaged.csv
2021-06-21,0,80.2,66.1,12.7,6.9,25.5,5.1,1.6,1.6,1.2,1.2,2.9,2.9,1.8,1.8,-3.063753319306581,0.12127979953810168,10.519493,0.855354,-31.048975,6.286223,5.0,30.748,0.0,61.636,10.528,1.0,225.17800000000003,2021,6,21,80.5,0.0,India_Averaged.csv
2021-06-22,0,104.2,84.2,16.0,8.2,29.8,4.7,1.6,1.6,1.2,1.2,2.2,2.2,1.2,1.2,-1.7655962459679908,0.4780294921075819,10.214902,2.2075815,-17.335308,-0.90992165,5.0,32.909,0.0,50.179,11.064,1.0,245.81899999999996,2021,6,22,105.2,0.0,India_Averaged.csv
2021-06-23,0,119.6,114.9,16.4,7.6,37.4,6.0,1.4,1.4,1.3,1.3,1.8,1.8,2.5,2.5,-0.9582649768197375,1.929794927442655,10.481053,3.110893,-8.64464,18.153315,5.0,33.366,0.0,49.725,11.346,1.0,197.226,2021,6,23,131.4,0.0,India_Averaged.csv
2021-06-24,0,145.3,86.0,12.0,7.0,26.8,5.5,1.4,1.4,1.3,1.3,2.4,2.4,4.4,4.4,-1.545575833984475,0.6191501984932051,10.760722,2.133772,-21.5889,25.19759,5.0,32.185,0.0,56.663,11.149,1.0,187.171,2021,6,24,146.4,0.0,India_Averaged.csv
2021-06-25,0,125.2,87.6,13.8,6.5,26.7,4.8,1.4,1.4,1.3,1.3,1.9,1.9,1.8,1.8,-1.865718655137109,0.5065668296886412,10.327707,2.282866,-18.193539,15.918376,5.0,31.779999999999994,0.0,57.758,9.717,1.0,225.129,2021,6,25,125.2,0.0,India_Averaged.csv
2021-06-26,0,122.5,70.7,14.9,8.2,27.0,5.5,1.4,1.4,1.3,1.3,2.1,2.1,1.7,1.7,-1.7537374359782514,0.3130368567045828,10.108419,2.389312,-13.88999,6.5696135,5.0,31.713,0.0,56.939,8.093,1.0,183.828,2021,6,26,122.5,0.0,India_Averaged.csv
2021-06-27,0,115.6,86.1,13.8,7.7,32.1,4.6,1.2,1.2,1.4,1.4,1.8,1.8,2.4,2.4,-1.7657175277050254,0.8304144761314959,10.744496,2.5385213,-17.592728,23.299654,5.0,33.236000000000004,0.0,50.847,9.323,1.0,176.741,2021,6,27,116.6,0.0,India_Averaged.csv
2021-06-28,0,133.0,79.2,14.0,7.1,35.8,5.3,1.2,1.2,1.4,1.4,2.0,2.0,2.8,2.8,-1.6078215825004691,1.528110044015102,10.554346,2.6636744,-17.685465,28.053976,5.0,34.101,0.0,45.836,8.513,1.0,190.533,2021,6,28,133.0,0.0,India_Averaged.csv
2021-06-29,0,133.9,96.2,17.9,10.1,31.4,5.4,1.4,1.4,1.3,1.3,1.8,1.8,2.2,2.2,-0.46428202198853175,0.6384412171820865,10.534773,3.4094188,-1.5592887,11.689216,5.0,35.313,0.0,39.467,14.006,1.0,271.495,2021,6,29,133.9,0.0,India_Averaged.csv
2021-06-30,0,138.8,140.2,12.9,7.2,16.2,5.3,1.9,1.9,0.9,0.9,1.6,1.6,2.6,2.6,-0.7981641013303077,-0.41191530108551583,9.326213,2.9491034,-4.697071,2.234671,5.0,35.748000000000005,0.0,37.693,20.369,1.0,265.588,2021,6,30,164.9,0.0,India_Averaged.csv
2021-07-01,0,138.4,104.6,12.2,7.1,16.9,5.12,2.0,2.0,1.0,1.0,2.4,2.4,3.1,3.1,-1.4565226172439996,-0.5346888125103885,9.409288,1.7213383,-20.94093,-8.92663,5.0,35.123000000000005,0.0,40.394999999999996,17.9,1.0,244.51100000000002,2021,7,1,143.3,0.0,India_Averaged.csv
2021-07-02,0,116.7,115.8,12.1,7.6,17.2,4.9,1.9,1.9,0.9,0.9,2.1,2.1,2.4,2.4,-1.5813360499966573,-0.6456688251074076,9.60335,1.3323834,-32.76576,-0.20937653,5.0,33.816,0.0,47.553999999999995,15.385,1.0,251.06199999999998,2021,7,2,133.8,0.0,India_Averaged.csv
2021-07-03,0,124.3,79.6,14.2,7.6,18.1,5.3,1.8,1.8,1.1,1.1,2.4,2.4,1.8,1.8,-1.8572176999676302,-0.5938697932457511,9.752866,1.4316262,-29.96809,-0.9129326,5.0,32.363,0.0,52.178,11.462,1.0,238.445,2021,7,3,124.3,0.0,India_Averaged.csv
2021-07-04,0,111.7,85.1,16.9,8.2,32.1,5.4,1.4,1.4,1.3,1.3,2.1,2.1,2.4,2.4,-1.505928299183236,0.9259490515299843,10.368185,2.2979732,-16.026896,18.812513,5.0,32.969,0.0,51.141999999999996,8.992,1.0,253.127,2021,7,4,112.4,0.0,India_Averaged.csv
2021-07-05,0,131.8,84.5,16.3,7.6,23.5,5.5,1.7,1.7,1.0,1.0,2.3,2.3,2.4,2.4,-1.4109839431704028,0.12619388492179087,10.019958,2.632826,-12.330121,6.420192,5.0,33.295,0.0,50.14,10.040000000000001,1.0,274.412,2021,7,5,131.8,0.0,India_Averaged.csv
2021-07-06,0,122.7,87.7,16.4,7.6,23.3,5.2,1.5,1.5,1.1,1.1,2.0,2.0,3.7,3.7,-1.52602154639593,0.027887570504696185,10.185488,2.1621692,-20.79891,9.994781,5.0,34.243,0.0,45.638,11.323,1.0,285.739,2021,7,6,122.7,0.0,India_Averaged.csv
2021-07-07,0,118.7,95.2,15.2,7.8,21.1,5.0,1.7,1.7,1.0,1.0,2.1,2.1,3.3,3.3,-1.5575609417415315,-0.2857066477709337,9.977259,1.8680166,-22.561316,5.7860837,5.0,35.263,0.0,41.288,13.507,1.0,270.526,2021,7,7,118.9,0.0,India_Averaged.csv
2021-07-08,0,118.8,101.3,13.5,7.8,23.8,5.4,1.9,1.9,0.9,0.9,2.4,2.4,3.2,3.2,-1.5473644636413175,0.12530640028998044,10.572362,2.0069692,-23.68576,16.10503,5.0,34.543,0.0,44.879000000000005,13.633000000000001,1.0,227.41799999999998,2021,7,8,121.1,0.0,India_Averaged.csv
2021-07-09,0,116.8,73.6,14.2,7.3,33.7,5.6,1.4,1.4,1.3,1.3,2.2,2.2,2.4,2.4,-1.9644310222288908,1.2471169080844833,10.798787,2.3017745,-19.91045,31.28067,5.0,33.083,0.0,53.576,10.129999999999999,1.0,146.58599999999998,2021,7,9,117.2,0.0,India_Averaged.csv
2021-07-10,0,119.6,61.1,13.1,7.8,24.5,5.8,1.8,1.8,1.1,1.1,2.7,2.7,3.0,3.0,-2.207474260262097,0.09522607760728038,10.545768,1.7022188,-25.830402,9.696466,5.0,33.146,0.0,57.021,10.937,1.0,130.109,2021,7,10,119.6,0.0,India_Averaged.csv
2021-07-11,0,102.6,57.6,10.4,7.8,21.22,5.3,2.0,2.0,1.0,1.0,3.0,3.0,2.3,2.3,-2.8313793598527424,-0.4749048843227035,10.172128,0.5858224,-42.788834,9.0221,5.0,31.121,0.0,68.75800000000001,15.645,1.0,115.575,2021,7,11,102.6,0.0,India_Averaged.csv
2021-07-12,0,103.8,62.1,11.5,8.5,17.7,5.6,2.0,2.0,1.0,1.0,3.0,3.0,1.5,1.5,-2.5486450396066096,-0.898450029021508,9.857373,0.8169832,-37.608437,0.23356429,5.0,30.014999999999997,0.0,72.226,15.946000000000002,1.0,106.478,2021,7,12,105.2,0.0,India_Averaged.csv
2021-07-13,0,102.9,62.9,15.0,9.4,19.1,6.2,1.8,1.8,1.1,1.1,2.6,2.6,1.3,1.3,-2.079386226327433,-0.7372373385020563,9.530398,0.8383829,-27.326946,-15.63492,5.0,29.766000000000002,0.0,76.75399999999999,10.611,1.0,88.09599999999999,2021,7,13,112.1,0.0,India_Averaged.csv
2021-07-14,0,87.8,47.1,15.4,9.5,13.7,5.9,2.0,2.0,1.0,1.0,2.4,2.4,1.4,1.4,-2.635623248957665,-1.552106609906711,9.354533,1.3201408,-35.482628,-25.658243,5.0,29.512,0.0,78.26700000000001,10.181000000000001,1.0,80.566,2021,7,14,87.8,0.0,India_Averaged.csv
2021-07-15,0,90.5,56.5,13.2,11.9,20.5,5.1,1.8,1.8,1.1,1.1,2.4,2.4,2.6,2.6,-2.0485198855158115,-1.3402233411778415,9.485141,1.7368813,-31.361286,-17.949747,5.0,31.043,0.0,71.219,11.738,1.0,90.922,2021,7,15,90.5,0.0,India_Averaged.csv
2021-07-16,0,98.3,60.5,13.7,10.0,25.7,4.6,1.8,1.8,1.1,1.1,2.4,2.4,2.7,2.7,-2.127331224794697,-0.47791674536483997,10.305273,1.9150238,-31.864233,-2.438088,5.0,31.344,0.0,70.023,10.373000000000001,1.0,108.11399999999999,2021,7,16,98.3,0.0,India_Averaged.csv
2021-07-17,0,102.0,61.8,12.5,9.3,29.3,5.2,1.4,1.4,1.3,1.3,2.4,2.4,2.9,2.9,-2.217917960051117,0.19334176296138822,9.991647,2.1424687,-21.383987,13.920776,5.0,32.150999999999996,0.0,67.579,7.815,1.0,210.69500000000002,2021,7,17,102.0,0.0,India_Averaged.csv
2021-07-18,0,107.9,53.1,10.5,9.4,18.8,4.1,2.0,2.0,1.0,1.0,2.4,2.4,1.0,1.0,-2.5247132395284333,-1.299991168039298,9.744667,1.1416762,-34.57387,-18.095913,5.0,29.431,0.0,80.662,9.947,1.0,193.05900000000003,2021,7,18,107.9,0.0,India_Averaged.csv
2021-07-19,0,85.5,29.1,11.1,8.2,12.7,4.5200000000000005,2.0,2.0,1.0,1.0,3.0,3.0,0.8,0.8,-3.5937514143115967,-1.8677221399643753,8.4637165,-0.18467867,-41.469887,-49.123604,5.0,26.738,0.0,89.975,8.034,1.0,197.62000000000003,2021,7,19,85.5,0.0,India_Averaged.csv
2021-07-20,0,57.9,49.5,14.1,9.7,21.0,4.3,1.8,1.8,1.1,1.1,2.9,2.9,0.9,0.9,-3.1448311326012233,-1.192644720545307,9.983375,1.0310752,-32.94677,-31.259705,5.0,28.157,0.0,81.24600000000001,9.055,1.0,188.64499999999998,2021,7,20,62.1,0.0,India_Averaged.csv
2021-07-21,0,84.9,60.7,15.2,9.8,25.3,4.5,1.8,1.8,1.1,1.1,2.3,2.3,2.1,2.1,-2.3039404700730755,-0.5359600992651454,9.725941,1.703071,-31.77265,-19.006428,5.0,28.922999999999995,0.0,78.878,9.934000000000001,1.0,187.333,2021,7,21,84.9,0.0,India_Averaged.csv
2021-07-22,0,96.6,65.1,11.3,7.8,21.2,4.1,1.8,1.8,1.1,1.1,2.6,2.6,2.2,2.2,-2.7686787577789427,-0.7132970325677757,10.18204,0.98227614,-37.346893,-5.542474,5.0,28.622000000000003,0.0,81.466,10.3,1.0,153.081,2021,7,22,98.7,0.0,India_Averaged.csv
2021-07-23,0,96.5,52.5,12.5,7.9,16.4,4.5,2.0,2.0,1.0,1.0,2.7,2.7,0.2,0.2,-2.9166932334950864,-1.2413626521590302,9.098053,0.5072861,-33.110844,-28.517176,5.0,28.407999999999998,0.0,85.338,7.994,1.0,161.834,2021,7,23,96.5,0.0,India_Averaged.csv
2021-07-24,0,93.9,64.1,15.2,8.7,32.0,4.8,1.8,1.8,1.1,1.1,2.9,2.9,0.6,0.6,-2.218403770905779,0.5276698758383478,9.65535,0.7200548,-32.667286,-31.353195,5.0,29.598000000000003,0.0,81.605,6.678,1.0,137.371,2021,7,24,99.6,0.0,India_Averaged.csv
2021-07-25,0,107.4,58.2,12.1,6.7,14.8,4.5,2.0,2.0,1.0,1.0,2.7,2.7,0.2,0.2,-2.9120353896176865,-1.1558514048857047,8.837483,-0.14599426,-41.63371,-28.764233,5.0,30.177,0.0,76.90799999999999,9.522,1.0,146.111,2021,7,25,107.4,0.0,India_Averaged.csv
2021-07-26,0,95.9,57.6,13.3,6.7,14.8,5.04,2.0,2.0,1.0,1.0,2.7,2.7,0.3,0.3,-3.03521754629936,-1.0643934420967793,9.045229,-0.049134135,-45.1993,-33.793945,5.0,28.413,0.0,85.442,9.321,1.0,187.845,2021,7,26,95.9,0.0,India_Averaged.csv
2021-07-27,0,101.4,51.4,13.8,8.2,7.3,4.3,2.0,2.0,1.0,1.0,2.4,2.4,0.3,0.3,-2.7960038234634985,-2.3533285033965647,8.330983,-0.40050906,-41.62846,-45.44644,5.0,27.468,0.0,86.524,11.568999999999999,1.0,242.387,2021,7,27,101.4,0.0,India_Averaged.csv
2021-07-28,0,96.9,35.5,12.8,7.7,8.0,3.9,2.0,2.0,1.0,1.0,2.4,2.4,0.2,0.2,-3.3138041298223193,-2.3718994173369117,8.510086,-0.51835454,-44.399418,-39.06021,5.0,26.794,0.0,86.544,11.991,1.0,272.00300000000004,2021,7,28,96.9,0.0,India_Averaged.csv
2021-07-29,0,68.2,42.9,14.3,8.1,15.7,4.3,2.0,2.0,1.0,1.0,2.7,2.7,0.9,0.9,-3.4313503937289127,-1.5144134825372164,9.453699,-0.07074253,-38.604176,-45.705025,5.0,27.094,0.0,86.659,9.358,1.0,222.49,2021,7,29,68.7,0.0,India_Averaged.csv
2021-07-30,0,77.9,47.72,14.6,6.5,11.2,3.9,2.0,2.0,1.0,1.0,3.0,3.0,0.2,0.2,-3.530582059938016,-1.7779151573132197,8.593859,-0.53179944,-44.120457,-47.823715,5.0,26.823,0.0,87.91000000000001,11.154,1.0,162.834,2021,7,30,77.9,0.0,India_Averaged.csv
2021-07-31,0,92.9,48.239999999999995,11.7,5.92,14.319999999999999,3.6,2.0,2.0,1.0,1.0,3.0,3.0,1.5,1.5,-3.549298052517176,-1.3638660818377963,9.332658,-0.8275589,-50.557365,-29.001179,5.0,27.125999999999998,0.0,87.803,13.11,1.0,175.34300000000002,2021,7,31,92.9,0.0,India_Averaged.csv
2021-08-01,0,87.17999999999999,52.120000000000005,13.8,8.0,13.24,5.2,2.0,2.0,1.0,1.0,2.7,2.7,0.9,0.9,-3.003520284109001,-1.4835781964103574,8.627497,0.5246225,-37.178356,-31.262028,5.0,27.688,0.0,85.309,11.297999999999998,1.0,250.664,2021,8,1,87.28,0.0,India_Averaged.csv
2021-08-02,0,83.8,60.2,13.9,9.9,14.9,5.0,1.8,1.8,1.1,1.1,2.3,2.3,1.0,1.0,-2.5279280036091394,-1.6425384478876706,9.021487,0.71553427,-25.976007,-40.515633,5.0,26.869,0.0,87.513,11.873999999999999,1.0,173.593,2021,8,2,83.9,0.0,India_Averaged.csv
2021-08-03,0,100.2,54.8,10.8,6.4,13.0,5.6,2.0,2.0,1.0,1.0,3.0,3.0,1.3,1.3,-3.2655267038819624,-1.1148532742137713,9.359914,0.51886034,-39.481895,-13.392362,5.0,27.406,0.0,85.92399999999999,14.604000000000003,1.0,147.014,2021,8,3,100.2,0.0,India_Averaged.csv
2021-08-04,0,84.2,54.6,12.0,6.2,17.6,4.8,2.0,2.0,1.0,1.0,2.7,2.7,1.8,1.8,-3.4703875002381523,-0.7694596543632379,9.656189,-0.68215686,-48.044315,-23.336807,5.0,27.655,0.0,82.267,12.793,1.0,143.093,2021,8,4,84.2,0.0,India_Averaged.csv
2021-08-05,0,81.9,64.4,12.3,6.8,16.3,6.1,2.0,2.0,1.0,1.0,2.7,2.7,1.6,1.6,-3.205560026001701,-0.6948630343698963,9.303745,-0.10236178,-44.57424,-17.027945,5.0,28.467000000000002,0.0,80.7,7.617,1.0,160.212,2021,8,5,82.7,0.0,India_Averaged.csv
2021-08-06,0,102.9,71.4,13.3,7.3,20.0,6.5,1.8,1.8,1.1,1.1,2.9,2.9,3.8,3.8,-2.4760221694388274,-0.17172131843143235,10.042705,1.62833,-29.039318,-6.1459928,5.0,28.907,0.0,82.517,6.587999999999999,1.0,164.5,2021,8,6,102.9,0.0,India_Averaged.csv
2021-08-07,0,115.1,61.9,13.1,6.9,12.8,6.1,2.0,2.0,1.0,1.0,2.7,2.7,1.5,1.5,-2.593041475965523,-1.0200540434165903,9.301493,1.1044736,-34.50607,-18.750353,5.0,27.917,0.0,86.386,6.196,1.0,158.61100000000002,2021,8,7,115.1,0.0,India_Averaged.csv
2021-08-08,0,105.9,61.4,13.8,7.9,14.0,5.1,2.0,2.0,1.0,1.0,2.7,2.7,1.5,1.5,-2.5177186660520388,-1.3019127304247733,9.183493,1.2607446,-28.482044,-11.3024235,5.0,28.303000000000004,0.0,83.551,6.4879999999999995,1.0,184.85700000000003,2021,8,8,105.9,0.0,India_Averaged.csv
2021-08-09,0,107.1,68.2,13.4,7.0,16.2,5.1,2.0,2.0,1.0,1.0,2.4,2.4,2.1,2.1,-2.569035847483309,-0.8598995734424129,9.076419,0.69686633,-33.86394,-23.207808,5.0,28.211000000000002,0.0,82.52799999999999,9.443999999999999,1.0,187.99200000000002,2021,8,9,107.1,0.0,India_Averaged.csv
2021-08-10,0,117.8,76.6,12.2,7.4,13.3,4.9,2.0,2.0,1.0,1.0,2.4,2.4,1.0,1.0,-2.282126557800887,-1.241303801773985,8.822553,0.71075046,-34.795807,-14.441655,5.0,29.303999999999995,0.0,72.924,12.922999999999998,1.0,258.91999999999996,2021,8,10,119.4,0.0,India_Averaged.csv
2021-08-11,0,118.1,74.8,11.6,6.0,12.6,4.3,2.0,2.0,1.0,1.0,2.4,2.4,0.3,0.3,-2.6498488835262957,-1.2184571785790737,8.920832,0.45721096,-36.33891,-12.187384,5.0,29.097999999999995,0.0,68.266,14.491,1.0,252.94,2021,8,11,118.1,0.0,India_Averaged.csv
2021-08-12,0,106.1,79.7,12.1,5.5,13.4,4.5,2.0,2.0,1.0,1.0,2.7,2.7,1.0,1.0,-2.841315389262612,-1.002597953921775,8.999247,0.13330492,-39.175713,-15.486177,5.0,29.254,0.0,68.329,12.631,1.0,252.324,2021,8,12,108.0,0.0,India_Averaged.csv
2021-08-13,0,102.1,78.7,11.5,6.1,13.3,4.1,1.9,1.9,0.9,0.9,2.7,2.7,1.0,1.0,-2.8640477620116522,-1.2283241081644003,9.056156,0.3674987,-38.71188,-16.598927,5.0,29.445999999999998,0.0,67.387,12.299,1.0,250.47799999999998,2021,8,13,104.9,0.0,India_Averaged.csv
2021-08-14,0,103.3,78.9,12.7,5.9,14.0,4.7,2.0,2.0,1.0,1.0,2.7,2.7,1.0,1.0,-2.770147030900671,-0.968264724994601,8.580279,0.2457623,-35.36599,-21.220284,5.0,29.314999999999998,0.0,67.392,13.190999999999999,1.0,244.27799999999996,2021,8,14,104.1,0.0,India_Averaged.csv
2021-08-15,0,104.6,75.7,11.8,4.3,14.9,4.68,2.0,2.0,1.0,1.0,3.0,3.0,1.0,1.0,-3.1777884571669985,-0.607752305031897,8.674233,0.44004074,-35.844856,-7.7071595,5.0,29.252999999999997,0.0,66.839,10.224,1.0,255.45899999999997,2021,8,15,105.5,0.0,India_Averaged.csv
2021-08-16,0,98.5,85.1,12.9,5.9,17.0,6.0,2.0,2.0,1.0,1.0,2.7,2.7,2.1,2.1,-2.687401952519081,-0.3248163982358091,9.365225,1.0843366,-36.577217,-4.062872,5.0,29.639,0.0,67.31400000000001,7.444,1.0,238.44099999999997,2021,8,16,103.7,0.0,India_Averaged.csv
2021-08-17,0,109.1,93.0,14.4,5.7,15.7,3.9,2.0,2.0,1.0,1.0,2.4,2.4,1.8,1.8,-2.3339062063650053,-0.8156188341973338,9.5043745,1.3716288,-26.569012,-9.113249,5.0,30.568,0.0,64.22099999999999,7.787000000000001,1.0,236.618,2021,8,17,114.2,0.0,India_Averaged.csv
2021-08-18,0,124.8,91.3,15.8,6.7,20.4,4.6,2.0,2.0,0.9,0.9,2.1,2.1,2.5,2.5,-1.6978209071834414,-0.25580124096951307,9.506132,2.4270701,-16.011463,-3.054422,5.0,30.871999999999996,0.0,63.57899999999999,7.426,1.0,245.76,2021,8,18,125.1,0.0,India_Averaged.csv
2021-08-19,0,129.2,100.1,17.1,6.5,16.9,5.4,2.0,2.0,1.0,1.0,1.5,1.5,2.3,2.3,-1.4432661331658863,-0.3774271372604955,9.377313,2.9663355,-10.686078,-0.38278237,5.0,30.326,0.0,70.551,9.687,1.0,146.42000000000002,2021,8,19,129.2,0.0,India_Averaged.csv
2021-08-20,0,134.1,57.3,12.6,5.0,11.0,4.5,2.0,2.0,1.0,1.0,2.7,2.7,0.3,0.3,-2.781183740223829,-1.2117580977948292,8.343227,0.6589333,-34.32443,-27.603855,5.0,27.839999999999996,0.0,81.248,11.637,1.0,144.792,2021,8,20,134.1,0.0,India_Averaged.csv
2021-08-21,0,100.8,41.1,11.3,5.4,13.4,4.2,2.0,2.0,1.0,1.0,3.0,3.0,0.0,0.0,-3.6571616214446565,-1.2608471726635901,8.682322,-0.6852264,-50.256836,-38.12675,5.0,26.884000000000004,0.0,86.96000000000001,10.236999999999998,1.0,135.579,2021,8,21,100.8,0.0,India_Averaged.csv
2021-08-22,0,87.1,44.6,9.26,4.88,12.9,3.38,2.0,2.0,1.0,1.0,3.0,3.0,0.0,0.0,-4.130997151947635,-1.444409747965313,9.17719,-1.5768503,-59.19358,-36.83285,5.0,27.607999999999997,0.0,85.571,8.879999999999999,1.0,154.834,2021,8,22,87.1,0.0,India_Averaged.csv
2021-08-23,0,84.1,63.6,13.5,7.2,20.1,3.7399999999999998,1.8,1.8,1.1,1.1,2.9,2.9,1.1,1.1,-2.9955437447211026,-0.8375263207579469,10.050974,0.050800133,-41.214806,-24.11392,5.0,28.405,0.0,82.05099999999999,8.626000000000001,1.0,205.089,2021,8,23,94.6,0.0,India_Averaged.csv
2021-08-24,0,95.3,71.1,12.6,7.6,16.0,4.18,1.8,1.8,1.1,1.1,2.7,2.7,0.1,0.1,-2.6961847660293694,-1.2158995927216463,9.295427,0.09591379,-39.794483,-23.877142,5.0,29.269,0.0,77.80099999999999,10.288999999999998,1.0,214.50500000000002,2021,8,24,97.4,0.0,India_Averaged.csv
2021-08-25,0,114.8,75.3,10.3,5.2,16.2,3.1,2.0,2.0,1.0,1.0,2.7,2.7,0.8,0.8,-2.9370320211903698,-0.9483755597533886,9.525663,-0.57456124,-45.671215,-20.08104,5.0,29.476,0.0,65.44,16.875,1.0,260.129,2021,8,25,116.6,0.0,India_Averaged.csv
2021-08-26,0,99.8,78.4,11.7,5.6,19.5,3.8,2.0,2.0,1.0,1.0,2.7,2.7,1.5,1.5,-2.927213690880204,-0.507609109580166,10.102904,0.33311778,-41.562767,-1.9662659,5.0,28.695,0.0,69.18,14.227,1.0,248.20700000000002,2021,8,26,105.0,0.0,India_Averaged.csv
2021-08-27,0,99.0,96.5,13.9,4.9,19.4,3.3,2.0,2.0,1.0,1.0,2.7,2.7,2.3,2.3,-2.6267780474875666,-0.40157646977426414,10.346971,0.8050333,-29.899729,-8.323598,5.0,28.836000000000002,0.0,68.14599999999999,9.374,1.0,216.14499999999998,2021,8,27,112.6,0.0,India_Averaged.csv
2021-08-28,0,116.3,87.9,13.7,4.5,19.2,3.5,2.0,2.0,1.0,1.0,2.7,2.7,1.8,1.8,-2.5426526653260937,-0.30364017400370213,9.766397,1.396846,-32.14866,-8.347519,5.0,28.834000000000003,0.0,74.509,6.253,1.0,185.545,2021,8,28,116.3,0.0,India_Averaged.csv
2021-08-29,0,124.1,75.1,12.66,4.3,19.0,3.02,1.8,1.8,1.1,1.1,2.9,2.9,2.0,2.0,-2.7368838273093092,-0.44438810027154485,9.732639,0.7584581,-32.0802,-16.157164,5.0,28.285000000000004,0.0,80.182,7.8180000000000005,1.0,154.533,2021,8,29,124.1,0.0,India_Averaged.csv
2021-08-30,0,123.4,51.4,9.5,4.0,16.0,3.2,2.0,2.0,1.0,1.0,3.0,3.0,1.5,1.5,-3.4722205714850447,-0.8362108728119176,9.8376,-0.29176086,-44.678787,-8.038855,5.0,27.320999999999998,0.0,83.84200000000001,10.045,1.0,94.04400000000001,2021,8,30,123.4,0.0,India_Averaged.csv
2021-08-31,0,89.1,41.0,11.92,4.9,7.8,3.5,2.0,2.0,1.0,1.0,3.0,3.0,0.0,0.0,-4.005164815481941,-1.9920999908010457,8.599884,-1.2853854,-54.492973,-45.959866,5.0,26.909000000000002,0.0,86.62899999999999,11.386,1.0,84.963,2021,8,31,89.1,0.0,India_Averaged.csv
2021-09-01,0,73.2,38.3,9.7,5.3,6.7,3.8,2.0,2.0,1.0,1.0,3.0,3.0,0.0,0.0,-4.441122938643938,-2.1988464769812377,8.362213,-2.072249,-63.66201,-44.425976,5.0,26.233999999999998,0.0,89.518,8.897,1.0,72.075,2021,9,1,73.2,0.0,India_Averaged.csv
2021-09-02,0,69.7,44.1,10.4,5.6,13.7,4.0,2.0,2.0,1.0,1.0,3.0,3.0,0.0,0.0,-4.211066417601412,-1.3882937213872084,9.329539,-1.5044745,-60.982067,-26.81548,5.0,27.286,0.0,87.17,6.627,1.0,137.958,2021,9,2,69.7,0.0,India_Averaged.csv
2021-09-03,0,79.5,45.2,11.0,5.0,15.6,3.9,2.0,2.0,1.0,1.0,3.0,3.0,1.4,1.4,-4.0653107793142835,-1.0500245195465852,9.502616,-0.98095524,-49.78997,-22.655622,5.0,26.924,0.0,87.421,6.965000000000001,1.0,175.772,2021,9,3,79.5,0.0,India_Averaged.csv
2021-09-04,0,76.2,54.6,12.3,6.4,12.4,3.4,2.0,2.0,1.0,1.0,2.7,2.7,0.8,0.8,-3.6377089124908246,-1.722921399179875,9.009808,-0.98538005,-44.880665,-45.731213,5.0,27.412,0.0,84.78599999999999,6.098000000000001,1.0,188.304,2021,9,4,78.0,0.0,India_Averaged.csv
2021-09-05,0,78.6,64.2,13.2,7.9,26.1,3.7,1.8,1.8,1.1,1.1,2.9,2.9,1.7,1.7,-2.8990264825259056,-0.30272042737950117,9.849419,-0.1283408,-36.13597,-22.956799,5.0,28.081,0.0,84.81299999999999,4.816000000000001,1.0,201.047,2021,9,5,81.6,0.0,India_Averaged.csv
2021-09-06,0,95.5,67.5,13.2,8.2,20.2,4.0,1.6,1.6,1.2,1.2,2.8,2.8,1.1,1.1,-2.537985646077986,-0.895597541160097,9.797907,0.34752113,-37.876606,-11.984253,5.0,28.812,0.0,83.527,5.17,1.0,141.198,2021,9,6,95.5,0.0,India_Averaged.csv
2021-09-07,0,104.5,61.620000000000005,11.3,7.6,17.9,4.3,1.8,1.8,1.1,1.1,2.7,2.7,2.1,2.1,-2.75604685473501,-1.0036335910818495,9.538367,-0.0041695116,-34.75499,-22.636673,5.0,28.04,0.0,84.178,12.819999999999999,1.0,75.354,2021,9,7,104.5,0.0,India_Averaged.csv
2021-09-08,0,97.6,70.03999999999999,9.8,9.0,11.9,3.9,1.9,1.9,0.9,0.9,2.8,2.8,0.9,0.9,-2.6563472326645865,-2.0105017743267934,9.091169,-0.055899877,-42.636265,-32.9907,5.0,27.552,0.0,82.179,15.024000000000001,1.0,90.14500000000001,2021,9,8,116.44000000000001,0.0,India_Averaged.csv
2021-09-09,0,68.9,48.62,9.9,6.3,14.9,4.5,2.0,2.0,1.0,1.0,3.0,3.0,0.0,0.0,-4.027854865543421,-1.2499017602460427,9.431419,-1.2983099,-53.35719,-29.289078,5.0,27.114000000000004,0.0,85.486,10.353,1.0,102.102,2021,9,9,69.6,0.0,India_Averaged.csv
2021-09-10,0,83.0,48.08,10.0,6.3,11.0,4.7,2.0,2.0,1.0,1.0,3.0,3.0,0.0,0.0,-3.8117611295941223,-1.610540969309313,8.915906,-1.2360471,-52.791393,-43.22225,5.0,26.315999999999995,0.0,88.068,12.943000000000001,1.0,124.62100000000001,2021,9,10,83.0,0.0,India_Averaged.csv
2021-09-11,0,89.4,32.2,8.7,6.4,12.5,4.1,2.0,2.0,1.0,1.0,3.0,3.0,0.0,0.0,-4.023487046282034,-1.6582330754907932,9.052993,-1.1200689,-58.85186,-32.91499,5.0,25.607,0.0,90.654,12.847,1.0,118.51700000000001,2021,9,11,89.4,0.0,India_Averaged.csv
2021-09-12,0,77.5,52.42,12.040000000000001,7.6,12.6,4.5,2.0,2.0,1.0,1.0,2.7,2.7,0.8,0.8,-3.409915023391709,-1.679676311099994,8.974691,-0.3889985,-39.927868,-39.95976,5.0,26.280999999999995,0.0,90.26399999999998,8.167,1.0,85.696,2021,9,12,82.32000000000001,0.0,India_Averaged.csv
2021-09-13,0,76.1,56.279999999999994,10.7,7.1,21.4,4.2,1.8,1.8,1.1,1.1,2.9,2.9,1.2,1.2,-3.4747158772225646,-0.6527098707448646,9.763115,-0.7721092,-48.70646,-15.73041,5.0,27.299,0.0,87.357,7.986,1.0,62.074,2021,9,13,79.7,0.0,India_Averaged.csv
2021-09-14,0,92.1,56.2,9.7,6.3,16.6,5.2,2.0,2.0,1.0,1.0,2.7,2.7,0.9,0.9,-3.459330736833472,-0.8008634627889644,9.483599,-0.5594538,-52.78658,-13.102623,5.0,27.596999999999998,0.0,83.428,11.504,1.0,54.629000000000005,2021,9,14,92.6,0.0,India_Averaged.csv
2021-09-15,0,84.6,44.4,8.9,6.8,14.6,4.4,2.0,2.0,1.0,1.0,2.7,2.7,0.8,0.8,-3.7875070320107698,-1.376982819083612,9.060708,-1.2219511,-55.25403,-24.915747,5.0,27.648000000000003,0.0,79.16900000000001,12.259,1.0,121.82000000000001,2021,9,15,84.6,0.0,India_Averaged.csv
2021-09-16,0,69.4,45.5,10.2,7.3,11.8,4.3,2.0,2.0,1.0,1.0,2.7,2.7,0.1,0.1,-3.8859920283675025,-1.8334939869894142,8.90214,-1.4012334,-55.2372,-41.547188,5.0,27.248,0.0,75.253,13.120999999999999,1.0,136.26299999999998,2021,9,16,70.2,0.0,India_Averaged.csv
2021-09-17,0,75.8,47.0,9.8,6.6,14.8,3.7399999999999998,2.0,2.0,1.0,1.0,2.7,2.7,0.1,0.1,-3.8864935863449217,-1.4690620453767558,9.554666,-1.2070854,-51.818554,-34.800995,5.0,26.563,0.0,79.655,14.516,1.0,103.41100000000002,2021,9,17,75.8,0.0,India_Averaged.csv
2021-09-18,0,73.5,52.5,10.0,6.4,16.9,3.8,2.0,2.0,1.0,1.0,3.0,3.0,0.7,0.7,-3.837955284644322,-1.1601963030600675,9.405157,-1.3640697,-56.28944,-24.67813,5.0,26.838,0.0,84.072,11.548,1.0,116.40500000000002,2021,9,18,75.0,0.0,India_Averaged.csv
2021-09-19,0,92.3,50.7,9.76,6.36,14.580000000000002,3.5799999999999996,2.0,2.0,1.0,1.0,3.0,3.0,1.5,1.5,-3.5768536741997123,-1.4212978202797113,9.395925,-0.9108567,-48.66921,-34.712227,5.0,27.207,0.0,83.81700000000001,8.664,1.0,145.60399999999998,2021,9,19,92.3,0.0,India_Averaged.csv
2021-09-20,0,83.28,53.3,10.6,7.6,15.6,3.4,2.0,2.0,1.0,1.0,2.7,2.7,1.5,1.5,-3.378730392812554,-1.5696887573982425,9.504935,-0.58534634,-44.58938,-35.39465,5.0,27.512999999999998,0.0,84.108,7.791000000000001,1.0,146.727,2021,9,20,83.28,0.0,India_Averaged.csv
2021-09-21,0,88.7,50.9,10.3,6.6,19.4,4.92,2.0,2.0,1.0,1.0,2.7,2.7,2.2,2.2,-3.473894217772531,-0.6275359287358548,10.1468,-0.04758034,-43.302605,-14.857758,5.0,26.947000000000003,0.0,86.44300000000001,7.81,1.0,147.584,2021,9,21,88.7,0.0,India_Averaged.csv
2021-09-22,0,87.4,49.2,10.6,6.2,14.7,4.3,2.0,2.0,1.0,1.0,2.7,2.7,0.8,0.8,-3.6481896555285487,-1.2368031430869157,9.365388,-0.59921783,-48.66885,-21.27567,5.0,25.991000000000003,0.0,89.682,9.172,1.0,128.953,2021,9,22,87.4,0.0,India_Averaged.csv
2021-09-23,0,80.4,50.1,8.2,6.5,13.8,5.2,2.0,2.0,1.0,1.0,3.0,3.0,0.1,0.1,-3.8831818902134048,-1.2300210952517494,8.819495,-1.3116003,-55.435966,-31.55544,5.0,26.455000000000002,0.0,87.716,8.225,1.0,97.752,2021,9,23,80.6,0.0,India_Averaged.csv
2021-09-24,0,82.7,53.8,10.1,6.7,13.4,4.9,2.0,2.0,1.0,1.0,2.7,2.7,0.1,0.1,-3.604223907714959,-1.3364668177251882,9.08318,-1.035438,-54.24885,-30.405487,5.0,26.722,0.0,85.136,7.686,1.0,92.13199999999999,2021,9,24,82.7,0.0,India_Averaged.csv
2021-09-25,0,87.5,59.3,10.4,6.3,21.3,4.6,1.8,1.8,1.1,1.1,2.9,2.9,2.1,2.1,-3.3931255836027767,-0.39039280140927646,9.983381,-0.6361378,-51.047886,-6.2105265,5.0,26.878000000000004,0.0,85.654,7.039,1.0,110.03800000000001,2021,9,25,89.2,0.0,India_Averaged.csv
2021-09-26,0,97.2,53.8,9.8,6.1,16.7,4.8,2.0,2.0,1.0,1.0,2.7,2.7,2.9,2.9,-3.4414922422992307,-0.8379569007116497,9.616555,-0.8604018,-58.125183,-6.918387,5.0,26.552,0.0,85.667,8.777000000000001,1.0,93.30499999999999,2021,9,26,98.2,0.0,India_Averaged.csv
2021-09-27,0,103.3,70.2,11.8,7.2,25.8,5.14,1.6,1.6,1.2,1.2,2.6,2.6,2.9,2.9,-2.5735513306125646,0.19110040118193888,10.913652,1.245361,-30.888819,15.516828,5.0,27.618000000000002,0.0,82.49000000000001,8.081999999999999,1.0,66.08200000000001,2021,9,27,103.3,0.0,India_Averaged.csv
2021-09-28,0,114.4,65.9,11.2,6.8,21.3,4.9,1.8,1.8,1.1,1.1,2.9,2.9,2.0,2.0,-2.6217438615165682,-0.29624204649664454,9.978737,0.6342481,-37.779552,-0.80832875,5.0,27.785000000000004,0.0,81.546,12.828000000000003,1.0,79.478,2021,9,28,114.4,0.0,India_Averaged.csv
2021-09-29,0,107.0,57.9,10.2,6.8,13.4,4.9,2.0,2.0,1.0,1.0,2.7,2.7,0.9,0.9,-3.0599001949641886,-1.262864487090967,9.476889,-0.31902677,-49.622704,-18.761799,5.0,27.587,0.0,81.279,12.462,1.0,105.141,2021,9,29,107.0,0.0,India_Averaged.csv
2021-09-30,0,94.5,62.3,11.4,7.1,18.4,5.3,2.0,2.0,1.0,1.0,2.7,2.7,2.2,2.2,-3.002012986714773,-0.6648604411154886,10.240805,-0.066787556,-48.98935,1.561341,5.0,27.535000000000004,0.0,83.373,6.295,1.0,111.69699999999997,2021,9,30,94.5,0.0,India_Averaged.csv
2021-10-01,0,108.0,71.9,15.6,7.9,19.4,7.1,1.7,1.7,1.0,1.0,2.6,2.6,4.2,4.2,-2.076159913297169,-0.17873520735636722,10.217008,1.4138849,-30.04981,9.132997,5.0,27.982,0.0,82.43299999999999,4.478,1.0,220.47199999999998,2021,10,1,108.0,0.0,India_Averaged.csv
2021-10-02,0,120.7,82.53999999999999,16.18,6.76,20.2,5.88,1.9,1.9,0.9,0.9,2.4,2.4,2.4,2.4,-1.85982896409865,-0.06069093323078236,9.646102,2.334544,-12.236883,1.1810372,5.0,28.080000000000002,0.0,79.699,7.2010000000000005,1.0,280.60900000000004,2021,10,2,123.7,0.0,India_Averaged.csv
2021-10-03,0,119.65822841180518,80.78224058029417,14.275631236617784,6.5462042997692205,15.84152624365073,5.255304289990024,1.9,1.9,0.9,0.9,2.4,2.4,2.3,2.3,-2.1569405990296637,-0.6820202056341726,7.6628103,1.5592151,-20.743635,-16.765944,5.0,28.421,0.0,74.383,9.735,1.0,262.20799999999997,2021,10,3,124.05822841180517,0.0,India_Averaged.csv
2021-10-04,0,113.15822841180518,82.48224058029417,15.775631236617784,7.646204299769221,20.14152624365073,6.555304289990024,1.8,1.8,1.1,1.1,2.6,2.6,4.3,4.3,-1.8440691563285128,-0.1009147794035159,8.527421,2.0600305,-21.052332,-0.9938446,5.0,28.130000000000003,0.0,72.85,6.976999999999999,1.0,226.85,2021,10,4,118.75822841180518,0.0,India_Averaged.csv
2021-10-05,0,97.6582284118052,82.38224058029417,16.675631236617782,7.346204299769221,28.34152624365073,5.755304289990024,1.8,1.8,1.1,1.1,2.3,2.3,2.5,2.5,-2.0381396635296496,0.6709127594130935,9.1536455,2.262076,-15.264852,15.975143,5.0,28.063,0.0,76.41799999999999,4.898,1.0,201.724,2021,10,5,99.85822841180519,0.0,India_Averaged.csv
2021-10-06,0,119.28,88.2,15.2,7.8,18.0,5.1,1.8,1.8,1.1,1.1,2.1,2.1,1.7,1.7,-1.6969388874733098,-0.6487733060186793,9.378354,2.438947,-16.263287,7.7832794,5.0,27.865999999999996,0.0,74.095,6.965999999999999,1.0,248.667,2021,10,6,124.67999999999999,0.0,India_Averaged.csv
2021-10-07,0,128.1,98.3,17.3,7.7,24.3,5.8,1.5,1.5,1.1,1.1,2.2,2.2,1.8,1.8,-1.143143777698349,0.32981635715260016,9.8533,2.6746945,-13.676311,10.041175,5.0,27.328999999999997,0.0,68.59,7.352000000000001,1.0,251.46999999999997,2021,10,7,135.0,0.0,India_Averaged.csv
2021-10-08,0,139.8,108.5,20.5,9.9,24.8,5.92,1.3,1.3,1.2,1.2,1.3,1.3,2.8,2.8,-0.06654280387870504,0.134906522657587,9.849572,3.7426434,3.035759,12.042961,5.0,27.843,0.0,63.382000000000005,7.734,1.0,232.38299999999998,2021,10,8,144.7,0.0,India_Averaged.csv
2021-10-09,0,137.7,103.5,19.0,8.5,24.7,5.5,1.3,1.3,1.2,1.2,2.2,2.2,3.2,3.2,-0.5899049865521644,0.23560117953529044,9.840821,3.025885,-7.5069036,15.565203,5.0,28.053999999999995,0.0,61.510000000000005,7.852000000000001,1.0,263.70799999999997,2021,10,9,142.7,0.0,India_Averaged.csv
2021-10-10,0,133.0,124.2,18.5,8.4,27.3,5.9,1.4,1.4,1.3,1.3,1.9,1.9,4.6,4.6,-0.3590968107896494,0.7197948656903937,10.375807,4.15325,3.4744568,26.16998,5.0,28.179000000000002,0.0,61.872,7.435,1.0,232.10399999999998,2021,10,10,156.2,0.0,India_Averaged.csv
2021-10-11,0,128.7,93.8,18.1,11.1,24.1,6.1,1.7,1.7,1.0,1.0,1.8,1.8,4.0,4.0,-0.4604876916489801,-0.23954397786519505,10.342596,3.5256927,-2.1802373,14.369064,5.0,27.941000000000003,0.0,59.395,7.274000000000001,1.0,214.25799999999998,2021,10,11,133.2,0.0,India_Averaged.csv
2021-10-12,0,125.2,97.3,19.9,9.1,23.7,5.0,1.5,1.5,1.1,1.1,2.0,2.0,3.6,3.6,-0.7528967312372903,-0.15238991558896026,9.766391,3.2258809,-1.0967038,5.3061285,5.0,27.482999999999997,0.0,56.109,7.2,1.0,261.574,2021,10,12,130.8,0.0,India_Averaged.csv
2021-10-13,0,133.2,102.2,20.1,6.6,26.1,5.1,1.5,1.5,1.1,1.1,2.0,2.0,4.0,4.0,-0.9810769799448054,0.6310314577795022,10.251862,3.183534,-4.4080286,12.223162,5.0,26.573,0.0,50.676,10.554,1.0,266.464,2021,10,13,139.0,0.0,India_Averaged.csv
2021-10-14,0,136.6,108.7,21.1,7.7,29.6,5.2,1.5,1.5,1.1,1.1,1.9,1.9,3.5,3.5,-0.47162944537201634,0.9067841005113493,10.767946,3.403703,-4.3520923,26.151068,5.0,25.238000000000003,0.0,50.628,10.037,1.0,273.321,2021,10,14,144.4,0.0,India_Averaged.csv
2021-10-15,0,149.8,110.1,23.0,8.0,35.7,6.04,1.1,1.1,1.3,1.3,2.0,2.0,4.8,4.8,0.08534261459397566,1.7914749968876413,10.739392,4.15236,1.1240482,28.512615,5.0,25.637999999999998,0.0,51.85600000000001,7.937,1.0,264.27200000000005,2021,10,15,156.9,0.0,India_Averaged.csv
2021-10-16,0,153.6,131.5,26.9,11.3,34.9,6.0,0.9,0.9,1.4,1.4,1.9,1.9,3.7,3.7,1.4555992381316543,1.2575513022880678,10.832263,4.862185,16.543528,25.322952,5.0,27.095,0.0,56.690999999999995,6.529999999999999,1.0,145.78500000000003,2021,10,16,164.3,0.0,India_Averaged.csv
2021-10-17,0,176.7,89.7,17.0,7.3,16.2,4.7,1.7,1.7,1.0,1.0,1.8,1.8,2.0,2.0,-0.6007158662255233,-0.6649518550682851,8.660124,3.2601783,-1.069664,-16.098759,5.0,25.555,0.0,79.158,10.819999999999999,1.0,109.01700000000001,2021,10,17,176.7,0.0,India_Averaged.csv
2021-10-18,0,149.7,33.2,13.1,5.8,10.2,4.8,2.0,2.0,1.0,1.0,2.7,2.7,0.4,0.4,-2.693953454136792,-1.446393943531035,7.9905944,0.9961504,-29.742899,-23.320936,5.0,22.582,0.0,89.289,9.712,1.0,206.64700000000002,2021,10,18,149.7,0.0,India_Averaged.csv
2021-10-19,0,71.7,62.7,16.1,7.3,20.1,5.2,2.0,2.0,1.0,1.0,2.7,2.7,2.3,2.3,-3.0000621748388134,-0.5553143816888896,9.778665,0.62387145,-32.839954,-5.2181807,5.0,23.919999999999998,0.0,73.725,10.733,1.0,285.266,2021,10,19,81.1,0.0,India_Averaged.csv
2021-10-20,0,113.8,109.2,21.5,8.7,24.0,5.1,1.7,1.7,1.0,1.0,1.7,1.7,4.1,4.1,-0.7220904416862416,0.011828408488957987,10.466478,3.285904,-5.0044427,15.243276,5.0,23.933,0.0,62.958000000000006,9.800999999999998,1.0,275.046,2021,10,20,126.7,0.0,India_Averaged.csv
2021-10-21,0,154.1,113.1,22.7,8.0,22.1,5.0,1.7,1.7,1.0,1.0,1.6,1.6,5.1,5.1,0.014125417563328569,0.04246642203406383,9.862636,3.8381658,1.9342365,8.2970705,5.0,23.655,0.0,56.117999999999995,13.516,1.0,273.683,2021,10,21,162.5,0.0,India_Averaged.csv
2021-10-22,0,134.5,90.0,20.2,6.5,20.9,4.2,1.7,1.7,1.0,1.0,1.8,1.8,3.4,3.4,-1.2443886643750637,-0.19447396344697782,10.159376,2.8764107,-9.098966,12.79088,5.0,23.709,0.0,63.82099999999999,10.977999999999998,1.0,230.683,2021,10,22,136.1,0.0,India_Averaged.csv
2021-10-23,0,117.0,80.9,18.2,6.62,21.9,4.4,1.7,1.7,1.0,1.0,2.1,2.1,3.9,3.9,-1.8306894660459254,-0.16920285791415682,10.273358,2.0873828,-16.681095,11.102846,5.0,23.566000000000003,0.0,65.23400000000001,9.042,1.0,187.305,2021,10,23,117.8,0.0,India_Averaged.csv
2021-10-24,0,115.6,75.4,16.4,5.779999999999999,21.0,3.9,2.0,2.0,1.0,1.0,2.1,2.1,3.0,3.0,-2.2704706506551293,-0.2783250298056754,10.076988,1.4537531,-22.879505,0.5644066,5.0,22.368000000000002,0.0,73.312,7.7219999999999995,1.0,177.83499999999998,2021,10,24,115.6,0.0,India_Averaged.csv
2021-10-25,0,118.1,72.0,18.0,6.2,20.2,4.2,2.0,2.0,1.1,1.1,2.1,2.1,1.8,1.8,-2.0788336250058395,-0.3741814837017434,9.767453,1.8202337,-22.931938,-3.79499,5.0,22.431,0.0,71.49600000000001,7.119,1.0,257.082,2021,10,25,118.1,0.0,India_Averaged.csv
2021-10-26,0,112.3,93.7,19.4,9.14,22.8,4.4,1.7,1.7,1.0,1.0,2.3,2.3,5.1,5.1,-1.1000452409913437,-0.4519442179986285,10.560102,3.204766,-16.23337,14.068817,5.0,21.419999999999998,0.0,65.764,8.391,1.0,241.43699999999998,2021,10,26,117.1,0.0,India_Averaged.csv
2021-10-27,0,141.1,121.8,24.9,8.6,22.9,4.9,1.7,1.7,1.0,1.0,1.2,1.2,5.5,5.5,0.21234248744211418,0.028295843333546,9.9960375,4.1277947,6.696701,5.4934936,5.0,21.514000000000003,0.0,59.275999999999996,9.075,1.0,237.13299999999998,2021,10,27,150.3,0.0,India_Averaged.csv
2021-10-28,0,160.2,124.52000000000001,25.1,8.6,28.9,5.4,1.3,1.3,1.2,1.2,1.3,1.3,3.0,3.0,0.7041363637041254,0.8900274273527055,10.390693,4.844283,12.680988,16.312977,5.0,21.244999999999997,0.0,59.396,8.164,1.0,247.33799999999997,2021,10,28,166.7,0.0,India_Averaged.csv
2021-10-29,0,165.0,128.1,32.1,9.8,22.2,5.8,1.3,1.3,0.9,0.9,1.3,1.3,4.9,4.9,1.5520224871137906,0.09175201371836281,9.79595,5.4425135,24.401474,2.3545196,5.0,21.294999999999998,0.0,57.04200000000001,7.493,1.0,243.25300000000001,2021,10,29,174.2,0.0,India_Averaged.csv
2021-10-30,0,163.0,125.9,35.9,10.4,25.4,5.0,1.6,1.6,0.9,0.9,0.9,0.9,4.6,4.6,1.915390510664865,0.18867354040408396,9.861766,5.7447767,25.59964,8.31246,5.0,21.492,0.0,51.364999999999995,10.45,1.0,251.62299999999996,2021,10,30,171.0,0.0,India_Averaged.csv
2021-10-31,0,159.1,151.76,36.5,8.6,29.6,5.7,1.2,1.2,1.1,1.1,1.2,1.2,5.5,5.5,2.011645470020766,1.255876905807447,10.153433,5.8044543,30.336798,14.825081,5.0,22.405,0.0,48.306,8.236,1.0,244.04900000000004,2021,10,31,178.16,0.0,India_Averaged.csv
2021-11-01,0,178.2,125.5,38.2,10.6,29.7,6.1,1.1,1.1,1.0,1.0,0.5,0.5,5.2,5.2,2.472669018564308,0.9433916470149878,9.776782,6.197894,36.16769,8.157207,5.0,21.972,0.0,54.842000000000006,7.976999999999999,1.0,153.822,2021,11,1,180.6,0.0,India_Averaged.csv
2021-11-02,0,166.1,120.1,38.3,9.7,30.0,5.6,1.1,1.1,1.2,1.2,0.8,0.8,4.0,4.0,1.9836628071338693,0.9658876966878702,9.8251095,6.143867,32.07612,4.2869997,5.0,21.561999999999998,0.0,58.016,9.193999999999999,1.0,146.69400000000002,2021,11,2,166.1,0.0,India_Averaged.csv
2021-11-03,0,172.0,143.4,37.1,10.7,32.5,5.6,0.9,0.9,1.1,1.1,1.1,1.1,4.5,4.5,2.6134827182098497,1.1954282777544134,10.354502,6.2143106,33.31774,21.491226,5.0,21.867,0.0,56.516,7.616,1.0,195.91199999999998,2021,11,3,182.0,0.0,India_Averaged.csv
2021-11-04,0,179.4,262.1,37.7,12.4,28.9,6.8,1.0,1.0,0.6,0.6,1.3,1.3,4.4,4.4,5.05662259464454,1.3553303155645002,9.7901945,7.784484,52.56507,13.595026,5.0,21.323,0.0,55.964,6.4670000000000005,1.0,215.00799999999998,2021,11,4,270.4,0.0,India_Averaged.csv
2021-11-05,0,287.9,360.0,34.8,14.6,23.1,9.0,1.0,1.0,0.3,0.3,0.6,0.6,4.4,4.4,8.851015122980096,1.5592757954784335,9.105829,9.429827,73.98487,15.953787,5.0,20.887,0.0,55.904999999999994,7.053,1.0,252.15099999999998,2021,11,5,369.0,0.0,India_Averaged.csv
2021-11-06,0,409.1,266.0,40.5,13.2,24.9,7.2,0.9,0.9,0.5,0.5,0.8,0.8,4.8,4.8,9.701351996039621,1.5539460144718258,8.458537,9.338335,73.40352,1.7690499,5.0,21.252,0.0,53.041999999999994,10.028,1.0,248.093,2021,11,6,409.1,0.0,India_Averaged.csv
2021-11-07,0,275.6,213.5,37.3,11.5,28.5,6.7,0.9,0.9,0.8,0.8,0.7,0.7,3.8,3.8,5.822445563610661,1.4845035184860307,9.45876,7.7446413,54.28196,6.6603775,5.0,21.538,0.0,55.083000000000006,9.193999999999999,1.0,245.317,2021,11,7,288.9,0.0,India_Averaged.csv
2021-11-08,0,239.1,206.7,39.8,11.9,27.3,6.4,1.3,1.3,0.6,0.6,1.3,1.3,4.7,4.7,5.288064819387083,1.093027570214009,9.550661,7.488618,48.12009,3.886725,5.0,21.494,0.0,53.762,9.056000000000001,1.0,241.477,2021,11,8,256.6,0.0,India_Averaged.csv
2021-11-09,0,237.4,223.7,34.7,13.1,26.8,7.5,1.3,1.3,0.6,0.6,1.0,1.0,5.4,5.4,5.397381819019442,1.1031099343585278,9.787516,7.5965753,51.397778,15.030734,5.0,21.038999999999998,0.0,56.023,7.836,1.0,239.411,2021,11,9,258.7,0.0,India_Averaged.csv
2021-11-10,0,240.8,202.2,34.9,13.1,29.1,7.4,1.2,1.2,0.8,0.8,1.4,1.4,4.2,4.2,5.149181818400015,1.2491728024185236,9.594872,7.491211,48.948174,12.849342,5.0,21.277,0.0,54.71,7.275999999999999,1.0,256.34299999999996,2021,11,10,258.2,0.0,India_Averaged.csv
2021-11-11,0,221.4,259.4,35.2,15.7,12.2,6.2,1.4,1.4,0.4,0.4,1.2,1.2,3.7,3.7,6.053444609034335,-1.1668089070196392,9.098408,7.816368,49.490826,-2.3469224,5.0,20.750999999999998,0.0,56.509,6.813,1.0,235.77799999999996,2021,11,11,283.3,0.0,India_Averaged.csv
2021-11-12,0,262.5,332.0,35.6,17.4,23.6,7.1,1.4,1.4,0.4,0.4,0.9,0.9,3.8,3.8,8.523508791830428,0.5037242841963882,9.1316395,8.265359,58.995552,5.5559754,5.0,20.322,0.0,56.879999999999995,7.734999999999999,1.0,222.87400000000002,2021,11,12,349.8,0.0,India_Averaged.csv
2021-11-13,0,307.2,239.1,36.5,15.5,23.5,7.0,1.1,1.1,0.4,0.4,0.8,0.8,5.1,5.1,7.5129676683571915,0.4878608072981656,8.840477,8.565469,60.32766,4.2768393,5.0,19.551,0.0,56.196000000000005,7.8469999999999995,1.0,220.727,2021,11,13,317.4,0.0,India_Averaged.csv
2021-11-14,0,245.1,187.7,35.9,14.3,28.2,8.0,0.9,0.9,0.5,0.5,0.8,0.8,6.4,6.4,5.306256225599656,1.0165333010367896,9.693957,8.273908,54.441284,22.432432,5.0,18.887,0.0,55.361000000000004,6.694,1.0,228.664,2021,11,14,252.8,0.0,India_Averaged.csv
2021-11-15,0,217.9,193.0,37.5,13.5,24.9,7.0,1.0,1.0,0.6,0.6,0.8,0.8,6.5,6.5,4.797495535542455,0.5232152823722226,9.66358,7.8836927,53.2935,16.799366,5.0,18.314,0.0,56.327,7.662999999999999,1.0,224.054,2021,11,15,233.5,0.0,India_Averaged.csv
2021-11-16,0,219.6,217.1,35.8,13.9,25.9,8.1,1.0,1.0,0.6,0.6,0.9,0.9,6.6,6.6,5.202461884792924,0.9162313128641577,9.683738,7.970099,56.22973,13.4411745,5.0,17.759999999999998,0.0,57.775999999999996,8.121,1.0,207.90500000000003,2021,11,16,241.3,0.0,India_Averaged.csv
2021-11-17,0,256.1,183.9,34.0,13.1,32.8,6.9,0.8,0.8,0.7,0.7,0.7,0.7,5.5,5.5,5.100486291000031,1.5082250621619568,9.480173,8.033461,60.961834,15.730334,5.0,17.948,0.0,65.114,6.6370000000000005,1.0,139.381,2021,11,17,266.8,0.0,India_Averaged.csv
2021-11-18,0,229.1,176.7,38.1,14.6,35.7,6.8,0.8,0.8,0.7,0.7,1.1,1.1,5.1,5.1,5.129669630602586,1.4713471580460054,10.268099,7.5639405,51.720795,24.43985,5.0,18.663,0.0,71.36999999999999,5.325,1.0,154.623,2021,11,18,238.3,0.0,India_Averaged.csv
2021-11-19,0,223.0,173.2,35.5,12.4,27.3,7.3,1.2,1.2,0.8,0.8,1.6,1.6,4.6,4.6,4.227210754278142,0.9574576012458419,9.542955,6.284615,36.39849,10.4963255,5.0,18.651,0.0,70.73,6.5489999999999995,1.0,234.23499999999999,2021,11,19,238.4,0.0,India_Averaged.csv
2021-11-20,0,226.4,166.8,36.3,13.3,25.3,7.0,1.3,1.3,0.6,0.6,1.5,1.5,4.2,4.2,4.398643494740587,0.49101263442988713,9.317211,6.1647596,38.69769,2.1734185,5.0,18.621000000000002,0.0,72.13,6.736,1.0,231.55700000000002,2021,11,20,233.5,0.0,India_Averaged.csv
2021-11-21,0,212.1,149.7,30.5,12.72,24.9,5.8,1.4,1.4,0.4,0.4,1.7,1.7,4.2,4.2,3.273237944052094,0.11396337967181151,9.234488,5.6875854,28.757694,-2.6644535,5.0,19.286,0.0,64.89099999999999,9.66,1.0,227.973,2021,11,21,221.8,0.0,India_Averaged.csv
2021-11-22,0,199.2,141.9,27.0,11.6,23.6,6.8,1.1,1.1,1.0,1.0,1.6,1.6,5.7,5.7,2.414487884197952,0.2787280192370041,9.641885,5.8536644,28.341227,7.440608,5.0,19.195,0.0,54.068999999999996,12.302000000000001,1.0,254.20800000000003,2021,11,22,202.0,0.0,India_Averaged.csv
2021-11-23,0,168.9,148.3,29.0,12.1,22.4,6.3,1.2,1.2,0.8,0.8,1.5,1.5,4.1,4.1,2.1900763158129153,-0.0956686825069557,9.433245,5.7396736,26.61767,0.9403931,5.0,18.547,0.0,59.621,8.788,1.0,239.942,2021,11,23,182.9,0.0,India_Averaged.csv
2021-11-24,0,177.8,183.5,36.3,15.88,38.0,6.9,1.3,1.3,0.6,0.6,1.6,1.6,5.4,5.4,4.440714291010405,1.399717544308632,9.882455,6.349517,40.523964,8.867599,5.0,18.725,0.0,63.99300000000001,6.8950000000000005,1.0,148.40500000000003,2021,11,24,205.3,0.0,India_Averaged.csv
2021-11-25,0,217.9,199.6,32.7,17.5,49.2,6.3,0.9,0.9,1.1,1.1,1.7,1.7,4.3,4.3,5.621401757673062,2.4227685658010274,10.500513,7.238776,42.304955,31.866161,5.0,18.654999999999998,0.0,70.712,6.700999999999999,1.0,168.488,2021,11,25,241.6,0.0,India_Averaged.csv
2021-11-26,0,254.4,227.94,43.5,17.9,40.2,8.0,1.4,1.4,0.4,0.4,1.8,1.8,5.2,5.2,7.581995095463109,2.0312054028723896,9.764603,6.5327926,36.17769,15.110001,5.0,19.059,0.0,70.148,5.731,1.0,152.154,2021,11,26,282.9,0.0,India_Averaged.csv
2021-11-27,0,241.35999999999999,193.26,28.0,15.1,43.9,5.7,1.2,1.2,0.8,0.8,2.0,2.0,3.4,3.4,5.03977998596587,2.1108908979384573,9.981717,5.8891535,30.615936,12.070007,5.0,19.276,0.0,70.537,7.389,1.0,125.579,2021,11,27,241.76,0.0,India_Averaged.csv
2021-11-28,0,222.71999999999997,223.14000000000001,23.02,12.7,36.9,6.3,1.1,1.1,1.0,1.0,2.1,2.1,3.6,3.6,4.2488343371370005,1.920969625882337,9.55936,5.7593374,27.48725,7.821799,5.0,18.878999999999998,0.0,70.824,7.046000000000001,1.0,141.79,2021,11,28,248.74,0.0,India_Averaged.csv
2021-11-29,0,261.1,187.6,29.0,14.180000000000001,24.72,6.32,1.3,1.3,0.6,0.6,1.5,1.5,3.7,3.7,4.984610296413762,0.2653612934553867,9.190468,6.6089582,40.346535,2.2365704,5.0,18.461000000000002,0.0,62.76700000000001,9.271,1.0,222.964,2021,11,29,267.5,0.0,India_Averaged.csv
2021-11-30,0,225.66,163.84,29.880000000000003,12.1,23.0,5.7,1.3,1.3,0.6,0.6,1.3,1.3,4.5,4.5,3.5599623321534644,0.08857813370966935,9.073382,6.8535337,40.866344,-1.4783103,5.0,18.229999999999997,0.0,64.518,8.547,1.0,224.53400000000002,2021,11,30,226.0,0.0,India_Averaged.csv
2021-12-01,0,199.3,221.6,36.660000000000004,13.1,15.74,4.9,1.4,1.4,0.4,0.4,1.3,1.3,4.7,4.7,4.63801765465344,-0.8281298226444163,9.143385,6.696215,42.167427,3.2345989,5.0,17.232999999999997,0.0,71.798,6.371,1.0,244.79500000000002,2021,12,1,249.8,0.0,India_Averaged.csv
2021-12-02,0,244.7,183.72,29.46,10.6,12.26,5.7,1.4,1.4,0.4,0.4,1.6,1.6,3.7,3.7,3.7770093202023327,-0.7195837778499461,8.558973,6.2898974,37.040474,-14.299624,5.0,16.059,0.0,80.333,7.167,1.0,241.00799999999998,2021,12,2,254.2,0.0,India_Averaged.csv
2021-12-03,0,254.0,147.32,24.419999999999998,10.5,14.1,4.5,1.4,1.4,0.4,0.4,1.5,1.5,2.9,2.9,2.952829338425844,-0.9462804307118933,8.0056,5.855571,28.643887,-24.266073,5.0,16.79,0.0,75.74100000000001,6.414999999999999,1.0,213.92999999999998,2021,12,3,258.0,0.0,India_Averaged.csv
2021-12-04,0,203.5,158.64000000000001,25.34,13.1,19.7,5.9,1.5,1.5,0.5,0.5,0.9,0.9,4.0,4.0,2.8832033295623463,-0.5445828422975695,9.007972,6.2831826,35.2891,-6.9521914,5.0,17.767,0.0,73.475,6.656999999999999,1.0,198.266,2021,12,4,220.6,0.0,India_Averaged.csv
2021-12-05,0,196.2,145.74,26.5,15.0,33.9,6.4,1.2,1.2,0.8,0.8,1.2,1.2,4.1,4.1,3.1828123073687946,0.7699224670211009,10.195354,5.422299,20.340513,18.484507,5.0,19.209,0.0,74.333,6.483,1.0,178.026,2021,12,5,204.4,0.0,India_Averaged.csv
2021-12-06,0,200.8,134.82,23.119999999999997,10.9,20.3,7.0,1.5,1.5,0.8,0.8,1.1,1.1,5.1,5.1,1.8555562181018406,0.00965885813874121,9.1507845,5.509799,22.959286,-1.0720886,5.0,17.928,0.0,77.353,7.7700000000000005,1.0,224.70300000000003,2021,12,6,204.2,0.0,India_Averaged.csv
2021-12-07,0,188.9,117.05999999999999,22.3,8.4,18.1,5.3,1.6,1.6,0.9,0.9,1.0,1.0,2.2,2.2,0.7292548773825654,-0.3001139871448039,9.0895405,4.9378977,21.895042,-4.186833,5.0,16.669999999999998,0.0,68.946,9.613999999999999,1.0,231.717,2021,12,7,189.1,0.0,India_Averaged.csv
2021-12-08,0,172.5,126.04,24.759999999999998,9.2,20.6,8.8,1.3,1.3,0.9,0.9,1.5,1.5,4.0,4.0,1.0020020156389526,0.6249770092233485,9.800683,4.8248997,19.27422,9.432306,5.0,15.629,0.0,68.221,8.024000000000001,1.0,225.09700000000004,2021,12,8,183.5,0.0,India_Averaged.csv
2021-12-09,0,166.9,152.45999999999998,26.04,10.1,20.9,6.3,1.3,1.3,0.9,0.9,1.0,1.0,4.4,4.4,1.5764352210851997,0.07673464124889964,9.826557,5.386161,25.43078,10.071543,5.0,15.575999999999999,0.0,69.48100000000001,6.897,1.0,220.279,2021,12,9,190.3,0.0,India_Averaged.csv
2021-12-10,0,183.4,136.66,24.259999999999998,8.4,22.4,6.1,1.3,1.3,0.9,0.9,1.3,1.3,4.5,4.5,1.160882097285663,0.4591700882087656,9.931485,5.167901,15.304456,7.9065733,5.0,15.457999999999998,0.0,64.789,8.648,1.0,236.45099999999996,2021,12,10,188.6,0.0,India_Averaged.csv
2021-12-11,0,176.4,128.44,24.080000000000002,8.7,21.1,6.8,1.3,1.3,0.9,0.9,1.0,1.0,4.4,4.4,0.9379911688311147,0.34986736356231785,9.322654,5.224383,25.567465,-5.406696,5.0,14.657999999999998,0.0,65.599,8.075,1.0,221.32799999999997,2021,12,11,180.3,0.0,India_Averaged.csv
2021-12-12,0,166.8,131.64000000000001,24.7,9.18,22.4,6.3,1.5,1.5,1.1,1.1,1.5,1.5,5.8,5.8,0.9645860367385813,0.29655689982642225,9.793361,4.842389,15.483464,5.7034535,5.0,14.773,0.0,68.036,5.418,1.0,163.68800000000002,2021,12,12,175.8,0.0,India_Averaged.csv
2021-12-13,0,177.3,160.34,24.52,11.3,31.4,6.0,1.4,1.4,0.9,0.9,1.4,1.4,3.5,3.5,2.143412577317077,1.0501555611370812,9.8273115,5.401468,22.15734,15.374054,5.0,15.043000000000001,0.0,70.119,5.702999999999999,1.0,139.887,2021,12,13,203.1,0.0,India_Averaged.csv
2021-12-14,0,208.8,167.06,23.0,11.9,25.7,6.2,1.4,1.4,0.7,0.7,1.6,1.6,4.0,4.0,2.775803653967178,0.45222231018733244,9.462198,5.8669157,31.119781,3.6112866,5.0,15.557999999999998,0.0,71.691,6.677,1.0,177.84700000000004,2021,12,14,213.9,0.0,India_Averaged.csv
2021-12-15,0,231.5,152.4,23.22,11.52,22.0,6.3,1.5,1.5,0.5,0.5,1.3,1.3,5.0,5.0,2.8534437494117437,0.11623676500700597,9.19644,6.3796816,34.68952,3.8396251,5.0,14.690999999999999,0.0,71.652,8.025,1.0,212.84499999999997,2021,12,15,231.5,0.0,India_Averaged.csv
2021-12-16,0,216.7,172.56,28.04,9.9,18.6,7.5,1.5,1.5,0.5,0.5,1.6,1.6,5.7,5.7,2.929337800788662,0.3713043165179415,9.29986,6.3412886,35.952198,-1.5705587,5.0,14.571000000000002,0.0,67.242,10.107,1.0,223.21600000000004,2021,12,16,217.6,0.0,India_Averaged.csv
2021-12-17,0,242.7,130.32,23.96,7.8,25.7,7.3,1.3,1.3,0.6,0.6,1.2,1.2,6.1,6.1,2.067398805224059,1.3408920713510324,9.556032,6.2025957,30.242786,13.842967,5.0,12.217,0.0,57.757999999999996,13.216999999999999,1.0,238.08,2021,12,17,242.7,0.0,India_Averaged.csv
2021-12-18,0,194.7,118.46,25.080000000000002,8.5,17.6,6.3,1.7,1.7,0.7,0.7,1.3,1.3,5.9,5.9,1.1000947309565183,-0.11000385538369957,9.326319,5.0898905,16.906696,-7.207598,5.0,11.222,0.0,58.946000000000005,13.255,1.0,261.72400000000005,2021,12,18,194.7,0.0,India_Averaged.csv
2021-12-19,0,174.8,125.28,25.6,8.6,21.0,8.1,1.4,1.4,1.0,1.0,1.7,1.7,5.8,5.8,0.9702299734825675,0.632549105038356,9.927775,5.0622244,15.317225,10.741166,5.0,11.118,0.0,58.319,10.213000000000001,1.0,248.83900000000003,2021,12,19,174.8,0.0,India_Averaged.csv
2021-12-20,0,178.0,153.04000000000002,29.3,12.0,20.8,7.6,1.4,1.4,0.7,0.7,1.2,1.2,4.9,4.9,2.4388214213929063,0.07632937991811622,9.613558,5.796743,28.967243,3.535539,5.0,12.298,0.0,61.407000000000004,7.1819999999999995,1.0,256.669,2021,12,20,187.9,0.0,India_Averaged.csv
2021-12-21,0,213.3,214.2,32.5,16.1,18.8,8.6,1.4,1.4,0.4,0.4,0.8,0.8,4.4,4.4,5.151229266567792,-0.22747253391216943,9.188119,7.5805984,47.06351,4.5234623,5.0,13.122,0.0,65.8,6.45,1.0,261.25899999999996,2021,12,21,242.7,0.0,India_Averaged.csv
2021-12-22,0,276.9,274.7,36.7,14.8,19.4,7.7,1.4,1.4,0.4,0.4,0.8,0.8,2.7,2.7,7.371984163102157,0.3857429029603583,9.04415,7.9952583,59.312195,-5.6602216,5.0,14.428,0.0,64.952,5.747,1.0,181.2,2021,12,22,306.9,0.0,India_Averaged.csv
2021-12-23,0,287.6,265.3,32.6,14.1,30.3,7.7,1.4,1.4,0.4,0.4,1.5,1.5,5.1,5.1,7.0926344571572955,1.7006051727352876,9.481113,7.592509,51.361126,9.553101,5.0,15.127,0.0,71.167,6.717999999999999,1.0,144.81199999999998,2021,12,23,298.4,0.0,India_Averaged.csv
2021-12-24,0,297.3,209.5,25.9,10.7,19.2,5.9,1.4,1.4,0.4,0.4,1.5,1.5,3.2,3.2,5.0065209254055425,0.345475616483335,8.616559,6.692178,44.91466,-7.6223817,5.0,15.844999999999999,0.0,71.762,6.4719999999999995,1.0,147.543,2021,12,24,297.3,0.0,India_Averaged.csv
2021-12-25,0,255.6,267.0,29.1,13.9,23.5,6.9,1.4,1.4,0.4,0.4,1.5,1.5,3.2,3.2,6.129094468602615,0.6754226119340025,9.278126,6.902346,42.903015,2.801765,5.0,15.956999999999999,0.0,72.78299999999999,5.268,1.0,111.81700000000001,2021,12,25,290.6,0.0,India_Averaged.csv
2021-12-26,0,312.5,267.8,25.9,22.44,17.0,5.5,1.4,1.4,0.4,0.4,1.5,1.5,5.3,5.3,8.566719463872818,-1.729643319594047,9.095036,7.366168,51.249306,-2.2806494,5.0,15.935999999999998,0.0,76.05799999999999,7.883,1.0,123.09100000000001,2021,12,26,316.9,0.0,India_Averaged.csv
2021-12-27,0,326.2,116.6,19.5,9.98,20.4,6.9,1.2,1.2,0.5,0.5,1.5,1.5,4.8,4.8,3.4157139127005265,0.4064800996012212,8.366809,6.94876,44.40046,-12.023442,5.0,15.364,0.0,74.38,7.0489999999999995,1.0,99.672,2021,12,27,326.2,0.0,India_Averaged.csv
2021-12-28,0,189.2,120.4,23.3,8.059999999999999,9.3,5.6,1.7,1.7,0.7,0.7,1.2,1.2,3.9,3.9,0.6971858176005084,-1.1499776463172973,8.4982395,4.912063,17.20071,-16.028395,5.0,13.749,0.0,82.933,6.147,1.0,124.00400000000002,2021,12,28,189.2,0.0,India_Averaged.csv
2021-12-29,0,190.6,125.3,21.1,9.92,14.2,5.8,1.5,1.5,0.5,0.5,1.2,1.2,5.3,5.3,1.0701716917424648,-0.8660317115649072,8.528944,5.1867843,25.051832,-19.135088,5.0,12.401,0.0,70.487,8.451,1.0,217.664,2021,12,29,190.6,0.0,India_Averaged.csv
2021-12-30,0,186.3,158.1,21.6,10.9,15.9,6.2,1.6,1.6,0.5,0.5,1.4,1.4,3.8,3.8,1.78885170309226,-0.6060261983051289,9.058399,5.246102,19.526548,-7.2656565,5.0,11.378,0.0,67.239,7.942,1.0,231.315,2021,12,30,204.1,0.0,India_Averaged.csv
2021-12-31,0,202.7,191.9,24.2,10.02,16.1,6.3,1.5,1.5,0.5,0.5,1.4,1.4,5.5,5.5,2.671350137322491,-0.1732687241083183,9.10634,5.66909,25.623516,-3.919105,5.0,11.391,0.0,71.511,7.703,1.0,211.10499999999996,2021,12,31,226.4,0.0,India_Averaged.csv
2022-01-01,0,208.5,220.2,24.8,11.5,16.7,5.8,1.5,1.5,0.4,0.4,1.6,1.6,5.3,5.3,3.584828896931005,-0.3151445787598001,9.1891575,5.9290714,28.73885,-2.6244106,5.0,12.111,0.0,77.00899999999999,6.825,1.0,222.112,2022,1,1,256.6,0.0,India_Averaged.csv
2022-01-02,0,257.7,240.6,24.7,10.7,18.6,6.4,1.3,1.3,0.3,0.3,1.4,1.4,4.8,4.8,4.692289290598316,0.41425978314079404,8.942064,7.0459394,39.728096,1.3445704,5.0,12.926999999999998,0.0,78.021,6.991,1.0,220.66299999999995,2022,1,2,284.3,0.0,India_Averaged.csv
2022-01-03,0,267.4,219.6,26.9,11.1,20.6,5.3,1.4,1.4,0.4,0.4,1.7,1.7,5.3,5.3,4.7833164389903775,0.27365882170404776,9.261512,6.672714,38.234104,2.3734822,5.0,13.754,0.0,76.701,7.154999999999999,1.0,226.343,2022,1,3,284.8,0.0,India_Averaged.csv
2022-01-04,0,250.7,198.1,26.7,11.3,16.4,6.1,1.4,1.4,0.4,0.4,1.7,1.7,4.7,4.7,4.108806124449966,-0.21897427291031737,8.57244,6.451069,38.663643,-16.23771,5.0,15.995,0.0,71.057,5.851,1.0,173.453,2022,1,4,264.2,0.0,India_Averaged.csv
2022-01-05,0,235.8,192.2,21.6,11.2,13.1,5.2,1.4,1.4,0.4,0.4,1.6,1.6,4.6,4.6,3.2753497726404994,-0.8860429775506315,8.379198,6.497728,39.100067,-17.104439,5.0,14.392000000000001,0.0,88.297,10.669,1.0,134.539,2022,1,5,243.0,0.0,India_Averaged.csv
2022-01-06,0,263.6,88.0,14.8,7.5,10.8,4.2,1.5,1.5,0.5,0.5,1.3,1.3,3.0,3.0,0.7796673919362564,-1.1975910756614057,7.186026,5.731311,32.52409,-36.480232,5.0,14.605,0.0,87.671,8.512,1.0,128.226,2022,1,6,263.6,0.0,India_Averaged.csv
2022-01-07,0,169.1,70.7,12.4,7.0,11.5,4.1,2.0,2.0,1.0,1.0,2.4,2.4,1.2,1.2,-1.5280647030407963,-1.4291988483778049,8.449663,1.6919094,-13.776494,-19.8493,5.0,15.908000000000001,0.0,86.056,13.454999999999998,1.0,139.058,2022,1,7,169.1,0.0,India_Averaged.csv
2022-01-08,0,138.0,56.8,12.0,5.7,12.0,3.3,2.0,2.0,1.0,1.0,3.0,3.0,0.9,0.9,-2.628146267447656,-1.479721694553827,9.100817,0.9091836,-31.47196,-19.786272,5.0,15.153,0.0,87.8,11.166,1.0,189.765,2022,1,8,138.9,0.0,India_Averaged.csv
2022-01-09,0,124.1,47.3,11.7,5.2,10.8,2.9,2.0,2.0,1.0,1.0,3.0,3.0,0.9,0.9,-3.1842183497727303,-1.7047039760349718,8.838224,-0.24891452,-40.666344,-24.566082,5.0,12.869,0.0,83.075,9.08,1.0,292.855,2022,1,9,124.1,0.0,India_Averaged.csv
2022-01-10,0,104.6,85.7,16.3,8.6,14.8,4.1,2.0,2.0,1.0,1.0,1.8,1.8,1.1,1.1,-1.817747256181319,-1.418125529253857,9.270185,1.4085742,-20.427492,-12.56178,5.0,11.397,0.0,78.155,8.277,1.0,247.731,2022,1,10,107.2,0.0,India_Averaged.csv
2022-01-11,0,144.0,94.9,16.6,10.2,19.1,4.3,1.9,1.9,0.9,0.9,1.6,1.6,2.3,2.3,-0.5402242315742539,-1.005658744032831,9.7188425,3.2604916,-8.47616,-2.4635563,5.0,11.491000000000001,0.0,76.723,9.0,1.0,270.658,2022,1,11,146.1,0.0,India_Averaged.csv
2022-01-12,0,153.8,112.2,18.3,10.6,16.8,5.2,1.9,1.9,0.8,0.8,1.3,1.3,1.7,1.7,0.12010141439355224,-1.0142418516770157,9.627458,3.690567,-1.70683,-0.5054366,5.0,11.114999999999998,0.0,77.762,7.059,1.0,244.109,2022,1,12,157.9,0.0,India_Averaged.csv
2022-01-13,0,167.9,186.26,23.02,14.059999999999999,15.48,5.4,1.4,1.4,0.4,0.4,1.5,1.5,3.5,3.5,2.635532639610912,-1.2894221299496276,9.28108,5.651183,22.961838,-7.169159,5.0,11.518,0.0,75.868,4.869999999999999,1.0,153.696,2022,1,13,207.5,0.0,India_Averaged.csv
2022-01-14,0,236.8,171.4,19.1,11.84,13.7,5.4,1.4,1.4,0.4,0.4,1.6,1.6,4.1,4.1,2.9010356188023696,-1.005298305580122,8.9048815,5.921921,32.504116,-9.946238,5.0,10.692,0.0,80.861,5.964,1.0,222.47900000000004,2022,1,14,236.9,0.0,India_Averaged.csv
2022-01-15,0,299.5,121.5,15.9,10.4,11.9,4.2,1.4,1.4,0.4,0.4,1.5,1.5,4.4,4.4,2.671412673945228,-1.3065899860814854,8.218972,5.8970084,29.663437,-20.559402,5.0,10.336,0.0,84.62100000000001,6.694,1.0,212.73200000000003,2022,1,15,299.5,0.0,India_Averaged.csv
2022-01-16,0,186.5,132.8,15.9,9.7,15.5,4.3,1.7,1.7,0.7,0.7,1.3,1.3,2.1,2.1,0.6702676695730918,-1.0243481187000232,8.513832,4.7597914,9.399336,-9.484916,5.0,10.478,0.0,85.273,5.33,1.0,204.34699999999998,2022,1,16,187.9,0.0,India_Averaged.csv
2022-01-17,0,193.8,153.9,20.3,9.3,14.3,5.0,1.6,1.6,0.6,0.6,1.4,1.4,3.1,3.1,1.4020135817182386,-0.7780086085009575,8.142866,5.193946,24.120619,-25.885456,5.0,10.364,0.0,85.624,4.763,1.0,228.21200000000005,2022,1,17,201.2,0.0,India_Averaged.csv
2022-01-18,0,211.9,182.8,22.3,12.5,12.0,4.8,1.4,1.4,0.4,0.4,1.1,1.1,2.9,2.9,2.974575905513907,-1.4369626415876842,8.1109295,6.4788637,39.83496,-23.715603,5.0,10.877,0.0,83.94800000000001,7.462000000000001,1.0,243.31799999999998,2022,1,18,237.2,0.0,India_Averaged.csv
2022-01-19,0,225.9,189.2,22.8,11.9,18.7,5.6,1.2,1.2,0.5,0.5,1.4,1.4,4.4,4.4,3.3475031658099956,-0.3188284232921502,8.95761,6.610897,37.283985,1.1399529,5.0,12.774,0.0,82.723,6.398000000000001,1.0,193.673,2022,1,19,245.8,0.0,India_Averaged.csv
2022-01-20,0,214.9,207.7,20.2,12.1,15.4,4.9,1.4,1.4,0.4,0.4,1.7,1.7,4.3,4.3,3.2395985475436326,-0.8445815625276815,9.031127,6.066178,31.732784,-6.3916755,5.0,13.797,0.0,81.68,6.530999999999999,1.0,151.81699999999998,2022,1,20,228.0,0.0,India_Averaged.csv
2022-01-21,0,246.8,160.0,20.1,12.1,19.6,5.1,1.4,1.4,0.4,0.4,1.5,1.5,4.1,4.1,3.0934414793832508,-0.4646536762664323,8.534213,6.026582,36.296394,-13.2543545,5.0,14.041999999999998,0.0,81.798,9.061,1.0,139.745,2022,1,21,249.7,0.0,India_Averaged.csv
2022-01-22,0,213.9,114.0,16.8,8.0,12.6,4.4,1.7,1.7,0.7,0.7,1.2,1.2,3.6,3.6,0.5634677061922936,-1.0382517062096523,7.971083,5.2818127,26.860922,-24.00723,5.0,14.241,0.0,80.06700000000001,16.458000000000002,1.0,175.128,2022,1,22,218.3,0.0,India_Averaged.csv
2022-01-23,0,170.6,115.35999999999999,16.68,10.959999999999999,14.76,5.14,1.8,1.8,0.8,0.8,1.2,1.2,4.4,4.4,0.4062345166502041,-1.2714681875309615,8.845664,4.480881,9.512331,-4.30464,5.0,11.971,0.0,78.631,8.59,1.0,266.528,2022,1,23,171.6,0.0,India_Averaged.csv
2022-01-24,0,177.45999999999998,127.2,19.8,12.7,11.3,6.2,1.6,1.6,0.5,0.5,1.0,1.0,3.2,3.2,1.2884000891352552,-1.6366326010940355,8.498705,5.012015,19.315044,-13.798193,5.0,11.072,0.0,75.65299999999999,7.9959999999999996,1.0,262.563,2022,1,24,189.45999999999998,0.0,India_Averaged.csv
2022-01-25,0,171.2,144.8,18.4,13.1,12.9,6.12,1.6,1.6,0.6,0.6,1.3,1.3,3.6,3.6,1.4523911261421028,-1.485966114643791,9.074377,4.6785035,14.457639,-6.4911637,5.0,10.944999999999999,0.0,74.779,8.364,1.0,274.398,2022,1,25,188.3,0.0,India_Averaged.csv
2022-01-26,0,177.0,143.4,19.2,11.7,17.6,6.3,1.5,1.5,0.5,0.5,1.3,1.3,4.2,4.2,1.3753171516347193,-0.6495082660408307,9.354958,5.1411176,19.633694,-4.2387714,5.0,11.125,0.0,73.724,9.620000000000001,1.0,261.67199999999997,2022,1,26,197.6,0.0,India_Averaged.csv
2022-01-27,0,174.9,149.3,22.0,10.5,23.94,5.5,1.2,1.2,1.1,1.1,1.3,1.3,4.4,4.4,1.4694668532732276,0.15249712495377307,10.159414,4.6012154,11.232614,23.916456,5.0,11.628,0.0,68.297,10.92,1.0,270.507,2022,1,27,203.6,0.0,India_Averaged.csv
2022-01-28,0,175.8,147.7,26.9,13.2,21.3,6.2,1.2,1.2,0.8,0.8,1.3,1.3,4.3,4.3,2.354011432931345,-0.4358737503290707,9.748712,6.1696377,32.30877,9.343678,5.0,12.086,0.0,65.394,10.559000000000001,1.0,251.63299999999998,2022,1,28,194.8,0.0,India_Averaged.csv
2022-01-29,0,174.0,166.4,27.4,13.4,23.1,6.1,1.3,1.3,0.9,0.9,1.2,1.2,4.8,4.8,2.725280439595406,-0.19822215621923073,9.98437,6.3134966,31.525003,17.35503,5.0,13.402000000000001,0.0,65.704,8.799000000000001,1.0,264.14700000000005,2022,1,29,207.1,0.0,India_Averaged.csv
2022-01-30,0,183.5,159.6,25.6,10.2,24.5,5.86,1.2,1.2,0.8,0.8,1.4,1.4,4.8,4.8,2.023385370506308,0.4516034239198232,10.211828,5.7907076,23.611546,18.041582,5.0,14.684000000000001,0.0,64.374,11.251,1.0,272.833,2022,1,30,202.7,0.0,India_Averaged.csv
2022-01-31,0,184.3,190.9,26.4,13.02,20.2,4.3,1.3,1.3,0.6,0.6,1.1,1.1,5.7,5.7,3.103873611983231,-0.7133369689312516,9.630361,6.5477953,37.8863,7.409233,5.0,15.338,0.0,72.15299999999999,6.327000000000001,1.0,179.586,2022,1,31,215.0,0.0,India_Averaged.csv
2022-02-01,0,226.2,187.0,29.6,12.3,17.3,4.4,1.4,1.4,0.4,0.4,1.2,1.2,3.3,3.3,3.881340482388043,-0.7666395300812345,8.988871,6.5473123,36.203983,-2.6518698,5.0,15.588999999999999,0.0,74.351,9.232000000000001,1.0,280.289,2022,2,1,243.8,0.0,India_Averaged.csv
2022-02-02,0,218.5,142.5,22.8,9.9,28.4,4.7,1.2,1.2,0.8,0.8,1.8,1.8,5.5,5.5,2.1464430595436843,0.6895874603490687,9.976201,5.9984584,29.849411,13.37133,5.0,15.907999999999998,0.0,69.349,11.42,1.0,185.868,2022,2,2,219.4,0.0,India_Averaged.csv
2022-02-03,0,190.5,112.6,16.06,11.02,23.4,5.62,1.5,1.5,0.8,0.8,1.1,1.1,4.9,4.9,0.803710550290052,-0.15550228710712116,9.478731,5.456968,20.959631,0.59447175,5.0,13.581999999999999,0.0,73.40400000000001,16.567,1.0,204.217,2022,2,3,190.5,0.0,India_Averaged.csv
2022-02-04,0,185.45822841180518,102.48224058029419,19.775631236617784,10.04620429976922,17.64152624365073,4.955304289990023,1.9,1.9,0.9,0.9,1.0,1.0,3.8,3.8,0.5542267659869619,-0.8186388714589057,7.53921,4.478917,15.311073,-11.6044445,5.0,12.481,0.0,69.787,10.916,1.0,260.91700000000003,2022,2,4,187.65822841180517,0.0,India_Averaged.csv
2022-02-05,0,144.8582284118052,148.08224058029418,24.275631236617784,12.94620429976922,17.54152624365073,5.655304289990023,1.6,1.6,0.9,0.9,1.0,1.0,5.5,5.5,1.484322483396206,-1.046335569298269,7.770292,5.2702837,23.7711,-1.8882816,5.0,12.775,0.0,71.328,5.997999999999999,1.0,198.101,2022,2,5,169.15822841180517,0.0,India_Averaged.csv
2022-02-06,0,188.05822841180517,183.08224058029418,25.975631236617783,21.90620429976922,25.54152624365073,6.055304289990024,1.2,1.2,0.8,0.8,1.3,1.3,3.7,3.7,4.8854511272420496,-1.3166518360342943,8.373933,6.173588,22.292828,-0.36390287,5.0,14.031,0.0,70.50800000000001,7.228,1.0,165.85500000000002,2022,2,6,231.7582284118052,0.0,India_Averaged.csv
2022-02-07,0,194.26,135.9,27.8,10.2,22.8,5.86,1.3,1.3,0.9,0.9,1.2,1.2,3.3,3.3,1.9815752278888568,0.1912851903300301,9.795923,5.5064797,24.63062,7.6172676,5.0,16.412,0.0,69.56700000000001,7.164,1.0,180.378,2022,2,7,195.95999999999998,0.0,India_Averaged.csv
2022-02-08,0,169.2,148.6,25.0,11.4,24.6,6.08,1.4,1.4,1.0,1.0,1.6,1.6,3.7,3.7,1.778162315287905,0.19999274068478484,9.677243,5.153785,23.126595,13.022852,5.0,17.000999999999998,0.0,71.388,6.075,1.0,143.062,2022,2,8,187.8,0.0,India_Averaged.csv
2022-02-09,0,173.2,101.5,20.5,8.1,17.6,5.5,1.8,1.8,0.8,0.8,1.2,1.2,2.2,2.2,-0.016476562083036005,-0.39619937583953824,9.333069,3.9724274,2.5239732,-8.558108,5.0,15.115,0.0,76.092,8.85,1.0,150.911,2022,2,9,173.2,0.0,India_Averaged.csv
2022-02-10,0,152.9,115.7,21.7,8.4,22.4,4.9799999999999995,1.4,1.4,1.0,1.0,1.6,1.6,3.0,3.0,0.04185754585738377,0.0030550356502634297,9.883017,4.2151394,6.2631826,8.182671,5.0,14.484,0.0,65.683,10.663,1.0,235.94899999999998,2022,2,10,168.1,0.0,India_Averaged.csv
2022-02-11,0,143.6,131.2,22.5,9.4,23.9,5.84,1.3,1.3,0.9,0.9,1.7,1.7,3.0,3.0,0.4158542714214377,0.2408669068918746,10.036597,4.498066,14.974131,7.125097,5.0,14.738,0.0,60.2,12.458000000000002,1.0,264.002,2022,2,11,165.2,0.0,India_Averaged.csv
2022-02-12,0,152.9,122.4,24.5,9.4,26.1,5.6,1.3,1.3,1.2,1.2,1.7,1.7,3.2,3.2,0.6187999347551622,0.4383749690422574,9.953813,4.794838,15.90018,7.950892,5.0,14.847999999999999,0.0,61.688,9.436,1.0,261.58299999999997,2022,2,12,162.5,0.0,India_Averaged.csv
2022-02-13,0,153.6,149.3,23.5,11.7,28.6,5.38,1.4,1.4,1.0,1.0,1.7,1.7,3.7,3.7,1.4843229991509703,0.39509919540398425,10.295317,5.2120113,18.466894,17.300785,5.0,15.747,0.0,61.612,6.819,1.0,165.671,2022,2,13,186.8,0.0,India_Averaged.csv
2022-02-14,0,169.8,141.0,23.3,10.7,31.8,5.08,1.4,1.4,1.0,1.0,1.7,1.7,3.7,3.7,1.4657550315894752,0.8740732098275694,10.225191,5.181545,16.64504,13.237473,5.0,16.661,0.0,60.012,7.43,1.0,162.55599999999998,2022,2,14,187.6,0.0,India_Averaged.csv
2022-02-15,0,160.5,127.2,26.0,11.5,29.4,5.9,1.4,1.4,1.0,1.0,1.4,1.4,3.7,3.7,1.4174115359784998,0.5669937555727922,10.169292,5.2314844,20.81586,9.357619,5.0,16.943,0.0,60.439,7.156000000000001,1.0,178.048,2022,2,15,173.2,0.0,India_Averaged.csv
2022-02-16,0,147.4,172.5,32.7,14.4,36.5,7.0200000000000005,1.0,1.0,0.9,0.9,1.1,1.1,5.5,5.5,3.1107352042323866,1.3454683715587366,10.448532,6.5575066,34.36904,19.114258,5.0,17.273999999999997,0.0,59.525999999999996,8.223,1.0,234.42900000000003,2022,2,16,194.4,0.0,India_Averaged.csv
2022-02-17,0,182.5,123.6,27.0,11.4,25.5,6.8,1.3,1.3,0.8,0.8,1.4,1.4,3.4,3.4,1.788259420047335,0.3922059216878366,9.763734,5.3430915,25.410849,4.112447,5.0,18.041,0.0,54.092,7.678,1.0,220.081,2022,2,17,182.5,0.0,India_Averaged.csv
2022-02-18,0,157.7,136.1,27.4,11.5,21.3,5.1,1.3,1.3,0.9,0.9,1.0,1.0,3.4,3.4,1.510051439344384,-0.4824221642796398,9.653673,5.205386,21.059263,-0.24538155,5.0,17.991,0.0,54.129,8.265,1.0,249.026,2022,2,18,168.4,0.0,India_Averaged.csv
2022-02-19,0,160.1,105.3,25.0,8.6,24.7,5.4,1.4,1.4,1.0,1.0,1.6,1.6,3.7,3.7,0.329806600059225,0.3175839745600963,9.9670925,4.5829096,11.747778,9.348862,5.0,18.096,0.0,51.406000000000006,11.409,1.0,277.22700000000003,2022,2,19,160.1,0.0,India_Averaged.csv
2022-02-20,0,144.1,98.5,23.3,7.5,24.9,5.2,1.5,1.5,1.1,1.1,1.6,1.6,2.9,2.9,-0.42839868915775037,0.3970738540234956,10.202852,4.0756593,6.562009,6.294394,5.0,18.216,0.0,48.178999999999995,14.268,1.0,290.059,2022,2,20,145.8,0.0,India_Averaged.csv
2022-02-21,0,148.9,148.8,24.8,9.0,28.7,5.8,1.3,1.3,1.2,1.2,1.9,1.9,3.7,3.7,0.9537839794486155,0.9678462929923695,10.3193035,5.0903263,17.366354,15.76931,5.0,18.723,0.0,48.886,8.585,1.0,227.173,2022,2,21,184.6,0.0,India_Averaged.csv
2022-02-22,0,149.8,125.1,19.8,8.0,27.9,6.26,1.3,1.3,1.2,1.2,1.8,1.8,4.5,4.5,-0.00239705018037033,1.0005779321781243,10.673044,4.3273063,9.138173,19.570984,5.0,20.796,0.0,48.779,18.919999999999998,1.0,156.611,2022,2,22,156.9,0.0,India_Averaged.csv
2022-02-23,0,151.8,113.7,17.8,8.1,25.54,5.4,1.7,1.7,1.0,1.0,1.8,1.8,4.5,4.5,-0.32519504144986777,0.4607140706428896,10.374719,3.9885101,8.203807,14.136072,5.0,19.412,0.0,63.19699999999999,9.702,1.0,143.16299999999998,2022,2,23,153.5,0.0,India_Averaged.csv
2022-02-24,0,166.9,146.5,23.5,9.3,31.3,6.5,1.2,1.2,1.1,1.1,1.8,1.8,3.7,3.7,1.2513361590425727,1.3943378293958193,10.209315,5.2461576,18.42529,16.214933,5.0,19.332,0.0,60.374,7.206,1.0,209.04299999999998,2022,2,24,169.7,0.0,India_Averaged.csv
2022-02-25,0,186.9,125.6,21.6,8.2,31.5,5.2,1.2,1.2,1.1,1.1,1.5,1.5,3.7,3.7,0.8966706463460495,1.2669997419259513,10.22813,5.0087442,15.708586,14.75793,5.0,19.756999999999998,0.0,57.708000000000006,9.813,1.0,115.958,2022,2,25,186.9,0.0,India_Averaged.csv
2022-02-26,0,170.1,67.4,15.7,6.7,21.0,5.7,2.0,2.0,1.0,1.0,2.1,2.1,4.1,4.1,-1.2358818253152333,0.06677225624912372,9.949493,3.3236191,-7.105179,8.00555,5.0,18.944,0.0,61.06700000000001,13.999,1.0,117.046,2022,2,26,170.1,0.0,India_Averaged.csv
2022-02-27,0,106.8,77.32000000000001,15.059999999999999,12.58,27.1,5.18,1.9,1.9,0.9,0.9,2.5,2.5,4.9,4.9,-1.0480064880551905,-0.5283435541131285,10.196161,2.7029572,-15.716161,-2.3068137,5.0,18.047,0.0,60.404999999999994,11.276,1.0,195.64100000000002,2022,2,27,109.96,0.0,India_Averaged.csv
2022-02-28,0,118.54,83.4,19.2,8.3,28.0,10.5,1.2,1.2,1.4,1.4,2.0,2.0,4.9,4.9,-1.18609621745826,1.5878080355099577,10.914075,4.252639,0.061054993,16.708338,5.0,17.552,0.0,55.561,9.75,1.0,239.48900000000003,2022,2,28,120.14000000000001,0.0,India_Averaged.csv
2022-03-01,0,111.3,101.8,21.2,8.0,31.8,6.5,1.2,1.2,1.4,1.4,1.5,1.5,3.9,3.9,-0.9396176537804406,1.282336079380187,10.752254,3.8607879,1.690139,21.111673,5.0,18.481,0.0,56.866,7.686,1.0,237.608,2022,3,1,112.3,0.0,India_Averaged.csv
2022-03-02,0,148.4,112.6,21.7,7.8,30.7,5.7,1.2,1.2,1.2,1.2,1.6,1.6,4.2,4.2,-0.10327847940518922,1.1816346321487143,10.55781,4.471391,8.510027,20.276045,5.0,19.957,0.0,53.455,7.652000000000001,1.0,222.49,2022,3,2,152.6,0.0,India_Averaged.csv
2022-03-03,0,149.0,99.2,19.7,9.2,29.4,6.6,1.4,1.4,1.3,1.3,1.6,1.6,5.0,5.0,-0.18550432754826962,0.9047123482577992,10.5353565,4.4660864,7.5239525,17.252216,5.0,20.253,0.0,57.88100000000001,8.718,1.0,223.296,2022,3,3,149.0,0.0,India_Averaged.csv
2022-03-04,0,144.2,90.8,16.5,7.9,26.5,5.9,1.6,1.6,1.2,1.2,1.4,1.4,3.2,3.2,-0.9614212571814231,0.5702515717628163,10.507933,3.293424,-2.6313407,21.351376,5.0,19.649,0.0,59.769999999999996,13.103,1.0,285.259,2022,3,4,144.2,0.0,India_Averaged.csv
2022-03-05,0,136.5,84.4,18.9,8.3,27.8,6.0,1.6,1.6,1.2,1.2,1.7,1.7,2.9,2.9,-0.9285751187612092,0.6350887331463135,10.670347,3.6955383,-2.1927178,20.212992,5.0,19.719,0.0,55.74699999999999,11.895999999999999,1.0,254.11700000000002,2022,3,5,136.5,0.0,India_Averaged.csv
2022-03-06,0,128.4,106.42,22.98,9.459999999999999,34.06,7.18,1.2,1.2,1.4,1.4,1.3,1.3,3.7,3.7,-0.08214877750046745,1.517357414498063,10.901598,4.646044,12.050539,28.802002,5.0,20.94,0.0,53.101,7.128,1.0,179.60899999999998,2022,3,6,131.1,0.0,India_Averaged.csv
2022-03-07,0,153.78,141.3,26.939999999999998,10.1,44.9,7.8,0.6,0.6,1.7,1.7,1.5,1.5,5.6,5.6,1.5270344090021133,3.0481503635500595,11.448086,5.682854,22.069492,46.58868,5.0,21.853,0.0,52.254000000000005,7.928,1.0,129.09199999999998,2022,3,7,173.18,0.0,India_Averaged.csv
2022-03-08,0,165.9,132.2,22.5,9.2,29.7,6.8,1.1,1.1,1.0,1.0,1.6,1.6,4.1,4.1,0.8876271362180626,1.214973659939226,10.511487,5.107465,11.241253,19.690182,5.0,22.243000000000002,0.0,51.211,9.793000000000001,1.0,243.74099999999999,2022,3,8,167.0,0.0,India_Averaged.csv
2022-03-09,0,162.6,95.0,20.0,6.8,25.0,7.0,1.8,1.8,1.2,1.2,1.2,1.2,5.3,5.3,-0.5080266576707995,0.935648479696518,10.360725,4.326518,1.9146706,23.53526,5.0,22.756,0.0,49.542,9.800999999999998,1.0,246.336,2022,3,9,162.6,0.0,India_Averaged.csv
2022-03-10,0,128.7,96.6,20.2,8.0,25.3,7.3,1.6,1.6,1.2,1.2,1.3,1.3,4.3,4.3,-0.8448306556412873,0.7354078237502168,10.596751,3.8810234,1.1530975,20.540125,5.0,22.826999999999998,0.0,49.789,10.128,1.0,233.31199999999998,2022,3,10,130.4,0.0,India_Averaged.csv
2022-03-11,0,133.4,106.3,21.2,8.1,26.1,6.6,1.6,1.6,1.2,1.2,1.3,1.3,3.3,3.3,-0.5034161764412459,0.7245627150795358,10.403053,4.0121555,4.0226707,15.472923,5.0,22.589000000000002,0.0,50.495,10.969999999999999,1.0,258.879,2022,3,11,135.8,0.0,India_Averaged.csv
2022-03-12,0,142.5,116.34,20.880000000000003,10.620000000000001,29.68,7.88,1.4,1.4,1.0,1.0,1.6,1.6,4.9,4.9,0.3720229428027656,1.0409341243515349,10.715359,4.613805,7.267099,25.07291,5.0,23.358,0.0,47.518,10.022,1.0,268.433,2022,3,12,153.0,0.0,India_Averaged.csv
2022-03-13,0,149.55822841180517,123.38224058029418,22.775631236617784,10.846204299769221,31.54152624365073,7.655304289990023,1.2,1.2,1.1,1.1,1.0,1.0,4.1,4.1,0.8266842617971131,1.233534458228932,8.962732,5.0912523,14.110977,20.995848,5.0,24.654,0.0,50.932,9.425,1.0,273.563,2022,3,13,154.95822841180518,0.0,India_Averaged.csv
2022-03-14,0,159.16,131.9,24.7,13.9,30.7,7.6,1.1,1.1,1.0,1.0,1.1,1.1,4.9,4.9,1.8925020035960034,0.6730346596347925,10.677616,6.055303,19.182781,21.113394,5.0,25.927,0.0,51.676,8.132,1.0,279.307,2022,3,14,166.45999999999998,0.0,India_Averaged.csv
2022-03-15,0,165.6,124.5,24.0,9.4,29.4,7.6,1.1,1.1,1.0,1.0,1.3,1.3,4.8,4.8,0.9185184223682894,1.2941658945631596,10.385001,5.5273924,18.694492,17.326435,5.0,27.431,0.0,47.462,11.589,1.0,293.15500000000003,2022,3,15,165.6,0.0,India_Averaged.csv
2022-03-16,0,166.4,115.3,19.6,8.1,25.0,7.6,1.5,1.5,1.1,1.1,1.1,1.1,5.4,5.4,0.13400509342490768,0.945068388558675,10.467642,4.755178,11.347397,22.029346,5.0,28.014,0.0,45.088,13.818000000000001,1.0,294.493,2022,3,16,166.7,0.0,India_Averaged.csv
2022-03-17,0,155.0,124.2,23.1,8.5,42.8,8.5,0.8,0.8,1.6,1.6,1.7,1.7,6.0,6.0,0.6409464890920136,3.133584019472953,11.379438,5.3859663,20.487867,36.3858,5.0,28.014,0.0,50.464,8.623000000000001,1.0,179.225,2022,3,17,155.2,0.0,India_Averaged.csv
2022-03-18,0,164.5,110.1,17.56,8.2,25.0,7.1,1.7,1.7,1.0,1.0,1.7,1.7,4.7,4.7,-0.12905587568390153,0.7709358152867898,10.259157,4.105321,3.283421,21.763708,5.0,27.943,0.0,54.278999999999996,8.93,1.0,151.834,2022,3,18,164.5,0.0,India_Averaged.csv
2022-03-19,0,168.9,102.0,20.9,10.0,28.1,6.7,1.4,1.4,1.0,1.0,1.6,1.6,5.5,5.5,0.46644229655154723,0.7188648903488825,10.449943,5.1612396,8.991348,13.690002,5.0,28.949,0.0,44.255,8.51,1.0,190.331,2022,3,19,168.9,0.0,India_Averaged.csv
2022-03-20,0,152.8,122.9,24.0,7.2,32.4,7.1,1.2,1.2,1.4,1.4,1.8,1.8,3.0,3.0,0.24244610212812628,1.868155965263527,10.591947,4.3451805,10.467751,19.505781,5.0,28.46,0.0,35.185,10.139,1.0,219.613,2022,3,20,156.4,0.0,India_Averaged.csv
2022-03-21,0,161.0,141.2,25.6,8.1,29.1,6.5,1.3,1.3,1.1,1.1,1.4,1.4,4.6,4.6,0.9484405278394317,1.3291705512504965,10.378868,5.053752,15.582278,22.450947,5.0,28.599,0.0,34.361,12.216,1.0,306.975,2022,3,21,170.1,0.0,India_Averaged.csv
2022-03-22,0,180.1,109.9,19.3,8.4,31.9,7.6,1.3,1.3,1.2,1.2,1.5,1.5,4.4,4.4,0.4183789943715097,1.6876589515571738,10.77071,5.130881,14.506017,31.94398,5.0,28.5,0.0,33.78,14.479000000000003,1.0,281.558,2022,3,22,180.1,0.0,India_Averaged.csv
2022-03-23,0,151.3,128.2,24.8,8.1,30.2,7.2,1.3,1.3,1.2,1.2,1.6,1.6,3.9,3.9,0.5183985560756438,1.509424608280733,10.527296,4.8606944,13.110876,19.544844,5.0,28.201,0.0,33.485,9.910999999999998,1.0,235.35700000000003,2022,3,23,156.8,0.0,India_Averaged.csv
2022-03-24,0,161.3,151.8,23.9,8.4,25.5,6.8,1.3,1.3,1.1,1.1,1.6,1.6,4.3,4.3,1.0198371268838826,0.9718081654224306,9.953017,5.087281,15.042071,8.802836,5.0,27.769,0.0,30.631,11.343,1.0,268.317,2022,3,24,180.7,0.0,India_Averaged.csv
2022-03-25,0,166.0,116.9,22.0,7.7,25.3,6.4,1.5,1.5,1.1,1.1,1.6,1.6,4.8,4.8,0.24148662429263998,0.8128127232334371,10.334085,4.616044,11.50972,20.501408,5.0,27.866999999999997,0.0,25.749000000000002,12.508,1.0,277.796,2022,3,25,169.2,0.0,India_Averaged.csv
2022-03-26,0,159.3,124.9,22.7,9.6,27.8,7.1,1.2,1.2,1.1,1.1,1.6,1.6,3.7,3.7,0.7232475382805303,0.9410238657704436,10.510852,5.004363,15.641376,22.723265,5.0,28.005000000000003,0.0,24.884,15.287,1.0,288.81100000000004,2022,3,26,162.0,0.0,India_Averaged.csv
2022-03-27,0,148.2,131.3,25.2,8.76,27.2,7.7,1.3,1.3,1.2,1.2,1.1,1.1,4.4,4.4,0.646395981597661,1.1709270404672705,10.310537,5.1130996,15.238434,15.823184,5.0,28.536,0.0,25.146,11.864999999999998,1.0,276.79200000000003,2022,3,27,154.1,0.0,India_Averaged.csv
2022-03-28,0,169.6,140.5,27.3,11.64,32.7,8.3,1.0,1.0,1.2,1.2,1.0,1.0,5.3,5.3,2.005167106913562,1.5442574904475965,10.322011,6.599836,38.725563,24.956274,5.0,29.475,0.0,22.439,10.238000000000001,1.0,276.758,2022,3,28,187.0,0.0,India_Averaged.csv
2022-03-29,0,150.8,152.4,26.5,9.8,25.8,8.0,1.3,1.3,0.9,0.9,1.7,1.7,5.5,5.5,1.3356836184154899,1.0152771473022946,10.341818,5.208642,17.116367,22.17879,5.0,29.768,0.0,23.337,11.002,1.0,277.23699999999997,2022,3,29,173.5,0.0,India_Averaged.csv
2022-03-30,0,162.8,161.1,31.4,10.0,38.9,9.0,0.9,0.9,1.4,1.4,1.4,1.4,6.5,6.5,2.2842697904523175,2.804474625846923,10.666208,5.8884096,25.36254,25.677713,5.0,30.184999999999995,0.0,26.113,8.748,1.0,227.86399999999998,2022,3,30,181.5,0.0,India_Averaged.csv
2022-03-31,0,167.2,175.1,29.8,10.4,47.7,10.9,0.8,0.8,1.6,1.6,1.6,1.6,6.4,6.4,2.6858413234375003,4.218597056425707,11.430137,6.0682516,29.144909,40.34599,5.0,30.476999999999997,0.0,28.663,10.068000000000001,1.0,219.869,2022,3,31,194.5,0.0,India_Averaged.csv
2022-04-01,0,181.0,116.2,24.6,8.4,38.1,8.5,0.9,0.9,1.4,1.4,1.2,1.2,5.3,5.3,1.0291207526418245,2.665026533089759,11.264566,5.6103144,24.182709,35.972694,5.0,29.056,0.0,21.815,11.538999999999998,1.0,273.60499999999996,2022,4,1,181.0,0.0,India_Averaged.csv
2022-04-02,0,147.7,132.0,30.3,9.7,48.7,8.6,0.8,0.8,1.6,1.6,1.2,1.2,5.6,5.6,1.494944855940085,3.6893333429392237,11.429586,6.2041078,30.663239,39.407722,5.0,29.548000000000002,0.0,21.39,8.846,1.0,202.94899999999998,2022,4,2,159.5,0.0,India_Averaged.csv
2022-04-03,0,163.3,133.8,28.8,8.6,47.8,9.0,0.8,0.8,1.4,1.4,1.5,1.5,3.7,3.7,1.4730513752235646,3.910146639678101,11.329356,5.728898,22.807573,36.348824,5.0,30.357,0.0,15.391,10.308,1.0,278.036,2022,4,3,163.8,0.0,India_Averaged.csv
2022-04-04,0,160.4,141.1,28.1,9.1,35.5,9.2,1.1,1.1,1.0,1.0,1.3,1.3,7.2,7.2,1.4425629666342177,2.489178211543285,10.878661,5.9017363,25.516874,35.778347,5.0,30.03,0.0,17.255000000000003,12.404,1.0,285.456,2022,4,4,169.1,0.0,India_Averaged.csv
2022-04-05,0,162.6,128.4,28.3,9.8,37.5,8.2,1.2,1.2,1.1,1.1,1.6,1.6,4.7,4.7,1.4400798349385915,2.320533330206906,10.956604,5.946184,25.188307,36.98783,5.0,30.536,0.0,17.596,10.008,1.0,279.543,2022,4,5,162.8,0.0,India_Averaged.csv
2022-04-06,0,153.3,138.7,30.0,10.4,33.7,9.4,1.1,1.1,1.0,1.0,1.8,1.8,5.9,5.9,1.6591161655513957,2.0823422027931016,10.658915,5.8032675,23.892918,27.240246,5.0,30.8,0.0,16.987000000000002,11.453999999999999,1.0,252.11399999999998,2022,4,6,161.4,0.0,India_Averaged.csv
2022-04-07,0,159.6,149.0,33.6,11.1,36.7,9.1,1.0,1.0,1.2,1.2,1.2,1.2,4.7,4.7,2.390550592349882,2.3318024384523683,10.559224,6.2617507,29.799337,28.38628,5.0,31.451999999999998,0.0,15.697999999999999,10.183,1.0,257.071,2022,4,7,168.0,0.0,India_Averaged.csv
2022-04-08,0,171.1,138.8,33.0,10.8,38.2,9.0,1.0,1.0,1.2,1.2,1.2,1.2,4.7,4.7,2.346605540336148,2.511981746820183,10.525765,6.494348,34.991467,20.107784,5.0,32.456,0.0,14.687000000000001,10.565,1.0,251.53900000000004,2022,4,8,172.8,0.0,India_Averaged.csv
2022-04-09,0,165.1,139.8,31.1,9.5,38.3,8.2,1.0,1.0,1.2,1.2,1.7,1.7,5.9,5.9,1.8358091657882678,2.549496871702874,10.787839,6.028046,27.093353,27.092539,5.0,33.331,0.0,14.9,11.815000000000001,1.0,277.931,2022,4,9,170.6,0.0,India_Averaged.csv
2022-04-10,0,170.6,135.2,26.7,8.1,31.8,9.8,1.3,1.3,0.9,0.9,1.6,1.6,5.6,5.6,1.1919361442380099,2.3653674231613175,10.592382,5.9532537,23.94907,28.463415,5.0,33.196,0.0,16.112000000000002,13.824000000000002,1.0,281.672,2022,4,10,178.7,0.0,India_Averaged.csv
2022-04-11,0,158.2,143.5,28.6,10.1,37.8,8.4,1.0,1.0,1.2,1.2,1.4,1.4,4.0,4.0,1.695642598149265,2.40897853479962,11.118981,5.905949,26.37085,36.744534,5.0,33.271,0.0,17.854999999999997,10.901,1.0,264.72799999999995,2022,4,11,170.3,0.0,India_Averaged.csv
2022-04-12,0,154.0,128.8,26.9,9.3,25.5,8.66,1.2,1.2,1.1,1.1,1.2,1.2,5.2,5.2,0.9444625276528008,1.1107716287556095,10.195469,4.863804,14.438934,12.765429,5.0,32.242000000000004,0.0,18.756,10.738,1.0,244.64899999999997,2022,4,12,155.7,0.0,India_Averaged.csv
2022-04-13,0,153.3,179.4,28.5,8.8,26.3,7.7,1.2,1.2,1.1,1.1,1.1,1.1,5.0,5.0,1.7775851168393406,1.3375049907816143,10.136133,5.838876,23.842686,8.440858,5.0,32.043,0.0,19.020999999999997,11.093,1.0,246.15499999999997,2022,4,13,188.6,0.0,India_Averaged.csv
2022-04-14,0,169.3,208.0,23.4,6.9,34.8,7.0,1.2,1.2,1.1,1.1,1.0,1.0,3.8,3.8,1.8630000845667154,2.6305112791512206,10.793042,5.979061,28.309427,33.994793,5.0,31.781,0.0,19.017999999999997,12.263,1.0,256.906,2022,4,14,217.8,0.0,India_Averaged.csv
2022-04-15,0,159.8,124.3,26.0,8.940000000000001,44.2,8.379999999999999,1.2,1.2,1.4,1.4,1.4,1.4,4.0,4.0,1.0555957065671457,3.2265489244401153,11.512976,5.6463556,23.85994,40.61499,5.0,31.766000000000002,0.0,19.079,10.844,1.0,218.9,2022,4,15,161.4,0.0,India_Averaged.csv
2022-04-16,0,154.72,147.1,32.3,10.3,43.5,8.8,0.7,0.7,1.5,1.5,1.4,1.4,5.2,5.2,2.0860630843148735,3.1462977421982568,11.099322,6.214748,31.586609,32.22348,5.0,31.927,0.0,17.906,10.273,1.0,216.64000000000001,2022,4,16,171.82,0.0,India_Averaged.csv
2022-04-17,0,185.5,144.0,31.7,10.1,47.6,8.3,0.8,0.8,1.3,1.3,1.4,1.4,4.9,4.9,2.560204471443196,3.607477829097057,10.870461,6.406691,33.512802,30.271112,5.0,32.416000000000004,0.0,19.822,10.129,1.0,203.19699999999997,2022,4,17,193.8,0.0,India_Averaged.csv
2022-04-18,0,170.6,152.5,31.6,12.3,52.9,8.9,0.8,0.8,1.3,1.3,1.7,1.7,4.9,4.9,2.9295708177176927,3.9516652322484758,11.323037,6.116433,31.373047,39.161385,5.0,33.376,0.0,19.141,10.295,1.0,251.892,2022,4,18,188.2,0.0,India_Averaged.csv
2022-04-19,0,164.32,197.7,30.8,10.6,31.8,7.7,1.1,1.1,1.0,1.0,1.4,1.4,4.9,4.9,2.883186122059313,1.785611280233816,10.390829,6.306043,34.340443,19.564095,5.0,33.946000000000005,0.0,16.854,14.516,1.0,283.128,2022,4,19,223.3,0.0,India_Averaged.csv
2022-04-20,0,167.8,146.1,28.1,8.8,29.7,7.6,1.2,1.2,1.1,1.1,1.4,1.4,4.6,4.6,1.5087346024727932,1.5783775465196015,10.772858,5.6252737,25.636627,26.895987,5.0,34.098,0.0,17.427,13.13,1.0,294.003,2022,4,20,173.4,0.0,India_Averaged.csv
2022-04-21,0,153.5,198.5,25.1,8.3,19.6,6.7,1.5,1.5,0.5,0.5,1.1,1.1,4.8,4.8,1.6403798129008003,0.5117663448189658,9.5671215,5.8885007,23.953762,15.191238,5.0,30.477999999999998,0.0,27.555,12.05,1.0,197.158,2022,4,21,218.3,0.0,India_Averaged.csv
2022-04-22,0,162.2,131.9,26.9,9.0,40.8,7.2,0.9,0.9,1.4,1.4,1.7,1.7,4.2,4.2,1.2474193801697084,2.6225160115325776,11.043519,5.308461,16.0698,31.810482,5.0,31.403,0.0,22.461000000000002,9.493,1.0,238.285,2022,4,22,165.7,0.0,India_Averaged.csv
2022-04-23,0,143.8,139.1,29.9,10.1,37.5,6.5,1.0,1.0,1.2,1.2,1.8,1.8,5.7,5.7,1.4249313501671186,1.9063543460883512,10.958012,5.539464,23.854822,31.249157,5.0,31.653000000000002,0.0,19.034,10.598,1.0,274.24399999999997,2022,4,23,165.2,0.0,India_Averaged.csv
2022-04-24,0,158.1,148.8,28.3,8.1,39.2,6.9,0.9,0.9,1.4,1.4,1.8,1.8,6.3,6.3,1.3511253501502611,2.6151769704368233,10.768823,5.5457144,20.459204,26.277699,5.0,32.518,0.0,17.712,14.283000000000001,1.0,285.17199999999997,2022,4,24,171.2,0.0,India_Averaged.csv
2022-04-25,0,165.7,153.5,22.7,7.5,37.6,7.3,1.1,1.1,1.0,1.0,1.5,1.5,5.4,5.4,1.0082944947858494,2.6267416196036435,10.862278,5.145129,18.508398,33.061176,5.0,33.107,0.0,18.907,12.223,1.0,256.26000000000005,2022,4,25,176.3,0.0,India_Averaged.csv
2022-04-26,0,162.8,137.8,28.2,10.5,38.4,7.3,0.9,0.9,1.4,1.4,1.2,1.2,4.9,4.9,1.7281786443967007,2.1484431196337646,10.6885605,6.023213,30.734884,34.989937,5.0,33.254000000000005,0.0,18.1,11.361,1.0,272.98400000000004,2022,4,26,173.8,0.0,India_Averaged.csv
2022-04-27,0,157.2,158.2,31.8,11.1,39.3,8.3,1.0,1.0,1.2,1.2,1.6,1.6,5.3,5.3,2.3789316572596446,2.476014609228637,10.654854,6.1528754,35.538025,29.116741,5.0,33.81699999999999,0.0,17.13,11.172999999999998,1.0,285.085,2022,4,27,189.1,0.0,India_Averaged.csv
2022-04-28,0,184.8,166.2,32.3,14.2,41.7,9.6,0.9,0.9,1.1,1.1,1.6,1.6,5.0,5.0,3.728275059400039,2.6106821516993186,10.711006,6.897409,43.017883,25.312366,5.0,35.144999999999996,0.0,15.228,11.44,1.0,276.101,2022,4,28,192.5,0.0,India_Averaged.csv
2022-04-29,0,189.0,198.9,27.4,13.2,32.7,8.3,1.0,1.0,0.9,0.9,1.8,1.8,6.3,6.3,3.6414477428871104,1.6118705575844792,10.700548,7.1211367,36.638443,22.987278,5.0,35.254999999999995,0.0,14.112,14.374,1.0,282.307,2022,4,29,221.7,0.0,India_Averaged.csv
2022-04-30,0,195.0,159.3,26.1,9.4,33.1,6.8,1.1,1.1,1.0,1.0,1.2,1.2,5.3,5.3,2.2248250639149267,1.8116196844738386,10.159184,6.301709,31.264353,17.295715,5.0,35.107,0.0,17.557,11.216,1.0,243.391,2022,4,30,207.6,0.0,India_Averaged.csv
2022-05-01,0,171.0,150.5,18.5,7.640000000000001,33.2,6.0,0.9,0.9,1.4,1.4,1.6,1.6,4.8,4.8,0.6937954002682651,1.784701426581399,10.596363,5.159192,16.96156,22.410952,5.0,33.633,0.0,30.588,15.916,1.0,169.474,2022,5,1,175.4,0.0,India_Averaged.csv
2022-05-02,0,164.7,126.8,14.9,9.7,35.3,6.0,0.9,0.9,1.4,1.4,1.9,1.9,5.4,5.4,0.35299316441804046,1.4982440867300224,11.685938,4.9069815,5.9229574,33.142536,5.0,33.558,0.0,32.208,16.128,1.0,172.403,2022,5,2,164.7,0.0,India_Averaged.csv
2022-05-03,0,149.2,184.5,15.1,7.3,38.2,6.7,0.9,0.9,1.4,1.4,2.0,2.0,5.2,5.2,0.5899653261658583,2.6419446027859514,11.526373,4.5944467,5.615995,41.689972,5.0,32.84400000000001,0.0,32.51,11.270000000000001,1.0,195.951,2022,5,3,199.7,0.0,India_Averaged.csv
2022-05-04,0,170.7,125.7,16.6,9.3,32.3,6.1,1.1,1.1,1.3,1.3,1.5,1.5,7.1,7.1,0.46101263211734383,1.274995613635696,11.153528,4.306452,7.8138742,27.818314,5.0,31.213,0.0,40.909000000000006,10.745000000000001,1.0,177.425,2022,5,4,170.7,0.0,India_Averaged.csv
2022-05-05,0,150.8,115.1,24.6,9.5,45.5,6.4,1.0,1.0,1.5,1.5,2.2,2.2,5.5,5.5,0.7305905818209658,2.7604657113484543,11.470433,5.1738963,14.633306,39.752663,5.0,31.770999999999997,0.0,35.269999999999996,7.804,1.0,192.999,2022,5,5,153.4,0.0,India_Averaged.csv
2022-05-06,0,150.4,157.4,25.2,9.2,41.2,6.5,1.0,1.0,1.5,1.5,1.7,1.7,5.9,5.9,1.3520197947069703,2.5564527832173978,11.0305605,5.6370435,22.585072,32.28997,5.0,32.794,0.0,29.383,7.74,1.0,235.788,2022,5,6,172.5,0.0,India_Averaged.csv
2022-05-07,0,181.2,135.5,29.5,10.4,47.1,6.9,0.9,0.9,1.4,1.4,1.8,1.8,5.9,5.9,2.2075164148627358,3.120060605359844,11.541849,6.06808,29.111227,44.584816,5.0,33.173,0.0,26.835,9.502,1.0,204.055,2022,5,7,185.6,0.0,India_Averaged.csv
2022-05-08,0,163.1,121.6,19.5,7.9,52.8,6.3,0.8,0.8,1.6,1.6,1.6,1.6,5.3,5.3,0.4402019603489243,3.8768735796091014,11.76564,5.8001666,19.16932,51.500652,5.0,33.971,0.0,30.264,12.593,1.0,191.14100000000002,2022,5,8,163.1,0.0,India_Averaged.csv
2022-05-09,0,162.0,101.7,16.3,8.0,41.6,5.5,1.0,1.0,1.5,1.5,1.6,1.6,4.0,4.0,-0.2749599108116886,2.2850646240421897,11.91219,4.473116,1.5738106,50.191788,5.0,34.337,0.0,33.813,13.263,1.0,154.403,2022,5,9,162.0,0.0,India_Averaged.csv
2022-05-10,0,153.7,118.0,17.9,7.8,40.5,6.0,1.0,1.0,1.5,1.5,1.4,1.4,5.6,5.6,-0.08540214091737709,2.3728922342268985,11.873495,4.869128,9.972727,48.65436,5.0,33.99999999999999,0.0,36.475,10.785,1.0,134.046,2022,5,10,163.1,0.0,India_Averaged.csv
2022-05-11,0,157.6,101.7,19.6,7.5,47.6,6.3,1.0,1.0,1.5,1.5,1.3,1.3,5.0,5.0,-0.1220756525786835,3.2437695337132104,12.104488,5.4660826,18.427519,54.16723,5.0,34.983,0.0,33.975,11.722,1.0,193.573,2022,5,11,157.6,0.0,India_Averaged.csv
2022-05-12,0,147.1,107.3,20.6,8.5,49.5,5.7,1.0,1.0,1.5,1.5,1.6,1.6,3.7,3.7,0.06618272646961862,3.157416839275075,11.9372425,5.098852,15.740886,43.47439,5.0,35.876,0.0,31.836000000000002,12.200999999999999,1.0,204.19199999999998,2022,5,12,147.1,0.0,India_Averaged.csv
2022-05-13,0,150.0,126.9,23.2,9.4,52.5,6.3,1.0,1.0,1.5,1.5,1.9,1.9,4.3,4.3,0.8641739053104127,3.596177927503812,12.087305,5.496435,18.298294,53.255066,5.0,35.935,0.0,29.058,14.012,1.0,226.84099999999998,2022,5,13,157.9,0.0,India_Averaged.csv
2022-05-14,0,152.0,152.0,30.2,9.7,42.5,6.9,1.1,1.1,1.3,1.3,1.5,1.5,6.5,6.5,1.7958830796988352,2.721852402767099,11.20873,5.726585,27.622705,36.251057,5.0,36.308,0.0,22.060000000000002,12.401,1.0,246.959,2022,5,14,170.2,0.0,India_Averaged.csv
2022-05-15,0,161.2,144.5,30.1,10.3,31.7,6.6,1.1,1.1,1.0,1.0,1.1,1.1,6.5,6.5,1.8230653193344248,1.311986599400059,10.505161,5.835839,26.535898,17.655106,5.0,37.284000000000006,0.0,19.407999999999998,14.636000000000001,1.0,238.36700000000002,2022,5,15,169.5,0.0,India_Averaged.csv
2022-05-16,0,154.5,242.0,21.3,6.2,27.7,5.8,1.1,1.1,1.0,1.0,1.0,1.0,5.0,5.0,1.7437167745628428,1.790407750089604,9.8792515,6.5663414,26.576462,21.364773,5.0,34.97500000000001,0.0,24.95,14.553,1.0,229.27100000000002,2022,5,16,248.5,0.0,India_Averaged.csv
2022-05-17,0,167.4,151.3,18.5,7.4,48.3,6.9,1.0,1.0,1.5,1.5,1.6,1.6,4.7,4.7,0.7849894579249463,3.7340511025305148,11.432556,5.7890882,12.409897,38.611717,5.0,33.152,0.0,32.646,11.275,1.0,165.53300000000002,2022,5,17,172.2,0.0,India_Averaged.csv
2022-05-18,0,162.2,137.3,22.5,9.3,36.0,7.2,1.2,1.2,1.1,1.1,1.2,1.2,5.9,5.9,1.003625295638899,2.015324667838759,11.087952,5.495363,19.610449,30.780872,5.0,34.651,0.0,26.252999999999997,9.440999999999999,1.0,176.29500000000002,2022,5,18,166.4,0.0,India_Averaged.csv
2022-05-19,0,163.5,139.8,27.8,10.0,44.8,6.6,0.9,0.9,1.4,1.4,1.1,1.1,4.3,4.3,1.7089832081389011,2.8195275675675235,11.362094,5.94435,27.503021,39.22779,5.0,36.171,0.0,22.406,10.053,1.0,205.88600000000002,2022,5,19,163.7,0.0,India_Averaged.csv
2022-05-20,0,164.7,181.5,24.7,7.6,41.4,5.8,1.1,1.1,1.3,1.3,1.7,1.7,5.2,5.2,1.644302367348035,2.862765736027618,11.057302,5.606265,22.701115,32.77305,5.0,36.839,0.0,22.212,14.431999999999999,1.0,237.97899999999998,2022,5,20,202.5,0.0,India_Averaged.csv
2022-05-21,0,164.8,205.9,16.9,5.9,26.7,5.1,1.3,1.3,0.9,0.9,1.5,1.5,5.7,5.7,0.9251105871378205,1.3948758622081339,9.917368,5.254529,12.998929,15.541586,5.0,34.225,0.0,31.449,14.969,1.0,245.217,2022,5,21,212.5,0.0,India_Averaged.csv
2022-05-22,0,160.6,162.3,18.0,6.6,47.9,5.4,0.9,0.9,1.4,1.4,1.7,1.7,4.8,4.8,0.6140804708532285,3.531244483240741,11.691589,5.892908,24.186312,42.997547,5.0,33.208999999999996,0.0,35.482,14.683000000000002,1.0,204.79000000000002,2022,5,22,195.0,0.0,India_Averaged.csv
2022-05-23,0,160.4,94.3,13.4,5.7,24.1,4.6,2.0,2.0,1.0,1.0,1.8,1.8,4.6,4.6,-1.329767273373618,0.4395005591479212,10.307365,3.0336604,-16.094837,14.75032,5.0,27.198,0.0,63.462,17.996000000000002,1.0,145.07999999999998,2022,5,23,160.6,0.0,India_Averaged.csv
2022-05-24,0,112.2,81.2,18.2,8.0,29.6,4.3,2.0,2.0,1.0,1.0,2.1,2.1,5.2,5.2,-1.5474637840870424,0.4290248440817095,10.705594,3.2027164,-11.736689,20.10837,5.0,28.165,0.0,59.876,9.679,1.0,139.35,2022,5,24,114.6,0.0,India_Averaged.csv
2022-05-25,0,121.1,111.2,22.1,9.6,43.5,5.6,1.0,1.0,1.5,1.5,2.0,2.0,4.5,4.5,-0.08861867824099054,2.2154807615621346,11.503203,4.8235006,15.437215,32.97121,5.0,29.834000000000003,0.0,50.807,9.477,1.0,204.338,2022,5,25,130.7,0.0,India_Averaged.csv
2022-05-26,0,160.3,119.0,24.7,9.1,56.0,5.3,0.8,0.8,1.6,1.6,1.9,1.9,5.2,5.2,1.0064032008127681,3.8313217931356176,11.737155,5.3662558,17.910479,41.811714,5.0,31.072000000000003,0.0,45.88000000000001,9.430000000000001,1.0,210.40699999999998,2022,5,26,168.1,0.0,India_Averaged.csv
2022-05-27,0,165.0,118.1,21.4,7.3,28.7,4.9,1.3,1.3,1.2,1.2,1.5,1.5,4.5,4.5,0.13516818564688776,0.9397798238101653,10.589801,4.5757437,9.946877,19.940556,5.0,32.11,0.0,47.559000000000005,12.581999999999999,1.0,223.84699999999998,2022,5,27,166.1,0.0,India_Averaged.csv
2022-05-28,0,157.5,200.2,19.8,8.1,23.3,5.7,1.1,1.1,1.0,1.0,1.8,1.8,5.9,5.9,1.3275372804197647,0.7265186695876098,9.993405,5.5410833,16.459328,14.997327,5.0,33.001999999999995,0.0,47.658,12.541,1.0,217.96099999999996,2022,5,28,220.0,0.0,India_Averaged.csv
2022-05-29,0,156.7,152.4,15.7,6.9,34.1,5.6,1.3,1.3,1.2,1.2,1.5,1.5,4.5,4.5,0.10337710657517071,1.8753073072715378,11.018333,4.2282553,4.2326097,30.830173,5.0,33.285999999999994,0.0,46.177,13.725999999999999,1.0,228.32,2022,5,29,167.8,0.0,India_Averaged.csv
2022-05-30,0,162.0,113.9,17.6,8.0,35.1,5.9,1.2,1.2,1.4,1.4,1.5,1.5,5.3,5.3,-0.04749867827957366,1.703514556770811,11.010336,4.640482,2.787223,31.990107,5.0,33.302,0.0,42.868,12.024000000000001,1.0,207.129,2022,5,30,162.0,0.0,India_Averaged.csv
2022-05-31,0,147.8,176.5,25.1,9.5,43.9,7.1,1.0,1.0,1.2,1.2,1.8,1.8,5.6,5.6,1.7103297460820244,3.0268274757787523,10.855577,5.3091564,16.547314,42.218998,5.0,33.411,0.0,36.912,11.03,1.0,247.06799999999998,2022,5,31,194.7,0.0,India_Averaged.csv
2022-06-01,0,167.7,172.1,24.2,8.2,39.6,6.6,0.9,0.9,1.4,1.4,1.5,1.5,3.1,3.1,1.6183709154531958,2.6863499144761045,10.836911,5.470064,17.891476,33.820213,5.0,34.370999999999995,0.0,26.758000000000003,11.702000000000002,1.0,281.71500000000003,2022,6,1,199.8,0.0,India_Averaged.csv
2022-06-02,0,163.6,139.2,23.6,8.7,32.4,6.1,1.1,1.1,1.1,1.1,1.4,1.4,6.4,6.4,0.9651556216182129,1.4930759752033307,10.640132,5.1136966,18.390865,22.65125,5.0,34.75,0.0,25.909,12.352,1.0,280.433,2022,6,2,176.0,0.0,India_Averaged.csv
2022-06-03,0,154.2,142.9,26.6,10.2,36.1,7.3,1.0,1.0,1.2,1.2,1.6,1.6,5.2,5.2,1.4431464504584417,1.9270042783228583,10.664941,5.6799254,22.75922,25.27783,5.0,35.248000000000005,0.0,21.502000000000002,12.146,1.0,266.008,2022,6,3,172.9,0.0,India_Averaged.csv
2022-06-04,0,155.3,138.6,28.9,11.7,39.0,7.5,1.0,1.0,1.2,1.2,1.7,1.7,6.0,6.0,1.9067896282333094,2.03697476532582,10.96541,6.1430306,23.846699,20.046373,5.0,35.519,0.0,19.522,11.462,1.0,254.623,2022,6,4,173.9,0.0,India_Averaged.csv
2022-06-05,0,149.5,141.92000000000002,21.5,8.3,27.9,5.2,1.2,1.2,1.1,1.1,1.4,1.4,5.6,5.6,0.44188501548851794,0.8106827024713018,10.560976,4.99735,7.5854445,13.067076,5.0,35.685,0.0,17.637999999999998,14.547,1.0,267.55100000000004,2022,6,5,170.32,0.0,India_Averaged.csv
2022-06-06,0,145.7,128.4,24.5,7.3,44.1,6.7,1.0,1.0,1.5,1.5,2.2,2.2,5.2,5.2,0.3927718883639558,3.103503842445975,11.579298,5.3262224,22.48816,41.416077,5.0,35.36900000000001,0.0,20.053,12.957999999999998,1.0,245.93,2022,6,6,156.1,0.0,India_Averaged.csv
2022-06-07,0,137.2,211.5,22.4,6.2,26.0,6.0,1.2,1.2,1.1,1.1,1.3,1.3,5.5,5.5,0.9905786613077133,1.4506025665204423,10.029696,5.551516,16.784796,17.685024,5.0,36.481,0.0,20.551,17.502000000000002,1.0,272.002,2022,6,7,228.7,0.0,India_Averaged.csv
2022-06-08,0,160.3,202.1,20.1,6.9,35.3,6.8,1.1,1.1,1.0,1.0,1.2,1.2,4.1,4.1,1.3513832732557327,2.562437916206836,10.261789,5.863242,18.534231,24.949057,5.0,35.84,0.0,22.875,17.976000000000003,1.0,267.304,2022,6,8,218.0,0.0,India_Averaged.csv
2022-06-09,0,161.1,150.7,18.7,6.6,38.2,5.4,1.3,1.3,1.2,1.2,1.8,1.8,5.2,5.2,0.3712161367583854,2.3788213610883675,10.47717,4.6605754,1.7646984,29.40364,5.0,36.005,0.0,24.68,14.906,1.0,264.408,2022,6,9,172.6,0.0,India_Averaged.csv
2022-06-10,0,146.7,179.8,19.2,6.7,21.6,5.0,1.6,1.6,0.9,0.9,1.3,1.3,3.8,3.8,0.43641753924944765,0.49081782704905796,9.798794,4.3992534,6.0718246,14.2369795,5.0,36.257,0.0,24.096,17.001,1.0,268.68,2022,6,10,209.1,0.0,India_Averaged.csv
2022-06-11,0,150.6,149.3,18.2,6.3,22.0,5.3,1.9,1.9,0.9,0.9,1.6,1.6,3.5,3.5,-0.1384699543809103,0.5267188910127212,9.40626,3.8643177,-1.6421112,17.40756,5.0,36.128,0.0,26.74,16.360000000000003,1.0,272.048,2022,6,11,177.9,0.0,India_Averaged.csv
2022-06-12,0,144.6,129.5,19.1,6.3,25.9,5.7,1.3,1.3,1.2,1.2,2.1,2.1,3.7,3.7,-0.4529831008492364,0.9507255662072289,9.808148,3.6041439,-0.20654526,17.516037,5.0,35.247,0.0,31.387999999999998,13.541,1.0,269.198,2022,6,12,156.3,0.0,India_Averaged.csv
2022-06-13,0,145.1,114.0,17.0,6.8,36.3,5.0,1.5,1.5,1.1,1.1,1.9,1.9,3.7,3.7,-0.6438762384608119,1.8010000817849743,10.016123,3.8049653,1.6416309,12.6790495,5.0,35.343,0.0,37.870999999999995,17.634999999999998,1.0,264.50100000000003,2022,6,13,148.7,0.0,India_Averaged.csv
2022-06-14,0,129.1,119.2,14.1,5.5,20.5,5.0,1.7,1.7,1.0,1.0,2.3,2.3,1.7,1.7,-1.5245378267787795,0.18943186410691912,9.689512,2.0911567,-20.613428,4.3588157,5.0,32.583999999999996,0.0,48.529,18.326,1.0,271.00100000000003,2022,6,14,143.0,0.0,India_Averaged.csv
2022-06-15,0,126.2,76.4,14.2,7.6,23.6,4.4,1.8,1.8,1.1,1.1,2.3,2.3,2.4,2.4,-1.822218688398393,-0.1755921907274211,9.84107,1.7301769,-22.70458,5.8948317,5.0,34.896,0.0,42.573,17.538999999999998,1.0,262.683,2022,6,15,126.2,0.0,India_Averaged.csv
2022-06-16,0,101.3,82.8,14.8,6.34,30.4,4.3,1.4,1.4,1.3,1.3,2.4,2.4,2.0,2.0,-2.305601290153978,0.7612938551694015,10.751316,2.046764,-17.860754,24.769684,5.0,32.888,0.0,49.434,11.642,1.0,212.13000000000002,2022,6,16,106.2,0.0,India_Averaged.csv
2022-06-17,0,99.8,62.5,13.9,8.5,18.8,3.6,2.0,2.0,1.0,1.0,2.4,2.4,0.9,0.9,-2.4493207005740874,-1.2014604850727104,9.593468,0.69795364,-33.20047,-11.208293,5.0,29.949,0.0,63.684000000000005,10.152,1.0,201.826,2022,6,17,101.0,0.0,India_Averaged.csv
2022-06-18,0,91.1,58.1,13.88,5.9,24.9,5.2,1.8,1.8,1.1,1.1,2.9,2.9,1.8,1.8,-3.1096254611627665,0.25284449023525124,10.068906,0.19736019,-45.294197,8.989415,5.0,29.761000000000003,0.0,64.65400000000001,9.924,1.0,210.30699999999996,2022,6,18,91.1,0.0,India_Averaged.csv
2022-06-19,0,98.9,68.8,15.9,5.74,15.2,3.8,2.0,2.0,1.0,1.0,2.7,2.7,1.6,1.6,-2.8041014210636646,-1.0371526990562576,9.37185,0.524808,-32.62863,-18.249973,5.0,26.889,0.0,77.86,9.946000000000002,1.0,236.03400000000002,2022,6,19,102.5,0.0,India_Averaged.csv
2022-06-20,0,104.9,77.4,17.8,6.9,19.4,4.7,1.7,1.7,1.0,1.0,2.3,2.3,1.6,1.6,-2.1114940827357005,-0.4924007784474952,9.523415,1.6452242,-18.616482,-15.066037,5.0,27.869,0.0,71.233,7.892,1.0,207.76500000000001,2022,6,20,105.7,0.0,India_Averaged.csv
2022-06-21,0,110.4,74.6,15.8,7.0,22.0,5.3,1.8,1.8,1.1,1.1,2.6,2.6,1.3,1.3,-2.1482881962501787,-0.09681040484880495,10.11054,1.3836784,-26.27415,0.31555787,5.0,28.468,0.0,69.64099999999999,8.181999999999999,1.0,161.5,2022,6,21,110.6,0.0,India_Averaged.csv
2022-06-22,0,111.8,94.4,16.5,7.2,25.2,4.7,1.6,1.6,1.2,1.2,2.5,2.5,1.8,1.8,-1.6752199188427248,0.20685327644056167,10.498211,2.4898703,-14.470423,6.381368,5.0,29.787,0.0,62.676,7.411,1.0,190.73,2022,6,22,116.3,0.0,India_Averaged.csv
2022-06-23,0,124.2,111.9,18.0,7.2,25.9,4.4,1.6,1.6,1.2,1.2,2.2,2.2,2.8,2.8,-1.040894197204551,0.35412399988767046,10.543581,3.0163474,-8.272448,11.488228,5.0,30.921000000000003,0.0,50.661,11.812000000000001,1.0,266.319,2022,6,23,128.6,0.0,India_Averaged.csv
2022-06-24,0,142.7,132.8,22.9,7.6,27.3,5.5,1.4,1.4,1.3,1.3,1.8,1.8,4.6,4.6,0.13017234408822315,0.8782189921930575,10.525341,4.6217003,7.764796,18.323864,5.0,31.491000000000003,0.0,42.132999999999996,10.166999999999998,1.0,278.547,2022,6,24,149.2,0.0,India_Averaged.csv
2022-06-25,0,158.5,137.5,23.98,9.7,40.8,6.6,1.3,1.3,1.2,1.2,1.2,1.2,4.0,4.0,1.1798755430784067,2.361423545391112,11.031686,5.5537996,24.01285,32.283684,5.0,33.144,0.0,36.973,8.110000000000001,1.0,161.927,2022,6,25,168.6,0.0,India_Averaged.csv
2022-06-26,0,162.0,98.7,14.459999999999999,6.7,25.6,4.4,1.6,1.6,1.2,1.2,2.6,2.6,4.5,4.5,-0.9316980720367667,0.42484762820142724,10.45069,2.8421047,-8.360166,19.4299,5.0,34.18599999999999,0.0,46.976,13.231,1.0,119.60499999999999,2022,6,26,162.0,0.0,India_Averaged.csv
2022-06-27,0,145.0,79.2,12.379999999999999,7.3,27.6,4.5,1.6,1.6,1.2,1.2,2.8,2.8,5.6,5.6,-1.5784706288861587,0.4074787027035314,11.04563,2.3451724,-18.900524,27.123072,5.0,34.090999999999994,0.0,52.299,10.681000000000001,1.0,135.902,2022,6,27,145.0,0.0,India_Averaged.csv
2022-06-28,0,135.5,87.6,14.1,7.9,25.0,4.8,1.8,1.8,1.1,1.1,2.6,2.6,4.8,4.8,-1.391621030279986,0.09911945249501627,10.284986,2.6127028,-12.183332,10.296968,5.0,33.833,0.0,55.46,12.815999999999999,1.0,208.38600000000002,2022,6,28,135.5,0.0,India_Averaged.csv
2022-06-29,0,141.5,88.0,13.5,6.779999999999999,30.1,4.8,1.8,1.8,1.1,1.1,2.9,2.9,5.8,5.8,-1.4838920495355523,0.890612876275628,10.898294,2.4197285,-23.25135,25.904968,5.0,32.802,0.0,60.413,15.175,1.0,178.58700000000002,2022,6,29,141.5,0.0,India_Averaged.csv
2022-06-30,0,125.4,52.2,14.4,7.8,13.1,4.5,2.0,2.0,1.0,1.0,2.7,2.7,0.3,0.3,-2.3015845496925467,-1.501566413092164,8.652476,0.98025876,-27.95935,-25.789968,5.0,28.064,0.0,80.404,8.581,1.0,137.98999999999998,2022,6,30,125.4,0.0,India_Averaged.csv
2022-07-01,0,89.6,52.7,14.0,8.2,14.4,4.7,2.0,2.0,1.0,1.0,2.7,2.7,1.9,1.9,-2.8873879017301762,-1.4848498977199147,8.730838,-0.05794418,-38.084656,-44.89196,5.0,27.532999999999998,0.0,83.091,5.779000000000001,1.0,157.01399999999998,2022,7,1,89.6,0.0,India_Averaged.csv
2022-07-02,0,84.4,62.7,12.5,7.5,17.7,5.0,2.0,2.0,1.0,1.0,2.7,2.7,1.8,1.8,-3.030882351023249,-0.8990156578306083,9.543895,-0.26162863,-42.35536,-11.141722,5.0,28.756,0.0,78.61699999999999,9.324000000000002,1.0,171.262,2022,7,2,85.7,0.0,India_Averaged.csv
2022-07-03,0,95.7,52.0,11.6,7.7,16.3,4.7,2.0,2.0,1.0,1.0,2.7,2.7,0.8,0.8,-3.046676622635192,-1.1857041552741934,9.196695,-0.2478754,-43.303688,-24.82781,5.0,28.517000000000003,0.0,81.995,7.2780000000000005,1.0,163.30599999999998,2022,7,3,95.7,0.0,India_Averaged.csv
2022-07-04,0,83.3,74.7,17.2,9.8,24.9,5.3,1.8,1.8,1.1,1.1,2.6,2.6,4.0,4.0,-1.944798859054655,-0.32675431636845464,9.918058,1.1739664,-26.365423,0.3741905,5.0,30.153,0.0,76.326,5.75,1.0,142.325,2022,7,4,86.3,0.0,India_Averaged.csv
2022-07-05,0,118.3,71.7,13.3,8.1,21.8,4.7,1.8,1.8,1.1,1.1,2.6,2.6,3.3,3.3,-2.030627659695161,-0.4556030498329776,10.044069,1.1720203,-31.522959,2.7773914,5.0,30.893,0.0,72.847,10.408,1.0,104.328,2022,7,5,118.6,0.0,India_Averaged.csv
2022-07-06,0,122.2,71.9,11.0,11.620000000000001,21.5,4.6,1.9,1.9,0.9,0.9,2.8,2.8,4.8,4.8,-1.429161456817199,-1.1371444502009296,9.925829,1.374123,-33.8919,-4.789153,5.0,29.881999999999998,0.0,77.796,11.803,1.0,104.10499999999999,2022,7,6,122.2,0.0,India_Averaged.csv
2022-07-07,0,118.3,68.4,13.5,8.3,26.2,7.3,1.6,1.6,1.2,1.2,2.9,2.9,4.8,4.8,-1.9389321501116015,0.5637352779018718,10.867304,1.983757,-29.08056,27.675512,5.0,30.28,0.0,74.04499999999999,10.464,1.0,117.33800000000001,2022,7,7,118.3,0.0,India_Averaged.csv
2022-07-08,0,94.3,63.2,14.2,7.7,22.0,5.0,2.0,2.0,1.0,1.0,2.7,2.7,3.3,3.3,-2.6187076455291773,-0.400687392991136,10.280414,0.38355955,-43.45823,14.548218,5.0,30.981,0.0,70.355,9.940999999999999,1.0,124.20899999999999,2022,7,8,94.3,0.0,India_Averaged.csv
2022-07-09,0,95.1,67.1,12.9,7.3,18.8,6.4,1.8,1.8,1.1,1.1,2.9,2.9,2.7,2.7,-2.7369694956422084,-0.37680437184897364,10.019716,0.39887533,-44.02346,-3.7446494,5.0,29.560000000000002,0.0,75.151,9.901,1.0,129.63,2022,7,9,95.1,0.0,India_Averaged.csv
2022-07-10,0,100.3,58.5,13.1,7.0,18.1,4.6,2.0,2.0,1.0,1.0,2.7,2.7,2.6,2.6,-2.8612970101882054,-0.8227281253575777,9.506744,-0.14935715,-42.359005,-16.868881,5.0,28.666000000000004,0.0,80.191,6.397,1.0,155.63400000000001,2022,7,10,100.3,0.0,India_Averaged.csv
2022-07-11,0,90.9,67.1,16.2,9.8,23.5,5.1,1.8,1.8,1.1,1.1,2.7,2.7,2.9,2.9,-2.0245369538730875,-0.552741143989398,10.4621525,1.7859898,-23.771849,1.7596655,5.0,30.278,0.0,73.301,5.574,1.0,181.629,2022,7,11,90.9,0.0,India_Averaged.csv
2022-07-12,0,103.9,65.0,17.9,11.1,17.6,6.1,1.8,1.8,1.1,1.1,1.8,1.8,2.6,2.6,-1.4836189898071659,-1.192597115258367,9.26577,2.316958,-14.387311,-19.39711,5.0,29.917,0.0,76.273,7.141,1.0,142.238,2022,7,12,103.9,0.0,India_Averaged.csv
2022-07-13,0,99.5,59.6,14.7,11.2,18.1,4.5,1.9,1.9,0.9,0.9,2.7,2.7,1.1,1.1,-1.8947466804832125,-1.5679958052238785,9.150528,1.5593083,-27.086075,-36.075848,5.0,29.834000000000003,0.0,76.61300000000001,8.238,1.0,115.671,2022,7,13,99.5,0.0,India_Averaged.csv
2022-07-14,0,89.0,64.7,13.6,8.1,16.1,5.1,2.0,2.0,1.0,1.0,2.7,2.7,0.1,0.1,-2.7263645093581053,-1.132790052703198,8.891039,-0.29693246,-45.136017,-31.200232,5.0,29.427,0.0,76.061,11.711,1.0,91.348,2022,7,14,89.0,0.0,India_Averaged.csv
2022-07-15,0,86.8,59.2,11.6,7.1,17.4,5.0,2.0,2.0,1.0,1.0,2.7,2.7,1.9,1.9,-3.1962665326406734,-0.8800322276847806,9.300356,-0.6297314,-50.955315,-13.329732,5.0,29.835,0.0,72.6,12.975999999999999,1.0,94.783,2022,7,15,86.8,0.0,India_Averaged.csv
2022-07-16,0,77.6,45.6,13.6,8.7,14.2,7.5,2.0,2.0,1.0,1.0,2.7,2.7,2.4,2.4,-3.117242222208691,-1.0556262319663479,8.837613,0.087124154,-35.814034,-37.004948,5.0,28.055,0.0,82.44800000000001,9.707,1.0,112.78399999999999,2022,7,16,77.6,0.0,India_Averaged.csv
2022-07-17,0,70.6,45.260000000000005,11.120000000000001,6.44,17.880000000000003,5.36,2.0,2.0,1.0,1.0,3.0,3.0,1.2,1.2,-3.8823430270058914,-0.749361062507772,10.418503,-0.3147537,-56.631744,3.7851765,5.0,28.925,0.0,81.82300000000001,7.581,1.0,121.28200000000001,2022,7,17,71.0,0.0,India_Averaged.csv
2022-07-18,0,79.62,66.0,14.0,8.3,18.5,5.5,2.0,2.0,1.0,1.0,2.7,2.7,2.0,2.0,-2.77353377821107,-0.8252554856651818,9.973501,0.7327444,-37.25867,-12.529371,5.0,29.921999999999997,0.0,78.199,6.564,1.0,174.713,2022,7,18,83.82000000000001,0.0,India_Averaged.csv
2022-07-19,0,98.1,73.6,17.3,9.3,17.8,5.3,1.8,1.8,1.1,1.1,2.7,2.7,2.7,2.7,-1.8662723672783854,-1.007668102948513,9.4105425,1.9997833,-23.57866,-28.452717,5.0,29.854000000000003,0.0,78.447,7.648999999999999,1.0,185.73399999999998,2022,7,19,103.2,0.0,India_Averaged.csv
2022-07-20,0,101.2,60.6,14.0,7.3,10.7,5.1,2.0,2.0,1.0,1.0,2.7,2.7,1.2,1.2,-2.762188002151417,-1.5874212823695018,8.146967,-0.14918302,-33.231525,-43.375084,5.0,28.160000000000004,0.0,84.17,10.843,1.0,251.36599999999999,2022,7,20,101.2,0.0,India_Averaged.csv
2022-07-21,0,88.2,62.1,15.1,7.5,22.2,5.0,2.0,2.0,1.0,1.0,2.7,2.7,2.9,2.9,-2.7187184671562163,-0.3586214075395194,9.440462,0.84860975,-30.343811,4.5841656,5.0,27.7,0.0,82.85400000000001,7.090000000000001,1.0,158.351,2022,7,21,88.2,0.0,India_Averaged.csv
2022-07-22,0,99.4,66.0,15.1,8.5,13.9,4.6,2.0,2.0,1.0,1.0,2.7,2.7,0.3,0.3,-2.3515989272750533,-1.5142783954724115,8.482345,0.5435344,-28.66283,-37.22848,5.0,27.228999999999996,0.0,85.30600000000001,7.829000000000001,1.0,154.314,2022,7,22,99.4,0.0,India_Averaged.csv
2022-07-23,0,108.3,46.3,11.0,6.9,14.5,5.4,2.0,2.0,1.0,1.0,3.0,3.0,1.8,1.8,-3.124456540659408,-1.0925240246454793,9.443871,0.12504987,-43.61548,-15.299864,5.0,26.963,0.0,86.91,11.690000000000001,1.0,134.695,2022,7,23,108.3,0.0,India_Averaged.csv
2022-07-24,0,80.7,48.4,10.1,6.7,15.4,5.7,2.0,2.0,1.0,1.0,3.0,3.0,1.8,1.8,-3.6941873268970498,-0.9662260367999613,9.604826,-0.5206919,-53.2315,-11.858849,5.0,27.895000000000003,0.0,83.155,13.674000000000001,1.0,123.53300000000002,2022,7,24,80.7,0.0,India_Averaged.csv
2022-07-25,0,75.6,45.6,10.3,6.2,17.3,5.2,1.8,1.8,1.1,1.1,2.9,2.9,1.8,1.8,-3.9041916345794627,-0.7984552622552279,9.868166,-0.43999663,-53.38067,-4.7790017,5.0,27.439999999999998,0.0,82.477,12.84,1.0,133.95,2022,7,25,75.6,0.0,India_Averaged.csv
2022-07-26,0,77.0,43.1,9.3,5.4,14.7,6.3,2.0,2.0,1.0,1.0,3.0,3.0,1.1,1.1,-4.170861452661183,-0.728717223511685,9.011967,-1.4880279,-65.82025,-7.7252374,5.0,27.004,0.0,83.778,12.453999999999999,1.0,146.225,2022,7,26,77.0,0.0,India_Averaged.csv
2022-07-27,0,80.9,51.3,9.9,5.3,13.5,6.8,2.0,2.0,1.0,1.0,3.0,3.0,2.2,2.2,-3.9456882163698537,-0.6820404129980658,9.216863,-0.84768945,-58.631966,-4.7922277,5.0,27.55,0.0,82.362,11.325999999999999,1.0,170.956,2022,7,27,81.4,0.0,India_Averaged.csv
2022-07-28,0,84.5,61.6,12.4,5.8,12.4,5.2,2.0,2.0,1.0,1.0,2.7,2.7,1.2,1.2,-3.45596593348251,-1.1645050236783725,9.337239,-0.16779697,-46.18656,-20.909023,5.0,27.331,0.0,83.759,6.651000000000001,1.0,223.692,2022,7,28,90.3,0.0,India_Averaged.csv
2022-07-29,0,73.2,63.2,12.4,6.5,17.5,5.7,1.8,1.8,1.1,1.1,2.6,2.6,1.9,1.9,-3.430291643860907,-0.6234082625564321,9.625106,0.5331085,-29.811483,-32.997013,5.0,27.397999999999996,0.0,82.742,8.069,1.0,235.711,2022,7,29,85.4,0.0,India_Averaged.csv
2022-07-30,0,74.0,60.1,13.9,6.8,11.9,4.7,2.0,2.0,1.0,1.0,3.0,3.0,0.1,0.1,-3.3730143930071947,-1.5325265476401913,8.626192,-0.6459309,-47.6349,-39.956512,5.0,27.606,0.0,80.334,8.629000000000001,1.0,229.026,2022,7,30,75.3,0.0,India_Averaged.csv
2022-07-31,0,85.3,60.1,14.3,7.3,12.1,5.0,2.0,2.0,1.0,1.0,3.0,3.0,1.2,1.2,-3.026412245623842,-1.4962378117626307,8.918638,0.44964367,-35.514404,-40.769917,5.0,27.701999999999998,0.0,80.137,8.927,1.0,209.60700000000003,2022,7,31,87.7,0.0,India_Averaged.csv
2022-08-01,0,88.4,59.0,13.3,6.1,11.5,4.9,2.0,2.0,1.0,1.0,2.7,2.7,0.1,0.1,-3.3127249108193944,-1.3794907793053512,8.5739565,-0.84329355,-51.890076,-31.808758,5.0,27.363,0.0,82.464,9.514,1.0,260.14099999999996,2022,8,1,89.1,0.0,India_Averaged.csv
2022-08-02,0,84.3,87.4,13.5,8.0,18.1,5.4,1.9,1.9,0.9,0.9,2.8,2.8,3.2,3.2,-2.4409056482266442,-0.7257361675972509,9.412864,0.049052786,-41.871822,-10.38635,5.0,28.503999999999998,0.0,79.882,8.893,1.0,270.793,2022,8,2,109.0,0.0,India_Averaged.csv
2022-08-03,0,89.8,83.9,15.4,8.2,17.1,5.2,1.9,1.9,0.9,0.9,2.7,2.7,2.5,2.5,-2.226394089080158,-0.9044092392212082,9.031103,0.30667537,-37.244442,-21.675392,5.0,28.315999999999995,0.0,82.99600000000001,6.029,1.0,207.22799999999998,2022,8,3,99.4,0.0,India_Averaged.csv
2022-08-04,0,107.4,63.08,11.959999999999999,7.4799999999999995,14.66,4.6,2.0,2.0,1.0,1.0,2.7,2.7,0.9,0.9,-2.6864316135587396,-1.264453191294777,9.147227,-0.0077521564,-43.314148,-14.032875,5.0,27.649,0.0,85.553,7.214,1.0,122.48400000000001,2022,8,4,107.4,0.0,India_Averaged.csv
2022-08-05,0,110.75822841180518,69.88224058029417,11.975631236617783,8.44620429976922,11.741526243650728,5.155304289990023,2.0,2.0,1.0,1.0,2.4,2.4,0.2,0.2,-2.344393803333189,-1.601750126034069,6.885147,0.39425188,-33.20556,-32.795994,5.0,27.336000000000002,0.0,86.521,6.373,1.0,121.51700000000001,2022,8,5,112.35822841180519,0.0,India_Averaged.csv
2022-08-06,0,106.67999999999999,70.6,14.7,8.1,18.6,6.12,2.0,2.0,1.0,1.0,2.7,2.7,3.6,3.6,-2.1741842071740534,-0.5366285213395064,9.789591,1.2823822,-27.2821,-0.47822228,5.0,28.440999999999995,0.0,82.326,4.562,1.0,160.742,2022,8,6,106.67999999999999,0.0,India_Averaged.csv
2022-08-07,0,118.5,63.6,12.0,7.8,13.5,9.02,2.0,2.0,1.0,1.0,2.7,2.7,1.2,1.2,-2.3544957811708906,-0.4506516189316657,9.422525,1.3231125,-31.70397,-14.947237,5.0,27.456,0.0,86.321,6.787000000000001,1.0,119.806,2022,8,7,118.5,0.0,India_Averaged.csv
2022-08-08,0,101.3,65.6,14.2,12.7,22.2,4.7,1.9,1.9,0.9,0.9,2.4,2.4,3.8,3.8,-1.4485364059509807,-1.2915731946807036,10.397115,1.9513607,-27.675837,1.2932351,5.0,28.848000000000003,0.0,80.551,6.736999999999999,1.0,78.184,2022,8,8,101.3,0.0,India_Averaged.csv
2022-08-09,0,107.9,63.1,12.9,7.9,17.0,5.3,2.0,2.0,1.0,1.0,2.7,2.7,1.5,1.5,-2.4828470147081867,-0.9101587443066034,9.786376,0.5747988,-33.762196,-2.5671806,5.0,29.397000000000002,0.0,79.446,10.485,1.0,82.091,2022,8,9,107.9,0.0,India_Averaged.csv
2022-08-10,0,101.5,57.6,11.6,6.0,21.5,4.9,1.8,1.8,1.1,1.1,2.6,2.6,2.6,2.6,-3.12400294311501,-0.20741547740737665,10.030384,0.039882086,-45.004284,12.61613,5.0,29.823999999999995,0.0,74.05699999999999,13.479,1.0,85.467,2022,8,10,101.5,0.0,India_Averaged.csv
2022-08-11,0,81.3,47.2,10.9,5.5,13.1,4.3,2.0,2.0,1.0,1.0,3.0,3.0,0.0,0.0,-3.930431542966312,-1.3205559549309442,9.224022,-1.3480021,-57.53707,-25.566143,5.0,26.917,0.0,83.513,15.963999999999999,1.0,75.248,2022,8,11,81.3,0.0,India_Averaged.csv
2022-08-12,0,60.2,49.94,11.82,6.82,16.16,4.5200000000000005,2.0,2.0,1.0,1.0,3.0,3.0,0.0,0.0,-3.9011763116351843,-1.1972551192067475,9.260271,-1.3246813,-59.158436,-33.886623,5.0,28.121,0.0,78.596,14.792000000000002,1.0,119.079,2022,8,12,63.1,0.0,India_Averaged.csv
2022-08-13,0,81.1582284118052,52.38224058029417,11.875631236617783,6.646204299769221,17.94152624365073,4.555304289990024,2.0,2.0,1.0,1.0,2.7,2.7,1.6,1.6,-3.482434171654218,-0.8833265086246618,8.464885,-0.7046583,-52.466022,-13.381337,5.0,28.153000000000002,0.0,80.19000000000001,12.079999999999998,1.0,190.43200000000002,2022,8,13,81.1582284118052,0.0,India_Averaged.csv
2022-08-14,0,82.6582284118052,63.482240580294174,13.875631236617783,6.346204299769221,15.84152624365073,4.655304289990023,2.0,2.0,1.0,1.0,2.4,2.4,0.2,0.2,-3.2041335498868504,-0.9729221449328801,7.912473,-0.2061052,-36.16019,-32.377518,5.0,27.147000000000002,0.0,85.304,7.522,1.0,201.347,2022,8,14,89.05822841180519,0.0,India_Averaged.csv
2022-08-15,0,85.05822841180519,54.68224058029417,11.215631236617785,7.286204299769222,16.781526243650728,4.255304289990024,2.0,2.0,1.0,1.0,2.7,2.7,1.5,1.5,-3.312676716698131,-1.1762083014926492,8.112297,-0.68942773,-50.672688,-27.399408,5.0,27.085,0.0,82.458,11.724,1.0,118.925,2022,8,15,85.05822841180519,0.0,India_Averaged.csv
2022-08-16,0,72.12,42.0,12.0,5.4,12.3,4.1,2.0,2.0,1.0,1.0,3.0,3.0,0.1,0.1,-4.13409521561105,-1.4808853253657102,8.971471,-0.85396135,-54.144615,-28.110785,5.0,26.377999999999997,0.0,83.5,21.802,1.0,123.65799999999999,2022,8,16,72.12,0.0,India_Averaged.csv
2022-08-17,0,61.7,36.3,11.8,5.36,13.9,4.1,2.0,2.0,1.0,1.0,3.0,3.0,0.0,0.0,-4.424443689653804,-1.3515486820841185,9.084795,-0.8362869,-55.607033,-23.824347,5.0,27.068,0.0,81.549,14.847,1.0,159.59,2022,8,17,61.7,0.0,India_Averaged.csv
2022-08-18,0,53.1,58.2,12.4,6.1,17.2,4.2,2.0,2.0,1.0,1.0,2.7,2.7,0.8,0.8,-3.989764057113139,-0.9979170906388213,9.332128,-1.1129832,-55.63923,-15.832257,5.0,28.26,0.0,74.959,11.571000000000002,1.0,235.77100000000002,2022,8,18,66.2,0.0,India_Averaged.csv
2022-08-19,0,70.2,63.6,11.8,6.1,22.9,5.4,1.8,1.8,1.1,1.1,2.6,2.6,0.5,0.5,-3.54536127037757,-0.016226843853478813,9.985956,-0.16884366,-45.37771,-10.922655,5.0,28.660000000000004,0.0,75.612,11.527,1.0,264.912,2022,8,19,80.2,0.0,India_Averaged.csv
2022-08-20,0,72.8,67.5,14.8,7.7,17.9,4.82,1.8,1.8,1.1,1.1,2.6,2.6,1.2,1.2,-2.9516228006964953,-0.9426970787487022,9.366069,0.58415157,-31.470737,-28.206192,5.0,27.204,0.0,81.671,7.276000000000001,1.0,234.596,2022,8,20,82.6,0.0,India_Averaged.csv
2022-08-21,0,90.1,84.52000000000001,14.3,7.24,23.2,5.0200000000000005,1.8,1.8,1.1,1.1,2.6,2.6,1.3,1.3,-2.4172239336039034,-0.08618231786652311,9.8104,1.114146,-30.123096,-5.5724535,5.0,28.433999999999997,0.0,77.96700000000001,8.875,1.0,275.05899999999997,2022,8,21,98.9,0.0,India_Averaged.csv
2022-08-22,0,117.0,81.84,12.98,6.34,21.080000000000002,4.779999999999999,1.7,1.7,1.0,1.0,2.6,2.6,2.0,2.0,-2.2735263374997965,-0.16700150251277074,9.770583,1.1507999,-30.413095,-4.04379,5.0,27.637999999999998,0.0,80.79100000000001,13.431000000000001,1.0,147.301,2022,8,22,123.74000000000001,0.0,India_Averaged.csv
2022-08-23,0,89.1,47.5,12.0,5.9,20.0,4.5,1.8,1.8,1.1,1.1,2.9,2.9,1.1,1.1,-3.5321078794731164,-0.5299137185108359,9.912907,-0.15519187,-42.75953,-14.463297,5.0,27.681,0.0,75.79100000000001,20.218,1.0,134.818,2022,8,23,89.1,0.0,India_Averaged.csv
2022-08-24,0,71.5,47.5,10.9,5.5,12.5,4.6,2.0,2.0,1.0,1.0,3.0,3.0,0.0,0.0,-4.109533632785488,-1.350057898422447,8.994092,-1.7344551,-58.027397,-33.96591,5.0,26.976,0.0,80.664,12.384,1.0,148.477,2022,8,24,71.5,0.0,India_Averaged.csv
2022-08-25,0,72.3,77.0,14.8,7.0,24.5,4.96,1.6,1.6,1.2,1.2,2.5,2.5,2.6,2.6,-2.8651247945954124,0.006431844834492395,10.348848,0.70326924,-36.933693,15.73905,5.0,27.881999999999998,0.0,74.533,6.867,1.0,212.02100000000002,2022,8,25,86.2,0.0,India_Averaged.csv
2022-08-26,0,98.9,86.8,14.5,6.1,16.8,4.6,2.0,2.0,1.0,1.0,2.7,2.7,1.5,1.5,-2.512926196986599,-0.6668375675728188,9.144959,0.31725097,-39.914604,-2.650646,5.0,28.756,0.0,69.037,10.898,1.0,285.841,2022,8,26,108.5,0.0,India_Averaged.csv
2022-08-27,0,105.7,88.3,13.2,5.8,25.2,3.9,1.8,1.8,1.1,1.1,2.6,2.6,1.9,1.9,-2.432145934395739,0.20448756949537078,9.927477,1.3975586,-27.122553,3.395102,5.0,29.006999999999998,0.0,65.375,14.354000000000003,1.0,280.604,2022,8,27,110.7,0.0,India_Averaged.csv
2022-08-28,0,109.8,95.2,13.8,5.8,25.5,4.84,1.8,1.8,1.1,1.1,2.6,2.6,3.0,3.0,-2.1802201597211743,0.494593784416333,9.833565,1.4460545,-27.850489,4.8792524,5.0,29.144,0.0,62.795,11.984,1.0,265.447,2022,8,28,117.9,0.0,India_Averaged.csv
2022-08-29,0,114.1,96.0,14.3,5.8,30.9,4.6,1.4,1.4,1.3,1.3,2.6,2.6,3.8,3.8,-1.9887265012606012,1.0763619103541304,10.837446,2.6722949,-11.79529,28.43896,5.0,28.549,0.0,69.258,6.287,1.0,196.613,2022,8,29,116.8,0.0,India_Averaged.csv
2022-08-30,0,122.3,91.5,16.6,11.2,25.7,4.0,1.7,1.7,1.0,1.0,2.7,2.7,3.9,3.9,-0.7224771859333232,-0.5763857341938559,10.381807,3.0968127,-16.618866,7.620523,5.0,29.595000000000006,0.0,67.55600000000001,6.047,1.0,239.09099999999998,2022,8,30,124.3,0.0,India_Averaged.csv
2022-08-31,0,124.0,92.7,15.6,8.3,31.4,3.5,1.7,1.7,1.0,1.0,2.3,2.3,3.6,3.6,-1.2690409738185244,0.4754746297608272,10.185064,2.8814747,-10.027018,6.010798,5.0,30.080000000000002,0.0,67.59299999999999,8.433,1.0,275.99899999999997,2022,8,31,129.6,0.0,India_Averaged.csv
2022-09-01,0,115.9,94.6,14.6,6.8,26.4,3.5,1.2,1.2,1.4,1.4,2.2,2.2,3.2,3.2,-1.8244607168469464,0.1488679455080203,9.79208,1.9491116,-20.935871,13.386073,5.0,30.535000000000004,0.0,66.196,7.738000000000001,1.0,256.812,2022,9,1,127.5,0.0,India_Averaged.csv
2022-09-02,0,115.9,76.4,16.3,8.7,26.0,4.6,1.6,1.6,1.2,1.2,2.9,2.9,3.9,3.9,-1.600451148516107,-0.06568314642653192,10.200669,2.0179772,-18.760868,10.502641,5.0,30.225,0.0,66.976,6.656999999999999,1.0,257.576,2022,9,2,115.9,0.0,India_Averaged.csv
2022-09-03,0,111.0,87.3,13.8,10.9,21.6,4.8,1.7,1.7,1.0,1.0,2.7,2.7,2.7,2.7,-1.310989661333559,-0.8902391318809485,9.670523,1.6852881,-27.973871,-9.049755,5.0,30.631,0.0,59.585,12.241000000000001,1.0,270.418,2022,9,3,122.6,0.0,India_Averaged.csv
2022-09-04,0,96.4,77.9,12.1,10.440000000000001,17.5,3.9,1.9,1.9,0.9,0.9,2.8,2.8,2.3,2.3,-2.0188659953667645,-1.5740432411160383,9.611236,0.44404086,-44.77306,-11.047426,5.0,30.238,0.0,59.727,13.416999999999998,1.0,257.961,2022,9,4,107.5,0.0,India_Averaged.csv
2022-09-05,0,87.7,75.3,14.2,5.3,19.6,4.2,2.0,2.0,1.0,1.0,2.7,2.7,2.2,2.2,-3.0644311756193687,-0.38620323102830084,9.504405,0.09501211,-45.39115,-0.16297379,5.0,29.657999999999998,0.0,61.541999999999994,8.117,1.0,264.867,2022,9,5,96.9,0.0,India_Averaged.csv
2022-09-06,0,87.6,88.8,14.9,6.16,20.5,4.6,2.0,2.0,1.0,1.0,2.7,2.7,2.2,2.2,-2.602616660557435,-0.27651893553355467,9.713748,0.7303207,-30.349415,2.5312543,5.0,30.15,0.0,59.830999999999996,6.5,1.0,282.72999999999996,2022,9,6,98.0,0.0,India_Averaged.csv
2022-09-07,0,110.4,85.3,17.1,16.96,27.8,5.8,1.5,1.5,1.1,1.1,2.6,2.6,3.6,3.6,0.2011600894436191,-1.0183421008183773,9.9862175,2.6082184,-21.283356,3.8353996,5.0,30.520999999999997,0.0,58.355999999999995,7.311,1.0,194.405,2022,9,7,112.9,0.0,India_Averaged.csv
2022-09-08,0,110.8,88.2,15.1,11.72,35.6,5.1,1.3,1.3,1.2,1.2,2.5,2.5,3.8,3.8,-0.8653350173409387,0.6369183356073584,10.976069,2.8934708,-14.845983,19.532665,5.0,30.816000000000003,0.0,59.575,7.574,1.0,59.331999999999994,2022,9,8,111.3,0.0,India_Averaged.csv
2022-09-09,0,134.2,78.4,12.5,11.059999999999999,28.5,4.2,1.7,1.7,1.0,1.0,2.7,2.7,5.8,5.8,-1.0213262163120598,-0.25181470461317035,11.047809,2.7867546,-23.318672,16.297434,5.0,30.644,0.0,65.522,8.072,1.0,95.967,2022,9,9,134.2,0.0,India_Averaged.csv
2022-09-10,0,139.9,80.5,9.3,10.66,23.5,4.6,1.9,1.9,0.9,0.9,2.8,2.8,4.4,4.4,-1.2592989088386335,-0.6610824354776861,10.516526,2.178813,-32.179237,11.630562,5.0,29.395999999999997,0.0,72.509,8.253,1.0,103.936,2022,9,10,142.5,0.0,India_Averaged.csv
2022-09-11,0,130.2,66.8,9.5,10.2,26.7,5.1,1.7,1.7,1.0,1.0,2.7,2.7,3.4,3.4,-1.6948415497888383,-0.20032757097692536,10.79167,2.1696002,-31.527515,11.932719,5.0,28.961000000000002,0.0,71.857,9.692,1.0,74.851,2022,9,11,130.2,0.0,India_Averaged.csv
2022-09-12,0,95.1,56.1,9.2,5.36,31.3,5.3,1.8,1.8,1.1,1.1,2.9,2.9,2.2,2.2,-3.4558465484032803,1.0619259651332627,10.393896,0.3816225,-47.245163,17.00756,5.0,29.27,0.0,68.926,11.478,1.0,76.158,2022,9,12,97.3,0.0,India_Averaged.csv
2022-09-13,0,86.1,50.4,9.6,5.1,23.8,5.8,1.8,1.8,1.1,1.1,2.9,2.9,1.1,1.1,-3.81931743401507,0.3136753954615756,9.256903,-0.52308905,-47.98891,-9.187929,5.0,28.729000000000003,0.0,69.78,15.788,1.0,93.08399999999999,2022,9,13,88.2,0.0,India_Averaged.csv
2022-09-14,0,73.5,47.6,9.0,9.940000000000001,19.1,5.6,1.7,1.7,1.0,1.0,2.6,2.6,1.3,1.3,-3.2315490352867853,-1.1712009921381825,9.248654,-0.014552998,-45.23533,-29.377813,5.0,26.651,0.0,81.77000000000001,14.735,1.0,89.953,2022,9,14,73.5,0.0,India_Averaged.csv
2022-09-15,0,69.6,40.7,8.86,9.92,13.9,6.0,1.9,1.9,0.9,0.9,2.7,2.7,2.0,2.0,-3.4874369152019895,-1.7174684108724414,8.48244,-0.7524737,-56.68857,-36.053986,5.0,26.086000000000002,0.0,84.61699999999999,12.383,1.0,114.174,2022,9,15,69.6,0.0,India_Averaged.csv
2022-09-16,0,62.0,38.1,10.6,10.92,22.1,6.0,1.7,1.7,1.0,1.0,2.6,2.6,2.4,2.4,-3.239741478677904,-0.982051187747976,9.075188,0.30855197,-32.428,-35.66022,5.0,26.677,0.0,79.583,10.098,1.0,259.065,2022,9,16,67.7,0.0,India_Averaged.csv
2022-09-17,0,68.3,73.6,12.1,10.66,20.3,6.1,1.9,1.9,0.9,0.9,2.8,2.8,4.1,4.1,-2.4994219465898295,-0.9155080299528533,9.298262,0.6447341,-41.75196,-11.845675,5.0,27.116999999999997,0.0,76.728,10.431000000000001,1.0,226.517,2022,9,17,83.0,0.0,India_Averaged.csv
2022-09-18,0,98.7,91.3,12.2,16.56,23.7,6.2,1.5,1.5,1.1,1.1,2.7,2.7,4.9,4.9,-0.4136150493830854,-1.3701824766112953,9.603629,1.3874625,-29.859753,-1.6081905,5.0,27.958,0.0,73.386,8.592,1.0,236.08199999999997,2022,9,18,112.6,0.0,India_Averaged.csv
2022-09-19,0,114.7,121.8,14.8,7.840000000000001,30.3,6.2,1.8,1.8,1.1,1.1,2.6,2.6,3.4,3.4,-1.0911952435760783,1.1308635873776787,8.96232,1.5853108,-22.74197,0.9013643,5.0,28.261000000000003,0.0,71.158,7.861,1.0,233.269,2022,9,19,144.6,0.0,India_Averaged.csv
2022-09-20,0,140.4,89.7,13.4,12.5,23.5,7.1,1.7,1.7,1.0,1.0,2.7,2.7,3.9,3.9,-0.38103190875015097,-0.358945271483374,9.7236805,3.4441447,-15.790959,8.690066,5.0,27.404000000000003,0.0,76.607,6.960000000000001,1.0,166.054,2022,9,20,149.0,0.0,India_Averaged.csv
2022-09-21,0,117.2,73.4,13.5,12.02,18.9,6.3,1.9,1.9,0.9,0.9,2.8,2.8,4.6,4.6,-1.2323326082648043,-1.1184643642965502,8.92926,1.5668495,-33.23712,-2.9911163,5.0,27.247999999999998,0.0,78.553,8.306000000000001,1.0,147.315,2022,9,21,117.2,0.0,India_Averaged.csv
2022-09-22,0,110.4,49.9,11.1,5.64,11.7,6.1,2.0,2.0,1.0,1.0,3.0,3.0,1.8,1.8,-3.29494563295668,-1.0114994971779443,8.583781,0.17092068,-41.000206,-20.13657,5.0,25.130000000000003,0.0,87.635,12.567000000000002,1.0,115.68200000000002,2022,9,22,110.4,0.0,India_Averaged.csv
2022-09-23,0,86.2,39.1,12.3,6.18,13.8,4.0,2.0,2.0,1.0,1.0,3.0,3.0,0.7,0.7,-3.7253974125008624,-1.440494065511129,8.8744135,-1.2469203,-46.449535,-43.617336,5.0,24.771,0.0,90.511,12.776,1.0,139.158,2022,9,23,86.2,0.0,India_Averaged.csv
2022-09-24,0,80.1,41.1,10.14,5.5200000000000005,11.5,4.3,2.0,2.0,1.0,1.0,3.0,3.0,0.7,0.7,-4.125513132945245,-1.545298076130484,8.639393,-1.6831455,-58.585747,-34.753723,5.0,25.178,0.0,86.20599999999999,16.731,1.0,177.42000000000002,2022,9,24,80.1,0.0,India_Averaged.csv
2022-09-25,0,81.2,52.6,11.2,10.58,14.5,4.5,1.9,1.9,0.9,0.9,2.7,2.7,1.6,1.6,-2.7819255408493837,-1.9832298561699129,8.847843,0.08547957,-43.75447,-30.356617,5.0,26.0,0.0,80.62899999999999,8.353,1.0,214.23000000000002,2022,9,25,83.2,0.0,India_Averaged.csv
2022-09-26,0,86.1,84.1,14.0,8.379999999999999,18.8,5.0,2.0,2.0,1.0,1.0,2.7,2.7,2.4,2.4,-2.344831729503423,-0.807460750040967,9.268144,0.67650425,-29.298462,0.38404256,5.0,26.332,0.0,79.376,7.465999999999999,1.0,291.22400000000005,2022,9,26,99.9,0.0,India_Averaged.csv
2022-09-27,0,121.6,96.8,15.1,9.84,16.8,5.0,1.9,1.9,0.9,0.9,2.1,2.1,2.2,2.2,-1.1271146426425886,-1.1181951852688166,8.705062,2.2572227,-13.118152,-13.301723,5.0,26.616000000000003,0.0,74.813,7.295,1.0,286.341,2022,9,27,136.1,0.0,India_Averaged.csv
2022-09-28,0,109.7,121.7,16.6,8.9,18.8,4.6,1.7,1.7,1.0,1.0,2.2,2.2,1.8,1.8,-0.995647998886561,-0.7138150384006023,9.118991,2.2904706,-13.851956,1.2130101,5.0,26.988,0.0,73.41799999999999,7.039999999999999,1.0,286.508,2022,9,28,141.9,0.0,India_Averaged.csv
2022-09-29,0,124.0,121.8,16.8,13.14,19.7,3.94,1.5,1.5,1.1,1.1,2.0,2.0,2.2,2.2,0.1376591446111005,-1.4586131797912603,9.478223,2.4486778,-14.885434,-19.29951,5.0,26.966,0.0,72.506,7.938,1.0,284.952,2022,9,29,155.9,0.0,India_Averaged.csv
2022-09-30,0,130.7,124.1,18.22,8.459999999999999,22.0,5.2,1.5,1.5,1.1,1.1,2.0,2.0,2.4,2.4,-0.48587909826428577,-0.055850665422203585,9.538552,3.6554744,2.9108322,2.5875545,5.0,27.167,0.0,70.426,8.675,1.0,286.363,2022,9,30,156.8,0.0,India_Averaged.csv
2022-10-01,0,141.4,127.1,19.0,8.68,25.1,5.6,1.5,1.5,1.1,1.1,2.0,2.0,3.1,3.1,-0.09248343517535677,0.3972369457562245,10.06299,4.117977,2.995671,12.017416,5.0,27.654000000000003,0.0,65.346,8.535,1.0,257.768,2022,10,1,169.3,0.0,India_Averaged.csv
2022-10-02,0,128.3,119.9,17.9,11.72,23.6,5.5,1.4,1.4,1.0,1.0,2.4,2.4,4.1,4.1,0.054163931787588826,-0.41207294049230736,10.426638,4.0689187,-3.3468406,4.4546947,5.0,27.339,0.0,62.318999999999996,9.715,1.0,298.166,2022,10,2,155.2,0.0,India_Averaged.csv
2022-10-03,0,126.8,107.2,18.2,13.219999999999999,20.7,5.3,1.8,1.8,0.8,0.8,2.3,2.3,5.2,5.2,0.10480213959694806,-1.113499792762102,10.11375,3.8354092,-7.034584,0.11545458,5.0,27.273000000000003,0.0,58.794,12.525,1.0,305.779,2022,10,3,144.1,0.0,India_Averaged.csv
2022-10-04,0,106.2,115.3,20.9,13.02,29.2,6.1,1.4,1.4,1.0,1.0,2.1,2.1,5.7,5.7,0.13496774593156138,0.06448542443148972,10.539141,4.602288,7.677929,16.94721,5.0,27.669,0.0,63.503,10.665000000000001,1.0,205.849,2022,10,4,130.9,0.0,India_Averaged.csv
2022-10-05,0,122.7,110.1,18.5,12.3,30.2,6.1,1.4,1.4,1.0,1.0,2.3,2.3,6.3,6.3,0.03946025492773941,0.3081774282200762,10.957716,4.5044274,1.9298813,21.941216,5.0,27.142000000000003,0.0,72.684,8.272,1.0,109.94300000000001,2022,10,5,131.3,0.0,India_Averaged.csv
2022-10-06,0,142.5,50.5,10.0,5.58,15.0,4.1,2.0,2.0,1.0,1.0,3.0,3.0,0.1,0.1,-2.7772418911833547,-0.9761680261035204,9.031491,0.18883178,-40.280907,-11.736698,5.0,26.508,0.0,71.278,11.014,1.0,82.233,2022,10,6,142.5,0.0,India_Averaged.csv
2022-10-07,0,83.4,39.9,11.0,5.34,10.9,3.6,2.0,2.0,1.0,1.0,3.0,3.0,0.0,0.0,-4.07208760074152,-1.7244285438968938,8.576309,-1.5360963,-55.007294,-48.71156,5.0,24.031000000000002,0.0,85.92699999999999,11.035,1.0,74.6,2022,10,7,83.4,0.0,India_Averaged.csv
2022-10-08,0,70.1,32.32,10.8,5.64,10.02,3.96,2.0,2.0,1.0,1.0,3.0,3.0,0.0,0.0,-4.402520326645736,-1.8756469901577861,8.696348,-2.174176,-58.18812,-55.675343,5.0,22.689,0.0,93.18299999999999,12.325,1.0,88.13799999999999,2022,10,8,70.1,0.0,India_Averaged.csv
2022-10-09,0,74.6,27.5,10.3,7.3,10.4,3.88,2.0,2.0,1.0,1.0,3.0,3.0,0.7,0.7,-4.0998855329679165,-2.1565874169280157,8.567129,-1.7071486,-49.653076,-58.639362,5.0,23.104,0.0,91.737,9.009,1.0,119.59700000000001,2022,10,9,74.6,0.0,India_Averaged.csv
2022-10-10,0,49.7,38.6,11.7,6.58,10.5,3.9,2.0,2.0,1.0,1.0,3.0,3.0,0.0,0.0,-4.414897455933129,-2.020892277884342,8.603156,-1.896231,-44.714455,-69.99814,5.0,23.817999999999998,0.0,85.786,7.212000000000001,1.0,149.454,2022,10,10,52.0,0.0,India_Averaged.csv
2022-10-11,0,61.1,59.0,14.5,13.6,17.9,4.7,1.9,1.9,0.9,0.9,2.4,2.4,3.6,3.6,-2.147913661251122,-2.0851194051808664,10.168186,2.2434013,-30.01029,-29.356983,5.0,23.744,0.0,81.92,5.78,1.0,210.18800000000002,2022,10,11,65.9,0.0,India_Averaged.csv
2022-10-12,0,90.4,100.7,18.7,8.379999999999999,22.6,3.9,1.8,1.8,1.1,1.1,2.3,2.3,0.7,0.7,-1.6059940464002072,-0.48513846733444305,10.204117,1.8926675,-16.051926,-6.3586636,5.0,23.708000000000002,0.0,75.609,7.2170000000000005,1.0,244.03400000000002,2022,10,12,110.7,0.0,India_Averaged.csv
2022-10-13,0,133.1,109.7,19.3,7.58,20.9,4.0,1.7,1.7,1.0,1.0,1.7,1.7,2.2,2.2,-0.802325455110036,-0.3433301171245496,9.698852,3.2299392,-4.202077,-5.036055,5.0,23.778,0.0,67.847,8.291999999999998,1.0,247.10899999999998,2022,10,13,143.3,0.0,India_Averaged.csv
2022-10-14,0,128.1,125.1,23.6,9.64,22.8,5.7,1.6,1.6,0.9,0.9,1.7,1.7,3.4,3.4,0.14608619362201533,-0.022982767368398705,10.109148,4.3775797,6.64806,4.6100764,5.0,23.556,0.0,66.7,8.281,1.0,258.558,2022,10,14,149.4,0.0,India_Averaged.csv
2022-10-15,0,145.0,151.3,24.1,9.58,25.0,5.8,1.5,1.5,1.1,1.1,2.0,2.0,2.4,2.4,0.9416206095903107,0.44044810658811934,10.058117,4.5713496,11.913603,10.591217,5.0,23.878999999999998,0.0,65.70400000000001,6.813,1.0,231.05900000000003,2022,10,15,183.4,0.0,India_Averaged.csv
2022-10-16,0,149.6,159.6,23.8,9.540000000000001,29.6,5.5,1.5,1.5,1.1,1.1,1.5,1.5,4.0,4.0,1.1821396848926942,0.9562980597320638,10.662063,4.6563683,12.1512375,25.110863,5.0,24.169999999999998,0.0,61.987,5.857,1.0,236.012,2022,10,16,188.2,0.0,India_Averaged.csv
2022-10-17,0,162.5,158.9,25.7,10.620000000000001,29.619999999999997,6.76,1.2,1.2,1.1,1.1,1.4,1.4,4.6,4.6,1.7894831296757707,1.0932331871132246,10.645802,5.4408712,21.610638,21.99425,5.0,23.975,0.0,62.11,6.938999999999998,1.0,229.13399999999996,2022,10,17,195.6,0.0,India_Averaged.csv
2022-10-18,0,166.23291364722076,174.9289623211767,26.902524946471136,9.844817199076886,29.10610497460292,5.7212171599600925,1.4,1.4,1.0,1.0,0.3,0.3,1.4,1.4,2.0359157417596494,1.0426398304110784,3.6560376,5.496832,23.189823,11.671042,5.0,24.038,0.0,59.727,7.075999999999999,1.0,214.00100000000003,2022,10,18,206.63291364722076,0.0,India_Averaged.csv
2022-10-19,0,165.73291364722076,154.12896232117672,30.102524946471135,10.584817199076886,26.566104974602915,5.321217159960094,1.2,1.2,1.1,1.1,0.3,0.3,1.4,1.4,2.042218213169177,0.45858464000744903,3.3585122,5.665563,29.667456,-6.1845293,5.0,23.785999999999998,0.0,62.129,7.042999999999999,1.0,188.195,2022,10,19,191.03291364722077,0.0,India_Averaged.csv
2022-10-20,0,153.13291364722076,155.2289623211767,30.002524946471134,10.884817199076885,31.666104974602916,5.321217159960094,1.2,1.2,1.1,1.1,0.5,0.5,3.2,3.2,1.9404506126157053,0.9536883661832855,3.9591668,5.570843,28.47753,8.584872,5.0,23.523,0.0,60.720000000000006,6.493,1.0,170.51100000000002,2022,10,20,178.03291364722077,0.0,India_Averaged.csv
2022-10-21,0,160.03291364722077,162.52896232117672,30.002524946471134,10.284817199076887,27.166104974602916,5.321217159960093,1.4,1.4,1.0,1.0,0.3,0.3,3.2,3.2,2.0137210645827546,0.6033110846350873,3.471437,5.721138,31.026114,-2.9615133,5.0,24.112000000000002,0.0,57.367999999999995,6.068,1.0,224.042,2022,10,21,184.83291364722078,0.0,India_Averaged.csv
2022-10-22,0,169.33291364722078,163.3289623211767,29.002524946471134,9.984817199076886,26.466104974602917,5.021217159960093,1.5,1.5,0.8,0.8,0.6,0.6,4.6,4.6,2.0497085260163024,0.5337724825735431,3.3634174,5.6595864,25.535084,2.698292,5.0,22.975,0.0,59.324,8.523,1.0,271.41999999999996,2022,10,22,187.63291364722076,0.0,India_Averaged.csv
2022-10-23,0,169.43291364722077,157.4289623211767,29.302524946471134,10.364817199076885,35.76610497460292,5.421217159960094,1.3,1.3,1.2,1.2,0.3,0.3,4.3,4.3,2.1705306050313617,1.5855972983794202,4.153288,5.4103456,24.249008,11.299352,5.0,22.557000000000002,0.0,58.104,7.043000000000001,1.0,253.208,2022,10,23,189.73291364722076,0.0,India_Averaged.csv
2022-10-24,0,169.9,148.3,29.0,8.4,33.4,6.4,0.9,0.9,1.4,1.4,1.7,1.7,3.2,3.2,1.598419593872031,1.830894645375563,10.037239,5.1694846,19.92957,13.547968,5.0,22.252,0.0,56.023,9.684,1.0,294.35900000000004,2022,10,24,183.6,0.0,India_Averaged.csv
2022-10-25,0,189.6,206.2,23.4,8.6,29.3,7.4,1.2,1.2,0.8,0.8,1.4,1.4,6.3,6.3,2.490544890126009,1.8435355839166294,10.579747,6.191922,28.289343,27.8845,5.0,22.454,0.0,53.42100000000001,10.001999999999999,1.0,284.70799999999997,2022,10,25,217.8,0.0,India_Averaged.csv
2022-10-26,0,228.4,151.2,26.3,12.9,29.5,6.0,0.9,0.9,1.1,1.1,1.7,1.7,5.0,5.0,3.372979405573525,0.6701019466733256,9.696914,6.776674,36.588272,14.467926,5.0,23.631,0.0,56.73,6.755,1.0,238.699,2022,10,26,234.4,0.0,India_Averaged.csv
2022-10-27,0,175.8,180.2,29.5,11.1,27.6,5.9,1.1,1.1,1.0,1.0,1.5,1.5,3.8,3.8,2.7337778340777463,0.7637534693288496,10.294781,6.165929,30.998468,23.161722,5.0,24.104999999999997,0.0,55.694,6.35,1.0,242.34699999999998,2022,10,27,211.3,0.0,India_Averaged.csv
2022-10-28,0,186.9,196.6,34.7,12.4,29.8,6.1,1.3,1.3,0.6,0.6,1.3,1.3,5.3,5.3,3.8940772908812122,0.9824856323983937,9.712265,6.2811155,35.137737,9.724994,5.0,23.643,0.0,59.4,6.447999999999999,1.0,219.84699999999998,2022,10,28,222.1,0.0,India_Averaged.csv
2022-10-29,0,204.4,208.5,30.5,11.8,25.5,5.9,1.1,1.1,0.7,0.7,1.6,1.6,3.0,3.0,3.91811962534669,0.630804074418253,9.691859,6.22219,34.333366,6.5743,5.0,23.497999999999998,0.0,56.424,5.879,1.0,204.33,2022,10,29,231.3,0.0,India_Averaged.csv
2022-10-30,0,215.1,196.9,30.0,12.1,27.1,6.5,1.1,1.1,0.7,0.7,1.5,1.5,4.9,4.9,3.9758963908044427,0.8615406872217545,9.785497,6.694927,36.417805,13.303096,5.0,23.262,0.0,57.102999999999994,6.602000000000001,1.0,234.86399999999998,2022,10,30,237.3,0.0,India_Averaged.csv
2022-10-31,0,204.9,229.7,33.4,14.1,27.1,6.8,1.1,1.1,0.7,0.7,1.6,1.6,5.2,5.2,4.989473611770785,0.7328858976797801,9.803422,6.908576,41.413925,16.895472,5.0,23.122,0.0,60.410000000000004,6.103,1.0,210.192,2022,10,31,245.6,0.0,India_Averaged.csv
2022-11-01,0,233.8,222.6,32.6,14.0,31.9,6.5,1.1,1.1,0.7,0.7,1.6,1.6,5.2,5.2,5.379388198257049,1.273233936166009,9.870581,7.4289107,48.3805,18.07567,5.0,23.478,0.0,63.2,7.117999999999999,1.0,191.46300000000002,2022,11,1,255.5,0.0,India_Averaged.csv
2022-11-02,0,227.3,216.1,27.8,10.7,26.6,5.9,1.1,1.1,0.7,0.7,1.5,1.5,5.0,5.0,4.052760680301042,1.03139752465007,9.795006,6.748751,38.03578,16.316143,5.0,23.733999999999998,0.0,59.621,9.294,1.0,292.87600000000003,2022,11,2,248.1,0.0,India_Averaged.csv
2022-11-03,0,223.0,307.8,31.9,14.1,29.9,6.0,1.2,1.2,0.5,0.5,1.3,1.3,4.7,4.7,6.511070890237349,1.2980580287939558,9.832677,7.5514765,46.66395,18.364311,5.0,24.111,0.0,59.501999999999995,7.962999999999999,1.0,274.679,2022,11,3,330.4,0.0,India_Averaged.csv
2022-11-04,0,279.0,262.8,32.3,14.2,32.2,6.3,1.2,1.2,0.5,0.5,1.6,1.6,3.8,3.8,6.89194283063587,1.553223408608448,9.30931,7.5078077,52.17793,7.2965684,5.0,24.512999999999998,0.0,61.013999999999996,6.311999999999999,1.0,189.125,2022,11,4,305.6,0.0,India_Averaged.csv
2022-11-05,0,256.8,146.0,23.1,10.3,22.2,10.8,1.2,1.2,0.5,0.5,1.5,1.5,5.3,5.3,3.0307738458000077,1.3792593395856219,8.965471,6.7670603,37.75761,-7.547657,5.0,24.365000000000002,0.0,64.096,8.206,1.0,156.172,2022,11,5,258.0,0.0,India_Averaged.csv
2022-11-06,0,199.9,130.2,23.3,9.8,27.9,6.0,1.2,1.2,0.8,0.8,1.1,1.1,4.2,4.2,1.6320009128964448,0.8247959232984338,10.037442,5.773842,27.737783,19.006111,5.0,24.061,0.0,65.22999999999999,6.587000000000001,1.0,167.07,2022,11,6,199.9,0.0,India_Averaged.csv
2022-11-07,0,184.2,153.7,30.5,13.7,24.2,6.7,1.1,1.1,0.7,0.7,1.1,1.1,3.8,3.8,3.02421604166605,-0.0024770907494332307,9.292577,6.225151,36.37389,3.1943238,5.0,23.907,0.0,61.367,6.2490000000000006,1.0,196.696,2022,11,7,193.2,0.0,India_Averaged.csv
2022-11-08,0,200.8,176.2,28.0,11.8,19.5,5.4,1.4,1.4,0.4,0.4,1.2,1.2,5.5,5.5,3.0531121717217067,-0.3487973523438286,9.399746,6.3380785,32.973373,3.4456692,5.0,22.21,0.0,68.348,6.919,1.0,187.193,2022,11,8,206.2,0.0,India_Averaged.csv
2022-11-09,0,237.2,113.3,27.8,10.2,25.8,5.4,1.4,1.4,0.4,0.4,1.3,1.3,6.3,6.3,2.434524476449535,0.44573402841506715,8.872445,6.436425,38.859684,-2.899528,5.0,22.317,0.0,66.994,4.939,1.0,208.53999999999996,2022,11,9,237.2,0.0,India_Averaged.csv
2022-11-10,0,162.9,145.2,32.4,11.7,26.2,5.5,1.1,1.1,1.0,1.0,0.9,0.9,4.6,4.6,2.240689908818383,0.22629784463904304,10.081591,5.7544317,25.208246,11.565631,5.0,21.431,0.0,67.05799999999999,7.678,1.0,219.404,2022,11,10,175.9,0.0,India_Averaged.csv
2022-11-11,0,191.6,193.9,29.6,11.2,23.2,4.7,1.2,1.2,0.5,0.5,1.1,1.1,6.2,6.2,3.208253492053296,0.09684286596306099,9.422537,6.7540894,37.28193,12.811663,5.0,20.635,0.0,59.641000000000005,10.498999999999999,1.0,242.54399999999995,2022,11,11,216.4,0.0,India_Averaged.csv
2022-11-12,0,238.9,161.6,26.5,12.0,25.6,4.7,1.3,1.3,0.3,0.3,0.9,0.9,3.9,3.9,3.506791303829483,0.18348681927393612,9.2922535,6.852179,40.7067,5.734396,5.0,20.332,0.0,55.887,10.642,1.0,268.717,2022,11,12,241.4,0.0,India_Averaged.csv
2022-11-13,0,221.5,145.9,26.96,12.5,25.9,4.9,1.2,1.2,0.5,0.5,0.7,0.7,5.9,5.9,3.0696312705537374,0.04994935062088157,9.3637905,6.8668413,42.65445,6.20858,5.0,20.4,0.0,60.254999999999995,8.543,1.0,235.977,2022,11,13,225.5,0.0,India_Averaged.csv
2022-11-14,0,199.9,146.3,26.9,12.3,29.1,5.4,1.1,1.1,0.7,0.7,0.7,0.7,3.9,3.9,2.6773421559917763,0.49725951007308283,9.7162,6.467243,36.781513,6.9977074,5.0,20.823,0.0,59.201,7.656000000000001,1.0,143.12,2022,11,14,211.6,0.0,India_Averaged.csv
2022-11-15,0,184.4,123.7,27.3,13.0,25.6,5.4,1.3,1.3,0.6,0.6,1.0,1.0,6.4,6.4,2.1497033918295623,-0.1759269232273013,9.9098015,6.082082,29.082815,14.099958,5.0,20.961,0.0,64.25,6.802,1.0,257.887,2022,11,15,184.4,0.0,India_Averaged.csv
2022-11-16,0,173.4,114.7,24.7,9.9,22.1,5.6,1.7,1.7,0.7,0.7,0.9,0.9,6.2,6.2,0.9398131967649412,-0.08101727187512178,10.0594225,4.8657,17.097254,3.5840008,5.0,19.533,0.0,55.714999999999996,10.369000000000002,1.0,293.683,2022,11,16,173.4,0.0,India_Averaged.csv
2022-11-17,0,170.6,121.2,23.1,12.0,20.4,5.4,1.4,1.4,0.7,0.7,0.9,0.9,5.5,5.5,1.2708356175989608,-0.6767541651653074,9.462314,4.956035,19.083279,-0.5840617,5.0,18.499000000000002,0.0,56.10799999999999,10.917,1.0,276.246,2022,11,17,170.8,0.0,India_Averaged.csv
2022-11-18,0,176.6,131.4,26.1,12.1,20.3,5.4,1.3,1.3,0.6,0.6,0.9,0.9,5.4,5.4,1.796447733561871,-0.6146404994307986,9.107612,5.524783,22.958914,-4.7736444,5.0,17.915,0.0,54.278999999999996,7.706,1.0,250.69299999999998,2022,11,18,183.2,0.0,India_Averaged.csv
2022-11-19,0,180.4,146.4,29.9,12.7,22.3,5.4,1.3,1.3,0.6,0.6,1.0,1.0,5.6,5.6,2.5463056057938225,-0.37833543417246884,9.505772,6.01631,33.56674,2.1125512,5.0,18.128999999999998,0.0,58.658,6.83,1.0,248.55,2022,11,19,197.8,0.0,India_Averaged.csv
2022-11-20,0,170.1,150.9,30.0,12.0,23.7,5.2,1.1,1.1,0.7,0.7,1.0,1.0,6.5,6.5,2.3103973724179268,-0.14678822801498925,9.936652,5.9545093,28.03809,14.177365,5.0,18.27,0.0,58.209,9.06,1.0,239.323,2022,11,20,183.7,0.0,India_Averaged.csv
2022-11-21,0,186.7,145.1,29.0,11.8,24.0,5.2,1.1,1.1,0.7,0.7,1.0,1.0,6.5,6.5,2.409634808437854,-0.06568766841620999,9.770545,6.1424484,29.799267,9.111081,5.0,18.649,0.0,54.717000000000006,10.139,1.0,284.162,2022,11,21,191.9,0.0,India_Averaged.csv
2022-11-22,0,175.8,123.8,26.6,10.9,21.1,5.5,1.3,1.3,0.9,0.9,0.9,0.9,4.7,4.7,1.465416639427032,-0.3260608042858364,9.434164,5.434019,21.03845,1.4785442,5.0,18.238999999999997,0.0,52.632999999999996,9.49,1.0,278.78,2022,11,22,175.8,0.0,India_Averaged.csv
2022-11-23,0,158.0,121.6,26.3,10.6,19.3,5.9,1.3,1.3,0.9,0.9,0.6,0.6,2.4,2.4,1.0015010949783654,-0.45508426624590204,9.32265,5.3538666,21.742104,-0.739267,5.0,17.989,0.0,47.983,10.562000000000001,1.0,271.646,2022,11,23,163.2,0.0,India_Averaged.csv
2022-11-24,0,148.9,122.8,27.6,11.7,22.5,6.5,1.2,1.2,1.1,1.1,1.1,1.1,5.3,5.3,1.2195204276502278,-0.16374801272267553,9.366939,5.3017507,21.233204,7.041597,5.0,17.514,0.0,53.234,8.42,1.0,265.55499999999995,2022,11,24,153.8,0.0,India_Averaged.csv
2022-11-25,0,159.3,164.2,32.6,14.6,23.2,7.3,1.1,1.1,0.7,0.7,1.2,1.2,7.8,7.8,3.0732158676828045,-0.1474213438993937,9.580165,6.2703424,33.705147,15.8543215,5.0,17.871000000000002,0.0,54.178999999999995,7.0489999999999995,1.0,253.092,2022,11,25,182.6,0.0,India_Averaged.csv
2022-11-26,0,187.5,175.7,33.1,14.9,25.5,7.4,1.2,1.2,0.5,0.5,1.0,1.0,7.0,7.0,3.9103624952640317,0.22496637515108014,9.474249,6.641117,39.487053,13.515592,5.0,17.735,0.0,55.55499999999999,8.586,1.0,268.275,2022,11,26,194.1,0.0,India_Averaged.csv
2022-11-27,0,206.7,166.5,31.6,13.5,30.8,6.5,1.2,1.2,0.5,0.5,1.3,1.3,6.6,6.6,3.769400067249066,0.8757640609159957,9.692314,6.889908,39.326393,10.1617155,5.0,17.651999999999997,0.0,60.63000000000001,6.696,1.0,243.945,2022,11,27,215.2,0.0,India_Averaged.csv
2022-11-28,0,201.2,190.6,34.8,14.3,24.1,6.0,1.1,1.1,0.7,0.7,1.4,1.4,5.0,5.0,4.37989901852303,-0.008907957651405262,9.571093,7.024316,43.459152,10.379402,5.0,17.785,0.0,61.019000000000005,5.475,1.0,222.68699999999998,2022,11,28,224.8,0.0,India_Averaged.csv
2022-11-29,0,214.2,216.24,37.38,15.34,35.18,8.6,1.3,1.3,0.6,0.6,1.3,1.3,4.7,4.7,5.615622797507411,1.8199790143060983,10.191548,7.1642776,40.967697,22.700438,5.0,17.546,0.0,65.272,6.661,1.0,226.7,2022,11,29,243.7,0.0,India_Averaged.csv
2022-11-30,0,237.5582284118052,188.8822405802942,32.57563123661778,13.54620429976922,20.84152624365073,5.955304289990023,1.3,1.3,0.4,0.4,0.8,0.8,5.2,5.2,4.664026859523951,-0.17727353331485324,7.7554793,6.86542,40.39073,3.6553674,5.0,17.177,0.0,67.85600000000001,6.949000000000001,1.0,222.055,2022,11,30,244.35822841180521,0.0,India_Averaged.csv
2022-12-01,0,223.71999999999997,191.0,33.4,13.5,28.8,6.8,1.1,1.1,0.7,0.7,1.1,1.1,5.7,5.7,4.603373703117128,0.8972892954219877,10.115754,7.1425705,38.910408,23.30669,5.0,17.113,0.0,68.538,7.086,1.0,236.65500000000003,2022,12,1,230.61999999999998,0.0,India_Averaged.csv
2022-12-02,0,231.5,173.8,32.8,12.9,31.1,6.1,1.0,1.0,0.9,0.9,1.3,1.3,6.4,6.4,4.316481358281925,1.0449969494880247,10.19837,7.419277,44.88195,21.563313,5.0,17.201999999999998,0.0,68.52900000000001,5.729000000000001,1.0,218.234,2022,12,2,234.2,0.0,India_Averaged.csv
2022-12-03,0,208.4,182.8,31.5,13.9,38.4,6.1,1.0,1.0,0.9,0.9,0.9,0.9,5.4,5.4,4.225119558141667,1.665629209587435,10.358833,7.248227,41.8668,26.637884,5.0,17.213,0.0,69.619,5.648999999999999,1.0,203.658,2022,12,3,220.2,0.0,India_Averaged.csv
2022-12-04,0,223.0,203.6,32.4,15.5,39.4,5.6,0.9,0.9,0.8,0.8,1.2,1.2,4.3,4.3,5.2301996673449995,1.5393642622137733,10.129896,7.404521,40.88723,21.913607,5.0,16.841,0.0,69.10400000000001,7.265000000000001,1.0,227.362,2022,12,4,234.2,0.0,India_Averaged.csv
2022-12-05,0,250.0,164.1,32.5,13.4,32.1,7.5,1.1,1.1,0.7,0.7,1.2,1.2,3.9,3.9,4.609597708508605,1.3808045701178564,9.980112,7.097593,39.481915,20.480282,5.0,16.156,0.0,69.741,7.089,1.0,231.55,2022,12,5,250.0,0.0,India_Averaged.csv
2022-12-06,0,213.1,161.7,29.7,12.1,23.5,5.0,1.2,1.2,0.5,0.5,1.0,1.0,6.4,6.4,3.274580017873383,-0.0559837044687006,9.702966,6.763623,35.956085,13.164452,5.0,16.587,0.0,64.353,11.285,1.0,259.97,2022,12,6,217.1,0.0,India_Averaged.csv
2022-12-07,0,216.6,125.7,25.5,11.9,19.7,5.1,1.2,1.2,0.5,0.5,1.2,1.2,5.1,5.1,2.3455302000216918,-0.6300430824281701,8.994127,6.6015244,35.484497,0.54163665,5.0,16.552,0.0,62.895999999999994,11.998999999999999,1.0,276.137,2022,12,7,216.6,0.0,India_Averaged.csv
2022-12-08,0,178.3,134.2,27.9,12.3,24.7,5.8,1.4,1.4,0.7,0.7,1.1,1.1,4.9,4.9,2.109294203343539,-0.02915564969426057,9.425829,5.8911276,24.406368,3.9047437,5.0,16.663999999999998,0.0,63.233999999999995,8.742,1.0,248.00799999999998,2022,12,8,178.3,0.0,India_Averaged.csv
2022-12-09,0,179.9,148.2,27.639999999999997,12.819999999999999,28.46,5.779999999999999,1.3,1.3,0.6,0.6,1.5,1.5,5.8,5.8,2.497235147519309,0.37335668982889414,9.329431,5.74549,26.972586,6.541027,5.0,16.839,0.0,68.414,7.572,1.0,221.42000000000002,2022,12,9,181.8,0.0,India_Averaged.csv
2022-12-10,0,194.7582284118052,196.28224058029417,29.275631236617784,14.246204299769222,20.241526243650732,7.055304289990024,1.3,1.3,0.6,0.6,1.5,1.5,6.0,6.0,3.8915227251954194,-0.24214894206406376,7.8847284,6.7767715,35.669632,3.13394,5.0,17.392,0.0,66.754,8.583,1.0,211.933,2022,12,10,218.35822841180521,0.0,India_Averaged.csv
2022-12-11,0,228.4582284118052,133.28224058029417,24.575631236617784,11.44620429976922,19.54152624365073,4.355304289990023,1.3,1.3,0.6,0.6,1.2,1.2,4.2,4.2,2.514790761630449,-0.6671050404248033,7.4700403,6.3608503,32.724854,-7.056422,5.0,17.663,0.0,65.03,9.477,1.0,214.53699999999998,2022,12,11,228.4582284118052,0.0,India_Averaged.csv
2022-12-12,0,186.85999999999999,113.4,24.9,12.0,14.4,4.4,1.6,1.6,0.9,0.9,0.7,0.7,2.8,2.8,1.4949696843303846,-1.5543318421825396,8.678592,5.8248377,26.095081,-12.539142,5.0,17.759999999999998,0.0,57.164,10.461,1.0,208.208,2022,12,12,187.16,0.0,India_Averaged.csv
2022-12-13,0,155.9,101.5,23.3,7.1,17.1,4.96,2.0,2.0,1.0,1.0,0.6,0.6,1.5,1.5,-0.3375841723060442,-0.422994334568512,9.234593,4.2083535,5.1895022,-2.1664786,5.0,17.746999999999996,0.0,51.415,13.64,1.0,232.85399999999998,2022,12,13,155.9,0.0,India_Averaged.csv
2022-12-14,0,146.1,102.9,21.3,8.52,19.4,5.5,1.8,1.8,1.1,1.1,1.4,1.4,2.4,2.4,-0.3281187531168211,-0.3307606375350405,9.471193,4.447193,7.0300293,-3.726768,5.0,16.256,0.0,53.641999999999996,11.55,1.0,265.36,2022,12,14,146.1,0.0,India_Averaged.csv
2022-12-15,0,152.7,105.5,28.7,9.1,17.0,4.9,2.0,2.0,1.0,1.0,0.9,0.9,2.4,2.4,0.4796126361820397,-0.7462098263726334,9.331694,5.224153,21.990053,-6.6000404,5.0,15.767,0.0,55.706999999999994,10.593,1.0,271.438,2022,12,15,152.7,0.0,India_Averaged.csv
2022-12-16,0,154.9,120.0,29.82,10.68,22.380000000000003,4.32,1.3,1.3,0.9,0.9,0.8,0.8,4.8,4.8,1.2158248454569467,-0.453419338264359,10.110319,5.7444544,26.115881,10.009054,5.0,15.187999999999999,0.0,63.577999999999996,8.091,1.0,236.709,2022,12,16,157.5,0.0,India_Averaged.csv
2022-12-17,0,171.9,152.4,28.2,13.1,18.4,4.1,1.1,1.1,0.7,0.7,0.7,0.7,5.8,5.8,2.3726688997858245,-1.1853994627849478,9.282504,6.00557,32.214317,-2.4870687,5.0,15.59,0.0,66.709,7.133,1.0,227.31800000000004,2022,12,17,178.6,0.0,India_Averaged.csv
2022-12-18,0,194.1,200.6,30.3,14.5,18.4,4.1,1.2,1.2,0.5,0.5,1.3,1.3,6.2,6.2,4.013956011173938,-1.115395853991276,9.256135,7.2146807,48.158363,4.3183565,5.0,15.641,0.0,70.609,6.410000000000001,1.0,240.731,2022,12,18,220.3,0.0,India_Averaged.csv
2022-12-19,0,242.5,220.4,28.5,14.5,17.2,3.8,1.4,1.4,0.4,0.4,1.2,1.2,4.1,4.1,5.077713992405244,-1.0949174392372487,8.645707,7.121728,43.16944,-3.6748633,5.0,15.727,0.0,70.42,6.672,1.0,254.522,2022,12,19,248.7,0.0,India_Averaged.csv
2022-12-20,0,264.2,182.1,28.6,13.1,17.4,4.4,1.2,1.2,0.5,0.5,1.4,1.4,5.2,5.2,4.5894438006037275,-0.817894917600037,8.650772,7.3485594,49.285084,-5.013488,5.0,15.138,0.0,69.27799999999999,7.242999999999999,1.0,240.246,2022,12,20,264.2,0.0,India_Averaged.csv
2022-12-21,0,231.1,175.5,23.5,11.6,13.8,10.6,1.3,1.3,0.6,0.6,1.3,1.3,5.1,5.1,3.227205924314174,0.22450623827864846,9.369162,6.791607,29.942196,2.330175,5.0,14.91,0.0,71.722,8.341000000000001,1.0,256.794,2022,12,21,231.1,0.0,India_Averaged.csv
2022-12-22,0,214.8,188.4,23.6,11.5,15.5,5.2,1.4,1.4,0.4,0.4,1.2,1.2,5.6,5.6,3.0658613996455437,-0.7294365039962518,8.549797,6.5606413,36.44555,-4.322145,5.0,14.176999999999998,0.0,72.377,8.43,1.0,248.782,2022,12,22,227.1,0.0,India_Averaged.csv
2022-12-23,0,227.4,169.9,24.3,12.3,14.2,4.7,1.4,1.4,0.4,0.4,1.3,1.3,5.6,5.6,3.186941033109383,-1.1756895352733792,8.575393,6.5616198,35.387535,-4.4817,5.0,14.113,0.0,72.41999999999999,8.717,1.0,201.14299999999997,2022,12,23,227.4,0.0,India_Averaged.csv
2022-12-24,0,225.4,147.4,22.9,11.1,16.6,4.4,1.4,1.4,0.4,0.4,1.2,1.2,5.5,5.5,2.4579840979397867,-0.8840843529789992,8.994339,6.721719,35.789566,-3.4082801,5.0,13.001999999999999,0.0,69.521,11.257,1.0,215.898,2022,12,24,225.4,0.0,India_Averaged.csv
2022-12-25,0,211.1,128.3,20.9,10.7,13.8,5.1,1.5,1.5,0.5,0.5,1.1,1.1,4.1,4.1,1.624785609568543,-1.12949519335377,8.6183,6.171868,31.922709,-11.281305,5.0,11.686,0.0,70.034,9.238999999999999,1.0,223.49200000000002,2022,12,25,211.1,0.0,India_Averaged.csv
2022-12-26,0,194.0,160.0,22.5,12.2,16.0,5.3,1.4,1.4,0.4,0.4,1.1,1.1,5.2,5.2,2.2799038586973137,-0.9816032020496058,8.441114,6.4825325,38.653156,-14.030423,5.0,12.003,0.0,73.043,8.582,1.0,224.17999999999998,2022,12,26,201.1,0.0,India_Averaged.csv
2022-12-27,0,213.1,140.6,23.4,12.9,14.5,5.42,1.4,1.4,0.4,0.4,1.1,1.1,3.8,3.8,2.5083291093933453,-1.2813279546807574,8.636278,6.606112,34.75512,-9.954073,5.0,12.968,0.0,68.12899999999999,11.593,1.0,253.315,2022,12,27,213.1,0.0,India_Averaged.csv
2022-12-28,0,207.4,148.2,26.1,12.3,16.9,5.4,1.4,1.4,0.4,0.4,0.8,0.8,4.1,4.1,2.6410530579311375,-0.8651392572348924,8.620253,6.5756407,32.95633,-5.2908335,5.0,14.365,0.0,61.49499999999999,11.714,1.0,261.649,2022,12,28,207.4,0.0,India_Averaged.csv
2022-12-29,0,199.2,162.3,29.7,17.48,17.7,5.68,1.2,1.2,0.5,0.5,1.2,1.2,6.0,6.0,4.047881942202252,-1.5508184072728797,9.246457,6.9148164,32.433983,-8.245374,5.0,15.540000000000001,0.0,64.33200000000001,7.771000000000001,1.0,187.56,2022,12,29,199.2,0.0,India_Averaged.csv
2022-12-30,0,210.7,175.5,23.2,11.3,19.1,4.8,1.4,1.4,0.4,0.4,1.3,1.3,6.7,6.7,2.745048534353622,-0.4505158546522517,8.9274435,6.5855765,36.493233,-9.680849,5.0,16.025,0.0,70.053,9.337,1.0,230.25,2022,12,30,214.2,0.0,India_Averaged.csv
2022-12-31,0,241.7,154.1,20.4,9.4,15.5,5.0,1.4,1.4,0.4,0.4,1.1,1.1,5.5,5.5,2.3332382414943136,-0.5186650666498293,8.254201,6.5449805,36.512783,-10.586531,5.0,13.306000000000001,0.0,71.47500000000001,10.977,1.0,262.054,2022,12,31,241.7,0.0,India_Averaged.csv
2023-01-01,0,213.0,116.3,21.5,9.9,25.2,5.5200000000000005,1.4,1.4,0.9,0.9,0.9,0.9,4.5,4.5,1.4903109927535567,0.35094813745529807,9.511409,6.159259,28.165329,8.140949,5.0,12.961000000000002,0.0,71.889,5.795,1.0,218.419,2023,1,1,213.0,0.0,India_Averaged.csv
2023-01-02,0,181.1,177.7,20.5,10.3,16.0,5.88,1.2,1.2,0.5,0.5,0.9,0.9,3.7,3.7,1.8060445869659918,-0.4871791118040516,8.925764,6.2099705,31.315456,-4.6637774,5.0,12.62,0.0,74.96799999999999,5.1579999999999995,1.0,173.57800000000003,2023,1,2,200.7,0.0,India_Averaged.csv
2023-01-03,0,246.3,187.7,22.0,9.2,13.8,5.6,1.4,1.4,0.4,0.4,1.4,1.4,3.8,3.8,3.0391506579398193,-0.3553298762743477,8.535741,6.9050894,39.953697,-11.556743,5.0,11.0,0.0,79.61699999999999,7.671000000000001,1.0,214.27100000000002,2023,1,3,246.5,0.0,India_Averaged.csv
2023-01-04,0,253.1,147.4,21.2,9.3,13.8,5.2,1.4,1.4,0.4,0.4,1.2,1.2,4.5,4.5,2.457933107516067,-0.6439103824681104,8.330627,6.6492195,37.471672,-17.713902,5.0,9.995999999999999,0.0,78.765,8.929,1.0,204.617,2023,1,4,253.1,0.0,India_Averaged.csv
2023-01-05,0,210.1,182.7,20.7,11.1,13.16,5.0,1.4,1.4,0.4,0.4,1.1,1.1,5.2,5.2,2.553478469590149,-1.0333755971607839,8.606824,6.2635,30.267593,-9.729636,5.0,9.362,0.0,81.47999999999999,7.508,1.0,199.363,2023,1,5,220.1,0.0,India_Averaged.csv
2023-01-06,0,239.1,253.5,28.1,11.4,12.1,5.7,1.4,1.4,0.4,0.4,1.2,1.2,4.0,4.0,4.871624437657411,-0.5648726775117713,8.737823,7.7112017,50.67449,-8.672553,5.0,9.351,0.0,79.88600000000001,6.815,1.0,221.60500000000002,2023,1,6,275.6,0.0,India_Averaged.csv
2023-01-07,0,277.6,247.4,24.1,13.7,17.8,5.7,1.3,1.3,0.3,0.3,0.9,0.9,4.1,4.1,5.708317740137735,-0.2717614182209253,7.9593263,8.220837,59.36955,-15.560803,5.0,10.496,0.0,78.638,7.837000000000001,1.0,237.73500000000004,2023,1,7,302.1,0.0,India_Averaged.csv
2023-01-08,0,258.6,216.5,22.2,13.5,22.2,5.66,1.2,1.2,0.5,0.5,1.3,1.3,5.0,5.0,4.7174725416125405,0.03386862464664606,9.239893,7.787749,51.039387,7.4737077,5.0,12.413,0.0,78.025,7.558,1.0,241.27599999999998,2023,1,8,261.8,0.0,India_Averaged.csv
2023-01-09,0,265.3,338.9,25.8,16.259999999999998,12.2,5.3,1.2,1.2,0.5,0.5,1.5,1.5,3.7,3.7,7.550679101245225,-1.0217644782411077,9.062421,8.09754,53.688362,5.914613,5.0,13.568999999999999,0.0,80.21799999999999,5.647,1.0,252.87000000000003,2023,1,9,369.0,0.0,India_Averaged.csv
2023-01-10,0,337.6,208.9,22.9,13.8,15.76,5.0,1.2,1.2,0.5,0.5,1.5,1.5,4.6,4.6,6.081452937686584,-0.6982080679653746,8.364431,7.6280184,51.723217,-10.668634,5.0,13.45,0.0,78.274,8.050999999999998,1.0,244.72700000000003,2023,1,10,337.6,0.0,India_Averaged.csv
2023-01-11,0,255.1,142.2,19.7,9.2,15.9,5.34,1.4,1.4,0.4,0.4,1.3,1.3,5.5,5.5,2.302377625518479,-0.3884783378861337,8.480557,6.5770974,39.74026,-16.819073,5.0,14.753,0.0,75.64,8.891,1.0,174.17000000000002,2023,1,11,255.1,0.0,India_Averaged.csv
2023-01-12,0,199.6,135.3,17.2,10.6,15.2,5.36,1.5,1.5,0.5,0.5,1.4,1.4,4.8,4.8,1.245152007157995,-0.9244432439535146,8.5276985,5.7146096,26.25391,-19.76704,5.0,15.804000000000002,0.0,75.46000000000001,9.608,1.0,153.15,2023,1,12,199.6,0.0,India_Averaged.csv
2023-01-13,0,196.9,144.1,19.3,11.1,17.9,5.0600000000000005,1.4,1.4,0.4,0.4,1.0,1.0,5.5,5.5,1.6275145506235096,-0.7192313191336278,9.077233,5.8725224,26.727459,-5.9879327,5.0,15.043000000000001,0.0,75.912,10.405999999999999,1.0,229.709,2023,1,13,196.9,0.0,India_Averaged.csv
2023-01-14,0,218.5,127.1,17.1,7.9,19.3,5.42,1.3,1.3,0.6,0.6,1.0,1.0,5.5,5.5,0.9606077673983862,0.043912678786349066,8.90152,6.071346,28.828129,-11.24124,5.0,11.631,0.0,64.384,11.951,1.0,292.532,2023,1,14,218.5,0.0,India_Averaged.csv
2023-01-15,0,191.5,106.4,22.0,7.1,21.0,5.16,1.6,1.6,0.9,0.9,1.6,1.6,5.5,5.5,0.3514167544570664,0.1808432903956154,10.20938,4.978028,16.567957,14.594976,5.0,9.65,0.0,56.862,9.803,1.0,258.364,2023,1,15,191.5,0.0,India_Averaged.csv
2023-01-16,0,144.8,150.1,24.0,10.1,21.1,5.3,1.6,1.6,0.9,0.9,1.3,1.3,3.4,3.4,0.9612733901751502,-0.21108883001339906,9.953939,4.716674,11.933088,3.3092976,5.0,9.842,0.0,59.269999999999996,8.162,1.0,221.183,2023,1,16,166.7,0.0,India_Averaged.csv
2023-01-17,0,185.2,152.0,21.1,12.0,21.4,4.9,1.3,1.3,0.8,0.8,1.0,1.0,3.2,3.2,1.8976369186245516,-0.4956894622395889,9.231734,5.927739,21.203661,7.7346582,5.0,10.011,0.0,58.559000000000005,8.339,1.0,226.11100000000002,2023,1,17,193.4,0.0,India_Averaged.csv
2023-01-18,0,192.2,194.7,23.8,12.5,27.7,7.7,1.1,1.1,0.7,0.7,0.9,0.9,5.3,5.3,3.1487057133121077,0.9954338107946284,9.772013,6.905645,30.219944,17.857609,5.0,10.881,0.0,58.303,7.619,1.0,220.567,2023,1,18,218.1,0.0,India_Averaged.csv
2023-01-19,0,223.2,203.8,26.8,13.6,23.5,6.9,1.1,1.1,0.7,0.7,1.5,1.5,4.7,4.7,4.258898622712496,0.3074366016343076,9.301924,6.9060106,41.192688,6.577217,5.0,13.39,0.0,60.08299999999999,8.401,1.0,144.239,2023,1,19,237.6,0.0,India_Averaged.csv
2023-01-20,0,227.0,112.8,18.8,8.6,19.9,4.92,1.7,1.7,0.9,0.9,0.9,0.9,3.8,3.8,1.153417470286405,-0.15212907184732144,8.364835,6.228172,36.227604,-7.71408,5.0,13.876,0.0,67.739,9.898,1.0,225.96599999999998,2023,1,20,227.0,0.0,India_Averaged.csv
2023-01-21,0,170.0,181.3,21.6,13.2,22.1,5.88,1.3,1.3,0.8,0.8,1.2,1.2,6.3,6.3,2.398097526561967,-0.30986653806314157,9.286271,6.546561,34.57382,5.5860505,5.0,14.369,0.0,71.378,7.006,1.0,191.529,2023,1,21,204.7,0.0,India_Averaged.csv
2023-01-22,0,227.5,216.7,22.0,11.7,21.6,5.42,1.3,1.3,0.6,0.6,1.6,1.6,5.3,5.3,3.7583984784542133,0.13924599881666394,9.398697,7.0005903,42.0893,4.465444,5.0,14.882,0.0,67.461,8.086,1.0,113.69499999999998,2023,1,22,249.2,0.0,India_Averaged.csv
2023-01-23,0,257.7,171.9,20.9,11.2,20.5,6.0,1.3,1.3,0.6,0.6,1.2,1.2,4.1,4.1,3.394246898750969,0.08901855827952462,9.1377735,6.942313,41.512703,3.2541194,5.0,16.178,0.0,69.53399999999999,6.497,1.0,129.752,2023,1,23,259.5,0.0,India_Averaged.csv
2023-01-24,0,201.9,118.5,17.7,8.1,14.3,5.0,1.8,1.8,0.7,0.7,1.2,1.2,2.2,2.2,0.5328997135271596,-0.7369256095090936,8.694724,5.036886,22.124329,-16.266916,5.0,16.750999999999998,0.0,78.86699999999999,10.297,1.0,167.328,2023,1,24,201.9,0.0,India_Averaged.csv
2023-01-25,0,170.0,106.1,20.2,9.0,16.240000000000002,5.5600000000000005,1.9,1.9,0.9,0.9,0.6,0.6,3.7,3.7,0.14213625582524622,-0.6852851486687043,7.757329,4.006754,11.78836,-5.6459513,5.0,15.832999999999998,0.0,72.832,8.262,1.0,250.302,2023,1,25,170.0,0.0,India_Averaged.csv
2023-01-26,0,168.3,118.3,17.0,7.0,19.16,5.2,1.9,1.9,0.9,0.9,1.2,1.2,3.3,3.3,-0.30519936354757926,-0.050909331707843196,9.848082,3.550438,-2.6531034,12.37245,5.0,13.578999999999999,0.0,69.016,12.22,1.0,229.15899999999996,2023,1,26,168.3,0.0,India_Averaged.csv
2023-01-27,0,184.9,105.3,22.3,6.9,28.74,6.4,1.6,1.6,0.9,0.9,1.4,1.4,4.3,4.3,0.30428159077731054,1.3451944315298583,10.422791,4.7917347,12.058902,15.681127,5.0,12.597999999999999,0.0,61.471000000000004,12.421000000000001,1.0,243.147,2023,1,27,184.9,0.0,India_Averaged.csv
2023-01-28,0,160.4,127.5,25.7,9.1,31.26,11.7,1.3,1.3,1.2,1.2,1.3,1.3,5.5,5.5,1.022945965823706,2.468543189743975,10.784981,5.0278616,9.004814,25.069635,5.0,14.102,0.0,65.23400000000001,8.217,1.0,209.45,2023,1,28,163.4,0.0,India_Averaged.csv
2023-01-29,0,174.4,149.3,24.0,11.1,12.5,9.9,1.3,1.3,0.6,0.6,1.3,1.3,3.8,3.8,1.6612836815695295,-0.2766252019176658,8.882078,5.6152916,19.856743,-4.603111,5.0,13.982,0.0,85.352,9.812000000000001,1.0,120.859,2023,1,29,194.5,0.0,India_Averaged.csv
2023-01-30,0,203.5,73.4,18.1,7.9,16.44,10.2,1.7,1.7,0.9,0.9,1.2,1.2,3.3,3.3,-0.08451680743063605,0.46679813649580615,8.967306,4.971477,11.30409,-16.515959,5.0,13.923000000000002,0.0,86.39899999999999,8.103,1.0,166.152,2023,1,30,203.5,0.0,India_Averaged.csv
2023-01-31,0,135.0,92.9,16.0,8.7,16.8,8.8,1.7,1.7,1.0,1.0,2.3,2.3,3.5,3.5,-1.0477575059269875,-0.05927012607006823,9.65787,2.784043,-17.249588,6.8395066,5.0,14.212,0.0,80.08,13.621,1.0,276.149,2023,1,31,136.9,0.0,India_Averaged.csv
2023-02-01,0,150.0,97.9,17.9,7.4,18.4,7.24,1.7,1.7,1.0,1.0,2.0,2.0,3.3,3.3,-0.8082418036369556,0.09313643246453877,9.35754,3.173104,-9.301892,5.791478,5.0,13.648,0.0,70.209,12.882,1.0,285.644,2023,2,1,150.0,0.0,India_Averaged.csv
2023-02-02,0,148.3,111.7,21.6,8.3,20.4,4.74,1.7,1.7,1.0,1.0,1.1,1.1,2.6,2.6,-0.16375577656332832,-0.2928865913766354,9.535528,3.5611706,1.5471405,1.398922,5.0,14.809000000000001,0.0,65.48499999999999,11.561,1.0,267.883,2023,2,2,153.1,0.0,India_Averaged.csv
2023-02-03,0,151.5,143.4,22.6,9.9,24.3,4.3,1.2,1.2,1.1,1.1,1.2,1.2,2.4,2.4,0.8520466085011661,-0.05531752895427735,9.992228,4.746997,14.0312195,12.579363,5.0,15.654,0.0,64.462,9.286999999999999,1.0,262.457,2023,2,3,176.5,0.0,India_Averaged.csv
2023-02-04,0,161.7,174.6,25.2,9.8,20.5,4.5,1.2,1.2,0.8,0.8,1.2,1.2,2.6,2.6,1.6876655039889108,-0.22337819423219551,9.528972,5.229457,17.836346,2.1104007,5.0,16.598999999999997,0.0,61.56699999999999,10.712,1.0,266.789,2023,2,4,199.6,0.0,India_Averaged.csv
2023-02-05,0,175.1,135.1,23.1,8.3,21.580000000000002,5.0200000000000005,1.4,1.4,1.0,1.0,1.2,1.2,1.7,1.7,0.8477731758049047,0.10636652804254292,9.682616,4.6496315,15.226407,7.19147,5.0,17.584000000000003,0.0,60.733999999999995,8.175,1.0,222.455,2023,2,5,189.8,0.0,India_Averaged.csv
2023-02-06,0,162.6,147.4,20.4,10.6,24.64,5.0,1.4,1.4,1.0,1.0,1.2,1.2,2.5,2.5,1.1099712704753024,0.047444077834445535,10.280284,4.9362326,16.021875,20.340145,5.0,18.356,0.0,67.248,8.126999999999999,1.0,207.14700000000002,2023,2,6,194.8,0.0,India_Averaged.csv
2023-02-07,0,170.8,139.2,20.0,8.7,22.78,4.3,1.6,1.6,0.9,0.9,1.0,1.0,2.5,2.5,0.6831586349186616,-0.0022473583029668023,10.048541,4.5191717,8.607417,13.775287,5.0,16.965,0.0,58.59400000000001,11.849,1.0,288.063,2023,2,7,182.0,0.0,India_Averaged.csv
2023-02-08,0,168.1,119.9,22.4,8.4,27.2,9.26,1.5,1.5,1.1,1.1,1.2,1.2,4.4,4.4,0.5648749196340026,1.5552471265264374,11.063562,5.1902676,9.993128,36.105694,5.0,16.5,0.0,56.234,9.634,1.0,265.663,2023,2,8,176.0,0.0,India_Averaged.csv
2023-02-09,0,145.6,117.4,20.9,7.6,30.839999999999996,5.26,1.3,1.3,1.2,1.2,1.0,1.0,4.5,4.5,-0.18230722425181262,1.1454464941220064,11.192857,4.842305,10.519739,38.17478,5.0,18.768,0.0,59.959,10.606,1.0,191.419,2023,2,9,157.3,0.0,India_Averaged.csv
2023-02-10,0,150.1,99.2,19.3,6.3,24.84,5.32,1.6,1.6,1.2,1.2,1.5,1.5,3.9,3.9,-0.8505872689060908,0.616639768314968,10.562183,3.4472897,-7.486052,25.622112,5.0,19.823999999999998,0.0,60.621,9.796000000000001,1.0,187.274,2023,2,10,150.1,0.0,India_Averaged.csv
2023-02-11,0,146.0,147.3,20.4,8.2,25.32,5.24,1.3,1.3,1.2,1.2,1.2,1.2,3.2,3.2,0.33126876752360906,0.5510838242657162,10.295359,4.5401735,7.690924,17.779718,5.0,19.044999999999998,0.0,54.633,9.954,1.0,279.046,2023,2,11,166.9,0.0,India_Averaged.csv
2023-02-12,0,174.7,102.3,16.78,5.84,25.939999999999998,6.08,1.7,1.7,1.0,1.0,1.7,1.7,5.3,5.3,-0.6049588228684177,1.0552485173520145,10.593901,4.141618,4.742974,20.921812,5.0,16.351,0.0,39.487,14.502,1.0,286.1,2023,2,12,174.7,0.0,India_Averaged.csv
2023-02-13,0,136.32,95.3,18.1,5.6,22.7,4.8,2.0,2.0,1.0,1.0,2.1,2.1,3.9,3.9,-1.4343644213938216,0.3142595648175671,10.275343,3.8330276,2.68761,14.999945,5.0,15.846,0.0,33.666,16.663,1.0,285.744,2023,2,13,138.52,0.0,India_Averaged.csv
2023-02-14,0,119.6,99.4,23.5,7.7,24.8,5.3,2.0,2.0,1.0,1.0,1.5,1.5,4.9,4.9,-0.8111657615382896,0.3074073042536801,10.613157,4.3789415,12.224176,23.115444,5.0,17.764,0.0,42.797,11.482,1.0,284.574,2023,2,14,121.7,0.0,India_Averaged.csv
2023-02-15,0,139.7,120.6,24.9,9.0,23.9,5.8,1.2,1.2,0.9,0.9,1.3,1.3,5.1,5.1,0.2721202487292157,0.25857199698298394,10.407434,4.979106,20.084362,19.849674,5.0,19.46,0.0,48.965,11.978,1.0,292.333,2023,2,15,142.1,0.0,India_Averaged.csv
2023-02-16,0,158.6,166.2,24.6,10.6,29.5,6.8,1.0,1.0,1.2,1.2,1.7,1.7,4.6,4.6,1.7482493832273047,1.1074512388882607,10.293274,5.70049,23.877499,21.655216,5.0,19.843,0.0,61.251999999999995,6.586,1.0,253.58799999999997,2023,2,16,190.6,0.0,India_Averaged.csv
2023-02-17,0,191.6,201.1,25.2,10.9,33.9,6.0,0.7,0.7,1.2,1.2,1.5,1.5,4.5,4.5,3.076989803154768,1.650657758113687,10.526599,6.9080772,37.656933,25.755,5.0,20.416999999999998,0.0,65.93299999999999,5.846,1.0,203.942,2023,2,17,223.6,0.0,India_Averaged.csv
2023-02-18,0,224.1,190.7,27.3,10.5,34.3,6.4,0.7,0.7,1.2,1.2,1.7,1.7,3.9,3.9,3.5981330891418253,1.9141198030433426,10.097015,6.873613,39.02172,18.487247,5.0,20.662,0.0,67.292,6.279999999999999,1.0,233.00799999999998,2023,2,18,232.6,0.0,India_Averaged.csv
2023-02-19,0,222.0,155.8,24.7,9.1,33.0,6.1,0.7,0.7,1.2,1.2,1.5,1.5,5.5,5.5,2.488555309790677,1.7498685995347418,10.558827,6.7766542,35.306866,26.47865,5.0,21.372,0.0,63.008,6.553,1.0,178.904,2023,2,19,222.0,0.0,India_Averaged.csv
2023-02-20,0,200.3,134.1,22.4,7.9,28.1,6.1,1.2,1.2,1.1,1.1,1.2,1.2,4.1,4.1,1.2572552427588235,1.2168412167739422,10.114912,6.2973013,32.79902,22.049334,5.0,23.323,0.0,50.725,9.165000000000001,1.0,187.85899999999998,2023,2,20,200.3,0.0,India_Averaged.csv
2023-02-21,0,176.6,120.0,23.6,8.1,26.3,6.2,1.2,1.2,1.1,1.1,1.3,1.3,3.9,3.9,0.6995269519889906,0.8709338048417663,10.3071165,5.6064515,22.823307,21.692394,5.0,22.342,0.0,50.233999999999995,9.318999999999999,1.0,247.942,2023,2,21,177.6,0.0,India_Averaged.csv
2023-02-22,0,166.9,133.5,24.8,9.5,23.0,5.4,1.5,1.5,0.8,0.8,0.9,0.9,3.9,3.9,1.0627231045952523,0.12172216894695922,9.98503,5.390215,20.973827,11.708493,5.0,21.672,0.0,53.662,8.474,1.0,279.779,2023,2,22,169.8,0.0,India_Averaged.csv
2023-02-23,0,181.2,111.2,26.9,7.8,21.3,5.3,1.6,1.6,0.9,0.9,0.9,0.9,3.9,3.9,0.7590918642284044,0.155015044676855,9.76391,5.0811234,20.132484,8.823583,5.0,20.979,0.0,48.649,10.687000000000001,1.0,243.013,2023,2,23,181.2,0.0,India_Averaged.csv
2023-02-24,0,156.7,109.0,28.0,8.4,26.6,5.5,1.0,1.0,1.2,1.2,0.8,0.8,5.2,5.2,0.5401194631105513,0.6227883658130138,10.45957,5.6522727,24.965683,23.134876,5.0,21.116,0.0,48.618,8.818999999999999,1.0,241.62599999999998,2023,2,24,156.7,0.0,India_Averaged.csv
2023-02-25,0,151.9,129.8,30.7,8.8,29.2,5.5,0.9,0.9,1.4,1.4,1.2,1.2,4.5,4.5,1.1090960980883857,0.957159048976493,10.338146,5.3501067,24.490324,15.847658,5.0,22.131,0.0,49.977999999999994,6.859,1.0,207.56199999999998,2023,2,25,158.9,0.0,India_Averaged.csv
2023-02-26,0,167.4,148.5,29.2,9.0,35.3,6.3,1.0,1.0,1.2,1.2,1.3,1.3,4.5,4.5,1.7122499331993732,1.914759703357608,10.543691,5.938173,27.791885,22.274212,5.0,22.526999999999997,0.0,47.876,7.628,1.0,187.142,2023,2,26,181.7,0.0,India_Averaged.csv
2023-02-27,0,180.0,126.9,29.1,8.1,30.2,6.2,1.0,1.0,1.1,1.1,1.2,1.2,4.5,4.5,1.3410525121086583,1.4016773604484452,10.232485,5.767709,22.489773,16.21693,5.0,22.744999999999997,0.0,46.687,8.089,1.0,222.699,2023,2,27,180.0,0.0,India_Averaged.csv
2023-02-28,0,160.9,118.4,23.7,8.3,24.4,6.2,1.3,1.3,1.2,1.2,1.1,1.1,3.6,3.6,0.40806867235693894,0.56723044079852,10.150644,4.633011,11.54602,15.606441,5.0,22.498,0.0,46.010999999999996,8.248000000000001,1.0,165.92600000000002,2023,2,28,160.9,0.0,India_Averaged.csv
2023-03-01,0,153.8,130.3,25.1,8.0,21.4,6.4,1.4,1.4,1.0,1.0,1.4,1.4,6.1,6.1,0.48543010189675295,0.3714086882675375,9.493716,5.0052285,14.293192,4.443552,5.0,22.688000000000002,0.0,47.471999999999994,9.341,1.0,137.408,2023,3,1,155.0,0.0,India_Averaged.csv
2023-03-02,0,148.7,122.0,24.9,8.8,25.4,6.8,1.3,1.3,1.2,1.2,1.1,1.1,5.6,5.6,0.4538629511153653,0.7159892789604975,10.148787,4.917456,14.341639,16.315321,5.0,23.298000000000002,0.0,48.374,9.012,1.0,245.76999999999998,2023,3,2,155.4,0.0,India_Averaged.csv
2023-03-03,0,160.5,99.9,20.5,7.3,22.5,5.6,1.7,1.7,1.0,1.0,1.2,1.2,4.0,4.0,-0.37836840015242323,0.2789629222840374,10.176905,4.1106095,6.325577,14.796843,5.0,23.77,0.0,49.097,10.589,1.0,231.77100000000002,2023,3,3,160.5,0.0,India_Averaged.csv
2023-03-04,0,147.2,98.4,19.7,6.4,23.0,5.4,1.8,1.8,1.1,1.1,2.0,2.0,3.7,3.7,-0.8875034090967638,0.3982306180675881,9.906288,3.9144917,5.1333017,5.8448467,5.0,23.014,0.0,52.375,9.962,1.0,242.233,2023,3,4,149.1,0.0,India_Averaged.csv
2023-03-05,0,132.4,82.2,18.5,6.0,28.0,4.64,1.8,1.8,1.1,1.1,2.6,2.6,4.2,4.2,-1.5500071575768515,0.739279420462582,10.56799,3.5118003,-4.6535873,19.363186,5.0,23.000999999999998,0.0,48.161,11.277000000000001,1.0,271.842,2023,3,5,132.6,0.0,India_Averaged.csv
2023-03-06,0,124.0,85.1,19.0,7.2,24.9,5.4399999999999995,1.8,1.8,1.1,1.1,2.0,2.0,3.6,3.6,-1.404132741518875,0.3444760154630546,10.411371,3.4418595,-2.5875287,16.241913,5.0,22.275000000000002,0.0,48.952,9.903,1.0,265.361,2023,3,6,124.0,0.0,India_Averaged.csv
2023-03-07,0,130.9,89.3,20.1,7.5,28.1,5.66,1.3,1.3,1.2,1.2,2.1,2.1,4.5,4.5,-1.0223632713794875,0.7528750795652835,10.842178,3.5590796,-3.5778909,26.918118,5.0,22.273999999999997,0.0,48.389,7.534999999999999,1.0,261.78200000000004,2023,3,7,133.7,0.0,India_Averaged.csv
2023-03-08,0,128.1,104.6,18.3,7.5,37.6,5.34,1.3,1.3,1.2,1.2,2.1,2.1,3.9,3.9,-0.8523209046927323,1.8151962550142884,10.63165,3.5038433,-7.8954706,22.369034,5.0,21.136,0.0,56.424,7.468000000000001,1.0,213.68399999999997,2023,3,8,142.5,0.0,India_Averaged.csv
2023-03-09,0,147.2,77.4,17.7,6.5,27.5,5.220000000000001,1.3,1.3,1.2,1.2,1.9,1.9,2.9,2.9,-1.312999756902028,0.7343823191862173,10.355775,3.0719345,-9.457727,13.798793,5.0,21.33,0.0,57.974000000000004,8.279,1.0,227.36700000000002,2023,3,9,147.2,0.0,India_Averaged.csv
2023-03-10,0,118.2,104.5,21.1,8.4,29.0,5.32,1.3,1.3,1.2,1.2,1.7,1.7,4.5,4.5,-0.7456836120856722,0.6678200782120407,10.60365,3.9981225,1.4588753,20.125864,5.0,22.774,0.0,50.692,8.211,1.0,247.73899999999998,2023,3,10,122.4,0.0,India_Averaged.csv
2023-03-11,0,151.2,105.4,21.0,8.7,35.5,6.4799999999999995,1.1,1.1,1.3,1.3,1.5,1.5,4.5,4.5,0.026334159535718847,1.7069745558822,11.075927,4.453231,6.720379,33.033104,5.0,23.661,0.0,47.286,7.141,1.0,235.9,2023,3,11,152.9,0.0,India_Averaged.csv
2023-03-12,0,150.2,123.1,21.5,8.8,37.0,6.38,1.1,1.1,1.3,1.3,1.5,1.5,3.9,3.9,0.3723798911360513,1.9255526110626509,10.748227,4.6486745,11.730829,26.03946,5.0,24.934,0.0,43.63,6.88,1.0,195.495,2023,3,12,160.2,0.0,India_Averaged.csv
2023-03-13,0,149.4,127.2,21.9,9.2,32.4,6.6,1.1,1.1,1.3,1.3,1.9,1.9,4.2,4.2,0.48399282967882107,1.401196718178697,10.434263,4.565667,14.700765,22.41249,5.0,24.564999999999998,0.0,45.989,7.577000000000001,1.0,221.888,2023,3,13,159.8,0.0,India_Averaged.csv
2023-03-14,0,155.3,116.5,19.0,8.8,29.9,6.5,1.1,1.1,1.3,1.3,2.1,2.1,4.1,4.1,0.08531559372525796,1.10723121090592,10.5061,3.9229035,2.6938834,22.666235,5.0,24.741,0.0,42.869,9.575,1.0,246.984,2023,3,14,157.4,0.0,India_Averaged.csv
2023-03-15,0,158.4,128.8,20.9,8.3,38.9,7.4,1.2,1.2,1.4,1.4,1.9,1.9,4.5,4.5,0.5088920667440178,2.4995227895288927,10.831725,4.3253775,6.3262424,28.02835,5.0,25.564,0.0,38.041,7.688,1.0,187.272,2023,3,15,177.3,0.0,India_Averaged.csv
2023-03-16,0,155.4,120.4,18.8,7.1,29.5,6.5,1.3,1.3,1.2,1.2,1.6,1.6,4.0,4.0,-0.2100942617071409,1.378691383447705,10.711169,4.2087393,3.324091,30.081675,5.0,24.732,0.0,43.206,7.82,1.0,186.6,2023,3,16,156.0,0.0,India_Averaged.csv
2023-03-17,0,155.5,117.02000000000001,19.419999999999998,8.08,30.5,6.7,1.1,1.1,1.3,1.3,1.6,1.6,4.5,4.5,-0.004878100427266574,1.3523829158764629,10.918835,3.9818935,5.8851967,29.23501,5.0,22.583,0.0,59.622,7.25,1.0,165.887,2023,3,17,157.0,0.0,India_Averaged.csv
2023-03-18,0,153.65822841180517,77.78224058029417,15.975631236617783,6.846204299769221,19.741526243650732,5.355304289990023,2.0,2.0,1.0,1.0,1.8,1.8,2.5,2.5,-1.3395716025441895,-0.1721765904634716,8.175209,2.5748663,-11.855994,1.4620178,5.0,20.688,0.0,73.046,7.899000000000001,1.0,120.36600000000001,2023,3,18,153.65822841180517,0.0,India_Averaged.csv
2023-03-19,0,135.05822841180517,87.68224058029418,14.175631236617784,7.446204299769221,25.741526243650732,5.155304289990023,1.7,1.7,1.0,1.0,2.3,2.3,3.6,3.6,-1.469727037566109,0.34074772714582596,8.988041,2.2892632,-17.968622,15.273356,5.0,20.556,0.0,76.929,6.6049999999999995,1.0,173.302,2023,3,19,135.7582284118052,0.0,India_Averaged.csv
2023-03-20,0,137.95822841180518,84.78224058029417,13.675631236617784,8.44620429976922,32.74152624365073,6.595304289990024,1.7,1.7,1.0,1.0,2.0,2.0,3.9,3.9,-1.1966762506614135,1.2658810796575395,8.8234,2.8899162,-13.442276,8.219333,5.0,19.044,0.0,80.351,7.313,1.0,174.298,2023,3,20,141.8582284118052,0.0,India_Averaged.csv
2023-03-21,0,122.32000000000001,64.9,14.9,6.859999999999999,32.5,5.9,1.6,1.6,1.2,1.2,2.2,2.2,2.7,2.7,-2.049701216731184,1.232839475229963,11.2185755,2.6219394,-19.604065,22.50186,5.0,19.691,0.0,73.284,7.234,1.0,168.151,2023,3,21,122.32000000000001,0.0,India_Averaged.csv
2023-03-22,0,113.9,97.64,15.959999999999999,9.440000000000001,32.839999999999996,5.220000000000001,1.1,1.1,1.3,1.3,1.8,1.8,4.0,4.0,-1.0764233518750221,0.8125849058033545,11.172258,2.939263,-5.848668,31.69188,5.0,20.697,0.0,68.78900000000002,6.3950000000000005,1.0,223.544,2023,3,22,118.7,0.0,India_Averaged.csv
2023-03-23,0,141.8582284118052,91.68224058029418,16.975631236617783,8.04620429976922,23.84152624365073,5.555304289990024,1.5,1.5,1.1,1.1,2.0,2.0,4.0,4.0,-0.9613656861215556,0.16817810946412087,8.837064,2.8497205,-8.614163,13.279554,5.0,22.631,0.0,58.403,7.675,1.0,243.73600000000002,2023,3,23,142.8582284118052,0.0,India_Averaged.csv
2023-03-24,0,123.35822841180519,97.08224058029417,16.775631236617784,8.846204299769221,30.44152624365073,5.855304289990023,1.7,1.7,1.0,1.0,1.8,1.8,2.4,2.4,-0.9868622563410672,0.8145647835212216,8.847901,3.0086858,-8.946836,14.1588335,5.0,22.232,0.0,66.6,10.561,1.0,154.80800000000002,2023,3,24,126.05822841180517,0.0,India_Averaged.csv
2023-03-25,0,130.55822841180517,70.58224058029417,14.675631236617784,7.5462042997692205,37.94152624365073,5.055304289990024,1.7,1.7,1.0,1.0,2.3,2.3,3.3,3.3,-1.631231038675811,1.5957439512423526,9.353627,2.4208348,-17.941761,16.914,5.0,22.159,0.0,63.720000000000006,8.546000000000001,1.0,153.177,2023,3,25,132.45822841180518,0.0,India_Averaged.csv
2023-03-26,0,108.55822841180517,103.98224058029419,16.775631236617784,7.846204299769221,25.94152624365073,5.255304289990024,1.9,1.9,0.9,0.9,2.1,2.1,4.0,4.0,-1.4105638765011665,0.338513545203548,9.159429,2.5333455,-18.075127,18.175129,5.0,22.43,0.0,53.726,9.415000000000001,1.0,246.166,2023,3,26,123.85822841180519,0.0,India_Averaged.csv
2023-03-27,0,142.15822841180517,89.78224058029417,17.675631236617782,7.746204299769221,26.84152624365073,5.055304289990024,1.7,1.7,1.0,1.0,2.0,2.0,4.2,4.2,-0.9654121084810671,0.44982769258104627,9.142552,3.1971362,-6.958476,15.997035,5.0,22.231,0.0,52.75500000000001,10.098,1.0,257.32,2023,3,27,142.15822841180517,0.0,India_Averaged.csv
2023-03-28,0,138.3582284118052,94.28224058029417,21.475631236617783,8.54620429976922,27.34152624365073,5.155304289990023,1.7,1.7,1.0,1.0,2.0,2.0,5.4,5.4,-0.5044001644639307,0.42898754944154865,8.841634,4.080648,2.1300995,13.458133,5.0,23.226000000000003,0.0,49.903,8.959,1.0,208.388,2023,3,28,138.3582284118052,0.0,India_Averaged.csv
2023-03-29,0,134.3582284118052,105.78224058029419,21.375631236617785,9.64620429976922,34.74152624365073,6.055304289990024,1.1,1.1,1.3,1.3,2.2,2.2,5.5,5.5,-0.07564246296543506,1.3173769042114623,9.565317,4.4882574,5.364497,29.155415,5.0,24.583,0.0,47.010999999999996,8.023,1.0,159.111,2023,3,29,139.05822841180517,0.0,India_Averaged.csv
2023-03-30,0,149.05822841180517,99.88224058029417,17.975631236617783,9.44620429976922,31.14152624365073,5.055304289990024,1.3,1.3,1.2,1.2,2.2,2.2,3.1,3.1,-0.2571363744687317,0.7111989333055087,9.439737,3.972205,0.13328858,16.08682,5.0,22.331,0.0,67.92999999999999,9.73,1.0,208.02400000000003,2023,3,30,149.05822841180517,0.0,India_Averaged.csv
2023-03-31,0,139.55822841180517,54.88224058029417,14.875631236617783,7.946204299769221,23.741526243650732,4.555304289990024,1.9,1.9,0.9,0.9,2.4,2.4,3.9,3.9,-1.802741483930837,-0.24745908333254224,9.199101,2.5193527,-22.873184,7.0330977,5.0,20.016,0.0,78.018,6.133000000000001,1.0,195.79200000000003,2023,3,31,139.55822841180517,0.0,India_Averaged.csv
2023-04-01,0,94.9582284118052,69.62224058029418,14.735631236617783,9.306204299769222,26.401526243650732,5.235304289990023,1.7,1.7,1.0,1.0,2.3,2.3,3.2,3.2,-2.082349832820808,-0.09394831830883452,9.578606,1.6309474,-34.597126,7.8779345,5.0,21.449,0.0,70.332,6.130999999999999,1.0,173.172,2023,4,1,95.0182284118052,0.0,India_Averaged.csv
2023-04-02,0,131.19114205902594,103.81120290147086,20.27815618308892,12.431021498846107,28.90763121825365,4.876521449950117,1.7,1.7,1.0,1.0,1.2,1.2,2.6,2.6,0.2220319220734007,-0.12143366509735491,2.1108203,4.1693583,4.333352,-14.18246,5.0,23.053,0.0,59.2,9.135,1.0,231.096,2023,4,2,133.39114205902595,0.0,India_Averaged.csv
2023-04-03,0,136.3782284118052,103.78224058029419,19.875631236617785,18.24620429976922,33.94152624365073,4.855304289990023,1.2,1.2,1.1,1.1,2.0,2.0,4.8,4.8,1.5133818795227643,-0.5655466887897319,9.411692,4.7692995,4.056447,14.221133,5.0,24.589000000000002,0.0,51.234,10.196,1.0,179.68699999999998,2023,4,3,146.17822841180518,0.0,India_Averaged.csv
2023-04-04,0,138.45822841180518,79.28224058029417,19.575631236617784,9.44620429976922,26.241526243650732,4.555304289990024,1.5,1.5,1.1,1.1,1.9,1.9,4.8,4.8,-0.7343621242818009,-0.07382799989725111,9.183042,3.2518902,-16.260761,9.795012,5.0,23.247,0.0,53.859,10.012,1.0,246.27799999999996,2023,4,4,138.45822841180518,0.0,India_Averaged.csv
2023-04-05,0,116.55822841180517,94.08224058029418,21.475631236617783,10.346204299769221,32.64152624365073,5.355304289990023,1.5,1.5,1.1,1.1,2.0,2.0,4.0,4.0,-0.4836913977975465,0.694389817502107,9.517497,4.3611712,-1.3262488,21.564276,5.0,24.249000000000002,0.0,41.377,10.043999999999999,1.0,249.783,2023,4,5,119.95822841180518,0.0,India_Averaged.csv
2023-04-06,0,129.2582284118052,97.98224058029417,20.975631236617783,9.846204299769221,27.241526243650732,4.355304289990023,1.5,1.5,1.1,1.1,2.0,2.0,5.6,5.6,-0.40221863730966023,0.0015282789415943993,8.97485,4.182001,-1.2339337,14.086499,5.0,24.919,0.0,37.038,11.583,1.0,248.622,2023,4,6,129.2582284118052,0.0,India_Averaged.csv
2023-04-07,0,128.7582284118052,91.48224058029419,21.675631236617782,9.746204299769222,27.241526243650732,5.355304289990023,1.7,1.7,1.0,1.0,1.8,1.8,4.9,4.9,-0.4700481120895444,0.21029099124827969,8.884802,4.2116337,1.0279665,4.892345,5.0,25.486,0.0,31.855,11.453,1.0,240.07199999999997,2023,4,7,131.2582284118052,0.0,India_Averaged.csv
2023-04-08,0,128.8582284118052,100.38224058029418,22.975631236617783,11.54620429976922,31.44152624365073,4.755304289990024,1.3,1.3,1.2,1.2,2.2,2.2,4.7,4.7,0.17911080305210475,0.2938363785398469,9.037916,4.533954,5.5243764,11.413294,5.0,25.788999999999998,0.0,30.597,9.747,1.0,224.935,2023,4,8,131.7582284118052,0.0,India_Averaged.csv
2023-04-09,0,136.05822841180517,117.68224058029418,25.775631236617784,13.64620429976922,30.64152624365073,5.155304289990023,1.1,1.1,1.3,1.3,1.4,1.4,4.1,4.1,1.2268699383363764,0.04843647394361901,8.929142,5.003591,13.126844,9.97006,5.0,26.782,0.0,27.393,8.486,1.0,236.76799999999997,2023,4,9,147.05822841180517,0.0,India_Averaged.csv
2023-04-10,0,148.8582284118052,116.68224058029418,26.975631236617783,12.246204299769222,35.54152624365073,5.455304289990023,1.3,1.3,1.2,1.2,1.7,1.7,4.2,4.2,1.3204455803261135,0.9593002788783078,9.132475,4.895676,10.423769,14.252383,5.0,27.302,0.0,26.258,9.184000000000001,1.0,249.546,2023,4,10,153.05822841180517,0.0,India_Averaged.csv
2023-04-11,0,147.55822841180517,135.9822405802942,26.775631236617784,10.64620429976922,32.04152624365073,5.855304289990023,1.1,1.1,1.3,1.3,1.7,1.7,7.0,7.0,1.2404711380011313,1.0193764139688697,9.064158,5.193891,22.759958,20.189505,5.0,28.975,0.0,25.005,12.212,1.0,260.25,2023,4,11,160.05822841180517,0.0,India_Averaged.csv
2023-04-12,0,161.95822841180518,114.48224058029419,24.275631236617784,9.14620429976922,25.94152624365073,5.155304289990023,1.5,1.5,1.1,1.1,1.2,1.2,5.2,5.2,0.5802068728812165,0.35352177130853757,8.644468,4.2494974,10.203992,10.318525,5.0,29.424,0.0,28.073,12.901,1.0,235.22400000000002,2023,4,12,162.8582284118052,0.0,India_Averaged.csv
2023-04-13,0,146.65822841180517,111.38224058029418,25.375631236617785,10.14620429976922,28.241526243650732,5.555304289990024,1.1,1.1,1.3,1.3,1.1,1.1,4.2,4.2,0.5641558944764444,0.4758315824235634,8.8955345,4.6235275,14.381491,19.846321,5.0,30.012,0.0,26.324,11.112,1.0,267.281,2023,4,13,149.2582284118052,0.0,India_Averaged.csv
2023-04-14,0,138.45822841180518,120.48224058029419,27.075631236617784,9.746204299769222,29.64152624365073,5.855304289990023,1.1,1.1,1.3,1.3,1.1,1.1,4.2,4.2,0.631913785613502,0.8052573483845913,9.1882,4.6958647,17.785305,21.50496,5.0,30.276,0.0,25.675,10.155,1.0,268.274,2023,4,14,141.65822841180517,0.0,India_Averaged.csv
2023-04-15,0,143.7582284118052,115.88224058029418,28.775631236617784,9.94620429976922,32.54152624365073,4.755304289990024,1.3,1.3,1.2,1.2,1.2,1.2,4.4,4.4,0.8427047082568148,0.8655357296401862,9.018046,4.5033484,10.7235,18.625431,5.0,31.285000000000004,0.0,23.002000000000002,8.675,1.0,237.475,2023,4,15,148.3582284118052,0.0,India_Averaged.csv
2023-04-16,0,133.7582284118052,124.98224058029419,26.575631236617784,9.64620429976922,29.14152624365073,5.455304289990023,1.5,1.5,1.1,1.1,1.3,1.3,5.2,5.2,0.5487289680171041,0.6828795924247095,9.044037,4.465434,11.619983,22.137838,5.0,31.323,0.0,25.951,10.125,1.0,248.834,2023,4,16,148.05822841180517,0.0,India_Averaged.csv
2023-04-17,0,131.2582284118052,121.28224058029419,25.775631236617784,9.04620429976922,36.04152624365073,5.355304289990023,1.2,1.2,1.4,1.4,1.6,1.6,2.9,2.9,0.3411318969627091,1.5193861538312776,9.154529,4.0253377,8.108495,22.947779,5.0,31.965000000000003,0.0,24.209,10.337,1.0,259.525,2023,4,17,141.2582284118052,0.0,India_Averaged.csv
2023-04-18,0,136.45822841180518,121.88224058029418,25.875631236617785,8.54620429976922,23.94152624365073,4.055304289990024,1.7,1.7,1.0,1.0,1.6,1.6,3.9,3.9,0.19143597522397857,-0.033896449570259855,8.476581,3.8759007,4.1394553,11.262885,5.0,32.55499999999999,0.0,22.925,12.501999999999999,1.0,277.034,2023,4,18,150.8582284118052,0.0,India_Averaged.csv
2023-04-19,0,136.95822841180518,169.08224058029418,21.575631236617784,7.646204299769221,27.64152624365073,3.8553042899900234,1.5,1.5,1.1,1.1,1.1,1.1,5.4,5.4,0.506728555589649,0.6990895741679647,8.448326,4.554506,11.535866,9.435064,5.0,30.090999999999998,0.0,34.63,11.690000000000001,1.0,226.21599999999998,2023,4,19,181.55822841180517,0.0,India_Averaged.csv
2023-04-20,0,154.05822841180517,89.68224058029418,21.875631236617785,9.346204299769221,24.54152624365073,4.075304289990024,1.6,1.6,0.9,0.9,1.8,1.8,5.4,5.4,-0.14745256013218175,-0.240225771663009,8.686732,4.0046725,7.2504663,8.223281,5.0,28.757000000000005,0.0,35.808,10.224,1.0,235.75799999999998,2023,4,20,154.05822841180517,0.0,India_Averaged.csv
2023-04-21,0,125.05822841180517,99.78224058029417,21.675631236617782,6.946204299769221,30.44152624365073,4.655304289990023,1.5,1.5,1.1,1.1,1.8,1.8,6.7,6.7,-0.936561647065312,0.943564026525439,9.490183,3.907175,2.1664371,26.371277,5.0,28.919,0.0,25.317999999999998,11.386,1.0,190.37,2023,4,21,125.05822841180517,0.0,India_Averaged.csv
2023-04-22,0,131.65822841180517,89.98224058029417,21.275631236617784,5.346204299769221,36.94152624365073,4.655304289990023,1.6,1.6,1.2,1.2,2.2,2.2,5.1,5.1,-1.2492653618499219,1.9322253018934663,10.03239,3.622869,1.126374,33.070503,5.0,28.703999999999997,0.0,22.389000000000003,9.972,1.0,210.77399999999997,2023,4,22,131.65822841180517,0.0,India_Averaged.csv
2023-04-23,0,123.55822841180517,82.08224058029417,18.275631236617784,4.546204299769221,31.741526243650732,4.155304289990023,1.6,1.6,1.2,1.2,2.1,2.1,5.4,5.4,-1.9868899706963359,1.2865085186529053,9.946884,2.9943073,-8.536043,34.12666,5.0,26.719,0.0,27.921999999999997,11.783000000000001,1.0,168.322,2023,4,23,123.55822841180517,0.0,India_Averaged.csv
2023-04-24,0,102.45822841180518,101.18224058029418,22.575631236617784,7.0462042997692205,36.74152624365073,4.755304289990024,1.2,1.2,1.4,1.4,2.2,2.2,6.0,6.0,-1.166556884337553,1.6126390036708884,9.789694,3.7845466,2.1845143,29.075653,5.0,26.361,0.0,34.012,10.156,1.0,119.99100000000001,2023,4,24,122.25822841180518,0.0,India_Averaged.csv
2023-04-25,0,126.15822841180518,89.78224058029417,20.475631236617783,7.0462042997692205,43.84152624365073,4.755304289990024,1.2,1.2,1.4,1.4,2.1,2.1,5.2,5.2,-0.9905291154354403,2.4160954793299227,10.526826,3.9812722,1.8314327,45.247646,5.0,27.439999999999998,0.0,34.4,9.625,1.0,91.22,2023,4,25,126.15822841180518,0.0,India_Averaged.csv
2023-04-26,0,136.05822841180517,111.18224058029418,25.475631236617783,7.646204299769221,50.84152624365073,5.955304289990023,1.0,1.0,1.5,1.5,1.7,1.7,4.9,4.9,0.14551326529038003,3.541866024745203,10.526297,5.13796,15.024794,52.549366,5.0,28.833,0.0,31.788999999999998,8.568999999999999,1.0,172.43800000000002,2023,4,26,138.55822841180517,0.0,India_Averaged.csv
2023-04-27,0,155.15822841180517,118.28224058029419,23.075631236617784,6.846204299769221,42.04152624365073,4.955304289990023,1.1,1.1,1.3,1.3,1.5,1.5,6.1,6.1,0.1523190311574416,2.534285163896914,10.021927,4.600325,9.615289,39.801243,5.0,28.483999999999998,0.0,36.316,9.253,1.0,169.55,2023,4,27,158.15822841180517,0.0,India_Averaged.csv
2023-04-28,0,138.95822841180518,94.48224058029417,25.375631236617785,7.146204299769221,32.84152624365073,5.155304289990023,1.5,1.5,1.1,1.1,1.6,1.6,4.8,4.8,-0.40828631821240835,1.334461011657515,9.260414,4.1271496,2.168859,24.606266,5.0,27.202999999999996,0.0,43.694,6.893000000000001,1.0,206.983,2023,4,28,138.95822841180518,0.0,India_Averaged.csv
2023-04-29,0,134.65822841180517,103.28224058029419,24.275631236617784,8.44620429976922,24.84152624365073,4.655304289990023,1.5,1.5,1.1,1.1,1.4,1.4,4.4,4.4,-0.26911207984188223,0.10850561192061607,8.414608,3.7309341,6.0423746,13.418813,5.0,25.7,0.0,53.999,8.139,1.0,212.833,2023,4,29,134.8582284118052,0.0,India_Averaged.csv
2023-04-30,0,132.45822841180518,82.38224058029418,20.975631236617783,7.346204299769221,34.64152624365073,4.555304289990024,1.5,1.5,1.1,1.1,2.0,2.0,4.0,4.0,-1.009320880180906,1.2596793920272749,9.395875,3.308033,-3.773292,23.179327,5.0,23.637,0.0,68.009,7.011,1.0,159.671,2023,4,30,137.65822841180517,0.0,India_Averaged.csv
2023-05-01,0,115.85822841180519,61.78224058029417,18.075631236617784,8.246204299769222,27.14152624365073,5.015304289990023,1.8,1.8,1.1,1.1,2.0,2.0,1.6,1.6,-1.7767855143087274,0.17746353768493678,8.378753,2.2031574,-16.543926,1.5829445,5.0,22.352,0.0,78.2,7.462999999999999,1.0,131.41199999999998,2023,5,1,115.85822841180519,0.0,India_Averaged.csv
2023-05-02,0,110.65822841180518,64.98224058029417,15.875631236617783,7.146204299769221,21.64152624365073,5.035304289990023,2.0,2.0,1.0,1.0,2.1,2.1,1.1,1.1,-2.2741130098437226,-0.26682183311145447,8.576041,1.3327847,-33.66615,2.732745,5.0,23.424,0.0,74.607,8.088,1.0,139.004,2023,5,2,110.65822841180518,0.0,India_Averaged.csv
2023-05-03,0,113.35822841180519,68.18224058029418,15.075631236617784,6.946204299769221,18.44152624365073,4.155304289990023,2.0,2.0,1.0,1.0,2.4,2.4,2.3,2.3,-2.3238018813531456,-0.7708818113424618,8.280364,0.6100376,-38.694775,-5.801485,5.0,23.289,0.0,75.233,7.0409999999999995,1.0,132.502,2023,5,3,113.35822841180519,0.0,India_Averaged.csv
2023-05-04,0,114.45822841180518,79.08224058029417,18.475631236617783,7.746204299769221,36.04152624365073,4.655304289990023,1.2,1.2,1.4,1.4,2.1,2.1,3.1,3.1,-1.4884694596613486,1.2821619661719885,9.926317,2.956632,-9.517738,27.750504,5.0,25.354,0.0,64.044,5.215999999999999,1.0,139.248,2023,5,4,114.45822841180518,0.0,India_Averaged.csv
2023-05-05,0,129.3582284118052,98.08224058029418,23.075631236617784,8.746204299769222,33.24152624365073,4.655304289990023,1.3,1.3,1.2,1.2,1.5,1.5,3.9,3.9,-0.3836400919924419,0.9604077112932323,9.330614,3.8205566,3.0615525,21.642353,5.0,26.768,0.0,52.419999999999995,7.236,1.0,203.14399999999998,2023,5,5,130.95822841180518,0.0,India_Averaged.csv
2023-05-06,0,145.95822841180518,122.88224058029418,23.775631236617784,9.04620429976922,27.34152624365073,5.055304289990024,1.1,1.1,1.3,1.3,1.0,1.0,4.2,4.2,0.3789018121001243,0.4991041230876778,8.949812,4.184163,9.660293,20.397251,5.0,28.167,0.0,46.061,9.184999999999999,1.0,259.246,2023,5,6,156.65822841180517,0.0,India_Averaged.csv
2023-05-07,0,156.45822841180518,99.48224058029417,21.775631236617784,8.04620429976922,27.44152624365073,4.555304289990024,1.3,1.3,1.2,1.2,1.7,1.7,2.8,2.8,-0.16948129447056587,0.47729762646924917,8.887172,3.7872913,3.4692733,9.069094,5.0,29.32,0.0,38.771,9.281,1.0,206.712,2023,5,7,156.45822841180518,0.0,India_Averaged.csv
2023-05-08,0,146.95822841180518,85.18224058029418,20.175631236617782,8.846204299769221,29.14152624365073,4.355304289990023,1.8,1.8,1.1,1.1,2.0,2.0,3.5,3.5,-0.5235765962330639,0.3759284621615562,8.974133,3.2838192,-2.392271,14.211607,5.0,29.762,0.0,35.04600000000001,12.554999999999998,1.0,196.51399999999998,2023,5,8,146.95822841180518,0.0,India_Averaged.csv
2023-05-09,0,132.2582284118052,129.08224058029418,24.075631236617784,10.246204299769222,45.04152624365073,5.555304289990024,1.2,1.2,1.4,1.4,2.0,2.0,3.3,3.3,0.7086771760836958,2.402607953861346,9.3881,4.1624455,2.4021642,26.542063,5.0,30.133999999999997,0.0,24.16,11.600999999999999,1.0,276.102,2023,5,9,153.45822841180518,0.0,India_Averaged.csv
2023-05-10,0,160.05822841180517,108.38224058029418,24.575631236617784,8.346204299769221,34.34152624365073,6.155304289990023,1.3,1.3,1.2,1.2,1.8,1.8,4.5,4.5,0.4220267621679999,1.635198015789846,9.42615,4.487439,7.3268647,28.044397,5.0,30.107999999999997,0.0,20.753,12.3,1.0,262.38,2023,5,10,160.05822841180517,0.0,India_Averaged.csv
2023-05-11,0,147.8582284118052,147.18224058029418,29.775631236617784,10.846204299769221,39.34152624365073,6.655304289990023,1.3,1.3,1.2,1.2,1.9,1.9,4.6,4.6,1.7968568921150534,2.068597494971991,9.307119,5.112008,16.355518,27.758007,5.0,31.766000000000002,0.0,20.852,7.676,1.0,219.31300000000002,2023,5,11,171.7582284118052,0.0,India_Averaged.csv
2023-05-12,0,169.55822841180517,126.18224058029418,30.475631236617783,10.94620429976922,39.74152624365073,6.055304289990024,1.3,1.3,1.2,1.2,1.9,1.9,5.8,5.8,1.923588527159025,1.9310891428510804,9.563291,5.4468536,17.308506,34.54505,5.0,33.184000000000005,0.0,21.808,10.734,1.0,200.45399999999998,2023,5,12,173.8582284118052,0.0,India_Averaged.csv
2023-05-13,0,153.65822841180517,133.22224058029417,28.955631236617783,10.186204299769221,45.82152624365072,6.355304289990023,1.3,1.3,1.2,1.2,1.3,1.3,4.6,4.6,1.553202344315196,2.7979378629565206,9.96401,5.52954,21.723763,38.91813,5.0,34.025999999999996,0.0,21.655,11.436,1.0,173.426,2023,5,13,163.55822841180517,0.0,India_Averaged.csv
2023-05-14,0,160.01645682361038,142.18448116058835,28.031262473235568,10.432408599538443,37.523052487301456,6.050608579980047,1.3,1.3,1.2,1.2,1.3,1.3,3.3,3.3,1.6933923010659313,1.7993042150778304,7.33201,5.0034776,14.951195,17.72095,5.0,32.786,0.0,26.482,11.445,1.0,209.91800000000003,2023,5,14,165.71645682361037,0.0,India_Averaged.csv
2023-05-15,0,154.83645682361038,98.46448116058835,19.751262473235567,6.492408599538443,29.08305248730146,5.110608579980047,1.3,1.3,1.2,1.2,1.6,1.6,3.2,3.2,-0.6545987152077576,1.0330842797251403,7.3008604,3.449752,-0.052547168,14.932118,5.0,33.498000000000005,0.0,25.825,12.017,1.0,232.50500000000002,2023,5,15,154.83645682361038,0.0,India_Averaged.csv
2023-05-16,0,113.41645682361039,297.56448116058834,19.65126247323557,6.892408599538443,23.483052487301457,5.210608579980047,1.3,1.3,0.9,0.9,1.4,1.4,2.9,2.9,1.8486272284917789,1.1993770551866039,6.127244,6.406497,40.64832,-1.0613601,5.0,32.497,0.0,29.977999999999998,14.068000000000001,1.0,269.365,2023,5,16,312.61645682361035,0.0,India_Averaged.csv
2023-05-17,0,179.6182284118052,162.4822405802942,21.275631236617784,6.646204299769221,21.64152624365073,5.955304289990023,1.4,1.4,0.7,0.7,1.6,1.6,3.8,3.8,0.9234362100797011,0.7413175505739428,7.90862,4.9557533,13.769609,8.220297,5.0,33.166000000000004,0.0,30.273999999999994,12.919999999999998,1.0,253.68200000000002,2023,5,17,200.9182284118052,0.0,India_Averaged.csv
2023-05-18,0,152.95822841180518,125.48224058029419,17.075631236617784,6.046204299769221,29.94152624365073,4.655304289990023,1.3,1.3,1.2,1.2,2.1,2.1,4.4,4.4,-0.5366180923017386,1.2147881943815668,8.713529,3.765929,3.7586265,12.932169,5.0,31.276999999999997,0.0,35.595000000000006,12.014,1.0,245.573,2023,5,18,175.2582284118052,0.0,India_Averaged.csv
2023-05-19,0,138.65822841180517,102.48224058029419,21.875631236617785,7.946204299769221,30.44152624365073,5.155304289990023,1.3,1.3,1.2,1.2,2.1,2.1,3.2,3.2,-0.4175428374134468,0.9311249195759739,8.932745,4.4912057,6.3146925,21.174767,5.0,32.231,0.0,30.35,12.643,1.0,295.33599999999996,2023,5,19,144.55822841180517,0.0,India_Averaged.csv
2023-05-20,0,147.45822841180518,115.56224058029417,26.115631236617787,9.44620429976922,36.16152624365073,6.515304289990023,1.1,1.1,1.3,1.3,1.5,1.5,5.2,5.2,0.6716405524302224,1.7381100502197355,9.582883,4.948129,14.019583,32.437202,5.0,33.9,0.0,24.615000000000002,12.513,1.0,263.541,2023,5,20,147.45822841180518,0.0,India_Averaged.csv
2023-05-21,0,147.19114205902594,132.81120290147086,29.278156183088917,9.331021498846107,33.40763121825365,5.676521449950116,1.3,1.3,1.2,1.2,0.4,0.4,2.5,2.5,1.1221763284419302,1.3704292440647723,2.6351197,5.00813,21.979666,8.306261,5.0,35.277,0.0,21.059,13.338,1.0,249.334,2023,5,21,157.59114205902594,0.0,India_Averaged.csv
2023-05-22,0,141.67822841180518,119.68224058029418,24.175631236617782,5.846204299769221,24.04152624365073,5.655304289990023,1.7,1.7,1.0,1.0,1.2,1.2,4.2,4.2,-0.3948599189994772,0.7935441044970502,8.781759,3.8057659,3.6467967,11.568601,5.0,35.962,0.0,22.544999999999998,17.413999999999998,1.0,274.165,2023,5,22,149.07822841180518,0.0,India_Averaged.csv
2023-05-23,0,135.65822841180517,126.18224058029418,18.675631236617782,5.426204299769221,24.64152624365073,4.955304289990023,1.9,1.9,0.9,0.9,2.1,2.1,4.2,4.2,-0.9062894895521605,0.7530310227461259,8.80858,3.0525568,-5.801571,13.659943,5.0,34.55200000000001,0.0,31.727999999999998,16.019,1.0,268.817,2023,5,23,154.3582284118052,0.0,India_Averaged.csv
2023-05-24,0,123.25822841180518,102.08224058029417,16.775631236617784,5.146204299769222,19.34152624365073,4.355304289990023,1.9,1.9,0.9,0.9,2.4,2.4,3.4,3.4,-1.8033174935431766,-0.10025281453724304,8.33423,1.9358431,-20.115143,4.093917,5.0,30.012999999999998,0.0,53.562,10.146,1.0,201.483,2023,5,24,131.55822841180517,0.0,India_Averaged.csv
2023-05-25,0,108.55822841180517,106.78224058029419,19.375631236617785,5.1662042997692215,29.04152624365073,4.955304289990023,1.5,1.5,1.1,1.1,2.3,2.3,6.0,6.0,-1.6718443131890375,1.1313763827328784,10.024767,3.0138593,-6.5394793,34.30738,5.0,28.440000000000005,0.0,56.958000000000006,10.717,1.0,188.724,2023,5,25,130.55822841180517,0.0,India_Averaged.csv
2023-05-26,0,100.4582284118052,76.88224058029417,20.575631236617784,5.2462042997692215,34.34152624365073,3.8553042899900234,1.2,1.2,1.4,1.4,2.3,2.3,4.3,4.3,-2.157029475046362,1.3192915755913623,9.940938,3.2148087,-1.3828232,29.186926,5.0,28.45,0.0,57.612,9.998000000000001,1.0,157.16299999999998,2023,5,26,102.35822841180519,0.0,India_Averaged.csv
2023-05-27,0,94.85822841180519,82.68224058029418,21.775631236617784,6.746204299769221,31.241526243650732,3.8553042899900234,1.6,1.6,1.2,1.2,2.2,2.2,3.1,3.1,-1.8099999274690084,0.7245144866309076,9.754454,2.9654021,-1.9886463,24.720345,5.0,28.212,0.0,60.879,11.368,1.0,157.172,2023,5,27,99.35822841180519,0.0,India_Averaged.csv
2023-05-28,0,115.65822841180518,93.98224058029417,21.275631236617784,7.066204299769221,32.44152624365073,3.8553042899900234,1.1,1.1,1.3,1.3,1.8,1.8,4.4,4.4,-1.1997575828804503,0.9160691326570282,9.9046335,3.415158,-1.4644719,31.822369,5.0,27.517000000000003,0.0,66.727,7.99,1.0,152.818,2023,5,28,122.05822841180517,0.0,India_Averaged.csv
2023-05-29,0,133.7582284118052,81.48224058029417,23.775631236617784,7.746204299769221,26.741526243650732,4.5153042899900235,1.5,1.5,1.1,1.1,1.4,1.4,3.6,3.6,-0.8009314014861795,0.30404379041369534,8.880289,4.097672,5.4087095,17.761396,5.0,27.084000000000003,0.0,65.99699999999999,8.620999999999999,1.0,127.02799999999999,2023,5,29,134.8582284118052,0.0,India_Averaged.csv
2023-05-30,0,108.45822841180518,74.88224058029417,19.475631236617783,5.146204299769222,28.84152624365073,3.9553042899900235,1.6,1.6,1.2,1.2,2.0,2.0,4.7,4.7,-2.2097112430237393,0.7381131942901608,9.763449,2.6709294,-10.838722,29.591595,5.0,27.361,0.0,63.56700000000001,8.028,1.0,210.38299999999998,2023,5,30,108.45822841180518,0.0,India_Averaged.csv
2023-05-31,0,116.05822841180517,67.98224058029417,19.075631236617784,5.346204299769221,22.54152624365073,3.8553042899900234,2.0,2.0,1.0,1.0,2.4,2.4,3.3,3.3,-2.24895858008006,-0.050083418664271,9.338928,1.8847109,-23.314621,22.193691,5.0,25.869999999999997,0.0,66.051,10.311,1.0,254.88399999999996,2023,5,31,116.05822841180517,0.0,India_Averaged.csv
2023-06-01,0,108.55822841180517,81.18224058029418,20.375631236617785,7.026204299769222,19.64152624365073,4.155304289990023,1.9,1.9,0.9,0.9,2.4,2.4,2.0,2.0,-1.7653266828074776,-0.5567397288394844,8.449834,2.2406716,-18.95605,-2.0613105,5.0,27.797000000000004,0.0,58.849000000000004,10.11,1.0,220.50099999999998,2023,6,1,112.25822841180518,0.0,India_Averaged.csv
2023-06-02,0,126.55822841180517,83.58224058029418,20.975631236617783,5.646204299769222,23.64152624365073,4.655304289990023,1.4,1.4,1.2,1.2,2.2,2.2,3.3,3.3,-1.5693671183123907,0.3189234811071891,8.7483,2.8249974,-9.019872,12.313577,5.0,28.345999999999997,0.0,56.388,8.834,1.0,257.163,2023,6,2,128.15822841180517,0.0,India_Averaged.csv
2023-06-03,0,119.35822841180519,89.88224058029417,24.075631236617784,6.446204299769221,26.64152624365073,4.855304289990023,1.4,1.4,1.3,1.3,1.9,1.9,4.7,4.7,-1.1638948489845207,0.5975545719559867,9.27216,3.5778804,0.14224167,23.622894,5.0,29.625999999999998,0.0,52.25699999999999,8.434999999999999,1.0,277.125,2023,6,3,121.85822841180519,0.0,India_Averaged.csv
2023-06-04,0,128.15822841180517,97.48224058029419,21.375631236617785,6.746204299769221,32.64152624365073,4.655304289990023,1.3,1.3,1.2,1.2,2.1,2.1,5.2,5.2,-0.9537261927686835,1.2242415421307407,9.782604,3.732164,-2.872892,33.712837,5.0,29.714,0.0,53.076,10.325,1.0,288.41700000000003,2023,6,4,131.05822841180517,0.0,India_Averaged.csv
2023-06-05,0,137.05822841180517,91.38224058029418,20.075631236617784,7.246204299769221,36.14152624365073,5.455304289990023,1.2,1.2,1.4,1.4,1.8,1.8,3.8,3.8,-0.8344403933498151,1.6948188686748722,9.766795,3.6628442,-1.1713012,36.32823,5.0,30.701999999999998,0.0,45.769999999999996,11.031,1.0,274.634,2023,6,5,137.3582284118052,0.0,India_Averaged.csv
2023-06-06,0,127.85822841180519,123.70224058029416,18.175631236617782,6.946204299769221,37.04152624365073,5.995304289990023,1.3,1.3,1.2,1.2,2.1,2.1,3.9,3.9,-0.6615134393250792,2.0841245053178805,9.959377,3.7446854,-3.95968,38.839226,5.0,31.796999999999997,0.0,40.418,9.246,1.0,279.385,2023,6,6,140.4782284118052,0.0,India_Averaged.csv
2023-06-07,0,136.45822841180518,183.28224058029417,19.875631236617785,8.44620429976922,30.44152624365073,5.355304289990023,1.2,1.2,1.1,1.1,1.6,1.6,3.6,3.6,0.8163492924920075,1.259144700755955,9.2754,4.991451,8.528798,29.74584,5.0,32.441,0.0,34.234,10.397,1.0,289.858,2023,6,7,210.0582284118052,0.0,India_Averaged.csv
2023-06-08,0,149.95822841180518,98.68224058029418,25.175631236617782,9.64620429976922,29.04152624365073,5.455304289990023,1.3,1.3,1.2,1.2,1.3,1.3,3.1,3.1,0.3096040531169789,0.5788536074361756,8.7111845,4.2038636,8.535526,11.784154,5.0,33.017999999999994,0.0,36.075,12.129,1.0,290.884,2023,6,8,149.95822841180518,0.0,India_Averaged.csv
2023-06-09,0,130.2582284118052,89.38224058029417,20.375631236617785,6.566204299769221,24.54152624365073,5.035304289990023,1.7,1.7,1.0,1.0,2.1,2.1,4.9,4.9,-1.2507486451402599,0.3767237390889545,8.940768,2.7019382,-14.875722,7.631215,5.0,34.265,0.0,36.741,14.422,1.0,270.7,2023,6,9,130.2582284118052,0.0,India_Averaged.csv
2023-06-10,0,111.05822841180517,89.48224058029419,16.975631236617783,8.246204299769222,22.84152624365073,5.535304289990023,1.9,1.9,0.9,0.9,2.4,2.4,4.0,4.0,-1.539155250099877,-0.08504222323927342,8.594685,2.3948035,-22.459116,15.786728,5.0,33.964999999999996,0.0,41.101,14.722999999999999,1.0,267.915,2023,6,10,115.75822841180518,0.0,India_Averaged.csv
2023-06-11,0,110.35822841180519,90.38224058029418,15.775631236617784,8.246204299769222,26.94152624365073,5.335304289990023,1.5,1.5,1.1,1.1,2.4,2.4,4.6,4.6,-1.5829565260684215,0.33014445560981714,9.11748,2.376054,-25.791958,29.778082,5.0,33.885,0.0,43.493,15.441999999999998,1.0,276.221,2023,6,11,115.55822841180517,0.0,India_Averaged.csv
2023-06-12,0,110.25822841180518,99.28224058029419,16.675631236617782,9.44620429976922,24.04152624365073,6.155304289990023,1.7,1.7,1.0,1.0,2.0,2.0,3.3,3.3,-1.1521043336197798,0.018980803872365413,8.57829,2.732245,-19.83009,4.50141,5.0,34.696000000000005,0.0,40.704,16.319,1.0,276.243,2023,6,12,121.55822841180517,0.0,India_Averaged.csv
2023-06-13,0,117.85822841180519,118.58224058029418,16.775631236617784,6.2462042997692215,17.84152624365073,5.355304289990023,1.9,1.9,0.9,0.9,2.1,2.1,2.1,2.1,-1.415356141036233,-0.18067693185917214,7.302176,2.0220287,-21.942307,-6.8870535,5.0,35.483,0.0,36.557,19.881,1.0,270.69,2023,6,13,136.3582284118052,0.0,India_Averaged.csv
2023-06-14,0,126.55822841180517,108.68224058029418,13.375631236617783,5.6662042997692215,17.44152624365073,5.535304289990023,2.0,2.0,1.0,1.0,2.1,2.1,2.3,2.3,-1.79428380102267,-0.13492035234501104,7.581865,1.4457055,-30.088526,0.088714555,5.0,34.462,0.0,41.53,20.112000000000002,1.0,270.04499999999996,2023,6,14,133.3582284118052,0.0,India_Averaged.csv
2023-06-15,0,121.35822841180519,88.08224058029417,15.375631236617783,7.946204299769221,17.54152624365073,4.535304289990023,1.9,1.9,0.9,0.9,2.4,2.4,2.5,2.5,-1.6314167290842057,-0.843328100534239,7.9255304,1.5736715,-21.861246,-7.972266,5.0,32.416999999999994,0.0,49.658,16.952,1.0,272.70799999999997,2023,6,15,124.55822841180517,0.0,India_Averaged.csv
2023-06-16,0,114.15822841180518,78.38224058029417,15.675631236617784,9.846204299769221,17.14152624365073,5.275304289990023,1.9,1.9,0.9,0.9,2.4,2.4,2.5,2.5,-1.5132930665096065,-1.1271367463018966,7.4001756,1.6480973,-29.116156,-18.519949,5.0,31.47,0.0,55.61999999999999,15.447999999999999,1.0,253.56,2023,6,16,115.45822841180518,0.0,India_Averaged.csv
2023-06-17,0,107.65822841180518,78.60224058029418,14.175631236617784,10.54620429976922,18.04152624365073,5.035304289990023,1.9,1.9,0.9,0.9,2.5,2.5,3.1,3.1,-1.5965670020461702,-1.230219539873198,7.930631,1.664888,-31.10971,-1.9703335,5.0,31.163999999999998,0.0,60.05499999999999,14.861,1.0,211.079,2023,6,17,111.35822841180519,0.0,India_Averaged.csv
2023-06-18,0,107.15822841180518,74.62224058029418,12.175631236617784,8.36620429976922,19.18152624365073,4.915304289990024,1.9,1.9,0.9,0.9,2.4,2.4,2.5,2.5,-2.2491178010070265,-0.7800045896265931,7.874273,0.7457527,-45.340893,-5.3618593,5.0,29.879,0.0,67.85,17.07,1.0,156.61100000000002,2023,6,18,110.95822841180518,0.0,India_Averaged.csv
2023-06-19,0,107.01645682361038,72.76448116058836,15.251262473235567,8.192408599538442,13.583052487301458,5.270608579980046,1.9,1.9,0.9,0.9,2.1,2.1,1.2,1.2,-2.1440598619430618,-1.2931654131494823,5.635832,0.74019086,-29.830694,-20.517094,5.0,28.241000000000003,0.0,77.587,13.097,1.0,199.55300000000003,2023,6,19,107.11645682361038,0.0,India_Averaged.csv
2023-06-20,0,97.49822841180519,75.98224058029417,12.975631236617783,7.646204299769221,19.741526243650732,5.955304289990023,2.0,2.0,1.0,1.0,2.4,2.4,2.3,2.3,-2.4671533694748575,-0.37705867703600776,7.98806,0.4497029,-44.802933,5.6904593,5.0,29.385,0.0,72.337,10.91,1.0,204.365,2023,6,20,101.5982284118052,0.0,India_Averaged.csv
2023-06-21,0,107.95822841180518,78.08224058029417,15.475631236617783,11.346204299769221,20.14152624365073,5.715304289990024,1.9,1.9,0.9,0.9,2.1,2.1,4.1,4.1,-1.3049818274352876,-0.9748142989870408,8.081366,2.4068155,-25.696005,2.7422333,5.0,29.781,0.0,73.98,9.915000000000001,1.0,204.097,2023,6,21,109.15822841180518,0.0,India_Averaged.csv
2023-06-22,0,109.45822841180518,82.18224058029418,17.275631236617784,9.14620429976922,16.64152624365073,5.275304289990023,1.9,1.9,0.9,0.9,2.4,2.4,1.2,1.2,-1.5624483054800293,-1.043097462467212,7.4808555,1.5788925,-23.291723,-14.838801,5.0,30.724,0.0,71.28999999999999,10.413,1.0,215.214,2023,6,22,113.65822841180518,0.0,India_Averaged.csv
2023-06-23,0,114.45822841180518,88.78224058029417,16.275631236617784,9.246204299769222,16.14152624365073,5.635304289990023,1.9,1.9,0.9,0.9,2.4,2.4,2.5,2.5,-1.4186704721860468,-1.0000361967146472,7.3248835,1.5211416,-20.931997,-11.963421,5.0,30.678999999999995,0.0,73.384,10.088,1.0,193.719,2023,6,23,118.85822841180519,0.0,India_Averaged.csv
2023-06-24,0,119.25822841180518,89.38224058029417,15.775631236617784,8.64620429976922,20.741526243650732,5.255304289990024,1.7,1.7,1.0,1.0,2.0,2.0,2.3,2.3,-1.4293941338299383,-0.4417444972978265,7.6041665,1.9042574,-15.326155,0.1287243,5.0,30.524,0.0,73.012,8.974,1.0,156.48700000000002,2023,6,24,121.05822841180517,0.0,India_Averaged.csv
2023-06-25,0,125.55822841180517,54.88224058029417,12.775631236617784,7.646204299769221,15.54152624365073,5.555304289990024,2.0,2.0,1.0,1.0,2.4,2.4,2.7,2.7,-2.3648949673172157,-0.9654251007032386,6.97959,0.4720531,-35.68768,-15.0316515,5.0,27.689,0.0,84.078,6.437,1.0,146.304,2023,6,25,125.55822841180517,0.0,India_Averaged.csv
2023-06-26,0,89.05822841180519,69.78224058029417,13.675631236617784,8.746204299769222,15.64152624365073,6.175304289990024,2.0,2.0,1.0,1.0,2.4,2.4,1.6,1.6,-2.496310940691056,-1.037804093702884,7.3729463,0.4003934,-35.43962,-19.19014,5.0,27.717000000000002,0.0,82.19500000000001,5.772,1.0,160.884,2023,6,26,91.35822841180519,0.0,India_Averaged.csv
2023-06-27,0,109.85822841180519,75.28224058029417,15.775631236617784,8.64620429976922,16.741526243650732,4.555304289990024,1.9,1.9,0.9,0.9,2.4,2.4,2.5,2.5,-1.8920957543464823,-1.145732101891316,7.414379,0.96143466,-27.516575,-23.82341,5.0,28.531,0.0,80.5,7.139,1.0,181.11399999999998,2023,6,27,114.35822841180519,0.0,India_Averaged.csv
2023-06-28,0,101.55822841180519,68.68224058029418,17.475631236617783,8.846204299769221,15.74152624365073,4.595304289990024,1.9,1.9,0.9,0.9,2.4,2.4,2.5,2.5,-1.9953559262867102,-1.3286010528900962,7.7925215,0.6467045,-32.038857,-14.063451,5.0,28.631,0.0,81.66300000000001,7.675999999999999,1.0,145.36700000000002,2023,6,28,102.65822841180518,0.0,India_Averaged.csv
2023-06-29,0,93.6582284118052,63.982240580294174,18.375631236617785,9.54620429976922,25.54152624365073,4.615304289990023,1.8,1.8,1.1,1.1,2.6,2.6,2.5,2.5,-1.8925075754830494,-0.3719180205883571,8.079889,0.5708848,-36.03011,-1.8920424,5.0,27.669,0.0,84.11,8.866,1.0,145.972,2023,6,29,95.85822841180519,0.0,India_Averaged.csv
2023-06-30,0,92.85822841180519,55.38224058029417,18.675631236617782,9.14620429976922,23.741526243650732,4.315304289990023,1.6,1.6,1.2,1.2,2.3,2.3,2.5,2.5,-2.1314109408750332,-0.6137192144317971,8.297879,0.78967506,-34.127068,1.2967274,5.0,27.964,0.0,83.189,8.356,1.0,137.66500000000002,2023,6,30,92.85822841180519,0.0,India_Averaged.csv
2023-07-01,0,86.1582284118052,57.982240580294174,16.775631236617784,8.54620429976922,21.44152624365073,4.855304289990023,1.9,1.9,0.9,0.9,2.4,2.4,3.2,3.2,-2.497427836670191,-0.6733137002641811,8.515703,0.40532836,-37.461815,-6.046131,5.0,28.694,0.0,79.134,10.366,1.0,159.02,2023,7,1,87.55822841180519,0.0,India_Averaged.csv
2023-07-02,0,86.75822841180519,64.44224058029417,19.095631236617784,7.506204299769221,18.82152624365073,5.0153042899900235,1.9,1.9,0.9,0.9,2.4,2.4,3.2,3.2,-2.44121323136491,-0.7013803220072915,8.681897,0.4978043,-40.715,-6.7445564,5.0,29.97,0.0,73.987,8.61,1.0,210.458,2023,7,2,89.4582284118052,0.0,India_Averaged.csv
2023-07-03,0,94.5182284118052,82.58224058029417,20.755631236617784,8.64620429976922,22.84152624365073,4.255304289990024,1.5,1.5,1.1,1.1,2.3,2.3,2.2,2.2,-1.6084826556458882,-0.4869700304671447,8.485141,1.6052034,-18.0171,-5.781832,5.0,30.458000000000006,0.0,72.93299999999999,8.447,1.0,221.17399999999998,2023,7,3,103.8182284118052,0.0,India_Averaged.csv
2023-07-04,0,126.45822841180518,77.58224058029417,20.275631236617784,8.14620429976922,20.241526243650732,4.355304289990023,1.7,1.7,1.0,1.0,2.0,2.0,2.6,2.6,-1.266018367704668,-0.6084159518184207,8.303851,1.9915264,-17.073048,-6.6919923,5.0,30.363999999999997,0.0,75.06,9.312000000000001,1.0,152.21300000000002,2023,7,4,126.45822841180518,0.0,India_Averaged.csv
2023-07-05,0,126.25822841180518,64.68224058029418,19.475631236617783,7.5462042997692205,21.34152624365073,4.655304289990023,1.9,1.9,0.9,0.9,2.4,2.4,2.6,2.6,-1.6449619585373085,-0.38206954071346794,8.415594,1.7645738,-23.487045,1.3960218,5.0,28.924,0.0,80.191,9.034,1.0,125.18799999999999,2023,7,5,126.25822841180518,0.0,India_Averaged.csv
2023-07-06,0,112.15822841180518,74.12224058029418,17.375631236617785,8.64620429976922,19.14152624365073,4.355304289990023,1.9,1.9,0.9,0.9,2.5,2.5,1.8,1.8,-1.7209800701878648,-0.9028882416713596,8.40811,0.85593015,-35.622837,3.1337247,5.0,28.840000000000003,0.0,77.82000000000001,7.932,1.0,106.508,2023,7,6,122.0982284118052,0.0,India_Averaged.csv
2023-07-07,0,104.85822841180519,57.482240580294174,18.675631236617782,7.0462042997692205,15.14152624365073,4.455304289990023,1.9,1.9,0.9,0.9,2.4,2.4,2.5,2.5,-2.3967541712842455,-1.1462253083555198,7.709155,0.58895874,-34.144295,-17.675465,5.0,28.319,0.0,83.976,7.615,1.0,115.671,2023,7,7,104.85822841180519,0.0,India_Averaged.csv
2023-07-08,0,99.4582284118052,47.38224058029418,18.875631236617785,6.846204299769221,17.241526243650732,4.655304289990023,1.8,1.8,1.1,1.1,2.4,2.4,1.8,1.8,-2.6590834427366117,-0.8918883261393704,7.8800535,0.2779259,-40.085533,-13.604268,5.0,27.169,0.0,88.454,9.790000000000001,1.0,132.911,2023,7,8,99.4582284118052,0.0,India_Averaged.csv
2023-07-09,0,90.1582284118052,50.10224058029418,14.455631236617785,6.406204299769222,25.281526243650728,4.9353042899900235,1.8,1.8,1.1,1.1,2.3,2.3,0.6,0.6,-3.1119484276670697,0.1120228420999646,8.1013365,0.66304964,-32.73565,-12.504446,5.0,27.058,0.0,89.659,8.517,1.0,150.95999999999998,2023,7,9,96.53822841180519,0.0,India_Averaged.csv
2023-07-10,0,104.37822841180518,43.18224058029418,17.075631236617784,8.94620429976922,15.04152624365073,5.255304289990024,1.7,1.7,1.0,1.0,2.3,2.3,1.8,1.8,-2.370059873078708,-1.4009319942441856,7.980059,0.7545153,-29.649872,-14.115021,5.0,27.299,0.0,88.431,6.5040000000000004,1.0,188.68300000000002,2023,7,10,104.37822841180518,0.0,India_Averaged.csv
2023-07-11,0,79.9582284118052,66.66224058029418,15.715631236617785,7.926204299769222,22.02152624365073,4.815304289990023,1.8,1.8,1.1,1.1,2.6,2.6,2.5,2.5,-2.6687929672082094,-0.49102028779180174,8.172298,0.29509145,-32.485344,-21.54011,5.0,28.657,0.0,81.977,8.323,1.0,154.841,2023,7,11,81.6582284118052,0.0,India_Averaged.csv
2023-07-12,0,115.71645682361039,74.76448116058836,14.251262473235567,9.092408599538443,24.68305248730146,5.090608579980047,1.5,1.5,1.2,1.2,1.9,1.9,3.0,3.0,-1.7165353317786785,-0.20197329862632615,7.188755,2.0957375,-23.35026,4.9709196,5.0,28.738,0.0,82.217,8.732,1.0,156.713,2023,7,12,115.71645682361039,0.0,India_Averaged.csv
2023-07-13,0,119.21645682361039,76.96448116058835,13.051262473235568,9.092408599538443,30.08305248730146,4.590608579980047,1.6,1.6,1.2,1.2,1.9,1.9,1.1,1.1,-1.6502724004776745,0.3138919305994262,7.0632887,2.702814,-13.675163,0.60308856,5.0,29.028000000000002,0.0,80.843,9.99,1.0,157.494,2023,7,13,119.21645682361039,0.0,India_Averaged.csv
2023-07-14,0,119.91645682361039,85.32448116058836,14.63126247323557,6.872408599538443,16.10305248730146,5.250608579980047,2.0,2.0,1.0,1.0,2.4,2.4,0.4,0.4,-1.9821386681233146,-0.6849640412206777,5.4552145,1.158563,-23.98093,-25.317287,5.0,28.512999999999998,0.0,81.446,7.147,1.0,220.31599999999997,2023,7,14,119.91645682361039,0.0,India_Averaged.csv
2023-07-15,0,143.50759888263633,102.87568406205924,15.62941865632449,8.22343009838455,20.190683705555106,5.387130029930163,2.0,2.0,1.0,1.0,0.9,0.9,0.7,0.7,-0.860413868936825,-0.2661581151571101,-1.9885191,2.2102811,-10.071913,-22.661106,5.0,28.24,0.0,84.46000000000001,8.334999999999999,1.0,189.3,2023,7,15,143.50759888263633,0.0,India_Averaged.csv
2023-07-16,0,134.02937047083114,98.59344348176505,13.953787419706705,7.677225798615328,18.449157461904377,5.1318257399401395,2.0,2.0,1.0,1.0,1.2,1.2,0.6,0.6,-1.3676606483390508,-0.485588785786911,-0.35932675,1.6042064,-17.499325,-26.761993,5.0,28.101999999999997,0.0,85.715,5.975,1.0,212.59,2023,7,16,135.02937047083114,0.0,India_Averaged.csv
2023-07-17,0,132.74937047083114,95.39344348176505,14.853787419706705,8.077225798615327,17.849157461904376,5.431825739940139,2.0,2.0,1.0,1.0,1.2,1.2,0.6,0.6,-1.2976485135625357,-0.570734565443375,-0.6481969,1.6758066,-18.90445,-24.582623,5.0,28.619999999999997,0.0,83.95599999999999,6.388,1.0,204.31300000000002,2023,7,17,132.74937047083114,0.0,India_Averaged.csv
2023-07-18,0,131.14937047083112,96.55344348176506,16.093787419706707,8.05722579861533,17.509157461904376,5.11182573994014,2.0,2.0,1.0,1.0,1.2,1.2,0.6,0.6,-1.226469829228614,-0.6649714463946228,-0.6029402,1.6715109,-12.356634,-36.382484,5.0,27.977999999999998,0.0,85.858,8.019,1.0,160.558,2023,7,18,131.14937047083112,0.0,India_Averaged.csv
2023-07-19,0,138.10759888263632,107.27568406205924,16.42941865632449,8.52343009838455,19.590683705555104,5.587130029930163,2.0,2.0,1.0,1.0,0.9,0.9,0.7,0.7,-0.7712475707047236,-0.33119927216194583,-2.0841897,2.3267398,-8.770601,-25.439777,5.0,28.808,0.0,84.295,7.8950000000000005,1.0,124.954,2023,7,19,142.60759888263632,0.0,India_Averaged.csv
2023-07-20,0,139.30759888263634,101.87568406205924,16.92941865632449,8.52343009838455,19.590683705555104,5.287130029930163,2.0,2.0,1.0,1.0,0.9,0.9,0.7,0.7,-0.8037999838300764,-0.415743537714099,-1.9842144,2.2591588,-4.5236096,-31.469707,5.0,29.85,0.0,79.077,7.064,1.0,136.927,2023,7,20,139.30759888263634,0.0,India_Averaged.csv
2023-07-21,0,131.87645682361037,86.06448116058836,15.151262473235567,8.892408599538443,18.583052487301458,5.070608579980046,2.0,2.0,1.0,1.0,2.1,2.1,1.8,1.8,-1.2769210504971942,-0.7555076999910533,5.9311676,2.4636302,-7.218511,-21.424648,5.0,30.538,0.0,76.062,8.98,1.0,124.93800000000002,2023,7,21,133.97645682361036,0.0,India_Averaged.csv
2023-07-22,0,125.51645682361038,71.86448116058835,13.051262473235568,7.392408599538443,21.083052487301458,5.610608579980047,2.0,2.0,1.0,1.0,2.4,2.4,1.7,1.7,-2.05062224943942,-0.19363501277271153,7.0638685,1.3972847,-28.060955,-1.1092964,5.0,30.184000000000005,0.0,76.46,13.925,1.0,96.06500000000001,2023,7,22,125.51645682361038,0.0,India_Averaged.csv
2023-07-23,0,109.07645682361037,66.06448116058836,14.451262473235568,8.092408599538443,14.883052487301459,6.830608579980047,2.0,2.0,1.0,1.0,2.1,2.1,2.1,2.1,-2.2584803362502175,-0.8195986281042174,6.096606,1.1909858,-30.735285,-22.572865,5.0,29.77,0.0,78.078,13.609,1.0,97.442,2023,7,23,109.07645682361037,0.0,India_Averaged.csv
2023-07-24,0,104.29645682361038,69.46448116058835,13.851262473235568,7.992408599538443,16.083052487301458,5.510608579980047,2.0,2.0,1.0,1.0,2.1,2.1,2.8,2.8,-2.362014739837357,-0.956376302745071,5.818672,0.07357788,-39.25238,-24.452501,5.0,29.092000000000002,0.0,81.324,9.744000000000002,1.0,121.578,2023,7,24,104.29645682361038,0.0,India_Averaged.csv
2023-07-25,0,110.29645682361038,70.66448116058835,13.231262473235569,7.892408599538443,16.90305248730146,7.370608579980046,2.0,2.0,1.0,1.0,2.4,2.4,2.1,2.1,-2.2617379055440665,-0.4203248017211134,6.624652,1.1504571,-32.24782,-13.944918,5.0,28.803999999999995,0.0,82.916,7.345000000000001,1.0,148.14000000000001,2023,7,25,110.29645682361038,0.0,India_Averaged.csv
2023-07-26,0,121.73645682361038,59.66448116058835,15.451262473235568,8.692408599538442,15.883052487301459,9.070608579980046,1.8,1.8,1.1,1.1,2.1,2.1,2.2,2.2,-1.887885248955999,-0.3080645722010069,6.136631,1.8278818,-25.84643,-20.49473,5.0,27.534,0.0,86.934,5.965999999999999,1.0,164.686,2023,7,26,121.73645682361038,0.0,India_Averaged.csv
2023-07-27,0,108.2182284118052,65.78224058029417,16.075631236617784,9.926204299769221,22.64152624365073,5.115304289990023,1.7,1.7,1.0,1.0,2.4,2.4,4.6,4.6,-1.719943903538202,-0.6264688767863047,8.794169,1.6041313,-22.263538,10.110188,5.0,28.326,0.0,85.39699999999999,4.978,1.0,199.27299999999997,2023,7,27,108.7182284118052,0.0,India_Averaged.csv
2023-07-28,0,97.14,51.67999999999999,12.22,7.279999999999999,19.98,4.42,2.0,2.0,1.0,1.0,3.0,3.0,2.8,2.8,-3.0226214871417323,-0.7471139327806474,9.939856,-0.04671202,-45.413097,-2.3950512,5.0,27.701,0.0,85.37899999999999,8.114,1.0,253.584,2023,7,28,97.14,0.0,India_Averaged.csv
2023-07-29,0,98.58,40.4,13.5,7.6,14.8,4.12,1.8,1.8,1.1,1.1,2.7,2.7,2.4,2.4,-3.085038868910478,-1.4987016072432318,9.544092,0.045524668,-38.929787,-18.231564,5.0,27.240999999999996,0.0,85.03999999999999,10.248999999999999,1.0,246.083,2023,7,29,98.58,0.0,India_Averaged.csv
2023-07-30,0,63.7,51.0,14.080000000000002,10.2,18.380000000000003,4.38,1.8,1.8,1.1,1.1,2.6,2.6,1.0,1.0,-2.9441682695735,-1.5370461676183702,9.034193,0.24855384,-42.73627,-26.471195,5.0,28.227000000000004,0.0,81.061,11.242999999999999,1.0,272.56,2023,7,30,69.4,0.0,India_Averaged.csv
2023-07-31,0,81.2,74.4,14.5,11.8,20.4,3.7600000000000002,1.8,1.8,1.1,1.1,2.6,2.6,2.6,2.6,-1.869054200756493,-1.5563266244191345,9.629353,0.99328697,-31.025843,-12.6563015,5.0,28.887999999999998,0.0,78.80799999999999,12.107,1.0,270.254,2023,7,31,93.5,0.0,India_Averaged.csv
2023-08-01,0,109.1,70.8,13.0,7.5,10.7,4.08,1.9,1.9,0.9,0.9,2.7,2.7,1.7,1.7,-2.499957052395907,-1.7810468489996478,8.427016,-0.0012948274,-38.727604,-27.008295,5.0,29.631,0.0,75.94399999999999,14.344999999999999,1.0,269.03700000000003,2023,8,1,111.7,0.0,India_Averaged.csv
2023-08-02,0,96.0,87.0,12.5,9.0,10.7,4.26,1.9,1.9,0.9,0.9,2.4,2.4,1.1,1.1,-2.2113148273588035,-1.9684807146623087,8.6758585,0.9676387,-31.431774,-23.603935,5.0,29.234,0.0,79.192,12.864,1.0,260.0,2023,8,2,111.3,0.0,India_Averaged.csv
2023-08-03,0,99.1,82.0,12.1,6.4,11.4,5.1,1.9,1.9,0.9,0.9,2.7,2.7,2.1,2.1,-2.7675230824872474,-1.2661549551062445,8.16972,-0.090053976,-45.781235,-16.930653,5.0,28.791000000000004,0.0,78.876,12.681999999999999,1.0,262.089,2023,8,3,112.1,0.0,India_Averaged.csv
2023-08-04,0,103.3,70.1,13.5,6.8,18.36,5.54,2.0,2.0,1.0,1.0,2.7,2.7,1.9,1.9,-2.6085714244785754,-0.4837980657019815,9.629717,0.5914912,-37.272316,-6.4863815,5.0,28.089,0.0,84.746,7.214,1.0,225.584,2023,8,4,103.6,0.0,India_Averaged.csv
2023-08-05,0,111.1,75.6,15.4,9.7,13.98,4.9,1.9,1.9,0.9,0.9,2.7,2.7,1.2,1.2,-1.708896312061778,-1.5675895068791013,8.518964,1.1528951,-24.627275,-29.895575,5.0,29.261000000000003,0.0,79.001,9.538,1.0,258.42199999999997,2023,8,5,114.0,0.0,India_Averaged.csv
2023-08-06,0,114.7,74.5,11.0,13.6,14.540000000000001,4.2,1.9,1.9,0.9,0.9,2.8,2.8,0.9,0.9,-1.2166155086541253,-2.3734452679044593,8.765477,0.47293344,-41.965755,-26.899939,5.0,29.137999999999998,0.0,73.738,15.593,1.0,250.533,2023,8,6,114.7,0.0,India_Averaged.csv
2023-08-07,0,102.4,79.3,10.0,4.0,10.72,4.6,2.0,2.0,1.0,1.0,3.0,3.0,0.1,0.1,-3.407801294661348,-1.0508124897803734,8.14357,-0.41790658,-47.624035,-22.82265,5.0,28.877,0.0,71.084,17.932,1.0,259.451,2023,8,7,104.3,0.0,India_Averaged.csv
2023-08-08,0,98.5,81.1,9.86,4.720000000000001,11.6,4.62,2.0,2.0,1.0,1.0,3.0,3.0,0.0,0.0,-3.305867174301798,-1.0767284926081762,8.649641,-0.6099155,-54.389233,-23.392338,5.0,29.144,0.0,70.56500000000001,17.128999999999998,1.0,257.782,2023,8,8,102.2,0.0,India_Averaged.csv
2023-08-09,0,106.25822841180518,90.78224058029417,10.375631236617783,5.046204299769221,12.241526243650728,5.155304289990023,2.0,2.0,1.0,1.0,2.7,2.7,0.1,0.1,-2.8835190572657963,-0.8702326247115953,6.978447,-0.16826989,-46.488983,-19.571276,5.0,29.325,0.0,70.011,13.782999999999998,1.0,259.928,2023,8,9,109.75822841180518,0.0,India_Averaged.csv
2023-08-10,0,112.52000000000001,98.17999999999999,10.620000000000001,30.5,12.9,4.92,1.9,1.9,1.2,1.2,3.2,3.2,1.3,1.3,2.4845066144598578,-5.27043744571688,8.730456,0.9898779,-36.8648,-29.423306,5.0,29.031,0.0,72.564,11.276,1.0,242.03400000000002,2023,8,10,128.2,0.0,India_Averaged.csv
2023-08-11,0,122.16,90.03999999999999,11.9,31.2,13.0,4.96,1.9,1.9,1.2,1.2,3.2,3.2,0.6,0.6,2.7692594063662717,-5.375147704779358,8.522759,1.1286484,-35.673145,-23.363857,5.0,29.701,0.0,66.73100000000001,12.208,1.0,261.901,2023,8,11,131.6,0.0,India_Averaged.csv
2023-08-12,0,120.35822841180519,84.08224058029417,34.97563123661779,5.446204299769222,12.941526243650731,5.355304289990023,1.9,1.9,0.9,0.9,2.4,2.4,1.1,1.1,-0.766045454239961,-0.6132335987062548,6.866449,1.1077825,-28.098034,-15.184076,5.0,29.927,0.0,62.621,15.961000000000002,1.0,254.66600000000003,2023,8,12,132.2582284118052,0.0,India_Averaged.csv
2023-08-13,0,111.67999999999999,64.1,10.34,5.4399999999999995,11.6,5.0200000000000005,2.0,2.0,1.0,1.0,3.0,3.0,0.1,0.1,-3.15367518495155,-1.1569520394775765,8.527868,-0.22090885,-48.905945,-20.115437,5.0,29.466,0.0,67.08200000000001,13.713,1.0,232.641,2023,8,13,111.67999999999999,0.0,India_Averaged.csv
2023-08-14,0,117.9,69.3,10.4,5.6,16.0,5.1,2.0,2.0,1.0,1.0,2.7,2.7,1.3,1.3,-2.863228412516647,-0.6234829043564857,9.344936,0.081031315,-47.156105,-10.607809,5.0,28.445,0.0,73.981,8.996,1.0,170.237,2023,8,14,118.7,0.0,India_Averaged.csv
2023-08-15,0,125.1,68.8,9.42,5.6,36.2,5.0,1.8,1.8,1.1,1.1,2.9,2.9,0.4,0.4,-2.574040504103377,1.6618022569186883,9.15929,0.33847368,-44.599358,-6.5368066,5.0,29.089999999999996,0.0,74.739,6.706,1.0,230.67,2023,8,15,125.8,0.0,India_Averaged.csv
2023-08-16,0,139.1,88.3,13.48,5.9,14.9,4.8,1.9,1.9,0.9,0.9,2.7,2.7,1.6,1.6,-1.8823530532609851,-0.6882565547340739,8.553881,1.29802,-26.795162,-11.908747,5.0,30.188,0.0,66.982,10.75,1.0,272.379,2023,8,16,139.1,0.0,India_Averaged.csv
2023-08-17,0,147.4,107.2,12.36,5.9,16.0,4.76,1.9,1.9,0.9,0.9,2.8,2.8,1.4,1.4,-1.492050408536927,-0.4645345836935668,8.153661,1.4848397,-25.276579,-11.170693,5.0,30.822000000000003,0.0,61.556999999999995,13.047999999999998,1.0,266.607,2023,8,17,148.2,0.0,India_Averaged.csv
2023-08-18,0,124.1,120.3,11.64,6.7,35.4,4.32,1.8,1.8,1.1,1.1,2.9,2.9,1.7,1.7,-1.3783283372172188,1.494756393098377,9.014868,1.5092046,-25.778458,-5.5722513,5.0,30.426,0.0,65.6,9.565,1.0,231.446,2023,8,18,141.7,0.0,India_Averaged.csv
2023-08-19,0,127.4,82.0,12.2,7.5,46.0,4.16,1.8,1.8,1.1,1.1,2.9,2.9,1.1,1.1,-1.6177504379905414,2.35106847014562,9.5356655,1.3848583,-24.675676,-5.132264,5.0,29.691000000000003,0.0,74.35600000000001,8.625,1.0,144.183,2023,8,19,143.0,0.0,India_Averaged.csv
2023-08-20,0,120.1,67.1,12.040000000000001,5.4,39.0,5.4,1.6,1.6,1.2,1.2,2.8,2.8,2.1,2.1,-2.4956560420423677,2.1009310222078517,10.397821,1.382093,-31.682999,21.749563,5.0,30.407999999999998,0.0,73.67500000000001,9.248000000000001,1.0,125.787,2023,8,20,123.9,0.0,India_Averaged.csv
2023-08-21,0,116.3,72.1,9.7,6.1,20.5,9.620000000000001,1.6,1.6,1.2,1.2,2.9,2.9,2.5,2.5,-2.6803114634426066,0.792461677044625,9.82578,1.0448515,-39.592102,9.012752,5.0,30.607999999999997,0.0,74.042,7.492,1.0,176.757,2023,8,21,116.9,0.0,India_Averaged.csv
2023-08-22,0,108.4,79.9,8.8,6.3,14.6,6.18,2.0,2.0,1.0,1.0,3.0,3.0,2.5,2.5,-2.84761923738271,-0.6580672760272054,9.1213875,0.22549558,-37.509247,-7.737239,5.0,29.548000000000002,0.0,80.104,9.853,1.0,182.457,2023,8,22,116.2,0.0,India_Averaged.csv
2023-08-23,0,108.2,54.4,7.6,6.5,10.9,4.5600000000000005,2.0,2.0,1.0,1.0,3.0,3.0,0.0,0.0,-3.3881301420468275,-1.6030008414702703,8.50975,-0.65658414,-51.98742,-21.414444,5.0,27.285000000000004,0.0,83.571,10.914,1.0,189.02100000000002,2023,8,23,108.5,0.0,India_Averaged.csv
2023-08-24,0,83.5,80.3,8.42,5.5,11.9,4.42,2.0,2.0,1.0,1.0,3.0,3.0,0.0,0.0,-3.548998930595397,-1.2824775305183655,9.074667,-0.87090933,-57.9877,-14.167119,5.0,28.395999999999997,0.0,69.924,13.459999999999999,1.0,254.964,2023,8,24,96.2,0.0,India_Averaged.csv
2023-08-25,0,90.8,109.8,7.9,5.4,10.0,4.92,2.0,2.0,1.0,1.0,2.7,2.7,0.1,0.1,-3.0056694069813976,-1.21044428376385,8.02876,-0.7721242,-55.30892,-23.013523,5.0,29.019,0.0,66.066,13.606,1.0,255.791,2023,8,25,114.9,0.0,India_Averaged.csv
2023-08-26,0,105.8,151.9,8.9,5.4,10.9,4.0200000000000005,1.9,1.9,0.9,0.9,2.8,2.8,0.2,0.2,-1.9647325360603276,-1.0480256001188035,8.314957,1.1871393,-25.856354,-25.898294,5.0,29.028000000000002,0.0,63.812,13.047999999999998,1.0,258.596,2023,8,26,161.4,0.0,India_Averaged.csv
2023-08-27,0,121.7,168.3,7.4,4.7,11.6,4.16,1.9,1.9,0.9,0.9,2.8,2.8,0.9,0.9,-1.646377505237437,-0.7004236208664969,8.343579,1.7805465,-20.398182,-22.046581,5.0,29.088,0.0,60.226,15.192999999999998,1.0,261.329,2023,8,27,174.4,0.0,India_Averaged.csv
2023-08-28,0,133.0,130.0,9.2,5.3,17.4,3.9,1.8,1.8,1.1,1.1,2.9,2.9,1.9,1.9,-1.7420330548077594,-0.3434576903490897,8.806961,1.3382089,-32.1159,-12.22421,5.0,28.546,0.0,65.284,14.031,1.0,252.552,2023,8,28,154.3,0.0,India_Averaged.csv
2023-08-29,0,122.4,115.0,11.7,6.2,15.9,4.42,2.0,2.0,1.0,1.0,2.7,2.7,2.8,2.8,-1.8229356252644728,-0.6426663795625565,8.6068,1.5678324,-25.978306,-15.436862,5.0,29.609,0.0,60.21900000000001,11.857000000000001,1.0,271.66700000000003,2023,8,29,139.5,0.0,India_Averaged.csv
2023-08-30,0,125.5,109.1,12.98,12.1,14.6,4.9799999999999995,1.9,1.9,0.9,0.9,2.5,2.5,1.2,1.2,-0.5879851376970159,-1.715969872729892,8.659869,2.364909,-25.669779,-17.94871,5.0,29.71,0.0,62.972,9.635,1.0,274.161,2023,8,30,138.1,0.0,India_Averaged.csv
2023-08-31,0,132.7,112.6,11.4,8.3,15.0,4.2,1.9,1.9,0.9,0.9,2.8,2.8,1.4,1.4,-1.2871115632891605,-1.1469886933890858,8.60404,2.1847115,-17.285511,-16.859684,5.0,30.502999999999997,0.0,59.388999999999996,9.146,1.0,289.145,2023,8,31,143.5,0.0,India_Averaged.csv
2023-09-01,0,127.6,109.6,12.3,7.4,13.3,5.58,1.9,1.9,0.9,0.9,2.4,2.4,0.7,0.7,-1.5426528889740585,-0.902207020563964,8.058899,1.8252227,-20.201986,-26.111523,5.0,31.235999999999997,0.0,52.734,11.024999999999999,1.0,283.69500000000005,2023,9,1,140.9,0.0,India_Averaged.csv
2023-09-02,0,118.4,96.2,12.3,7.2,13.7,5.04,2.0,2.0,1.0,1.0,2.7,2.7,1.6,1.6,-1.9756269551804593,-1.0317535748110658,7.9447756,1.148432,-30.893057,-28.0499,5.0,31.139,0.0,52.347,12.860999999999999,1.0,286.103,2023,9,2,124.9,0.0,India_Averaged.csv
2023-09-03,0,117.4,115.3,12.3,9.3,11.3,5.9,1.9,1.9,0.9,0.9,2.5,2.5,2.1,2.1,-1.2757648756806195,-1.3956844719853199,7.855712,1.8414501,-29.760736,-30.088205,5.0,30.559000000000005,0.0,52.412,12.806999999999999,1.0,283.717,2023,9,3,147.1,0.0,India_Averaged.csv
2023-09-04,0,115.8,89.5,12.8,6.3,12.5,5.1,2.0,2.0,1.0,1.0,2.7,2.7,0.8,0.8,-2.289386800837337,-1.0329245171359973,8.140923,1.1509247,-31.625235,-22.97147,5.0,30.85,0.0,53.193,12.343,1.0,255.80700000000002,2023,9,4,120.3,0.0,India_Averaged.csv
2023-09-05,0,112.0,81.2,12.4,7.6,24.2,4.84,1.6,1.6,1.2,1.2,2.8,2.8,1.2,1.2,-2.1298438757462024,-0.04314308291659615,9.97674,1.7493252,-32.895912,-7.9091096,5.0,30.32,0.0,63.818999999999996,9.52,1.0,142.813,2023,9,5,113.7,0.0,India_Averaged.csv
2023-09-06,0,119.2,70.2,11.6,6.7,17.34,4.32,2.0,2.0,1.0,1.0,2.7,2.7,2.1,2.1,-2.5076975015601337,-0.8176617389441292,9.250387,0.8597743,-33.948406,-6.4718194,5.0,30.048000000000002,0.0,65.869,8.541999999999998,1.0,142.275,2023,9,6,119.3,0.0,India_Averaged.csv
2023-09-07,0,94.8,59.9,12.5,5.8,28.78,4.74,1.6,1.6,1.2,1.2,2.8,2.8,1.8,1.8,-3.097504459147988,0.6194426414346943,11.168253,0.75624835,-36.05243,8.132141,5.0,30.866999999999997,0.0,62.985,7.2219999999999995,1.0,137.47899999999998,2023,9,7,94.9,0.0,India_Averaged.csv
2023-09-08,0,91.7,52.3,9.9,4.1,16.4,4.34,2.0,2.0,1.0,1.0,3.0,3.0,0.7,0.7,-3.9718268336504226,-0.643166055594452,9.941086,-0.9961607,-58.170746,-2.7948272,5.0,29.458,0.0,71.545,9.855,1.0,126.143,2023,9,8,91.7,0.0,India_Averaged.csv
2023-09-09,0,83.2,44.0,9.82,4.1,12.6,3.7,2.0,2.0,1.0,1.0,3.0,3.0,0.0,0.0,-4.325699793806045,-1.2809965153553402,8.895434,-1.6701899,-61.38566,-36.69498,5.0,27.547000000000004,0.0,79.084,13.047,1.0,104.529,2023,9,9,86.0,0.0,India_Averaged.csv
2023-09-10,0,66.2,33.1,9.2,4.4,10.6,4.4799999999999995,2.0,2.0,1.0,1.0,3.0,3.0,0.0,0.0,-4.818156176422096,-1.4979369791024935,9.039274,-1.8046887,-68.75421,-32.08772,5.0,26.875,0.0,83.5,11.51,1.0,135.373,2023,9,10,66.3,0.0,India_Averaged.csv
2023-09-11,0,66.4,59.46,10.1,5.0,11.9,4.2,2.0,2.0,1.0,1.0,3.0,3.0,0.0,0.0,-4.182224655334785,-1.3805250072097768,9.479084,-1.1468955,-65.08735,-35.58926,5.0,27.954,0.0,77.542,10.61,1.0,142.811,2023,9,11,75.9,0.0,India_Averaged.csv
2023-09-12,0,96.7,65.34,10.3,5.2,14.7,3.3600000000000003,2.0,2.0,1.0,1.0,3.0,3.0,1.4,1.4,-3.44903915953844,-1.1630930186315793,9.633268,-0.7937373,-51.021263,-20.962622,5.0,28.68,0.0,75.561,7.4799999999999995,1.0,159.89600000000002,2023,9,12,96.7,0.0,India_Averaged.csv
2023-09-13,0,101.6,71.12,10.9,5.8,15.1,3.5,1.8,1.8,1.1,1.1,2.9,2.9,1.4,1.4,-3.0907694488694104,-1.1453895144397088,9.378019,-0.27141926,-47.542656,-19.982693,5.0,28.826,0.0,79.946,6.642,1.0,175.81599999999997,2023,9,13,101.6,0.0,India_Averaged.csv
2023-09-14,0,114.8,81.56,11.9,5.8,15.8,3.4,1.8,1.8,1.1,1.1,2.9,2.9,1.5,1.5,-2.5924941180002294,-0.9905043724757286,9.091972,0.50518507,-32.798717,-17.196209,5.0,28.296,0.0,82.217,7.7799999999999985,1.0,159.075,2023,9,14,118.4,0.0,India_Averaged.csv
2023-09-15,0,129.7,76.46000000000001,12.9,6.4,13.3,3.8,1.7,1.7,1.0,1.0,2.4,2.4,0.6,0.6,-2.2277258752017017,-1.2666012725725124,8.641243,1.311021,-23.039032,-27.589527,5.0,28.261000000000003,0.0,83.95800000000001,8.905000000000001,1.0,124.64200000000001,2023,9,15,129.7,0.0,India_Averaged.csv
2023-09-16,0,114.9,72.6,10.0,5.5,9.5,4.7,2.0,2.0,1.0,1.0,2.7,2.7,0.6,0.6,-2.99840118845315,-1.4281452283349456,8.462911,0.021438051,-42.763092,-28.7561,5.0,27.514,0.0,84.471,16.165,1.0,93.75800000000001,2023,9,16,124.1,0.0,India_Averaged.csv
2023-09-17,0,100.1,62.96,7.5,4.8,8.6,3.9,2.0,2.0,1.0,1.0,3.0,3.0,0.0,0.0,-3.783504831018589,-1.6921447400566276,8.128281,-1.0145612,-59.58481,-22.521627,5.0,26.377999999999997,0.0,85.865,15.706,1.0,113.65800000000002,2023,9,17,114.74000000000001,0.0,India_Averaged.csv
2023-09-18,0,80.6,38.6,7.88,4.1,9.5,4.36,2.0,2.0,1.0,1.0,3.0,3.0,0.0,0.0,-4.63735251139678,-1.538397645476238,8.650838,-2.4815414,-69.90262,-28.215109,5.0,26.915999999999997,0.0,81.137,14.301000000000002,1.0,134.11700000000002,2023,9,18,80.6,0.0,India_Averaged.csv
2023-09-19,0,63.4,62.7,8.9,4.4,11.3,3.5200000000000005,2.0,2.0,1.0,1.0,3.0,3.0,0.7,0.7,-4.413582797751631,-1.4943350607931878,9.006347,-1.8980402,-66.441376,-30.974829,5.0,27.98,0.0,79.172,9.184000000000001,1.0,133.019,2023,9,19,72.4,0.0,India_Averaged.csv
2023-09-20,0,88.8,87.7,12.0,6.5,16.7,4.5,1.5,1.5,1.1,1.1,2.7,2.7,1.9,1.9,-2.7979174167398613,-0.8152549175695725,9.594109,0.47746667,-38.131126,-15.447426,5.0,28.762,0.0,77.387,5.853,1.0,198.06799999999998,2023,9,20,102.0,0.0,India_Averaged.csv
2023-09-21,0,128.6,72.6,11.72,6.3,12.26,4.9399999999999995,1.9,1.9,0.9,0.9,2.7,2.7,1.2,1.2,-2.4170154232923364,-1.14926842152608,8.4542265,0.68494374,-32.700848,-23.637573,5.0,28.380000000000003,0.0,81.034,6.4239999999999995,1.0,231.27200000000002,2023,9,21,128.7,0.0,India_Averaged.csv
2023-09-22,0,110.44000000000001,77.0,12.2,6.2,16.8,4.0,2.0,2.0,1.0,1.0,3.0,3.0,1.4,1.4,-2.6240357738212152,-0.8484529587953931,9.573577,0.44173938,-38.50553,-15.5930195,5.0,28.619999999999997,0.0,79.701,6.555,1.0,183.32999999999998,2023,9,22,110.44000000000001,0.0,India_Averaged.csv
2023-09-23,0,124.85822841180519,85.58224058029417,12.575631236617784,7.0462042997692205,13.64152624365073,3.4553042899900235,2.0,2.0,1.0,1.0,2.7,2.7,1.6,1.6,-2.0638523085337366,-1.3889760143714782,7.2467346,0.82893455,-30.226852,-23.972927,5.0,27.849,0.0,81.725,6.464,1.0,201.675,2023,9,23,128.7582284118052,0.0,India_Averaged.csv
2023-09-24,0,120.75822841180518,82.78224058029417,14.175631236617784,8.346204299769221,15.84152624365073,3.155304289990023,2.0,2.0,1.0,1.0,2.7,2.7,1.6,1.6,-1.7809445560413415,-1.4460902692033903,7.435823,1.231907,-20.465353,-25.350348,5.0,27.716,0.0,78.47,7.358,1.0,227.86999999999998,2023,9,24,120.75822841180518,0.0,India_Averaged.csv
2023-09-25,0,127.55822841180517,86.38224058029417,16.675631236617782,8.746204299769222,22.34152624365073,4.235304289990023,1.8,1.8,1.1,1.1,1.7,1.7,1.5,1.5,-1.2322400541933198,-0.4840316958999701,8.042734,2.4897685,-9.745161,-18.869844,5.0,27.938,0.0,77.003,5.525,1.0,197.781,2023,9,25,127.55822841180517,0.0,India_Averaged.csv
2023-09-26,0,131.14000000000001,91.4,15.4,11.2,17.7,3.08,1.7,1.7,1.0,1.0,2.4,2.4,2.6,2.6,-0.7607131595561298,-1.6716286581130444,9.098456,2.937878,-9.4186535,-24.374298,5.0,28.01,0.0,74.324,6.029999999999999,1.0,219.23899999999998,2023,9,26,131.14000000000001,0.0,India_Averaged.csv
2023-09-27,0,134.3,91.34,16.06,9.6,13.6,3.4200000000000004,1.9,1.9,0.9,0.9,2.1,2.1,2.7,2.7,-1.0178410019196842,-1.7676648682427163,8.552043,2.760781,-12.9032,-29.522385,5.0,27.477999999999998,0.0,66.383,8.514999999999999,1.0,244.66200000000003,2023,9,27,134.3,0.0,India_Averaged.csv
2023-09-28,0,130.9,104.4,18.3,7.2,17.0,3.0,1.7,1.7,1.0,1.0,2.0,2.0,1.2,1.2,-1.143352514570879,-0.9788405756357086,8.733119,2.911426,-2.5878863,-22.563532,5.0,26.786,0.0,59.888,7.87,1.0,230.372,2023,9,28,132.4,0.0,India_Averaged.csv
2023-09-29,0,138.1,113.0,21.1,7.6,24.9,3.4,1.6,1.6,1.2,1.2,1.9,1.9,1.4,1.4,-0.47575583375326885,0.02158115842783508,9.682648,3.7053769,5.041024,-6.0626035,5.0,27.143,0.0,57.464,7.108,1.0,241.277,2023,9,29,141.9,0.0,India_Averaged.csv
2023-09-30,0,149.9,105.8,17.9,6.9,21.9,3.8,1.6,1.6,1.2,1.2,1.7,1.7,2.6,2.6,-0.78966794669627,-0.13525121699711912,9.532938,3.4606762,-3.0292463,-3.2845178,5.0,27.693,0.0,53.334,9.959999999999999,1.0,269.985,2023,9,30,149.9,0.0,India_Averaged.csv
2023-10-01,0,145.7,101.4,17.4,7.0,21.8,3.3,1.4,1.4,1.3,1.3,1.4,1.4,2.5,2.5,-0.9659814779823697,-0.31124225705509334,9.436452,3.3781815,-2.592679,-2.497717,5.0,27.038,0.0,49.503,9.295,1.0,239.638,2023,10,1,145.7,0.0,India_Averaged.csv
2023-10-02,0,146.2,106.78,19.18,11.58,21.2,3.9799999999999995,1.5,1.5,1.1,1.1,1.5,1.5,2.8,2.8,0.18897829130474725,-0.9948581962390104,9.663034,4.4059677,6.44228,-7.271315,5.0,26.869999999999997,0.0,42.697,10.208,1.0,277.43600000000004,2023,10,2,147.9,0.0,India_Averaged.csv
2023-10-03,0,144.7,113.7,21.48,8.8,21.7,3.6,1.5,1.5,1.1,1.1,1.7,1.7,2.3,2.3,-0.1075883930060898,-0.4841092277969407,9.477379,3.946148,6.165885,-1.0987726,5.0,26.323,0.0,44.525,11.109,1.0,279.7,2023,10,3,149.6,0.0,India_Averaged.csv
2023-10-04,0,146.6,110.1,20.6,8.4,20.8,3.6,1.6,1.6,1.2,1.2,1.6,1.6,2.7,2.7,-0.2894741992679378,-0.5351175489387744,9.2338085,3.9044938,3.2841659,-5.507879,5.0,26.409999999999997,0.0,49.559,11.321,1.0,302.45300000000003,2023,10,4,147.6,0.0,India_Averaged.csv
2023-10-05,0,143.4,112.3,20.34,8.3,22.8,4.0,1.5,1.5,1.1,1.1,1.4,1.4,1.8,1.8,-0.3228558389907448,-0.20322188473254715,9.441129,4.0361853,5.4983087,-3.6626992,5.0,26.721000000000004,0.0,48.586999999999996,11.527,1.0,286.546,2023,10,5,143.4,0.0,India_Averaged.csv
2023-10-06,0,142.5,114.5,19.72,7.9,20.4,4.1,1.7,1.7,1.0,1.0,1.7,1.7,2.3,2.3,-0.45807965361317926,-0.38060537974190567,9.263563,3.6540723,-2.1599412,-6.217883,5.0,27.544999999999998,0.0,52.04600000000001,9.752,1.0,230.33,2023,10,6,144.9,0.0,India_Averaged.csv
2023-10-07,0,147.5,139.5,16.2,7.4,20.8,4.32,1.9,1.9,0.9,0.9,1.9,1.9,3.1,3.1,-0.3166621946902394,-0.09047277243052569,8.854825,3.6802878,5.962411,-6.072402,5.0,28.246,0.0,59.423,9.418000000000001,1.0,251.334,2023,10,7,176.4,0.0,India_Averaged.csv
2023-10-08,0,165.6,99.6,14.1,7.6,15.7,4.42,1.9,1.9,0.9,0.9,2.5,2.5,2.7,2.7,-0.8147020319114467,-0.8427589870313128,8.827987,2.5027165,-12.111913,-15.479007,5.0,28.933999999999997,0.0,57.723,10.334999999999999,1.0,275.857,2023,10,8,165.6,0.0,India_Averaged.csv
2023-10-09,0,124.9,96.7,14.2,5.9,15.0,3.3600000000000003,2.0,2.0,1.0,1.0,2.7,2.7,2.2,2.2,-1.9723796037924362,-0.9863020744930848,8.974063,1.5937121,-21.267162,-20.699104,5.0,28.685000000000002,0.0,54.263,11.513,1.0,229.125,2023,10,9,124.9,0.0,India_Averaged.csv
2023-10-10,0,127.1,98.6,18.0,7.8,14.8,5.0,2.0,2.0,1.0,1.0,1.5,1.5,2.9,2.9,-1.2080468800097564,-0.9387240128620926,9.231734,2.8544192,-3.375768,-11.573343,5.0,27.68,0.0,56.747,10.285,1.0,288.165,2023,10,10,130.8,0.0,India_Averaged.csv
2023-10-11,0,127.3,101.0,16.9,5.8,15.9,4.3,1.8,1.8,1.1,1.1,2.4,2.4,1.9,1.9,-1.6473683941469344,-0.6112757893850705,8.875685,2.2205794,-7.8971395,-19.397377,5.0,26.540999999999997,0.0,51.398,9.414,1.0,291.76300000000003,2023,10,11,127.3,0.0,India_Averaged.csv
2023-10-12,0,140.3,113.8,20.0,8.0,21.1,5.0200000000000005,1.6,1.6,1.2,1.2,1.9,1.9,2.0,2.0,-0.4470472816884413,-0.12490717750305447,9.340601,3.6642048,0.771022,-2.5513928,5.0,26.807,0.0,51.775,8.334999999999999,1.0,236.20700000000002,2023,10,12,142.6,0.0,India_Averaged.csv
2023-10-13,0,158.2,158.7,25.0,8.5,22.1,4.2,1.4,1.4,1.0,1.0,1.2,1.2,1.7,1.7,1.1009645537827981,0.03231649786056591,8.9939375,5.423942,29.97106,-4.1805787,5.0,27.756999999999998,0.0,50.815999999999995,7.711,1.0,212.35100000000003,2023,10,13,185.7,0.0,India_Averaged.csv
2023-10-14,0,174.4,134.3,23.6,7.3,18.2,4.7,1.7,1.7,1.0,1.0,1.5,1.5,2.4,2.4,0.6142517256109759,-0.17387165565078336,8.698419,4.7790804,19.114552,-14.623695,5.0,28.174,0.0,48.408,7.115,1.0,224.66500000000002,2023,10,14,175.2,0.0,India_Averaged.csv
2023-10-15,0,157.0,132.0,19.5,7.7,46.3,4.3,1.5,1.5,1.1,1.1,1.6,1.6,3.4,3.4,0.3510284191290311,2.7686457698724865,9.267787,3.9855552,5.748809,-4.075319,5.0,27.04,0.0,52.303999999999995,8.104000000000001,1.0,232.13299999999998,2023,10,15,173.2,0.0,India_Averaged.csv
2023-10-16,0,148.2,105.6,14.8,4.5,19.5,3.5,1.6,1.6,1.2,1.2,2.9,2.9,3.0,3.0,-1.5752279827965723,-0.08194088759235602,9.337341,2.189466,-16.490036,-0.508572,5.0,24.806,0.0,60.036,11.699,1.0,162.51399999999998,2023,10,16,149.3,0.0,India_Averaged.csv
2023-10-17,0,127.8,75.4,16.3,4.9,17.9,6.24,2.0,2.0,1.0,1.0,2.7,2.7,3.7,3.7,-2.23169499219708,0.07058895772388318,9.632085,1.9922386,-22.041218,2.0917032,5.0,22.859,0.0,68.256,6.998,1.0,203.07800000000003,2023,10,17,127.8,0.0,India_Averaged.csv
2023-10-18,0,115.2,85.0,15.5,5.3,18.0,4.66,1.8,1.8,1.1,1.1,3.0,3.0,2.7,2.7,-2.3100927322848817,-0.3300965642165684,9.437799,1.8341624,-19.739408,-11.157596,5.0,23.422000000000004,0.0,57.774,9.33,1.0,254.41799999999998,2023,10,18,117.6,0.0,India_Averaged.csv
2023-10-19,0,134.8,98.1,18.3,5.6,22.1,4.58,1.3,1.3,1.2,1.2,2.2,2.2,1.8,1.8,-1.4117201454622048,0.20877752611213568,9.453093,3.3227203,0.6012737,-1.8833885,5.0,23.255000000000003,0.0,57.713,7.756,1.0,253.95499999999998,2023,10,19,135.0,0.0,India_Averaged.csv
2023-10-20,0,134.3,112.1,19.6,6.5,27.1,4.38,1.4,1.4,1.3,1.3,1.9,1.9,2.7,2.7,-0.8553452998760773,0.6523503648071988,9.476288,4.063178,8.952802,2.2672164,5.0,23.714,0.0,56.967999999999996,6.75,1.0,248.47600000000003,2023,10,20,134.3,0.0,India_Averaged.csv
2023-10-21,0,158.5,136.1,20.86,7.0,28.2,4.32,1.3,1.3,1.2,1.2,1.4,1.4,4.0,4.0,0.19404479203915526,0.8736130472373956,9.967753,4.7182236,10.59377,10.802412,5.0,24.143,0.0,53.85,6.463000000000001,1.0,176.05300000000003,2023,10,21,168.5,0.0,India_Averaged.csv
2023-10-22,0,173.7,164.0,22.18,9.5,24.2,4.9,1.1,1.1,1.0,1.0,1.2,1.2,3.8,3.8,1.4954629882214718,0.2965293056390624,9.640867,5.8665886,26.210012,5.3608065,5.0,24.438,0.0,55.291,6.380999999999999,1.0,198.836,2023,10,22,193.8,0.0,India_Averaged.csv
2023-10-23,0,213.3,120.6,19.580000000000002,7.1,20.5,4.42,1.5,1.5,1.1,1.1,1.5,1.5,3.9,3.9,0.7860640706581492,0.07531299101941454,9.115752,5.524573,25.460312,-0.256073,5.0,24.038,0.0,54.571000000000005,8.187999999999999,1.0,259.99699999999996,2023,10,23,213.3,0.0,India_Averaged.csv
2023-10-24,0,177.4,111.8,20.580000000000002,6.7,20.1,4.66,1.3,1.3,1.2,1.2,1.4,1.4,2.8,2.8,-0.027433857293066223,0.013751010479615156,8.9840975,4.902235,19.198465,-13.158752,5.0,23.834000000000003,0.0,52.428,7.862,1.0,260.012,2023,10,24,178.1,0.0,India_Averaged.csv
2023-10-25,0,162.4,131.2,21.86,7.8,19.5,3.7,1.3,1.3,1.2,1.2,1.2,1.2,2.1,2.1,0.31007271076764464,-0.39660347875907315,8.97106,4.670697,14.477325,-13.004849,5.0,23.901999999999997,0.0,51.597,8.77,1.0,291.703,2023,10,25,173.4,0.0,India_Averaged.csv
2023-10-26,0,179.5,128.1,20.9,7.7,20.8,3.8200000000000003,1.5,1.5,1.1,1.1,1.2,1.2,2.8,2.8,0.49956305347274566,-0.178207050842905,9.222712,4.4585147,12.356087,-3.5338979,5.0,23.34,0.0,48.937,8.739,1.0,273.04,2023,10,26,180.6,0.0,India_Averaged.csv
2023-10-27,0,164.8,150.0,23.880000000000003,10.6,22.1,4.88,1.2,1.2,1.1,1.1,1.2,1.2,3.5,3.5,1.426512997074131,-0.22079745046484325,9.138482,5.801084,28.37786,-7.541706,5.0,23.887999999999998,0.0,46.588,7.072,1.0,228.38599999999997,2023,10,27,175.8,0.0,India_Averaged.csv
2023-10-28,0,178.6,176.7,24.82,10.4,24.9,4.74,1.0,1.0,0.9,0.9,0.9,0.9,3.8,3.8,2.1819696068501684,0.2799482273437524,8.902232,6.3077817,36.035545,-10.761513,5.0,24.151999999999997,0.0,50.305,5.715,1.0,209.66200000000003,2023,10,28,202.3,0.0,India_Averaged.csv
2023-10-29,0,191.4,162.5,24.02,11.0,31.3,3.8,0.9,0.9,1.0,1.0,1.0,1.0,4.2,4.2,2.3079233875801566,0.6576822981988878,9.572267,6.3340898,34.42609,0.112687305,5.0,24.538999999999998,0.0,54.302,6.262,1.0,154.53300000000002,2023,10,29,197.6,0.0,India_Averaged.csv
2023-10-30,0,189.6,185.1,26.3,10.7,40.6,3.8,0.9,0.9,1.1,1.1,0.9,0.9,3.8,3.8,2.8691174814283036,1.8911138750178025,9.812223,6.553261,36.016155,15.783049,5.0,24.693,0.0,58.06600000000001,6.506,1.0,121.46300000000001,2023,10,30,212.7,0.0,India_Averaged.csv
2023-10-31,0,206.1,200.8,25.0,11.0,42.8,4.54,0.7,0.7,1.2,1.2,1.3,1.3,4.6,4.6,3.4296459369759313,2.3644335608402693,9.637925,7.1407366,38.81709,18.828598,5.0,24.717000000000002,0.0,58.334,6.516,1.0,100.701,2023,10,31,225.6,0.0,India_Averaged.csv
2023-11-01,0,224.4,190.4,23.9,9.6,34.2,3.8,1.0,1.0,0.6,0.6,0.8,0.8,4.5,4.5,3.1198077195294087,1.464651859702111,9.307938,7.2751336,47.82306,7.5038347,5.0,24.439,0.0,58.037,6.368,1.0,113.5,2023,11,1,236.4,0.0,India_Averaged.csv
2023-11-02,0,224.0,263.1,25.1,13.7,26.4,5.34,1.0,1.0,0.6,0.6,1.3,1.3,3.4,3.4,5.147404554527634,0.5566010349306036,9.298878,8.146427,56.31114,9.405805,5.0,24.104,0.0,57.464,6.945,1.0,249.983,2023,11,2,292.5,0.0,India_Averaged.csv
2023-11-03,0,288.2,274.6,23.4,14.0,29.3,4.54,1.0,1.0,0.6,0.6,1.1,1.1,3.0,3.0,6.476724762402782,0.8870543947967107,9.281642,8.240095,60.214287,8.659093,5.0,23.049,0.0,58.55,7.766,1.0,238.587,2023,11,3,321.9,0.0,India_Averaged.csv
2023-11-04,0,291.5,316.3,24.8,14.5,20.7,4.66,1.0,1.0,0.6,0.6,1.3,1.3,2.5,2.5,7.327402318423355,0.07190743801649835,9.021581,8.654577,63.176807,3.027607,5.0,23.383,0.0,57.032,6.917,1.0,232.39700000000002,2023,11,4,338.0,0.0,India_Averaged.csv
2023-11-05,0,315.4,264.1,23.9,12.4,22.0,4.54,1.0,1.0,0.6,0.6,1.6,1.6,3.4,3.4,6.437968253488134,0.37019909938854945,9.010501,8.33572,61.55003,5.379241,5.0,23.526,0.0,51.477999999999994,6.814,1.0,214.67999999999998,2023,11,5,319.2,0.0,India_Averaged.csv
2023-11-06,0,295.6,234.7,25.3,13.1,32.4,3.5,1.0,1.0,0.6,0.6,1.1,1.1,3.4,3.4,5.945791324457216,1.0120918952816043,9.253953,7.944625,57.39071,5.5628963,5.0,22.936,0.0,55.837,6.2700000000000005,1.0,143.113,2023,11,6,319.3,0.0,India_Averaged.csv
2023-11-07,0,258.7,260.2,26.7,15.5,27.9,4.3,1.2,1.2,0.5,0.5,1.1,1.1,3.1,3.1,6.227522773510465,0.28190461376470477,9.064379,8.210756,59.278156,-0.00851326,5.0,23.511000000000003,0.0,55.266999999999996,6.45,1.0,214.25099999999998,2023,11,7,292.3,0.0,India_Averaged.csv
2023-11-08,0,266.0,310.1,29.4,15.6,27.2,5.1,1.0,1.0,0.6,0.6,1.2,1.2,2.8,2.8,7.4092846236530985,0.646065313508099,9.116439,8.593289,61.47116,7.631012,5.0,23.256,0.0,55.92999999999999,7.043000000000001,1.0,263.804,2023,11,8,336.1,0.0,India_Averaged.csv
2023-11-09,0,277.9,283.3,27.2,14.2,38.5,4.3,0.9,0.9,0.8,0.8,1.0,1.0,2.6,2.6,6.8644609946347614,1.888221429375352,9.200895,8.253415,58.83845,5.5864563,5.0,23.485,0.0,55.347,6.57,1.0,207.446,2023,11,9,308.0,0.0,India_Averaged.csv
2023-11-10,0,298.1,126.6,18.3,8.3,22.2,5.0200000000000005,1.2,1.2,0.5,0.5,1.2,1.2,4.9,4.9,2.6251206382245735,0.45338208169448546,8.496695,7.614966,54.78518,-13.82076,5.0,21.404000000000003,0.0,67.595,9.282,1.0,163.926,2023,11,10,298.1,0.0,India_Averaged.csv
2023-11-11,0,197.1,110.3,13.0,6.9,15.9,5.0200000000000005,2.0,2.0,1.0,1.0,1.5,1.5,5.1,5.1,-0.26992142445465733,-0.4308286345197446,8.822396,3.7641602,2.610826,-0.95273286,5.0,19.918,0.0,66.271,8.806000000000001,1.0,290.312,2023,11,11,197.1,0.0,India_Averaged.csv
2023-11-12,0,171.3,137.78,17.84,8.379999999999999,16.7,6.56,1.9,1.9,0.9,0.9,1.2,1.2,3.6,3.6,0.40100685430138955,-0.16542329593314592,9.348244,4.797782,11.995367,2.8996592,5.0,19.487000000000002,0.0,66.86,7.608,1.0,258.17600000000004,2023,11,12,176.4,0.0,India_Averaged.csv
2023-11-13,0,178.23291364722076,291.1289623211767,17.402524946471136,10.084817199076886,17.066104974602915,7.961217159960093,1.5,1.5,0.4,0.4,0.4,0.4,3.1,3.1,3.3751938713474514,0.6481451181261088,2.7955709,7.039241,40.105328,-1.3439196,5.0,20.078,0.0,65.991,6.149,1.0,249.878,2023,11,13,305.03291364722077,0.0,India_Averaged.csv
2023-11-14,0,314.43291364722074,188.52896232117672,20.102524946471135,11.184817199076885,16.566104974602915,6.2212171599600925,1.4,1.4,0.4,0.4,0.5,0.5,3.1,3.1,4.608636873035317,-0.06798341992842713,1.7645118,7.396142,55.975464,-30.26231,5.0,19.536,0.0,66.899,6.875,1.0,221.43799999999996,2023,11,14,314.43291364722074,0.0,India_Averaged.csv
2023-11-15,0,226.33291364722078,213.22896232117668,18.602524946471135,10.184817199076885,17.36610497460292,5.701217159960093,1.4,1.4,0.4,0.4,0.4,0.4,3.1,3.1,3.070674725045481,-0.06130830859413798,2.018703,7.0990686,47.2554,-21.061771,5.0,19.209000000000003,0.0,65.826,7.054,1.0,232.041,2023,11,15,240.83291364722078,0.0,India_Averaged.csv
2023-11-16,0,257.43291364722074,269.9289623211767,20.402524946471136,12.084817199076886,18.36610497460292,4.701217159960093,1.4,1.4,0.4,0.4,0.6,0.6,2.5,2.5,5.090583782633367,-0.11949259227947473,2.1901689,7.720395,55.087273,-14.286425,5.0,19.988,0.0,64.56800000000001,5.515,1.0,138.038,2023,11,16,287.8329136472208,0.0,India_Averaged.csv
2023-11-17,0,300.23291364722076,199.02896232117672,21.502524946471137,12.484817199076884,20.56610497460292,4.821217159960093,1.4,1.4,0.4,0.4,0.6,0.6,3.1,3.1,4.912712672873076,-0.1270089524727112,1.860329,7.5852175,58.028572,-25.305141,5.0,20.188,0.0,66.146,5.712,1.0,137.94599999999997,2023,11,17,300.23291364722076,0.0,India_Averaged.csv
2023-11-18,0,251.93291364722077,146.02896232117672,21.502524946471137,11.584817199076884,24.46610497460292,5.081217159960093,1.3,1.3,0.6,0.6,0.4,0.4,3.3,3.3,3.0206301439759016,0.13295395902527418,2.2121043,6.800891,45.978214,-20.632425,5.0,19.89,0.0,64.842,5.417000000000001,1.0,178.488,2023,11,18,251.93291364722077,0.0,India_Averaged.csv
2023-11-19,0,237.26,149.8,25.0,10.8,35.0,4.6,1.0,1.0,1.2,1.2,0.9,0.9,5.1,5.1,3.0383883187176797,1.3671801977752114,9.481661,5.995642,30.647137,15.953392,5.0,20.372,0.0,62.072,5.549,1.0,156.759,2023,11,19,237.26,0.0,India_Averaged.csv
2023-11-20,0,211.4,177.7,25.1,11.6,22.7,3.8,1.0,1.0,0.6,0.6,0.5,0.5,4.2,4.2,3.027263526987589,-0.2849007395523496,8.751568,6.989559,42.136368,-5.5588512,5.0,19.76,0.0,67.017,6.612,1.0,228.888,2023,11,20,219.2,0.0,India_Averaged.csv
2023-11-21,0,235.6,204.85999999999999,23.66,11.459999999999999,17.580000000000002,4.5,1.1,1.1,0.4,0.4,0.3,0.3,4.3,4.3,3.7313111582510365,-0.4979608543458934,8.395138,7.8705015,51.85958,-12.182688,5.0,19.594,0.0,62.589999999999996,9.716999999999999,1.0,266.183,2023,11,21,242.1,0.0,India_Averaged.csv
2023-11-22,0,238.09822841180517,196.4822405802942,21.075631236617784,9.246204299769222,23.44152624365073,4.055304289990024,1.2,1.2,0.5,0.5,1.3,1.3,4.9,4.9,3.0622803693261256,0.40651514506311537,7.413736,7.22771,46.089336,-3.6993325,5.0,18.749999999999996,0.0,60.437,8.411,1.0,264.579,2023,11,22,243.6582284118052,0.0,India_Averaged.csv
2023-11-23,0,253.28000000000003,202.5,24.8,11.3,33.2,4.8,1.0,1.0,0.6,0.6,1.3,1.3,4.8,4.8,4.264691952705094,1.420448196580859,9.484169,7.4553614,44.10283,7.806821,5.0,18.735999999999997,0.0,61.164,5.502,1.0,159.922,2023,11,23,267.28000000000003,0.0,India_Averaged.csv
2023-11-24,0,252.6,266.3,30.6,11.5,46.0,4.7,1.0,1.0,0.6,0.6,1.1,1.1,3.8,3.8,5.930387917106999,3.174391002136545,9.177989,8.165964,59.790447,9.613407,5.0,18.859,0.0,64.253,5.77,1.0,212.891,2023,11,24,293.1,0.0,India_Averaged.csv
2023-11-25,0,300.2,222.5,34.3,13.6,13.3,4.5,1.1,1.1,0.1,0.1,0.8,0.8,5.2,5.2,6.4046393231812315,-1.0031929508450697,8.330509,8.923025,70.61811,-14.3759,5.0,19.275,0.0,63.975,6.286,1.0,190.466,2023,11,25,300.2,0.0,India_Averaged.csv
2023-11-26,0,276.0,214.5,25.8,13.6,41.0,4.5,0.9,0.9,0.8,0.8,1.3,1.3,5.3,5.3,5.507725647576002,1.9691818867367274,9.229726,7.6544924,52.278748,6.2780795,5.0,19.458000000000002,0.0,66.599,8.907,1.0,110.824,2023,11,26,288.2,0.0,India_Averaged.csv
2023-11-27,0,266.2,165.0,20.7,9.7,21.9,4.4399999999999995,1.4,1.4,0.4,0.4,1.4,1.4,3.9,3.9,3.116008112350954,0.16022256802502605,8.305243,6.9557314,45.249763,-12.431291,5.0,18.099,0.0,79.14500000000001,8.723,1.0,135.971,2023,11,27,266.2,0.0,India_Averaged.csv
2023-11-28,0,236.0,111.4,16.9,8.2,15.8,5.12,1.5,1.5,0.5,0.5,1.2,1.2,5.1,5.1,1.0260071185666337,-0.5000089581834875,8.574909,5.99713,31.18491,-12.953537,5.0,17.368000000000002,0.0,86.071,6.353,1.0,90.559,2023,11,28,236.0,0.0,India_Averaged.csv
2023-11-29,0,173.5,143.6,17.2,9.0,17.3,3.7,1.7,1.7,0.7,0.7,1.4,1.4,3.5,3.5,0.5780011441345386,-0.8023334893311341,8.682928,4.5525346,15.815191,-15.065737,5.0,18.544,0.0,78.402,5.760000000000001,1.0,124.167,2023,11,29,182.2,0.0,India_Averaged.csv
2023-11-30,0,205.0,190.9,18.9,12.2,17.9,5.6,1.4,1.4,0.4,0.4,1.5,1.5,4.1,4.1,2.7422198186981035,-0.5458781050105866,8.626184,6.5951905,40.37954,-17.192766,5.0,18.028,0.0,81.985,7.670999999999999,1.0,100.59200000000001,2023,11,30,223.0,0.0,India_Averaged.csv
2023-12-01,0,250.4,172.6,17.1,8.8,17.9,3.96,1.4,1.4,0.4,0.4,1.7,1.7,4.4,4.4,2.4386725235243736,-0.27848159330034594,8.533333,6.1040354,32.10722,-12.231372,5.0,18.564,0.0,80.623,7.603,1.0,191.121,2023,12,1,250.4,0.0,India_Averaged.csv
2023-12-02,0,234.6,149.9,19.7,8.7,14.0,5.24,1.5,1.5,0.5,0.5,1.0,1.0,3.9,3.9,1.9249410255639556,-0.5601468551459282,8.164804,6.8121247,43.560783,-19.37741,5.0,18.412,0.0,77.882,8.22,1.0,206.82799999999997,2023,12,2,236.4,0.0,India_Averaged.csv
2023-12-03,0,203.5,141.8,19.1,9.5,20.9,3.54,1.5,1.5,0.5,0.5,1.3,1.3,4.0,4.0,1.3890503891395851,-0.42281161152947816,8.709125,5.313542,20.921383,-11.399047,5.0,18.267000000000003,0.0,78.725,7.531999999999999,1.0,147.204,2023,12,3,203.5,0.0,India_Averaged.csv
2023-12-04,0,187.1,129.8,18.2,7.8,17.3,4.7,1.5,1.5,0.8,0.8,1.2,1.2,4.0,4.0,0.453495421323872,-0.39239178728533536,8.781553,4.7113256,10.57815,-20.457724,5.0,17.278,0.0,76.406,8.638000000000002,1.0,212.356,2023,12,4,187.1,0.0,India_Averaged.csv
2023-12-05,0,182.9,117.0,18.0,7.1,16.8,4.8,1.7,1.7,0.9,0.9,1.2,1.2,3.6,3.6,0.005902836106122233,-0.3804249862482105,8.754921,4.7244973,11.219051,-13.2738495,5.0,16.854,0.0,72.34700000000001,9.04,1.0,209.99100000000004,2023,12,5,182.9,0.0,India_Averaged.csv
2023-12-06,0,169.4,125.47999999999999,20.380000000000003,8.36,16.520000000000003,4.7,1.7,1.7,0.8,0.8,1.2,1.2,2.2,2.2,0.32458218741515055,-0.6346287155702838,8.963701,4.6930647,14.567836,-11.576786,5.0,16.645,0.0,73.833,7.254,1.0,219.38700000000003,2023,12,6,169.4,0.0,India_Averaged.csv
2023-12-07,0,166.1,143.0,19.9,9.1,26.4,5.46,1.1,1.1,1.0,1.0,1.2,1.2,3.8,3.8,0.7911697660989159,0.5968421274741365,9.6340275,5.641679,20.642231,-2.0267494,5.0,16.968,0.0,72.801,7.798,1.0,227.666,2023,12,7,178.7,0.0,India_Averaged.csv
2023-12-08,0,194.3,134.4,22.0,10.3,18.0,4.2,1.4,1.4,0.7,0.7,1.0,1.0,3.4,3.4,1.4543619520937232,-0.7886054636262544,8.724352,5.70224,29.105246,-11.940914,5.0,16.994,0.0,72.024,7.497999999999999,1.0,251.247,2023,12,8,194.3,0.0,India_Averaged.csv
2023-12-09,0,184.9,137.9,22.3,11.4,17.6,3.8,1.4,1.4,0.7,0.7,1.0,1.0,3.4,3.4,1.5708358198539285,-1.1229354958403892,8.677466,5.8588514,30.301264,-12.169065,5.0,16.699,0.0,66.978,8.133999999999999,1.0,258.92500000000007,2023,12,9,184.9,0.0,India_Averaged.csv
2023-12-10,0,196.0,132.0,21.3,8.4,19.3,3.7,1.5,1.5,0.8,0.8,0.8,0.8,3.4,3.4,1.0200052421007209,-0.4281722426978466,8.561582,5.87707,26.61619,-14.723686,5.0,15.979,0.0,64.66300000000001,9.15,1.0,255.821,2023,12,10,199.3,0.0,India_Averaged.csv
2023-12-11,0,190.6,142.6,21.7,10.3,21.0,3.6,1.6,1.6,0.6,0.6,1.0,1.0,3.9,3.9,1.5243233432020005,-0.551862873398624,8.812343,5.8937974,31.051594,-10.207244,5.0,15.834,0.0,66.84,6.295,1.0,193.671,2023,12,11,193.1,0.0,India_Averaged.csv
2023-12-12,0,192.7,178.4,20.9,12.5,30.9,4.5,1.4,1.4,0.4,0.4,1.1,1.1,4.8,4.8,2.661159086688902,0.5579122665751176,9.797908,6.2513065,30.126461,17.479572,5.0,16.163,0.0,67.98400000000001,5.769,1.0,146.163,2023,12,12,210.0,0.0,India_Averaged.csv
2023-12-13,0,231.3,203.04000000000002,21.479999999999997,14.280000000000001,16.1,4.54,1.3,1.3,0.3,0.3,1.4,1.4,3.5,3.5,4.0046915339525935,-1.192490104617271,8.497467,6.9287443,44.546673,-16.763624,5.0,16.041999999999998,0.0,65.781,6.661,1.0,259.429,2023,12,13,243.0,0.0,India_Averaged.csv
2023-12-14,0,232.3782284118052,146.28224058029417,24.375631236617785,11.846204299769221,18.04152624365073,6.555304289990024,1.2,1.2,0.5,0.5,0.8,0.8,4.5,4.5,2.8796314876557423,-0.3534881467302935,6.8852553,6.666443,41.03181,-23.820627,5.0,15.449000000000002,0.0,67.122,8.773,1.0,239.70800000000003,2023,12,14,232.3782284118052,0.0,India_Averaged.csv
2023-12-15,0,192.02,165.2,25.5,12.0,11.8,8.7,1.4,1.4,0.4,0.4,1.0,1.0,4.7,4.7,2.516735855817828,-0.6365119440599911,8.648069,6.467879,25.95336,-18.249016,5.0,15.265,0.0,67.058,6.214,1.0,239.06199999999998,2023,12,15,195.52,0.0,India_Averaged.csv
2023-12-16,0,202.2,189.1,24.8,14.2,17.8,4.1,1.4,1.4,0.4,0.4,1.3,1.3,4.3,4.3,3.4888409454626284,-1.207313822133674,8.963453,6.7190704,38.01,-0.3942742,5.0,15.543000000000001,0.0,64.87199999999999,6.814,1.0,214.95,2023,12,16,217.1,0.0,India_Averaged.csv
2023-12-17,0,223.9,163.48,22.759999999999998,12.459999999999999,19.22,5.0,1.4,1.4,0.4,0.4,0.8,0.8,3.6,3.6,2.9958801599386393,-0.6212418758596433,8.632662,6.7042174,41.673645,-10.572084,5.0,15.806999999999999,0.0,63.237,8.205,1.0,221.09099999999998,2023,12,17,225.0,0.0,India_Averaged.csv
2023-12-18,0,211.8,140.56,20.36,11.02,25.580000000000002,7.040000000000001,1.1,1.1,0.7,0.7,1.2,1.2,4.5,4.5,2.0301925744817995,0.6354859203662068,9.322153,6.908217,40.31341,2.109391,5.0,14.88,0.0,61.004,11.740999999999998,1.0,260.002,2023,12,18,211.8,0.0,India_Averaged.csv
2023-12-19,0,192.32,132.8,21.1,9.7,15.6,4.9,1.5,1.5,0.8,0.8,0.7,0.7,3.7,3.7,1.1842055897528887,-0.8234380886748293,8.506758,5.796111,24.031338,-6.715213,5.0,14.373,0.0,61.887,10.626000000000001,1.0,263.881,2023,12,19,192.32,0.0,India_Averaged.csv
2023-12-20,0,179.5,142.6,21.7,9.6,15.8,5.62,1.3,1.3,0.9,0.9,0.7,0.7,2.8,2.8,1.1462072140965627,-0.610079092504824,8.69702,5.746283,29.749012,-11.362774,5.0,14.117,0.0,65.699,7.278999999999999,1.0,231.33800000000002,2023,12,20,185.1,0.0,India_Averaged.csv
2023-12-21,0,186.4,213.6,28.1,13.5,21.2,6.0,0.8,0.8,0.7,0.7,0.7,0.7,5.1,5.1,3.777266299535305,-0.18173195034481315,8.788421,7.945296,55.876026,-7.3055162,5.0,14.621,0.0,67.70400000000001,7.095999999999999,1.0,236.79899999999998,2023,12,21,220.0,0.0,India_Averaged.csv
2023-12-22,0,248.7,307.2,29.5,15.1,16.2,5.82,1.0,1.0,0.3,0.3,0.9,0.9,3.3,3.3,6.828709634863166,-0.4224901257835699,8.718515,8.724548,66.43544,-2.2885997,5.0,15.107999999999999,0.0,68.869,5.8790000000000004,1.0,213.34699999999998,2023,12,22,323.8,0.0,India_Averaged.csv
2023-12-23,0,300.8,246.7,24.1,11.7,19.0,5.7,1.0,1.0,0.6,0.6,1.1,1.1,4.7,4.7,5.738892326830429,0.2804419584257593,8.838428,8.197115,62.489582,-3.6331458,5.0,16.165,0.0,71.56700000000001,6.204,1.0,113.96700000000001,2023,12,23,305.4,0.0,India_Averaged.csv
2023-12-24,0,285.8,243.1,24.5,17.1,43.2,4.4,1.0,1.0,0.6,0.6,1.3,1.3,3.9,3.9,6.785550505769308,1.7391252744103014,9.427405,8.649537,65.046196,7.5428452,5.0,15.693000000000001,0.0,75.806,6.322,1.0,225.137,2023,12,24,308.6,0.0,India_Averaged.csv
2023-12-25,0,289.4,193.9,22.7,10.959999999999999,44.2,3.9,0.8,0.8,0.6,0.6,0.9,0.9,4.2,4.2,4.681331358617141,2.5798861906187724,9.093977,8.402196,57.849964,4.6095085,5.0,15.888,0.0,74.39000000000001,7.247,1.0,231.849,2023,12,25,296.0,0.0,India_Averaged.csv
2023-12-26,0,254.2,201.6,23.7,12.6,54.0,4.5,0.7,0.7,0.6,0.6,0.8,0.8,5.7,5.7,4.68711732474256,3.4802972210637586,8.918521,8.955002,61.700783,9.399279,5.0,15.814000000000002,0.0,72.394,6.372,1.0,233.25799999999998,2023,12,26,275.5,0.0,India_Averaged.csv
2023-12-27,0,256.4,230.0,22.7,12.3,29.6,4.220000000000001,1.0,1.0,0.6,0.6,1.2,1.2,3.3,3.3,4.762239771913698,0.8348729038315454,9.312788,8.049356,57.46299,6.52867,5.0,15.49,0.0,75.248,6.979000000000001,1.0,225.69100000000003,2023,12,27,279.2,0.0,India_Averaged.csv
2023-12-28,0,276.9,171.6,21.1,9.7,45.3,4.4399999999999995,1.1,1.1,0.7,0.7,1.2,1.2,4.1,4.1,3.730970955013194,2.886996294137474,9.164248,7.946462,55.90387,-2.9149582,5.0,14.376,0.0,81.071,6.441,1.0,182.595,2023,12,28,286.2,0.0,India_Averaged.csv
2023-12-29,0,227.8,209.1,21.5,12.0,17.9,4.3,1.2,1.2,0.5,0.5,0.7,0.7,3.7,3.7,3.601124575242564,-0.6194654069763237,8.745593,7.774391,53.174255,-5.383507,5.0,13.782000000000002,0.0,84.46700000000001,5.273,1.0,183.401,2023,12,29,240.3,0.0,India_Averaged.csv
2023-12-30,0,262.4,225.2,21.7,10.8,19.5,3.7,1.3,1.3,0.6,0.6,1.2,1.2,3.3,3.3,4.289563527381164,-0.17719849221083633,8.4870205,7.2890577,49.353443,-13.339104,5.0,13.731,0.0,85.571,5.461,1.0,212.504,2023,12,30,273.0,0.0,India_Averaged.csv
2023-12-31,0,264.4,188.6,21.3,10.5,10.0,3.7,1.4,1.4,0.4,0.4,1.2,1.2,4.6,4.6,3.523205849284279,-1.3805817581121933,8.058324,7.276994,49.678,-21.306925,5.0,13.281,0.0,82.962,5.892,1.0,138.756,2023,12,31,264.4,0.0,India_Averaged.csv
2024-01-01,0,250.1,150.1,18.0,8.5,11.4,4.68,1.4,1.4,0.4,0.4,0.8,0.8,4.5,4.5,2.0060825205704593,-0.9107270321611768,7.7752533,6.5064707,39.638298,-30.30569,5.0,11.962,0.0,83.547,6.35,1.0,215.525,2024,1,1,250.1,0.0,India_Averaged.csv
2024-01-02,0,210.8,158.2,19.1,9.0,9.4,3.9,1.5,1.5,0.5,0.5,0.6,0.6,3.3,3.3,1.5608454023702172,-1.4622690374002507,7.43956,6.316164,36.96207,-34.69961,5.0,11.041999999999998,0.0,86.067,5.824,1.0,210.658,2024,1,2,210.8,0.0,India_Averaged.csv
2024-01-03,0,213.6,160.0,18.8,10.2,8.6,3.3,1.5,1.5,0.5,0.5,0.7,0.7,3.3,3.3,1.8417781078287547,-1.8811739564454908,7.70578,6.311381,38.250816,-27.654114,5.0,11.028,0.0,86.92999999999999,6.106,1.0,204.458,2024,1,3,215.3,0.0,India_Averaged.csv
2024-01-04,0,221.0,197.0,18.4,10.2,9.3,4.0600000000000005,1.4,1.4,0.4,0.4,1.0,1.0,3.3,3.3,2.5737839308000106,-1.4363925316409762,7.9338593,7.0399847,43.55414,-22.007576,5.0,12.166,0.0,82.434,6.146000000000001,1.0,231.723,2024,1,4,230.7,0.0,India_Averaged.csv
2024-01-05,0,245.4,189.7,17.0,10.0,9.22,5.98,1.3,1.3,0.3,0.3,0.7,0.7,5.0,5.0,2.785791580190174,-0.966361454108489,8.21761,7.408202,49.84389,-20.518532,5.0,11.77,0.0,84.668,5.864,1.0,220.917,2024,1,5,270.7,0.0,India_Averaged.csv
2024-01-06,0,236.8,161.1,20.4,11.3,9.68,4.720000000000001,1.4,1.4,0.4,0.4,0.5,0.5,3.8,3.8,2.6652261883667205,-1.5560081580725804,7.4595733,7.524768,52.01367,-34.560364,5.0,12.246,0.0,80.996,5.961,1.0,207.83200000000002,2024,1,6,240.1,0.0,India_Averaged.csv
2024-01-07,0,214.4,151.16,18.619999999999997,10.76,13.040000000000001,4.4399999999999995,1.6,1.6,0.5,0.5,0.4,0.4,3.4,3.4,1.8799132773487321,-1.2678236842581425,8.019028,6.6131196,34.718925,-13.058271,5.0,11.540000000000001,0.0,82.704,5.767,1.0,187.833,2024,1,7,214.4,0.0,India_Averaged.csv
2024-01-08,0,207.26,238.2,18.0,12.9,15.64,4.9,1.2,1.2,0.5,0.5,1.2,1.2,3.3,3.3,3.593691514991717,-0.8488068733462603,8.900606,6.9390106,41.795162,-0.2939682,5.0,12.612,0.0,86.333,6.226,1.0,182.768,2024,1,8,256.65999999999997,0.0,India_Averaged.csv
2024-01-09,0,260.4,143.9,15.3,10.1,45.28,3.84,1.2,1.2,0.5,0.5,0.9,0.9,3.5,3.5,2.6011725923580284,2.4538038567551497,7.76445,7.226281,47.966393,-26.254436,5.0,11.995000000000001,0.0,85.11999999999999,9.559000000000001,1.0,210.904,2024,1,9,278.6,0.0,India_Averaged.csv
2024-01-10,0,197.7,143.2,14.3,10.8,12.040000000000001,4.5,1.7,1.7,0.7,0.7,0.7,0.7,3.1,3.1,1.1083653766679595,-1.4970777863154052,8.453749,6.051466,17.666668,-26.677118,5.0,10.565999999999999,0.0,82.17699999999999,10.122,1.0,254.363,2024,1,10,200.8,0.0,India_Averaged.csv
2024-01-11,0,195.3,180.5,23.6,12.5,15.6,4.6,1.0,1.0,0.6,0.6,0.5,0.5,4.5,4.5,2.7688459015552715,-1.1203893793185904,8.640251,7.4412713,44.53102,-19.776491,5.0,10.894,0.0,81.936,7.9510000000000005,1.0,247.637,2024,1,11,203.5,0.0,India_Averaged.csv
2024-01-12,0,229.5,160.2,25.5,13.7,13.0,4.66,1.0,1.0,0.3,0.3,0.2,0.2,4.3,4.3,3.4244109023702465,-1.5989925924326587,8.247921,7.8436365,54.177227,-15.662222,5.0,11.973,0.0,80.15,7.111,1.0,224.35,2024,1,12,229.5,0.0,India_Averaged.csv
2024-01-13,0,219.3,302.5,24.5,15.76,24.6,5.779999999999999,1.2,1.2,0.5,0.5,0.8,0.8,2.1,2.1,6.058646272634212,0.2596719207372271,9.24702,8.783913,65.48715,6.074775,5.0,12.293,0.0,79.18299999999999,5.306,1.0,217.65500000000003,2024,1,13,328.2,0.0,India_Averaged.csv
2024-01-14,0,329.3,290.9,21.5,15.9,11.8,3.2,1.4,1.4,0.4,0.4,1.2,1.2,1.7,1.7,7.512618683380009,-1.5465829708237726,8.232149,7.6769266,55.378216,-15.920403,5.0,12.046000000000001,0.0,77.995,6.662000000000001,1.0,252.11599999999999,2024,1,14,347.3,0.0,India_Averaged.csv
2024-01-15,0,322.7,167.4,24.9,14.7,15.8,5.2,1.0,1.0,0.6,0.6,0.9,0.9,4.6,4.6,5.462400243409494,-1.0381842966400066,8.016677,8.012701,61.731068,-30.23086,5.0,11.233,0.0,78.737,6.22,1.0,209.58200000000002,2024,1,15,322.7,0.0,India_Averaged.csv
2024-01-16,0,221.2,181.6,21.0,13.5,13.1,4.66,1.2,1.2,0.5,0.5,0.5,0.5,5.2,5.2,3.239570462264036,-1.50780568883031,8.49217,7.418172,48.15899,-17.1202,5.0,11.278,0.0,78.628,6.450999999999999,1.0,136.68300000000002,2024,1,16,222.7,0.0,India_Averaged.csv
2024-01-17,0,253.2,164.4,19.8,8.5,14.2,4.92,1.2,1.2,0.5,0.5,0.9,0.9,5.5,5.5,2.4717156427317577,-0.44674008510986185,8.036581,7.1859193,48.82791,-25.49345,5.0,12.039,0.0,77.63499999999999,7.861,1.0,129.286,2024,1,17,256.4,0.0,India_Averaged.csv
2024-01-18,0,221.0,135.0,17.5,7.9,14.2,4.3,1.3,1.3,0.6,0.6,0.9,0.9,4.5,4.5,1.0896966023920227,-0.731936055637995,8.260215,6.2427697,36.43412,-16.146671,5.0,12.104999999999999,0.0,82.05799999999999,4.014,1.0,176.616,2024,1,18,221.0,0.0,India_Averaged.csv
2024-01-19,0,199.0,131.6,16.6,9.6,9.540000000000001,3.9200000000000004,1.8,1.8,0.8,0.8,1.0,1.0,2.8,2.8,0.838621653341372,-1.7315597000003915,7.69485,5.942598,28.333374,-26.749044,5.0,10.956,0.0,84.713,6.325,1.0,134.95600000000002,2024,1,19,199.0,0.0,India_Averaged.csv
2024-01-20,0,203.4,151.6,16.8,11.6,11.5,5.84,1.6,1.6,0.6,0.6,1.0,1.0,5.3,5.3,1.715667095652255,-1.3286664647174,8.451848,6.5560784,31.355408,-27.277874,5.0,10.659,0.0,82.836,5.823,1.0,207.51999999999998,2024,1,20,203.4,0.0,India_Averaged.csv
2024-01-21,0,210.4,147.8,18.1,10.8,13.459999999999999,5.14,1.3,1.3,0.6,0.6,0.3,0.3,4.3,4.3,1.7345102622189146,-1.1061049703697283,8.097837,6.706914,42.66915,-26.108194,5.0,10.767999999999999,0.0,80.901,8.411,1.0,259.03900000000004,2024,1,21,210.4,0.0,India_Averaged.csv
2024-01-22,0,212.9,181.4,23.3,8.9,14.3,4.66,1.5,1.5,0.4,0.4,0.7,0.7,4.9,4.9,2.3492354000858575,-0.5684876531229192,8.365474,7.390231,49.1934,-17.745556,5.0,11.093,0.0,78.252,5.578,1.0,160.32199999999997,2024,1,22,224.1,0.0,India_Averaged.csv
2024-01-23,0,230.4,206.5,22.4,9.1,12.2,4.2,1.3,1.3,0.3,0.3,1.0,1.0,4.8,4.8,3.023964114241652,-0.7769862822219372,8.197989,7.245813,49.384975,-18.89922,5.0,12.451999999999998,0.0,78.492,5.297,1.0,225.475,2024,1,23,235.7,0.0,India_Averaged.csv
2024-01-24,0,237.9,237.1,20.0,10.7,14.5,3.8,1.2,1.2,0.5,0.5,1.2,1.2,4.3,4.3,3.8236917882290102,-0.7325688391913512,8.85064,7.430999,52.59181,-1.3248947,5.0,12.389,0.0,75.99699999999999,6.720000000000001,1.0,257.05699999999996,2024,1,24,278.3,0.0,India_Averaged.csv
2024-01-25,0,264.7,197.0,24.3,10.5,13.0,4.2,1.4,1.4,0.4,0.4,0.8,0.8,5.5,5.5,3.938030439440049,-0.864338024049059,8.336742,8.128619,58.969536,-12.447964,5.0,11.917,0.0,78.63,5.814,1.0,195.054,2024,1,25,266.0,0.0,India_Averaged.csv
2024-01-26,0,233.5,245.8,24.8,11.5,16.9,4.2,1.2,1.2,0.5,0.5,0.9,0.9,4.9,4.9,4.445626507336314,-0.4450267066387382,8.696334,8.260182,58.87552,-6.4229326,5.0,12.922999999999998,0.0,76.901,5.918000000000001,1.0,239.196,2024,1,26,274.5,0.0,India_Averaged.csv
2024-01-27,0,287.0,171.8,23.2,9.6,16.0,3.5799999999999996,1.2,1.2,0.5,0.5,0.8,0.8,4.2,4.2,3.699830038906157,-0.5677370362380166,8.095073,7.784234,60.309032,-19.468494,5.0,14.347,0.0,70.683,9.222,1.0,236.698,2024,1,27,287.0,0.0,India_Averaged.csv
2024-01-28,0,223.6,203.0,25.2,11.82,17.48,3.7,1.2,1.2,0.5,0.5,0.8,0.8,5.2,5.2,3.6556075355483224,-0.779284909888475,8.554698,7.6293135,52.875816,-15.111026,5.0,15.469999999999999,0.0,72.69,8.297,1.0,150.4,2024,1,28,243.1,0.0,India_Averaged.csv
2024-01-29,0,255.7,198.3,22.4,10.9,15.7,4.779999999999999,1.2,1.2,0.5,0.5,1.1,1.1,3.6,3.6,3.7689304190616233,-0.5357343912283239,8.399447,7.68715,53.514557,-12.288744,5.0,15.674000000000001,0.0,75.826,6.726999999999999,1.0,202.613,2024,1,29,255.7,0.0,India_Averaged.csv
2024-01-30,0,232.3,205.3,21.8,10.7,24.880000000000003,4.74,1.0,1.0,0.6,0.6,1.4,1.4,5.8,5.8,3.473577689461235,0.49602230178490975,9.343171,7.912581,55.954803,3.7524307,5.0,15.492,0.0,79.69,5.785000000000001,1.0,203.70999999999998,2024,1,30,243.9,0.0,India_Averaged.csv
2024-01-31,0,241.1,193.9,18.8,10.1,15.52,4.74,1.3,1.3,0.3,0.3,1.0,1.0,5.5,5.5,2.989150606404847,-0.5166004029038429,8.230249,7.3900666,48.403168,-12.133693,5.0,16.131,0.0,79.705,8.969,1.0,149.44,2024,1,31,255.6,0.0,India_Averaged.csv
2024-02-01,0,239.6,73.3,13.2,6.5,14.8,3.88,1.8,1.8,0.7,0.7,1.5,1.5,5.8,5.8,-0.1847854833899841,-0.7908816562479376,8.453619,6.1030025,32.26179,-15.031311,5.0,16.361,0.0,77.271,10.905000000000001,1.0,156.08800000000002,2024,2,1,240.0,0.0,India_Averaged.csv
2024-02-02,0,136.3,109.1,15.2,8.8,13.9,4.68,2.0,2.0,1.0,1.0,1.8,1.8,3.0,3.0,-0.8939744122256258,-1.231431814467101,8.907476,3.034426,-2.9884014,-9.507664,5.0,14.623999999999999,0.0,72.53399999999999,9.598,1.0,227.161,2024,2,2,145.4,0.0,India_Averaged.csv
2024-02-03,0,175.6,139.8,28.9,12.9,6.5,4.4,1.4,1.4,0.4,0.4,0.3,0.3,3.6,3.6,2.110684548137102,-2.4827246159204144,8.128931,6.3989844,44.115932,-23.52106,5.0,16.64,0.0,67.377,6.556,1.0,222.71999999999997,2024,2,3,188.5,0.0,India_Averaged.csv
2024-02-04,0,168.5,127.5,19.4,15.1,12.3,3.6,1.7,1.7,0.7,0.7,0.7,0.7,2.5,2.5,1.5525982668335365,-2.5418280018463557,8.417673,4.8707347,9.96469,-32.189125,5.0,17.252000000000002,0.0,84.55499999999999,9.0,1.0,184.696,2024,2,4,171.3,0.0,India_Averaged.csv
2024-02-05,0,181.3,89.7,13.2,10.7,16.8,4.38,1.9,1.9,0.9,0.9,1.6,1.6,3.4,3.4,-0.12049248026134884,-1.2820791661333157,9.344519,4.226779,1.5756295,-10.590131,5.0,15.413,0.0,77.00699999999999,8.815999999999999,1.0,260.51300000000003,2024,2,5,181.3,0.0,India_Averaged.csv
2024-02-06,0,156.5,98.6,16.0,7.6,17.3,4.74,2.0,2.0,1.0,1.0,1.8,1.8,3.3,3.3,-0.8308738213068704,-0.606952886021652,9.21514,2.810262,-2.1363971,-4.8003693,5.0,13.815000000000001,0.0,67.963,9.475,1.0,225.77000000000004,2024,2,6,157.4,0.0,India_Averaged.csv
2024-02-07,0,145.4,104.6,16.5,5.9,18.5,4.4,1.8,1.8,1.1,1.1,2.1,2.1,3.9,3.9,-1.2316224377882736,-0.24458174381421297,9.340158,2.6479385,-6.3688364,-3.3193545,5.0,13.913,0.0,62.55799999999999,12.9,1.0,260.831,2024,2,7,147.8,0.0,India_Averaged.csv
2024-02-08,0,144.4,90.8,18.3,7.3,18.0,4.0,1.6,1.6,1.2,1.2,2.1,2.1,1.9,1.9,-1.0698684374860985,-0.6912822001341621,9.060357,2.914394,0.91621876,-17.27533,5.0,13.475,0.0,58.525,15.244,1.0,277.341,2024,2,8,144.4,0.0,India_Averaged.csv
2024-02-09,0,140.4,99.3,20.1,8.7,20.4,5.14,1.4,1.4,1.3,1.3,1.1,1.1,2.6,2.6,-0.541231159828428,-0.3711563191092039,9.033869,3.8964772,5.4159174,-3.245496,5.0,13.584999999999999,0.0,61.17099999999999,8.004999999999999,1.0,176.724,2024,2,9,143.6,0.0,India_Averaged.csv
2024-02-10,0,140.6,165.2,23.8,10.5,22.6,3.6,1.3,1.3,0.9,0.9,0.9,0.9,2.2,2.2,1.1889859122599826,-0.422893319564726,9.0426235,5.206734,23.098568,-3.5162156,5.0,13.822,0.0,70.804,7.295,1.0,200.388,2024,2,10,186.1,0.0,India_Averaged.csv
2024-02-11,0,204.2,140.3,21.8,8.8,23.3,3.6,1.1,1.1,0.7,0.7,0.6,0.6,3.8,3.8,1.4721678756820973,0.002578993098108051,8.845972,6.2428064,33.65579,-12.62192,5.0,14.653,0.0,67.348,7.4319999999999995,1.0,240.955,2024,2,11,204.2,0.0,India_Averaged.csv
2024-02-12,0,195.5,151.8,19.9,9.5,26.3,4.2,1.1,1.1,0.7,0.7,0.9,0.9,4.9,4.9,1.5397895860506927,0.3675441466189179,9.3467455,6.306426,31.652287,-2.105056,5.0,15.239,0.0,68.546,6.545999999999999,1.0,181.226,2024,2,12,197.2,0.0,India_Averaged.csv
2024-02-13,0,200.2,196.52,21.82,11.1,16.96,4.0600000000000005,1.4,1.4,0.4,0.4,0.9,0.9,3.0,3.0,2.7136081668665772,-0.7592686692394262,8.98687,6.756566,38.38688,1.5526273,5.0,16.362000000000002,0.0,66.69300000000001,6.35,1.0,231.27400000000003,2024,2,13,223.6,0.0,India_Averaged.csv
2024-02-14,0,228.78000000000003,165.1,22.8,9.8,19.4,3.7,1.4,1.4,0.4,0.4,0.4,0.4,3.3,3.3,2.5650604967130115,-0.3946705594477872,8.498201,6.9266067,43.635487,-10.592226,5.0,16.798,0.0,66.449,8.696,1.0,244.608,2024,2,14,229.48000000000002,0.0,India_Averaged.csv
2024-02-15,0,216.4,135.3,24.0,8.6,23.4,4.3,1.1,1.1,0.9,0.9,0.5,0.5,4.4,4.4,1.7548767694413598,0.23073483852251692,7.211477,6.7687745,43.09267,-11.573146,5.0,16.414,0.0,64.29100000000001,8.631,1.0,222.19400000000002,2024,2,15,216.4,0.0,India_Averaged.csv
2024-02-16,0,184.3,145.3,26.7,10.9,21.9,4.6,1.1,1.1,1.0,1.0,0.6,0.6,3.5,3.5,1.978850808934816,-0.3016012765364821,8.819006,6.5194426,40.506973,-6.3368955,5.0,16.978,0.0,58.254,7.789999999999999,1.0,245.171,2024,2,16,189.0,0.0,India_Averaged.csv
2024-02-17,0,178.0,142.4,27.0,12.7,22.6,5.1,1.2,1.2,1.1,1.1,0.6,0.6,3.3,3.3,2.214537367875742,-0.4594438744318217,8.9955435,6.6825056,40.875183,-7.906205,5.0,17.992,0.0,54.760000000000005,8.706,1.0,252.877,2024,2,17,185.5,0.0,India_Averaged.csv
2024-02-18,0,180.6,144.7,28.1,14.9,14.5,3.9,1.6,1.6,0.8,0.8,0.4,0.4,3.4,3.4,2.7117040637682663,-2.0025421395114105,8.506704,6.6872177,43.41821,-19.493614,5.0,20.253999999999998,0.0,51.488,10.546000000000001,1.0,162.66,2024,2,18,198.2,0.0,India_Averaged.csv
2024-02-19,0,181.8,110.7,14.5,9.0,22.6,4.4,1.5,1.5,1.1,1.1,1.3,1.3,3.8,3.8,0.06003718204683076,-0.20475096553977754,9.611406,4.2679105,11.23808,-3.5209503,5.0,21.546,0.0,55.266,17.629,1.0,166.16699999999997,2024,2,19,181.8,0.0,India_Averaged.csv
2024-02-20,0,159.3,111.7,13.5,10.3,15.6,4.1,1.9,1.9,0.9,0.9,1.8,1.8,4.3,4.3,-0.2427663883103291,-1.363268703877005,9.179434,3.5251966,-3.1652744,-12.3976555,5.0,20.534,0.0,62.745000000000005,10.245000000000001,1.0,182.78,2024,2,20,160.7,0.0,India_Averaged.csv
2024-02-21,0,157.7,119.3,17.2,8.6,15.5,3.56,1.8,1.8,0.8,0.8,2.1,2.1,2.8,2.8,-0.21608807205677474,-1.1316337157303094,8.92935,3.7553668,4.5245275,-9.909461,5.0,18.951,0.0,52.13399999999999,9.716999999999999,1.0,209.26,2024,2,21,158.2,0.0,India_Averaged.csv
2024-02-22,0,180.5,97.1,18.1,7.8,17.0,4.32,1.9,1.9,0.9,0.9,1.5,1.5,3.0,3.0,-0.221056823243471,-0.6892290381705778,8.943285,3.9531586,8.054337,-10.007696,5.0,17.517999999999997,0.0,46.269,9.946000000000002,1.0,264.643,2024,2,22,180.5,0.0,India_Averaged.csv
2024-02-23,0,141.1,86.9,15.6,8.4,17.4,4.0,2.0,2.0,1.0,1.0,2.1,2.1,2.6,2.6,-1.1869789461496976,-1.0032017939179358,9.057989,2.7480204,-9.355528,-6.9179144,5.0,16.519,0.0,42.986000000000004,9.654,1.0,222.23900000000003,2024,2,23,141.1,0.0,India_Averaged.csv
2024-02-24,0,132.6,111.8,19.0,10.3,20.2,3.6,1.7,1.7,1.0,1.0,1.7,1.7,3.8,3.8,-0.2683722694013827,-0.9827197226991455,9.656934,3.7772384,2.3737025,1.8569943,5.0,16.957,0.0,41.656,8.595,1.0,175.89600000000002,2024,2,24,143.4,0.0,India_Averaged.csv
2024-02-25,0,151.4,96.1,14.9,7.7,20.4,3.7,1.8,1.8,1.1,1.1,1.8,1.8,3.2,3.2,-1.0082568323985797,-0.5353802537930731,9.565824,3.0658083,-7.357473,1.6991583,5.0,18.09,0.0,39.82899999999999,10.142,1.0,73.935,2024,2,25,151.4,0.0,India_Averaged.csv
2024-02-26,0,148.5,101.8,16.6,8.8,22.1,4.2,1.6,1.6,0.9,0.9,1.7,1.7,3.3,3.3,-0.5906601979531757,-0.3933393382305016,9.805263,3.9057484,-0.14734307,4.951113,5.0,17.967000000000002,0.0,46.286,9.237,1.0,188.983,2024,2,26,148.5,0.0,India_Averaged.csv
2024-02-27,0,147.5,94.8,15.1,7.8,19.4,3.7,1.9,1.9,1.0,1.0,2.1,2.1,3.8,3.8,-1.0782790856998805,-0.68272230177918,9.684656,2.5402064,-12.611849,3.4650016,5.0,18.018,0.0,52.016999999999996,10.620000000000001,1.0,213.43699999999998,2024,2,27,147.6,0.0,India_Averaged.csv
2024-02-28,0,145.4,104.3,14.74,8.9,20.2,6.5200000000000005,1.6,1.6,1.2,1.2,1.5,1.5,4.2,4.2,-0.71741322381794,-0.13097528221406848,9.850275,3.5430915,-1.241385,7.039056,5.0,18.155,0.0,53.779999999999994,11.166999999999998,1.0,247.87600000000003,2024,2,28,153.5,0.0,India_Averaged.csv
2024-02-29,0,180.8,100.5,20.04,11.3,21.5,4.8,1.6,1.6,0.9,0.9,1.2,1.2,2.4,2.4,0.7509883363436575,-0.6556736756259471,9.245267,4.6583724,14.7005415,-6.7287927,5.0,19.652,0.0,53.54200000000001,8.607000000000001,1.0,235.573,2024,2,29,180.8,0.0,India_Averaged.csv
2024-03-01,0,141.4,112.1,18.32,11.1,24.3,3.8,1.5,1.5,1.1,1.1,1.7,1.7,4.7,4.7,0.05973685121125068,-0.5920917791870256,10.04174,4.4406276,1.6097004,2.569563,5.0,21.672,0.0,57.788,10.314,1.0,144.5,2024,3,1,143.8,0.0,India_Averaged.csv
2024-03-02,0,156.9,62.2,12.1,6.4,13.4,3.5,2.0,2.0,1.0,1.0,2.4,2.4,1.1,1.1,-2.0224156536133138,-1.318087868941596,8.685525,1.5019203,-17.897373,-21.4486,5.0,19.53,0.0,75.471,15.779,1.0,176.03300000000002,2024,3,2,156.9,0.0,India_Averaged.csv
2024-03-03,0,104.4,94.8,12.9,7.3,17.5,3.6399999999999997,2.0,2.0,1.0,1.0,2.7,2.7,2.4,2.4,-2.166975439820699,-0.9662236947312197,9.676813,2.1078725,-20.030308,-7.0648184,5.0,16.816,0.0,63.241,8.858,1.0,242.704,2024,3,3,115.3,0.0,India_Averaged.csv
2024-03-04,0,120.0,76.9,15.3,8.1,20.5,3.88,1.8,1.8,1.1,1.1,2.3,2.3,2.6,2.6,-1.7890209274947686,-0.7365515529326584,9.284944,2.9098115,-6.664122,-4.489085,5.0,15.701999999999998,0.0,49.141,9.755999999999998,1.0,253.86599999999999,2024,3,4,120.0,0.0,India_Averaged.csv
2024-03-05,0,120.7,81.1,17.3,8.4,22.4,3.9200000000000004,1.6,1.6,1.2,1.2,1.7,1.7,2.5,2.5,-1.4714361935682938,-0.5261201200033858,9.784902,3.044212,-7.024967,-4.1035843,5.0,15.61,0.0,50.791999999999994,10.289,1.0,249.34099999999998,2024,3,5,120.7,0.0,India_Averaged.csv
2024-03-06,0,133.2,86.67999999999999,16.82,9.28,22.68,4.74,1.7,1.7,1.0,1.0,1.7,1.7,2.6,2.6,-0.9934766018681545,-0.4101360613762547,9.808405,3.255467,-4.10266,2.2023976,5.0,16.185,0.0,52.474000000000004,8.586,1.0,257.975,2024,3,6,133.2,0.0,India_Averaged.csv
2024-03-07,0,144.65822841180517,104.28224058029419,19.975631236617783,10.846204299769221,22.04152624365073,3.5553042899900236,1.7,1.7,1.0,1.0,1.1,1.1,2.4,2.4,0.03672604334512476,-0.8732776474113614,7.5695076,4.038255,12.623695,-10.130247,5.0,18.091,0.0,51.312,8.933000000000002,1.0,254.67400000000004,2024,3,7,144.65822841180517,0.0,India_Averaged.csv
2024-03-08,0,150.45822841180518,93.08224058029417,16.575631236617784,24.34620429976922,21.14152624365073,3.595304289990023,1.7,1.7,1.3,1.3,1.5,1.5,4.1,4.1,2.400394268105874,-3.4077837901231747,8.213542,3.9427943,-1.4676056,-6.8156953,5.0,18.849,0.0,48.199,10.828,1.0,260.30699999999996,2024,3,8,152.95822841180518,0.0,India_Averaged.csv
2024-03-09,0,141.3582284118052,91.18224058029418,17.875631236617785,49.04620429976922,23.54152624365073,3.7753042899900238,1.7,1.7,1.3,1.3,2.2,2.2,3.8,3.8,7.287938776799439,-7.467958357158376,8.4469795,4.155989,1.5844319,-3.148976,5.0,18.866000000000003,0.0,49.205,10.280000000000001,1.0,237.61999999999998,2024,3,9,169.6582284118052,0.0,India_Averaged.csv
2024-03-10,0,138.95822841180518,108.08224058029418,20.675631236617782,55.546204299769215,21.34152624365073,3.7553042899900233,1.7,1.7,1.3,1.3,1.9,1.9,2.9,2.9,9.011755538315889,-8.768558512561778,8.203458,4.72474,8.651728,-7.296312,5.0,20.788000000000004,0.0,48.75,7.786999999999999,1.0,192.07999999999998,2024,3,10,172.5582284118052,0.0,India_Averaged.csv
2024-03-11,0,157.65822841180517,108.56224058029417,18.295631236617783,42.386204299769226,25.921526243650725,4.075304289990024,1.7,1.7,1.3,1.3,1.9,1.9,3.5,3.5,6.602378942002373,-5.824171530188196,8.634802,4.5781436,1.4940271,-0.118139364,5.0,22.575000000000003,0.0,45.842,8.264999999999999,1.0,158.048,2024,3,11,175.85822841180521,0.0,India_Averaged.csv
2024-03-12,0,155.29822841180518,98.58224058029418,17.975631236617783,7.646204299769221,24.741526243650732,4.055304289990024,1.6,1.6,1.2,1.2,1.6,1.6,3.6,3.6,-0.6150136052525998,0.09332136140498945,8.461688,3.4557636,-3.1997497,11.411457,5.0,22.695,0.0,43.207,10.759,1.0,264.391,2024,3,12,155.29822841180518,0.0,India_Averaged.csv
2024-03-13,0,147.45822841180518,94.78224058029417,17.075631236617784,7.846204299769221,23.64152624365073,4.855304289990023,1.8,1.8,1.1,1.1,1.7,1.7,3.9,3.9,-0.8521292430737721,0.05965038564975115,8.383256,3.5081859,-2.7914422,6.068518,5.0,21.869,0.0,49.774,9.899,1.0,192.153,2024,3,13,147.45822841180518,0.0,India_Averaged.csv
2024-03-14,0,142.95822841180518,101.58224058029418,15.875631236617783,8.94620429976922,22.14152624365073,3.7553042899900233,1.8,1.8,1.1,1.1,1.7,1.7,3.3,3.3,-0.7286092658814562,-0.5345232861291006,8.057314,3.3166785,-3.5757174,-2.3565776,5.0,22.270000000000003,0.0,43.2,11.036000000000001,1.0,255.80900000000003,2024,3,14,142.95822841180518,0.0,India_Averaged.csv
2024-03-15,0,147.65822841180517,91.82224058029416,17.135631236617783,7.606204299769222,22.38152624365073,4.595304289990024,1.8,1.8,1.1,1.1,1.5,1.5,3.8,3.8,-0.959308654611666,-0.11163991898424615,8.284107,3.1109984,-5.935183,2.6505637,5.0,20.775,0.0,40.745,11.233,1.0,240.11399999999998,2024,3,15,147.65822841180517,0.0,India_Averaged.csv
2024-03-16,0,119.57822841180518,94.98224058029419,17.875631236617785,8.346204299769221,27.54152624365073,4.255304289990024,1.8,1.8,1.1,1.1,1.7,1.7,3.6,3.6,-1.1655914883055056,0.21037498137911056,8.703351,3.18942,-7.2740736,4.176314,5.0,20.844,0.0,39.236000000000004,8.709999999999999,1.0,240.05900000000003,2024,3,16,121.87822841180518,0.0,India_Averaged.csv
2024-03-17,0,144.2582284118052,100.88224058029418,18.575631236617784,7.446204299769221,24.741526243650732,4.235304289990023,1.8,1.8,1.1,1.1,1.4,1.4,3.0,3.0,-0.7733065353490524,0.1519339277465329,8.388974,3.5675018,3.3442307,7.1256576,5.0,21.67,0.0,41.010999999999996,9.022,1.0,240.35500000000002,2024,3,17,144.2582284118052,0.0,India_Averaged.csv
2024-03-18,0,148.3582284118052,98.78224058029419,17.775631236617784,8.14620429976922,25.54152624365073,4.955304289990023,1.8,1.8,1.1,1.1,1.7,1.7,3.6,3.6,-0.6323252165720488,0.2724566910025139,8.608456,3.6806252,-2.7621872,10.8565235,5.0,21.788,0.0,40.641999999999996,8.833000000000002,1.0,258.829,2024,3,18,148.3582284118052,0.0,India_Averaged.csv
2024-03-19,0,143.95822841180518,109.58224058029418,16.975631236617783,8.94620429976922,26.94152624365073,4.455304289990023,1.8,1.8,1.1,1.1,1.4,1.4,3.6,3.6,-0.4278577317136595,0.21506024592241374,8.603388,3.484166,-3.4657502,14.605768,5.0,22.729000000000003,0.0,39.729,8.583,1.0,277.06899999999996,2024,3,19,143.95822841180518,0.0,India_Averaged.csv
2024-03-20,0,154.45822841180518,109.48224058029419,16.275631236617784,8.346204299769221,28.84152624365073,4.955304289990023,1.6,1.6,1.2,1.2,1.4,1.4,4.3,4.3,-0.37912001538646334,0.6704088645036302,9.030387,3.740979,-3.8642058,19.661787,5.0,23.937,0.0,37.352999999999994,8.535,1.0,191.209,2024,3,20,154.65822841180517,0.0,India_Averaged.csv
2024-03-21,0,161.57999999999998,175.4,15.059999999999999,7.5,29.0,5.1,1.3,1.3,1.2,1.2,1.8,1.8,4.7,4.7,0.5740811647363069,1.201848765854151,11.049341,4.323249,7.327221,27.2553,5.0,23.535,0.0,47.67399999999999,10.664,1.0,137.696,2024,3,21,220.7,0.0,India_Averaged.csv
2024-03-22,0,209.5,187.2,14.3,9.3,26.8,25.14,1.7,1.7,1.0,1.0,2.1,2.1,4.9,4.9,2.223957674193104,5.209588262328938,10.815298,4.0794234,-2.7433496,23.340912,5.0,25.43,0.0,43.07,8.632,1.0,209.484,2024,3,22,236.4,0.0,India_Averaged.csv
2024-03-23,0,185.6,206.5,16.4,11.7,21.4,51.3,1.4,1.4,1.3,1.3,1.7,1.7,4.1,4.1,3.0581060512370875,9.93821177416147,10.0062065,4.2731333,0.26533824,13.459734,5.0,26.760999999999996,0.0,36.488,10.697,1.0,263.637,2024,3,23,236.6,0.0,India_Averaged.csv
2024-03-24,0,189.1,105.9,14.4,8.26,18.36,3.88,1.9,1.9,0.9,0.9,1.9,1.9,3.0,3.0,-0.09775678289099801,-0.673417968551943,9.041793,3.5563595,3.2027595,-8.060857,5.0,25.25,0.0,43.791,11.696000000000002,1.0,217.97000000000003,2024,3,24,189.1,0.0,India_Averaged.csv
2024-03-25,0,120.2,128.2,12.3,7.56,20.1,4.46,1.9,1.9,0.9,0.9,2.2,2.2,4.2,4.2,-1.2781602434029566,-0.332904536413291,10.350341,2.7456908,-12.3888445,8.853711,5.0,26.28,0.0,39.219,10.854000000000001,1.0,272.207,2024,3,25,150.1,0.0,India_Averaged.csv
2024-03-26,0,190.6,86.1,12.6,6.9,26.52,4.34,1.5,1.5,1.1,1.1,2.3,2.3,4.5,4.5,-0.7006833221553028,0.48761294498032814,10.299376,3.839667,0.22578946,20.686249,5.0,27.594,0.0,38.410000000000004,8.706,1.0,218.16799999999998,2024,3,26,190.6,0.0,India_Averaged.csv
2024-03-27,0,147.0,101.32000000000001,16.18,8.040000000000001,27.68,4.46,1.6,1.6,1.2,1.2,2.2,2.2,4.2,4.2,-0.7405950976559368,0.42166157562409434,10.563932,3.616036,-2.1684527,21.131245,5.0,29.344,0.0,36.446,8.108,1.0,209.252,2024,3,27,147.0,0.0,India_Averaged.csv
2024-03-28,0,136.7,91.9,14.8,6.5,26.2,5.38,1.8,1.8,1.1,1.1,2.3,2.3,3.5,3.5,-1.5038130076795366,0.6388841285315786,10.134168,3.0103202,-12.754609,17.189919,5.0,29.581,0.0,37.25,9.315,1.0,254.56900000000002,2024,3,28,136.8,0.0,India_Averaged.csv
2024-03-29,0,133.1,106.7,14.5,6.2,42.1,4.9799999999999995,1.4,1.4,1.3,1.3,2.1,2.1,4.2,4.2,-1.2276548915356,2.4713123451367593,11.889949,3.871521,0.6405476,41.53413,5.0,29.105,0.0,38.08,9.207999999999998,1.0,181.34,2024,3,29,142.9,0.0,India_Averaged.csv
2024-03-30,0,148.0,104.0,15.4,7.2,34.519999999999996,4.5,1.6,1.6,1.2,1.2,2.2,2.2,3.3,3.3,-0.8242350992730266,1.3656667812629575,10.693059,3.3741653,-3.3176281,22.746754,5.0,28.367,0.0,32.553,12.24,1.0,189.911,2024,3,30,148.0,0.0,India_Averaged.csv
2024-03-31,0,143.8,120.02000000000001,14.680000000000001,8.02,25.72,3.56,1.6,1.6,1.2,1.2,2.3,2.3,4.3,4.3,-0.6482424970212276,0.07554870381862874,10.497913,3.2684433,-9.635138,20.717436,5.0,27.155,0.0,32.593,12.429,1.0,295.943,2024,3,31,157.7,0.0,India_Averaged.csv
2024-04-01,0,152.57999999999998,85.1,15.6,7.4,20.4,4.6,1.7,1.7,1.0,1.0,2.0,2.0,4.3,4.3,-1.1603340391283585,-0.3304042794386044,9.756853,3.251472,-12.888964,8.699555,5.0,25.567,0.0,33.524,12.475999999999999,1.0,283.887,2024,4,1,152.57999999999998,0.0,India_Averaged.csv
2024-04-02,0,116.7,100.64,16.080000000000002,9.98,24.16,4.4799999999999995,1.6,1.6,1.2,1.2,2.3,2.3,3.5,3.5,-0.9720783863355476,-0.4074694707720809,10.264281,2.8377862,-12.183303,1.8750153,5.0,26.766000000000002,0.0,28.526999999999997,10.424,1.0,225.336,2024,4,2,119.4,0.0,India_Averaged.csv
2024-04-03,0,124.63999999999999,101.1,17.0,9.3,25.2,3.9,1.7,1.7,1.0,1.0,2.3,2.3,2.9,2.9,-0.8801295608753865,-0.26387144621951136,9.955935,3.062413,-9.609194,0.053852938,5.0,28.207,0.0,25.97,9.331,1.0,144.441,2024,4,3,129.94,0.0,India_Averaged.csv
2024-04-04,0,137.0,114.6,17.8,8.1,21.7,4.4399999999999995,1.7,1.7,1.0,1.0,2.1,2.1,3.3,3.3,-0.6439300521567,-0.2243574370092089,9.829064,3.733527,4.972505,10.023012,5.0,29.185000000000002,0.0,25.907,10.87,1.0,220.81800000000004,2024,4,4,153.4,0.0,India_Averaged.csv
2024-04-05,0,137.5,103.2,15.86,6.16,18.7,4.88,1.8,1.8,1.1,1.1,2.3,2.3,2.9,2.9,-1.387883092916593,-0.1974061579187014,9.581477,3.0535345,-7.3336334,-6.253311,5.0,28.265000000000004,0.0,26.038,13.488999999999999,1.0,268.341,2024,4,5,138.9,0.0,India_Averaged.csv
2024-04-06,0,130.15822841180517,106.82224058029416,16.015631236617786,6.626204299769222,23.241526243650732,5.775304289990023,1.8,1.8,1.1,1.1,2.0,2.0,2.1,2.1,-1.2917847582822568,0.430407616971822,8.171618,2.334242,-19.770166,6.342622,5.0,27.723000000000003,0.0,22.737000000000002,11.336000000000002,1.0,271.288,2024,4,6,138.3582284118052,0.0,India_Averaged.csv
2024-04-07,0,134.3,100.0,17.6,7.1,19.4,4.96,2.0,2.0,1.0,1.0,1.8,1.8,4.2,4.2,-1.1687460327284556,-0.27679393887122006,9.828723,3.0835052,-5.752427,9.0450535,5.0,27.676,0.0,20.159,10.704,1.0,249.72600000000003,2024,4,7,136.6,0.0,India_Averaged.csv
2024-04-08,0,140.4,118.8,21.6,8.6,13.8,4.76,1.9,1.9,0.9,0.9,1.5,1.5,2.4,2.4,-0.21159546678226904,-1.0798811154339383,8.880819,3.9555402,8.238801,-12.529562,5.0,28.705000000000002,0.0,17.942,9.029,1.0,217.70700000000002,2024,4,8,154.1,0.0,India_Averaged.csv
2024-04-09,0,150.9,119.1,19.9,9.3,32.6,5.0200000000000005,1.5,1.5,1.1,1.1,2.3,2.3,4.4,4.4,0.22594199653689406,1.0095285971172276,10.514977,4.4277782,8.538839,18.994818,5.0,29.502999999999997,0.0,17.566,8.686,1.0,172.925,2024,4,9,155.1,0.0,India_Averaged.csv
2024-04-10,0,148.7,122.5,19.6,9.8,34.6,5.2,1.6,1.6,0.9,0.9,2.1,2.1,5.6,5.6,0.3448563987817118,1.1961328263313271,10.763536,4.2899704,8.405624,22.593252,5.0,29.094,0.0,25.478,9.33,1.0,149.35500000000002,2024,4,10,149.5,0.0,India_Averaged.csv
2024-04-11,0,157.5,123.7,18.32,8.620000000000001,31.4,4.82,1.5,1.5,1.1,1.1,2.4,2.4,4.7,4.7,0.1492952693149384,0.9780174166891437,10.57551,4.3046956,9.1917305,22.672262,5.0,29.891,0.0,25.576,8.46,1.0,148.476,2024,4,11,173.5,0.0,India_Averaged.csv
2024-04-12,0,140.6,133.52,20.46,11.879999999999999,19.6,5.36,1.8,1.8,0.8,0.8,2.0,2.0,2.6,2.6,0.6823858432264266,-0.8030984064174722,9.322321,3.83213,9.451316,-10.57736,5.0,30.451,0.0,24.355,9.45,1.0,147.647,2024,4,12,153.4,0.0,India_Averaged.csv
2024-04-13,0,147.4,117.6,17.6,8.3,23.4,3.6,1.7,1.7,1.0,1.0,2.4,2.4,4.1,4.1,-0.3695824848858746,-0.20687485062836436,10.1794815,3.769217,3.3724313,13.593199,5.0,29.907,0.0,34.254999999999995,10.183000000000002,1.0,164.83300000000003,2024,4,13,159.3,0.0,India_Averaged.csv
2024-04-14,0,140.1,86.88,18.72,6.44,20.28,4.96,2.0,2.0,1.0,1.0,2.1,2.1,3.1,3.1,-1.313026323531617,-0.09893558864907412,9.968705,2.9188933,-7.727838,3.0443184,5.0,27.828000000000003,0.0,46.446,9.008,1.0,184.645,2024,4,14,140.1,0.0,India_Averaged.csv
2024-04-15,0,133.2582284118052,99.78224058029419,19.475631236617783,8.64620429976922,23.64152624365073,4.615304289990023,1.8,1.8,1.1,1.1,2.3,2.3,2.9,2.9,-0.6929134288285027,-0.1312518251889337,8.299738,3.2692618,-4.2372117,3.986961,5.0,29.331,0.0,43.596,9.421,1.0,236.50800000000004,2024,4,15,134.65822841180517,0.0,India_Averaged.csv
2024-04-16,0,139.84,99.1,16.6,5.2,17.7,4.0,1.8,1.8,1.1,1.1,2.4,2.4,2.1,2.1,-1.572791168211369,-0.34201277489121623,9.475275,2.4838538,-14.394995,-2.8017173,5.0,29.97,0.0,31.238,14.666,1.0,289.90999999999997,2024,4,16,139.84,0.0,India_Averaged.csv
2024-04-17,0,117.6,84.0,16.0,4.4,22.2,4.0200000000000005,1.8,1.8,1.1,1.1,2.6,2.6,2.6,2.6,-2.3839700115681977,0.1718361392488622,10.128271,2.16517,-19.270508,9.004271,5.0,29.909000000000002,0.0,24.41,15.444000000000003,1.0,269.366,2024,4,17,121.0,0.0,India_Averaged.csv
2024-04-18,0,107.2,107.8,15.6,5.8,25.7,5.9,1.6,1.6,1.2,1.2,2.6,2.6,4.2,4.2,-1.8668126527460651,0.817570038163041,10.254252,2.2505093,-24.213217,19.454906,5.0,31.193,0.0,26.940999999999995,12.683000000000002,1.0,258.92900000000003,2024,4,18,123.1,0.0,India_Averaged.csv
2024-04-19,0,120.2,138.0,14.1,5.6,18.8,4.4,1.7,1.7,1.0,1.0,2.5,2.5,4.2,4.2,-1.3900899876634347,-0.08668225418833994,9.8158655,2.9838555,-11.282486,8.424437,5.0,31.112000000000002,0.0,26.708,13.112,1.0,264.868,2024,4,19,155.4,0.0,India_Averaged.csv
2024-04-20,0,154.0,122.8,10.7,5.0,22.4,4.9,1.7,1.7,1.0,1.0,2.7,2.7,4.1,4.1,-1.3433246170483018,0.5341865552173792,10.069639,2.5201726,-14.455383,14.611908,5.0,29.887,0.0,26.871000000000002,13.653,1.0,297.51300000000003,2024,4,20,170.1,0.0,India_Averaged.csv
2024-04-21,0,119.7,80.4,12.7,6.5,24.3,4.82,1.8,1.8,1.1,1.1,2.6,2.6,3.3,3.3,-2.1975100619618235,0.17823306712555292,10.2519865,1.7128214,-26.100449,10.897359,5.0,30.048000000000002,0.0,27.262999999999998,11.522,1.0,274.21999999999997,2024,4,21,120.8,0.0,India_Averaged.csv
2024-04-22,0,102.9,82.8,14.1,6.6,25.8,6.659999999999999,1.8,1.8,1.1,1.1,2.6,2.6,3.7,3.7,-2.297401908715954,0.7079287599973025,10.988874,1.967192,-29.361008,24.127863,5.0,30.458,0.0,24.716,11.039,1.0,278.11400000000003,2024,4,22,105.1,0.0,India_Averaged.csv
2024-04-23,0,100.6,110.7,13.5,5.8,31.8,5.1,1.8,1.8,1.1,1.1,2.6,2.6,4.0,4.0,-2.040548456980647,1.3143812228928533,10.712787,2.2401695,-23.44411,25.351364,5.0,29.981,0.0,26.596000000000004,9.754,1.0,231.464,2024,4,23,124.9,0.0,India_Averaged.csv
2024-04-24,0,127.4,95.1,13.4,6.7,29.1,4.0,1.8,1.8,1.1,1.1,2.6,2.6,4.1,4.1,-1.6756470557221437,0.6090145901314792,10.702546,2.7018194,-13.236788,18.999813,5.0,30.294999999999998,0.0,23.493000000000002,11.184999999999999,1.0,255.763,2024,4,24,128.3,0.0,India_Averaged.csv
2024-04-25,0,124.0,111.6,16.1,8.0,32.4,5.84,1.4,1.4,1.3,1.3,2.4,2.4,3.5,3.5,-0.9353737493722004,1.2501778226261773,10.817854,3.411436,-5.9558134,26.444626,5.0,31.044,0.0,22.517,9.685,1.0,247.40299999999996,2024,4,25,134.1,0.0,India_Averaged.csv
2024-04-26,0,135.7,98.62,15.419999999999998,7.08,20.4,4.6,1.8,1.8,1.1,1.1,2.3,2.3,1.4,1.4,-1.3289903485614891,-0.2583899933769321,9.590108,2.3361237,-16.160938,-10.12443,5.0,31.996,0.0,26.736,12.885,1.0,228.19700000000003,2024,4,26,138.3,0.0,India_Averaged.csv
2024-04-27,0,142.56,113.6,11.9,5.2,32.2,3.8,1.8,1.8,1.1,1.1,2.6,2.6,3.0,3.0,-1.473531512257655,1.3039996268895364,9.774206,2.55304,-13.72904,-1.1935098,5.0,30.967000000000002,0.0,25.5,13.575,1.0,235.25100000000003,2024,4,27,147.26,0.0,India_Averaged.csv
2024-04-28,0,127.4,99.2,12.7,5.4,28.9,4.9799999999999995,1.4,1.4,1.3,1.3,2.5,2.5,3.7,3.7,-1.910754692492737,1.0439198140752959,10.565941,2.821273,-12.14922,19.171188,5.0,30.761000000000003,0.0,24.287,9.633,1.0,242.27100000000002,2024,4,28,128.1,0.0,India_Averaged.csv
2024-04-29,0,130.7,128.7,13.1,7.5,32.3,6.0200000000000005,1.4,1.4,1.3,1.3,2.2,2.2,3.5,3.5,-0.8588407981661591,1.445202087130821,10.436022,3.803437,2.9425473,17.548176,5.0,31.089,0.0,23.971,13.946000000000002,1.0,260.404,2024,4,29,152.4,0.0,India_Averaged.csv
2024-04-30,0,144.6,116.0,10.8,5.9,30.7,5.2,1.4,1.4,1.3,1.3,2.5,2.5,4.1,4.1,-1.3372163433459392,1.325419947112548,10.567196,3.1160893,-7.7592554,20.04316,5.0,29.437,0.0,19.949,12.571000000000002,1.0,267.94800000000004,2024,4,30,145.3,0.0,India_Averaged.csv
2024-05-01,0,134.2,124.0,11.7,5.9,24.7,4.0,1.6,1.6,1.2,1.2,2.9,2.9,3.7,3.7,-1.4188644732917233,0.39685359966218137,10.116661,2.4408169,-17.609062,8.842611,5.0,27.238,0.0,21.068,15.092000000000002,1.0,300.05,2024,5,1,141.1,0.0,India_Averaged.csv
2024-05-02,0,138.4,118.4,11.6,5.6,32.5,4.5,1.6,1.6,1.2,1.2,2.6,2.6,4.1,4.1,-1.4006246576571613,1.4298524891136917,10.9775505,3.0276198,-10.162825,27.433811,5.0,28.261000000000003,0.0,22.099,11.491000000000001,1.0,279.591,2024,5,2,147.6,0.0,India_Averaged.csv
2024-05-03,0,136.9,146.95999999999998,13.64,7.5200000000000005,35.1,8.940000000000001,1.6,1.6,1.2,1.2,2.0,2.0,6.3,6.3,-0.323814712237957,2.5102717145905444,11.420195,4.5164785,1.808225,45.226814,5.0,31.383,0.0,17.851,11.18,1.0,281.878,2024,5,3,171.9,0.0,India_Averaged.csv
2024-05-04,0,161.2582284118052,183.4822405802942,16.375631236617785,9.346204299769221,30.14152624365073,6.355304289990023,1.4,1.4,0.9,0.9,0.8,0.8,3.2,3.2,1.203246406692612,1.3303488275063693,8.311535,5.731594,23.238651,17.386532,5.0,32.891999999999996,0.0,20.663999999999998,11.803999999999998,1.0,279.441,2024,5,4,202.6582284118052,0.0,India_Averaged.csv
2024-05-05,0,177.7582284118052,159.4822405802942,15.375631236617783,9.64620429976922,31.84152624365073,5.055304289990024,1.5,1.5,0.8,0.8,1.5,1.5,4.6,4.6,1.1004462964089108,1.1090437010049605,8.92042,5.238045,22.468332,20.86245,5.0,33.385000000000005,0.0,21.339,13.393,1.0,298.11800000000005,2024,5,5,196.7582284118052,0.0,India_Averaged.csv
2024-05-06,0,171.8582284118052,140.8822405802942,14.175631236617784,7.946204299769221,34.24152624365073,7.055304289990024,1.1,1.1,1.3,1.3,1.8,1.8,4.9,4.9,0.31178995435863255,2.0011754103944317,8.998957,5.808497,19.101055,22.196857,5.0,33.64,0.0,22.407,11.229000000000001,1.0,269.191,2024,5,6,178.3582284118052,0.0,India_Averaged.csv
2024-05-07,0,152.8582284118052,180.4822405802942,16.775631236617784,10.846204299769221,40.34152624365073,7.955304289990023,1.1,1.1,1.3,1.3,1.2,1.2,6.0,6.0,1.474998686548926,2.5402485211164714,9.177732,5.909087,21.534075,30.029346,5.0,34.352999999999994,0.0,25.012,9.219,1.0,174.769,2024,5,7,201.95822841180518,0.0,India_Averaged.csv
2024-05-08,0,235.0582284118052,119.58224058029418,8.075631236617784,5.946204299769222,29.44152624365073,4.555304289990024,1.5,1.5,1.1,1.1,2.0,2.0,5.4,5.4,0.17185603993114568,1.2909701199864405,9.10351,4.2623267,6.6821165,24.427748,5.0,33.694,0.0,31.663,13.700999999999999,1.0,149.217,2024,5,8,235.0582284118052,0.0,India_Averaged.csv
2024-05-09,0,130.8582284118052,102.28224058029419,7.875631236617783,6.046204299769221,32.04152624365073,4.055304289990024,1.8,1.8,1.1,1.1,2.6,2.6,5.0,5.0,-2.0104522229678796,1.0716928981620406,9.998842,2.3366604,-21.726238,40.971096,5.0,33.468,0.0,30.649,12.803999999999998,1.0,144.433,2024,5,9,142.7582284118052,0.0,India_Averaged.csv
2024-05-10,0,144.6382284118052,115.18224058029418,10.675631236617784,6.846204299769221,29.14152624365073,4.855304289990023,1.8,1.8,1.1,1.1,2.3,2.3,4.6,4.6,-1.1930897130511258,0.9014218431508679,9.002582,3.3328373,-14.007762,13.981497,5.0,33.206,0.0,38.07899999999999,9.751,1.0,172.42800000000003,2024,5,10,145.7382284118052,0.0,India_Averaged.csv
2024-05-11,0,146.07822841180518,114.98224058029419,11.575631236617784,8.346204299769221,31.741526243650732,5.175304289990024,1.8,1.8,1.1,1.1,2.3,2.3,4.1,4.1,-0.7645042502168133,1.0133936054697608,8.996293,2.9630022,-5.5446353,16.890966,5.0,32.561,0.0,35.722,9.205,1.0,176.504,2024,5,11,150.05822841180517,0.0,India_Averaged.csv
2024-05-12,0,131.57822841180518,110.02224058029417,16.475631236617783,7.5462042997692205,28.501526243650726,5.4353042899900235,1.7,1.7,1.0,1.0,2.0,2.0,2.1,2.1,-0.9357957672939279,0.8155231551560957,8.40901,3.154656,-13.843004,8.372995,5.0,32.913,0.0,31.371000000000002,10.472,1.0,188.909,2024,5,12,131.57822841180518,0.0,India_Averaged.csv
2024-05-13,0,145.9982284118052,111.38224058029418,15.475631236617783,8.346204299769221,32.24152624365073,4.555304289990024,1.7,1.7,1.0,1.0,2.0,2.0,3.3,3.3,-0.530838545217481,0.9478491486923056,8.581865,3.4495277,-0.46409932,6.738435,5.0,32.919,0.0,26.731,8.803999999999998,1.0,221.38299999999998,2024,5,13,145.9982284118052,0.0,India_Averaged.csv
2024-05-14,0,154.18,127.4,14.8,9.0,32.0,4.6,1.5,1.5,1.1,1.1,2.3,2.3,4.4,4.4,-0.03959707794392546,0.9116373243615336,10.1659565,3.5044434,-9.681007,8.729578,5.0,33.289,0.0,22.225,10.245999999999999,1.0,258.65999999999997,2024,5,14,156.98,0.0,India_Averaged.csv
2024-05-15,0,129.8,144.7,18.1,13.6,28.5,5.5,1.7,1.7,1.0,1.0,1.1,1.1,4.1,4.1,0.939029743159032,-0.05882066390238103,9.744536,5.214787,20.076075,8.522021,5.0,34.287,0.0,18.71,9.394000000000002,1.0,219.498,2024,5,15,163.5,0.0,India_Averaged.csv
2024-05-16,0,172.94,124.2,14.5,10.9,43.2,6.2,1.1,1.1,1.3,1.3,1.9,1.9,4.9,4.9,0.7700606832922732,2.2369451961745512,10.911826,4.6910605,9.263601,28.12403,5.0,35.154999999999994,0.0,18.137,9.253,1.0,225.356,2024,5,16,174.04000000000002,0.0,India_Averaged.csv
2024-05-17,0,153.78,131.2,17.7,11.4,41.0,5.8,1.3,1.3,1.2,1.2,1.9,1.9,3.1,3.1,0.8425522525038371,1.8154898323473456,10.983159,4.830682,10.571464,19.689907,5.0,36.401,0.0,17.985,10.113,1.0,291.938,2024,5,17,168.0,0.0,India_Averaged.csv
2024-05-18,0,155.12,152.6,20.6,12.3,26.6,4.0,1.5,1.5,1.1,1.1,1.5,1.5,3.8,3.8,1.421900533282555,-0.24237366934829643,10.182575,5.2456293,13.243738,11.808617,5.0,37.202,0.0,16.57,12.523,1.0,280.323,2024,5,18,179.8,0.0,India_Averaged.csv
2024-05-19,0,158.82,130.6,17.7,9.3,30.6,4.3,1.5,1.5,1.1,1.1,1.4,1.4,3.1,3.1,0.3588358531999577,0.686202074314541,10.303622,4.3355703,2.3746147,10.563673,5.0,37.324,0.0,15.307999999999998,12.218,1.0,277.265,2024,5,19,159.02,0.0,India_Averaged.csv
2024-05-20,0,156.3,133.8,17.3,10.2,28.8,5.4,1.5,1.5,1.1,1.1,1.7,1.7,4.1,4.1,0.5094430393380603,0.5689567536962827,10.3140335,4.5242887,8.82464,10.482852,5.0,36.727,0.0,18.023999999999997,11.957,1.0,234.11700000000002,2024,5,20,163.35999999999999,0.0,India_Averaged.csv
2024-05-21,0,148.0,167.2,14.8,8.6,30.3,3.9,1.6,1.6,0.9,0.9,1.8,1.8,4.2,4.2,0.38740484015033017,0.8120704084108139,10.261251,4.208791,13.353111,12.3672695,5.0,36.17700000000001,0.0,24.975,10.575,1.0,190.32,2024,5,21,189.7,0.0,India_Averaged.csv
2024-05-22,0,149.92000000000002,102.8,11.6,10.4,26.5,3.2,1.6,1.6,1.2,1.2,2.6,2.6,3.5,3.5,-0.570279233635166,-0.4243000810398536,10.445096,3.721742,1.3076057,15.677203,5.0,36.317,0.0,29.538,13.038999999999998,1.0,158.392,2024,5,22,149.92000000000002,0.0,India_Averaged.csv
2024-05-23,0,151.38,97.5,10.8,7.5,26.6,3.6,1.5,1.5,1.1,1.1,2.7,2.7,4.8,4.8,-1.2660005734252144,0.15694740856200415,10.749632,3.083973,-9.251223,20.68607,5.0,36.669,0.0,29.786999999999995,13.743,1.0,158.796,2024,5,23,151.38,0.0,India_Averaged.csv
2024-05-24,0,122.2,89.2,10.7,8.7,32.3,3.5,1.4,1.4,1.3,1.3,2.5,2.5,4.0,4.0,-1.6421542946724892,0.4460646059726162,11.28676,2.6955116,-15.493924,22.899221,5.0,36.444,0.0,30.955000000000002,11.82,1.0,115.20300000000002,2024,5,24,132.7,0.0,India_Averaged.csv
2024-05-25,0,144.42000000000002,97.5,13.4,9.5,34.6,3.3,1.6,1.6,1.2,1.2,2.2,2.2,3.8,3.8,-0.7044160721554544,0.6493961693571509,11.038296,3.3042977,-0.8498089,25.98721,5.0,37.602000000000004,0.0,22.991,11.193,1.0,225.93699999999998,2024,5,25,145.02,0.0,India_Averaged.csv
2024-05-26,0,150.76,109.8,16.8,9.2,32.4,4.5,1.5,1.5,1.1,1.1,2.2,2.2,4.6,4.6,-0.19533258289267713,0.8201155265000326,10.71108,3.5921218,-0.21604995,17.757587,5.0,38.487,0.0,18.05,13.072,1.0,277.87800000000004,2024,5,26,150.76,0.0,India_Averaged.csv
2024-05-27,0,146.7,139.9,17.9,9.1,31.6,4.7,1.5,1.5,1.1,1.1,2.6,2.6,4.2,4.2,0.2798784590797395,0.9345048729029637,10.669542,3.8387501,-1.2358574,22.538929,5.0,38.29,0.0,18.402,13.306999999999999,1.0,264.727,2024,5,27,160.1,0.0,India_Averaged.csv
2024-05-28,0,164.54000000000002,135.1,16.9,9.2,32.2,4.5,1.5,1.5,1.1,1.1,1.5,1.5,3.7,3.7,0.4792822820976161,0.9616329833149717,10.143821,3.9748046,1.4201645,17.51096,5.0,37.576,0.0,19.174,14.033000000000001,1.0,227.68800000000002,2024,5,28,167.64000000000001,0.0,India_Averaged.csv
2024-05-29,0,155.18,146.4,13.6,7.7,26.7,3.6,1.7,1.7,1.0,1.0,1.8,1.8,4.3,4.3,-0.1398511195476862,0.4052152954833993,10.3166485,3.4543648,-3.6779227,14.40742,5.0,38.352,0.0,24.301000000000002,14.496,1.0,239.129,2024,5,29,173.9,0.0,India_Averaged.csv
2024-05-30,0,145.76,119.3,12.0,6.7,28.4,4.4,1.5,1.5,1.1,1.1,2.5,2.5,4.9,4.9,-1.0487633078753362,0.7771442636726942,10.703911,3.2153008,-11.683057,22.327682,5.0,37.837,0.0,20.244999999999997,14.505,1.0,241.102,2024,5,30,152.5,0.0,India_Averaged.csv
2024-05-31,0,135.02,117.2,13.6,7.2,27.0,3.7,1.7,1.7,1.0,1.0,2.6,2.6,4.0,4.0,-1.0864317552966412,0.34821563791756727,10.528494,2.7782595,-14.749799,14.149031,5.0,37.166,0.0,20.054,14.377,1.0,284.779,2024,5,31,143.3,0.0,India_Averaged.csv
2024-06-01,0,141.82,138.3,12.1,7.1,21.9,3.0,1.7,1.7,1.0,1.0,2.5,2.5,3.5,3.5,-0.8202871290693377,-0.2563669753791552,10.205142,2.9204092,-9.892935,20.18227,5.0,36.694,0.0,24.732999999999997,14.877,1.0,246.467,2024,6,1,166.0,0.0,India_Averaged.csv
2024-06-02,0,123.47999999999999,90.0,11.2,7.0,24.3,3.4,1.8,1.8,1.1,1.1,2.6,2.6,2.6,2.6,-2.005069395825843,-0.17454820395047335,10.354174,1.7724661,-20.516815,0.34949213,5.0,35.2,0.0,29.589,11.754999999999999,1.0,233.907,2024,6,2,123.67999999999999,0.0,India_Averaged.csv
2024-06-03,0,130.85999999999999,104.7,11.9,7.7,27.8,3.2,1.5,1.5,1.1,1.1,2.5,2.5,2.6,2.6,-1.3951878361035808,0.1551513106991726,10.7144785,2.4400494,-13.369967,13.7579775,5.0,36.760999999999996,0.0,23.423,13.416,1.0,278.459,2024,6,3,135.6,0.0,India_Averaged.csv
2024-06-04,0,138.5,130.9,13.2,8.4,27.7,4.0,1.7,1.7,1.0,1.0,2.7,2.7,5.2,5.2,-0.5745731933303343,0.35602967293862087,10.765709,3.479166,-8.724231,17.966742,5.0,36.94,0.0,21.794999999999998,13.133000000000001,1.0,275.979,2024,6,4,151.8,0.0,India_Averaged.csv
2024-06-05,0,143.16,151.2,11.1,8.0,35.7,3.7,1.5,1.5,1.1,1.1,2.4,2.4,4.0,4.0,-0.3053234927717736,1.3662233520773286,10.560095,3.8637867,-2.9639843,18.58965,5.0,36.263,0.0,26.875999999999998,15.212,1.0,251.875,2024,6,5,179.9,0.0,India_Averaged.csv
2024-06-06,0,136.98,96.7,12.3,9.1,51.0,5.34,1.5,1.5,1.1,1.1,2.5,2.5,4.3,4.3,-0.7942658468968855,2.9964121132186348,11.659025,3.6298714,-10.182637,23.733398,5.0,34.783,0.0,29.733999999999998,11.086000000000002,1.0,280.13800000000003,2024,6,6,148.38,0.0,India_Averaged.csv
2024-06-07,0,137.42000000000002,262.6,10.7,8.0,35.4,4.4,1.0,1.0,1.2,1.2,2.3,2.3,3.7,3.7,1.3897637208413693,2.009439940330636,10.372506,5.2662735,19.586765,18.322392,5.0,35.107,0.0,30.431,13.685999999999998,1.0,279.14,2024,6,7,268.7,0.0,India_Averaged.csv
2024-06-08,0,173.76,145.8,10.8,7.8,29.1,3.8,1.6,1.6,0.9,0.9,2.5,2.5,4.3,4.3,0.032128351042175596,0.7328138361690735,9.974939,4.4681296,9.888652,5.099004,5.0,34.333999999999996,0.0,30.625,13.556000000000001,1.0,288.911,2024,6,8,198.3,0.0,India_Averaged.csv
2024-06-09,0,137.34,87.0,12.919999999999998,8.2,33.7,3.8,1.5,1.5,1.1,1.1,2.5,2.5,3.7,3.7,-1.308253429248805,0.8096550014157617,10.502275,3.1919534,-13.109441,3.7608993,5.0,35.441,0.0,21.264999999999997,12.39,1.0,286.415,2024,6,9,138.24,0.0,India_Averaged.csv
2024-06-10,0,112.6,97.2,12.1,9.7,38.2,4.4,1.1,1.1,1.3,1.3,2.3,2.3,3.3,3.3,-1.2979094824961104,1.1601531864483507,11.542002,3.6113415,-7.4745417,27.440058,5.0,35.870999999999995,0.0,22.407,12.724,1.0,268.58299999999997,2024,6,10,114.4,0.0,India_Averaged.csv
2024-06-11,0,125.32000000000001,122.6,15.3,10.4,29.1,6.0,1.7,1.7,1.0,1.0,2.4,2.4,4.2,4.2,-0.3470194198021853,0.5387759642073653,10.13589,3.2846916,-7.9531455,11.614759,5.0,35.31,0.0,26.188,11.787,1.0,280.087,2024,6,11,148.3,0.0,India_Averaged.csv
2024-06-12,0,130.88,115.2,13.8,10.6,28.9,2.6,1.7,1.7,1.0,1.0,2.4,2.4,3.7,3.7,-0.49170835842003535,-0.2949814882174236,10.647537,2.914906,-15.742441,5.860023,5.0,36.116,0.0,24.703999999999997,13.414000000000001,1.0,278.483,2024,6,12,140.6,0.0,India_Averaged.csv
2024-06-13,0,120.22,108.9,11.3,8.7,23.4,3.4799999999999995,1.7,1.7,1.0,1.0,2.7,2.7,2.7,2.7,-1.416494336566411,-0.47491600621214286,10.327682,1.9992574,-26.023264,-1.7425518,5.0,36.508,0.0,27.141,17.698,1.0,271.282,2024,6,13,127.7,0.0,India_Averaged.csv
2024-06-14,0,118.85999999999999,132.2,11.4,7.9,22.4,3.4,1.9,1.9,0.9,0.9,2.5,2.5,3.8,3.8,-1.225912592583928,-0.35467474488484696,9.743731,2.9187415,-17.70116,3.877748,5.0,35.991,0.0,30.949,18.781,1.0,271.401,2024,6,14,155.6,0.0,India_Averaged.csv
2024-06-15,0,112.7,104.3,9.9,9.2,21.7,3.46,1.9,1.9,0.9,0.9,2.8,2.8,3.0,3.0,-1.6578346221325648,-0.8159598118043802,10.217524,1.6729119,-31.598028,-5.382605,5.0,36.694,0.0,29.641,17.235,1.0,279.805,2024,6,15,121.1,0.0,India_Averaged.csv
2024-06-16,0,109.74000000000001,95.2,13.4,9.0,20.1,3.8,2.0,2.0,1.0,1.0,2.1,2.1,3.1,3.1,-1.6491150547664166,-0.9134154910094526,9.986841,2.0010676,-22.61288,-4.363986,5.0,37.527,0.0,29.369000000000007,16.36,1.0,273.979,2024,6,16,121.44000000000001,0.0,India_Averaged.csv
2024-06-17,0,116.25999999999999,98.9,10.0,7.6,21.1,4.1,1.7,1.7,1.0,1.0,2.4,2.4,2.6,2.6,-1.9916965172513137,-0.47782320068669576,9.90328,1.3309113,-29.948156,-2.3774042,5.0,38.034000000000006,0.0,29.026,18.05,1.0,272.20500000000004,2024,6,17,122.05999999999999,0.0,India_Averaged.csv
2024-06-18,0,112.55822841180517,123.78224058029419,10.275631236617784,6.446204299769221,16.04152624365073,3.8553042899900234,2.0,2.0,1.0,1.0,2.4,2.4,0.9,0.9,-1.9268203795682137,-0.7904153706673535,7.6422644,0.9599455,-27.46458,-19.963022,5.0,37.626,0.0,31.792,20.062,1.0,267.654,2024,6,18,139.3582284118052,0.0,India_Averaged.csv
2024-06-19,0,125.15822841180518,115.78224058029419,9.375631236617783,6.2462042997692215,17.14152624365073,3.655304289990023,2.0,2.0,1.0,1.0,2.7,2.7,0.9,0.9,-1.9233957432181157,-0.6836500158341048,7.691386,1.2967242,-24.97382,-5.994487,5.0,35.824,0.0,39.179,17.034,1.0,248.12599999999998,2024,6,19,140.2582284118052,0.0,India_Averaged.csv
2024-06-20,0,118.25822841180518,91.98224058029417,9.875631236617783,7.246204299769221,26.241526243650732,3.8153042899900234,1.8,1.8,1.1,1.1,2.6,2.6,3.4,3.4,-2.0915329664769056,0.07771981280317941,9.411805,1.6842464,-24.757006,11.833372,5.0,32.734,0.0,51.66700000000001,10.458,1.0,163.152,2024,6,20,120.25822841180518,0.0,India_Averaged.csv
2024-06-21,0,119.85822841180519,89.38224058029417,10.875631236617783,7.146204299769221,27.54152624365073,3.0553042899900236,1.8,1.8,1.1,1.1,2.6,2.6,4.0,4.0,-2.044032786039855,0.07675017287288166,8.8593445,1.7789278,-23.406822,8.654127,5.0,31.625,0.0,57.912,8.345,1.0,209.2,2024,6,21,124.45822841180518,0.0,India_Averaged.csv
2024-06-22,0,128.45822841180518,88.48224058029417,12.275631236617784,7.446204299769221,40.34152624365073,3.155304289990023,1.6,1.6,1.2,1.2,2.2,2.2,2.8,2.8,-1.5790330653775462,1.5327373596897724,9.001078,2.9246507,-7.5908747,10.183354,5.0,33.37,0.0,50.161,7.644,1.0,160.05900000000003,2024,6,22,135.95822841180518,0.0,India_Averaged.csv
2024-06-23,0,139.55822841180517,83.48224058029417,10.275631236617784,6.446204299769221,28.04152624365073,4.455304289990023,1.8,1.8,1.1,1.1,2.6,2.6,2.7,2.7,-1.9360914913119671,0.5865516193934531,8.802776,2.2700806,-15.633998,9.667426,5.0,34.083,0.0,49.979,8.906,1.0,110.55199999999999,2024,6,23,139.55822841180517,0.0,India_Averaged.csv
2024-06-24,0,141.45822841180518,73.28224058029417,9.675631236617784,7.246204299769221,24.86152624365073,3.9153042899900234,1.8,1.8,1.1,1.1,2.7,2.7,4.3,4.3,-1.9989802053011752,-0.08300711750478912,8.969807,1.6381161,-28.440557,12.342212,5.0,32.716,0.0,59.217,7.555,1.0,110.96600000000001,2024,6,24,141.45822841180518,0.0,India_Averaged.csv
2024-06-25,0,121.05822841180517,77.28224058029417,8.675631236617784,8.14620429976922,25.84152624365073,4.115304289990023,2.0,2.0,1.0,1.0,2.7,2.7,3.6,3.6,-2.1917962680273777,-0.13375219777618078,9.452932,1.1923103,-37.35822,23.54841,5.0,31.899,0.0,66.333,7.162999999999999,1.0,136.93,2024,6,25,121.05822841180517,0.0,India_Averaged.csv
2024-06-26,0,130.05822841180517,72.38224058029417,9.875631236617783,7.346204299769221,22.14152624365073,4.375304289990023,2.0,2.0,1.0,1.0,2.7,2.7,2.3,2.3,-2.214911219266336,-0.3450303820829131,8.484067,1.4753556,-27.390171,4.103238,5.0,30.219,0.0,76.088,10.08,1.0,121.638,2024,6,26,130.05822841180517,0.0,India_Averaged.csv
2024-06-27,0,121.65822841180518,54.982240580294174,7.475631236617784,8.64620429976922,20.84152624365073,5.895304289990023,1.8,1.8,1.1,1.1,2.6,2.6,3.3,3.3,-2.5706239210260167,-0.5174984608420834,8.402182,1.1689746,-26.01527,10.057348,5.0,28.445,0.0,83.07199999999999,11.42,1.0,114.104,2024,6,27,121.65822841180518,0.0,India_Averaged.csv
2024-06-28,0,95.05822841180519,57.88224058029417,8.075631236617784,7.246204299769221,15.74152624365073,6.255304289990024,2.0,2.0,1.0,1.0,2.7,2.7,1.9,1.9,-3.305756306108745,-0.8302720412873278,8.08752,-0.16400592,-45.181847,-23.414036,5.0,28.151999999999997,0.0,82.929,7.8100000000000005,1.0,161.344,2024,6,28,95.05822841180519,0.0,India_Averaged.csv
2024-06-29,0,101.9582284118052,72.38224058029417,9.955631236617785,7.346204299769221,11.241526243650728,3.6153042899900236,2.0,2.0,1.0,1.0,2.4,2.4,0.2,0.2,-2.8693782241783117,-1.831284836047344,7.2932863,-0.7631972,-46.135387,-38.774166,5.0,28.697000000000003,0.0,81.763,8.02,1.0,215.47999999999996,2024,6,29,102.75822841180518,0.0,India_Averaged.csv
2024-06-30,0,107.15822841180518,78.54224058029418,11.595631236617784,8.006204299769221,11.98152624365073,3.915304289990023,2.0,2.0,1.0,1.0,2.4,2.4,0.4,0.4,-2.401642966619698,-1.7394739378052477,7.2375526,0.6792193,-34.5002,-32.677677,5.0,29.445,0.0,78.618,8.293000000000001,1.0,211.154,2024,6,30,107.15822841180518,0.0,India_Averaged.csv
2024-07-01,0,116.11822841180519,68.18224058029418,10.975631236617783,6.946204299769221,20.86152624365073,3.015304289990023,1.8,1.8,1.1,1.1,2.6,2.6,2.3,2.3,-2.573114775876875,-0.7698172639624289,7.7443123,1.6275225,-23.094961,-17.63892,5.0,29.821000000000005,0.0,76.785,10.019,1.0,228.92000000000002,2024,7,1,116.11822841180519,0.0,India_Averaged.csv
2024-07-02,0,95.58,67.9,8.7,7.6,16.5,3.3,1.8,1.8,1.1,1.1,2.9,2.9,0.8,0.8,-3.047595039347812,-1.3974561727460602,8.979177,0.60590523,-41.350754,-15.542608,5.0,29.125,0.0,79.99100000000001,10.265,1.0,187.262,2024,7,2,95.58,0.0,India_Averaged.csv
2024-07-03,0,102.96,76.1,7.5,7.1,14.2,2.56,2.0,2.0,1.0,1.0,3.0,3.0,1.4,1.4,-3.0067380068721006,-1.6809807917677535,9.00058,-0.3794086,-41.08003,-32.909615,5.0,29.415,0.0,80.672,8.337,1.0,163.234,2024,7,3,104.9,0.0,India_Averaged.csv
2024-07-04,0,100.52000000000001,53.7,6.0,6.4,10.6,2.6,2.0,2.0,1.0,1.0,3.0,3.0,0.0,0.0,-3.7158995862029465,-2.086717887345582,9.074642,-1.9880642,-57.93049,-34.66825,5.0,27.825,0.0,83.862,8.184999999999999,1.0,158.97899999999998,2024,7,4,100.82000000000001,0.0,India_Averaged.csv
2024-07-05,0,90.17999999999999,56.7,8.3,7.3,13.2,4.279999999999999,2.0,2.0,1.0,1.0,3.0,3.0,0.7,0.7,-3.4465897556977074,-1.578954673023316,9.228128,-1.2385218,-51.35009,-25.876764,5.0,27.156,0.0,86.983,10.86,1.0,152.413,2024,7,5,90.47999999999999,0.0,India_Averaged.csv
2024-07-06,0,95.3,55.8,7.040000000000001,6.4,22.2,2.54,1.8,1.8,1.1,1.1,2.9,2.9,0.4,0.4,-3.5616312377545127,-0.777611781247923,9.86458,-0.6184927,-47.036453,-22.52807,5.0,28.217000000000002,0.0,81.077,9.284,1.0,132.91500000000002,2024,7,6,96.9,0.0,India_Averaged.csv
2024-07-07,0,90.5,54.0,6.0,8.4,19.1,2.44,1.8,1.8,1.1,1.1,2.9,2.9,0.4,0.4,-3.39616407426726,-1.534901890067655,9.746104,0.15256837,-37.028496,-21.396017,5.0,28.345000000000006,0.0,77.865,7.578,1.0,163.628,2024,7,7,92.0,0.0,India_Averaged.csv
2024-07-08,0,79.4,54.9,6.3,7.5,24.5,3.7399999999999998,1.8,1.8,1.1,1.1,2.9,2.9,0.3,0.3,-3.6612070093771107,-0.5035304100831214,9.809707,-0.820545,-49.952114,-21.917135,5.0,28.618000000000002,0.0,79.27499999999999,7.182,1.0,124.10800000000002,2024,7,8,82.5,0.0,India_Averaged.csv
2024-07-09,0,91.2,64.4,7.1,6.1,14.6,3.88,1.8,1.8,1.1,1.1,2.9,2.9,0.7,0.7,-3.6230367227686813,-1.2651041586597112,8.870085,-0.73184335,-40.94889,-26.597187,5.0,29.498,0.0,80.381,5.374,1.0,132.163,2024,7,9,93.5,0.0,India_Averaged.csv
2024-07-10,0,108.0,79.44,11.26,6.859999999999999,14.3,3.8200000000000003,2.0,2.0,1.0,1.0,3.0,3.0,1.4,1.4,-2.6007687434202196,-1.2908574103273762,8.950727,0.19380383,-39.426716,-15.4589205,5.0,29.863,0.0,79.465,7.345000000000001,1.0,197.82199999999997,2024,7,10,108.0,0.0,India_Averaged.csv
2024-07-11,0,127.17999999999999,75.2,9.1,5.5,21.5,4.62,1.8,1.8,1.1,1.1,2.6,2.6,3.0,3.0,-2.6556455144029973,-0.040260305442433905,9.786383,1.2367914,-29.895374,2.554943,5.0,30.51,0.0,75.725,11.691,1.0,237.91799999999998,2024,7,11,127.17999999999999,0.0,India_Averaged.csv
2024-07-12,0,120.7,71.3,8.6,6.1,33.7,3.8600000000000003,1.6,1.6,1.2,1.2,2.9,2.9,2.8,2.8,-2.6230461021612066,1.0331033185274694,9.801665,1.2822187,-26.526264,-3.9582982,5.0,29.317,0.0,78.74300000000001,9.251999999999999,1.0,246.86000000000004,2024,7,12,130.5,0.0,India_Averaged.csv
2024-07-13,0,88.4,75.6,10.6,6.2,34.5,3.4799999999999995,1.6,1.6,1.2,1.2,2.8,2.8,1.4,1.4,-2.973572777192699,0.9666927661612303,10.492272,1.161535,-26.665112,-7.830194,5.0,29.406,0.0,77.683,7.002,1.0,229.329,2024,7,13,101.2,0.0,India_Averaged.csv
2024-07-14,0,116.7,71.9,10.0,5.5,18.4,4.12,1.8,1.8,1.1,1.1,2.9,2.9,1.1,1.1,-2.879157472198052,-0.5413916794598339,9.097463,-0.14237013,-47.706818,-15.15404,5.0,30.237000000000002,0.0,74.21900000000001,6.8180000000000005,1.0,184.928,2024,7,14,116.7,0.0,India_Averaged.csv
2024-07-15,0,116.9,72.9,8.9,6.3,26.2,4.4399999999999995,1.6,1.6,1.2,1.2,2.9,2.9,2.8,2.8,-2.6848791917778234,0.2713089872312948,9.037704,0.5564548,-36.075115,-3.5465674,5.0,29.762,0.0,77.504,9.46,1.0,105.63600000000001,2024,7,15,122.5,0.0,India_Averaged.csv
2024-07-16,0,115.3,73.1,7.1,5.3,17.3,3.4799999999999995,1.8,1.8,1.1,1.1,2.9,2.9,1.1,1.1,-3.1690038198876342,-0.792562670870959,8.940914,-0.13312623,-48.100857,-13.921376,5.0,30.329,0.0,78.27799999999999,10.991000000000001,1.0,95.29100000000001,2024,7,16,119.4,0.0,India_Averaged.csv
2024-07-17,0,121.5,60.4,6.4,6.0,15.1,3.6,2.0,2.0,1.0,1.0,3.0,3.0,2.1,2.1,-3.1996910761874475,-1.1892617169962456,9.169199,-0.42566386,-50.649902,-10.339266,5.0,30.438,0.0,77.551,9.783,1.0,111.51599999999999,2024,7,17,121.5,0.0,India_Averaged.csv
2024-07-18,0,86.0,70.4,8.3,7.459999999999999,9.8,3.2600000000000002,2.0,2.0,1.0,1.0,3.0,3.0,0.7,0.7,-3.322722659980964,-2.162022502252987,8.972143,-1.0840924,-48.099064,-34.33443,5.0,30.282999999999998,0.0,79.37899999999999,5.717,1.0,143.53,2024,7,18,93.7,0.0,India_Averaged.csv
2024-07-19,0,111.9,75.7,10.2,8.4,11.5,3.3200000000000003,2.0,2.0,1.0,1.0,3.0,3.0,0.9,0.9,-2.4022816747500935,-2.005025723987656,8.675598,-0.31587684,-42.752438,-37.873985,5.0,29.699,0.0,78.917,8.2,1.0,122.671,2024,7,19,111.9,0.0,India_Averaged.csv
2024-07-20,0,126.6,83.1,8.0,6.6,15.1,6.0,2.0,2.0,1.0,1.0,2.7,2.7,2.7,2.7,-2.4560108660937243,-0.6314306130008014,8.962327,0.9672664,-32.29116,-4.9070873,5.0,30.444,0.0,77.125,7.279999999999999,1.0,134.226,2024,7,20,134.2,0.0,India_Averaged.csv
2024-07-21,0,121.4,62.6,7.2,5.9,14.74,4.0600000000000005,2.0,2.0,1.0,1.0,3.0,3.0,1.4,1.4,-3.1221488478038455,-1.0951280167891755,9.132649,-0.089212164,-39.214134,-11.989619,5.0,30.598000000000003,0.0,77.725,8.364,1.0,132.637,2024,7,21,121.4,0.0,India_Averaged.csv
2024-07-22,0,106.7,57.7,7.1,6.7,12.1,4.5600000000000005,2.0,2.0,1.0,1.0,3.0,3.0,0.7,0.7,-3.3455045059167032,-1.4939837289105353,8.674803,-0.8793616,-52.399208,-17.417688,5.0,30.348000000000003,0.0,78.05699999999999,7.539,1.0,144.006,2024,7,22,106.7,0.0,India_Averaged.csv
2024-07-23,0,103.8,68.0,7.0,7.1,11.1,3.84,2.0,2.0,1.0,1.0,3.0,3.0,0.7,0.7,-3.180178497584172,-1.7944917373858993,9.009262,-1.3811566,-58.29783,-30.049015,5.0,29.625999999999998,0.0,80.435,6.977000000000001,1.0,170.894,2024,7,23,103.8,0.0,India_Averaged.csv
2024-07-24,0,113.9,70.32000000000001,11.92,8.14,14.280000000000001,5.220000000000001,2.0,2.0,1.0,1.0,2.7,2.7,2.6,2.6,-2.313646974169081,-1.234309190260058,8.860704,0.72856987,-33.276676,-19.5068,5.0,29.089,0.0,82.80199999999999,6.859999999999999,1.0,162.879,2024,7,24,115.9,0.0,India_Averaged.csv
2024-07-25,0,119.97999999999999,89.1,14.1,6.6,61.5,5.32,1.6,1.6,1.2,1.2,2.6,2.6,2.4,2.4,-1.473073506024842,4.553767869483478,10.334056,1.8438517,-26.251837,12.293244,5.0,29.328999999999997,0.0,80.963,6.952,1.0,201.334,2024,7,25,158.28,0.0,India_Averaged.csv
2024-07-26,0,108.3,72.2,9.5,8.6,18.0,3.12,2.0,2.0,1.0,1.0,3.0,3.0,2.1,2.1,-2.465007270628315,-1.37808392856805,9.762358,0.23731849,-36.51825,-20.497112,5.0,29.195999999999998,0.0,82.55100000000002,7.8629999999999995,1.0,223.76099999999997,2024,7,26,108.3,0.0,India_Averaged.csv
2024-07-27,0,121.6,69.9,10.0,7.0,14.0,3.1,2.0,2.0,1.0,1.0,3.0,3.0,1.4,1.4,-2.5875489329041295,-1.5243533214305343,8.877129,-0.14411767,-43.056526,-23.721466,5.0,29.564,0.0,83.063,7.054,1.0,168.666,2024,7,27,121.6,0.0,India_Averaged.csv
2024-07-28,0,118.4,54.5,8.5,7.4,12.1,3.34,2.0,2.0,1.0,1.0,3.0,3.0,0.7,0.7,-2.952188398325346,-1.8546762125090577,8.707701,-0.17693101,-41.801594,-24.594234,5.0,30.395999999999997,0.0,78.22200000000001,10.205,1.0,112.173,2024,7,28,118.4,0.0,India_Averaged.csv
2024-07-29,0,89.6,64.6,6.0,7.0,21.5,5.74,2.0,2.0,1.0,1.0,3.0,3.0,2.8,2.8,-3.4432770076940606,-0.24452899351510973,10.191666,-0.41418466,-57.96003,19.108145,5.0,30.931,0.0,74.537,12.575999999999999,1.0,106.775,2024,7,29,94.1,0.0,India_Averaged.csv
2024-07-30,0,99.0,57.42,6.68,8.440000000000001,17.64,4.86,2.0,2.0,1.0,1.0,3.0,3.0,1.4,1.4,-3.105039458799015,-1.1317538382775862,10.243256,-0.5543692,-47.3384,-4.2601337,5.0,31.125999999999998,0.0,74.249,10.327,1.0,162.03500000000003,2024,7,30,99.0,0.0,India_Averaged.csv
2024-07-31,0,106.75822841180518,58.68224058029417,8.075631236617784,6.446204299769221,15.84152624365073,4.115304289990023,2.0,2.0,1.0,1.0,2.7,2.7,0.8,0.8,-3.266890952063824,-1.1084922072806864,7.892122,-0.75352997,-55.1131,-9.052549,5.0,29.847,0.0,80.05199999999999,9.366,1.0,213.25900000000001,2024,7,31,106.75822841180518,0.0,India_Averaged.csv
2024-08-01,0,92.94,40.4,6.9,5.8,19.66,3.62,2.0,2.0,1.0,1.0,3.0,3.0,1.5,1.5,-4.003086869274379,-0.8076618221537739,10.184523,-0.79922336,-52.608326,-4.8390975,5.0,27.221999999999998,0.0,86.01700000000001,7.555,1.0,188.124,2024,8,1,92.94,0.0,India_Averaged.csv
2024-08-02,0,70.9,41.5,7.7,7.4,13.3,4.58,2.0,2.0,1.0,1.0,3.0,3.0,0.7,0.7,-4.072308664840513,-1.6544003454847584,9.280797,-1.3361543,-59.715996,-20.09961,5.0,27.575,0.0,85.34,11.616,1.0,157.743,2024,8,2,72.4,0.0,India_Averaged.csv
2024-08-03,0,81.5,44.5,6.0,5.6,13.4,4.4799999999999995,2.0,2.0,1.0,1.0,3.0,3.0,1.8,1.8,-4.318155370127348,-1.3163019871434314,9.589663,-1.8760595,-68.85757,-15.430661,5.0,28.226,0.0,82.687,11.654,1.0,152.05599999999998,2024,8,3,81.5,0.0,India_Averaged.csv
2024-08-04,0,77.3,45.1,6.4,5.5,11.2,4.0,2.0,2.0,1.0,1.0,3.0,3.0,0.0,0.0,-4.408789735006634,-1.6598843159283472,9.396723,-2.3429115,-73.14693,-23.920364,5.0,28.569,0.0,78.363,17.820999999999998,1.0,113.51100000000001,2024,8,4,77.3,0.0,India_Averaged.csv
2024-08-05,0,67.2,43.7,5.8,5.9,10.0,4.74,2.0,2.0,1.0,1.0,3.0,3.0,0.0,0.0,-4.587455166155157,-1.7456872459139483,8.793955,-2.5787234,-74.79036,-27.78266,5.0,27.859999999999996,0.0,80.566,19.374000000000002,1.0,155.07800000000003,2024,8,5,67.2,0.0,India_Averaged.csv
2024-08-06,0,74.2,43.3,5.7,4.9,9.1,4.220000000000001,2.0,2.0,1.0,1.0,3.0,3.0,0.0,0.0,-4.691145976806619,-1.7682502484353928,8.746956,-2.7672951,-75.73789,-33.544724,5.0,27.718,0.0,80.2,12.547,1.0,206.51,2024,8,6,74.2,0.0,India_Averaged.csv
2024-08-07,0,77.6,49.9,5.9,4.9,7.8,4.5200000000000005,2.0,2.0,1.0,1.0,3.0,3.0,0.0,0.0,-4.515967535896368,-1.8067450165378827,8.334093,-2.3356757,-70.74059,-31.842352,5.0,27.0,0.0,84.791,9.398,1.0,225.767,2024,8,7,77.6,0.0,India_Averaged.csv
2024-08-08,0,79.8,51.4,6.3,4.5,9.6,4.26,2.0,2.0,1.0,1.0,3.0,3.0,0.0,0.0,-4.482869496251226,-1.5717014776583371,8.670942,-2.2757118,-72.92241,-20.870298,5.0,26.937,0.0,86.05799999999999,8.663,1.0,178.517,2024,8,8,79.8,0.0,India_Averaged.csv
2024-08-09,0,82.6,53.8,5.9,4.2,9.4,4.14,2.0,2.0,1.0,1.0,3.0,3.0,0.0,0.0,-4.486584340620677,-1.5512498034385285,8.585875,-2.5081356,-71.14367,-30.122763,5.0,26.965999999999998,0.0,86.387,7.417,1.0,170.791,2024,8,9,82.6,0.0,India_Averaged.csv
2024-08-10,0,95.1,57.6,6.5,5.1,7.3,4.279999999999999,2.0,2.0,1.0,1.0,3.0,3.0,0.0,0.0,-3.9897244454494647,-1.8582281960149736,8.13721,-2.08438,-66.732086,-31.431835,5.0,27.220999999999997,0.0,86.825,7.755,1.0,166.01999999999998,2024,8,10,95.1,0.0,India_Averaged.csv
2024-08-11,0,98.3,44.5,6.3,4.8,7.4,3.28,2.0,2.0,1.0,1.0,3.0,3.0,0.0,0.0,-4.234035849408379,-2.069131309581621,8.026943,-2.3317375,-68.18967,-33.482365,5.0,26.721000000000004,0.0,88.78900000000002,7.763,1.0,148.26100000000002,2024,8,11,98.3,0.0,India_Averaged.csv
2024-08-12,0,88.5,55.5,6.3,6.3,10.3,4.96,2.0,2.0,1.0,1.0,3.0,3.0,0.0,0.0,-3.874994379829765,-1.6105485240827533,8.85836,-1.888201,-70.44569,-16.78128,5.0,26.45,0.0,89.94800000000001,8.843,1.0,150.82999999999998,2024,8,12,88.5,0.0,India_Averaged.csv
2024-08-13,0,99.6,49.0,7.8,5.1,10.3,4.16,2.0,2.0,1.0,1.0,2.7,2.7,0.1,0.1,-3.9143621422758472,-1.5620161237290031,8.492758,-1.6028302,-62.003742,-18.344114,5.0,27.199,0.0,88.328,9.071,1.0,155.90699999999998,2024,8,13,99.6,0.0,India_Averaged.csv
2024-08-14,0,80.9,57.2,13.5,5.9,8.8,5.68,1.8,1.8,1.1,1.1,2.7,2.7,2.1,2.1,-3.526549527694615,-1.5095311413326191,9.219344,-0.5438156,-49.064766,-19.358286,5.0,27.552999999999997,0.0,87.874,8.434000000000001,1.0,159.322,2024,8,14,82.1,0.0,India_Averaged.csv
2024-08-15,0,104.0,52.5,9.1,4.7,8.3,3.66,2.0,2.0,1.0,1.0,2.7,2.7,0.1,0.1,-3.7879374508796197,-1.7881972057912037,8.819403,-1.4587777,-56.116497,-26.077993,5.0,27.547000000000004,0.0,87.69500000000001,9.806000000000001,1.0,173.77400000000003,2024,8,15,104.0,0.0,India_Averaged.csv
2024-08-16,0,87.9,46.9,10.0,8.4,9.8,4.32,1.9,1.9,0.9,0.9,2.7,2.7,1.0,1.0,-3.3388755467592404,-2.1912687325393447,8.815036,-1.0455528,-54.307434,-21.152388,5.0,27.26,0.0,87.707,9.623,1.0,164.30300000000003,2024,8,16,87.9,0.0,India_Averaged.csv
2024-08-17,0,79.7,57.9,15.5,9.2,10.9,4.62,1.9,1.9,0.9,0.9,2.7,2.7,1.0,1.0,-2.7131261614891566,-2.0676022063845685,9.072939,-1.039415,-50.003445,-28.99736,5.0,28.103999999999996,0.0,83.30199999999999,6.4799999999999995,1.0,209.54700000000003,2024,8,17,79.8,0.0,India_Averaged.csv
2024-08-18,0,94.6,70.5,9.6,6.3,9.6,4.68,2.0,2.0,1.0,1.0,2.7,2.7,0.1,0.1,-3.2773311579950812,-1.6341885532164977,8.451427,-1.2981994,-58.463947,-24.962639,5.0,28.583,0.0,81.259,8.17,1.0,263.59299999999996,2024,8,18,96.5,0.0,India_Averaged.csv
2024-08-19,0,104.8,71.2,10.6,5.6,9.3,4.6,1.9,1.9,0.9,0.9,2.7,2.7,1.0,1.0,-3.1461966194433044,-1.5216727241973738,8.625759,-1.107444,-52.11261,-24.209198,5.0,28.517000000000003,0.0,80.853,7.723000000000001,1.0,261.913,2024,8,19,105.3,0.0,India_Averaged.csv
2024-08-20,0,99.4,66.1,10.6,8.5,12.3,4.74,2.0,2.0,1.0,1.0,2.7,2.7,0.8,0.8,-2.709923752464899,-1.7009086645726081,9.00523,-0.2637591,-47.484394,-18.805958,5.0,27.993000000000002,0.0,83.426,4.883,1.0,194.552,2024,8,20,100.5,0.0,India_Averaged.csv
2024-08-21,0,95.5,66.2,8.040000000000001,6.5,13.5,4.66,2.0,2.0,1.0,1.0,3.0,3.0,0.7,0.7,-3.3637797580460203,-1.2611854209903015,9.063529,-1.4212215,-62.709084,-16.093128,5.0,27.826,0.0,84.40599999999999,4.691,1.0,191.375,2024,8,21,95.6,0.0,India_Averaged.csv
2024-08-22,0,101.7,68.4,10.36,5.7,12.0,5.0600000000000005,2.0,2.0,0.9,0.9,2.7,2.7,2.8,2.8,-3.2087776030209256,-1.1562334744248666,9.529865,-0.17378674,-46.898735,-12.885172,5.0,27.764999999999997,0.0,86.582,4.715999999999999,1.0,231.73599999999996,2024,8,22,102.6,0.0,India_Averaged.csv
2024-08-23,0,92.0,67.9,10.6,6.4,12.5,5.0200000000000005,1.8,1.8,1.1,1.1,2.7,2.7,0.8,0.8,-3.2322545194142593,-1.2599629688916667,9.259803,-0.6263448,-49.13762,-17.307592,5.0,27.115999999999996,0.0,86.45700000000002,5.148999999999999,1.0,159.041,2024,8,23,96.2,0.0,India_Averaged.csv
2024-08-24,0,96.9,68.4,11.22,7.3,16.6,4.86,2.0,2.0,1.0,1.0,2.7,2.7,1.9,1.9,-2.8591214634068933,-0.9656596704788202,9.951952,0.17402749,-43.333042,-4.0521,5.0,27.679000000000002,0.0,84.53299999999999,8.271,1.0,107.40900000000002,2024,8,24,96.9,0.0,India_Averaged.csv
2024-08-25,0,115.3,53.6,9.4,5.7,15.8,3.9199999999999995,2.0,2.0,1.0,1.0,2.7,2.7,1.5,1.5,-3.2443195811708514,-1.014139802101067,9.550505,-0.19672349,-46.98207,-5.800992,5.0,27.766999999999996,0.0,82.005,16.187,1.0,93.022,2024,8,25,115.3,0.0,India_Averaged.csv
2024-08-26,0,91.1,47.6,12.84,5.1,11.5,3.72,2.0,2.0,1.0,1.0,2.7,2.7,1.0,1.0,-3.7025456725743693,-1.5131623599636634,9.053381,-1.1884254,-55.3713,-16.763836,5.0,26.866000000000003,0.0,85.69800000000001,17.151999999999997,1.0,104.71200000000002,2024,8,26,91.1,0.0,India_Averaged.csv
2024-08-27,0,85.1,39.9,8.7,5.0,13.9,3.28,2.0,2.0,1.0,1.0,2.7,2.7,0.1,0.1,-4.253153879995901,-1.4069207244543374,9.222827,-1.6474981,-65.69354,-17.44823,5.0,26.508,0.0,85.079,15.953,1.0,128.548,2024,8,27,85.1,0.0,India_Averaged.csv
2024-08-28,0,71.0,43.8,12.0,5.4,12.4,3.5799999999999996,2.0,2.0,1.0,1.0,2.7,2.7,0.1,0.1,-4.131736903281725,-1.5777344100266528,9.174383,-1.5152776,-62.43031,-27.343557,5.0,26.538999999999998,0.0,84.151,10.870000000000001,1.0,137.48,2024,8,28,71.0,0.0,India_Averaged.csv
2024-08-29,0,92.9,64.2,10.0,8.3,16.0,4.279999999999999,1.7,1.7,1.0,1.0,2.6,2.6,0.9,0.9,-2.909844969255224,-1.3785744910307736,8.663566,0.12437751,-41.28009,-28.48943,5.0,26.773000000000003,0.0,85.212,11.771,1.0,127.15,2024,8,29,93.6,0.0,India_Averaged.csv
2024-08-30,0,81.0,66.7,14.4,15.3,32.0,5.2,1.8,1.8,1.1,1.1,2.6,2.6,3.6,3.6,-1.1450671728926245,-0.5774409362622795,9.158971,1.6307905,-35.697716,-19.676876,5.0,27.246,0.0,86.01599999999999,5.430999999999999,1.0,200.48,2024,8,30,91.3,0.0,India_Averaged.csv
2024-08-31,0,113.7,72.3,14.8,11.4,16.5,5.5,1.7,1.7,1.0,1.0,2.5,2.5,4.8,4.8,-1.3806880648721072,-1.4623804219994827,8.814669,1.5573803,-23.885061,-17.493439,5.0,28.282,0.0,80.75800000000001,8.012,1.0,297.469,2024,8,31,113.7,0.0,India_Averaged.csv
2024-09-01,0,109.7,72.5,10.5,6.7,18.4,6.9,1.8,1.8,1.1,1.1,2.9,2.9,2.2,2.2,-2.679224340645121,-0.15775176613904546,9.144525,0.68560016,-32.67831,-3.7450702,5.0,28.814999999999998,0.0,79.521,8.244,1.0,222.387,2024,9,1,113.0,0.0,India_Averaged.csv
2024-09-02,0,105.6,76.7,11.1,6.8,13.6,6.2,1.8,1.8,1.1,1.1,2.7,2.7,1.2,1.2,-2.6878062799846907,-0.8607983960225389,9.255952,0.33649272,-39.680794,-10.417458,5.0,27.432,0.0,84.793,9.384,1.0,97.795,2024,9,2,116.8,0.0,India_Averaged.csv
2024-09-03,0,104.9,57.9,10.6,6.2,13.8,4.7,2.0,2.0,1.0,1.0,2.7,2.7,1.9,1.9,-3.1868279139550406,-1.1584418146205486,8.198631,-0.7945793,-45.64154,-21.855673,5.0,26.792,0.0,87.963,7.674000000000001,1.0,124.623,2024,9,3,104.9,0.0,India_Averaged.csv
2024-09-04,0,98.6,49.0,10.3,6.4,11.0,6.1,2.0,2.0,1.0,1.0,3.0,3.0,2.3,2.3,-3.4447362580464307,-1.2697861823123477,8.548763,0.060937643,-43.45874,-13.80885,5.0,26.770999999999997,0.0,87.135,6.146,1.0,232.13600000000002,2024,9,4,98.6,0.0,India_Averaged.csv
2024-09-05,0,81.5,57.2,11.9,6.8,21.5,6.76,1.6,1.6,1.2,1.2,2.5,2.5,3.8,3.8,-3.289875898563939,0.001218304799168579,10.096916,1.3788636,-36.448475,7.0223036,5.0,26.5,0.0,86.809,4.305,1.0,188.637,2024,9,5,83.4,0.0,India_Averaged.csv
2024-09-06,0,100.6,55.4,14.1,6.9,10.9,4.68,1.9,1.9,0.9,0.9,2.7,2.7,2.8,2.8,-2.9348898703216046,-1.612504679214246,8.486296,-0.27258724,-39.897564,-28.646595,5.0,26.272000000000002,0.0,88.429,6.65,1.0,150.49,2024,9,6,100.6,0.0,India_Averaged.csv
2024-09-07,0,86.3,51.1,17.1,7.1,15.2,9.0,1.7,1.7,1.0,1.0,2.7,2.7,4.6,4.6,-2.8867061489451444,-0.2522404633656351,10.068597,1.4765913,-32.166862,2.1426616,5.0,26.526999999999997,0.0,87.803,4.909,1.0,190.52100000000002,2024,9,7,86.3,0.0,India_Averaged.csv
2024-09-08,0,89.4,64.4,13.4,7.5,8.3,3.9,2.0,2.0,1.0,1.0,2.7,2.7,0.2,0.2,-2.969892523250173,-2.178411957979137,8.027029,-0.22049823,-37.582516,-51.489033,5.0,26.965999999999998,0.0,86.95700000000001,7.195,1.0,251.97600000000003,2024,9,8,92.0,0.0,India_Averaged.csv
2024-09-09,0,121.5,71.8,14.8,7.7,12.1,4.0,1.9,1.9,0.9,0.9,2.4,2.4,2.9,2.9,-2.0614051603938734,-1.6194449065125194,8.367376,0.6387633,-26.426275,-29.207495,5.0,27.698,0.0,83.217,6.130999999999999,1.0,232.45,2024,9,9,121.5,0.0,India_Averaged.csv
2024-09-10,0,120.3,73.9,17.8,8.2,18.8,4.4,1.9,1.9,0.9,0.9,2.7,2.7,3.2,3.2,-1.6346365003062011,-0.8275303348876644,9.909559,1.6374775,-22.599052,-16.062046,5.0,26.792,0.0,88.851,4.493,1.0,205.11599999999999,2024,9,10,120.3,0.0,India_Averaged.csv
2024-09-11,0,112.8,63.2,13.2,8.4,11.5,4.5,2.0,2.0,1.0,1.0,2.7,2.7,1.4,1.4,-2.3445174038586307,-1.7814080252890012,7.9096956,0.4710123,-28.866314,-44.74806,5.0,27.218,0.0,86.72900000000001,11.018,1.0,210.32800000000003,2024,9,11,112.8,0.0,India_Averaged.csv
2024-09-12,0,102.2,51.5,10.1,5.9,9.8,3.6,2.0,2.0,1.0,1.0,3.0,3.0,0.0,0.0,-3.503614849559052,-1.8441161569087217,8.36594,-1.0864993,-46.495415,-40.857147,5.0,25.76,0.0,86.89500000000001,16.853,1.0,205.79399999999995,2024,9,12,102.2,0.0,India_Averaged.csv
2024-09-13,0,84.4,48.7,11.8,6.0,12.7,3.9,2.0,2.0,1.0,1.0,3.0,3.0,0.1,0.1,-3.690194708171764,-1.5180692835480143,8.616469,-0.6711315,-44.48908,-44.02841,5.0,25.673000000000002,0.0,85.09299999999999,13.181000000000001,1.0,243.873,2024,9,13,84.4,0.0,India_Averaged.csv
2024-09-14,0,77.6,60.4,11.0,6.4,10.9,3.6,2.0,2.0,1.0,1.0,3.0,3.0,0.0,0.0,-3.630796338175807,-1.8276788927084364,8.870367,-1.179393,-50.432858,-47.239025,5.0,25.598,0.0,82.161,10.224,1.0,260.684,2024,9,14,80.0,0.0,India_Averaged.csv
2024-09-15,0,99.9,84.4,12.7,7.6,10.9,4.7,2.0,2.0,1.0,1.0,3.0,3.0,0.3,0.3,-2.4386641668127713,-1.602891880700509,7.976767,0.30311903,-33.933064,-37.964596,5.0,26.133,0.0,77.644,10.943000000000001,1.0,279.043,2024,9,15,106.4,0.0,India_Averaged.csv
2024-09-16,0,119.6,93.5,12.6,7.6,20.2,4.1,1.8,1.8,1.1,1.1,2.9,2.9,1.3,1.3,-1.8309343424369753,-0.5761314759967376,9.800183,1.6468843,-28.93281,-8.1292305,5.0,26.548000000000002,0.0,73.088,10.751,1.0,288.241,2024,9,16,121.1,0.0,India_Averaged.csv
2024-09-17,0,127.3,107.6,14.4,8.0,20.1,4.3,1.7,1.7,1.0,1.0,2.7,2.7,3.2,3.2,-1.2383153395014248,-0.5086508789511696,9.581428,2.4748073,-13.976443,-10.204796,5.0,27.008,0.0,75.091,8.169999999999998,1.0,215.775,2024,9,17,135.9,0.0,India_Averaged.csv
2024-09-18,0,130.6,83.0,14.2,7.5,13.7,4.2,1.9,1.9,0.9,0.9,2.7,2.7,1.3,1.3,-1.773498508992758,-1.282313589393066,9.017082,1.6078573,-23.686405,-27.99085,5.0,25.086999999999996,0.0,81.25800000000001,12.317,1.0,131.31,2024,9,18,138.3,0.0,India_Averaged.csv
2024-09-19,0,102.7,48.2,12.1,8.1,14.2,4.0,2.0,2.0,1.0,1.0,3.0,3.0,0.7,0.7,-2.8963039335704677,-1.6422961182616878,8.7358,-0.23548298,-41.314407,-28.751148,5.0,26.117999999999995,0.0,83.742,7.87,1.0,171.56900000000002,2024,9,19,102.7,0.0,India_Averaged.csv
2024-09-20,0,91.5,61.0,14.4,8.8,19.7,3.6,2.0,2.0,1.0,1.0,2.7,2.7,1.5,1.5,-2.518395645801564,-1.1793209963904765,9.697725,0.5103343,-34.12375,-32.366688,5.0,27.083999999999996,0.0,79.426,6.11,1.0,193.06800000000004,2024,9,20,92.2,0.0,India_Averaged.csv
2024-09-21,0,98.6,75.4,14.3,8.9,16.6,3.9,1.9,1.9,0.9,0.9,2.7,2.7,1.5,1.5,-2.1712076789831327,-1.393642367436294,9.611653,0.59154785,-33.213387,-27.016806,5.0,27.819,0.0,78.67,4.825,1.0,215.31900000000002,2024,9,21,101.9,0.0,India_Averaged.csv
2024-09-22,0,111.3,112.0,14.4,9.6,17.4,3.9,1.9,1.9,0.9,0.9,2.8,2.8,2.4,2.4,-1.1790673436700416,-1.2095797993336437,9.630534,1.8301628,-20.81409,-17.564438,5.0,28.68,0.0,77.11800000000001,6.007,1.0,278.23199999999997,2024,9,22,131.4,0.0,India_Averaged.csv
2024-09-23,0,146.18,138.6,16.6,9.7,20.8,5.0,1.7,1.7,1.0,1.0,2.4,2.4,3.0,3.0,0.1461661185935928,-0.35153044049066573,9.937197,2.7824469,-18.668652,1.8945545,5.0,28.816000000000003,0.0,76.2,6.501,1.0,246.70700000000002,2024,9,23,174.98,0.0,India_Averaged.csv
2024-09-24,0,139.7582284118052,96.98224058029419,14.875631236617783,8.746204299769222,21.34152624365073,5.755304289990024,1.6,1.6,1.2,1.2,2.0,2.0,2.6,2.6,-0.9597802170866473,-0.19241947121332867,8.38902,2.1589437,-20.930311,0.46215972,5.0,29.348000000000003,0.0,75.91799999999999,4.637,1.0,170.56699999999998,2024,9,24,139.7582284118052,0.0,India_Averaged.csv
2024-09-25,0,160.6,131.7,13.1,8.6,27.9,4.2,1.8,1.8,1.1,1.1,2.3,2.3,2.1,2.1,-0.11487657198505845,0.4544459263745586,9.719439,2.3831596,-13.3567295,8.481871,5.0,28.711000000000002,0.0,79.58200000000001,9.708,1.0,111.054,2024,9,25,180.7,0.0,India_Averaged.csv
2024-09-26,0,155.5,84.8,10.9,6.9,23.3,4.4,1.8,1.8,1.1,1.1,2.9,2.9,2.7,2.7,-1.5382112972657684,0.013100223648193233,9.492096,1.7945503,-23.580008,0.4572258,5.0,27.756,0.0,81.292,9.436,1.0,111.484,2024,9,26,165.4,0.0,India_Averaged.csv
2024-09-27,0,95.3,48.1,10.6,6.2,15.280000000000001,4.2,2.0,2.0,1.0,1.0,3.0,3.0,0.7,0.7,-3.5146502057746263,-1.1752295057735926,8.949835,-1.346051,-57.06449,-27.253836,5.0,26.826,0.0,80.55,9.161999999999999,1.0,102.404,2024,9,27,95.3,0.0,India_Averaged.csv
2024-09-28,0,70.8,45.8,10.5,8.1,18.2,4.2,2.0,2.0,1.0,1.0,3.0,3.0,0.7,0.7,-3.5970848391149914,-1.2606384144903073,10.20224,-0.7634307,-48.171276,-23.615963,5.0,26.088,0.0,82.627,7.595000000000001,1.0,102.843,2024,9,28,70.8,0.0,India_Averaged.csv
2024-09-29,0,78.3,54.3,11.4,10.5,15.86,4.2,1.9,1.9,0.9,0.9,2.7,2.7,1.6,1.6,-2.7967298724859058,-1.8786688528605218,9.768976,0.042857457,-47.81065,-36.751003,5.0,26.512999999999998,0.0,81.715,6.577,1.0,119.21600000000001,2024,9,29,79.8,0.0,India_Averaged.csv
2024-09-30,0,91.6,75.67999999999999,12.8,13.1,21.2,4.0,1.7,1.7,1.0,1.0,2.7,2.7,2.5,2.5,-1.5113788569030402,-1.6188303497628105,9.958305,1.881078,-24.043709,-26.702078,5.0,27.752,0.0,75.568,8.013000000000002,1.0,279.512,2024,9,30,95.1,0.0,India_Averaged.csv
2024-10-01,0,131.8,102.1,14.0,9.7,27.7,4.6,1.6,1.6,1.2,1.2,2.2,2.2,1.9,1.9,-0.8397042045434475,0.10482789884517349,9.704701,3.393063,-5.3571305,-4.5825987,5.0,28.579999999999995,0.0,71.845,9.084999999999999,1.0,255.29399999999995,2024,10,1,140.3,0.0,India_Averaged.csv
2024-10-02,0,139.6,108.0,15.64,9.7,16.5,4.4,1.9,1.9,0.9,0.9,1.2,1.2,1.1,1.1,-0.6099709414912515,-1.147799177117373,9.164266,2.8497882,-7.6544733,-13.302126,5.0,28.961000000000002,0.0,67.761,11.110000000000001,1.0,270.601,2024,10,2,152.0,0.0,India_Averaged.csv
2024-10-03,0,134.3,128.4,17.7,10.6,22.4,5.7,1.5,1.5,1.1,1.1,1.8,1.8,2.7,2.7,0.05304375524210414,-0.2503364885191965,9.576021,3.7678177,0.16480179,1.2851918,5.0,28.43,0.0,65.417,11.219,1.0,241.038,2024,10,3,168.5,0.0,India_Averaged.csv
2024-10-04,0,124.9,134.9,19.5,9.5,21.9,3.6,1.6,1.6,0.9,0.9,1.9,1.9,1.6,1.6,-0.13455102081186582,-0.5541652627679419,9.391466,3.0241148,-4.972069,-16.055145,5.0,27.976,0.0,67.89999999999999,9.775,1.0,242.035,2024,10,4,164.7,0.0,India_Averaged.csv
2024-10-05,0,128.8,129.1,17.2,8.2,18.2,4.2,1.9,1.9,0.9,0.9,2.2,2.2,2.2,2.2,-0.6288646936104281,-0.6501048076410142,9.142244,2.5867603,-10.078468,-22.242336,5.0,27.79,0.0,65.35499999999999,9.309000000000001,1.0,252.254,2024,10,5,168.8,0.0,India_Averaged.csv
2024-10-06,0,119.1,115.5,18.5,7.3,23.1,4.0,1.7,1.7,1.0,1.0,2.4,2.4,0.8,0.8,-1.0572384805632735,-0.06253077243673758,9.530824,2.2910244,-11.6007185,-16.281445,5.0,27.351,0.0,64.79299999999999,7.639,1.0,247.30499999999998,2024,10,6,149.2,0.0,India_Averaged.csv
2024-10-07,0,116.5,122.0,14.9,10.2,21.3,5.1,1.7,1.7,1.0,1.0,2.4,2.4,1.5,1.5,-0.6965845088278426,-0.5413752032706787,9.307211,2.8616035,-6.687869,-7.322899,5.0,27.187,0.0,65.546,6.340999999999999,1.0,200.704,2024,10,7,149.5,0.0,India_Averaged.csv
2024-10-08,0,121.8,119.8,16.0,9.6,25.0,5.8,1.7,1.7,1.0,1.0,2.4,2.4,2.3,2.3,-0.616900672671798,0.15139260940334168,9.66774,3.4096043,-4.3558383,9.7348385,5.0,27.328000000000003,0.0,62.016,6.159,1.0,251.783,2024,10,8,145.0,0.0,India_Averaged.csv
2024-10-09,0,143.4,102.4,18.0,9.8,24.0,4.7,1.7,1.7,1.0,1.0,2.0,2.0,2.6,2.6,-0.3378622400011372,-0.2446267464386575,9.780737,3.3502278,-9.393932,2.2816176,5.0,27.189999999999998,0.0,59.08399999999999,7.373,1.0,260.532,2024,10,9,148.8,0.0,India_Averaged.csv
2024-10-10,0,137.1,102.4,19.06,9.3,19.7,4.4,1.7,1.7,1.0,1.0,2.0,2.0,2.4,2.4,-0.5294924195129778,-0.7209368483955642,9.630823,3.254542,1.5523822,-3.914302,5.0,26.385,0.0,58.686,8.055,1.0,253.834,2024,10,10,147.0,0.0,India_Averaged.csv
2024-10-11,0,133.5,102.4,17.36,8.7,23.5,4.2,1.5,1.5,1.1,1.1,2.0,2.0,3.2,3.2,-0.8037620579890508,-0.25103626990811934,9.801987,3.2346718,-4.537088,-2.3978603,5.0,25.706,0.0,58.677,8.440000000000001,1.0,258.428,2024,10,11,147.0,0.0,India_Averaged.csv
2024-10-12,0,134.7,123.3,17.14,10.1,27.2,4.0,1.3,1.3,1.2,1.2,2.5,2.5,2.0,2.0,-0.13387863838737302,-0.016748560306285888,9.8120365,3.6335177,6.85318,-2.7047913,5.0,25.983000000000004,0.0,60.762,7.815,1.0,199.457,2024,10,12,162.8,0.0,India_Averaged.csv
2024-10-13,0,141.4,148.2,18.06,16.8,29.8,4.5,1.6,1.6,0.9,0.9,1.9,1.9,2.8,2.8,1.850890206218414,-0.642618521250655,9.366425,4.434343,5.279297,-11.830242,5.0,25.775,0.0,62.963,6.058,1.0,191.77,2024,10,13,187.2,0.0,India_Averaged.csv
2024-10-14,0,160.4,157.4,21.2,12.3,69.5,4.9,1.2,1.2,1.4,1.4,1.7,1.7,3.2,3.2,2.1675590785284498,4.875375308401966,11.233116,4.3686085,7.4703875,28.398352,5.0,25.691000000000003,0.0,60.041,6.345000000000001,1.0,199.551,2024,10,14,200.3,0.0,India_Averaged.csv
2024-10-15,0,157.0,152.8,20.0,10.9,25.2,4.4,1.5,1.5,1.1,1.1,1.7,1.7,1.4,1.4,1.1224647751986399,-0.06599100482897688,9.580408,4.1121664,12.259439,0.9930159,5.0,25.55,0.0,56.395,8.023,1.0,226.997,2024,10,15,192.5,0.0,India_Averaged.csv
2024-10-16,0,152.4,173.9,22.5,12.5,28.52,4.9,1.1,1.1,1.3,1.3,1.7,1.7,3.0,3.0,1.9415045040017156,0.24888015042900494,9.781571,5.327899,23.001707,8.218275,5.0,26.375,0.0,53.573,6.616,1.0,197.46200000000002,2024,10,16,200.2,0.0,India_Averaged.csv
2024-10-17,0,161.1,191.4,23.9,17.2,25.0,6.3,1.2,1.2,0.8,0.8,1.5,1.5,3.7,3.7,3.4176023517366425,-0.5504043241089598,9.858059,6.506608,39.258205,14.239003,5.0,26.464000000000006,0.0,58.507999999999996,6.21,1.0,164.299,2024,10,17,216.7,0.0,India_Averaged.csv
2024-10-18,0,184.2,184.0,22.5,14.8,28.1,6.3,1.3,1.3,0.8,0.8,1.5,1.5,2.8,2.8,3.1721953931060125,0.2440523656801319,9.665499,5.6261916,29.015436,4.9168167,5.0,26.669,0.0,58.00500000000001,6.159999999999999,1.0,181.625,2024,10,18,225.4,0.0,India_Averaged.csv
2024-10-19,0,177.7,188.5,20.0,15.6,25.1,5.6,1.3,1.3,0.9,0.9,1.1,1.1,3.5,3.5,3.0497590051886156,-0.407726426365023,9.167071,5.500738,30.384953,-5.7024236,5.0,27.22,0.0,57.205999999999996,5.555,1.0,171.847,2024,10,19,218.0,0.0,India_Averaged.csv
2024-10-20,0,177.7,162.1,18.22,12.4,32.7,4.3,1.4,1.4,1.0,1.0,1.7,1.7,2.5,2.5,1.9108344586176416,0.5920105543990144,9.777746,4.929044,18.963337,13.709646,5.0,26.649,0.0,61.848,6.917,1.0,135.589,2024,10,20,201.6,0.0,India_Averaged.csv
2024-10-21,0,179.1,145.4,18.259999999999998,11.6,35.7,5.2,1.3,1.3,1.2,1.2,1.8,1.8,2.7,2.7,1.554498842944257,1.1936036202955602,9.963763,4.8363495,16.907536,16.26746,5.0,26.181,0.0,64.295,6.289,1.0,135.879,2024,10,21,182.9,0.0,India_Averaged.csv
2024-10-22,0,188.7,159.6,22.2,12.5,25.0,5.7,1.2,1.2,0.8,0.8,1.7,1.7,4.1,4.1,2.3255985730571473,0.056632039077764484,9.604076,5.5348306,27.960583,3.1031804,5.0,25.744999999999997,0.0,63.121,6.4,1.0,166.27,2024,10,22,209.2,0.0,India_Averaged.csv
2024-10-23,0,185.4,192.9,19.34,12.0,23.4,4.2,1.2,1.2,0.8,0.8,1.8,1.8,4.1,4.1,2.450824256824485,-0.23516628842708737,9.284081,5.873976,26.890005,7.250785,5.0,26.046,0.0,55.762,9.777000000000001,1.0,262.54200000000003,2024,10,23,218.1,0.0,India_Averaged.csv
2024-10-24,0,209.5,152.3,21.02,11.4,31.8,5.5,1.1,1.1,0.8,0.8,1.3,1.3,4.3,4.3,2.35803673083423,0.9947719290201247,10.011969,6.181083,30.568127,17.761057,5.0,25.505000000000003,0.0,55.492000000000004,10.763,1.0,278.519,2024,10,24,222.1,0.0,India_Averaged.csv
2024-10-25,0,173.6,151.4,18.4,9.9,22.9,5.4,1.5,1.5,1.1,1.1,1.7,1.7,3.0,3.0,1.0712044959062903,0.09579508344021262,9.355919,4.4834204,6.732042,-0.88286096,5.0,25.313000000000002,0.0,57.05,9.575,1.0,291.09900000000005,2024,10,25,183.2,0.0,India_Averaged.csv
2024-10-26,0,181.9,171.2,21.1,11.8,29.3,6.0,1.2,1.2,1.1,1.1,1.7,1.7,3.3,3.3,2.2211081160877897,0.7625218916295335,9.553549,5.157561,19.686989,8.455957,5.0,25.645,0.0,59.833000000000006,8.235,1.0,225.00500000000002,2024,10,26,206.5,0.0,India_Averaged.csv
2024-10-27,0,191.7,166.5,19.9,12.7,28.6,4.7,1.2,1.2,1.1,1.1,1.7,1.7,1.8,1.8,2.3871807119784494,0.23600740355659142,9.31767,5.2307324,23.765099,3.3298612,5.0,26.043,0.0,65.324,6.5,1.0,136.492,2024,10,27,201.7,0.0,India_Averaged.csv
2024-10-28,0,204.0,143.3,18.3,12.4,28.1,4.8,1.3,1.3,0.9,0.9,1.3,1.3,4.1,4.1,2.0479637913003623,0.1634305845793918,9.526468,5.687189,30.34292,4.91331,5.0,26.268,0.0,64.33200000000001,7.225999999999999,1.0,156.95999999999998,2024,10,28,205.2,0.0,India_Averaged.csv
2024-10-29,0,186.7,129.3,17.8,12.0,21.0,5.5,1.4,1.4,1.0,1.0,1.5,1.5,3.5,3.5,1.305988203150731,-0.5426885027985303,9.042653,5.234813,23.626566,-1.9963834,5.0,26.941000000000003,0.0,61.987,6.803999999999999,1.0,180.551,2024,10,29,192.8,0.0,India_Averaged.csv
2024-10-30,0,175.5,172.2,19.4,12.8,29.8,5.3,1.4,1.4,1.0,1.0,2.0,2.0,3.2,3.2,2.185935358509812,0.46303184800311586,9.625418,5.2810407,20.305735,8.0419445,5.0,27.365,0.0,54.758,7.590000000000001,1.0,262.51899999999995,2024,10,30,200.1,0.0,India_Averaged.csv
2024-10-31,0,191.0,194.2,21.1,11.0,22.9,6.1,1.4,1.4,0.7,0.7,1.4,1.4,2.1,2.1,2.531004240334162,0.3362480162843578,9.147223,6.0152106,33.319695,1.1127297,5.0,26.439999999999998,0.0,50.426,10.664,1.0,294.615,2024,10,31,214.6,0.0,India_Averaged.csv
2024-11-01,0,221.1,240.1,17.7,10.5,22.4,8.9,1.3,1.3,0.6,0.6,1.2,1.2,4.2,4.2,3.5152589886782826,1.2642196738828673,8.586909,6.931363,40.281124,-1.7521145,5.0,25.334,0.0,50.19199999999999,9.432,1.0,278.68600000000004,2024,11,1,249.9,0.0,India_Averaged.csv
2024-11-02,0,252.6,198.7,21.0,11.5,29.2,6.1,1.2,1.2,0.5,0.5,1.1,1.1,3.9,3.9,3.911789893380643,1.1641026417574483,8.97348,7.2735624,45.462994,6.4184227,5.0,25.001,0.0,52.46,6.587999999999999,1.0,198.68200000000002,2024,11,2,275.1,0.0,India_Averaged.csv
2024-11-03,0,224.2,209.9,23.7,12.84,39.6,5.9,1.1,1.1,0.7,0.7,1.3,1.3,4.2,4.2,4.165495852467371,2.0608335585995348,9.616655,6.990059,38.658604,24.427822,5.0,24.650000000000002,0.0,52.31699999999999,6.368,1.0,221.53500000000003,2024,11,3,248.7,0.0,India_Averaged.csv
2024-11-04,0,239.7,220.6,23.4,14.5,26.2,4.5,1.3,1.3,0.6,0.6,1.8,1.8,3.1,3.1,4.757827052529148,0.03368965972762865,9.230547,6.6665154,41.185276,6.9699736,5.0,23.965000000000003,0.0,59.955,6.604000000000001,1.0,179.892,2024,11,4,264.0,0.0,India_Averaged.csv
2024-11-05,0,239.9,199.7,22.9,14.4,27.5,5.9,1.2,1.2,0.5,0.5,1.2,1.2,4.3,4.3,4.396888208692568,0.3999122902751461,9.106725,7.299257,49.068027,7.841243,5.0,24.031,0.0,64.39099999999999,5.877,1.0,113.391,2024,11,5,257.4,0.0,India_Averaged.csv
2024-11-06,0,208.5,190.0,24.3,15.4,47.0,4.6,1.1,1.1,1.0,1.0,1.4,1.4,5.0,5.0,4.1775804175332425,2.0293113491606674,10.6115675,6.5842605,35.522522,33.504128,5.0,24.41,0.0,63.147000000000006,5.715000000000001,1.0,211.42,2024,11,6,228.9,0.0,India_Averaged.csv
2024-11-07,0,214.4,208.2,21.4,16.3,35.7,6.779999999999999,1.0,1.0,0.6,0.6,1.1,1.1,4.9,4.9,4.4418887443172554,1.1460062914923512,10.004264,7.1896048,44.853718,26.788885,5.0,24.641,0.0,62.653,5.339,1.0,151.193,2024,11,7,237.0,0.0,India_Averaged.csv
2024-11-08,0,242.4,169.1,19.2,14.3,27.360000000000003,4.7,1.3,1.3,0.6,0.6,1.1,1.1,3.4,3.4,3.620523795728713,-0.0325926486755294,9.2500925,6.7309265,42.62081,4.9632215,5.0,24.720000000000002,0.0,63.470000000000006,6.055,1.0,156.256,2024,11,8,244.2,0.0,India_Averaged.csv
2024-11-09,0,216.9,151.1,18.8,13.1,31.119999999999997,6.2,1.2,1.2,0.8,0.8,1.4,1.4,4.1,4.1,2.649348150945064,0.7693026477565037,9.883047,6.351991,30.127392,24.177074,5.0,24.684,0.0,60.198,7.752,1.0,171.192,2024,11,9,216.9,0.0,India_Averaged.csv
2024-11-10,0,204.8,143.6,17.1,12.0,36.3,5.3,1.3,1.3,1.2,1.2,1.8,1.8,3.1,3.1,2.000830103563744,1.2697072787403325,9.669365,5.541424,23.456085,9.14538,5.0,24.516,0.0,62.480999999999995,6.659000000000001,1.0,157.3,2024,11,10,204.8,0.0,India_Averaged.csv
2024-11-11,0,196.8,171.0,17.8,15.7,39.7,7.5,1.0,1.0,0.9,0.9,1.7,1.7,3.1,3.1,3.17024270641017,1.6025796773891894,10.243921,6.2027316,34.207253,26.489582,5.0,24.356,0.0,63.625,5.906000000000001,1.0,153.603,2024,11,11,213.4,0.0,India_Averaged.csv
2024-11-12,0,202.7,170.5,19.5,15.4,23.1,5.96,1.3,1.3,0.6,0.6,1.8,1.8,5.0,5.0,3.1204985833843066,-0.5406178599041868,9.431845,5.990464,26.569576,6.130891,5.0,24.992,0.0,50.525,6.614,1.0,222.842,2024,11,12,209.4,0.0,India_Averaged.csv
2024-11-13,0,199.0,322.5,18.7,16.8,26.28,5.0,1.4,1.4,0.4,0.4,1.8,1.8,2.7,2.7,5.786063349455505,0.08965949013700439,9.266771,7.3012033,43.122406,10.033079,5.0,23.982999999999997,0.0,53.916999999999994,4.512,1.0,225.02599999999998,2024,11,13,336.5,0.0,India_Averaged.csv
2024-11-14,0,326.3,264.8,18.0,19.0,14.5,6.1,1.4,1.4,0.4,0.4,1.5,1.5,2.7,2.7,7.459413520134066,-1.3147750538518974,8.720697,7.6608086,52.707603,-5.4067364,5.0,23.712,0.0,52.78000000000001,3.8950000000000005,1.0,205.987,2024,11,14,330.4,0.0,India_Averaged.csv
2024-11-15,0,289.3,200.4,23.380000000000003,13.819999999999999,24.08,5.279999999999999,1.4,1.4,0.4,0.4,1.5,1.5,3.9,3.9,5.192510079158492,0.12785350142920654,8.915723,6.9803376,45.261135,-2.5588067,5.0,23.506999999999998,0.0,51.089000000000006,5.37,1.0,260.062,2024,11,15,289.3,0.0,India_Averaged.csv
2024-11-16,0,221.95999999999998,242.4,23.6,15.6,24.9,5.3,1.4,1.4,0.4,0.4,1.8,1.8,3.9,3.9,5.019070530278115,-0.07602002310175446,9.63727,6.969239,44.530754,8.961046,5.0,23.307,0.0,51.587,4.949,1.0,263.303,2024,11,16,268.24,0.0,India_Averaged.csv
2024-11-17,0,265.8,317.4,20.3,16.4,20.6,5.2,1.4,1.4,0.4,0.4,1.8,1.8,2.7,2.7,6.91508642280899,-0.26062660308989904,8.812166,7.4137278,49.320396,1.2195994,5.0,22.6,0.0,52.004999999999995,6.062,1.0,275.849,2024,11,17,339.8,0.0,India_Averaged.csv
2024-11-18,0,330.6,460.0,18.9,17.9,17.9,7.2,1.4,1.4,0.4,0.4,1.8,1.8,3.7,3.7,10.641319961157937,0.47885508196672893,9.07977,8.201993,56.483208,4.2661586,5.0,20.765,0.0,54.028,5.229,1.0,223.23499999999999,2024,11,18,482.3,0.0,India_Averaged.csv
2024-11-19,0,421.5,202.44,22.72,14.48,27.46,9.059999999999999,1.2,1.2,0.5,0.5,1.5,1.5,4.0,4.0,7.848808363872924,1.6105653455766002,9.049297,7.8679833,56.321556,5.9750147,5.0,20.052,0.0,49.831,4.915000000000001,1.0,234.70300000000003,2024,11,19,421.5,0.0,India_Averaged.csv
2024-11-20,0,253.11999999999998,195.4,20.3,13.1,25.2,9.8,1.3,1.3,0.6,0.6,1.9,1.9,5.2,5.2,4.141593105087492,1.217033841153382,10.030748,6.094322,27.06137,13.265694,5.0,19.793,0.0,49.443,4.493,1.0,241.554,2024,11,20,263.6,0.0,India_Averaged.csv
2024-11-21,0,248.3,190.6,24.0,17.0,25.8,6.5,1.2,1.2,0.5,0.5,1.6,1.6,5.2,5.2,4.997316865936887,-0.13103452646435415,9.120709,7.2291784,45.735077,4.967841,5.0,19.619999999999997,0.0,50.65,4.181,1.0,243.05800000000005,2024,11,21,256.6,0.0,India_Averaged.csv
2024-11-22,0,225.1,226.2,25.4,16.8,26.0,7.6,1.3,1.3,0.6,0.6,1.5,1.5,4.7,4.7,5.236471625564844,0.2853532465560677,9.832901,6.932908,42.65994,13.682925,5.0,19.924,0.0,53.891000000000005,3.8599999999999994,1.0,245.15899999999996,2024,11,22,253.4,0.0,India_Averaged.csv
2024-11-23,0,269.7,215.9,29.96,21.0,27.2,7.8,1.2,1.2,0.5,0.5,1.3,1.3,3.8,3.8,7.100259527034081,-0.15844525348848623,9.584876,7.5540857,49.47112,15.49173,5.0,20.558,0.0,51.693000000000005,4.53,1.0,210.20700000000002,2024,11,23,284.3,0.0,India_Averaged.csv
2024-11-24,0,247.4,148.3,23.14,15.3,24.2,5.7,1.2,1.2,0.8,0.8,1.2,1.2,4.6,4.6,3.8502306004779463,-0.40478331379970883,9.030713,6.7767763,39.552734,-0.34240893,5.0,21.084,0.0,49.548,5.975,1.0,251.98200000000003,2024,11,24,247.4,0.0,India_Averaged.csv
2024-11-25,0,190.5,202.4,21.0,14.0,21.6,5.3,1.2,1.2,0.8,0.8,1.5,1.5,4.0,4.0,3.2233374882106345,-0.47676531171222714,9.038916,6.2213674,34.208286,-2.918492,5.0,20.451999999999998,0.0,52.759,6.561,1.0,264.327,2024,11,25,222.5,0.0,India_Averaged.csv
2024-11-26,0,247.9,137.4,22.7,12.6,21.0,5.6,1.2,1.2,0.8,0.8,1.2,1.2,3.8,3.8,3.066001300231118,-0.37056288133916143,8.754845,6.549301,39.411633,-9.15484,5.0,20.158,0.0,50.755,5.5729999999999995,1.0,258.706,2024,11,26,247.9,0.0,India_Averaged.csv
2024-11-27,0,195.2,136.4,25.1,12.8,27.54,5.7,1.1,1.1,1.0,1.0,0.8,0.8,4.5,4.5,2.377191076967989,0.22124196807104424,9.772932,6.08628,36.161892,2.3889115,5.0,20.166999999999998,0.0,49.864000000000004,4.255,1.0,233.93399999999997,2024,11,27,199.1,0.0,India_Averaged.csv
2024-11-28,0,185.2,158.3,26.4,16.4,26.6,5.9,1.3,1.3,0.6,0.6,1.1,1.1,4.2,4.2,3.3642737835306633,-0.38712956836698986,10.072973,6.5599914,35.917557,17.095345,5.0,19.311,0.0,54.05,4.444,1.0,222.36099999999996,2024,11,28,201.0,0.0,India_Averaged.csv
2024-11-29,0,207.4,175.4,32.3,18.1,29.8,7.0,1.3,1.3,0.6,0.6,1.1,1.1,5.0,5.0,4.900035612326552,0.1129382419424408,10.089436,6.7007103,41.132732,16.664534,5.0,18.358,0.0,59.455,3.565,1.0,198.664,2024,11,29,219.3,0.0,India_Averaged.csv
2024-11-30,0,214.4,177.2,30.8,16.9,27.380000000000003,6.4,1.3,1.3,0.6,0.6,1.1,1.1,7.3,7.3,4.666293251072901,-0.06514534544350511,10.31223,6.5119157,35.998863,20.698994,5.0,18.716,0.0,59.735,5.627,1.0,222.342,2024,11,30,223.7,0.0,India_Averaged.csv
2024-12-01,0,218.3,132.4,24.6,12.4,23.46,5.7,1.2,1.2,0.8,0.8,1.2,1.2,5.1,5.1,2.5720001152478904,-0.12882469408882344,10.11883,6.0871634,34.386574,17.638807,5.0,19.072,0.0,60.939,5.58,1.0,207.344,2024,12,1,218.3,0.0,India_Averaged.csv
2024-12-02,0,189.0,131.9,24.9,13.2,28.160000000000004,5.9,1.1,1.1,1.0,1.0,1.3,1.3,6.0,6.0,2.26411917238715,0.22356117436400616,10.128466,5.8557787,28.340902,13.592054,5.0,19.413,0.0,59.025999999999996,5.7250000000000005,1.0,215.833,2024,12,2,189.0,0.0,India_Averaged.csv
2024-12-03,0,185.5,123.6,25.1,12.6,21.72,5.5,1.2,1.2,0.8,0.8,1.0,1.0,6.2,6.2,1.875759605648651,-0.5395959009847184,10.047286,5.8373575,28.793533,11.9122715,5.0,19.935,0.0,54.654999999999994,6.7780000000000005,1.0,235.996,2024,12,3,189.0,0.0,India_Averaged.csv
2024-12-04,0,169.7,108.3,20.5,9.8,21.32,5.76,1.6,1.6,1.2,1.2,0.8,0.8,3.1,3.1,0.41940830426853637,-0.1925143595882502,9.63741,4.8436155,15.976868,10.235485,5.0,19.727,0.0,50.55,8.316,1.0,262.779,2024,12,4,169.9,0.0,India_Averaged.csv
2024-12-05,0,141.4,100.4,21.8,10.5,18.0,6.1,1.8,1.8,1.0,1.0,0.9,0.9,2.5,2.5,-0.02844492425547527,-0.7289752849432625,9.696863,4.464632,12.060735,0.31802902,5.0,18.333,0.0,43.167,6.640000000000001,1.0,256.193,2024,12,5,142.1,0.0,India_Averaged.csv
2024-12-06,0,144.2,124.1,24.1,11.0,17.4,6.6,1.6,1.6,0.9,0.9,0.8,0.8,3.0,3.0,0.6874327969110361,-0.6336380366227397,9.649914,5.1830473,20.106215,6.9417257,5.0,18.055,0.0,47.208,5.971,1.0,271.957,2024,12,6,157.6,0.0,India_Averaged.csv
2024-12-07,0,150.4,125.2,28.6,14.6,21.0,7.3,1.5,1.5,0.8,0.8,1.2,1.2,5.4,5.4,1.9386152727673465,-0.6456254043396077,10.080275,5.569953,21.963251,14.97164,5.0,17.21,0.0,49.666999999999994,4.175,1.0,173.505,2024,12,7,161.5,0.0,India_Averaged.csv
2024-12-08,0,164.7,145.1,28.4,17.740000000000002,19.8,6.9799999999999995,1.5,1.5,0.5,0.5,1.0,1.0,5.9,5.9,3.125061172826255,-1.2676912852046605,9.841451,5.918479,20.667168,-0.35603923,5.0,16.752000000000002,0.0,50.204,9.167,1.0,175.88799999999998,2024,12,8,180.4,0.0,India_Averaged.csv
2024-12-09,0,193.1,109.3,22.2,10.7,22.5,4.6,1.2,1.2,0.8,0.8,0.9,0.9,3.0,3.0,1.1758603177373999,-0.3843366180245146,9.471299,5.5635643,25.246502,5.328826,5.0,15.220000000000002,0.0,57.077,6.132,1.0,216.99200000000002,2024,12,9,193.3,0.0,India_Averaged.csv
2024-12-10,0,158.8,109.8,23.1,10.5,19.4,5.8,1.7,1.7,1.0,1.0,0.9,0.9,3.1,3.1,0.5587461573138954,-0.5287857158442898,9.743647,4.8551664,15.218557,5.774456,5.0,14.388,0.0,50.963,7.2620000000000005,1.0,230.70099999999996,2024,12,10,158.8,0.0,India_Averaged.csv
2024-12-11,0,164.7,119.1,25.1,14.5,23.1,5.3,1.6,1.6,0.9,0.9,0.7,0.7,5.8,5.8,1.8120911261953396,-0.8430736855888068,10.008461,5.6218224,15.839864,3.522401,5.0,14.176999999999998,0.0,48.904,6.111,1.0,239.00500000000002,2024,12,11,164.7,0.0,India_Averaged.csv
2024-12-12,0,165.4,139.5,30.9,9.2,20.4,6.540000000000001,1.2,1.2,0.8,0.8,1.1,1.1,6.5,6.5,1.5237272834049223,0.20187110116076887,9.740476,5.3459063,22.608551,10.321672,5.0,14.73,0.0,48.387,7.263,1.0,237.849,2024,12,12,169.9,0.0,India_Averaged.csv
2024-12-13,0,191.6,115.3,23.7,8.1,18.6,4.36,1.3,1.3,0.9,0.9,0.9,0.9,4.0,4.0,0.7890622999381544,-0.38574268577828447,9.260418,5.0100393,22.669353,-8.468674,5.0,14.75,0.0,43.111000000000004,10.587,1.0,265.146,2024,12,13,191.6,0.0,India_Averaged.csv
2024-12-14,0,160.9,109.3,21.3,10.4,18.5,5.1,1.7,1.7,1.0,1.0,0.6,0.6,2.6,2.6,0.4111938273249282,-0.7773473748347708,9.491675,4.299804,14.896131,-2.7858734,5.0,14.756,0.0,43.108999999999995,7.114,1.0,251.329,2024,12,14,160.9,0.0,India_Averaged.csv
2024-12-15,0,157.6,157.6,22.3,13.5,19.9,5.2,1.3,1.3,0.9,0.9,0.9,0.9,3.6,3.6,1.857893893459779,-0.9076272166148902,9.069393,5.5425463,25.696766,-14.571515,5.0,14.497,0.0,52.839,3.778,1.0,237.773,2024,12,15,177.5,0.0,India_Averaged.csv
2024-12-16,0,206.7,224.2,26.5,18.4,23.8,5.4,1.3,1.3,0.6,0.6,1.0,1.0,4.2,4.2,5.209938141103401,-0.781971239051263,9.34746,6.977413,44.145905,6.8497343,5.0,14.562000000000001,0.0,64.683,3.375,1.0,227.39300000000003,2024,12,16,253.5,0.0,India_Averaged.csv
2024-12-17,0,264.0,224.4,28.3,16.6,24.9,6.8,1.3,1.3,0.6,0.6,1.0,1.0,2.3,2.3,6.082596089308448,0.1474524870006346,9.119456,7.24879,47.609123,-4.568228,5.0,14.751,0.0,67.52199999999999,3.911,1.0,196.63600000000002,2024,12,17,274.5,0.0,India_Averaged.csv
2024-12-18,0,271.5,284.4,26.6,18.8,19.1,5.6,1.3,1.3,0.3,0.3,0.9,0.9,2.2,2.2,7.42966187378384,-0.860503366415483,8.609925,8.259644,60.607605,-8.172195,5.0,14.556999999999999,0.0,66.05499999999999,4.0600000000000005,1.0,215.233,2024,12,18,303.0,0.0,India_Averaged.csv
2024-12-19,0,316.0,252.2,22.7,20.8,24.4,6.7,1.2,1.2,0.5,0.5,1.1,1.1,2.4,2.4,7.9084821528476725,-0.4286918518867523,8.5857935,7.804583,60.726707,-6.2919073,5.0,15.274000000000001,0.0,64.325,6.229,1.0,113.42699999999999,2024,12,19,325.7,0.0,India_Averaged.csv
2024-12-20,0,297.4,243.9,25.7,17.0,22.4,7.32,1.4,1.4,0.4,0.4,0.9,0.9,2.4,2.4,6.87981429758292,0.07784692878439595,8.233663,8.141551,62.001343,-14.009944,5.0,16.255000000000003,0.0,66.29299999999999,5.843000000000001,1.0,178.971,2024,12,20,300.7,0.0,India_Averaged.csv
2024-12-21,0,289.2,182.9,25.7,14.6,20.18,5.32,1.4,1.4,0.4,0.4,0.8,0.8,3.3,3.3,5.191484696119989,-0.5113352863888506,7.877776,8.086624,62.859264,-16.631702,5.0,15.953999999999999,0.0,63.449,4.93,1.0,186.699,2024,12,21,289.2,0.0,India_Averaged.csv
2024-12-22,0,243.3,218.3,27.7,21.2,21.44,6.12,1.4,1.4,0.4,0.4,0.8,0.8,2.3,2.3,6.426051235806094,-1.2987967922950088,8.537802,8.074291,59.752403,-10.786959,5.0,16.559,0.0,58.249,5.878,1.0,134.754,2024,12,22,266.7,0.0,India_Averaged.csv
2024-12-23,0,277.7,188.4,25.7,13.0,15.36,5.8,1.4,1.4,0.4,0.4,1.2,1.2,2.3,2.3,4.6974664476165415,-0.6791685017020891,7.8215537,7.377038,51.552185,-22.08908,5.0,15.008000000000001,0.0,71.739,6.9,1.0,110.018,2024,12,23,277.7,0.0,India_Averaged.csv
2024-12-24,0,253.3,138.8,22.7,11.8,12.1,6.779999999999999,1.4,1.4,0.4,0.4,0.9,0.9,3.8,3.8,2.9396338390337324,-0.9609797312385974,7.9623556,6.7162766,42.739983,-25.402498,5.0,15.282,0.0,78.793,6.029,1.0,146.407,2024,12,24,253.3,0.0,India_Averaged.csv
2024-12-25,0,209.1,148.2,22.6,13.4,12.4,6.0,1.4,1.4,0.4,0.4,0.7,0.7,4.3,4.3,2.5817151041622313,-1.4620320615703881,8.1813,6.1240544,32.575546,-18.327602,5.0,15.271,0.0,78.315,6.301,1.0,206.38299999999998,2024,12,25,209.1,0.0,India_Averaged.csv
2024-12-26,0,222.5,169.6,23.4,14.5,15.6,7.2,1.4,1.4,0.4,0.4,0.9,0.9,4.4,4.4,3.517509930565042,-0.8796003124145887,8.526281,6.9487433,42.4166,-6.968384,5.0,17.026,0.0,72.704,4.801,1.0,109.918,2024,12,26,225.3,0.0,India_Averaged.csv
2024-12-27,0,234.2,134.4,21.0,10.4,8.6,5.4399999999999995,1.5,1.5,0.5,0.5,0.8,0.8,2.8,2.8,2.042506890784469,-1.496011734161335,7.5699334,6.657808,41.265266,-32.54319,5.0,15.749,0.0,89.363,7.398000000000001,1.0,115.501,2024,12,27,234.2,0.0,India_Averaged.csv
2024-12-28,0,212.1,100.3,19.3,9.1,7.2,6.04,1.9,1.9,0.9,0.9,0.6,0.6,2.7,2.7,0.676741549050859,-1.5391870284438682,7.4408464,6.0459185,33.047543,-35.667763,5.0,15.124,0.0,84.702,6.645999999999999,1.0,247.47199999999998,2024,12,28,216.8,0.0,India_Averaged.csv
2024-12-29,0,162.6,88.8,16.0,6.9,9.9,5.74,2.0,2.0,1.0,1.0,1.5,1.5,1.8,1.8,-1.0925006836388511,-1.1364776249146231,8.366376,2.8190188,-1.7369163,-14.658377,5.0,13.442000000000002,0.0,81.387,7.5760000000000005,1.0,252.033,2024,12,29,162.6,0.0,India_Averaged.csv
2024-12-30,0,158.9,125.35999999999999,21.72,9.42,30.660000000000004,6.42,1.0,1.0,1.5,1.5,1.1,1.1,2.4,2.4,0.6366575072940208,1.1423731146946035,10.919062,4.7658777,11.516667,31.211313,5.0,12.505,0.0,84.173,5.476999999999999,1.0,238.30700000000002,2024,12,30,158.9,0.0,India_Averaged.csv
2024-12-31,0,149.5822841180519,114.82240580294176,18.75631236617784,9.462042997692214,23.415262436507295,5.553042899900233,2.0,2.0,1.0,1.0,0.0,0.0,1.0,1.0,-0.024653403260480163,0.019591619741040827,-6.3323336,3.2490044,5.1385126,-28.38943,5.0,11.720000000000002,0.0,87.45,3.772,1.0,230.15,2024,12,31,149.5822841180519,0.0,India_Averaged.csv
2025-01-01,0,196.74,153.4,19.32,11.8,7.7,5.5200000000000005,1.4,1.4,0.4,0.4,0.7,0.7,2.9,2.9,1.8042739693294358,-1.8563289538009002,7.7727127,5.9618754,32.341118,-35.17222,5.0,12.099,0.0,85.939,5.145999999999999,1.0,247.599,2025,1,1,196.74,0.0,India_Averaged.csv
2025-01-02,0,217.0,149.6,18.8,12.3,9.1,6.2,1.4,1.4,0.4,0.4,0.4,0.4,4.3,4.3,2.204066223474922,-1.600407597254387,7.7236557,6.9792304,45.753532,-31.098438,5.0,13.724,0.0,80.005,4.9479999999999995,1.0,246.14700000000002,2025,1,2,221.0,0.0,India_Averaged.csv
2025-01-03,0,210.4,188.7,18.0,14.3,6.6,6.5,1.5,1.5,0.5,0.5,0.6,0.6,3.0,3.0,3.037589126295997,-2.005550444714654,7.8215265,6.4531717,43.597294,-29.015036,5.0,14.241,0.0,81.18900000000001,3.697,1.0,238.103,2025,1,3,242.2,0.0,India_Averaged.csv
2025-01-04,0,233.0,208.7,26.3,12.7,10.2,6.58,1.4,1.4,0.4,0.4,0.8,0.8,4.0,4.0,4.138787214109973,-1.0679321841664042,8.320269,7.3321114,48.699776,-12.697698,5.0,14.65,0.0,82.352,4.52,1.0,144.315,2025,1,4,249.6,0.0,India_Averaged.csv
2025-01-05,0,274.2,124.6,18.6,8.9,10.0,4.62,1.4,1.4,0.4,0.4,0.9,0.9,3.3,3.3,2.1425426805617596,-1.2033581553451718,7.3353515,7.3856964,55.458977,-33.667152,5.0,14.220000000000002,0.0,83.55100000000002,6.4510000000000005,1.0,138.88,2025,1,5,274.2,0.0,India_Averaged.csv
2025-01-06,0,197.4,124.0,19.1,11.02,10.2,4.58,1.6,1.6,0.6,0.6,1.0,1.0,2.9,2.9,1.1775232734581573,-1.7838817479303457,7.6390586,5.817667,33.108543,-38.23197,5.0,14.039000000000001,0.0,82.39,7.224000000000001,1.0,220.46599999999998,2025,1,6,197.4,0.0,India_Averaged.csv
2025-01-07,0,199.8,129.5,17.5,10.2,10.5,4.9799999999999995,1.7,1.7,0.5,0.5,0.6,0.6,3.8,3.8,1.0349407328310258,-1.4968805623580743,7.9348197,5.7017403,27.39271,-27.100376,5.0,12.874,0.0,80.15899999999999,8.513,1.0,275.628,2025,1,7,199.8,0.0,India_Averaged.csv
2025-01-08,0,195.7,130.2,23.2,10.559999999999999,20.06,5.74,1.2,1.2,0.6,0.6,0.6,0.6,3.5,3.5,1.6021180981742027,-0.27014195027198434,8.930294,5.655388,22.246521,-3.8868263,5.0,12.994,0.0,70.63000000000001,5.9590000000000005,1.0,258.869,2025,1,8,195.7,0.0,India_Averaged.csv
2025-01-09,0,173.71645682361037,152.76448116058836,23.65126247323557,12.592408599538443,20.68305248730146,5.310608579980046,1.6,1.6,0.6,0.6,0.7,0.7,3.2,3.2,2.0085609397495277,-0.6008385810710287,6.128958,5.4980516,25.315992,-4.2709894,5.0,13.383000000000001,0.0,74.188,3.598,1.0,126.6,2025,1,9,180.11645682361038,0.0,India_Averaged.csv
2025-01-10,0,218.57822841180518,171.58224058029418,20.075631236617784,13.94620429976922,12.241526243650728,5.055304289990024,1.5,1.5,0.5,0.5,1.3,1.3,3.3,3.3,3.0416128991754006,-1.6613290128757754,6.9485903,6.2713184,29.154064,-27.612219,5.0,13.131,0.0,78.58,6.363,1.0,115.651,2025,1,10,236.5582284118052,0.0,India_Averaged.csv
2025-01-11,0,230.2582284118052,121.68224058029418,18.175631236617782,8.346204299769221,11.041526243650729,4.455304289990023,1.5,1.5,0.5,0.5,1.0,1.0,2.9,2.9,1.1484806753966808,-1.1684155601737207,6.043031,5.758267,32.865974,-35.002583,5.0,13.535,0.0,82.652,6.812,1.0,135.11700000000002,2025,1,11,230.2582284118052,0.0,India_Averaged.csv
2025-01-12,0,190.95822841180518,108.58224058029418,18.375631236617785,9.746204299769222,12.641526243650729,4.095304289990024,1.8,1.8,0.8,0.8,1.0,1.0,1.8,1.8,0.5169159012530105,-1.487874607913472,6.3912797,5.048129,21.950249,-30.948145,5.0,13.276999999999997,0.0,83.41300000000001,5.386,1.0,207.45,2025,1,12,190.95822841180518,0.0,India_Averaged.csv
2025-01-13,0,175.05822841180517,103.18224058029418,17.975631236617783,8.14620429976922,14.941526243650731,5.655304289990023,1.9,1.9,0.9,0.9,0.9,0.9,1.9,1.9,-0.16703269807615925,-0.6791076823045834,6.9846787,4.508939,11.851212,-15.971807,5.0,13.099,0.0,81.871,6.551,1.0,214.825,2025,1,13,175.05822841180517,0.0,India_Averaged.csv
2025-01-14,0,165.7582284118052,128.18224058029418,19.975631236617783,11.206204299769222,17.94152624365073,6.655304289990023,1.4,1.4,0.7,0.7,0.9,0.9,2.2,2.2,0.8873529047595033,-0.5467363558200681,7.5170608,4.8563814,20.108738,-9.586606,5.0,13.163,0.0,80.836,4.302,1.0,188.349,2025,1,14,166.7582284118052,0.0,India_Averaged.csv
2025-01-15,0,184.05822841180517,167.9822405802942,18.375631236617785,12.44620429976922,10.641526243650729,4.575304289990024,1.6,1.6,0.6,0.6,0.9,0.9,2.1,2.1,1.8874951283981336,-1.8153576879353348,6.723349,5.500993,23.193592,-29.801334,5.0,13.388,0.0,86.639,5.465,1.0,112.28,2025,1,15,200.8582284118052,0.0,India_Averaged.csv
2025-01-16,0,227.0582284118052,132.28224058029417,18.675631236617782,14.14620429976922,12.84152624365073,3.7553042899900233,1.5,1.5,0.5,0.5,1.2,1.2,2.5,2.5,2.476167161034661,-2.0912234879526386,6.509285,6.0088773,34.886078,-28.530157,5.0,13.964000000000002,0.0,80.394,6.05,1.0,157.29899999999998,2025,1,16,227.0582284118052,0.0,India_Averaged.csv
2025-01-17,0,193.3582284118052,121.18224058029418,18.975631236617783,10.14620429976922,14.941526243650731,3.7553042899900233,1.9,1.9,0.8,0.8,0.7,0.7,2.7,2.7,0.9161296441519159,-1.2979094253643502,6.671319,5.6309514,29.971262,-26.824505,5.0,12.767,0.0,80.351,6.641,1.0,210.46600000000004,2025,1,17,193.3582284118052,0.0,India_Averaged.csv
2025-01-18,0,183.05822841180517,124.28224058029419,19.575631236617784,9.746204299769222,19.741526243650732,4.155304289990023,1.4,1.4,1.0,1.0,0.9,0.9,2.3,2.3,0.8048278695147826,-0.604200416735126,7.3120704,5.4922256,27.029837,-17.48634,5.0,13.5,0.0,83.61999999999999,4.264,1.0,213.02200000000002,2025,1,18,183.05822841180517,0.0,India_Averaged.csv
2025-01-19,0,178.45822841180518,161.58224058029418,22.775631236617784,14.20620429976922,17.64152624365073,4.955304289990023,1.5,1.5,0.5,0.5,0.8,0.8,2.6,2.6,2.456455797118545,-1.2585689422436206,7.349511,6.107597,30.200573,-19.94751,5.0,16.53,0.0,80.893,4.014,1.0,222.49899999999997,2025,1,19,192.45822841180518,0.0,India_Averaged.csv
2025-01-20,0,207.6582284118052,136.8822405802942,24.075631236617784,13.54620429976922,20.14152624365073,5.555304289990024,1.3,1.3,0.6,0.6,0.9,0.9,3.7,3.7,2.597046757807912,-0.7526019845758091,7.2880945,6.365901,40.323605,-11.911156,5.0,17.522,0.0,78.718,6.236,1.0,240.65499999999997,2025,1,20,210.1582284118052,0.0,India_Averaged.csv
2025-01-21,0,188.8582284118052,125.38224058029418,24.275631236617784,11.94620429976922,21.84152624365073,4.255304289990024,1.4,1.4,1.0,1.0,0.7,0.7,3.9,3.9,1.7562836610086028,-0.6711596735861804,7.325656,5.8748994,27.885202,-6.2298965,5.0,17.075,0.0,75.133,6.381,1.0,234.176,2025,1,21,188.8582284118052,0.0,India_Averaged.csv
2025-01-22,0,176.95822841180518,119.38224058029418,24.475631236617783,11.44620429976922,16.84152624365073,4.355304289990023,1.6,1.6,0.6,0.6,0.6,0.6,2.9,2.9,1.2947498899939613,-1.1919121437981306,7.13179,5.6508727,28.368088,-18.297697,5.0,17.458,0.0,71.225,5.6979999999999995,1.0,244.9,2025,1,22,176.95822841180518,0.0,India_Averaged.csv
2025-01-23,0,170.28,103.2,24.34,8.9,12.1,5.0200000000000005,1.7,1.7,1.0,1.0,0.6,0.6,2.8,2.8,0.33811177216361255,-1.2368807770064534,8.494965,4.557503,16.830706,-23.829218,5.0,16.415,0.0,66.566,7.959999999999999,1.0,213.436,2025,1,23,170.28,0.0,India_Averaged.csv
2025-01-24,0,159.0,102.5,24.9,7.2,13.7,5.7,1.8,1.8,1.1,1.1,0.9,0.9,1.8,1.8,-0.15148252475944143,-0.6386420957604176,8.557264,4.673412,15.359085,-18.753109,5.0,15.096,0.0,61.362,8.348,1.0,255.99100000000004,2025,1,24,159.4,0.0,India_Averaged.csv
2025-01-25,0,146.3,123.4,31.3,9.4,13.1,4.6,1.5,1.5,0.8,0.8,0.3,0.3,3.1,3.1,0.8620637735035803,-1.2184552781251274,8.886026,5.6780295,25.60322,-7.2929564,5.0,14.703,0.0,56.18700000000001,7.267,1.0,265.957,2025,1,25,159.3,0.0,India_Averaged.csv
2025-01-26,0,148.8,121.8,33.0,16.0,13.4,5.1,1.6,1.6,0.9,0.9,0.8,0.8,3.0,3.0,2.347009106192728,-2.2235727995697236,8.902834,6.1982164,29.963604,-27.036045,5.0,14.810999999999998,0.0,57.556999999999995,5.430999999999999,1.0,242.098,2025,1,26,160.4,0.0,India_Averaged.csv
2025-01-27,0,163.2,123.8,29.7,13.0,15.5,5.2,1.5,1.5,0.8,0.8,0.4,0.4,3.8,3.8,1.8190307775419015,-1.4097611792390619,8.934855,5.9532585,30.507275,-19.858593,5.0,15.462,0.0,56.181,5.58,1.0,240.862,2025,1,27,163.8,0.0,India_Averaged.csv
2025-01-28,0,166.8,137.2,28.1,11.1,17.0,8.0,1.6,1.6,0.9,0.9,0.9,0.9,5.4,5.4,1.6607186214392826,-0.22913646162189413,9.386441,5.6910243,26.153849,-2.1953728,5.0,16.372,0.0,55.53499999999999,4.38,1.0,196.661,2025,1,28,175.0,0.0,India_Averaged.csv
2025-01-29,0,170.7,188.7,28.7,22.06,23.7,7.1,1.1,1.1,0.7,0.7,1.3,1.3,5.1,5.1,4.888292351392332,-1.3256745006065196,10.052702,7.264128,37.319527,6.967012,5.0,17.863999999999997,0.0,60.069,6.909000000000001,1.0,130.71800000000002,2025,1,29,207.6,0.0,India_Averaged.csv
2025-01-30,0,227.0,130.7,25.6,10.7,16.7,6.1,1.3,1.3,0.6,0.6,1.2,1.2,4.7,4.7,2.365546350999241,-0.48580627758319295,8.626478,6.2714357,34.594788,-11.51406,5.0,18.552,0.0,58.59799999999999,5.207,1.0,173.226,2025,1,30,227.0,0.0,India_Averaged.csv
2025-01-31,0,191.3,162.3,24.0,13.4,14.5,5.7,1.4,1.4,0.4,0.4,1.0,1.0,4.0,4.0,2.6107825199675734,-1.260467125161686,8.778259,6.113603,34.838356,-8.711998,5.0,18.769,0.0,58.19199999999999,5.0809999999999995,1.0,150.23,2025,1,31,202.6,0.0,India_Averaged.csv
2025-02-01,0,211.8,182.0,24.0,14.5,13.1,5.5,1.4,1.4,0.4,0.4,1.2,1.2,2.8,2.8,3.513867421570063,-1.5014092527965357,8.771821,6.257871,38.584892,-11.868525,5.0,18.579,0.0,62.334,6.186,1.0,183.734,2025,2,1,224.3,0.0,India_Averaged.csv
2025-02-02,0,230.2,128.8,26.7,9.3,13.1,4.9,1.3,1.3,0.3,0.3,1.0,1.0,5.4,5.4,2.136110599900891,-0.9024774638222205,8.298906,6.687046,41.902733,-20.07264,5.0,17.683,0.0,65.897,6.9959999999999996,1.0,228.10200000000003,2025,2,2,230.2,0.0,India_Averaged.csv
2025-02-03,0,194.3,121.4,24.1,11.24,17.4,5.62,1.3,1.3,0.7,0.7,0.6,0.6,4.7,4.7,1.6037003690889127,-0.7583500467863259,8.905315,6.3707094,38.460484,-9.879054,5.0,17.579,0.0,62.541999999999994,5.611,1.0,172.75799999999998,2025,2,3,194.3,0.0,India_Averaged.csv
2025-02-04,0,170.3,145.9,22.5,12.2,14.9,6.74,1.3,1.3,0.6,0.6,1.0,1.0,4.8,4.8,1.6185080247295969,-0.9291245670971527,9.332667,5.616748,27.132318,1.8125305,5.0,18.052,0.0,68.09,5.508,1.0,202.691,2025,2,4,175.4,0.0,India_Averaged.csv
2025-02-05,0,188.8,102.1,18.7,8.7,17.7,4.36,1.7,1.7,1.0,1.0,0.9,0.9,2.5,2.5,0.24963226530434152,-0.7060559748807674,8.739523,5.2811136,22.042706,-16.523487,5.0,16.104999999999997,0.0,55.967000000000006,7.6129999999999995,1.0,253.779,2025,2,5,188.8,0.0,India_Averaged.csv
2025-02-06,0,157.7,98.97999999999999,18.34,8.5,18.56,4.86,1.6,1.6,1.2,1.2,1.4,1.4,1.4,1.4,-0.4267499838269987,-0.5718773967628049,9.289851,3.5492725,2.026425,-2.606168,5.0,15.604,0.0,50.746,9.971,1.0,253.57,2025,2,6,157.7,0.0,India_Averaged.csv
2025-02-07,0,149.18,103.1,22.2,7.9,15.0,6.58,1.8,1.8,1.1,1.1,1.2,1.2,2.4,2.4,-0.360258478649379,-0.46853705328975054,9.113163,4.266401,11.07942,-12.252795,5.0,15.695000000000002,0.0,48.979,9.774,1.0,264.421,2025,2,7,154.48,0.0,India_Averaged.csv
2025-02-08,0,140.1,105.3,25.0,9.5,15.7,5.32,1.8,1.8,1.1,1.1,0.6,0.6,1.6,1.6,0.03222596996218013,-0.939462879924554,8.796964,4.511073,15.403038,-21.41723,5.0,17.152,0.0,51.723,6.920999999999999,1.0,239.138,2025,2,8,140.7,0.0,India_Averaged.csv
2025-02-09,0,147.2,126.9,29.3,11.86,17.6,8.42,1.6,1.6,0.9,0.9,0.8,0.8,4.8,4.8,1.386698193340193,-0.3003038697937359,9.382501,5.8387866,27.507685,-12.831655,5.0,18.143,0.0,56.378,4.156000000000001,1.0,236.785,2025,2,9,156.4,0.0,India_Averaged.csv
2025-02-10,0,162.2,144.9,25.8,15.0,20.6,8.76,1.1,1.1,0.7,0.7,1.0,1.0,6.0,6.0,2.3630791414642647,-0.33401022713333894,10.194714,6.1862397,32.436317,19.430576,5.0,19.887,0.0,55.309000000000005,4.15,1.0,203.26899999999998,2025,2,10,175.3,0.0,India_Averaged.csv
2025-02-11,0,172.4,155.6,29.1,13.8,20.1,7.8,1.2,1.2,0.5,0.5,1.3,1.3,5.1,5.1,2.7177529282506137,-0.28160598135686754,9.700027,6.381885,39.326134,7.036177,5.0,20.435,0.0,53.975,5.3340000000000005,1.0,247.42799999999997,2025,2,11,188.0,0.0,India_Averaged.csv
2025-02-12,0,178.9,110.6,23.8,8.1,15.8,7.56,1.7,1.7,1.0,1.0,0.9,0.9,4.7,4.7,0.4982621175532261,-0.06293134000147638,9.57036,5.3452477,18.994959,8.489271,5.0,19.529,0.0,44.019,10.333,1.0,289.084,2025,2,12,178.9,0.0,India_Averaged.csv
2025-02-13,0,142.7,95.0,22.5,7.0,20.5,6.3,1.6,1.6,1.2,1.2,1.7,1.7,5.0,5.0,-0.7092135513597786,0.19796878598491277,9.482901,3.6073384,-3.4777412,12.269822,5.0,18.674,0.0,42.737,9.31,1.0,273.034,2025,2,13,142.7,0.0,India_Averaged.csv
2025-02-14,0,129.7,94.7,27.3,8.1,11.9,7.0,1.8,1.8,1.1,1.1,1.1,1.1,4.4,4.4,-0.4600941453964669,-0.8211134220257573,9.266153,4.9816804,17.222553,-2.865386,5.0,19.928,0.0,42.547000000000004,8.197000000000001,1.0,260.871,2025,2,14,129.7,0.0,India_Averaged.csv
2025-02-15,0,136.8,114.9,27.1,12.2,13.5,6.4,1.5,1.5,1.0,1.0,0.8,0.8,3.2,3.2,0.8199641347692861,-1.374449329003474,8.831457,5.031201,24.40787,-23.145937,5.0,21.092000000000002,0.0,46.192,6.7989999999999995,1.0,160.18699999999998,2025,2,15,141.0,0.0,India_Averaged.csv
2025-02-16,0,156.1,138.9,25.9,12.0,18.1,7.32,1.3,1.3,0.9,0.9,1.1,1.1,5.3,5.3,1.5067354610744803,-0.45145573267622885,9.267539,5.517365,30.853455,-11.94359,5.0,21.089999999999996,0.0,53.472,5.495,1.0,144.884,2025,2,16,166.8,0.0,India_Averaged.csv
2025-02-17,0,186.7,116.3,25.3,11.9,19.1,7.1,1.2,1.2,0.8,0.8,1.2,1.2,4.9,4.9,1.6453532686749912,-0.39480390593323283,9.188673,5.862221,34.234806,-10.564882,5.0,22.073,0.0,51.404999999999994,5.213,1.0,190.123,2025,2,17,186.7,0.0,India_Averaged.csv
2025-02-18,0,160.3,98.9,25.8,11.3,12.0,5.9,1.7,1.7,1.0,1.0,0.9,0.9,3.0,3.0,0.6876502634815868,-1.516395495214167,8.874562,4.767665,19.00927,-23.439325,5.0,20.990000000000002,0.0,54.852999999999994,6.0200000000000005,1.0,227.657,2025,2,18,160.3,0.0,India_Averaged.csv
2025-02-19,0,142.9,96.5,26.6,9.0,14.3,6.58,1.6,1.6,1.2,1.2,0.9,0.9,4.3,4.3,-0.03677857529247934,-0.75709119654178,9.097188,4.425223,12.563991,-5.052867,5.0,21.244,0.0,53.464999999999996,6.691,1.0,206.281,2025,2,19,142.9,0.0,India_Averaged.csv
2025-02-20,0,145.1,80.2,19.6,7.9,11.2,5.3,2.0,2.0,1.0,1.0,1.8,1.8,2.3,2.3,-1.0729947799654833,-1.3249489286826552,8.746076,3.3987992,5.0790815,-21.00161,5.0,19.974,0.0,62.653999999999996,10.314,1.0,134.28199999999998,2025,2,20,145.1,0.0,India_Averaged.csv
2025-02-21,0,129.0,92.7,18.5,9.6,13.9,5.4,1.8,1.8,1.1,1.1,1.5,1.5,3.3,3.3,-0.8750963082243256,-1.2896553805609199,9.000208,3.3276467,0.26514545,-18.694515,5.0,19.603,0.0,60.742999999999995,6.752,1.0,221.74,2025,2,21,129.3,0.0,India_Averaged.csv
2025-02-22,0,151.5,77.9,17.4,7.9,14.1,6.18,1.8,1.8,1.1,1.1,2.1,2.1,4.0,4.0,-1.1125966857407714,-0.8129386157519927,8.563563,2.5785942,-8.742434,-15.974295,5.0,19.134,0.0,57.364,6.836,1.0,255.971,2025,2,22,151.5,0.0,India_Averaged.csv
2025-02-23,0,132.5,82.5,18.6,8.6,15.4,6.0,1.8,1.8,1.1,1.1,2.1,2.1,4.0,4.0,-1.1438978316478507,-0.850730644000727,9.121257,3.2040436,-0.86517966,-9.4587965,5.0,19.860000000000003,0.0,55.575,5.502,1.0,237.92900000000003,2025,2,23,132.5,0.0,India_Averaged.csv
2025-02-24,0,135.7,92.5,19.0,9.9,24.5,7.08,1.6,1.6,1.2,1.2,1.3,1.3,4.4,4.4,-0.5054360407625911,0.25262578636828803,9.466527,4.304679,10.90763,-3.236318,5.0,20.645,0.0,53.041999999999994,5.338,1.0,235.20800000000003,2025,2,24,135.7,0.0,India_Averaged.csv
2025-02-25,0,144.4,97.4,19.9,11.4,16.9,6.3,1.7,1.7,1.0,1.0,1.4,1.4,2.3,2.3,0.003530034606131105,-0.9897708984167309,9.116255,4.154772,8.904204,-14.059738,5.0,22.244999999999997,0.0,48.559999999999995,5.096,1.0,182.257,2025,2,25,144.4,0.0,India_Averaged.csv
2025-02-26,0,149.4,119.1,21.4,13.4,16.7,8.0,1.5,1.5,0.8,0.8,1.5,1.5,4.5,4.5,0.9896861756012928,-0.8601871265482954,9.736223,4.9492464,12.243084,-1.7081451,5.0,24.535,0.0,47.858,5.129,1.0,159.873,2025,2,26,158.5,0.0,India_Averaged.csv
2025-02-27,0,161.7,90.4,16.7,9.5,11.1,7.4,1.9,1.9,0.9,0.9,1.5,1.5,3.7,3.7,-0.46926672328801267,-1.0836900912983782,8.851838,3.7363071,0.464286,-7.235101,5.0,22.072,0.0,60.42,9.362,1.0,129.077,2025,2,27,161.8,0.0,India_Averaged.csv
2025-02-28,0,132.8,79.7,15.780000000000001,10.98,12.120000000000001,6.779999999999999,2.0,2.0,1.0,1.0,2.1,2.1,2.5,2.5,-0.9491608023499125,-1.5071292064978832,8.509511,2.457727,-9.452754,-30.200586,5.0,21.161,0.0,66.89599999999999,8.315000000000001,1.0,142.71099999999998,2025,2,28,132.8,0.0,India_Averaged.csv
2025-03-01,0,136.55822841180517,82.38224058029417,17.375631236617785,7.746204299769221,13.74152624365073,8.155304289990024,2.0,2.0,1.0,1.0,2.4,2.4,4.3,4.3,-1.3236302063309962,-0.41606021705981194,7.5793257,3.536415,-2.406629,-16.94839,5.0,21.113999999999997,0.0,69.60400000000001,7.462999999999999,1.0,138.744,2025,3,1,136.55822841180517,0.0,India_Averaged.csv
2025-03-02,0,137.7582284118052,83.56224058029417,16.155631236617786,7.926204299769222,16.38152624365073,5.855304289990023,2.0,2.0,1.0,1.0,2.4,2.4,3.9,3.9,-1.3411889387665639,-0.6512615979348798,7.3663344,2.4856963,-11.19078,-13.211942,5.0,20.147,0.0,57.690999999999995,7.156000000000001,1.0,259.529,2025,3,2,137.7582284118052,0.0,India_Averaged.csv
2025-03-03,0,140.57999999999998,95.1,18.8,7.9,15.2,7.0,1.9,1.9,0.9,0.9,2.1,2.1,5.0,5.0,-0.9010048344880133,-0.4449688211257213,9.077444,3.4377236,-2.6122663,-6.1818867,5.0,22.093,0.0,50.647000000000006,7.218999999999999,1.0,199.76,2025,3,3,140.57999999999998,0.0,India_Averaged.csv
2025-03-04,0,135.8,95.8,15.2,6.8,15.0,5.0,2.0,2.0,1.0,1.0,2.4,2.4,3.5,3.5,-1.5047024206136261,-0.7507640829154966,9.230331,2.2143948,-23.352362,-6.835079,5.0,19.746,0.0,44.092,13.164000000000001,1.0,296.91400000000004,2025,3,4,135.8,0.0,India_Averaged.csv
2025-03-05,0,132.3,78.4,13.5,6.9,15.7,5.1,2.0,2.0,1.0,1.0,3.0,3.0,3.4,3.4,-1.954213453046479,-0.7755487266505116,9.135519,1.878939,-22.900629,-5.574111,5.0,18.633000000000003,0.0,35.255,15.195000000000002,1.0,286.315,2025,3,5,132.3,0.0,India_Averaged.csv
2025-03-06,0,104.0,83.3,16.8,9.5,16.1,6.8,2.0,2.0,1.0,1.0,2.4,2.4,3.9,3.9,-1.594490461398722,-0.8475027790020377,9.044371,2.7052214,-8.958385,-7.280177,5.0,20.833,0.0,34.574,7.769,1.0,265.592,2025,3,6,107.8,0.0,India_Averaged.csv
2025-03-07,0,116.3,110.2,19.1,11.3,15.7,6.4,1.7,1.7,1.0,1.0,2.0,2.0,3.7,3.7,-0.4003735556303985,-1.1119800157198299,9.198265,3.858609,9.446763,-17.147131,5.0,22.541,0.0,36.095000000000006,6.0920000000000005,1.0,267.695,2025,3,7,124.6,0.0,India_Averaged.csv
2025-03-08,0,146.5,96.0,18.5,8.9,16.8,5.84,1.8,1.8,1.1,1.1,1.7,1.7,2.6,2.6,-0.596875943879338,-0.6736891151218577,9.052762,3.523085,-2.7442696,-12.336307,5.0,23.776,0.0,37.413,6.002,1.0,199.051,2025,3,8,146.5,0.0,India_Averaged.csv
2025-03-09,0,137.7,108.8,19.1,10.3,18.1,5.8,1.7,1.7,1.0,1.0,1.7,1.7,2.3,2.3,-0.20838034260314847,-0.7392428028972013,7.2933135,3.4971542,-0.29456505,-17.253628,5.0,25.416999999999998,0.0,37.142999999999994,7.423,1.0,140.66699999999997,2025,3,9,143.7,0.0,India_Averaged.csv
2025-03-10,0,155.2,107.0,17.1,9.7,19.5,5.9,1.7,1.7,1.0,1.0,1.7,1.7,2.4,2.4,-0.16889916739029331,-0.4266309300409448,9.066297,3.92351,2.8469863,-8.9601555,5.0,26.107999999999997,0.0,39.821,7.072,1.0,134.343,2025,3,10,155.2,0.0,India_Averaged.csv
2025-03-11,0,155.3,128.7,20.7,11.2,20.5,6.3,1.7,1.7,1.0,1.0,1.1,1.1,4.5,4.5,0.781605598184753,-0.3544957914602094,9.373083,5.040244,15.500397,-5.016205,5.0,27.451999999999998,0.0,40.287,5.475,1.0,214.26999999999998,2025,3,11,164.0,0.0,India_Averaged.csv
2025-03-12,0,164.9,123.3,19.4,9.2,14.4,6.5,1.7,1.7,1.0,1.0,1.2,1.2,2.9,2.9,0.30060952577711275,-0.6611779735410114,9.224363,4.6821713,11.733339,-7.669339,5.0,27.144,0.0,40.582,7.583,1.0,266.19899999999996,2025,3,12,171.4,0.0,India_Averaged.csv
2025-03-13,0,155.5,98.0,19.3,7.9,15.5,6.1,1.8,1.8,1.1,1.1,1.2,1.2,2.3,2.3,-0.5490118757854374,-0.5464014432539364,9.2830105,3.758369,2.6001778,-12.335304,5.0,25.999000000000002,0.0,44.852999999999994,6.459999999999999,1.0,178.582,2025,3,13,155.5,0.0,India_Averaged.csv
2025-03-14,0,148.1,89.5,16.8,9.0,16.2,5.5,1.9,1.9,0.9,0.9,2.1,2.1,3.0,3.0,-0.7953832554734576,-0.8745344257694541,8.966024,2.8972833,-11.37224,-5.457814,5.0,26.576999999999998,0.0,42.791000000000004,7.420999999999999,1.0,174.407,2025,3,14,148.1,0.0,India_Averaged.csv
2025-03-15,0,144.5,64.9,14.6,5.9,16.1,5.3,2.0,2.0,1.0,1.0,2.7,2.7,2.8,2.8,-2.058882952330655,-0.5321450878196339,8.965543,1.6644316,-26.004263,2.608044,5.0,25.276,0.0,45.041000000000004,9.997,1.0,199.388,2025,3,15,144.5,0.0,India_Averaged.csv
2025-03-16,0,101.7,69.0,15.5,6.0,21.5,5.6,1.8,1.8,1.1,1.1,2.9,2.9,1.3,1.3,-2.6260561661000037,0.03303948502189176,9.459988,1.8021433,-26.929611,2.9884808,5.0,24.178,0.0,40.973,7.938,1.0,263.375,2025,3,16,104.8,0.0,India_Averaged.csv
2025-03-17,0,112.2,70.9,16.9,7.1,17.9,6.2,2.0,2.0,1.0,1.0,3.0,3.0,1.7,1.7,-2.1073297227247965,-0.3877365432959473,8.899972,1.6213354,-27.983704,-1.9666374,5.0,23.648,0.0,40.255,8.02,1.0,247.47000000000003,2025,3,17,112.2,0.0,India_Averaged.csv
2025-03-18,0,122.9,73.8,16.6,7.7,14.4,6.24,2.0,2.0,1.0,1.0,2.4,2.4,1.1,1.1,-1.8054268247316376,-0.8397375911789897,8.522639,2.0951636,-16.63557,-8.423471,5.0,24.087,0.0,37.413,6.95,1.0,236.371,2025,3,18,122.9,0.0,India_Averaged.csv
2025-03-19,0,117.0,87.2,16.9,8.1,17.5,7.140000000000001,1.8,1.8,1.1,1.1,2.0,2.0,2.9,2.9,-1.5418374853181047,-0.310060140749081,8.783937,2.4511876,-12.578911,-11.438132,5.0,25.48,0.0,32.137,6.688,1.0,168.101,2025,3,19,118.4,0.0,India_Averaged.csv
2025-03-20,0,130.5,87.1,20.4,8.2,18.3,6.62,1.8,1.8,1.1,1.1,1.5,1.5,2.9,2.9,-1.0050357248119612,-0.2839799186029151,9.437491,3.4035995,-6.0529747,0.2637352,5.0,26.262999999999998,0.0,29.840999999999998,7.936,1.0,228.12800000000001,2025,3,20,130.5,0.0,India_Averaged.csv
2025-03-21,0,125.2,87.0,18.1,7.0,16.3,6.659999999999999,1.8,1.8,1.1,1.1,1.8,1.8,2.2,2.2,-1.544027382397881,-0.32557283129615444,9.354579,2.919622,-9.923282,-2.6176193,5.0,25.641000000000002,0.0,30.23,8.075,1.0,243.39500000000004,2025,3,21,125.3,0.0,India_Averaged.csv
2025-03-22,0,128.9,95.7,18.8,7.5,17.0,6.88,1.7,1.7,1.0,1.0,1.7,1.7,2.2,2.2,-1.1678211814654016,-0.2270804406834644,9.350557,3.198565,-5.843064,-3.1715713,5.0,25.778000000000002,0.0,30.644,7.011000000000001,1.0,236.99300000000002,2025,3,22,133.5,0.0,India_Averaged.csv
2025-03-23,0,135.2,95.2,18.9,7.8,19.3,7.26,1.7,1.7,1.0,1.0,1.4,1.4,2.6,2.6,-0.9587351863972724,0.0813472234836136,9.3505535,3.6941037,-4.2880316,1.5657499,5.0,26.49,0.0,29.239000000000004,4.976999999999999,1.0,176.276,2025,3,23,138.3,0.0,India_Averaged.csv
2025-03-24,0,139.1,106.5,19.3,9.7,18.8,7.3,1.7,1.7,1.0,1.0,1.5,1.5,3.0,3.0,-0.29506215810301695,-0.2314791210817848,10.116376,4.496748,0.39494324,0.9061717,5.0,27.57,0.0,29.193,5.7829999999999995,1.0,161.31,2025,3,24,145.0,0.0,India_Averaged.csv
2025-03-25,0,144.2,119.3,20.5,10.6,21.7,8.3,1.7,1.7,1.0,1.0,1.5,1.5,4.3,4.3,0.33017394549281154,0.24543893050945403,10.292971,4.8599334,3.1177907,4.0255933,5.0,28.957,0.0,27.590999999999998,6.079,1.0,182.911,2025,3,25,147.4,0.0,India_Averaged.csv
2025-03-26,0,157.0,117.6,19.4,10.2,16.9,9.18,1.6,1.6,0.9,0.9,1.4,1.4,4.8,4.8,0.33072398394311386,-0.017342826426966516,9.84896,4.73874,13.339239,0.344462,5.0,30.061,0.0,26.749000000000002,6.043,1.0,202.208,2025,3,26,157.6,0.0,India_Averaged.csv
2025-03-27,0,132.0,130.8,17.6,10.0,14.1,9.059999999999999,1.6,1.6,0.9,0.9,1.2,1.2,4.4,4.4,-0.12782711266137486,-0.349020961357468,9.385668,3.6738815,-1.3311932,-2.2914891,5.0,29.591999999999995,0.0,25.916000000000004,9.621,1.0,271.606,2025,3,27,155.1,0.0,India_Averaged.csv
2025-03-28,0,141.9,118.2,14.1,5.5,16.2,7.279999999999999,1.7,1.7,1.0,1.0,1.7,1.7,4.0,4.0,-1.3219863686391229,0.2315638040417264,9.649546,3.4087834,-6.9609437,3.2403398,5.0,25.123,0.0,17.271,12.620000000000001,1.0,290.59499999999997,2025,3,28,148.3,0.0,India_Averaged.csv
2025-03-29,0,124.1,91.1,13.1,5.3,18.1,6.36,1.8,1.8,1.1,1.1,2.7,2.7,2.3,2.3,-2.202403330283578,0.08964362708931206,9.192317,1.8494027,-29.284983,-0.31280524,5.0,23.717,0.0,19.049,11.109,1.0,289.941,2025,3,29,124.1,0.0,India_Averaged.csv
2025-03-30,0,111.3,78.9,14.7,6.9,18.1,5.88,1.8,1.8,1.1,1.1,2.9,2.9,2.3,2.3,-2.2030228634586044,-0.3808712018444864,9.609186,1.9055847,-27.161118,-10.6066265,5.0,25.423000000000002,0.0,18.97,8.187000000000001,1.0,260.288,2025,3,30,111.5,0.0,India_Averaged.csv
2025-03-31,0,111.7,86.5,16.8,7.1,17.8,6.58,1.8,1.8,1.1,1.1,2.6,2.6,1.8,1.8,-1.8642557840904719,-0.24203674426382632,9.50115,2.215178,-19.651264,-6.0582232,5.0,26.874000000000002,0.0,18.622,7.540000000000001,1.0,244.025,2025,3,31,111.7,0.0,India_Averaged.csv
2025-04-01,0,127.6,92.5,16.1,7.6,18.1,5.6,1.8,1.8,1.1,1.1,2.0,2.0,1.9,1.9,-1.4356395546678382,-0.4405514505198814,9.843073,2.549619,-15.879278,-3.072681,5.0,27.32,0.0,18.139,7.35,1.0,225.72600000000003,2025,4,1,127.6,0.0,India_Averaged.csv
2025-04-02,0,128.1,121.7,18.4,9.2,21.1,7.6,1.7,1.7,1.0,1.0,1.4,1.4,3.3,3.3,-0.38667794960003277,0.2188369781370915,10.446437,4.0976286,-4.457818,6.784929,5.0,28.541999999999994,0.0,18.536,6.444,1.0,191.088,2025,4,2,140.2,0.0,India_Averaged.csv
2025-04-03,0,151.7,111.12,19.34,9.120000000000001,20.06,7.18,1.7,1.7,1.0,1.0,1.3,1.3,5.1,5.1,-0.08642332403715489,0.04697121002563347,10.608905,4.5439005,2.902974,11.36742,5.0,29.335,0.0,19.36,6.3660000000000005,1.0,169.478,2025,4,3,157.9,0.0,India_Averaged.csv
2025-04-04,0,149.06,122.6,18.5,9.3,17.9,7.3,1.7,1.7,1.0,1.0,1.3,1.3,5.1,5.1,0.0009774238533527767,-0.16230504537991103,10.23983,4.4651785,3.8554032,-0.9831203,5.0,30.275,0.0,18.533,8.01,1.0,277.002,2025,4,4,158.56,0.0,India_Averaged.csv
2025-04-05,0,135.9,100.2,16.7,8.3,18.7,6.4,1.8,1.8,1.1,1.1,1.4,1.4,3.3,3.3,-0.9509262391658698,-0.2540930221483605,9.96295,3.3589053,-2.3298888,2.004856,5.0,29.708,0.0,21.247,8.096,1.0,268.533,2025,4,5,136.0,0.0,India_Averaged.csv
2025-04-06,0,132.0,102.5,16.9,7.8,19.6,6.5200000000000005,1.8,1.8,1.1,1.1,1.7,1.7,4.0,4.0,-1.0580124215041553,-0.03599126289568333,9.92045,3.523703,-2.6493309,-4.137046,5.0,31.387999999999998,0.0,20.822,6.398,1.0,222.831,2025,4,6,132.5,0.0,India_Averaged.csv
2025-04-07,0,146.4,141.5,20.4,16.0,22.7,8.7,1.5,1.5,0.8,0.8,1.6,1.6,5.5,5.5,1.828353226555723,-0.3897609086461286,10.285288,5.3001394,14.316244,7.6699877,5.0,32.723,0.0,21.659,6.697,1.0,141.529,2025,4,7,168.3,0.0,India_Averaged.csv
2025-04-08,0,160.9,121.7,17.8,9.8,23.2,6.1,1.5,1.5,1.1,1.1,1.5,1.5,2.7,2.7,0.29773210048005655,0.11404973044694704,10.270652,4.75798,7.009375,4.172282,5.0,33.015,0.0,21.563,7.045,1.0,147.946,2025,4,8,160.9,0.0,India_Averaged.csv
2025-04-09,0,154.7,125.5,15.8,9.8,20.4,5.6,1.7,1.7,1.0,1.0,1.4,1.4,2.7,2.7,0.05224792939834346,-0.3290047376333356,10.205388,4.236354,2.8690553,1.6183275,5.0,33.61,0.0,24.159,8.036,1.0,181.64600000000002,2025,4,9,155.5,0.0,India_Averaged.csv
2025-04-10,0,156.0,131.0,14.6,6.8,21.1,5.4,1.7,1.7,1.0,1.0,1.4,1.4,2.6,2.6,-0.5216854367823747,0.25588035411765925,9.637824,2.9710162,-0.6011642,-6.5792937,5.0,31.883,0.0,29.149,9.614,1.0,192.535,2025,4,10,158.7,0.0,India_Averaged.csv
2025-04-11,0,137.9,109.2,10.7,7.0,17.9,7.32,2.0,2.0,1.0,1.0,2.4,2.4,4.1,4.1,-1.4807259161903883,0.08697795759358824,10.223548,2.3377955,-16.583796,14.788638,5.0,27.523000000000003,0.0,50.117000000000004,11.010000000000002,1.0,156.474,2025,4,11,139.9,0.0,India_Averaged.csv
2025-04-12,0,125.6,79.4,11.4,9.2,34.5,5.04,1.5,1.5,1.1,1.1,2.5,2.5,4.9,4.9,-1.537430199183563,0.9126699286260832,11.27876,3.6896305,-12.62385,24.14526,5.0,27.898000000000003,0.0,44.04899999999999,6.149,1.0,134.89,2025,4,12,128.0,0.0,India_Averaged.csv
2025-04-13,0,115.1,87.9,14.3,6.8,42.0,6.04,1.2,1.2,1.4,1.4,2.6,2.6,4.8,4.8,-1.7491171487045858,2.440714118814144,11.295298,3.5317605,-5.4360495,26.044662,5.0,29.636000000000003,0.0,37.67399999999999,5.979,1.0,153.78199999999998,2025,4,13,122.0,0.0,India_Averaged.csv
2025-04-14,0,131.5,99.8,12.6,6.9,36.7,6.32,1.2,1.2,1.4,1.4,1.8,1.8,4.9,4.9,-1.419285811452644,1.9738825985177626,11.084,3.5027251,-7.6658144,33.479687,5.0,30.596999999999998,0.0,34.592,7.601999999999999,1.0,129.01399999999998,2025,4,14,133.4,0.0,India_Averaged.csv
2025-04-15,0,133.9,97.7,12.8,6.5,29.7,5.66,1.6,1.6,1.2,1.2,2.3,2.3,5.5,5.5,-1.5672718196484534,1.1023424991849737,11.305108,2.726023,-18.337786,37.830116,5.0,31.538999999999998,0.0,33.309000000000005,6.953,1.0,129.59099999999998,2025,4,15,135.5,0.0,India_Averaged.csv
2025-04-16,0,130.4,101.8,13.9,8.2,31.8,6.4,1.2,1.2,1.4,1.4,1.8,1.8,4.6,4.6,-1.1040398689493989,1.2224379027423373,10.75485,3.5606465,-6.1347475,25.61047,5.0,32.598,0.0,30.207000000000004,6.757,1.0,152.762,2025,4,16,132.3,0.0,India_Averaged.csv
2025-04-17,0,145.4,109.7,14.4,8.6,31.6,5.2,1.1,1.1,1.3,1.3,1.6,1.6,4.6,4.6,-0.5987180487252131,0.9527757867601295,10.892013,3.539254,-3.508358,17.173656,5.0,33.617000000000004,0.0,29.963,8.492,1.0,183.509,2025,4,17,146.3,0.0,India_Averaged.csv
2025-04-18,0,136.7,117.5,11.7,7.8,31.3,4.8,1.0,1.0,1.5,1.5,2.1,2.1,4.4,4.4,-1.0075938150840749,0.9633402204834847,10.735914,3.2703037,-4.9146643,25.8561,5.0,33.925,0.0,31.447999999999997,9.851,1.0,178.55,2025,4,18,142.0,0.0,India_Averaged.csv
2025-04-19,0,144.1,96.67999999999999,13.4,7.540000000000001,28.1,4.0600000000000005,1.8,1.8,1.1,1.1,2.6,2.6,4.1,4.1,-1.183323940925336,0.41669927681235713,10.749073,2.5858176,-11.478413,11.142984,5.0,32.695,0.0,32.773,12.344,1.0,171.408,2025,4,19,144.1,0.0,India_Averaged.csv
2025-04-20,0,127.15822841180518,106.88224058029418,10.975631236617783,7.646204299769221,27.501526243650734,3.8553042899900234,2.0,2.0,1.0,1.0,2.7,2.7,5.1,5.1,-1.5031204833116825,0.2666226458387319,9.410102,2.44693,-15.123606,18.024128,5.0,32.892,0.0,30.064000000000004,9.531,1.0,163.276,2025,4,20,128.45822841180518,0.0,India_Averaged.csv
2025-04-21,0,139.78,122.9,23.6,9.3,29.119999999999997,6.0,1.5,1.5,1.1,1.1,1.4,1.4,5.4,5.4,0.3374409058303603,0.8441032766153469,11.190092,4.774026,4.4831114,24.465412,5.0,32.997,0.0,15.218,8.286,1.0,267.3,2025,4,21,150.88,0.0,India_Averaged.csv
2025-04-22,0,145.5,122.0,28.9,9.879999999999999,27.8,4.8,1.2,1.2,1.1,1.1,1.5,1.5,6.1,6.1,0.915576643160437,0.3838076509901148,10.823849,5.0326557,14.031214,17.822596,5.0,32.439,0.0,9.596,9.425999999999998,1.0,289.311,2025,4,22,149.3,0.0,India_Averaged.csv
2025-04-23,0,146.5,115.2,19.6,9.4,33.1,7.44,1.1,1.1,1.3,1.3,1.5,1.5,5.8,5.8,0.11920902981784394,1.544035582885242,11.0152025,4.6426435,9.260828,30.98257,5.0,32.378,0.0,10.153,8.989,1.0,288.396,2025,4,23,152.1,0.0,India_Averaged.csv
2025-04-24,0,137.9,116.8,20.2,10.8,31.5,8.1,1.1,1.1,1.3,1.3,1.6,1.6,6.5,6.5,0.30364407670109544,1.2478092328451698,10.968393,4.5604725,4.7906127,25.282116,5.0,33.150999999999996,0.0,11.962,8.208,1.0,249.837,2025,4,24,144.8,0.0,India_Averaged.csv
2025-04-25,0,140.3,143.0,22.4,12.1,32.2,8.6,1.1,1.1,1.0,1.0,1.4,1.4,6.5,6.5,1.2214695089969405,1.360399789321545,11.011404,5.178233,14.549017,22.63995,5.0,34.06,0.0,13.277000000000001,8.389,1.0,232.12599999999998,2025,4,25,158.1,0.0,India_Averaged.csv
2025-04-26,0,154.1,134.6,22.5,9.2,33.8,7.4,1.1,1.1,1.3,1.3,1.6,1.6,6.0,6.0,0.7662493465152853,1.789913648633754,11.036386,5.1041346,13.9145155,26.965866,5.0,33.738,0.0,16.076,7.539,1.0,225.661,2025,4,26,162.8,0.0,India_Averaged.csv
2025-04-27,0,143.7,123.9,19.5,7.6,32.1,6.6,1.1,1.1,1.3,1.3,1.3,1.3,4.7,4.7,-0.18307239556273996,1.5969446594269647,10.936434,4.5742126,10.111526,29.038092,5.0,33.808,0.0,16.057,5.779,1.0,197.55,2025,4,27,149.9,0.0,India_Averaged.csv
2025-04-28,0,142.7,130.9,17.8,8.3,37.5,6.4,1.1,1.1,1.3,1.3,1.5,1.5,4.3,4.3,-0.014651350275247355,2.06166774127164,11.233143,4.616447,9.724367,30.464605,5.0,33.265,0.0,20.213,9.943000000000001,1.0,164.613,2025,4,28,155.0,0.0,India_Averaged.csv
2025-04-29,0,161.2,103.3,12.9,6.2,31.9,5.1,1.6,1.6,1.2,1.2,1.9,1.9,5.5,5.5,-1.005167341364725,1.3899628513281803,11.275049,3.6366096,-2.8503292,31.73573,5.0,32.269,0.0,30.375,9.350999999999999,1.0,128.655,2025,4,29,161.2,0.0,India_Averaged.csv
2025-04-30,0,142.1,106.4,12.9,7.2,33.8,5.2,1.6,1.6,1.2,1.2,2.5,2.5,6.2,6.2,-1.0829144963487172,1.4116713182636298,11.506567,3.4930863,-6.265303,42.20422,5.0,32.319,0.0,31.253000000000004,9.323,1.0,144.96599999999998,2025,4,30,142.1,0.0,India_Averaged.csv
2025-05-01,0,149.9,100.7,13.6,6.8,38.0,4.7,1.4,1.4,1.3,1.3,2.4,2.4,4.1,4.1,-1.016282177559298,1.8505169699024289,11.657808,3.396481,-4.8274817,38.69636,5.0,32.617000000000004,0.0,31.157999999999998,9.639,1.0,129.221,2025,5,1,149.9,0.0,India_Averaged.csv
2025-05-02,0,149.8,107.1,12.9,6.9,21.8,3.8,1.9,1.9,0.9,0.9,2.7,2.7,5.5,5.5,-1.1524898402556365,-0.1803862138401297,9.890894,2.5313268,-14.865829,7.5017076,5.0,28.105,0.0,55.468999999999994,7.792,1.0,104.454,2025,5,2,152.5,0.0,India_Averaged.csv
2025-05-03,0,128.3,97.03999999999999,15.6,8.8,20.619999999999997,4.46,2.0,2.0,1.0,1.0,2.4,2.4,3.6,3.6,-1.1322959845266065,-0.5944377103067187,9.918137,2.5607915,-10.23205,-5.648531,5.0,29.314000000000004,0.0,47.396,6.039,1.0,158.053,2025,5,3,128.7,0.0,India_Averaged.csv
2025-05-04,0,148.45822841180518,105.58224058029418,17.095631236617784,8.94620429976922,27.54152624365073,5.955304289990023,1.5,1.5,1.1,1.1,1.1,1.1,4.0,4.0,-0.3719328567712976,0.6058969272228707,8.937754,3.9888852,2.2982357,15.256666,5.0,29.925,0.0,47.308,6.047,1.0,152.289,2025,5,4,148.45822841180518,0.0,India_Averaged.csv
2025-05-05,0,150.52,72.1,14.9,7.7,21.3,3.8,2.0,2.0,1.0,1.0,2.4,2.4,3.6,3.6,-1.4055560633681865,-0.5309272310916222,10.208561,2.3748002,-14.2080555,4.3579597,5.0,27.925,0.0,56.863,7.05,1.0,133.082,2025,5,5,150.52,0.0,India_Averaged.csv
2025-05-06,0,112.3,73.0,15.2,6.4,26.2,3.8600000000000003,2.0,2.0,1.0,1.0,2.7,2.7,4.4,4.4,-2.2765782704332844,0.16416213261228957,10.800931,1.8627399,-26.922718,15.35159,5.0,26.818,0.0,62.181999999999995,6.531000000000001,1.0,137.253,2025,5,6,112.3,0.0,India_Averaged.csv
2025-05-07,0,112.5,73.1,13.8,7.4,29.1,3.6,1.6,1.6,1.2,1.2,2.6,2.6,3.7,3.7,-2.146561817265085,0.25090324632339156,10.889662,2.1876283,-20.952152,11.020729,5.0,27.217000000000002,0.0,63.283,6.071000000000001,1.0,109.90799999999999,2025,5,7,112.5,0.0,India_Averaged.csv
2025-05-08,0,116.8,83.3,13.5,8.1,31.8,6.6,1.4,1.4,1.3,1.3,1.9,1.9,4.2,4.2,-1.7063076905676902,1.150875166681887,11.37435,3.271188,-9.217314,31.698711,5.0,27.32,0.0,64.547,6.051,1.0,130.507,2025,5,8,116.8,0.0,India_Averaged.csv
2025-05-09,0,129.9,67.2,13.3,7.3,28.2,3.66,1.8,1.8,1.1,1.1,2.6,2.6,4.4,4.4,-1.989391017012835,0.19691291844767653,10.9613285,2.4070358,-16.805902,20.309824,5.0,29.846999999999998,0.0,53.38900000000001,4.762,1.0,164.78900000000002,2025,5,9,129.9,0.0,India_Averaged.csv
2025-05-10,0,105.6,103.9,16.0,8.4,28.8,4.5,1.8,1.8,1.1,1.1,2.3,2.3,3.0,3.0,-1.3916431624317314,0.3856384620205657,10.876734,3.386264,-5.1312284,25.77737,5.0,29.945,0.0,55.607000000000006,5.476999999999999,1.0,161.656,2025,5,10,115.5,0.0,India_Averaged.csv
2025-05-11,0,146.0,94.5,14.4,7.0,32.5,3.9,1.6,1.6,1.2,1.2,1.7,1.7,4.2,4.2,-1.1660297983774588,0.9797960327745431,11.00348,3.2114563,-5.9017053,19.013412,5.0,31.532,0.0,44.759,6.24,1.0,277.396,2025,5,11,146.0,0.0,India_Averaged.csv
2025-05-12,0,134.7,90.8,15.9,7.0,32.4,4.54,1.6,1.6,1.2,1.2,1.9,1.9,4.2,4.2,-1.313162725871807,1.069593297412855,11.083027,3.1638649,-12.09852,29.191965,5.0,32.418,0.0,35.653999999999996,7.67,1.0,247.13000000000002,2025,5,12,138.1,0.0,India_Averaged.csv
2025-05-13,0,122.4,79.8,14.4,5.9,24.4,3.1,1.8,1.8,1.1,1.1,2.6,2.6,4.5,4.5,-2.1722038259082956,-0.06266474059662,10.599441,1.8157785,-28.569504,16.505926,5.0,33.726,0.0,29.601,9.457,1.0,263.553,2025,5,13,122.4,0.0,India_Averaged.csv
2025-05-14,0,93.6,87.7,15.0,6.8,24.9,4.0600000000000005,2.0,2.0,1.0,1.0,2.7,2.7,4.4,4.4,-2.3291466881232163,0.005746941281794598,10.69658,1.972889,-25.25289,8.217443,5.0,34.378,0.0,27.941000000000003,8.014,1.0,272.58399999999995,2025,5,14,105.1,0.0,India_Averaged.csv
2025-05-15,0,119.6,230.6,18.7,7.4,27.4,4.0,1.3,1.3,0.9,0.9,1.6,1.6,4.3,4.3,0.9241789272214632,0.97384122563557,9.719322,5.697734,25.588188,11.411848,5.0,35.001999999999995,0.0,25.28,8.075,1.0,275.474,2025,5,15,242.4,0.0,India_Averaged.csv
2025-05-16,0,172.2,126.5,19.3,8.2,32.0,5.2,0.9,0.9,1.4,1.4,1.3,1.3,4.7,4.7,0.4701701123832474,1.2673427045694996,10.62641,4.948206,15.905256,21.60195,5.0,35.024,0.0,30.124000000000002,9.541,1.0,226.12599999999998,2025,5,16,179.2,0.0,India_Averaged.csv
2025-05-17,0,139.4,85.0,16.7,6.1,28.7,3.56,1.8,1.8,1.1,1.1,2.0,2.0,4.2,4.2,-1.4992465914176902,0.5845959709604445,10.74087,3.033087,-11.046494,15.160606,5.0,35.116,0.0,31.640000000000004,10.437000000000001,1.0,239.435,2025,5,17,139.4,0.0,India_Averaged.csv
2025-05-18,0,109.1,95.3,15.5,6.3,36.8,3.7,1.2,1.2,1.4,1.4,2.1,2.1,4.8,4.8,-1.843837945899298,1.4538975150122304,11.650556,2.9829192,-10.082591,32.957848,5.0,35.065999999999995,0.0,35.313,9.794,1.0,215.77599999999998,2025,5,18,115.0,0.0,India_Averaged.csv
2025-05-19,0,126.38,100.9,12.9,7.0,33.8,4.4,1.4,1.4,1.3,1.3,2.4,2.4,4.8,4.8,-1.515621245298189,1.199459086577915,11.308653,2.8406026,-14.024173,34.240303,5.0,34.731,0.0,41.513,8.925,1.0,177.60399999999998,2025,5,19,126.88,0.0,India_Averaged.csv
2025-05-20,0,138.8,110.3,12.3,7.2,34.8,5.4799999999999995,1.4,1.4,1.3,1.3,2.1,2.1,3.2,3.2,-1.109794383872385,1.5913269905379681,10.966887,2.9540992,-8.807761,21.277596,5.0,35.15,0.0,39.388,10.264,1.0,203.704,2025,5,20,141.6,0.0,India_Averaged.csv
2025-05-21,0,138.0,107.2,15.12,7.1,33.3,5.08,1.4,1.4,1.3,1.3,2.1,2.1,3.1,3.1,-1.004216029320701,1.355885482501215,10.715666,3.4059823,-6.044642,17.44527,5.0,34.995999999999995,0.0,40.30800000000001,10.118,1.0,172.254,2025,5,21,138.7,0.0,India_Averaged.csv
2025-05-22,0,138.5,85.7,14.0,6.0,30.2,4.1,1.8,1.8,1.1,1.1,2.6,2.6,3.4,3.4,-1.7045302037609011,0.8701776535028722,11.11537,2.7056448,-16.299671,21.744818,5.0,32.302,0.0,48.397000000000006,9.979000000000001,1.0,147.373,2025,5,22,153.7,0.0,India_Averaged.csv
2025-05-23,0,100.9,68.2,12.7,7.5,32.3,4.38,1.8,1.8,1.1,1.1,2.6,2.6,4.7,4.7,-2.4556832940387876,0.7014718681242375,11.298367,1.8320487,-28.33343,31.936615,5.0,33.667,0.0,42.978,10.213,1.0,144.666,2025,5,23,101.5,0.0,India_Averaged.csv
2025-05-24,0,117.3,84.9,12.4,5.9,33.1,3.6,1.8,1.8,1.1,1.1,2.6,2.6,3.4,3.4,-2.2245804186391878,1.0300368672642017,11.66982,2.089472,-21.812374,38.74714,5.0,34.125,0.0,42.864,12.397,1.0,130.573,2025,5,24,117.3,0.0,India_Averaged.csv
2025-05-25,0,137.2,71.0,12.5,6.0,25.5,4.220000000000001,1.8,1.8,1.1,1.1,2.7,2.7,4.5,4.5,-2.137901161996865,0.27458757867168326,10.829775,1.5911039,-29.604828,17.02169,5.0,29.540000000000003,0.0,61.757000000000005,8.027000000000001,1.0,105.66400000000002,2025,5,25,137.6,0.0,India_Averaged.csv
2025-05-26,0,103.6,74.2,13.5,7.5,27.0,4.58,1.8,1.8,1.1,1.1,2.6,2.6,4.3,4.3,-2.3066110915586115,0.18615745293306346,11.111505,1.5509495,-24.355045,19.656363,5.0,31.839,0.0,55.032999999999994,7.3549999999999995,1.0,123.296,2025,5,26,103.6,0.0,India_Averaged.csv
2025-05-27,0,126.5,76.2,13.0,7.6,33.1,5.58,1.6,1.6,1.2,1.2,2.5,2.5,4.1,4.1,-1.7811075325255534,1.1529619867594771,11.245265,2.843029,-8.9298,18.706404,5.0,32.652,0.0,52.787,6.509,1.0,117.013,2025,5,27,126.5,0.0,India_Averaged.csv
2025-05-28,0,132.2,84.0,13.2,7.4,34.0,5.14,1.6,1.6,1.2,1.2,2.5,2.5,3.9,3.9,-1.568507921521307,1.2504135374252465,11.342119,3.1817746,-5.8040266,21.32426,5.0,33.483999999999995,0.0,51.95399999999999,6.333,1.0,155.62599999999998,2025,5,28,132.2,0.0,India_Averaged.csv
2025-05-29,0,137.0,108.3,12.2,6.6,32.6,4.42,1.6,1.6,1.1,1.1,2.2,2.2,3.9,3.9,-1.345562400168427,1.1991254909426845,11.102551,3.3692482,-2.8858383,26.024576,5.0,33.789,0.0,45.141999999999996,6.273999999999999,1.0,200.23200000000003,2025,5,29,148.1,0.0,India_Averaged.csv
2025-05-30,0,141.5,110.0,13.4,8.3,25.9,4.720000000000001,1.6,1.6,1.2,1.2,1.7,1.7,3.2,3.2,-0.8772026915627796,0.23472798951125284,10.572639,3.137425,-4.0567446,12.543566,5.0,32.053000000000004,0.0,46.095,7.284999999999999,1.0,199.93699999999998,2025,5,30,142.4,0.0,India_Averaged.csv
2025-05-31,0,145.2,138.5,13.9,8.3,34.2,4.5200000000000005,1.1,1.1,1.3,1.3,1.8,1.8,4.5,4.5,-0.20790353486750202,1.288478236674535,11.018699,4.060824,5.389556,24.898602,5.0,32.602000000000004,0.0,44.132999999999996,10.219,1.0,208.592,2025,5,31,156.8,0.0,India_Averaged.csv
2025-06-01,0,153.5,120.0,12.379999999999999,7.1,24.52,2.38,1.5,1.5,1.1,1.1,1.9,1.9,4.5,4.5,-0.8606108366334496,-0.1474406210281042,10.566842,3.0137546,-9.9979925,10.834305,5.0,31.249000000000002,0.0,46.295,11.499,1.0,229.24900000000002,2025,6,1,154.1,0.0,India_Averaged.csv
2025-06-02,0,130.5,89.0,13.36,6.6,28.0,3.9200000000000004,1.8,1.8,1.1,1.1,2.4,2.4,5.1,5.1,-1.755620069558764,0.4629249740267955,11.407087,2.2998807,-20.130644,30.911774,5.0,30.851,0.0,47.568,8.431999999999999,1.0,196.991,2025,6,2,130.5,0.0,India_Averaged.csv
2025-06-03,0,115.4,88.9,11.4,6.4,23.2,4.4799999999999995,1.8,1.8,1.1,1.1,2.6,2.6,3.7,3.7,-2.2749986158349818,0.01508695916323075,10.2860365,1.776099,-31.315897,21.332045,5.0,28.403,0.0,57.398,7.050999999999999,1.0,189.22400000000002,2025,6,3,115.6,0.0,India_Averaged.csv
2025-06-04,0,110.7,106.0,13.180000000000001,5.7,27.9,3.8,1.8,1.8,1.1,1.1,2.6,2.6,4.0,4.0,-2.040610443386249,0.607931223415662,10.910277,2.0190768,-21.948267,15.945799,5.0,28.813,0.0,55.136,6.135,1.0,158.406,2025,6,4,126.6,0.0,India_Averaged.csv
2025-06-05,0,123.9,92.9,13.459999999999999,6.3,46.2,5.14,1.4,1.4,1.3,1.3,2.4,2.4,4.8,4.8,-1.6319799435263345,2.8525298038948135,12.298381,3.694592,-3.5313923,52.157623,5.0,30.696999999999996,0.0,47.286,4.6370000000000005,1.0,185.547,2025,6,5,123.9,0.0,India_Averaged.csv
2025-06-06,0,126.6,94.9,13.440000000000001,5.9,39.9,4.46,1.4,1.4,1.3,1.3,2.2,2.2,4.4,4.4,-1.7159771309164644,2.075335743854022,11.320224,3.1924243,-11.985193,40.597946,5.0,32.797,0.0,40.346999999999994,7.464,1.0,201.17199999999997,2025,6,6,127.0,0.0,India_Averaged.csv
2025-06-07,0,123.8,105.17999999999999,15.780000000000001,7.5,36.8,5.54,1.6,1.6,1.2,1.2,2.2,2.2,3.9,3.9,-1.121012067548881,1.7383047741864375,11.06107,3.2884972,-6.997222,27.246002,5.0,34.634,0.0,35.370000000000005,8.614,1.0,204.592,2025,6,7,130.6,0.0,India_Averaged.csv
2025-06-08,0,144.1,115.85999999999999,13.940000000000001,9.52,35.239999999999995,3.96,1.3,1.3,1.2,1.2,1.5,1.5,2.9,2.9,-0.3471033512330982,0.9560613434978318,11.154486,4.422809,2.5069454,20.863949,5.0,36.397000000000006,0.0,30.903999999999996,9.594,1.0,256.246,2025,6,8,145.85999999999999,0.0,India_Averaged.csv
2025-06-09,0,142.28,123.0,14.8,8.4,31.9,3.7,1.3,1.3,1.2,1.2,1.3,1.3,2.6,2.6,-0.4665491214332219,0.7530132408461705,10.727615,3.6107621,-3.1488323,18.458847,5.0,37.06,0.0,24.416000000000004,12.155999999999999,1.0,290.994,2025,6,9,147.88,0.0,India_Averaged.csv
2025-06-10,0,142.8,126.6,14.4,7.4,26.2,4.4,1.6,1.6,1.2,1.2,1.5,1.5,3.9,3.9,-0.6867016807488656,0.45001606237163205,10.355585,3.3865924,-5.166032,17.70823,5.0,36.92700000000001,0.0,24.973,10.262,1.0,275.076,2025,6,10,151.0,0.0,India_Averaged.csv
2025-06-11,0,125.0,111.0,13.0,8.0,38.7,5.76,1.2,1.2,1.4,1.4,1.7,1.7,5.2,5.2,-1.089183396392356,1.9242035437170162,11.903428,3.8881125,1.6717434,45.177044,5.0,36.816,0.0,32.399,9.538,1.0,237.5,2025,6,11,135.2,0.0,India_Averaged.csv
2025-06-12,0,134.9,97.0,12.0,7.5,35.0,4.5,1.4,1.4,1.3,1.3,2.4,2.4,4.9,4.9,-1.37444024080656,1.2682321140627286,11.117255,3.4704633,-9.990646,31.790216,5.0,36.96,0.0,36.573,8.061,1.0,140.366,2025,6,12,134.9,0.0,India_Averaged.csv
2025-06-13,0,139.8,105.5,12.6,7.0,23.9,4.3,2.0,2.0,1.0,1.0,2.7,2.7,3.2,3.2,-1.3341639371228944,0.1109858944022543,9.804427,2.3826842,-15.711708,7.468477,5.0,36.07,0.0,44.839,8.119000000000002,1.0,125.81700000000001,2025,6,13,139.8,0.0,India_Averaged.csv
2025-06-14,0,143.3,90.5,12.2,8.9,37.9,4.779999999999999,1.3,1.3,1.2,1.2,2.4,2.4,7.4,7.4,-0.9907671073072504,1.4069794211154607,11.309777,3.5302567,-3.8495994,41.15052,5.0,35.812,0.0,44.451,6.186,1.0,155.284,2025,6,14,143.3,0.0,India_Averaged.csv
2025-06-15,0,143.3,81.0,10.9,7.7,24.4,3.8600000000000003,1.9,1.9,0.9,0.9,2.7,2.7,6.3,6.3,-1.6603909332118885,-0.17467027373039987,10.518412,1.9056009,-26.339466,22.877281,5.0,32.698,0.0,58.187,7.444,1.0,133.09300000000002,2025,6,15,143.3,0.0,India_Averaged.csv
2025-06-16,0,124.7,69.3,13.5,7.0,21.46,5.32,2.0,2.0,1.0,1.0,2.7,2.7,4.4,4.4,-2.1520491378449473,-0.1566087656570045,9.9982815,1.2238729,-25.229359,4.709609,5.0,29.134000000000004,0.0,77.709,7.005000000000001,1.0,92.877,2025,6,16,124.7,0.0,India_Averaged.csv
2025-06-17,0,100.6,57.6,11.1,8.2,28.6,5.68,1.8,1.8,1.1,1.1,2.9,2.9,2.6,2.6,-2.641378201342783,0.3766524640626108,9.996637,0.7986857,-33.945415,5.579415,5.0,28.952999999999996,0.0,77.25800000000001,7.305,1.0,119.769,2025,6,17,100.6,0.0,India_Averaged.csv
2025-06-18,0,89.1,58.5,11.9,6.3,18.6,5.14,2.0,2.0,1.0,1.0,2.7,2.7,3.7,3.7,-3.2865432100048273,-0.566543584260385,9.890378,0.362179,-43.832157,-7.094335,5.0,29.044,0.0,77.663,6.014,1.0,152.052,2025,6,18,89.1,0.0,India_Averaged.csv
2025-06-19,0,99.9,58.0,10.6,5.6,29.8,5.1,1.6,1.6,1.2,1.2,2.8,2.8,2.6,2.6,-3.2018442717805184,0.8397269584135927,10.601656,1.6496363,-32.546577,19.385683,5.0,29.288999999999998,0.0,76.717,7.563,1.0,163.696,2025,6,19,101.1,0.0,India_Averaged.csv
2025-06-20,0,92.4,59.3,9.2,5.9,18.8,4.74,1.8,1.8,1.1,1.1,2.9,2.9,0.8,0.8,-3.5019229354155614,-0.5689575138251839,8.895436,-0.11694477,-44.344894,-8.039034,5.0,27.997000000000003,0.0,84.774,7.822,1.0,157.577,2025,6,20,92.6,0.0,India_Averaged.csv
2025-06-21,0,90.9,71.3,11.1,7.1,22.7,4.58,1.8,1.8,1.1,1.1,2.9,2.9,2.6,2.6,-2.9033818434562244,-0.30237671373362474,10.297146,1.1717182,-33.762817,4.8832736,5.0,29.594,0.0,77.98400000000001,5.687,1.0,181.69099999999997,2025,6,21,101.7,0.0,India_Averaged.csv
2025-06-22,0,92.3,59.6,11.5,7.1,18.9,3.9200000000000004,1.8,1.8,1.1,1.1,2.9,2.9,2.6,2.6,-3.0935512364932953,-0.9286874300958601,10.186067,0.3788403,-41.230293,-13.504364,5.0,30.256999999999998,0.0,74.773,5.486,1.0,163.829,2025,6,22,92.3,0.0,India_Averaged.csv
2025-06-23,0,101.6,67.9,10.8,8.1,20.3,4.4,2.0,2.0,1.0,1.0,3.0,3.0,4.0,4.0,-2.61455033791176,-0.7786119945740185,10.315033,1.207295,-31.692516,1.2790695,5.0,30.213,0.0,75.966,6.944,1.0,172.929,2025,6,23,101.6,0.0,India_Averaged.csv
2025-06-24,0,110.2,72.2,12.3,8.4,14.7,5.88,2.0,2.0,1.0,1.0,2.7,2.7,2.3,2.3,-2.255495381628978,-1.0864354597666595,9.328547,1.8288091,-18.168468,-27.171036,5.0,30.636000000000003,0.0,75.054,5.821,1.0,175.11100000000002,2025,6,24,113.7,0.0,India_Averaged.csv
2025-06-25,0,113.3,76.3,12.0,8.4,13.5,4.720000000000001,2.0,2.0,1.0,1.0,2.7,2.7,1.9,1.9,-2.185094576942108,-1.4500347100906992,8.9429455,1.3360298,-23.44106,-26.462555,5.0,28.807,0.0,82.73100000000001,7.573,1.0,114.64199999999998,2025,6,25,113.3,0.0,India_Averaged.csv
2025-06-26,0,132.5,72.1,10.8,8.0,13.9,4.1,2.0,2.0,1.0,1.0,2.7,2.7,2.7,2.7,-2.074809737838091,-1.4442562221969195,8.92634,1.6266353,-25.11758,-21.651436,5.0,30.183,0.0,75.679,8.038,1.0,105.15900000000002,2025,6,26,139.7,0.0,India_Averaged.csv
2025-06-27,0,91.1,63.5,9.8,7.7,19.8,5.4,2.0,2.0,1.0,1.0,3.0,3.0,2.9,2.9,-3.0286596869499967,-0.6061458450254641,10.669047,0.73223245,-42.795475,4.7994967,5.0,29.665000000000003,0.0,76.779,7.083,1.0,128.935,2025,6,27,95.8,0.0,India_Averaged.csv
2025-06-28,0,71.2,58.3,12.3,9.0,17.4,4.6,2.0,2.0,1.0,1.0,3.0,3.0,1.9,1.9,-3.0707686679290913,-1.3459420544242024,9.885807,0.43117458,-36.427498,-23.246231,5.0,30.052999999999997,0.0,73.35900000000001,7.1370000000000005,1.0,167.721,2025,6,28,71.8,0.0,India_Averaged.csv
2025-06-29,0,84.9,54.2,12.2,8.1,9.8,4.4,2.0,2.0,1.0,1.0,3.0,3.0,1.2,1.2,-3.1661260685764083,-2.0764865694683925,8.946737,0.07218504,-39.777374,-36.42987,5.0,28.939999999999998,0.0,78.7,7.304,1.0,188.901,2025,6,29,84.9,0.0,India_Averaged.csv
2025-06-30,0,94.7,53.0,13.2,9.4,12.7,5.0,2.0,2.0,1.0,1.0,2.7,2.7,2.3,2.3,-2.624142317603851,-1.8138228640827259,9.398392,0.5964761,-31.661129,-27.214802,5.0,27.862000000000002,0.0,83.823,6.765000000000001,1.0,176.49200000000002,2025,6,30,94.7,0.0,India_Averaged.csv
2025-07-01,0,89.8,54.2,12.4,8.7,15.7,5.3,2.0,2.0,1.0,1.0,2.7,2.7,3.7,3.7,-2.8564773925801297,-1.2986239997788567,9.964472,0.92939997,-38.988155,-17.285011,5.0,28.532999999999998,0.0,81.66999999999999,6.578,1.0,165.68099999999998,2025,7,1,89.8,0.0,India_Averaged.csv
2025-07-02,0,90.5,62.3,12.6,9.3,11.6,4.7,2.0,2.0,1.0,1.0,2.7,2.7,1.2,1.2,-2.632738535289234,-1.9584462307022235,9.111778,0.67836565,-35.706642,-24.657463,5.0,28.911,0.0,81.86300000000001,6.828,1.0,137.745,2025,7,2,97.4,0.0,India_Averaged.csv
2025-07-03,0,79.6,50.7,11.4,8.5,15.4,5.2,2.0,2.0,1.0,1.0,2.7,2.7,1.2,1.2,-3.2238656354905944,-1.3740097105207059,9.84392,0.60473716,-36.11659,-19.724646,5.0,29.412,0.0,78.811,6.812,1.0,128.903,2025,7,3,79.6,0.0,India_Averaged.csv
2025-07-04,0,85.6,54.2,12.0,9.2,16.0,4.4,2.0,2.0,1.0,1.0,2.7,2.7,1.9,1.9,-2.873903516096633,-1.5647655569567414,9.838923,0.8303173,-32.44068,-20.983044,5.0,29.397999999999996,0.0,79.437,5.648000000000001,1.0,142.233,2025,7,4,85.6,0.0,India_Averaged.csv
2025-07-05,0,100.1,66.0,12.2,8.9,16.4,4.92,2.0,2.0,1.0,1.0,2.4,2.4,3.0,3.0,-2.4449797458802065,-1.2515121820460702,9.637411,1.2386544,-28.536798,-15.948471,5.0,29.54,0.0,78.929,5.129,1.0,204.744,2025,7,5,103.1,0.0,India_Averaged.csv
2025-07-06,0,112.9,54.3,11.6,9.1,14.2,4.42,2.0,2.0,1.0,1.0,2.4,2.4,2.0,2.0,-2.4389918370438646,-1.671057780261723,9.337544,0.8454441,-33.888905,-21.381435,5.0,29.857,0.0,76.756,4.576,1.0,199.21200000000002,2025,7,6,112.9,0.0,India_Averaged.csv
2025-07-07,0,91.4,48.0,12.0,9.5,20.8,5.26,2.0,2.0,1.0,1.0,2.7,2.7,4.0,4.0,-2.7383033095037232,-0.8971770565506398,10.492533,1.5876577,-31.429865,11.793837,5.0,28.970999999999997,0.0,80.147,5.239,1.0,213.196,2025,7,7,92.0,0.0,India_Averaged.csv
2025-07-08,0,79.5,65.4,12.7,9.0,24.9,4.88,1.8,1.8,1.1,1.1,2.6,2.6,3.0,3.0,-2.6771044550213707,-0.3701054509294133,10.139132,1.3621346,-20.697777,-16.186901,5.0,30.262999999999998,0.0,73.408,6.784999999999999,1.0,237.046,2025,7,8,81.9,0.0,India_Averaged.csv
2025-07-09,0,93.5,53.8,11.1,7.4,19.4,4.38,2.0,2.0,1.0,1.0,3.0,3.0,3.9,3.9,-3.123983633780371,-0.8520367718333037,10.434162,0.8565596,-38.250324,0.19843788,5.0,28.718,0.0,79.821,4.894,1.0,186.48499999999999,2025,7,9,93.5,0.0,India_Averaged.csv
2025-07-10,0,72.9,42.3,10.3,7.4,12.3,4.74,2.0,2.0,1.0,1.0,2.7,2.7,1.2,1.2,-3.8336064508998264,-1.7026786513556735,9.502304,-0.39261356,-48.088524,-30.734539,5.0,27.062,0.0,84.74199999999999,4.639,1.0,190.824,2025,7,10,72.9,0.0,India_Averaged.csv
2025-07-11,0,76.1,60.9,12.0,9.1,14.6,4.68,2.0,2.0,1.0,1.0,2.7,2.7,2.0,2.0,-2.972484316851685,-1.6398743865502645,9.626608,0.6994034,-35.63642,-20.317005,5.0,28.136000000000003,0.0,81.166,4.108,1.0,192.054,2025,7,11,82.6,0.0,India_Averaged.csv
2025-07-12,0,114.7,60.8,11.8,8.1,19.4,4.0,2.0,2.0,1.0,1.0,2.4,2.4,2.6,2.6,-2.4289098113513687,-0.9572067064203678,9.682339,0.8470376,-31.810446,-1.70989,5.0,28.625,0.0,80.366,3.7410000000000005,1.0,197.901,2025,7,12,114.7,0.0,India_Averaged.csv
2025-07-13,0,102.7,55.7,11.0,7.9,19.36,3.4,2.0,2.0,1.0,1.0,2.7,2.7,2.2,2.2,-2.8447802605097974,-1.1238550142816937,10.151138,0.03978629,-46.65036,-5.1144223,5.0,27.913999999999998,0.0,84.3,7.18,1.0,127.019,2025,7,13,102.7,0.0,India_Averaged.csv
2025-07-14,0,93.4,38.4,10.2,6.8,12.3,3.44,2.0,2.0,1.0,1.0,2.7,2.7,0.1,0.1,-3.6653637544146833,-1.8419535537784513,9.322704,-1.132088,-56.325268,-22.685993,5.0,26.812,0.0,87.77000000000001,13.344999999999999,1.0,148.77100000000002,2025,7,14,93.4,0.0,India_Averaged.csv
2025-07-15,0,71.4,39.4,9.1,6.9,13.7,4.38,2.0,2.0,1.0,1.0,2.7,2.7,0.1,0.1,-4.089266340162452,-1.5623364453793467,10.085767,-0.540753,-56.69627,-12.071348,5.0,28.012999999999998,0.0,81.44300000000001,11.507,1.0,170.421,2025,7,15,71.4,0.0,India_Averaged.csv
2025-07-16,0,68.7,59.1,10.6,7.3,14.280000000000001,5.42,2.0,2.0,1.0,1.0,2.7,2.7,1.2,1.2,-3.599753474368022,-1.2389402508582175,9.599961,-0.18454733,-51.16499,-13.656424,5.0,28.702000000000005,0.0,79.931,7.398000000000001,1.0,174.231,2025,7,16,72.5,0.0,India_Averaged.csv
2025-07-17,0,94.1,65.1,10.0,6.4,19.0,4.6,2.0,2.0,1.0,1.0,3.0,3.0,3.3,3.3,-3.21381353491768,-0.625227993712286,10.723045,0.4951852,-48.54484,3.5743682,5.0,27.871,0.0,82.837,6.9350000000000005,1.0,160.196,2025,7,17,95.8,0.0,India_Averaged.csv
2025-07-18,0,93.9,48.1,12.1,7.4,11.4,5.4399999999999995,2.0,2.0,1.0,1.0,2.7,2.7,1.2,1.2,-3.213441577341335,-1.5483712449991713,8.903717,0.4050127,-37.169262,-26.23283,5.0,27.428000000000004,0.0,83.46900000000001,13.273999999999997,1.0,140.134,2025,7,18,93.9,0.0,India_Averaged.csv
2025-07-19,0,82.3,38.3,9.5,7.5,11.1,4.0,2.0,2.0,1.0,1.0,2.7,2.7,1.2,1.2,-3.791278750108259,-2.017280213108803,9.659686,-0.39973003,-49.728256,-26.858185,5.0,28.201,0.0,77.91,10.935,1.0,178.08700000000002,2025,7,19,82.3,0.0,India_Averaged.csv
2025-07-20,0,70.0,56.0,9.9,7.0,13.3,4.54,2.0,2.0,1.0,1.0,2.7,2.7,1.9,1.9,-3.7645811925275354,-1.507029741323788,9.980436,-0.29472297,-49.4332,-21.004725,5.0,29.385,0.0,73.50399999999999,6.651000000000001,1.0,208.452,2025,7,20,72.5,0.0,India_Averaged.csv
2025-07-21,0,84.7,62.5,11.4,8.3,10.4,4.3,2.0,2.0,1.0,1.0,2.7,2.7,1.2,1.2,-3.0490063716403197,-2.031769534853666,9.194496,0.13362828,-40.787083,-37.61724,5.0,28.55,0.0,79.756,4.188000000000001,1.0,159.262,2025,7,21,85.6,0.0,India_Averaged.csv
2025-07-22,0,99.0,62.1,10.8,8.5,8.4,3.9,2.0,2.0,1.0,1.0,2.7,2.7,0.1,0.1,-2.8263026485063825,-2.34717405075152,8.890049,-0.058045685,-36.783417,-43.13392,5.0,29.639999999999997,0.0,76.639,5.204000000000001,1.0,235.952,2025,7,22,99.0,0.0,India_Averaged.csv
2025-07-23,0,108.5,69.7,11.0,8.1,9.2,4.9,2.0,2.0,1.0,1.0,2.7,2.7,1.9,1.9,-2.566958087293604,-1.9008236982768654,7.7755218,-0.12751837,-43.533745,-31.919306,5.0,28.796000000000003,0.0,81.11600000000001,7.002000000000001,1.0,239.37399999999997,2025,7,23,110.9,0.0,India_Averaged.csv
2025-07-24,0,89.8,89.9,10.1,7.1,10.7,5.3,2.0,2.0,1.0,1.0,2.7,2.7,1.2,1.2,-2.827476242044136,-1.429470699770918,8.676355,0.7770535,-39.554512,-24.798252,5.0,29.929999999999996,0.0,72.74199999999999,7.731,1.0,280.04499999999996,2025,7,24,106.0,0.0,India_Averaged.csv
2025-07-25,0,101.0,80.6,11.2,7.8,10.0,5.9399999999999995,2.0,2.0,1.0,1.0,2.7,2.7,1.2,1.2,-2.547336263509009,-1.4964473604596837,8.949632,0.81761533,-40.7613,-20.854702,5.0,31.006999999999998,0.0,69.78299999999999,7.1530000000000005,1.0,257.187,2025,7,25,104.8,0.0,India_Averaged.csv
2025-07-26,0,105.8,62.2,11.0,7.0,15.4,5.66,2.0,2.0,1.0,1.0,2.7,2.7,2.6,2.6,-2.8756273380437447,-0.880517815143584,9.73288,0.826612,-39.885456,-5.0282245,5.0,29.666000000000004,0.0,78.9,5.4399999999999995,1.0,208.33199999999997,2025,7,26,106.9,0.0,India_Averaged.csv
2025-07-27,0,87.9,83.5,11.7,7.8,8.440000000000001,4.6,2.0,2.0,1.0,1.0,2.4,2.4,1.3,1.3,-2.742181043241677,-1.9867659773916215,8.696705,0.33495945,-38.270588,-38.780827,5.0,30.078000000000003,0.0,75.587,8.105,1.0,140.847,2025,7,27,101.5,0.0,India_Averaged.csv
2025-07-28,0,102.5,71.7,12.2,7.9,14.6,6.1,2.0,2.0,1.0,1.0,3.0,3.0,2.6,2.6,-2.5120419641394665,-0.9872159957316156,9.421648,1.0703076,-35.87674,-17.524858,5.0,30.375999999999998,0.0,74.58,7.284999999999999,1.0,200.177,2025,7,28,103.5,0.0,India_Averaged.csv
2025-07-29,0,124.2,55.0,11.5,7.4,10.5,6.5,2.0,2.0,1.0,1.0,2.7,2.7,1.9,1.9,-2.58089182511218,-1.3021111148154572,9.26515,0.9286192,-37.88873,-9.121363,5.0,28.244999999999997,0.0,83.574,7.439,1.0,161.978,2025,7,29,124.2,0.0,India_Averaged.csv
2025-07-30,0,85.1,52.6,11.6,6.9,17.5,6.5,2.0,2.0,1.0,1.0,2.7,2.7,3.3,3.3,-3.3528464254687664,-0.5424518633036215,9.512124,0.35587573,-42.062477,4.006412,5.0,27.012999999999998,0.0,88.85,8.876999999999999,1.0,175.483,2025,7,30,85.1,0.0,India_Averaged.csv
2025-07-31,0,86.7,43.4,11.8,6.3,12.8,6.2,2.0,2.0,1.0,1.0,2.7,2.7,1.9,1.9,-3.639452159990576,-1.075532025822176,9.217919,-0.15124992,-50.228207,-13.861044,5.0,26.932000000000006,0.0,88.172,7.479000000000001,1.0,188.967,2025,7,31,86.7,0.0,India_Averaged.csv
2025-08-01,0,87.0,60.4,11.2,7.0,14.0,6.0600000000000005,2.0,2.0,1.0,1.0,2.7,2.7,1.9,1.9,-3.2484154091728383,-1.0138248059618111,9.486025,0.15681534,-43.14765,-17.221395,5.0,27.987000000000002,0.0,82.52799999999999,6.878,1.0,239.17000000000002,2025,8,1,91.3,0.0,India_Averaged.csv
2025-08-02,0,87.4,70.1,10.4,6.7,12.3,5.6,2.0,2.0,1.0,1.0,2.7,2.7,0.8,0.8,-3.2302327515800355,-1.2127834359665448,8.962989,-0.14785647,-45.768307,-15.824636,5.0,28.826,0.0,76.241,8.162,1.0,246.27200000000002,2025,8,2,90.7,0.0,India_Averaged.csv
2025-08-03,0,92.8,70.1,10.6,6.5,10.3,5.2,2.0,2.0,1.0,1.0,2.7,2.7,1.2,1.2,-3.1848921095487066,-1.4752425129843376,9.280635,-0.017961692,-45.499043,-26.34726,5.0,28.938,0.0,77.893,7.738000000000001,1.0,244.046,2025,8,3,94.5,0.0,India_Averaged.csv
2025-08-04,0,93.2,73.5,11.7,6.5,10.4,7.7,2.0,2.0,1.0,1.0,2.7,2.7,1.2,1.2,-3.0002003687900105,-0.8904085204609519,8.806947,-0.008605003,-46.61863,-23.537106,5.0,28.469,0.0,78.781,8.527000000000001,1.0,231.25,2025,8,4,96.0,0.0,India_Averaged.csv
2025-08-05,0,95.0,65.8,12.0,6.0,10.9,5.4,2.0,2.0,1.0,1.0,2.7,2.7,1.2,1.2,-3.198218725968547,-1.2787488590019733,8.402977,-0.8780006,-52.345467,-38.00835,5.0,27.705000000000002,0.0,81.025,8.09,1.0,212.89600000000002,2025,8,5,96.1,0.0,India_Averaged.csv
2025-08-06,0,85.5,70.2,12.2,6.3,13.6,4.7,2.0,2.0,1.0,1.0,2.7,2.7,1.9,1.9,-3.2045135523704564,-1.1821636829447608,9.539938,0.2987486,-41.534805,-20.600254,5.0,28.324,0.0,76.963,6.825999999999999,1.0,252.86100000000002,2025,8,6,88.3,0.0,India_Averaged.csv
2025-08-07,0,91.0,79.0,11.7,6.5,20.1,6.1,2.0,2.0,1.0,1.0,2.7,2.7,3.3,3.3,-2.858765912585693,-0.11716448563309138,10.436869,1.3303387,-33.62202,-0.7134857,5.0,29.290999999999997,0.0,70.261,9.32,1.0,268.458,2025,8,7,96.3,0.0,India_Averaged.csv
2025-08-08,0,91.5,88.5,12.7,5.4,15.5,4.7,2.0,2.0,1.0,1.0,2.7,2.7,1.9,1.9,-2.913617609558534,-0.6970292083937016,9.80256,0.9201358,-35.602184,-9.577385,5.0,29.341,0.0,71.513,7.522,1.0,228.00799999999998,2025,8,8,103.2,0.0,India_Averaged.csv
2025-08-09,0,98.5,51.5,12.9,6.5,11.9,5.58,2.0,2.0,1.0,1.0,2.7,2.7,0.1,0.1,-3.184294755491883,-1.2662009002365813,9.161354,0.22667201,-40.374775,-29.326065,5.0,27.731,0.0,80.181,5.198,1.0,255.82000000000002,2025,8,9,98.5,0.0,India_Averaged.csv
2025-08-10,0,87.5,67.4,13.0,6.4,14.3,4.6,2.0,2.0,1.0,1.0,2.7,2.7,0.8,0.8,-3.125485989371792,-1.1435656924529176,9.234827,-0.17019933,-42.27596,-28.732609,5.0,28.887,0.0,77.61699999999999,5.598000000000001,1.0,254.445,2025,8,10,91.7,0.0,India_Averaged.csv
2025-08-11,0,101.9,79.5,14.1,7.2,21.9,4.7,1.8,1.8,1.1,1.1,2.6,2.6,2.3,2.3,-2.324627897354232,-0.2888775234068114,9.815417,1.0175722,-33.172302,0.13275261,5.0,29.25,0.0,76.104,8.356,1.0,235.48600000000002,2025,8,11,103.3,0.0,India_Averaged.csv
2025-08-12,0,103.8,63.6,13.5,6.6,14.3,5.5,2.0,2.0,1.0,1.0,2.7,2.7,1.9,1.9,-2.794843412020777,-0.9492273498839665,9.473239,0.5731888,-38.91329,-23.773533,5.0,29.096000000000004,0.0,75.029,7.215000000000001,1.0,257.492,2025,8,12,103.8,0.0,India_Averaged.csv
2025-08-13,0,101.9,76.3,12.9,8.2,12.5,4.4,2.0,2.0,1.0,1.0,2.7,2.7,1.3,1.3,-2.3840741274201287,-1.624386069181628,9.271242,0.8192069,-31.65597,-27.724731,5.0,29.808,0.0,72.262,6.156000000000001,1.0,224.589,2025,8,13,103.8,0.0,India_Averaged.csv
2025-08-14,0,100.0,48.4,12.7,7.3,12.3,5.0,2.0,2.0,1.0,1.0,2.7,2.7,1.2,1.2,-3.0657624004614425,-1.500799126698664,9.263086,0.14246793,-45.481773,-19.000744,5.0,27.284000000000002,0.0,87.31500000000001,4.422,1.0,117.181,2025,8,14,100.0,0.0,India_Averaged.csv
2025-08-15,0,90.9,54.98,12.16,7.340000000000001,12.18,3.4799999999999995,2.0,2.0,1.0,1.0,2.7,2.7,0.1,0.1,-3.1830672801004605,-1.8525499089151356,9.010492,-0.77148044,-47.852417,-46.807644,5.0,28.433999999999997,0.0,84.097,4.053,1.0,122.167,2025,8,15,90.9,0.0,India_Averaged.csv
2025-08-16,0,126.2,64.4,13.5,8.5,13.2,4.14,1.9,1.9,0.9,0.9,2.4,2.4,1.3,1.3,-2.0191096054281443,-1.637430794416564,8.945386,1.1350229,-28.866673,-29.978958,5.0,28.525,0.0,84.184,5.1579999999999995,1.0,109.106,2025,8,16,126.2,0.0,India_Averaged.csv
2025-08-17,0,113.0,57.9,13.2,8.6,13.4,3.6,2.0,2.0,1.0,1.0,2.7,2.7,0.8,0.8,-2.3780677400084573,-1.8227957179727885,9.066513,0.7119419,-33.00338,-25.207579,5.0,28.924,0.0,82.704,7.389,1.0,85.785,2025,8,17,113.0,0.0,India_Averaged.csv
2025-08-18,0,104.7,58.0,11.7,8.5,16.4,3.4,2.0,2.0,1.0,1.0,2.7,2.7,0.8,0.8,-2.631569891413881,-1.5433785126342068,9.508097,0.08043167,-44.636864,-23.521719,5.0,28.944,0.0,81.075,7.876,1.0,90.38300000000001,2025,8,18,104.7,0.0,India_Averaged.csv
2025-08-19,0,102.7,59.1,11.5,7.9,12.8,4.1,2.0,2.0,1.0,1.0,3.0,3.0,0.1,0.1,-2.8187893826877044,-1.6959379472670881,8.599026,-0.48314363,-44.382988,-36.468002,5.0,29.005000000000003,0.0,79.68199999999999,7.857000000000001,1.0,86.95599999999999,2025,8,19,102.7,0.0,India_Averaged.csv
2025-08-20,0,92.3,52.3,10.7,8.2,14.5,4.0,2.0,2.0,1.0,1.0,2.7,2.7,0.1,0.1,-3.104561471334305,-1.6470414924762928,9.294481,-0.72683847,-51.70237,-32.194016,5.0,28.79,0.0,79.307,9.215,1.0,98.33699999999999,2025,8,20,92.3,0.0,India_Averaged.csv
2025-08-21,0,84.6,46.7,10.2,9.0,17.5,4.5600000000000005,2.0,2.0,1.0,1.0,2.7,2.7,1.5,1.5,-3.1724088631555163,-1.3778830486395244,9.747634,0.24229331,-36.62487,-14.03349,5.0,28.464999999999996,0.0,81.071,6.934,1.0,145.575,2025,8,21,84.6,0.0,India_Averaged.csv
2025-08-22,0,75.5,63.8,12.8,9.7,18.8,8.379999999999999,1.8,1.8,1.1,1.1,2.6,2.6,3.3,3.3,-2.6506031999856083,-0.4397016508524825,10.187702,1.48757,-30.19431,-12.464605,5.0,28.411,0.0,80.971,6.978,1.0,190.349,2025,8,22,77.5,0.0,India_Averaged.csv
2025-08-23,0,104.2,49.5,11.2,8.6,12.9,8.16,2.0,2.0,1.0,1.0,2.7,2.7,1.9,1.9,-2.7701449024635947,-0.9644569301924337,9.451784,0.8674041,-35.647026,-30.440502,5.0,26.939,0.0,86.999,7.397,1.0,155.911,2025,8,23,104.2,0.0,India_Averaged.csv
2025-08-24,0,84.9,43.28,10.2,8.2,11.4,6.459999999999999,2.0,2.0,1.0,1.0,2.7,2.7,1.2,1.2,-3.428227372506054,-1.5307553536430243,9.436366,-0.19145946,-45.773468,-34.324326,5.0,26.749000000000002,0.0,86.825,8.928,1.0,149.794,2025,8,24,84.9,0.0,India_Averaged.csv
2025-08-25,0,76.4,39.5,10.1,8.3,11.4,3.6,2.0,2.0,1.0,1.0,2.7,2.7,0.1,0.1,-3.676757362266715,-2.2179318278349895,9.249807,-1.4300634,-57.682636,-37.730247,5.0,26.610000000000003,0.0,87.312,10.575,1.0,168.424,2025,8,25,76.4,0.0,India_Averaged.csv
2025-08-26,0,76.8,46.7,11.3,11.1,9.8,4.2,2.0,2.0,1.0,1.0,3.0,3.0,0.1,0.1,-2.9083092341917074,-2.7154875455779983,8.547853,-0.13787934,-31.058142,-68.16111,5.0,27.131,0.0,87.14699999999999,7.998,1.0,166.644,2025,8,26,76.8,0.0,India_Averaged.csv
2025-08-27,0,81.8,56.2,11.0,12.0,10.7,4.3,2.0,2.0,1.0,1.0,2.7,2.7,0.8,0.8,-2.49027168147415,-2.691201970992467,8.606633,0.4463993,-23.3335,-56.823753,5.0,28.169999999999998,0.0,84.595,5.01,1.0,157.613,2025,8,27,83.0,0.0,India_Averaged.csv
2025-08-28,0,93.9,71.1,11.8,10.2,16.6,6.6,2.0,2.0,1.0,1.0,2.7,2.7,3.0,3.0,-2.218760294933829,-1.0862649854246296,10.126962,1.8638872,-25.026052,-9.125073,5.0,28.329,0.0,85.22800000000001,4.906000000000001,1.0,156.69199999999998,2025,8,28,94.0,0.0,India_Averaged.csv
2025-08-29,0,122.2,58.2,9.6,8.8,13.7,13.0,1.8,1.8,1.1,1.1,2.4,2.4,3.7,3.7,-2.2961809516928207,0.23205264578165058,9.682426,2.191081,-24.51907,-1.6768726,5.0,27.694,0.0,87.037,7.25,1.0,133.879,2025,8,29,122.2,0.0,India_Averaged.csv
2025-08-30,0,111.9,54.5,9.5,7.9,12.4,5.3,2.0,2.0,1.0,1.0,2.7,2.7,1.2,1.2,-2.863625644611383,-1.4906272352644867,9.113029,0.26529798,-42.43146,-22.04352,5.0,28.127999999999997,0.0,83.542,7.049000000000001,1.0,123.853,2025,8,30,111.9,0.0,India_Averaged.csv
2025-08-31,0,92.9,59.7,9.1,7.1,11.9,3.4,2.0,2.0,1.0,1.0,2.7,2.7,0.1,0.1,-3.3546315894246055,-1.855176958861528,9.108426,-0.7633544,-49.38636,-41.424065,5.0,26.085,0.0,90.47800000000001,7.781000000000001,1.0,164.08300000000003,2025,8,31,95.5,0.0,India_Averaged.csv
2025-09-01,0,90.5,35.2,8.9,7.9,12.9,7.18,2.0,2.0,1.0,1.0,2.7,2.7,1.9,1.9,-3.5879278199368576,-1.183491283179575,9.836425,0.23705485,-46.250893,-15.495346,5.0,25.323,0.0,90.533,11.34,1.0,167.11499999999998,2025,9,1,90.5,0.0,India_Averaged.csv
2025-09-02,0,62.3,37.4,9.6,7.9,10.2,4.64,2.0,2.0,1.0,1.0,3.0,3.0,0.1,0.1,-4.089409098085641,-2.111511614296183,9.147917,-0.6652452,-45.528976,-42.174603,5.0,25.679000000000002,0.0,88.58099999999999,10.607,1.0,169.637,2025,9,2,63.1,0.0,India_Averaged.csv
2025-09-03,0,68.6,46.8,10.5,8.0,12.0,3.7600000000000002,2.0,2.0,1.0,1.0,2.7,2.7,0.1,0.1,-3.721670407277748,-2.045672814512477,9.069213,-1.2486231,-50.061012,-52.804924,5.0,26.169999999999998,0.0,87.495,6.936,1.0,112.721,2025,9,3,68.7,0.0,India_Averaged.csv
2025-09-04,0,85.5,45.1,11.1,7.4,13.8,2.8600000000000003,2.0,2.0,1.0,1.0,2.7,2.7,0.1,0.1,-3.5033526711000524,-1.8869022078055047,9.166945,-1.0585381,-46.66065,-46.656246,5.0,26.822000000000003,0.0,86.08,7.215999999999999,1.0,70.336,2025,9,4,85.5,0.0,India_Averaged.csv
2025-09-05,0,81.5,48.0,11.2,7.5,18.0,4.6,1.8,1.8,1.1,1.1,2.9,2.9,0.5,0.5,-3.426714618387193,-1.0429567612466815,9.62604,-0.22700953,-44.663208,-26.346237,5.0,26.834000000000003,0.0,86.125,10.788,1.0,113.71600000000001,2025,9,5,82.0,0.0,India_Averaged.csv
2025-09-06,0,86.6,49.2,11.8,8.8,15.2,3.9,2.0,2.0,1.0,1.0,3.0,3.0,0.8,0.8,-3.049668220295748,-1.7178204326345352,9.264758,-0.23648834,-41.78574,-34.520737,5.0,26.927000000000003,0.0,86.625,10.47,1.0,123.824,2025,9,6,86.6,0.0,India_Averaged.csv
2025-09-07,0,88.1,47.7,11.1,7.4,12.8,3.2600000000000002,2.0,2.0,1.0,1.0,3.0,3.0,0.1,0.1,-3.41871478546532,-1.8928551269947385,9.037218,-0.77598447,-48.176987,-42.531075,5.0,27.011000000000003,0.0,84.909,8.871,1.0,137.601,2025,9,7,88.1,0.0,India_Averaged.csv
2025-09-08,0,82.7,55.1,11.5,9.3,17.2,3.3200000000000003,2.0,2.0,1.0,1.0,3.0,3.0,0.8,0.8,-2.9323552787752556,-1.6902024626190915,9.934473,0.22641242,-42.387386,-20.718084,5.0,27.613999999999997,0.0,79.966,6.534999999999999,1.0,178.034,2025,9,8,84.6,0.0,India_Averaged.csv
2025-09-09,0,86.7,71.0,11.1,8.7,16.7,3.1,2.0,2.0,1.0,1.0,3.0,3.0,0.8,0.8,-2.757938076197831,-1.6035371785196681,9.699549,-0.05071292,-37.242012,-30.725628,5.0,28.098000000000003,0.0,74.877,7.631,1.0,274.952,2025,9,9,89.6,0.0,India_Averaged.csv
2025-09-10,0,93.1,64.3,10.2,7.9,15.3,3.1,2.0,2.0,1.0,1.0,2.7,2.7,0.8,0.8,-2.995121975991743,-1.6432552596575811,9.709484,-0.2610601,-46.564102,-20.565756,5.0,28.161,0.0,71.97,10.522,1.0,283.26599999999996,2025,9,10,93.4,0.0,India_Averaged.csv
2025-09-11,0,88.2,69.8,10.6,7.0,15.8,3.1,2.0,2.0,1.0,1.0,2.7,2.7,0.8,0.8,-3.139820915348311,-1.4121613183495387,9.8496,-0.3531745,-52.851368,-17.79869,5.0,27.982999999999997,0.0,69.7,9.578,1.0,277.767,2025,9,11,90.7,0.0,India_Averaged.csv
2025-09-12,0,93.3,72.2,11.559999999999999,7.6,14.7,3.0,2.0,2.0,1.0,1.0,2.7,2.7,0.8,0.8,-2.827147463459044,-1.630559217130979,9.578678,-0.15067278,-47.855774,-19.214722,5.0,28.612000000000002,0.0,68.45,7.090999999999999,1.0,277.40700000000004,2025,9,12,95.0,0.0,India_Averaged.csv
2025-09-13,0,96.3,73.7,11.540000000000001,7.5,17.3,3.7600000000000002,2.0,2.0,1.0,1.0,2.7,2.7,1.6,1.6,-2.7266229613438364,-1.1352379175233127,9.947151,0.10803936,-49.771336,-6.0691385,5.0,29.629,0.0,63.187,6.027000000000001,1.0,267.102,2025,9,13,97.2,0.0,India_Averaged.csv
2025-09-14,0,98.5,83.34,12.3,7.38,14.040000000000001,3.16,2.0,2.0,1.0,1.0,2.4,2.4,1.3,1.3,-2.541720718535589,-1.5565166542965319,9.46886,-0.086630866,-47.44099,-23.821873,5.0,30.500999999999998,0.0,60.839999999999996,6.121,1.0,268.728,2025,9,14,103.4,0.0,India_Averaged.csv
2025-09-15,0,110.55999999999999,80.8,13.680000000000001,9.4,16.0,4.720000000000001,1.9,1.9,0.9,0.9,2.1,2.1,2.1,2.1,-1.8035836711497548,-1.3143855070159816,9.286936,1.2148631,-26.408472,-23.666187,5.0,30.662,0.0,58.947,7.703999999999999,1.0,252.379,2025,9,15,114.46,0.0,India_Averaged.csv
2025-09-16,0,100.5,88.1,13.84,7.8,18.4,3.9799999999999995,1.8,1.8,1.1,1.1,2.3,2.3,2.3,2.3,-2.1612150683959435,-0.9140433139032739,9.580466,0.76519376,-27.722483,-21.404722,5.0,29.956,0.0,63.141,5.953,1.0,228.31,2025,9,16,107.1,0.0,India_Averaged.csv
2025-09-17,0,100.7,72.3,12.76,9.1,17.9,3.6,2.0,2.0,1.0,1.0,2.7,2.7,1.6,1.6,-2.249308964597448,-1.367998113962536,9.489074,0.69988525,-31.12799,-27.076466,5.0,29.756,0.0,66.38,5.837,1.0,224.685,2025,9,17,100.7,0.0,India_Averaged.csv
2025-09-18,0,116.5,71.0,13.02,9.8,20.5,4.4,2.0,2.0,1.0,1.0,2.4,2.4,3.1,3.1,-1.7754354890384825,-0.979091516021825,9.909504,1.851429,-16.513765,-8.7425,5.0,29.250999999999998,0.0,69.25,5.042,1.0,198.05,2025,9,18,116.5,0.0,India_Averaged.csv
2025-09-19,0,115.0,81.3,12.14,9.0,14.8,3.62,2.0,2.0,1.0,1.0,2.1,2.1,1.7,1.7,-1.9412779444394066,-1.6180340870802083,9.187937,1.2044836,-25.486332,-23.151379,5.0,29.849,0.0,65.046,6.188000000000001,1.0,289.363,2025,9,19,116.3,0.0,India_Averaged.csv
2025-09-20,0,124.1,89.86,14.719999999999999,8.9,21.580000000000002,5.54,1.6,1.6,1.2,1.2,1.8,1.8,2.4,2.4,-1.347395752699614,-0.3208511285730036,9.868597,2.2601945,-23.231297,-1.9214714,5.0,30.044999999999998,0.0,60.89,7.8069999999999995,1.0,282.85,2025,9,20,124.1,0.0,India_Averaged.csv
2025-09-21,0,129.64937047083112,94.49344348176506,15.353787419706705,9.177225798615329,18.449157461904377,4.931825739940139,2.0,2.0,1.0,1.0,0.9,0.9,0.7,0.7,-1.1110529329336623,-0.8148969081963635,-0.2782627,1.8355751,-13.313403,-37.118233,5.0,30.252,0.0,57.536,8.222999999999999,1.0,290.95799999999997,2025,9,21,129.64937047083112,0.0,India_Averaged.csv
2025-09-22,0,127.84937047083113,94.59344348176505,15.753787419706706,9.477225798615327,42.04915746190438,4.6318257399401395,1.8,1.8,1.1,1.1,0.8,0.8,1.0,1.0,-0.7755904470524174,1.7482358317518378,0.2340271,2.8632066,-1.4998848,-25.013346,5.0,30.627999999999997,0.0,54.246,9.275,1.0,288.222,2025,9,22,144.34937047083113,0.0,India_Averaged.csv
2025-09-23,0,134.24937047083114,93.49344348176506,15.253787419706706,9.477225798615327,32.04915746190438,4.53182573994014,1.8,1.8,1.1,1.1,0.8,0.8,1.0,1.0,-0.833794888175488,0.5986330580346844,0.32681304,2.8464124,0.013470459,-21.652048,5.0,30.421,0.0,52.413,9.846,1.0,291.812,2025,9,23,134.24937047083114,0.0,India_Averaged.csv
2025-09-24,0,127.31468523541557,90.34672174088253,14.426893709853351,9.338612899307664,15.124578730952189,4.9659128699700705,1.9,1.9,0.9,0.9,1.5,1.5,0.5,0.5,-1.2994904956552498,-1.2482116726448051,4.389183,1.7459018,-19.461126,-23.333593,5.0,30.072000000000003,0.0,54.266999999999996,9.415,1.0,291.736,2025,9,24,130.01468523541558,0.0,India_Averaged.csv
2025-09-25,0,112.64000000000001,83.6,12.7,9.7,18.4,4.9399999999999995,2.0,2.0,1.0,1.0,1.5,1.5,2.6,2.6,-1.7019519967115393,-1.0343035721724936,9.857095,2.0802019,-18.240662,-7.0212736,5.0,30.301,0.0,52.725,8.41,1.0,295.213,2025,9,25,113.12,0.0,India_Averaged.csv
2025-09-26,0,97.6,78.4,12.3,7.3,22.3,4.36,2.0,2.0,1.0,1.0,2.4,2.4,2.3,2.3,-2.539518239765299,-0.3675482232700243,10.406448,0.795164,-36.23767,8.174062,5.0,30.904000000000003,0.0,52.967000000000006,8.791,1.0,286.187,2025,9,26,98.6,0.0,India_Averaged.csv
2025-09-27,0,101.1,99.2,13.5,7.5,38.4,4.96,1.2,1.2,1.4,1.4,2.3,2.3,2.7,2.7,-1.8020692086783647,1.6802080018355672,11.151965,2.8065627,-12.652782,18.547249,5.0,31.645999999999997,0.0,56.613,7.711,1.0,83.505,2025,9,27,110.9,0.0,India_Averaged.csv
2025-09-28,0,133.9,75.14,11.72,6.6,18.240000000000002,3.66,2.0,2.0,1.0,1.0,2.4,2.4,2.6,2.6,-2.1647325908416515,-0.7744757972315521,10.109169,1.1644561,-28.70846,-2.6847029,5.0,30.822999999999997,0.0,65.424,10.365,1.0,93.779,2025,9,28,133.9,0.0,India_Averaged.csv
2025-09-29,0,102.12,61.4,10.1,6.7,20.6,4.2,2.0,2.0,1.0,1.0,2.7,2.7,3.0,3.0,-3.0450764426715,-0.5776742757938941,10.230437,0.61682254,-37.11489,2.1386778,5.0,30.244,0.0,65.503,7.266,1.0,130.19299999999998,2025,9,29,102.12,0.0,India_Averaged.csv
2025-09-30,0,95.6,62.0,12.1,6.8,11.0,3.96,2.0,2.0,1.0,1.0,2.7,2.7,0.2,0.2,-3.101083870491936,-1.7392379765709525,8.960874,-0.17491212,-40.813965,-25.176365,5.0,28.659999999999997,0.0,73.34100000000001,4.931,1.0,181.16000000000003,2025,9,30,96.4,0.0,India_Averaged.csv
2025-10-01,0,99.0,61.1,13.5,7.1,29.1,4.54,1.6,1.6,1.2,1.2,2.2,2.2,2.7,2.7,-2.6621810333527405,0.40926194422478224,10.47826,1.882375,-23.478031,8.56583,5.0,26.802999999999997,0.0,80.733,4.009,1.0,179.176,2025,10,1,99.0,0.0,India_Averaged.csv
2025-10-02,0,100.0,65.9,13.0,6.8,23.9,4.5600000000000005,1.8,1.8,1.1,1.1,2.6,2.6,3.6,3.6,-2.724939068138635,-0.10240229947728811,10.197244,1.0409392,-33.797215,6.2522078,5.0,27.546999999999997,0.0,75.971,5.151000000000001,1.0,136.803,2025,10,2,100.0,0.0,India_Averaged.csv
2025-10-03,0,111.1,60.2,12.5,7.9,23.5,3.88,1.8,1.8,1.1,1.1,2.6,2.6,3.6,3.6,-2.4450802319033538,-0.48990976502112205,10.398809,1.345968,-28.272888,2.4716434,5.0,28.129,0.0,74.60799999999999,4.720999999999999,1.0,114.21199999999999,2025,10,3,111.1,0.0,India_Averaged.csv
2025-10-04,0,97.1,87.53999999999999,12.2,8.379999999999999,22.5,7.0200000000000005,1.4,1.4,1.3,1.3,2.3,2.3,2.7,2.7,-2.1486327183487965,0.08944725740336497,10.300911,2.0638363,-23.018906,-3.672926,5.0,28.516000000000002,0.0,66.525,7.095000000000001,1.0,283.445,2025,10,4,105.6,0.0,India_Averaged.csv
2025-10-05,0,135.7582284118052,94.58224058029417,13.855631236617786,7.5462042997692205,25.241526243650732,3.9553042899900235,1.6,1.6,1.2,1.2,2.2,2.2,2.9,2.9,-1.3715574765175234,0.036943484655117764,8.2710285,2.419299,-12.341814,-1.5257924,5.0,27.677,0.0,68.765,7.154999999999999,1.0,256.338,2025,10,5,135.95822841180518,0.0,India_Averaged.csv
2025-10-06,0,128.92000000000002,56.7,12.5,5.9,14.0,4.6,2.0,2.0,1.0,1.0,2.4,2.4,1.4,1.4,-2.6766781733203255,-1.0259354448013094,8.97312,0.80099934,-32.96629,-14.722626,5.0,23.806,0.0,85.63,6.8050000000000015,1.0,177.08599999999998,2025,10,6,128.92000000000002,0.0,India_Averaged.csv
2025-10-07,0,95.5,54.6,10.1,6.1,19.8,4.5,2.0,2.0,1.0,1.0,2.7,2.7,2.2,2.2,-3.404465635749026,-0.5497762372175444,9.782266,0.23588088,-48.012215,6.4337783,5.0,23.407,0.0,80.282,6.724000000000001,1.0,198.401,2025,10,7,96.1,0.0,India_Averaged.csv
2025-10-08,0,82.7,94.8,13.9,7.1,18.3,4.0,2.0,2.0,1.0,1.0,2.4,2.4,2.3,2.3,-2.5174834980017993,-0.8162005053706016,10.000721,1.0417824,-29.76717,-19.372156,5.0,23.009000000000004,0.0,75.57,5.436,1.0,312.078,2025,10,8,97.3,0.0,India_Averaged.csv
2025-10-09,0,130.0,99.3,13.3,7.8,20.2,4.2,2.0,2.0,1.0,1.0,2.4,2.4,3.0,3.0,-1.4486002175404062,-0.5254317579742811,9.833491,1.9363693,-21.94912,8.909477,5.0,23.527,0.0,66.996,6.309,1.0,287.476,2025,10,9,130.7,0.0,India_Averaged.csv
2025-10-10,0,129.8,120.7,14.4,8.1,28.5,4.2,1.6,1.6,1.2,1.2,2.3,2.3,4.1,4.1,-0.8588993153384885,0.4780864359191317,10.406543,3.0934095,-8.8035145,19.449778,5.0,23.582,0.0,63.613,3.843,1.0,238.033,2025,10,10,140.3,0.0,India_Averaged.csv
2025-10-11,0,156.9,121.4,15.8,9.0,24.3,4.2,1.8,1.8,1.1,1.1,1.7,1.7,3.8,3.8,-0.1088413867113202,-0.06474910850380489,9.446944,3.2503338,-8.119093,6.7005334,5.0,24.22,0.0,61.556999999999995,5.998,1.0,271.543,2025,10,11,165.4,0.0,India_Averaged.csv
2025-10-12,0,155.7,115.7,15.1,8.3,26.6,4.0,1.4,1.4,1.3,1.3,1.7,1.7,3.9,3.9,-0.39380313550087126,0.23929696121987404,10.045226,3.7083428,-3.5197701,18.3806,5.0,25.054,0.0,57.636,5.667,1.0,266.573,2025,10,12,164.0,0.0,India_Averaged.csv
2025-10-13,0,147.1,121.4,15.9,6.1,30.5,5.5,1.6,1.6,1.2,1.2,1.7,1.7,5.8,5.8,-0.7716614744682329,1.4073469745857679,10.575659,4.1545434,1.5022461,29.410786,5.0,25.522,0.0,53.754,3.66,1.0,225.75900000000001,2025,10,13,163.0,0.0,India_Averaged.csv
2025-10-14,0,149.9,127.0,17.5,7.0,30.8,5.0,1.3,1.3,1.2,1.2,1.8,1.8,3.6,3.6,-0.3293141635869384,1.2218684450285617,10.324328,4.1571894,4.132983,23.021845,5.0,25.811,0.0,49.537,3.492,1.0,179.97700000000003,2025,10,14,167.6,0.0,India_Averaged.csv
2025-10-15,0,152.0,134.8,17.8,8.1,33.3,4.8,0.9,0.9,1.4,1.4,1.8,1.8,3.6,3.6,0.10774819880416434,1.3153045690078524,10.45862,4.8498397,13.670545,29.975897,5.0,25.636000000000003,0.0,50.57899999999999,3.9239999999999995,1.0,207.762,2025,10,15,175.9,0.0,India_Averaged.csv
2025-10-16,0,157.1,142.3,17.6,8.86,29.9,4.6,0.9,0.9,1.4,1.4,1.6,1.6,3.0,3.0,0.4188428552119438,0.8010456478777271,10.141104,4.8066716,15.795703,23.975704,5.0,25.695999999999998,0.0,52.303,4.115,1.0,247.006,2025,10,16,179.6,0.0,India_Averaged.csv
2025-10-17,0,158.6,140.5,20.0,8.76,27.9,5.0,1.1,1.1,1.3,1.3,1.3,1.3,3.6,3.6,0.5620009973916129,0.6934450071046441,10.119669,4.5901446,13.176557,18.557377,5.0,26.006,0.0,53.947,4.316000000000001,1.0,222.96599999999998,2025,10,17,174.1,0.0,India_Averaged.csv
2025-10-18,0,164.3,163.4,20.9,7.8,30.7,5.0,1.1,1.1,1.3,1.3,1.6,1.6,3.3,3.3,0.9518651043490015,1.3162409770431762,9.96604,5.231234,21.97395,18.517633,5.0,26.333,0.0,52.08399999999999,3.6390000000000002,1.0,191.42600000000002,2025,10,18,196.7,0.0,India_Averaged.csv
2025-10-19,0,165.4,173.8,23.9,8.74,32.3,7.1,0.9,0.9,1.4,1.4,1.2,1.2,2.8,2.8,1.6096311066565623,1.8700066647833509,10.10832,5.956457,29.984333,11.775999,5.0,26.619999999999997,0.0,52.35,3.2629999999999995,1.0,175.346,2025,10,19,199.8,0.0,India_Averaged.csv
2025-10-20,0,195.2,211.8,21.2,10.74,30.9,7.1,1.0,1.0,1.2,1.2,1.2,1.2,4.6,4.6,2.9622943079123254,1.6092174964468224,9.963324,6.7054024,33.345173,25.458288,5.0,26.398000000000003,0.0,55.213,4.788,1.0,103.65899999999999,2025,10,20,226.0,0.0,India_Averaged.csv
2025-10-21,0,243.9,345.2,18.1,21.14,22.4,7.5,1.3,1.3,0.3,0.3,0.6,0.6,4.6,4.6,7.8040532365546085,-0.3322249280854429,8.649805,9.670869,70.66948,-11.545462,5.0,26.202000000000005,0.0,59.099000000000004,3.9539999999999997,1.0,147.496,2025,10,21,346.3,0.0,India_Averaged.csv
2025-10-22,0,368.6,187.0,17.9,9.52,31.0,5.4,1.2,1.2,0.5,0.5,0.8,0.8,3.8,3.8,5.243266573407746,1.8182428442555767,8.108343,8.919622,72.59964,-12.78073,5.0,26.301,0.0,52.17999999999999,5.799,1.0,236.231,2025,10,22,374.7,0.0,India_Averaged.csv
2025-10-23,0,239.1,138.7,19.8,8.64,32.7,5.4,0.9,0.9,1.1,1.1,1.1,1.1,4.4,4.4,2.0451164648362945,1.5705748195154328,9.375006,6.620862,41.269608,11.290148,5.0,25.586000000000002,0.0,46.841,6.2090000000000005,1.0,234.10100000000003,2025,10,23,247.0,0.0,India_Averaged.csv
2025-10-24,0,178.6,151.1,18.9,9.68,27.1,6.1,1.2,1.2,1.1,1.1,1.4,1.4,5.0,5.0,1.2129442813033242,0.7821597176108838,9.504305,5.272935,19.066242,10.22122,5.0,25.405,0.0,46.789,4.559,1.0,197.32200000000003,2025,10,24,203.1,0.0,India_Averaged.csv
2025-10-25,0,176.5,166.5,22.2,11.18,34.2,5.2,0.9,0.9,1.4,1.4,1.8,1.8,2.3,2.3,2.0502495665418876,1.2238732089254483,10.006845,5.48989,21.702894,12.51232,5.0,25.192999999999998,0.0,48.035000000000004,4.931,1.0,136.855,2025,10,25,205.7,0.0,India_Averaged.csv
2025-10-26,0,187.5,153.6,18.5,10.9,32.0,5.0,1.1,1.1,1.3,1.3,1.8,1.8,2.0,2.0,1.675077080649314,0.9186746022187677,9.767517,4.9225426,14.153241,13.721173,5.0,24.933,0.0,54.029999999999994,5.627000000000001,1.0,89.55000000000001,2025,10,26,203.1,0.0,India_Averaged.csv
2025-10-27,0,189.2,135.0,16.4,8.6,23.1,5.6,1.8,1.8,0.8,0.8,1.3,1.3,4.9,4.9,0.6830593293629755,0.3402551657126204,9.493219,5.09398,18.882011,2.0599728,5.0,22.767999999999997,0.0,71.179,7.883,1.0,97.45599999999999,2025,10,27,193.9,0.0,India_Averaged.csv
2025-10-28,0,172.8,98.3,16.6,6.3,20.8,5.5,1.8,1.8,0.8,0.8,1.2,1.2,3.9,3.9,-0.6966853186220427,0.23655833584118846,9.551778,3.8793483,9.917996,-6.515274,5.0,21.721,0.0,80.66,7.075,1.0,109.003,2025,10,28,172.8,0.0,India_Averaged.csv
2025-10-29,0,149.3,122.2,17.2,13.34,23.6,5.54,1.5,1.5,0.8,0.8,1.3,1.3,3.4,3.4,0.7526008402631104,-0.6219554500653597,9.976065,3.8692405,-6.8126397,-6.713151,5.0,23.851999999999997,0.0,70.709,6.803,1.0,111.001,2025,10,29,153.5,0.0,India_Averaged.csv
2025-10-30,0,169.8,155.8,17.2,7.4,15.5,13.9,1.6,1.6,0.9,0.9,1.5,1.5,4.2,4.2,0.5161142398349386,1.5550000431484767,9.492524,4.8674545,12.398103,-2.169367,5.0,23.303,0.0,84.595,5.968999999999999,1.0,108.048,2025,10,30,177.8,0.0,India_Averaged.csv
2025-10-31,0,207.2,95.6,13.1,13.180000000000001,20.5,5.1,1.7,1.7,0.7,0.7,1.6,1.6,5.0,5.0,0.9998392190662285,-1.0373435482191946,8.701574,5.1661644,20.495785,-19.751072,5.0,24.073,0.0,78.613,4.702,1.0,221.92600000000002,2025,10,31,211.0,0.0,India_Averaged.csv
2025-11-01,0,155.1,169.9,14.5,8.5,16.0,6.6,1.4,1.4,0.7,0.7,1.6,1.6,2.8,2.8,0.3893642194542726,-0.17405171380243245,8.947016,3.740844,-0.4976185,-4.8239937,5.0,24.389000000000003,0.0,65.604,5.417,1.0,255.879,2025,11,1,190.5,0.0,India_Averaged.csv
2025-11-02,0,211.8,155.5,16.0,7.82,22.6,4.9,1.5,1.5,0.5,0.5,1.7,1.7,4.3,4.3,1.23373074166773,0.42992439123572757,8.978574,5.3103895,26.022648,4.000797,5.0,23.51,0.0,60.937,6.508,1.0,282.848,2025,11,2,213.1,0.0,India_Averaged.csv
2025-11-03,0,207.3,152.9,16.6,9.0,32.9,5.1,1.3,1.3,0.9,0.9,1.8,1.8,3.2,3.2,1.5159135696203134,1.4160673354486424,9.603465,4.8803844,14.948108,11.087447,5.0,23.654,0.0,58.279999999999994,6.026000000000001,1.0,242.89499999999998,2025,11,3,211.6,0.0,India_Averaged.csv
2025-11-04,0,185.3,126.6,15.8,11.3,18.0,4.7,1.7,1.7,0.7,0.7,1.6,1.6,2.4,2.4,0.8955557352817927,-0.9687540863407935,8.709448,4.269149,13.119649,-12.692324,5.0,23.157,0.0,69.494,6.15,1.0,177.603,2025,11,4,188.5,0.0,India_Averaged.csv
2025-11-05,0,159.8,99.3,15.6,11.84,22.8,5.4,1.6,1.6,0.9,0.9,1.8,1.8,3.7,3.7,0.13711317368306472,-0.5736978569375857,10.108752,3.6450558,-8.30524,-8.98195,5.0,22.944,0.0,53.997,8.361,1.0,278.393,2025,11,5,161.8,0.0,India_Averaged.csv
2025-11-06,0,147.8,153.5,15.7,8.9,30.3,6.8,1.3,1.3,1.1,1.1,1.7,1.7,4.2,4.2,0.33046806658535033,1.3334127146394819,10.984586,4.4984536,10.362552,36.44294,5.0,20.163999999999998,0.0,48.531,7.88,1.0,283.31800000000004,2025,11,6,163.0,0.0,India_Averaged.csv
2025-11-07,0,207.6,176.2,18.5,8.5,28.2,5.7,1.1,1.1,1.0,1.0,1.7,1.7,3.6,3.6,1.9005103487343864,1.2307664284145852,8.937202,5.2267666,18.053097,10.403108,5.0,19.845,0.0,46.384,7.127,1.0,279.963,2025,11,7,214.9,0.0,India_Averaged.csv
2025-11-08,0,219.0,211.8,21.6,8.4,57.5,6.9,1.2,1.2,0.8,0.8,1.8,1.8,3.4,3.4,3.276999986098928,5.073594558517691,9.277381,5.617914,23.130451,18.957907,5.0,19.726,0.0,46.475,5.9350000000000005,1.0,271.06800000000004,2025,11,8,235.5,0.0,India_Averaged.csv
2025-11-09,0,243.9,182.2,22.6,12.819999999999999,29.7,7.0,1.3,1.3,0.6,0.6,1.6,1.6,4.5,4.5,3.8865013218071285,1.092502117448043,8.926527,6.237681,25.87912,6.42164,5.0,19.848000000000003,0.0,48.315000000000005,5.461,1.0,257.121,2025,11,9,243.9,0.0,India_Averaged.csv
2025-11-10,0,232.4,211.1,24.3,9.6,31.1,8.7,1.3,1.3,0.6,0.6,1.5,1.5,4.4,4.4,3.6721724561822455,2.311657047266485,9.535311,6.4982843,33.607773,21.938265,5.0,19.729,0.0,48.604,4.893000000000001,1.0,257.38599999999997,2025,11,10,244.7,0.0,India_Averaged.csv
2025-11-11,0,248.8,246.9,29.7,8.4,33.0,8.3,1.1,1.1,0.7,0.7,1.6,1.6,4.2,4.2,4.749540890394059,2.916687803807946,9.68307,7.1565886,41.279728,21.93115,5.0,19.991,0.0,49.444,5.834,1.0,257.688,2025,11,11,272.1,0.0,India_Averaged.csv
2025-11-12,0,269.2,261.4,25.1,8.2,28.9,10.7,1.4,1.4,0.4,0.4,1.5,1.5,2.3,2.3,4.960008756652965,3.104075374097191,9.092185,6.868664,37.47616,13.069568,5.0,20.001,0.0,50.953,5.976000000000001,1.0,268.494,2025,11,12,291.8,0.0,India_Averaged.csv
2025-11-13,0,277.7,233.3,26.6,15.74,28.8,10.5,1.4,1.4,0.4,0.4,1.5,1.5,3.4,3.4,6.280176868767472,1.6212806390850028,8.942442,7.5332747,43.929314,0.6022297,5.0,19.271,0.0,50.804,6.337000000000001,1.0,262.211,2025,11,13,281.6,0.0,India_Averaged.csv
2025-11-14,0,260.6,185.2,25.3,7.8,27.6,9.2,1.3,1.3,0.6,0.6,1.4,1.4,4.1,4.1,3.4501143553725413,2.3030921061356056,9.15129,6.784317,35.644478,21.615435,5.0,18.963,0.0,49.729,5.331,1.0,243.78400000000002,2025,11,14,260.6,0.0,India_Averaged.csv
2025-11-15,0,221.4,193.2,25.8,11.78,27.3,10.2,1.3,1.3,0.6,0.6,1.6,1.6,5.2,5.2,3.70397572311204,1.716799352012297,9.179791,6.781736,42.493935,4.49092,5.0,18.863,0.0,50.104,5.047,1.0,224.196,2025,11,15,230.1,0.0,India_Averaged.csv
2025-11-16,0,234.3,188.7,26.3,10.540000000000001,28.7,10.9,1.2,1.2,0.5,0.5,1.3,1.3,5.4,5.4,3.685021016791987,2.266719249353806,9.4311905,6.986501,38.76641,17.339724,5.0,18.653,0.0,50.190000000000005,6.01,1.0,248.994,2025,11,16,237.5,0.0,India_Averaged.csv
2025-11-17,0,233.8,163.5,21.4,9.7,24.7,7.8,1.2,1.2,0.8,0.8,1.2,1.2,2.9,2.9,2.6279576586018396,1.1180517888396568,8.7611065,6.394123,33.331917,10.320209,5.0,18.639999999999997,0.0,53.35,3.592,1.0,200.575,2025,11,17,234.8,0.0,India_Averaged.csv
2025-11-18,0,206.0,191.4,24.9,13.2,30.1,12.1,0.9,0.9,1.1,1.1,1.4,1.4,5.8,5.8,3.667112699799163,2.1403297178392564,10.029717,6.6704392,34.13662,22.283855,5.0,18.681,0.0,60.766999999999996,3.9840000000000004,1.0,217.829,2025,11,18,225.6,0.0,India_Averaged.csv
2025-11-19,0,233.6,227.3,29.0,11.6,28.3,10.3,1.0,1.0,0.9,0.9,1.6,1.6,4.2,4.2,4.709426615541169,2.1113901327257696,8.885191,6.96655,41.643684,10.374523,5.0,19.131,0.0,62.271,2.983,1.0,162.54199999999997,2025,11,19,262.2,0.0,India_Averaged.csv
2025-11-20,0,256.9,194.8,27.3,10.2,30.0,11.1,0.8,0.8,1.0,1.0,1.3,1.3,5.5,5.5,4.229357305424037,2.6213246509452333,9.324789,7.14069,38.05517,18.959469,5.0,19.373,0.0,63.535000000000004,2.809,1.0,193.11999999999998,2025,11,20,259.5,0.0,India_Averaged.csv
2025-11-21,0,232.4,178.8,21.3,12.0,22.7,12.5,1.1,1.1,1.0,1.0,1.0,1.0,4.8,4.8,3.351599669097967,1.5839892724023568,9.300941,6.9242277,26.071178,11.937516,5.0,19.716,0.0,63.734,3.1029999999999998,1.0,174.621,2025,11,21,244.7,0.0,India_Averaged.csv
2025-11-22,0,217.8,198.7,23.9,17.14,32.6,14.0,0.8,0.8,1.0,1.0,1.3,1.3,5.8,5.8,4.776953546448283,2.208664870423582,10.926226,7.856967,28.24874,26.721706,5.0,19.48,0.0,59.275999999999996,3.4210000000000003,1.0,225.325,2025,11,22,231.9,0.0,India_Averaged.csv
2025-11-23,0,234.0,216.3,29.9,19.82,28.2,14.5,1.0,1.0,0.7,0.7,1.2,1.2,7.1,7.1,6.315005836792552,1.5267980738329048,10.234024,7.376605,25.06737,7.0569944,5.0,18.924,0.0,59.001,3.883,1.0,234.13000000000002,2025,11,23,254.9,0.0,India_Averaged.csv
2025-11-24,0,251.8,191.5,28.1,9.1,28.9,10.2,1.0,1.0,0.9,0.9,1.2,1.2,5.6,5.6,3.8949378924487696,2.4684477602139347,9.861988,7.156923,37.18912,13.69632,5.0,18.15,0.0,59.634,4.779999999999999,1.0,216.465,2025,11,24,251.8,0.0,India_Averaged.csv
2025-11-25,0,230.4,175.7,27.5,9.7,25.5,7.8,0.9,0.9,0.8,0.8,1.2,1.2,4.9,4.9,3.239380534136123,1.3073177626849568,9.344043,6.761935,31.23288,12.935512,5.0,17.65,0.0,58.705,5.808,1.0,196.72500000000002,2025,11,25,230.4,0.0,India_Averaged.csv
2025-11-26,0,216.2,163.2,27.5,10.0,30.4,4.8,0.9,0.9,0.8,0.8,1.0,1.0,4.4,4.4,2.8465747507716714,1.0531031310084678,9.812379,6.871166,40.583355,15.312492,5.0,17.74,0.0,58.882999999999996,4.589,1.0,168.002,2025,11,26,216.2,0.0,India_Averaged.csv
2025-11-27,0,204.9,220.1,30.8,10.9,22.2,7.1,1.2,1.2,0.5,0.5,1.2,1.2,5.5,5.5,3.93795086984366,0.7370370126854382,9.033424,7.0956016,46.50462,0.32655412,5.0,18.288,0.0,62.54600000000001,4.702,1.0,142.231,2025,11,27,244.8,0.0,India_Averaged.csv
2025-11-28,0,243.4,199.1,30.1,9.0,24.9,7.1,1.2,1.2,0.5,0.5,1.2,1.2,6.1,6.1,3.903509356587564,1.3817879345001325,9.291011,7.170102,43.958244,5.688436,5.0,18.906,0.0,62.400999999999996,4.888,1.0,246.55699999999996,2025,11,28,244.6,0.0,India_Averaged.csv
2025-11-29,0,230.6,137.1,25.2,7.9,19.8,6.0,1.3,1.3,0.6,0.6,1.0,1.0,5.9,5.9,1.9800278476510744,0.3760439162867943,8.902296,6.3963823,33.791576,-4.921255,5.0,19.3,0.0,57.189,5.676,1.0,235.488,2025,11,29,230.6,0.0,India_Averaged.csv
2025-11-30,0,185.8,135.6,25.2,10.2,19.3,4.9,1.1,1.1,0.7,0.7,0.9,0.9,4.6,4.6,1.566331923855524,-0.4633363800438378,9.189577,5.348094,22.340443,1.3419216,5.0,18.115000000000002,0.0,55.262,5.87,1.0,238.45,2025,11,30,185.8,0.0,India_Averaged.csv
2025-12-01,0,185.3,150.3,28.3,10.6,19.3,6.9,1.1,1.1,0.7,0.7,1.3,1.3,4.3,4.3,2.1437060145514955,-0.001155282456623752,9.242038,5.551051,26.85499,1.6161613,5.0,18.018,0.0,58.434000000000005,4.11,1.0,184.80800000000002,2025,12,1,192.5,0.0,India_Averaged.csv
2025-12-02,0,193.9,218.8,32.0,10.3,57.1,10.5,0.8,0.8,1.0,1.0,1.3,1.3,6.2,6.2,4.149245118977749,5.525635816422481,10.169773,7.0150557,41.486233,20.429178,5.0,18.628999999999998,0.0,57.475,4.912,1.0,232.885,2025,12,2,245.5,0.0,India_Averaged.csv
2025-12-03,0,237.2,146.6,27.2,7.8,21.1,7.4,1.1,1.1,0.7,0.7,1.0,1.0,5.0,5.0,2.4260522176624573,0.9291664150042852,8.847741,6.4382234,33.830383,-3.1674,5.0,16.97,0.0,53.395,6.473999999999999,1.0,229.848,2025,12,3,237.2,0.0,India_Averaged.csv
2025-12-04,0,190.5,143.9,24.4,8.9,24.2,5.5,1.0,1.0,0.9,0.9,0.9,0.9,5.6,5.6,1.5344721319024006,0.5015836133006999,9.26856,6.3625383,31.77013,-0.7188133,5.0,15.953,0.0,54.11899999999999,5.99,1.0,242.496,2025,12,4,190.5,0.0,India_Averaged.csv
2025-12-05,0,192.2,150.5,26.6,8.2,19.8,6.2,1.3,1.3,0.6,0.6,1.0,1.0,5.4,5.4,1.6591281080953064,0.3323616962044444,8.737998,6.0574293,26.652805,-0.42676276,5.0,15.949000000000002,0.0,54.287,5.3100000000000005,1.0,223.304,2025,12,5,192.4,0.0,India_Averaged.csv
2025-12-06,0,196.4,142.6,24.9,7.6,17.8,6.8,1.4,1.4,0.7,0.7,0.9,0.9,4.3,4.3,1.34239060561153,0.3018916739365086,8.488687,5.8852987,20.82213,0.14434853,5.0,16.832,0.0,51.577999999999996,7.6930000000000005,1.0,254.502,2025,12,6,196.4,0.0,India_Averaged.csv
2025-12-07,0,194.7,135.3,24.0,8.0,22.5,7.4,1.3,1.3,0.9,0.9,1.1,1.1,5.3,5.3,1.267726777743593,0.849365917473586,8.895551,5.6099424,17.765005,9.903299,5.0,17.843,0.0,52.263,6.7829999999999995,1.0,264.288,2025,12,7,194.7,0.0,India_Averaged.csv
2025-12-08,0,188.4,135.2,23.6,7.5,19.0,6.9,1.4,1.4,0.9,0.9,1.1,1.1,2.8,2.8,0.9697769067512612,0.40813605881217646,8.50678,5.566146,19.84113,-2.603303,5.0,18.512999999999998,0.0,48.653,7.9799999999999995,1.0,268.398,2025,12,8,188.4,0.0,India_Averaged.csv
2025-12-09,0,179.1,126.2,23.7,7.3,19.5,6.7,1.4,1.4,1.0,1.0,1.1,1.1,3.3,3.3,0.6208228729937284,0.386335785791924,8.659688,5.442261,19.142097,3.3234997,5.0,18.275,0.0,48.975,8.020999999999999,1.0,271.585,2025,12,9,179.1,0.0,India_Averaged.csv
2025-12-10,0,170.6,125.3,23.6,6.0,19.6,7.5,1.5,1.5,1.1,1.1,1.1,1.1,3.5,3.5,0.1932468144668046,0.7717112104090682,8.675807,5.344144,17.546982,-1.5895431,5.0,17.955,0.0,51.459,5.612,1.0,268.512,2025,12,10,170.6,0.0,India_Averaged.csv
2025-12-11,0,168.1,149.0,24.0,8.3,18.6,7.5,1.4,1.4,1.0,1.0,1.0,1.0,4.3,4.3,1.015429002707442,0.3649041297662145,8.677455,5.690291,17.154963,-1.5744871,5.0,18.069,0.0,53.589,4.864,1.0,277.418,2025,12,11,176.2,0.0,India_Averaged.csv
2025-12-12,0,187.2,200.9,27.0,10.379999999999999,20.7,7.7,1.0,1.0,0.9,0.9,1.1,1.1,5.0,5.0,2.89296211221383,0.6139931416700662,9.336718,6.361132,32.12904,7.7310166,5.0,17.881,0.0,57.05400000000001,2.941,1.0,220.94899999999998,2025,12,12,221.7,0.0,India_Averaged.csv
2025-12-13,0,227.7,293.8,26.1,11.3,16.4,5.6,1.4,1.4,0.4,0.4,1.5,1.5,2.0,2.0,5.198206390119054,0.06756464106107067,8.402618,7.0750914,48.652317,-3.1442037,5.0,17.853,0.0,64.663,2.649,1.0,137.425,2025,12,13,315.1,0.0,India_Averaged.csv
2025-12-14,0,306.4,290.3,21.0,13.52,20.3,5.1,1.4,1.4,0.4,0.4,1.5,1.5,2.0,2.0,6.692430415331228,0.18109707643691922,8.400022,7.159835,49.08246,-4.816415,5.0,17.683,0.0,68.441,2.819,1.0,187.911,2025,12,14,323.8,0.0,India_Averaged.csv
2025-12-15,0,313.3,203.2,20.8,8.8,19.1,5.1,1.4,1.4,0.4,0.4,1.5,1.5,3.5,3.5,4.41637268188987,0.4684380688520962,7.723967,6.987189,50.0595,-23.268589,5.0,17.173,0.0,67.09200000000001,5.525,1.0,246.391,2025,12,15,313.3,0.0,India_Averaged.csv
2025-12-16,0,260.3,141.6,20.3,7.0,18.9,6.1,1.4,1.4,0.7,0.7,1.2,1.2,3.8,3.8,2.039781891845581,0.5229691382884663,7.728968,6.3647127,38.02745,-12.377363,5.0,17.441000000000003,0.0,65.20400000000001,7.339,1.0,248.88600000000002,2025,12,16,260.3,0.0,India_Averaged.csv
2025-12-17,0,200.2,149.5,20.2,7.6,16.5,9.1,1.4,1.4,1.0,1.0,1.0,1.0,5.7,5.7,1.1856742599262204,0.6645460347800162,8.628641,5.438969,19.554749,-7.556914,5.0,17.607999999999997,0.0,62.974000000000004,6.11,1.0,259.914,2025,12,17,204.4,0.0,India_Averaged.csv
2025-12-18,0,203.1,214.1,19.0,8.2,9.1,7.2,1.5,1.5,0.5,0.5,1.2,1.2,3.4,3.4,2.210767485804289,-0.38374197296468626,8.022887,6.3937454,36.01195,-10.212704,5.0,17.012,0.0,68.304,4.647,1.0,255.41299999999995,2025,12,18,238.9,0.0,India_Averaged.csv
2025-12-19,0,256.5,172.8,19.2,8.8,12.7,7.5,1.3,1.3,0.6,0.6,1.2,1.2,3.8,3.8,2.704729950321759,-0.059832905412818695,7.7453547,6.542653,34.813156,-20.542454,5.0,16.527,0.0,67.922,4.494000000000001,1.0,251.702,2025,12,19,256.5,0.0,India_Averaged.csv
2025-12-20,0,230.5,192.9,18.6,9.0,10.0,11.8,1.1,1.1,0.7,0.7,1.2,1.2,5.2,5.2,2.5782892136768374,0.5568082054187317,8.517297,6.9098063,38.321987,-3.4191742,5.0,16.368000000000002,0.0,71.428,3.5189999999999997,1.0,151.22899999999998,2025,12,20,243.4,0.0,India_Averaged.csv
2025-12-21,0,255.6,150.1,15.6,8.5,9.2,8.3,1.5,1.5,0.5,0.5,1.2,1.2,4.6,4.6,1.9516600410941394,-0.37206008043556704,8.143825,6.6495943,34.75134,-16.003725,5.0,16.009,0.0,78.247,3.8540000000000005,1.0,129.47,2025,12,21,255.6,0.0,India_Averaged.csv
2025-12-22,0,215.9,207.9,18.6,10.4,14.5,8.5,1.2,1.2,0.5,0.5,1.1,1.1,5.4,5.4,2.8402169595018725,0.13101756767369666,8.546115,7.2695603,44.202606,-8.026209,5.0,16.651999999999997,0.0,77.096,3.3310000000000004,1.0,206.175,2025,12,22,234.6,0.0,India_Averaged.csv
2025-12-23,0,245.8,189.4,20.4,10.0,17.0,7.8,1.1,1.1,0.7,0.7,0.9,0.9,4.5,4.5,3.166601763249823,0.3431014100678872,8.704824,7.450236,44.688633,-3.0392487,5.0,17.895000000000003,0.0,69.568,8.294,1.0,285.521,2025,12,23,245.8,0.0,India_Averaged.csv
2025-12-24,0,244.2,107.5,17.9,6.8,12.8,5.9,1.5,1.5,0.7,0.7,1.0,1.0,5.3,5.3,0.8847631976087988,-0.411368217993469,7.972275,6.1101503,32.941372,-20.873491,5.0,15.991999999999999,0.0,61.512,7.302,1.0,252.07199999999997,2025,12,24,244.2,0.0,India_Averaged.csv
2025-12-25,0,162.9,134.1,20.3,7.7,13.3,7.1,1.6,1.6,0.9,0.9,1.3,1.3,2.1,2.1,0.2038192792667423,-0.3368617312732692,8.147004,4.7740507,7.718927,-10.461035,5.0,15.304000000000002,0.0,62.721000000000004,3.896,1.0,236.10299999999998,2025,12,25,175.6,0.0,India_Averaged.csv
2025-12-26,0,174.5,180.2,22.3,9.6,15.7,5.4,1.4,1.4,0.7,0.7,0.8,0.8,3.6,3.6,1.7110510186329595,-0.49567301165438016,8.433165,6.269467,32.8569,-13.406962,5.0,15.137,0.0,67.126,4.173,1.0,240.051,2025,12,26,206.3,0.0,India_Averaged.csv
2025-12-27,0,226.3,203.1,22.8,9.3,16.8,5.0,1.4,1.4,0.4,0.4,1.3,1.3,3.2,3.2,3.02948341692916,-0.1394789238052244,8.313069,6.8034554,40.269203,-11.683887,5.0,14.886000000000001,0.0,70.297,4.063000000000001,1.0,244.358,2025,12,27,233.1,0.0,India_Averaged.csv
2025-12-28,0,252.1,208.3,21.2,7.8,18.6,5.0,1.4,1.4,0.4,0.4,1.3,1.3,4.4,4.4,3.1903410782787702,0.41653840233034617,8.210886,6.8252206,40.248352,-6.799543,5.0,15.026,0.0,72.505,3.537,1.0,206.87399999999997,2025,12,28,258.6,0.0,India_Averaged.csv
2025-12-29,0,260.3,201.26,28.22,14.2,24.94,5.9399999999999995,1.4,1.4,0.4,0.4,1.2,1.2,4.6,4.6,5.1352311897614475,0.2618932996097981,9.501623,7.2375994,43.984207,12.416063,5.0,14.692000000000002,0.0,74.345,3.6729999999999996,1.0,219.09099999999998,2025,12,29,260.3,0.0,India_Averaged.csv
2025-12-30,0,149.5822841180519,114.82240580294176,18.75631236617784,9.462042997692214,23.415262436507295,5.553042899900233,2.0,2.0,1.0,1.0,0.0,0.0,1.0,1.0,-0.024653403218317185,0.019591619495654716,-6.380163,3.2970002,5.2130594,-28.090946,5.0,15.080000000000002,0.0,72.311,4.224,1.0,216.802,2025,12,30,149.5822841180519,0.0,India_Averaged.csv
2025-12-31,0,149.5822841180519,114.82240580294176,18.75631236617784,9.462042997692214,23.415262436507295,5.553042899900233,2.0,2.0,1.0,1.0,0.0,0.0,1.0,1.0,-0.024653403218317185,0.019591619495654716,-6.35798,3.2807033,5.003179,-27.761927,5.0,14.556000000000001,0.0,79.151,6.703,1.0,143.471,2025,12,31,149.5822841180519,0.0,India_Averaged.csv
