time,station,PM2_5,PM10,NO2,CO,O3,SO2,Kmeans_3,HDBSCAN_3,Kmeans_4,HDBSCAN_4,Kmeans_6,HDBSCAN_6,Kmeans_12,HDBSCAN_12,PCA1,PCA2,UMAP1,UMAP2,TSNE1,TSNE2,district_id,date,TEMP,PRES,DEWP,WSPM,weather,wind_direction,year,month,day,AQI,RAIN,city
2019-01-01,4001,79.6,31.8,7.8,8.0,5.0,16.0,2,2,1,1,1,1,4,4,-1.1366264519032339,-0.8355256996110035,4.448751,3.4717364,-21.634327,-73.974266,21,2019-01-01,21.2975,0.0,79.595,12.22625,1.0,169.41875,2019,1,1,79.6,0,Peru_4001.csv
2019-01-02,4001,85.0,44.4,8.0,8.0,7.0,15.0,2,2,1,1,4,4,9,9,0.092041076331299,0.06454788970427776,2.4598339,-2.293161,5.302065,-48.531414,21,2019-01-02,21.60875,0.0,77.335,12.69375,1.0,172.34875,2019,1,2,85.0,0,Peru_4001.csv
2019-01-03,4001,63.0,50.2,1.0,8.0,8.6,16.0,2,2,1,1,1,1,4,4,-1.7143206553878618,-1.39950658716035,0.6952373,-4.2274966,-45.93429,-19.365965,21,2019-01-03,21.30875,0.0,78.94375,10.72375,1.0,202.5525,2019,1,3,63.0,0,Peru_4001.csv
2019-01-04,4001,63.0,41.6,3.0,9.0,1.4,18.0,2,2,1,1,1,1,4,4,-2.876666073399644,-1.1693053244832974,0.6684025,-3.2845237,-58.293327,12.500679,21,2019-01-04,22.26375,0.0,76.16875,9.997499999999999,1.0,205.41625,2019,1,4,63.0,0,Peru_4001.csv
2019-01-05,4001,59.0,53.2,2.0,9.0,1.0,15.0,2,2,1,1,1,1,3,3,-3.007605457147655,-0.40074865727857256,0.63197964,-2.9640307,-76.88767,9.260643,21,2019-01-05,22.585,0.0,76.06875,10.78125,1.0,185.3375,2019,1,5,59.0,0,Peru_4001.csv
2019-01-06,4001,62.0,28.6,1.0,9.0,7.2,15.0,2,2,1,1,1,1,3,3,-3.2247845294961737,-2.171715727167078,7.4288163,2.279041,-71.3857,-9.504922,21,2019-01-06,22.009999999999998,0.0,76.27125,8.8225,1.0,185.635,2019,1,6,62.0,0,Peru_4001.csv
2019-01-07,4001,56.0,43.0,3.0,10.0,8.2,20.0,2,2,1,1,1,1,4,4,-1.7346950625995583,-2.655399184869707,1.9821974,-2.9293847,-42.38911,-20.944864,21,2019-01-07,22.4225,0.0,73.56875,8.22875,1.0,195.9275,2019,1,7,56.0,0,Peru_4001.csv
2019-01-08,4001,63.0,35.6,2.0,11.0,9.2,16.0,2,2,1,1,1,1,3,3,-2.156752887720233,-2.01202795142818,1.648535,-2.9023685,-43.978596,-19.733526,21,2019-01-08,22.42375,0.0,78.25,9.81875,1.0,182.605,2019,1,8,63.0,0,Peru_4001.csv
2019-01-09,4001,64.0,44.0,6.0,13.0,2.2,18.0,2,2,1,1,1,1,4,4,-1.942880498985587,-0.8585021461189803,1.6216606,-2.501546,-37.408356,-24.98235,21,2019-01-09,23.865,0.0,70.95375,11.1375,1.0,171.19625000000002,2019,1,9,64.0,0,Peru_4001.csv
2019-01-10,4001,75.0,48.8,5.0,16.0,3.0,16.0,2,2,1,1,1,1,11,11,-1.3946980892378273,0.589883865598084,0.9013626,-2.328793,-42.999386,24.423397,21,2019-01-10,23.17125,0.0,74.9,11.0625,1.0,178.02,2019,1,10,75.0,0,Peru_4001.csv
2019-01-11,4001,86.0,46.8,4.0,14.0,1.2,15.0,2,2,1,1,1,1,11,11,-1.588372833744814,1.5244487563768687,0.5796123,-2.3803926,-39.791603,25.616179,21,2019-01-11,23.5825,0.0,70.16625,10.42375,1.0,172.10375,2019,1,11,86.0,0,Peru_4001.csv
2019-01-12,4001,58.0,41.4,3.0,13.0,16.0,15.0,2,2,1,1,1,1,9,9,-0.7498850850967329,-2.682660870926975,5.698426,0.3441789,-34.10499,-43.0008,21,2019-01-12,23.526249999999997,0.0,74.94125,14.2225,1.0,170.50125,2019,1,12,58.0,0,Peru_4001.csv
2019-01-13,4001,56.0,76.0,16.2,10.0,14.0,14.0,2,2,1,1,4,4,9,9,3.184339455063107,-1.25304525900448,2.6312082,-0.0642658,40.961136,4.1182117,21,2019-01-13,22.49,0.0,81.61875,13.8,1.0,177.27625,2019,1,13,76.0,0,Peru_4001.csv
2019-01-14,4001,43.0,39.6,1.0,11.0,1.2,14.0,2,2,1,1,1,1,3,3,-4.738426838446469,-1.9610834173144451,0.9163584,-3.4017663,-79.63294,3.0318036,21,2019-01-14,22.2075,0.0,80.46,12.79625,1.0,179.4025,2019,1,14,43.0,0,Peru_4001.csv
2019-01-15,4001,52.0,57.4,1.0,11.0,0.2,14.0,2,2,1,1,1,1,3,3,-3.5603246470704493,-0.29141651807670005,0.54717445,-3.0925233,-77.77492,9.202367,21,2019-01-15,22.3175,0.0,80.09375,10.33375,1.0,187.83375,2019,1,15,57.4,0,Peru_4001.csv
2019-01-16,4001,47.0,30.8,2.0,12.0,1.0,15.0,2,2,1,1,1,1,3,3,-4.745690132016334,-2.1729082790130327,0.94136745,-3.3495367,-79.81244,0.986043,21,2019-01-16,22.2,0.0,82.345,11.405000000000001,1.0,182.135,2019,1,16,47.0,0,Peru_4001.csv
2019-01-17,4001,55.0,32.8,4.0,13.0,2.0,15.0,2,2,1,1,1,1,3,3,-3.666995900555878,-1.5954229106889497,4.8038135,4.0521264,-76.298065,-9.180204,21,2019-01-17,21.3325,0.0,86.4925,10.01,1.0,187.64,2019,1,17,55.0,0,Peru_4001.csv
2019-01-18,4001,61.0,28.6,6.0,13.0,2.4,14.0,2,2,1,1,1,1,3,3,-3.20507594991219,-1.3374447224067172,4.769088,4.0780325,-23.093994,-80.356735,21,2019-01-18,21.5425,0.0,81.9275,10.24875,1.0,180.3475,2019,1,18,61.0,0,Peru_4001.csv
2019-01-19,4001,58.0,46.4,5.0,12.0,6.6,17.0,2,2,1,1,1,1,4,4,-1.6058370111038098,-1.6404042614159873,1.7651187,-2.6682787,-41.389874,-21.638828,21,2019-01-19,22.369999999999997,0.0,80.37375,7.41625,1.0,194.20375,2019,1,19,58.0,0,Peru_4001.csv
2019-01-20,4001,68.0,45.2,1.0,10.0,0.8,14.0,2,2,1,1,1,1,3,3,-3.316109971814976,0.106622460425236,0.5236101,-3.1149201,-57.560753,12.243815,21,2019-01-20,22.18,0.0,80.08875,9.205,1.0,181.60875,2019,1,20,68.0,0,Peru_4001.csv
2019-01-21,4001,56.0,44.0,3.0,12.0,4.2,15.0,2,2,1,1,1,1,3,3,-2.84433652962876,-1.2866354840032364,0.95531774,-3.0412433,-75.64592,8.480641,21,2019-01-21,22.2975,0.0,79.4725,10.845,1.0,177.35875,2019,1,21,56.0,0,Peru_4001.csv
2019-01-22,4001,59.0,41.4,6.0,13.0,9.0,18.0,2,2,1,1,1,1,4,4,-1.090540536023579,-2.2058093994574994,1.9571586,-2.6559174,-41.03945,-21.12897,21,2019-01-22,23.04375,0.0,75.95875,9.2125,1.0,188.105,2019,1,22,59.0,0,Peru_4001.csv
2019-01-23,4001,62.0,25.2,7.0,14.0,12.4,18.0,2,2,1,1,1,1,4,4,-0.9685509519605214,-3.1797983176612723,3.781073,-2.4371364,-40.52932,-46.649406,21,2019-01-23,23.3275,0.0,74.33,10.435,1.0,189.46375,2019,1,23,62.0,0,Peru_4001.csv
2019-01-24,4001,66.0,45.8,3.0,13.0,1.4,14.0,2,2,1,1,1,1,3,3,-2.8615631111101023,0.08665421645568774,0.7043109,-2.9114158,-62.04031,18.128944,21,2019-01-24,23.005,0.0,79.455,10.52875,1.0,181.135,2019,1,24,66.0,0,Peru_4001.csv
2019-01-25,4001,57.0,54.4,3.0,12.0,1.6,14.0,2,2,1,1,1,1,3,3,-2.8137882621005983,-0.23207723760241994,0.7269388,-2.8871999,-77.04601,9.009425,21,2019-01-25,23.08,0.0,81.88,9.2675,1.0,185.6975,2019,1,25,57.0,0,Peru_4001.csv
2019-01-26,4001,103.0,64.6,3.0,12.0,14.0,15.0,0,0,3,3,5,5,11,11,2.2619564630679307,1.916459840197727,0.5832984,-1.2957671,28.726223,53.140575,21,2019-01-26,23.7625,0.0,76.49,10.8475,1.0,174.1875,2019,1,26,103.0,0,Peru_4001.csv
2019-01-27,4001,170.0,53.4,2.0,11.0,44.0,16.0,0,0,3,3,5,5,10,10,10.21244170620029,2.2509996429313808,-3.490809,-0.25940204,87.40785,40.750584,21,2019-01-27,23.275,0.0,80.18875,9.09,1.0,197.81,2019,1,27,170.0,0,Peru_4001.csv
2019-01-28,4001,154.0,71.0,10.6,11.0,23.0,27.0,0,0,3,3,5,5,10,10,9.284546765793724,2.930578606630198,-3.2206728,-0.15804191,85.13128,39.885273,21,2019-01-28,24.1825,0.0,73.00625,8.71625,1.0,206.2075,2019,1,28,154.0,0,Peru_4001.csv
2019-01-29,4001,162.0,48.8,4.0,14.0,26.0,19.0,0,0,3,3,5,5,10,10,7.012520605656123,3.4730254803604916,-3.4308531,-0.22880287,86.0555,40.744896,21,2019-01-29,24.615,0.0,68.70750000000001,9.19375,1.0,175.355,2019,1,29,162.0,0,Peru_4001.csv
2019-01-30,4001,208.0,58.6,4.0,13.0,22.0,17.0,0,0,3,3,5,5,10,10,8.838200936668995,7.991936979839892,-3.4640834,-0.22636116,86.49912,42.174294,21,2019-01-30,25.23375,0.0,68.42125,10.44,1.0,179.96375,2019,1,30,208.0,0,Peru_4001.csv
2019-01-31,4001,193.0,64.2,3.0,12.0,29.0,15.0,0,0,3,3,5,5,10,10,9.289049355578127,6.525871865227463,-3.488411,-0.24898991,86.65125,41.473606,21,2019-01-31,23.9075,0.0,77.49625,10.6875,1.0,186.5675,2019,1,31,193.0,0,Peru_4001.csv
2019-02-01,4001,175.0,57.6,4.0,13.0,27.0,15.0,0,0,3,3,5,5,10,10,7.922140580968727,5.191854729970278,-3.469866,-0.24262147,86.2878,41.021408,21,2019-02-01,25.544999999999998,0.0,65.82875,8.4425,1.0,212.9225,2019,2,1,175.0,0,Peru_4001.csv
2019-02-02,4001,170.0,38.4,13.4,12.0,3.4,15.0,0,0,3,3,5,5,10,10,4.331803109306338,6.529285877538971,-2.704402,0.08062952,81.18213,44.107506,21,2019-02-02,24.4425,0.0,74.5775,9.73625,1.0,194.3025,2019,2,2,170.0,0,Peru_4001.csv
2019-02-03,4001,168.0,77.2,13.8,12.2,17.6,10.4,0,0,3,3,5,5,10,10,8.492065438288336,7.164810631721996,-2.833845,0.30664587,80.95177,38.568707,21,2019-02-03,24.13375,0.0,78.225,11.44,1.0,190.37875,2019,2,3,168.0,0,Peru_4001.csv
2019-02-04,4001,76.26329315845445,39.0951871657754,11.939310035171744,12.942866095675788,8.522758485383559,9.978580024067387,2,2,1,1,4,4,9,9,0.03549621024003731,-0.08868490030010638,18.853716,-0.22369166,-13.194237,61.20619,21,2019-02-04,24.16375,0.0,79.89375,10.42875,1.0,200.21375,2019,2,4,76.26329315845445,0,Peru_4001.csv
2019-02-05,4001,77.4,48.6,4.0,14.0,3.0,16.0,2,2,1,1,1,1,11,11,-1.495815556738285,0.6319176725628172,0.78706783,-2.36372,-42.921368,24.404629,21,2019-02-05,24.8225,0.0,77.7275,7.5975,1.0,203.30625,2019,2,5,77.4,0,Peru_4001.csv
2019-02-06,4001,188.0,59.0,4.0,13.0,41.0,17.0,0,0,3,3,5,5,10,10,11.327401400785313,4.175171069114202,-3.4965334,-0.25666207,87.2929,40.955788,21,2019-02-06,24.71,0.0,78.4575,7.640000000000001,1.0,211.90625,2019,2,6,188.0,0,Peru_4001.csv
2019-02-07,4001,160.0,56.6,3.0,13.0,21.0,15.0,0,0,3,3,5,5,10,10,5.859704878409575,4.834906828233032,-3.3617413,-0.19867419,85.6828,40.869026,21,2019-02-07,24.6925,0.0,78.24,10.77375,1.0,175.12,2019,2,7,160.0,0,Peru_4001.csv
2019-02-08,4001,168.0,70.0,3.0,14.0,14.0,14.0,0,0,3,3,5,5,10,10,5.590105530762853,7.173044698359696,-3.1135309,-0.14646967,85.01103,41.402054,21,2019-02-08,24.09875,0.0,82.21375,11.5825,1.0,177.79874999999998,2019,2,8,168.0,0,Peru_4001.csv
2019-02-09,4001,163.0,67.6,3.0,13.0,21.0,16.0,0,0,3,3,5,5,10,10,6.664276854155382,5.4697010579054295,-3.3859165,-0.21109173,85.64099,40.928444,21,2019-02-09,24.740000000000002,0.0,78.385,12.34375,1.0,165.83875,2019,2,9,163.0,0,Peru_4001.csv
2019-02-10,4001,164.0,54.0,2.0,12.0,27.0,16.0,0,0,3,3,5,5,10,10,6.8847283816679115,4.057376433129445,-3.4545467,-0.24598601,86.1302,40.807117,21,2019-02-10,24.44625,0.0,78.88,13.38625,1.0,172.65,2019,2,10,164.0,0,Peru_4001.csv
2019-02-11,4001,157.0,56.4,2.0,12.0,24.0,14.0,0,0,3,3,5,5,10,10,5.953329805818363,4.315865416622728,-3.3914015,-0.2206122,85.85467,40.76247,21,2019-02-11,24.4525,0.0,80.6025,9.38625,1.0,193.16125,2019,2,11,157.0,0,Peru_4001.csv
2019-02-12,4001,155.0,113.0,7.0,13.0,50.0,17.0,0,0,3,3,5,5,10,10,14.779300645723428,3.287713542472325,5.6757073,-2.4877033,72.142586,-50.37032,21,2019-02-12,24.455,0.0,77.155,7.3125,1.0,213.85375,2019,2,12,155.0,0,Peru_4001.csv
2019-02-13,4001,188.0,61.8,3.0,13.0,50.0,17.0,0,0,3,3,5,5,10,10,12.895251143150134,3.208640714197864,-3.530052,-0.29181382,87.59369,40.796494,21,2019-02-13,24.325,0.0,77.95375,7.49875,1.0,245.75625,2019,2,13,188.0,0,Peru_4001.csv
2019-02-14,4001,171.0,58.2,3.0,12.0,47.0,19.0,0,0,3,3,5,5,10,10,11.522115765857372,1.8337424451064557,-3.4889283,-0.2609569,87.53711,40.745964,21,2019-02-14,24.30625,0.0,82.05125,10.54625,1.0,194.78625,2019,2,14,171.0,0,Peru_4001.csv
2019-02-15,4001,169.0,48.8,4.0,14.0,35.0,15.0,0,0,3,3,5,5,10,10,8.62232645024861,3.3836329702459635,-3.4828541,-0.25034282,86.77715,40.79656,21,2019-02-15,24.3375,0.0,80.2925,8.86375,1.0,200.745,2019,2,15,169.0,0,Peru_4001.csv
2019-02-16,4001,169.0,57.6,3.0,13.0,26.0,15.0,0,0,3,3,5,5,10,10,7.2487456834259705,4.907920181065867,-3.4560606,-0.23703152,86.1294,40.909904,21,2019-02-16,24.66,0.0,76.22,11.21125,1.0,173.53125,2019,2,16,169.0,0,Peru_4001.csv
2019-02-17,4001,169.0,72.6,3.0,12.0,33.0,16.0,0,0,3,3,5,5,10,10,9.379713625337084,4.572742748066855,-3.4802494,-0.2510942,86.70338,40.834713,21,2019-02-17,23.892500000000002,0.0,78.66,12.3025,1.0,178.13875000000002,2019,2,17,169.0,0,Peru_4001.csv
2019-02-18,4001,155.0,53.8,4.0,14.0,32.0,16.0,0,0,3,3,5,5,10,10,7.753742806046972,2.8641239672668566,-3.4520319,-0.24243404,86.38781,40.619446,21,2019-02-18,24.69375,0.0,72.43625,11.3275,1.0,179.49375,2019,2,18,155.0,0,Peru_4001.csv
2019-02-19,4001,179.0,62.0,4.0,15.0,32.0,18.0,0,0,3,3,5,5,10,10,9.51483961020347,4.818147217892801,-3.5054164,-0.25177166,86.70024,41.048058,21,2019-02-19,24.875,0.0,73.67625,9.9925,1.0,189.04375,2019,2,19,179.0,0,Peru_4001.csv
2019-02-20,4001,192.0,53.4,4.0,14.0,25.0,18.0,0,0,3,3,5,5,10,10,8.428548525751053,6.135061305901423,-3.4849677,-0.24020818,86.4786,41.628185,21,2019-02-20,25.845,0.0,64.69875,11.685,1.0,169.08875,2019,2,20,192.0,0,Peru_4001.csv
2019-02-21,4001,213.0,56.4,6.0,14.0,36.0,20.0,0,0,3,3,5,5,10,10,12.167665584125599,6.105552185245485,-3.4897013,-0.24554297,87.057556,41.628994,21,2019-02-21,25.63625,0.0,61.385,12.1125,1.0,165.76125,2019,2,21,213.0,0,Peru_4001.csv
2019-02-22,4001,76.0,43.2,4.0,12.0,61.0,15.0,1,1,0,0,0,0,2,2,8.542802375317656,-7.045222734997695,6.321548,-3.1996472,72.63477,-56.306553,21,2019-02-22,24.439999999999998,0.0,73.24125,12.06,1.0,184.81625,2019,2,22,76.0,0,Peru_4001.csv
2019-02-23,4001,74.8,19.0,2.0,11.0,46.0,16.0,1,1,0,0,0,0,2,2,4.19749700781414,-6.616997496712797,5.7564797,-1.9682224,65.62601,-53.563503,21,2019-02-23,23.505,0.0,73.9,11.205,1.0,225.31125,2019,2,23,74.8,0,Peru_4001.csv
2019-02-24,4001,73.8,49.6,6.8,13.0,6.0,17.0,2,2,1,1,1,1,11,11,-0.4185747540029295,-0.23197107510677972,2.0211468,-2.6218784,6.389818,-52.680645,21,2019-02-24,23.291249999999998,0.0,79.35875,9.67875,1.0,220.9125,2019,2,24,73.8,0,Peru_4001.csv
2019-02-25,4001,76.26329315845445,39.0951871657754,11.939310035171744,12.942866095675788,8.522758485383559,9.978580024067387,2,2,1,1,4,4,9,9,0.03549621024003731,-0.08868490030010638,19.563808,-0.18037865,-13.194237,61.20619,21,2019-02-25,24.9425,0.0,68.60375,10.01,1.0,182.5475,2019,2,25,76.26329315845445,0,Peru_4001.csv
2019-02-26,4001,76.26329315845445,39.0951871657754,11.939310035171744,12.942866095675788,8.522758485383559,9.978580024067387,2,2,1,1,4,4,9,9,0.03549621024003731,-0.08868490030010638,19.092514,0.10225088,-13.194237,61.20619,21,2019-02-26,24.22,0.0,72.55125000000001,10.44125,1.0,173.9325,2019,2,26,76.26329315845445,0,Peru_4001.csv
2019-02-27,4001,93.2,52.6,2.0,17.0,15.0,14.0,0,0,3,3,5,5,11,11,1.0619506268361494,1.0041686627459092,1.2475741,-1.4003565,-15.181377,30.111574,21,2019-02-27,24.990000000000002,0.0,68.04,9.91,1.0,188.76625,2019,2,27,93.2,0,Peru_4001.csv
2019-02-28,4001,73.4,44.0,6.0,17.0,15.6,15.0,2,2,1,1,1,1,9,9,0.6715987078547674,-1.168475716258833,2.3178558,-1.6922473,-35.05348,-28.252338,21,2019-02-28,24.833750000000002,0.0,69.70875,9.75875,1.0,187.28875,2019,2,28,73.4,0,Peru_4001.csv
2019-03-01,4001,92.4,40.4,4.0,15.0,3.0,17.0,2,2,1,1,5,5,11,11,-1.1090980953452076,1.2460578813414036,0.5787994,-2.4987648,-39.583824,24.772427,21,2019-03-01,24.715,0.0,69.80625,10.45625,1.0,194.7125,2019,3,1,92.4,0,Peru_4001.csv
2019-03-02,4001,48.2,26.8,3.0,14.0,10.6,16.0,2,2,1,1,1,1,3,3,-2.86664467326298,-3.50579113343751,6.952495,2.2626517,-45.290596,-47.43219,21,2019-03-02,24.8975,0.0,68.14625,11.525,1.0,175.23250000000002,2019,3,2,48.2,0,Peru_4001.csv
2019-03-03,4001,59.6,23.8,3.0,13.0,16.4,16.0,2,2,1,1,1,1,3,3,-1.426687526222896,-3.633345942830011,4.1648774,-2.336032,-41.50799,-44.735703,21,2019-03-03,24.19875,0.0,71.19875,10.40125,1.0,191.72,2019,3,3,59.6,0,Peru_4001.csv
2019-03-04,4001,75.4,39.6,5.0,14.0,3.8,17.0,2,2,1,1,1,1,4,4,-1.6234571171288292,-0.2232230706378699,0.7979842,-2.399853,-42.891563,24.206001,21,2019-03-04,23.6925,0.0,73.52,9.43125,1.0,206.0575,2019,3,4,75.4,0,Peru_4001.csv
2019-03-05,4001,68.0,31.2,4.0,14.0,3.8,17.0,2,2,1,1,1,1,4,4,-2.6201716584740407,-1.1553691305591904,4.2998757,3.7383087,-19.968292,-78.240326,21,2019-03-05,24.287499999999998,0.0,69.74625,7.7299999999999995,1.0,205.22,2019,3,5,68.0,0,Peru_4001.csv
2019-03-06,4001,83.8,42.2,9.0,14.0,5.4,18.0,2,2,1,1,4,4,9,9,0.10809660057207755,0.08141404801681362,2.0401535,-2.8776605,6.9707866,-47.539497,21,2019-03-06,23.79875,0.0,74.715,9.22375,1.0,186.20875,2019,3,6,83.8,0,Peru_4001.csv
2019-03-07,4001,71.0,53.6,2.0,19.0,6.0,14.0,2,2,1,1,1,1,11,11,-1.5791593188605793,0.7251373554290543,0.74344176,-2.2646253,-50.860714,23.58773,21,2019-03-07,24.11125,0.0,76.26625,10.28125,1.0,188.1675,2019,3,7,71.0,0,Peru_4001.csv
2019-03-08,4001,58.2,47.8,7.0,17.0,32.0,16.0,1,1,0,0,0,0,2,2,3.3910453464967834,-4.2989456268055655,5.2203903,-1.8586136,64.6592,-47.08562,21,2019-03-08,24.61125,0.0,73.24125,10.84375,1.0,173.895,2019,3,8,58.2,0,Peru_4001.csv
2019-03-09,4001,82.6,39.4,4.0,16.0,5.0,16.0,2,2,1,1,1,1,4,4,-1.3590567157702078,0.4420481618841893,0.8486258,-2.369477,-42.7552,24.03713,21,2019-03-09,23.97875,0.0,74.5425,10.375,1.0,193.9725,2019,3,9,82.6,0,Peru_4001.csv
2019-03-10,4001,54.2,34.0,4.0,16.0,19.4,15.0,2,2,1,1,1,1,9,9,-0.49551146397151086,-3.5613685667302133,5.7242885,0.36018005,-33.93223,-43.00253,21,2019-03-10,24.17625,0.0,74.4375,10.32625,1.0,177.38,2019,3,10,54.2,0,Peru_4001.csv
2019-03-11,4001,77.0,30.8,3.0,15.0,19.8,15.0,2,2,1,1,1,1,9,9,0.30447251805114306,-2.169999966261118,3.135043,-1.8447535,-35.44164,-29.312868,21,2019-03-11,24.466250000000002,0.0,71.80375,10.0725,1.0,180.72875,2019,3,11,77.0,0,Peru_4001.csv
2019-03-12,4001,86.6,139.0,6.0,16.0,1.0,18.0,0,0,3,3,5,5,11,11,3.8705060452887747,5.910792527962762,-2.209324,-1.8139133,29.253994,83.133736,21,2019-03-12,24.23125,0.0,72.615,9.07375,1.0,190.1875,2019,3,12,139.0,0,Peru_4001.csv
2019-03-13,4001,85.0,84.0,3.0,14.0,2.2,17.0,0,0,3,3,5,5,11,11,0.45032893845277305,2.9482789005498016,0.1577732,-1.6699413,19.221111,52.212116,21,2019-03-13,24.017500000000002,0.0,74.37125,7.8575,1.0,213.2975,2019,3,13,85.0,0,Peru_4001.csv
2019-03-14,4001,57.0,86.0,4.0,16.0,3.0,16.0,2,2,1,1,1,1,11,11,-0.532806184104181,1.1764735348651043,0.1285137,-1.8507389,-46.24891,35.26153,21,2019-03-14,23.38625,0.0,77.80625,8.1425,1.0,201.81375,2019,3,14,86.0,0,Peru_4001.csv
2019-03-15,4001,71.0,90.0,6.0,17.0,1.0,16.0,0,0,3,3,5,5,11,11,0.397056665897823,2.6657921830327327,0.08551622,-1.8305726,-46.12659,35.675396,21,2019-03-15,23.40625,0.0,77.44875,10.005,1.0,191.115,2019,3,15,90.0,0,Peru_4001.csv
2019-03-16,4001,74.0,94.0,7.0,17.0,0.0,15.0,0,0,3,3,5,5,11,11,0.6840230733273278,3.3184107710151856,0.03893206,-1.7716727,-46.11685,35.786266,21,2019-03-16,23.365,0.0,78.17125,9.436250000000001,1.0,191.5775,2019,3,16,94.0,0,Peru_4001.csv
2019-03-17,4001,80.0,77.0,3.0,16.0,0.0,16.0,0,0,3,3,5,5,11,11,-0.6373593658399069,2.792228156222298,0.20592792,-1.6585292,19.162235,52.141,21,2019-03-17,23.017500000000002,0.0,77.8375,10.28625,1.0,193.08125,2019,3,17,80.0,0,Peru_4001.csv
2019-03-18,4001,66.0,88.0,4.0,15.0,12.2,16.0,0,0,3,3,5,5,11,11,1.6655106554014936,0.6983489462697399,-0.32343385,-1.7330724,20.048815,61.956074,21,2019-03-18,22.92625,0.0,78.71875,10.24,1.0,183.1675,2019,3,18,88.0,0,Peru_4001.csv
2019-03-19,4001,66.0,93.0,7.0,16.0,0.0,19.0,0,0,3,3,5,5,11,11,0.5985052885678198,2.0804821408945897,0.074812755,-1.8381549,-46.126385,35.70279,21,2019-03-19,22.521250000000002,0.0,79.96375,8.27875,1.0,213.84875,2019,3,19,93.0,0,Peru_4001.csv
2019-03-20,4001,74.0,90.0,6.0,16.0,1.4,19.0,0,0,3,3,5,5,11,11,0.8776004397136374,2.3579020329158764,0.09708522,-1.8293364,-46.11287,35.763332,21,2019-03-20,22.54875,0.0,77.4075,10.06375,1.0,188.5475,2019,3,20,90.0,0,Peru_4001.csv
2019-03-21,4001,68.0,88.0,8.0,16.0,1.6,17.0,0,0,3,3,5,5,11,11,0.7509286044570084,2.016455448416392,0.070198245,-1.8228227,-46.086334,35.56693,21,2019-03-21,22.30375,0.0,76.3125,10.06,1.0,195.45875,2019,3,21,88.0,0,Peru_4001.csv
2019-03-22,4001,9.0,71.0,6.0,16.0,2.4,15.0,2,2,1,1,1,1,3,3,-3.415585124581324,-2.8905437326860217,-6.2788196,4.835632,-94.34647,-31.938404,21,2019-03-22,22.24375,0.0,74.29875,10.19125,1.0,184.1525,2019,3,22,71.0,0,Peru_4001.csv
2019-03-23,4001,5.0,79.0,6.0,16.0,2.4,15.0,2,2,1,1,1,1,3,3,-3.1926804843442422,-2.7790479034146967,-6.2788877,4.8356323,-94.48385,-31.99089,21,2019-03-23,22.5225,0.0,73.01,9.72,1.0,182.92125,2019,3,23,79.0,0,Peru_4001.csv
2019-03-24,4001,5.0,65.0,3.0,15.0,3.6,15.0,2,2,1,1,1,1,3,3,-4.315427495873736,-3.630906655146217,-6.279449,4.836632,-94.13864,-31.877352,21,2019-03-24,22.16375,0.0,75.52125,11.03875,1.0,182.40375,2019,3,24,65.0,0,Peru_4001.csv
2019-03-25,4001,5.0,66.0,4.0,15.0,3.2,14.0,2,2,1,1,1,1,3,3,-4.220561396858841,-3.421312842580506,-6.276519,4.83555,-94.14365,-31.91369,21,2019-03-25,21.68625,0.0,78.58375,11.11,1.0,177.03125,2019,3,25,66.0,0,Peru_4001.csv
2019-03-26,4001,5.0,73.0,4.0,16.0,11.2,15.0,2,2,1,1,1,1,3,3,-2.3217763983389896,-4.136914624083692,-6.2736197,4.834056,-94.17312,-32.661743,21,2019-03-26,21.445,0.0,79.4825,9.745,1.0,197.605,2019,3,26,73.0,0,Peru_4001.csv
2019-03-27,4001,5.0,82.0,5.0,16.0,3.0,18.0,2,2,1,1,1,1,3,3,-2.8668186371029503,-3.080977616664634,-6.2812176,4.8368855,-94.57241,-31.948997,21,2019-03-27,22.05625,0.0,76.50375,8.07625,1.0,192.0325,2019,3,27,82.0,0,Peru_4001.csv
2019-03-28,4001,5.0,78.0,4.0,17.0,1.4,15.0,2,2,1,1,1,1,3,3,-3.83093504530114,-2.5808648260268043,-6.2795444,4.8359046,-94.455376,-31.860027,21,2019-03-28,22.455,0.0,76.895,8.405,1.0,191.345,2019,3,28,78.0,0,Peru_4001.csv
2019-03-29,4001,5.0,77.0,7.0,17.0,0.0,19.0,2,2,1,1,1,1,3,3,-3.1717194102517516,-3.064511962533263,-6.2804565,4.836176,-94.61239,-31.856302,21,2019-03-29,22.298750000000002,0.0,77.24875,8.6525,1.0,198.615,2019,3,29,77.0,0,Peru_4001.csv
2019-03-30,4001,5.0,76.0,5.0,17.0,2.0,17.0,2,2,1,1,1,1,3,3,-3.4461899827724194,-3.0489947645467046,-6.280854,4.8368673,-94.460945,-31.899197,21,2019-03-30,22.7975,0.0,73.4375,9.94625,1.0,187.81875,2019,3,30,76.0,0,Peru_4001.csv
2019-03-31,4001,5.0,70.0,3.0,16.0,1.0,17.0,2,2,1,1,1,1,3,3,-4.347132362061016,-3.247863798443469,-6.293326,4.8442774,-94.33335,-31.77074,21,2019-03-31,22.47375,0.0,75.10875,11.16625,1.0,201.00875,2019,3,31,70.0,0,Peru_4001.csv
2019-04-01,4001,5.0,68.0,2.0,15.0,1.0,17.0,2,2,1,1,1,1,3,3,-4.656030568721276,-3.396626374292481,-6.282523,4.8377147,-94.270905,-31.71864,21,2019-04-01,21.31375,0.0,78.75875,11.965,1.0,207.595,2019,4,1,68.0,0,Peru_4001.csv
2019-04-02,4001,5.0,65.0,3.0,15.0,3.6,15.0,2,2,1,1,1,1,3,3,-4.315427495873736,-3.630906655146217,-6.2797775,4.8367724,-94.13864,-31.877352,21,2019-04-02,20.9525,0.0,79.41125,8.775,1.0,201.87625,2019,4,2,65.0,0,Peru_4001.csv
2019-04-03,4001,5.0,68.0,4.0,16.0,15.6,16.0,2,2,1,1,1,1,3,3,-1.6983435183954463,-5.0746751941062085,-6.2755284,4.834677,-94.15426,-32.931202,21,2019-04-03,21.43875,0.0,80.10875,9.19125,1.0,186.68125,2019,4,3,68.0,0,Peru_4001.csv
2019-04-04,4001,5.0,68.0,5.0,16.0,4.0,17.0,2,2,1,1,1,1,3,3,-3.502024522597268,-3.7747252422531643,-6.279757,4.8366985,-94.2954,-31.964437,21,2019-04-04,21.576249999999998,0.0,81.915,10.438749999999999,1.0,175.6775,2019,4,4,68.0,0,Peru_4001.csv
2019-04-05,4001,5.0,64.0,6.0,17.0,1.6,15.0,2,2,1,1,1,1,3,3,-4.115220622659182,-3.357281035159642,-6.279739,4.8366847,-94.25396,-31.87224,21,2019-04-05,21.80875,0.0,82.9125,10.12375,1.0,181.19875,2019,4,5,64.0,0,Peru_4001.csv
2019-04-06,4001,95.8,68.0,5.0,17.0,2.8,14.0,0,0,3,3,5,5,11,11,0.3941367152718828,3.4243180532495496,-0.09961885,-1.1720614,20.895504,49.440952,21,2019-04-06,22.245,0.0,80.63375,8.50375,1.0,191.47375,2019,4,6,95.8,0,Peru_4001.csv
2019-04-07,4001,5.0,66.0,3.0,17.0,3.4,14.0,2,2,1,1,1,1,3,3,-4.3850960775558265,-3.2753815545599125,-6.2777205,4.8363333,-94.1511,-31.89169,21,2019-04-07,22.63375,0.0,77.0425,9.08125,1.0,179.28125,2019,4,7,66.0,0,Peru_4001.csv
2019-04-08,4001,88.4,78.0,4.0,18.0,2.4,15.0,0,0,3,3,5,5,11,11,0.3710953069116128,3.404260199939021,0.12714407,-1.5964296,19.442545,52.011658,21,2019-04-08,22.98875,0.0,74.02625,10.675,1.0,174.49,2019,4,8,88.4,0,Peru_4001.csv
2019-04-09,4001,102.2,71.0,5.0,16.0,3.0,14.0,0,0,3,3,5,5,11,11,0.8932073992451092,3.939705058602041,-0.4694235,-1.1009309,21.375078,49.871693,21,2019-04-09,21.82125,0.0,75.4675,9.93125,1.0,193.0375,2019,4,9,102.2,0,Peru_4001.csv
2019-04-10,4001,119.8,65.0,10.6,14.0,3.0,10.0,0,0,3,3,5,5,10,10,2.213203846500085,5.163806312146234,-1.899406,-0.030007284,64.85738,44.187473,21,2019-04-10,20.61,0.0,79.39,10.1725,1.0,211.95875,2019,4,10,119.8,0,Peru_4001.csv
2019-04-11,4001,76.26329315845445,39.0951871657754,11.939310035171744,12.942866095675788,8.522758485383559,9.978580024067387,2,2,1,1,4,4,9,9,0.03549621024003731,-0.08868490030010638,18.683064,-0.39887363,-13.194237,61.20619,21,2019-04-11,21.2825,0.0,76.19125,8.147499999999999,1.0,217.56375,2019,4,11,76.26329315845445,0,Peru_4001.csv
2019-04-12,4001,53.4,81.0,11.0,3.0,6.6,1.8,2,2,1,1,1,1,11,11,-0.16457523261841478,0.9890395314974455,-1.0232223,-2.0087829,19.048023,71.449844,21,2019-04-12,21.5925,0.0,74.975,9.995000000000001,1.0,198.35,2019,4,12,81.0,0,Peru_4001.csv
2019-04-13,4001,76.26329315845445,39.0951871657754,11.939310035171744,12.942866095675788,8.522758485383559,9.978580024067387,2,2,1,1,4,4,9,9,0.03549621024003731,-0.08868490030010638,18.717468,0.40560442,-13.194237,61.20619,21,2019-04-13,21.39375,0.0,76.26625,9.73125,1.0,202.0125,2019,4,13,76.26329315845445,0,Peru_4001.csv
2019-04-14,4001,76.26329315845445,39.0951871657754,11.939310035171744,12.942866095675788,8.522758485383559,9.978580024067387,2,2,1,1,4,4,9,9,0.03549621024003731,-0.08868490030010638,18.980242,-0.9006017,-13.194237,61.20619,21,2019-04-14,21.23125,0.0,78.0575,7.796250000000001,1.0,205.005,2019,4,14,76.26329315845445,0,Peru_4001.csv
2019-04-15,4001,76.26329315845445,39.0951871657754,11.939310035171744,12.942866095675788,8.522758485383559,9.978580024067387,2,2,1,1,4,4,9,9,0.03549621024003731,-0.08868490030010638,18.586931,0.019388573,-13.194237,61.20619,21,2019-04-15,21.17625,0.0,78.25,8.24375,1.0,202.295,2019,4,15,76.26329315845445,0,Peru_4001.csv
2019-04-16,4001,76.26329315845445,39.0951871657754,11.939310035171744,12.942866095675788,8.522758485383559,9.978580024067387,2,2,1,1,4,4,9,9,0.03549621024003731,-0.08868490030010638,18.301125,-0.037357487,-13.194237,61.20619,21,2019-04-16,21.7225,0.0,76.55250000000001,8.620000000000001,1.0,189.14249999999998,2019,4,16,76.26329315845445,0,Peru_4001.csv
2019-04-17,4001,76.26329315845445,39.0951871657754,11.939310035171744,12.942866095675788,8.522758485383559,9.978580024067387,2,2,1,1,4,4,9,9,0.03549621024003731,-0.08868490030010638,19.17999,-0.028400943,-13.194237,61.20619,21,2019-04-17,21.765,0.0,73.43625,9.54125,1.0,190.75,2019,4,17,76.26329315845445,0,Peru_4001.csv
2019-04-18,4001,76.26329315845445,39.0951871657754,11.939310035171744,12.942866095675788,8.522758485383559,9.978580024067387,2,2,1,1,4,4,9,9,0.03549621024003731,-0.08868490030010638,19.095697,0.22756495,-13.194237,61.20619,21,2019-04-18,21.11,0.0,74.97,7.28125,1.0,213.49,2019,4,18,76.26329315845445,0,Peru_4001.csv
2019-04-19,4001,76.26329315845445,39.0951871657754,11.939310035171744,12.942866095675788,8.522758485383559,9.978580024067387,2,2,1,1,4,4,9,9,0.03549621024003731,-0.08868490030010638,19.0051,-0.73117423,-13.194237,61.20619,21,2019-04-19,21.37625,0.0,73.93,7.927499999999999,1.0,223.40125,2019,4,19,76.26329315845445,0,Peru_4001.csv
2019-04-20,4001,76.26329315845445,39.0951871657754,11.939310035171744,12.942866095675788,8.522758485383559,9.978580024067387,2,2,1,1,4,4,9,9,0.03549621024003731,-0.08868490030010638,18.370094,-0.11687396,-13.194237,61.20619,21,2019-04-20,21.75,0.0,75.23,7.09125,1.0,207.14625,2019,4,20,76.26329315845445,0,Peru_4001.csv
2019-04-21,4001,76.26329315845445,39.0951871657754,11.939310035171744,12.942866095675788,8.522758485383559,9.978580024067387,2,2,1,1,4,4,9,9,0.03549621024003731,-0.08868490030010638,18.849384,-0.9311966,-13.194237,61.20619,21,2019-04-21,21.72625,0.0,76.78625,7.54125,1.0,212.01625,2019,4,21,76.26329315845445,0,Peru_4001.csv
2019-04-22,4001,76.26329315845445,39.0951871657754,11.939310035171744,12.942866095675788,8.522758485383559,9.978580024067387,2,2,1,1,4,4,9,9,0.03549621024003731,-0.08868490030010638,18.490074,0.12573974,-13.194237,61.20619,21,2019-04-22,21.48375,0.0,77.69375,6.6925,1.0,257.36375,2019,4,22,76.26329315845445,0,Peru_4001.csv
2019-04-23,4001,76.26329315845445,39.0951871657754,11.939310035171744,12.942866095675788,8.522758485383559,9.978580024067387,2,2,1,1,4,4,9,9,0.03549621024003731,-0.08868490030010638,18.06287,-0.18337956,-13.194237,61.20619,21,2019-04-23,21.86375,0.0,74.33,6.48625,1.0,240.01625,2019,4,23,76.26329315845445,0,Peru_4001.csv
2019-04-24,4001,76.26329315845445,39.0951871657754,11.939310035171744,12.942866095675788,8.522758485383559,9.978580024067387,2,2,1,1,4,4,9,9,0.03549621024003731,-0.08868490030010638,19.259531,0.41446298,-13.194237,61.20619,21,2019-04-24,22.04,0.0,75.2875,10.005,1.0,174.03125,2019,4,24,76.26329315845445,0,Peru_4001.csv
2019-04-25,4001,76.26329315845445,39.0951871657754,11.939310035171744,12.942866095675788,8.522758485383559,9.978580024067387,2,2,1,1,4,4,9,9,0.03549621024003731,-0.08868490030010638,18.722906,-0.77143925,-13.194237,61.20619,21,2019-04-25,22.0825,0.0,76.21375,9.4925,1.0,180.49,2019,4,25,76.26329315845445,0,Peru_4001.csv
2019-04-26,4001,76.26329315845445,39.0951871657754,11.939310035171744,12.942866095675788,8.522758485383559,9.978580024067387,2,2,1,1,4,4,9,9,0.03549621024003731,-0.08868490030010638,18.661417,0.5797257,-13.194237,61.20619,21,2019-04-26,21.435,0.0,82.50125,9.47125,1.0,202.54,2019,4,26,76.26329315845445,0,Peru_4001.csv
2019-04-27,4001,76.26329315845445,39.0951871657754,11.939310035171744,12.942866095675788,8.522758485383559,9.978580024067387,2,2,1,1,4,4,9,9,0.03549621024003731,-0.08868490030010638,18.912138,-0.15974535,-13.194237,61.20619,21,2019-04-27,20.66125,0.0,84.04625,9.78875,1.0,207.89625,2019,4,27,76.26329315845445,0,Peru_4001.csv
2019-04-28,4001,76.26329315845445,39.0951871657754,11.939310035171744,12.942866095675788,8.522758485383559,9.978580024067387,2,2,1,1,4,4,9,9,0.03549621024003731,-0.08868490030010638,19.017065,-0.6036724,-13.194237,61.20619,21,2019-04-28,20.29375,0.0,84.0,7.7725,1.0,274.79625,2019,4,28,76.26329315845445,0,Peru_4001.csv
2019-04-29,4001,76.26329315845445,39.0951871657754,11.939310035171744,12.942866095675788,8.522758485383559,9.978580024067387,2,2,1,1,4,4,9,9,0.03549621024003731,-0.08868490030010638,19.26776,0.46425787,-13.194237,61.20619,21,2019-04-29,20.375,0.0,83.80625,7.16625,1.0,260.4325,2019,4,29,76.26329315845445,0,Peru_4001.csv
2019-04-30,4001,76.26329315845445,39.0951871657754,11.939310035171744,12.942866095675788,8.522758485383559,9.978580024067387,2,2,1,1,4,4,9,9,0.03549621024003731,-0.08868490030010638,19.005842,-0.60204786,-13.194237,61.20619,21,2019-04-30,21.1875,0.0,82.1825,7.767499999999999,1.0,190.6725,2019,4,30,76.26329315845445,0,Peru_4001.csv
2019-05-01,4001,76.26329315845445,39.0951871657754,11.939310035171744,12.942866095675788,8.522758485383559,9.978580024067387,2,2,1,1,4,4,9,9,0.03549621024003731,-0.08868490030010638,18.762123,0.20398737,-13.194237,61.20619,21,2019-05-01,20.7625,0.0,82.5925,7.55,1.0,212.10625,2019,5,1,76.26329315845445,0,Peru_4001.csv
2019-05-02,4001,76.26329315845445,39.0951871657754,11.939310035171744,12.942866095675788,8.522758485383559,9.978580024067387,2,2,1,1,4,4,9,9,0.03549621024003731,-0.08868490030010638,18.684095,0.5080946,-13.194237,61.20619,21,2019-05-02,20.1375,0.0,83.345,9.445,1.0,201.32375,2019,5,2,76.26329315845445,0,Peru_4001.csv
2019-05-03,4001,76.26329315845445,39.0951871657754,11.939310035171744,12.942866095675788,8.522758485383559,9.978580024067387,2,2,1,1,4,4,9,9,0.03549621024003731,-0.08868490030010638,19.288483,0.19595282,-13.194237,61.20619,21,2019-05-03,19.175,0.0,84.30625,8.1375,1.0,200.105,2019,5,3,76.26329315845445,0,Peru_4001.csv
2019-05-04,4001,76.26329315845445,39.0951871657754,11.939310035171744,12.942866095675788,8.522758485383559,9.978580024067387,2,2,1,1,4,4,9,9,0.03549621024003731,-0.08868490030010638,19.281507,-0.41855016,-13.194237,61.20619,21,2019-05-04,19.97625,0.0,80.82,9.85875,1.0,183.505,2019,5,4,76.26329315845445,0,Peru_4001.csv
2019-05-05,4001,76.26329315845445,39.0951871657754,11.939310035171744,12.942866095675788,8.522758485383559,9.978580024067387,2,2,1,1,4,4,9,9,0.03549621024003731,-0.08868490030010638,19.185246,-0.55019796,-13.194237,61.20619,21,2019-05-05,21.5975,0.0,74.725,7.20625,1.0,185.34375,2019,5,5,76.26329315845445,0,Peru_4001.csv
2019-05-06,4001,76.26329315845445,39.0951871657754,11.939310035171744,12.942866095675788,8.522758485383559,9.978580024067387,2,2,1,1,4,4,9,9,0.03549621024003731,-0.08868490030010638,18.1509,-0.16169234,-13.194237,61.20619,21,2019-05-06,21.29875,0.0,77.62,10.465,1.0,172.9725,2019,5,6,76.26329315845445,0,Peru_4001.csv
2019-05-07,4001,76.26329315845445,39.0951871657754,11.939310035171744,12.942866095675788,8.522758485383559,9.978580024067387,2,2,1,1,4,4,9,9,0.03549621024003731,-0.08868490030010638,19.046982,-0.70407236,-13.194237,61.20619,21,2019-05-07,19.365000000000002,0.0,82.495,8.5275,1.0,194.0925,2019,5,7,76.26329315845445,0,Peru_4001.csv
2019-05-08,4001,76.26329315845445,39.0951871657754,11.939310035171744,12.942866095675788,8.522758485383559,9.978580024067387,2,2,1,1,4,4,9,9,0.03549621024003731,-0.08868490030010638,18.805145,-0.81733805,-13.194237,61.20619,21,2019-05-08,19.342499999999998,0.0,78.70875,7.51375,1.0,203.70875,2019,5,8,76.26329315845445,0,Peru_4001.csv
2019-05-09,4001,76.26329315845445,39.0951871657754,11.939310035171744,12.942866095675788,8.522758485383559,9.978580024067387,2,2,1,1,4,4,9,9,0.03549621024003731,-0.08868490030010638,19.508343,0.09182775,-13.194237,61.20619,21,2019-05-09,19.95125,0.0,80.13375,10.370000000000001,1.0,184.40125,2019,5,9,76.26329315845445,0,Peru_4001.csv
2019-05-10,4001,76.26329315845445,39.0951871657754,11.939310035171744,12.942866095675788,8.522758485383559,9.978580024067387,2,2,1,1,4,4,9,9,0.03549621024003731,-0.08868490030010638,19.06497,-0.5022961,-13.194237,61.20619,21,2019-05-10,19.41125,0.0,82.33375,8.74,1.0,218.12625,2019,5,10,76.26329315845445,0,Peru_4001.csv
2019-05-11,4001,76.26329315845445,39.0951871657754,11.939310035171744,12.942866095675788,8.522758485383559,9.978580024067387,2,2,1,1,4,4,9,9,0.03549621024003731,-0.08868490030010638,18.661818,-0.400785,-13.194237,61.20619,21,2019-05-11,19.6125,0.0,83.65,8.05875,1.0,222.29125,2019,5,11,76.26329315845445,0,Peru_4001.csv
2019-05-12,4001,76.26329315845445,39.0951871657754,11.939310035171744,12.942866095675788,8.522758485383559,9.978580024067387,2,2,1,1,4,4,9,9,0.03549621024003731,-0.08868490030010638,18.688799,-0.2197444,-13.194237,61.20619,21,2019-05-12,19.5225,0.0,84.4475,8.3625,1.0,208.0625,2019,5,12,76.26329315845445,0,Peru_4001.csv
2019-05-13,4001,76.26329315845445,39.0951871657754,11.939310035171744,12.942866095675788,8.522758485383559,9.978580024067387,2,2,1,1,4,4,9,9,0.03549621024003731,-0.08868490030010638,19.201975,-0.22012438,-13.194237,61.20619,21,2019-05-13,20.52,0.0,79.60875,6.53125,1.0,207.26375000000002,2019,5,13,76.26329315845445,0,Peru_4001.csv
2019-05-14,4001,76.26329315845445,39.0951871657754,11.939310035171744,12.942866095675788,8.522758485383559,9.978580024067387,2,2,1,1,4,4,9,9,0.03549621024003731,-0.08868490030010638,18.860083,0.35134172,-13.194237,61.20619,21,2019-05-14,20.525,0.0,79.965,8.34625,1.0,181.77625,2019,5,14,76.26329315845445,0,Peru_4001.csv
2019-05-15,4001,76.26329315845445,39.0951871657754,11.939310035171744,12.942866095675788,8.522758485383559,9.978580024067387,2,2,1,1,4,4,9,9,0.03549621024003731,-0.08868490030010638,19.203777,-0.2568514,-13.194237,61.20619,21,2019-05-15,19.072499999999998,0.0,84.65125,8.02875,1.0,194.37625,2019,5,15,76.26329315845445,0,Peru_4001.csv
2019-05-16,4001,76.26329315845445,39.0951871657754,11.939310035171744,12.942866095675788,8.522758485383559,9.978580024067387,2,2,1,1,4,4,9,9,0.03549621024003731,-0.08868490030010638,18.596964,-0.24406916,-13.194237,61.20619,21,2019-05-16,18.4275,0.0,83.2825,8.6925,1.0,197.05375,2019,5,16,76.26329315845445,0,Peru_4001.csv
2019-05-17,4001,76.26329315845445,39.0951871657754,11.939310035171744,12.942866095675788,8.522758485383559,9.978580024067387,2,2,1,1,4,4,9,9,0.03549621024003731,-0.08868490030010638,18.316532,-0.45996305,-13.194237,61.20619,21,2019-05-17,18.0,0.0,82.3025,8.8575,1.0,210.9325,2019,5,17,76.26329315845445,0,Peru_4001.csv
2019-05-18,4001,76.26329315845445,39.0951871657754,11.939310035171744,12.942866095675788,8.522758485383559,9.978580024067387,2,2,1,1,4,4,9,9,0.03549621024003731,-0.08868490030010638,18.507658,0.47892258,-13.194237,61.20619,21,2019-05-18,17.91125,0.0,81.80625,8.65875,1.0,217.6925,2019,5,18,76.26329315845445,0,Peru_4001.csv
2019-05-19,4001,76.26329315845445,39.0951871657754,11.939310035171744,12.942866095675788,8.522758485383559,9.978580024067387,2,2,1,1,4,4,9,9,0.03549621024003731,-0.08868490030010638,18.407772,-0.46135542,-13.194237,61.20619,21,2019-05-19,17.93875,0.0,82.32124999999999,8.1425,1.0,211.2825,2019,5,19,76.26329315845445,0,Peru_4001.csv
2019-05-20,4001,76.26329315845445,39.0951871657754,11.939310035171744,12.942866095675788,8.522758485383559,9.978580024067387,2,2,1,1,4,4,9,9,0.03549621024003731,-0.08868490030010638,18.704498,-0.80278,-13.194237,61.20619,21,2019-05-20,18.8875,0.0,80.69125,8.86875,1.0,189.465,2019,5,20,76.26329315845445,0,Peru_4001.csv
2019-05-21,4001,76.26329315845445,39.0951871657754,11.939310035171744,12.942866095675788,8.522758485383559,9.978580024067387,2,2,1,1,4,4,9,9,0.03549621024003731,-0.08868490030010638,19.261154,-0.6000303,-13.194237,61.20619,21,2019-05-21,18.695,0.0,83.09,7.615,1.0,210.22875,2019,5,21,76.26329315845445,0,Peru_4001.csv
2019-05-22,4001,76.26329315845445,39.0951871657754,11.939310035171744,12.942866095675788,8.522758485383559,9.978580024067387,2,2,1,1,4,4,9,9,0.03549621024003731,-0.08868490030010638,19.255476,0.6247201,-13.194237,61.20619,21,2019-05-22,17.92125,0.0,84.97375,7.63125,1.0,218.95375,2019,5,22,76.26329315845445,0,Peru_4001.csv
2019-05-23,4001,76.26329315845445,39.0951871657754,11.939310035171744,12.942866095675788,8.522758485383559,9.978580024067387,2,2,1,1,4,4,9,9,0.03549621024003731,-0.08868490030010638,19.092928,-0.059121814,-13.194237,61.20619,21,2019-05-23,17.2925,0.0,85.02625,7.84,1.0,234.78625,2019,5,23,76.26329315845445,0,Peru_4001.csv
2019-05-24,4001,76.26329315845445,39.0951871657754,11.939310035171744,12.942866095675788,8.522758485383559,9.978580024067387,2,2,1,1,4,4,9,9,0.03549621024003731,-0.08868490030010638,19.56877,0.2569693,-13.194237,61.20619,21,2019-05-24,16.9875,0.0,83.9525,7.21,1.0,206.1575,2019,5,24,76.26329315845445,0,Peru_4001.csv
2019-05-25,4001,76.26329315845445,39.0951871657754,11.939310035171744,12.942866095675788,8.522758485383559,9.978580024067387,2,2,1,1,4,4,9,9,0.03549621024003731,-0.08868490030010638,19.09965,-0.018590078,-13.194237,61.20619,21,2019-05-25,17.72875,0.0,82.6975,8.735,1.0,183.01,2019,5,25,76.26329315845445,0,Peru_4001.csv
2019-05-26,4001,76.26329315845445,39.0951871657754,11.939310035171744,12.942866095675788,8.522758485383559,9.978580024067387,2,2,1,1,4,4,9,9,0.03549621024003731,-0.08868490030010638,19.128778,0.8285804,-13.194237,61.20619,21,2019-05-26,17.755,0.0,82.97875,8.65,1.0,178.0625,2019,5,26,76.26329315845445,0,Peru_4001.csv
2019-05-27,4001,76.26329315845445,39.0951871657754,11.939310035171744,12.942866095675788,8.522758485383559,9.978580024067387,2,2,1,1,4,4,9,9,0.03549621024003731,-0.08868490030010638,18.968307,-0.908689,-13.194237,61.20619,21,2019-05-27,17.2625,0.0,83.67125,10.57625,1.0,166.0675,2019,5,27,76.26329315845445,0,Peru_4001.csv
2019-05-28,4001,76.26329315845445,39.0951871657754,11.939310035171744,12.942866095675788,8.522758485383559,9.978580024067387,2,2,1,1,4,4,9,9,0.03549621024003731,-0.08868490030010638,19.258913,-0.64882475,-13.194237,61.20619,21,2019-05-28,16.7925,0.0,82.57625,8.37375,1.0,181.62125,2019,5,28,76.26329315845445,0,Peru_4001.csv
2019-05-29,4001,76.26329315845445,39.0951871657754,11.939310035171744,12.942866095675788,8.522758485383559,9.978580024067387,2,2,1,1,4,4,9,9,0.03549621024003731,-0.08868490030010638,18.54296,0.08716211,-13.194237,61.20619,21,2019-05-29,16.68875,0.0,81.985,6.4675,1.0,195.9075,2019,5,29,76.26329315845445,0,Peru_4001.csv
2019-05-30,4001,76.26329315845445,39.0951871657754,11.939310035171744,12.942866095675788,8.522758485383559,9.978580024067387,2,2,1,1,4,4,9,9,0.03549621024003731,-0.08868490030010638,18.226692,0.061846953,-13.194237,61.20619,21,2019-05-30,16.986250000000002,0.0,82.17625,7.8675,1.0,184.58375,2019,5,30,76.26329315845445,0,Peru_4001.csv
2019-05-31,4001,76.26329315845445,39.0951871657754,11.939310035171744,12.942866095675788,8.522758485383559,9.978580024067387,2,2,1,1,4,4,9,9,0.03549621024003731,-0.08868490030010638,18.583431,-0.73648536,-13.194237,61.20619,21,2019-05-31,16.965,0.0,80.9,9.28125,1.0,187.94125,2019,5,31,76.26329315845445,0,Peru_4001.csv
2019-06-01,4001,76.26329315845445,39.0951871657754,11.939310035171744,12.942866095675788,8.522758485383559,9.978580024067387,2,2,1,1,4,4,9,9,0.03549621024003731,-0.08868490030010638,18.64298,-0.1360813,-13.194237,61.20619,21,2019-06-01,16.92375,0.0,82.6825,9.28375,1.0,170.97875,2019,6,1,76.26329315845445,0,Peru_4001.csv
2019-06-02,4001,76.26329315845445,39.0951871657754,11.939310035171744,12.942866095675788,8.522758485383559,9.978580024067387,2,2,1,1,4,4,9,9,0.03549621024003731,-0.08868490030010638,19.227598,0.65752214,-13.194237,61.20619,21,2019-06-02,17.76125,0.0,79.8975,7.7475,1.0,192.60250000000002,2019,6,2,76.26329315845445,0,Peru_4001.csv
2019-06-03,4001,76.26329315845445,39.0951871657754,11.939310035171744,12.942866095675788,8.522758485383559,9.978580024067387,2,2,1,1,4,4,9,9,0.03549621024003731,-0.08868490030010638,19.421274,0.19875044,-13.194237,61.20619,21,2019-06-03,17.0475,0.0,84.47625,7.63875,1.0,199.19875,2019,6,3,76.26329315845445,0,Peru_4001.csv
2019-06-04,4001,76.26329315845445,39.0951871657754,11.939310035171744,12.942866095675788,8.522758485383559,9.978580024067387,2,2,1,1,4,4,9,9,0.03549621024003731,-0.08868490030010638,18.034863,-0.19410142,-13.194237,61.20619,21,2019-06-04,16.44625,0.0,84.77625,8.9675,1.0,181.365,2019,6,4,76.26329315845445,0,Peru_4001.csv
2019-06-05,4001,76.26329315845445,39.0951871657754,11.939310035171744,12.942866095675788,8.522758485383559,9.978580024067387,2,2,1,1,4,4,9,9,0.03549621024003731,-0.08868490030010638,19.27512,0.5307105,-13.194237,61.20619,21,2019-06-05,16.0925,0.0,83.98375,9.48375,1.0,164.9725,2019,6,5,76.26329315845445,0,Peru_4001.csv
2019-06-06,4001,76.26329315845445,39.0951871657754,11.939310035171744,12.942866095675788,8.522758485383559,9.978580024067387,2,2,1,1,4,4,9,9,0.03549621024003731,-0.08868490030010638,19.245249,0.6454997,-13.194237,61.20619,21,2019-06-06,16.5625,0.0,80.3075,9.81125,1.0,155.93625,2019,6,6,76.26329315845445,0,Peru_4001.csv
2019-06-07,4001,76.26329315845445,39.0951871657754,11.939310035171744,12.942866095675788,8.522758485383559,9.978580024067387,2,2,1,1,4,4,9,9,0.03549621024003731,-0.08868490030010638,18.38473,-0.5749317,-13.194237,61.20619,21,2019-06-07,16.51,0.0,83.23875,9.54,1.0,209.2225,2019,6,7,76.26329315845445,0,Peru_4001.csv
2019-06-08,4001,76.26329315845445,39.0951871657754,11.939310035171744,12.942866095675788,8.522758485383559,9.978580024067387,2,2,1,1,4,4,9,9,0.03549621024003731,-0.08868490030010638,18.484886,0.33328962,-13.194237,61.20619,21,2019-06-08,16.76625,0.0,82.8025,7.29875,1.0,189.06875,2019,6,8,76.26329315845445,0,Peru_4001.csv
2019-06-09,4001,76.26329315845445,39.0951871657754,11.939310035171744,12.942866095675788,8.522758485383559,9.978580024067387,2,2,1,1,4,4,9,9,0.03549621024003731,-0.08868490030010638,18.60332,-0.3061569,-13.194237,61.20619,21,2019-06-09,16.9825,0.0,85.57875,7.955,1.0,192.115,2019,6,9,76.26329315845445,0,Peru_4001.csv
2019-06-10,4001,76.26329315845445,39.0951871657754,11.939310035171744,12.942866095675788,8.522758485383559,9.978580024067387,2,2,1,1,4,4,9,9,0.03549621024003731,-0.08868490030010638,18.334295,-0.4126319,-13.194237,61.20619,21,2019-06-10,16.91125,0.0,87.92125,8.20625,1.0,183.9075,2019,6,10,76.26329315845445,0,Peru_4001.csv
2019-06-11,4001,76.26329315845445,39.0951871657754,11.939310035171744,12.942866095675788,8.522758485383559,9.978580024067387,2,2,1,1,4,4,9,9,0.03549621024003731,-0.08868490030010638,18.969078,-0.29834145,-13.194237,61.20619,21,2019-06-11,16.305,0.0,86.27,10.07625,1.0,174.31625,2019,6,11,76.26329315845445,0,Peru_4001.csv
2019-06-12,4001,76.26329315845445,39.0951871657754,11.939310035171744,12.942866095675788,8.522758485383559,9.978580024067387,2,2,1,1,4,4,9,9,0.03549621024003731,-0.08868490030010638,19.103727,-0.32781482,-13.194237,61.20619,21,2019-06-12,15.77125,0.0,86.96375,9.69625,1.0,167.71875,2019,6,12,76.26329315845445,0,Peru_4001.csv
2019-06-13,4001,76.26329315845445,39.0951871657754,11.939310035171744,12.942866095675788,8.522758485383559,9.978580024067387,2,2,1,1,4,4,9,9,0.03549621024003731,-0.08868490030010638,19.201468,0.5176092,-13.194237,61.20619,21,2019-06-13,16.05125,0.0,85.92375,9.64625,1.0,165.86375,2019,6,13,76.26329315845445,0,Peru_4001.csv
2019-06-14,4001,76.26329315845445,39.0951871657754,11.939310035171744,12.942866095675788,8.522758485383559,9.978580024067387,2,2,1,1,4,4,9,9,0.03549621024003731,-0.08868490030010638,18.62043,-0.36746722,-13.194237,61.20619,21,2019-06-14,16.19875,0.0,81.66125,8.15,1.0,173.86375,2019,6,14,76.26329315845445,0,Peru_4001.csv
2019-06-15,4001,76.26329315845445,39.0951871657754,11.939310035171744,12.942866095675788,8.522758485383559,9.978580024067387,2,2,1,1,4,4,9,9,0.03549621024003731,-0.08868490030010638,18.66593,0.3800756,-13.194237,61.20619,21,2019-06-15,16.55375,0.0,84.0025,9.46625,1.0,192.39249999999998,2019,6,15,76.26329315845445,0,Peru_4001.csv
2019-06-16,4001,76.26329315845445,39.0951871657754,11.939310035171744,12.942866095675788,8.522758485383559,9.978580024067387,2,2,1,1,4,4,9,9,0.03549621024003731,-0.08868490030010638,18.35002,-0.47346184,-13.194237,61.20619,21,2019-06-16,16.3,0.0,86.42,7.175,1.0,198.9,2019,6,16,76.26329315845445,0,Peru_4001.csv
2019-06-17,4001,76.26329315845445,39.0951871657754,11.939310035171744,12.942866095675788,8.522758485383559,9.978580024067387,2,2,1,1,4,4,9,9,0.03549621024003731,-0.08868490030010638,18.73873,0.02280799,-13.194237,61.20619,21,2019-06-17,16.03875,0.0,85.49000000000001,8.13625,1.0,199.20374999999999,2019,6,17,76.26329315845445,0,Peru_4001.csv
2019-06-18,4001,76.26329315845445,39.0951871657754,11.939310035171744,12.942866095675788,8.522758485383559,9.978580024067387,2,2,1,1,4,4,9,9,0.03549621024003731,-0.08868490030010638,18.66091,-0.37390724,-13.194237,61.20619,21,2019-06-18,16.05375,0.0,84.49125,11.855,1.0,289.845,2019,6,18,76.26329315845445,0,Peru_4001.csv
2019-06-19,4001,76.26329315845445,39.0951871657754,11.939310035171744,12.942866095675788,8.522758485383559,9.978580024067387,2,2,1,1,4,4,9,9,0.03549621024003731,-0.08868490030010638,19.248394,0.6794718,-13.194237,61.20619,21,2019-06-19,15.6475,0.0,85.66375,6.61625,1.0,214.48875,2019,6,19,76.26329315845445,0,Peru_4001.csv
2019-06-20,4001,76.26329315845445,39.0951871657754,11.939310035171744,12.942866095675788,8.522758485383559,9.978580024067387,2,2,1,1,4,4,9,9,0.03549621024003731,-0.08868490030010638,19.284397,-0.446586,-13.194237,61.20619,21,2019-06-20,15.6775,0.0,85.71875,6.575,1.0,193.14875,2019,6,20,76.26329315845445,0,Peru_4001.csv
2019-06-21,4001,76.26329315845445,39.0951871657754,11.939310035171744,12.942866095675788,8.522758485383559,9.978580024067387,2,2,1,1,4,4,9,9,0.03549621024003731,-0.08868490030010638,19.206945,-0.7025371,-13.194237,61.20619,21,2019-06-21,15.1825,0.0,85.55125,11.285,1.0,170.16750000000002,2019,6,21,76.26329315845445,0,Peru_4001.csv
2019-06-22,4001,76.26329315845445,39.0951871657754,11.939310035171744,12.942866095675788,8.522758485383559,9.978580024067387,2,2,1,1,4,4,9,9,0.03549621024003731,-0.08868490030010638,19.242914,-0.7302801,-13.194237,61.20619,21,2019-06-22,15.1325,0.0,84.7725,8.26375,1.0,176.73,2019,6,22,76.26329315845445,0,Peru_4001.csv
2019-06-23,4001,76.26329315845445,39.0951871657754,11.939310035171744,12.942866095675788,8.522758485383559,9.978580024067387,2,2,1,1,4,4,9,9,0.03549621024003731,-0.08868490030010638,18.634144,-0.69195473,-13.194237,61.20619,21,2019-06-23,15.16,0.0,82.05125,7.715,1.0,161.90625,2019,6,23,76.26329315845445,0,Peru_4001.csv
2019-06-24,4001,76.26329315845445,39.0951871657754,11.939310035171744,12.942866095675788,8.522758485383559,9.978580024067387,2,2,1,1,4,4,9,9,0.03549621024003731,-0.08868490030010638,19.385042,-0.88736826,-13.194237,61.20619,21,2019-06-24,15.16125,0.0,83.79125,8.76125,1.0,159.71875,2019,6,24,76.26329315845445,0,Peru_4001.csv
2019-06-25,4001,76.26329315845445,39.0951871657754,11.939310035171744,12.942866095675788,8.522758485383559,9.978580024067387,2,2,1,1,4,4,9,9,0.03549621024003731,-0.08868490030010638,19.460045,-0.27134475,-13.194237,61.20619,21,2019-06-25,15.467500000000001,0.0,82.2925,9.25875,1.0,166.8025,2019,6,25,76.26329315845445,0,Peru_4001.csv
2019-06-26,4001,76.26329315845445,39.0951871657754,11.939310035171744,12.942866095675788,8.522758485383559,9.978580024067387,2,2,1,1,4,4,9,9,0.03549621024003731,-0.08868490030010638,18.664738,0.15587525,-13.194237,61.20619,21,2019-06-26,15.7975,0.0,82.93375,7.30125,1.0,178.06375,2019,6,26,76.26329315845445,0,Peru_4001.csv
2019-06-27,4001,76.26329315845445,39.0951871657754,11.939310035171744,12.942866095675788,8.522758485383559,9.978580024067387,2,2,1,1,4,4,9,9,0.03549621024003731,-0.08868490030010638,18.34528,0.5758816,-13.194237,61.20619,21,2019-06-27,15.7575,0.0,83.98375,7.17875,1.0,191.85999999999999,2019,6,27,76.26329315845445,0,Peru_4001.csv
2019-06-28,4001,76.26329315845445,39.0951871657754,11.939310035171744,12.942866095675788,8.522758485383559,9.978580024067387,2,2,1,1,4,4,9,9,0.03549621024003731,-0.08868490030010638,18.25311,-0.046017326,-13.194237,61.20619,21,2019-06-28,16.0975,0.0,83.9,10.96875,1.0,172.1625,2019,6,28,76.26329315845445,0,Peru_4001.csv
2019-06-29,4001,76.26329315845445,39.0951871657754,11.939310035171744,12.942866095675788,8.522758485383559,9.978580024067387,2,2,1,1,4,4,9,9,0.03549621024003731,-0.08868490030010638,18.478825,-0.0964807,-13.194237,61.20619,21,2019-06-29,16.2425,0.0,85.1925,10.866249999999999,1.0,212.41625,2019,6,29,76.26329315845445,0,Peru_4001.csv
2019-06-30,4001,76.26329315845445,39.0951871657754,11.939310035171744,12.942866095675788,8.522758485383559,9.978580024067387,2,2,1,1,4,4,9,9,0.03549621024003731,-0.08868490030010638,18.731163,-0.43510452,-13.194237,61.20619,21,2019-06-30,16.623749999999998,0.0,83.04625,7.22375,1.0,222.8525,2019,6,30,76.26329315845445,0,Peru_4001.csv
2019-07-01,4001,76.26329315845445,39.0951871657754,11.939310035171744,12.942866095675788,8.522758485383559,9.978580024067387,2,2,1,1,4,4,9,9,0.03549621024003731,-0.08868490030010638,19.048744,-0.6038752,-13.194237,61.20619,21,2019-07-01,16.56,0.0,84.63625,9.24875,1.0,166.2025,2019,7,1,76.26329315845445,0,Peru_4001.csv
2019-07-02,4001,76.26329315845445,39.0951871657754,11.939310035171744,12.942866095675788,8.522758485383559,9.978580024067387,2,2,1,1,4,4,9,9,0.03549621024003731,-0.08868490030010638,18.344807,-0.70985484,-13.194237,61.20619,21,2019-07-02,15.93625,0.0,82.44375,11.45375,1.0,158.9875,2019,7,2,76.26329315845445,0,Peru_4001.csv
2019-07-03,4001,76.26329315845445,39.0951871657754,11.939310035171744,12.942866095675788,8.522758485383559,9.978580024067387,2,2,1,1,4,4,9,9,0.03549621024003731,-0.08868490030010638,18.609589,0.16378444,-13.194237,61.20619,21,2019-07-03,15.57625,0.0,82.675,10.5425,1.0,151.4575,2019,7,3,76.26329315845445,0,Peru_4001.csv
2019-07-04,4001,76.26329315845445,39.0951871657754,11.939310035171744,12.942866095675788,8.522758485383559,9.978580024067387,2,2,1,1,4,4,9,9,0.03549621024003731,-0.08868490030010638,19.581146,0.23956984,-13.194237,61.20619,21,2019-07-04,15.68,0.0,81.93125,8.84,1.0,180.88375,2019,7,4,76.26329315845445,0,Peru_4001.csv
2019-07-05,4001,76.26329315845445,39.0951871657754,11.939310035171744,12.942866095675788,8.522758485383559,9.978580024067387,2,2,1,1,4,4,9,9,0.03549621024003731,-0.08868490030010638,19.169432,-0.331551,-13.194237,61.20619,21,2019-07-05,15.6725,0.0,85.5575,6.67875,1.0,184.1475,2019,7,5,76.26329315845445,0,Peru_4001.csv
2019-07-06,4001,76.26329315845445,39.0951871657754,11.939310035171744,12.942866095675788,8.522758485383559,9.978580024067387,2,2,1,1,4,4,9,9,0.03549621024003731,-0.08868490030010638,18.737759,0.18651986,-13.194237,61.20619,21,2019-07-06,15.77125,0.0,85.13374999999999,8.5425,1.0,185.18375,2019,7,6,76.26329315845445,0,Peru_4001.csv
2019-07-07,4001,76.26329315845445,39.0951871657754,11.939310035171744,12.942866095675788,8.522758485383559,9.978580024067387,2,2,1,1,4,4,9,9,0.03549621024003731,-0.08868490030010638,19.392153,0.027981475,-13.194237,61.20619,21,2019-07-07,15.84875,0.0,84.47749999999999,9.965,1.0,176.41625,2019,7,7,76.26329315845445,0,Peru_4001.csv
2019-07-08,4001,76.26329315845445,39.0951871657754,11.939310035171744,12.942866095675788,8.522758485383559,9.978580024067387,2,2,1,1,4,4,9,9,0.03549621024003731,-0.08868490030010638,18.93118,-0.36742017,-13.194237,61.20619,21,2019-07-08,16.07375,0.0,83.12125,9.03375,1.0,178.055,2019,7,8,76.26329315845445,0,Peru_4001.csv
2019-07-09,4001,76.26329315845445,39.0951871657754,11.939310035171744,12.942866095675788,8.522758485383559,9.978580024067387,2,2,1,1,4,4,9,9,0.03549621024003731,-0.08868490030010638,18.921965,-0.5511811,-13.194237,61.20619,21,2019-07-09,15.6,0.0,84.07875,9.8275,1.0,189.4375,2019,7,9,76.26329315845445,0,Peru_4001.csv
2019-07-10,4001,76.26329315845445,39.0951871657754,11.939310035171744,12.942866095675788,8.522758485383559,9.978580024067387,2,2,1,1,4,4,9,9,0.03549621024003731,-0.08868490030010638,18.658054,0.15030554,-13.194237,61.20619,21,2019-07-10,15.66,0.0,81.89,8.535,1.0,183.43375,2019,7,10,76.26329315845445,0,Peru_4001.csv
2019-07-11,4001,76.26329315845445,39.0951871657754,11.939310035171744,12.942866095675788,8.522758485383559,9.978580024067387,2,2,1,1,4,4,9,9,0.03549621024003731,-0.08868490030010638,18.191229,-0.26899242,-13.194237,61.20619,21,2019-07-11,16.27,0.0,80.88125,9.50125,1.0,162.635,2019,7,11,76.26329315845445,0,Peru_4001.csv
2019-07-12,4001,76.26329315845445,39.0951871657754,11.939310035171744,12.942866095675788,8.522758485383559,9.978580024067387,2,2,1,1,4,4,9,9,0.03549621024003731,-0.08868490030010638,19.203857,0.07257695,-13.194237,61.20619,21,2019-07-12,15.68125,0.0,85.8175,10.15625,1.0,179.70875,2019,7,12,76.26329315845445,0,Peru_4001.csv
2019-07-13,4001,76.26329315845445,39.0951871657754,11.939310035171744,12.942866095675788,8.522758485383559,9.978580024067387,2,2,1,1,4,4,9,9,0.03549621024003731,-0.08868490030010638,19.131258,0.25651222,-13.194237,61.20619,21,2019-07-13,15.5975,0.0,83.62,8.651250000000001,1.0,183.3425,2019,7,13,76.26329315845445,0,Peru_4001.csv
2019-07-14,4001,76.26329315845445,39.0951871657754,11.939310035171744,12.942866095675788,8.522758485383559,9.978580024067387,2,2,1,1,4,4,9,9,0.03549621024003731,-0.08868490030010638,18.869642,-0.9755578,-13.194237,61.20619,21,2019-07-14,15.25125,0.0,83.185,9.06375,1.0,207.0375,2019,7,14,76.26329315845445,0,Peru_4001.csv
2019-07-15,4001,76.26329315845445,39.0951871657754,11.939310035171744,12.942866095675788,8.522758485383559,9.978580024067387,2,2,1,1,4,4,9,9,0.03549621024003731,-0.08868490030010638,18.993317,0.1827899,-13.194237,61.20619,21,2019-07-15,15.48875,0.0,84.22875,8.5225,1.0,176.7825,2019,7,15,76.26329315845445,0,Peru_4001.csv
2019-07-16,4001,76.26329315845445,39.0951871657754,11.939310035171744,12.942866095675788,8.522758485383559,9.978580024067387,2,2,1,1,4,4,9,9,0.03549621024003731,-0.08868490030010638,18.344593,-0.23367797,-13.194237,61.20619,21,2019-07-16,15.82375,0.0,83.505,10.2825,1.0,172.71375,2019,7,16,76.26329315845445,0,Peru_4001.csv
2019-07-17,4001,76.26329315845445,39.0951871657754,11.939310035171744,12.942866095675788,8.522758485383559,9.978580024067387,2,2,1,1,4,4,9,9,0.03549621024003731,-0.08868490030010638,19.353329,-0.46241456,-13.194237,61.20619,21,2019-07-17,15.96875,0.0,83.74375,9.04375,1.0,177.88375000000002,2019,7,17,76.26329315845445,0,Peru_4001.csv
2019-07-18,4001,76.26329315845445,39.0951871657754,11.939310035171744,12.942866095675788,8.522758485383559,9.978580024067387,2,2,1,1,4,4,9,9,0.03549621024003731,-0.08868490030010638,19.32908,-0.5005416,-13.194237,61.20619,21,2019-07-18,15.592500000000001,0.0,86.26625,9.4475,1.0,198.7975,2019,7,18,76.26329315845445,0,Peru_4001.csv
2019-07-19,4001,76.26329315845445,39.0951871657754,11.939310035171744,12.942866095675788,8.522758485383559,9.978580024067387,2,2,1,1,4,4,9,9,0.03549621024003731,-0.08868490030010638,18.211245,-0.4272648,-13.194237,61.20619,21,2019-07-19,15.23625,0.0,81.79625,8.27375,1.0,247.93625,2019,7,19,76.26329315845445,0,Peru_4001.csv
2019-07-20,4001,76.26329315845445,39.0951871657754,11.939310035171744,12.942866095675788,8.522758485383559,9.978580024067387,2,2,1,1,4,4,9,9,0.03549621024003731,-0.08868490030010638,19.348022,0.07546073,-13.194237,61.20619,21,2019-07-20,15.59125,0.0,81.47,7.3637500000000005,1.0,183.9,2019,7,20,76.26329315845445,0,Peru_4001.csv
2019-07-21,4001,76.26329315845445,39.0951871657754,11.939310035171744,12.942866095675788,8.522758485383559,9.978580024067387,2,2,1,1,4,4,9,9,0.03549621024003731,-0.08868490030010638,19.148588,0.3439033,-13.194237,61.20619,21,2019-07-21,15.46375,0.0,82.37,8.845,1.0,178.7125,2019,7,21,76.26329315845445,0,Peru_4001.csv
2019-07-22,4001,76.26329315845445,39.0951871657754,11.939310035171744,12.942866095675788,8.522758485383559,9.978580024067387,2,2,1,1,4,4,9,9,0.03549621024003731,-0.08868490030010638,18.356085,-0.44490272,-13.194237,61.20619,21,2019-07-22,15.455,0.0,83.86,8.7,1.0,185.39249999999998,2019,7,22,76.26329315845445,0,Peru_4001.csv
2019-07-23,4001,76.26329315845445,39.0951871657754,11.939310035171744,12.942866095675788,8.522758485383559,9.978580024067387,2,2,1,1,4,4,9,9,0.03549621024003731,-0.08868490030010638,18.114677,0.06439717,-13.194237,61.20619,21,2019-07-23,15.495000000000001,0.0,84.2975,10.43625,1.0,192.1825,2019,7,23,76.26329315845445,0,Peru_4001.csv
2019-07-24,4001,76.26329315845445,39.0951871657754,11.939310035171744,12.942866095675788,8.522758485383559,9.978580024067387,2,2,1,1,4,4,9,9,0.03549621024003731,-0.08868490030010638,19.028568,0.2306428,-13.194237,61.20619,21,2019-07-24,15.629999999999999,0.0,83.63499999999999,12.23,1.0,167.92875,2019,7,24,76.26329315845445,0,Peru_4001.csv
2019-07-25,4001,76.26329315845445,39.0951871657754,11.939310035171744,12.942866095675788,8.522758485383559,9.978580024067387,2,2,1,1,4,4,9,9,0.03549621024003731,-0.08868490030010638,18.80206,0.65680337,-13.194237,61.20619,21,2019-07-25,15.02375,0.0,83.885,9.91125,1.0,184.01375,2019,7,25,76.26329315845445,0,Peru_4001.csv
2019-07-26,4001,76.26329315845445,39.0951871657754,11.939310035171744,12.942866095675788,8.522758485383559,9.978580024067387,2,2,1,1,4,4,9,9,0.03549621024003731,-0.08868490030010638,18.177973,0.023797452,-13.194237,61.20619,21,2019-07-26,14.42625,0.0,84.05250000000001,8.325,1.0,192.20875,2019,7,26,76.26329315845445,0,Peru_4001.csv
2019-07-27,4001,76.26329315845445,39.0951871657754,11.939310035171744,12.942866095675788,8.522758485383559,9.978580024067387,2,2,1,1,4,4,9,9,0.03549621024003731,-0.08868490030010638,18.518673,-0.24348308,-13.194237,61.20619,21,2019-07-27,14.11,0.0,86.28125,7.7475000000000005,1.0,189.035,2019,7,27,76.26329315845445,0,Peru_4001.csv
2019-07-28,4001,76.26329315845445,39.0951871657754,11.939310035171744,12.942866095675788,8.522758485383559,9.978580024067387,2,2,1,1,4,4,9,9,0.03549621024003731,-0.08868490030010638,19.255878,-0.10922576,-13.194237,61.20619,21,2019-07-28,13.94125,0.0,85.995,7.56125,1.0,191.37625,2019,7,28,76.26329315845445,0,Peru_4001.csv
2019-07-29,4001,76.26329315845445,39.0951871657754,11.939310035171744,12.942866095675788,8.522758485383559,9.978580024067387,2,2,1,1,4,4,9,9,0.03549621024003731,-0.08868490030010638,18.218287,0.16877778,-13.194237,61.20619,21,2019-07-29,13.62875,0.0,85.2775,8.7,1.0,207.69375,2019,7,29,76.26329315845445,0,Peru_4001.csv
2019-07-30,4001,76.26329315845445,39.0951871657754,11.939310035171744,12.942866095675788,8.522758485383559,9.978580024067387,2,2,1,1,4,4,9,9,0.03549621024003731,-0.08868490030010638,18.656342,-0.39470702,-13.194237,61.20619,21,2019-07-30,13.88625,0.0,81.3025,7.88375,1.0,231.87,2019,7,30,76.26329315845445,0,Peru_4001.csv
2019-07-31,4001,76.26329315845445,39.0951871657754,11.939310035171744,12.942866095675788,8.522758485383559,9.978580024067387,2,2,1,1,4,4,9,9,0.03549621024003731,-0.08868490030010638,18.362484,-0.3841036,-13.194237,61.20619,21,2019-07-31,13.72875,0.0,84.28125,6.905,1.0,177.43375,2019,7,31,76.26329315845445,0,Peru_4001.csv
2019-08-01,4001,76.26329315845445,39.0951871657754,11.939310035171744,12.942866095675788,8.522758485383559,9.978580024067387,2,2,1,1,4,4,9,9,0.03549621024003731,-0.08868490030010638,18.88138,-0.1722697,-13.194237,61.20619,21,2019-08-01,14.18375,0.0,84.9575,8.08375,1.0,178.595,2019,8,1,76.26329315845445,0,Peru_4001.csv
2019-08-02,4001,76.26329315845445,39.0951871657754,11.939310035171744,12.942866095675788,8.522758485383559,9.978580024067387,2,2,1,1,4,4,9,9,0.03549621024003731,-0.08868490030010638,17.960873,-0.5787352,-13.194237,61.20619,21,2019-08-02,14.8775,0.0,84.24375,7.025,1.0,237.42125000000001,2019,8,2,76.26329315845445,0,Peru_4001.csv
2019-08-03,4001,76.26329315845445,39.0951871657754,11.939310035171744,12.942866095675788,8.522758485383559,9.978580024067387,2,2,1,1,4,4,9,9,0.03549621024003731,-0.08868490030010638,18.27614,-0.40101254,-13.194237,61.20619,21,2019-08-03,15.22,0.0,84.53125,6.7875,1.0,184.1125,2019,8,3,76.26329315845445,0,Peru_4001.csv
2019-08-04,4001,76.26329315845445,39.0951871657754,11.939310035171744,12.942866095675788,8.522758485383559,9.978580024067387,2,2,1,1,4,4,9,9,0.03549621024003731,-0.08868490030010638,18.778728,-0.5160255,-13.194237,61.20619,21,2019-08-04,14.65375,0.0,84.1775,7.0,1.0,194.03125,2019,8,4,76.26329315845445,0,Peru_4001.csv
2019-08-05,4001,76.26329315845445,39.0951871657754,11.939310035171744,12.942866095675788,8.522758485383559,9.978580024067387,2,2,1,1,4,4,9,9,0.03549621024003731,-0.08868490030010638,19.256437,-0.061686825,-13.194237,61.20619,21,2019-08-05,14.49375,0.0,82.53125,7.74,1.0,182.39124999999999,2019,8,5,76.26329315845445,0,Peru_4001.csv
2019-08-06,4001,76.26329315845445,39.0951871657754,11.939310035171744,12.942866095675788,8.522758485383559,9.978580024067387,2,2,1,1,4,4,9,9,0.03549621024003731,-0.08868490030010638,19.182713,-0.64975506,-13.194237,61.20619,21,2019-08-06,13.93625,0.0,84.97375,10.895,1.0,155.24,2019,8,6,76.26329315845445,0,Peru_4001.csv
2019-08-07,4001,76.26329315845445,39.0951871657754,11.939310035171744,12.942866095675788,8.522758485383559,9.978580024067387,2,2,1,1,4,4,9,9,0.03549621024003731,-0.08868490030010638,18.767012,0.06237391,-13.194237,61.20619,21,2019-08-07,14.015,0.0,84.97,9.52,1.0,176.50625,2019,8,7,76.26329315845445,0,Peru_4001.csv
2019-08-08,4001,76.26329315845445,39.0951871657754,11.939310035171744,12.942866095675788,8.522758485383559,9.978580024067387,2,2,1,1,4,4,9,9,0.03549621024003731,-0.08868490030010638,17.987291,0.18835267,-13.194237,61.20619,21,2019-08-08,14.46,0.0,84.2575,10.65375,1.0,195.90125,2019,8,8,76.26329315845445,0,Peru_4001.csv
2019-08-09,4001,76.26329315845445,39.0951871657754,11.939310035171744,12.942866095675788,8.522758485383559,9.978580024067387,2,2,1,1,4,4,9,9,0.03549621024003731,-0.08868490030010638,18.752108,0.55127007,-13.194237,61.20619,21,2019-08-09,13.97625,0.0,84.295,9.075,1.0,196.84875,2019,8,9,76.26329315845445,0,Peru_4001.csv
2019-08-10,4001,76.26329315845445,39.0951871657754,11.939310035171744,12.942866095675788,8.522758485383559,9.978580024067387,2,2,1,1,4,4,9,9,0.03549621024003731,-0.08868490030010638,18.511194,-0.772099,-13.194237,61.20619,21,2019-08-10,14.30125,0.0,83.3125,8.9075,1.0,241.68875,2019,8,10,76.26329315845445,0,Peru_4001.csv
2019-08-11,4001,76.26329315845445,39.0951871657754,11.939310035171744,12.942866095675788,8.522758485383559,9.978580024067387,2,2,1,1,4,4,9,9,0.03549621024003731,-0.08868490030010638,18.475573,-0.19746768,-13.194237,61.20619,21,2019-08-11,13.754999999999999,0.0,85.85375,9.31125,1.0,197.9025,2019,8,11,76.26329315845445,0,Peru_4001.csv
2019-08-12,4001,76.26329315845445,39.0951871657754,11.939310035171744,12.942866095675788,8.522758485383559,9.978580024067387,2,2,1,1,4,4,9,9,0.03549621024003731,-0.08868490030010638,18.785748,0.2825347,-13.194237,61.20619,21,2019-08-12,13.99,0.0,85.1725,8.29625,1.0,244.19375,2019,8,12,76.26329315845445,0,Peru_4001.csv
2019-08-13,4001,76.26329315845445,39.0951871657754,11.939310035171744,12.942866095675788,8.522758485383559,9.978580024067387,2,2,1,1,4,4,9,9,0.03549621024003731,-0.08868490030010638,18.691618,0.9435973,-13.194237,61.20619,21,2019-08-13,14.55375,0.0,85.04375,6.8725,1.0,258.66125,2019,8,13,76.26329315845445,0,Peru_4001.csv
2019-08-14,4001,76.26329315845445,39.0951871657754,11.939310035171744,12.942866095675788,8.522758485383559,9.978580024067387,2,2,1,1,4,4,9,9,0.03549621024003731,-0.08868490030010638,18.540468,-0.7261357,-13.194237,61.20619,21,2019-08-14,15.25,0.0,79.90125,7.16875,1.0,183.2075,2019,8,14,76.26329315845445,0,Peru_4001.csv
2019-08-15,4001,101.6,27.0,11.0,10.0,2.0,7.0,2,2,1,1,4,4,9,9,-1.008757044101843,2.165819597278742,0.9757796,3.4741619,-20.550556,8.203217,21,2019-08-15,14.25625,0.0,83.615,7.9399999999999995,1.0,188.695,2019,8,15,101.6,0,Peru_4001.csv
2019-08-16,4001,53.0,27.4,8.0,11.0,3.2,9.0,2,2,1,1,1,1,3,3,-3.5461716125520426,-1.6038057654130766,4.9384656,4.2151423,-47.838985,-54.89901,21,2019-08-16,14.0175,0.0,83.0,10.9875,1.0,159.63,2019,8,16,53.0,0,Peru_4001.csv
2019-08-17,4001,19.0,43.4,17.0,7.0,18.6,8.0,2,2,1,1,1,1,2,2,0.16620528080015082,-5.580524701840695,7.2403903,1.5400966,-9.15427,-71.36366,21,2019-08-17,14.335,0.0,84.45875,8.20125,1.0,196.53125,2019,8,17,43.4,0,Peru_4001.csv
2019-08-18,4001,11.0,61.4,19.0,8.0,16.8,8.0,2,2,1,1,4,4,9,9,0.7992718144567007,-5.007145727744815,7.3006706,1.4852083,-8.692139,-71.77021,21,2019-08-18,14.63125,0.0,86.13125,7.58375,1.0,187.02125,2019,8,18,61.4,0,Peru_4001.csv
2019-08-19,4001,5.0,55.8,22.0,6.0,9.0,8.0,2,2,1,1,4,4,3,3,-0.5822931143883152,-4.962010089044369,7.37254,1.4646738,-7.7327957,-71.76915,21,2019-08-19,14.85,0.0,82.8175,8.565,1.0,184.20749999999998,2019,8,19,55.8,0,Peru_4001.csv
2019-08-20,4001,5.0,56.4,19.0,6.0,9.2,8.0,2,2,1,1,1,1,3,3,-1.1255922459996792,-4.882987299925313,7.359333,1.487337,-8.038964,-71.74091,21,2019-08-20,14.845,0.0,82.995,8.1975,1.0,191.1075,2019,8,20,56.4,0,Peru_4001.csv
2019-08-21,4001,5.0,28.0,22.0,5.0,12.2,10.0,2,2,1,1,1,1,3,3,-1.2734759321426843,-7.0990007229810805,7.3844643,1.4498109,-7.186545,-73.01034,21,2019-08-21,15.2075,0.0,81.0525,8.9825,1.0,188.94625,2019,8,21,28.0,0,Peru_4001.csv
2019-08-22,4001,49.0,63.0,21.0,6.0,14.4,7.0,2,2,1,1,4,4,9,9,2.596300905525117,-1.936106629994502,4.1704364,0.2580742,36.60293,-23.633085,21,2019-08-22,16.13,0.0,80.47999999999999,8.075,1.0,185.82375000000002,2019,8,22,63.0,0,Peru_4001.csv
2019-08-23,4001,13.0,64.6,21.0,6.0,2.2,7.0,2,2,1,1,1,1,3,3,-1.259765267958172,-2.928130694267591,7.3933563,1.4471974,-7.3999734,-71.37194,21,2019-08-23,16.46875,0.0,77.9125,7.51375,1.0,197.22375,2019,8,23,64.6,0,Peru_4001.csv
2019-08-24,4001,17.0,16.4,20.0,5.0,16.0,6.0,2,2,1,1,1,1,3,3,-1.3719162466974395,-6.704770461669388,7.297495,1.6775423,-6.9240456,-73.949745,21,2019-08-24,15.592500000000001,0.0,83.465,9.30875,1.0,182.4175,2019,8,24,20.0,0,Peru_4001.csv
2019-08-25,4001,12.0,17.2,22.0,5.0,13.8,5.0,2,2,1,1,4,4,7,7,-1.6500880366100277,-6.665549614842244,7.3246894,1.5370631,-6.936927,-73.699554,21,2019-08-25,14.50375,0.0,84.58875,8.76,1.0,193.745,2019,8,25,22.0,0,Peru_4001.csv
2019-08-26,4001,10.0,44.6,18.0,6.0,11.2,6.0,2,2,1,1,1,1,3,3,-1.5167286352803369,-5.071644146091154,7.3495975,1.5048853,-8.1480665,-71.847496,21,2019-08-26,14.555,0.0,81.22375,9.80875,1.0,172.97875,2019,8,26,44.6,0,Peru_4001.csv
2019-08-27,4001,12.0,44.6,24.0,6.0,12.4,6.0,2,2,1,1,4,4,7,7,0.017674260741839247,-5.225914089970335,7.3821325,1.4567165,-7.523834,-72.22893,21,2019-08-27,14.36,0.0,83.5625,7.705,1.0,205.175,2019,8,27,44.6,0,Peru_4001.csv
2019-08-28,4001,12.0,56.0,26.0,9.0,6.2,8.0,2,2,1,1,4,4,7,7,0.0781228911900954,-3.9723835865265866,7.4075136,1.3881725,-7.357071,-71.63337,21,2019-08-28,15.46375,0.0,80.37,8.44,1.0,175.35375,2019,8,28,56.0,0,Peru_4001.csv
2019-08-29,4001,11.0,65.0,17.0,8.0,12.6,7.0,2,2,1,1,1,1,3,3,-0.2678510578060343,-4.115326808335059,7.316711,1.5166196,-8.56162,-71.7435,21,2019-08-29,15.85875,0.0,78.47874999999999,10.31875,1.0,170.0575,2019,8,29,65.0,0,Peru_4001.csv
2019-08-30,4001,16.0,50.4,17.0,8.0,10.8,6.0,2,2,1,1,1,1,3,3,-1.1990633079355562,-4.125130595305592,7.342112,1.5121871,-8.382066,-71.55126,21,2019-08-30,14.7975,0.0,80.0375,8.33,1.0,183.67000000000002,2019,8,30,50.4,0,Peru_4001.csv
2019-08-31,4001,12.0,67.2,15.0,8.0,11.4,7.0,2,2,1,1,1,1,3,3,-0.7291878372122721,-3.732364666179537,7.3134227,1.5338811,-8.655376,-71.755356,21,2019-08-31,16.43,0.0,79.0875,9.7975,1.0,181.64625,2019,8,31,67.2,0,Peru_4001.csv
2019-09-01,4001,17.0,37.2,21.0,5.0,6.2,6.0,2,2,1,1,1,1,7,7,-1.857951351614787,-4.454489527154997,7.382552,1.5059507,-7.132816,-72.290886,21,2019-09-01,15.73375,0.0,82.6875,7.2275,1.0,206.23874999999998,2019,9,1,37.2,0,Peru_4001.csv
2019-09-02,4001,13.0,32.6,22.0,5.0,14.8,7.0,2,2,1,1,4,4,7,7,-0.4442525100179309,-6.214550375891474,7.3736563,1.4654231,-7.310186,-72.954895,21,2019-09-02,15.56,0.0,80.62125,6.755,1.0,206.14624999999998,2019,9,2,32.6,0,Peru_4001.csv
2019-09-03,4001,13.0,54.2,22.0,7.0,9.6,7.0,2,2,1,1,4,4,7,7,-0.2583728614652286,-4.33145868225297,7.381179,1.4620352,-7.739226,-71.780525,21,2019-09-03,15.64625,0.0,81.66625,6.89625,1.0,204.85750000000002,2019,9,3,54.2,0,Peru_4001.csv
2019-09-04,4001,17.0,58.6,23.0,6.0,10.0,6.0,2,2,1,1,4,4,7,7,0.3490602677259399,-3.83561003146977,7.3856945,1.4523982,-7.6942687,-71.705734,21,2019-09-04,15.653749999999999,0.0,81.745,8.09375,1.0,192.52625,2019,9,4,58.6,0,Peru_4001.csv
2019-09-05,4001,12.0,38.8,21.0,6.0,7.0,6.0,2,2,1,1,1,1,3,3,-1.86985483454075,-4.76364138593027,7.3896165,1.4513801,-7.2446704,-72.27564,21,2019-09-05,15.3725,0.0,81.94875,10.161249999999999,1.0,183.09375,2019,9,5,38.8,0,Peru_4001.csv
2019-09-06,4001,11.0,46.2,17.0,7.0,13.0,6.0,2,2,1,1,1,1,3,3,-1.2623095275042624,-5.047468605240921,7.327461,1.5038203,-8.511015,-71.67566,21,2019-09-06,15.38875,0.0,82.5775,10.875,1.0,174.5675,2019,9,6,46.2,0,Peru_4001.csv
2019-09-07,4001,8.0,33.2,21.0,5.0,7.8,6.0,2,2,1,1,1,1,3,3,-2.21056514533322,-5.50774634446535,7.3885217,1.4601252,-7.1617966,-72.50077,21,2019-09-07,15.7125,0.0,79.0275,11.83875,1.0,170.67625,2019,9,7,33.2,0,Peru_4001.csv
2019-09-08,4001,76.6,15.0,20.0,4.0,20.8,8.0,2,2,0,0,4,4,2,2,2.470546711720518,-3.4047072925311967,5.1665235,-0.36816323,49.454536,-32.61564,21,2019-09-08,15.44875,0.0,81.4375,14.14875,1.0,166.57375,2019,9,8,76.6,0,Peru_4001.csv
2019-09-09,4001,94.8,48.8,23.0,5.0,3.6,7.0,0,0,3,3,4,4,7,7,2.5205844913548696,1.9029779996799687,-1.3144096,3.6232333,77.99185,-0.33208412,21,2019-09-09,15.005,0.0,85.46125,9.39625,1.0,193.96375,2019,9,9,94.8,0,Peru_4001.csv
2019-09-10,4001,101.8,54.8,24.0,4.0,18.0,7.0,0,0,3,3,4,4,9,9,5.97329185182317,0.8020908888831305,3.8383675,-0.9962094,61.891994,-19.11212,21,2019-09-10,15.44875,0.0,81.6875,10.35,1.0,263.84000000000003,2019,9,10,101.8,0,Peru_4001.csv
2019-09-11,4001,89.8,35.0,28.0,6.0,6.8,7.0,0,0,1,1,4,4,7,7,3.159694066129202,0.3965192113124612,-1.9106734,3.692466,82.56411,0.21516846,21,2019-09-11,15.9525,0.0,80.0625,11.606250000000001,1.0,186.94875000000002,2019,9,11,89.8,0,Peru_4001.csv
2019-09-12,4001,94.4,37.2,30.0,5.0,20.4,7.0,0,0,0,0,0,0,7,7,6.358270770734947,-0.9927327948588381,4.216009,-1.1514001,69.01995,-26.97591,21,2019-09-12,15.5,0.0,80.53,8.76625,1.0,210.14,2019,9,12,94.4,0,Peru_4001.csv
2019-09-13,4001,74.4,34.0,27.0,6.0,20.4,5.0,2,2,0,0,0,0,7,7,4.442056915812419,-2.1860382325723933,4.5119205,-1.049567,49.404152,-36.219612,21,2019-09-13,15.0075,0.0,84.19375,9.553749999999999,1.0,207.91125,2019,9,13,74.4,0,Peru_4001.csv
2019-09-14,4001,97.0,28.6,24.0,7.0,10.0,6.0,0,0,1,1,4,4,7,7,2.851185835215791,0.5003903297473454,-1.1542395,3.46075,68.749435,-20.542109,21,2019-09-14,14.68375,0.0,82.45375,9.64125,1.0,216.91,2019,9,14,97.0,0,Peru_4001.csv
2019-09-15,4001,88.4,57.2,25.0,6.0,17.2,7.0,0,0,0,0,4,4,9,9,5.513997446568695,0.17460386697240515,3.8970237,-0.9722332,62.513443,-18.756077,21,2019-09-15,15.62875,0.0,78.99625,9.9275,1.0,178.04749999999999,2019,9,15,88.4,0,Peru_4001.csv
2019-09-16,4001,88.2,25.6,23.0,6.0,6.4,6.0,2,2,1,1,4,4,7,7,1.4158025834821495,0.11706647294062536,-1.119385,3.5026793,69.018585,-20.96683,21,2019-09-16,15.885,0.0,81.97875,10.14125,1.0,199.90625,2019,9,16,88.2,0,Peru_4001.csv
2019-09-17,4001,90.6,39.2,24.0,6.0,18.0,9.0,0,0,0,0,4,4,7,7,4.802427383171517,-0.9121582782834043,4.025213,-0.84089804,63.635857,-19.274267,21,2019-09-17,15.7475,0.0,82.6,9.47125,1.0,206.83875,2019,9,17,90.6,0,Peru_4001.csv
2019-09-18,4001,64.2,19.4,33.0,5.0,14.4,5.0,2,2,0,0,0,0,7,7,3.3275986317807518,-3.1233832554802023,-1.195052,4.874002,44.761272,-40.092,21,2019-09-18,15.2325,0.0,83.87,10.1475,1.0,231.26,2019,9,18,64.2,0,Peru_4001.csv
2019-09-19,4001,70.6,60.8,48.0,10.0,3.0,33.0,1,1,0,0,0,0,0,0,9.2625373930969,-2.9037968135432104,4.6480837,-4.3093343,89.154274,-30.972857,21,2019-09-19,15.69625,0.0,82.00999999999999,7.588749999999999,1.0,195.94875,2019,9,19,70.6,0,Peru_4001.csv
2019-09-20,4001,77.2,27.8,25.0,5.0,18.0,6.0,2,2,0,0,4,4,7,7,3.5011396970478903,-2.150066376742818,4.5576,-0.66396415,49.36921,-35.794685,21,2019-09-20,15.8175,0.0,80.05875,11.0625,1.0,173.09875,2019,9,20,77.2,0,Peru_4001.csv
2019-09-21,4001,94.2,38.2,26.0,7.0,10.0,6.0,0,0,3,3,4,4,7,7,3.6221452266695096,0.7295811084832776,-1.3743801,3.5128057,68.62575,-18.931738,21,2019-09-21,15.11625,0.0,85.0275,8.1525,1.0,181.265,2019,9,21,94.2,0,Peru_4001.csv
2019-09-22,4001,71.6,25.6,20.0,5.0,21.0,6.0,2,2,0,0,4,4,2,2,2.641178457680732,-2.9194870591719346,5.0974708,-0.33818442,49.053207,-31.702097,21,2019-09-22,16.23125,0.0,82.24625,9.63125,1.0,195.83375,2019,9,22,71.6,0,Peru_4001.csv
2019-09-23,4001,76.2,28.2,19.0,5.0,12.0,8.0,2,2,1,1,4,4,7,7,1.3453263480358404,-1.5675528320917644,4.5368443,0.26373222,41.91952,-30.651125,21,2019-09-23,16.09,0.0,83.46625,9.213750000000001,1.0,191.20375,2019,9,23,76.2,0,Peru_4001.csv
2019-09-24,4001,65.0,28.4,19.0,6.0,21.0,8.0,2,2,0,0,4,4,2,2,2.44319398083344,-3.4267509980337465,5.0979257,-0.32409745,49.489704,-31.55621,21,2019-09-24,16.50625,0.0,83.24,9.35875,1.0,202.33875,2019,9,24,65.0,0,Peru_4001.csv
2019-09-25,4001,89.8,45.2,23.0,6.0,13.8,7.0,0,0,3,3,4,4,7,7,3.936620434872885,0.15123363330059564,3.8683982,-0.7781591,63.980263,-18.61486,21,2019-09-25,16.61875,0.0,82.82374999999999,8.75875,1.0,186.1675,2019,9,25,89.8,0,Peru_4001.csv
2019-09-26,4001,73.6,45.2,21.0,6.0,23.4,8.0,2,2,0,0,0,0,2,2,4.571348493017621,-2.313062746233426,4.5758004,-0.829975,52.86818,-25.963308,21,2019-09-26,16.6225,0.0,80.5775,9.56375,1.0,178.21875,2019,9,26,73.6,0,Peru_4001.csv
2019-09-27,4001,73.6,45.2,21.0,6.0,23.4,8.0,2,2,0,0,0,0,2,2,4.571348493017621,-2.313062746233426,4.5278497,-0.8442074,52.86818,-25.963308,21,2019-09-27,16.58625,0.0,81.455,10.9525,1.0,181.24625,2019,9,27,73.6,0,Peru_4001.csv
2019-09-28,4001,74.6,45.6,21.0,5.0,16.0,7.0,2,2,1,1,4,4,9,9,3.213686640636418,-1.2295149449312468,4.186653,-0.47002742,50.38211,-25.159332,21,2019-09-28,16.48625,0.0,80.94875,12.1425,1.0,172.5125,2019,9,28,74.6,0,Peru_4001.csv
2019-09-29,4001,78.8,37.6,18.0,5.0,17.6,7.0,2,2,1,1,4,4,9,9,2.6788607479722635,-1.4536168818751638,4.409011,-0.20138437,48.926678,-24.867672,21,2019-09-29,16.93625,0.0,79.6575,10.94875,1.0,180.18375,2019,9,29,78.8,0,Peru_4001.csv
2019-09-30,4001,88.0,26.4,17.0,5.0,11.6,8.0,2,2,1,1,4,4,7,7,1.3412269662047542,-0.703857646683675,3.7455573,0.27429605,14.363874,-24.23405,21,2019-09-30,16.807499999999997,0.0,82.33875,10.58125,1.0,189.85875,2019,9,30,88.0,0,Peru_4001.csv
2019-10-01,4001,86.0,35.8,17.0,7.0,16.0,7.0,2,2,1,1,4,4,9,9,2.4426594133546202,-0.6503689548466722,3.8670948,-0.312115,48.085106,-21.216208,21,2019-10-01,16.6425,0.0,82.30624999999999,10.52875,1.0,183.105,2019,10,1,86.0,0,Peru_4001.csv
2019-10-02,4001,86.8,31.8,22.0,5.0,8.8,7.0,2,2,1,1,4,4,7,7,1.9874654397329294,-0.1575718176003989,-1.1158861,3.5269444,68.77269,-20.752329,21,2019-10-02,17.31,0.0,81.57875,10.1575,1.0,203.69875,2019,10,2,86.8,0,Peru_4001.csv
2019-10-03,4001,70.2,40.6,25.0,6.0,18.8,8.0,2,2,0,0,4,4,7,7,4.151569104196826,-2.3102306543446725,4.4970675,-0.97780854,49.407227,-36.260994,21,2019-10-03,17.01625,0.0,82.5175,10.43,1.0,187.11375,2019,10,3,70.2,0,Peru_4001.csv
2019-10-04,4001,94.4,36.4,24.0,6.0,3.4,6.0,0,0,3,3,4,4,7,7,1.9374260327753334,1.4598619497249619,-1.5696568,3.5843666,79.69711,0.9490493,21,2019-10-04,16.68875,0.0,82.08625,11.93625,1.0,198.95875,2019,10,4,94.4,0,Peru_4001.csv
2019-10-05,4001,61.8,36.4,25.0,6.0,8.4,6.0,2,2,1,1,4,4,7,7,1.4728891390322332,-1.5535497278531354,-1.1488576,4.637752,44.922646,-38.113724,21,2019-10-05,15.94625,0.0,83.45375,11.7675,1.0,216.9325,2019,10,5,61.8,0,Peru_4001.csv
2019-10-06,4001,87.4,23.0,21.0,5.0,12.2,5.0,2,2,1,1,4,4,7,7,1.7930522227328793,-0.6903873418962817,4.2435613,-0.21684618,45.91497,-26.78294,21,2019-10-06,15.84125,0.0,81.68125,10.61,1.0,249.38,2019,10,6,87.4,0,Peru_4001.csv
2019-10-07,4001,87.4,23.0,21.0,5.0,12.2,5.0,2,2,1,1,4,4,7,7,1.7930522227328793,-0.6903873418962817,4.258561,-0.20981447,45.91497,-26.78294,21,2019-10-07,15.508750000000001,0.0,82.91125,8.76625,1.0,200.0925,2019,10,7,87.4,0,Peru_4001.csv
2019-10-08,4001,94.4,36.4,24.0,6.0,3.4,6.0,0,0,3,3,4,4,7,7,1.9374260327753334,1.4598619497249619,-1.5797005,3.6328676,79.697174,0.9490012,21,2019-10-08,15.28,0.0,82.4475,7.54,1.0,200.1725,2019,10,8,94.4,0,Peru_4001.csv
2019-10-09,4001,77.8,54.0,26.0,7.0,8.2,6.0,0,0,3,3,4,4,7,7,3.3274984049587575,0.5607564500955726,-1.4308887,4.107525,72.644,-14.12712,21,2019-10-09,14.9675,0.0,82.095,8.91875,1.0,190.84375,2019,10,9,77.8,0,Peru_4001.csv
2019-10-10,4001,84.8,41.2,26.0,7.0,10.8,7.0,0,0,1,1,4,4,7,7,3.5578438269574493,-0.0349707738416023,-1.4211575,3.6955009,68.42609,-18.590385,21,2019-10-10,14.81375,0.0,81.6875,7.1075,1.0,217.0675,2019,10,10,84.8,0,Peru_4001.csv
2019-10-11,4001,94.6,47.0,28.0,7.0,19.2,7.0,0,0,0,0,0,0,7,7,6.256166525927852,-0.1402855915472072,4.0587873,-1.0925189,62.593246,-19.60897,21,2019-10-11,14.8475,0.0,81.78625,8.6225,1.0,198.08625,2019,10,11,94.6,0,Peru_4001.csv
2019-10-12,4001,103.2,44.8,28.0,9.0,3.6,7.0,0,0,3,3,4,4,7,7,3.7410380948142574,2.4798336199766142,-1.9485048,3.1737602,81.80794,2.9182224,21,2019-10-12,15.129999999999999,0.0,80.77125,8.3075,1.0,195.56625,2019,10,12,103.2,0,Peru_4001.csv
2019-10-13,4001,67.4,50.0,24.0,8.0,10.4,7.0,2,2,1,1,4,4,7,7,2.6985311224163766,-0.6805713914208014,-1.3994226,4.242487,72.65901,-14.623585,21,2019-10-13,15.76375,0.0,80.77375,7.39875,1.0,197.21875,2019,10,13,67.4,0,Peru_4001.csv
2019-10-14,4001,80.2,48.0,20.0,6.0,13.6,7.0,0,0,1,1,4,4,9,9,2.972652251493016,-0.3041385585887736,3.911176,-0.40620556,45.527573,-23.28451,21,2019-10-14,16.509999999999998,0.0,78.28125,11.24125,1.0,178.09375,2019,10,14,80.2,0,Peru_4001.csv
2019-10-15,4001,95.4,29.6,22.0,7.0,13.8,10.0,0,0,1,1,4,4,7,7,3.4589286864110464,-0.5291517539599058,-1.0972011,2.8981822,66.2753,-21.69165,21,2019-10-15,16.73,0.0,80.44125,8.89125,1.0,193.52125,2019,10,15,95.4,0,Peru_4001.csv
2019-10-16,4001,65.0,26.2,19.0,7.0,17.4,8.0,2,2,1,1,4,4,9,9,1.679954364380655,-3.0112142762429808,5.0557613,-0.057331998,47.976086,-32.059074,21,2019-10-16,16.96,0.0,77.95125,11.07,1.0,180.25,2019,10,16,65.0,0,Peru_4001.csv
2019-10-17,4001,65.0,25.8,20.0,8.0,12.4,8.0,2,2,1,1,4,4,7,7,0.9608693258638282,-2.3541057349376597,5.0136523,0.7139499,42.80054,-33.99857,21,2019-10-17,16.665,0.0,81.58,9.06375,1.0,222.70375,2019,10,17,65.0,0,Peru_4001.csv
2019-10-18,4001,76.26329315845445,39.0951871657754,11.939310035171744,12.942866095675788,8.522758485383559,9.978580024067387,2,2,1,1,4,4,9,9,0.03549621024003731,-0.08868490030010638,19.20117,0.47742918,-13.194237,61.20619,21,2019-10-18,16.94625,0.0,80.09875,8.25375,1.0,225.79749999999999,2019,10,18,76.26329315845445,0,Peru_4001.csv
2019-10-19,4001,76.26329315845445,39.0951871657754,11.939310035171744,12.942866095675788,8.522758485383559,9.978580024067387,2,2,1,1,4,4,9,9,0.03549621024003731,-0.08868490030010638,18.319582,-0.6631881,-13.194237,61.20619,21,2019-10-19,16.8375,0.0,80.98,9.2975,1.0,212.42625,2019,10,19,76.26329315845445,0,Peru_4001.csv
2019-10-20,4001,76.26329315845445,39.0951871657754,11.939310035171744,12.942866095675788,8.522758485383559,9.978580024067387,2,2,1,1,4,4,9,9,0.03549621024003731,-0.08868490030010638,18.888853,-0.6203201,-13.194237,61.20619,21,2019-10-20,17.0175,0.0,81.66749999999999,10.705,1.0,187.07375,2019,10,20,76.26329315845445,0,Peru_4001.csv
2019-10-21,4001,76.26329315845445,39.0951871657754,11.939310035171744,12.942866095675788,8.522758485383559,9.978580024067387,2,2,1,1,4,4,9,9,0.03549621024003731,-0.08868490030010638,18.54579,0.14068031,-13.194237,61.20619,21,2019-10-21,16.35875,0.0,80.69125,9.00375,1.0,220.23375,2019,10,21,76.26329315845445,0,Peru_4001.csv
2019-10-22,4001,76.26329315845445,39.0951871657754,11.939310035171744,12.942866095675788,8.522758485383559,9.978580024067387,2,2,1,1,4,4,9,9,0.03549621024003731,-0.08868490030010638,18.355204,-0.6298514,-13.194237,61.20619,21,2019-10-22,16.26125,0.0,78.58375,8.68625,1.0,202.7025,2019,10,22,76.26329315845445,0,Peru_4001.csv
2019-10-23,4001,66.0,37.6,24.0,9.0,10.6,7.0,2,2,1,1,4,4,7,7,2.0242692814331065,-1.3555413515500767,-1.2237343,4.5032034,45.455048,-37.554153,21,2019-10-23,16.67625,0.0,78.04625,11.23125,1.0,176.505,2019,10,23,66.0,0,Peru_4001.csv
2019-10-24,4001,79.6,46.2,21.0,10.0,18.6,8.0,0,0,0,0,4,4,9,9,4.051117177707405,-0.932279805029665,4.108375,-0.830488,52.093567,-24.588171,21,2019-10-24,16.73625,0.0,78.005,11.61875,1.0,176.25125,2019,10,24,79.6,0,Peru_4001.csv
2019-10-25,4001,77.8,36.8,18.0,8.0,11.0,8.0,2,2,1,1,4,4,9,9,1.4894488498048108,-0.650566994834139,3.8179767,0.01719537,42.10877,-21.147799,21,2019-10-25,16.35125,0.0,79.495,9.8775,1.0,195.475,2019,10,25,77.8,0,Peru_4001.csv
2019-10-26,4001,84.2,27.8,22.0,7.0,18.0,7.0,2,2,0,0,4,4,7,7,3.319178924637998,-1.5566997149969608,4.441306,-0.40604413,47.46519,-27.148157,21,2019-10-26,15.85875,0.0,81.36375,10.90875,1.0,178.145,2019,10,26,84.2,0,Peru_4001.csv
2019-10-27,4001,71.4,24.4,21.0,6.0,19.0,6.0,2,2,0,0,4,4,7,7,2.412844948423575,-2.6941651630998766,5.0710526,-0.28919873,48.703213,-31.87032,21,2019-10-27,16.00375,0.0,80.02125,9.48375,1.0,196.01125,2019,10,27,71.4,0,Peru_4001.csv
2019-10-28,4001,91.8,33.0,22.0,6.0,8.2,6.0,0,0,1,1,4,4,7,7,2.095496315121766,0.5470532581320563,-1.1206024,3.4615834,68.64576,-20.715776,21,2019-10-28,17.11375,0.0,80.17625,10.13,1.0,191.9525,2019,10,28,91.8,0,Peru_4001.csv
2019-10-29,4001,84.8,50.4,23.0,6.0,13.6,8.0,0,0,3,3,4,4,7,7,4.018067768866973,-0.05875584095200156,3.889573,-0.7263759,63.898758,-18.388504,21,2019-10-29,17.0325,0.0,82.54625,8.58,1.0,207.72,2019,10,29,84.8,0,Peru_4001.csv
2019-10-30,4001,91.8,33.0,22.0,6.0,8.2,6.0,0,0,1,1,4,4,7,7,2.095496315121766,0.5470532581320563,-1.1205473,3.4723687,68.645706,-20.715723,21,2019-10-30,16.88375,0.0,79.9575,8.08125,1.0,225.85375,2019,10,30,91.8,0,Peru_4001.csv
2019-10-31,4001,88.0,31.4,22.0,7.0,9.4,6.0,2,2,1,1,4,4,7,7,2.0474123842374414,0.1140517762674993,-1.1385899,3.5163534,68.67868,-20.668358,21,2019-10-31,18.31625,0.0,75.22625,7.23625,1.0,213.52625,2019,10,31,88.0,0,Peru_4001.csv
2019-11-01,4001,60.6,43.6,20.0,9.0,10.8,8.0,2,2,1,1,4,4,9,9,1.3861244311101655,-1.5058890275718961,4.2075973,0.64178514,36.416992,-26.336374,21,2019-11-01,19.185,0.0,75.37,8.58625,1.0,191.06375,2019,11,1,60.6,0,Peru_4001.csv
2019-11-02,4001,80.4,45.8,20.0,8.0,10.0,7.0,0,0,1,1,4,4,7,7,2.2204881993996226,0.19906775510386385,3.5820975,-0.062604286,42.84244,-22.141153,21,2019-11-02,18.51125,0.0,79.095,10.82125,1.0,190.28125,2019,11,2,80.4,0,Peru_4001.csv
2019-11-03,4001,71.8,46.6,20.0,7.0,17.4,5.0,2,2,1,1,4,4,9,9,3.0061950189690587,-1.1193077695809905,4.242779,-0.51367927,50.714542,-25.214968,21,2019-11-03,17.77375,0.0,80.9625,8.18125,1.0,217.34,2019,11,3,71.8,0,Peru_4001.csv
2019-11-04,4001,77.0,22.4,19.0,6.0,10.0,6.0,2,2,1,1,4,4,7,7,0.5458822212939398,-1.2080317529490903,-0.6074956,4.6821923,40.549896,-31.594921,21,2019-11-04,18.00625,0.0,79.84375,9.09125,1.0,195.90625,2019,11,4,77.0,0,Peru_4001.csv
2019-11-05,4001,77.4,30.4,20.0,7.0,13.0,7.0,2,2,1,1,4,4,7,7,1.8161759418643701,-1.2405705275939265,4.4572325,0.09588042,41.97137,-30.60535,21,2019-11-05,17.43875,0.0,81.4325,10.745,1.0,202.6575,2019,11,5,77.4,0,Peru_4001.csv
2019-11-06,4001,74.2,26.6,18.0,7.0,14.0,6.0,2,2,1,1,4,4,7,7,1.1496828637292715,-1.6052191191542329,4.635507,0.28296965,43.05756,-29.90106,21,2019-11-06,17.3625,0.0,81.9325,9.42,1.0,198.5375,2019,11,6,74.2,0,Peru_4001.csv
2019-11-07,4001,69.2,28.0,24.0,7.0,13.4,5.0,2,2,1,1,4,4,7,7,2.0058800969971333,-1.8358772889366197,-1.1607593,4.607816,45.41839,-37.284348,21,2019-11-07,17.27875,0.0,80.2875,10.37625,1.0,200.5675,2019,11,7,69.2,0,Peru_4001.csv
2019-11-08,4001,73.6,34.2,22.0,6.0,10.2,5.0,2,2,1,1,4,4,7,7,1.5535359377809248,-0.8279628257492458,-0.781261,4.5614033,40.000786,-32.66154,21,2019-11-08,17.43375,0.0,79.95375,8.151250000000001,1.0,204.08875,2019,11,8,73.6,0,Peru_4001.csv
2019-11-09,4001,78.4,22.8,21.0,5.0,15.6,6.0,2,2,1,1,4,4,7,7,2.0514489138939704,-1.9133177394199579,4.5766425,-0.22055233,46.858727,-27.572432,21,2019-11-09,17.9725,0.0,81.76125,8.98625,1.0,203.48875,2019,11,9,78.4,0,Peru_4001.csv
2019-11-10,4001,93.4,42.6,10.8,12.4,12.0,7.0,0,0,3,3,4,4,9,9,1.1759065107963629,1.277541026000867,2.2017443,0.41955134,15.574742,-17.903828,21,2019-11-10,17.888749999999998,0.0,80.0425,8.67125,1.0,193.93375,2019,11,10,93.4,0,Peru_4001.csv
2019-11-11,4001,82.2,36.6,16.8,20.2,8.6,6.0,2,2,1,1,4,4,9,9,0.8540928296527983,1.1499897962572996,-0.034110274,2.680566,34.30789,-16.650002,21,2019-11-11,18.052500000000002,0.0,79.85875,9.5525,1.0,189.82375,2019,11,11,82.2,0,Peru_4001.csv
2019-11-12,4001,93.4,42.6,10.8,12.4,12.0,7.0,0,0,3,3,4,4,9,9,1.1759065107963629,1.277541026000867,2.2266564,0.40634122,15.574737,-17.903833,21,2019-11-12,18.05,0.0,79.10875,10.44125,1.0,186.19875,2019,11,12,93.4,0,Peru_4001.csv
2019-11-13,4001,79.6,46.6,17.0,8.0,11.4,7.0,2,2,1,1,4,4,9,9,1.8658061392078007,0.07932182963074653,3.5673463,-0.0469917,43.013542,-21.083616,21,2019-11-13,18.07125,0.0,80.8575,12.3125,1.0,178.9325,2019,11,13,79.6,0,Peru_4001.csv
2019-11-14,4001,71.0,39.4,15.0,7.0,5.4,6.0,2,2,1,1,4,4,9,9,-0.5036613230736188,-0.03976672754225404,0.3714931,4.2480187,21.378643,-19.243584,21,2019-11-14,18.0475,0.0,79.64625,10.21,1.0,180.83625,2019,11,14,71.0,0,Peru_4001.csv
2019-11-15,4001,75.0,62.8,17.0,8.0,6.8,6.0,0,0,3,3,4,4,9,9,1.566509864174499,1.2707177932107838,1.6798142,0.9565887,35.20085,8.671754,21,2019-11-15,18.12,0.0,80.715,10.75125,1.0,185.27125,2019,11,15,75.0,0,Peru_4001.csv
2019-11-16,4001,79.6,46.6,17.0,8.0,11.4,7.0,2,2,1,1,4,4,9,9,1.8658061392078007,0.07932182963074653,3.5681827,-0.042765733,43.013542,-21.083616,21,2019-11-16,18.5025,0.0,78.4375,11.88375,1.0,178.45250000000001,2019,11,16,79.6,0,Peru_4001.csv
2019-11-17,4001,86.0,35.8,17.0,7.0,16.0,7.0,2,2,1,1,4,4,9,9,2.4426594133546202,-0.6503689548466722,3.8741405,-0.330607,48.08547,-21.216257,21,2019-11-17,18.10625,0.0,80.725,12.008750000000001,1.0,179.09875,2019,11,17,86.0,0,Peru_4001.csv
2019-11-18,4001,108.6,60.4,15.0,6.0,19.4,7.0,0,0,3,3,5,5,10,10,5.01601408213236,1.7677433885842087,2.5172071,-0.9307941,59.084553,15.686256,21,2019-11-18,18.01125,0.0,81.48,11.918750000000001,1.0,179.48499999999999,2019,11,18,108.6,0,Peru_4001.csv
2019-11-19,4001,72.0,25.6,16.0,7.0,13.0,6.0,2,2,1,1,4,4,9,9,0.4039514510550677,-1.6394939816284038,4.948923,0.9537602,42.8293,-29.879957,21,2019-11-19,17.884999999999998,0.0,81.6475,9.415,1.0,202.72,2019,11,19,72.0,0,Peru_4001.csv
2019-11-20,4001,67.6,23.6,19.0,8.0,13.0,5.0,2,2,1,1,4,4,7,7,0.6116129621755669,-1.9253316902658302,5.048429,0.8005744,42.61611,-34.15785,21,2019-11-20,18.490000000000002,0.0,77.9325,8.86625,1.0,194.4275,2019,11,20,67.6,0,Peru_4001.csv
2019-11-21,4001,74.4,25.8,18.0,8.0,12.2,6.0,2,2,1,1,4,4,7,7,0.7940099400705132,-1.331336394562265,-3.7025104,-1.8342971,42.39096,-30.42068,21,2019-11-21,18.41875,0.0,78.11375,10.168750000000001,1.0,189.9175,2019,11,21,74.4,0,Peru_4001.csv
2019-11-22,4001,72.0,25.6,16.0,7.0,13.0,6.0,2,2,1,1,4,4,9,9,0.4039514510550677,-1.6394939816284038,4.9581513,0.96953726,42.8293,-29.879957,21,2019-11-22,18.916249999999998,0.0,77.87,11.133750000000001,1.0,180.3525,2019,11,22,72.0,0,Peru_4001.csv
2019-11-23,4001,72.8,41.2,17.0,7.0,5.8,6.0,2,2,1,1,4,4,7,7,0.15596793478182247,0.08109784411279708,0.12071087,4.264888,29.2227,-25.121601,21,2019-11-23,19.03125,0.0,78.67,12.4225,1.0,167.69625,2019,11,23,72.8,0,Peru_4001.csv
2019-11-24,4001,83.0,49.4,16.0,7.0,14.2,5.0,0,0,1,1,4,4,9,9,2.2993032945518,0.3330143206534796,3.5036685,-0.08468723,45.853752,-18.727493,21,2019-11-24,19.16875,0.0,80.975,11.7925,1.0,174.35375,2019,11,24,83.0,0,Peru_4001.csv
2019-11-25,4001,82.0,44.4,16.0,6.0,14.6,6.0,2,2,1,1,4,4,9,9,2.1504833415325018,-0.24739713007956088,3.654248,-0.14270209,46.23279,-18.994427,21,2019-11-25,19.17625,0.0,81.83375,11.66,1.0,191.85,2019,11,25,82.0,0,Peru_4001.csv
2019-11-26,4001,75.0,29.8,17.0,7.0,14.2,5.0,2,2,1,1,4,4,9,9,1.0987495923564663,-1.2534624747726886,4.619481,0.28156155,43.39329,-29.423546,21,2019-11-26,19.6625,0.0,82.025,10.42,1.0,195.25,2019,11,26,75.0,0,Peru_4001.csv
2019-11-27,4001,71.0,28.4,18.0,8.0,19.0,5.0,2,2,1,1,4,4,9,9,1.9053093359195206,-2.168253122152487,4.9237494,-0.15557452,48.07032,-31.103607,21,2019-11-27,19.42625,0.0,81.74,9.4675,1.0,246.92249999999999,2019,11,27,71.0,0,Peru_4001.csv
2019-11-28,4001,74.2,36.6,15.0,6.0,13.4,5.0,2,2,1,1,4,4,9,9,0.8605099365421925,-0.8936774399601417,4.300793,0.62703854,6.4315834,-25.905323,21,2019-11-28,19.48625,0.0,77.41625,9.05125,1.0,256.27625,2019,11,28,74.2,0,Peru_4001.csv
2019-11-29,4001,63.0,35.6,18.0,7.0,10.4,5.0,2,2,1,1,4,4,7,7,0.3387790782464616,-1.3783230484448883,4.3833838,0.85650396,36.729404,-27.404902,21,2019-11-29,19.341250000000002,0.0,82.4,9.6575,1.0,200.1475,2019,11,29,63.0,0,Peru_4001.csv
2019-11-30,4001,75.8,34.0,19.0,9.0,16.0,5.0,2,2,1,1,4,4,9,9,2.090676936511012,-1.1143156265655287,4.557721,0.004565147,45.096237,-28.594313,21,2019-11-30,19.5925,0.0,80.56875,9.94375,1.0,190.86625,2019,11,30,75.8,0,Peru_4001.csv
2019-12-01,4001,63.0,48.6,21.0,8.0,17.8,5.0,2,2,0,0,4,4,9,9,2.963188470772501,-1.657906770188062,4.427424,-0.25016916,50.82778,-28.426744,21,2019-12-01,20.82625,0.0,75.51,10.40625,1.0,183.65625,2019,12,1,63.0,0,Peru_4001.csv
2019-12-02,4001,48.2,40.2,16.0,8.0,7.8,4.0,2,2,1,1,4,4,9,9,-1.0992692796998444,-1.6357854977636002,4.4462037,1.6192924,-3.2165046,-58.447834,21,2019-12-02,19.70125,0.0,81.595,10.37125,1.0,186.36,2019,12,2,48.2,0,Peru_4001.csv
2019-12-03,4001,70.4,25.0,15.0,7.0,12.2,4.0,2,2,1,1,4,4,9,9,-0.229150582648201,-1.3923962664313996,4.995344,1.0788019,-10.10585,-52.204575,21,2019-12-03,19.21,0.0,85.30375,10.1825,1.0,192.27625,2019,12,3,70.4,0,Peru_4001.csv
2019-12-04,4001,64.8,20.0,14.0,7.0,4.0,4.0,2,2,1,1,4,4,7,7,-2.443792495044476,-0.9927620082755029,1.4856571,5.7044487,-0.846669,-36.125484,21,2019-12-04,19.6225,0.0,82.09375,10.15875,1.0,182.30374999999998,2019,12,4,64.8,0,Peru_4001.csv
2019-12-05,4001,72.2,36.8,14.0,7.0,13.8,5.0,2,2,1,1,4,4,9,9,0.6446619894014525,-0.9808449720351332,4.2657943,0.6894352,6.408956,-25.897482,21,2019-12-05,20.4,0.0,78.07375,10.515,1.0,182.06,2019,12,5,72.2,0,Peru_4001.csv
2019-12-06,4001,78.6,26.8,17.0,8.0,15.8,5.0,2,2,1,1,4,4,9,9,1.4068638054342864,-1.2712287509342257,4.626174,0.1700101,44.01721,-29.308107,21,2019-12-06,20.775,0.0,79.36875,11.0125,1.0,186.76875,2019,12,6,78.6,0,Peru_4001.csv
2019-12-07,4001,65.6,44.6,18.0,7.0,7.0,4.0,2,2,1,1,4,4,7,7,0.22917610448406356,-0.17753499372936282,-0.405239,4.5101967,32.91605,-27.496893,21,2019-12-07,20.298750000000002,0.0,81.27625,11.6225,1.0,183.81125,2019,12,7,65.6,0,Peru_4001.csv
2019-12-08,4001,71.6,47.8,16.0,7.0,7.4,4.0,2,2,1,1,4,4,9,9,0.3498531960305992,0.41635793590756176,3.1000686,1.2414728,21.598505,-13.516472,21,2019-12-08,20.39125,0.0,80.77,11.0175,1.0,193.31875,2019,12,8,71.6,0,Peru_4001.csv
2019-12-09,4001,70.4,25.0,15.0,7.0,12.2,4.0,2,2,1,1,4,4,9,9,-0.229150582648201,-1.3923962664313996,4.9758487,1.0574647,-10.105849,-52.204475,21,2019-12-09,20.3425,0.0,82.9675,10.315,1.0,196.43625,2019,12,9,70.4,0,Peru_4001.csv
2019-12-10,4001,64.8,20.0,14.0,7.0,4.0,4.0,2,2,1,1,4,4,7,7,-2.443792495044476,-0.9927620082755029,1.5019319,5.7403064,-0.84659576,-36.125618,21,2019-12-10,20.3325,0.0,81.71875,12.22,1.0,175.60750000000002,2019,12,10,64.8,0,Peru_4001.csv
2019-12-11,4001,64.8,20.0,14.0,7.0,4.0,4.0,2,2,1,1,4,4,7,7,-2.443792495044476,-0.9927620082755029,1.4803119,5.7223053,-0.8467056,-36.125706,21,2019-12-11,19.40625,0.0,85.63125,12.185,1.0,177.40625,2019,12,11,64.8,0,Peru_4001.csv
2019-12-12,4001,58.2,26.0,13.0,7.0,11.4,4.0,2,2,1,1,4,4,3,3,-1.316831460346923,-2.0754905263554404,5.4605737,1.599125,-12.111699,-54.125027,21,2019-12-12,19.3975,0.0,84.37875,8.7925,1.0,211.1525,2019,12,12,58.2,0,Peru_4001.csv
2019-12-13,4001,65.8,22.2,17.0,9.0,15.4,4.0,2,2,1,1,4,4,9,9,0.39166448204264065,-2.17114291250385,5.0319815,0.5283893,45.263897,-31.395555,21,2019-12-13,20.5775,0.0,79.125,8.4325,1.0,183.63,2019,12,13,65.8,0,Peru_4001.csv
2019-12-14,4001,66.4,36.8,17.0,11.0,9.6,5.0,2,2,1,1,4,4,9,9,0.22269939903800623,-0.6539757068790557,4.09276,1.1104168,9.806721,-27.882938,21,2019-12-14,20.99375,0.0,78.485,9.8975,1.0,180.64125,2019,12,14,66.4,0,Peru_4001.csv
2019-12-15,4001,56.0,17.2,16.0,9.0,7.8,4.0,2,2,1,1,4,4,7,7,-1.9170279986775514,-2.1510039997295967,5.7807384,1.6977435,-6.381431,-58.175205,21,2019-12-15,19.962500000000002,0.0,82.175,11.625,1.0,193.44875,2019,12,15,56.0,0,Peru_4001.csv
2019-12-16,4001,68.2,18.2,14.0,8.0,5.4,4.0,2,2,1,1,4,4,7,7,-2.119093091135619,-0.9396995727040525,1.4675598,5.659149,-0.44795993,-35.92531,21,2019-12-16,19.375,0.0,81.3675,10.725,1.0,186.79125,2019,12,16,68.2,0,Peru_4001.csv
2019-12-17,4001,64.8,20.0,14.0,7.0,4.0,4.0,2,2,1,1,4,4,7,7,-2.443792495044476,-0.9927620082755029,1.4896418,5.6980767,-0.8466643,-36.12566,21,2019-12-17,19.705000000000002,0.0,79.82249999999999,8.682500000000001,1.0,200.98375,2019,12,17,64.8,0,Peru_4001.csv
2019-12-18,4001,75.4,45.4,8.0,9.0,5.0,37.0,1,1,2,2,3,3,4,4,1.2655817390299693,-3.2006239977020177,2.6336355,-6.493759,17.974705,-95.09386,21,2019-12-18,19.728749999999998,0.0,80.485,8.52,1.0,186.87625,2019,12,18,75.4,0,Peru_4001.csv
2019-12-19,4001,70.4,38.0,11.2,13.0,4.6,37.0,1,1,2,2,3,3,4,4,1.2248430797890801,-3.6695582116458154,2.9069586,-6.383242,17.996277,-90.83793,21,2019-12-19,20.9675,0.0,76.63499999999999,11.2825,1.0,182.4525,2019,12,19,70.4,0,Peru_4001.csv
2019-12-20,4001,63.4,18.2,6.0,9.0,6.6,36.0,1,1,2,2,3,3,4,4,-0.9326305225789703,-5.450917679709101,2.3625576,-6.92527,14.842608,-98.01898,21,2019-12-20,20.87375,0.0,81.39750000000001,11.98125,1.0,197.55625,2019,12,20,63.4,0,Peru_4001.csv
2019-12-21,4001,76.26329315845445,39.0951871657754,11.939310035171744,12.942866095675788,8.522758485383559,9.978580024067387,2,2,1,1,4,4,9,9,0.03549621024003731,-0.08868490030010638,18.23845,-0.18486424,-13.194237,61.20619,21,2019-12-21,20.5925,0.0,82.63875,10.01625,1.0,177.33375,2019,12,21,76.26329315845445,0,Peru_4001.csv
2019-12-22,4001,76.26329315845445,39.0951871657754,11.939310035171744,12.942866095675788,8.522758485383559,9.978580024067387,2,2,1,1,4,4,9,9,0.03549621024003731,-0.08868490030010638,19.046667,0.6659237,-13.194237,61.20619,21,2019-12-22,20.451249999999998,0.0,81.07875,8.42,1.0,219.0875,2019,12,22,76.26329315845445,0,Peru_4001.csv
2019-12-23,4001,76.26329315845445,39.0951871657754,11.939310035171744,12.942866095675788,8.522758485383559,9.978580024067387,2,2,1,1,4,4,9,9,0.03549621024003731,-0.08868490030010638,18.350204,-0.4435613,-13.194237,61.20619,21,2019-12-23,21.1275,0.0,82.35375,9.32875,1.0,195.20875,2019,12,23,76.26329315845445,0,Peru_4001.csv
2019-12-24,4001,76.26329315845445,39.0951871657754,11.939310035171744,12.942866095675788,8.522758485383559,9.978580024067387,2,2,1,1,4,4,9,9,0.03549621024003731,-0.08868490030010638,18.650234,-0.906828,-13.194237,61.20619,21,2019-12-24,21.01125,0.0,81.73375,10.93375,1.0,188.995,2019,12,24,76.26329315845445,0,Peru_4001.csv
2019-12-25,4001,76.26329315845445,39.0951871657754,11.939310035171744,12.942866095675788,8.522758485383559,9.978580024067387,2,2,1,1,4,4,9,9,0.03549621024003731,-0.08868490030010638,18.81951,-0.8987114,-13.194237,61.20619,21,2019-12-25,20.65375,0.0,81.4475,10.57125,1.0,185.975,2019,12,25,76.26329315845445,0,Peru_4001.csv
2019-12-26,4001,76.26329315845445,39.0951871657754,11.939310035171744,12.942866095675788,8.522758485383559,9.978580024067387,2,2,1,1,4,4,9,9,0.03549621024003731,-0.08868490030010638,18.812496,0.042061076,-13.194237,61.20619,21,2019-12-26,20.75375,0.0,80.0225,9.7925,1.0,194.9,2019,12,26,76.26329315845445,0,Peru_4001.csv
2019-12-27,4001,76.26329315845445,39.0951871657754,11.939310035171744,12.942866095675788,8.522758485383559,9.978580024067387,2,2,1,1,4,4,9,9,0.03549621024003731,-0.08868490030010638,19.400608,-0.6262186,-13.194237,61.20619,21,2019-12-27,21.6925,0.0,75.83875,10.28875,1.0,186.16125,2019,12,27,76.26329315845445,0,Peru_4001.csv
2019-12-28,4001,76.26329315845445,39.0951871657754,11.939310035171744,12.942866095675788,8.522758485383559,9.978580024067387,2,2,1,1,4,4,9,9,0.03549621024003731,-0.08868490030010638,18.737158,-0.174617,-13.194237,61.20619,21,2019-12-28,21.4125,0.0,81.115,11.3975,1.0,193.65625,2019,12,28,76.26329315845445,0,Peru_4001.csv
2019-12-29,4001,76.26329315845445,39.0951871657754,11.939310035171744,12.942866095675788,8.522758485383559,9.978580024067387,2,2,1,1,4,4,9,9,0.03549621024003731,-0.08868490030010638,18.624573,-0.032090202,-13.194237,61.20619,21,2019-12-29,21.65125,0.0,78.0675,10.1675,1.0,188.10750000000002,2019,12,29,76.26329315845445,0,Peru_4001.csv
2019-12-30,4001,76.26329315845445,39.0951871657754,11.939310035171744,12.942866095675788,8.522758485383559,9.978580024067387,2,2,1,1,4,4,9,9,0.03549621024003731,-0.08868490030010638,18.36703,0.44981903,-13.194237,61.20619,21,2019-12-30,22.33375,0.0,78.24,10.84375,1.0,184.66,2019,12,30,76.26329315845445,0,Peru_4001.csv
2019-12-31,4001,76.26329315845445,39.0951871657754,11.939310035171744,12.942866095675788,8.522758485383559,9.978580024067387,2,2,1,1,4,4,9,9,0.03549621024003731,-0.08868490030010638,19.379406,0.3200088,-13.194237,61.20619,21,2019-12-31,22.35,0.0,78.09875,11.94875,1.0,180.70374999999999,2019,12,31,76.26329315845445,0,Peru_4001.csv
2020-01-01,4001,76.26329315845445,39.0951871657754,11.939310035171744,12.942866095675788,8.522758485383559,9.978580024067387,2,2,1,1,4,4,9,9,0.03549621024003731,-0.08868490030010638,18.946348,-0.7931198,-13.194237,61.20619,21,2020-01-01,22.28375,0.0,79.12875,10.178749999999999,1.0,182.9,2020,1,1,76.26329315845445,0,Peru_4001.csv
2020-01-02,4001,76.26329315845445,39.0951871657754,11.939310035171744,12.942866095675788,8.522758485383559,9.978580024067387,2,2,1,1,4,4,9,9,0.03549621024003731,-0.08868490030010638,19.564722,0.30481997,-13.194237,61.20619,21,2020-01-02,21.8475,0.0,79.9525,11.455,1.0,179.5275,2020,1,2,76.26329315845445,0,Peru_4001.csv
2020-01-03,4001,76.26329315845445,39.0951871657754,11.939310035171744,12.942866095675788,8.522758485383559,9.978580024067387,2,2,1,1,4,4,9,9,0.03549621024003731,-0.08868490030010638,18.831066,0.27260518,-13.194237,61.20619,21,2020-01-03,22.396250000000002,0.0,78.54125,14.09,1.0,168.39249999999998,2020,1,3,76.26329315845445,0,Peru_4001.csv
2020-01-04,4001,76.26329315845445,39.0951871657754,11.939310035171744,12.942866095675788,8.522758485383559,9.978580024067387,2,2,1,1,4,4,9,9,0.03549621024003731,-0.08868490030010638,19.378809,-0.016763266,-13.194237,61.20619,21,2020-01-04,22.21125,0.0,81.10374999999999,12.01375,1.0,194.55875,2020,1,4,76.26329315845445,0,Peru_4001.csv
2020-01-05,4001,76.26329315845445,39.0951871657754,11.939310035171744,12.942866095675788,8.522758485383559,9.978580024067387,2,2,1,1,4,4,9,9,0.03549621024003731,-0.08868490030010638,18.621235,-0.8869171,-13.194237,61.20619,21,2020-01-05,22.5975,0.0,79.355,11.915,1.0,178.76125,2020,1,5,76.26329315845445,0,Peru_4001.csv
2020-01-06,4001,76.26329315845445,39.0951871657754,11.939310035171744,12.942866095675788,8.522758485383559,9.978580024067387,2,2,1,1,4,4,9,9,0.03549621024003731,-0.08868490030010638,18.274559,-0.39731762,-13.194237,61.20619,21,2020-01-06,22.25875,0.0,78.96,13.58875,1.0,172.98375,2020,1,6,76.26329315845445,0,Peru_4001.csv
2020-01-07,4001,76.26329315845445,39.0951871657754,11.939310035171744,12.942866095675788,8.522758485383559,9.978580024067387,2,2,1,1,4,4,9,9,0.03549621024003731,-0.08868490030010638,19.658834,-0.66483223,-13.194237,61.20619,21,2020-01-07,21.8975,0.0,78.27625,10.65875,1.0,183.82,2020,1,7,76.26329315845445,0,Peru_4001.csv
2020-01-08,4001,76.26329315845445,39.0951871657754,11.939310035171744,12.942866095675788,8.522758485383559,9.978580024067387,2,2,1,1,4,4,9,9,0.03549621024003731,-0.08868490030010638,18.691364,0.084133126,-13.194237,61.20619,21,2020-01-08,22.44625,0.0,76.56875,12.09125,1.0,171.785,2020,1,8,76.26329315845445,0,Peru_4001.csv
2020-01-09,4001,76.26329315845445,39.0951871657754,11.939310035171744,12.942866095675788,8.522758485383559,9.978580024067387,2,2,1,1,4,4,9,9,0.03549621024003731,-0.08868490030010638,18.549866,0.40618417,-13.194237,61.20619,21,2020-01-09,22.30875,0.0,79.82375,15.035,1.0,173.885,2020,1,9,76.26329315845445,0,Peru_4001.csv
2020-01-10,4001,76.26329315845445,39.0951871657754,11.939310035171744,12.942866095675788,8.522758485383559,9.978580024067387,2,2,1,1,4,4,9,9,0.03549621024003731,-0.08868490030010638,18.035147,0.19193089,-13.194237,61.20619,21,2020-01-10,21.9425,0.0,80.50625,12.85375,1.0,194.39125,2020,1,10,76.26329315845445,0,Peru_4001.csv
2020-01-11,4001,76.26329315845445,39.0951871657754,11.939310035171744,12.942866095675788,8.522758485383559,9.978580024067387,2,2,1,1,4,4,9,9,0.03549621024003731,-0.08868490030010638,19.713823,-0.09509559,-13.194237,61.20619,21,2020-01-11,21.4875,0.0,78.9525,11.66875,1.0,212.365,2020,1,11,76.26329315845445,0,Peru_4001.csv
2020-01-12,4001,76.26329315845445,39.0951871657754,11.939310035171744,12.942866095675788,8.522758485383559,9.978580024067387,2,2,1,1,4,4,9,9,0.03549621024003731,-0.08868490030010638,18.335802,0.3582642,-13.194237,61.20619,21,2020-01-12,21.505,0.0,79.33375,10.9375,1.0,205.26625,2020,1,12,76.26329315845445,0,Peru_4001.csv
2020-01-13,4001,76.26329315845445,39.0951871657754,11.939310035171744,12.942866095675788,8.522758485383559,9.978580024067387,2,2,1,1,4,4,9,9,0.03549621024003731,-0.08868490030010638,19.400911,-0.29203147,-13.194237,61.20619,21,2020-01-13,21.8525,0.0,79.07374999999999,8.03875,1.0,204.19875,2020,1,13,76.26329315845445,0,Peru_4001.csv
2020-01-14,4001,76.26329315845445,39.0951871657754,11.939310035171744,12.942866095675788,8.522758485383559,9.978580024067387,2,2,1,1,4,4,9,9,0.03549621024003731,-0.08868490030010638,19.186405,-1.0417519,-13.194237,61.20619,21,2020-01-14,21.24125,0.0,81.34875,8.02,1.0,208.81875,2020,1,14,76.26329315845445,0,Peru_4001.csv
2020-01-15,4001,76.26329315845445,39.0951871657754,11.939310035171744,12.942866095675788,8.522758485383559,9.978580024067387,2,2,1,1,4,4,9,9,0.03549621024003731,-0.08868490030010638,18.348825,-0.73923874,-13.194237,61.20619,21,2020-01-15,21.92375,0.0,74.79,7.18,1.0,249.45125,2020,1,15,76.26329315845445,0,Peru_4001.csv
2020-01-16,4001,76.26329315845445,39.0951871657754,11.939310035171744,12.942866095675788,8.522758485383559,9.978580024067387,2,2,1,1,4,4,9,9,0.03549621024003731,-0.08868490030010638,19.312113,-0.3932455,-13.194237,61.20619,21,2020-01-16,22.40625,0.0,77.86500000000001,9.6725,1.0,199.71375,2020,1,16,76.26329315845445,0,Peru_4001.csv
2020-01-17,4001,76.26329315845445,39.0951871657754,11.939310035171744,12.942866095675788,8.522758485383559,9.978580024067387,2,2,1,1,4,4,9,9,0.03549621024003731,-0.08868490030010638,19.217918,-0.46455193,-13.194237,61.20619,21,2020-01-17,21.95875,0.0,81.24375,12.21,1.0,175.61875,2020,1,17,76.26329315845445,0,Peru_4001.csv
2020-01-18,4001,76.26329315845445,39.0951871657754,11.939310035171744,12.942866095675788,8.522758485383559,9.978580024067387,2,2,1,1,4,4,9,9,0.03549621024003731,-0.08868490030010638,19.508987,0.11733015,-13.194237,61.20619,21,2020-01-18,21.08625,0.0,83.09,9.93125,1.0,187.7825,2020,1,18,76.26329315845445,0,Peru_4001.csv
2020-01-19,4001,76.26329315845445,39.0951871657754,11.939310035171744,12.942866095675788,8.522758485383559,9.978580024067387,2,2,1,1,4,4,9,9,0.03549621024003731,-0.08868490030010638,19.026638,-0.011207493,-13.194237,61.20619,21,2020-01-19,21.94875,0.0,80.21625,10.055,1.0,178.72875,2020,1,19,76.26329315845445,0,Peru_4001.csv
2020-01-20,4001,76.26329315845445,39.0951871657754,11.939310035171744,12.942866095675788,8.522758485383559,9.978580024067387,2,2,1,1,4,4,9,9,0.03549621024003731,-0.08868490030010638,18.601315,-0.22705688,-13.194237,61.20619,21,2020-01-20,21.94875,0.0,82.14750000000001,9.2525,1.0,199.865,2020,1,20,76.26329315845445,0,Peru_4001.csv
2020-01-21,4001,76.26329315845445,39.0951871657754,11.939310035171744,12.942866095675788,8.522758485383559,9.978580024067387,2,2,1,1,4,4,9,9,0.03549621024003731,-0.08868490030010638,19.379635,-0.053257667,-13.194237,61.20619,21,2020-01-21,22.71125,0.0,82.255,8.01375,1.0,207.8025,2020,1,21,76.26329315845445,0,Peru_4001.csv
2020-01-22,4001,76.26329315845445,39.0951871657754,11.939310035171744,12.942866095675788,8.522758485383559,9.978580024067387,2,2,1,1,4,4,9,9,0.03549621024003731,-0.08868490030010638,18.680285,-0.11742676,-13.194237,61.20619,21,2020-01-22,23.37,0.0,77.6825,7.4075,1.0,284.91625,2020,1,22,76.26329315845445,0,Peru_4001.csv
2020-01-23,4001,76.26329315845445,39.0951871657754,11.939310035171744,12.942866095675788,8.522758485383559,9.978580024067387,2,2,1,1,4,4,9,9,0.03549621024003731,-0.08868490030010638,18.93734,-0.29973114,-13.194237,61.20619,21,2020-01-23,24.29875,0.0,68.62,6.845,1.0,199.925,2020,1,23,76.26329315845445,0,Peru_4001.csv
2020-01-24,4001,76.26329315845445,39.0951871657754,11.939310035171744,12.942866095675788,8.522758485383559,9.978580024067387,2,2,1,1,4,4,9,9,0.03549621024003731,-0.08868490030010638,18.80667,0.29385874,-13.194237,61.20619,21,2020-01-24,24.8825,0.0,66.3075,8.49,1.0,188.64125,2020,1,24,76.26329315845445,0,Peru_4001.csv
2020-01-25,4001,76.26329315845445,39.0951871657754,11.939310035171744,12.942866095675788,8.522758485383559,9.978580024067387,2,2,1,1,4,4,9,9,0.03549621024003731,-0.08868490030010638,18.56318,0.56110233,-13.194237,61.20619,21,2020-01-25,24.2975,0.0,76.03625,11.995000000000001,1.0,169.8125,2020,1,25,76.26329315845445,0,Peru_4001.csv
2020-01-26,4001,76.26329315845445,39.0951871657754,11.939310035171744,12.942866095675788,8.522758485383559,9.978580024067387,2,2,1,1,4,4,9,9,0.03549621024003731,-0.08868490030010638,19.203962,-0.2857434,-13.194237,61.20619,21,2020-01-26,23.81,0.0,79.485,11.44375,1.0,185.43125,2020,1,26,76.26329315845445,0,Peru_4001.csv
2020-01-27,4001,76.26329315845445,39.0951871657754,11.939310035171744,12.942866095675788,8.522758485383559,9.978580024067387,2,2,1,1,4,4,9,9,0.03549621024003731,-0.08868490030010638,19.08137,0.4073334,-13.194237,61.20619,21,2020-01-27,23.0175,0.0,85.20875,10.6475,1.0,202.25,2020,1,27,76.26329315845445,0,Peru_4001.csv
2020-01-28,4001,76.26329315845445,39.0951871657754,11.939310035171744,12.942866095675788,8.522758485383559,9.978580024067387,2,2,1,1,4,4,9,9,0.03549621024003731,-0.08868490030010638,18.25868,-0.36446226,-13.194237,61.20619,21,2020-01-28,22.6125,0.0,85.37375,11.99,1.0,174.27375,2020,1,28,76.26329315845445,0,Peru_4001.csv
2020-01-29,4001,76.26329315845445,39.0951871657754,11.939310035171744,12.942866095675788,8.522758485383559,9.978580024067387,2,2,1,1,4,4,9,9,0.03549621024003731,-0.08868490030010638,19.46709,-0.607982,-13.194237,61.20619,21,2020-01-29,23.125,0.0,84.30875,10.59,1.0,170.60375,2020,1,29,76.26329315845445,0,Peru_4001.csv
2020-01-30,4001,76.26329315845445,39.0951871657754,11.939310035171744,12.942866095675788,8.522758485383559,9.978580024067387,2,2,1,1,4,4,9,9,0.03549621024003731,-0.08868490030010638,18.10776,0.266924,-13.194237,61.20619,21,2020-01-30,23.44375,0.0,84.735,11.11125,1.0,177.47875,2020,1,30,76.26329315845445,0,Peru_4001.csv
2020-01-31,4001,76.26329315845445,39.0951871657754,11.939310035171744,12.942866095675788,8.522758485383559,9.978580024067387,2,2,1,1,4,4,9,9,0.03549621024003731,-0.08868490030010638,19.237238,-0.8018419,-13.194237,61.20619,21,2020-01-31,22.83625,0.0,82.30125,11.275,1.0,185.77125,2020,1,31,76.26329315845445,0,Peru_4001.csv
2020-02-01,4001,76.26329315845445,39.0951871657754,11.939310035171744,12.942866095675788,8.522758485383559,9.978580024067387,2,2,1,1,4,4,9,9,0.03549621024003731,-0.08868490030010638,18.286154,-0.0022976412,-13.194237,61.20619,21,2020-02-01,22.93125,0.0,80.4625,10.338750000000001,1.0,214.01749999999998,2020,2,1,76.26329315845445,0,Peru_4001.csv
2020-02-02,4001,76.26329315845445,39.0951871657754,11.939310035171744,12.942866095675788,8.522758485383559,9.978580024067387,2,2,1,1,4,4,9,9,0.03549621024003731,-0.08868490030010638,19.361008,0.44945723,-13.194237,61.20619,21,2020-02-02,23.2275,0.0,80.19624999999999,9.16,1.0,206.31625,2020,2,2,76.26329315845445,0,Peru_4001.csv
2020-02-03,4001,76.26329315845445,39.0951871657754,11.939310035171744,12.942866095675788,8.522758485383559,9.978580024067387,2,2,1,1,4,4,9,9,0.03549621024003731,-0.08868490030010638,18.86307,0.4469004,-13.194237,61.20619,21,2020-02-03,23.0325,0.0,81.12625,10.69625,1.0,193.755,2020,2,3,76.26329315845445,0,Peru_4001.csv
2020-02-04,4001,76.26329315845445,39.0951871657754,11.939310035171744,12.942866095675788,8.522758485383559,9.978580024067387,2,2,1,1,4,4,9,9,0.03549621024003731,-0.08868490030010638,18.835472,0.41735694,-13.194237,61.20619,21,2020-02-04,22.27375,0.0,82.17375,10.8375,1.0,216.5725,2020,2,4,76.26329315845445,0,Peru_4001.csv
2020-02-05,4001,76.26329315845445,39.0951871657754,11.939310035171744,12.942866095675788,8.522758485383559,9.978580024067387,2,2,1,1,4,4,9,9,0.03549621024003731,-0.08868490030010638,18.760302,-0.7867982,-13.194237,61.20619,21,2020-02-05,22.80125,0.0,80.33125,10.77875,1.0,202.13,2020,2,5,76.26329315845445,0,Peru_4001.csv
2020-02-06,4001,76.26329315845445,39.0951871657754,11.939310035171744,12.942866095675788,8.522758485383559,9.978580024067387,2,2,1,1,4,4,9,9,0.03549621024003731,-0.08868490030010638,18.592173,0.41678777,-13.194237,61.20619,21,2020-02-06,23.153750000000002,0.0,77.375,8.647499999999999,1.0,199.6925,2020,2,6,76.26329315845445,0,Peru_4001.csv
2020-02-07,4001,76.26329315845445,39.0951871657754,11.939310035171744,12.942866095675788,8.522758485383559,9.978580024067387,2,2,1,1,4,4,9,9,0.03549621024003731,-0.08868490030010638,18.983324,-0.0069791474,-13.194237,61.20619,21,2020-02-07,23.432499999999997,0.0,75.1825,7.069999999999999,1.0,216.47375,2020,2,7,76.26329315845445,0,Peru_4001.csv
2020-02-08,4001,81.8,54.0,3.0,7.0,3.0,12.0,2,2,1,1,1,1,11,11,-1.570199367507121,1.2689872106794398,0.3746284,-2.050451,-44.87433,20.620382,21,2020-02-08,22.905,0.0,78.18125,7.43125,1.0,211.1725,2020,2,8,81.8,0,Peru_4001.csv
2020-02-09,4001,51.4,41.0,4.0,8.0,18.8,12.0,2,2,1,1,1,1,9,9,-0.6517189087608276,-3.5216318528751924,5.7084074,0.4000268,-33.716125,-42.92511,21,2020-02-09,22.634999999999998,0.0,81.3375,8.58125,1.0,197.97875,2020,2,9,51.4,0,Peru_4001.csv
2020-02-10,4001,64.0,22.4,2.0,7.0,18.6,12.0,2,2,1,1,1,1,3,3,-1.4555483498303925,-3.540610926557737,5.454209,-1.027207,-41.885696,-43.859306,21,2020-02-10,22.71,0.0,78.215,10.29875,1.0,184.25,2020,2,10,64.0,0,Peru_4001.csv
2020-02-11,4001,51.4,41.0,4.0,8.0,18.8,12.0,2,2,1,1,1,1,9,9,-0.6517189087608276,-3.5216318528751924,5.718385,0.40508777,-33.71604,-42.92492,21,2020-02-11,22.8125,0.0,80.1925,9.07625,1.0,203.06875,2020,2,11,51.4,0,Peru_4001.csv
2020-02-12,4001,65.8,19.4,5.0,8.0,1.8,12.0,2,2,1,1,1,1,3,3,-3.9476246727035824,-1.4492785114044842,4.4796104,4.4125967,-69.22418,-14.660568,21,2020-02-12,22.26625,0.0,82.30875,8.7175,1.0,189.08375,2020,2,12,65.8,0,Peru_4001.csv
2020-02-13,4001,55.6,25.2,3.0,8.0,8.8,13.0,2,2,1,1,1,1,3,3,-3.192005048290543,-2.861525517830469,7.0400753,2.2366703,-46.672512,-47.23096,21,2020-02-13,22.155,0.0,82.32374999999999,11.0175,1.0,193.375,2020,2,13,55.6,0,Peru_4001.csv
2020-02-14,4001,57.8,25.8,4.0,8.0,14.4,13.0,2,2,1,1,1,1,3,3,-1.839585631115531,-3.400982287296065,4.169777,-2.3092356,-41.725048,-44.548687,21,2020-02-14,22.8375,0.0,80.14625,9.915,1.0,191.875,2020,2,14,57.8,0,Peru_4001.csv
2020-02-15,4001,54.4,41.2,5.0,9.0,1.0,12.0,2,2,1,1,1,1,3,3,-3.507397494576909,-1.007871048700536,1.0339013,-3.1013768,-77.08577,5.1213923,21,2020-02-15,22.905,0.0,81.63,10.355,1.0,186.17875,2020,2,15,54.4,0,Peru_4001.csv
2020-02-16,4001,69.6,20.2,3.0,9.0,14.4,12.0,2,2,1,1,1,1,3,3,-1.85228491264064,-2.595732790998399,5.6070876,-0.15246397,-40.975468,-42.580074,21,2020-02-16,23.71125,0.0,74.46875,9.88625,1.0,185.31875,2020,2,16,69.6,0,Peru_4001.csv
2020-02-17,4001,62.2,32.0,2.0,8.0,7.8,13.0,2,2,1,1,1,1,3,3,-2.9047186546700146,-1.892382952560224,7.3792915,2.2708209,-71.40541,-9.787882,21,2020-02-17,23.91875,0.0,75.78125,11.9375,1.0,178.4425,2020,2,17,62.2,0,Peru_4001.csv
2020-02-18,4001,55.6,25.2,3.0,8.0,8.8,13.0,2,2,1,1,1,1,3,3,-3.192005048290543,-2.861525517830469,7.083225,2.243736,-46.672512,-47.23096,21,2020-02-18,23.755,0.0,75.70875000000001,9.87375,1.0,198.13875000000002,2020,2,18,55.6,0,Peru_4001.csv
2020-02-19,4001,57.8,29.8,3.0,8.0,3.0,13.0,2,2,1,1,1,1,3,3,-3.8947257642746886,-1.7423871929487584,4.80435,4.0691404,-75.49595,-9.183884,21,2020-02-19,23.64,0.0,81.89375,9.3675,1.0,196.37,2020,2,19,57.8,0,Peru_4001.csv
2020-02-20,4001,64.8,59.0,2.0,9.0,1.0,12.0,2,2,1,1,1,1,11,11,-2.6917681455932088,0.7115029960050868,0.592656,-2.7144387,-51.810673,21.027676,21,2020-02-20,24.14625,0.0,79.1375,9.8325,1.0,187.60375,2020,2,20,64.8,0,Peru_4001.csv
2020-02-21,4001,77.6,44.0,3.0,9.0,4.0,12.0,2,2,1,1,1,1,11,11,-2.1087523151202063,0.48423951923810715,0.5272646,-2.533529,-52.75133,12.096215,21,2020-02-21,24.15875,0.0,78.94875,8.135,1.0,196.64625,2020,2,21,77.6,0,Peru_4001.csv
2020-02-22,4001,13.0,59.2,2.0,8.0,3.0,12.0,2,2,1,1,1,1,3,3,-4.81830021367467,-3.353142505236458,-6.279934,4.8370414,-93.74165,-31.76054,21,2020-02-22,24.49375,0.0,74.7875,8.72375,1.0,199.22,2020,2,22,59.2,0,Peru_4001.csv
2020-02-23,4001,61.0,46.0,3.0,8.0,4.0,12.0,2,2,1,1,1,1,3,3,-2.8063927642001363,-0.6904251763182581,0.65078837,-2.9502027,-75.87826,9.039488,21,2020-02-23,24.74875,0.0,70.54625,8.44,1.0,209.9675,2020,2,23,61.0,0,Peru_4001.csv
2020-02-24,4001,94.2,63.4,4.0,9.0,5.0,12.0,0,0,3,3,5,5,11,11,0.08366141767732518,2.5081524990860036,-0.008957026,-1.3108928,25.650444,50.785194,21,2020-02-24,24.8175,0.0,74.845,10.7475,1.0,188.26624999999999,2020,2,24,94.2,0,Peru_4001.csv
2020-02-25,4001,83.0,39.0,3.0,8.0,1.0,12.0,2,2,1,1,1,1,11,11,-2.6516835909764036,0.9285071921528187,0.19399136,-2.58526,-51.039745,10.154115,21,2020-02-25,23.99625,0.0,78.48875,11.9975,1.0,180.96375,2020,2,25,83.0,0,Peru_4001.csv
2020-02-26,4001,62.0,33.2,1.0,8.0,2.0,12.0,2,2,1,1,1,1,3,3,-4.191704845412659,-0.9588872402633507,0.42520458,-3.4100523,-74.23357,-9.137346,21,2020-02-26,24.14375,0.0,80.55125,13.48625,1.0,177.55375,2020,2,26,62.0,0,Peru_4001.csv
2020-02-27,4001,59.0,51.6,2.0,8.0,1.0,13.0,2,2,1,1,1,1,3,3,-3.268925679727711,-0.286428463467866,0.62669075,-2.979599,-76.81691,9.256706,21,2020-02-27,23.87125,0.0,82.67125,11.76875,1.0,191.485,2020,2,27,59.0,0,Peru_4001.csv
2020-02-28,4001,67.0,44.4,2.0,8.0,5.0,12.0,2,2,1,1,1,1,3,3,-2.6232116639537697,-0.4373123101558295,0.5140093,-2.9523976,-56.13321,11.170539,21,2020-02-28,24.0425,0.0,79.6625,10.37125,1.0,184.365,2020,2,28,67.0,0,Peru_4001.csv
2020-02-29,4001,61.0,49.8,2.0,9.0,3.0,12.0,2,2,1,1,1,1,3,3,-2.991686404932636,-0.27629501428702485,0.6313886,-2.9224458,-76.31036,9.171039,21,2020-02-29,24.0225,0.0,79.45375,11.334999999999999,1.0,195.63375,2020,2,29,61.0,0,Peru_4001.csv
2020-03-01,4001,63.0,56.8,3.0,9.0,3.0,12.0,2,2,1,1,1,1,11,11,-2.3280047803938015,0.1947351746823674,0.68973505,-2.688248,-51.826923,21.068047,21,2020-03-01,23.84375,0.0,79.54875,11.282499999999999,1.0,178.01749999999998,2020,3,1,63.0,0,Peru_4001.csv
2020-03-02,4001,50.0,46.8,1.0,9.0,1.0,12.0,2,2,1,1,1,1,3,3,-4.24262939820289,-0.9468688612944473,0.68510556,-3.3145633,-79.50082,3.5816274,21,2020-03-02,24.44875,0.0,74.72375,12.74125,1.0,169.84375,2020,3,2,50.0,0,Peru_4001.csv
2020-03-03,4001,69.2,43.6,2.0,9.0,1.0,14.0,2,2,1,1,1,1,3,3,-3.103179020603416,-0.009752964826476241,0.50378656,-3.1200461,-57.550583,12.221926,21,2020-03-03,24.20125,0.0,76.71875,12.815000000000001,1.0,177.49,2020,3,3,69.2,0,Peru_4001.csv
2020-03-04,4001,60.0,34.2,1.0,9.0,2.0,13.0,2,2,1,1,1,1,3,3,-4.146335868306629,-1.114213362598692,0.46736756,-3.463669,-74.309814,-9.009173,21,2020-03-04,24.19,0.0,74.40125,10.5375,1.0,207.64125,2020,3,4,60.0,0,Peru_4001.csv
2020-03-05,4001,88.0,52.4,2.0,10.0,5.0,12.0,2,2,1,1,5,5,11,11,-1.1924181241827103,1.6304178538513672,0.14415199,-1.6626794,-31.849432,20.573137,21,2020-03-05,24.4375,0.0,75.79375,9.675,1.0,202.45875,2020,3,5,88.0,0,Peru_4001.csv
2020-03-06,4001,81.0,50.2,5.0,10.0,9.0,12.0,2,2,1,1,1,1,11,11,-0.3109180506432809,0.43634096861632893,0.9221753,-1.8471795,-46.60626,23.462646,21,2020-03-06,23.515,0.0,79.9525,7.4975000000000005,1.0,221.93625,2020,3,6,81.0,0,Peru_4001.csv
2020-03-07,4001,80.0,44.2,1.0,9.0,1.4,13.0,2,2,1,1,1,1,11,11,-2.7710791564434047,0.9104493262378127,0.3648102,-2.8549082,-52.99124,11.009695,21,2020-03-07,23.565,0.0,79.13125,6.57875,1.0,215.0675,2020,3,7,80.0,0,Peru_4001.csv
2020-03-08,4001,76.26329315845445,39.0951871657754,11.939310035171744,12.942866095675788,8.522758485383559,9.978580024067387,2,2,1,1,4,4,9,9,0.03549621024003731,-0.08868490030010638,18.538177,-0.71338886,-13.194237,61.20619,21,2020-03-08,24.20375,0.0,73.05375000000001,9.0275,1.0,180.985,2020,3,8,76.26329315845445,0,Peru_4001.csv
2020-03-09,4001,76.26329315845445,39.0951871657754,11.939310035171744,12.942866095675788,8.522758485383559,9.978580024067387,2,2,1,1,4,4,9,9,0.03549621024003731,-0.08868490030010638,17.979206,-0.52079403,-13.194237,61.20619,21,2020-03-09,24.50875,0.0,69.86375,11.68125,1.0,169.45374999999999,2020,3,9,76.26329315845445,0,Peru_4001.csv
2020-03-10,4001,76.26329315845445,39.0951871657754,11.939310035171744,12.942866095675788,8.522758485383559,9.978580024067387,2,2,1,1,4,4,9,9,0.03549621024003731,-0.08868490030010638,18.811232,-1.0207539,-13.194237,61.20619,21,2020-03-10,24.16875,0.0,73.34875,9.96875,1.0,182.6775,2020,3,10,76.26329315845445,0,Peru_4001.csv
2020-03-11,4001,76.26329315845445,39.0951871657754,11.939310035171744,12.942866095675788,8.522758485383559,9.978580024067387,2,2,1,1,4,4,9,9,0.03549621024003731,-0.08868490030010638,19.290691,-0.5679327,-13.194237,61.20619,21,2020-03-11,24.435,0.0,70.96875,9.213750000000001,1.0,187.07999999999998,2020,3,11,76.26329315845445,0,Peru_4001.csv
2020-03-12,4001,76.26329315845445,39.0951871657754,11.939310035171744,12.942866095675788,8.522758485383559,9.978580024067387,2,2,1,1,4,4,9,9,0.03549621024003731,-0.08868490030010638,19.236603,0.4500824,-13.194237,61.20619,21,2020-03-12,24.3275,0.0,72.9675,9.29875,1.0,201.49,2020,3,12,76.26329315845445,0,Peru_4001.csv
2020-03-13,4001,76.26329315845445,39.0951871657754,11.939310035171744,12.942866095675788,8.522758485383559,9.978580024067387,2,2,1,1,4,4,9,9,0.03549621024003731,-0.08868490030010638,18.75621,0.038621422,-13.194237,61.20619,21,2020-03-13,24.1675,0.0,76.37625,8.3125,1.0,202.785,2020,3,13,76.26329315845445,0,Peru_4001.csv
2020-03-14,4001,76.26329315845445,39.0951871657754,11.939310035171744,12.942866095675788,8.522758485383559,9.978580024067387,2,2,1,1,4,4,9,9,0.03549621024003731,-0.08868490030010638,19.119215,0.8224724,-13.194237,61.20619,21,2020-03-14,23.8675,0.0,77.765,10.945,1.0,196.24,2020,3,14,76.26329315845445,0,Peru_4001.csv
2020-03-15,4001,76.26329315845445,39.0951871657754,11.939310035171744,12.942866095675788,8.522758485383559,9.978580024067387,2,2,1,1,4,4,9,9,0.03549621024003731,-0.08868490030010638,18.530275,-0.50938904,-13.194237,61.20619,21,2020-03-15,23.5825,0.0,80.1725,10.27125,1.0,194.05,2020,3,15,76.26329315845445,0,Peru_4001.csv
2020-03-16,4001,76.26329315845445,39.0951871657754,11.939310035171744,12.942866095675788,8.522758485383559,9.978580024067387,2,2,1,1,4,4,9,9,0.03549621024003731,-0.08868490030010638,18.667934,0.06379551,-13.194237,61.20619,21,2020-03-16,23.81125,0.0,79.2825,10.46875,1.0,195.95250000000001,2020,3,16,76.26329315845445,0,Peru_4001.csv
2020-03-17,4001,76.26329315845445,39.0951871657754,11.939310035171744,12.942866095675788,8.522758485383559,9.978580024067387,2,2,1,1,4,4,9,9,0.03549621024003731,-0.08868490030010638,19.032513,-0.59997183,-13.194237,61.20619,21,2020-03-17,23.76875,0.0,78.87125,12.02125,1.0,181.22375,2020,3,17,76.26329315845445,0,Peru_4001.csv
2020-03-18,4001,76.26329315845445,39.0951871657754,11.939310035171744,12.942866095675788,8.522758485383559,9.978580024067387,2,2,1,1,4,4,9,9,0.03549621024003731,-0.08868490030010638,19.269594,-0.60324794,-13.194237,61.20619,21,2020-03-18,23.87875,0.0,77.60875,11.37625,1.0,179.62125,2020,3,18,76.26329315845445,0,Peru_4001.csv
2020-03-19,4001,76.26329315845445,39.0951871657754,11.939310035171744,12.942866095675788,8.522758485383559,9.978580024067387,2,2,1,1,4,4,9,9,0.03549621024003731,-0.08868490030010638,19.768465,-0.1618714,-13.194237,61.20619,21,2020-03-19,23.395,0.0,79.13875,13.085,1.0,173.72375,2020,3,19,76.26329315845445,0,Peru_4001.csv
2020-03-20,4001,76.26329315845445,39.0951871657754,11.939310035171744,12.942866095675788,8.522758485383559,9.978580024067387,2,2,1,1,4,4,9,9,0.03549621024003731,-0.08868490030010638,18.933628,-0.22014791,-13.194237,61.20619,21,2020-03-20,23.048750000000002,0.0,81.2425,9.421249999999999,1.0,188.68875,2020,3,20,76.26329315845445,0,Peru_4001.csv
2020-03-21,4001,76.26329315845445,39.0951871657754,11.939310035171744,12.942866095675788,8.522758485383559,9.978580024067387,2,2,1,1,4,4,9,9,0.03549621024003731,-0.08868490030010638,18.702808,0.39377508,-13.194237,61.20619,21,2020-03-21,23.61,0.0,77.3075,8.31625,1.0,181.4925,2020,3,21,76.26329315845445,0,Peru_4001.csv
2020-03-22,4001,76.26329315845445,39.0951871657754,11.939310035171744,12.942866095675788,8.522758485383559,9.978580024067387,2,2,1,1,4,4,9,9,0.03549621024003731,-0.08868490030010638,18.255423,-0.26874062,-13.194237,61.20619,21,2020-03-22,24.34125,0.0,70.79875,10.03875,1.0,176.1725,2020,3,22,76.26329315845445,0,Peru_4001.csv
2020-03-23,4001,76.26329315845445,39.0951871657754,11.939310035171744,12.942866095675788,8.522758485383559,9.978580024067387,2,2,1,1,4,4,9,9,0.03549621024003731,-0.08868490030010638,19.58757,0.29825073,-13.194237,61.20619,21,2020-03-23,24.215,0.0,68.37,12.26125,1.0,168.88125,2020,3,23,76.26329315845445,0,Peru_4001.csv
2020-03-24,4001,76.26329315845445,39.0951871657754,11.939310035171744,12.942866095675788,8.522758485383559,9.978580024067387,2,2,1,1,4,4,9,9,0.03549621024003731,-0.08868490030010638,18.121511,-0.004473924,-13.194237,61.20619,21,2020-03-24,23.015,0.0,77.52125000000001,11.665,1.0,176.605,2020,3,24,76.26329315845445,0,Peru_4001.csv
2020-03-25,4001,76.26329315845445,39.0951871657754,11.939310035171744,12.942866095675788,8.522758485383559,9.978580024067387,2,2,1,1,4,4,9,9,0.03549621024003731,-0.08868490030010638,19.442553,-0.2567734,-13.194237,61.20619,21,2020-03-25,22.31125,0.0,80.5425,11.629999999999999,1.0,178.70375,2020,3,25,76.26329315845445,0,Peru_4001.csv
2020-03-26,4001,76.26329315845445,39.0951871657754,11.939310035171744,12.942866095675788,8.522758485383559,9.978580024067387,2,2,1,1,4,4,9,9,0.03549621024003731,-0.08868490030010638,18.543676,-0.008495726,-13.194237,61.20619,21,2020-03-26,22.2575,0.0,81.14,9.793750000000001,1.0,186.84125,2020,3,26,76.26329315845445,0,Peru_4001.csv
2020-03-27,4001,76.26329315845445,39.0951871657754,11.939310035171744,12.942866095675788,8.522758485383559,9.978580024067387,2,2,1,1,4,4,9,9,0.03549621024003731,-0.08868490030010638,19.189545,-0.75063,-13.194237,61.20619,21,2020-03-27,22.330000000000002,0.0,81.02125,8.32875,1.0,199.16875,2020,3,27,76.26329315845445,0,Peru_4001.csv
2020-03-28,4001,76.26329315845445,39.0951871657754,11.939310035171744,12.942866095675788,8.522758485383559,9.978580024067387,2,2,1,1,4,4,9,9,0.03549621024003731,-0.08868490030010638,19.102015,-0.4623487,-13.194237,61.20619,21,2020-03-28,22.64375,0.0,77.95125,8.27,1.0,206.84625,2020,3,28,76.26329315845445,0,Peru_4001.csv
2020-03-29,4001,61.6,43.0,14.2,12.2,4.8,15.2,2,2,1,1,4,4,9,9,-0.22041818314080777,-1.2955364695961264,3.8613315,1.8119568,11.473298,-51.98209,21,2020-03-29,22.646250000000002,0.0,77.98,7.0725,1.0,200.01,2020,3,29,61.6,0,Peru_4001.csv
2020-03-30,4001,48.0,53.0,1.0,7.0,4.0,12.0,2,2,1,1,1,1,3,3,-3.4777652847634823,-1.3044082623691242,0.64596164,-3.2443402,-79.22362,8.14927,21,2020-03-30,22.17,0.0,80.53,7.705,1.0,229.13625,2020,3,30,53.0,0,Peru_4001.csv
2020-03-31,4001,52.0,47.0,1.0,7.0,5.0,12.0,2,2,1,1,1,1,3,3,-3.41608885341732,-1.4413696597098908,0.8414035,-3.3520625,-81.094444,4.429472,21,2020-03-31,22.0875,0.0,79.3075,6.6275,1.0,219.9325,2020,3,31,52.0,0,Peru_4001.csv
2020-04-01,4001,52.0,41.0,1.0,7.0,4.0,12.0,2,2,1,1,1,1,3,3,-3.9085239324625385,-1.6164404103916448,0.85536873,-3.4395916,-81.04864,3.5149627,21,2020-04-01,23.105,0.0,76.74000000000001,8.25125,1.0,183.69875,2020,4,1,52.0,0,Peru_4001.csv
2020-04-02,4001,54.0,45.0,4.0,8.0,7.0,12.0,2,2,1,1,1,1,3,3,-2.450262729549458,-1.6492150334229538,1.2760923,-3.0034623,-42.504814,-22.860378,21,2020-04-02,22.27,0.0,79.1425,8.67125,1.0,191.265,2020,4,2,54.0,0,Peru_4001.csv
2020-04-03,4001,52.0,44.0,2.0,7.0,10.0,12.0,2,2,1,1,1,1,3,3,-2.4651721978514836,-2.2451359078834163,1.1878984,-3.097429,-43.205177,-22.873764,21,2020-04-03,21.58375,0.0,83.125,10.06125,1.0,188.5925,2020,4,3,52.0,0,Peru_4001.csv
2020-04-04,4001,55.0,37.0,1.0,7.0,6.0,12.0,2,2,1,1,1,1,3,3,-3.610467286280722,-1.8512615369047543,0.8384422,-3.3965592,-81.61113,3.587899,21,2020-04-04,21.2225,0.0,82.385,8.56,1.0,195.70374999999999,2020,4,4,55.0,0,Peru_4001.csv
2020-04-05,4001,47.0,27.0,11.8,7.0,7.0,12.0,2,2,1,1,1,1,3,3,-2.136864319421519,-3.324209218442334,5.3052797,3.7641547,-32.414127,-73.34616,21,2020-04-05,21.50125,0.0,79.4575,8.19375,1.0,178.89124999999999,2020,4,5,47.0,0,Peru_4001.csv
2020-04-06,4001,41.0,41.0,1.0,6.0,4.0,12.0,2,2,1,1,1,1,3,3,-4.440167231629267,-2.48596631522535,0.92156273,-3.4197447,-80.20602,4.17652,21,2020-04-06,21.76875,0.0,79.96875,10.6725,1.0,174.4675,2020,4,6,41.0,0,Peru_4001.csv
2020-04-07,4001,44.0,48.0,2.0,7.0,8.0,12.0,2,2,1,1,1,1,3,3,-3.004232610160544,-2.372285364780616,1.0573833,-3.2838802,-81.107285,5.897684,21,2020-04-07,22.10375,0.0,79.675,9.251249999999999,1.0,178.62375,2020,4,7,48.0,0,Peru_4001.csv
2020-04-08,4001,49.0,37.0,1.0,7.0,5.0,12.0,2,2,1,1,1,1,3,3,-4.080325746041076,-2.1598924882411823,0.8830909,-3.4229248,-81.08753,3.5836587,21,2020-04-08,22.3375,0.0,80.95375,10.31,1.0,182.17875,2020,4,8,49.0,0,Peru_4001.csv
2020-04-09,4001,43.0,26.0,9.0,7.0,4.0,12.0,2,2,1,1,1,1,3,3,-3.4934942327101717,-3.2175692627500525,5.3519287,4.0660777,-32.483677,-74.16709,21,2020-04-09,22.041249999999998,0.0,81.875,12.075,1.0,175.9425,2020,4,9,43.0,0,Peru_4001.csv
2020-04-10,4001,36.0,29.0,1.8,7.0,7.0,12.0,2,2,1,1,1,1,3,3,-4.598505722682763,-3.7733126046872005,0.93989646,-3.4143047,-50.84937,-57.083317,21,2020-04-10,22.115,0.0,80.8175,10.88375,1.0,188.13625,2020,4,10,36.0,0,Peru_4001.csv
2020-04-11,4001,40.0,39.0,1.0,7.0,4.0,12.0,2,2,1,1,1,1,3,3,-4.590859695593515,-2.5854378675963807,0.92069364,-3.4183767,-80.1477,4.1375227,21,2020-04-11,21.5825,0.0,81.965,10.49875,1.0,174.99375,2020,4,11,40.0,0,Peru_4001.csv
2020-04-12,4001,41.0,27.0,11.6,7.0,5.0,12.0,2,2,1,1,1,1,3,3,-2.8280843313330095,-3.5021674198714026,5.3111944,3.9243906,-32.52558,-73.709236,21,2020-04-12,21.7775,0.0,80.62,10.438749999999999,1.0,172.06375,2020,4,12,41.0,0,Peru_4001.csv
2020-04-13,4001,33.0,46.0,1.0,7.0,5.0,12.0,2,2,1,1,1,1,3,3,-4.383866274596199,-2.86699156458508,0.9891372,-3.3721244,-80.48991,5.219866,21,2020-04-13,21.47625,0.0,82.0225,9.705,1.0,194.525,2020,4,13,46.0,0,Peru_4001.csv
2020-04-14,4001,47.0,47.0,1.0,8.0,5.0,12.0,2,2,1,1,1,1,3,3,-3.655657298469266,-1.7301493427815355,0.8689129,-3.3888288,-80.78735,4.7601357,21,2020-04-14,21.65625,0.0,80.3425,8.1775,1.0,203.6825,2020,4,14,47.0,0,Peru_4001.csv
2020-04-15,4001,50.0,42.0,2.0,8.0,4.0,12.0,2,2,1,1,1,1,3,3,-3.7479905312991253,-1.6626001076460808,0.8960564,-3.4134712,-80.71739,3.7770758,21,2020-04-15,22.92875,0.0,73.54125,10.64375,1.0,178.77125,2020,4,15,50.0,0,Peru_4001.csv
2020-04-16,4001,44.0,51.0,2.0,8.0,5.0,12.0,2,2,1,1,1,1,3,3,-3.3888695245735887,-1.7714917233725407,0.95099187,-3.2994516,-80.52335,5.763494,21,2020-04-16,22.8475,0.0,71.15625,11.19,1.0,173.39124999999999,2020,4,16,51.0,0,Peru_4001.csv
2020-04-17,4001,43.0,52.0,1.0,8.0,10.0,12.0,2,2,1,1,1,1,3,3,-2.6853719198607333,-2.397723182521287,1.0591005,-3.24064,-81.345535,6.1043334,21,2020-04-17,21.9,0.0,77.1875,9.69,1.0,181.7975,2020,4,17,52.0,0,Peru_4001.csv
2020-04-18,4001,56.0,47.0,2.0,7.0,9.0,12.0,2,2,1,1,1,1,3,3,-2.2971331060937654,-1.6794238874152227,1.2299137,-2.9772873,-43.152836,-22.824997,21,2020-04-18,21.32125,0.0,79.7475,9.3375,1.0,199.95875,2020,4,18,56.0,0,Peru_4001.csv
2020-04-19,4001,48.0,37.0,5.6,7.0,8.0,12.0,2,2,1,1,1,1,3,3,-2.6502981993602104,-2.7230906677146938,5.2214913,3.4725778,-47.72466,-50.727028,21,2020-04-19,21.29625,0.0,77.09375,8.14375,1.0,195.885,2020,4,19,48.0,0,Peru_4001.csv
2020-04-20,4001,44.0,47.0,3.0,8.0,7.0,12.0,2,2,1,1,1,1,3,3,-3.0318790688026804,-2.2481914487343118,1.0375882,-3.2943702,-80.92557,5.8354874,21,2020-04-20,20.98375,0.0,78.24625,9.5925,1.0,184.5875,2020,4,20,47.0,0,Peru_4001.csv
2020-04-21,4001,50.0,40.0,1.0,7.0,8.0,12.0,2,2,1,1,1,1,3,3,-3.3342720709675975,-2.3142969549369425,1.0098009,-3.2995458,-81.828835,4.21845,21,2020-04-21,20.08875,0.0,78.86500000000001,11.01,1.0,184.04125,2020,4,21,50.0,0,Peru_4001.csv
2020-04-22,4001,41.0,35.0,5.8,7.0,5.0,12.0,2,2,1,1,1,1,3,3,-3.592885490130443,-2.9578560091926898,5.298277,3.852894,-49.59232,-56.990307,21,2020-04-22,19.78125,0.0,78.99375,10.41625,1.0,174.2875,2020,4,22,41.0,0,Peru_4001.csv
2020-04-23,4001,35.0,39.0,14.6,8.0,6.0,12.0,2,2,1,1,1,1,3,3,-1.701029466564695,-3.461555091792703,5.1300225,3.861752,-6.166265,-67.423706,21,2020-04-23,19.95125,0.0,77.63,9.776250000000001,1.0,178.64000000000001,2020,4,23,39.0,0,Peru_4001.csv
2020-04-24,4001,41.0,41.0,1.0,8.0,4.0,12.0,2,2,1,1,1,1,3,3,-4.437296720954174,-2.339584671128414,0.91225606,-3.4227786,-80.14696,4.1718326,21,2020-04-24,20.18375,0.0,76.32875,10.091249999999999,1.0,176.215,2020,4,24,41.0,0,Peru_4001.csv
2020-04-25,4001,39.0,52.0,3.0,8.0,7.0,12.0,2,2,1,1,1,1,3,3,-3.0130653762830097,-2.35949156957917,1.0498776,-3.2827103,-80.98226,5.967308,21,2020-04-25,20.585,0.0,74.14125,9.005,1.0,184.445,2020,4,25,52.0,0,Peru_4001.csv
2020-04-26,4001,50.0,34.0,5.0,7.0,3.6,12.0,2,2,1,1,1,1,3,3,-3.626787197842654,-2.160659104580258,5.215945,4.0216513,-48.968117,-57.27867,21,2020-04-26,21.25625,0.0,73.51,11.178749999999999,1.0,171.40625,2020,4,26,50.0,0,Peru_4001.csv
2020-04-27,4001,43.0,44.0,7.0,15.4,9.6,12.0,2,2,1,1,1,1,3,3,-1.94150420577777,-2.3550684419541126,1.4882587,-2.3039057,-35.548546,-22.682545,21,2020-04-27,20.1775,0.0,77.30625,10.9725,1.0,177.57500000000002,2020,4,27,44.0,0,Peru_4001.csv
2020-04-28,4001,49.0,55.0,5.4,19.8,11.4,12.0,2,2,1,1,1,1,3,3,-1.0748665214269109,-1.23399559784423,1.4250118,-2.2549136,-35.56897,-22.207615,21,2020-04-28,19.875,0.0,77.83375,9.01375,1.0,226.35750000000002,2020,4,28,55.0,0,Peru_4001.csv
2020-04-29,4001,57.0,55.0,6.8,19.6,5.4,12.0,2,2,1,1,1,1,3,3,-1.4885224736755085,0.05034525265706849,1.3137696,-2.2743912,-60.037533,28.505152,21,2020-04-29,19.8675,0.0,80.50874999999999,6.5925,1.0,265.4775,2020,4,29,57.0,0,Peru_4001.csv
2020-04-30,4001,57.0,61.0,9.2,22.6,21.6,13.0,2,2,1,1,4,4,9,9,2.331020302860068,-1.659295380525683,3.8386545,-0.0879321,42.68474,-9.943805,21,2020-04-30,20.51125,0.0,78.35875,6.66125,1.0,203.32375,2020,4,30,61.0,0,Peru_4001.csv
2020-05-01,4001,62.0,55.0,5.4,12.8,6.2,12.0,2,2,1,1,1,1,11,11,-1.397705714334949,-0.15139369232704877,1.2559642,-2.2093713,-55.349506,21.748653,21,2020-05-01,20.45375,0.0,76.66624999999999,7.63125,1.0,186.2125,2020,5,1,62.0,0,Peru_4001.csv
2020-05-02,4001,60.0,50.0,5.2,16.0,2.4,12.0,2,2,1,1,1,1,3,3,-2.476524835128187,0.17008511580619026,1.0834589,-2.4318085,-58.635014,23.814104,21,2020-05-02,20.235,0.0,77.79625,7.765,1.0,174.2075,2020,5,2,60.0,0,Peru_4001.csv
2020-05-03,4001,54.0,39.0,9.6,14.4,20.0,12.0,2,2,1,1,1,1,9,9,0.7354486555078722,-3.254433893852525,5.527468,0.8705762,-19.488651,-49.501324,21,2020-05-03,19.92,0.0,81.06375,7.715,1.0,188.02875,2020,5,3,54.0,0,Peru_4001.csv
2020-05-04,4001,52.0,54.0,5.4,23.4,3.6,12.0,2,2,1,1,1,1,3,3,-2.3861636835129745,0.1772611510705797,1.2967827,-2.3252573,-60.090576,28.540474,21,2020-05-04,19.885,0.0,83.03625,7.9475,1.0,187.85,2020,5,4,54.0,0,Peru_4001.csv
2020-05-05,4001,57.0,61.0,3.2,13.6,5.2,12.0,2,2,1,1,1,1,11,11,-1.9542137860656197,0.02605835221648615,1.0523095,-2.1752005,-54.20294,27.709087,21,2020-05-05,19.39,0.0,84.955,7.2837499999999995,1.0,180.66625,2020,5,5,61.0,0,Peru_4001.csv
2020-05-06,4001,63.0,64.0,16.6,11.0,10.4,12.0,2,2,1,1,4,4,9,9,2.1539339419698025,-0.5642167408878231,3.053917,0.65327936,26.416735,-9.2833605,21,2020-05-06,19.7525,0.0,84.22875,6.930000000000001,1.0,217.92000000000002,2020,5,6,64.0,0,Peru_4001.csv
2020-05-07,4001,66.0,62.0,2.8,19.6,5.4,12.0,2,2,1,1,1,1,11,11,-1.5051158653416439,1.1516159951133715,0.9247602,-2.1156595,-52.667755,27.145605,21,2020-05-07,20.04375,0.0,82.3775,6.535,1.0,200.01125,2020,5,7,66.0,0,Peru_4001.csv
2020-05-08,4001,66.0,59.0,11.8,20.6,2.2,12.0,2,2,1,1,4,4,11,11,-0.4058400966525866,1.2544847043225076,1.0578433,-1.9225926,-56.89378,27.402462,21,2020-05-08,20.60375,0.0,79.28,9.32875,1.0,171.89,2020,5,8,66.0,0,Peru_4001.csv
2020-05-09,4001,63.0,42.0,11.0,14.6,2.4,12.0,2,2,1,1,1,1,3,3,-1.5691308291683694,-0.2595111506147972,1.7915531,3.5193622,-3.2453535,-8.814062,21,2020-05-09,19.57375,0.0,83.7325,10.09375,1.0,175.47875,2020,5,9,63.0,0,Peru_4001.csv
2020-05-10,4001,47.0,29.0,12.2,12.2,7.2,12.0,2,2,1,1,1,1,3,3,-1.9079287320420046,-2.878374033033158,5.284356,3.7932086,-32.81622,-72.71799,21,2020-05-10,19.68125,0.0,81.105,12.49125,1.0,170.085,2020,5,10,47.0,0,Peru_4001.csv
2020-05-11,4001,42.0,38.0,6.4,20.0,4.2,12.0,2,2,1,1,1,1,3,3,-3.3925378173467413,-1.6978100739749546,3.953685,3.1347992,-68.86794,1.5954946,21,2020-05-11,19.605,0.0,78.78875,10.55,1.0,172.57875,2020,5,11,42.0,0,Peru_4001.csv
2020-05-12,4001,49.0,58.0,2.0,7.0,2.4,12.0,2,2,1,1,1,1,3,3,-3.2552576822358414,-0.8048664473118573,0.38802445,-3.172748,-78.84947,8.938303,21,2020-05-12,19.66125,0.0,80.0,8.45625,1.0,192.45875,2020,5,12,58.0,0,Peru_4001.csv
2020-05-13,4001,54.0,59.0,2.0,5.6,5.0,12.0,2,2,1,1,1,1,3,3,-2.494599165913036,-0.8221363187446689,0.49539983,-3.1595318,-78.77813,8.476241,21,2020-05-13,20.1075,0.0,78.4425,9.19125,1.0,169.52625,2020,5,13,59.0,0,Peru_4001.csv
2020-05-14,4001,64.0,52.0,2.0,5.8,4.0,12.0,2,2,1,1,1,1,3,3,-2.556703270348459,-0.3087619619453323,0.5812589,-2.780246,-50.398586,20.90777,21,2020-05-14,19.715,0.0,82.89125,8.97625,1.0,186.5725,2020,5,14,64.0,0,Peru_4001.csv
2020-05-15,4001,59.0,52.0,1.0,4.6,5.0,12.0,2,2,1,1,1,1,3,3,-2.822311104338831,-0.8595986591820831,0.59710336,-3.0628147,-78.349884,8.022152,21,2020-05-15,18.7125,0.0,85.04125,8.53625,1.0,203.96125,2020,5,15,59.0,0,Peru_4001.csv
2020-05-16,4001,58.0,40.0,5.6,14.4,4.0,12.0,2,2,1,1,1,1,3,3,-2.7243963584281805,-0.8042011741696201,1.2041057,-2.602165,-63.084686,16.272455,21,2020-05-16,17.92375,0.0,84.745,6.24625,1.0,223.5725,2020,5,16,58.0,0,Peru_4001.csv
2020-05-17,4001,43.0,35.0,12.8,12.0,6.0,11.0,2,2,1,1,1,1,3,3,-1.9722731020818105,-2.6118591423153563,5.1392727,3.8618202,-32.88835,-72.64304,21,2020-05-17,18.16625,0.0,83.265,8.67375,1.0,178.64625,2020,5,17,43.0,0,Peru_4001.csv
2020-05-18,4001,48.0,41.0,2.0,6.2,4.0,11.0,2,2,1,1,1,1,3,3,-3.9873107341390748,-1.8554032128857425,0.9580815,-3.483961,-80.63512,3.6926785,21,2020-05-18,18.01125,0.0,83.90625,8.77625,1.0,175.28125,2020,5,18,48.0,0,Peru_4001.csv
2020-05-19,4001,48.0,33.0,3.0,7.0,1.0,12.0,2,2,1,1,1,1,3,3,-4.651925298860202,-1.9792814896215765,0.92839944,-3.3555515,-79.92265,1.5494637,21,2020-05-19,17.22,0.0,84.7225,9.9725,1.0,181.31,2020,5,19,48.0,0,Peru_4001.csv
2020-05-20,4001,43.0,45.0,4.0,5.4,3.0,12.0,2,2,1,1,1,1,3,3,-3.706819221942779,-2.1329120758238207,1.0070896,-3.3124988,-79.04994,4.6191607,21,2020-05-20,17.085,0.0,81.8175,9.195,1.0,176.6825,2020,5,20,45.0,0,Peru_4001.csv
2020-05-21,4001,55.0,39.0,3.0,5.4,2.0,12.0,2,2,1,1,1,1,3,3,-3.824381544626431,-1.4145572695576103,0.7173765,-3.4768817,-81.124535,2.2179139,21,2020-05-21,16.855,0.0,83.55125000000001,9.70625,1.0,181.47375,2020,5,21,55.0,0,Peru_4001.csv
2020-05-22,4001,51.0,44.0,2.0,4.6,4.0,12.0,2,2,1,1,1,1,3,3,-3.6007428466713214,-1.7387868787828127,0.8763085,-3.4401667,-81.07096,3.5601795,21,2020-05-22,16.7125,0.0,85.58,8.67,1.0,211.79,2020,5,22,51.0,0,Peru_4001.csv
2020-05-23,4001,53.0,53.0,1.8,10.2,4.0,12.0,2,2,1,1,1,1,3,3,-3.0693398517570016,-0.7279841320346169,0.51969177,-3.1335413,-78.85489,8.47425,21,2020-05-23,16.98625,0.0,84.31375,8.21625,1.0,282.045,2020,5,23,53.0,0,Peru_4001.csv
2020-05-24,4001,60.0,50.0,4.8,15.6,9.0,12.0,2,2,1,1,1,1,3,3,-1.3661956829794757,-0.6791540883496454,1.5002986,-2.1745303,-36.560318,-20.235798,21,2020-05-24,17.3175,0.0,82.42125,6.9075,1.0,179.42249999999999,2020,5,24,60.0,0,Peru_4001.csv
2020-05-25,4001,69.0,36.0,4.0,10.0,3.0,12.0,2,2,1,1,1,1,3,3,-2.914669268052137,-0.36519424485833574,0.7500681,-2.8317122,-62.07443,16.2316,21,2020-05-25,17.427500000000002,0.0,83.24875,8.31625,1.0,188.92125,2020,5,25,69.0,0,Peru_4001.csv
2020-05-26,4001,49.0,39.0,4.0,10.0,1.0,12.0,2,2,1,1,1,1,3,3,-4.084101755834872,-1.4112068625117022,0.99169326,-3.24363,-77.80546,4.721243,21,2020-05-26,17.33,0.0,83.59875,7.53375,1.0,188.50125,2020,5,26,49.0,0,Peru_4001.csv
2020-05-27,4001,51.0,43.0,4.0,10.0,2.0,11.0,2,2,1,1,1,1,3,3,-3.6875640454299172,-1.057753349927279,0.9960271,-3.200923,-77.83983,4.9642825,21,2020-05-27,18.12125,0.0,81.4425,6.922499999999999,1.0,164.965,2020,5,27,51.0,0,Peru_4001.csv
2020-05-28,4001,51.0,37.0,4.0,10.0,7.4,12.0,2,2,1,1,1,1,3,3,-2.9354404633992845,-2.1713815647773247,5.158565,3.462388,-47.18071,-50.329224,21,2020-05-28,18.86625,0.0,80.72875,6.9075,1.0,180.7125,2020,5,28,51.0,0,Peru_4001.csv
2020-05-29,4001,51.0,44.0,4.0,10.0,3.0,12.0,2,2,1,1,1,1,3,3,-3.366574628447569,-1.2672155375318994,1.0045189,-3.204177,-78.08293,5.0567975,21,2020-05-29,19.615,0.0,78.07375,8.705,1.0,155.4025,2020,5,29,51.0,0,Peru_4001.csv
2020-05-30,4001,45.0,43.0,3.0,10.0,2.0,11.0,2,2,1,1,1,1,3,3,-4.180304469134768,-1.4674214885809171,0.93292344,-3.3132222,-78.72349,4.3721833,21,2020-05-30,19.1875,0.0,81.16125,9.3175,1.0,173.86374999999998,2020,5,30,45.0,0,Peru_4001.csv
2020-05-31,4001,44.0,26.0,3.0,9.0,1.0,12.0,2,2,1,1,1,1,3,3,-5.205601804012669,-2.4734145637240137,5.311905,4.194638,-83.20748,-16.725948,21,2020-05-31,18.5,0.0,84.64125,11.3475,1.0,166.93875,2020,5,31,44.0,0,Peru_4001.csv
2020-06-01,4001,36.0,43.0,3.0,10.0,9.8,12.0,2,2,1,1,1,1,3,3,-3.1166365672132366,-3.233552803635923,1.1304145,-3.227279,-81.604195,6.1531615,21,2020-06-01,18.06125,0.0,85.5775,10.51375,1.0,175.44875,2020,6,1,43.0,0,Peru_4001.csv
2020-06-02,4001,46.0,49.0,3.0,10.0,7.2,12.0,2,2,1,1,1,1,3,3,-2.792549416774507,-1.8819003117022888,1.077477,-3.2537441,-80.87775,5.9128966,21,2020-06-02,17.87375,0.0,87.04125,7.58875,1.0,239.525,2020,6,2,49.0,0,Peru_4001.csv
2020-06-03,4001,58.0,27.0,6.0,11.0,7.2,11.0,2,2,1,1,1,1,3,3,-2.8336651056623547,-1.9831558943938508,4.9035134,4.056267,-47.695366,-53.321655,21,2020-06-03,17.740000000000002,0.0,83.52125,9.47875,1.0,178.985,2020,6,3,58.0,0,Peru_4001.csv
2020-06-04,4001,39.0,38.0,4.0,10.0,12.0,11.0,2,2,1,1,1,1,3,3,-2.7192479774528215,-3.4344882049567076,5.830148,0.7644441,-48.605877,-45.55164,21,2020-06-04,17.42,0.0,84.9425,8.96,1.0,210.83875,2020,6,4,39.0,0,Peru_4001.csv
2020-06-05,4001,45.0,57.0,5.0,11.0,2.0,11.0,2,2,1,1,1,1,3,3,-3.0443085274741652,-0.7417465493441157,1.1108782,-2.748473,-60.96755,24.404394,21,2020-06-05,17.115000000000002,0.0,84.49375,8.89125,1.0,245.02125,2020,6,5,57.0,0,Peru_4001.csv
2020-06-06,4001,68.0,58.0,4.0,10.0,2.0,12.0,2,2,1,1,1,1,11,11,-2.000327882317633,0.7910945807120133,0.7110064,-2.4824374,-52.03435,21.298756,21,2020-06-06,16.90625,0.0,85.885,6.74125,1.0,218.15125,2020,6,6,68.0,0,Peru_4001.csv
2020-06-07,4001,65.0,31.0,2.2,9.0,4.0,12.0,2,2,1,1,1,1,3,3,-3.5544353254429266,-1.0599117635437163,0.36302242,-3.2959216,-73.27767,-10.313925,21,2020-06-07,17.2625,0.0,84.0275,8.98,1.0,184.52,2020,6,7,65.0,0,Peru_4001.csv
2020-06-08,4001,44.0,43.0,4.0,10.0,2.0,12.0,2,2,1,1,1,1,3,3,-3.936597379821043,-1.6983746716647559,0.9778109,-3.2861886,-78.54201,4.619974,21,2020-06-08,16.76375,0.0,84.3425,9.963750000000001,1.0,189.285,2020,6,8,44.0,0,Peru_4001.csv
2020-06-09,4001,50.0,30.0,8.6,9.0,1.0,11.0,2,2,1,1,1,1,3,3,-3.6571134255031246,-1.8429507306380952,5.0462017,4.21307,-33.307693,-71.26858,21,2020-06-09,16.54625,0.0,81.76625,8.2025,1.0,190.3125,2020,6,9,50.0,0,Peru_4001.csv
2020-06-10,4001,39.0,43.0,3.0,10.0,2.0,11.0,2,2,1,1,1,1,3,3,-4.469508785601188,-1.9017860256998784,0.9441318,-3.362343,-78.88108,4.3175764,21,2020-06-10,16.74125,0.0,81.77,6.7025,1.0,204.745,2020,6,10,43.0,0,Peru_4001.csv
2020-06-11,4001,47.0,48.0,4.0,10.0,3.0,12.0,2,2,1,1,1,1,3,3,-3.351523660972528,-1.356255652537415,1.0151113,-3.2346249,-78.70039,5.1775465,21,2020-06-11,16.8975,0.0,81.75,9.60375,1.0,173.16125,2020,6,11,48.0,0,Peru_4001.csv
2020-06-12,4001,58.0,45.0,4.0,10.0,18.8,12.0,2,2,1,1,1,1,9,9,-0.12286957553930389,-2.696912802623343,5.6935897,0.4514092,-33.756245,-42.93312,21,2020-06-12,16.8875,0.0,84.255,10.41125,1.0,179.975,2020,6,12,58.0,0,Peru_4001.csv
2020-06-13,4001,50.0,53.0,5.0,11.0,1.0,12.0,2,2,1,1,1,1,3,3,-3.1034412293167835,-0.5884415163342304,1.136887,-2.7663395,-60.828136,24.290028,21,2020-06-13,16.80375,0.0,84.76375,9.6125,1.0,205.25375,2020,6,13,53.0,0,Peru_4001.csv
2020-06-14,4001,65.0,28.0,5.8,9.0,3.0,12.0,2,2,1,1,1,1,3,3,-3.1582501557707343,-1.173487363136793,4.615286,4.1563163,-67.97606,-14.3781595,21,2020-06-14,16.77875,0.0,83.19875,8.92375,1.0,160.8525,2020,6,14,65.0,0,Peru_4001.csv
2020-06-15,4001,46.0,45.0,5.0,11.0,0.8,12.0,2,2,1,1,1,1,3,3,-3.7480827983744396,-1.2539437909640037,1.0114535,-3.1984565,-78.01191,4.8859353,21,2020-06-15,16.085,0.0,86.855,10.57875,1.0,167.82750000000001,2020,6,15,46.0,0,Peru_4001.csv
2020-06-16,4001,55.0,49.0,4.0,11.0,11.4,12.0,2,2,1,1,1,1,3,3,-1.395023904197844,-1.7099398440995968,1.423297,-2.5039582,-36.584293,-21.052052,21,2020-06-16,16.32,0.0,84.33125,9.66875,1.0,164.515,2020,6,16,55.0,0,Peru_4001.csv
2020-06-17,4001,53.0,42.0,5.0,11.0,0.8,12.0,2,2,1,1,1,1,3,3,-3.5665679747474557,-0.8975871634726735,1.0418745,-3.1413763,-77.19207,5.1215444,21,2020-06-17,16.31875,0.0,85.2875,13.40875,1.0,161.64000000000001,2020,6,17,53.0,0,Peru_4001.csv
2020-06-18,4001,46.0,42.0,2.0,10.0,4.6,12.0,2,2,1,1,1,1,3,3,-3.8295305794075234,-1.881235160070482,0.9274861,-3.3830843,-80.34816,4.2447457,21,2020-06-18,16.37375,0.0,83.1525,8.23,1.0,193.18375,2020,6,18,46.0,0,Peru_4001.csv
2020-06-19,4001,50.0,56.0,6.0,12.0,1.8,12.0,2,2,1,1,1,1,3,3,-2.5980561148158667,-0.4901317208375543,1.1608922,-2.7117853,-60.627644,24.38498,21,2020-06-19,16.57125,0.0,83.24,9.36375,1.0,169.87375,2020,6,19,56.0,0,Peru_4001.csv
2020-06-20,4001,64.0,38.0,4.0,11.0,3.2,12.0,2,2,1,1,1,1,3,3,-3.014179897234139,-0.5788524404122225,0.912349,-2.7351487,-62.301388,16.467619,21,2020-06-20,15.64875,0.0,86.37875,7.831250000000001,1.0,186.83875,2020,6,20,64.0,0,Peru_4001.csv
2020-06-21,4001,49.0,27.0,4.4,10.0,3.0,12.0,2,2,1,1,1,1,3,3,-4.264940559536446,-2.2741611913099335,5.1926036,4.1527324,-48.658623,-57.757713,21,2020-06-21,16.5225,0.0,84.18125,7.0875,1.0,207.35375,2020,6,21,49.0,0,Peru_4001.csv
2020-06-22,4001,44.0,49.0,4.0,11.0,4.6,12.0,2,2,1,1,1,1,3,3,-3.1536804198883237,-1.6512866335266334,1.0189136,-3.252294,-79.632286,5.6098366,21,2020-06-22,15.971250000000001,0.0,85.37,6.79375,1.0,217.5675,2020,6,22,49.0,0,Peru_4001.csv
2020-06-23,4001,65.0,53.0,7.0,12.0,0.0,12.0,2,2,1,1,1,1,11,11,-2.152577078899332,0.6470016616491999,1.1355565,-2.363631,-57.370644,23.85431,21,2020-06-23,15.85875,0.0,86.23875,6.785,1.0,192.94375,2020,6,23,65.0,0,Peru_4001.csv
2020-06-24,4001,64.0,59.0,9.0,13.0,0.8,12.0,2,2,1,1,1,1,11,11,-1.3359662127573584,0.7986230823466877,1.1345295,-2.1824896,-56.953773,25.857069,21,2020-06-24,15.94625,0.0,85.885,6.9675,1.0,195.76125,2020,6,24,64.0,0,Peru_4001.csv
2020-06-25,4001,73.0,56.0,8.0,12.0,1.4,12.0,2,2,1,1,1,1,11,11,-1.1546290347898807,1.1758332430757723,1.0088538,-2.0725782,-55.40146,25.138927,21,2020-06-25,15.905000000000001,0.0,84.4075,7.11625,1.0,210.19625,2020,6,25,73.0,0,Peru_4001.csv
2020-06-26,4001,75.0,60.0,10.0,13.0,1.0,12.0,2,2,1,1,4,4,11,11,-0.5141279969562835,1.5952491590004976,0.8792011,-1.6972493,-40.46335,31.262352,21,2020-06-26,15.91,0.0,85.29125,7.075,1.0,207.42125000000001,2020,6,26,75.0,0,Peru_4001.csv
2020-06-27,4001,82.0,63.0,10.0,13.0,1.0,12.0,0,0,3,3,5,5,11,11,-0.020832467566349423,2.25241003233839,0.7666361,-1.5612326,-40.305412,31.270348,21,2020-06-27,15.938749999999999,0.0,84.0375,8.401250000000001,1.0,181.235,2020,6,27,82.0,0,Peru_4001.csv
2020-06-28,4001,71.0,49.0,6.0,11.0,2.0,12.0,2,2,1,1,1,1,11,11,-1.9148895531926398,0.5808683694536031,1.0956941,-2.3294418,-55.721672,23.484829,21,2020-06-28,15.58625,0.0,85.865,8.66625,1.0,182.0275,2020,6,28,71.0,0,Peru_4001.csv
2020-06-29,4001,68.0,42.0,4.0,12.0,10.4,12.0,2,2,1,1,1,1,3,3,-1.311377483604036,-0.9208305798276121,1.6075788,-2.0083315,-37.00961,-18.65901,21,2020-06-29,15.41625,0.0,84.9325,10.27,1.0,169.49,2020,6,29,68.0,0,Peru_4001.csv
2020-06-30,4001,52.0,56.0,6.0,12.0,2.4,12.0,2,2,1,1,1,1,3,3,-2.3932620973691354,-0.4207836353455776,1.1915427,-2.6450555,-60.49021,24.393883,21,2020-06-30,15.4325,0.0,85.48375,9.862499999999999,1.0,180.4325,2020,6,30,56.0,0,Peru_4001.csv
2020-07-01,4001,64.0,49.0,7.0,11.0,0.4,12.0,2,2,1,1,1,1,3,3,-2.3378052792929878,0.25058696442621664,1.1134427,-2.4698312,-57.8353,23.05417,21,2020-07-01,14.98375,0.0,85.9725,7.9075,1.0,179.04625,2020,7,1,64.0,0,Peru_4001.csv
2020-07-02,4001,66.0,86.0,6.0,11.0,2.2,12.0,0,0,3,3,5,5,11,11,-0.19711399219237644,2.0487113894335716,0.06308796,-1.8203634,-46.08601,34.996864,21,2020-07-02,15.14,0.0,84.1475,8.15625,1.0,184.63125,2020,7,2,86.0,0,Peru_4001.csv
2020-07-03,4001,65.0,61.0,7.0,12.0,1.0,12.0,2,2,1,1,1,1,11,11,-1.5562151508668103,0.9223405927100677,1.1262965,-2.2635152,-57.272144,25.270065,21,2020-07-03,15.5525,0.0,82.2975,6.33125,1.0,210.59375,2020,7,3,65.0,0,Peru_4001.csv
2020-07-04,4001,67.0,61.0,10.0,14.0,0.8,12.0,2,2,1,1,1,1,11,11,-0.8824658751269214,1.164567951195158,1.0946362,-2.063426,-56.59675,26.29476,21,2020-07-04,16.04,0.0,82.585,6.52,1.0,177.87375,2020,7,4,67.0,0,Peru_4001.csv
2020-07-05,4001,70.0,50.0,7.0,13.0,1.0,12.0,2,2,1,1,1,1,11,11,-1.8853744728555142,0.806027144620302,1.082998,-2.2479494,-55.99031,23.91465,21,2020-07-05,15.4,0.0,86.40625,7.532500000000001,1.0,182.89,2020,7,5,70.0,0,Peru_4001.csv
2020-07-06,4001,60.0,54.0,6.0,13.0,2.8,12.0,2,2,1,1,1,1,3,3,-2.0378863031569177,0.08099829653828981,1.1193182,-2.4366763,-58.320023,24.250933,21,2020-07-06,15.26625,0.0,87.16125,8.026250000000001,1.0,184.32375,2020,7,6,60.0,0,Peru_4001.csv
2020-07-07,4001,67.0,45.0,6.0,12.0,1.4,12.0,2,2,1,1,1,1,3,3,-2.422503519014368,0.23938671170748513,1.0991112,-2.472415,-63.296783,18.2821,21,2020-07-07,15.591249999999999,0.0,85.9825,11.38,1.0,174.20999999999998,2020,7,7,67.0,0,Peru_4001.csv
2020-07-08,4001,55.0,42.0,6.0,12.0,1.4,12.0,2,2,1,1,1,1,3,3,-3.156802741964654,-0.7797447103883763,1.1091058,-2.934614,-76.86149,5.2329865,21,2020-07-08,15.4875,0.0,84.67125,9.4575,1.0,199.37,2020,7,8,55.0,0,Peru_4001.csv
2020-07-09,4001,52.0,53.0,6.8,15.4,9.4,12.0,2,2,1,1,1,1,3,3,-1.116864339301421,-1.2222289123008254,1.4478179,-2.2301202,-35.60503,-22.200224,21,2020-07-09,15.155,0.0,85.0625,8.188749999999999,1.0,215.6475,2020,7,9,53.0,0,Peru_4001.csv
2020-07-10,4001,61.0,46.0,8.4,15.4,9.2,12.0,2,2,1,1,1,1,9,9,-0.757275348981493,-0.9359880062553606,1.7666233,-1.9832017,-33.442627,-22.483364,21,2020-07-10,14.9825,0.0,85.49,10.34,1.0,172.3075,2020,7,10,61.0,0,Peru_4001.csv
2020-07-11,4001,57.0,46.0,13.8,15.6,4.0,12.0,2,2,1,1,4,4,9,9,-0.7900984633234613,-0.6904721670474119,3.7876558,1.8972205,12.095462,-52.153683,21,2020-07-11,14.5725,0.0,84.06125,6.7575,1.0,210.31125,2020,7,11,57.0,0,Peru_4001.csv
2020-07-12,4001,55.0,69.0,8.4,13.4,12.0,12.0,2,2,1,1,1,1,9,9,0.6516412949783651,-0.7157048033587969,1.5155865,-1.979025,-47.89591,29.03099,21,2020-07-12,15.11375,0.0,84.06125,6.7475000000000005,1.0,202.82625000000002,2020,7,12,69.0,0,Peru_4001.csv
2020-07-13,4001,99.0,74.0,9.0,20.6,9.4,12.0,0,0,3,3,5,5,11,11,2.6950452332107218,3.559369031389446,0.02946653,-0.720037,65.3081,19.61983,21,2020-07-13,15.7675,0.0,86.19375,6.1925,1.0,234.0,2020,7,13,99.0,0,Peru_4001.csv
2020-07-14,4001,98.0,74.0,12.8,19.6,9.2,12.0,0,0,3,3,5,5,11,11,3.3827155089381833,3.3450847441856717,-0.14516863,-0.5487724,65.40229,19.731739,21,2020-07-14,15.76125,0.0,85.39375,10.82375,1.0,173.3475,2020,7,14,98.0,0,Peru_4001.csv
2020-07-15,4001,100.0,59.0,5.0,18.8,1.6,12.0,0,0,3,3,5,5,11,11,-0.26203639786708544,3.8275160021282124,-0.17264841,-0.93302447,20.924593,47.59448,21,2020-07-15,15.69875,0.0,86.09875,12.098749999999999,1.0,170.41625,2020,7,15,100.0,0,Peru_4001.csv
2020-07-16,4001,89.0,41.0,2.6,16.0,11.0,12.0,2,2,1,1,1,1,11,11,-0.5219425430457959,0.8012094235128102,1.1793737,-1.4253045,-32.549755,26.877228,21,2020-07-16,15.0875,0.0,86.725,10.45625,1.0,176.1875,2020,7,16,89.0,0,Peru_4001.csv
2020-07-17,4001,65.0,48.0,4.4,20.0,9.0,12.0,2,2,1,1,1,1,9,9,-1.3042183187782548,-0.08553353118215773,1.6680973,-1.9594265,-36.41835,-19.866102,21,2020-07-17,15.00625,0.0,83.58375,8.89,1.0,174.82625000000002,2020,7,17,65.0,0,Peru_4001.csv
2020-07-18,4001,58.0,64.0,8.4,12.0,2.2,12.0,2,2,1,1,1,1,11,11,-1.2359943728581382,0.38052889791987254,1.1618253,-2.250648,-58.182915,26.117508,21,2020-07-18,14.6425,0.0,83.12625,9.77875,1.0,166.49375,2020,7,18,64.0,0,Peru_4001.csv
2020-07-19,4001,77.0,53.0,11.0,13.2,9.6,12.0,2,2,1,1,4,4,9,9,0.9759784799004625,0.29773220289018554,2.6156154,-2.1253273,49.354126,4.6415563,21,2020-07-19,14.74625,0.0,83.69375,9.83125,1.0,168.97,2020,7,19,77.0,0,Peru_4001.csv
2020-07-20,4001,74.0,57.0,3.8,21.4,1.0,12.0,2,2,1,1,1,1,11,11,-1.9680863398905877,2.140373166472407,0.828198,-2.1553085,-52.376965,25.077572,21,2020-07-20,14.79875,0.0,83.75875,8.4925,1.0,180.26624999999999,2020,7,20,74.0,0,Peru_4001.csv
2020-07-21,4001,73.0,58.0,8.4,11.6,12.2,12.0,2,2,1,1,4,4,9,9,0.981203636724387,-0.12097587898233783,1.5684141,-1.8620855,-39.056633,-16.750124,21,2020-07-21,15.071250000000001,0.0,85.17125,6.24125,1.0,211.33625,2020,7,21,73.0,0,Peru_4001.csv
2020-07-22,4001,69.0,73.0,6.6,20.4,2.6,12.0,0,0,3,3,5,5,11,11,-0.5201621293490453,2.23703331197879,0.66923463,-1.944133,-51.936253,29.193903,21,2020-07-22,15.67,0.0,86.3525,8.42625,1.0,198.625,2020,7,22,73.0,0,Peru_4001.csv
2020-07-23,4001,90.0,74.0,5.6,18.8,9.0,12.0,0,0,3,3,5,5,11,11,1.494371047425259,2.910339879600196,0.2735108,-1.3625809,19.928837,54.323193,21,2020-07-23,16.14,0.0,86.9075,6.8774999999999995,1.0,208.155,2020,7,23,90.0,0,Peru_4001.csv
2020-07-24,4001,90.0,58.0,8.0,15.0,1.0,12.0,0,0,3,3,5,5,11,11,-0.29924557666117785,2.776666863590018,0.33920065,-1.300314,19.076664,48.062504,21,2020-07-24,15.95875,0.0,85.32875,9.14375,1.0,193.48499999999999,2020,7,24,90.0,0,Peru_4001.csv
2020-07-25,4001,73.0,57.0,6.0,13.0,1.4,12.0,2,2,1,1,1,1,11,11,-1.5083022745624188,1.3485508359777987,0.934843,-2.1647553,-54.473434,25.134258,21,2020-07-25,15.08875,0.0,87.38,7.925,1.0,220.48999999999998,2020,7,25,73.0,0,Peru_4001.csv
2020-07-26,4001,73.0,43.0,7.0,13.0,0.0,12.0,2,2,1,1,1,1,3,3,-2.285170704706125,0.7980046212702899,0.7706537,-1.8167224,-65.0866,20.61052,21,2020-07-26,14.67125,0.0,85.33875,7.1525,1.0,209.54,2020,7,26,73.0,0,Peru_4001.csv
2020-07-27,4001,66.0,52.0,9.0,15.0,1.0,12.0,2,2,1,1,1,1,11,11,-1.564307785412338,0.7137077768823687,1.1299015,-2.20635,-56.58875,25.265121,21,2020-07-27,14.2025,0.0,84.86375,8.95375,1.0,173.90125,2020,7,27,66.0,0,Peru_4001.csv
2020-07-28,4001,62.0,48.0,7.0,13.0,0.4,12.0,2,2,1,1,1,1,3,3,-2.4832997055614463,0.20204646898257586,1.1247582,-2.49118,-58.10887,22.999475,21,2020-07-28,14.4,0.0,85.335,9.0525,1.0,183.76624999999999,2020,7,28,62.0,0,Peru_4001.csv
2020-07-29,4001,63.0,56.0,7.0,13.0,1.2,12.0,2,2,1,1,1,1,11,11,-1.8748679873165954,0.574926097050741,1.1204189,-2.3469934,-57.554993,24.659481,21,2020-07-29,14.22,0.0,84.3175,8.645,1.0,175.33375,2020,7,29,63.0,0,Peru_4001.csv
2020-07-30,4001,67.0,53.0,8.0,13.0,3.0,12.0,2,2,1,1,1,1,11,11,-1.3092418627753233,0.4630836291133381,1.1983064,-2.271878,-56.474285,24.35063,21,2020-07-30,14.6675,0.0,83.8425,8.56375,1.0,178.99,2020,7,30,67.0,0,Peru_4001.csv
2020-07-31,4001,65.0,57.0,6.0,12.0,1.0,12.0,2,2,1,1,1,1,11,11,-1.9676050499239968,0.7465006578954891,1.0417278,-2.3638415,-57.418804,24.54682,21,2020-07-31,14.55125,0.0,85.3325,8.38875,1.0,198.51125,2020,7,31,65.0,0,Peru_4001.csv
2020-08-01,4001,69.0,58.0,9.0,14.0,1.2,12.0,2,2,1,1,1,1,11,11,-1.0732292881247874,1.133356947448717,1.06631,-2.0498486,-56.406033,25.918518,21,2020-08-01,15.09875,0.0,82.43375,8.0075,1.0,185.14,2020,8,1,69.0,0,Peru_4001.csv
2020-08-02,4001,64.0,54.0,4.0,13.0,13.8,12.0,2,2,1,1,1,1,9,9,-0.26495932192355387,-0.9631014830317715,1.433679,-1.9525768,-39.376392,-15.741405,21,2020-08-02,15.025,0.0,83.795,10.895,1.0,176.24625,2020,8,2,64.0,0,Peru_4001.csv
2020-08-03,4001,64.0,40.0,3.0,12.0,0.8,12.0,2,2,1,1,1,1,3,3,-3.5459237489520707,-0.07893672880966182,0.79980785,-2.8371553,-62.525166,18.007992,21,2020-08-03,14.3375,0.0,82.50625,9.33875,1.0,181.64125,2020,8,3,64.0,0,Peru_4001.csv
2020-08-04,4001,55.0,49.0,8.0,14.0,1.8,12.0,2,2,1,1,1,1,3,3,-2.3108543038620564,-0.38211083727269346,1.2647041,-2.549335,-59.79346,23.633923,21,2020-08-04,14.842500000000001,0.0,80.16,7.475,1.0,167.2925,2020,8,4,55.0,0,Peru_4001.csv
2020-08-05,4001,61.0,42.0,6.0,13.0,1.0,12.0,2,2,1,1,1,1,3,3,-2.9384247379872215,-0.22189580223895927,1.1074373,-2.6240504,-63.44677,17.745117,21,2020-08-05,14.655,0.0,82.18875,8.4225,1.0,165.89125,2020,8,5,61.0,0,Peru_4001.csv
2020-08-06,4001,50.0,73.0,11.0,14.0,1.0,12.0,2,2,1,1,1,1,11,11,-0.8386498301079937,0.4856340011409636,1.1666468,-2.1491966,-58.541126,26.635717,21,2020-08-06,14.7675,0.0,84.50375,8.795,1.0,195.13,2020,8,6,73.0,0,Peru_4001.csv
2020-08-07,4001,80.0,69.0,12.0,14.0,2.0,12.0,0,0,3,3,5,5,11,11,0.7837083724836562,2.3064906766205526,0.78467786,-1.5829282,-40.628963,31.551228,21,2020-08-07,14.8975,0.0,82.9575,7.915,1.0,191.025,2020,8,7,80.0,0,Peru_4001.csv
2020-08-08,4001,86.0,77.0,11.0,14.0,2.0,12.0,0,0,3,3,5,5,11,11,1.2850844493438343,3.166624252118339,0.40412995,-1.3747703,18.463566,50.72513,21,2020-08-08,14.90625,0.0,83.7175,7.9799999999999995,1.0,181.05625,2020,8,8,86.0,0,Peru_4001.csv
2020-08-09,4001,87.0,52.0,7.0,14.0,2.0,12.0,2,2,3,3,5,5,11,11,-0.7799456583304347,2.084452198231055,0.58255994,-1.4283196,-38.207928,28.692001,21,2020-08-09,15.1025,0.0,84.68125,7.85125,1.0,181.50625,2020,8,9,87.0,0,Peru_4001.csv
2020-08-10,4001,66.0,45.0,5.0,13.0,5.0,12.0,2,2,1,1,1,1,3,3,-2.0224499673873475,-0.18776098190210525,1.228187,-2.3952596,-54.79321,22.616608,21,2020-08-10,15.0275,0.0,83.20875,8.15375,1.0,175.725,2020,8,10,66.0,0,Peru_4001.csv
2020-08-11,4001,58.0,52.0,5.0,13.0,2.2,12.0,2,2,1,1,1,1,3,3,-2.5501432845010803,-0.06392135293535452,1.0847929,-2.536215,-58.74777,23.95682,21,2020-08-11,14.52375,0.0,83.78125,9.43375,1.0,186.93625,2020,8,11,58.0,0,Peru_4001.csv
2020-08-12,4001,64.0,71.0,7.0,15.0,2.0,12.0,2,2,1,1,1,1,11,11,-0.8998211981728473,1.4451259793031035,0.75536937,-1.9384319,-52.51408,29.055164,21,2020-08-12,14.7125,0.0,82.835,9.2475,1.0,178.69875,2020,8,12,71.0,0,Peru_4001.csv
2020-08-13,4001,90.0,65.0,8.0,14.0,1.0,12.0,0,0,3,3,5,5,11,11,0.06306339653040798,3.0544145090425463,0.2447316,-1.2563261,19.435917,48.654507,21,2020-08-13,14.786249999999999,0.0,85.78,8.9475,1.0,194.35375,2020,8,13,90.0,0,Peru_4001.csv
2020-08-14,4001,71.0,68.0,9.0,14.0,2.0,12.0,2,2,1,1,5,5,11,11,-0.3126697072365965,1.6788989183997047,0.8875849,-1.8854903,-55.881374,27.254957,21,2020-08-14,14.96,0.0,85.4575,9.5725,1.0,201.5125,2020,8,14,71.0,0,Peru_4001.csv
2020-08-15,4001,82.0,65.0,10.0,14.0,2.0,12.0,0,0,3,3,5,5,11,11,0.265183867998793,2.3001353890793577,0.7396266,-1.5263562,-40.32828,31.326286,21,2020-08-15,14.50375,0.0,86.52625,9.27875,1.0,200.4275,2020,8,15,82.0,0,Peru_4001.csv
2020-08-16,4001,76.0,31.0,2.8,12.0,4.0,12.0,2,2,1,1,1,1,3,3,-2.8977999888440897,-0.0588221053264674,2.6019406,3.675224,-60.550148,11.439165,21,2020-08-16,14.7075,0.0,84.4725,10.00875,1.0,182.58375,2020,8,16,76.0,0,Peru_4001.csv
2020-08-17,4001,52.0,56.0,7.0,13.0,3.0,12.0,2,2,1,1,1,1,3,3,-2.0798983434177063,-0.4477293300356117,1.2203674,-2.5496778,-60.356174,24.419382,21,2020-08-17,14.57625,0.0,85.3175,8.81,1.0,188.46875,2020,8,17,56.0,0,Peru_4001.csv
2020-08-18,4001,71.0,54.0,6.0,14.0,3.2,12.0,2,2,1,1,1,1,11,11,-1.433981377391587,0.9002308460538174,1.0475878,-2.2658813,-54.26142,24.73217,21,2020-08-18,14.93,0.0,84.78625,10.7475,1.0,178.515,2020,8,18,71.0,0,Peru_4001.csv
2020-08-19,4001,73.0,56.0,7.0,14.0,1.8,12.0,2,2,1,1,1,1,11,11,-1.2830328196897558,1.2966177175015468,1.0016574,-2.0814507,-54.860332,25.078224,21,2020-08-19,14.87125,0.0,84.21625,10.555,1.0,196.1675,2020,8,19,73.0,0,Peru_4001.csv
2020-08-20,4001,71.0,50.0,7.0,13.0,3.0,12.0,2,2,1,1,1,1,11,11,-1.475865345251973,0.6269541221123971,1.1793563,-2.3038642,-55.770596,23.812069,21,2020-08-20,14.84625,0.0,84.53,8.7775,1.0,194.475,2020,8,20,71.0,0,Peru_4001.csv
2020-08-21,4001,63.0,55.0,5.0,13.0,2.0,12.0,2,2,1,1,1,1,11,11,-2.1893800691960945,0.4735979363202146,1.0231162,-2.504497,-58.013893,24.198751,21,2020-08-21,14.61,0.0,85.62625,10.133750000000001,1.0,190.78,2020,8,21,63.0,0,Peru_4001.csv
2020-08-22,4001,67.0,61.0,5.0,14.0,3.0,12.0,2,2,1,1,1,1,11,11,-1.5027068691163423,1.0114359991157156,0.95413226,-2.1544445,-53.010193,26.53057,21,2020-08-22,14.8625,0.0,84.36125,8.76375,1.0,185.34375,2020,8,22,67.0,0,Peru_4001.csv
2020-08-23,4001,74.0,36.0,1.0,12.0,5.0,12.0,2,2,1,1,1,1,3,3,-2.920094755219847,-0.03422010779658712,7.5128026,2.2797842,-59.69657,11.258073,21,2020-08-23,15.145,0.0,82.41125,9.07,1.0,177.53125,2020,8,23,74.0,0,Peru_4001.csv
2020-08-24,4001,61.0,58.0,6.0,14.0,2.0,12.0,2,2,1,1,1,1,11,11,-1.9249197789240184,0.5277064105249002,1.1025933,-2.376923,-57.93577,24.689032,21,2020-08-24,15.69125,0.0,80.42125,12.74875,1.0,165.61,2020,8,24,61.0,0,Peru_4001.csv
2020-08-25,4001,62.0,45.0,3.0,13.0,2.2,12.0,2,2,1,1,1,1,3,3,-3.1281567333906564,-0.0758906354377097,0.86012536,-2.7661426,-62.252827,18.17847,21,2020-08-25,15.165,0.0,84.145,12.6275,1.0,169.1575,2020,8,25,62.0,0,Peru_4001.csv
2020-08-26,4001,62.0,50.0,5.0,13.0,2.0,12.0,2,2,1,1,1,1,3,3,-2.497398166091366,0.15053356616004415,1.0714011,-2.5030742,-58.500507,23.716888,21,2020-08-26,15.20125,0.0,86.1925,10.06,1.0,201.11875,2020,8,26,62.0,0,Peru_4001.csv
2020-08-27,4001,64.0,43.0,5.0,13.0,1.0,12.0,2,2,1,1,1,1,3,3,-2.9453951554441717,0.07011687462806424,1.007391,-2.6042123,-63.044407,18.161573,21,2020-08-27,15.63625,0.0,84.87,9.96875,1.0,196.16125,2020,8,27,64.0,0,Peru_4001.csv
2020-08-28,4001,66.0,57.0,9.0,15.0,1.0,12.0,2,2,1,1,1,1,11,11,-1.3044904282827288,0.964378089043607,1.0771068,-2.1013412,-56.637146,25.819181,21,2020-08-28,15.49875,0.0,84.46875,10.32375,1.0,191.265,2020,8,28,66.0,0,Peru_4001.csv
2020-08-29,4001,75.0,36.0,7.0,14.0,1.0,12.0,2,2,1,1,1,1,3,3,-2.370424128313764,0.5393116194804491,0.63369733,-2.2226636,-66.999985,20.638935,21,2020-08-29,15.1925,0.0,85.37,10.6075,1.0,205.07375,2020,8,29,75.0,0,Peru_4001.csv
2020-08-30,4001,55.0,24.0,1.0,12.0,3.0,12.0,2,2,1,1,1,1,3,3,-4.820778582844821,-1.7598496998445248,-5.77501,0.51760715,-81.94561,-12.1418,21,2020-08-30,15.0475,0.0,86.44625,9.22875,1.0,203.26,2020,8,30,55.0,0,Peru_4001.csv
2020-08-31,4001,49.0,50.0,3.0,14.0,1.0,12.0,2,2,1,1,1,1,3,3,-3.7102986655661367,-0.5422725440803005,0.89302945,-3.058375,-77.41679,7.70964,21,2020-08-31,15.00375,0.0,87.14,10.77125,1.0,169.15375,2020,8,31,50.0,0,Peru_4001.csv
2020-09-01,4001,72.0,59.0,6.0,14.0,0.0,12.0,2,2,1,1,1,1,11,11,-1.7040567073946995,1.625642657940134,0.97360116,-2.1799006,-54.49867,25.272465,21,2020-09-01,14.84375,0.0,87.17625,13.13875,1.0,170.77,2020,9,1,72.0,0,Peru_4001.csv
2020-09-02,4001,85.0,54.0,6.0,14.0,2.0,13.0,2,2,3,3,5,5,11,11,-0.8875845337248334,1.9307657292924405,0.6043521,-1.5109227,-38.36118,28.617504,21,2020-09-02,14.65375,0.0,86.58,9.2975,1.0,229.6775,2020,9,2,85.0,0,Peru_4001.csv
2020-09-03,4001,70.0,62.0,8.0,15.0,1.0,12.0,2,2,1,1,1,1,11,11,-1.0554063237232263,1.5293211567024039,0.99298346,-2.028234,-56.058308,26.223637,21,2020-09-03,14.88625,0.0,83.30625,9.97125,1.0,190.72375,2020,9,3,70.0,0,Peru_4001.csv
2020-09-04,4001,79.0,57.0,8.0,15.0,3.0,12.0,2,2,1,1,5,5,11,11,-0.5201086764116969,1.6787306432531,0.76551473,-1.4646724,-39.179897,30.778513,21,2020-09-04,14.32625,0.0,82.88499999999999,8.70625,1.0,180.26500000000001,2020,9,4,79.0,0,Peru_4001.csv
2020-09-05,4001,67.0,68.0,10.0,15.0,3.0,12.0,2,2,1,1,4,4,11,11,-0.11984715852835638,1.312083394953554,0.9982832,-1.926504,-56.1401,27.206152,21,2020-09-05,14.605,0.0,81.51,8.1225,1.0,187.505,2020,9,5,68.0,0,Peru_4001.csv
2020-09-06,4001,79.0,48.0,3.0,13.0,5.0,12.0,2,2,1,1,1,1,11,11,-1.647022233961037,0.9531571946520908,0.74510723,-2.217481,-46.501617,21.797464,21,2020-09-06,14.945,0.0,84.4875,8.28875,1.0,197.09375,2020,9,6,79.0,0,Peru_4001.csv
2020-09-07,4001,74.0,66.0,11.6,12.0,1.0,12.0,0,0,3,3,4,4,11,11,0.07367444574160503,1.7109543419450672,0.91535807,-1.7086061,-40.769352,31.524237,21,2020-09-07,14.76125,0.0,84.29125,8.01,1.0,230.81125,2020,9,7,74.0,0,Peru_4001.csv
2020-09-08,4001,82.0,75.0,5.8,9.0,1.8,12.0,0,0,3,3,5,5,11,11,-0.11333986916911751,2.564393242033856,0.22577292,-1.7419926,-47.045464,32.17872,21,2020-09-08,15.50375,0.0,83.0625,8.0225,1.0,192.12375,2020,9,8,82.0,0,Peru_4001.csv
2020-09-09,4001,86.0,68.0,9.8,18.2,6.6,12.0,0,0,3,3,5,5,11,11,1.410207529437042,2.474080365648435,0.98433924,-0.4700167,35.712437,23.624598,21,2020-09-09,15.62375,0.0,82.1125,11.21125,1.0,177.39,2020,9,9,86.0,0,Peru_4001.csv
2020-09-10,4001,75.0,68.0,2.8,14.2,8.2,12.0,2,2,3,3,5,5,11,11,-0.26144715112019995,1.3566829021755684,0.72823113,-1.876432,-48.682835,26.622124,21,2020-09-10,15.02125,0.0,82.385,8.9225,1.0,200.5575,2020,9,10,75.0,0,Peru_4001.csv
2020-09-11,4001,80.0,59.0,10.0,15.0,2.0,12.0,0,0,3,3,5,5,11,11,-0.14156308063864315,1.9277336616004612,0.80010504,-1.4676201,-39.902412,31.13913,21,2020-09-11,14.695,0.0,83.50625,7.38875,1.0,220.7075,2020,9,11,80.0,0,Peru_4001.csv
2020-09-12,4001,67.0,51.0,4.0,15.0,3.0,12.0,2,2,1,1,1,1,11,11,-2.2244423554568256,0.6079825481520915,0.9374234,-2.3692336,-53.9614,23.541725,21,2020-09-12,14.81625,0.0,83.84375,7.77,1.0,199.06625,2020,9,12,67.0,0,Peru_4001.csv
2020-09-13,4001,67.0,49.0,1.0,13.0,6.0,12.0,2,2,1,1,1,1,3,3,-2.3998852876823076,0.058221254512323926,0.70279264,-2.4571986,-50.740833,22.78318,21,2020-09-13,15.43125,0.0,83.7125,9.24875,1.0,184.72875,2020,9,13,67.0,0,Peru_4001.csv
2020-09-14,4001,76.0,66.0,4.0,15.0,3.0,12.0,2,2,3,3,5,5,11,11,-1.0111838158018767,2.0115402010720054,0.6905154,-2.0520396,-51.293915,26.992683,21,2020-09-14,15.46875,0.0,83.4175,10.95,1.0,183.79125,2020,9,14,76.0,0,Peru_4001.csv
2020-09-15,4001,90.0,66.0,5.0,15.0,1.0,12.0,0,0,3,3,5,5,11,11,-0.4941460175794397,3.251828468643189,0.051649194,-1.2411324,20.221125,48.90645,21,2020-09-15,15.4725,0.0,82.5375,9.64375,1.0,183.31375,2020,9,15,90.0,0,Peru_4001.csv
2020-09-16,4001,93.0,57.0,8.0,15.0,2.0,12.0,0,0,3,3,5,5,11,11,-0.02595259047325063,2.8179815897214766,0.27556482,-1.2102593,19.104752,47.864784,21,2020-09-16,15.401250000000001,0.0,83.30125,10.1625,1.0,183.975,2020,9,16,93.0,0,Peru_4001.csv
2020-09-17,4001,80.0,51.0,7.0,14.0,2.0,12.0,2,2,1,1,1,1,11,11,-1.1693142079634544,1.5275594605951885,0.7441148,-1.4303871,-37.923447,29.14078,21,2020-09-17,15.135,0.0,83.61875,8.42125,1.0,203.29125,2020,9,17,80.0,0,Peru_4001.csv
2020-09-18,4001,67.0,61.0,9.0,15.0,3.0,12.0,2,2,1,1,1,1,11,11,-0.6871274233051158,0.9858413183111066,1.087012,-2.044606,-56.4748,26.428804,21,2020-09-18,15.56625,0.0,82.26125,7.96125,1.0,190.75,2020,9,18,67.0,0,Peru_4001.csv
2020-09-19,4001,72.0,70.0,7.0,16.0,2.0,12.0,2,2,3,3,5,5,11,11,-0.5647437226741199,2.0473354111606237,0.6543132,-1.9334724,-51.856148,29.030994,21,2020-09-19,16.075,0.0,82.32875,9.185,1.0,190.27125,2020,9,19,72.0,0,Peru_4001.csv
2020-09-20,4001,94.0,49.0,1.0,13.0,3.0,12.0,2,2,3,3,5,5,11,11,-1.6404282164227957,2.3900625373575917,0.031621605,-1.7838954,-30.486021,20.01862,21,2020-09-20,15.92,0.0,84.10875,11.815,1.0,169.07125,2020,9,20,94.0,0,Peru_4001.csv
2020-09-21,4001,67.0,41.0,5.0,14.0,1.0,12.0,2,2,1,1,1,1,3,3,-2.9032847226012994,0.2602218740346109,0.95538884,-2.5474715,-63.181396,18.3242,21,2020-09-21,15.6175,0.0,84.615,11.69875,1.0,178.35375,2020,9,21,67.0,0,Peru_4001.csv
2020-09-22,4001,59.0,59.0,7.0,15.0,2.0,12.0,2,2,1,1,1,1,11,11,-1.76438653063553,0.4815467286187464,1.1275781,-2.3302352,-58.040405,25.01203,21,2020-09-22,15.82375,0.0,82.86,10.02875,1.0,184.7125,2020,9,22,59.0,0,Peru_4001.csv
2020-09-23,4001,71.0,56.0,5.0,15.0,4.0,12.0,2,2,1,1,1,1,11,11,-1.3876318999252066,0.9977992895403203,0.8906799,-2.1735086,-53.009037,25.441898,21,2020-09-23,15.735,0.0,83.2525,9.43875,1.0,188.40125,2020,9,23,71.0,0,Peru_4001.csv
2020-09-24,4001,56.0,70.0,4.0,15.0,4.0,12.0,2,2,1,1,1,1,11,11,-1.5866903369879417,0.6384610000466336,0.930291,-2.1206765,-53.844303,28.621754,21,2020-09-24,16.01375,0.0,79.98875,10.975,1.0,174.88,2020,9,24,70.0,0,Peru_4001.csv
2020-09-25,4001,77.0,64.0,3.0,15.0,4.0,12.0,2,2,3,3,1,1,11,11,-1.0897919023685265,1.8826290913056274,0.6914747,-2.0501342,-51.079582,26.655914,21,2020-09-25,15.82375,0.0,81.91125,13.07375,1.0,169.56625,2020,9,25,77.0,0,Peru_4001.csv
2020-09-26,4001,71.0,64.0,4.0,16.0,3.0,12.0,2,2,1,1,1,1,11,11,-1.3546790867793173,1.622492448268402,0.73112136,-2.0528877,-51.804356,26.957758,21,2020-09-26,15.981250000000001,0.0,83.04375,11.90875,1.0,180.3275,2020,9,26,71.0,0,Peru_4001.csv
2020-09-27,4001,72.0,66.0,4.0,15.0,8.0,12.0,2,2,1,1,1,1,11,11,-0.3007157296383213,1.0932961456394223,0.794896,-1.8728726,-48.77196,26.904886,21,2020-09-27,15.98625,0.0,82.27375,9.48,1.0,197.00125,2020,9,27,72.0,0,Peru_4001.csv
2020-09-28,4001,77.0,64.0,2.0,15.0,4.0,12.0,2,2,1,1,1,1,11,11,-1.2933277440005155,1.907325502862761,0.6836714,-2.033457,-50.983845,26.574522,21,2020-09-28,15.88625,0.0,83.37625,8.55375,1.0,210.615,2020,9,28,77.0,0,Peru_4001.csv
2020-09-29,4001,71.0,62.0,4.0,13.0,3.0,12.0,2,2,1,1,1,1,11,11,-1.4629118022934344,1.3026519295650927,0.73796475,-2.125195,-52.05153,26.485107,21,2020-09-29,16.2375,0.0,81.65,9.96875,1.0,188.84125,2020,9,29,71.0,0,Peru_4001.csv
2020-09-30,4001,67.0,59.0,4.0,14.0,6.0,12.0,2,2,1,1,1,1,11,11,-1.2682072522330674,0.5586636087207698,0.95216644,-2.1277785,-52.963852,26.832521,21,2020-09-30,16.4275,0.0,81.33875,11.7825,1.0,178.51625,2020,9,30,67.0,0,Peru_4001.csv
2020-10-01,4001,67.0,64.0,4.0,14.0,5.0,12.0,2,2,1,1,1,1,11,11,-1.1890440645699085,0.9350673926269544,0.8506897,-2.0686576,-52.61933,27.105814,21,2020-10-01,16.5025,0.0,84.1825,11.55,1.0,179.57125000000002,2020,10,1,67.0,0,Peru_4001.csv
2020-10-02,4001,72.0,64.0,4.0,15.0,4.0,12.0,2,2,1,1,1,1,11,11,-1.1272594238898068,1.4959622763759632,0.74571717,-2.0578783,-51.639233,26.898603,21,2020-10-02,16.075,0.0,86.61375,10.76375,1.0,201.90125,2020,10,2,72.0,0,Peru_4001.csv
2020-10-03,4001,78.0,56.0,9.0,16.0,3.0,12.0,2,2,1,1,4,4,11,11,-0.41530153780522344,1.604696921140376,0.77212197,-1.4144189,-39.27279,30.97134,21,2020-10-03,16.4725,0.0,84.2875,10.42625,1.0,186.0625,2020,10,3,78.0,0,Peru_4001.csv
2020-10-04,4001,72.0,57.0,5.0,14.0,4.0,12.0,2,2,1,1,1,1,11,11,-1.2889028986637552,1.0471367476804703,0.83597475,-2.1636093,-52.861393,25.579124,21,2020-10-04,15.84125,0.0,82.9375,8.365,1.0,231.91,2020,10,4,72.0,0,Peru_4001.csv
2020-10-05,4001,71.0,37.0,2.0,13.0,5.0,13.0,2,2,1,1,1,1,3,3,-2.719390444385854,-0.2866365973990411,7.506302,2.281472,-59.70367,11.25911,21,2020-10-05,16.02625,0.0,82.30250000000001,7.2025,1.0,250.5675,2020,10,5,71.0,0,Peru_4001.csv
2020-10-06,4001,43.0,53.0,5.0,14.0,10.0,12.0,2,2,1,1,1,1,3,3,-1.8106527939463395,-2.007229697048325,1.4360319,-2.365163,-35.569756,-22.46645,21,2020-10-06,16.87625,0.0,79.775,7.612500000000001,1.0,204.69125,2020,10,6,53.0,0,Peru_4001.csv
2020-10-07,4001,59.0,66.0,7.0,15.0,8.0,12.0,2,2,1,1,1,1,11,11,-0.31671714589714595,0.07808377216946216,1.1077529,-2.0246806,-48.58041,28.773449,21,2020-10-07,17.216250000000002,0.0,80.5625,8.85,1.0,179.53,2020,10,7,66.0,0,Peru_4001.csv
2020-10-08,4001,72.0,72.0,6.0,16.0,10.0,13.0,0,0,3,3,5,5,11,11,0.869252650630109,1.0325688950416478,0.72420967,-1.8017306,-48.03063,27.912733,21,2020-10-08,17.24375,0.0,80.49,8.85125,1.0,211.095,2020,10,8,72.0,0,Peru_4001.csv
2020-10-09,4001,84.0,74.0,5.0,15.0,3.0,12.0,0,0,3,3,5,5,11,11,-0.006334187477523286,2.967069199317847,0.18597968,-1.5583783,19.684925,51.78212,21,2020-10-09,16.92125,0.0,81.6,7.65,1.0,214.365,2020,10,9,84.0,0,Peru_4001.csv
2020-10-10,4001,81.0,78.0,5.0,16.0,4.0,12.0,0,0,3,3,5,5,11,11,0.23900691901076385,2.8978804754229355,0.20260945,-1.5972558,19.677708,52.09971,21,2020-10-10,17.0,0.0,80.785,8.81625,1.0,195.61,2020,10,10,81.0,0,Peru_4001.csv
2020-10-11,4001,73.0,65.0,3.0,15.0,8.0,12.0,2,2,1,1,1,1,11,11,-0.5080145734973371,1.1402525845762717,0.75983167,-1.8990527,-48.76184,26.650616,21,2020-10-11,18.2175,0.0,76.95375,9.725,1.0,182.71375,2020,10,11,73.0,0,Peru_4001.csv
2020-10-12,4001,70.0,70.0,4.0,16.0,3.0,12.0,2,2,1,1,1,1,11,11,-1.091099054793104,1.8509027321239995,0.7132903,-2.0093944,-51.729107,27.881334,21,2020-10-12,17.23125,0.0,82.11,10.0875,1.0,180.23,2020,10,12,70.0,0,Peru_4001.csv
2020-10-13,4001,75.0,65.0,5.0,16.0,4.0,12.0,2,2,3,3,5,5,11,11,-0.7257225115150361,1.8117731156638197,0.7040077,-2.0331223,-51.292294,27.061161,21,2020-10-13,17.4025,0.0,80.48375,12.01625,1.0,178.18,2020,10,13,75.0,0,Peru_4001.csv
2020-10-14,4001,73.0,61.0,3.0,15.0,3.0,12.0,2,2,1,1,1,1,11,11,-1.619139348967209,1.5683841378818701,0.727669,-2.0891585,-51.661106,26.277395,21,2020-10-14,16.64375,0.0,82.13125,10.64125,1.0,193.19875,2020,10,14,73.0,0,Peru_4001.csv
2020-10-15,4001,66.0,70.0,7.0,16.0,7.0,12.0,2,2,1,1,1,1,11,11,0.049322976645700595,0.9843030796879954,0.88115335,-1.8544067,-48.741695,28.59545,21,2020-10-15,17.4325,0.0,78.4575,10.89,1.0,182.95875,2020,10,15,70.0,0,Peru_4001.csv
2020-10-16,4001,72.0,67.0,4.0,16.0,5.0,12.0,2,2,1,1,1,1,11,11,-0.7892794766527994,1.5938217589704788,0.7027087,-2.0028732,-51.260292,27.22361,21,2020-10-16,17.235,0.0,79.75625,11.05375,1.0,187.57999999999998,2020,10,16,72.0,0,Peru_4001.csv
2020-10-17,4001,76.0,59.0,4.0,15.0,5.0,12.0,2,2,1,1,1,1,11,11,-1.013619618963841,1.4091348588325934,0.72416013,-2.0282145,-51.05905,26.174322,21,2020-10-17,17.03,0.0,81.8175,11.08875,1.0,182.6875,2020,10,17,76.0,0,Peru_4001.csv
2020-10-18,4001,63.0,35.0,2.0,14.0,6.0,12.0,2,2,1,1,1,1,3,3,-3.1152053970932068,-0.8847375756634465,7.530839,2.2964134,-71.86026,-10.729362,21,2020-10-18,16.55,0.0,81.23125,9.70875,1.0,196.74875,2020,10,18,63.0,0,Peru_4001.csv
2020-10-19,4001,53.0,68.0,5.0,16.0,6.0,12.0,2,2,1,1,1,1,11,11,-1.2689397112065506,0.11803806221268984,0.99801326,-2.104774,-54.066833,28.52141,21,2020-10-19,16.63875,0.0,81.01,11.93875,1.0,180.5825,2020,10,19,68.0,0,Peru_4001.csv
2020-10-20,4001,72.0,66.0,6.0,16.0,7.0,12.0,2,2,1,1,1,1,11,11,-0.07286258613997279,1.2428276934967404,0.82817686,-1.9095489,-48.953968,27.667624,21,2020-10-20,16.8825,0.0,81.17,8.594999999999999,1.0,216.765,2020,10,20,72.0,0,Peru_4001.csv
2020-10-21,4001,70.0,75.0,7.0,17.0,0.0,12.0,0,0,3,3,5,5,11,11,-0.7612009118636189,2.4778754103096325,0.6969066,-1.9392114,-51.97534,29.242655,21,2020-10-21,17.64375,0.0,79.84875,10.21,1.0,185.5,2020,10,21,75.0,0,Peru_4001.csv
2020-10-22,4001,68.0,67.0,5.0,15.0,2.2,12.0,2,2,1,1,1,1,11,11,-1.285813409627325,1.5584121502493433,0.7308155,-1.9732856,-52.16454,28.17779,21,2020-10-22,17.3225,0.0,80.80125,10.5075,1.0,192.49,2020,10,22,68.0,0,Peru_4001.csv
2020-10-23,4001,64.0,68.0,6.0,15.0,0.0,12.0,2,2,1,1,1,1,11,11,-1.6205560827419336,1.5708872416743824,0.6973287,-1.9338293,-52.565723,28.983833,21,2020-10-23,16.5625,0.0,82.23625,10.495,1.0,196.49,2020,10,23,68.0,0,Peru_4001.csv
2020-10-24,4001,74.0,57.0,3.0,15.0,2.2,12.0,2,2,1,1,1,1,11,11,-1.9233159248483775,1.540828867315674,0.732066,-2.1828458,-51.943237,25.393768,21,2020-10-24,16.73375,0.0,81.69875,8.12375,1.0,221.07375,2020,10,24,74.0,0,Peru_4001.csv
2020-10-25,4001,59.0,57.0,4.0,14.0,4.2,12.0,2,2,1,1,1,1,3,3,-2.0829176102577716,0.10556305081917118,1.0843133,-2.2724257,-54.380386,27.320265,21,2020-10-25,17.17625,0.0,79.64125,10.34125,1.0,185.35,2020,10,25,59.0,0,Peru_4001.csv
2020-10-26,4001,69.0,69.0,6.0,16.0,1.0,12.0,2,2,1,1,1,1,11,11,-1.1454995586430472,1.930448972349226,0.6790098,-1.8958967,-52.144566,28.906172,21,2020-10-26,18.0475,0.0,79.24375,10.04375,1.0,190.9625,2020,10,26,69.0,0,Peru_4001.csv
2020-10-27,4001,69.0,58.0,5.0,16.0,1.2,12.0,2,2,1,1,1,1,11,11,-1.8845029508142999,1.3785240081720829,0.91120386,-2.1797035,-53.73669,25.360611,21,2020-10-27,17.68,0.0,80.31875,11.0375,1.0,187.63625,2020,10,27,69.0,0,Peru_4001.csv
2020-10-28,4001,61.0,62.0,5.0,14.0,6.0,12.0,2,2,1,1,1,1,11,11,-1.1979851923295988,0.2500048176242253,1.062719,-2.151661,-53.822098,27.550505,21,2020-10-28,17.66375,0.0,79.4275,11.68375,1.0,180.91125,2020,10,28,62.0,0,Peru_4001.csv
2020-10-29,4001,60.0,72.0,4.0,15.0,2.8,12.0,2,2,1,1,1,1,11,11,-1.5067453756887201,1.1791858067599168,0.73093253,-2.0427942,-53.448692,28.801424,21,2020-10-29,17.5775,0.0,80.6925,11.4925,1.0,196.62625,2020,10,29,72.0,0,Peru_4001.csv
2020-10-30,4001,76.0,74.0,6.0,15.0,2.4,12.0,0,0,3,3,5,5,11,11,-0.29679640912122385,2.4386601356385276,0.5352606,-1.8337842,-51.34235,29.08494,21,2020-10-30,17.72375,0.0,81.9375,10.23125,1.0,193.9,2020,10,30,76.0,0,Peru_4001.csv
2020-10-31,4001,78.0,70.0,6.0,15.0,0.6,12.0,0,0,3,3,5,5,11,11,-0.7334264600137894,2.6092325186017233,0.5725584,-1.9024334,-51.297333,29.034771,21,2020-10-31,17.455,0.0,81.0,11.29125,1.0,177.245,2020,10,31,78.0,0,Peru_4001.csv
2020-11-01,4001,81.0,38.0,3.0,14.0,1.0,12.0,2,2,1,1,1,1,3,3,-2.7914369639280223,1.172729793744247,0.45780715,-2.3077922,-67.37486,20.01356,21,2020-11-01,16.5775,0.0,83.33875,9.78875,1.0,183.93375,2020,11,1,81.0,0,Peru_4001.csv
2020-11-02,4001,54.0,53.0,3.0,14.0,1.2,12.0,2,2,1,1,1,1,3,3,-3.277273881746399,-0.055046700895208495,0.8433693,-2.9007692,-77.29687,8.32224,21,2020-11-02,16.55125,0.0,82.115,11.22875,1.0,206.0675,2020,11,2,54.0,0,Peru_4001.csv
2020-11-03,4001,66.0,72.0,6.0,16.0,1.0,12.0,2,2,1,1,1,1,11,11,-1.1342112317896282,1.8636689014474739,0.65164673,-1.9616445,-52.298832,29.038393,21,2020-11-03,17.27375,0.0,78.2025,9.72375,1.0,182.75,2020,11,3,72.0,0,Peru_4001.csv
2020-11-04,4001,84.0,65.0,4.0,15.0,7.0,12.0,0,0,3,3,5,5,11,11,0.04507540631471307,2.037624833151462,0.46437365,-1.6823266,-48.707798,26.058533,21,2020-11-04,16.965,0.0,79.6025,10.815000000000001,1.0,189.17125,2020,11,4,84.0,0,Peru_4001.csv
2020-11-05,4001,79.0,60.0,4.0,15.0,10.6,12.0,2,2,3,3,5,5,11,11,0.19460952173887622,0.9723433269961249,0.7927806,-1.8193445,-47.74933,25.936123,21,2020-11-05,16.425,0.0,79.32875,10.91625,1.0,193.4325,2020,11,5,79.0,0,Peru_4001.csv
2020-11-06,4001,78.0,63.0,5.0,15.0,3.0,12.0,2,2,3,3,5,5,11,11,-0.8671366513528628,1.9812299872997634,0.71500736,-2.0636544,-51.27328,26.776829,21,2020-11-06,16.41375,0.0,80.70875,10.49125,1.0,180.63875,2020,11,6,78.0,0,Peru_4001.csv
2020-11-07,4001,75.0,58.0,5.0,16.0,2.0,12.0,2,2,1,1,1,1,11,11,-1.4507752158686746,1.7123017301072805,0.8844638,-2.1221645,-52.71074,25.4386,21,2020-11-07,16.51875,0.0,77.28999999999999,10.41375,1.0,171.845,2020,11,7,75.0,0,Peru_4001.csv
2020-11-08,4001,64.0,52.0,4.0,15.0,4.8,12.0,2,2,1,1,1,1,3,3,-1.9919034474961352,0.21461395644852968,1.0451803,-2.3438866,-54.1137,23.384031,21,2020-11-08,16.87625,0.0,74.0575,12.8375,1.0,159.98,2020,11,8,64.0,0,Peru_4001.csv
2020-11-09,4001,73.0,54.0,3.0,15.0,123.0,12.0,1,1,0,0,0,0,5,5,19.69562024650669,-13.870579494571574,6.6895866,-3.7145119,75.568085,-60.06777,21,2020-11-09,16.8675,0.0,75.56375,10.30625,1.0,172.37875,2020,11,9,123.0,0,Peru_4001.csv
2020-11-10,4001,67.0,62.0,4.0,16.0,13.0,12.0,2,2,1,1,1,1,11,11,0.15513311479945813,-0.02468745085282264,1.3266262,-1.8972143,-39.339767,-15.5396185,21,2020-11-10,17.1325,0.0,78.63499999999999,9.69625,1.0,184.52125,2020,11,10,67.0,0,Peru_4001.csv
2020-11-11,4001,69.0,68.0,7.0,17.0,12.0,12.0,2,2,1,1,5,5,11,11,0.9947045345006181,0.5457404055469363,1.0887386,-1.8338512,-47.896816,28.128592,21,2020-11-11,17.21375,0.0,77.4325,9.4,1.0,183.68875,2020,11,11,69.0,0,Peru_4001.csv
2020-11-12,4001,83.0,71.0,7.0,17.0,10.0,12.0,0,0,3,3,5,5,11,11,1.4640968248240487,1.9611271367091234,0.50005186,-1.4763957,19.901197,54.485123,21,2020-11-12,17.845,0.0,77.895,11.6975,1.0,175.4125,2020,11,12,83.0,0,Peru_4001.csv
2020-11-13,4001,86.0,69.0,10.0,3.0,15.0,1.0,0,0,3,3,5,5,11,11,2.0264687925236733,1.8231032137802896,2.1679714,-0.2354753,47.980633,11.125295,21,2020-11-13,17.77625,0.0,79.67125,13.57,1.0,173.39125,2020,11,13,86.0,0,Peru_4001.csv
2020-11-14,4001,85.0,52.0,7.0,1.0,14.0,9.6,2,2,1,1,4,4,9,9,1.0607529362506767,-0.19934852963105723,1.5079567,-1.1325973,9.169642,-9.672197,21,2020-11-14,17.98625,0.0,79.365,13.63125,1.0,177.89125,2020,11,14,85.0,0,Peru_4001.csv
2020-11-15,4001,69.0,53.0,9.0,1.0,13.0,13.2,2,2,1,1,4,4,9,9,0.8860606638472656,-1.7130851212422082,2.9225965,-2.0232847,0.8909017,-50.6544,21,2020-11-15,17.80625,0.0,77.58,12.12,1.0,172.97875,2020,11,15,69.0,0,Peru_4001.csv
2020-11-16,4001,78.0,65.0,12.0,2.0,3.0,1.0,2,2,1,1,4,4,11,11,-0.329204470932004,2.4296331115901144,1.8989644,1.6654283,2.0623007,29.091448,21,2020-11-16,17.67,0.0,79.17625,11.51375,1.0,186.51125,2020,11,16,78.0,0,Peru_4001.csv
2020-11-17,4001,76.0,60.0,10.0,1.0,6.0,11.6,2,2,1,1,4,4,11,11,0.3847719568911435,0.2142308370005382,1.2925255,-1.9734925,-49.80578,18.31112,21,2020-11-17,17.6325,0.0,80.63625,12.46125,1.0,181.04749999999999,2020,11,17,76.0,0,Peru_4001.csv
2020-11-18,4001,66.0,78.0,10.0,6.4,9.0,8.6,0,0,1,1,4,4,11,11,1.122705000045404,0.8123209659740797,1.8847771,0.22959714,37.940144,9.0194235,21,2020-11-18,17.69,0.0,79.46,11.38,1.0,202.35500000000002,2020,11,18,78.0,0,Peru_4001.csv
2020-11-19,4001,65.0,69.0,4.4,3.0,3.8,1.0,2,2,1,1,1,1,11,11,-2.148875357734511,1.849342511700241,2.5529096,1.8786014,-4.2907763,33.376225,21,2020-11-19,18.5075,0.0,78.01625,8.99625,1.0,201.065,2020,11,19,69.0,0,Peru_4001.csv
2020-11-20,4001,93.0,66.0,12.0,2.0,9.0,1.0,0,0,3,3,5,5,11,11,1.5296951052531746,2.8112773707732788,1.5841249,0.06441942,41.914536,22.536314,21,2020-11-20,18.05875,0.0,80.0875,11.8425,1.0,177.405,2020,11,20,93.0,0,Peru_4001.csv
2020-11-21,4001,76.0,65.0,11.0,2.0,2.0,1.0,2,2,1,1,4,4,11,11,-0.8097961851101512,2.43527484810351,1.9593123,1.6741135,2.0526428,29.136784,21,2020-11-21,17.28375,0.0,82.7075,11.395,1.0,191.23,2020,11,21,76.0,0,Peru_4001.csv
2020-11-22,4001,62.0,55.0,12.0,1.0,3.0,22.2,2,2,1,1,1,1,4,4,0.25199383277646414,-2.141093995441097,2.8767347,-3.410173,2.00902,-57.70416,21,2020-11-22,17.22125,0.0,82.11625,8.8275,1.0,237.065,2020,11,22,62.0,0,Peru_4001.csv
2020-11-23,4001,76.0,67.0,10.0,9.0,9.0,6.4,0,0,3,3,4,4,11,11,0.8424281434653228,1.4695814910893856,1.9473035,0.28620735,37.73956,12.115063,21,2020-11-23,17.12375,0.0,80.29625,8.99375,1.0,191.79,2020,11,23,76.0,0,Peru_4001.csv
2020-11-24,4001,57.0,70.0,10.0,6.8,20.0,1.0,2,2,1,1,4,4,9,9,1.5893361011965201,-0.5767342202204502,4.8936486,0.49005887,-17.422794,-44.152916,21,2020-11-24,17.34375,0.0,81.0375,11.28375,1.0,198.15125,2020,11,24,70.0,0,Peru_4001.csv
2020-11-25,4001,85.0,70.0,11.0,1.0,1.0,1.0,0,0,3,3,5,5,11,11,-0.2982617972010645,3.390034818467607,1.6761957,1.5097861,3.4378047,27.93472,21,2020-11-25,17.1875,0.0,81.79124999999999,9.33875,1.0,208.9325,2020,11,25,85.0,0,Peru_4001.csv
2020-11-26,4001,66.0,79.0,8.0,2.0,1.0,1.0,2,2,1,1,1,1,11,11,-1.3555772624945317,2.613033310697446,-1.017489,-1.9892789,20.73953,68.448616,21,2020-11-26,17.61875,0.0,81.07625,7.83875,1.0,244.5975,2020,11,26,79.0,0,Peru_4001.csv
2020-11-27,4001,84.0,108.0,15.0,2.0,18.0,3.0,0,0,3,3,5,5,11,11,5.691593444726621,2.791944489641035,-1.4369906,-1.6698154,22.03869,79.65008,21,2020-11-27,19.03,0.0,74.74,7.97625,1.0,210.84875,2020,11,27,108.0,0,Peru_4001.csv
2020-11-28,4001,98.0,67.0,10.0,1.0,13.0,1.0,0,0,3,3,5,5,11,11,2.1367718348069054,2.6966498733557316,1.7815439,-0.34486148,52.40743,17.725735,21,2020-11-28,19.22375,0.0,75.21,10.78875,1.0,189.3125,2020,11,28,98.0,0,Peru_4001.csv
2020-11-29,4001,69.0,50.0,6.0,8.6,8.0,1.0,2,2,1,1,1,1,3,3,-1.8509355786454098,1.0286451935379546,2.9194863,1.8111308,-46.22955,12.351089,21,2020-11-29,18.715,0.0,78.995,11.33375,1.0,179.94,2020,11,29,69.0,0,Peru_4001.csv
2020-11-30,4001,66.0,82.0,9.0,14.2,6.0,15.2,0,0,3,3,5,5,11,11,1.1795084942720415,1.1021484774551633,0.14277184,-1.8501034,-45.53996,34.616875,21,2020-11-30,18.40625,0.0,82.27125000000001,10.47625,1.0,187.885,2020,11,30,82.0,0,Peru_4001.csv
2020-12-01,4001,80.0,69.0,10.0,1.0,4.0,1.0,0,0,3,3,5,5,11,11,-0.25280228477146,2.625425999294062,1.7810764,1.5649307,2.6346765,28.699968,21,2020-12-01,19.0575,0.0,81.32875,9.69375,1.0,186.23000000000002,2020,12,1,80.0,0,Peru_4001.csv
2020-12-02,4001,83.0,35.4,7.8,8.6,15.4,19.0,2,2,1,1,4,4,9,9,1.3591045483666675,-2.0742058080409382,3.4944026,-2.5638177,26.958143,-71.94093,21,2020-12-02,18.97,0.0,81.82375,11.80625,1.0,185.7275,2020,12,2,83.0,0,Peru_4001.csv
2020-12-03,4001,76.26329315845445,39.0951871657754,11.939310035171744,12.942866095675788,8.522758485383559,9.978580024067387,2,2,1,1,4,4,9,9,0.03549621024003731,-0.08868490030010638,18.57706,0.349338,-13.194237,61.20619,21,2020-12-03,18.7375,0.0,80.75375,11.86625,1.0,185.1475,2020,12,3,76.26329315845445,0,Peru_4001.csv
2020-12-04,4001,76.26329315845445,39.0951871657754,11.939310035171744,12.942866095675788,8.522758485383559,9.978580024067387,2,2,1,1,4,4,9,9,0.03549621024003731,-0.08868490030010638,18.319685,0.41688463,-13.194237,61.20619,21,2020-12-04,18.915,0.0,81.14375,11.004999999999999,1.0,190.57625000000002,2020,12,4,76.26329315845445,0,Peru_4001.csv
2020-12-05,4001,76.26329315845445,39.0951871657754,11.939310035171744,12.942866095675788,8.522758485383559,9.978580024067387,2,2,1,1,4,4,9,9,0.03549621024003731,-0.08868490030010638,18.342447,-0.30650732,-13.194237,61.20619,21,2020-12-05,18.97875,0.0,81.71375,10.22625,1.0,196.7125,2020,12,5,76.26329315845445,0,Peru_4001.csv
2020-12-06,4001,76.26329315845445,39.0951871657754,11.939310035171744,12.942866095675788,8.522758485383559,9.978580024067387,2,2,1,1,4,4,9,9,0.03549621024003731,-0.08868490030010638,18.915749,0.31323135,-13.194237,61.20619,21,2020-12-06,19.20625,0.0,82.3175,10.7825,1.0,194.15,2020,12,6,76.26329315845445,0,Peru_4001.csv
2020-12-07,4001,76.26329315845445,39.0951871657754,11.939310035171744,12.942866095675788,8.522758485383559,9.978580024067387,2,2,1,1,4,4,9,9,0.03549621024003731,-0.08868490030010638,18.378548,0.38901708,-13.194237,61.20619,21,2020-12-07,18.775,0.0,81.73,10.7375,1.0,186.03125,2020,12,7,76.26329315845445,0,Peru_4001.csv
2020-12-08,4001,76.26329315845445,39.0951871657754,11.939310035171744,12.942866095675788,8.522758485383559,9.978580024067387,2,2,1,1,4,4,9,9,0.03549621024003731,-0.08868490030010638,18.769707,-0.52643174,-13.194237,61.20619,21,2020-12-08,18.71875,0.0,85.985,9.82375,1.0,184.25,2020,12,8,76.26329315845445,0,Peru_4001.csv
2020-12-09,4001,76.26329315845445,39.0951871657754,11.939310035171744,12.942866095675788,8.522758485383559,9.978580024067387,2,2,1,1,4,4,9,9,0.03549621024003731,-0.08868490030010638,19.145267,0.5801629,-13.194237,61.20619,21,2020-12-09,18.83125,0.0,86.69875,9.855,1.0,185.77,2020,12,9,76.26329315845445,0,Peru_4001.csv
2020-12-10,4001,76.26329315845445,39.0951871657754,11.939310035171744,12.942866095675788,8.522758485383559,9.978580024067387,2,2,1,1,4,4,9,9,0.03549621024003731,-0.08868490030010638,18.630625,-0.43577757,-13.194237,61.20619,21,2020-12-10,19.03875,0.0,86.03625,8.80125,1.0,195.04125,2020,12,10,76.26329315845445,0,Peru_4001.csv
2020-12-11,4001,101.2,57.0,13.0,3.0,6.0,1.0,0,0,3,3,5,5,11,11,1.1202786141329844,3.379397502018561,0.059929326,0.8272626,43.470745,24.713736,21,2020-12-11,19.28375,0.0,81.86,11.1225,1.0,178.03125,2020,12,11,101.2,0,Peru_4001.csv
2020-12-12,4001,93.0,57.0,9.0,1.0,2.0,1.0,0,0,3,3,5,5,11,11,-0.8145988199123273,3.241104041314273,1.3562075,1.9587979,0.7136596,22.55325,21,2020-12-12,19.3275,0.0,81.99875,10.23,1.0,194.8175,2020,12,12,93.0,0,Peru_4001.csv
2020-12-13,4001,69.0,48.0,7.0,12.6,3.0,13.4,2,2,1,1,1,1,11,11,-1.553047494757788,0.16521360750208336,1.2791961,-2.4143004,-56.017994,23.45368,21,2020-12-13,19.314999999999998,0.0,82.52,10.91375,1.0,198.42624999999998,2020,12,13,69.0,0,Peru_4001.csv
2020-12-14,4001,67.0,61.0,7.0,5.8,2.0,1.0,2,2,1,1,1,1,11,11,-2.2601467196087484,1.9601023786921163,2.3446815,1.9109795,-2.7756622,31.266956,21,2020-12-14,19.3325,0.0,81.86,11.425,1.0,187.4675,2020,12,14,67.0,0,Peru_4001.csv
2020-12-15,4001,75.0,52.0,7.0,2.0,2.0,1.0,2,2,1,1,1,1,11,11,-2.347666095539714,1.8099235154918634,2.0593843,2.2372952,-3.4023983,27.785988,21,2020-12-15,19.67,0.0,81.73875,9.0425,1.0,197.71875,2020,12,15,75.0,0,Peru_4001.csv
2020-12-16,4001,61.0,70.0,7.0,6.0,1.0,2.0,2,2,1,1,1,1,11,11,-2.1736754531632725,1.9834531907995776,2.510918,1.8430104,-2.8501453,34.039597,21,2020-12-16,19.95,0.0,77.66,10.37,1.0,181.95875,2020,12,16,70.0,0,Peru_4001.csv
2020-12-17,4001,84.0,68.0,9.0,2.0,3.0,1.0,0,0,3,3,5,5,11,11,-0.49471778178771486,3.0884890534456435,1.6687928,1.5194896,3.4596972,27.770388,21,2020-12-17,20.30375,0.0,74.25,11.1625,1.0,178.72875,2020,12,17,84.0,0,Peru_4001.csv
2020-12-18,4001,75.0,53.0,6.0,1.0,2.0,1.0,2,2,1,1,1,1,11,11,-2.5006739290475726,1.8115630700747114,2.0516257,2.2203646,-3.441429,27.838072,21,2020-12-18,19.77125,0.0,79.695,10.99,1.0,184.36,2020,12,18,75.0,0,Peru_4001.csv
2020-12-19,4001,72.0,62.0,8.0,4.0,2.0,1.0,2,2,1,1,1,1,11,11,-1.7662271466112598,2.215767020377629,2.2179916,1.9072378,-2.2669182,30.0611,21,2020-12-19,19.52875,0.0,83.62875,10.3225,1.0,193.9575,2020,12,19,72.0,0,Peru_4001.csv
2020-12-20,4001,70.0,62.0,7.0,1.0,9.0,1.0,2,2,1,1,1,1,11,11,-0.8058909506831854,0.9959680502096143,2.816916,1.5155479,-0.05102901,-4.030327,21,2020-12-20,20.04125,0.0,82.025,10.9025,1.0,202.59875,2020,12,20,70.0,0,Peru_4001.csv
2020-12-21,4001,84.0,52.0,6.0,1.0,2.0,4.2,2,2,1,1,1,1,11,11,-1.836041416370022,1.9846151791940416,1.6236658,2.3172479,-3.4128592,22.919872,21,2020-12-21,19.87625,0.0,80.77125,11.28375,1.0,189.43875,2020,12,21,84.0,0,Peru_4001.csv
2020-12-22,4001,50.0,57.0,9.0,2.0,2.0,1.0,2,2,1,1,1,1,3,3,-2.885794906103367,0.20134854618169412,3.438232,2.5773149,-21.590214,-16.310246,21,2020-12-22,19.6475,0.0,80.74375,13.0125,1.0,173.4575,2020,12,22,57.0,0,Peru_4001.csv
2020-12-23,4001,91.0,57.0,6.0,1.0,1.0,1.0,2,2,3,3,5,5,11,11,-1.702262552740177,3.2961385547494784,1.3693486,1.9510415,-0.329,22.23885,21,2020-12-23,19.72,0.0,80.54125,12.0375,1.0,186.31,2020,12,23,91.0,0,Peru_4001.csv
2020-12-24,4001,70.0,60.0,9.0,2.0,3.0,14.8,2,2,1,1,1,1,11,11,-0.3657063592569718,-0.17340679651130977,0.9486715,-2.1421885,-50.4711,18.43007,21,2020-12-24,19.455,0.0,80.635,12.50125,1.0,185.49,2020,12,24,70.0,0,Peru_4001.csv
2020-12-25,4001,79.0,31.0,3.0,24.0,8.0,10.2,2,2,1,1,1,1,3,3,-2.13171975534947,0.7697294815090946,0.6679522,-0.5023302,-29.017265,26.515505,21,2020-12-25,19.99625,0.0,78.51125,11.54,1.0,177.685,2020,12,25,79.0,0,Peru_4001.csv
2020-12-26,4001,66.0,57.0,10.0,2.0,6.0,1.0,2,2,1,1,1,1,11,11,-1.1884304313653264,0.832023642294547,2.9222374,2.1485727,-20.756279,-13.444674,21,2020-12-26,20.57125,0.0,77.43125,10.64875,1.0,175.74875,2020,12,26,66.0,0,Peru_4001.csv
2020-12-27,4001,66.0,32.4,14.4,6.8,7.8,17.4,2,2,1,1,4,4,9,9,0.21018942865203416,-2.58029181738724,3.6212313,-3.3297486,-19.827473,-67.37428,21,2020-12-27,20.26125,0.0,82.86875,7.86375,1.0,167.05125,2020,12,27,66.0,0,Peru_4001.csv
2020-12-28,4001,105.8,55.0,6.0,2.0,2.0,1.0,0,0,3,3,5,5,11,11,-0.9107292842456791,4.214760244538765,-1.0048171,-0.3372896,33.336834,47.91877,21,2020-12-28,20.8675,0.0,81.2775,8.0675,1.0,185.8375,2020,12,28,105.8,0,Peru_4001.csv
2020-12-29,4001,52.0,74.0,9.0,5.0,4.0,2.0,2,2,1,1,1,1,11,11,-1.4520286441985601,1.0326584606053222,2.5625343,1.8742212,-2.206583,35.568226,21,2020-12-29,20.65,0.0,86.645,10.1225,1.0,189.31,2020,12,29,74.0,0,Peru_4001.csv
2020-12-30,4001,67.0,60.0,7.0,5.8,2.0,1.0,2,2,1,1,1,1,11,11,-2.3121102103910776,1.909968246386188,2.3560097,1.9062121,-2.7944899,31.232615,21,2020-12-30,20.44125,0.0,84.7775,10.639999999999999,1.0,203.4525,2020,12,30,67.0,0,Peru_4001.csv
2020-12-31,4001,78.0,45.0,4.0,6.0,2.0,10.2,2,2,1,1,1,1,11,11,-2.3586557300710154,0.8114824757365833,0.3746054,-2.6249835,-52.43418,11.643112,21,2020-12-31,20.7075,0.0,81.535,8.70375,1.0,199.98375,2020,12,31,78.0,0,Peru_4001.csv
2021-01-01,4001,53.0,43.0,4.0,5.2,5.0,1.0,2,2,1,1,1,1,3,3,-3.9398060854261248,-0.3028541183969126,3.8695443,3.0772364,-66.83002,-2.8156645,21,2021-01-01,21.122500000000002,0.0,79.40125,13.265,1.0,171.00875,2021,1,1,53.0,0,Peru_4001.csv
2021-01-02,4001,80.0,53.0,4.0,9.4,3.0,9.2,2,2,1,1,1,1,11,11,-1.7493841358249596,1.614321061176034,0.43150246,-2.041237,-45.043316,20.378399,21,2021-01-02,20.965,0.0,80.81875,13.1675,1.0,170.30374999999998,2021,1,2,80.0,0,Peru_4001.csv
2021-01-03,4001,60.0,41.0,2.0,8.2,3.0,5.4,2,2,1,1,1,1,3,3,-4.081567085327956,0.03507256802500618,0.04690135,-3.004906,-82.4704,-6.9263377,21,2021-01-03,21.08,0.0,81.43875,10.7475,1.0,181.39000000000001,2021,1,3,60.0,0,Peru_4001.csv
2021-01-04,4001,44.0,59.0,7.0,5.2,3.0,1.0,2,2,1,1,1,1,3,3,-3.292897404090277,0.025122020422936993,3.421593,2.553239,-21.64242,-16.261295,21,2021-01-04,21.208750000000002,0.0,80.05125,10.14375,1.0,189.24124999999998,2021,1,4,59.0,0,Peru_4001.csv
2021-01-05,4001,69.0,38.8,10.2,8.8,7.8,15.2,2,2,1,1,1,1,9,9,-0.35904080485072276,-1.497647047965389,2.6843557,-2.2686174,3.285859,-51.23274,21,2021-01-05,21.13625,0.0,79.48875,10.2925,1.0,177.02125,2021,1,5,69.0,0,Peru_4001.csv
2021-01-06,4001,76.26329315845445,39.0951871657754,11.939310035171744,12.942866095675788,8.522758485383559,9.978580024067387,2,2,1,1,4,4,9,9,0.03549621024003731,-0.08868490030010638,18.238459,-0.665175,-13.194237,61.20619,21,2021-01-06,21.38125,0.0,78.65,10.55875,1.0,183.105,2021,1,6,76.26329315845445,0,Peru_4001.csv
2021-01-07,4001,76.26329315845445,39.0951871657754,11.939310035171744,12.942866095675788,8.522758485383559,9.978580024067387,2,2,1,1,4,4,9,9,0.03549621024003731,-0.08868490030010638,19.06206,-0.51590705,-13.194237,61.20619,21,2021-01-07,21.95375,0.0,77.2175,10.365,1.0,198.165,2021,1,7,76.26329315845445,0,Peru_4001.csv
2021-01-08,4001,76.26329315845445,39.0951871657754,11.939310035171744,12.942866095675788,8.522758485383559,9.978580024067387,2,2,1,1,4,4,9,9,0.03549621024003731,-0.08868490030010638,18.365025,0.48561814,-13.194237,61.20619,21,2021-01-08,21.83125,0.0,78.69625,10.44375,1.0,191.075,2021,1,8,76.26329315845445,0,Peru_4001.csv
2021-01-09,4001,76.26329315845445,39.0951871657754,11.939310035171744,12.942866095675788,8.522758485383559,9.978580024067387,2,2,1,1,4,4,9,9,0.03549621024003731,-0.08868490030010638,18.406645,-0.07599178,-13.194237,61.20619,21,2021-01-09,21.12,0.0,82.135,10.94625,1.0,199.21375,2021,1,9,76.26329315845445,0,Peru_4001.csv
2021-01-10,4001,76.26329315845445,39.0951871657754,11.939310035171744,12.942866095675788,8.522758485383559,9.978580024067387,2,2,1,1,4,4,9,9,0.03549621024003731,-0.08868490030010638,19.444958,0.09130638,-13.194237,61.20619,21,2021-01-10,21.2875,0.0,79.28125,11.61375,1.0,190.06375,2021,1,10,76.26329315845445,0,Peru_4001.csv
2021-01-11,4001,76.26329315845445,39.0951871657754,11.939310035171744,12.942866095675788,8.522758485383559,9.978580024067387,2,2,1,1,4,4,9,9,0.03549621024003731,-0.08868490030010638,19.551378,0.01217275,-13.194237,61.20619,21,2021-01-11,20.8925,0.0,80.72,10.57625,1.0,199.5,2021,1,11,76.26329315845445,0,Peru_4001.csv
2021-01-12,4001,53.8,190.0,9.0,4.0,8.0,2.0,0,0,3,3,5,5,11,11,5.383676496749765,6.402393828218069,-2.211779,-1.9052957,26.880606,83.69838,21,2021-01-12,21.245,0.0,79.84,8.75625,1.0,201.74625,2021,1,12,190.0,0,Peru_4001.csv
2021-01-13,4001,44.0,800.0,8.0,4.0,4.0,1.0,0,0,3,3,5,5,6,6,35.59449823474712,36.936199625697256,-2.3214865,-1.8390739,26.64011,86.89587,21,2021-01-13,21.485,0.0,81.09375,10.75125,1.0,188.0525,2021,1,13,800.0,0,Peru_4001.csv
2021-01-14,4001,58.0,117.0,9.0,4.0,2.0,1.0,0,0,3,3,5,5,11,11,0.6204893360165779,3.9349265261977195,-1.7483865,-2.003985,25.554344,80.54277,21,2021-01-14,21.11,0.0,82.6975,10.29,1.0,204.80125,2021,1,14,117.0,0,Peru_4001.csv
2021-01-15,4001,70.0,548.0,15.0,6.0,4.0,2.0,0,0,3,3,5,5,6,6,25.268920662402735,26.02430984936311,-2.326125,-1.8426841,26.814365,86.53102,21,2021-01-15,20.955,0.0,84.84375,8.29,1.0,198.64000000000001,2021,1,15,548.0,0,Peru_4001.csv
2021-01-16,4001,92.0,109.0,6.0,5.0,2.0,1.0,0,0,3,3,5,5,11,11,1.2344338405777133,6.142533501939411,-1.3414233,-1.6400969,26.431274,66.41784,21,2021-01-16,21.295,0.0,82.68625,7.96125,1.0,205.435,2021,1,16,109.0,0,Peru_4001.csv
2021-01-17,4001,54.0,55.0,7.0,2.0,3.0,2.0,2,2,1,1,1,1,3,3,-2.9349651407088015,0.1804532134405665,3.376115,2.5856915,-22.038887,-15.819774,21,2021-01-17,21.5125,0.0,79.9475,10.18,1.0,182.98000000000002,2021,1,17,55.0,0,Peru_4001.csv
2021-01-18,4001,58.0,99.0,11.0,3.0,5.0,3.0,0,0,3,3,5,5,11,11,0.8094897683984811,2.2650037649349057,-1.1732001,-2.0517147,19.338276,70.18979,21,2021-01-18,21.71625,0.0,77.99875,10.70625,1.0,192.17249999999999,2021,1,18,99.0,0,Peru_4001.csv
2021-01-19,4001,85.0,83.0,7.0,4.0,4.0,2.0,0,0,3,3,5,5,11,11,0.19775922072395305,3.8490720541036074,-1.2929223,-1.7577707,26.0149,69.95486,21,2021-01-19,22.14375,0.0,77.1625,9.52,1.0,189.19875,2021,1,19,85.0,0,Peru_4001.csv
2021-01-20,4001,67.0,146.0,7.0,5.0,3.0,1.0,0,0,3,3,5,5,11,11,2.33625375271044,6.037211025662707,-1.979032,-1.916559,26.274872,81.47148,21,2021-01-20,21.91125,0.0,77.72875,11.075,1.0,189.7975,2021,1,20,146.0,0,Peru_4001.csv
2021-01-21,4001,67.0,141.0,5.0,4.0,18.0,2.0,0,0,3,3,5,5,11,11,4.46611417765164,3.742877056237826,-1.5647703,-1.7667224,22.810625,81.083466,21,2021-01-21,21.80375,0.0,78.21875,12.05375,1.0,181.00375,2021,1,21,141.0,0,Peru_4001.csv
2021-01-22,4001,63.0,78.0,14.0,5.0,15.0,2.0,0,0,1,1,4,4,9,9,2.290909644112137,0.5229788929020066,2.6365495,-0.004893464,41.03,4.985813,21,2021-01-22,22.06875,0.0,77.29,10.03,1.0,200.25875,2021,1,22,78.0,0,Peru_4001.csv
2021-01-23,4001,69.0,82.0,10.0,4.0,5.0,5.0,0,0,3,3,5,5,11,11,0.4309615367509501,2.039221567462849,-1.124953,-2.026751,20.845123,71.34031,21,2021-01-23,22.67125,0.0,70.29625,8.59,1.0,197.555,2021,1,23,82.0,0,Peru_4001.csv
2021-01-24,4001,81.0,115.0,8.0,3.0,19.0,5.0,0,0,3,3,5,5,11,11,4.844816109948815,2.7783069717031483,-1.4944048,-1.7414287,22.25113,80.72559,21,2021-01-24,22.845,0.0,72.21375,8.495000000000001,1.0,211.99375,2021,1,24,115.0,0,Peru_4001.csv
2021-01-25,4001,76.0,89.0,9.0,3.0,1.0,3.0,0,0,3,3,5,5,11,11,0.02777927220422955,3.6190838511508403,-1.3122954,-1.9131532,24.194225,70.23484,21,2021-01-25,22.9925,0.0,70.11125,9.11875,1.0,196.5625,2021,1,25,89.0,0,Peru_4001.csv
2021-01-26,4001,67.0,93.0,6.0,6.0,3.2,2.0,0,0,3,3,5,5,11,11,-0.4954079964494945,3.3189838244014696,-1.1671908,-2.0570083,21.816607,68.2342,21,2021-01-26,22.97625,0.0,72.5675,10.6925,1.0,177.89249999999998,2021,1,26,93.0,0,Peru_4001.csv
2021-01-27,4001,55.0,93.0,7.0,6.2,9.4,2.0,2,2,1,1,1,1,11,11,0.25006231611885715,1.6606485096965986,-1.0115073,-1.9845136,18.867132,68.67922,21,2021-01-27,21.705,0.0,79.00375,10.7825,1.0,200.40125,2021,1,27,93.0,0,Peru_4001.csv
2021-01-28,4001,66.0,94.0,8.0,5.0,3.2,2.0,0,0,3,3,5,5,11,11,-0.08600850594044827,3.174140252769449,-1.1847634,-2.0541682,20.508034,69.42262,21,2021-01-28,22.075,0.0,76.91625,9.3475,1.0,198.90125,2021,1,28,94.0,0,Peru_4001.csv
2021-01-29,4001,61.0,98.0,8.0,11.8,2.4,1.0,0,0,3,3,5,5,11,11,-0.34229364801766454,3.7448530801028697,-1.1974338,-2.045259,20.222647,69.53873,21,2021-01-29,21.88625,0.0,73.38,9.5775,1.0,194.8325,2021,1,29,98.0,0,Peru_4001.csv
2021-01-30,4001,61.0,137.0,11.0,18.8,3.4,3.0,0,0,3,3,5,5,11,11,2.6623341629697364,5.744868834374835,-1.8884529,-1.9119947,26.184027,81.21877,21,2021-01-30,22.13,0.0,73.085,9.915000000000001,1.0,192.65625,2021,1,30,137.0,0,Peru_4001.csv
2021-01-31,4001,76.0,72.0,7.0,11.0,3.4,2.0,0,0,3,3,5,5,11,11,-0.9059910984474093,3.233826417246635,1.7755412,1.2033559,5.7204223,31.680773,21,2021-01-31,21.7775,0.0,75.13125,10.8925,1.0,184.985,2021,1,31,76.0,0,Peru_4001.csv
2021-02-01,4001,65.0,78.0,6.0,6.6,1.4,1.0,2,2,1,1,1,1,11,11,-1.7839496005690867,2.82628234287095,-0.9650311,-2.0603194,20.761957,67.66648,21,2021-02-01,21.11,0.0,76.65,11.14375,1.0,206.215,2021,2,1,78.0,0,Peru_4001.csv
2021-02-02,4001,57.0,78.0,8.0,5.4,1.0,1.0,2,2,1,1,1,1,11,11,-1.836467424161812,2.1602012327983084,2.4974685,1.7939761,-2.6911662,34.82678,21,2021-02-02,21.2275,0.0,77.75,7.72,1.0,218.1675,2021,2,2,78.0,0,Peru_4001.csv
2021-02-03,4001,60.0,96.0,7.0,5.4,5.6,1.0,0,0,3,3,5,5,11,11,-0.12904952242620485,2.7261186964343227,-1.1555978,-2.0529728,19.405205,69.23084,21,2021-02-03,21.34375,0.0,77.81375,8.34,1.0,218.1975,2021,2,3,96.0,0,Peru_4001.csv
2021-02-04,4001,60.0,100.0,8.0,4.4,1.6,1.0,0,0,3,3,5,5,11,11,-0.44171161394053987,3.331702084191197,-1.2397236,-2.059876,19.676067,69.62086,21,2021-02-04,21.90625,0.0,75.72874999999999,8.08,1.0,229.41125,2021,2,4,100.0,0,Peru_4001.csv
2021-02-05,4001,66.0,87.0,6.0,5.4,2.0,1.0,0,0,3,3,5,5,11,11,-1.161407444879871,3.1866138669983144,-1.1149865,-2.0594406,21.639751,68.34538,21,2021-02-05,21.95625,0.0,75.23875,9.565,1.0,194.115,2021,2,5,87.0,0,Peru_4001.csv
2021-02-06,4001,58.0,75.0,7.0,5.0,5.6,1.0,2,2,1,1,1,1,11,11,-1.3172579760766563,1.4992388471246425,-0.84757704,-1.9969928,-2.7475545,35.697643,21,2021-02-06,22.2175,0.0,73.6525,9.67625,1.0,191.9725,2021,2,6,75.0,0,Peru_4001.csv
2021-02-07,4001,59.0,80.0,7.0,4.8,5.2,1.0,2,2,1,1,1,1,11,11,-1.0817885246176366,1.8579585242034458,-0.8963816,-2.0284548,19.593536,66.93288,21,2021-02-07,23.25125,0.0,70.01125,10.48625,1.0,175.17875,2021,2,7,80.0,0,Peru_4001.csv
2021-02-08,4001,68.0,77.0,6.0,7.6,7.2,1.0,2,2,1,1,1,1,11,11,-0.6420812379829409,2.337266773941709,-0.9093266,-1.9541856,19.971136,66.36615,21,2021-02-08,22.7775,0.0,73.0525,10.50125,1.0,187.22,2021,2,8,77.0,0,Peru_4001.csv
2021-02-09,4001,62.0,73.0,8.0,4.8,2.4,1.0,2,2,1,1,1,1,11,11,-1.6032263292971778,2.051560014640458,2.5144634,1.8208171,-2.5948048,34.537155,21,2021-02-09,22.7,0.0,75.16499999999999,9.0375,1.0,195.115,2021,2,9,73.0,0,Peru_4001.csv
2021-02-10,4001,68.0,81.0,9.0,5.6,3.4,2.0,0,0,3,3,5,5,11,11,-0.42460399330962967,2.661257076744459,-1.171466,-2.0189228,21.689415,70.55057,21,2021-02-10,23.3525,0.0,72.13625,8.24125,1.0,222.575,2021,2,10,81.0,0,Peru_4001.csv
2021-02-11,4001,71.0,81.0,9.0,12.2,3.6,2.0,0,0,3,3,5,5,11,11,-0.23439832888908557,3.336352048070584,-1.1729385,-1.9996145,22.121075,69.80476,21,2021-02-11,24.19125,0.0,65.025,9.66375,1.0,184.59875,2021,2,11,81.0,0,Peru_4001.csv
2021-02-12,4001,68.0,83.0,9.0,13.2,3.2,2.0,0,0,3,3,5,5,11,11,-0.34590008195162597,3.3429221050868554,-1.1345958,-1.9813596,21.930275,69.74371,21,2021-02-12,25.01375,0.0,61.4475,10.17625,1.0,183.80125,2021,2,12,83.0,0,Peru_4001.csv
2021-02-13,4001,68.0,77.0,7.0,4.0,6.4,1.0,2,2,1,1,1,1,11,11,-0.5882355554696215,2.149670379439361,-0.9532523,-1.9839671,19.939127,66.547676,21,2021-02-13,24.43375,0.0,64.86,11.7875,1.0,171.98,2021,2,13,77.0,0,Peru_4001.csv
2021-02-14,4001,62.0,45.0,5.0,5.2,4.8,8.2,2,2,1,1,1,1,3,3,-2.598391208475994,-0.5144005352708533,3.381718,2.912878,-60.20171,-0.10492106,21,2021-02-14,23.19625,0.0,71.2325,10.64375,1.0,195.20625,2021,2,14,62.0,0,Peru_4001.csv
2021-02-15,4001,49.0,62.0,7.0,18.2,5.8,3.2,2,2,1,1,1,1,3,3,-2.177095475978462,0.8424232986599218,3.345635,2.5294821,-58.30619,16.311556,21,2021-02-15,23.255,0.0,71.36500000000001,10.0525,1.0,189.09875,2021,2,15,62.0,0,Peru_4001.csv
2021-02-16,4001,55.0,102.0,8.0,3.8,1.6,1.0,0,0,3,3,5,5,11,11,-0.5796495507392496,3.026085140443741,-1.2315812,-2.0393503,19.518562,69.68442,21,2021-02-16,23.44125,0.0,67.43625,8.5475,1.0,189.89,2021,2,16,102.0,0,Peru_4001.csv
2021-02-17,4001,71.0,89.0,10.0,6.8,1.8,1.0,0,0,3,3,5,5,11,11,-0.03645435758716932,3.677680738230894,-1.2359985,-1.9926593,22.177052,70.42856,21,2021-02-17,24.31875,0.0,61.322500000000005,9.61125,1.0,178.57750000000001,2021,2,17,89.0,0,Peru_4001.csv
2021-02-18,4001,71.0,92.0,9.0,11.4,8.2,3.0,0,0,3,3,5,5,11,11,1.2554327389294944,3.1170370999487975,-1.0910095,-1.6453488,21.696598,76.59952,21,2021-02-18,23.69,0.0,67.14,9.56,1.0,172.65625,2021,2,18,92.0,0,Peru_4001.csv
2021-02-19,4001,87.0,38.6,12.4,6.6,9.8,5.2,2,2,1,1,4,4,9,9,0.42039285102966784,0.6672284233902351,2.2839057,1.3789587,10.340069,0.18518019,21,2021-02-19,22.105,0.0,75.99,8.95125,1.0,213.01625,2021,2,19,87.0,0,Peru_4001.csv
2021-02-20,4001,76.26329315845445,39.0951871657754,11.939310035171744,12.942866095675788,8.522758485383559,9.978580024067387,2,2,1,1,4,4,9,9,0.03549621024003731,-0.08868490030010638,19.109854,-0.6308368,-13.194237,61.20619,21,2021-02-20,21.3725,0.0,78.43125,8.75,1.0,241.64625,2021,2,20,76.26329315845445,0,Peru_4001.csv
2021-02-21,4001,76.26329315845445,39.0951871657754,11.939310035171744,12.942866095675788,8.522758485383559,9.978580024067387,2,2,1,1,4,4,9,9,0.03549621024003731,-0.08868490030010638,18.954931,-0.12143801,-13.194237,61.20619,21,2021-02-21,21.36375,0.0,73.45875,9.9025,1.0,194.3375,2021,2,21,76.26329315845445,0,Peru_4001.csv
2021-02-22,4001,76.26329315845445,39.0951871657754,11.939310035171744,12.942866095675788,8.522758485383559,9.978580024067387,2,2,1,1,4,4,9,9,0.03549621024003731,-0.08868490030010638,18.835443,-0.6071855,-13.194237,61.20619,21,2021-02-22,21.5975,0.0,71.54875,7.74625,1.0,214.79000000000002,2021,2,22,76.26329315845445,0,Peru_4001.csv
2021-02-23,4001,76.26329315845445,39.0951871657754,11.939310035171744,12.942866095675788,8.522758485383559,9.978580024067387,2,2,1,1,4,4,9,9,0.03549621024003731,-0.08868490030010638,18.589363,0.334663,-13.194237,61.20619,21,2021-02-23,22.1075,0.0,70.21625,9.02875,1.0,207.57,2021,2,23,76.26329315845445,0,Peru_4001.csv
2021-02-24,4001,76.26329315845445,39.0951871657754,11.939310035171744,12.942866095675788,8.522758485383559,9.978580024067387,2,2,1,1,4,4,9,9,0.03549621024003731,-0.08868490030010638,19.264381,0.2171266,-13.194237,61.20619,21,2021-02-24,22.31625,0.0,67.17125,9.0075,1.0,204.135,2021,2,24,76.26329315845445,0,Peru_4001.csv
2021-02-25,4001,76.26329315845445,39.0951871657754,11.939310035171744,12.942866095675788,8.522758485383559,9.978580024067387,2,2,1,1,4,4,9,9,0.03549621024003731,-0.08868490030010638,18.738052,-1.1069278,-13.194237,61.20619,21,2021-02-25,22.75,0.0,66.39125,8.90625,1.0,192.28,2021,2,25,76.26329315845445,0,Peru_4001.csv
2021-02-26,4001,76.26329315845445,39.0951871657754,11.939310035171744,12.942866095675788,8.522758485383559,9.978580024067387,2,2,1,1,4,4,9,9,0.03549621024003731,-0.08868490030010638,19.065329,-0.72005993,-13.194237,61.20619,21,2021-02-26,22.7975,0.0,67.135,8.1825,1.0,204.77125,2021,2,26,76.26329315845445,0,Peru_4001.csv
2021-02-27,4001,76.26329315845445,39.0951871657754,11.939310035171744,12.942866095675788,8.522758485383559,9.978580024067387,2,2,1,1,4,4,9,9,0.03549621024003731,-0.08868490030010638,19.340933,-0.20124428,-13.194237,61.20619,21,2021-02-27,22.995,0.0,65.66625,8.31625,1.0,191.86,2021,2,27,76.26329315845445,0,Peru_4001.csv
2021-02-28,4001,76.26329315845445,39.0951871657754,11.939310035171744,12.942866095675788,8.522758485383559,9.978580024067387,2,2,1,1,4,4,9,9,0.03549621024003731,-0.08868490030010638,18.948126,0.7110777,-13.194237,61.20619,21,2021-02-28,22.92625,0.0,68.23,7.59125,1.0,201.525,2021,2,28,76.26329315845445,0,Peru_4001.csv
2021-03-01,4001,76.26329315845445,39.0951871657754,11.939310035171744,12.942866095675788,8.522758485383559,9.978580024067387,2,2,1,1,4,4,9,9,0.03549621024003731,-0.08868490030010638,19.311394,-0.034316026,-13.194237,61.20619,21,2021-03-01,23.8125,0.0,63.44375,8.5725,1.0,193.465,2021,3,1,76.26329315845445,0,Peru_4001.csv
2021-03-02,4001,76.26329315845445,39.0951871657754,11.939310035171744,12.942866095675788,8.522758485383559,9.978580024067387,2,2,1,1,4,4,9,9,0.03549621024003731,-0.08868490030010638,19.641916,-0.15105163,-13.194237,61.20619,21,2021-03-02,24.07625,0.0,64.84375,7.46625,1.0,216.0425,2021,3,2,76.26329315845445,0,Peru_4001.csv
2021-03-03,4001,76.26329315845445,39.0951871657754,11.939310035171744,12.942866095675788,8.522758485383559,9.978580024067387,2,2,1,1,4,4,9,9,0.03549621024003731,-0.08868490030010638,18.53951,-0.0019586983,-13.194237,61.20619,21,2021-03-03,24.76625,0.0,61.34125,7.6825,1.0,193.26375,2021,3,3,76.26329315845445,0,Peru_4001.csv
2021-03-04,4001,76.26329315845445,39.0951871657754,11.939310035171744,12.942866095675788,8.522758485383559,9.978580024067387,2,2,1,1,4,4,9,9,0.03549621024003731,-0.08868490030010638,18.59605,0.24753794,-13.194237,61.20619,21,2021-03-04,23.85125,0.0,68.725,7.944999999999999,1.0,202.125,2021,3,4,76.26329315845445,0,Peru_4001.csv
2021-03-05,4001,76.26329315845445,39.0951871657754,11.939310035171744,12.942866095675788,8.522758485383559,9.978580024067387,2,2,1,1,4,4,9,9,0.03549621024003731,-0.08868490030010638,18.990185,-0.52974135,-13.194237,61.20619,21,2021-03-05,23.92625,0.0,71.77625,9.4725,1.0,185.785,2021,3,5,76.26329315845445,0,Peru_4001.csv
2021-03-06,4001,76.26329315845445,39.0951871657754,11.939310035171744,12.942866095675788,8.522758485383559,9.978580024067387,2,2,1,1,4,4,9,9,0.03549621024003731,-0.08868490030010638,19.064007,-0.16664864,-13.194237,61.20619,21,2021-03-06,24.490000000000002,0.0,69.515,10.75875,1.0,174.13625,2021,3,6,76.26329315845445,0,Peru_4001.csv
2021-03-07,4001,76.26329315845445,39.0951871657754,11.939310035171744,12.942866095675788,8.522758485383559,9.978580024067387,2,2,1,1,4,4,9,9,0.03549621024003731,-0.08868490030010638,18.762915,0.4808073,-13.194237,61.20619,21,2021-03-07,23.52375,0.0,74.23375,9.735,1.0,198.58875,2021,3,7,76.26329315845445,0,Peru_4001.csv
2021-03-08,4001,76.26329315845445,39.0951871657754,11.939310035171744,12.942866095675788,8.522758485383559,9.978580024067387,2,2,1,1,4,4,9,9,0.03549621024003731,-0.08868490030010638,18.59249,-0.252018,-13.194237,61.20619,21,2021-03-08,23.58125,0.0,76.96875,9.635,1.0,187.21375,2021,3,8,76.26329315845445,0,Peru_4001.csv
2021-03-09,4001,76.26329315845445,39.0951871657754,11.939310035171744,12.942866095675788,8.522758485383559,9.978580024067387,2,2,1,1,4,4,9,9,0.03549621024003731,-0.08868490030010638,19.062704,0.3232138,-13.194237,61.20619,21,2021-03-09,23.0025,0.0,78.76625,6.8575,1.0,245.095,2021,3,9,76.26329315845445,0,Peru_4001.csv
2021-03-10,4001,76.26329315845445,39.0951871657754,11.939310035171744,12.942866095675788,8.522758485383559,9.978580024067387,2,2,1,1,4,4,9,9,0.03549621024003731,-0.08868490030010638,19.185751,-0.9732177,-13.194237,61.20619,21,2021-03-10,23.59,0.0,71.875,7.2625,1.0,225.89125,2021,3,10,76.26329315845445,0,Peru_4001.csv
2021-03-11,4001,76.26329315845445,39.0951871657754,11.939310035171744,12.942866095675788,8.522758485383559,9.978580024067387,2,2,1,1,4,4,9,9,0.03549621024003731,-0.08868490030010638,19.794191,-0.16441421,-13.194237,61.20619,21,2021-03-11,23.41375,0.0,71.4575,9.612499999999999,1.0,183.73,2021,3,11,76.26329315845445,0,Peru_4001.csv
2021-03-12,4001,76.26329315845445,39.0951871657754,11.939310035171744,12.942866095675788,8.522758485383559,9.978580024067387,2,2,1,1,4,4,9,9,0.03549621024003731,-0.08868490030010638,19.041681,-0.15028079,-13.194237,61.20619,21,2021-03-12,23.0475,0.0,73.87,10.075,1.0,185.01125,2021,3,12,76.26329315845445,0,Peru_4001.csv
2021-03-13,4001,76.26329315845445,39.0951871657754,11.939310035171744,12.942866095675788,8.522758485383559,9.978580024067387,2,2,1,1,4,4,9,9,0.03549621024003731,-0.08868490030010638,19.329676,-0.9841885,-13.194237,61.20619,21,2021-03-13,22.65,0.0,77.45875000000001,9.92875,1.0,189.88125,2021,3,13,76.26329315845445,0,Peru_4001.csv
2021-03-14,4001,76.26329315845445,39.0951871657754,11.939310035171744,12.942866095675788,8.522758485383559,9.978580024067387,2,2,1,1,4,4,9,9,0.03549621024003731,-0.08868490030010638,17.94399,-0.18111558,-13.194237,61.20619,21,2021-03-14,23.31375,0.0,75.17,7.63375,1.0,199.47375,2021,3,14,76.26329315845445,0,Peru_4001.csv
2021-03-15,4001,76.26329315845445,39.0951871657754,11.939310035171744,12.942866095675788,8.522758485383559,9.978580024067387,2,2,1,1,4,4,9,9,0.03549621024003731,-0.08868490030010638,19.757433,-0.06271523,-13.194237,61.20619,21,2021-03-15,23.9925,0.0,67.79125,10.42875,1.0,187.895,2021,3,15,76.26329315845445,0,Peru_4001.csv
2021-03-16,4001,76.26329315845445,39.0951871657754,11.939310035171744,12.942866095675788,8.522758485383559,9.978580024067387,2,2,1,1,4,4,9,9,0.03549621024003731,-0.08868490030010638,18.607315,-0.1818554,-13.194237,61.20619,21,2021-03-16,23.2825,0.0,74.145,9.80875,1.0,194.04625,2021,3,16,76.26329315845445,0,Peru_4001.csv
2021-03-17,4001,76.26329315845445,39.0951871657754,11.939310035171744,12.942866095675788,8.522758485383559,9.978580024067387,2,2,1,1,4,4,9,9,0.03549621024003731,-0.08868490030010638,19.399338,-0.079520695,-13.194237,61.20619,21,2021-03-17,23.97625,0.0,68.71875,9.8775,1.0,178.375,2021,3,17,76.26329315845445,0,Peru_4001.csv
2021-03-18,4001,76.26329315845445,39.0951871657754,11.939310035171744,12.942866095675788,8.522758485383559,9.978580024067387,2,2,1,1,4,4,9,9,0.03549621024003731,-0.08868490030010638,19.235914,0.39622712,-13.194237,61.20619,21,2021-03-18,22.9725,0.0,73.7825,9.27375,1.0,202.71875,2021,3,18,76.26329315845445,0,Peru_4001.csv
2021-03-19,4001,125.4,60.0,9.0,9.0,9.0,1.0,0,0,3,3,5,5,10,10,2.179056803996136,5.442466858904139,-1.7264123,-0.0027342134,71.84633,41.07481,21,2021-03-19,22.9575,0.0,69.63125,8.95,1.0,178.3075,2021,3,19,125.4,0,Peru_4001.csv
2021-03-20,4001,5.0,74.2,10.8,14.0,3.6,16.0,2,2,1,1,1,1,3,3,-2.162845950452099,-3.5693584077679947,-6.276769,4.835527,-94.59949,-32.243237,21,2021-03-20,23.51875,0.0,67.35625,9.799999999999999,1.0,190.17249999999999,2021,3,20,74.2,0,Peru_4001.csv
2021-03-21,4001,76.26329315845445,39.0951871657754,11.939310035171744,12.942866095675788,8.522758485383559,9.978580024067387,2,2,1,1,4,4,9,9,0.03549621024003731,-0.08868490030010638,18.727287,-0.4106338,-13.194237,61.20619,21,2021-03-21,23.45,0.0,67.60374999999999,8.80375,1.0,194.88875000000002,2021,3,21,76.26329315845445,0,Peru_4001.csv
2021-03-22,4001,76.26329315845445,39.0951871657754,11.939310035171744,12.942866095675788,8.522758485383559,9.978580024067387,2,2,1,1,4,4,9,9,0.03549621024003731,-0.08868490030010638,19.42668,-0.69567776,-13.194237,61.20619,21,2021-03-22,23.1925,0.0,68.3325,10.39,1.0,187.1675,2021,3,22,76.26329315845445,0,Peru_4001.csv
2021-03-23,4001,76.26329315845445,39.0951871657754,11.939310035171744,12.942866095675788,8.522758485383559,9.978580024067387,2,2,1,1,4,4,9,9,0.03549621024003731,-0.08868490030010638,18.83883,0.5274671,-13.194237,61.20619,21,2021-03-23,22.27875,0.0,74.245,10.2775,1.0,195.86,2021,3,23,76.26329315845445,0,Peru_4001.csv
2021-03-24,4001,76.26329315845445,39.0951871657754,11.939310035171744,12.942866095675788,8.522758485383559,9.978580024067387,2,2,1,1,4,4,9,9,0.03549621024003731,-0.08868490030010638,18.190208,-0.24591152,-13.194237,61.20619,21,2021-03-24,22.103749999999998,0.0,76.68625,9.1525,1.0,200.28125,2021,3,24,76.26329315845445,0,Peru_4001.csv
2021-03-25,4001,76.26329315845445,39.0951871657754,11.939310035171744,12.942866095675788,8.522758485383559,9.978580024067387,2,2,1,1,4,4,9,9,0.03549621024003731,-0.08868490030010638,18.785488,0.7239703,-13.194237,61.20619,21,2021-03-25,21.655,0.0,78.04125,10.18125,1.0,193.28625,2021,3,25,76.26329315845445,0,Peru_4001.csv
2021-03-26,4001,76.26329315845445,39.0951871657754,11.939310035171744,12.942866095675788,8.522758485383559,9.978580024067387,2,2,1,1,4,4,9,9,0.03549621024003731,-0.08868490030010638,18.784664,0.17153315,-13.194237,61.20619,21,2021-03-26,21.1425,0.0,80.4225,9.50875,1.0,218.2875,2021,3,26,76.26329315845445,0,Peru_4001.csv
2021-03-27,4001,76.26329315845445,39.0951871657754,11.939310035171744,12.942866095675788,8.522758485383559,9.978580024067387,2,2,1,1,4,4,9,9,0.03549621024003731,-0.08868490030010638,19.603466,0.24024725,-13.194237,61.20619,21,2021-03-27,21.1475,0.0,79.2075,8.4,1.0,241.10875,2021,3,27,76.26329315845445,0,Peru_4001.csv
2021-03-28,4001,76.26329315845445,39.0951871657754,11.939310035171744,12.942866095675788,8.522758485383559,9.978580024067387,2,2,1,1,4,4,9,9,0.03549621024003731,-0.08868490030010638,17.932665,-0.18495144,-13.194237,61.20619,21,2021-03-28,21.23125,0.0,78.68,7.7925,1.0,216.12,2021,3,28,76.26329315845445,0,Peru_4001.csv
2021-03-29,4001,107.6,94.0,12.0,8.0,18.0,2.0,0,0,3,3,5,5,10,10,5.411274021217542,4.4456652511248755,1.8711773,-0.7146371,59.912006,11.979266,21,2021-03-29,21.5175,0.0,76.77,8.4725,1.0,207.39124999999999,2021,3,29,107.6,0,Peru_4001.csv
2021-03-30,4001,81.0,48.8,11.4,8.0,9.8,18.0,2,2,1,1,4,4,9,9,1.5908468428819873,-0.8420484026431605,2.5294325,-2.2542336,5.776074,-50.30679,21,2021-03-30,21.32875,0.0,77.73,9.55875,1.0,198.77,2021,3,30,81.0,0,Peru_4001.csv
2021-03-31,4001,76.26329315845445,39.0951871657754,11.939310035171744,12.942866095675788,8.522758485383559,9.978580024067387,2,2,1,1,4,4,9,9,0.03549621024003731,-0.08868490030010638,19.369549,-0.99705887,-13.194237,61.20619,21,2021-03-31,20.82375,0.0,79.39625,9.11375,1.0,195.255,2021,3,31,76.26329315845445,0,Peru_4001.csv
2021-04-01,4001,76.26329315845445,39.0951871657754,11.939310035171744,12.942866095675788,8.522758485383559,9.978580024067387,2,2,1,1,4,4,9,9,0.03549621024003731,-0.08868490030010638,18.797539,-0.3548736,-13.194237,61.20619,21,2021-04-01,20.96,0.0,79.56625,9.2075,1.0,188.73499999999999,2021,4,1,76.26329315845445,0,Peru_4001.csv
2021-04-02,4001,76.26329315845445,39.0951871657754,11.939310035171744,12.942866095675788,8.522758485383559,9.978580024067387,2,2,1,1,4,4,9,9,0.03549621024003731,-0.08868490030010638,18.956383,-0.6979105,-13.194237,61.20619,21,2021-04-02,21.12375,0.0,78.505,8.44,1.0,211.985,2021,4,2,76.26329315845445,0,Peru_4001.csv
2021-04-03,4001,76.26329315845445,39.0951871657754,11.939310035171744,12.942866095675788,8.522758485383559,9.978580024067387,2,2,1,1,4,4,9,9,0.03549621024003731,-0.08868490030010638,18.15489,0.49166876,-13.194237,61.20619,21,2021-04-03,22.0325,0.0,73.11,7.15625,1.0,200.23375000000001,2021,4,3,76.26329315845445,0,Peru_4001.csv
2021-04-04,4001,76.26329315845445,39.0951871657754,11.939310035171744,12.942866095675788,8.522758485383559,9.978580024067387,2,2,1,1,4,4,9,9,0.03549621024003731,-0.08868490030010638,18.614822,-0.70856154,-13.194237,61.20619,21,2021-04-04,23.26625,0.0,70.4225,6.9575,1.0,198.2125,2021,4,4,76.26329315845445,0,Peru_4001.csv
2021-04-05,4001,76.26329315845445,39.0951871657754,11.939310035171744,12.942866095675788,8.522758485383559,9.978580024067387,2,2,1,1,4,4,9,9,0.03549621024003731,-0.08868490030010638,19.651457,-0.2500086,-13.194237,61.20619,21,2021-04-05,22.8675,0.0,72.61125,8.74375,1.0,182.0525,2021,4,5,76.26329315845445,0,Peru_4001.csv
2021-04-06,4001,76.26329315845445,39.0951871657754,11.939310035171744,12.942866095675788,8.522758485383559,9.978580024067387,2,2,1,1,4,4,9,9,0.03549621024003731,-0.08868490030010638,18.375103,-0.57543826,-13.194237,61.20619,21,2021-04-06,22.24375,0.0,73.88625,10.1425,1.0,183.01875,2021,4,6,76.26329315845445,0,Peru_4001.csv
2021-04-07,4001,76.26329315845445,39.0951871657754,11.939310035171744,12.942866095675788,8.522758485383559,9.978580024067387,2,2,1,1,4,4,9,9,0.03549621024003731,-0.08868490030010638,18.51437,-0.6026555,-13.194237,61.20619,21,2021-04-07,21.7225,0.0,76.3275,9.095,1.0,204.36875,2021,4,7,76.26329315845445,0,Peru_4001.csv
2021-04-08,4001,76.26329315845445,39.0951871657754,11.939310035171744,12.942866095675788,8.522758485383559,9.978580024067387,2,2,1,1,4,4,9,9,0.03549621024003731,-0.08868490030010638,18.377054,-0.25182655,-13.194237,61.20619,21,2021-04-08,20.77875,0.0,81.6775,7.797499999999999,1.0,228.655,2021,4,8,76.26329315845445,0,Peru_4001.csv
2021-04-09,4001,76.26329315845445,39.0951871657754,11.939310035171744,12.942866095675788,8.522758485383559,9.978580024067387,2,2,1,1,4,4,9,9,0.03549621024003731,-0.08868490030010638,19.483622,-0.50631064,-13.194237,61.20619,21,2021-04-09,20.69375,0.0,83.06375,7.65375,1.0,249.71,2021,4,9,76.26329315845445,0,Peru_4001.csv
2021-04-10,4001,76.26329315845445,39.0951871657754,11.939310035171744,12.942866095675788,8.522758485383559,9.978580024067387,2,2,1,1,4,4,9,9,0.03549621024003731,-0.08868490030010638,19.244335,0.35699657,-13.194237,61.20619,21,2021-04-10,20.87375,0.0,81.04124999999999,7.59375,1.0,224.79500000000002,2021,4,10,76.26329315845445,0,Peru_4001.csv
2021-04-11,4001,76.26329315845445,39.0951871657754,11.939310035171744,12.942866095675788,8.522758485383559,9.978580024067387,2,2,1,1,4,4,9,9,0.03549621024003731,-0.08868490030010638,18.352964,-0.75154597,-13.194237,61.20619,21,2021-04-11,21.50875,0.0,76.52125000000001,7.5925,1.0,203.02,2021,4,11,76.26329315845445,0,Peru_4001.csv
2021-04-12,4001,76.26329315845445,39.0951871657754,11.939310035171744,12.942866095675788,8.522758485383559,9.978580024067387,2,2,1,1,4,4,9,9,0.03549621024003731,-0.08868490030010638,18.576374,0.1903671,-13.194237,61.20619,21,2021-04-12,21.107499999999998,0.0,74.94875,9.05625,1.0,197.9275,2021,4,12,76.26329315845445,0,Peru_4001.csv
2021-04-13,4001,76.26329315845445,39.0951871657754,11.939310035171744,12.942866095675788,8.522758485383559,9.978580024067387,2,2,1,1,4,4,9,9,0.03549621024003731,-0.08868490030010638,19.216124,-0.8584963,-13.194237,61.20619,21,2021-04-13,20.05125,0.0,78.3475,8.65375,1.0,199.4175,2021,4,13,76.26329315845445,0,Peru_4001.csv
2021-04-14,4001,76.26329315845445,39.0951871657754,11.939310035171744,12.942866095675788,8.522758485383559,9.978580024067387,2,2,1,1,4,4,9,9,0.03549621024003731,-0.08868490030010638,19.095997,-0.70579773,-13.194237,61.20619,21,2021-04-14,19.47125,0.0,82.15625,9.805,1.0,183.6825,2021,4,14,76.26329315845445,0,Peru_4001.csv
2021-04-15,4001,76.26329315845445,39.0951871657754,11.939310035171744,12.942866095675788,8.522758485383559,9.978580024067387,2,2,1,1,4,4,9,9,0.03549621024003731,-0.08868490030010638,18.340504,-0.23145081,-13.194237,61.20619,21,2021-04-15,19.395,0.0,80.23375,10.2325,1.0,179.9175,2021,4,15,76.26329315845445,0,Peru_4001.csv
2021-04-16,4001,76.26329315845445,39.0951871657754,11.939310035171744,12.942866095675788,8.522758485383559,9.978580024067387,2,2,1,1,4,4,9,9,0.03549621024003731,-0.08868490030010638,19.584557,-0.6881563,-13.194237,61.20619,21,2021-04-16,19.7125,0.0,78.245,10.276250000000001,1.0,181.22875,2021,4,16,76.26329315845445,0,Peru_4001.csv
2021-04-17,4001,76.26329315845445,39.0951871657754,11.939310035171744,12.942866095675788,8.522758485383559,9.978580024067387,2,2,1,1,4,4,9,9,0.03549621024003731,-0.08868490030010638,19.442661,-0.35164157,-13.194237,61.20619,21,2021-04-17,20.23625,0.0,75.82875,10.22125,1.0,178.735,2021,4,17,76.26329315845445,0,Peru_4001.csv
2021-04-18,4001,76.26329315845445,39.0951871657754,11.939310035171744,12.942866095675788,8.522758485383559,9.978580024067387,2,2,1,1,4,4,9,9,0.03549621024003731,-0.08868490030010638,18.434406,0.1303262,-13.194237,61.20619,21,2021-04-18,19.70125,0.0,80.365,8.6875,1.0,194.26375000000002,2021,4,18,76.26329315845445,0,Peru_4001.csv
2021-04-19,4001,76.26329315845445,39.0951871657754,11.939310035171744,12.942866095675788,8.522758485383559,9.978580024067387,2,2,1,1,4,4,9,9,0.03549621024003731,-0.08868490030010638,19.197395,-0.10138077,-13.194237,61.20619,21,2021-04-19,20.82875,0.0,74.6725,10.04875,1.0,171.37,2021,4,19,76.26329315845445,0,Peru_4001.csv
2021-04-20,4001,76.26329315845445,39.0951871657754,11.939310035171744,12.942866095675788,8.522758485383559,9.978580024067387,2,2,1,1,4,4,9,9,0.03549621024003731,-0.08868490030010638,19.14717,-0.647667,-13.194237,61.20619,21,2021-04-20,20.723750000000003,0.0,75.48875,11.875,1.0,173.27,2021,4,20,76.26329315845445,0,Peru_4001.csv
2021-04-21,4001,76.26329315845445,39.0951871657754,11.939310035171744,12.942866095675788,8.522758485383559,9.978580024067387,2,2,1,1,4,4,9,9,0.03549621024003731,-0.08868490030010638,18.542486,-0.096003786,-13.194237,61.20619,21,2021-04-21,20.0925,0.0,81.31125,10.88,1.0,180.22375,2021,4,21,76.26329315845445,0,Peru_4001.csv
2021-04-22,4001,76.26329315845445,39.0951871657754,11.939310035171744,12.942866095675788,8.522758485383559,9.978580024067387,2,2,1,1,4,4,9,9,0.03549621024003731,-0.08868490030010638,19.33103,-0.08954774,-13.194237,61.20619,21,2021-04-22,19.3325,0.0,82.83375,9.7425,1.0,195.67125,2021,4,22,76.26329315845445,0,Peru_4001.csv
2021-04-23,4001,76.26329315845445,39.0951871657754,11.939310035171744,12.942866095675788,8.522758485383559,9.978580024067387,2,2,1,1,4,4,9,9,0.03549621024003731,-0.08868490030010638,18.179472,-0.7299091,-13.194237,61.20619,21,2021-04-23,18.99,0.0,82.75375,9.00375,1.0,196.4125,2021,4,23,76.26329315845445,0,Peru_4001.csv
2021-04-24,4001,76.26329315845445,39.0951871657754,11.939310035171744,12.942866095675788,8.522758485383559,9.978580024067387,2,2,1,1,4,4,9,9,0.03549621024003731,-0.08868490030010638,19.080832,0.24584652,-13.194237,61.20619,21,2021-04-24,18.93125,0.0,82.22375,10.0,1.0,187.25375,2021,4,24,76.26329315845445,0,Peru_4001.csv
2021-04-25,4001,76.26329315845445,39.0951871657754,11.939310035171744,12.942866095675788,8.522758485383559,9.978580024067387,2,2,1,1,4,4,9,9,0.03549621024003731,-0.08868490030010638,18.685228,0.33101934,-13.194237,61.20619,21,2021-04-25,18.655,0.0,80.96875,8.21625,1.0,220.66125,2021,4,25,76.26329315845445,0,Peru_4001.csv
2021-04-26,4001,76.26329315845445,39.0951871657754,11.939310035171744,12.942866095675788,8.522758485383559,9.978580024067387,2,2,1,1,4,4,9,9,0.03549621024003731,-0.08868490030010638,18.744013,0.24261327,-13.194237,61.20619,21,2021-04-26,18.485,0.0,83.005,8.0875,1.0,195.2125,2021,4,26,76.26329315845445,0,Peru_4001.csv
2021-04-27,4001,76.26329315845445,39.0951871657754,11.939310035171744,12.942866095675788,8.522758485383559,9.978580024067387,2,2,1,1,4,4,9,9,0.03549621024003731,-0.08868490030010638,19.063395,-0.33015144,-13.194237,61.20619,21,2021-04-27,18.37875,0.0,83.38375,12.05,1.0,173.5525,2021,4,27,76.26329315845445,0,Peru_4001.csv
2021-04-28,4001,76.26329315845445,39.0951871657754,11.939310035171744,12.942866095675788,8.522758485383559,9.978580024067387,2,2,1,1,4,4,9,9,0.03549621024003731,-0.08868490030010638,18.247843,-0.45951486,-13.194237,61.20619,21,2021-04-28,18.7975,0.0,81.395,9.79125,1.0,173.885,2021,4,28,76.26329315845445,0,Peru_4001.csv
2021-04-29,4001,76.26329315845445,39.0951871657754,11.939310035171744,12.942866095675788,8.522758485383559,9.978580024067387,2,2,1,1,4,4,9,9,0.03549621024003731,-0.08868490030010638,18.134554,0.13670114,-13.194237,61.20619,21,2021-04-29,18.7575,0.0,82.39875,9.3825,1.0,183.39625,2021,4,29,76.26329315845445,0,Peru_4001.csv
2021-04-30,4001,76.26329315845445,39.0951871657754,11.939310035171744,12.942866095675788,8.522758485383559,9.978580024067387,2,2,1,1,4,4,9,9,0.03549621024003731,-0.08868490030010638,19.420847,0.29637215,-13.194237,61.20619,21,2021-04-30,18.7925,0.0,79.8025,8.61375,1.0,192.05125,2021,4,30,76.26329315845445,0,Peru_4001.csv
2021-05-01,4001,76.26329315845445,39.0951871657754,11.939310035171744,12.942866095675788,8.522758485383559,9.978580024067387,2,2,1,1,4,4,9,9,0.03549621024003731,-0.08868490030010638,19.160519,-0.2165349,-13.194237,61.20619,21,2021-05-01,18.900000000000002,0.0,80.365,8.80875,1.0,186.98,2021,5,1,76.26329315845445,0,Peru_4001.csv
2021-05-02,4001,76.26329315845445,39.0951871657754,11.939310035171744,12.942866095675788,8.522758485383559,9.978580024067387,2,2,1,1,4,4,9,9,0.03549621024003731,-0.08868490030010638,19.817007,-0.024089824,-13.194237,61.20619,21,2021-05-02,19.4375,0.0,78.0275,8.55,1.0,178.24875,2021,5,2,76.26329315845445,0,Peru_4001.csv
2021-05-03,4001,76.26329315845445,39.0951871657754,11.939310035171744,12.942866095675788,8.522758485383559,9.978580024067387,2,2,1,1,4,4,9,9,0.03549621024003731,-0.08868490030010638,19.183617,-0.21979028,-13.194237,61.20619,21,2021-05-03,18.68375,0.0,82.225,8.80875,1.0,196.815,2021,5,3,76.26329315845445,0,Peru_4001.csv
2021-05-04,4001,76.26329315845445,39.0951871657754,11.939310035171744,12.942866095675788,8.522758485383559,9.978580024067387,2,2,1,1,4,4,9,9,0.03549621024003731,-0.08868490030010638,18.594542,0.3650915,-13.194237,61.20619,21,2021-05-04,19.2125,0.0,78.64125,12.575,1.0,161.37375,2021,5,4,76.26329315845445,0,Peru_4001.csv
2021-05-05,4001,76.26329315845445,39.0951871657754,11.939310035171744,12.942866095675788,8.522758485383559,9.978580024067387,2,2,1,1,4,4,9,9,0.03549621024003731,-0.08868490030010638,18.137358,0.37277815,-13.194237,61.20619,21,2021-05-05,18.8275,0.0,82.4025,9.87375,1.0,212.4,2021,5,5,76.26329315845445,0,Peru_4001.csv
2021-05-06,4001,76.26329315845445,39.0951871657754,11.939310035171744,12.942866095675788,8.522758485383559,9.978580024067387,2,2,1,1,4,4,9,9,0.03549621024003731,-0.08868490030010638,18.965559,0.6300156,-13.194237,61.20619,21,2021-05-06,18.098750000000003,0.0,84.64,9.885,1.0,180.89625,2021,5,6,76.26329315845445,0,Peru_4001.csv
2021-05-07,4001,76.26329315845445,39.0951871657754,11.939310035171744,12.942866095675788,8.522758485383559,9.978580024067387,2,2,1,1,4,4,9,9,0.03549621024003731,-0.08868490030010638,19.751436,-0.117127776,-13.194237,61.20619,21,2021-05-07,18.00375,0.0,79.645,10.07875,1.0,177.32874999999999,2021,5,7,76.26329315845445,0,Peru_4001.csv
2021-05-08,4001,76.26329315845445,39.0951871657754,11.939310035171744,12.942866095675788,8.522758485383559,9.978580024067387,2,2,1,1,4,4,9,9,0.03549621024003731,-0.08868490030010638,18.743576,-1.0403936,-13.194237,61.20619,21,2021-05-08,18.06,0.0,80.41375,12.6225,1.0,167.12125,2021,5,8,76.26329315845445,0,Peru_4001.csv
2021-05-09,4001,76.26329315845445,39.0951871657754,11.939310035171744,12.942866095675788,8.522758485383559,9.978580024067387,2,2,1,1,4,4,9,9,0.03549621024003731,-0.08868490030010638,18.991571,0.5210724,-13.194237,61.20619,21,2021-05-09,18.03625,0.0,80.42625,9.98125,1.0,180.38375,2021,5,9,76.26329315845445,0,Peru_4001.csv
2021-05-10,4001,76.26329315845445,39.0951871657754,11.939310035171744,12.942866095675788,8.522758485383559,9.978580024067387,2,2,1,1,4,4,9,9,0.03549621024003731,-0.08868490030010638,18.347092,0.3023481,-13.194237,61.20619,21,2021-05-10,17.705,0.0,81.4375,8.4375,1.0,212.9125,2021,5,10,76.26329315845445,0,Peru_4001.csv
2021-05-11,4001,76.26329315845445,39.0951871657754,11.939310035171744,12.942866095675788,8.522758485383559,9.978580024067387,2,2,1,1,4,4,9,9,0.03549621024003731,-0.08868490030010638,18.406858,-0.577402,-13.194237,61.20619,21,2021-05-11,17.84625,0.0,80.92125,6.71,1.0,193.3375,2021,5,11,76.26329315845445,0,Peru_4001.csv
2021-05-12,4001,76.26329315845445,39.0951871657754,11.939310035171744,12.942866095675788,8.522758485383559,9.978580024067387,2,2,1,1,4,4,9,9,0.03549621024003731,-0.08868490030010638,19.394674,0.2567228,-13.194237,61.20619,21,2021-05-12,18.00375,0.0,80.3325,7.62,1.0,193.6925,2021,5,12,76.26329315845445,0,Peru_4001.csv
2021-05-13,4001,76.26329315845445,39.0951871657754,11.939310035171744,12.942866095675788,8.522758485383559,9.978580024067387,2,2,1,1,4,4,9,9,0.03549621024003731,-0.08868490030010638,18.8034,0.007119336,-13.194237,61.20619,21,2021-05-13,18.05375,0.0,81.98875,7.835,1.0,189.22,2021,5,13,76.26329315845445,0,Peru_4001.csv
2021-05-14,4001,76.26329315845445,39.0951871657754,11.939310035171744,12.942866095675788,8.522758485383559,9.978580024067387,2,2,1,1,4,4,9,9,0.03549621024003731,-0.08868490030010638,18.527302,-0.6539428,-13.194237,61.20619,21,2021-05-14,17.607499999999998,0.0,84.095,9.04625,1.0,186.35375,2021,5,14,76.26329315845445,0,Peru_4001.csv
2021-05-15,4001,76.26329315845445,39.0951871657754,11.939310035171744,12.942866095675788,8.522758485383559,9.978580024067387,2,2,1,1,4,4,9,9,0.03549621024003731,-0.08868490030010638,19.050581,0.3868736,-13.194237,61.20619,21,2021-05-15,17.24625,0.0,84.7125,7.67625,1.0,190.75125,2021,5,15,76.26329315845445,0,Peru_4001.csv
2021-05-16,4001,76.26329315845445,39.0951871657754,11.939310035171744,12.942866095675788,8.522758485383559,9.978580024067387,2,2,1,1,4,4,9,9,0.03549621024003731,-0.08868490030010638,18.423164,-0.08171051,-13.194237,61.20619,21,2021-05-16,17.07125,0.0,84.5475,7.42625,1.0,184.54625,2021,5,16,76.26329315845445,0,Peru_4001.csv
2021-05-17,4001,76.26329315845445,39.0951871657754,11.939310035171744,12.942866095675788,8.522758485383559,9.978580024067387,2,2,1,1,4,4,9,9,0.03549621024003731,-0.08868490030010638,18.873869,0.16039203,-13.194237,61.20619,21,2021-05-17,17.46,0.0,83.4425,7.095,1.0,184.9675,2021,5,17,76.26329315845445,0,Peru_4001.csv
2021-05-18,4001,76.26329315845445,39.0951871657754,11.939310035171744,12.942866095675788,8.522758485383559,9.978580024067387,2,2,1,1,4,4,9,9,0.03549621024003731,-0.08868490030010638,19.238123,0.3185177,-13.194237,61.20619,21,2021-05-18,17.28625,0.0,83.30375000000001,8.56875,1.0,181.485,2021,5,18,76.26329315845445,0,Peru_4001.csv
2021-05-19,4001,76.26329315845445,39.0951871657754,11.939310035171744,12.942866095675788,8.522758485383559,9.978580024067387,2,2,1,1,4,4,9,9,0.03549621024003731,-0.08868490030010638,19.507734,0.20027141,-13.194237,61.20619,21,2021-05-19,17.52,0.0,83.0375,11.442499999999999,1.0,165.6525,2021,5,19,76.26329315845445,0,Peru_4001.csv
2021-05-20,4001,76.26329315845445,39.0951871657754,11.939310035171744,12.942866095675788,8.522758485383559,9.978580024067387,2,2,1,1,4,4,9,9,0.03549621024003731,-0.08868490030010638,19.472898,-0.74179804,-13.194237,61.20619,21,2021-05-20,16.825,0.0,87.3175,7.876250000000001,1.0,224.76625,2021,5,20,76.26329315845445,0,Peru_4001.csv
2021-05-21,4001,76.26329315845445,39.0951871657754,11.939310035171744,12.942866095675788,8.522758485383559,9.978580024067387,2,2,1,1,4,4,9,9,0.03549621024003731,-0.08868490030010638,18.344967,-0.5403316,-13.194237,61.20619,21,2021-05-21,17.25875,0.0,84.21875,8.47,1.0,199.34,2021,5,21,76.26329315845445,0,Peru_4001.csv
2021-05-22,4001,76.26329315845445,39.0951871657754,11.939310035171744,12.942866095675788,8.522758485383559,9.978580024067387,2,2,1,1,4,4,9,9,0.03549621024003731,-0.08868490030010638,18.38718,-0.61518365,-13.194237,61.20619,21,2021-05-22,17.5375,0.0,82.41625,9.90375,1.0,252.92625,2021,5,22,76.26329315845445,0,Peru_4001.csv
2021-05-23,4001,76.26329315845445,39.0951871657754,11.939310035171744,12.942866095675788,8.522758485383559,9.978580024067387,2,2,1,1,4,4,9,9,0.03549621024003731,-0.08868490030010638,18.646635,0.15519269,-13.194237,61.20619,21,2021-05-23,17.39875,0.0,82.1675,7.425,1.0,184.3175,2021,5,23,76.26329315845445,0,Peru_4001.csv
2021-05-24,4001,76.26329315845445,39.0951871657754,11.939310035171744,12.942866095675788,8.522758485383559,9.978580024067387,2,2,1,1,4,4,9,9,0.03549621024003731,-0.08868490030010638,18.714443,-0.49204814,-13.194237,61.20619,21,2021-05-24,18.37125,0.0,80.1775,9.265,1.0,179.47875,2021,5,24,76.26329315845445,0,Peru_4001.csv
2021-05-25,4001,90.8,64.0,13.0,7.0,7.2,1.0,0,0,3,3,5,5,11,11,1.205261360184792,3.119320346542995,1.227952,0.5177814,41.21383,22.286913,21,2021-05-25,18.35875,0.0,80.21875,6.8225,1.0,193.745,2021,5,25,90.8,0,Peru_4001.csv
2021-05-26,4001,96.0,95.0,23.0,9.0,7.4,2.0,0,0,3,3,5,5,11,11,5.2295061403026635,4.790334124693955,0.6759143,0.8684153,36.51601,15.887721,21,2021-05-26,18.611250000000002,0.0,80.93625,7.67875,1.0,191.95625,2021,5,26,96.0,0,Peru_4001.csv
2021-05-27,4001,153.0,72.0,12.0,9.0,9.0,1.0,0,0,3,3,5,5,10,10,4.743566704767615,7.9680635867950675,-2.779061,0.014644258,77.00453,43.75813,21,2021-05-27,17.962500000000002,0.0,83.63,7.85125,1.0,184.83875,2021,5,27,153.0,0,Peru_4001.csv
2021-05-28,4001,124.0,45.0,13.0,9.0,9.6,1.0,0,0,3,3,5,5,10,10,2.2546603430469263,4.414878438955984,-1.582141,1.0703216,58.066143,37.082653,21,2021-05-28,17.415,0.0,82.8925,8.59875,1.0,179.365,2021,5,28,124.0,0,Peru_4001.csv
2021-05-29,4001,81.0,44.0,12.0,7.0,9.0,1.0,2,2,1,1,4,4,9,9,-0.18473357401293686,1.2055530123109297,2.5556078,1.3558298,7.28856,1.8950084,21,2021-05-29,16.98375,0.0,84.70875,10.1575,1.0,175.66625,2021,5,29,81.0,0,Peru_4001.csv
2021-05-30,4001,85.0,44.0,11.0,7.0,8.0,1.0,2,2,1,1,4,4,9,9,-0.376120947918157,1.6455593476539685,2.1974769,1.597986,7.255399,1.9724977,21,2021-05-30,17.26875,0.0,83.0,9.225,1.0,173.9125,2021,5,30,85.0,0,Peru_4001.csv
2021-05-31,4001,98.0,52.0,9.0,8.0,12.4,1.0,0,0,3,3,5,5,11,11,1.0554380246084647,2.557111074043928,1.9364133,-0.3709343,52.044575,15.957501,21,2021-05-31,17.18875,0.0,86.77125,9.14875,1.0,190.61374999999998,2021,5,31,98.0,0,Peru_4001.csv
2021-06-01,4001,90.0,48.0,8.0,9.0,2.8,1.0,2,2,1,1,4,4,11,11,-1.4744028388552146,3.082351221606742,0.99565196,2.3559513,0.7921123,18.565527,21,2021-06-01,17.0075,0.0,86.3575,9.0875,1.0,173.71375,2021,6,1,90.0,0,Peru_4001.csv
2021-06-02,4001,97.0,33.0,5.0,6.0,3.4,6.8,2,2,1,1,1,1,11,11,-1.9104152770904292,1.839771611144669,1.1847347,2.9651382,-28.195566,14.542625,21,2021-06-02,16.447499999999998,0.0,88.96375,9.25125,1.0,189.495,2021,6,2,97.0,0,Peru_4001.csv
2021-06-03,4001,53.0,46.0,9.0,7.0,7.0,6.2,2,2,1,1,1,1,3,3,-1.9428107132467904,-1.0917436833290601,4.0853,2.1509736,-24.268072,-33.571552,21,2021-06-03,16.90625,0.0,85.1725,7.095,1.0,202.3825,2021,6,3,53.0,0,Peru_4001.csv
2021-06-04,4001,66.0,59.0,17.0,8.0,9.4,1.0,2,2,1,1,4,4,9,9,0.9630846683880512,0.7710679925187256,2.528858,0.99235225,25.86585,-12.57357,21,2021-06-04,17.0325,0.0,84.57375,7.4025,1.0,184.38125,2021,6,4,66.0,0,Peru_4001.csv
2021-06-05,4001,98.0,62.0,11.0,9.0,10.0,17.6,0,0,3,3,5,5,11,11,3.0169801115329067,1.16188865622217,2.2331312,-2.6109998,54.664898,2.5009596,21,2021-06-05,16.46625,0.0,85.79125,9.24875,1.0,184.85750000000002,2021,6,5,98.0,0,Peru_4001.csv
2021-06-06,4001,102.0,50.0,10.0,7.0,9.0,1.0,0,0,3,3,5,5,11,11,0.732190432851741,3.07602624771745,-0.32085636,0.77549887,42.65025,27.120657,21,2021-06-06,16.52875,0.0,84.62,8.64875,1.0,178.71125,2021,6,6,102.0,0,Peru_4001.csv
2021-06-07,4001,93.0,53.0,8.0,8.0,1.8,8.6,0,0,3,3,5,5,11,11,-0.5804479304400706,2.5853896190184127,0.6381992,1.3058177,11.350539,28.024622,21,2021-06-07,16.4,0.0,84.9475,6.16625,1.0,206.72875,2021,6,7,93.0,0,Peru_4001.csv
2021-06-08,4001,93.0,62.0,12.0,10.0,8.2,1.0,0,0,3,3,5,5,11,11,1.1887999539596084,3.296854605020389,1.3343741,0.17321922,41.270206,23.200493,21,2021-06-08,16.40375,0.0,84.39125,7.3412500000000005,1.0,170.7875,2021,6,8,93.0,0,Peru_4001.csv
2021-06-09,4001,93.0,58.0,11.0,8.0,12.0,1.0,0,0,3,3,5,5,11,11,1.4610254942490404,2.4968456233898344,2.0245168,-0.12305709,49.4743,13.729999,21,2021-06-09,16.72625,0.0,83.77125,9.56375,1.0,177.005,2021,6,9,93.0,0,Peru_4001.csv
2021-06-10,4001,107.0,44.0,7.0,9.0,5.8,1.0,0,0,3,3,5,5,11,11,-0.5244176938015452,3.760010536215175,-0.7164887,0.7544134,31.326117,44.96581,21,2021-06-10,16.605,0.0,85.2775,10.1075,1.0,173.92125000000001,2021,6,10,107.0,0,Peru_4001.csv
2021-06-11,4001,90.0,29.0,9.0,8.0,7.4,1.0,2,2,1,1,4,4,9,9,-1.4285986157729027,1.4535426062425796,2.1243122,3.013052,-12.584464,12.251019,21,2021-06-11,16.53,0.0,83.45875,8.526250000000001,1.0,199.86375,2021,6,11,90.0,0,Peru_4001.csv
2021-06-12,4001,59.0,42.0,10.0,9.0,10.4,1.0,2,2,1,1,1,1,3,3,-1.5003622987002285,-0.4676378568261245,4.148338,1.7386405,-19.557877,-31.087154,21,2021-06-12,16.4075,0.0,85.08375000000001,7.2875000000000005,1.0,187.7675,2021,6,12,59.0,0,Peru_4001.csv
2021-06-13,4001,82.0,59.0,7.0,10.0,4.4,1.0,2,2,1,1,5,5,11,11,-1.2014645551276455,2.9513866260340467,1.6570154,1.746423,0.8767659,25.383745,21,2021-06-13,16.15125,0.0,85.7225,8.567499999999999,1.0,182.69750000000002,2021,6,13,82.0,0,Peru_4001.csv
2021-06-14,4001,94.0,76.0,17.0,12.0,1.8,2.0,0,0,3,3,5,5,11,11,1.917224869415122,4.764857331698184,0.6471583,0.7268359,29.519958,19.305815,21,2021-06-14,16.50875,0.0,85.1625,8.415,1.0,202.5625,2021,6,14,94.0,0,Peru_4001.csv
2021-06-15,4001,121.0,70.0,11.0,11.0,1.8,1.0,0,0,3,3,5,5,10,10,1.595840507285829,6.627543710452694,-2.110983,-0.28222138,68.350586,52.230835,21,2021-06-15,17.75625,0.0,83.25,7.30625,1.0,186.595,2021,6,15,121.0,0,Peru_4001.csv
2021-06-16,4001,114.0,67.0,5.0,11.0,2.8,1.0,0,0,3,3,5,5,11,11,0.0619829564284726,5.992827463106349,-1.3812739,-0.29572448,55.17271,51.87558,21,2021-06-16,18.64875,0.0,78.005,12.08,1.0,163.51624999999999,2021,6,16,114.0,0,Peru_4001.csv
2021-06-17,4001,85.0,68.0,6.0,8.0,0.0,1.0,0,0,3,3,5,5,11,11,-1.5904762073138934,4.051317746629719,1.6950432,1.7669963,1.2827164,26.464573,21,2021-06-17,17.2375,0.0,87.09375,10.695,1.0,179.74375,2021,6,17,85.0,0,Peru_4001.csv
2021-06-18,4001,121.0,44.0,4.0,7.0,13.2,1.0,0,0,3,3,5,5,10,10,0.873754936716258,3.770807109034525,-1.4008309,0.09377818,57.763885,53.76204,21,2021-06-18,16.84625,0.0,87.0825,10.508750000000001,1.0,175.14125,2021,6,18,121.0,0,Peru_4001.csv
2021-06-19,4001,80.0,46.0,5.0,7.0,11.4,1.0,2,2,1,1,1,1,9,9,-1.120189628581495,1.1045410661016373,3.136908,2.023989,-50.669212,-1.1418636,21,2021-06-19,16.73125,0.0,86.71375,8.55375,1.0,219.74625,2021,6,19,80.0,0,Peru_4001.csv
2021-06-20,4001,80.0,27.0,5.0,6.0,0.2,1.0,2,2,1,1,1,1,3,3,-4.132257935587356,1.4870188628066217,2.4907258,4.285599,-36.568287,4.485611,21,2021-06-20,16.69375,0.0,85.94875,11.3775,1.0,169.88125,2021,6,20,80.0,0,Peru_4001.csv
2021-06-21,4001,61.0,33.0,6.0,8.0,4.2,1.0,2,2,1,1,1,1,3,3,-3.807267458508594,0.031086476772815976,3.5537543,4.3675013,-56.262356,-8.031783,21,2021-06-21,16.45375,0.0,86.35,10.92625,1.0,176.33625,2021,6,21,61.0,0,Peru_4001.csv
2021-06-22,4001,74.0,37.0,10.0,8.0,9.2,1.0,2,2,1,1,4,4,9,9,-1.2553889344463205,0.44529277789844435,3.5755277,1.9470725,-1.385738,-17.353174,21,2021-06-22,16.92625,0.0,81.38625,9.28375,1.0,173.09125,2021,6,22,74.0,0,Peru_4001.csv
2021-06-23,4001,60.0,54.0,7.0,9.0,3.8,1.0,2,2,1,1,1,1,3,3,-2.631525784995157,1.1102954224428454,3.1883307,2.838819,-63.763668,2.0519853,21,2021-06-23,16.265,0.0,82.8,14.425,1.0,163.11875,2021,6,23,60.0,0,Peru_4001.csv
2021-06-24,4001,100.0,46.0,7.0,8.0,5.2,10.8,0,0,3,3,5,5,11,11,-0.0016811026241928281,2.043914117607294,-0.41556722,-0.3497605,25.84058,45.738354,21,2021-06-24,16.0225,0.0,85.505,10.26625,1.0,179.0775,2021,6,24,100.0,0,Peru_4001.csv
2021-06-25,4001,73.0,41.0,7.0,8.0,1.8,1.0,2,2,1,1,1,1,3,3,-3.043184987438036,1.5779522366100311,2.7175708,3.7590947,-27.620876,-2.7741077,21,2021-06-25,15.845,0.0,84.385,8.435,1.0,178.20875,2021,6,25,73.0,0,Peru_4001.csv
2021-06-26,4001,63.0,45.0,11.0,8.0,9.8,1.0,2,2,1,1,4,4,9,9,-1.057960682773203,-0.05010629306238878,3.880761,1.65775,-19.803232,-31.049965,21,2021-06-26,15.9075,0.0,84.01625,8.61875,1.0,208.80625,2021,6,26,63.0,0,Peru_4001.csv
2021-06-27,4001,88.0,40.0,8.0,7.0,4.0,1.2,2,2,1,1,4,4,11,11,-1.7549232815421367,2.2124561922354373,1.440335,2.9542928,-7.7146964,10.187331,21,2021-06-27,15.825,0.0,84.2825,7.5425,1.0,205.01125,2021,6,27,88.0,0,Peru_4001.csv
2021-06-28,4001,80.0,54.0,8.0,8.0,5.4,15.2,2,2,1,1,4,4,11,11,0.0785142994292085,0.3582655423136049,1.3033382,-2.416931,5.67985,-46.37708,21,2021-06-28,16.21,0.0,83.8125,7.7562500000000005,1.0,194.145,2021,6,28,80.0,0,Peru_4001.csv
2021-06-29,4001,107.0,60.0,14.0,9.0,14.0,1.0,0,0,3,3,5,5,10,10,3.2131145396353253,3.3582657043313913,1.8450323,-0.6368174,56.674038,17.124565,21,2021-06-29,16.26625,0.0,85.02125,9.72125,1.0,175.0375,2021,6,29,107.0,0,Peru_4001.csv
2021-06-30,4001,120.0,35.0,4.0,9.0,2.6,6.4,0,0,3,3,5,5,10,10,-1.0769739461635413,4.003504612571959,-1.4570525,0.30973116,36.877686,54.282257,21,2021-06-30,15.475,0.0,86.16,13.1325,1.0,168.6875,2021,6,30,120.0,0,Peru_4001.csv
2021-07-01,4001,76.0,45.0,6.0,10.0,9.0,1.0,2,2,1,1,1,1,9,9,-1.5906842310427178,1.2614672533493527,3.0153334,1.9172649,-46.061367,11.650938,21,2021-07-01,15.436250000000001,0.0,83.46,10.9525,1.0,163.505,2021,7,1,76.0,0,Peru_4001.csv
2021-07-02,4001,87.0,55.0,8.0,9.0,10.2,1.0,0,0,3,3,5,5,11,11,0.08158023696587523,2.2856791513607013,-3.6725245,2.1146789,-7.0948076,15.039939,21,2021-07-02,15.11,0.0,83.09375,11.8775,1.0,163.89625,2021,7,2,87.0,0,Peru_4001.csv
2021-07-03,4001,101.0,55.0,7.0,10.0,3.4,1.0,0,0,3,3,5,5,11,11,-0.6741588772723919,4.252071647136037,-1.0231872,-0.1290889,38.67086,44.63061,21,2021-07-03,15.16,0.0,81.0575,9.31875,1.0,160.24,2021,7,3,101.0,0,Peru_4001.csv
2021-07-04,4001,101.0,65.0,13.0,12.0,2.0,1.0,0,0,3,3,5,5,11,11,0.8166466869137186,4.927642657380785,-0.8977207,0.7415879,40.997597,40.827408,21,2021-07-04,15.52375,0.0,80.35,11.085,1.0,154.95375,2021,7,4,101.0,0,Peru_4001.csv
2021-07-05,4001,107.0,62.0,8.0,9.0,7.6,1.0,0,0,3,3,5,5,11,11,0.9396383082064966,4.411406788332575,-1.3275882,-0.10550954,46.716476,31.120249,21,2021-07-05,15.328750000000001,0.0,84.67875,11.276250000000001,1.0,163.375,2021,7,5,107.0,0,Peru_4001.csv
2021-07-06,4001,118.0,73.0,11.0,10.0,10.8,1.0,0,0,3,3,5,5,10,10,3.231581304641395,5.355970914213913,-1.9492754,-0.0074093607,71.24518,38.40513,21,2021-07-06,15.53875,0.0,81.4625,13.13875,1.0,157.4825,2021,7,6,118.0,0,Peru_4001.csv
2021-07-07,4001,101.0,53.0,8.0,7.0,10.0,4.2,0,0,3,3,5,5,11,11,0.8962516064289741,2.6493325990247647,-0.35786662,0.14727186,44.8272,28.092968,21,2021-07-07,15.215,0.0,83.9525,7.938750000000001,1.0,190.92375,2021,7,7,101.0,0,Peru_4001.csv
2021-07-08,4001,96.0,64.0,16.0,8.0,11.4,1.0,0,0,3,3,5,5,11,11,2.826696197787006,2.9667905782496558,1.785624,0.23628272,41.3156,16.70595,21,2021-07-08,15.82375,0.0,80.88125,6.55125,1.0,179.52125,2021,7,8,96.0,0,Peru_4001.csv
2021-07-09,4001,100.0,72.0,9.0,9.0,3.2,1.0,0,0,3,3,5,5,11,11,0.5305253717782287,4.934519917702279,-1.1626638,-0.64200175,40.51764,49.366283,21,2021-07-09,15.9625,0.0,83.01625,7.983750000000001,1.0,178.90625,2021,7,9,100.0,0,Peru_4001.csv
2021-07-10,4001,123.0,69.0,7.0,10.0,0.2,1.0,0,0,3,3,5,5,10,10,0.5356522967211101,6.948966065436683,-2.0549638,-0.27855772,67.282166,51.377132,21,2021-07-10,15.74375,0.0,85.93875,8.04,1.0,193.32,2021,7,10,123.0,0,Peru_4001.csv
2021-07-11,4001,117.0,59.0,6.0,9.0,5.2,1.0,0,0,3,3,5,5,10,10,0.42511301412422403,5.336098718816796,-1.4614679,-0.23273492,55.882107,50.943546,21,2021-07-11,15.803749999999999,0.0,85.62,6.6525,1.0,202.5475,2021,7,11,117.0,0,Peru_4001.csv
2021-07-12,4001,117.0,67.0,3.0,9.0,1.0,1.0,0,0,3,3,5,5,11,11,-0.5285350966647696,6.339341223442536,-1.3504454,-0.3690984,55.008205,52.036057,21,2021-07-12,16.79375,0.0,82.21875,10.38875,1.0,166.66625,2021,7,12,117.0,0,Peru_4001.csv
2021-07-13,4001,114.0,55.0,5.6,10.0,0.0,1.0,0,0,3,3,5,5,11,11,-0.9467240738031247,5.655264057961743,-1.1455737,-0.018333163,36.251858,45.04728,21,2021-07-13,16.291249999999998,0.0,86.71875,12.01125,1.0,180.0575,2021,7,13,114.0,0,Peru_4001.csv
2021-07-14,4001,114.0,45.0,5.0,16.6,5.4,12.2,0,0,3,3,5,5,10,10,0.38628803402765816,3.473576642089316,-0.87987846,-0.22849552,24.618397,46.56933,21,2021-07-14,16.01,0.0,86.0475,9.4775,1.0,191.10250000000002,2021,7,14,114.0,0,Peru_4001.csv
2021-07-15,4001,79.0,31.0,15.0,11.8,10.2,12.0,2,2,1,1,4,4,9,9,0.8497109123731265,-0.9371216047182739,3.1718802,-2.064679,16.464329,-46.59102,21,2021-07-15,16.00375,0.0,83.89125,7.88125,1.0,212.45,2021,7,15,79.0,0,Peru_4001.csv
2021-07-16,4001,62.0,42.0,11.8,18.2,9.2,10.8,2,2,1,1,4,4,9,9,-0.3269332338777666,-0.7825281908979618,3.7633908,1.4120114,7.858303,-11.572891,21,2021-07-16,15.775,0.0,85.385,8.11875,1.0,185.6525,2021,7,16,62.0,0,Peru_4001.csv
2021-07-17,4001,76.0,43.0,15.6,32.2,12.6,12.2,0,0,1,1,4,4,9,9,1.9313157415462074,0.597046563696302,0.063579254,1.5612125,38.133324,-2.7335975,21,2021-07-17,15.96125,0.0,84.14125,8.16875,1.0,180.25,2021,7,17,76.0,0,Peru_4001.csv
2021-07-18,4001,73.0,54.0,15.0,10.2,11.6,4.8,2,2,1,1,4,4,9,9,1.3700095423889025,0.45227664287615693,3.0291638,0.6422576,20.710245,-8.992284,21,2021-07-18,15.7325,0.0,85.135,8.911249999999999,1.0,176.44375,2021,7,18,73.0,0,Peru_4001.csv
2021-07-19,4001,108.0,57.0,14.0,14.6,4.8,7.0,0,0,3,3,5,5,10,10,1.981673724661464,4.043698304342616,-1.102619,1.0510545,42.856552,35.722603,21,2021-07-19,15.985,0.0,84.4475,10.10125,1.0,171.2825,2021,7,19,108.0,0,Peru_4001.csv
2021-07-20,4001,92.0,68.0,31.0,13.8,7.6,7.0,0,0,3,3,4,4,7,7,5.746856483307694,2.6064226193245887,-2.0724003,3.2450137,90.70426,-5.9701595,21,2021-07-20,15.675,0.0,84.86875,7.8925,1.0,184.125,2021,7,20,92.0,0,Peru_4001.csv
2021-07-21,4001,106.0,70.0,12.4,12.2,6.4,10.0,0,0,3,3,5,5,10,10,2.785856839800311,3.8117470781553853,-1.3338228,-0.030971508,65.682304,20.424404,21,2021-07-21,15.92125,0.0,84.0225,8.755,1.0,175.32125,2021,7,21,106.0,0,Peru_4001.csv
2021-07-22,4001,127.0,57.0,16.8,15.6,7.4,7.2,0,0,3,3,5,5,10,10,3.956199086416251,5.069547481515409,-2.1266007,1.1025031,74.14931,32.70675,21,2021-07-22,15.45875,0.0,85.60875,11.8025,1.0,170.29999999999998,2021,7,22,127.0,0,Peru_4001.csv
2021-07-23,4001,111.0,49.0,11.2,17.0,11.0,11.6,0,0,3,3,5,5,10,10,2.6706777796958083,2.709299315845058,-1.5774037,0.52444535,62.185917,23.142126,21,2021-07-23,15.6325,0.0,83.9075,12.442499999999999,1.0,168.305,2021,7,23,111.0,0,Peru_4001.csv
2021-07-24,4001,100.0,56.0,16.2,14.6,12.4,7.0,0,0,3,3,5,5,9,9,3.364855597889715,2.404504419431903,2.2689772,-0.49195263,64.4388,12.027353,21,2021-07-24,15.584999999999999,0.0,84.11,11.24,1.0,166.58375,2021,7,24,100.0,0,Peru_4001.csv
2021-07-25,4001,99.0,54.0,15.4,16.2,13.4,14.6,0,0,3,3,5,5,9,9,3.904474612602304,1.2256142243151322,2.7882953,-1.6527904,55.253315,4.9591107,21,2021-07-25,16.0775,0.0,81.0425,8.68875,1.0,169.6275,2021,7,25,99.0,0,Peru_4001.csv
2021-07-26,4001,102.0,67.0,9.2,24.0,5.4,8.2,0,0,3,3,5,5,11,11,1.4630611833380538,4.681135171430914,-0.5489845,-0.025819777,42.33658,57.28445,21,2021-07-26,16.2675,0.0,84.00625,11.08625,1.0,165.87,2021,7,26,102.0,0,Peru_4001.csv
2021-07-27,4001,118.0,73.0,18.4,16.8,5.0,5.6,0,0,3,3,5,5,10,10,4.106223061995308,5.784401269964157,-2.1266572,0.9529613,71.08735,31.545399,21,2021-07-27,16.45375,0.0,86.54625,8.5175,1.0,208.36875,2021,7,27,118.0,0,Peru_4001.csv
2021-07-28,4001,139.0,49.0,15.2,17.6,13.0,7.0,0,0,3,3,5,5,10,10,4.79010218661219,5.045764521941937,-2.4369385,0.7394629,76.83838,34.079033,21,2021-07-28,16.28125,0.0,85.54,10.38125,1.0,174.96375,2021,7,28,139.0,0,Peru_4001.csv
2021-07-29,4001,84.0,37.0,14.2,11.2,9.6,7.4,2,2,1,1,4,4,9,9,0.7239030703166455,0.3927046166931326,0.9079707,2.3870292,9.598329,2.3947794,21,2021-07-29,15.69125,0.0,86.3275,8.905,1.0,183.97,2021,7,29,84.0,0,Peru_4001.csv
2021-07-30,4001,86.0,30.0,8.6,17.2,9.8,6.2,2,2,1,1,4,4,9,9,-0.7445451758458232,0.89948745648734,2.1583412,2.591407,-11.18163,11.391207,21,2021-07-30,15.76375,0.0,85.25999999999999,9.96375,1.0,174.57875,2021,7,30,86.0,0,Peru_4001.csv
2021-07-31,4001,62.0,39.0,9.6,19.6,6.4,3.4,2,2,1,1,1,1,3,3,-2.088375778670152,0.5665071366994381,3.5715656,2.2045975,-17.823147,-22.920637,21,2021-07-31,15.7125,0.0,84.785,11.785,1.0,176.815,2021,7,31,62.0,0,Peru_4001.csv
2021-08-01,4001,70.0,36.0,11.4,27.8,6.0,12.0,2,2,1,1,4,4,9,9,-0.7927915315685875,0.45004264250794923,0.47412077,0.9413758,27.2149,-3.304879,21,2021-08-01,15.775,0.0,85.5925,9.16625,1.0,171.28875,2021,8,1,70.0,0,Peru_4001.csv
2021-08-02,4001,69.0,43.0,9.4,8.8,5.8,6.2,2,2,1,1,1,1,9,9,-1.460276694960563,0.18890480273636223,2.6051643,3.0068908,-27.35479,0.10538796,21,2021-08-02,15.8475,0.0,86.21875,9.455,1.0,173.0875,2021,8,2,69.0,0,Peru_4001.csv
2021-08-03,4001,77.0,57.0,18.4,20.0,6.8,8.6,0,0,3,3,4,4,9,9,1.8934631567544953,1.6204002247149458,0.30363777,1.6917098,31.792498,6.3231206,21,2021-08-03,15.955,0.0,86.48375,10.325,1.0,186.94875000000002,2021,8,3,77.0,0,Peru_4001.csv
2021-08-04,4001,106.0,41.0,11.4,22.2,5.2,6.4,0,0,3,3,5,5,11,11,0.5548097511058439,3.7472499996644446,-0.5630883,0.9182727,34.57263,32.773273,21,2021-08-04,15.87125,0.0,86.45375,8.54,1.0,190.9475,2021,8,4,106.0,0,Peru_4001.csv
2021-08-05,4001,78.0,43.0,8.2,16.4,6.0,5.4,2,2,1,1,4,4,9,9,-1.2943718582364536,1.5082810797217792,1.0139545,0.5729049,-31.297787,30.987247,21,2021-08-05,15.7275,0.0,85.99375,12.39375,1.0,172.38625000000002,2021,8,5,78.0,0,Peru_4001.csv
2021-08-06,4001,85.0,55.0,14.4,16.4,5.4,20.2,0,0,3,3,5,5,9,9,2.128026886283324,0.5578023963201082,2.5882382,-3.263975,20.653051,-58.08703,21,2021-08-06,15.38625,0.0,85.71375,13.1975,1.0,164.775,2021,8,6,85.0,0,Peru_4001.csv
2021-08-07,4001,110.0,48.0,13.2,25.4,3.2,48.4,1,1,2,2,3,3,8,8,4.832617479104143,-0.7932463903704686,3.2676368,-7.102823,28.038328,-88.20165,21,2021-08-07,15.1325,0.0,85.73375,13.065,1.0,168.1825,2021,8,7,110.0,0,Peru_4001.csv
2021-08-08,4001,100.0,28.0,14.6,15.6,2.6,19.6,0,0,3,3,4,4,9,9,0.9287283086220496,0.6589740558762126,2.4088044,-3.4411035,56.201714,-6.3540998,21,2021-08-08,14.879999999999999,0.0,85.28125,13.33,1.0,163.23875,2021,8,8,100.0,0,Peru_4001.csv
2021-08-09,4001,68.0,46.0,11.6,19.0,5.0,15.8,2,2,1,1,4,4,9,9,-0.18632313874845113,-0.2253683533331047,2.2098396,-2.720636,9.656263,-56.004578,21,2021-08-09,15.18625,0.0,83.54625,10.10375,1.0,191.7875,2021,8,9,68.0,0,Peru_4001.csv
2021-08-10,4001,86.0,47.0,6.0,17.8,14.8,5.8,2,2,1,1,4,4,9,9,0.47842357798125884,1.284769006083081,1.3997078,0.00064366753,-9.487177,23.84045,21,2021-08-10,15.16,0.0,83.215,11.4925,1.0,164.4025,2021,8,10,86.0,0,Peru_4001.csv
2021-08-11,4001,96.0,34.0,11.0,17.2,8.0,5.8,0,0,3,3,4,4,9,9,0.07327618960986487,2.0445589297506865,0.11390391,1.0101947,21.265211,30.84297,21,2021-08-11,14.845,0.0,83.1825,10.15875,1.0,165.725,2021,8,11,96.0,0,Peru_4001.csv
2021-08-12,4001,63.0,53.0,5.8,5.8,6.8,8.8,2,2,1,1,1,1,3,3,-1.5564612780338654,-0.34856133418878976,3.051687,2.0342453,-61.23312,3.5732348,21,2021-08-12,14.98,0.0,82.67750000000001,9.18,1.0,170.40125,2021,8,12,63.0,0,Peru_4001.csv
2021-08-13,4001,101.0,60.0,23.8,20.8,7.4,8.0,0,0,3,3,5,5,10,10,4.361783364956912,3.4383304766916183,-1.997303,2.4322743,77.89925,10.486877,21,2021-08-13,15.52625,0.0,82.605,10.63,1.0,182.64249999999998,2021,8,13,101.0,0,Peru_4001.csv
2021-08-14,4001,117.0,47.0,10.0,18.6,7.2,6.0,0,0,3,3,5,5,10,10,1.4326409492818108,4.417555605072825,-1.4462869,0.32743546,47.650948,45.291958,21,2021-08-14,15.63875,0.0,83.4275,9.895,1.0,180.845,2021,8,14,117.0,0,Peru_4001.csv
2021-08-15,4001,78.0,37.0,17.2,21.0,9.6,16.4,2,2,1,1,4,4,9,9,1.8547175913592975,-0.6032438703885299,3.1260338,-2.2029555,16.871706,-49.69827,21,2021-08-15,15.39125,0.0,84.235,11.365,1.0,173.77625,2021,8,15,78.0,0,Peru_4001.csv
2021-08-16,4001,96.0,31.0,8.8,12.8,6.2,18.0,2,2,1,1,4,4,9,9,0.21624849877919547,0.2196439746075993,1.7685964,-3.3327272,4.8305387,-42.88124,21,2021-08-16,15.16125,0.0,83.845,12.30125,1.0,172.23375,2021,8,16,96.0,0,Peru_4001.csv
2021-08-17,4001,64.0,30.0,20.4,12.8,6.0,34.6,1,1,2,2,3,3,4,4,2.413719129844945,-4.630554146593763,3.8679426,-5.096172,18.01385,-80.94145,21,2021-08-17,15.1475,0.0,84.84875,9.97125,1.0,177.84875,2021,8,17,64.0,0,Peru_4001.csv
2021-08-18,4001,102.0,72.0,4.0,14.0,1.8,2.0,0,0,3,3,5,5,11,11,-0.5481211713091294,5.61090825550339,-0.8422591,-0.5473573,37.786797,47.486908,21,2021-08-18,15.335,0.0,82.745,9.75125,1.0,169.48375000000001,2021,8,18,102.0,0,Peru_4001.csv
2021-08-19,4001,82.0,87.0,5.0,12.0,1.0,6.0,0,0,3,3,5,5,11,11,-0.32305500389625436,4.309094909286085,-1.1550454,-1.7568067,25.092224,66.11596,21,2021-08-19,15.4025,0.0,84.77625,10.4875,1.0,179.9725,2021,8,19,87.0,0,Peru_4001.csv
2021-08-20,4001,82.0,56.0,5.0,11.0,1.0,5.0,2,2,1,1,1,1,11,11,-2.0237294188265644,2.8156109504907945,1.6157893,2.0357382,-3.4514153,24.658054,21,2021-08-20,15.0925,0.0,87.02,9.02875,1.0,194.00875000000002,2021,8,20,82.0,0,Peru_4001.csv
2021-08-21,4001,105.8,55.0,7.0,11.0,1.0,2.0,0,0,3,3,5,5,11,11,-0.7865584345628496,4.84065200158694,-1.0832273,-0.11317894,38.088184,44.5644,21,2021-08-21,15.38375,0.0,83.42125,8.20875,1.0,183.5875,2021,8,21,105.8,0,Peru_4001.csv
2021-08-22,4001,93.2,44.0,5.0,9.0,1.0,1.0,2,2,1,1,5,5,11,11,-2.463800119588332,3.413885604473492,1.0653392,2.5327928,-18.939974,17.023018,21,2021-08-22,15.55,0.0,84.95375,8.02375,1.0,192.1525,2021,8,22,93.2,0,Peru_4001.csv
2021-08-23,4001,107.8,61.0,8.0,10.0,1.0,1.0,0,0,3,3,5,5,11,11,-0.2646470782441627,5.322220208109934,-1.1466879,-0.18880828,39.70097,45.206497,21,2021-08-23,15.625,0.0,85.095,6.56875,1.0,215.39625,2021,8,23,107.8,0,Peru_4001.csv
2021-08-24,4001,106.4,52.0,4.0,12.0,1.0,1.0,0,0,3,3,5,5,11,11,-1.6110729582911418,5.014828991119273,-0.8923999,-0.20969358,34.896294,44.971207,21,2021-08-24,15.515,0.0,85.74375,10.36625,1.0,184.845,2021,8,24,106.4,0,Peru_4001.csv
2021-08-25,4001,103.8,68.0,6.0,12.0,1.0,1.0,0,0,3,3,5,5,11,11,-0.4979072853929417,5.579356418655598,-1.0084438,-0.43293014,38.418697,47.059715,21,2021-08-25,15.192499999999999,0.0,85.37,10.9775,1.0,177.20875,2021,8,25,103.8,0,Peru_4001.csv
2021-08-26,4001,73.6,53.0,5.0,10.0,8.0,1.0,2,2,1,1,1,1,11,11,-1.6748484944956836,1.6392237805963494,2.8870077,1.835667,-46.22962,12.395806,21,2021-08-26,15.11,0.0,85.84375,9.9025,1.0,211.39,2021,8,26,73.6,0,Peru_4001.csv
2021-08-27,4001,107.2,72.0,8.0,12.0,3.0,1.0,0,0,3,3,5,5,11,11,0.6422096296585852,5.725173037404964,-1.2254382,-0.4213287,40.016327,47.047573,21,2021-08-27,14.8425,0.0,83.83875,9.54875,1.0,186.1825,2021,8,27,107.2,0,Peru_4001.csv
2021-08-28,4001,102.4,73.0,5.0,13.0,4.2,2.0,0,0,3,3,5,5,11,11,0.15879336372476127,5.290352223723257,-0.8138999,-0.6177754,37.839035,47.53675,21,2021-08-28,15.15875,0.0,81.4175,8.9225,1.0,185.38,2021,8,28,102.4,0,Peru_4001.csv
2021-08-29,4001,109.6,95.0,7.0,13.0,2.2,2.0,0,0,3,3,5,5,11,11,1.6947986780140047,7.11661350694046,-1.7663902,-0.954117,37.36583,74.16223,21,2021-08-29,15.50375,0.0,82.955,10.12625,1.0,186.0675,2021,8,29,109.6,0,Peru_4001.csv
2021-08-30,4001,125.0,60.0,8.0,10.0,3.8,1.0,0,0,3,3,5,5,10,10,1.0182738718758346,6.1652108221453705,-1.799057,-0.078994125,56.087337,49.687973,21,2021-08-30,15.04,0.0,84.32875,10.29625,1.0,182.56125,2021,8,30,125.0,0,Peru_4001.csv
2021-08-31,4001,114.0,62.0,11.0,11.0,1.0,1.0,0,0,3,3,5,5,10,10,0.6982043035315187,5.820299323948096,-1.3805833,0.3820363,44.249138,43.24725,21,2021-08-31,14.89125,0.0,84.81125,10.98,1.0,174.08375,2021,8,31,114.0,0,Peru_4001.csv
2021-09-01,4001,112.2,55.0,8.0,10.0,8.4,2.0,0,0,3,3,5,5,11,11,1.0608679919882067,4.27565877353934,-1.2448801,0.07247583,46.83801,30.105373,21,2021-09-01,14.92125,0.0,84.3325,11.39375,1.0,175.13875000000002,2021,9,1,112.2,0,Peru_4001.csv
2021-09-02,4001,94.0,92.0,8.0,14.0,1.0,2.0,0,0,3,3,5,5,11,11,0.7751631792582416,6.0362381027528915,-1.0690786,-1.1527419,29.589754,65.56717,21,2021-09-02,15.33625,0.0,80.9275,10.25375,1.0,168.86,2021,9,2,94.0,0,Peru_4001.csv
2021-09-03,4001,99.2,64.0,9.0,11.0,0.8,1.0,0,0,3,3,5,5,11,11,-0.3544424261868984,4.923674240854534,-1.0563155,-0.12895556,40.05414,44.001373,21,2021-09-03,15.975,0.0,82.9375,10.8875,1.0,175.35,2021,9,3,99.2,0,Peru_4001.csv
2021-09-04,4001,104.0,61.0,8.0,13.0,4.2,2.0,0,0,3,3,5,5,11,11,0.22296096651276345,4.7304848925447285,-1.1218632,-0.16734087,39.163746,45.658363,21,2021-09-04,15.45125,0.0,86.76625,9.5825,1.0,197.01500000000001,2021,9,4,104.0,0,Peru_4001.csv
2021-09-05,4001,108.2,60.0,11.0,11.0,5.0,1.0,0,0,3,3,5,5,11,11,1.0373299072901625,4.797211253051342,-1.0991889,0.60557634,43.510036,40.067238,21,2021-09-05,15.4025,0.0,84.515,9.765,1.0,178.33375,2021,9,5,108.2,0,Peru_4001.csv
2021-09-06,4001,82.2,61.0,7.0,11.0,2.4,1.0,2,2,3,3,5,5,11,11,-1.4477706281255598,3.3907914792618565,1.6636183,1.8325633,0.6946922,25.618876,21,2021-09-06,15.27375,0.0,83.68375,10.25375,1.0,173.2775,2021,9,6,82.2,0,Peru_4001.csv
2021-09-07,4001,103.6,63.0,11.0,12.0,1.0,2.0,0,0,3,3,5,5,11,11,0.3386870811654004,5.056862835923135,-0.9990567,0.5204654,41.53742,41.73621,21,2021-09-07,15.51375,0.0,83.9825,12.14,1.0,174.13125,2021,9,7,103.6,0,Peru_4001.csv
2021-09-08,4001,106.0,63.0,7.0,11.0,4.2,2.0,0,0,3,3,5,5,11,11,0.21688285501156598,4.853856000297131,-1.158919,-0.2812672,39.19825,45.86843,21,2021-09-08,15.2575,0.0,85.54625,8.9475,1.0,197.155,2021,9,8,106.0,0,Peru_4001.csv
2021-09-09,4001,76.26329315845445,39.0951871657754,11.939310035171744,12.942866095675788,8.522758485383559,9.978580024067387,2,2,1,1,4,4,9,9,0.03549621024003731,-0.08868490030010638,18.572994,-1.1240097,-13.194237,61.20619,21,2021-09-09,15.43375,0.0,85.41749999999999,8.6675,1.0,193.71875,2021,9,9,76.26329315845445,0,Peru_4001.csv
2021-09-10,4001,76.26329315845445,39.0951871657754,11.939310035171744,12.942866095675788,8.522758485383559,9.978580024067387,2,2,1,1,4,4,9,9,0.03549621024003731,-0.08868490030010638,18.407755,-0.8270287,-13.194237,61.20619,21,2021-09-10,14.9975,0.0,85.76,9.49,1.0,189.67125,2021,9,10,76.26329315845445,0,Peru_4001.csv
2021-09-11,4001,76.26329315845445,39.0951871657754,11.939310035171744,12.942866095675788,8.522758485383559,9.978580024067387,2,2,1,1,4,4,9,9,0.03549621024003731,-0.08868490030010638,18.844687,-0.508478,-13.194237,61.20619,21,2021-09-11,15.768749999999999,0.0,81.42750000000001,10.39875,1.0,178.39625,2021,9,11,76.26329315845445,0,Peru_4001.csv
2021-09-12,4001,76.26329315845445,39.0951871657754,11.939310035171744,12.942866095675788,8.522758485383559,9.978580024067387,2,2,1,1,4,4,9,9,0.03549621024003731,-0.08868490030010638,18.873367,-0.42359272,-13.194237,61.20619,21,2021-09-12,15.52125,0.0,82.9775,12.19875,1.0,167.365,2021,9,12,76.26329315845445,0,Peru_4001.csv
2021-09-13,4001,76.26329315845445,39.0951871657754,11.939310035171744,12.942866095675788,8.522758485383559,9.978580024067387,2,2,1,1,4,4,9,9,0.03549621024003731,-0.08868490030010638,18.783188,-0.6207301,-13.194237,61.20619,21,2021-09-13,15.46875,0.0,84.3125,10.895,1.0,181.45375,2021,9,13,76.26329315845445,0,Peru_4001.csv
2021-09-14,4001,76.26329315845445,39.0951871657754,11.939310035171744,12.942866095675788,8.522758485383559,9.978580024067387,2,2,1,1,4,4,9,9,0.03549621024003731,-0.08868490030010638,18.702457,-0.13912146,-13.194237,61.20619,21,2021-09-14,15.34875,0.0,84.10499999999999,9.286249999999999,1.0,194.59875,2021,9,14,76.26329315845445,0,Peru_4001.csv
2021-09-15,4001,76.26329315845445,39.0951871657754,11.939310035171744,12.942866095675788,8.522758485383559,9.978580024067387,2,2,1,1,4,4,9,9,0.03549621024003731,-0.08868490030010638,17.988573,-0.14436918,-13.194237,61.20619,21,2021-09-15,15.64125,0.0,83.355,11.28,1.0,180.02625,2021,9,15,76.26329315845445,0,Peru_4001.csv
2021-09-16,4001,76.26329315845445,39.0951871657754,11.939310035171744,12.942866095675788,8.522758485383559,9.978580024067387,2,2,1,1,4,4,9,9,0.03549621024003731,-0.08868490030010638,18.3437,0.04575582,-13.194237,61.20619,21,2021-09-16,15.2125,0.0,83.22,10.16375,1.0,182.30625,2021,9,16,76.26329315845445,0,Peru_4001.csv
2021-09-17,4001,76.26329315845445,39.0951871657754,11.939310035171744,12.942866095675788,8.522758485383559,9.978580024067387,2,2,1,1,4,4,9,9,0.03549621024003731,-0.08868490030010638,19.235832,-0.5630915,-13.194237,61.20619,21,2021-09-17,15.434999999999999,0.0,81.62125,11.27875,1.0,176.245,2021,9,17,76.26329315845445,0,Peru_4001.csv
2021-09-18,4001,76.26329315845445,39.0951871657754,11.939310035171744,12.942866095675788,8.522758485383559,9.978580024067387,2,2,1,1,4,4,9,9,0.03549621024003731,-0.08868490030010638,18.759048,-0.39932635,-13.194237,61.20619,21,2021-09-18,15.07,0.0,83.18875,9.89375,1.0,185.16625,2021,9,18,76.26329315845445,0,Peru_4001.csv
2021-09-19,4001,76.26329315845445,39.0951871657754,11.939310035171744,12.942866095675788,8.522758485383559,9.978580024067387,2,2,1,1,4,4,9,9,0.03549621024003731,-0.08868490030010638,19.384018,-0.52442884,-13.194237,61.20619,21,2021-09-19,14.79,0.0,83.36875,12.505,1.0,167.61875,2021,9,19,76.26329315845445,0,Peru_4001.csv
2021-09-20,4001,76.26329315845445,39.0951871657754,11.939310035171744,12.942866095675788,8.522758485383559,9.978580024067387,2,2,1,1,4,4,9,9,0.03549621024003731,-0.08868490030010638,19.260195,-0.60628235,-13.194237,61.20619,21,2021-09-20,15.092500000000001,0.0,82.525,11.12625,1.0,184.855,2021,9,20,76.26329315845445,0,Peru_4001.csv
2021-09-21,4001,76.26329315845445,39.0951871657754,11.939310035171744,12.942866095675788,8.522758485383559,9.978580024067387,2,2,1,1,4,4,9,9,0.03549621024003731,-0.08868490030010638,18.168161,0.26057625,-13.194237,61.20619,21,2021-09-21,15.84375,0.0,81.385,10.875,1.0,178.23875,2021,9,21,76.26329315845445,0,Peru_4001.csv
2021-09-22,4001,76.26329315845445,39.0951871657754,11.939310035171744,12.942866095675788,8.522758485383559,9.978580024067387,2,2,1,1,4,4,9,9,0.03549621024003731,-0.08868490030010638,19.347876,-0.023549058,-13.194237,61.20619,21,2021-09-22,15.535,0.0,82.15,11.66,1.0,178.5275,2021,9,22,76.26329315845445,0,Peru_4001.csv
2021-09-23,4001,76.26329315845445,39.0951871657754,11.939310035171744,12.942866095675788,8.522758485383559,9.978580024067387,2,2,1,1,4,4,9,9,0.03549621024003731,-0.08868490030010638,18.338223,0.43834478,-13.194237,61.20619,21,2021-09-23,15.35,0.0,82.00625,8.12,1.0,182.41875,2021,9,23,76.26329315845445,0,Peru_4001.csv
2021-09-24,4001,76.26329315845445,39.0951871657754,11.939310035171744,12.942866095675788,8.522758485383559,9.978580024067387,2,2,1,1,4,4,9,9,0.03549621024003731,-0.08868490030010638,18.313787,0.51718736,-13.194237,61.20619,21,2021-09-24,16.04625,0.0,80.60875,8.0725,1.0,193.875,2021,9,24,76.26329315845445,0,Peru_4001.csv
2021-09-25,4001,76.26329315845445,39.0951871657754,11.939310035171744,12.942866095675788,8.522758485383559,9.978580024067387,2,2,1,1,4,4,9,9,0.03549621024003731,-0.08868490030010638,19.517775,-0.40482506,-13.194237,61.20619,21,2021-09-25,16.0325,0.0,81.76625,12.5475,1.0,175.2125,2021,9,25,76.26329315845445,0,Peru_4001.csv
2021-09-26,4001,76.26329315845445,39.0951871657754,11.939310035171744,12.942866095675788,8.522758485383559,9.978580024067387,2,2,1,1,4,4,9,9,0.03549621024003731,-0.08868490030010638,18.57866,0.53872985,-13.194237,61.20619,21,2021-09-26,15.53125,0.0,84.08875,10.11875,1.0,184.98499999999999,2021,9,26,76.26329315845445,0,Peru_4001.csv
2021-09-27,4001,76.26329315845445,39.0951871657754,11.939310035171744,12.942866095675788,8.522758485383559,9.978580024067387,2,2,1,1,4,4,9,9,0.03549621024003731,-0.08868490030010638,18.761124,-0.8037225,-13.194237,61.20619,21,2021-09-27,15.793750000000001,0.0,82.43125,7.21875,1.0,213.31875,2021,9,27,76.26329315845445,0,Peru_4001.csv
2021-09-28,4001,76.26329315845445,39.0951871657754,11.939310035171744,12.942866095675788,8.522758485383559,9.978580024067387,2,2,1,1,4,4,9,9,0.03549621024003731,-0.08868490030010638,18.457432,0.17472129,-13.194237,61.20619,21,2021-09-28,15.9525,0.0,81.09875,8.81125,1.0,192.68625,2021,9,28,76.26329315845445,0,Peru_4001.csv
2021-09-29,4001,76.26329315845445,39.0951871657754,11.939310035171744,12.942866095675788,8.522758485383559,9.978580024067387,2,2,1,1,4,4,9,9,0.03549621024003731,-0.08868490030010638,19.238867,0.16599947,-13.194237,61.20619,21,2021-09-29,16.7125,0.0,79.36500000000001,8.82875,1.0,197.47375,2021,9,29,76.26329315845445,0,Peru_4001.csv
2021-09-30,4001,76.26329315845445,39.0951871657754,11.939310035171744,12.942866095675788,8.522758485383559,9.978580024067387,2,2,1,1,4,4,9,9,0.03549621024003731,-0.08868490030010638,19.483942,-0.32247597,-13.194237,61.20619,21,2021-09-30,16.96875,0.0,78.06875,12.356250000000001,1.0,172.94375,2021,9,30,76.26329315845445,0,Peru_4001.csv
2021-10-01,4001,76.26329315845445,39.0951871657754,11.939310035171744,12.942866095675788,8.522758485383559,9.978580024067387,2,2,1,1,4,4,9,9,0.03549621024003731,-0.08868490030010638,19.69206,-0.10164351,-13.194237,61.20619,21,2021-10-01,16.4175,0.0,82.54125,12.86625,1.0,177.55125,2021,10,1,76.26329315845445,0,Peru_4001.csv
2021-10-02,4001,103.6,0.0,16.0,3.2,3.6,0.0,2,2,1,1,4,4,7,7,-1.6370039831056393,1.0716743894978886,-4.5941577,14.302214,-102.94596,43.164314,21,2021-10-02,15.915,0.0,83.21875,10.15375,1.0,189.65625,2021,10,2,103.6,0,Peru_4001.csv
2021-10-03,4001,103.6,0.0,16.0,3.2,3.6,0.0,2,2,1,1,4,4,7,7,-1.6370039831056393,1.0716743894978886,-4.618966,14.290229,-106.07302,33.392567,21,2021-10-03,15.626249999999999,0.0,85.1825,8.23,1.0,219.53625,2021,10,3,103.6,0,Peru_4001.csv
2021-10-04,4001,103.6,0.0,16.0,3.2,3.6,0.0,2,2,1,1,4,4,7,7,-1.6370039831056393,1.0716743894978886,-4.6052628,14.315934,-103.036224,31.364208,21,2021-10-04,15.74375,0.0,80.85,9.6975,1.0,188.065,2021,10,4,103.6,0,Peru_4001.csv
2021-10-05,4001,103.6,0.0,16.0,3.2,3.6,0.0,2,2,1,1,4,4,7,7,-1.6370039831056393,1.0716743894978886,-4.6224923,14.314983,-99.215576,40.910652,21,2021-10-05,15.82625,0.0,81.66125,9.90125,1.0,181.29375,2021,10,5,103.6,0,Peru_4001.csv
2021-10-06,4001,103.6,0.0,16.0,3.2,3.6,0.0,2,2,1,1,4,4,7,7,-1.6370039831056393,1.0716743894978886,-4.5953207,14.296501,-101.02726,35.871067,21,2021-10-06,16.2225,0.0,81.105,11.03875,1.0,182.72875,2021,10,6,103.6,0,Peru_4001.csv
2021-10-07,4001,103.6,0.0,16.0,3.2,3.6,0.0,2,2,1,1,4,4,7,7,-1.6370039831056393,1.0716743894978886,-4.5758753,14.274828,-93.19015,31.272408,21,2021-10-07,16.1375,0.0,81.14625,14.155000000000001,1.0,170.165,2021,10,7,103.6,0,Peru_4001.csv
2021-10-08,4001,103.6,0.0,16.0,3.2,3.6,0.0,2,2,1,1,4,4,7,7,-1.6370039831056393,1.0716743894978886,-4.627174,14.322903,-97.11426,41.904495,21,2021-10-08,16.16875,0.0,83.10875,13.225,1.0,180.52125,2021,10,8,103.6,0,Peru_4001.csv
2021-10-09,4001,103.6,0.0,16.0,3.2,3.6,0.0,2,2,1,1,4,4,7,7,-1.6370039831056393,1.0716743894978886,-4.5723186,14.267576,-109.397064,38.678307,21,2021-10-09,16.285,0.0,83.39125,10.97875,1.0,195.17374999999998,2021,10,9,103.6,0,Peru_4001.csv
2021-10-10,4001,103.6,0.0,16.0,3.2,3.6,0.0,2,2,1,1,4,4,7,7,-1.6370039831056393,1.0716743894978886,-4.6144814,14.305193,-103.036224,31.364208,21,2021-10-10,16.515,0.0,83.6875,10.05875,1.0,190.75,2021,10,10,103.6,0,Peru_4001.csv
2021-10-11,4001,103.6,0.0,16.0,3.2,3.6,0.0,2,2,1,1,4,4,7,7,-1.6370039831056393,1.0716743894978886,-4.5725675,14.263758,-103.036224,31.364208,21,2021-10-11,16.427500000000002,0.0,82.10249999999999,11.3525,1.0,176.0325,2021,10,11,103.6,0,Peru_4001.csv
2021-10-12,4001,103.6,0.0,16.0,3.2,3.6,0.0,2,2,1,1,4,4,7,7,-1.6370039831056393,1.0716743894978886,-4.6175265,14.311293,-106.433655,38.715153,21,2021-10-12,15.526250000000001,0.0,85.32375,13.04625,1.0,169.90375,2021,10,12,103.6,0,Peru_4001.csv
2021-10-13,4001,103.6,0.0,16.0,3.2,3.6,0.0,2,2,1,1,4,4,7,7,-1.6370039831056393,1.0716743894978886,-4.6068563,14.302217,-106.471,30.268734,21,2021-10-13,15.3825,0.0,85.6875,10.7475,1.0,194.02375,2021,10,13,103.6,0,Peru_4001.csv
2021-10-14,4001,103.6,0.0,16.0,3.2,3.6,0.0,2,2,1,1,4,4,7,7,-1.6370039831056393,1.0716743894978886,-4.605387,14.301679,-113.16142,39.397903,21,2021-10-14,15.5325,0.0,84.43375,9.805,1.0,222.04125,2021,10,14,103.6,0,Peru_4001.csv
2021-10-15,4001,103.6,0.0,16.0,3.2,3.6,0.0,2,2,1,1,4,4,7,7,-1.6370039831056393,1.0716743894978886,-4.625022,14.3096485,-105.477425,42.20081,21,2021-10-15,15.90375,0.0,83.275,7.88875,1.0,203.88125,2021,10,15,103.6,0,Peru_4001.csv
2021-10-16,4001,103.6,0.0,16.0,3.2,3.6,0.0,2,2,1,1,4,4,7,7,-1.6370039831056393,1.0716743894978886,-4.576295,14.360277,-111.227196,33.421436,21,2021-10-16,16.7575,0.0,80.87,11.445,1.0,180.0425,2021,10,16,103.6,0,Peru_4001.csv
2021-10-17,4001,103.6,0.0,16.0,3.2,3.6,0.0,2,2,1,1,4,4,7,7,-1.6370039831056393,1.0716743894978886,-4.586802,14.283541,-113.497185,36.123276,21,2021-10-17,16.155,0.0,83.26125,10.495,1.0,186.9275,2021,10,17,103.6,0,Peru_4001.csv
2021-10-18,4001,94.4,0.0,15.6,3.2,3.0,0.0,2,2,1,1,4,4,7,7,-2.2702575389621114,0.49096731420881984,-1.7149853,17.17643,-117.381256,29.990252,21,2021-10-18,15.8025,0.0,85.21375,10.09625,1.0,188.76125,2021,10,18,94.4,0,Peru_4001.csv
2021-10-19,4001,94.4,0.0,15.6,3.2,3.0,0.0,2,2,1,1,4,4,7,7,-2.2702575389621114,0.49096731420881984,-1.8014023,17.228617,-111.02323,5.6212935,21,2021-10-19,15.9775,0.0,83.73,8.893749999999999,1.0,189.4175,2021,10,19,94.4,0,Peru_4001.csv
2021-10-20,4001,94.4,0.0,15.6,3.2,3.0,0.0,2,2,1,1,4,4,7,7,-2.2702575389621114,0.49096731420881984,-1.7177211,17.205616,-115.08461,9.422604,21,2021-10-20,16.41875,0.0,83.13625,12.2525,1.0,174.60375,2021,10,20,94.4,0,Peru_4001.csv
2021-10-21,4001,94.4,0.0,15.6,3.2,3.0,0.0,2,2,1,1,4,4,7,7,-2.2702575389621114,0.49096731420881984,-1.7088592,17.19267,-100.92985,4.2349463,21,2021-10-21,16.2375,0.0,84.10375,12.126249999999999,1.0,178.72375,2021,10,21,94.4,0,Peru_4001.csv
2021-10-22,4001,94.4,0.0,15.6,3.2,3.0,0.0,2,2,1,1,4,4,7,7,-2.2702575389621114,0.49096731420881984,-1.7146261,17.071114,-123.10893,28.71645,21,2021-10-22,15.9475,0.0,84.435,12.50625,1.0,172.05625,2021,10,22,94.4,0,Peru_4001.csv
2021-10-23,4001,94.4,0.0,15.6,3.2,3.0,0.0,2,2,1,1,4,4,7,7,-2.2702575389621114,0.49096731420881984,-1.6345112,17.106258,-124.983,24.518038,21,2021-10-23,15.80625,0.0,82.97,11.6875,1.0,177.22875,2021,10,23,94.4,0,Peru_4001.csv
2021-10-24,4001,94.4,0.0,15.6,3.2,3.0,0.0,2,2,1,1,4,4,7,7,-2.2702575389621114,0.49096731420881984,-1.6812817,17.114065,-127.66832,18.139318,21,2021-10-24,15.81375,0.0,82.9275,10.4175,1.0,183.43375,2021,10,24,94.4,0,Peru_4001.csv
2021-10-25,4001,94.4,0.0,15.6,3.2,3.0,0.0,2,2,1,1,4,4,7,7,-2.2702575389621114,0.49096731420881984,-1.7007474,17.099844,-126.54793,13.001281,21,2021-10-25,15.45625,0.0,82.27,10.7,1.0,180.11625,2021,10,25,94.4,0,Peru_4001.csv
2021-10-26,4001,94.4,0.0,15.6,3.2,3.0,0.0,2,2,1,1,4,4,7,7,-2.2702575389621114,0.49096731420881984,-1.6895982,17.285559,-119.53832,40.395325,21,2021-10-26,16.13,0.0,80.345,11.8875,1.0,177.0525,2021,10,26,94.4,0,Peru_4001.csv
2021-10-27,4001,94.4,0.0,15.6,3.2,3.0,0.0,2,2,1,1,4,4,7,7,-2.2702575389621114,0.49096731420881984,-1.6731862,17.204014,-121.45113,6.0902863,21,2021-10-27,16.75375,0.0,79.4875,12.64625,1.0,179.88125,2021,10,27,94.4,0,Peru_4001.csv
2021-10-28,4001,94.4,0.0,15.6,3.2,3.0,0.0,2,2,1,1,4,4,7,7,-2.2702575389621114,0.49096731420881984,-1.7662683,17.101109,-117.73294,6.877302,21,2021-10-28,16.45375,0.0,81.4675,11.25125,1.0,188.68625,2021,10,28,94.4,0,Peru_4001.csv
2021-10-29,4001,94.4,0.0,15.6,3.2,3.0,0.0,2,2,1,1,4,4,7,7,-2.2702575389621114,0.49096731420881984,-1.7666351,17.134724,-123.81757,20.468594,21,2021-10-29,16.19,0.0,83.45875,13.03375,1.0,172.17624999999998,2021,10,29,94.4,0,Peru_4001.csv
2021-10-30,4001,94.4,0.0,15.6,3.2,3.0,0.0,2,2,1,1,4,4,7,7,-2.2702575389621114,0.49096731420881984,-1.7291687,17.123306,-120.7774,11.830632,21,2021-10-30,15.6925,0.0,85.14625,11.0775,1.0,177.96375,2021,10,30,94.4,0,Peru_4001.csv
2021-10-31,4001,94.4,0.0,15.6,3.2,3.0,0.0,2,2,1,1,4,4,7,7,-2.2702575389621114,0.49096731420881984,-1.7642279,17.246643,-119.78518,32.74395,21,2021-10-31,16.50375,0.0,83.1625,11.795,1.0,174.8425,2021,10,31,94.4,0,Peru_4001.csv
2021-11-01,4001,94.4,0.0,15.6,3.2,3.0,0.0,2,2,1,1,4,4,7,7,-2.2702575389621114,0.49096731420881984,-1.7417641,17.152407,-123.798454,9.719154,21,2021-11-01,16.486250000000002,0.0,83.7825,9.62625,1.0,186.91625,2021,11,1,94.4,0,Peru_4001.csv
2021-11-02,4001,94.4,0.0,15.6,3.2,3.0,0.0,2,2,1,1,4,4,7,7,-2.2702575389621114,0.49096731420881984,-1.7482986,17.115873,-114.413956,5.747491,21,2021-11-02,16.865,0.0,83.6625,11.645,1.0,181.9325,2021,11,2,94.4,0,Peru_4001.csv
2021-11-03,4001,94.4,0.0,15.6,3.2,3.0,0.0,2,2,1,1,4,4,7,7,-2.2702575389621114,0.49096731420881984,-1.6562221,17.207842,-95.34142,12.576943,21,2021-11-03,16.776249999999997,0.0,83.35375,8.7825,1.0,190.46125,2021,11,3,94.4,0,Peru_4001.csv
2021-11-04,4001,94.4,0.0,15.6,3.2,3.0,0.0,2,2,1,1,4,4,7,7,-2.2702575389621114,0.49096731420881984,-1.7431295,17.156792,-113.98952,29.961838,21,2021-11-04,16.81,0.0,81.50375,11.69375,1.0,176.72,2021,11,4,94.4,0,Peru_4001.csv
2021-11-05,4001,94.4,0.0,15.6,3.2,3.0,0.0,2,2,1,1,4,4,7,7,-2.2702575389621114,0.49096731420881984,-1.6486448,17.187138,-96.874855,21.632542,21,2021-11-05,16.9475,0.0,83.615,11.6975,1.0,179.75,2021,11,5,94.4,0,Peru_4001.csv
2021-11-06,4001,94.4,0.0,15.6,3.2,3.0,0.0,2,2,1,1,4,4,7,7,-2.2702575389621114,0.49096731420881984,-1.7195722,17.17827,-99.57112,17.709383,21,2021-11-06,17.375,0.0,82.2025,11.27375,1.0,179.6675,2021,11,6,94.4,0,Peru_4001.csv
2021-11-07,4001,94.4,0.0,15.6,3.2,3.0,0.0,2,2,1,1,4,4,7,7,-2.2702575389621114,0.49096731420881984,-1.6932632,17.21933,-111.55557,20.904943,21,2021-11-07,16.945,0.0,84.26625,9.9025,1.0,195.13375000000002,2021,11,7,94.4,0,Peru_4001.csv
2021-11-08,4001,94.4,0.0,15.6,3.2,3.0,0.0,2,2,1,1,4,4,7,7,-2.2702575389621114,0.49096731420881984,-1.7542015,17.116692,-110.87974,15.380255,21,2021-11-08,17.24375,0.0,82.24,11.62875,1.0,174.12,2021,11,8,94.4,0,Peru_4001.csv
2021-11-09,4001,94.4,0.0,15.6,3.2,3.0,0.0,2,2,1,1,4,4,7,7,-2.2702575389621114,0.49096731420881984,-1.6442986,17.248365,-98.4934,14.687688,21,2021-11-09,16.97,0.0,82.68375,11.79125,1.0,177.01125,2021,11,9,94.4,0,Peru_4001.csv
2021-11-10,4001,94.4,0.0,15.6,3.2,3.0,0.0,2,2,1,1,4,4,7,7,-2.2702575389621114,0.49096731420881984,-1.7661359,17.118898,-108.775024,18.168636,21,2021-11-10,16.75375,0.0,83.6975,12.817499999999999,1.0,176.39,2021,11,10,94.4,0,Peru_4001.csv
2021-11-11,4001,94.4,0.0,15.6,3.2,3.0,0.0,2,2,1,1,4,4,7,7,-2.2702575389621114,0.49096731420881984,-1.7272605,17.184124,-95.30889,20.21986,21,2021-11-11,16.83375,0.0,83.43625,13.24,1.0,172.6,2021,11,11,94.4,0,Peru_4001.csv
2021-11-12,4001,94.4,0.0,15.6,3.2,3.0,0.0,2,2,1,1,4,4,7,7,-2.2702575389621114,0.49096731420881984,-1.7656672,17.102556,-98.86441,6.9365,21,2021-11-12,16.86875,0.0,83.45125,12.87625,1.0,171.02249999999998,2021,11,12,94.4,0,Peru_4001.csv
2021-11-13,4001,94.4,0.0,15.6,3.2,3.0,0.0,2,2,1,1,4,4,7,7,-2.2702575389621114,0.49096731420881984,-1.8006846,17.07583,-118.16168,17.067299,21,2021-11-13,16.975,0.0,82.33375,11.58375,1.0,191.73875,2021,11,13,94.4,0,Peru_4001.csv
2021-11-14,4001,94.4,0.0,15.6,3.2,3.0,0.0,2,2,1,1,4,4,7,7,-2.2702575389621114,0.49096731420881984,-1.7371893,17.161083,-95.71362,17.808128,21,2021-11-14,17.02375,0.0,82.205,8.755,1.0,196.20375,2021,11,14,94.4,0,Peru_4001.csv
2021-11-15,4001,94.4,0.0,15.6,3.2,3.0,0.0,2,2,1,1,4,4,7,7,-2.2702575389621114,0.49096731420881984,-1.7342387,17.197145,-113.78247,21.1917,21,2021-11-15,16.978749999999998,0.0,81.7025,10.08625,1.0,179.88375,2021,11,15,94.4,0,Peru_4001.csv
2021-11-16,4001,94.4,0.0,15.6,3.2,3.0,0.0,2,2,1,1,4,4,7,7,-2.2702575389621114,0.49096731420881984,-1.7468601,17.120707,-97.93622,16.77207,21,2021-11-16,17.35,0.0,82.6775,11.276250000000001,1.0,180.5575,2021,11,16,94.4,0,Peru_4001.csv
2021-11-17,4001,94.4,0.0,15.6,3.2,3.0,0.0,2,2,1,1,4,4,7,7,-2.2702575389621114,0.49096731420881984,-1.6020527,17.277733,-95.134285,23.084759,21,2021-11-17,17.1875,0.0,82.94874999999999,10.95625,1.0,179.43625,2021,11,17,94.4,0,Peru_4001.csv
2021-11-18,4001,94.4,0.0,15.6,3.2,3.0,0.0,2,2,1,1,4,4,7,7,-2.2702575389621114,0.49096731420881984,-1.7465421,17.139505,-110.04025,19.603693,21,2021-11-18,17.33625,0.0,82.6725,9.81875,1.0,193.34375,2021,11,18,94.4,0,Peru_4001.csv
2021-11-19,4001,94.4,0.0,15.6,3.2,3.0,0.0,2,2,1,1,4,4,7,7,-2.2702575389621114,0.49096731420881984,-1.7480333,17.100258,-101.11255,16.788977,21,2021-11-19,17.3375,0.0,83.095,11.5075,1.0,179.23,2021,11,19,94.4,0,Peru_4001.csv
2021-11-20,4001,94.4,0.0,15.6,3.2,3.0,0.0,2,2,1,1,4,4,7,7,-2.2702575389621114,0.49096731420881984,-1.732211,17.135311,-111.9835,25.240608,21,2021-11-20,17.5125,0.0,82.99125,12.067499999999999,1.0,175.115,2021,11,20,94.4,0,Peru_4001.csv
2021-11-21,4001,94.4,0.0,15.6,3.2,3.0,0.0,2,2,1,1,4,4,7,7,-2.2702575389621114,0.49096731420881984,-1.6352278,17.257214,-104.7839,14.083423,21,2021-11-21,17.55125,0.0,83.7525,10.145,1.0,182.64125,2021,11,21,94.4,0,Peru_4001.csv
2021-11-22,4001,94.4,0.0,15.6,3.2,3.0,0.0,2,2,1,1,4,4,7,7,-2.2702575389621114,0.49096731420881984,-1.7203965,17.185375,-100.54786,15.115419,21,2021-11-22,17.25,0.0,83.18125,11.13125,1.0,177.65125,2021,11,22,94.4,0,Peru_4001.csv
2021-11-23,4001,94.4,0.0,15.6,3.2,3.0,0.0,2,2,1,1,4,4,7,7,-2.2702575389621114,0.49096731420881984,-1.724357,17.138605,-97.72301,19.097292,21,2021-11-23,17.61125,0.0,80.95625,12.14,1.0,172.91625,2021,11,23,94.4,0,Peru_4001.csv
2021-11-24,4001,94.4,0.0,15.6,3.2,3.0,0.0,2,2,1,1,4,4,7,7,-2.2702575389621114,0.49096731420881984,-1.7586766,17.093115,-102.37474,13.956711,21,2021-11-24,17.92875,0.0,81.49375,12.807500000000001,1.0,168.8225,2021,11,24,94.4,0,Peru_4001.csv
2021-11-25,4001,94.4,0.0,15.6,3.2,3.0,0.0,2,2,1,1,4,4,7,7,-2.2702575389621114,0.49096731420881984,-1.6129483,17.21666,-102.979576,15.686757,21,2021-11-25,17.92625,0.0,81.59875,12.38875,1.0,175.07875,2021,11,25,94.4,0,Peru_4001.csv
2021-11-26,4001,94.4,0.0,15.6,3.2,3.0,0.0,2,2,1,1,4,4,7,7,-2.2702575389621114,0.49096731420881984,-1.610718,17.288025,-112.51589,22.874712,21,2021-11-26,18.1475,0.0,81.93875,11.4425,1.0,182.86,2021,11,26,94.4,0,Peru_4001.csv
2021-11-27,4001,94.4,0.0,15.6,3.2,3.0,0.0,2,2,1,1,4,4,7,7,-2.2702575389621114,0.49096731420881984,-1.6206185,17.281815,-105.057045,15.797614,21,2021-11-27,17.9875,0.0,83.86,10.9575,1.0,180.405,2021,11,27,94.4,0,Peru_4001.csv
2021-11-28,4001,94.4,0.0,15.6,3.2,3.0,0.0,2,2,1,1,4,4,7,7,-2.2702575389621114,0.49096731420881984,-1.7732257,17.196348,-111.21626,-14.074768,21,2021-11-28,18.3575,0.0,82.03625,12.17125,1.0,179.8475,2021,11,28,94.4,0,Peru_4001.csv
2021-11-29,4001,94.4,0.0,15.6,3.2,3.0,0.0,2,2,1,1,4,4,7,7,-2.2702575389621114,0.49096731420881984,-1.6686155,17.248486,-111.21626,-14.074768,21,2021-11-29,18.3175,0.0,81.5825,11.8425,1.0,176.93375,2021,11,29,94.4,0,Peru_4001.csv
2021-11-30,4001,94.4,0.0,15.6,3.2,3.0,0.0,2,2,1,1,4,4,7,7,-2.2702575389621114,0.49096731420881984,-1.6909274,17.146616,-111.21626,-14.074768,21,2021-11-30,18.34875,0.0,79.4575,13.16375,1.0,170.32625000000002,2021,11,30,94.4,0,Peru_4001.csv
2021-12-01,4001,94.4,0.0,15.6,3.2,3.0,0.0,2,2,1,1,4,4,7,7,-2.2702575389621114,0.49096731420881984,-1.7258735,17.18858,-111.21626,-14.074768,21,2021-12-01,18.23,0.0,79.6825,12.508750000000001,1.0,177.95875,2021,12,1,94.4,0,Peru_4001.csv
2021-12-02,4001,94.4,0.0,15.6,3.2,3.0,0.0,2,2,1,1,4,4,7,7,-2.2702575389621114,0.49096731420881984,-1.8002008,17.06739,-111.21626,-14.074768,21,2021-12-02,18.435,0.0,77.84,11.68625,1.0,176.8175,2021,12,2,94.4,0,Peru_4001.csv
2021-12-03,4001,94.4,0.0,15.6,3.2,3.0,0.0,2,2,1,1,4,4,7,7,-2.2702575389621114,0.49096731420881984,-1.6534125,17.21701,-111.21626,-14.074768,21,2021-12-03,18.52125,0.0,80.70375,12.79125,1.0,176.06875,2021,12,3,94.4,0,Peru_4001.csv
2021-12-04,4001,94.4,0.0,15.6,3.2,3.0,0.0,2,2,1,1,4,4,7,7,-2.2702575389621114,0.49096731420881984,-1.7143003,17.148756,-111.21626,-14.074768,21,2021-12-04,18.63375,0.0,81.98125,12.24625,1.0,183.63125,2021,12,4,94.4,0,Peru_4001.csv
2021-12-05,4001,94.4,0.0,15.6,3.2,3.0,0.0,2,2,1,1,4,4,7,7,-2.2702575389621114,0.49096731420881984,-1.7323463,17.13917,-111.21626,-14.074768,21,2021-12-05,18.44625,0.0,84.51625,10.89625,1.0,183.9625,2021,12,5,94.4,0,Peru_4001.csv
2021-12-06,4001,94.4,0.0,15.6,3.2,3.0,0.0,2,2,1,1,4,4,7,7,-2.2702575389621114,0.49096731420881984,-1.675049,17.25333,-111.21626,-14.074768,21,2021-12-06,18.41375,0.0,83.84875,12.0375,1.0,170.155,2021,12,6,94.4,0,Peru_4001.csv
2021-12-07,4001,103.6,0.0,16.0,3.2,3.6,0.0,2,2,1,1,4,4,7,7,-1.6370039831056393,1.0716743894978886,-4.5938263,14.288471,-108.22973,44.22307,21,2021-12-07,18.8525,0.0,82.49125000000001,11.295,1.0,178.57375,2021,12,7,103.6,0,Peru_4001.csv
2021-12-08,4001,103.6,0.0,16.0,3.2,3.6,0.0,2,2,1,1,4,4,7,7,-1.6370039831056393,1.0716743894978886,-4.5979447,14.295725,-105.015305,45.42178,21,2021-12-08,18.31625,0.0,85.28625,11.6075,1.0,199.0325,2021,12,8,103.6,0,Peru_4001.csv
2021-12-09,4001,103.6,0.0,16.0,3.2,3.6,0.0,2,2,1,1,4,4,7,7,-1.6370039831056393,1.0716743894978886,-4.606356,14.300395,-101.83887,45.714184,21,2021-12-09,18.81,0.0,82.20375,11.0425,1.0,181.72875,2021,12,9,103.6,0,Peru_4001.csv
2021-12-10,4001,56.8,22.0,16.0,7.0,2.0,1.0,2,2,1,1,4,4,7,7,-2.94482275667649,-0.8679840990640504,0.9869548,6.133207,2.7187169,-63.710842,21,2021-12-10,18.705,0.0,82.48375,10.53875,1.0,185.28,2021,12,10,56.8,0,Peru_4001.csv
2021-12-11,4001,59.0,44.0,14.0,6.0,1.0,1.0,2,2,1,1,4,4,3,3,-2.2847464648859153,0.49616764626726223,0.79729813,4.843823,-4.3847914,-27.647276,21,2021-12-11,19.0475,0.0,79.66625,12.79,1.0,169.12875,2021,12,11,59.0,0,Peru_4001.csv
2021-12-12,4001,88.0,45.0,13.0,7.0,2.0,1.0,2,2,1,1,4,4,11,11,-0.8564084047767423,2.6178842527025723,0.7797892,3.0256817,-2.1440768,10.768342,21,2021-12-12,19.56375,0.0,80.71375,12.07125,1.0,175.7025,2021,12,12,88.0,0,Peru_4001.csv
2021-12-13,4001,87.0,49.0,12.0,6.0,3.0,1.0,2,2,1,1,4,4,11,11,-0.7210723853681853,2.571798344939051,1.1345253,2.830514,-2.683663,9.888825,21,2021-12-13,19.76375,0.0,81.72875,12.8225,1.0,175.69875,2021,12,13,87.0,0,Peru_4001.csv
2021-12-14,4001,77.0,23.0,12.0,6.0,2.0,1.0,2,2,1,1,4,4,7,7,-2.7347840797886396,0.670105373472986,1.9248191,5.030016,-33.114155,-10.526912,21,2021-12-14,19.845,0.0,79.32375,12.98125,1.0,172.615,2021,12,14,77.0,0,Peru_4001.csv
2021-12-15,4001,60.0,44.0,11.0,5.0,2.0,1.0,2,2,1,1,1,1,3,3,-2.6679348880424483,0.443726480502155,2.7837214,3.4140658,-24.831932,-10.031701,21,2021-12-15,19.0075,0.0,83.87375,11.27125,1.0,182.775,2021,12,15,60.0,0,Peru_4001.csv
2021-12-16,4001,84.0,58.0,11.0,6.0,2.0,1.0,0,0,3,3,4,4,11,11,-0.7821935865278888,2.9562525083963362,1.6021218,1.9668529,2.8179731,24.319244,21,2021-12-16,18.6,0.0,85.27,9.973749999999999,1.0,187.00375,2021,12,16,84.0,0,Peru_4001.csv
2021-12-17,4001,105.0,43.0,12.0,6.0,1.0,7.8,0,0,3,3,5,5,11,11,0.07437910668079328,2.9152881799264847,-0.75476146,1.684666,48.977436,39.09574,21,2021-12-17,18.79125,0.0,83.63125,10.50875,1.0,194.7775,2021,12,17,105.0,0,Peru_4001.csv
2021-12-18,4001,82.0,47.0,17.0,6.0,1.0,1.0,2,2,1,1,4,4,7,7,-0.4096311376709501,2.237545054169445,0.1912478,3.6758697,23.309753,-26.561605,21,2021-12-18,18.708750000000002,0.0,82.23875,10.22,1.0,193.625,2021,12,18,82.0,0,Peru_4001.csv
2021-12-19,4001,81.0,34.0,14.0,6.0,1.0,1.0,2,2,1,1,4,4,7,7,-1.7439650769513326,1.5874972319896439,1.3653377,4.742574,-4.717935,-24.020584,21,2021-12-19,18.5925,0.0,80.53625,11.05875,1.0,185.58875,2021,12,19,81.0,0,Peru_4001.csv
2021-12-20,4001,66.0,36.0,13.0,7.0,1.0,4.0,2,2,1,1,4,4,3,3,-2.300034844283753,0.2981528418381135,1.4658442,5.0907974,-5.96665,-27.666603,21,2021-12-20,18.50125,0.0,81.125,9.92125,1.0,189.51125,2021,12,20,66.0,0,Peru_4001.csv
2021-12-21,4001,69.0,38.0,15.0,7.0,2.0,1.0,2,2,1,1,4,4,7,7,-1.7288944592310989,0.8420651625437103,1.0045608,4.849893,-4.007332,-26.388721,21,2021-12-21,18.46,0.0,82.11125,10.2325,1.0,185.17000000000002,2021,12,21,69.0,0,Peru_4001.csv
2021-12-22,4001,79.0,50.0,15.0,7.0,1.0,1.0,2,2,1,1,4,4,11,11,-0.8039797728202448,2.2933483936243295,0.59834754,3.1850445,2.5720177,10.485026,21,2021-12-22,19.33875,0.0,79.11,11.53875,1.0,178.24,2021,12,22,79.0,0,Peru_4001.csv
2021-12-23,4001,84.0,57.0,18.0,9.0,1.0,2.0,0,0,3,3,4,4,7,7,0.5026184854581557,2.944687181938962,-0.3469458,3.3461406,71.243286,-1.6921182,21,2021-12-23,19.90625,0.0,75.5675,12.14875,1.0,170.18125,2021,12,23,84.0,0,Peru_4001.csv
2021-12-24,4001,72.0,52.0,18.0,7.0,1.0,2.0,2,2,1,1,4,4,7,7,-0.33847805742921105,1.678906090341326,-0.029607017,3.8828666,26.117514,-25.746197,21,2021-12-24,19.916249999999998,0.0,73.37375,12.035,1.0,176.90125,2021,12,24,72.0,0,Peru_4001.csv
2021-12-25,4001,64.0,31.0,22.0,7.0,1.0,3.0,2,2,1,1,4,4,7,7,-0.9128009587322828,-0.1857102547985142,-0.59987503,5.5579114,32.35986,-41.175266,21,2021-12-25,19.56,0.0,74.625,10.715,1.0,183.2425,2021,12,25,64.0,0,Peru_4001.csv
2021-12-26,4001,60.0,25.0,28.0,7.0,1.0,3.0,2,2,1,1,4,4,7,7,-0.19616830731392895,-0.9242692066629653,-1.2567158,5.380123,38.40233,-45.15816,21,2021-12-26,19.9925,0.0,72.49875,12.95375,1.0,167.765,2021,12,26,60.0,0,Peru_4001.csv
2021-12-27,4001,46.0,24.0,32.0,10.0,15.6,3.0,2,2,0,0,0,0,7,7,2.5330591724351383,-3.702843432564484,-1.2116652,5.125422,41.150875,-49.53068,21,2021-12-27,19.57875,0.0,79.85875,11.88125,1.0,165.325,2021,12,27,46.0,0,Peru_4001.csv
2021-12-28,4001,46.0,23.0,13.0,7.0,1.0,3.6,2,2,1,1,1,1,3,3,-3.974923239446215,-1.7479269163878162,2.04208,6.1632557,-52.742367,-67.71105,21,2021-12-28,20.001250000000002,0.0,83.00125,12.90625,1.0,169.72375,2021,12,28,46.0,0,Peru_4001.csv
2021-12-29,4001,45.0,61.0,10.0,6.0,2.0,3.0,2,2,1,1,1,1,3,3,-2.5329242965588126,0.04025579444942008,3.4020927,2.5083272,-21.314758,-16.537378,21,2021-12-29,20.15125,0.0,82.23125,11.93375,1.0,168.3225,2021,12,29,61.0,0,Peru_4001.csv
2021-12-30,4001,75.0,60.0,14.0,8.0,1.0,1.0,2,2,1,1,4,4,11,11,-0.679248802768426,2.602999877640579,1.4282817,2.2180636,3.4517148,11.318494,21,2021-12-30,20.52125,0.0,82.55125,13.51125,1.0,166.03625,2021,12,30,75.0,0,Peru_4001.csv
2021-12-31,4001,91.0,66.0,19.0,9.0,1.0,2.0,0,0,3,3,5,5,11,11,1.5112308196965902,3.8779560440144243,-0.49514562,3.0162075,71.05264,-0.42395958,21,2021-12-31,20.84875,0.0,79.19375000000001,10.32,1.0,179.19375,2021,12,31,91.0,0,Peru_4001.csv
2022-01-01,4001,107.0,57.0,11.0,6.0,1.0,3.0,0,0,3,3,5,5,11,11,0.2705489403486107,4.429190830079876,-1.0152869,0.9529238,46.89632,40.523956,21,2022-01-01,20.5675,0.0,77.46875,10.92125,1.0,179.94375,2022,1,1,107.0,0,Peru_4001.csv
2022-01-02,4001,118.0,31.0,10.0,6.0,1.0,13.2,0,0,3,3,5,5,10,10,0.1475620736616717,2.581336642454902,-1.1444689,1.5361764,55.108788,40.22359,21,2022-01-02,21.045,0.0,73.88625,11.24375,1.0,176.12625,2022,1,2,118.0,0,Peru_4001.csv
2022-01-03,4001,69.0,52.0,15.0,7.0,1.0,1.0,2,2,1,1,4,4,7,7,-1.1820600485934663,1.6696756733831397,0.2153563,3.885579,3.874143,10.947363,21,2022-01-03,21.29375,0.0,78.6975,10.9125,1.0,180.12375,2022,1,3,69.0,0,Peru_4001.csv
2022-01-04,4001,84.0,63.0,15.0,8.0,1.0,1.0,0,0,3,3,4,4,11,11,0.11398429567284993,3.380252616035511,0.7014748,1.9368128,21.994864,14.945773,21,2022-01-04,21.1375,0.0,80.18875,10.848749999999999,1.0,181.4975,2022,1,4,84.0,0,Peru_4001.csv
2022-01-05,4001,89.0,51.0,15.0,7.0,1.0,1.0,0,0,3,3,4,4,11,11,-0.2700090291683577,3.0674234605566917,0.42113075,3.0842779,0.81488425,11.010389,21,2022-01-05,20.895,0.0,80.9575,11.126249999999999,1.0,186.6475,2022,1,5,89.0,0,Peru_4001.csv
2022-01-06,4001,84.0,54.0,15.0,7.0,1.0,1.0,0,0,1,1,4,4,11,11,-0.3551222757192628,2.8558551591318335,0.50392663,2.9087098,1.3872169,10.933324,21,2022-01-06,20.958750000000002,0.0,81.0375,11.151250000000001,1.0,187.855,2022,1,6,84.0,0,Peru_4001.csv
2022-01-07,4001,85.0,53.0,15.0,7.0,1.0,1.0,0,0,3,3,4,4,11,11,-0.3588850004880199,2.8781152215348538,0.50925803,2.9675155,1.2599548,10.940545,21,2022-01-07,20.9225,0.0,82.72875,9.4875,1.0,188.23,2022,1,7,85.0,0,Peru_4001.csv
2022-01-08,4001,90.0,49.0,15.0,7.0,1.0,1.0,0,0,3,3,4,4,11,11,-0.325735245455534,3.039549504911281,0.47651917,3.1083305,0.61319196,11.023534,21,2022-01-08,21.27375,0.0,81.72375,10.955,1.0,183.2025,2022,1,8,90.0,0,Peru_4001.csv
2022-01-09,4001,76.0,42.0,15.0,6.0,1.0,2.0,2,2,1,1,4,4,7,7,-1.2773532809817902,1.468040153051596,0.89378184,4.5958037,-4.0165854,-25.292389,21,2022-01-09,21.994999999999997,0.0,76.79625,13.74625,1.0,175.26,2022,1,9,76.0,0,Peru_4001.csv
2022-01-10,4001,60.0,47.0,17.0,7.0,1.0,2.0,2,2,1,1,4,4,7,7,-1.3802401888938063,0.584202940558301,0.14665563,4.7148895,27.394562,-27.117645,21,2022-01-10,21.57,0.0,80.7,14.45875,1.0,173.98375000000001,2022,1,10,60.0,0,Peru_4001.csv
2022-01-11,4001,66.0,44.0,15.0,7.0,1.0,1.0,2,2,1,1,4,4,7,7,-1.7423700727057136,1.0514208532538214,0.76909244,4.8023715,-4.4391785,-26.918861,21,2022-01-11,21.44625,0.0,82.22875,13.88375,1.0,174.93125,2022,1,11,66.0,0,Peru_4001.csv
2022-01-12,4001,79.0,44.0,10.0,6.0,1.0,14.4,2,2,1,1,4,4,11,11,-0.9506953654100787,0.24907425791877788,1.8921489,-2.7303793,-11.5935755,-20.638952,21,2022-01-12,20.83875,0.0,84.875,10.93875,1.0,185.885,2022,1,12,79.0,0,Peru_4001.csv
2022-01-13,4001,73.0,50.0,9.0,5.0,1.0,7.8,2,2,1,1,1,1,11,11,-1.7163433340658905,0.9505137747995777,2.4234843,2.4442418,-5.4231577,25.401115,21,2022-01-13,20.93625,0.0,82.89625,10.0075,1.0,181.8075,2022,1,13,73.0,0,Peru_4001.csv
2022-01-14,4001,93.0,47.0,12.0,7.0,1.0,1.0,0,0,3,3,4,4,11,11,-0.8956680312518527,3.2305527516453028,0.681715,2.6845827,-2.1777472,11.7464285,21,2022-01-14,21.197499999999998,0.0,83.29875,10.7725,1.0,175.57375,2022,1,14,93.0,0,Peru_4001.csv
2022-01-15,4001,75.0,50.0,14.0,7.0,1.0,2.0,2,2,1,1,4,4,11,11,-1.1119470126293096,1.8946057355935453,0.9573333,2.9756336,2.9105706,10.365107,21,2022-01-15,21.37875,0.0,82.18125,8.491249999999999,1.0,181.06375,2022,1,15,75.0,0,Peru_4001.csv
2022-01-16,4001,85.0,37.0,16.0,7.0,2.0,2.0,2,2,1,1,4,4,7,7,-0.7177385633768381,1.7916775471486721,0.27068156,3.9625852,20.439407,-25.98565,21,2022-01-16,22.3375,0.0,75.645,10.33625,1.0,176.93625,2022,1,16,85.0,0,Peru_4001.csv
2022-01-17,4001,64.0,44.0,17.0,7.0,2.0,1.0,2,2,1,1,4,4,7,7,-1.2510451958446538,0.7315063347819326,0.22156157,4.730669,27.291548,-27.097383,21,2022-01-17,21.92375,0.0,82.4225,11.00375,1.0,180.86875,2022,1,17,64.0,0,Peru_4001.csv
2022-01-18,4001,69.0,52.0,17.0,7.0,2.0,2.0,2,2,1,1,4,4,7,7,-0.5059620903509128,1.3606866246106037,-0.062271826,3.9370644,26.28604,-25.680853,21,2022-01-18,22.002499999999998,0.0,82.955,8.95375,1.0,189.46,2022,1,18,69.0,0,Peru_4001.csv
2022-01-19,4001,77.0,51.0,19.0,8.0,2.0,2.0,2,2,1,1,4,4,7,7,0.2361875603318648,1.9135033732303137,-0.31737274,3.6736042,71.34667,-2.7082522,21,2022-01-19,22.55,0.0,77.79625,10.72375,1.0,177.9425,2022,1,19,77.0,0,Peru_4001.csv
2022-01-20,4001,74.0,48.0,17.0,7.0,2.0,1.0,2,2,1,1,4,4,7,7,-0.5611840299493546,1.6559835720447174,0.059792943,3.871693,25.661634,-25.98823,21,2022-01-20,21.8125,0.0,79.50875,11.8475,1.0,179.45375,2022,1,20,74.0,0,Peru_4001.csv
2022-01-21,4001,86.0,41.0,15.0,7.0,2.0,1.0,2,2,1,1,4,4,7,7,-0.7535916331356369,2.223167060360361,0.32048523,3.711773,20.3651,-25.508282,21,2022-01-21,21.63,0.0,81.7025,13.14375,1.0,185.11374999999998,2022,1,21,86.0,0,Peru_4001.csv
2022-01-22,4001,79.0,54.0,18.0,7.0,2.0,1.0,0,0,1,1,4,4,7,7,0.19513642890656505,2.294062004377211,-0.29920244,3.5426042,71.23839,-2.4675875,21,2022-01-22,21.7375,0.0,80.335,11.21625,1.0,191.30875,2022,1,22,79.0,0,Peru_4001.csv
2022-01-23,4001,93.0,54.0,20.0,8.0,2.0,2.0,0,0,3,3,4,4,7,7,1.366825662732589,3.1975147256646044,-0.64812154,3.3043244,71.93988,0.45858264,21,2022-01-23,22.12375,0.0,79.26625,8.7825,1.0,201.75125,2022,1,23,93.0,0,Peru_4001.csv
2022-01-24,4001,80.0,57.0,19.0,9.0,3.0,1.0,0,0,3,3,4,4,7,7,0.786288263723419,2.5128100466877434,-0.4034659,3.5159526,71.29836,-2.769753,21,2022-01-24,22.17875,0.0,76.42125,11.23,1.0,188.86,2022,1,24,80.0,0,Peru_4001.csv
2022-01-25,4001,92.0,52.0,19.0,8.0,3.0,2.0,0,0,3,3,4,4,7,7,1.191816180388943,2.923815375093034,-0.58973837,3.2271733,71.92788,0.47131628,21,2022-01-25,21.67625,0.0,78.5775,11.93125,1.0,187.39,2022,1,25,92.0,0,Peru_4001.csv
2022-01-26,4001,80.0,50.0,20.0,8.0,3.0,2.0,0,0,1,1,4,4,7,7,0.7130165066111966,1.930121665175374,-0.5397696,3.6211927,71.52532,-2.8198934,21,2022-01-26,21.9175,0.0,74.30125,12.76125,1.0,172.29625,2022,1,26,80.0,0,Peru_4001.csv
2022-01-27,4001,69.0,59.0,21.0,8.0,3.0,2.0,2,2,1,1,4,4,7,7,0.8540156707265485,1.5602967719314684,-0.6289976,3.6006794,70.677704,-5.727522,21,2022-01-27,21.3875,0.0,75.63875,12.3175,1.0,181.4975,2022,1,27,69.0,0,Peru_4001.csv
2022-01-28,4001,81.0,45.0,17.0,7.0,2.0,1.0,2,2,1,1,4,4,7,7,-0.3796693312270455,2.0123400465036916,0.24389268,3.8857052,23.271307,-26.609478,21,2022-01-28,20.92875,0.0,75.2925,13.067499999999999,1.0,174.27125,2022,1,28,81.0,0,Peru_4001.csv
2022-01-29,4001,67.0,50.0,20.0,8.0,2.0,1.0,2,2,1,1,4,4,7,7,-0.18261880569832306,1.2485946974140416,-0.25072566,4.1190925,30.03274,-27.405449,21,2022-01-29,21.04875,0.0,72.69875,10.9025,1.0,169.4225,2022,1,29,67.0,0,Peru_4001.csv
2022-01-30,4001,68.0,60.0,19.0,8.0,3.0,1.0,2,2,1,1,4,4,7,7,0.3623347044231136,1.7212922798172519,-0.42692536,3.52534,70.46245,-5.6520004,21,2022-01-30,21.6725,0.0,71.15,10.92625,1.0,176.31875,2022,1,30,68.0,0,Peru_4001.csv
2022-01-31,4001,90.0,56.0,8.2,29.6,3.0,31.0,0,0,2,2,3,3,4,4,1.6988602756858453,0.945185851961588,2.2838352,-3.5466871,61.90867,-3.687429,21,2022-01-31,21.8525,0.0,76.3025,10.79,1.0,177.01625,2022,1,31,90.0,0,Peru_4001.csv
2022-02-01,4001,75.0,56.0,12.2,15.2,3.0,6.6,2,2,1,1,4,4,11,11,-0.38694377199602553,1.972792453556634,1.3948401,1.7266711,15.840771,10.154854,21,2022-02-01,22.145,0.0,74.98875,11.02875,1.0,181.4475,2022,2,1,75.0,0,Peru_4001.csv
2022-02-02,4001,71.0,55.0,24.0,9.0,3.0,3.0,0,0,1,1,4,4,7,7,1.4429784435037993,1.369787706474077,-1.2415284,3.9706054,73.83494,-8.296229,21,2022-02-02,22.3,0.0,73.49375,12.526250000000001,1.0,166.0375,2022,2,2,71.0,0,Peru_4001.csv
2022-02-03,4001,66.0,46.0,20.0,8.0,3.0,2.0,2,2,1,1,4,4,7,7,-0.16964754209415994,0.7160681046204288,-0.29814908,4.5955567,30.12257,-27.64728,21,2022-02-03,22.29,0.0,72.20875,11.675,1.0,179.7425,2022,2,3,66.0,0,Peru_4001.csv
2022-02-04,4001,77.0,49.0,15.0,9.0,7.8,2.0,2,2,1,1,4,4,9,9,0.3673460741985013,1.255956937773034,2.7130275,1.2464491,22.23342,-12.573321,21,2022-02-04,21.63625,0.0,75.60375,9.73375,1.0,191.4425,2022,2,4,77.0,0,Peru_4001.csv
2022-02-05,4001,67.0,48.0,18.0,8.0,8.0,1.0,2,2,1,1,4,4,7,7,0.3903072845517973,0.44331802314153,3.6048615,1.3116072,33.68738,-26.851105,21,2022-02-05,21.19625,0.0,77.56875,10.13625,1.0,181.47875,2022,2,5,67.0,0,Peru_4001.csv
2022-02-06,4001,82.0,44.0,16.0,8.0,13.8,1.0,2,2,1,1,4,4,9,9,1.546186641498563,0.6488314845013439,3.5410974,0.11788469,40.38368,-19.821423,21,2022-02-06,21.08125,0.0,75.67125,9.555,1.0,183.09875,2022,2,6,82.0,0,Peru_4001.csv
2022-02-07,4001,82.0,47.0,17.0,8.0,17.8,1.0,0,0,1,1,4,4,9,9,2.628230053502042,0.27160311068766446,3.7076874,-0.3508826,49.247498,-22.381516,21,2022-02-07,21.695,0.0,69.64125,10.545,1.0,179.08875,2022,2,7,82.0,0,Peru_4001.csv
2022-02-08,4001,78.0,45.0,17.0,7.0,11.6,2.0,2,2,1,1,4,4,9,9,1.2983804996616102,0.4542530211249734,3.5218542,0.16950563,40.03738,-19.822664,21,2022-02-08,21.0,0.0,73.495,8.32,1.0,211.59375,2022,2,8,78.0,0,Peru_4001.csv
2022-02-09,4001,75.0,45.0,15.0,7.0,7.8,1.0,2,2,1,1,4,4,9,9,-0.028151472036088636,0.8981136996819045,2.734313,1.2684475,22.236958,-12.83005,21,2022-02-09,21.31375,0.0,72.88125,8.05,1.0,234.07625000000002,2022,2,9,75.0,0,Peru_4001.csv
2022-02-10,4001,81.0,47.0,17.0,8.0,11.2,1.0,2,2,1,1,4,4,9,9,1.3877115742379516,1.0290504043397668,3.2931178,0.21072876,39.89744,-19.314806,21,2022-02-10,21.545,0.0,71.58375,8.30625,1.0,209.145,2022,2,10,81.0,0,Peru_4001.csv
2022-02-11,4001,81.0,48.0,22.0,10.0,1.0,2.0,0,0,1,1,4,4,7,7,0.705924465842039,2.25070366945507,-1.1098193,3.9742217,77.93631,-7.7356954,21,2022-02-11,21.86875,0.0,69.885,10.9025,1.0,181.16625,2022,2,11,81.0,0,Peru_4001.csv
2022-02-12,4001,85.0,46.0,23.0,11.0,1.0,2.0,0,0,3,3,4,4,7,7,0.9997718340506846,2.4885063039084367,-1.1352197,3.9879186,78.08902,-7.785862,21,2022-02-12,21.94625,0.0,71.485,10.1275,1.0,195.155,2022,2,12,85.0,0,Peru_4001.csv
2022-02-13,4001,83.0,41.0,24.0,11.0,1.0,3.0,0,0,1,1,4,4,7,7,0.9354608415625273,1.9344888184189546,-1.2112232,4.0263968,78.620865,-8.326789,21,2022-02-13,22.67625,0.0,67.66624999999999,10.10875,1.0,179.1875,2022,2,13,83.0,0,Peru_4001.csv
2022-02-14,4001,81.0,43.0,22.0,11.0,1.6,2.0,0,0,1,1,4,4,7,7,0.5559349073301891,1.9977841078158398,-1.1533815,4.039559,78.17681,-8.114287,21,2022-02-14,22.603749999999998,0.0,69.395,9.44,1.0,191.35625,2022,2,14,81.0,0,Peru_4001.csv
2022-02-15,4001,76.0,39.0,22.0,10.0,1.0,2.0,2,2,1,1,4,4,7,7,-0.002750393454156976,1.4375265952755956,-1.1045004,4.1652603,78.60842,-8.654926,21,2022-02-15,22.13875,0.0,70.605,9.4675,1.0,177.9675,2022,2,15,76.0,0,Peru_4001.csv
2022-02-16,4001,76.0,25.0,25.0,9.0,8.6,2.0,2,2,1,1,4,4,7,7,1.2519058051073095,-0.3672050577388393,-1.0822583,4.6554937,41.033997,-37.776196,21,2022-02-16,21.91875,0.0,73.8525,10.47125,1.0,186.13,2022,2,16,76.0,0,Peru_4001.csv
2022-02-17,4001,59.0,30.0,17.0,9.0,4.0,1.0,2,2,1,1,4,4,7,7,-1.855358482358957,-0.4374264636196632,0.23966978,5.495945,24.787912,-39.59168,21,2022-02-17,21.05625,0.0,79.68375,9.2325,1.0,193.13375,2022,2,17,59.0,0,Peru_4001.csv
2022-02-18,4001,69.0,37.0,13.0,8.0,1.0,1.0,2,2,1,1,4,4,3,3,-2.367148988856506,1.04024824513414,1.4077227,4.947328,-5.6784,-26.908672,21,2022-02-18,21.12,0.0,78.50875,8.21125,1.0,219.61,2022,2,18,69.0,0,Peru_4001.csv
2022-02-19,4001,77.0,36.0,13.0,9.0,1.0,1.0,2,2,1,1,4,4,7,7,-2.0320712980676676,1.6424577995144025,1.4431857,4.749414,-5.481328,-23.967402,21,2022-02-19,22.43875,0.0,74.43625,7.2925,1.0,225.3075,2022,2,19,77.0,0,Peru_4001.csv
2022-02-20,4001,80.0,28.0,10.0,8.0,2.0,1.0,2,2,1,1,1,1,3,3,-2.7345660531481912,1.3337323192767596,2.117536,4.632442,-32.79088,-5.490426,21,2022-02-20,21.87875,0.0,74.505,8.795,1.0,190.69625000000002,2022,2,20,80.0,0,Peru_4001.csv
2022-02-21,4001,68.0,33.0,10.0,8.0,2.0,1.0,2,2,1,1,1,1,3,3,-3.053157468745374,0.7156735087435951,2.6336155,4.9292874,-55.164055,-17.63752,21,2022-02-21,21.3575,0.0,82.3375,7.665,1.0,195.92249999999999,2022,2,21,68.0,0,Peru_4001.csv
2022-02-22,4001,75.0,47.0,16.0,12.0,2.0,2.0,2,2,1,1,4,4,7,7,-0.6729348756897566,1.9350313634672087,0.11823574,3.798159,28.637012,-21.06442,21,2022-02-22,22.5225,0.0,74.73875,7.3725,1.0,190.70999999999998,2022,2,22,75.0,0,Peru_4001.csv
2022-02-23,4001,93.0,43.0,16.0,10.0,2.0,2.0,0,0,3,3,4,4,7,7,-0.016046125375911706,2.8912071911404897,0.2435246,3.4876177,20.171938,-24.648075,21,2022-02-23,22.73875,0.0,71.22375,9.8825,1.0,186.3025,2022,2,23,93.0,0,Peru_4001.csv
2022-02-24,4001,85.0,33.0,13.0,9.0,5.0,1.0,2,2,1,1,4,4,9,9,-1.0797391378940195,1.5682742419212832,0.9362905,3.8176227,-8.805724,4.7890797,21,2022-02-24,22.04375,0.0,79.5475,9.95,1.0,187.64249999999998,2022,2,24,85.0,0,Peru_4001.csv
2022-02-25,4001,77.0,37.0,13.0,10.0,2.0,1.0,2,2,1,1,4,4,7,7,-1.7980183355441548,1.6400491109991098,1.412422,4.7374744,-5.6335382,-23.930437,21,2022-02-25,21.916249999999998,0.0,79.49875,9.43,1.0,180.015,2022,2,25,77.0,0,Peru_4001.csv
2022-02-26,4001,78.0,33.0,11.0,9.0,3.0,2.0,2,2,1,1,4,4,3,3,-2.097152953273467,1.2285126590344904,1.9936979,4.5765495,-31.492899,-6.320315,21,2022-02-26,21.59375,0.0,79.6775,7.43,1.0,219.78625,2022,2,26,78.0,0,Peru_4001.csv
2022-02-27,4001,74.0,29.0,10.0,9.0,3.0,2.0,2,2,1,1,1,1,3,3,-2.7013458036905593,0.7630962967221164,2.2013497,4.8800893,-33.89709,-8.039451,21,2022-02-27,21.525,0.0,80.21875,9.52625,1.0,195.42125000000001,2022,2,27,74.0,0,Peru_4001.csv
2022-02-28,4001,74.0,31.0,10.0,9.0,1.0,1.0,2,2,1,1,1,1,3,3,-3.0470989448448487,1.2486942522536513,2.3118181,4.7788014,-31.831175,-5.1639595,21,2022-02-28,21.2275,0.0,84.65125,9.1375,1.0,181.72,2022,2,28,74.0,0,Peru_4001.csv
2022-03-01,4001,66.0,38.0,13.0,11.0,2.0,2.0,2,2,1,1,4,4,3,3,-2.186455947495421,0.833176155825975,1.3175535,4.957487,-5.9746785,-26.565056,21,2022-03-01,21.72375,0.0,82.04125,6.71375,1.0,210.06375,2022,3,1,66.0,0,Peru_4001.csv
2022-03-02,4001,78.0,40.0,12.0,10.0,2.0,3.0,2,2,1,1,4,4,9,9,-1.6207198808530807,1.6198162531615712,1.5034956,4.514443,-6.046461,-23.420902,21,2022-03-02,22.1625,0.0,79.19624999999999,6.88875,1.0,243.11875,2022,3,2,78.0,0,Peru_4001.csv
2022-03-03,4001,77.0,32.0,11.0,9.0,1.0,2.0,2,2,1,1,4,4,3,3,-2.5586255933447366,1.3574515443493147,1.9464523,4.544167,-31.463465,-4.929919,21,2022-03-03,21.95,0.0,83.89,6.03625,1.0,232.40625,2022,3,3,77.0,0,Peru_4001.csv
2022-03-04,4001,67.0,38.0,14.0,11.0,4.0,2.0,2,2,1,1,4,4,9,9,-1.5734108337766084,0.6294068008492637,0.7541647,4.8145776,23.508629,-21.808168,21,2022-03-04,22.27375,0.0,85.2775,5.93125,1.0,197.6875,2022,3,4,67.0,0,Peru_4001.csv
2022-03-05,4001,70.0,19.0,9.0,8.0,1.0,1.0,2,2,1,1,1,1,3,3,-4.068434720041024,0.3090147483973781,3.0495005,5.345005,-60.761406,-24.848244,21,2022-03-05,21.2875,0.0,88.5275,7.6125,1.0,181.525,2022,3,5,70.0,0,Peru_4001.csv
2022-03-06,4001,50.0,16.0,6.0,7.0,2.0,1.0,2,2,1,1,1,1,3,3,-5.61972893491733,-1.4141046912061068,4.9551373,5.523754,-67.46388,-45.94082,21,2022-03-06,21.05875,0.0,88.285,7.29875,1.0,195.71375,2022,3,6,50.0,0,Peru_4001.csv
2022-03-07,4001,46.0,25.0,10.0,9.0,1.0,1.0,2,2,1,1,1,1,3,3,-4.708500298928113,-1.0791448966821697,4.2678947,5.467805,-61.90624,-45.701443,21,2022-03-07,22.06125,0.0,84.615,5.52375,1.0,200.17625,2022,3,7,46.0,0,Peru_4001.csv
2022-03-08,4001,60.0,24.0,12.0,10.0,3.0,2.0,2,2,1,1,1,1,3,3,-3.227466103045241,-0.4772933423615763,2.2355897,5.7411284,-53.259933,-25.589643,21,2022-03-08,23.73875,0.0,76.4425,6.87375,1.0,179.4575,2022,3,8,60.0,0,Peru_4001.csv
2022-03-09,4001,56.0,22.0,11.0,11.0,1.0,2.0,2,2,1,1,1,1,3,3,-4.087605040932214,-0.5177834865391229,2.2436993,5.8916693,-59.323017,-45.864666,21,2022-03-09,23.03625,0.0,75.9325,8.641250000000001,1.0,161.93125,2022,3,9,56.0,0,Peru_4001.csv
2022-03-10,4001,59.0,28.0,12.0,11.0,6.0,2.0,2,2,1,1,1,1,3,3,-2.5244150263160012,-0.6531610153193679,2.7685363,5.3186774,-52.911655,-26.414925,21,2022-03-10,22.26625,0.0,81.42750000000001,9.3525,1.0,180.13125,2022,3,10,59.0,0,Peru_4001.csv
2022-03-11,4001,71.0,32.0,13.0,11.0,3.0,2.0,2,2,1,1,4,4,3,3,-2.0765789629438274,0.7686087331064476,1.372246,5.041697,-6.7610064,-25.959549,21,2022-03-11,21.8925,0.0,83.05125,8.67,1.0,196.2225,2022,3,11,71.0,0,Peru_4001.csv
2022-03-12,4001,73.0,27.0,13.0,13.0,2.0,3.0,2,2,1,1,4,4,7,7,-2.3294068399720627,0.8009790186023417,1.7299696,5.17117,-8.804165,-26.292606,21,2022-03-12,22.56,0.0,78.96875,8.67125,1.0,192.15,2022,3,12,73.0,0,Peru_4001.csv
2022-03-13,4001,65.0,19.0,11.0,11.0,1.0,2.0,2,2,1,1,1,1,3,3,-3.8096888501156143,-0.01663876596748385,2.8810556,5.609083,-59.549633,-25.67618,21,2022-03-13,23.267500000000002,0.0,72.985,9.2075,1.0,187.835,2022,3,13,65.0,0,Peru_4001.csv
2022-03-14,4001,54.0,23.0,11.0,11.0,1.0,2.0,2,2,1,1,1,1,3,3,-4.1320430266514485,-0.6124377514677208,2.283836,5.880352,-59.404243,-45.88719,21,2022-03-14,23.29375,0.0,71.1625,10.4575,1.0,183.25125,2022,3,14,54.0,0,Peru_4001.csv
2022-03-15,4001,58.0,29.0,12.0,12.0,1.0,2.0,2,2,1,1,1,1,3,3,-3.422487994738545,0.026437507576314544,2.3119144,5.6758327,-54.006977,-25.904911,21,2022-03-15,23.8675,0.0,67.64625,11.83125,1.0,177.755,2022,3,15,58.0,0,Peru_4001.csv
2022-03-16,4001,55.0,23.0,12.0,10.0,1.0,2.0,2,2,1,1,1,1,3,3,-3.881741599248575,-0.6379307908774674,2.1895692,5.9031878,-59.21833,-45.8574,21,2022-03-16,23.5175,0.0,68.24875,11.14,1.0,170.99625,2022,3,16,55.0,0,Peru_4001.csv
2022-03-17,4001,56.0,23.0,12.0,11.0,2.0,2.0,2,2,1,1,1,1,3,3,-3.6514513809257716,-0.6180794264554733,2.1647327,5.9030933,-59.162273,-45.856354,21,2022-03-17,22.96125,0.0,71.1275,10.32625,1.0,177.835,2022,3,17,56.0,0,Peru_4001.csv
2022-03-18,4001,67.0,26.0,11.0,10.0,2.0,2.0,2,2,1,1,1,1,3,3,-3.170324222015793,0.2801634455309457,2.5144765,5.4546776,-53.152885,-24.404926,21,2022-03-18,21.4975,0.0,80.13875,9.02375,1.0,204.57874999999999,2022,3,18,67.0,0,Peru_4001.csv
2022-03-19,4001,79.0,31.0,7.0,11.0,2.0,2.0,2,2,1,1,1,1,3,3,-3.144806998117438,1.571539212767413,2.55761,4.2474723,-31.959314,-0.34327155,21,2022-03-19,20.9075,0.0,81.1075,9.67375,1.0,183.23875,2022,3,19,79.0,0,Peru_4001.csv
2022-03-20,4001,89.0,24.0,5.8,10.0,1.0,2.0,2,2,1,1,1,1,3,3,-3.4528766972056713,2.0267201409001068,1.9791892,3.9806182,-24.87292,9.2421665,21,2022-03-20,20.47,0.0,79.9225,8.62125,1.0,198.6675,2022,3,20,89.0,0,Peru_4001.csv
2022-03-21,4001,75.0,21.0,14.0,10.0,3.0,2.0,2,2,1,1,4,4,7,7,-2.2532733565682,0.4088232964761963,0.9399219,5.4295664,3.6226158,-32.758724,21,2022-03-21,20.69,0.0,76.88125,9.01,1.0,189.97875,2022,3,21,75.0,0,Peru_4001.csv
2022-03-22,4001,65.0,19.0,13.0,10.0,3.0,2.0,2,2,1,1,1,1,3,3,-3.0427436069883482,-0.39068935379076614,1.6458591,5.803297,-1.9127579,-37.41712,21,2022-03-22,20.5475,0.0,81.24,9.0375,1.0,187.47875,2022,3,22,65.0,0,Peru_4001.csv
2022-03-23,4001,60.0,19.0,13.0,10.0,3.0,2.0,2,2,1,1,1,1,3,3,-3.283747312915927,-0.7526599078009082,1.9011055,5.87401,-2.1408212,-38.22513,21,2022-03-23,20.26375,0.0,80.78625,8.6625,1.0,195.83875,2022,3,23,60.0,0,Peru_4001.csv
2022-03-24,4001,57.0,20.0,13.0,10.0,2.0,2.0,2,2,1,1,1,1,3,3,-3.5570402324472217,-0.7939746021213908,1.9004886,5.9027076,-2.3908165,-38.340042,21,2022-03-24,20.08,0.0,80.495,8.6225,1.0,206.25,2022,3,24,57.0,0,Peru_4001.csv
2022-03-25,4001,62.0,24.0,15.0,11.0,3.0,2.0,2,2,1,1,4,4,7,7,-2.519021120140533,-0.33340325130306603,1.1944246,5.77471,1.0954295,-36.938847,21,2022-03-25,20.50875,0.0,77.9,8.32875,1.0,216.48875,2022,3,25,62.0,0,Peru_4001.csv
2022-03-26,4001,61.0,21.0,15.0,11.0,3.0,2.0,2,2,1,1,4,4,7,7,-2.723112291135026,-0.5561995703023258,1.2975607,5.7839093,0.92331845,-37.09946,21,2022-03-26,21.215,0.0,73.96375,8.66625,1.0,189.7,2022,3,26,61.0,0,Peru_4001.csv
2022-03-27,4001,58.0,19.0,14.0,12.0,4.0,2.0,2,2,1,1,1,1,3,3,-2.9930879916518434,-0.9014963349572085,1.7903063,5.8403096,-2.1383681,-38.86438,21,2022-03-27,21.185,0.0,73.505,9.998750000000001,1.0,184.13625,2022,3,27,58.0,0,Peru_4001.csv
2022-03-28,4001,60.0,21.0,13.0,13.0,1.0,3.0,2,2,1,1,1,1,3,3,-3.44845125698225,-0.31521498819903865,1.934605,5.8571258,-3.0053954,-38.68366,21,2022-03-28,21.82875,0.0,70.9425,9.935,1.0,180.89,2022,3,28,60.0,0,Peru_4001.csv
2022-03-29,4001,55.0,19.0,12.0,8.6,9.2,6.6,2,2,1,1,1,1,3,3,-2.203730591214008,-2.587717823403907,5.5387144,2.5668652,-31.190205,-57.964474,21,2022-03-29,21.712500000000002,0.0,71.8175,10.71625,1.0,180.0,2022,3,29,55.0,0,Peru_4001.csv
2022-03-30,4001,53.0,20.0,13.0,10.4,6.2,7.0,2,2,1,1,1,1,3,3,-2.548662954839132,-2.251669348227574,5.319288,4.010942,-37.900883,-72.753395,21,2022-03-30,20.71625,0.0,75.63,10.35625,1.0,177.4375,2022,3,30,53.0,0,Peru_4001.csv
2022-03-31,4001,58.0,21.0,14.0,13.2,4.8,5.0,2,2,1,1,4,4,3,3,-2.4778003542216984,-1.2155743330061537,1.8971413,5.797876,-3.0217347,-39.755527,21,2022-03-31,20.225,0.0,78.65625,9.69625,1.0,190.9925,2022,3,31,58.0,0,Peru_4001.csv
2022-04-01,4001,60.0,17.0,13.0,14.0,6.4,4.6,2,2,1,1,1,1,3,3,-2.5379425992458984,-1.3357020067699275,2.081237,5.717978,-3.0623817,-39.96151,21,2022-04-01,20.21125,0.0,76.22,11.2975,1.0,178.47875,2022,4,1,60.0,0,Peru_4001.csv
2022-04-02,4001,54.0,17.0,14.0,12.4,3.2,11.2,2,2,1,1,1,1,3,3,-2.6207476475628786,-2.3930151399985693,5.3182144,4.1498914,-37.230663,-71.92144,21,2022-04-02,20.39,0.0,75.495,10.85625,1.0,181.73624999999998,2022,4,2,54.0,0,Peru_4001.csv
2022-04-03,4001,54.0,17.0,11.0,9.0,6.4,8.6,2,2,1,1,1,1,3,3,-2.887908563897727,-2.6220789365058055,5.3391585,4.0494585,-37.423275,-73.188736,21,2022-04-03,20.48875,0.0,76.34875,11.59,1.0,182.18125,2022,4,3,54.0,0,Peru_4001.csv
2022-04-04,4001,58.0,21.0,13.0,8.0,10.0,13.4,2,2,1,1,1,1,3,3,-1.0070755317773048,-3.3497317357164063,5.5590525,2.306086,-21.725067,-63.075855,21,2022-04-04,19.91875,0.0,81.17125,10.42125,1.0,187.32375,2022,4,4,58.0,0,Peru_4001.csv
2022-04-05,4001,66.0,17.0,9.0,7.8,51.0,4.0,1,1,0,0,0,0,2,2,4.932373601166255,-6.783733632286177,6.0998297,-2.7293804,70.75792,-55.604588,21,2022-04-05,20.5025,0.0,77.40125,9.3,1.0,187.51,2022,4,5,66.0,0,Peru_4001.csv
2022-04-06,4001,59.0,18.0,11.0,7.8,19.0,19.4,2,2,1,1,1,1,4,4,0.6339936246471894,-5.327763808969227,4.3836207,-2.8941247,34.05272,-69.48056,21,2022-04-06,20.5375,0.0,76.75375,10.56625,1.0,174.12625,2022,4,6,59.0,0,Peru_4001.csv
2022-04-07,4001,59.0,19.0,12.0,7.6,5.6,17.0,2,2,1,1,1,1,4,4,-1.743652401149356,-3.310864063146846,5.2801585,3.85104,-29.931507,-78.1491,21,2022-04-07,19.89,0.0,80.78,12.28,1.0,173.115,2022,4,7,59.0,0,Peru_4001.csv
2022-04-08,4001,65.0,17.0,12.0,10.0,45.6,2.2,2,2,0,0,0,0,2,2,4.363336627346739,-5.849282682746809,6.017432,-2.5490437,70.449905,-55.28094,21,2022-04-08,19.79,0.0,78.56875,10.79625,1.0,186.86375,2022,4,8,65.0,0,Peru_4001.csv
2022-04-09,4001,58.0,21.0,11.0,12.8,10.6,15.2,2,2,1,1,1,1,3,3,-1.1397969107201789,-3.265416153594439,5.504946,2.1897001,-20.897717,-62.19357,21,2022-04-09,19.90625,0.0,77.145,7.26125,1.0,195.105,2022,4,9,58.0,0,Peru_4001.csv
2022-04-10,4001,74.0,54.2,9.0,10.8,9.0,7.0,2,2,1,1,4,4,9,9,-0.06703528570008223,0.7591993895379627,2.8038218,1.3150331,4.8204947,-1.3531363,21,2022-04-10,20.32375,0.0,77.98875,7.3925,1.0,197.4175,2022,4,10,74.0,0,Peru_4001.csv
2022-04-11,4001,58.4,11.0,12.0,12.0,3.0,3.0,2,2,1,1,1,1,3,3,-3.8888700887747323,-1.232347723675078,2.0510693,5.875765,-1.8611667,-39.657097,21,2022-04-11,19.52375,0.0,79.4525,11.338750000000001,1.0,181.58875,2022,4,11,58.4,0,Peru_4001.csv
2022-04-12,4001,46.0,53.0,12.0,11.0,10.0,3.0,2,2,1,1,1,1,9,9,-1.0409493093682294,-0.9777297064028004,4.0603404,1.8675238,-16.782928,-35.36442,21,2022-04-12,18.43125,0.0,81.4,11.4175,1.0,191.995,2022,4,12,53.0,0,Peru_4001.csv
2022-04-13,4001,79.0,80.0,9.0,9.0,1.0,2.0,0,0,3,3,5,5,11,11,-0.3750496165325924,3.958067386373747,-1.2497196,-1.8016574,23.297329,71.317566,21,2022-04-13,17.9875,0.0,82.07375,9.55125,1.0,208.775,2022,4,13,80.0,0,Peru_4001.csv
2022-04-14,4001,133.0,83.0,12.0,10.0,2.0,2.0,0,0,3,3,5,5,10,10,3.1763776949036533,7.891118936082266,-2.3777719,-0.5921435,70.80098,50.799248,21,2022-04-14,18.055,0.0,80.11,9.213750000000001,1.0,188.72,2022,4,14,133.0,0,Peru_4001.csv
2022-04-15,4001,141.0,75.0,10.0,10.0,3.0,2.0,0,0,3,3,5,5,10,10,2.919857641337885,7.992858231225,-2.5363212,-0.25426847,70.87073,49.036976,21,2022-04-15,18.150000000000002,0.0,80.72875,10.161249999999999,1.0,175.21875,2022,4,15,141.0,0,Peru_4001.csv
2022-04-16,4001,121.0,78.0,10.0,11.0,1.0,2.0,0,0,3,3,5,5,10,10,1.7518605686263455,7.020036629304046,-2.0696528,-0.35696882,67.91133,52.273716,21,2022-04-16,17.98375,0.0,83.93,10.40625,1.0,190.37125,2022,4,16,121.0,0,Peru_4001.csv
2022-04-17,4001,126.0,74.0,8.0,10.0,2.0,2.0,0,0,3,3,5,5,10,10,1.5571570859172472,7.031939143882699,-2.0946417,-0.3338927,67.514145,51.366966,21,2022-04-17,17.75,0.0,81.2975,9.24125,1.0,201.87,2022,4,17,126.0,0,Peru_4001.csv
2022-04-18,4001,132.0,95.0,11.0,12.0,1.0,3.0,0,0,3,3,5,5,10,10,3.458790361758111,8.583282235186987,-2.4297218,-0.840236,38.27811,77.4775,21,2022-04-18,18.295,0.0,78.355,8.17875,1.0,195.0725,2022,4,18,132.0,0,Peru_4001.csv
2022-04-19,4001,141.0,97.0,15.0,13.0,2.0,3.0,0,0,3,3,5,5,10,10,4.992757454865608,9.183768947503616,-2.4886024,-0.927368,38.122887,79.73716,21,2022-04-19,19.02125,0.0,77.35875,10.20125,1.0,179.465,2022,4,19,141.0,0,Peru_4001.csv
2022-04-20,4001,126.0,113.0,15.0,14.0,1.0,4.0,0,0,3,3,5,5,10,10,5.010314841987901,8.965064206848046,-2.3857176,-1.1466024,36.789402,79.53524,21,2022-04-20,19.4425,0.0,77.50125,10.2625,1.0,172.51625,2022,4,20,126.0,0,Peru_4001.csv
2022-04-21,4001,127.0,111.0,11.0,13.0,9.0,3.0,0,0,3,3,5,5,10,10,5.4958712812320085,8.09077933480131,-2.344993,-1.1632301,35.604347,79.05681,21,2022-04-21,19.99125,0.0,74.40125,11.1175,1.0,171.64,2022,4,21,127.0,0,Peru_4001.csv
2022-04-22,4001,129.0,65.0,11.0,11.0,1.0,2.0,0,0,3,3,5,5,10,10,1.6654772105816418,6.922750018894283,-2.2892482,-0.23103085,69.03916,51.492134,21,2022-04-22,18.84125,0.0,81.14,11.098749999999999,1.0,181.95374999999999,2022,4,22,129.0,0,Peru_4001.csv
2022-04-23,4001,105.0,61.0,11.0,12.0,1.0,3.0,0,0,3,3,5,5,11,11,0.39061290295524603,4.924083725909018,-1.0979371,0.47769308,41.7064,41.710278,21,2022-04-23,18.24,0.0,84.68375,10.87125,1.0,175.10999999999999,2022,4,23,105.0,0,Peru_4001.csv
2022-04-24,4001,101.0,58.0,11.0,13.0,1.0,3.0,0,0,3,3,5,5,11,11,0.04335474384391959,4.557295855066839,-1.0176823,0.5509621,41.654594,41.681416,21,2022-04-24,18.80125,0.0,81.4225,9.4425,1.0,175.10999999999999,2022,4,24,101.0,0,Peru_4001.csv
2022-04-25,4001,100.0,85.0,12.0,13.0,1.0,3.0,0,0,3,3,5,5,11,11,1.6017038711327225,5.813825105959781,-1.342335,-0.88287675,33.340656,73.56694,21,2022-04-25,18.83625,0.0,80.875,9.23,1.0,180.01,2022,4,25,100.0,0,Peru_4001.csv
2022-04-26,4001,123.0,75.0,14.0,13.0,1.0,3.0,0,0,3,3,5,5,10,10,2.5977578488309976,6.928155884622393,-2.2546325,-0.29922095,69.20465,52.824818,21,2022-04-26,18.62,0.0,82.60125000000001,9.66625,1.0,181.07750000000001,2022,4,26,123.0,0,Peru_4001.csv
2022-04-27,4001,111.0,69.0,9.0,10.0,1.0,1.0,0,0,3,3,5,5,11,11,0.508839022284445,5.9302574041199705,-1.289708,-0.37417147,40.346058,46.705433,21,2022-04-27,18.0375,0.0,85.995,9.47625,1.0,200.515,2022,4,27,111.0,0,Peru_4001.csv
2022-04-28,4001,122.0,79.0,14.0,12.0,1.0,2.0,0,0,3,3,5,5,10,10,2.6676040535676826,7.116969990690279,-2.24835,-0.35087535,69.14414,52.93314,21,2022-04-28,17.835,0.0,87.71125,7.05,1.0,224.385,2022,4,28,122.0,0,Peru_4001.csv
2022-04-29,4001,141.0,105.0,20.0,17.0,1.0,4.0,0,0,3,3,5,5,10,10,6.339603983038237,9.745993749581386,-2.4936783,-1.0064527,37.937447,80.141785,21,2022-04-29,18.7875,0.0,80.74125,8.43125,1.0,183.07875,2022,4,29,141.0,0,Peru_4001.csv
2022-04-30,4001,148.0,75.0,15.0,14.0,1.0,3.0,0,0,3,3,5,5,10,10,4.007747338767675,8.786502784264819,-2.7001987,-0.18166177,73.74303,46.943146,21,2022-04-30,18.455,0.0,80.59875,9.18375,1.0,189.5925,2022,4,30,148.0,0,Peru_4001.csv
2022-05-01,4001,115.0,53.0,9.0,11.0,2.0,1.0,0,0,3,3,5,5,10,10,0.05231585755551891,5.36514600104702,-1.3613594,0.4172144,45.465904,43.046787,21,2022-05-01,17.68125,0.0,83.71125,9.70875,1.0,207.42125,2022,5,1,115.0,0,Peru_4001.csv
2022-05-02,4001,99.0,67.0,12.0,12.0,2.0,1.0,0,0,3,3,5,5,11,11,0.6206362064115447,4.907819101758707,-0.9395453,0.5288197,40.81178,41.087383,21,2022-05-02,17.81375,0.0,81.9375,9.3025,1.0,183.715,2022,5,2,99.0,0,Peru_4001.csv
2022-05-03,4001,104.0,92.0,18.0,16.0,3.0,3.0,0,0,3,3,5,5,10,10,3.745081417996627,6.274267190111024,0.32822418,0.58914566,32.015865,75.943085,21,2022-05-03,18.43375,0.0,78.43125,8.365,1.0,199.0975,2022,5,3,104.0,0,Peru_4001.csv
2022-05-04,4001,139.0,64.0,12.0,13.0,1.0,2.0,0,0,3,3,5,5,10,10,2.301927731504094,7.718242359255003,-2.500754,-0.14984989,71.048515,47.68579,21,2022-05-04,18.2475,0.0,80.73,8.26375,1.0,213.525,2022,5,4,139.0,0,Peru_4001.csv
2022-05-05,4001,116.0,62.0,12.0,13.0,1.0,2.0,0,0,3,3,5,5,10,10,1.0893840110509276,5.952910077889514,-1.4323345,0.44679943,44.321358,43.27672,21,2022-05-05,17.47625,0.0,84.73875,10.73875,1.0,174.0225,2022,5,5,116.0,0,Peru_4001.csv
2022-05-06,4001,115.0,60.0,11.0,13.0,1.0,1.0,0,0,3,3,5,5,10,10,0.6453485467262062,5.9388067913700056,-1.3492426,0.49080667,44.445713,43.303917,21,2022-05-06,17.61875,0.0,82.91375,11.7125,1.0,168.115,2022,5,6,115.0,0,Peru_4001.csv
2022-05-07,4001,103.0,58.0,11.0,13.0,1.0,2.0,0,0,3,3,5,5,11,11,0.05138454968918945,4.835946939432227,-1.0447152,0.51121974,41.73194,41.666348,21,2022-05-07,17.77,0.0,81.76125,11.057500000000001,1.0,172.0575,2022,5,7,103.0,0,Peru_4001.csv
2022-05-08,4001,114.0,50.0,10.0,13.0,1.0,1.0,0,0,3,3,5,5,10,10,-0.12602288090319172,5.389768587566627,-1.3451954,0.4977513,45.46424,43.33218,21,2022-05-08,17.50875,0.0,83.75875,11.685,1.0,169.28375,2022,5,8,114.0,0,Peru_4001.csv
2022-05-09,4001,105.0,58.0,12.0,13.0,1.0,2.0,0,0,3,3,5,5,11,11,0.3513220777621933,4.956038743139751,-1.0560926,0.62774104,41.907036,41.43778,21,2022-05-09,17.0625,0.0,86.0525,11.223749999999999,1.0,179.875,2022,5,9,105.0,0,Peru_4001.csv
2022-05-10,4001,124.0,52.0,9.0,12.0,1.0,1.0,0,0,3,3,5,5,10,10,0.254940177777332,6.165483273855584,-1.6566842,0.27351406,54.461926,48.02452,21,2022-05-10,16.7175,0.0,84.40125,8.307500000000001,1.0,194.615,2022,5,10,124.0,0,Peru_4001.csv
2022-05-11,4001,98.0,83.0,16.0,16.0,1.0,3.0,0,0,3,3,5,5,11,11,2.2198252573056028,5.689555771937924,0.6307597,0.678605,29.380585,19.194221,21,2022-05-11,16.8,0.0,81.745,9.16875,1.0,179.57874999999999,2022,5,11,98.0,0,Peru_4001.csv
2022-05-12,4001,144.0,79.0,16.0,16.0,1.0,3.0,0,0,3,3,5,5,10,10,4.229204784381942,8.819147707352462,-2.6585417,-0.12899521,73.59286,46.723736,21,2022-05-12,16.794999999999998,0.0,83.275,8.94125,1.0,180.9325,2022,5,12,144.0,0,Peru_4001.csv
2022-05-13,4001,141.0,66.0,13.0,13.0,1.0,2.0,0,0,3,3,5,5,10,10,2.705792001744946,7.938602087877828,-2.5798094,-0.15186657,71.24156,47.651028,21,2022-05-13,16.146250000000002,0.0,86.92875,10.75,1.0,174.38,2022,5,13,141.0,0,Peru_4001.csv
2022-05-14,4001,126.0,62.0,12.0,12.0,1.0,1.0,0,0,3,3,5,5,10,10,1.4815841949905955,6.737522735312762,-2.2718074,-0.1675037,69.163155,51.70214,21,2022-05-14,15.92875,0.0,86.04125,10.67125,1.0,176.83875,2022,5,14,126.0,0,Peru_4001.csv
2022-05-15,4001,125.0,67.0,12.0,13.0,2.0,1.0,0,0,3,3,5,5,10,10,1.8752905708559564,6.863256597652732,-2.2680113,-0.2157082,69.09572,51.999535,21,2022-05-15,16.14,0.0,81.43125,8.31125,1.0,166.14125,2022,5,15,125.0,0,Peru_4001.csv
2022-05-16,4001,139.0,78.0,16.0,15.0,1.0,1.0,0,0,3,3,5,5,10,10,3.7580592616652364,8.601578055989263,-2.6206062,-0.13265127,73.392395,46.737797,21,2022-05-16,16.723750000000003,0.0,82.8175,10.32875,1.0,176.50375,2022,5,16,139.0,0,Peru_4001.csv
2022-05-17,4001,132.0,67.0,12.0,13.0,1.0,1.0,0,0,3,3,5,5,10,10,2.0320412985738203,7.495748633800981,-2.366795,-0.20832849,69.53718,51.603622,21,2022-05-17,16.4925,0.0,83.845,7.61875,1.0,194.1,2022,5,17,132.0,0,Peru_4001.csv
2022-05-18,4001,126.0,76.0,12.0,14.0,1.0,2.0,0,0,3,3,5,5,10,10,2.300315082004515,7.451918577182386,-2.289069,-0.2829063,69.3565,52.54222,21,2022-05-18,16.9,0.0,81.4475,7.8775,1.0,187.53125,2022,5,18,126.0,0,Peru_4001.csv
2022-05-19,4001,132.0,69.0,14.0,16.0,1.0,2.0,0,0,3,3,5,5,10,10,2.6357177500288076,7.632333595204726,-2.4147503,-0.12613039,69.98188,51.833477,21,2022-05-19,16.8125,0.0,80.9375,11.6175,1.0,170.6875,2022,5,19,132.0,0,Peru_4001.csv
2022-05-20,4001,128.0,59.0,12.0,13.0,1.0,1.0,0,0,3,3,5,5,10,10,1.4235307715514578,6.805099918341998,-2.2070136,-0.04165221,69.25336,51.61672,21,2022-05-20,16.61,0.0,86.0675,12.05875,1.0,174.46375,2022,5,20,128.0,0,Peru_4001.csv
2022-05-21,4001,127.0,72.0,12.0,14.0,1.0,2.0,0,0,3,3,5,5,10,10,2.140661958371381,7.323776492782267,-2.317658,-0.23497485,69.38466,52.284565,21,2022-05-21,16.32625,0.0,86.5775,8.54875,1.0,184.88375,2022,5,21,127.0,0,Peru_4001.csv
2022-05-22,4001,141.0,71.0,12.0,13.0,1.0,1.0,0,0,3,3,5,5,10,10,2.6737017117468502,8.347831684835961,-2.5815651,-0.17596506,71.28944,47.883102,21,2022-05-22,16.3275,0.0,86.22,6.88625,1.0,215.47375,2022,5,22,141.0,0,Peru_4001.csv
2022-05-23,4001,156.0,85.0,18.0,16.0,1.0,1.0,0,0,3,3,5,5,10,10,5.349723352461123,10.207014504751001,-2.8296082,-0.19396046,74.71418,46.326298,21,2022-05-23,16.22,0.0,85.8125,8.225,1.0,183.005,2022,5,23,156.0,0,Peru_4001.csv
2022-05-24,4001,167.0,81.0,19.0,17.0,1.0,2.0,0,0,3,3,5,5,10,10,5.965420369565551,10.717444927628282,-2.8374481,-0.11213959,74.95016,46.19341,21,2022-05-24,15.9,0.0,86.0425,8.21375,1.0,183.35375,2022,5,24,167.0,0,Peru_4001.csv
2022-05-25,4001,161.0,66.0,19.0,17.0,1.0,2.0,0,0,3,3,5,5,10,10,4.896763881454613,9.53106936474815,-2.819167,0.06261947,75.11036,45.722263,21,2022-05-25,15.72125,0.0,86.6475,9.0,1.0,188.07375,2022,5,25,161.0,0,Peru_4001.csv
2022-05-26,4001,156.0,50.0,16.0,14.0,1.0,1.0,0,0,3,3,5,5,10,10,3.121059399217533,8.355333491059932,-2.6573164,0.25262582,75.21729,44.442146,21,2022-05-26,15.626249999999999,0.0,85.79625,8.415,1.0,176.6525,2022,5,26,156.0,0,Peru_4001.csv
2022-05-27,4001,125.0,54.0,4.6,16.0,1.0,2.0,0,0,3,3,5,5,10,10,-0.3943780730714456,6.605710096277503,-1.6147517,-0.008024942,53.807938,50.866734,21,2022-05-27,15.591249999999999,0.0,84.68875,9.53375,1.0,171.5875,2022,5,27,125.0,0,Peru_4001.csv
2022-05-28,4001,130.0,42.0,4.0,15.0,1.0,1.0,0,0,3,3,5,5,10,10,-0.9888645830850424,6.4415614673472845,-1.742331,0.13727084,52.661545,50.367138,21,2022-05-28,15.5125,0.0,83.26,10.78125,1.0,166.35875,2022,5,28,130.0,0,Peru_4001.csv
2022-05-29,4001,108.0,53.0,5.6,15.0,2.0,1.0,0,0,3,3,5,5,11,11,-0.9713706856856804,5.235118316062754,-0.9993592,-0.09895384,35.495537,44.781754,21,2022-05-29,15.42375,0.0,82.65,11.49625,1.0,171.665,2022,5,29,108.0,0,Peru_4001.csv
2022-05-30,4001,111.0,54.0,11.6,16.0,1.0,1.0,0,0,3,3,5,5,11,11,0.2671922745277479,5.553180832363317,-1.251224,0.60981643,45.015133,43.522717,21,2022-05-30,15.64125,0.0,82.4375,10.094999999999999,1.0,165.56375,2022,5,30,111.0,0,Peru_4001.csv
2022-05-31,4001,115.0,54.0,10.0,16.0,1.0,1.0,0,0,3,3,5,5,10,10,0.1343374449607186,5.882271276990283,-1.3304203,0.45948192,45.226738,43.67065,21,2022-05-31,15.65875,0.0,80.39125,10.557500000000001,1.0,166.9675,2022,5,31,115.0,0,Peru_4001.csv
2022-06-01,4001,119.0,58.0,40.0,16.0,1.0,1.0,0,0,3,3,4,4,7,7,6.641075641561942,5.6314931360884035,-2.4189742,3.1936712,94.793076,-7.1928844,21,2022-06-01,15.93,0.0,76.6475,12.8175,1.0,150.9575,2022,6,1,119.0,0,Peru_4001.csv
2022-06-02,4001,120.0,61.0,4.4,16.0,1.0,1.0,0,0,3,3,5,5,10,10,-0.4007164084385891,6.733479946930124,-1.526758,-0.15603736,54.206707,51.193848,21,2022-06-02,15.545,0.0,82.23875000000001,8.57,1.0,193.4,2022,6,2,120.0,0,Peru_4001.csv
2022-06-03,4001,134.0,70.0,2.8,17.0,1.0,2.0,0,0,3,3,5,5,10,10,0.5059143459035942,8.17704614428424,-1.9349808,-0.17495902,66.417305,49.088253,21,2022-06-03,16.2275,0.0,82.015,7.262499999999999,1.0,184.1575,2022,6,3,134.0,0,Peru_4001.csv
2022-06-04,4001,158.0,68.0,6.0,18.0,1.0,1.0,0,0,3,3,5,5,10,10,2.123183868571995,9.942261584444426,-2.6817014,-0.17458825,73.23972,48.70858,21,2022-06-04,16.900000000000002,0.0,77.81875,8.83375,1.0,178.5825,2022,6,4,158.0,0,Peru_4001.csv
2022-06-05,4001,142.0,44.0,4.6,15.0,2.4,1.0,0,0,3,3,5,5,10,10,0.06850848031063693,7.219713941642972,-1.9119275,0.12781864,52.417408,50.24261,21,2022-06-05,16.7625,0.0,80.12125,13.76625,1.0,160.44625,2022,6,5,142.0,0,Peru_4001.csv
2022-06-06,4001,99.0,51.0,20.8,16.0,5.4,1.0,0,0,3,3,4,4,7,7,2.2003031057961464,3.753615222251394,-1.3456506,3.068863,74.82925,4.753352,21,2022-06-06,16.0625,0.0,86.4375,9.77875,1.0,177.35999999999999,2022,6,6,99.0,0,Peru_4001.csv
2022-06-07,4001,125.0,27.0,13.6,13.2,2.0,12.2,0,0,3,3,5,5,10,10,1.112459496388929,3.3337552655436773,-1.3873255,1.5485368,55.46467,35.325787,21,2022-06-07,16.326249999999998,0.0,81.23625,8.16875,1.0,180.5825,2022,6,7,125.0,0,Peru_4001.csv
2022-06-08,4001,68.0,46.0,11.6,19.0,5.0,15.8,2,2,1,1,4,4,9,9,-0.18632313874845113,-0.2253683533331047,2.334184,-2.6856797,9.656214,-56.00444,21,2022-06-08,15.71125,0.0,81.9625,7.12875,1.0,177.85375,2022,6,8,68.0,0,Peru_4001.csv
2022-06-09,4001,102.0,55.0,11.8,16.2,7.0,3.8,0,0,3,3,5,5,11,11,1.257709487948621,3.832249911489,-0.48097533,0.8021075,40.954834,31.003376,21,2022-06-09,15.84,0.0,84.6625,10.27125,1.0,169.125,2022,6,9,102.0,0,Peru_4001.csv
2022-06-10,4001,113.0,50.0,13.0,16.8,6.0,14.0,0,0,3,3,5,5,10,10,2.493941596222256,3.1525270631130575,-1.7485204,0.6080296,64.29617,31.891024,21,2022-06-10,15.53625,0.0,85.98875,8.737499999999999,1.0,186.24625,2022,6,10,113.0,0,Peru_4001.csv
2022-06-11,4001,116.0,52.0,15.2,20.2,4.6,19.0,0,0,3,3,5,5,10,10,3.3840725174895163,3.171207577200565,-1.9496378,0.66588914,66.38184,31.229298,21,2022-06-11,15.12125,0.0,86.91125,10.96875,1.0,163.71375,2022,6,11,116.0,0,Peru_4001.csv
2022-06-12,4001,136.0,45.0,9.8,37.2,9.4,5.8,0,0,3,3,5,5,10,10,2.6102814922798814,6.809222549458364,-1.2980946,0.23854351,50.21744,61.51027,21,2022-06-12,14.69875,0.0,87.72875,11.47625,1.0,170.75125,2022,6,12,136.0,0,Peru_4001.csv
2022-06-13,4001,121.0,34.0,14.0,10.8,2.2,8.2,0,0,3,3,5,5,10,10,1.04401462910802,3.7198851434272666,-1.4135213,1.5340858,55.26305,35.51847,21,2022-06-13,14.545,0.0,86.895,10.32875,1.0,172.475,2022,6,13,121.0,0,Peru_4001.csv
2022-06-14,4001,95.0,38.0,17.6,19.2,6.2,26.8,0,0,3,3,4,4,4,4,3.1097656198297634,-0.428710675402626,3.0748742,-3.6605146,26.787386,-56.899315,21,2022-06-14,14.40625,0.0,82.78625,12.36625,1.0,152.70250000000001,2022,6,14,95.0,0,Peru_4001.csv
2022-06-15,4001,95.0,54.0,15.0,20.2,10.8,20.8,0,0,3,3,5,5,9,9,3.714201836184008,0.7356377829456842,2.6423073,-2.993232,56.691437,2.725637,21,2022-06-15,14.7325,0.0,80.26375,12.12125,1.0,155.17874999999998,2022,6,15,95.0,0,Peru_4001.csv
2022-06-16,4001,118.0,45.0,10.0,16.0,5.4,3.6,0,0,3,3,5,5,10,10,0.8359134352107663,4.746976478874026,-1.4914901,0.4257999,47.681137,45.221977,21,2022-06-16,15.12375,0.0,79.99375,12.397499999999999,1.0,151.5525,2022,6,16,118.0,0,Peru_4001.csv
2022-06-17,4001,111.0,45.0,14.0,15.0,2.0,4.6,0,0,3,3,5,5,10,10,0.7853645464695423,4.361872750405758,-1.0759145,1.2451603,45.1955,35.521614,21,2022-06-17,14.7775,0.0,83.79,7.8725,1.0,194.15125,2022,6,17,111.0,0,Peru_4001.csv
2022-06-18,4001,122.0,35.0,14.0,17.0,2.0,21.0,0,0,3,3,5,5,10,10,2.2481043306344715,2.607899620411282,-1.9455848,0.14132449,63.574497,40.166126,21,2022-06-18,14.69,0.0,84.6925,6.8,1.0,200.86375,2022,6,18,122.0,0,Peru_4001.csv
2022-06-19,4001,93.0,51.0,18.0,23.0,2.0,3.2,0,0,3,3,4,4,7,7,0.9314381266922473,4.033732281180788,0.010939617,1.6330013,27.658201,22.018862,21,2022-06-19,14.6725,0.0,82.36,8.68875,1.0,171.82375,2022,6,19,93.0,0,Peru_4001.csv
2022-06-20,4001,136.0,41.0,16.0,21.0,2.0,9.0,0,0,3,3,5,5,10,10,2.5870480773114335,5.771944996070132,-2.2206209,0.6579421,67.35921,41.310802,21,2022-06-20,14.6275,0.0,84.52,13.963750000000001,1.0,160.0625,2022,6,20,136.0,0,Peru_4001.csv
2022-06-21,4001,113.0,37.0,15.0,21.0,2.0,16.8,0,0,3,3,5,5,10,10,1.7563406646181432,2.8869113801823625,2.4162943,-3.439346,65.069405,30.2096,21,2022-06-21,14.47,0.0,83.6825,11.3375,1.0,161.2825,2022,6,21,113.0,0,Peru_4001.csv
2022-06-22,4001,107.0,28.0,15.0,21.0,2.0,23.2,0,0,3,3,5,5,10,10,1.5650439083149095,1.144618745149718,2.4265885,-3.4587574,57.468636,-6.371034,21,2022-06-22,14.35375,0.0,82.79875,12.295,1.0,154.74875,2022,6,22,107.0,0,Peru_4001.csv
2022-06-23,4001,85.0,38.0,16.0,25.0,2.0,11.4,0,0,1,1,4,4,9,9,0.19075347107488203,1.900936493729094,0.08570084,1.602712,28.445803,0.5514264,21,2022-06-23,13.94875,0.0,84.92625,13.4075,1.0,161.1825,2022,6,23,85.0,0,Peru_4001.csv
2022-06-24,4001,108.0,32.0,19.0,18.0,2.0,12.2,0,0,3,3,4,4,7,7,1.6588481601021579,2.5716814272845436,-0.75341743,2.051626,52.214848,27.563026,21,2022-06-24,14.50875,0.0,84.88,9.94375,1.0,180.86,2022,6,24,108.0,0,Peru_4001.csv
2022-06-25,4001,96.0,37.0,16.0,14.0,2.0,13.8,0,0,3,3,4,4,9,9,0.86530226136236,1.520767960364893,-0.68931645,2.1269913,52.72117,27.739315,21,2022-06-25,14.94125,0.0,82.17125,10.03,1.0,158.10125,2022,6,25,96.0,0,Peru_4001.csv
2022-06-26,4001,106.0,38.0,14.0,14.0,2.0,19.8,0,0,3,3,5,5,10,10,1.5224311427040988,1.541059179247807,2.398713,-3.3831644,57.146584,-5.391368,21,2022-06-26,14.72125,0.0,84.75625,10.11625,1.0,178.45125,2022,6,26,106.0,0,Peru_4001.csv
2022-06-27,4001,110.0,39.0,16.0,16.0,2.0,22.4,0,0,3,3,5,5,10,10,2.4069066014662175,1.6297155214459103,2.4350932,-3.4529493,57.76227,-5.7090116,21,2022-06-27,15.14875,0.0,82.9575,11.48,1.0,160.41625,2022,6,27,110.0,0,Peru_4001.csv
2022-06-28,4001,107.0,25.0,11.0,14.0,2.0,13.2,0,0,3,3,4,4,9,9,-0.2987544364499704,1.9192938442210465,1.103955,3.5625987,-11.386711,-3.7717285,21,2022-06-28,14.83,0.0,86.48875,13.8175,1.0,252.12,2022,6,28,107.0,0,Peru_4001.csv
2022-06-29,4001,80.0,19.0,13.0,13.0,2.0,17.6,2,2,1,1,4,4,4,4,-1.1174827552286755,-1.0477308142560262,1.5757933,4.1290336,-11.328383,-10.873944,21,2022-06-29,15.17875,0.0,83.51375,9.709999999999999,1.0,280.4875,2022,6,29,80.0,0,Peru_4001.csv
2022-06-30,4001,63.0,22.0,14.0,15.0,2.0,6.8,2,2,1,1,4,4,3,3,-2.52901248616208,-0.5606253791869523,1.8436818,5.7189665,-3.6096978,-39.08819,21,2022-06-30,14.6675,0.0,84.73875,8.2225,1.0,170.92374999999998,2022,6,30,63.0,0,Peru_4001.csv
2022-07-01,4001,74.0,37.0,19.0,18.0,2.0,21.8,2,2,1,1,4,4,7,7,1.128208926734724,-0.9241299690005383,3.4117486,-3.7823608,20.256968,-53.85323,21,2022-07-01,14.71625,0.0,84.86375,9.69375,1.0,165.78625,2022,7,1,74.0,0,Peru_4001.csv
2022-07-02,4001,105.0,38.0,18.0,17.0,2.0,14.0,0,0,3,3,4,4,10,10,1.7801245689685963,2.3658561241048934,-0.7646449,2.0651202,52.3365,27.537868,21,2022-07-02,14.765,0.0,86.7925,7.8425,1.0,180.41,2022,7,2,105.0,0,Peru_4001.csv
2022-07-03,4001,111.0,21.0,12.0,14.0,2.0,12.6,0,0,3,3,4,4,10,10,-0.16329244746353216,2.0639553449245023,1.0336072,3.5117295,-11.482858,-3.7775326,21,2022-07-03,14.625,0.0,87.63625,6.75125,1.0,220.23999999999998,2022,7,3,111.0,0,Peru_4001.csv
2022-07-04,4001,71.0,36.0,16.0,16.0,2.0,4.0,2,2,1,1,4,4,7,7,-1.2548515240331366,1.1190180294590273,0.33891574,4.8396053,25.196302,-23.459198,21,2022-07-04,14.6825,0.0,86.0825,8.9125,1.0,174.21375,2022,7,4,71.0,0,Peru_4001.csv
2022-07-05,4001,106.0,33.0,16.0,15.0,2.0,10.8,0,0,3,3,4,4,7,7,0.8757758194198938,2.518951729772038,-0.73654145,2.0525186,52.175827,27.603434,21,2022-07-05,14.765,0.0,82.7025,8.88125,1.0,187.95374999999999,2022,7,5,106.0,0,Peru_4001.csv
2022-07-06,4001,96.0,30.0,17.0,16.0,2.0,3.6,0,0,1,1,4,4,7,7,-0.19342664103707724,2.6569148161685163,-0.0059354156,4.26932,15.734019,-29.147112,21,2022-07-06,14.678749999999999,0.0,86.775,9.53375,1.0,177.14625,2022,7,6,96.0,0,Peru_4001.csv
2022-07-07,4001,90.0,20.0,13.0,14.0,2.0,13.2,2,2,1,1,4,4,7,7,-0.9709121231662624,0.38853111275734026,1.1254374,4.149297,-13.717407,-4.7561946,21,2022-07-07,14.465,0.0,85.86625,7.95,1.0,222.57375000000002,2022,7,7,90.0,0,Peru_4001.csv
2022-07-08,4001,66.0,30.0,19.0,16.0,2.0,8.2,2,2,1,1,4,4,7,7,-0.8258667331054088,-0.18006945702215876,-0.023281582,5.0963507,27.975897,-31.423285,21,2022-07-08,15.0875,0.0,83.5625,7.203749999999999,1.0,181.9425,2022,7,8,66.0,0,Peru_4001.csv
2022-07-09,4001,81.0,29.0,13.0,17.0,2.0,6.6,2,2,1,1,4,4,7,7,-1.5159949601091145,1.2912573574042567,1.1322048,3.70982,-10.368721,3.7376854,21,2022-07-09,14.77375,0.0,87.0625,11.62875,1.0,170.54375,2022,7,9,81.0,0,Peru_4001.csv
2022-07-10,4001,88.0,17.0,11.0,15.0,2.0,8.4,2,2,1,1,4,4,9,9,-2.053025027519169,0.8584654221558384,1.3022584,4.175913,-15.004293,-6.5141335,21,2022-07-10,14.77625,0.0,88.24,11.959999999999999,1.0,177.27625,2022,7,10,88.0,0,Peru_4001.csv
2022-07-11,4001,63.0,18.0,13.0,15.0,2.0,10.0,2,2,1,1,1,1,3,3,-2.6576128599998,-1.1648260315859136,4.9992046,4.2502837,-36.136154,-70.76616,21,2022-07-11,14.935,0.0,83.58875,9.9975,1.0,169.73375,2022,7,11,63.0,0,Peru_4001.csv
2022-07-12,4001,61.0,24.0,17.0,16.0,2.0,11.2,2,2,1,1,4,4,7,7,-1.520608108021146,-1.1950398352022893,0.48598325,5.713728,15.638561,-72.1704,21,2022-07-12,14.37875,0.0,85.88499999999999,8.21625,1.0,196.40875,2022,7,12,61.0,0,Peru_4001.csv
2022-07-13,4001,72.0,18.0,20.0,18.0,2.0,19.0,2,2,1,1,4,4,7,7,0.0005970164452647633,-1.6713460514309313,0.36273143,5.6661215,19.000916,-73.79313,21,2022-07-13,14.4325,0.0,87.0875,10.25125,1.0,168.32625000000002,2022,7,13,72.0,0,Peru_4001.csv
2022-07-14,4001,58.0,10.0,17.0,17.0,2.0,4.2,2,2,1,1,4,4,7,7,-3.0098654315280315,-1.103868927795411,1.2706194,6.0712185,1.431222,-61.064247,21,2022-07-14,14.241249999999999,0.0,85.44875,13.33625,1.0,162.0725,2022,7,14,58.0,0,Peru_4001.csv
2022-07-15,4001,41.0,25.0,16.0,16.0,2.0,3.8,2,2,1,1,1,1,3,3,-3.2901458270662722,-1.5775069897440661,0.27953246,6.1762815,-2.411712,-63.852596,21,2022-07-15,14.0625,0.0,85.68875,11.6875,1.0,173.23000000000002,2022,7,15,41.0,0,Peru_4001.csv
2022-07-16,4001,66.0,50.0,15.0,16.0,2.0,14.6,2,2,1,1,4,4,9,9,-0.03516267824021682,0.06467560808194922,3.7898786,1.7950245,12.294031,-52.29643,21,2022-07-16,14.43,0.0,83.59875,9.445,1.0,190.75,2022,7,16,66.0,0,Peru_4001.csv
2022-07-17,4001,109.0,62.0,15.0,16.0,2.0,3.4,0,0,3,3,5,5,10,10,1.6712673710140449,5.278493236291875,-1.1985914,0.92553806,43.276268,37.333374,21,2022-07-17,14.30125,0.0,85.8025,7.76,1.0,225.4325,2022,7,17,109.0,0,Peru_4001.csv
2022-07-18,4001,138.0,72.0,18.0,16.0,2.0,11.0,0,0,3,3,5,5,10,10,4.870956029148881,6.787816617691059,-2.5972257,0.4176746,68.89597,37.673397,21,2022-07-18,14.637500000000001,0.0,84.94375,8.16625,1.0,187.95250000000001,2022,7,18,138.0,0,Peru_4001.csv
2022-07-19,4001,142.0,71.0,17.0,16.0,2.0,8.4,0,0,3,3,5,5,10,10,4.5784932554562685,7.399998636249716,-2.5933733,0.34229252,69.05328,38.06797,21,2022-07-19,14.82625,0.0,85.125,8.77,1.0,191.3225,2022,7,19,142.0,0,Peru_4001.csv
2022-07-20,4001,153.0,48.0,16.0,16.0,2.0,7.4,0,0,3,3,5,5,10,10,3.6216337987855587,7.2018095471640144,-2.637999,0.2988455,75.13519,44.174797,21,2022-07-20,14.20375,0.0,86.43125,9.55625,1.0,165.36875,2022,7,20,153.0,0,Peru_4001.csv
2022-07-21,4001,112.0,56.0,16.0,16.0,2.0,11.6,0,0,3,3,5,5,10,10,2.4322726384337714,4.072500270156577,-1.8019183,0.861584,64.36126,33.573612,21,2022-07-21,14.0025,0.0,87.61875,10.7425,1.0,166.97875,2022,7,21,112.0,0,Peru_4001.csv
2022-07-22,4001,122.0,72.0,17.0,17.0,2.0,28.4,0,0,3,3,5,5,10,10,5.43531119854527,3.3981865256746824,-2.2252796,0.49238226,68.762596,33.44769,21,2022-07-22,14.26375,0.0,85.4225,9.605,1.0,184.74125,2022,7,22,122.0,0,Peru_4001.csv
2022-07-23,4001,146.0,57.0,14.0,15.0,2.0,14.8,0,0,3,3,5,5,10,10,3.9973431069736436,6.131874818575763,-2.5768309,0.37603208,67.28377,39.376904,21,2022-07-23,14.43625,0.0,85.8375,7.45625,1.0,207.12375,2022,7,23,146.0,0,Peru_4001.csv
2022-07-24,4001,119.0,62.0,16.0,17.0,2.0,12.2,0,0,3,3,5,5,10,10,3.1359168107798423,4.8729365303067596,-2.04659,0.7657808,65.66268,34.185223,21,2022-07-24,14.59375,0.0,86.3075,9.12875,1.0,168.00125,2022,7,24,119.0,0,Peru_4001.csv
2022-07-25,4001,133.0,59.0,12.0,18.0,2.0,6.8,0,0,3,3,5,5,10,10,2.364920649819045,6.630886924050498,-2.3353765,0.2776888,69.188774,43.6223,21,2022-07-25,14.62375,0.0,87.20875,10.35375,1.0,170.70875,2022,7,25,133.0,0,Peru_4001.csv
2022-07-26,4001,132.0,57.0,9.0,16.0,2.0,12.4,0,0,3,3,5,5,10,10,2.0941957323305536,5.636300642031919,-2.1767778,0.024447503,66.91507,43.86999,21,2022-07-26,14.6625,0.0,87.3425,11.5075,1.0,166.6675,2022,7,26,132.0,0,Peru_4001.csv
2022-07-27,4001,122.0,59.0,11.0,16.0,2.0,17.2,0,0,3,3,5,5,10,10,2.547371671798051,4.320693942755342,-1.886992,-0.13197169,62.61939,43.65304,21,2022-07-27,14.827499999999999,0.0,87.16,10.55625,1.0,169.4475,2022,7,27,122.0,0,Peru_4001.csv
2022-07-28,4001,128.0,36.0,8.0,16.0,2.0,6.2,0,0,3,3,5,5,10,10,0.058719650991949514,5.148554606259079,-1.560223,0.38425398,50.481564,47.88677,21,2022-07-28,14.5175,0.0,88.025,9.85375,1.0,179.52,2022,7,28,128.0,0,Peru_4001.csv
2022-07-29,4001,92.0,25.0,8.0,14.0,2.0,11.2,2,2,1,1,4,4,9,9,-1.809117050438132,1.1751968687941965,1.329895,3.5883334,-9.521699,-3.6594696,21,2022-07-29,14.495,0.0,84.39625,8.32375,1.0,245.45250000000001,2022,7,29,92.0,0,Peru_4001.csv
2022-07-30,4001,62.0,52.0,14.0,15.0,1.0,12.6,2,2,1,1,4,4,9,9,-0.6864075234412269,0.2203320162476184,3.7962313,1.8420606,12.381559,-52.305965,21,2022-07-30,14.75875,0.0,83.1975,8.57625,1.0,163.225,2022,7,30,62.0,0,Peru_4001.csv
2022-07-31,4001,106.0,52.0,13.0,16.0,2.0,4.4,0,0,3,3,5,5,11,11,0.6883301417034328,4.475500390403828,-0.9863007,1.0412207,44.24185,36.018875,21,2022-07-31,14.355,0.0,87.36,9.98,1.0,175.9425,2022,7,31,106.0,0,Peru_4001.csv
2022-08-01,4001,123.0,57.0,17.0,17.0,2.0,3.8,0,0,3,3,5,5,10,10,2.5301161660768194,6.011593213322635,-1.8412933,1.2461246,60.942646,35.400047,21,2022-08-01,14.3475,0.0,87.3125,10.22625,1.0,176.69375,2022,8,1,123.0,0,Peru_4001.csv
2022-08-02,4001,117.0,64.0,16.0,17.0,2.0,12.0,0,0,3,3,5,5,10,10,3.125767950897645,4.8551890014203565,-2.032367,0.7676771,65.71314,34.172714,21,2022-08-02,14.161249999999999,0.0,86.45875,10.02125,1.0,166.9725,2022,8,2,117.0,0,Peru_4001.csv
2022-08-03,4001,135.0,58.0,14.0,15.0,2.0,12.0,0,0,3,3,5,5,10,10,3.271657564732765,5.760489337310781,-2.4359124,0.44533575,67.137794,38.604313,21,2022-08-03,14.1625,0.0,87.69625,11.42125,1.0,179.02375,2022,8,3,135.0,0,Peru_4001.csv
2022-08-04,4001,127.0,50.0,14.0,15.0,2.0,9.8,0,0,3,3,5,5,10,10,2.2759264450116197,5.074762347219067,-2.0411716,0.6084045,64.43304,37.19636,21,2022-08-04,14.615,0.0,85.99625,8.60125,1.0,218.44625,2022,8,4,127.0,0,Peru_4001.csv
2022-08-05,4001,107.0,62.0,17.0,17.0,2.0,17.8,0,0,3,3,5,5,10,10,3.255925772193528,3.22987970554757,-1.9387566,0.76277584,65.393585,32.499012,21,2022-08-05,14.41625,0.0,87.09875,8.37,1.0,181.22375,2022,8,5,107.0,0,Peru_4001.csv
2022-08-06,4001,137.0,57.0,17.0,17.0,2.0,18.4,0,0,3,3,5,5,10,10,4.495153334929414,5.070714707547484,-2.5592225,0.39177886,66.99151,38.810883,21,2022-08-06,14.26875,0.0,87.08375,10.355,1.0,170.995,2022,8,6,137.0,0,Peru_4001.csv
2022-08-07,4001,128.0,44.0,13.0,16.0,2.0,7.4,0,0,3,3,5,5,10,10,1.5981536208495213,5.265509934046981,-2.075589,0.56321543,63.996307,37.615677,21,2022-08-07,14.47,0.0,85.62,9.955,1.0,204.04500000000002,2022,8,7,128.0,0,Peru_4001.csv
2022-08-08,4001,105.0,47.0,15.0,17.0,2.0,7.6,0,0,3,3,5,5,10,10,1.0716088411573141,3.747873305205512,-1.0194063,1.2971302,44.894474,35.280506,21,2022-08-08,14.57125,0.0,85.34375,9.725,1.0,204.31,2022,8,8,105.0,0,Peru_4001.csv
2022-08-09,4001,112.0,55.0,14.0,15.0,2.0,13.2,0,0,3,3,5,5,10,10,2.1131964897323363,3.784387680804264,-1.8313484,0.6687864,64.423294,32.901756,21,2022-08-09,14.1875,0.0,87.5125,8.2525,1.0,232.39000000000001,2022,8,9,112.0,0,Peru_4001.csv
2022-08-10,4001,121.0,66.0,17.0,17.0,1.0,9.6,0,0,3,3,5,5,10,10,3.2332875681657205,5.667341233330464,-2.0557132,0.7871937,66.00622,34.651627,21,2022-08-10,14.5,0.0,86.70375,6.805,1.0,197.9875,2022,8,10,121.0,0,Peru_4001.csv
2022-08-11,4001,136.0,68.0,17.0,18.0,1.0,11.0,0,0,3,3,5,5,10,10,4.185381160179295,6.73930386154858,-2.5155423,0.5575463,68.68682,37.83472,21,2022-08-11,14.66875,0.0,84.51875,9.178749999999999,1.0,176.1825,2022,8,11,136.0,0,Peru_4001.csv
2022-08-12,4001,132.0,63.0,15.0,18.0,1.0,13.8,0,0,3,3,5,5,10,10,3.573129503756263,5.873634080497135,-2.477969,0.43957877,67.21135,38.13951,21,2022-08-12,14.026250000000001,0.0,88.5425,10.74875,1.0,168.68875,2022,8,12,132.0,0,Peru_4001.csv
2022-08-13,4001,127.0,80.0,16.0,18.0,1.0,21.2,0,0,3,3,5,5,10,10,5.072991549293992,5.348662059333623,-2.3303468,0.4358509,68.4101,34.041885,21,2022-08-13,14.32,0.0,85.7325,7.96875,1.0,180.885,2022,8,13,127.0,0,Peru_4001.csv
2022-08-14,4001,160.0,87.0,20.0,20.0,2.0,4.2,0,0,3,3,5,5,10,10,6.5227097481994365,10.286134863238694,-2.8151095,-0.15786777,74.831665,46.228317,21,2022-08-14,14.72375,0.0,84.45125,6.955,1.0,189.39125,2022,8,14,160.0,0,Peru_4001.csv
2022-08-15,4001,164.0,74.0,17.0,18.0,1.0,17.2,0,0,3,3,5,5,10,10,6.394686924568888,8.237193948902165,-2.7790856,0.26267707,80.784515,47.195126,21,2022-08-15,14.9275,0.0,86.86,12.85375,1.0,167.51125,2022,8,15,164.0,0,Peru_4001.csv
2022-08-16,4001,146.0,54.0,14.0,17.0,1.0,19.2,0,0,3,3,5,5,10,10,4.052504384172064,5.664591770417402,-2.5650582,0.37414426,66.914955,39.48278,21,2022-08-16,14.10125,0.0,88.0,8.48,1.0,204.82375,2022,8,16,146.0,0,Peru_4001.csv
2022-08-17,4001,118.0,55.0,15.0,17.0,1.0,9.6,0,0,3,3,5,5,10,10,2.1100152293635466,4.948077161459144,-1.8047397,0.73143655,63.772175,35.1982,21,2022-08-17,14.22125,0.0,88.07249999999999,8.123750000000001,1.0,201.115,2022,8,17,118.0,0,Peru_4001.csv
2022-08-18,4001,124.0,60.0,18.0,18.0,1.0,9.6,0,0,3,3,5,5,10,10,3.271080341475588,5.632213695693916,-2.0186217,0.7794558,65.83156,34.97461,21,2022-08-18,14.2325,0.0,86.88625,8.001249999999999,1.0,193.37625,2022,8,18,124.0,0,Peru_4001.csv
2022-08-19,4001,129.0,79.0,20.0,19.0,1.0,8.2,0,0,3,3,5,5,10,10,4.784176700651876,7.157936987999581,-2.253028,0.8138983,69.23922,36.02068,21,2022-08-19,14.2825,0.0,87.08375,7.485,1.0,189.20875,2022,8,19,129.0,0,Peru_4001.csv
2022-08-20,4001,152.0,66.0,19.0,18.0,1.0,13.4,0,0,3,3,5,5,10,10,5.4718299537036525,7.4266780057350665,-2.6930058,0.387946,68.76672,38.26367,21,2022-08-20,13.7275,0.0,88.84875,10.4925,1.0,171.855,2022,8,20,152.0,0,Peru_4001.csv
2022-08-21,4001,139.0,43.0,14.0,16.0,1.0,10.4,0,0,3,3,5,5,10,10,2.3643949467770744,5.711159649540315,-2.325687,0.4578079,67.540535,41.264526,21,2022-08-21,13.870000000000001,0.0,88.00625,9.887500000000001,1.0,172.24375,2022,8,21,139.0,0,Peru_4001.csv
2022-08-22,4001,99.0,60.0,16.0,18.0,1.0,6.8,0,0,3,3,5,5,11,11,1.4115492033013135,4.246569661210371,-0.94500816,1.0827649,42.194767,36.13176,21,2022-08-22,13.7525,0.0,87.53,9.32,1.0,173.82875,2022,8,22,99.0,0,Peru_4001.csv
2022-08-23,4001,128.0,73.0,17.0,18.0,1.0,23.6,0,0,3,3,5,5,10,10,5.173076155508033,4.724150887576201,-2.2480454,0.5373492,68.48733,33.88257,21,2022-08-23,13.9225,0.0,87.06625,11.262500000000001,1.0,165.12,2022,8,23,128.0,0,Peru_4001.csv
2022-08-24,4001,142.0,65.0,15.0,18.0,1.0,13.0,0,0,3,3,5,5,10,10,4.088366333349209,6.804933368059348,-2.6041753,0.37704155,68.223946,38.69095,21,2022-08-24,13.98125,0.0,88.245,10.1425,1.0,168.74875,2022,8,24,142.0,0,Peru_4001.csv
2022-08-25,4001,133.0,51.0,13.0,17.0,1.0,15.4,0,0,3,3,5,5,10,10,2.730656065230289,5.106440994676062,-2.4798346,0.37434274,66.61832,38.910973,21,2022-08-25,13.795,0.0,88.41125,9.5775,1.0,164.5425,2022,8,25,133.0,0,Peru_4001.csv
2022-08-26,4001,113.0,52.0,15.0,18.0,1.0,8.0,0,0,3,3,5,5,10,10,1.573161718695215,4.723075789668185,-1.6568015,0.94635016,62.796528,34.3383,21,2022-08-26,14.18875,0.0,86.345,11.50125,1.0,162.31625,2022,8,26,113.0,0,Peru_4001.csv
2022-08-27,4001,117.0,64.0,16.0,19.0,1.0,9.4,0,0,3,3,5,5,10,10,2.7182178403288306,5.475347315264184,-1.9494647,0.81044465,65.61394,34.617344,21,2022-08-27,14.120000000000001,0.0,87.08875,13.518749999999999,1.0,166.9425,2022,8,27,117.0,0,Peru_4001.csv
2022-08-28,4001,139.0,59.0,13.0,17.0,1.0,11.6,0,0,3,3,5,5,10,10,3.0997557487586276,6.450556547440366,-2.5182292,0.35050467,67.73931,39.169857,21,2022-08-28,13.8875,0.0,86.40625,10.76875,1.0,173.41625,2022,8,28,139.0,0,Peru_4001.csv
2022-08-29,4001,132.0,56.0,15.0,18.0,1.0,16.4,0,0,3,3,5,5,10,10,3.4391516095199104,5.174652470107517,-2.491835,0.41547173,66.84117,38.596397,21,2022-08-29,13.8825,0.0,86.55625,11.77875,1.0,167.93375,2022,8,29,132.0,0,Peru_4001.csv
2022-08-30,4001,123.0,68.0,14.0,18.0,1.0,16.0,0,0,3,3,5,5,10,10,3.3900220031195176,5.202955915053643,-2.1671836,0.51480645,67.463715,34.791813,21,2022-08-30,14.0325,0.0,86.45875,11.977500000000001,1.0,170.5025,2022,8,30,123.0,0,Peru_4001.csv
2022-08-31,4001,137.0,53.0,12.0,17.0,1.0,6.2,0,0,3,3,5,5,10,10,2.010830314356798,6.752519383772388,-2.3284035,0.296526,68.740555,42.87925,21,2022-08-31,14.030000000000001,0.0,85.89,14.04875,1.0,161.4275,2022,8,31,137.0,0,Peru_4001.csv
2022-09-01,4001,115.0,61.0,15.0,18.0,1.0,3.6,0,0,3,3,5,5,10,10,1.7483989131721143,5.908066413224424,-1.5128028,0.9610873,61.480152,35.453617,21,2022-09-01,14.33875,0.0,84.35375,11.317499999999999,1.0,173.4075,2022,9,1,115.0,0,Peru_4001.csv
2022-09-02,4001,128.0,59.0,14.0,17.0,2.0,10.0,0,0,3,3,5,5,10,10,2.812343381430454,5.717972231562086,-2.1811666,0.4697256,66.01012,37.69507,21,2022-09-02,14.4325,0.0,82.78,8.6375,1.0,203.885,2022,9,2,128.0,0,Peru_4001.csv
2022-09-03,4001,119.0,74.0,19.0,19.0,2.0,17.2,0,0,3,3,5,5,10,10,4.814815456508427,4.877524038099773,-2.199146,0.605904,67.75367,34.19529,21,2022-09-03,14.7,0.0,82.88375,8.31,1.0,174.09875,2022,9,3,119.0,0,Peru_4001.csv
2022-09-04,4001,149.0,71.0,17.0,18.0,2.0,18.0,0,0,3,3,5,5,10,10,5.767137221294291,6.768056647564757,-2.7211094,0.34771127,68.56185,38.364105,21,2022-09-04,14.465,0.0,85.5725,8.205,1.0,196.4775,2022,9,4,149.0,0,Peru_4001.csv
2022-09-05,4001,146.0,61.0,16.0,18.0,1.0,8.0,0,0,3,3,5,5,10,10,3.834993200331994,7.53859109976577,-2.5910468,0.3624873,68.94348,38.996307,21,2022-09-05,14.60875,0.0,85.67625,9.2975,1.0,177.52125,2022,9,5,146.0,0,Peru_4001.csv
2022-09-06,4001,128.0,76.0,18.0,19.0,1.0,19.2,0,0,3,3,5,5,10,10,5.145102389423796,5.512043646169289,-2.2814615,0.52190274,68.18737,34.191067,21,2022-09-06,14.5025,0.0,84.225,9.973749999999999,1.0,175.10875,2022,9,6,128.0,0,Peru_4001.csv
2022-09-07,4001,138.0,52.0,14.0,18.0,1.0,20.2,0,0,3,3,5,5,10,10,3.65277853005963,4.924498683039314,-2.4827857,0.32012448,66.67835,39.312843,21,2022-09-07,13.98125,0.0,87.71375,11.504999999999999,1.0,168.605,2022,9,7,138.0,0,Peru_4001.csv
2022-09-08,4001,117.0,48.0,15.0,18.0,1.0,20.2,0,0,3,3,5,5,10,10,2.636245457712264,3.1789901606504714,-1.9647624,0.4586408,66.770004,31.638674,21,2022-09-08,14.025,0.0,85.4375,13.14125,1.0,160.96875,2022,9,8,117.0,0,Peru_4001.csv
2022-09-09,4001,111.0,55.0,15.0,19.0,1.0,9.2,0,0,3,3,5,5,10,10,1.7401319369224362,4.641245122516401,-1.6414056,0.93385607,62.929314,34.15003,21,2022-09-09,14.3,0.0,83.54249999999999,12.055,1.0,171.995,2022,9,9,111.0,0,Peru_4001.csv
2022-09-10,4001,118.0,61.0,15.0,19.0,1.0,4.6,0,0,3,3,5,5,10,10,1.98280816098154,6.064576931086499,-1.6803219,0.95016044,61.66703,35.582546,21,2022-09-10,14.69375,0.0,84.4075,10.72875,1.0,170.16,2022,9,10,118.0,0,Peru_4001.csv
2022-09-11,4001,131.0,57.0,14.0,18.0,2.0,10.6,0,0,3,3,5,5,10,10,2.907476931815675,5.8277595966702425,-2.272538,0.4820737,66.277306,37.93813,21,2022-09-11,14.92375,0.0,85.54125,9.5025,1.0,183.28125,2022,9,11,131.0,0,Peru_4001.csv
2022-09-12,4001,124.0,55.0,13.0,17.0,1.0,14.0,0,0,3,3,5,5,10,10,2.38098299865887,4.842838284215555,-2.1112213,0.56376386,65.64179,37.06655,21,2022-09-12,14.78875,0.0,84.16125,10.46625,1.0,205.29874999999998,2022,9,12,124.0,0,Peru_4001.csv
2022-09-13,4001,119.0,53.0,15.0,19.0,1.0,15.6,0,0,3,3,5,5,10,10,2.5873897629903433,4.263408293472125,-1.9804035,0.68953496,65.20389,33.469193,21,2022-09-13,14.7775,0.0,83.4425,11.14,1.0,189.17125000000001,2022,9,13,119.0,0,Peru_4001.csv
2022-09-14,4001,121.0,53.0,16.0,18.0,2.0,23.0,0,0,3,3,5,5,10,10,3.7204967558532633,3.1939912977128353,-2.0710335,0.53250754,67.20445,31.593037,21,2022-09-14,14.475,0.0,85.4175,9.12375,1.0,224.98,2022,9,14,121.0,0,Peru_4001.csv
2022-09-15,4001,111.0,58.0,15.0,18.0,2.0,9.2,0,0,3,3,5,5,10,10,2.075241262335377,4.592722913216539,-1.6547327,0.90177095,63.064945,34.09411,21,2022-09-15,14.61125,0.0,86.03625,7.685,1.0,210.47875,2022,9,15,111.0,0,Peru_4001.csv
2022-09-16,4001,121.0,62.0,17.0,19.0,2.0,18.6,0,0,3,3,5,5,10,10,4.004303727213572,4.282688442580442,-2.1243007,0.64840305,67.38577,33.853447,21,2022-09-16,14.901250000000001,0.0,84.14625,9.227500000000001,1.0,180.44375,2022,9,16,121.0,0,Peru_4001.csv
2022-09-17,4001,126.0,72.0,17.0,21.0,1.0,18.0,0,0,3,3,5,5,10,10,4.534135430537074,5.4984322923561475,-2.2087648,0.5772061,67.96567,34.288334,21,2022-09-17,15.30875,0.0,84.36125,14.3375,1.0,166.82375,2022,9,17,126.0,0,Peru_4001.csv
2022-09-18,4001,143.0,51.0,13.0,18.0,1.0,9.8,0,0,3,3,5,5,10,10,2.719217189862349,6.653204285710333,-2.4505455,0.29538816,67.95453,41.186783,21,2022-09-18,14.6325,0.0,87.11375,10.17375,1.0,192.29749999999999,2022,9,18,143.0,0,Peru_4001.csv
2022-09-19,4001,113.0,50.0,12.0,17.0,3.0,19.8,0,0,3,3,5,5,10,10,2.2612858052073923,2.792658323078701,-1.8327063,0.078938715,61.877655,42.54266,21,2022-09-19,14.918750000000001,0.0,86.135,8.69875,1.0,215.64375,2022,9,19,113.0,0,Peru_4001.csv
2022-09-20,4001,103.0,53.0,14.0,18.0,1.0,14.6,0,0,3,3,5,5,10,10,1.5228350099834445,3.1904708940315967,-1.7410773,0.695048,64.01151,32.61183,21,2022-09-20,14.945,0.0,84.63125,12.01,1.0,175.60875,2022,9,20,103.0,0,Peru_4001.csv
2022-09-21,4001,116.0,60.0,16.0,17.0,1.0,13.4,0,0,3,3,5,5,10,10,2.812779538742109,4.5205843257060465,-1.9491273,0.70370924,65.367615,33.859005,21,2022-09-21,14.595,0.0,84.1625,11.373750000000001,1.0,187.70250000000001,2022,9,21,116.0,0,Peru_4001.csv
2022-09-22,4001,120.0,70.0,17.0,17.0,1.0,9.2,0,0,3,3,5,5,10,10,3.3575920957898244,5.849028423623086,-2.0955367,0.7818702,66.200806,34.585426,21,2022-09-22,14.88875,0.0,81.40125,9.8325,1.0,191.72875,2022,9,22,120.0,0,Peru_4001.csv
2022-09-23,4001,135.0,53.0,16.0,18.0,1.0,14.8,0,0,3,3,5,5,10,10,3.4900047201983906,5.430916556154219,-2.5333958,0.3939114,66.92457,38.668644,21,2022-09-23,14.3425,0.0,83.3175,10.39875,1.0,167.55625,2022,9,23,135.0,0,Peru_4001.csv
2022-09-24,4001,110.0,56.0,16.0,18.0,1.0,7.8,0,0,3,3,5,5,10,10,1.8222750850611045,4.708505798693852,-1.549026,1.0637186,62.659157,34.051365,21,2022-09-24,14.58625,0.0,83.33375,10.93375,1.0,171.43625,2022,9,24,110.0,0,Peru_4001.csv
2022-09-25,4001,121.0,49.0,14.0,17.0,2.0,9.6,0,0,3,3,5,5,10,10,1.9199547954380667,4.763417886338014,-1.9103146,0.6754407,63.985775,36.32608,21,2022-09-25,14.63875,0.0,83.605,11.3875,1.0,182.72,2022,9,25,121.0,0,Peru_4001.csv
2022-09-26,4001,105.0,42.0,11.0,17.0,1.0,7.2,0,0,3,3,5,5,11,11,-0.21835555032091158,3.775267139945908,-0.5365514,1.0639132,38.255924,32.981956,21,2022-09-26,14.383750000000001,0.0,83.18875,10.95,1.0,201.9225,2022,9,26,105.0,0,Peru_4001.csv
2022-09-27,4001,90.0,56.0,12.8,18.0,2.0,16.4,0,0,3,3,5,5,11,11,1.1475959784614078,2.062698988830503,2.072106,-2.6267865,19.61843,3.0856323,21,2022-09-27,14.74875,0.0,81.87125,8.6,1.0,195.87375,2022,9,27,90.0,0,Peru_4001.csv
2022-09-28,4001,113.0,69.0,12.0,19.0,2.0,17.8,0,0,3,3,5,5,10,10,2.894064627889696,4.285046106099908,-1.8600106,0.1431243,63.574387,43.8231,21,2022-09-28,14.36875,0.0,83.4325,9.48625,1.0,190.5425,2022,9,28,113.0,0,Peru_4001.csv
2022-09-29,4001,138.0,74.0,14.4,20.0,2.0,5.8,0,0,3,3,5,5,10,10,3.788361427474781,7.965841229016102,-2.5963826,0.11953888,72.707886,45.79834,21,2022-09-29,14.42125,0.0,83.87875,9.41375,1.0,182.68625,2022,9,29,138.0,0,Peru_4001.csv
2022-09-30,4001,136.0,63.0,11.2,20.0,1.0,3.4,0,0,3,3,5,5,10,10,2.076300444517868,7.7956110040302065,-2.4283984,0.048855633,69.87842,44.877075,21,2022-09-30,14.82625,0.0,82.32375,9.9275,1.0,185.15,2022,9,30,136.0,0,Peru_4001.csv
2022-10-01,4001,127.0,75.0,11.0,20.0,1.0,4.2,0,0,3,3,5,5,10,10,2.296045529886117,7.643521850396503,-2.2482877,-0.2278691,69.99993,52.64398,21,2022-10-01,14.84125,0.0,82.42125,11.645,1.0,177.60875,2022,10,1,127.0,0,Peru_4001.csv
2022-10-02,4001,138.0,60.0,20.8,19.0,1.0,14.0,0,0,3,3,5,5,10,10,4.906061970730569,6.060775665464197,-2.5618262,0.755868,68.48463,37.52745,21,2022-10-02,14.6475,0.0,85.69625,10.7675,1.0,182.52625,2022,10,2,138.0,0,Peru_4001.csv
2022-10-03,4001,127.0,50.0,14.0,19.0,1.0,5.4,0,0,3,3,5,5,10,10,1.7121778147837843,6.082255216526672,-2.0099704,0.59134626,63.819443,37.42349,21,2022-10-03,14.63125,0.0,85.85875,13.515,1.0,166.86625,2022,10,3,127.0,0,Peru_4001.csv
2022-10-04,4001,103.0,51.0,14.6,19.0,1.0,5.4,0,0,3,3,5,5,11,11,0.7294453426337836,4.380113105676692,-0.8884697,1.1627892,44.50922,35.628685,21,2022-10-04,14.375,0.0,85.9475,12.13875,1.0,173.74,2022,10,4,103.0,0,Peru_4001.csv
2022-10-05,4001,114.0,58.0,17.4,20.0,1.0,3.0,0,0,3,3,5,5,10,10,1.9826416665400792,5.852698100453876,-1.6947441,1.3549817,60.898422,34.969913,21,2022-10-05,14.67375,0.0,83.51625,11.55625,1.0,171.6575,2022,10,5,114.0,0,Peru_4001.csv
2022-10-06,4001,122.0,72.0,10.2,21.0,2.0,20.6,0,0,3,3,5,5,10,10,3.367708069235979,4.903014624086983,-1.8852439,-0.15899658,62.976025,44.954796,21,2022-10-06,14.69375,0.0,83.04124999999999,8.96375,1.0,192.12,2022,10,6,122.0,0,Peru_4001.csv
2022-10-07,4001,129.0,66.0,13.6,21.0,2.0,5.8,0,0,3,3,5,5,10,10,2.777453664111579,7.006169683364323,-2.3724685,0.16316101,69.60665,44.434517,21,2022-10-07,15.08,0.0,81.24375,8.7825,1.0,186.77625,2022,10,7,129.0,0,Peru_4001.csv
2022-10-08,4001,129.0,58.0,13.0,20.0,2.0,3.6,0,0,3,3,5,5,10,10,2.0437712457716763,6.841222372622186,-2.2207565,0.25536445,69.35649,44.2773,21,2022-10-08,14.5875,0.0,84.73875,13.35125,1.0,169.52625,2022,10,8,129.0,0,Peru_4001.csv
2022-10-09,4001,120.0,54.0,13.2,20.0,2.0,8.6,0,0,3,3,5,5,10,10,1.8846765695713918,5.3148862724405515,-1.7936561,0.7028202,63.55423,35.906734,21,2022-10-09,14.7625,0.0,83.82875,10.57875,1.0,180.48,2022,10,9,120.0,0,Peru_4001.csv
2022-10-10,4001,105.0,57.0,10.2,21.0,2.0,4.8,0,0,3,3,5,5,11,11,0.37257086126666344,5.035335472333264,-0.86875266,0.61410415,34.966595,38.83659,21,2022-10-10,15.325,0.0,81.92625,9.8325,1.0,189.115,2022,10,10,105.0,0,Peru_4001.csv
2022-10-11,4001,105.0,60.0,11.0,23.0,2.0,13.0,0,0,3,3,5,5,10,10,1.4188084847679006,4.2146877045210855,-1.4331917,0.5978913,63.19553,32.729294,21,2022-10-11,15.342500000000001,0.0,81.895,11.01,1.0,175.6825,2022,10,11,105.0,0,Peru_4001.csv
2022-10-12,4001,109.0,55.0,15.4,22.0,2.0,9.2,0,0,3,3,5,5,10,10,1.9101049167770245,4.580417210888487,-1.5130148,0.9632877,62.721073,33.897465,21,2022-10-12,14.870000000000001,0.0,84.94875,10.54375,1.0,184.75375,2022,10,12,109.0,0,Peru_4001.csv
2022-10-13,4001,112.0,46.0,24.6,22.0,1.0,11.6,0,0,3,3,5,5,10,10,3.491005255015208,3.92364932367932,-2.0308053,2.3351982,81.004555,14.157763,21,2022-10-13,14.4225,0.0,85.50625,10.223749999999999,1.0,189.96125,2022,10,13,112.0,0,Peru_4001.csv
2022-10-14,4001,103.0,62.0,15.8,25.0,1.0,12.8,0,0,3,3,5,5,10,10,2.207848844882549,4.3505126899631,-1.4799974,0.8009941,62.83299,33.12273,21,2022-10-14,15.37875,0.0,79.37125,11.325,1.0,171.52875,2022,10,14,103.0,0,Peru_4001.csv
2022-10-15,4001,121.0,60.0,12.0,25.0,2.0,9.2,0,0,3,3,5,5,10,10,2.0606142953730178,6.003356883320482,-1.6699251,0.49903303,63.432076,36.083412,21,2022-10-15,15.002500000000001,0.0,81.82625,13.67875,1.0,175.12,2022,10,15,121.0,0,Peru_4001.csv
2022-10-16,4001,111.0,58.0,14.2,23.0,2.0,15.0,0,0,3,3,5,5,10,10,2.432144618264932,4.202030198786704,-1.7896916,0.65306455,63.807846,32.98142,21,2022-10-16,14.98625,0.0,83.01,15.05125,1.0,170.86,2022,10,16,111.0,0,Peru_4001.csv
2022-10-17,4001,120.0,53.0,18.8,21.0,1.0,3.0,0,0,3,3,5,5,10,10,2.2984145010012247,6.075008290911313,-1.8092201,1.6183531,60.643192,34.918728,21,2022-10-17,14.74375,0.0,85.81625,12.16625,1.0,169.60375,2022,10,17,120.0,0,Peru_4001.csv
2022-10-18,4001,113.0,53.0,20.6,18.0,1.0,3.6,0,0,3,3,5,5,10,10,2.3760915309554207,5.223906270107324,-1.8503944,1.8608667,77.57559,13.273997,21,2022-10-18,14.81625,0.0,84.91625,12.19125,1.0,164.235,2022,10,18,113.0,0,Peru_4001.csv
2022-10-19,4001,109.0,63.0,14.6,18.0,1.0,3.8,0,0,3,3,5,5,10,10,1.4993813917472751,5.557075896807164,-1.2516998,0.929535,43.349655,37.415085,21,2022-10-19,14.6225,0.0,85.68125,12.4425,1.0,164.3075,2022,10,19,109.0,0,Peru_4001.csv
2022-10-20,4001,120.0,70.0,18.0,18.0,1.0,13.2,0,0,3,3,5,5,10,10,3.9160500857850202,5.3620719059223045,-2.146776,0.7644904,66.73675,34.3813,21,2022-10-20,14.9175,0.0,84.02,10.637500000000001,1.0,173.99,2022,10,20,120.0,0,Peru_4001.csv
2022-10-21,4001,138.0,73.0,27.0,18.0,1.0,13.0,0,0,3,3,5,5,10,10,6.753703787530542,6.620073129450445,-2.3579686,1.6553413,82.41641,16.004091,21,2022-10-21,14.9425,0.0,83.215,9.5975,1.0,180.79125,2022,10,21,138.0,0,Peru_4001.csv
2022-10-22,4001,148.0,70.0,41.0,18.0,1.0,12.2,0,0,3,3,5,5,10,10,9.858627921025082,6.954952955932959,-2.5029087,2.7966712,97.80516,-9.03466,21,2022-10-22,15.23,0.0,82.15625,10.38375,1.0,178.25625,2022,10,22,148.0,0,Peru_4001.csv
2022-10-23,4001,141.0,66.0,13.6,18.0,2.0,9.6,0,0,3,3,5,5,10,10,3.687368993521314,7.146647985376646,-2.596109,0.21797323,68.61584,39.129692,21,2022-10-23,15.42,0.0,82.93125,12.66,1.0,170.855,2022,10,23,141.0,0,Peru_4001.csv
2022-10-24,4001,127.0,52.0,11.2,17.0,2.0,3.4,0,0,3,3,5,5,10,10,1.247244164123559,6.247283500771736,-1.861758,0.37528533,54.646187,47.005726,21,2022-10-24,15.53625,0.0,83.49125,12.0,1.0,174.61875,2022,10,24,127.0,0,Peru_4001.csv
2022-10-25,4001,100.0,42.0,19.6,17.0,1.0,4.8,0,0,3,3,4,4,7,7,1.0789587422502138,3.522178424509515,-0.56477743,2.2947128,49.68423,26.409464,21,2022-10-25,15.51375,0.0,83.4725,13.5275,1.0,168.94125,2022,10,25,100.0,0,Peru_4001.csv
2022-10-26,4001,85.0,55.0,14.2,17.0,2.0,11.8,0,0,3,3,4,4,11,11,0.7316342978626039,2.158597342654379,1.8988707,-2.4094193,19.573833,4.2876234,21,2022-10-26,15.36,0.0,84.49875,11.5475,1.0,180.70875,2022,10,26,85.0,0,Peru_4001.csv
2022-10-27,4001,106.0,64.0,12.8,18.0,2.0,15.4,0,0,3,3,5,5,10,10,2.246143713853462,3.7559397029775896,-1.6898566,0.52656263,63.7432,32.70474,21,2022-10-27,15.755,0.0,82.48875,10.265,1.0,176.25,2022,10,27,106.0,0,Peru_4001.csv
2022-10-28,4001,128.0,54.0,16.0,18.0,1.0,8.0,0,0,3,3,5,5,10,10,2.6036356937284575,5.884558919868555,-1.9849478,0.64700866,64.329834,37.05806,21,2022-10-28,15.43125,0.0,83.615,9.5875,1.0,182.82875,2022,10,28,128.0,0,Peru_4001.csv
2022-10-29,4001,112.0,64.0,23.0,19.0,1.0,3.8,0,0,3,3,5,5,10,10,3.407084973918053,5.690133533836483,-2.032738,2.2205033,78.71531,12.682603,21,2022-10-29,15.321250000000001,0.0,83.82125,10.373750000000001,1.0,180.9125,2022,10,29,112.0,0,Peru_4001.csv
2022-10-30,4001,140.0,65.0,12.0,18.0,3.0,5.8,0,0,3,3,5,5,10,10,3.1063891139605877,7.446579127588272,-2.5433736,0.1614948,70.27858,44.8328,21,2022-10-30,15.58,0.0,82.09375,12.16,1.0,177.64125,2022,10,30,140.0,0,Peru_4001.csv
2022-10-31,4001,140.0,57.0,9.0,18.0,2.0,9.4,0,0,3,3,5,5,10,10,2.21755729702584,6.7634235453570195,-2.3751655,0.13041405,67.642494,43.74037,21,2022-10-31,15.62375,0.0,82.07375,11.94,1.0,173.5575,2022,10,31,140.0,0,Peru_4001.csv
2022-11-01,4001,120.0,54.0,13.4,18.0,2.0,12.0,0,0,3,3,5,5,10,10,2.2229770415302696,4.708432099484366,-1.8118718,0.6207549,64.26892,35.575558,21,2022-11-01,15.65625,0.0,82.4775,13.80125,1.0,169.72625,2022,11,1,120.0,0,Peru_4001.csv
2022-11-02,4001,115.0,45.0,10.4,17.0,1.0,7.2,0,0,3,3,5,5,10,10,0.2974204766449169,4.664427931505738,-1.4082217,0.57188874,48.25777,46.40566,21,2022-11-02,15.47875,0.0,84.19625,12.645,1.0,169.11624999999998,2022,11,2,115.0,0,Peru_4001.csv
2022-11-03,4001,97.0,43.0,16.8,17.0,1.0,9.6,0,0,3,3,4,4,7,7,0.8406031568791548,2.781738888871484,-0.63938427,2.1231115,51.382504,26.608002,21,2022-11-03,16.04625,0.0,79.745,12.66375,1.0,166.88125,2022,11,3,97.0,0,Peru_4001.csv
2022-11-04,4001,93.0,45.0,11.0,18.0,2.0,10.2,0,0,3,3,5,5,11,11,-0.19366935231363516,2.60280915899759,0.15100433,0.94595355,15.352302,28.216532,21,2022-11-04,16.1175,0.0,79.66125,13.0525,1.0,167.90125,2022,11,4,93.0,0,Peru_4001.csv
2022-11-05,4001,91.0,62.0,12.6,19.0,2.0,7.8,0,0,3,3,5,5,11,11,0.7083089946051184,3.6652472670379206,-0.24105015,0.8407681,28.663351,27.325335,21,2022-11-05,15.63,0.0,82.4225,13.76125,1.0,170.35250000000002,2022,11,5,91.0,0,Peru_4001.csv
2022-11-06,4001,118.0,51.2,15.6,11.6,7.4,4.8,0,0,3,3,5,5,10,10,2.7589280868578165,4.185366073741465,-1.819967,1.1662897,62.416355,26.89785,21,2022-11-06,15.98625,0.0,81.47875,10.9475,1.0,183.2175,2022,11,6,118.0,0,Peru_4001.csv
2022-11-07,4001,76.26329315845445,39.0951871657754,11.939310035171744,12.942866095675788,8.522758485383559,9.978580024067387,2,2,1,1,4,4,9,9,0.03549621024003731,-0.08868490030010638,18.43519,-0.8732276,-13.194237,61.20619,21,2022-11-07,16.3,0.0,82.35374999999999,11.338750000000001,1.0,180.12625,2022,11,7,76.26329315845445,0,Peru_4001.csv
2022-11-08,4001,76.26329315845445,39.0951871657754,11.939310035171744,12.942866095675788,8.522758485383559,9.978580024067387,2,2,1,1,4,4,9,9,0.03549621024003731,-0.08868490030010638,19.439936,-0.46366352,-13.194237,61.20619,21,2022-11-08,16.4625,0.0,81.9375,11.4525,1.0,180.72375,2022,11,8,76.26329315845445,0,Peru_4001.csv
2022-11-09,4001,76.26329315845445,39.0951871657754,11.939310035171744,12.942866095675788,8.522758485383559,9.978580024067387,2,2,1,1,4,4,9,9,0.03549621024003731,-0.08868490030010638,18.17242,-0.5065186,-13.194237,61.20619,21,2022-11-09,16.2375,0.0,81.0475,13.545,1.0,169.90125,2022,11,9,76.26329315845445,0,Peru_4001.csv
2022-11-10,4001,76.26329315845445,39.0951871657754,11.939310035171744,12.942866095675788,8.522758485383559,9.978580024067387,2,2,1,1,4,4,9,9,0.03549621024003731,-0.08868490030010638,18.875662,0.18254472,-13.194237,61.20619,21,2022-11-10,16.34,0.0,79.77625,13.17625,1.0,164.155,2022,11,10,76.26329315845445,0,Peru_4001.csv
2022-11-11,4001,76.26329315845445,39.0951871657754,11.939310035171744,12.942866095675788,8.522758485383559,9.978580024067387,2,2,1,1,4,4,9,9,0.03549621024003731,-0.08868490030010638,18.482767,0.23566353,-13.194237,61.20619,21,2022-11-11,16.509999999999998,0.0,82.9575,12.508750000000001,1.0,176.1,2022,11,11,76.26329315845445,0,Peru_4001.csv
2022-11-12,4001,76.26329315845445,39.0951871657754,11.939310035171744,12.942866095675788,8.522758485383559,9.978580024067387,2,2,1,1,4,4,9,9,0.03549621024003731,-0.08868490030010638,18.67741,-0.3634814,-13.194237,61.20619,21,2022-11-12,16.5625,0.0,84.87,11.77375,1.0,182.53625,2022,11,12,76.26329315845445,0,Peru_4001.csv
2022-11-13,4001,76.26329315845445,39.0951871657754,11.939310035171744,12.942866095675788,8.522758485383559,9.978580024067387,2,2,1,1,4,4,9,9,0.03549621024003731,-0.08868490030010638,18.169226,-0.40955266,-13.194237,61.20619,21,2022-11-13,16.805,0.0,82.80875,9.195,1.0,197.0325,2022,11,13,76.26329315845445,0,Peru_4001.csv
2022-11-14,4001,76.26329315845445,39.0951871657754,11.939310035171744,12.942866095675788,8.522758485383559,9.978580024067387,2,2,1,1,4,4,9,9,0.03549621024003731,-0.08868490030010638,18.902588,0.13951,-13.194237,61.20619,21,2022-11-14,17.00125,0.0,79.35,10.27125,1.0,188.3475,2022,11,14,76.26329315845445,0,Peru_4001.csv
2022-11-15,4001,76.26329315845445,39.0951871657754,11.939310035171744,12.942866095675788,8.522758485383559,9.978580024067387,2,2,1,1,4,4,9,9,0.03549621024003731,-0.08868490030010638,18.44321,-0.99145126,-13.194237,61.20619,21,2022-11-15,16.835,0.0,79.77625,12.44375,1.0,170.24875,2022,11,15,76.26329315845445,0,Peru_4001.csv
2022-11-16,4001,76.26329315845445,39.0951871657754,11.939310035171744,12.942866095675788,8.522758485383559,9.978580024067387,2,2,1,1,4,4,9,9,0.03549621024003731,-0.08868490030010638,19.182106,-0.17772761,-13.194237,61.20619,21,2022-11-16,17.20125,0.0,80.2775,13.34375,1.0,171.39125,2022,11,16,76.26329315845445,0,Peru_4001.csv
2022-11-17,4001,76.26329315845445,39.0951871657754,11.939310035171744,12.942866095675788,8.522758485383559,9.978580024067387,2,2,1,1,4,4,9,9,0.03549621024003731,-0.08868490030010638,18.950844,0.3015114,-13.194237,61.20619,21,2022-11-17,16.6425,0.0,81.53,12.96875,1.0,170.485,2022,11,17,76.26329315845445,0,Peru_4001.csv
2022-11-18,4001,76.26329315845445,39.0951871657754,11.939310035171744,12.942866095675788,8.522758485383559,9.978580024067387,2,2,1,1,4,4,9,9,0.03549621024003731,-0.08868490030010638,19.216944,0.25488555,-13.194237,61.20619,21,2022-11-18,16.69875,0.0,81.09375,11.925,1.0,172.18375,2022,11,18,76.26329315845445,0,Peru_4001.csv
2022-11-19,4001,76.26329315845445,39.0951871657754,11.939310035171744,12.942866095675788,8.522758485383559,9.978580024067387,2,2,1,1,4,4,9,9,0.03549621024003731,-0.08868490030010638,19.169472,0.10197425,-13.194237,61.20619,21,2022-11-19,17.04375,0.0,77.715,12.065,1.0,166.12875,2022,11,19,76.26329315845445,0,Peru_4001.csv
2022-11-20,4001,76.26329315845445,39.0951871657754,11.939310035171744,12.942866095675788,8.522758485383559,9.978580024067387,2,2,1,1,4,4,9,9,0.03549621024003731,-0.08868490030010638,18.316761,-0.59533274,-13.194237,61.20619,21,2022-11-20,17.46625,0.0,79.08375,11.6475,1.0,175.97375,2022,11,20,76.26329315845445,0,Peru_4001.csv
2022-11-21,4001,76.26329315845445,39.0951871657754,11.939310035171744,12.942866095675788,8.522758485383559,9.978580024067387,2,2,1,1,4,4,9,9,0.03549621024003731,-0.08868490030010638,19.41748,-0.08360057,-13.194237,61.20619,21,2022-11-21,17.785,0.0,78.7075,10.4875,1.0,181.5875,2022,11,21,76.26329315845445,0,Peru_4001.csv
2022-11-22,4001,61.4,57.0,16.0,19.0,5.0,4.0,2,2,1,1,4,4,9,9,-0.08007725876314797,1.3192217125777537,-0.117570244,3.4228058,26.197382,-17.0624,21,2022-11-22,18.07625,0.0,75.9875,8.71875,1.0,193.855,2022,11,22,61.4,0,Peru_4001.csv
2022-11-23,4001,94.0,51.0,14.0,20.0,3.0,5.0,0,0,3,3,5,5,11,11,0.5009121788209058,3.6186529465844264,-0.12836793,1.2559865,28.375364,23.730974,21,2022-11-23,18.755,0.0,73.66,10.59375,1.0,175.13625,2022,11,23,94.0,0,Peru_4001.csv
2022-11-24,4001,90.0,54.0,14.2,20.0,2.0,6.0,0,0,3,3,5,5,11,11,0.41242445574977615,3.466410212570059,-0.02241986,1.233158,28.66807,23.635628,21,2022-11-24,18.68875,0.0,78.2125,11.06625,1.0,180.40625,2022,11,24,90.0,0,Peru_4001.csv
2022-11-25,4001,92.0,54.0,9.6,20.0,2.0,5.0,0,0,3,3,5,5,11,11,-0.5158117135139131,3.8586644052259795,0.049925752,0.3660511,17.015045,35.45767,21,2022-11-25,18.8475,0.0,81.32375,12.50625,1.0,172.87875,2022,11,25,92.0,0,Peru_4001.csv
2022-11-26,4001,101.0,46.0,13.6,19.0,2.0,5.0,0,0,3,3,5,5,11,11,0.3149960642954622,3.937162504086463,-0.612961,1.2799361,44.633636,35.545544,21,2022-11-26,18.305,0.0,84.35625,11.72375,1.0,178.855,2022,11,26,101.0,0,Peru_4001.csv
2022-11-27,4001,99.0,32.0,5.2,18.0,2.0,4.0,2,2,1,1,5,5,11,11,-2.308403692776168,3.3586188781131163,-0.020405266,0.2883927,12.357355,34.39192,21,2022-11-27,18.78875,0.0,78.63499999999999,10.55625,1.0,173.4475,2022,11,27,99.0,0,Peru_4001.csv
2022-11-28,4001,72.0,54.0,6.8,19.0,2.0,4.0,2,2,1,1,1,1,11,11,-2.1395341032130166,2.54060415224736,0.4152208,-0.39779812,-56.94762,43.55195,21,2022-11-28,18.86,0.0,78.49375,10.50125,1.0,194.02375,2022,11,28,72.0,0,Peru_4001.csv
2022-11-29,4001,93.0,47.0,9.6,19.0,2.0,4.0,0,0,3,3,5,5,11,11,-0.9211621296611381,3.6407920037155916,0.028638417,0.4262146,16.514761,34.95323,21,2022-11-29,19.34,0.0,76.9275,9.88375,1.0,188.51125,2022,11,29,93.0,0,Peru_4001.csv
2022-11-30,4001,81.0,55.0,6.8,20.0,3.0,5.0,2,2,3,3,5,5,11,11,-1.3833029252935232,3.0558796250894926,0.311818,-0.25247887,17.99779,33.39764,21,2022-11-30,19.69875,0.0,75.40625,12.98125,1.0,168.11875,2022,11,30,81.0,0,Peru_4001.csv
2022-12-01,4001,90.0,67.0,12.0,22.0,10.0,5.0,0,0,3,3,5,5,11,11,1.9999027119773485,3.4468611151653388,0.4935786,0.32248303,33.633205,21.297583,21,2022-12-01,19.92375,0.0,77.40625,12.26375,1.0,168.96875,2022,12,1,90.0,0,Peru_4001.csv
2022-12-02,4001,104.0,58.0,7.8,19.0,15.0,4.0,0,0,3,3,5,5,11,11,2.1627837649676915,3.3985189783661833,0.7921376,-0.17619152,29.353773,34.57845,21,2022-12-02,19.57,0.0,79.72,10.705,1.0,182.82750000000001,2022,12,2,104.0,0,Peru_4001.csv
2022-12-03,4001,114.0,72.0,10.8,21.0,18.0,5.0,0,0,3,3,5,5,10,10,4.616092664474155,4.385566029872442,1.9740546,-0.708068,57.304718,10.406793,21,2022-12-03,18.69,0.0,81.32375,11.870000000000001,1.0,182.98875,2022,12,3,114.0,0,Peru_4001.csv
2022-12-04,4001,131.0,49.0,8.4,17.0,16.0,3.0,0,0,3,3,5,5,10,10,3.2080659927550723,4.748883046277378,-1.869044,0.19274817,60.108078,52.643425,21,2022-12-04,18.46,0.0,81.89125,11.14625,1.0,185.76625,2022,12,4,131.0,0,Peru_4001.csv
2022-12-05,4001,96.0,54.0,11.2,17.0,8.0,3.0,0,0,3,3,5,5,11,11,0.905524911141801,3.4024783638899643,-0.37954262,0.8230687,40.646122,30.487818,21,2022-12-05,18.2025,0.0,79.9525,10.34125,1.0,188.29625,2022,12,5,96.0,0,Peru_4001.csv
2022-12-06,4001,108.0,49.6,7.2,14.4,6.2,9.8,0,0,3,3,5,5,11,11,0.7131686091766697,3.2751607354675274,-0.71822906,-0.16313618,25.26634,46.174328,21,2022-12-06,18.7825,0.0,76.99000000000001,12.53125,1.0,167.345,2022,12,6,108.0,0,Peru_4001.csv
2022-12-07,4001,76.26329315845445,39.0951871657754,11.939310035171744,12.942866095675788,8.522758485383559,9.978580024067387,2,2,1,1,4,4,9,9,0.03549621024003731,-0.08868490030010638,18.531836,0.26496732,-13.194237,61.20619,21,2022-12-07,18.93,0.0,78.57875,12.956249999999999,1.0,166.45375,2022,12,7,76.26329315845445,0,Peru_4001.csv
2022-12-08,4001,98.8,44.0,8.0,20.0,3.0,3.0,0,0,3,3,5,5,11,11,-1.0294282581873602,4.031109744667877,-0.06508086,0.30334783,14.98987,34.735416,21,2022-12-08,18.88625,0.0,77.3525,10.9525,1.0,179.09375,2022,12,8,98.8,0,Peru_4001.csv
2022-12-09,4001,70.0,51.0,9.2,20.0,5.0,4.0,2,2,1,1,4,4,11,11,-1.3599415779137036,1.8821326973143822,0.88459444,0.52884465,17.1733,19.341,21,2022-12-09,19.16125,0.0,75.67625,12.7225,1.0,164.3075,2022,12,9,70.0,0,Peru_4001.csv
2022-12-10,4001,87.0,45.0,7.2,20.0,4.0,4.0,2,2,1,1,4,4,11,11,-1.4400363163273702,2.987154289269129,0.3204142,0.21827868,17.325098,32.388084,21,2022-12-10,19.19875,0.0,78.11625,10.0025,1.0,178.1575,2022,12,10,87.0,0,Peru_4001.csv
2022-12-11,4001,84.0,56.0,9.6,21.0,6.0,4.0,0,0,3,3,5,5,11,11,-0.16181020984289313,3.0838990933492503,0.7135651,0.42485714,19.665667,25.75449,21,2022-12-11,19.80375,0.0,76.7325,9.116249999999999,1.0,195.70375,2022,12,11,84.0,0,Peru_4001.csv
2022-12-12,4001,110.0,57.0,6.8,21.0,4.0,4.0,0,0,3,3,5,5,11,11,0.21216303585701288,5.3368967197225485,-0.9837523,-0.025789464,33.4172,40.69787,21,2022-12-12,20.69375,0.0,74.3575,9.0025,1.0,199.25,2022,12,12,110.0,0,Peru_4001.csv
2022-12-13,4001,97.0,52.0,8.4,21.0,6.0,4.0,0,0,3,3,5,5,11,11,0.012702287923057796,3.854121849970384,0.004715915,0.19800432,19.184416,34.673183,21,2022-12-13,20.945,0.0,72.375,9.12875,1.0,200.01125,2022,12,13,97.0,0,Peru_4001.csv
2022-12-14,4001,84.0,50.0,6.4,20.0,4.0,4.0,2,2,1,1,1,1,11,11,-1.4876499464288,3.0403994045045346,0.31233037,-0.07215105,17.849932,32.93235,21,2022-12-14,20.9325,0.0,73.545,9.02875,1.0,189.65625,2022,12,14,84.0,0,Peru_4001.csv
2022-12-15,4001,83.0,53.0,7.2,21.0,3.0,4.0,0,0,3,3,5,5,11,11,-1.3963503901701255,3.2975747791411267,0.22591509,-0.05132771,17.904896,33.35373,21,2022-12-15,20.97375,0.0,78.1675,11.219999999999999,1.0,179.4625,2022,12,15,83.0,0,Peru_4001.csv
2022-12-16,4001,89.0,52.0,9.6,22.0,2.0,4.0,0,0,3,3,5,5,11,11,-0.8498419017340787,3.8214584414080677,0.024664843,0.36709714,17.109188,35.090405,21,2022-12-16,21.24625,0.0,80.5475,11.58125,1.0,184.76125,2022,12,16,89.0,0,Peru_4001.csv
2022-12-17,4001,109.0,48.0,5.8,21.0,4.0,4.0,0,0,3,3,5,5,11,11,-0.5072449782299338,4.837992239699599,-0.95569575,-0.007801117,33.316017,40.792118,21,2022-12-17,20.65625,0.0,81.9575,13.0075,1.0,173.1975,2022,12,17,109.0,0,Peru_4001.csv
2022-12-18,4001,94.0,43.0,8.6,20.0,6.0,3.0,0,0,3,3,5,5,11,11,-0.6486708909884452,3.241465665659138,0.25005096,0.44359693,16.659721,32.48329,21,2022-12-18,20.80375,0.0,79.6075,11.803749999999999,1.0,172.81375,2022,12,18,94.0,0,Peru_4001.csv
2022-12-19,4001,80.0,46.0,6.0,21.0,4.0,4.0,2,2,1,1,1,1,11,11,-1.9682859150824632,2.6333560823218294,0.39268228,-0.15889053,17.956657,32.655518,21,2022-12-19,21.515,0.0,78.34625,10.563749999999999,1.0,169.27625,2022,12,19,80.0,0,Peru_4001.csv
2022-12-20,4001,81.0,48.0,7.2,20.0,4.0,3.0,2,2,1,1,1,1,11,11,-1.6617219574276185,2.8370546241607886,0.36568964,0.039962266,17.8836,32.735863,21,2022-12-20,21.515,0.0,82.11625,11.6525,1.0,182.04375,2022,12,20,81.0,0,Peru_4001.csv
2022-12-21,4001,92.0,48.0,8.4,22.0,3.0,4.0,0,0,3,3,5,5,11,11,-0.9766827143642687,3.7420064717466923,0.0856227,0.19625449,17.180738,34.68715,21,2022-12-21,21.82375,0.0,80.21875,12.56,1.0,175.59875,2022,12,21,92.0,0,Peru_4001.csv
2022-12-22,4001,91.0,43.0,13.2,21.0,2.0,3.0,0,0,3,3,4,4,11,11,-0.5781888748744906,3.486805041075836,-0.014938091,1.52222,26.171732,23.997402,21,2022-12-22,21.3675,0.0,79.5675,14.06875,1.0,173.20875,2022,12,22,91.0,0,Peru_4001.csv
2022-12-23,4001,88.0,47.0,16.4,20.0,2.0,3.0,0,0,3,3,4,4,7,7,0.13494283771347537,3.317939784251618,0.046315853,1.6614392,27.483175,21.994503,21,2022-12-23,20.3,0.0,85.01,11.50875,1.0,184.3325,2022,12,23,88.0,0,Peru_4001.csv
2022-12-24,4001,96.0,42.0,13.0,21.0,2.0,3.0,0,0,3,3,4,4,11,11,-0.42985595201859833,3.8035807001036575,-0.104350455,1.4435203,26.338839,24.101377,21,2022-12-24,20.2,0.0,82.53125,8.65625,1.0,201.18375,2022,12,24,96.0,0,Peru_4001.csv
2022-12-25,4001,93.0,49.0,9.0,21.0,3.0,3.0,0,0,3,3,5,5,11,11,-0.8442037675340625,3.9103887568943754,0.05413409,0.30237505,17.037054,34.826344,21,2022-12-25,20.5925,0.0,79.27125,10.3725,1.0,179.63,2022,12,25,93.0,0,Peru_4001.csv
2022-12-26,4001,107.0,39.0,11.2,21.0,3.0,3.0,0,0,3,3,5,5,11,11,-0.24124889487656864,4.368233576416051,-0.5573174,1.0592674,34.59328,33.407692,21,2022-12-26,21.5875,0.0,74.62625,10.28875,1.0,169.79125,2022,12,26,107.0,0,Peru_4001.csv
2022-12-27,4001,74.0,43.0,8.4,22.0,3.0,3.0,2,2,1,1,1,1,11,11,-2.1924848166447086,2.322105255650359,0.78505695,0.8964801,-24.871347,22.463331,21,2022-12-27,21.515,0.0,77.2975,11.5775,1.0,175.06125,2022,12,27,74.0,0,Peru_4001.csv
2022-12-28,4001,80.0,47.0,12.4,21.0,3.0,3.0,2,2,1,1,4,4,11,11,-0.8827176634794458,2.7850297474921653,0.49349222,1.7060064,13.87676,17.355835,21,2022-12-28,21.56625,0.0,80.43125,12.963750000000001,1.0,176.95250000000001,2022,12,28,80.0,0,Peru_4001.csv
2022-12-29,4001,84.0,65.0,6.8,23.0,4.0,4.0,0,0,3,3,5,5,11,11,-0.6224777008586376,4.002104177055607,0.30875787,-0.31157488,16.708698,42.45476,21,2022-12-29,21.252499999999998,0.0,78.74,9.26625,1.0,190.10375,2022,12,29,84.0,0,Peru_4001.csv
2022-12-30,4001,113.0,56.0,6.2,23.0,4.0,4.0,0,0,3,3,5,5,11,11,0.1855506370446147,5.6651444063135985,-1.0025892,-0.06956473,33.39166,40.70876,21,2022-12-30,21.41,0.0,78.2225,13.12375,1.0,172.36,2022,12,30,113.0,0,Peru_4001.csv
2022-12-31,4001,90.0,48.0,7.2,23.0,4.0,4.0,0,0,3,3,5,5,11,11,-1.1352378969074535,3.5743112200909475,0.17256707,0.18299502,17.840258,34.30272,21,2022-12-31,20.99875,0.0,81.33375,14.0225,1.0,170.98,2022,12,31,90.0,0,Peru_4001.csv
2023-01-01,4001,86.0,61.0,6.4,24.0,8.0,4.0,0,0,3,3,5,5,11,11,-0.09129246746723588,3.5264913713511996,0.23743565,-0.08866374,24.947273,37.715553,21,2023-01-01,21.6775,0.0,74.9,11.647499999999999,1.0,174.7825,2023,1,1,86.0,0,Peru_4001.csv
2023-01-02,4001,118.0,49.0,6.4,23.0,10.0,4.0,0,0,3,3,5,5,10,10,1.1874424172565703,4.916835970630978,-1.0039575,0.23891644,32.28044,36.591778,21,2023-01-02,21.785,0.0,72.23875,11.535,1.0,173.16375,2023,1,2,118.0,0,Peru_4001.csv
2023-01-03,4001,87.0,52.0,8.6,22.0,11.0,3.0,0,0,3,3,5,5,11,11,0.38773670842916974,2.703627421367112,0.589724,0.21280377,23.31723,28.886526,21,2023-01-03,20.79,0.0,80.59875,12.50125,1.0,175.8325,2023,1,3,87.0,0,Peru_4001.csv
2023-01-04,4001,105.0,49.0,7.6,24.0,11.0,4.0,0,0,3,3,5,5,11,11,0.9871656480604948,3.8935342292485955,-0.08185538,0.23552495,30.788263,35.08858,21,2023-01-04,20.6575,0.0,79.735,9.50875,1.0,186.365,2023,1,4,105.0,0,Peru_4001.csv
2023-01-05,4001,91.0,59.0,6.4,26.0,13.0,5.0,0,0,3,3,5,5,11,11,1.0402974957446622,3.172044924564897,0.19061776,-0.085778594,26.914013,35.96033,21,2023-01-05,21.73375,0.0,73.53125,12.15625,1.0,166.49875,2023,1,5,91.0,0,Peru_4001.csv
2023-01-06,4001,101.0,50.0,6.8,25.0,14.0,4.0,0,0,3,3,5,5,11,11,1.2268950995970869,3.369839084697019,0.091917425,0.06314817,30.004715,34.979713,21,2023-01-06,20.835,0.0,79.52625,12.18,1.0,174.64625,2023,1,6,101.0,0,Peru_4001.csv
2023-01-07,4001,91.0,43.0,9.0,24.0,14.0,3.0,0,0,3,3,4,4,9,9,0.7391159846526837,2.3012997271711493,0.4320191,0.29210606,23.599955,30.38594,21,2023-01-07,20.505,0.0,80.76,10.47125,1.0,182.20875,2023,1,7,91.0,0,Peru_4001.csv
2023-01-08,4001,87.0,47.0,10.4,23.0,16.0,3.0,0,0,3,3,4,4,9,9,1.3989905224785377,1.8530266752533109,2.2601757,0.07926829,42.535652,-4.807329,21,2023-01-08,20.43375,0.0,78.4325,8.96,1.0,203.2025,2023,1,8,87.0,0,Peru_4001.csv
2023-01-09,4001,105.0,51.0,8.6,24.0,13.0,3.0,0,0,3,3,5,5,11,11,1.5675653309750353,3.851501670309662,0.018762717,0.21381088,30.53959,34.98102,21,2023-01-09,21.15875,0.0,75.7925,10.63125,1.0,171.07999999999998,2023,1,9,105.0,0,Peru_4001.csv
2023-01-10,4001,90.0,71.0,6.4,24.0,13.0,4.0,0,0,3,3,5,5,11,11,1.5244161323678054,3.688740760203777,0.1346049,-0.13605718,27.451607,36.155647,21,2023-01-10,21.57125,0.0,73.45375,9.825,1.0,195.875,2023,1,10,90.0,0,Peru_4001.csv
2023-01-11,4001,103.0,87.0,6.2,24.0,13.0,4.0,0,0,3,3,5,5,11,11,2.941733949602704,5.436948169840599,-0.21722534,-0.37629345,30.120481,38.064865,21,2023-01-11,21.805,0.0,66.96875,10.85375,1.0,168.19875,2023,1,11,103.0,0,Peru_4001.csv
2023-01-12,4001,118.0,77.0,6.2,23.0,14.0,4.0,0,0,3,3,5,5,10,10,3.324329112883707,5.822594753006209,-0.1301618,-0.16150291,30.154724,38.086136,21,2023-01-12,21.33125,0.0,70.24375,11.56125,1.0,165.28125,2023,1,12,118.0,0,Peru_4001.csv
2023-01-13,4001,119.0,53.4,14.0,18.6,13.4,12.2,0,0,3,3,5,5,10,10,4.343713345475077,3.1749192263995663,-1.8990344,0.6430152,72.502365,20.916574,21,2023-01-13,20.8625,0.0,76.2,10.44,1.0,186.81875,2023,1,13,119.0,0,Peru_4001.csv
2023-01-14,4001,76.26329315845445,39.0951871657754,11.939310035171744,12.942866095675788,8.522758485383559,9.978580024067387,2,2,1,1,4,4,9,9,0.03549621024003731,-0.08868490030010638,18.930885,0.37514028,-13.194237,61.20619,21,2023-01-14,20.8075,0.0,75.49375,10.51625,1.0,183.53125,2023,1,14,76.26329315845445,0,Peru_4001.csv
2023-01-15,4001,76.26329315845445,39.0951871657754,11.939310035171744,12.942866095675788,8.522758485383559,9.978580024067387,2,2,1,1,4,4,9,9,0.03549621024003731,-0.08868490030010638,18.777657,-0.30160287,-13.194237,61.20619,21,2023-01-15,21.01375,0.0,73.34875,10.6775,1.0,180.17625,2023,1,15,76.26329315845445,0,Peru_4001.csv
2023-01-16,4001,105.4,64.0,7.0,22.0,8.0,2.0,0,0,3,3,5,5,11,11,0.9421998071943095,5.187865156169389,-0.33055586,-0.14911544,28.756556,37.455566,21,2023-01-16,21.5225,0.0,70.96875,11.44375,1.0,175.5625,2023,1,16,105.4,0,Peru_4001.csv
2023-01-17,4001,85.0,85.0,5.0,24.0,7.0,3.0,0,0,3,3,5,5,11,11,0.5536536943830707,4.951485940006189,-0.8329229,-1.0835116,30.339907,63.69617,21,2023-01-17,22.33375,0.0,68.10375,11.63625,1.0,173.34875,2023,1,17,85.0,0,Peru_4001.csv
2023-01-18,4001,94.0,66.0,2.0,24.0,9.0,2.0,0,0,3,3,5,5,11,11,-0.3375170502919577,4.606970382846785,-0.18331318,-0.31397364,26.33823,38.214207,21,2023-01-18,21.798750000000002,0.0,71.50625,8.65875,1.0,183.6725,2023,1,18,94.0,0,Peru_4001.csv
2023-01-19,4001,99.0,70.0,8.2,25.0,10.0,3.0,0,0,3,3,5,5,11,11,1.6437249989314602,4.829954109148057,0.03453719,-0.04508354,28.60466,36.338936,21,2023-01-19,22.24125,0.0,71.3675,8.3675,1.0,207.12,2023,1,19,99.0,0,Peru_4001.csv
2023-01-20,4001,105.0,55.0,9.0,24.0,8.0,3.0,0,0,3,3,5,5,11,11,0.9535625972318154,4.67082699501458,-0.37677085,0.33831733,32.365166,35.243904,21,2023-01-20,21.98375,0.0,75.005,10.30875,1.0,172.145,2023,1,20,105.0,0,Peru_4001.csv
2023-01-21,4001,85.0,54.0,3.6,24.0,10.0,2.0,0,0,3,3,5,5,11,11,-0.8885733846747867,3.188566972830204,0.05182109,-0.3235359,25.72554,37.207005,21,2023-01-21,22.09875,0.0,75.90625,10.69875,1.0,170.16875,2023,1,21,85.0,0,Peru_4001.csv
2023-01-22,4001,88.0,52.0,4.6,24.0,15.0,2.0,0,0,3,3,5,5,11,11,0.2589088573343116,2.6521171740027083,0.1450775,-0.15242691,26.179989,36.121567,21,2023-01-22,22.215,0.0,75.81875,9.65,1.0,180.8225,2023,1,22,88.0,0,Peru_4001.csv
2023-01-23,4001,86.0,62.0,1.8,24.0,13.0,2.0,0,0,3,3,5,5,11,11,-0.2490670774798067,3.3292864838683105,0.04356264,-0.31042242,26.222717,36.92769,21,2023-01-23,22.70625,0.0,72.37,10.55875,1.0,172.51,2023,1,23,86.0,0,Peru_4001.csv
2023-01-24,4001,91.0,54.0,3.8,24.0,11.0,2.0,0,0,3,3,5,5,11,11,-0.3780075754779706,3.4922588437158244,0.0077682897,-0.31070754,25.92194,37.16538,21,2023-01-24,22.4725,0.0,76.51625,11.842500000000001,1.0,178.76,2023,1,24,91.0,0,Peru_4001.csv
2023-01-25,4001,78.0,50.0,2.8,24.0,7.0,2.0,2,2,1,1,1,1,11,11,-2.138623862646903,2.8782298618170206,0.22769433,-0.59930265,-59.590214,44.66282,21,2023-01-25,22.235,0.0,78.3375,10.11375,1.0,182.75,2023,1,25,78.0,0,Peru_4001.csv
2023-01-26,4001,78.0,62.0,5.2,25.0,14.0,2.0,0,0,3,3,5,5,11,11,0.23943903193576177,2.613623378210353,0.19282648,-0.21507218,26.39471,36.406322,21,2023-01-26,22.9775,0.0,72.34875,10.095,1.0,178.22375,2023,1,26,78.0,0,Peru_4001.csv
2023-01-27,4001,91.0,63.0,1.8,25.0,11.0,2.0,0,0,3,3,5,5,11,11,-0.31597304079577193,4.066049054455596,-0.054603152,-0.31265542,26.24507,37.64808,21,2023-01-27,22.735,0.0,74.82875,10.626249999999999,1.0,184.9475,2023,1,27,91.0,0,Peru_4001.csv
2023-01-28,4001,92.0,59.0,3.4,26.0,9.0,2.0,0,0,3,3,5,5,11,11,-0.5098417651763125,4.223050476719869,-0.14225638,-0.29512662,26.143,37.949856,21,2023-01-28,22.9225,0.0,76.74625,10.53875,1.0,183.44375,2023,1,28,92.0,0,Peru_4001.csv
2023-01-29,4001,84.0,62.0,3.2,27.0,15.0,2.0,0,0,3,3,5,5,11,11,0.30509612338956094,3.118028615814092,0.10207042,-0.23157583,26.336153,36.46122,21,2023-01-29,23.08,0.0,75.52625,7.9,1.0,206.95374999999999,2023,1,29,84.0,0,Peru_4001.csv
2023-01-30,4001,94.0,65.0,3.4,27.0,9.0,2.0,0,0,3,3,5,5,11,11,-0.1002242574996775,4.741833923903617,-0.20830084,-0.33661947,26.317123,38.20066,21,2023-01-30,23.195,0.0,75.30875,9.465,1.0,191.50625,2023,1,30,94.0,0,Peru_4001.csv
2023-01-31,4001,93.0,63.0,1.6,27.0,7.0,2.0,0,0,3,3,5,5,11,11,-0.9800252058946824,4.865092340720976,-0.20832147,-0.36142972,26.330769,38.480618,21,2023-01-31,23.51375,0.0,74.465,10.442499999999999,1.0,185.02,2023,1,31,93.0,0,Peru_4001.csv
2023-02-01,4001,94.0,70.0,10.2,26.0,5.0,2.0,0,0,3,3,5,5,11,11,0.8195860190276203,5.254312274413294,-0.26268834,0.001957274,30.914137,26.01809,21,2023-02-01,23.8125,0.0,70.23375,11.55375,1.0,171.9175,2023,2,1,94.0,0,Peru_4001.csv
2023-02-02,4001,96.0,60.0,5.4,25.0,7.0,2.0,0,0,3,3,5,5,11,11,-0.22074702444061062,4.691644480531969,-0.2511638,-0.30215043,26.296135,38.647594,21,2023-02-02,23.67875,0.0,73.645,10.61625,1.0,181.735,2023,2,2,96.0,0,Peru_4001.csv
2023-02-03,4001,78.0,41.0,3.2,25.0,6.0,1.0,2,2,1,1,1,1,11,11,-2.7924711310758297,2.749931879370591,-1.5148622,-3.1686532,-59.72139,45.098824,21,2023-02-03,22.54125,0.0,85.0775,11.92,1.0,171.59875,2023,2,3,78.0,0,Peru_4001.csv
2023-02-04,4001,65.0,45.0,1.8,27.0,6.0,1.0,2,2,1,1,1,1,3,3,-3.49330666804109,2.1903014439322983,-1.3786925,-3.6734538,-65.91245,43.957348,21,2023-02-04,22.165,0.0,88.49625,9.41875,1.0,181.6575,2023,2,4,65.0,0,Peru_4001.csv
2023-02-05,4001,75.0,35.0,3.8,26.0,12.0,1.0,2,2,1,1,1,1,9,9,-2.041372047207842,1.5359170123632548,0.90816367,-0.008249473,-26.202616,26.549015,21,2023-02-05,22.381249999999998,0.0,85.91125,8.565,1.0,185.02,2023,2,5,75.0,0,Peru_4001.csv
2023-02-06,4001,65.0,42.0,8.6,26.0,5.0,1.0,2,2,1,1,1,1,3,3,-2.447241527699874,1.9245067140164882,0.7716495,0.09778577,-65.44007,51.38763,21,2023-02-06,22.7325,0.0,81.42625,9.84375,1.0,172.5875,2023,2,6,65.0,0,Peru_4001.csv
2023-02-07,4001,61.0,40.0,10.8,25.0,6.0,8.8,2,2,1,1,1,1,9,9,-1.4276739225360906,0.2372763822814713,0.8812431,1.2312697,25.429546,-4.746725,21,2023-02-07,23.3575,0.0,81.32374999999999,11.536249999999999,1.0,179.16125,2023,2,7,61.0,0,Peru_4001.csv
2023-02-08,4001,58.0,43.0,8.6,25.0,10.0,11.4,2,2,1,1,1,1,9,9,-0.9117818197177369,-0.6261490739130893,1.7487081,-1.9119856,-32.266636,-23.317434,21,2023-02-08,23.64875,0.0,80.03125,10.2775,1.0,190.92625,2023,2,8,58.0,0,Peru_4001.csv
2023-02-09,4001,73.0,38.0,9.8,25.0,8.0,8.4,2,2,1,1,4,4,9,9,-0.830768473329285,0.8325117790333221,0.7895052,0.61749035,25.314104,-2.3902779,21,2023-02-09,23.46625,0.0,80.535,13.004999999999999,1.0,174.87,2023,2,9,73.0,0,Peru_4001.csv
2023-02-10,4001,66.0,43.0,12.8,26.0,7.0,3.6,2,2,1,1,4,4,9,9,-0.9011511987383364,1.3437999351482057,0.8205021,1.0272615,18.73596,18.367405,21,2023-02-10,23.34625,0.0,82.21875,12.49375,1.0,179.72875,2023,2,10,66.0,0,Peru_4001.csv
2023-02-11,4001,76.0,37.0,8.8,26.0,8.0,14.8,2,2,1,1,4,4,9,9,-0.3746517000614172,0.2407256085607919,2.453772,-1.8307089,-2.9801216,-3.2479522,21,2023-02-11,23.47,0.0,79.2125,11.59125,1.0,178.91125,2023,2,11,76.0,0,Peru_4001.csv
2023-02-12,4001,66.0,35.0,14.4,26.0,9.0,12.6,2,2,1,1,4,4,9,9,0.16545236439400685,-0.5530186242127798,0.82169735,1.1212951,26.564823,-3.8090322,21,2023-02-12,23.88,0.0,75.9325,10.633750000000001,1.0,178.94375,2023,2,12,66.0,0,Peru_4001.csv
2023-02-13,4001,70.0,52.0,10.2,27.0,10.0,14.4,2,2,1,1,4,4,9,9,0.7279414009642852,0.39906586354708706,0.9323455,-0.4415887,20.713577,22.627388,21,2023-02-13,23.91875,0.0,78.4125,8.8875,1.0,197.70875,2023,2,13,70.0,0,Peru_4001.csv
2023-02-14,4001,87.0,56.0,8.8,29.0,11.0,6.4,0,0,3,3,5,5,11,11,0.9468082989401403,2.95642671141988,0.23477046,0.20683475,25.345861,29.187393,21,2023-02-14,23.85375,0.0,79.245,8.33875,1.0,200.68625,2023,2,14,87.0,0,Peru_4001.csv
2023-02-15,4001,96.0,53.0,12.6,29.0,7.0,3.6,0,0,3,3,5,5,11,11,1.0281038822397792,4.241475110262954,-0.21784638,0.65633965,31.707977,26.535936,21,2023-02-15,23.76875,0.0,77.56375,8.615,1.0,196.6375,2023,2,15,96.0,0,Peru_4001.csv
2023-02-16,4001,93.0,48.0,1.6,27.0,3.0,2.0,0,0,3,3,5,5,11,11,-2.482094144455222,4.616015512498859,-0.086245246,-0.17972982,-23.757788,32.738487,21,2023-02-16,23.82,0.0,78.95875,8.0375,1.0,198.295,2023,2,16,93.0,0,Peru_4001.csv
2023-02-17,4001,79.0,66.0,8.0,26.0,1.0,6.0,0,0,3,3,5,5,11,11,-0.9281881732979084,3.9896797459709616,0.37776133,-0.22796004,-54.292667,46.242096,21,2023-02-17,24.315,0.0,75.96875,7.91875,1.0,197.63125,2023,2,17,79.0,0,Peru_4001.csv
2023-02-18,4001,93.0,64.0,4.0,26.0,6.8,7.0,0,0,3,3,5,5,11,11,-0.03528286737800797,4.13859717845911,-0.2512586,-0.26808667,26.17838,38.754063,21,2023-02-18,25.28,0.0,67.57875,9.535,1.0,183.29625,2023,2,18,93.0,0,Peru_4001.csv
2023-02-19,4001,86.0,54.0,1.0,25.0,0.4,7.0,2,2,3,3,5,5,11,11,-2.6605529993390062,3.9360908171381084,-0.053588584,-0.40945622,11.583662,37.375607,21,2023-02-19,24.3375,0.0,76.9625,11.807500000000001,1.0,181.17875,2023,2,19,86.0,0,Peru_4001.csv
2023-02-20,4001,75.0,39.0,1.0,25.0,1.6,6.0,2,2,1,1,1,1,3,3,-3.841799648366699,2.3707274134434373,0.2683173,-1.0051984,-59.93395,42.55856,21,2023-02-20,23.89375,0.0,81.355,12.72,1.0,173.30625,2023,2,20,75.0,0,Peru_4001.csv
2023-02-21,4001,73.0,48.0,2.0,24.0,0.4,6.0,2,2,1,1,1,1,11,11,-3.4852141073426934,2.7301387196110123,0.28485888,-0.8272595,-59.586563,42.56451,21,2023-02-21,23.925,0.0,79.825,10.303749999999999,1.0,186.22750000000002,2023,2,21,73.0,0,Peru_4001.csv
2023-02-22,4001,77.0,53.0,6.0,25.0,3.0,6.0,2,2,1,1,1,1,11,11,-1.7473135368971289,2.917883553973916,0.29089057,-0.42417797,-57.14871,45.687805,21,2023-02-22,24.29875,0.0,76.84875,11.8275,1.0,175.725,2023,2,22,77.0,0,Peru_4001.csv
2023-02-23,4001,71.0,55.0,1.0,24.0,4.8,5.0,2,2,1,1,1,1,11,11,-2.7149006249571124,2.5416205176728233,0.2562327,-0.739444,-59.61701,43.9454,21,2023-02-23,24.0425,0.0,72.9525,10.62125,1.0,178.17000000000002,2023,2,23,71.0,0,Peru_4001.csv
2023-02-24,4001,70.0,60.0,10.0,25.0,1.0,6.0,2,2,1,1,4,4,11,11,-1.2681386638099579,2.9147449346902565,0.4063449,-0.15897183,-54.48972,45.62574,21,2023-02-24,24.02,0.0,72.5275,10.8775,1.0,177.365,2023,2,24,70.0,0,Peru_4001.csv
2023-02-25,4001,92.0,56.0,9.0,26.0,3.6,7.0,0,0,3,3,5,5,11,11,-0.05960465863773114,3.9439960284992632,-0.08996276,0.088332765,19.820013,35.754692,21,2023-02-25,23.61875,0.0,76.90125,12.151250000000001,1.0,169.72875,2023,2,25,92.0,0,Peru_4001.csv
2023-02-26,4001,91.0,60.0,6.0,25.0,2.4,7.0,0,0,3,3,5,5,11,11,-0.7287798955968257,4.223916678801196,-0.09358105,-0.18160628,19.677954,36.488983,21,2023-02-26,22.83125,0.0,81.82375,9.35875,1.0,198.27125,2023,2,26,91.0,0,Peru_4001.csv
2023-02-27,4001,107.0,68.0,8.0,25.0,2.4,7.0,0,0,3,3,5,5,11,11,0.8652116589877437,5.733902170552285,-0.7607318,-0.086552374,42.910538,57.214527,21,2023-02-27,23.12125,0.0,75.385,9.985,1.0,175.08375,2023,2,27,107.0,0,Peru_4001.csv
2023-02-28,4001,97.0,75.0,9.0,27.0,2.6,8.0,0,0,3,3,5,5,11,11,1.0778575863173085,5.323575312305711,-0.57431674,-0.106100805,42.291656,57.421825,21,2023-02-28,23.47125,0.0,72.86875,11.24125,1.0,172.41625,2023,2,28,97.0,0,Peru_4001.csv
2023-03-01,4001,104.0,69.0,10.0,27.0,5.8,8.0,0,0,3,3,5,5,11,11,1.8851113829244535,5.102485879576105,-0.59024113,0.0735901,42.3385,57.295624,21,2023-03-01,23.40625,0.0,73.9325,11.04875,1.0,175.1575,2023,3,1,104.0,0,Peru_4001.csv
2023-03-02,4001,98.0,64.0,9.0,26.0,2.6,8.0,0,0,3,3,5,5,11,11,0.5530249927776181,4.771304008926728,-0.51013494,0.0002583767,42.383404,57.34236,21,2023-03-02,22.75125,0.0,74.42125,10.7775,1.0,178.03125,2023,3,2,98.0,0,Peru_4001.csv
2023-03-03,4001,97.0,81.0,2.0,26.0,0.0,7.0,0,0,3,3,5,5,11,11,-0.5946215828750405,6.184833377111617,-0.7305407,-0.6687541,32.083004,63.35119,21,2023-03-03,23.12375,0.0,72.5775,11.8725,1.0,168.43375,2023,3,3,97.0,0,Peru_4001.csv
2023-03-04,4001,101.0,73.0,15.0,28.0,4.6,10.0,0,0,3,3,5,5,10,10,2.9274369020510536,4.91870355320925,-0.69837844,0.3291142,36.562412,36.855442,21,2023-03-04,22.99875,0.0,73.8525,10.0225,1.0,178.28625,2023,3,4,101.0,0,Peru_4001.csv
2023-03-05,4001,119.0,70.0,8.0,28.0,2.0,9.0,0,0,3,3,5,5,10,10,1.656334695527766,6.705039809283285,-0.8618797,0.04507671,44.570736,58.893238,21,2023-03-05,23.67,0.0,71.0525,9.9225,1.0,184.0925,2023,3,5,119.0,0,Peru_4001.csv
2023-03-06,4001,105.0,65.0,6.0,26.0,1.4,8.0,0,0,3,3,5,5,11,11,0.11500045356505498,5.553166028622416,-0.6548914,-0.20437913,42.972046,57.373783,21,2023-03-06,24.2275,0.0,67.98875000000001,9.305,1.0,184.3075,2023,3,6,105.0,0,Peru_4001.csv
2023-03-07,4001,86.0,54.0,8.0,25.0,6.0,7.0,0,0,3,3,5,5,11,11,-0.22413724646218286,3.0591083657340765,0.20193832,0.005584202,20.227083,35.138107,21,2023-03-07,24.05375,0.0,73.41749999999999,9.578750000000001,1.0,180.9175,2023,3,7,86.0,0,Peru_4001.csv
2023-03-08,4001,76.0,53.0,11.0,27.0,4.2,8.0,0,0,3,3,4,4,11,11,-0.38143518343785376,2.4497835970356125,0.6039036,0.35957766,16.54587,21.447754,21,2023-03-08,23.9,0.0,74.89125,9.3725,1.0,170.0525,2023,3,8,76.0,0,Peru_4001.csv
2023-03-09,4001,74.0,53.0,6.0,27.0,0.0,8.0,2,2,1,1,1,1,11,11,-2.2542644172300084,2.9565580417689126,0.2743157,-0.38873622,-56.003647,46.444584,21,2023-03-09,24.395,0.0,71.615,10.79,1.0,168.73875,2023,3,9,74.0,0,Peru_4001.csv
2023-03-10,4001,74.0,62.0,18.0,29.0,0.0,10.0,0,0,3,3,4,4,11,11,0.8354531436245721,2.9900643907129676,-0.027719574,1.8413262,37.777637,1.8950125,21,2023-03-10,24.1575,0.0,76.07375,8.77625,1.0,188.16625,2023,3,10,74.0,0,Peru_4001.csv
2023-03-11,4001,94.0,43.6,5.0,23.2,0.0,8.2,0,0,3,3,5,5,11,11,-1.9700221488305285,3.6529785891736206,-0.10774308,-0.014048642,12.541844,36.59828,21,2023-03-11,24.2725,0.0,77.51375,6.9,1.0,228.25125,2023,3,11,94.0,0,Peru_4001.csv
2023-03-12,4001,66.8,29.2,4.2,25.2,0.0,9.0,2,2,1,1,1,1,3,3,-4.118616901663249,1.0209771223770439,-7.9388084,-10.799413,-58.230953,64.3224,21,2023-03-12,25.055,0.0,73.57625,8.29,1.0,173.55375,2023,3,12,66.8,0,Peru_4001.csv
2023-03-13,4001,66.8,29.2,4.2,25.2,0.0,9.0,2,2,1,1,1,1,3,3,-4.118616901663249,1.0209771223770439,-7.922172,-10.777102,-63.07276,62.352848,21,2023-03-13,24.275,0.0,79.36375,6.68875,1.0,206.8175,2023,3,13,66.8,0,Peru_4001.csv
2023-03-14,4001,66.8,29.2,4.2,25.2,0.0,9.0,2,2,1,1,1,1,3,3,-4.118616901663249,1.0209771223770439,-7.9372597,-10.801645,-70.83753,58.483448,21,2023-03-14,23.385,0.0,87.81625,5.80875,1.0,235.1775,2023,3,14,66.8,0,Peru_4001.csv
2023-03-15,4001,66.8,29.2,4.2,25.2,0.0,9.0,2,2,1,1,1,1,3,3,-4.118616901663249,1.0209771223770439,-7.925989,-10.785314,-64.90468,74.54829,21,2023-03-15,24.22875,0.0,84.56125,9.16625,1.0,167.37,2023,3,15,66.8,0,Peru_4001.csv
2023-03-16,4001,66.8,29.2,4.2,25.2,0.0,9.0,2,2,1,1,1,1,3,3,-4.118616901663249,1.0209771223770439,-7.941441,-10.802322,-66.75693,65.6982,21,2023-03-16,24.2625,0.0,82.67125,7.2225,1.0,171.0825,2023,3,16,66.8,0,Peru_4001.csv
2023-03-17,4001,66.8,29.2,4.2,25.2,0.0,9.0,2,2,1,1,1,1,3,3,-4.118616901663249,1.0209771223770439,-7.950946,-10.814587,-54.17591,80.33486,21,2023-03-17,24.05625,0.0,80.20875,8.65375,1.0,167.4375,2023,3,17,66.8,0,Peru_4001.csv
2023-03-18,4001,66.8,29.2,4.2,25.2,0.0,9.0,2,2,1,1,1,1,3,3,-4.118616901663249,1.0209771223770439,-7.925558,-10.7931185,-52.724506,69.96172,21,2023-03-18,23.365000000000002,0.0,82.0875,8.92875,1.0,178.97375,2023,3,18,66.8,0,Peru_4001.csv
2023-03-19,4001,66.8,29.2,4.2,25.2,0.0,9.0,2,2,1,1,1,1,3,3,-4.118616901663249,1.0209771223770439,-7.942199,-10.802767,-55.616875,62.96861,21,2023-03-19,23.7875,0.0,76.49125,10.5925,1.0,179.5,2023,3,19,66.8,0,Peru_4001.csv
2023-03-20,4001,91.4,47.0,3.0,26.0,0.0,7.0,0,0,3,3,5,5,11,11,-2.427767689101759,4.050172054264146,-0.110727616,-0.19093572,12.0934515,36.95069,21,2023-03-20,23.5625,0.0,78.57875,9.44625,1.0,175.6825,2023,3,20,91.4,0,Peru_4001.csv
2023-03-21,4001,55.0,56.0,6.0,27.0,0.0,8.0,2,2,1,1,1,1,3,3,-3.0141879824602107,1.731472312538316,-1.2416797,-3.6065736,-65.856606,46.915398,21,2023-03-21,23.64125,0.0,77.76625,10.56875,1.0,174.9475,2023,3,21,56.0,0,Peru_4001.csv
2023-03-22,4001,73.0,70.0,13.0,29.0,0.0,9.0,0,0,3,3,5,5,11,11,0.09690821033644717,3.576087308236902,0.3783293,-0.13887085,-53.81361,46.016857,21,2023-03-22,23.53,0.0,77.68375,10.41125,1.0,180.36875,2023,3,22,73.0,0,Peru_4001.csv
2023-03-23,4001,87.0,58.0,7.0,27.0,0.0,7.0,0,0,3,3,5,5,11,11,-1.252673355464517,4.257517983814406,-0.053526185,-0.116469376,19.455713,36.480484,21,2023-03-23,24.03875,0.0,75.33875,13.071250000000001,1.0,173.605,2023,3,23,87.0,0,Peru_4001.csv
2023-03-24,4001,71.0,59.0,7.0,28.0,0.0,8.0,2,2,1,1,1,1,11,11,-1.882114547741409,3.0886746300271866,0.3781047,-0.2708313,-55.27689,46.342793,21,2023-03-24,24.34625,0.0,74.285,11.84,1.0,174.0525,2023,3,24,71.0,0,Peru_4001.csv
2023-03-25,4001,76.0,52.0,12.0,29.0,0.0,8.0,0,0,3,3,4,4,11,11,-0.9857396798831687,3.049415698498023,0.48065373,0.012518311,-54.696392,47.1573,21,2023-03-25,24.30625,0.0,75.82375,11.70125,1.0,181.95875,2023,3,25,76.0,0,Peru_4001.csv
2023-03-26,4001,82.0,35.0,6.0,27.0,0.0,7.0,2,2,1,1,1,1,11,11,-2.892372732122739,2.767160508496777,-1.6932018,-3.0432305,-56.640827,50.200577,21,2023-03-26,23.7425,0.0,75.65,13.29625,1.0,167.60375,2023,3,26,82.0,0,Peru_4001.csv
2023-03-27,4001,72.0,41.0,11.0,27.0,0.0,6.0,2,2,1,1,4,4,3,3,-2.133290707559271,2.3544048134439985,0.4032941,1.7364988,12.337059,17.92461,21,2023-03-27,23.28125,0.0,77.5625,11.98,1.0,175.5875,2023,3,27,72.0,0,Peru_4001.csv
2023-03-28,4001,73.0,46.0,7.0,28.0,0.0,7.0,2,2,1,1,1,1,11,11,-2.549609890072146,2.7155826992066427,-1.5567527,-3.0247438,-56.32869,48.48619,21,2023-03-28,23.795,0.0,77.21875,11.72875,1.0,167.6675,2023,3,28,73.0,0,Peru_4001.csv
2023-03-29,4001,70.0,46.0,9.0,29.0,0.0,8.0,2,2,1,1,1,1,11,11,-2.1973329937909294,2.3883357689256153,-1.5458128,-2.9745758,-55.91667,48.283028,21,2023-03-29,24.7775,0.0,73.08375,10.90875,1.0,177.42875,2023,3,29,70.0,0,Peru_4001.csv
2023-03-30,4001,73.0,55.0,9.0,30.0,0.0,8.0,2,2,1,1,4,4,11,11,-1.5836242784293448,3.129915488791521,0.37373194,-0.22738607,-55.121544,46.70243,21,2023-03-30,25.33875,0.0,68.75,10.83375,1.0,171.13375,2023,3,30,73.0,0,Peru_4001.csv
2023-03-31,4001,82.0,45.0,7.0,29.0,0.0,7.0,2,2,1,1,1,1,11,11,-2.1663314996687797,3.390186358671524,-1.6577238,-2.9995074,-56.4212,49.081394,21,2023-03-31,24.55625,0.0,76.42125,11.61875,1.0,164.46375,2023,3,31,82.0,0,Peru_4001.csv
2023-04-01,4001,77.0,41.0,8.0,28.0,0.0,7.0,2,2,1,1,1,1,11,11,-2.4130883281085977,2.729792476295284,-1.6691123,-3.0566623,-56.438297,49.26362,21,2023-04-01,24.158749999999998,0.0,80.415,11.45875,1.0,172.1725,2023,4,1,77.0,0,Peru_4001.csv
2023-04-02,4001,77.0,37.0,6.2,28.0,0.0,6.0,2,2,1,1,1,1,3,3,-3.075678719019389,2.7075724754676123,-1.7474258,-3.1428912,-56.745655,50.079376,21,2023-04-02,24.03875,0.0,78.86500000000001,11.39,1.0,171.5425,2023,4,2,77.0,0,Peru_4001.csv
2023-04-03,4001,67.0,45.0,4.4,30.0,0.0,7.0,2,2,1,1,1,1,3,3,-3.417100987541519,2.441676302060787,-1.479077,-3.3197393,-58.766243,49.009808,21,2023-04-03,24.48625,0.0,75.44875,11.49375,1.0,162.30124999999998,2023,4,3,67.0,0,Peru_4001.csv
2023-04-04,4001,73.0,45.0,2.4,20.0,0.0,9.4,2,2,1,1,1,1,3,3,-3.3372290756166096,1.8722548016185216,0.5190531,-1.6006875,-62.848278,36.208973,21,2023-04-04,25.025,0.0,75.89625,11.74375,1.0,168.07375,2023,4,4,73.0,0,Peru_4001.csv
2023-04-05,4001,67.0,48.0,4.4,12.0,0.0,8.4,2,2,1,1,1,1,3,3,-3.1633248837887207,1.0872359353330798,0.94152474,-2.5334482,-61.338894,19.522821,21,2023-04-05,25.24375,0.0,76.35499999999999,12.24625,1.0,174.54375,2023,4,5,67.0,0,Peru_4001.csv
2023-04-06,4001,73.0,39.0,5.6,32.0,0.0,4.0,2,2,1,1,1,1,3,3,-3.457678612458048,3.0935707764474367,-1.7849283,-3.2353501,-58.661766,53.08734,21,2023-04-06,25.1375,0.0,77.21375,12.28875,1.0,171.4425,2023,4,6,73.0,0,Peru_4001.csv
2023-04-07,4001,69.0,35.0,5.2,11.6,0.0,2.4,2,2,1,1,1,1,3,3,-4.110423792775587,1.334424366622663,3.8297544,4.7177396,-81.02565,-38.036125,21,2023-04-07,24.62,0.0,77.90125,12.8575,1.0,173.85999999999999,2023,4,7,69.0,0,Peru_4001.csv
2023-04-08,4001,71.0,37.0,17.0,22.2,0.0,21.8,2,2,1,1,4,4,4,4,0.2212544028446319,-0.5330510534891696,3.3055048,-3.8665495,19.909563,-53.964962,21,2023-04-08,24.54875,0.0,75.885,11.93625,1.0,173.38,2023,4,8,71.0,0,Peru_4001.csv
2023-04-09,4001,71.0,35.0,4.6,12.2,0.0,16.2,2,2,1,1,1,1,4,4,-2.9157535383870554,-0.30936099069687945,4.289591,3.798188,-71.480835,16.851767,21,2023-04-09,24.295,0.0,76.74,13.74375,1.0,172.85,2023,4,9,71.0,0,Peru_4001.csv
2023-04-10,4001,75.0,37.0,4.4,19.6,0.0,10.0,2,2,1,1,1,1,3,3,-3.197014442674362,1.4569839020231463,0.59564745,-1.2927665,-62.55386,35.998466,21,2023-04-10,23.85875,0.0,76.92375,15.92,1.0,166.10375,2023,4,10,75.0,0,Peru_4001.csv
2023-04-11,4001,74.0,41.0,3.0,22.2,0.0,9.8,2,2,1,1,1,1,3,3,-3.336254477104449,1.8367695376591997,0.5611446,-1.2542831,-62.728527,36.2022,21,2023-04-11,23.6325,0.0,78.10875,14.025,1.0,164.59375,2023,4,11,74.0,0,Peru_4001.csv
2023-04-12,4001,82.0,45.0,5.0,15.0,0.0,10.0,2,2,1,1,1,1,11,11,-2.3283822105901373,2.0133194480830223,0.5870618,-2.085149,-66.0209,20.995602,21,2023-04-12,23.66,0.0,77.0475,13.4625,1.0,172.39125,2023,4,12,82.0,0,Peru_4001.csv
2023-04-13,4001,76.0,43.0,2.4,31.8,0.0,10.0,2,2,1,1,1,1,11,11,-3.226594807873317,2.7725029552697955,-1.6724266,-3.2228951,-58.983173,49.92144,21,2023-04-13,24.1975,0.0,73.19375,13.44125,1.0,168.34875,2023,4,13,76.0,0,Peru_4001.csv
2023-04-14,4001,74.0,40.0,4.0,16.0,0.0,4.6,2,2,1,1,1,1,3,3,-3.653113253666029,2.0042423952587916,3.210022,3.7844033,-66.358315,35.621975,21,2023-04-14,23.80875,0.0,75.70375,13.91625,1.0,163.495,2023,4,14,74.0,0,Peru_4001.csv
2023-04-15,4001,74.0,47.0,4.0,21.2,0.0,3.6,2,2,1,1,1,1,11,11,-3.37027724401275,2.8696357538880046,0.28899112,-0.73487407,-59.0423,42.437187,21,2023-04-15,23.63125,0.0,77.0375,11.53125,1.0,178.6825,2023,4,15,74.0,0,Peru_4001.csv
2023-04-16,4001,89.0,44.0,4.2,35.8,0.0,8.8,0,0,3,3,5,5,11,11,-2.2819619082291367,4.172705320356779,-1.8916461,-3.1463914,-55.665375,52.428448,21,2023-04-16,23.785,0.0,78.33,12.975,1.0,168.9225,2023,4,16,89.0,0,Peru_4001.csv
2023-04-17,4001,75.0,47.0,2.2,17.0,0.0,2.6,2,2,1,1,1,1,11,11,-3.7828412094723407,2.8129447332347715,0.27077305,-0.88790077,-59.01554,41.800755,21,2023-04-17,23.78,0.0,77.33375,12.0475,1.0,172.11374999999998,2023,4,17,75.0,0,Peru_4001.csv
2023-04-18,4001,92.0,48.0,7.0,21.0,0.0,6.0,0,0,3,3,5,5,11,11,-1.6282876158394008,3.812865619992922,-0.077020355,0.14729862,14.841529,36.47027,21,2023-04-18,23.697499999999998,0.0,77.7675,12.584999999999999,1.0,175.02375,2023,4,18,92.0,0,Peru_4001.csv
2023-04-19,4001,92.0,50.0,4.4,22.6,0.0,11.2,0,0,3,3,5,5,11,11,-1.5917252704148752,3.3983633239658944,-0.08213165,-0.15040235,12.2880535,36.891445,21,2023-04-19,22.815,0.0,77.41125,13.45,1.0,165.75375,2023,4,19,92.0,0,Peru_4001.csv
2023-04-20,4001,99.0,44.0,4.8,24.0,0.0,8.2,0,0,3,3,5,5,11,11,-1.7477921567101102,4.098494553373273,-0.12304072,0.013408582,12.679119,36.447197,21,2023-04-20,22.735,0.0,76.4325,14.6875,1.0,156.21375,2023,4,20,99.0,0,Peru_4001.csv
2023-04-21,4001,87.0,42.0,3.4,22.2,0.0,9.6,2,2,1,1,1,1,11,11,-2.59394135378909,2.844920855930835,-0.049183298,-0.17029482,12.105763,36.929817,21,2023-04-21,22.72375,0.0,75.75125,15.02375,1.0,170.105,2023,4,21,87.0,0,Peru_4001.csv
2023-04-22,4001,79.0,48.0,3.8,21.0,0.0,5.8,2,2,1,1,1,1,11,11,-2.9238866982289418,2.9775434171380835,0.31405237,-0.78014445,-59.176003,42.438736,21,2023-04-22,23.5725,0.0,74.1875,15.695,1.0,160.63,2023,4,22,79.0,0,Peru_4001.csv
2023-04-23,4001,83.0,28.0,6.8,22.0,0.0,8.6,2,2,1,1,1,1,3,3,-2.9108689841914357,1.8887245594992998,0.51801795,0.46156555,-65.727745,33.673626,21,2023-04-23,23.30875,0.0,71.3025,12.68375,1.0,164.075,2023,4,23,83.0,0,Peru_4001.csv
2023-04-24,4001,64.0,44.0,3.2,21.0,0.0,3.4,2,2,1,1,1,1,3,3,-4.188965130910887,2.0271840598838025,-1.1981478,-3.6800616,-68.05808,44.53332,21,2023-04-24,23.74375,0.0,71.21375,14.01625,1.0,160.10375,2023,4,24,64.0,0,Peru_4001.csv
2023-04-25,4001,76.0,26.0,3.4,23.0,0.0,5.2,2,2,1,1,1,1,3,3,-4.343252017672618,1.8939895841712238,3.2143342,4.2447963,-67.94947,33.29237,21,2023-04-25,22.947499999999998,0.0,73.3325,12.405,1.0,161.83249999999998,2023,4,25,76.0,0,Peru_4001.csv
2023-04-26,4001,64.0,28.0,3.2,17.4,0.0,2.0,2,2,1,1,1,1,3,3,-5.14926786720498,1.1489601098932265,3.719436,4.3737617,-71.32401,38.2789,21,2023-04-26,22.81125,0.0,74.3175,12.6275,1.0,156.38375,2023,4,26,64.0,0,Peru_4001.csv
2023-04-27,4001,61.0,25.0,6.6,17.0,0.0,9.8,2,2,1,1,1,1,3,3,-4.069013000992951,-0.37599782504645807,4.2086005,4.551197,-81.88449,-42.375767,21,2023-04-27,22.605,0.0,71.66625,11.3,1.0,157.87,2023,4,27,61.0,0,Peru_4001.csv
2023-04-28,4001,62.0,26.0,2.0,34.0,0.0,5.0,2,2,1,1,1,1,3,3,-5.304899089279037,1.746918757105807,-1.9196792,-3.5156984,-61.148514,55.506798,21,2023-04-28,22.2,0.0,76.42750000000001,13.19625,1.0,156.67125,2023,4,28,62.0,0,Peru_4001.csv
2023-04-29,4001,73.0,26.0,6.0,32.0,0.0,3.0,2,2,1,1,1,1,3,3,-4.140160948607469,2.565812149537407,-1.9035203,-3.3113236,-58.99394,54.52925,21,2023-04-29,22.15,0.0,79.46875,14.30625,1.0,164.18125,2023,4,29,73.0,0,Peru_4001.csv
2023-04-30,4001,72.0,23.0,4.0,30.0,0.0,3.0,2,2,1,1,1,1,3,3,-4.754194747478487,2.2460269877436514,-1.9233985,-3.4489942,-60.045895,55.109093,21,2023-04-30,21.86,0.0,78.7125,13.8325,1.0,165.5675,2023,4,30,72.0,0,Peru_4001.csv
2023-05-01,4001,68.0,27.0,2.0,30.0,0.0,3.0,2,2,1,1,1,1,3,3,-5.146215793171449,2.206379638922287,-1.9144781,-3.4662137,-60.756954,55.324146,21,2023-05-01,21.71875,0.0,79.42625,11.8775,1.0,167.74125,2023,5,1,68.0,0,Peru_4001.csv
2023-05-02,4001,81.0,24.0,2.8,31.0,0.0,3.0,2,2,1,1,1,1,3,3,-4.511232674714722,3.0505344936569694,-1.9048697,-3.31877,-59.483864,55.09617,21,2023-05-02,21.24625,0.0,80.8175,10.81,1.0,193.54125,2023,5,2,81.0,0,Peru_4001.csv
2023-05-03,4001,73.0,26.0,3.0,32.0,0.0,4.0,2,2,1,1,1,1,3,3,-4.662397432987566,2.506038636523717,-1.917475,-3.3954628,-59.97712,55.048973,21,2023-05-03,21.16,0.0,82.05125000000001,11.42,1.0,175.28125,2023,5,3,73.0,0,Peru_4001.csv
2023-05-04,4001,74.0,35.0,1.0,32.0,0.0,4.0,2,2,1,1,1,1,3,3,-4.553597522694346,3.0790319469771137,-1.7499266,-3.2874296,-59.321064,52.550495,21,2023-05-04,20.59875,0.0,83.64375,12.1025,1.0,173.67874999999998,2023,5,4,74.0,0,Peru_4001.csv
2023-05-05,4001,86.0,49.0,5.0,33.0,0.0,5.0,0,0,3,3,5,5,11,11,-2.343749151004378,4.490180587273431,-1.7395892,-2.9952416,-55.67076,52.0545,21,2023-05-05,20.365000000000002,0.0,82.78,10.49375,1.0,172.96875,2023,5,5,86.0,0,Peru_4001.csv
2023-05-06,4001,104.0,60.0,17.0,35.0,0.0,7.0,0,0,3,3,5,5,10,10,1.717508488906301,5.927048509756731,-0.61537194,0.6510145,33.023235,27.283379,21,2023-05-06,20.4225,0.0,83.58375,10.55625,1.0,177.64125,2023,5,6,104.0,0,Peru_4001.csv
2023-05-07,4001,125.0,52.0,4.0,33.0,0.0,5.0,0,0,3,3,5,5,10,10,-0.5115661594831767,7.488649033404676,-1.0330856,0.08159242,47.490242,58.774887,21,2023-05-07,20.62875,0.0,81.525,10.195,1.0,171.68625,2023,5,7,125.0,0,Peru_4001.csv
2023-05-08,4001,110.0,53.0,4.6,33.0,0.0,5.0,0,0,3,3,5,5,11,11,-1.0604922533183179,6.43805377114311,-0.9190054,0.055101905,47.41528,58.788536,21,2023-05-08,19.88625,0.0,84.15625,11.6425,1.0,167.52,2023,5,8,110.0,0,Peru_4001.csv
2023-05-09,4001,117.0,50.0,3.0,33.0,0.0,5.0,0,0,3,3,5,5,10,10,-1.2046352637100994,6.833924352538366,-0.97138345,0.06735459,47.50299,58.699318,21,2023-05-09,19.3175,0.0,86.105,11.82,1.0,173.035,2023,5,9,117.0,0,Peru_4001.csv
2023-05-10,4001,114.0,52.0,7.0,34.0,0.0,7.0,0,0,3,3,5,5,10,10,-0.25298756515712767,6.423690050482489,-0.9308611,0.082629696,47.277626,59.1324,21,2023-05-10,19.42375,0.0,85.76,11.526250000000001,1.0,173.385,2023,5,10,114.0,0,Peru_4001.csv
2023-05-11,4001,113.0,57.0,9.0,35.0,0.0,7.0,0,0,3,3,5,5,10,10,0.36713647989344605,6.625764432817889,-0.8751417,0.11162858,46.99786,59.431557,21,2023-05-11,19.48875,0.0,84.1725,11.1775,1.0,171.13625000000002,2023,5,11,113.0,0,Peru_4001.csv
2023-05-12,4001,115.0,54.0,6.0,35.0,0.0,6.0,0,0,3,3,5,5,10,10,-0.3913324134941935,6.8281020527866785,-0.94665575,0.09633867,47.314037,58.99525,21,2023-05-12,19.298750000000002,0.0,83.12125,10.9575,1.0,170.44875,2023,5,12,115.0,0,Peru_4001.csv
2023-05-13,4001,105.0,61.0,11.0,38.0,0.0,8.0,0,0,3,3,5,5,11,11,0.6891340531993134,6.283464780530861,-0.7465099,0.2247436,46.87724,59.825768,21,2023-05-13,18.82875,0.0,84.43625,9.87875,1.0,176.39625,2023,5,13,105.0,0,Peru_4001.csv
2023-05-14,4001,119.0,42.0,8.0,35.0,0.0,6.0,0,0,3,3,5,5,10,10,-0.4150190334442441,6.466677157706401,-0.95801747,0.10490885,47.598312,59.25353,21,2023-05-14,19.69625,0.0,79.355,10.525,1.0,157.96375,2023,5,14,119.0,0,Peru_4001.csv
2023-05-15,4001,90.0,46.0,11.0,34.0,0.0,6.0,0,0,3,3,5,5,11,11,-0.9958134056906075,4.420504597184801,-1.8493624,-2.903837,-56.367306,55.829,21,2023-05-15,19.03625,0.0,85.0625,11.80625,1.0,169.18125,2023,5,15,90.0,0,Peru_4001.csv
2023-05-16,4001,104.0,36.0,5.0,34.0,0.0,5.0,0,0,3,3,5,5,11,11,-2.1502259549433735,5.2147222937213735,-1.9326868,-3.045488,-54.87571,53.912434,21,2023-05-16,19.725,0.0,78.85875,13.438749999999999,1.0,157.03125,2023,5,16,104.0,0,Peru_4001.csv
2023-05-17,4001,87.0,36.0,4.0,33.0,0.0,5.0,2,2,1,1,1,1,11,11,-3.174609534751802,3.935528233671085,-1.8746095,-3.149469,-55.726776,53.068108,21,2023-05-17,20.048750000000002,0.0,79.77125,12.6875,1.0,168.755,2023,5,17,87.0,0,Peru_4001.csv
2023-05-18,4001,78.0,38.0,2.0,35.0,0.0,5.0,2,2,1,1,1,1,3,3,-3.9086906874860596,3.580023842112362,-1.8045093,-3.2270916,-59.029644,52.310448,21,2023-05-18,19.7425,0.0,81.2,13.79875,1.0,159.72375,2023,5,18,78.0,0,Peru_4001.csv
2023-05-19,4001,88.0,44.0,4.0,35.0,0.0,5.0,0,0,3,3,5,5,11,11,-2.7078304789850365,4.555376496248525,-1.8596914,-3.140463,-55.68172,52.43813,21,2023-05-19,19.89125,0.0,81.76125,14.258750000000001,1.0,156.5,2023,5,19,88.0,0,Peru_4001.csv
2023-05-20,4001,100.0,39.0,8.0,35.0,0.0,5.0,0,0,3,3,5,5,11,11,-1.575095021323699,5.074649910702872,-1.9368466,-3.0247393,-54.79974,54.19036,21,2023-05-20,19.615,0.0,82.86875,13.51125,1.0,164.86875,2023,5,20,100.0,0,Peru_4001.csv
2023-05-21,4001,92.0,32.0,4.0,35.0,0.0,5.0,2,2,1,1,1,1,11,11,-3.1385892285687733,4.2433440743990145,-1.9231426,-3.1064293,-55.44971,53.478313,21,2023-05-21,19.49125,0.0,82.71000000000001,13.1125,1.0,163.16125,2023,5,21,92.0,0,Peru_4001.csv
2023-05-22,4001,84.0,36.0,11.0,34.0,0.0,5.0,2,2,1,1,4,4,11,11,-1.893024141440232,3.618662220168921,-1.9188758,-3.0947065,-56.95259,55.399143,21,2023-05-22,19.622500000000002,0.0,81.65625,12.0975,1.0,161.5975,2023,5,22,84.0,0,Peru_4001.csv
2023-05-23,4001,85.0,32.0,9.0,34.0,0.0,5.0,2,2,1,1,4,4,11,11,-2.459749389069525,3.5399127679096747,-1.9173647,-3.1437545,-57.073532,55.006058,21,2023-05-23,20.05625,0.0,79.51,13.3,1.0,160.52125,2023,5,23,85.0,0,Peru_4001.csv
2023-05-24,4001,78.0,26.0,8.0,34.0,0.0,5.0,2,2,1,1,1,1,3,3,-3.3124713496503855,2.757046125176106,-1.897899,-3.2062132,-57.858723,54.656902,21,2023-05-24,19.6,0.0,80.93625,14.512500000000001,1.0,158.385,2023,5,24,78.0,0,Peru_4001.csv
2023-05-25,4001,70.0,27.0,7.0,35.0,0.0,5.0,2,2,1,1,1,1,3,3,-3.8482144793887123,2.3259145177026532,-1.8777499,-3.2560554,-58.69345,54.5096,21,2023-05-25,19.55625,0.0,80.94875,13.8875,1.0,156.54500000000002,2023,5,25,70.0,0,Peru_4001.csv
2023-05-26,4001,72.0,38.0,11.0,37.0,0.0,7.0,2,2,1,1,4,4,9,9,-2.1864568831957576,2.8020479596388883,-1.9034579,-3.145478,-57.402195,55.529003,21,2023-05-26,19.535,0.0,82.25125,13.99625,1.0,163.86375,2023,5,26,72.0,0,Peru_4001.csv
2023-05-27,4001,99.0,29.0,5.0,34.0,0.0,5.0,0,0,3,3,5,5,11,11,-2.754973793306832,4.501813401081786,-1.9518894,-3.065434,-55.11578,53.897163,21,2023-05-27,19.43375,0.0,85.495,12.157499999999999,1.0,167.70000000000002,2023,5,27,99.0,0,Peru_4001.csv
2023-05-28,4001,85.0,24.0,5.0,34.0,0.0,4.0,2,2,1,1,1,1,3,3,-3.7779729842727594,3.371488474908001,-1.9158372,-3.1871839,-56.885902,54.18097,21,2023-05-28,19.58125,0.0,84.1875,12.675,1.0,170.005,2023,5,28,85.0,0,Peru_4001.csv
2023-05-29,4001,76.0,26.0,6.0,34.0,0.0,4.0,2,2,1,1,1,1,3,3,-3.904316484236872,2.7955134406723836,-1.8865436,-3.2608416,-58.552917,54.47794,21,2023-05-29,19.3675,0.0,83.58875,11.97,1.0,160.79,2023,5,29,76.0,0,Peru_4001.csv
2023-05-30,4001,78.0,32.0,5.0,34.0,0.0,4.0,2,2,1,1,1,1,3,3,-3.6996703890233755,3.2658023342857203,-1.8674618,-3.2253397,-58.39807,53.9309,21,2023-05-30,18.83625,0.0,84.37,14.057500000000001,1.0,162.23,2023,5,30,78.0,0,Peru_4001.csv
2023-05-31,4001,92.0,35.0,4.0,34.0,0.0,4.0,2,2,3,3,1,1,11,11,-3.0725057642421443,4.454418127334214,-1.9199549,-3.108848,-55.45675,53.383095,21,2023-05-31,18.271250000000002,0.0,83.72375,12.4075,1.0,157.4325,2023,5,31,92.0,0,Peru_4001.csv
2023-06-01,4001,102.0,27.0,10.0,33.0,0.0,5.0,0,0,3,3,4,4,11,11,-1.698053525882935,4.422054954775154,-1.9613057,-3.0562623,-54.66222,54.83906,21,2023-06-01,18.4675,0.0,79.56875,11.52,1.0,146.02625,2023,6,1,102.0,0,Peru_4001.csv
2023-06-02,4001,77.0,34.0,9.0,35.0,0.0,6.0,2,2,1,1,1,1,3,3,-2.6516213486844324,3.000356155781372,-1.9417781,-3.190336,-57.474014,55.082832,21,2023-06-02,18.27625,0.0,83.37,12.3125,1.0,158.35875,2023,6,2,77.0,0,Peru_4001.csv
2023-06-03,4001,100.0,24.0,11.0,35.0,0.0,7.0,0,0,3,3,4,4,9,9,-1.5671954450449412,3.980824343888494,-1.9792044,-3.0559647,-54.639343,54.951633,21,2023-06-03,18.545,0.0,82.40625,13.9125,1.0,150.5875,2023,6,3,100.0,0,Peru_4001.csv
2023-06-04,4001,70.0,31.0,7.0,34.0,0.0,6.0,2,2,1,1,1,1,3,3,-3.5534241537581455,2.3193972448649123,-1.8675162,-3.234499,-58.72076,54.374146,21,2023-06-04,18.7825,0.0,83.51875,13.428749999999999,1.0,163.3025,2023,6,4,70.0,0,Peru_4001.csv
2023-06-05,4001,94.0,26.0,5.0,33.0,0.0,5.0,2,2,1,1,1,1,11,11,-3.1533030818043977,3.916250042306693,-1.935413,-3.0988388,-55.391617,53.903637,21,2023-06-05,18.755,0.0,82.34375,11.9575,1.0,157.24125,2023,6,5,94.0,0,Peru_4001.csv
2023-06-06,4001,82.0,33.0,8.0,33.0,0.0,5.0,2,2,1,1,1,1,3,3,-2.7573594507002794,3.324370112441119,-1.9214734,-3.150695,-57.308987,54.83314,21,2023-06-06,18.87625,0.0,83.43,11.765,1.0,165.02,2023,6,6,82.0,0,Peru_4001.csv
2023-06-07,4001,98.0,28.0,6.0,32.0,0.0,5.0,2,2,3,3,4,4,11,11,-2.6544723642730537,4.20820729024345,-1.9406967,-3.090946,-55.102657,54.04408,21,2023-06-07,18.9725,0.0,83.87625,11.46125,1.0,168.50625,2023,6,7,98.0,0,Peru_4001.csv
2023-06-08,4001,86.0,21.0,7.0,32.0,0.0,5.0,2,2,1,1,1,1,3,3,-3.393089461646307,2.9638433466996905,-1.9118248,-3.163636,-56.79581,54.350853,21,2023-06-08,19.0275,0.0,84.49875,14.3125,1.0,161.27,2023,6,8,86.0,0,Peru_4001.csv
2023-06-09,4001,72.0,15.0,2.0,33.0,0.0,5.0,2,2,1,1,1,1,3,3,-5.395925343348064,1.8461942497828552,-1.9421779,-3.469207,-60.24559,55.760036,21,2023-06-09,19.0975,0.0,82.75625,13.8825,1.0,160.4,2023,6,9,72.0,0,Peru_4001.csv
2023-06-10,4001,59.0,20.0,6.0,33.0,0.0,7.0,2,2,1,1,1,1,3,3,-4.771829957079587,0.7892302163335043,-2.134842,-4.0573936,-85.52674,-53.779495,21,2023-06-10,18.78625,0.0,82.06375,13.97,1.0,161.29125,2023,6,10,59.0,0,Peru_4001.csv
2023-06-11,4001,71.0,16.0,2.0,31.0,0.0,4.0,2,2,1,1,1,1,3,3,-5.483404800039885,1.8114152974337523,-1.976111,-3.5245056,-60.28121,55.72629,21,2023-06-11,18.8425,0.0,80.50125,11.65625,1.0,161.57375000000002,2023,6,11,71.0,0,Peru_4001.csv
2023-06-12,4001,62.0,25.0,2.0,31.0,0.0,4.0,2,2,1,1,1,1,3,3,-5.4495401301513455,1.6110749562904685,-1.9368551,-3.5530334,-61.163223,55.487877,21,2023-06-12,18.725,0.0,79.29625,14.0,1.0,154.74625,2023,6,12,62.0,0,Peru_4001.csv
2023-06-13,4001,81.0,42.6,8.0,20.2,0.0,2.8,2,2,1,1,1,1,11,11,-2.519499979759663,3.0909184778343963,1.2331288,2.3375115,-23.48008,22.242918,21,2023-06-13,18.3675,0.0,79.9,12.255,1.0,177.22375,2023,6,13,81.0,0,Peru_4001.csv
2023-06-14,4001,66.8,29.2,4.2,25.2,0.0,9.0,2,2,1,1,1,1,3,3,-4.118616901663249,1.0209771223770439,-7.967364,-10.827458,-59.007774,73.39291,21,2023-06-14,18.21125,0.0,80.4475,9.52875,1.0,174.17374999999998,2023,6,14,66.8,0,Peru_4001.csv
2023-06-15,4001,97.2,52.0,9.0,31.0,0.0,8.0,0,0,3,3,5,5,11,11,-0.5716217382075629,4.804641308878332,-0.25951236,0.013114333,19.010891,36.807224,21,2023-06-15,18.06625,0.0,83.6775,10.40375,1.0,170.34875,2023,6,15,97.2,0,Peru_4001.csv
2023-06-16,4001,91.0,63.0,11.0,30.0,0.0,17.2,0,0,3,3,5,5,11,11,0.9197882599729867,3.5531517328488476,-0.58690894,0.044075664,43.30288,61.50745,21,2023-06-16,18.634999999999998,0.0,83.285,10.7825,1.0,169.5875,2023,6,16,91.0,0,Peru_4001.csv
2023-06-17,4001,123.0,64.0,9.0,31.0,0.0,6.4,0,0,3,3,5,5,10,10,1.1541238670173541,7.488198091635151,-0.9252114,0.103461266,46.262135,59.089603,21,2023-06-17,18.73125,0.0,82.46875,10.73375,1.0,166.5675,2023,6,17,123.0,0,Peru_4001.csv
2023-06-18,4001,130.0,54.0,3.0,20.0,0.0,2.8,0,0,3,3,5,5,10,10,-0.5832479433995054,7.318601243687255,-1.6389843,0.021914367,53.437847,51.00079,21,2023-06-18,18.4125,0.0,84.375,13.69375,1.0,159.9375,2023,6,18,130.0,0,Peru_4001.csv
2023-06-19,4001,113.0,55.0,7.0,19.0,0.0,1.6,0,0,3,3,5,5,11,11,-0.6440339631122505,6.12669475481779,-1.1995902,0.016435917,44.496803,45.09732,21,2023-06-19,18.24,0.0,84.93875,13.55,1.0,173.71375,2023,6,19,113.0,0,Peru_4001.csv
2023-06-20,4001,121.0,41.0,8.0,19.0,0.0,9.0,0,0,3,3,5,5,10,10,-0.1284301226069787,4.988689986684091,-1.52238,0.3624306,49.843388,47.971695,21,2023-06-20,17.9175,0.0,84.855,11.766250000000001,1.0,163.23875,2023,6,20,121.0,0,Peru_4001.csv
2023-06-21,4001,86.0,34.0,8.0,19.0,0.0,9.8,2,2,1,1,1,1,11,11,-2.1085025715378016,1.9968678470253252,0.42886806,0.7285611,-22.70953,24.46804,21,2023-06-21,18.28875,0.0,80.8175,11.8725,1.0,160.07625000000002,2023,6,21,86.0,0,Peru_4001.csv
2023-06-22,4001,68.0,47.0,11.0,20.0,0.0,19.6,2,2,1,1,1,1,4,4,-0.8225046277083999,0.032763695387579755,1.8386446,-2.6133714,10.019113,-55.962635,21,2023-06-22,18.125,0.0,81.86,10.7925,1.0,158.125,2023,6,22,68.0,0,Peru_4001.csv
2023-06-23,4001,93.0,44.0,10.0,19.0,3.4,8.6,0,0,3,3,5,5,11,11,-0.33621244737441874,2.6887156988730423,0.12932108,0.80680436,15.4453125,28.67009,21,2023-06-23,17.83625,0.0,82.12375,10.58375,1.0,160.255,2023,6,23,93.0,0,Peru_4001.csv
2023-06-24,4001,85.0,48.0,10.0,19.0,5.4,18.4,0,0,3,3,4,4,11,11,0.7133865773751535,0.7467770144983257,2.1161764,-2.9159548,8.134398,-46.722694,21,2023-06-24,17.8625,0.0,81.15125,9.24625,1.0,148.9325,2023,6,24,85.0,0,Peru_4001.csv
2023-06-25,4001,91.0,54.0,12.0,22.0,4.8,5.6,0,0,3,3,5,5,11,11,0.486199403646195,3.4410090692309914,-0.13142174,1.0515441,29.006298,24.295614,21,2023-06-25,17.58125,0.0,83.15125,10.43125,1.0,157.51,2023,6,25,91.0,0,Peru_4001.csv
2023-06-26,4001,110.0,43.0,10.0,20.0,3.6,15.4,0,0,3,3,5,5,10,10,1.069730135130493,3.0070587961673994,-1.6238718,0.365505,60.86237,41.482616,21,2023-06-26,17.5075,0.0,84.88375,12.97625,1.0,156.72875000000002,2023,6,26,110.0,0,Peru_4001.csv
2023-06-27,4001,91.0,44.0,9.0,19.0,5.6,9.4,0,0,3,3,5,5,11,11,-0.16801329801209153,2.1849198869952464,0.18969828,0.80947673,15.421938,29.168755,21,2023-06-27,17.541249999999998,0.0,83.545,12.8875,1.0,159.24875,2023,6,27,91.0,0,Peru_4001.csv
2023-06-28,4001,89.0,54.0,13.0,20.0,3.4,14.6,0,0,3,3,5,5,11,11,1.1328928465466597,2.096405054811167,2.0036438,-2.567497,19.57463,3.3722293,21,2023-06-28,17.635,0.0,83.105,9.49125,1.0,160.65625,2023,6,28,89.0,0,Peru_4001.csv
2023-06-29,4001,107.0,44.0,9.0,18.0,1.0,22.0,0,0,3,3,5,5,10,10,0.884237220023575,2.161738260322349,1.9528296,-3.318383,8.441244,-42.27583,21,2023-06-29,17.68625,0.0,83.625,10.89125,1.0,169.5625,2023,6,29,107.0,0,Peru_4001.csv
2023-06-30,4001,90.0,37.0,10.0,19.0,6.6,12.0,2,2,1,1,4,4,9,9,0.03399828366909301,1.2631142534984823,0.5126622,1.1474069,-4.6750402,-3.181943,21,2023-06-30,17.49625,0.0,84.25625,9.78625,1.0,156.0775,2023,6,30,90.0,0,Peru_4001.csv
2023-07-01,4001,83.0,50.0,9.0,20.0,5.4,11.0,0,0,3,3,4,4,11,11,-0.13513919974582603,1.790728527095829,0.6596857,-0.39974472,-33.74328,29.646145,21,2023-07-01,17.46125,0.0,84.64375,8.82,1.0,166.6975,2023,7,1,83.0,0,Peru_4001.csv
2023-07-02,4001,107.0,41.0,8.0,19.0,1.8,23.4,0,0,3,3,5,5,10,10,0.7944896579235315,1.821228581696234,1.9683577,-3.3779027,8.378892,-42.23926,21,2023-07-02,17.88,0.0,83.05875,11.94,1.0,164.52,2023,7,2,107.0,0,Peru_4001.csv
2023-07-03,4001,97.0,45.0,12.0,20.0,4.8,4.0,0,0,3,3,5,5,11,11,0.16346737535371977,3.491965896593417,-0.24395366,1.2491679,27.810198,25.195787,21,2023-07-03,18.51625,0.0,79.7625,10.41,1.0,154.73375,2023,7,3,97.0,0,Peru_4001.csv
2023-07-04,4001,84.0,55.0,19.0,23.0,2.0,12.8,0,0,3,3,4,4,9,9,1.7573897511521168,2.272942896765222,-0.9629268,2.5140388,89.08055,7.0207295,21,2023-07-04,18.36,0.0,80.46875,13.74,1.0,161.15125,2023,7,4,84.0,0,Peru_4001.csv
2023-07-05,4001,90.0,48.0,8.0,22.0,2.0,15.4,0,0,3,3,5,5,11,11,-0.3277154607074456,2.2067950023585503,1.6298884,-2.5842729,19.866964,1.2800682,21,2023-07-05,17.81125,0.0,83.22875,10.66125,1.0,160.3925,2023,7,5,90.0,0,Peru_4001.csv
2023-07-06,4001,101.0,36.0,8.0,20.0,2.0,4.2,0,0,3,3,5,5,11,11,-1.4137025952230888,3.7544025194253092,-0.11084705,0.39102173,12.859855,34.365105,21,2023-07-06,18.13,0.0,80.56,11.91875,1.0,162.18875,2023,7,6,101.0,0,Peru_4001.csv
2023-07-07,4001,81.0,38.0,8.0,20.0,2.0,4.4,2,2,1,1,1,1,11,11,-2.2561158986414833,2.380016185015636,1.3240339,2.3622787,-23.534824,22.449055,21,2023-07-07,17.81875,0.0,82.28375,10.91625,1.0,157.48875,2023,7,7,81.0,0,Peru_4001.csv
2023-07-08,4001,85.0,45.0,11.0,21.0,2.0,7.8,2,2,3,3,4,4,11,11,-0.787061534521094,2.5644993613846383,0.21686374,0.8310576,15.971307,27.574852,21,2023-07-08,17.805,0.0,80.24375,11.491249999999999,1.0,158.2775,2023,7,8,85.0,0,Peru_4001.csv
2023-07-09,4001,91.0,47.0,10.0,20.0,3.0,15.4,0,0,3,3,5,5,11,11,0.25337762867775837,1.9075472232464243,1.8931783,-2.6884267,19.88568,1.5102847,21,2023-07-09,17.73875,0.0,81.785,12.49,1.0,158.505,2023,7,9,91.0,0,Peru_4001.csv
2023-07-10,4001,110.0,51.0,10.0,21.0,2.0,17.6,0,0,3,3,5,5,10,10,1.3922441138812318,3.387997731300823,-1.7201612,0.21357772,61.055912,41.730576,21,2023-07-10,18.12,0.0,82.77125000000001,10.94625,1.0,165.04125,2023,7,10,110.0,0,Peru_4001.csv
2023-07-11,4001,110.0,52.0,8.0,21.0,2.0,12.6,0,0,3,3,5,5,10,10,0.5952770556661482,4.15683822049325,-1.6404837,0.29220325,60.781395,41.470818,21,2023-07-11,18.205,0.0,83.0325,14.17875,1.0,161.53125,2023,7,11,110.0,0,Peru_4001.csv
2023-07-12,4001,116.0,38.0,7.0,21.0,2.0,6.8,0,0,3,3,5,5,10,10,-0.559099028744232,4.690426317120333,-1.441259,0.3590334,49.802326,47.930557,21,2023-07-12,18.06875,0.0,83.83375,12.72375,1.0,171.1875,2023,7,12,116.0,0,Peru_4001.csv
2023-07-13,4001,88.0,39.0,11.4,23.0,2.0,1.0,2,2,1,1,4,4,11,11,-1.470882706420726,3.527647130254114,0.13308592,1.6321756,25.61672,23.989046,21,2023-07-13,18.1525,0.0,84.30375000000001,11.4675,1.0,167.82875,2023,7,13,88.0,0,Peru_4001.csv
2023-07-14,4001,90.0,41.0,12.8,24.0,2.0,3.0,0,0,3,3,4,4,11,11,-0.8074251845319383,3.5435938579688955,-0.012393447,1.4917936,25.99226,24.00193,21,2023-07-14,17.845,0.0,84.23,10.53375,1.0,164.95875,2023,7,14,90.0,0,Peru_4001.csv
2023-07-15,4001,96.0,44.0,13.0,25.0,2.0,8.0,0,0,3,3,5,5,11,11,0.12167047449567983,3.5272984421494464,-0.14302042,1.3359642,26.923365,24.469275,21,2023-07-15,18.0075,0.0,83.115,12.14875,1.0,157.04125,2023,7,15,96.0,0,Peru_4001.csv
2023-07-16,4001,99.0,40.0,8.0,23.0,2.0,9.0,0,0,3,3,5,5,11,11,-0.8737602320812172,3.387181853604848,-0.11134888,0.34498033,13.28067,33.138634,21,2023-07-16,17.5775,0.0,83.07375,13.20625,1.0,161.22375,2023,7,16,99.0,0,Peru_4001.csv
2023-07-17,4001,98.0,39.0,8.0,23.0,2.0,9.0,0,0,3,3,5,5,11,11,-0.9739244101471637,3.264653805163998,-0.06844549,0.35314608,13.269882,33.066254,21,2023-07-17,17.29875,0.0,82.6725,12.12875,1.0,156.9375,2023,7,17,98.0,0,Peru_4001.csv
2023-07-18,4001,83.0,34.0,9.0,22.0,2.0,9.0,2,2,1,1,4,4,9,9,-1.7546518747458522,1.8301848031545813,0.36610955,0.86910635,-22.692272,24.579912,21,2023-07-18,17.465,0.0,82.64625,12.14375,1.0,151.1775,2023,7,18,83.0,0,Peru_4001.csv
2023-07-19,4001,78.0,42.0,8.0,22.0,2.0,9.0,2,2,1,1,1,1,11,11,-1.7834838484572466,1.8939831154689089,0.57182366,-0.22467686,-49.035046,42.61962,21,2023-07-19,17.63875,0.0,83.9775,11.77,1.0,166.885,2023,7,19,78.0,0,Peru_4001.csv
2023-07-20,4001,100.0,39.0,9.0,22.0,6.0,9.0,0,0,3,3,5,5,11,11,0.04719468425560611,2.8086205556507093,-0.15278903,0.7166909,13.995839,31.523766,21,2023-07-20,17.895,0.0,81.90125,10.9075,1.0,152.4075,2023,7,20,100.0,0,Peru_4001.csv
2023-07-21,4001,93.0,33.0,8.0,22.0,3.0,10.0,2,2,1,1,4,4,11,11,-1.259118243678044,2.2690917560220445,-0.025681961,0.5715551,13.220328,32.340107,21,2023-07-21,17.59375,0.0,85.65125,12.66625,1.0,161.985,2023,7,21,93.0,0,Peru_4001.csv
2023-07-22,4001,83.0,25.0,8.0,22.0,3.0,10.0,2,2,1,1,1,1,3,3,-2.1568332103715515,1.1440782957875582,0.5209303,0.42684105,-46.615284,44.819534,21,2023-07-22,17.63875,0.0,83.75125,13.004999999999999,1.0,165.57375,2023,7,22,83.0,0,Peru_4001.csv
2023-07-23,4001,70.0,26.0,7.0,22.0,4.0,10.0,2,2,1,1,1,1,3,3,-2.7543610374873833,0.1520519631773395,0.6865836,0.11481496,-47.39838,44.482677,21,2023-07-23,18.03375,0.0,81.47375,10.2,1.0,147.74,2023,7,23,70.0,0,Peru_4001.csv
2023-07-24,4001,75.0,27.0,8.0,22.0,3.0,10.0,2,2,1,1,1,1,3,3,-2.438512119748701,0.6651935967017516,0.6337552,0.14649731,-47.302288,44.54426,21,2023-07-24,17.8125,0.0,82.72874999999999,12.61625,1.0,149.73,2023,7,24,75.0,0,Peru_4001.csv
2023-07-25,4001,72.0,25.0,7.0,23.0,2.0,10.0,2,2,1,1,1,1,3,3,-3.0697962459214163,0.571363917473735,0.6761705,0.16715497,-47.30486,44.6643,21,2023-07-25,17.945,0.0,83.3475,12.435,1.0,155.25875,2023,7,25,72.0,0,Peru_4001.csv
2023-07-26,4001,74.0,21.0,7.0,23.0,2.0,2.0,2,2,1,1,1,1,3,3,-3.888222210279531,1.5865179574089205,3.0663488,4.326338,-71.93413,34.194435,21,2023-07-26,18.16375,0.0,83.72375,10.68625,1.0,171.48375000000001,2023,7,26,74.0,0,Peru_4001.csv
2023-07-27,4001,65.0,29.0,6.0,26.0,2.0,1.0,2,2,1,1,1,1,3,3,-4.1939228808906766,1.714175094847834,-1.8541526,-3.710291,-63.056892,53.46149,21,2023-07-27,17.9525,0.0,84.0575,11.4775,1.0,160.21375,2023,7,27,65.0,0,Peru_4001.csv
2023-07-28,4001,83.0,26.0,7.0,24.0,2.0,1.0,2,2,1,1,1,1,3,3,-3.281534701480876,2.6957886925782932,3.094879,4.327523,-69.63418,32.18054,21,2023-07-28,17.990000000000002,0.0,83.5625,11.1175,1.0,161.7225,2023,7,28,83.0,0,Peru_4001.csv
2023-07-29,4001,74.0,23.0,7.0,22.0,3.0,1.0,2,2,1,1,1,1,3,3,-3.6934480487964048,1.6217243904308198,3.0879288,4.307573,-71.7816,34.114803,21,2023-07-29,17.81875,0.0,84.9475,10.48375,1.0,171.58375,2023,7,29,74.0,0,Peru_4001.csv
2023-07-30,4001,70.0,18.0,6.0,21.0,2.0,1.0,2,2,1,1,1,1,3,3,-4.531693689715701,1.15871690640684,-2.2017343,-3.7280135,-73.52844,34.945934,21,2023-07-30,17.86125,0.0,84.69125,11.72625,1.0,169.1875,2023,7,30,70.0,0,Peru_4001.csv
2023-07-31,4001,61.0,27.0,4.0,7.2,2.0,1.0,2,2,1,1,1,1,3,3,-4.924707856014437,-0.0022639892476791906,4.32638,5.5073547,-67.18008,-36.139458,21,2023-07-31,17.747500000000002,0.0,82.53,11.80625,1.0,163.52125,2023,7,31,61.0,0,Peru_4001.csv
2023-08-01,4001,75.0,27.0,9.0,5.4,3.0,1.0,2,2,1,1,1,1,3,3,-3.0541466777973025,0.6302944817347569,2.488883,4.811856,-35.01766,-7.0568438,21,2023-08-01,17.95,0.0,82.71875,11.21375,1.0,164.01875,2023,8,1,75.0,0,Peru_4001.csv
2023-08-02,4001,76.0,30.0,11.2,9.2,3.0,1.0,2,2,1,1,4,4,3,3,-2.39682224639996,1.0768838873367783,2.1369827,4.895877,-32.794853,-8.262381,21,2023-08-02,17.7225,0.0,83.70625,9.82125,1.0,172.63,2023,8,2,76.0,0,Peru_4001.csv
2023-08-03,4001,84.0,29.0,10.6,6.2,3.0,1.0,2,2,1,1,4,4,3,3,-2.189607325855878,1.4011479555788744,1.913713,4.4816732,-21.631506,1.4067247,21,2023-08-03,17.58125,0.0,82.98,10.41,1.0,165.10875000000001,2023,8,3,84.0,0,Peru_4001.csv
2023-08-04,4001,81.0,30.0,4.6,7.0,3.0,1.0,2,2,1,1,1,1,3,3,-3.502314118819562,1.4408305710857312,2.5164204,4.0947547,-36.507515,3.5001612,21,2023-08-04,17.4775,0.0,83.3125,11.0325,1.0,168.60375,2023,8,4,81.0,0,Peru_4001.csv
2023-08-05,4001,89.0,28.0,12.2,8.0,3.0,1.0,2,2,1,1,4,4,7,7,-1.672325956324478,1.805213689599661,1.0939579,3.995714,-15.672921,3.6322434,21,2023-08-05,17.40125,0.0,82.5925,10.870000000000001,1.0,161.58875,2023,8,5,89.0,0,Peru_4001.csv
2023-08-06,4001,83.0,28.0,8.4,19.0,3.0,1.0,2,2,1,1,1,1,3,3,-2.719179383176354,2.2697943019704994,3.0044694,4.3363466,-70.05431,31.807642,21,2023-08-06,17.3475,0.0,82.39,13.575,1.0,162.47875,2023,8,6,83.0,0,Peru_4001.csv
2023-08-07,4001,85.0,24.0,13.2,18.0,2.0,1.0,2,2,1,1,4,4,7,7,-2.0357483371849225,2.148046429037764,1.160174,3.8933773,-12.843664,4.1538076,21,2023-08-07,17.6025,0.0,81.5075,11.99125,1.0,155.85875,2023,8,7,85.0,0,Peru_4001.csv
2023-08-08,4001,75.0,27.0,6.0,6.6,2.0,1.0,2,2,1,1,1,1,3,3,-3.843686745028651,0.9179460461557053,2.9890935,4.952049,-52.633663,-13.937413,21,2023-08-08,17.765,0.0,83.02125,12.11875,1.0,160.58375,2023,8,8,75.0,0,Peru_4001.csv
2023-08-09,4001,83.0,29.0,5.0,10.8,2.0,2.0,2,2,1,1,1,1,3,3,-3.463290211151286,1.7956020673616195,2.5578427,4.0835915,-35.90067,4.0879865,21,2023-08-09,17.8425,0.0,83.02625,12.59375,1.0,168.56375,2023,8,9,83.0,0,Peru_4001.csv
2023-08-10,4001,90.0,19.0,3.0,9.0,2.0,2.0,2,2,1,1,1,1,3,3,-4.055175326495329,1.7186694504661584,1.9238869,4.0032306,-27.093647,8.778969,21,2023-08-10,17.6125,0.0,81.9875,13.03875,1.0,160.97750000000002,2023,8,10,90.0,0,Peru_4001.csv
2023-08-11,4001,67.0,24.0,4.0,23.0,2.0,3.0,2,2,1,1,1,1,3,3,-4.59197336577409,1.1703877442031156,-1.940197,-3.7371588,-73.35997,36.96389,21,2023-08-11,17.81,0.0,80.58375,12.65125,1.0,170.1725,2023,8,11,67.0,0,Peru_4001.csv
2023-08-12,4001,77.0,17.0,15.0,22.0,2.0,3.0,2,2,1,1,4,4,7,7,-2.2362492125846094,1.198539395595581,0.31157944,4.720497,14.021841,-30.514462,21,2023-08-12,17.838749999999997,0.0,81.0925,10.9375,1.0,171.4275,2023,8,12,77.0,0,Peru_4001.csv
2023-08-13,4001,61.0,16.0,5.6,22.0,5.0,2.0,2,2,1,1,1,1,3,3,-4.51907221495925,-0.021092178578287026,4.1166086,4.659717,-85.43997,-52.054276,21,2023-08-13,17.74375,0.0,81.82625,9.6775,1.0,171.89625,2023,8,13,61.0,0,Peru_4001.csv
2023-08-14,4001,57.0,22.0,14.0,24.0,4.0,3.0,2,2,1,1,4,4,3,3,-2.779803497443295,-0.0790612336113227,1.5893519,5.3883786,-5.288913,-39.68203,21,2023-08-14,17.7825,0.0,82.49125,10.10125,1.0,171.91125,2023,8,14,57.0,0,Peru_4001.csv
2023-08-15,4001,70.0,32.0,9.0,23.0,2.0,3.0,2,2,1,1,1,1,3,3,-3.0139831932546786,1.6651606615117867,3.3818967,4.3143845,-70.33166,35.130615,21,2023-08-15,18.38,0.0,80.97375,9.06375,1.0,170.73874999999998,2023,8,15,70.0,0,Peru_4001.csv
2023-08-16,4001,94.0,27.0,7.0,23.0,2.0,3.0,2,2,1,1,4,4,11,11,-2.5240551809415765,3.201341522899991,3.0257063,4.2321625,-69.014885,31.5951,21,2023-08-16,17.835,0.0,81.83375,14.44125,1.0,164.4625,2023,8,16,94.0,0,Peru_4001.csv
2023-08-17,4001,83.0,20.0,6.0,21.0,2.0,3.0,2,2,1,1,1,1,3,3,-3.624413915948602,1.932382719430324,3.070867,4.422551,-69.860054,32.362,21,2023-08-17,17.4775,0.0,82.31375,14.79375,1.0,159.64,2023,8,17,83.0,0,Peru_4001.csv
2023-08-18,4001,66.0,28.0,6.0,23.0,2.0,4.0,2,2,1,1,1,1,3,3,-3.936876370589201,1.115274492193156,-1.8778142,-3.7438045,-72.58963,37.344723,21,2023-08-18,17.66875,0.0,80.90625,11.51875,1.0,164.1875,2023,8,18,66.0,0,Peru_4001.csv
2023-08-19,4001,83.0,25.0,8.0,23.0,4.0,4.0,2,2,1,1,1,1,3,3,-2.504973965475482,1.8947120610753123,3.092117,4.325298,-69.67681,32.094337,21,2023-08-19,17.61875,0.0,81.0,10.18,1.0,156.66125,2023,8,19,83.0,0,Peru_4001.csv
2023-08-20,4001,74.0,29.0,8.0,25.0,3.0,4.0,2,2,1,1,1,1,3,3,-2.9087103975340756,1.7158166244636206,3.153432,4.3336368,-70.61374,34.830257,21,2023-08-20,17.955,0.0,82.95125,9.7575,1.0,166.115,2023,8,20,74.0,0,Peru_4001.csv
2023-08-21,4001,84.0,27.0,6.0,23.0,2.0,4.0,2,2,1,1,1,1,3,3,-3.1212267088725456,2.3682340742886945,3.1115193,4.3001084,-69.10575,32.42875,21,2023-08-21,18.37875,0.0,82.2625,11.705,1.0,172.71375,2023,8,21,84.0,0,Peru_4001.csv
2023-08-22,4001,80.0,27.0,5.0,24.0,2.0,5.0,2,2,1,1,1,1,3,3,-3.4277588282651603,2.042682162659886,3.1524825,4.2803307,-68.67186,32.80073,21,2023-08-22,18.005,0.0,84.94875,10.91625,1.0,167.7025,2023,8,22,80.0,0,Peru_4001.csv
2023-08-23,4001,84.0,20.0,4.0,24.0,3.0,15.0,2,2,1,1,1,1,3,3,-2.737864969615127,0.5416553994896725,0.45741075,0.24937433,-45.700573,46.1481,21,2023-08-23,18.05875,0.0,82.415,10.57375,1.0,161.30625,2023,8,23,84.0,0,Peru_4001.csv
2023-08-24,4001,64.0,44.0,6.0,9.0,2.0,3.0,2,2,1,1,1,1,3,3,-3.3103277029886033,0.8818225256874043,3.2615619,3.288136,-63.432163,-2.39578,21,2023-08-24,17.64625,0.0,84.48875,14.596250000000001,1.0,164.85875,2023,8,24,64.0,0,Peru_4001.csv
2023-08-25,4001,98.0,45.0,7.0,11.0,2.0,5.0,0,0,3,3,5,5,11,11,-1.236389553442404,3.2473157098730567,0.7419262,2.340274,-18.320034,15.584392,21,2023-08-25,17.91125,0.0,83.34375,11.6975,1.0,168.72875,2023,8,25,98.0,0,Peru_4001.csv
2023-08-26,4001,98.0,34.0,5.0,11.0,2.0,5.0,2,2,1,1,1,1,11,11,-2.215059779463629,2.7452337601910335,0.99539673,2.917477,-24.085058,12.450846,21,2023-08-26,17.8925,0.0,83.75375,10.45125,1.0,168.60999999999999,2023,8,26,98.0,0,Peru_4001.csv
2023-08-27,4001,84.0,43.0,5.0,11.0,2.0,4.0,2,2,1,1,1,1,11,11,-2.5105704933353743,2.3167856071092405,1.2825577,2.4707057,-21.395102,19.36541,21,2023-08-27,17.77875,0.0,84.45375,10.285,1.0,165.11,2023,8,27,84.0,0,Peru_4001.csv
2023-08-28,4001,109.0,41.0,4.0,11.0,4.0,3.0,0,0,3,3,5,5,11,11,-1.3400785023927813,3.9334619508646798,-0.9784304,0.10614118,34.06261,44.14152,21,2023-08-28,17.94625,0.0,83.90125,13.37125,1.0,160.89625,2023,8,28,109.0,0,Peru_4001.csv
2023-08-29,4001,95.0,46.0,5.0,11.0,2.0,3.0,2,2,3,3,5,5,11,11,-1.9128437791316342,3.397385614907532,1.0387063,2.4038296,-18.714424,17.117811,21,2023-08-29,17.8975,0.0,82.76625,13.16375,1.0,163.46375,2023,8,29,95.0,0,Peru_4001.csv
2023-08-30,4001,110.0,37.0,4.0,8.0,2.0,2.0,0,0,3,3,5,5,11,11,-1.9537174308091536,3.97107733051721,-1.2105831,0.31038442,33.924885,44.19124,21,2023-08-30,17.77875,0.0,83.635,13.70875,1.0,167.08375,2023,8,30,110.0,0,Peru_4001.csv
2023-08-31,4001,95.0,29.0,6.0,8.0,2.0,2.0,2,2,1,1,1,1,11,11,-2.685364124068266,2.4347005267201585,1.3980051,3.485073,-23.61893,10.361466,21,2023-08-31,17.9575,0.0,84.495,10.87125,1.0,167.665,2023,8,31,95.0,0,Peru_4001.csv
2023-09-01,4001,79.0,36.0,8.0,10.0,2.0,3.0,2,2,1,1,1,1,3,3,-2.594517270149222,1.5904596211234294,2.4915955,4.217397,-31.236187,-0.18303254,21,2023-09-01,17.995,0.0,81.73625,11.0175,1.0,156.13,2023,9,1,79.0,0,Peru_4001.csv
2023-09-02,4001,86.0,40.0,6.0,11.0,2.0,4.0,2,2,1,1,1,1,11,11,-2.3665233192730324,2.286475293933181,1.2270774,2.4688065,-21.341713,19.449457,21,2023-09-02,17.73,0.0,83.78625,12.48625,1.0,170.73375,2023,9,2,86.0,0,Peru_4001.csv
2023-09-03,4001,101.0,31.0,6.0,9.0,3.0,3.0,2,2,1,1,4,4,11,11,-2.021771611078868,2.782927701033216,0.87403506,2.9486194,-23.402775,12.131793,21,2023-09-03,17.89875,0.0,80.71375,13.63625,1.0,163.7975,2023,9,3,101.0,0,Peru_4001.csv
2023-09-04,4001,85.0,28.0,6.0,8.0,2.0,2.0,2,2,1,1,1,1,3,3,-3.2193348570478033,1.6606255129502676,2.3845494,4.16779,-36.07471,3.8120031,21,2023-09-04,17.853749999999998,0.0,80.895,14.61,1.0,160.42625,2023,9,4,85.0,0,Peru_4001.csv
2023-09-05,4001,77.0,38.0,6.0,3.0,2.0,2.0,2,2,1,1,1,1,3,3,-3.092482327180864,1.2168592774239557,2.6901543,3.8489132,-42.638214,-3.8908494,21,2023-09-05,17.7025,0.0,83.48,12.73625,1.0,176.43,2023,9,5,77.0,0,Peru_4001.csv
2023-09-06,4001,98.0,31.0,7.0,9.0,2.0,3.0,2,2,1,1,4,4,11,11,-2.1434919466024387,2.6667827463174123,1.0425508,3.09562,-23.067106,11.423004,21,2023-09-06,17.36875,0.0,85.32875,12.149999999999999,1.0,160.68125,2023,9,6,98.0,0,Peru_4001.csv
2023-09-07,4001,85.0,25.0,7.0,8.0,2.0,3.0,2,2,1,1,1,1,3,3,-3.083317545974601,1.3516641600617088,2.2323592,4.385085,-34.857723,-0.7179743,21,2023-09-07,17.115,0.0,84.31375,10.54375,1.0,175.245,2023,9,7,85.0,0,Peru_4001.csv
2023-09-08,4001,74.0,29.0,9.0,6.0,4.0,1.0,2,2,1,1,1,1,3,3,-2.81690509791662,0.5763494082958261,2.472096,4.7761664,-34.794537,-7.126942,21,2023-09-08,17.175,0.0,81.42125,8.95875,1.0,168.43375,2023,9,8,74.0,0,Peru_4001.csv
2023-09-09,4001,76.0,25.0,8.0,4.0,2.0,2.0,2,2,1,1,1,1,3,3,-3.407700813377278,0.5165205148810709,2.7020376,4.968356,-51.87554,-14.727253,21,2023-09-09,16.9425,0.0,84.94125,9.8125,1.0,158.8325,2023,9,9,76.0,0,Peru_4001.csv
2023-09-10,4001,72.0,33.0,8.0,7.0,2.0,3.0,2,2,1,1,1,1,3,3,-3.0921185445184487,0.7137262611238255,2.7805402,4.6198997,-40.10277,-6.7312317,21,2023-09-10,17.02,0.0,83.5875,10.23375,1.0,156.775,2023,9,10,72.0,0,Peru_4001.csv
2023-09-11,4001,93.0,38.0,7.0,11.0,2.0,4.0,2,2,1,1,4,4,11,11,-1.9295091463978522,2.668269476251194,0.90461636,2.8321934,-19.893845,12.1151285,21,2023-09-11,17.33125,0.0,83.37375,12.60375,1.0,164.8075,2023,9,11,93.0,0,Peru_4001.csv
2023-09-12,4001,103.0,29.0,6.0,10.0,2.0,6.0,2,2,1,1,5,5,11,11,-1.9434010256081247,2.624783995954925,0.90771276,3.0186505,-24.70305,12.511524,21,2023-09-12,17.015,0.0,84.78125,11.16625,1.0,172.44125,2023,9,12,103.0,0,Peru_4001.csv
2023-09-13,4001,88.0,32.0,5.0,10.0,2.0,5.0,2,2,1,1,1,1,3,3,-2.802429243703734,1.847833869395522,1.9351391,3.704318,-25.327654,10.499019,21,2023-09-13,17.06,0.0,84.71375,8.72,1.0,186.16125,2023,9,13,88.0,0,Peru_4001.csv
2023-09-14,4001,92.0,27.0,6.0,10.0,2.0,4.0,2,2,1,1,1,1,3,3,-2.754279337929983,1.9959061953952983,1.8197725,3.7587223,-24.659704,9.820605,21,2023-09-14,16.873749999999998,0.0,84.88125,9.09875,1.0,196.475,2023,9,14,92.0,0,Peru_4001.csv
2023-09-15,4001,79.0,35.0,8.0,10.0,3.0,5.0,2,2,1,1,1,1,3,3,-2.2890830862297724,1.1468664530468184,2.4171624,4.1834006,-31.4018,0.42015827,21,2023-09-15,16.85875,0.0,83.90125,7.54375,1.0,201.095,2023,9,15,79.0,0,Peru_4001.csv
2023-09-16,4001,90.0,35.0,9.0,11.0,4.0,6.0,2,2,1,1,4,4,9,9,-1.2848777917829435,1.7320997037816903,1.1709567,2.9335828,-11.018495,2.0721312,21,2023-09-16,17.8075,0.0,82.30375,7.19625,1.0,202.00125,2023,9,16,90.0,0,Peru_4001.csv
2023-09-17,4001,83.0,27.0,8.0,9.0,3.0,4.0,2,2,1,1,1,1,3,3,-2.6017948957582058,1.096042311292886,2.323501,4.4569902,-34.280758,-0.66662216,21,2023-09-17,18.16125,0.0,79.99625,10.35375,1.0,175.00125,2023,9,17,83.0,0,Peru_4001.csv
2023-09-18,4001,72.0,39.0,6.0,10.0,2.0,4.0,2,2,1,1,1,1,3,3,-3.0947322764524903,1.1496330419496257,2.9437594,3.6335115,-39.609272,10.046842,21,2023-09-18,17.7525,0.0,84.16,13.77,1.0,170.67625,2023,9,18,72.0,0,Peru_4001.csv
2023-09-19,4001,104.0,27.0,5.0,10.0,2.0,5.0,2,2,1,1,5,5,11,11,-2.2910349844014526,2.7554689508300267,0.85799885,2.9883535,-24.817144,12.496628,21,2023-09-19,17.73875,0.0,84.525,11.55,1.0,171.035,2023,9,19,104.0,0,Peru_4001.csv
2023-09-20,4001,78.0,28.0,4.0,10.0,2.0,5.0,2,2,1,1,1,1,3,3,-3.695826400266611,0.9480529731790155,-4.5198226,-3.0193498,-38.399994,6.0016727,21,2023-09-20,17.5725,0.0,83.57375,12.0775,1.0,164.36875,2023,9,20,78.0,0,Peru_4001.csv
2023-09-21,4001,82.0,26.0,4.0,7.0,2.0,5.0,2,2,1,1,1,1,3,3,-3.611256254096817,0.9177887784937316,2.410222,4.1608024,-38.270702,4.3969073,21,2023-09-21,17.427500000000002,0.0,83.0825,13.255,1.0,169.42625,2023,9,21,82.0,0,Peru_4001.csv
2023-09-22,4001,77.0,27.0,6.0,5.0,2.0,4.0,2,2,1,1,1,1,3,3,-3.484466572146212,0.5440407465270598,2.6590486,4.433947,-40.304504,-2.9814649,21,2023-09-22,17.29875,0.0,82.9275,12.21625,1.0,168.0575,2023,9,22,77.0,0,Peru_4001.csv
2023-09-23,4001,77.0,36.0,6.0,6.0,2.0,5.0,2,2,1,1,1,1,3,3,-2.9269884083774906,0.93457535299348,2.5289385,3.977568,-41.43403,-3.2149978,21,2023-09-23,17.34375,0.0,82.495,10.0775,1.0,161.2825,2023,9,23,77.0,0,Peru_4001.csv
2023-09-24,4001,97.0,26.0,4.0,4.0,2.0,3.0,2,2,1,1,1,1,3,3,-3.0692944505745663,2.0518532658578104,1.4850975,3.467401,-26.968754,11.621075,21,2023-09-24,17.74375,0.0,83.58875,8.99875,1.0,201.12375,2023,9,24,97.0,0,Peru_4001.csv
2023-09-25,4001,78.0,31.0,7.0,6.0,2.0,4.0,2,2,1,1,1,1,3,3,-3.023440681494368,0.8654656056566072,2.5106623,4.4474287,-40.335873,-3.6089406,21,2023-09-25,18.28375,0.0,82.975,10.15,1.0,179.76125,2023,9,25,78.0,0,Peru_4001.csv
2023-09-26,4001,86.0,33.0,7.0,4.0,2.0,3.0,2,2,1,1,1,1,3,3,-2.625150139202351,1.5323675673345167,2.053906,3.9870567,-37.47164,3.09008,21,2023-09-26,17.565,0.0,83.87,10.09125,1.0,202.51625,2023,9,26,86.0,0,Peru_4001.csv
2023-09-27,4001,95.0,26.0,8.0,4.0,4.0,3.0,2,2,1,1,4,4,9,9,-1.9902433753201632,1.5568125010879321,1.4727068,3.8383088,-22.267878,6.0791025,21,2023-09-27,17.8775,0.0,82.9275,10.1175,1.0,215.86875,2023,9,27,95.0,0,Peru_4001.csv
2023-09-28,4001,71.0,27.0,7.0,6.0,2.0,4.0,2,2,1,1,1,1,3,3,-3.568699686820176,0.15817057253894795,3.0724516,5.0222983,-63.995056,-19.16126,21,2023-09-28,17.85125,0.0,83.74,10.4525,1.0,179.16,2023,9,28,71.0,0,Peru_4001.csv
2023-09-29,4001,81.0,25.0,8.0,5.0,2.0,4.0,2,2,1,1,1,1,3,3,-2.9885185851295364,0.6839562584993443,2.4256058,4.588015,-36.229565,-3.251801,21,2023-09-29,17.72,0.0,84.77625,10.0125,1.0,181.88,2023,9,29,81.0,0,Peru_4001.csv
2023-09-30,4001,73.0,29.0,10.4,7.0,3.0,5.0,2,2,1,1,1,1,3,3,-2.4058875508588162,0.13285378489626526,2.2440226,4.977504,-34.66486,-8.890452,21,2023-09-30,18.01375,0.0,84.99625,9.24,1.0,203.90625,2023,9,30,73.0,0,Peru_4001.csv
2023-10-01,4001,77.0,29.0,3.6,5.0,3.0,4.0,2,2,1,1,1,1,3,3,-3.6883718943473807,0.5778465269558986,2.4355128,4.1162767,-39.304806,4.0328135,21,2023-10-01,18.59625,0.0,82.34875,10.7025,1.0,177.025,2023,10,1,77.0,0,Peru_4001.csv
2023-10-02,4001,82.0,30.0,4.6,5.0,2.0,3.0,2,2,1,1,1,1,3,3,-3.460894753651165,1.2248510308036964,2.4257016,4.184752,-37.527763,3.9707682,21,2023-10-02,18.4825,0.0,82.47375,12.97875,1.0,172.14625,2023,10,2,82.0,0,Peru_4001.csv
2023-10-03,4001,83.0,31.0,5.8,5.0,2.6,4.0,2,2,1,1,1,1,3,3,-2.919722965503045,1.1084407626850508,2.425537,4.0543537,-37.721676,3.296509,21,2023-10-03,18.15375,0.0,84.56875,13.115,1.0,176.36625,2023,10,3,83.0,0,Peru_4001.csv
2023-10-04,4001,85.0,32.0,12.6,6.0,7.8,5.0,2,2,1,1,4,4,9,9,-0.3581042439373488,0.4209412910618249,1.6232481,3.3708265,-4.3629565,-17.500187,21,2023-10-04,18.1075,0.0,86.4075,9.30625,1.0,199.15875,2023,10,4,85.0,0,Peru_4001.csv
2023-10-05,4001,87.0,30.0,6.4,6.0,5.6,5.0,2,2,1,1,1,1,3,3,-2.0249923778971795,0.895192692157591,2.3363938,3.8298426,-39.05272,1.6075202,21,2023-10-05,18.10125,0.0,86.07375,8.51125,1.0,228.43625,2023,10,5,87.0,0,Peru_4001.csv
2023-10-06,4001,84.0,32.0,7.4,5.0,6.2,4.0,2,2,1,1,1,1,9,9,-1.8435459863722883,0.7388139512965358,2.463093,3.4952347,-40.07838,-0.09237086,21,2023-10-06,18.27625,0.0,84.13875,12.7275,1.0,178.59875,2023,10,6,84.0,0,Peru_4001.csv
2023-10-07,4001,90.0,25.0,6.2,4.0,2.4,3.0,2,2,1,1,1,1,3,3,-2.938622116029302,1.3903351512424889,1.90045,3.965315,-23.359556,5.9980626,21,2023-10-07,17.9425,0.0,84.54375,13.370000000000001,1.0,168.085,2023,10,7,90.0,0,Peru_4001.csv
2023-10-08,4001,73.0,20.0,21.4,6.8,6.8,13.8,2,2,1,1,4,4,7,7,0.8292075183727682,-2.260430554675739,0.36080864,5.648529,18.194141,-69.369026,21,2023-10-08,17.50125,0.0,86.57000000000001,8.9575,1.0,211.615,2023,10,8,73.0,0,Peru_4001.csv
2023-10-09,4001,65.0,25.0,17.6,12.4,2.8,7.8,2,2,1,1,4,4,7,7,-1.3148274641649143,-0.7790876396501315,0.40174994,5.4692936,26.670858,-35.662655,21,2023-10-09,17.84625,0.0,84.69375,9.34625,1.0,197.1825,2023,10,9,65.0,0,Peru_4001.csv
2023-10-10,4001,76.0,23.0,7.0,9.0,3.0,5.0,2,2,1,1,1,1,3,3,-3.2622182403705384,0.27958097389504255,2.97575,4.709905,-53.680717,-12.165753,21,2023-10-10,17.715,0.0,84.63625,11.72625,1.0,171.52,2023,10,10,76.0,0,Peru_4001.csv
2023-10-11,4001,66.0,27.0,6.0,12.0,2.0,4.0,2,2,1,1,1,1,3,3,-4.004627762455224,0.2600414355438597,3.935343,4.8564487,-80.14897,-38.18211,21,2023-10-11,17.5675,0.0,87.02625,10.817499999999999,1.0,190.1025,2023,10,11,66.0,0,Peru_4001.csv
2023-10-12,4001,81.0,29.0,8.0,12.0,4.0,5.0,2,2,1,1,1,1,3,3,-2.3209377964878426,1.011498456790727,2.3306158,4.2394147,-33.037437,0.84583724,21,2023-10-12,17.39,0.0,85.99,10.945,1.0,175.485,2023,10,12,81.0,0,Peru_4001.csv
2023-10-13,4001,82.0,31.0,10.0,13.0,4.0,5.0,2,2,1,1,4,4,9,9,-1.7603026880720383,1.207958713195707,1.8503498,3.9150562,-11.587604,2.585477,21,2023-10-13,17.575,0.0,84.405,10.629999999999999,1.0,190.43625,2023,10,13,82.0,0,Peru_4001.csv
2023-10-14,4001,86.0,27.0,10.0,13.0,3.0,5.0,2,2,1,1,4,4,9,9,-1.9560078907834757,1.4227323858009666,1.6338362,3.8309243,-11.657599,2.7862103,21,2023-10-14,17.68625,0.0,83.54125,9.8225,1.0,180.60375,2023,10,14,86.0,0,Peru_4001.csv
2023-10-15,4001,79.0,23.0,7.0,14.0,3.0,5.0,2,2,1,1,1,1,3,3,-3.110439695576451,0.8627173666324827,3.0163703,4.5597725,-33.2136,1.6267834,21,2023-10-15,17.755,0.0,82.99,10.80125,1.0,179.07125000000002,2023,10,15,79.0,0,Peru_4001.csv
2023-10-16,4001,76.0,24.0,7.0,13.0,7.0,5.0,2,2,1,1,1,1,3,3,-2.4818968759530105,0.11954418739567844,3.488579,3.6440132,-26.606998,-17.374052,21,2023-10-16,18.09375,0.0,82.4525,11.495000000000001,1.0,178.38625,2023,10,16,76.0,0,Peru_4001.csv
2023-10-17,4001,75.0,19.0,7.0,12.0,3.0,1.0,2,2,1,1,1,1,3,3,-3.8674538136193504,0.7616741225336651,3.1471086,4.9567275,-73.79444,30.854618,21,2023-10-17,18.6425,0.0,82.08875,11.68,1.0,177.29874999999998,2023,10,17,75.0,0,Peru_4001.csv
2023-10-18,4001,68.0,18.0,6.0,11.0,4.0,6.0,2,2,1,1,1,1,3,3,-3.839280878535405,-0.6387602551620128,4.151291,4.7521687,-69.16074,-17.445038,21,2023-10-18,19.07875,0.0,81.395,12.18125,1.0,177.51500000000001,2023,10,18,68.0,0,Peru_4001.csv
2023-10-19,4001,62.0,17.0,5.0,11.0,3.0,9.0,2,2,1,1,1,1,3,3,-4.299523989986911,-1.3744173580633745,4.333115,4.6335106,-69.133965,-16.203974,21,2023-10-19,18.955,0.0,85.55125,10.71625,1.0,176.07375,2023,10,19,62.0,0,Peru_4001.csv
2023-10-20,4001,62.0,18.0,5.0,11.0,3.0,9.0,2,2,1,1,1,1,3,3,-4.247560544146821,-1.3242832281184744,4.3477235,4.644648,-69.13089,-16.197153,21,2023-10-20,18.70125,0.0,85.3225,11.26625,1.0,175.0875,2023,10,20,62.0,0,Peru_4001.csv
2023-10-21,4001,65.0,21.0,6.0,10.0,5.0,8.0,2,2,1,1,1,1,3,3,-3.472030334946618,-1.1721902786944374,4.1837115,4.695926,-69.15809,-17.378956,21,2023-10-21,18.83125,0.0,83.55,12.834999999999999,1.0,175.97375,2023,10,21,65.0,0,Peru_4001.csv
2023-10-22,4001,70.0,19.0,5.0,10.0,5.0,7.0,2,2,1,1,1,1,3,3,-3.626861496826777,-0.7519288673750537,4.136663,4.672288,-69.260155,-17.41686,21,2023-10-22,18.86375,0.0,84.66,11.49375,1.0,174.005,2023,10,22,70.0,0,Peru_4001.csv
2023-10-23,4001,67.0,23.0,6.0,10.0,4.0,7.0,2,2,1,1,1,1,3,3,-3.540727977065851,-0.6675377875987155,4.1005445,4.7128205,-69.08236,-17.547152,21,2023-10-23,19.31875,0.0,84.6625,13.90625,1.0,171.06625,2023,10,23,67.0,0,Peru_4001.csv
2023-10-24,4001,72.0,22.0,4.0,10.0,4.0,11.0,2,2,1,1,1,1,3,3,-3.40527308167859,-0.8417595718561823,2.7969856,4.001351,-67.67082,-11.711539,21,2023-10-24,18.78875,0.0,88.50625,10.7425,1.0,204.385,2023,10,24,72.0,0,Peru_4001.csv
2023-10-25,4001,72.0,23.0,3.0,9.0,3.0,5.0,2,2,1,1,1,1,3,3,-4.26916530008171,0.08879008717148501,-6.68238,0.6223944,-73.69831,-17.455835,21,2023-10-25,18.197499999999998,0.0,88.41125,9.825,1.0,196.90625,2023,10,25,72.0,0,Peru_4001.csv
2023-10-26,4001,66.0,26.0,4.0,8.0,3.0,4.0,2,2,1,1,1,1,3,3,-4.288750146237172,-0.15919671752298686,4.0305653,5.185064,-68.216354,-19.89553,21,2023-10-26,18.69375,0.0,82.5825,11.1475,1.0,180.02,2023,10,26,66.0,0,Peru_4001.csv
2023-10-27,4001,68.0,33.0,7.0,8.0,4.0,3.0,2,2,1,1,1,1,3,3,-3.1257137969705555,0.27056992101678146,3.3230474,4.081156,-51.702686,-7.4128,21,2023-10-27,18.975,0.0,80.03125,11.8975,1.0,176.83875,2023,10,27,68.0,0,Peru_4001.csv
2023-10-28,4001,80.0,26.0,7.0,6.0,6.0,3.0,2,2,1,1,1,1,3,3,-2.552611398735466,0.39051198921259916,2.5710802,3.9469604,-38.824043,-0.5100608,21,2023-10-28,19.41625,0.0,79.4,12.5875,1.0,166.1475,2023,10,28,80.0,0,Peru_4001.csv
2023-10-29,4001,64.0,31.0,8.0,8.0,5.0,6.0,2,2,1,1,1,1,3,3,-2.7731383418871016,-0.6712926765633507,3.800907,4.4117103,-60.597458,-14.012132,21,2023-10-29,21.0325,0.0,71.95,13.696250000000001,1.0,164.5575,2023,10,29,64.0,0,Peru_4001.csv
2023-10-30,4001,69.0,30.0,6.0,6.0,3.0,7.0,2,2,1,1,1,1,3,3,-3.266977482805902,-0.3388408428155734,3.5175693,4.6350446,-64.3086,-14.766583,21,2023-10-30,20.035,0.0,79.495,12.872499999999999,1.0,176.6875,2023,10,30,69.0,0,Peru_4001.csv
2023-10-31,4001,70.0,33.0,5.0,5.0,4.0,6.0,2,2,1,1,1,1,3,3,-3.175575105675301,-0.1564097614880513,3.420042,4.552827,-64.221306,-14.567268,21,2023-10-31,18.9575,0.0,84.10375,10.055,1.0,200.5225,2023,10,31,70.0,0,Peru_4001.csv
2023-11-01,4001,82.0,29.0,3.0,4.0,3.0,5.0,2,2,1,1,1,1,3,3,-3.482553560860446,0.747581316237845,2.428765,4.063744,-39.44255,3.7297342,21,2023-11-01,18.14125,0.0,85.4975,9.39125,1.0,221.64000000000001,2023,11,1,82.0,0,Peru_4001.csv
2023-11-02,4001,82.0,34.0,5.0,4.0,3.0,6.0,2,2,1,1,1,1,3,3,-2.727292421630639,0.8149961551666185,2.5284388,3.9465396,-41.964336,1.7150081,21,2023-11-02,17.92625,0.0,83.35375,11.7775,1.0,180.64,2023,11,2,82.0,0,Peru_4001.csv
2023-11-03,4001,91.0,26.0,4.0,3.0,4.0,5.0,2,2,1,1,1,1,3,3,-2.8218822719288568,1.0251053610096221,2.317003,3.8431978,-39.385643,2.93349,21,2023-11-03,17.785,0.0,81.45875,11.51125,1.0,181.62625,2023,11,3,91.0,0,Peru_4001.csv
2023-11-04,4001,68.0,32.0,6.0,6.0,4.0,7.0,2,2,1,1,1,1,3,3,-3.0305969977166325,-0.43670036607407137,3.4970922,4.5782695,-64.05865,-14.695391,21,2023-11-04,17.8025,0.0,79.12625,12.00375,1.0,166.56125,2023,11,4,68.0,0,Peru_4001.csv
2023-11-05,4001,83.0,26.0,5.0,4.0,5.0,5.0,2,2,1,1,1,1,3,3,-2.8218626531918867,0.368713463170875,2.431607,3.9540858,-39.575813,2.4249265,21,2023-11-05,17.84875,0.0,79.85875,13.59,1.0,169.73375000000001,2023,11,5,83.0,0,Peru_4001.csv
2023-11-06,4001,73.0,23.0,5.0,4.0,4.0,4.0,2,2,1,1,1,1,3,3,-3.7287862560290383,-0.246033438155799,3.2389638,4.841444,-65.97583,-17.292799,21,2023-11-06,18.19875,0.0,81.55375,12.77375,1.0,171.91625,2023,11,6,73.0,0,Peru_4001.csv
2023-11-07,4001,70.0,24.0,7.0,2.0,2.0,6.0,2,2,1,1,1,1,3,3,-3.6017883611908545,-0.62511442497522,3.3638268,4.906726,-64.53146,-17.276035,21,2023-11-07,18.4825,0.0,80.54875,12.856250000000001,1.0,172.3225,2023,11,7,70.0,0,Peru_4001.csv
2023-11-08,4001,75.0,29.0,11.0,1.0,3.0,3.0,2,2,1,1,1,1,3,3,-2.3727194399498184,0.09140480932590431,2.103734,4.986003,-36.218945,-11.636879,21,2023-11-08,18.42375,0.0,81.25375,12.1375,1.0,174.32999999999998,2023,11,8,75.0,0,Peru_4001.csv
2023-11-09,4001,81.0,26.0,14.0,1.0,4.0,4.0,2,2,1,1,4,4,7,7,-1.3597714877852793,0.041681866217883445,1.1708591,4.626202,-16.82509,-0.9478963,21,2023-11-09,18.635,0.0,79.46,12.03125,1.0,171.71375,2023,11,9,81.0,0,Peru_4001.csv
2023-11-10,4001,75.0,26.0,14.0,1.0,2.0,4.0,2,2,1,1,4,4,7,7,-2.010284196418813,-0.1412156534212471,1.4388655,5.0665784,-8.878339,-20.359476,21,2023-11-10,18.322499999999998,0.0,80.5575,14.22875,1.0,166.14625,2023,11,10,75.0,0,Peru_4001.csv
2023-11-11,4001,73.0,27.0,13.0,1.0,2.0,4.0,2,2,1,1,4,4,7,7,-2.2582582144367525,-0.2111733808423283,1.5593476,5.0970397,-8.8844595,-20.204645,21,2023-11-11,18.90125,0.0,79.2775,13.5975,1.0,171.33375,2023,11,11,73.0,0,Peru_4001.csv
2023-11-12,4001,71.0,34.0,12.0,1.0,1.4,4.0,2,2,1,1,1,1,3,3,-2.3028440276640674,0.09511329776879589,1.799973,4.9687233,-29.27947,-13.1797695,21,2023-11-12,19.1625,0.0,82.07375,11.30875,1.0,185.70125000000002,2023,11,12,71.0,0,Peru_4001.csv
2023-11-13,4001,89.0,30.0,11.0,7.8,4.0,4.0,2,2,1,1,4,4,9,9,-1.367160076583584,1.3931574809398608,1.3862936,3.8457303,-15.588121,4.8139796,21,2023-11-13,19.1725,0.0,83.895,10.719999999999999,1.0,207.23,2023,11,13,89.0,0,Peru_4001.csv
2023-11-14,4001,81.0,40.0,15.0,1.0,7.0,4.0,2,2,1,1,4,4,9,9,0.11321570747659304,0.3416616825761738,2.414156,1.375499,13.378565,-0.3514756,21,2023-11-14,19.14375,0.0,81.875,9.98875,1.0,198.46875,2023,11,14,81.0,0,Peru_4001.csv
2023-11-15,4001,104.0,36.0,16.0,1.0,4.0,5.0,0,0,3,3,4,4,7,7,0.7639237435178095,2.0248310994994565,-1.1075069,2.1772745,53.86718,31.17628,21,2023-11-15,19.3975,0.0,80.9425,11.0,1.0,181.125,2023,11,15,104.0,0,Peru_4001.csv
2023-11-16,4001,83.0,37.0,14.0,1.0,5.0,5.0,2,2,1,1,4,4,9,9,-0.42274594085424805,0.47834839961576514,1.0442097,3.911906,-4.7445064,3.6998837,21,2023-11-16,19.375,0.0,80.23,12.985,1.0,175.125,2023,11,16,83.0,0,Peru_4001.csv
2023-11-17,4001,89.0,31.0,14.0,1.0,4.0,5.0,2,2,1,1,4,4,7,7,-0.6259766179923352,0.7376421638445066,0.9401134,3.98071,-15.484444,0.59218735,21,2023-11-17,19.0475,0.0,83.02125,12.63125,1.0,183.355,2023,11,17,89.0,0,Peru_4001.csv
2023-11-18,4001,78.0,24.0,10.0,7.8,1.0,5.0,2,2,1,1,1,1,3,3,-2.866275903455715,0.5640523164037489,2.4969852,5.001817,-36.672012,-7.365393,21,2023-11-18,18.71875,0.0,81.6725,11.647499999999999,1.0,185.42000000000002,2023,11,18,78.0,0,Peru_4001.csv
2023-11-19,4001,72.0,27.0,12.0,1.0,4.0,5.0,2,2,1,1,4,4,3,3,-2.0603149260640965,-0.6442009925429764,1.8663574,4.96126,-8.759529,-19.376019,21,2023-11-19,18.51625,0.0,81.42875,10.62875,1.0,179.755,2023,11,19,72.0,0,Peru_4001.csv
2023-11-20,4001,75.0,26.0,12.0,1.0,3.0,5.0,2,2,1,1,4,4,3,3,-2.1483303993547387,-0.35141917370835685,1.6166542,4.9296827,-8.893195,-19.56313,21,2023-11-20,19.38625,0.0,76.87875,10.545,1.0,176.5,2023,11,20,75.0,0,Peru_4001.csv
2023-11-21,4001,69.0,25.0,14.0,1.0,2.0,5.0,2,2,1,1,4,4,7,7,-2.263080405632489,-0.759577052495131,1.3764255,5.345243,-5.191191,-33.407227,21,2023-11-21,20.337500000000002,0.0,72.72875,12.365,1.0,163.1575,2023,11,21,69.0,0,Peru_4001.csv
2023-11-22,4001,60.0,27.0,13.0,1.0,4.0,5.0,2,2,1,1,1,1,3,3,-2.435187597781064,-1.5376265338360786,1.6483556,5.5563874,-5.843432,-34.709415,21,2023-11-22,19.75375,0.0,76.12375,13.06125,1.0,171.9225,2023,11,22,60.0,0,Peru_4001.csv
2023-11-23,4001,72.0,26.0,12.0,2.0,5.0,5.0,2,2,1,1,4,4,3,3,-1.930188961232827,-0.7468778554937107,2.0158336,4.7763343,-8.549963,-19.13469,21,2023-11-23,19.51,0.0,79.3275,13.34125,1.0,176.9275,2023,11,23,72.0,0,Peru_4001.csv
2023-11-24,4001,71.0,35.0,13.0,1.0,3.0,5.0,2,2,1,1,4,4,3,3,-1.6699260583207698,-0.21448542809659832,1.679051,4.9832397,-28.994585,-13.1848755,21,2023-11-24,19.64375,0.0,80.37,12.358749999999999,1.0,177.33375,2023,11,24,71.0,0,Peru_4001.csv
2023-11-25,4001,86.0,32.0,11.0,1.0,1.0,5.0,2,2,1,1,4,4,9,9,-1.8711860317696234,1.02188365950976,1.3431871,4.01551,-19.120129,2.1595476,21,2023-11-25,19.25125,0.0,82.81375,10.82375,1.0,190.06375,2023,11,25,86.0,0,Peru_4001.csv
2023-11-26,4001,89.0,29.0,11.0,1.0,5.0,5.0,2,2,1,1,4,4,9,9,-1.1598574856392934,0.5857296058226991,1.358413,3.9082313,-19.423407,3.5796924,21,2023-11-26,19.05875,0.0,81.83875,11.91125,1.0,181.47375,2023,11,26,89.0,0,Peru_4001.csv
2023-11-27,4001,79.0,23.0,13.0,1.0,2.0,5.0,2,2,1,1,4,4,7,7,-2.0885360367785273,-0.11120785063360913,1.3590484,4.769958,-16.64463,-1.5689932,21,2023-11-27,19.55,0.0,80.13,13.18125,1.0,178.865,2023,11,27,79.0,0,Peru_4001.csv
2023-11-28,4001,61.0,21.0,12.0,1.0,2.0,5.0,2,2,1,1,1,1,3,3,-3.263612119532125,-1.4898732507670334,1.815685,5.671535,-6.437754,-34.631115,21,2023-11-28,19.3075,0.0,78.86500000000001,13.53875,1.0,173.6825,2023,11,28,61.0,0,Peru_4001.csv
2023-11-29,4001,63.0,29.0,13.0,1.0,3.0,5.0,2,2,1,1,1,1,3,3,-2.3673127349501257,-1.094442627340155,1.6159505,5.497366,-5.7113013,-34.56815,21,2023-11-29,19.40875,0.0,78.57375,13.64875,1.0,175.62,2023,11,29,63.0,0,Peru_4001.csv
2023-11-30,4001,81.0,34.0,15.0,2.0,4.0,5.0,2,2,1,1,4,4,7,7,-0.6507206657925775,0.35738597000767486,0.820457,4.254657,-4.821446,3.6045527,21,2023-11-30,19.07125,0.0,79.2175,11.205,1.0,189.05875,2023,11,30,81.0,0,Peru_4001.csv
2023-12-01,4001,90.0,28.0,15.0,2.0,3.0,5.0,2,2,1,1,4,4,7,7,-0.709349131066216,0.833862045975054,0.78442734,4.114665,-15.503072,0.50696117,21,2023-12-01,19.785,0.0,76.0775,13.0875,1.0,177.90125,2023,12,1,90.0,0,Peru_4001.csv
2023-12-02,4001,70.0,30.0,14.0,2.0,2.0,5.0,2,2,1,1,4,4,7,7,-1.9536270647161247,-0.36332183350465036,1.4420674,5.2405705,-5.2394924,-33.403664,21,2023-12-02,19.7725,0.0,79.67750000000001,10.95625,1.0,181.19875,2023,12,2,70.0,0,Peru_4001.csv
2023-12-03,4001,82.0,33.0,12.0,1.0,4.0,5.0,2,2,1,1,4,4,9,9,-1.2665268653687132,0.380544350451118,1.3561616,4.1534147,-19.25814,1.2039363,21,2023-12-03,19.3275,0.0,80.91,10.7475,1.0,190.5,2023,12,3,82.0,0,Peru_4001.csv
2023-12-04,4001,93.0,29.0,11.0,1.0,2.0,5.0,2,2,1,1,4,4,9,9,-1.5090171217141806,1.252506581619037,1.3033015,3.869873,-19.194218,3.4121542,21,2023-12-04,19.1925,0.0,81.33375,9.2425,1.0,232.76625,2023,12,4,93.0,0,Peru_4001.csv
2023-12-05,4001,83.0,31.0,17.0,3.0,4.0,5.0,2,2,1,1,4,4,7,7,-0.30170226816539397,0.3755701364283042,0.4961894,4.4515347,16.728855,-34.62456,21,2023-12-05,19.3425,0.0,78.29125,11.772499999999999,1.0,177.23,2023,12,5,83.0,0,Peru_4001.csv
2023-12-06,4001,84.0,41.0,13.0,3.0,3.0,5.0,2,2,1,1,4,4,9,9,-0.7286652753238391,1.1738238128564555,1.0167519,3.3824744,-5.305958,5.840114,21,2023-12-06,19.43875,0.0,79.51625,12.60125,1.0,177.0675,2023,12,6,84.0,0,Peru_4001.csv
2023-12-07,4001,89.0,58.0,12.0,2.0,2.0,5.0,0,0,3,3,5,5,11,11,0.010091765279614265,2.465312362833146,1.2715446,2.153209,2.2319984,21.127577,21,2023-12-07,19.6975,0.0,78.20375,11.7325,1.0,178.96375,2023,12,7,89.0,0,Peru_4001.csv
2023-12-08,4001,117.0,54.0,12.0,3.0,3.0,5.0,0,0,3,3,5,5,10,10,1.333947897957992,4.23926802221749,-1.378727,0.7451585,56.461994,43.603767,21,2023-12-08,19.4025,0.0,82.0975,11.34125,1.0,185.47375,2023,12,8,117.0,0,Peru_4001.csv
2023-12-09,4001,114.0,48.0,13.0,2.0,4.0,6.0,0,0,3,3,5,5,10,10,1.348691577485587,3.363797985272142,-1.3388621,0.97334677,56.426426,43.476547,21,2023-12-09,19.23125,0.0,81.00625,11.8825,1.0,167.42000000000002,2023,12,9,114.0,0,Peru_4001.csv
2023-12-10,4001,96.0,45.0,10.0,11.0,4.0,5.0,0,0,3,3,5,5,11,11,-0.3608744726089312,2.7769712982478842,0.5226608,2.0703888,-2.093085,16.80806,21,2023-12-10,19.58625,0.0,79.32625,8.855,1.0,198.57875,2023,12,10,96.0,0,Peru_4001.csv
2023-12-11,4001,93.0,50.0,14.0,10.4,2.0,5.0,0,0,3,3,4,4,11,11,0.20631526867619254,2.9192264223273465,0.1364069,1.8539886,22.988325,20.209312,21,2023-12-11,19.96,0.0,76.92875,10.92125,1.0,181.09375,2023,12,11,93.0,0,Peru_4001.csv
2023-12-12,4001,100.0,43.0,13.0,1.0,2.0,5.0,0,0,3,3,4,4,11,11,-0.03705139782166684,2.411749420933942,-0.17650683,2.270947,48.448566,38.15621,21,2023-12-12,20.201249999999998,0.0,76.69375,10.74,1.0,180.4525,2023,12,12,100.0,0,Peru_4001.csv
2023-12-13,4001,87.0,49.0,13.0,1.0,2.0,5.0,2,2,1,1,4,4,11,11,-0.351880108642169,1.77143052867325,0.9648602,2.7937217,0.9577919,9.334372,21,2023-12-13,20.4225,0.0,77.39125,11.66,1.0,182.1775,2023,12,13,87.0,0,Peru_4001.csv
2023-12-14,4001,101.0,46.0,12.0,5.6,3.0,5.0,0,0,3,3,5,5,11,11,0.15076007534961494,2.870186132001354,-0.2188973,2.0384781,48.310535,38.436058,21,2023-12-14,20.38,0.0,77.30875,11.60125,1.0,182.78,2023,12,14,101.0,0,Peru_4001.csv
2023-12-15,4001,102.0,50.0,13.0,11.6,2.0,5.0,0,0,3,3,5,5,11,11,0.4383081582528679,3.683298744536044,-0.62566257,1.4240612,46.037807,37.32322,21,2023-12-15,20.28125,0.0,79.27625,12.115,1.0,178.755,2023,12,15,102.0,0,Peru_4001.csv
2023-12-16,4001,103.0,41.0,10.0,1.0,5.0,4.0,0,0,3,3,5,5,11,11,-0.15339336744251525,2.359414814964363,-0.75436544,1.678969,50.56217,41.552536,21,2023-12-16,20.759999999999998,0.0,79.375,14.01375,1.0,170.66625,2023,12,16,103.0,0,Peru_4001.csv
2023-12-17,4001,89.0,37.0,8.0,6.8,16.0,4.0,2,2,1,1,4,4,9,9,0.5523912120273816,0.23619161091495558,3.991861,0.006794221,10.102659,-18.458935,21,2023-12-17,20.6525,0.0,80.7925,13.91875,1.0,170.9275,2023,12,17,89.0,0,Peru_4001.csv
2023-12-18,4001,92.0,37.0,10.0,7.0,15.0,4.0,2,2,1,1,4,4,9,9,0.9236983058366044,0.544352853141422,-3.8594089,1.7656173,14.095183,-19.048222,21,2023-12-18,20.90625,0.0,80.59875,13.727500000000001,1.0,175.135,2023,12,18,92.0,0,Peru_4001.csv
2023-12-19,4001,83.0,53.0,15.0,6.0,13.0,5.0,0,0,1,1,4,4,9,9,2.0646155353723468,0.6158826654612113,3.1020186,0.11314796,43.42464,10.819025,21,2023-12-19,20.81,0.0,82.45875,14.27125,1.0,171.3025,2023,12,19,83.0,0,Peru_4001.csv
2023-12-20,4001,123.0,38.0,14.0,7.0,9.0,5.0,0,0,3,3,5,5,10,10,2.2884749911241222,3.360457024988496,-1.6169488,1.197031,57.10869,37.129704,21,2023-12-20,20.8325,0.0,80.12,13.4825,1.0,172.31375,2023,12,20,123.0,0,Peru_4001.csv
2023-12-21,4001,87.0,55.0,18.0,1.0,12.0,5.0,0,0,3,3,4,4,9,9,2.78412299266636,0.691417626971512,3.2601264,-0.09218105,45.121204,-18.056122,21,2023-12-21,20.625,0.0,80.99875,13.04125,1.0,168.83875,2023,12,21,87.0,0,Peru_4001.csv
2023-12-22,4001,114.0,47.0,18.0,1.0,28.0,5.0,0,0,0,0,5,5,2,2,6.560301978491121,0.23324910631765114,3.4409454,-1.1216649,59.328823,-22.94265,21,2023-12-22,20.61375,0.0,79.3175,13.67125,1.0,165.03,2023,12,22,114.0,0,Peru_4001.csv
2023-12-23,4001,97.0,40.0,17.0,1.0,19.0,5.0,0,0,3,3,4,4,9,9,3.5477216119015123,-0.1920907720303702,3.5665286,-0.7156869,55.168083,-16.394825,21,2023-12-23,20.96625,0.0,78.3875,11.63,1.0,172.10250000000002,2023,12,23,97.0,0,Peru_4001.csv
2023-12-24,4001,82.0,37.0,16.0,1.0,22.0,5.0,2,2,1,1,4,4,9,9,3.00724683843828,-1.7809087437458375,4.422708,-0.7229198,54.47686,-25.200665,21,2023-12-24,20.98875,0.0,77.63125,12.91375,1.0,165.93625,2023,12,24,82.0,0,Peru_4001.csv
2023-12-25,4001,83.0,41.0,10.0,10.6,21.0,4.0,2,2,1,1,4,4,9,9,1.7868379227488391,-0.3975720641096158,4.569268,-0.8766094,57.518948,-33.336864,21,2023-12-25,20.76875,0.0,82.615,10.765,1.0,183.57,2023,12,25,83.0,0,Peru_4001.csv
2023-12-26,4001,101.0,36.0,15.0,5.6,24.0,6.0,0,0,3,3,4,4,9,9,4.12384345955991,-0.4795106978569688,3.8295338,-0.9246007,56.21584,-16.091864,21,2023-12-26,21.24375,0.0,79.26,11.62875,1.0,170.95375,2023,12,26,101.0,0,Peru_4001.csv
2023-12-27,4001,76.0,40.0,14.0,5.6,28.0,5.0,2,2,0,0,4,4,2,2,3.557388062819099,-2.433201878396564,4.748961,-1.2965137,57.634335,-45.60496,21,2023-12-27,21.29375,0.0,77.03625,10.58,1.0,179.70999999999998,2023,12,27,76.0,0,Peru_4001.csv
2023-12-28,4001,89.0,34.0,16.0,1.0,16.0,5.0,2,2,1,1,4,4,9,9,2.1048363236617837,-0.6701509514697072,3.8239114,-0.31987643,48.206085,-21.58789,21,2023-12-28,22.05125,0.0,77.58625,10.2,1.0,174.56875,2023,12,28,89.0,0,Peru_4001.csv
2023-12-29,4001,76.0,42.0,17.0,1.0,17.0,5.0,2,2,1,1,4,4,9,9,2.278124891375885,-1.3606315881837527,4.20756,-0.12622182,48.9204,-24.738804,21,2023-12-29,21.685000000000002,0.0,82.1825,12.5425,1.0,168.07375,2023,12,29,76.0,0,Peru_4001.csv
2023-12-30,4001,97.0,52.0,15.0,1.0,27.0,5.0,0,0,3,3,4,4,2,2,5.209444665937499,-0.5469575570661239,4.1245885,-1.2040848,57.573948,-22.690172,21,2023-12-30,21.7275,0.0,82.38,13.24625,1.0,174.76625,2023,12,30,97.0,0,Peru_4001.csv
2023-12-31,4001,123.0,69.0,11.0,7.0,25.0,5.0,0,0,3,3,5,5,10,10,6.179201696779237,2.9769651309303833,2.5274637,-0.96860814,60.48003,15.7729,21,2023-12-31,21.8525,0.0,81.41625,13.61375,1.0,171.30125,2023,12,31,123.0,0,Peru_4001.csv
2024-01-01,4001,156.0,45.0,10.0,11.2,12.0,4.0,0,0,3,3,5,5,10,10,3.8883183437478874,6.263249712321945,-2.7687285,0.2531412,78.37091,41.955296,21,2024-01-01,21.6875,0.0,81.0875,13.56125,1.0,173.18375,2024,1,1,156.0,0,Peru_4001.csv
2024-01-02,4001,109.0,55.0,11.0,8.2,18.0,5.0,0,0,3,3,5,5,10,10,3.514045836187707,2.2295348742846075,2.417855,-0.85801,57.302986,16.07755,21,2024-01-02,21.73125,0.0,80.9525,14.29375,1.0,169.03625,2024,1,2,109.0,0,Peru_4001.csv
2024-01-03,4001,127.0,47.0,13.0,1.0,8.0,5.0,0,0,3,3,5,5,10,10,2.5561474193998106,3.812525057389517,-1.7325689,1.066826,57.757824,37.912003,21,2024-01-03,21.71125,0.0,78.255,13.56125,1.0,169.20375,2024,1,3,127.0,0,Peru_4001.csv
2024-01-04,4001,104.0,46.0,16.0,1.0,10.0,6.0,0,0,3,3,5,5,9,9,2.4558552686467845,1.6379076894680693,-0.6490923,1.7747765,58.179623,22.225737,21,2024-01-04,21.2925,0.0,80.89375,12.39875,1.0,167.86875,2024,1,4,104.0,0,Peru_4001.csv
2024-01-05,4001,99.0,45.0,15.0,1.0,17.0,5.0,0,0,3,3,4,4,9,9,3.1355598586002933,0.5042274702292097,3.4502027,-0.6816601,54.619743,-16.462969,21,2024-01-05,21.785,0.0,81.63375,13.745000000000001,1.0,168.72875,2024,1,5,99.0,0,Peru_4001.csv
2024-01-06,4001,91.0,41.0,14.0,1.0,16.0,5.0,2,2,1,1,4,4,9,9,2.1579099951444007,-0.12503149468234975,3.545966,-0.4329412,53.962425,-16.571173,21,2024-01-06,22.0875,0.0,78.6925,13.69875,1.0,170.49625,2024,1,6,91.0,0,Peru_4001.csv
2024-01-07,4001,84.0,34.0,10.0,12.4,14.0,6.0,2,2,1,1,4,4,9,9,0.386041731967138,0.06803642437686289,3.9459474,0.75482863,12.725704,-20.254047,21,2024-01-07,22.4475,0.0,77.4675,14.87875,1.0,160.03125,2024,1,7,84.0,0,Peru_4001.csv
2024-01-08,4001,69.0,47.0,13.0,10.6,16.0,5.0,2,2,1,1,4,4,9,9,1.2195172000538228,-0.6895692097818048,4.005026,0.50232756,11.514935,-15.547897,21,2024-01-08,22.5325,0.0,77.745,14.54125,1.0,170.62,2024,1,8,69.0,0,Peru_4001.csv
2024-01-09,4001,93.0,46.0,15.0,1.0,17.0,5.0,0,0,3,3,4,4,9,9,2.8983190232465854,0.11999700619532415,3.4733334,-0.6580389,54.358116,-16.65641,21,2024-01-09,22.3275,0.0,77.8375,13.772499999999999,1.0,164.7225,2024,1,9,93.0,0,Peru_4001.csv
2024-01-10,4001,96.0,48.0,14.0,1.0,22.0,5.0,0,0,3,3,4,4,9,9,3.8465831555248697,-0.1665239392799906,3.632602,-0.8741028,55.35893,-17.374983,21,2024-01-10,22.752499999999998,0.0,76.81125,13.675,1.0,168.32125,2024,1,10,96.0,0,Peru_4001.csv
2024-01-11,4001,99.0,47.0,14.0,1.0,19.0,5.0,0,0,3,3,4,4,9,9,3.3972592676406803,0.3777248973002744,3.47082,-0.7400066,54.85718,-16.726404,21,2024-01-11,22.583750000000002,0.0,77.7225,14.08,1.0,171.10375,2024,1,11,99.0,0,Peru_4001.csv
2024-01-12,4001,98.0,44.0,15.0,1.0,10.0,5.0,0,0,3,3,4,4,9,9,1.7708163692577255,1.2618341960232313,-0.41464856,1.8103017,58.04971,22.163794,21,2024-01-12,22.65125,0.0,78.54625,13.11125,1.0,171.51125,2024,1,12,98.0,0,Peru_4001.csv
2024-01-13,4001,82.0,52.0,17.0,2.0,22.0,5.0,0,0,1,1,4,4,9,9,3.9916702694355615,-0.9804033983244433,4.102083,-0.84734505,54.912502,-23.238703,21,2024-01-13,22.6975,0.0,79.4,12.885,1.0,171.6775,2024,1,13,82.0,0,Peru_4001.csv
2024-01-14,4001,99.0,54.0,12.0,8.8,18.0,4.0,0,0,3,3,5,5,9,9,3.0961005258131284,1.6085406773684658,2.6403732,-0.8048268,56.64671,14.6877165,21,2024-01-14,22.68375,0.0,80.25625,13.49125,1.0,177.96375,2024,1,14,99.0,0,Peru_4001.csv
2024-01-15,4001,123.0,52.0,13.0,1.0,18.0,5.0,0,0,3,3,5,5,10,10,4.429703861068354,2.516283388670255,-1.757076,0.9913285,60.095467,17.799883,21,2024-01-15,22.55625,0.0,77.5325,15.0925,1.0,167.37,2024,1,15,123.0,0,Peru_4001.csv
2024-01-16,4001,114.0,51.0,15.0,1.0,22.0,4.0,0,0,3,3,5,5,10,10,4.985251002091187,1.396138411314472,2.9033816,-0.9643245,60.12224,16.91177,21,2024-01-16,22.4025,0.0,78.12,13.07875,1.0,170.46375,2024,1,16,114.0,0,Peru_4001.csv
2024-01-17,4001,109.0,55.0,13.0,1.0,16.0,5.0,0,0,3,3,5,5,10,10,3.549475602309117,1.904635318713687,2.2666414,-0.7750843,58.246456,16.70877,21,2024-01-17,22.40625,0.0,79.43375,13.17625,1.0,173.5325,2024,1,17,109.0,0,Peru_4001.csv
2024-01-18,4001,119.0,55.0,16.0,1.0,15.0,4.0,0,0,3,3,5,5,10,10,4.3730651217395415,2.8140835914944646,-1.7854125,1.1657909,60.164734,18.030228,21,2024-01-18,22.4325,0.0,78.81875,11.77875,1.0,171.94375,2024,1,18,119.0,0,Peru_4001.csv
2024-01-19,4001,126.0,60.0,17.0,2.0,22.0,5.0,0,0,3,3,5,5,10,10,6.5282099814824655,2.606009198096628,2.6142478,-0.9645279,60.662666,16.95172,21,2024-01-19,22.755,0.0,78.53125,11.245,1.0,183.05875,2024,1,19,126.0,0,Peru_4001.csv
2024-01-20,4001,132.0,51.0,16.0,2.0,17.0,5.0,0,0,3,3,5,5,10,10,5.242935960667249,3.2425313465135868,-2.1564655,0.9663527,60.5422,18.064848,21,2024-01-20,23.0025,0.0,78.87625,11.00625,1.0,172.0725,2024,1,20,132.0,0,Peru_4001.csv
2024-01-21,4001,117.0,47.0,13.0,1.0,25.0,5.0,0,0,3,3,5,5,10,10,5.145261508346338,0.9511137552399552,3.0958178,-1.0292639,60.243156,16.898952,21,2024-01-21,22.91625,0.0,80.1925,11.967500000000001,1.0,170.63625,2024,1,21,117.0,0,Peru_4001.csv
2024-01-22,4001,113.0,56.0,15.0,1.0,20.0,5.0,0,0,3,3,5,5,10,10,4.923930893729758,1.6920189971157003,2.6811264,-0.98310524,59.881474,16.794533,21,2024-01-22,22.8425,0.0,82.32875,11.62,1.0,177.60750000000002,2024,1,22,113.0,0,Peru_4001.csv
2024-01-23,4001,120.0,42.0,16.0,2.0,21.0,5.0,0,0,3,3,5,5,10,10,4.919472999350289,1.4196615640952888,3.015509,-0.9098126,60.30393,17.168451,21,2024-01-23,22.61625,0.0,82.16375,11.35875,1.0,173.78,2024,1,23,120.0,0,Peru_4001.csv
2024-01-24,4001,87.0,48.0,15.0,1.0,26.0,5.0,0,0,0,0,4,4,2,2,4.338929206894787,-1.345701280066559,4.288251,-1.1567243,57.014507,-23.183613,21,2024-01-24,23.54,0.0,78.82875,10.477500000000001,1.0,178.75375,2024,1,24,87.0,0,Peru_4001.csv
2024-01-25,4001,107.0,38.0,14.0,1.0,21.0,4.0,0,0,3,3,4,4,9,9,3.58813063620843,0.38806693328004255,3.4097967,-0.8099738,55.712795,-15.489293,21,2024-01-25,24.37,0.0,75.07375,10.785,1.0,184.86875,2024,1,25,107.0,0,Peru_4001.csv
2024-01-26,4001,89.0,42.0,13.0,2.0,13.0,5.0,2,2,1,1,4,4,9,9,1.369408589203965,0.2554020380529523,3.344283,0.26775557,9.127742,-5.471664,21,2024-01-26,24.259999999999998,0.0,72.78125,11.645,1.0,173.5825,2024,1,26,89.0,0,Peru_4001.csv
2024-01-27,4001,84.0,32.0,13.0,2.0,14.0,5.0,2,2,1,1,4,4,9,9,0.7894244738570274,-0.7336425815327596,3.9982908,0.42062816,7.929413,-22.422733,21,2024-01-27,24.105,0.0,74.5425,12.13875,1.0,180.47875,2024,1,27,84.0,0,Peru_4001.csv
2024-01-28,4001,64.0,34.0,14.0,2.0,18.0,5.0,2,2,1,1,4,4,9,9,0.8554896738133057,-2.608886998901712,4.9896107,0.680418,-11.714897,-42.837627,21,2024-01-28,24.40375,0.0,71.1525,12.758750000000001,1.0,173.0625,2024,1,28,64.0,0,Peru_4001.csv
2024-01-29,4001,70.0,33.0,15.0,2.0,16.0,4.0,2,2,1,1,4,4,9,9,0.8465866405505028,-1.8640229380527122,4.9144764,0.7525047,-11.360204,-42.555965,21,2024-01-29,24.63625,0.0,72.5775,13.0225,1.0,175.24,2024,1,29,70.0,0,Peru_4001.csv
2024-01-30,4001,65.0,37.0,12.0,1.0,12.0,4.0,2,2,1,1,4,4,9,9,-0.521223410468209,-1.5216246168671796,4.793071,1.504836,-12.25391,-35.76107,21,2024-01-30,24.0425,0.0,76.8475,12.532499999999999,1.0,176.45875,2024,1,30,65.0,0,Peru_4001.csv
2024-01-31,4001,78.0,37.0,5.2,2.0,4.2,5.0,2,2,1,1,1,1,3,3,-2.5979548042065757,0.5074835686603576,2.6563413,3.9203627,-42.713383,0.9743731,21,2024-01-31,24.13125,0.0,75.82875,11.5125,1.0,174.85750000000002,2024,1,31,78.0,0,Peru_4001.csv
2024-02-01,4001,82.0,38.0,8.6,3.0,10.6,6.0,2,2,1,1,4,4,9,9,-0.41517207845582155,-0.1021402540676457,3.2844863,1.5690314,0.77237844,-8.814083,21,2024-02-01,24.00625,0.0,76.96875,12.09,1.0,174.60875000000001,2024,2,1,82.0,0,Peru_4001.csv
2024-02-02,4001,83.0,42.0,9.8,2.0,7.4,5.0,2,2,1,1,4,4,9,9,-0.5827745906818608,0.6041736963180725,2.5063608,2.4480495,-3.3471527,4.653703,21,2024-02-02,23.8925,0.0,78.04375,13.21,1.0,174.95499999999998,2024,2,2,83.0,0,Peru_4001.csv
2024-02-03,4001,97.0,44.0,5.2,2.0,13.6,5.0,2,2,1,1,5,5,11,11,0.37975283949507194,1.0520144505301285,1.2142475,-0.7831631,-14.098487,26.896244,21,2024-02-03,23.892500000000002,0.0,75.7925,14.0475,1.0,170.0875,2024,2,3,97.0,0,Peru_4001.csv
2024-02-04,4001,106.0,41.0,4.2,3.0,13.6,5.0,0,0,3,3,5,5,11,11,0.45556810549477594,1.6510463407943874,1.133764,-0.8097817,-13.981291,26.9397,21,2024-02-04,24.15,0.0,76.2625,10.18875,1.0,180.465,2024,2,4,106.0,0,Peru_4001.csv
2024-02-05,4001,105.0,33.0,7.6,4.0,5.8,5.0,2,2,3,3,5,5,11,11,-0.7239852365777933,2.147524671123342,-0.9350058,1.5977031,51.043888,42.190575,21,2024-02-05,24.7075,0.0,71.53,10.04875,1.0,178.29625000000001,2024,2,5,105.0,0,Peru_4001.csv
2024-02-06,4001,79.0,32.0,4.8,3.0,7.2,6.0,2,2,1,1,1,1,3,3,-2.2592161961109207,-0.09878668470102002,2.6966174,3.8942997,-43.441654,-0.071118295,21,2024-02-06,25.21,0.0,69.78125,12.94375,1.0,169.89125,2024,2,6,79.0,0,Peru_4001.csv
2024-02-07,4001,72.0,31.0,6.0,2.0,11.2,6.0,2,2,1,1,1,1,3,3,-1.683160039136551,-1.2614400338763434,5.0485506,2.188734,-34.914017,-33.86257,21,2024-02-07,24.58,0.0,74.69125,13.86625,1.0,166.22375,2024,2,7,72.0,0,Peru_4001.csv
2024-02-08,4001,66.0,31.0,10.0,3.0,16.0,5.0,2,2,1,1,4,4,9,9,-0.37801657289531904,-2.191057563831126,5.319127,1.0813009,-14.241075,-45.466255,21,2024-02-08,24.67125,0.0,75.69624999999999,12.06875,1.0,178.385,2024,2,8,66.0,0,Peru_4001.csv
2024-02-09,4001,77.0,38.0,13.0,2.0,17.0,5.0,2,2,1,1,4,4,9,9,1.3057628323646486,-1.316797540492288,4.6411448,0.49661806,-9.460418,-41.93406,21,2024-02-09,24.8425,0.0,76.37875,13.105,1.0,177.2925,2024,2,9,77.0,0,Peru_4001.csv
2024-02-10,4001,92.0,42.0,12.0,15.2,27.0,5.0,0,0,3,3,4,4,2,2,3.8585788863554606,-0.29687010691145077,4.5218635,-1.2046952,59.706017,-30.604406,21,2024-02-10,24.6675,0.0,77.855,13.55375,1.0,175.09375,2024,2,10,92.0,0,Peru_4001.csv
2024-02-11,4001,101.0,39.0,9.0,10.4,17.0,5.0,0,0,3,3,4,4,9,9,1.7124558094056204,1.1843831046736881,-3.8843842,1.7428588,15.779581,-19.57493,21,2024-02-11,24.355,0.0,78.3,14.30125,1.0,175.99375,2024,2,11,101.0,0,Peru_4001.csv
2024-02-12,4001,97.0,32.0,10.0,22.2,11.0,5.0,0,0,3,3,4,4,9,9,0.2924556424469416,2.137224852707169,0.20615454,0.5442867,21.58645,31.065926,21,2024-02-12,24.40125,0.0,78.07375,13.77875,1.0,170.635,2024,2,12,97.0,0,Peru_4001.csv
2024-02-13,4001,72.0,35.0,12.0,6.8,19.0,13.2,2,2,1,1,4,4,9,9,1.7981782844322136,-2.802299557195307,4.150942,-2.4567828,33.725967,-66.36655,21,2024-02-13,24.635,0.0,77.18375,12.725,1.0,174.32999999999998,2024,2,13,72.0,0,Peru_4001.csv
2024-02-14,4001,79.0,36.0,13.0,6.0,21.0,19.4,1,1,1,1,4,4,9,9,3.299147588748699,-3.410071930474521,4.179711,-2.7044332,35.59128,-64.46875,21,2024-02-14,24.89,0.0,75.84875,13.69625,1.0,170.00875,2024,2,14,79.0,0,Peru_4001.csv
2024-02-15,4001,82.0,35.0,11.0,7.4,17.0,17.8,2,2,1,1,4,4,9,9,2.1227121081548797,-2.374049277979325,3.8572152,-2.782642,34.730343,-64.47471,21,2024-02-15,24.65625,0.0,74.495,13.12375,1.0,170.775,2024,2,15,82.0,0,Peru_4001.csv
2024-02-16,4001,79.0,40.0,12.0,7.8,17.0,31.4,1,1,2,2,3,3,4,4,3.6438924020160757,-4.156514782843938,3.3591194,-4.131908,38.21246,-78.588234,21,2024-02-16,23.93875,0.0,79.55875,12.69875,1.0,168.41125,2024,2,16,79.0,0,Peru_4001.csv
2024-02-17,4001,88.0,39.0,13.0,8.6,22.0,6.2,2,2,1,1,4,4,9,9,2.90672409696403,-0.7765720258380233,4.307189,-0.99636245,58.21452,-27.252224,21,2024-02-17,23.92375,0.0,77.82875,12.193750000000001,1.0,170.46625,2024,2,17,88.0,0,Peru_4001.csv
2024-02-18,4001,90.0,38.0,11.0,6.6,25.0,15.6,2,2,1,1,4,4,2,2,3.9138760136084136,-2.414417260066485,4.372234,-1.9716166,38.200176,-63.596565,21,2024-02-18,24.0925,0.0,77.5075,11.362499999999999,1.0,180.22,2024,2,18,90.0,0,Peru_4001.csv
2024-02-19,4001,90.0,30.0,11.0,5.6,17.0,2.4,2,2,1,1,4,4,9,9,0.8849930375437357,-0.11582393290186806,4.05531,0.14288756,9.502585,-20.989367,21,2024-02-19,24.6375,0.0,72.21375,10.67625,1.0,179.77375,2024,2,19,90.0,0,Peru_4001.csv
2024-02-20,4001,73.0,30.0,11.0,5.6,21.0,42.4,1,1,2,2,3,3,8,8,4.323065376741279,-7.20396800769925,3.6010604,-6.828642,35.084618,-80.14301,21,2024-02-20,24.88625,0.0,68.765,10.035,1.0,182.15125,2024,2,20,73.0,0,Peru_4001.csv
2024-02-21,4001,67.0,31.0,13.0,5.0,21.0,8.0,2,2,1,1,4,4,9,9,1.4520489318291503,-3.0766269275116156,5.1656528,0.6738175,-17.031374,-53.570057,21,2024-02-21,24.93875,0.0,69.73,9.75875,1.0,190.135,2024,2,21,67.0,0,Peru_4001.csv
2024-02-22,4001,69.0,31.0,14.0,7.0,16.0,16.2,2,2,1,1,4,4,9,9,1.5762337613038586,-3.2791602765059658,4.0178866,-2.9020982,32.012882,-66.98387,21,2024-02-22,25.25375,0.0,69.37,10.93375,1.0,170.0525,2024,2,22,69.0,0,Peru_4001.csv
2024-02-23,4001,69.0,34.0,13.0,3.6,16.0,2.6,2,2,1,1,4,4,9,9,0.32185329254512657,-1.532377050016804,4.8669705,0.681119,-11.0842285,-42.007587,21,2024-02-23,25.1275,0.0,74.03625,12.89625,1.0,173.20375,2024,2,23,69.0,0,Peru_4001.csv
2024-02-24,4001,75.0,35.0,12.0,7.6,13.0,5.4,2,2,1,1,4,4,9,9,0.17070430077921342,-0.7280338875546646,4.3761816,1.056001,5.1913586,-19.658487,21,2024-02-24,24.80625,0.0,76.60875,13.198749999999999,1.0,177.4175,2024,2,24,75.0,0,Peru_4001.csv
2024-02-25,4001,77.0,37.0,13.0,3.6,26.0,8.4,2,2,1,1,4,4,2,2,3.182447144730457,-2.8365613974765753,4.7412424,-1.3450856,57.839344,-45.44095,21,2024-02-25,24.61,0.0,73.36375,11.385,1.0,187.17374999999998,2024,2,25,77.0,0,Peru_4001.csv
2024-02-26,4001,90.0,38.0,11.0,4.8,18.0,21.8,1,1,1,1,4,4,9,9,3.1946175660149407,-2.495974886966537,3.8818088,-2.788018,34.95174,-64.078575,21,2024-02-26,24.16125,0.0,79.87,12.39875,1.0,185.515,2024,2,26,90.0,0,Peru_4001.csv
2024-02-27,4001,96.0,38.0,12.0,9.2,20.0,15.0,0,0,3,3,4,4,9,9,3.454054062210715,-1.1054675749693388,3.8392234,-1.7466104,51.15774,-11.14602,21,2024-02-27,23.77875,0.0,78.69875,12.46125,1.0,177.06875,2024,2,27,96.0,0,Peru_4001.csv
2024-02-28,4001,95.0,33.0,12.0,7.0,15.0,9.8,2,2,1,1,4,4,9,9,1.780074573820917,-0.26479782261382784,3.4292727,-0.34567976,12.322081,-22.798529,21,2024-02-28,23.419999999999998,0.0,79.57875,12.84125,1.0,178.52875,2024,2,28,95.0,0,Peru_4001.csv
2024-02-29,4001,87.0,42.0,13.0,8.8,27.0,3.8,0,0,1,1,4,4,2,2,3.7058795996460336,-0.9913228760731351,4.4649544,-1.2002618,59.476555,-29.54762,21,2024-02-29,23.21875,0.0,81.25,12.16375,1.0,178.67125,2024,2,29,87.0,0,Peru_4001.csv
2024-03-01,4001,105.0,34.0,15.0,9.2,18.0,4.8,0,0,3,3,4,4,9,9,3.0279152555182285,0.8883211437803189,3.433006,-0.6694286,55.795437,-15.036318,21,2024-03-01,23.16625,0.0,79.795,10.61625,1.0,177.0725,2024,3,1,105.0,0,Peru_4001.csv
2024-03-02,4001,85.0,30.0,13.0,6.2,22.0,7.2,2,2,1,1,4,4,9,9,2.379377731218071,-1.7544816622733155,4.4541717,-0.82816887,58.289352,-26.611963,21,2024-03-02,23.97,0.0,74.74,10.15375,1.0,187.11124999999998,2024,3,2,85.0,0,Peru_4001.csv
2024-03-03,4001,78.0,30.0,13.0,19.2,25.0,10.4,2,2,1,1,4,4,2,2,2.885383117305642,-2.1153210896652266,4.39054,-1.5181204,63.438316,-40.16541,21,2024-03-03,24.59875,0.0,68.36,10.79375,1.0,178.51624999999999,2024,3,3,78.0,0,Peru_4001.csv
2024-03-04,4001,80.0,17.0,14.0,6.0,19.0,2.6,2,2,1,1,4,4,9,9,0.7176255492553772,-1.814560205076001,4.791271,0.27599952,46.0485,-30.304909,21,2024-03-04,23.92375,0.0,72.11500000000001,10.60375,1.0,187.405,2024,3,4,80.0,0,Peru_4001.csv
2024-03-05,4001,43.0,18.0,13.0,2.8,22.0,15.8,2,2,1,1,1,1,2,2,0.48650220079053774,-6.796710902537858,6.6638913,1.6279396,-14.239358,-69.638374,21,2024-03-05,23.845,0.0,75.29125,10.73375,1.0,184.115,2024,3,5,43.0,0,Peru_4001.csv
2024-03-06,4001,53.0,19.0,14.0,4.8,18.0,5.6,2,2,1,1,4,4,9,9,-0.3971285907730098,-4.032616291860266,6.1538115,1.562968,-25.755478,-56.707436,21,2024-03-06,23.87,0.0,74.545,12.345,1.0,175.5675,2024,3,6,53.0,0,Peru_4001.csv
2024-03-07,4001,53.0,18.0,18.0,5.6,16.0,27.4,1,1,2,2,3,3,4,4,1.9313949076191153,-6.789724015440561,3.9354064,-4.192592,31.342888,-73.165695,21,2024-03-07,23.9525,0.0,74.47875,11.5175,1.0,175.15625,2024,3,7,53.0,0,Peru_4001.csv
2024-03-08,4001,49.0,18.0,15.0,6.0,16.0,26.2,1,1,2,2,3,3,4,4,1.0225119757272678,-6.815299581624891,3.828185,-4.366345,31.573627,-73.36531,21,2024-03-08,23.60375,0.0,76.4375,12.015,1.0,174.75375,2024,3,8,49.0,0,Peru_4001.csv
2024-03-09,4001,50.0,15.0,15.0,6.0,26.0,14.2,2,2,0,0,0,0,2,2,1.660903724519794,-6.544290178596073,6.109619,-1.5445586,46.34778,-57.76452,21,2024-03-09,23.3975,0.0,78.365,10.7975,1.0,191.74875,2024,3,9,50.0,0,Peru_4001.csv
2024-03-10,4001,48.0,8.0,13.0,11.6,2.0,8.8,2,2,1,1,1,1,3,3,-4.011184554449797,-2.8402916809069496,6.078373,4.2632346,-49.282593,-70.235825,21,2024-03-10,23.6775,0.0,75.12625,11.0425,1.0,179.49125,2024,3,10,48.0,0,Peru_4001.csv
2024-03-11,4001,32.0,9.0,14.0,7.4,24.0,15.6,2,2,0,0,1,1,2,2,0.042395238921441245,-7.956965538974616,6.6813655,1.4813637,-13.743723,-69.54042,21,2024-03-11,23.30375,0.0,76.18125,11.05,1.0,180.30125,2024,3,11,32.0,0,Peru_4001.csv
2024-03-12,4001,34.0,9.0,17.0,9.0,26.0,27.4,1,1,0,0,0,0,2,2,2.1557955094912726,-9.60020851514804,5.695201,-2.1085706,46.552578,-61.667397,21,2024-03-12,23.25375,0.0,76.05875,10.14875,1.0,188.1825,2024,3,12,34.0,0,Peru_4001.csv
2024-03-13,4001,34.0,7.0,19.0,8.4,28.0,5.6,2,2,0,0,0,0,2,2,0.8928848971874523,-7.127043191576033,6.724815,-1.0475465,51.482002,-56.71597,21,2024-03-13,23.105,0.0,75.3475,11.03,1.0,175.48,2024,3,13,34.0,0,Peru_4001.csv
2024-03-14,4001,26.0,6.0,16.0,5.2,15.0,6.0,2,2,1,1,1,1,3,3,-2.4730411752222645,-6.335460635125513,6.8172483,2.6509898,-50.29412,-78.92406,21,2024-03-14,22.7375,0.0,72.40125,12.20125,1.0,167.01375000000002,2024,3,14,26.0,0,Peru_4001.csv
2024-03-15,4001,25.0,6.0,17.0,6.6,28.0,6.6,2,2,0,0,0,0,2,2,0.08583091871125705,-8.044937709341315,6.8383102,-0.86811644,52.534275,-57.88903,21,2024-03-15,22.5525,0.0,73.535,12.2175,1.0,169.095,2024,3,15,28.0,0,Peru_4001.csv
2024-03-16,4001,24.0,6.0,16.0,4.8,27.0,3.6,2,2,0,0,0,0,2,2,-0.6142584928098417,-7.69705680595727,6.850604,-0.8297106,52.763634,-57.89089,21,2024-03-16,23.10125,0.0,74.08875,11.536249999999999,1.0,176.43375,2024,3,16,27.0,0,Peru_4001.csv
2024-03-17,4001,25.0,6.0,15.0,3.8,37.0,2.8,2,2,0,0,0,0,2,2,0.964815505048172,-8.823402868425076,6.7323194,-1.0373157,52.199528,-57.204433,21,2024-03-17,23.1,0.0,77.4025,9.567499999999999,1.0,192.46375,2024,3,17,37.0,0,Peru_4001.csv
2024-03-18,4001,25.0,4.0,16.0,5.4,27.0,8.0,2,2,0,0,0,0,2,2,-0.28028835103385535,-8.270012762359576,6.836337,-0.8544669,52.678864,-57.977062,21,2024-03-18,23.20625,0.0,79.13,10.79125,1.0,183.53625,2024,3,18,27.0,0,Peru_4001.csv
2024-03-19,4001,18.0,4.0,18.0,5.0,17.0,4.6,2,2,1,1,1,1,3,3,-2.318200836406181,-7.142971625818694,7.12888,1.800495,-6.8302784,-74.4399,21,2024-03-19,23.8275,0.0,74.785,11.2975,1.0,180.875,2024,3,19,18.0,0,Peru_4001.csv
2024-03-20,4001,18.0,8.0,12.0,5.0,17.0,6.0,2,2,1,1,1,1,3,3,-3.2078428126451843,-6.981665052752539,6.734915,2.5809166,-50.72039,-79.36382,21,2024-03-20,23.44875,0.0,79.9025,12.5125,1.0,174.66125,2024,3,20,18.0,0,Peru_4001.csv
2024-03-21,4001,28.0,14.0,14.0,4.0,24.0,6.0,2,2,1,1,1,1,2,2,-0.7438385644422106,-6.959638284772124,6.703284,0.8733135,53.557594,-57.290714,21,2024-03-21,23.08375,0.0,83.07875,13.278749999999999,1.0,175.9,2024,3,21,28.0,0,Peru_4001.csv
2024-03-22,4001,38.0,11.0,14.0,4.0,36.0,5.0,2,2,0,0,0,0,2,2,1.6617570148258873,-7.761038960405957,6.556855,-1.1281239,52.312057,-56.91281,21,2024-03-22,23.291249999999998,0.0,80.61,11.32875,1.0,178.58875,2024,3,22,38.0,0,Peru_4001.csv
2024-03-23,4001,30.0,12.0,16.0,5.0,8.6,5.0,2,2,1,1,1,1,3,3,-3.213303125179169,-4.821160585784206,6.912487,3.2823443,-49.3931,-76.88938,21,2024-03-23,23.57,0.0,76.73375,12.6425,1.0,175.97875,2024,3,23,30.0,0,Peru_4001.csv
2024-03-24,4001,29.0,7.0,12.0,4.0,11.4,5.0,2,2,1,1,1,1,3,3,-3.831068811669107,-5.470684296045068,6.885636,3.2273614,-50.897644,-77.963554,21,2024-03-24,22.76375,0.0,82.05125,11.71125,1.0,177.6975,2024,3,24,29.0,0,Peru_4001.csv
2024-03-25,4001,20.0,7.0,14.0,4.0,10.0,5.0,2,2,1,1,1,1,3,3,-4.1107192501556655,-5.995596933626519,6.9892035,3.4605682,-51.547565,-77.57036,21,2024-03-25,22.67875,0.0,81.80125,12.9875,1.0,169.6975,2024,3,25,20.0,0,Peru_4001.csv
2024-03-26,4001,19.0,7.0,15.0,5.0,6.0,5.0,2,2,1,1,1,1,3,3,-4.676565429482185,-5.516562527671967,6.96503,3.5300338,-51.547474,-76.795685,21,2024-03-26,23.01875,0.0,78.04375,11.43625,1.0,180.90625,2024,3,26,19.0,0,Peru_4001.csv
2024-03-27,4001,20.0,6.0,17.0,6.0,7.6,5.0,2,2,1,1,1,1,3,3,-3.982773977843982,-5.6716778637620635,6.956123,3.489152,-50.990974,-76.72083,21,2024-03-27,23.19625,0.0,77.13,13.1,1.0,176.9625,2024,3,27,20.0,0,Peru_4001.csv
2024-03-28,4001,16.0,5.0,15.0,5.0,9.2,5.0,2,2,1,1,1,1,3,3,-4.347001093545358,-6.2363603205746685,7.014437,3.5166,-51.842525,-77.42514,21,2024-03-28,22.6325,0.0,80.6,12.28,1.0,176.89625,2024,3,28,16.0,0,Peru_4001.csv
2024-03-29,4001,14.0,6.0,12.0,4.0,8.4,5.0,2,2,1,1,1,1,3,3,-5.148005768269427,-6.229529129353437,7.013188,3.5426018,-52.362045,-77.502106,21,2024-03-29,22.60375,0.0,81.235,12.5,1.0,173.64125,2024,3,29,14.0,0,Peru_4001.csv
2024-03-30,4001,24.0,4.0,14.0,5.0,6.6,5.0,2,2,1,1,1,1,3,3,-4.686595634675858,-5.355737708582827,6.9580507,3.493855,-51.27081,-76.950645,21,2024-03-30,22.3325,0.0,81.98625,11.93,1.0,176.53,2024,3,30,24.0,0,Peru_4001.csv
2024-03-31,4001,12.0,2.0,12.0,4.0,8.2,5.0,2,2,1,1,1,1,3,3,-5.488391735155295,-6.549706639324639,7.031907,3.5467906,-52.58617,-77.57147,21,2024-03-31,22.6175,0.0,79.73,12.18125,1.0,175.38625,2024,3,31,12.0,0,Peru_4001.csv
2024-04-01,4001,6.0,2.0,12.0,4.0,9.8,5.0,2,2,1,1,1,1,3,3,-5.4885496882787335,-7.185245393635386,7.0328374,3.5478888,-52.755733,-77.70997,21,2024-04-01,21.740000000000002,0.0,82.165,12.975,1.0,177.9275,2024,4,1,12.0,0,Peru_4001.csv
2024-04-02,4001,6.0,2.0,11.0,3.0,5.4,5.0,2,2,1,1,1,1,3,3,-6.488399531701998,-6.6805122038678135,7.0115676,3.6300597,-53.168633,-77.4114,21,2024-04-02,21.88125,0.0,78.45,13.2875,1.0,167.6825,2024,4,2,11.0,0,Peru_4001.csv
2024-04-03,4001,4.0,1.0,14.0,4.0,7.4,5.0,2,2,1,1,1,1,3,3,-5.663412553845813,-7.127799654721749,7.059106,3.5909245,-52.987637,-77.575226,21,2024-04-03,21.892500000000002,0.0,75.6325,11.1575,1.0,177.475,2024,4,3,14.0,0,Peru_4001.csv
2024-04-04,4001,3.0,2.0,16.0,5.0,6.0,6.0,2,2,1,1,1,1,3,3,-5.415686907816308,-7.084097519563331,7.0419083,3.5697556,-53.128227,-77.51055,21,2024-04-04,22.1825,0.0,76.2875,12.03125,1.0,170.975,2024,4,4,16.0,0,Peru_4001.csv
2024-04-05,4001,4.0,4.0,12.0,5.0,3.0,5.0,2,2,1,1,1,1,3,3,-6.708037570688533,-6.3015862785038115,6.9725647,3.6758742,-53.370285,-77.07695,21,2024-04-05,22.255,0.0,78.60374999999999,12.713750000000001,1.0,174.12375,2024,4,5,12.0,0,Peru_4001.csv
2024-04-06,4001,11.0,17.0,13.0,4.0,3.0,5.0,2,2,1,1,1,1,3,3,-5.493006518600868,-5.240971932089291,6.9216027,3.6829636,-53.430183,-76.48657,21,2024-04-06,22.115000000000002,0.0,80.72375,12.14875,1.0,168.0725,2024,4,6,17.0,0,Peru_4001.csv
2024-04-07,4001,45.0,12.0,12.0,4.0,3.0,5.0,2,2,1,1,1,1,3,3,-4.317535098755689,-3.005546686010389,5.637212,5.086221,-54.187317,-66.83876,21,2024-04-07,22.04,0.0,81.38125,10.43875,1.0,187.37125,2024,4,7,45.0,0,Peru_4001.csv
2024-04-08,4001,35.0,12.0,14.0,5.0,5.8,5.0,2,2,1,1,1,1,3,3,-3.8852032597037853,-4.0577433437883785,6.802373,3.485775,-49.804474,-76.22881,21,2024-04-08,22.27875,0.0,77.99625,10.58875,1.0,176.99,2024,4,8,35.0,0,Peru_4001.csv
2024-04-09,4001,33.0,13.0,17.0,6.0,8.4,5.0,2,2,1,1,1,1,3,3,-2.8478969781277237,-4.480203125775396,6.8701715,3.2059782,-48.95173,-76.796135,21,2024-04-09,22.677500000000002,0.0,77.23375,11.56875,1.0,173.3125,2024,4,9,33.0,0,Peru_4001.csv
2024-04-10,4001,32.0,11.0,17.0,5.0,7.2,5.0,2,2,1,1,1,1,3,3,-3.2182449372055677,-4.575176020541084,6.878947,3.2965674,-49.120106,-76.45807,21,2024-04-10,22.33375,0.0,77.19749999999999,11.38875,1.0,177.40125,2024,4,10,32.0,0,Peru_4001.csv
2024-04-11,4001,28.0,12.0,20.0,7.0,11.0,5.0,2,2,1,1,4,4,7,7,-2.059119877227628,-5.220113261936767,6.8636303,3.0233989,-47.57917,-76.82447,21,2024-04-11,22.955,0.0,74.005,10.69875,1.0,174.22875,2024,4,11,28.0,0,Peru_4001.csv
2024-04-12,4001,33.0,11.0,18.0,6.0,4.8,6.0,2,2,1,1,1,1,3,3,-3.310271290009958,-4.286389440753965,6.8606696,3.4511569,-48.653778,-75.19776,21,2024-04-12,22.69875,0.0,74.29125,12.4425,1.0,173.71875,2024,4,12,33.0,0,Peru_4001.csv
2024-04-13,4001,31.0,8.0,15.0,5.0,6.4,5.0,2,2,1,1,1,1,3,3,-3.9739314418350786,-4.6479923887454335,6.885599,3.398195,-49.872578,-76.380905,21,2024-04-13,22.19125,0.0,77.07375,13.1175,1.0,171.1925,2024,4,13,31.0,0,Peru_4001.csv
2024-04-14,4001,27.0,7.0,13.0,4.0,8.2,5.0,2,2,1,1,1,1,3,3,-4.302027523180374,-5.237821404298928,6.9653797,3.41066,-51.03048,-77.379585,21,2024-04-14,21.9425,0.0,79.82625,14.07375,1.0,173.16125,2024,4,14,27.0,0,Peru_4001.csv
2024-04-15,4001,28.0,11.0,14.0,5.0,3.0,5.0,2,2,1,1,1,1,3,3,-4.7804037273661715,-4.262582432123616,6.7322483,3.7573617,-50.125084,-73.69164,21,2024-04-15,21.40375,0.0,82.27,14.8775,1.0,172.01625,2024,4,15,28.0,0,Peru_4001.csv
2024-04-16,4001,38.0,42.4,16.0,5.0,2.0,5.0,2,2,1,1,1,1,3,3,-2.4403254505914163,-1.888090839812187,0.13504055,6.7832766,-4.8644805,-66.97108,21,2024-04-16,21.2125,0.0,81.8425,10.25,1.0,188.99,2024,4,16,42.4,0,Peru_4001.csv
2024-04-17,4001,82.6,36.6,21.0,6.0,3.0,18.0,2,2,1,1,4,4,7,7,1.756640523095067,-0.866332017035772,3.5164025,-3.6908746,21.566677,-52.37768,21,2024-04-17,21.2425,0.0,78.66625,9.65875,1.0,176.7625,2024,4,17,82.6,0,Peru_4001.csv
2024-04-18,4001,74.6,45.4,17.0,5.0,2.0,1.2,2,2,1,1,4,4,7,7,-0.6525647797402706,1.3959173905521787,0.12793355,4.039925,25.446224,-26.172586,21,2024-04-18,20.19375,0.0,80.77875,10.04375,1.0,186.54000000000002,2024,4,18,74.6,0,Peru_4001.csv
2024-04-19,4001,80.0,23.8,25.0,9.0,10.4,10.2,2,2,1,1,4,4,7,7,2.432178042269778,-1.4617844592549145,-0.965172,4.341012,70.22743,-20.590796,21,2024-04-19,20.6875,0.0,74.4275,10.23,1.0,172.9675,2024,4,19,80.0,0,Peru_4001.csv
2024-04-20,4001,96.2,26.2,22.0,9.0,7.8,10.6,0,0,1,1,4,4,7,7,2.292781880664962,0.17877283521657678,-0.9637673,3.5337002,69.50791,-21.68588,21,2024-04-20,21.89375,0.0,71.38125,10.018749999999999,1.0,177.24,2024,4,20,96.2,0,Peru_4001.csv
2024-04-21,4001,72.2,38.2,17.0,6.0,11.6,17.8,2,2,1,1,4,4,9,9,2.0603022514299116,-2.4947666592592146,3.7282295,-3.253563,26.148756,-62.95471,21,2024-04-21,22.02625,0.0,70.17375,10.86375,1.0,175.27,2024,4,21,72.2,0,Peru_4001.csv
2024-04-22,4001,73.4,53.4,19.0,7.0,20.6,11.4,0,0,0,0,4,4,9,9,4.37680401288443,-1.8969381111935375,4.1769114,-0.7751108,52.37103,-25.098894,21,2024-04-22,22.50375,0.0,69.55625,10.73125,1.0,162.75,2024,4,22,73.4,0,Peru_4001.csv
2024-04-23,4001,65.0,30.2,19.0,6.0,21.8,9.0,2,2,0,0,4,4,2,2,2.7696232605779203,-3.5709593478744512,5.131528,-0.39671674,49.753365,-31.515574,21,2024-04-23,22.03,0.0,72.73124999999999,11.53875,1.0,170.655,2024,4,23,65.0,0,Peru_4001.csv
2024-04-24,4001,77.6,59.2,17.0,5.0,12.0,8.4,0,0,3,3,4,4,9,9,2.6519515313159614,0.0838024041345088,2.7010398,0.14242923,42.10994,10.019352,21,2024-04-24,20.7575,0.0,80.54,9.80375,1.0,182.70250000000001,2024,4,24,77.6,0,Peru_4001.csv
2024-04-25,4001,87.6,54.0,15.0,5.0,19.4,8.4,0,0,3,3,4,4,9,9,3.7935176783832554,-0.33398928665790856,3.5082948,-0.77883726,54.57123,-19.248285,21,2024-04-25,20.46125,0.0,81.23375,9.01375,1.0,185.9325,2024,4,25,87.6,0,Peru_4001.csv
2024-04-26,4001,70.8,35.8,23.0,9.0,11.0,7.8,2,2,1,1,4,4,7,7,2.101521417174056,-1.2309782599845869,-1.1134851,4.5038285,45.57825,-37.35457,21,2024-04-26,20.884999999999998,0.0,77.92125,9.9325,1.0,185.47,2024,4,26,70.8,0,Peru_4001.csv
2024-04-27,4001,103.2,18.6,21.0,8.0,15.0,7.6,0,0,1,1,4,4,7,7,3.065888419855888,-0.24767501980253118,-1.0472248,2.905307,66.011444,-22.097576,21,2024-04-27,20.86625,0.0,77.48,9.93125,1.0,176.95999999999998,2024,4,27,103.2,0,Peru_4001.csv
2024-04-28,4001,72.2,38.2,17.0,6.0,11.6,17.8,2,2,1,1,4,4,9,9,2.0603022514299116,-2.4947666592592146,3.7037525,-3.2452624,26.148756,-62.95471,21,2024-04-28,20.77875,0.0,76.84875,8.3825,1.0,186.71,2024,4,28,72.2,0,Peru_4001.csv
2024-04-29,4001,73.4,27.4,21.0,7.0,10.0,4.8,2,2,1,1,4,4,7,7,0.9346381523855393,-1.0335468240794918,-0.8288769,4.620545,40.22939,-32.537548,21,2024-04-29,20.895,0.0,75.5775,9.81125,1.0,181.025,2024,4,29,73.4,0,Peru_4001.csv
2024-04-30,4001,73.4,27.4,21.0,7.0,10.0,4.8,2,2,1,1,4,4,7,7,0.9346381523855393,-1.0335468240794918,-0.794075,4.611323,40.22939,-32.537548,21,2024-04-30,21.1675,0.0,77.12,10.42625,1.0,181.68125,2024,4,30,73.4,0,Peru_4001.csv
2024-05-01,4001,97.0,55.2,16.0,5.0,6.0,16.6,0,0,3,3,5,5,11,11,2.81637834337003,0.9691347408651007,2.3990552,-2.7361488,57.54814,0.23477949,21,2024-05-01,20.3625,0.0,82.75,11.93125,1.0,178.4575,2024,5,1,97.0,0,Peru_4001.csv
2024-05-02,4001,87.6,54.0,15.0,5.0,19.4,8.4,0,0,3,3,4,4,9,9,3.7935176783832554,-0.33398928665790856,3.4842908,-0.78300124,54.57123,-19.248264,21,2024-05-02,19.43375,0.0,89.11875,10.10125,1.0,186.07874999999999,2024,5,2,87.6,0,Peru_4001.csv
2024-05-03,4001,74.8,21.0,16.0,4.0,10.8,18.4,2,2,1,1,4,4,9,9,0.9939454935642633,-3.2702638890824223,3.672253,-3.2688165,16.620533,-66.31006,21,2024-05-03,19.5275,0.0,86.495,8.18,1.0,206.79375,2024,5,3,74.8,0,Peru_4001.csv
2024-05-04,4001,97.0,55.2,16.0,5.0,6.0,16.6,0,0,3,3,5,5,11,11,2.81637834337003,0.9691347408651007,2.3920476,-2.7371564,57.547977,0.2346694,21,2024-05-04,19.27625,0.0,86.0,8.2275,1.0,207.8225,2024,5,4,97.0,0,Peru_4001.csv
2024-05-05,4001,41.2,39.2,16.4,6.0,3.8,5.8,2,2,1,1,1,1,3,3,-1.9736415982212505,-2.0869570885222073,0.14006121,6.788078,-4.883152,-66.761185,21,2024-05-05,19.355,0.0,85.34875,6.945,1.0,211.33875,2024,5,5,41.2,0,Peru_4001.csv
2024-05-06,4001,41.2,39.2,16.4,6.0,3.8,5.8,2,2,1,1,1,1,3,3,-1.9736415982212505,-2.0869570885222073,0.13902695,6.7884336,-4.883096,-66.76103,21,2024-05-06,19.2925,0.0,83.98375,11.465,1.0,176.4125,2024,5,6,41.2,0,Peru_4001.csv
2024-05-07,4001,41.2,39.2,16.4,6.0,3.8,5.8,2,2,1,1,1,1,3,3,-1.9736415982212505,-2.0869570885222073,0.13872308,6.7909265,-4.883096,-66.76103,21,2024-05-07,19.2625,0.0,82.77375,11.848749999999999,1.0,171.53,2024,5,7,41.2,0,Peru_4001.csv
2024-05-08,4001,73.8,53.0,24.0,6.0,3.0,7.0,0,0,1,1,4,4,7,7,1.8231945763549025,0.7171996072829193,-1.1743989,3.942073,74.925,-8.062956,21,2024-05-08,19.01375,0.0,83.06375,9.8825,1.0,225.01625,2024,5,8,73.8,0,Peru_4001.csv
2024-05-09,4001,105.6,43.8,21.0,7.0,3.0,6.0,0,0,3,3,4,4,7,7,2.180369114044703,2.839241228856796,-1.5515665,2.1585822,56.659153,28.48722,21,2024-05-09,18.695,0.0,85.4275,7.00875,1.0,205.6675,2024,5,9,105.6,0,Peru_4001.csv
2024-05-10,4001,53.6,39.6,22.0,11.0,3.0,6.0,2,2,1,1,4,4,7,7,-0.33503820340980967,-0.8677479912271019,-0.5353309,5.490873,26.090029,-46.882298,21,2024-05-10,19.00125,0.0,82.91125,10.12,1.0,176.745,2024,5,10,53.6,0,Peru_4001.csv
2024-05-11,4001,71.2,33.0,21.0,7.2,3.0,6.0,2,2,1,1,4,4,7,7,-0.03865427806725089,-0.17792536120029984,-0.35241342,5.0952463,30.989033,-37.96604,21,2024-05-11,18.88625,0.0,82.91499999999999,8.79375,1.0,205.73375,2024,5,11,71.2,0,Peru_4001.csv
2024-05-12,4001,60.0,39.4,14.0,11.0,3.0,6.0,2,2,1,1,4,4,3,3,-1.6652345162906022,-0.21688164388712539,0.7390711,4.8917794,9.780224,-37.128624,21,2024-05-12,18.03,0.0,83.44125,7.9262500000000005,1.0,228.53125,2024,5,12,60.0,0,Peru_4001.csv
2024-05-13,4001,71.2,33.0,21.0,7.2,3.0,6.0,2,2,1,1,4,4,7,7,-0.03865427806725089,-0.17792536120029984,-0.34745154,5.0774384,30.98901,-37.966194,21,2024-05-13,18.41125,0.0,83.45,6.81875,1.0,227.4375,2024,5,13,71.2,0,Peru_4001.csv
2024-05-14,4001,41.4,27.0,20.0,8.0,3.0,6.0,2,2,1,1,4,4,7,7,-1.9892045719881526,-2.5528248487255767,-0.002876679,6.089831,-1.6109328,-66.574,21,2024-05-14,18.7425,0.0,81.83875,6.875,1.0,215.6875,2024,5,14,41.4,0,Peru_4001.csv
2024-05-15,4001,89.6,38.2,20.0,26.8,7.8,6.0,0,0,3,3,4,4,7,7,1.810184545081734,2.270538550875176,-0.25741208,1.8713057,34.38918,-0.1566645,21,2024-05-15,18.55,0.0,80.79125,9.43125,1.0,181.40625,2024,5,15,89.6,0,Peru_4001.csv
2024-05-16,4001,80.2,35.0,23.0,14.2,7.8,6.0,2,2,1,1,4,4,7,7,1.7833383791666833,0.43331156496496864,-1.0344589,4.08067,72.69589,-11.951721,21,2024-05-16,18.4825,0.0,82.5475,9.0725,1.0,181.69125,2024,5,16,80.2,0,Peru_4001.csv
2024-05-17,4001,68.0,31.0,19.0,14.0,14.2,6.0,2,2,1,1,4,4,9,9,1.3291911862721772,-1.3709799976502353,4.577871,0.09099136,45.196407,-32.815582,21,2024-05-17,18.64,0.0,82.835,9.89875,1.0,176.2125,2024,5,17,68.0,0,Peru_4001.csv
2024-05-18,4001,60.8,48.6,17.0,30.4,16.8,5.0,2,2,1,1,4,4,9,9,1.8944986202007386,0.04681952543142972,3.1721084,-0.08483569,39.488853,-7.863467,21,2024-05-18,18.04375,0.0,85.73875,9.8625,1.0,197.86375,2024,5,18,60.8,0,Peru_4001.csv
2024-05-19,4001,86.6,36.8,16.0,13.6,9.8,5.0,2,2,1,1,4,4,9,9,1.0326805640340009,0.9982308630064136,0.10598586,2.7309923,36.085545,-17.982407,21,2024-05-19,17.596249999999998,0.0,86.865,9.19,1.0,236.3425,2024,5,19,86.6,0,Peru_4001.csv
2024-05-20,4001,80.6,37.2,15.0,14.2,5.6,5.0,2,2,1,1,4,4,9,9,-0.19716098052572656,1.1806115808652202,1.0457637,3.3293607,7.8725653,5.644467,21,2024-05-20,16.59625,0.0,87.7175,8.7175,1.0,194.89249999999998,2024,5,20,80.6,0,Peru_4001.csv
2024-05-21,4001,86.6,36.8,16.0,13.6,9.8,5.0,2,2,1,1,4,4,9,9,1.0326805640340009,0.9982308630064136,0.12929238,2.7205458,36.08564,-17.982693,21,2024-05-21,16.12875,0.0,83.74375,8.4375,1.0,162.2375,2024,5,21,86.6,0,Peru_4001.csv
2024-05-22,4001,72.2,41.8,19.0,10.0,11.6,5.0,2,2,1,1,4,4,9,9,1.5290260645559532,-0.3574702584566152,3.957699,0.077659525,41.294453,-23.982786,21,2024-05-22,16.005,0.0,85.58375,9.185,1.0,174.345,2024,5,22,72.2,0,Peru_4001.csv
2024-05-23,4001,74.4,32.0,23.0,10.0,5.4,5.8,2,2,1,1,4,4,7,7,0.8906111927444901,-0.11584472456106339,-0.99308026,4.6349826,75.22475,-16.373972,21,2024-05-23,16.13125,0.0,83.45875,8.2325,1.0,181.64499999999998,2024,5,23,74.4,0,Peru_4001.csv
2024-05-24,4001,51.8,23.4,26.0,6.0,7.4,26.4,1,1,0,0,4,4,7,7,2.141021289958248,-5.558996384083774,4.3553405,-4.561625,86.6295,-28.67371,21,2024-05-24,17.0875,0.0,81.5925,7.77125,1.0,175.395,2024,5,24,51.8,0,Peru_4001.csv
2024-05-25,4001,74.4,32.0,23.0,10.0,5.4,5.8,2,2,1,1,4,4,7,7,0.8906111927444901,-0.11584472456106339,-0.9983817,4.642292,75.224754,-16.373951,21,2024-05-25,17.76375,0.0,81.71375,9.442499999999999,1.0,177.82875,2024,5,25,74.4,0,Peru_4001.csv
2024-05-26,4001,90.2,76.2,16.0,8.6,5.0,6.2,0,0,3,3,5,5,11,11,2.485293302696996,3.311063225495585,1.4438621,0.14715298,38.69876,18.267996,21,2024-05-26,16.475,0.0,86.27125,8.5175,1.0,203.53,2024,5,26,90.2,0,Peru_4001.csv
2024-05-27,4001,73.8,20.8,19.0,12.4,13.2,9.0,2,2,1,1,4,4,7,7,1.1608924558930414,-1.855421697464206,-3.7278025,-1.851,43.271313,-32.568604,21,2024-05-27,16.12,0.0,83.8,6.8775,1.0,199.85375,2024,5,27,73.8,0,Peru_4001.csv
2024-05-28,4001,74.2,36.8,18.0,8.2,3.0,8.8,2,2,1,1,4,4,7,7,-0.05832299351097268,0.0022305636509753466,0.46069357,4.7481403,19.205038,-36.952595,21,2024-05-28,15.8325,0.0,84.4375,7.7625,1.0,203.22625,2024,5,28,74.2,0,Peru_4001.csv
2024-05-29,4001,105.6,39.8,25.0,12.2,5.6,6.4,0,0,3,3,4,4,7,7,3.2991724719938644,2.5400594117696484,-1.815117,2.9755118,81.751564,3.801134,21,2024-05-29,16.17875,0.0,85.07249999999999,7.76625,1.0,186.7375,2024,5,29,105.6,0,Peru_4001.csv
2024-05-30,4001,73.8,20.8,19.0,12.4,13.2,9.0,2,2,1,1,4,4,7,7,1.1608924558930414,-1.855421697464206,-3.730519,-1.8489875,43.27194,-32.56861,21,2024-05-30,15.8325,0.0,86.245,10.0425,1.0,174.05375,2024,5,30,73.8,0,Peru_4001.csv
2024-05-31,4001,49.2,32.8,21.0,14.0,9.2,13.8,2,2,1,1,4,4,7,7,0.7096520057301865,-3.106602235324357,4.3673177,0.16563101,32.014244,-52.128704,21,2024-05-31,15.0475,0.0,88.83,10.315,1.0,171.77625,2024,5,31,49.2,0,Peru_4001.csv
2024-06-01,4001,73.8,20.8,19.0,12.4,13.2,9.0,2,2,1,1,4,4,7,7,1.1608924558930414,-1.855421697464206,-3.7293372,-1.8518285,43.27126,-32.568684,21,2024-06-01,14.93125,0.0,88.42375,8.370000000000001,1.0,194.73375,2024,6,1,73.8,0,Peru_4001.csv
2024-06-02,4001,76.6,27.2,14.0,9.2,12.0,9.0,2,2,1,1,4,4,9,9,0.3893627603296816,-1.2917087399254237,4.887882,1.2057849,16.18829,-45.112522,21,2024-06-02,15.68375,0.0,84.11,7.88625,1.0,202.07375000000002,2024,6,2,76.6,0,Peru_4001.csv
2024-06-03,4001,82.8,20.4,20.0,16.4,12.4,10.6,2,2,1,1,4,4,7,7,1.780062183496764,-1.069455109741351,-3.7295222,-1.8523026,42.83306,-32.226063,21,2024-06-03,15.74625,0.0,84.74,6.91,1.0,179.28625,2024,6,3,82.8,0,Peru_4001.csv
2024-06-04,4001,82.8,20.4,20.0,16.4,12.4,10.6,2,2,1,1,4,4,7,7,1.780062183496764,-1.069455109741351,-3.7309787,-1.853554,42.83295,-32.226776,21,2024-06-04,15.485,0.0,83.1575,9.0775,1.0,175.3125,2024,6,4,82.8,0,Peru_4001.csv
2024-06-05,4001,77.0,38.2,20.0,7.0,9.0,6.0,2,2,1,1,4,4,7,7,1.391222173954185,-0.24168559117243682,-0.6339472,4.494525,35.660416,-30.249952,21,2024-06-05,15.855,0.0,81.6675,9.36875,1.0,173.68625,2024,6,5,77.0,0,Peru_4001.csv
2024-06-06,4001,107.0,54.0,27.0,8.0,1.0,6.0,0,0,3,3,5,5,7,7,3.6392207395151375,3.6284401358936322,-2.0004964,2.8365688,79.717125,6.164269,21,2024-06-06,15.928749999999999,0.0,83.235,9.63875,1.0,172.96375,2024,6,6,107.0,0,Peru_4001.csv
2024-06-07,4001,88.0,31.4,22.0,7.0,9.4,6.0,2,2,1,1,4,4,7,7,2.0474123842374414,0.1140517762674993,-1.1574583,3.5201898,68.67868,-20.668358,21,2024-06-07,16.3125,0.0,83.23875,10.182500000000001,1.0,171.36125,2024,6,7,88.0,0,Peru_4001.csv
2024-06-08,4001,80.8,24.2,17.0,6.0,14.4,5.0,2,2,1,1,4,4,9,9,1.1220140314304978,-1.2126649765278565,4.58427,0.2380353,43.5675,-29.21783,21,2024-06-08,15.89625,0.0,85.645,9.620000000000001,1.0,176.74875,2024,6,8,80.8,0,Peru_4001.csv
2024-06-09,4001,81.4,40.8,12.0,5.0,13.2,5.0,2,2,1,1,4,4,9,9,0.7776274609970655,-0.135831815553882,3.601877,0.52845126,6.4390435,-17.933174,21,2024-06-09,15.8075,0.0,86.2125,12.07,1.0,169.93375,2024,6,9,81.4,0,Peru_4001.csv
2024-06-10,4001,75.0,29.8,17.0,7.0,14.2,5.0,2,2,1,1,4,4,9,9,1.0987495923564663,-1.2534624747726886,4.6360636,0.27165335,43.39017,-29.42462,21,2024-06-10,15.68625,0.0,85.22999999999999,9.50875,1.0,163.97375,2024,6,10,75.0,0,Peru_4001.csv
2024-06-11,4001,73.4,36.6,25.0,9.0,7.2,6.0,2,2,1,1,4,4,7,7,1.8299310789625758,-0.333298692532489,-1.1334095,4.4907317,74.91914,-15.077565,21,2024-06-11,16.16125,0.0,82.99,8.72125,1.0,177.80875,2024,6,11,73.4,0,Peru_4001.csv
2024-06-12,4001,58.0,31.0,23.0,8.0,12.2,5.0,2,2,1,1,4,4,7,7,1.2030365806491075,-2.247521515995783,-1.1308296,4.7249393,44.439747,-38.053528,21,2024-06-12,15.705,0.0,86.09375,9.23,1.0,183.63625,2024,6,12,58.0,0,Peru_4001.csv
2024-06-13,4001,73.8,33.2,19.0,7.0,17.6,6.0,2,2,1,1,4,4,9,9,2.3272526447978628,-1.7806292420781549,4.6885138,-0.17747764,47.570564,-28.941631,21,2024-06-13,15.4225,0.0,86.37625,9.095,1.0,168.93625,2024,6,13,73.8,0,Peru_4001.csv
2024-06-14,4001,60.2,30.8,21.0,7.0,16.0,5.0,2,2,1,1,4,4,7,7,1.5766638709232181,-2.599867004058933,4.930763,-0.035573334,48.53309,-34.103542,21,2024-06-14,15.62125,0.0,84.9075,11.2925,1.0,166.83125,2024,6,14,60.2,0,Peru_4001.csv
2024-06-15,4001,72.0,43.0,19.0,7.0,21.4,5.0,2,2,0,0,4,4,2,2,3.347847460127489,-1.7635493891075604,4.439167,-0.7361854,53.25844,-25.15698,21,2024-06-15,15.48875,0.0,86.04125,9.2375,1.0,176.62125,2024,6,15,72.0,0,Peru_4001.csv
2024-06-16,4001,80.8,24.2,17.0,6.0,14.4,5.0,2,2,1,1,4,4,9,9,1.1220140314304978,-1.2126649765278565,4.635317,0.19997545,43.5675,-29.21783,21,2024-06-16,15.87,0.0,85.07875,7.9037500000000005,1.0,195.52125,2024,6,16,80.8,0,Peru_4001.csv
2024-06-17,4001,74.6,34.6,18.0,6.0,15.4,5.0,2,2,1,1,4,4,9,9,1.747779812172118,-1.2905440667707824,4.5868287,0.10428152,44.59649,-28.66789,21,2024-06-17,16.15625,0.0,86.385,7.86125,1.0,189.5825,2024,6,17,74.6,0,Peru_4001.csv
2024-06-18,4001,82.4,40.6,14.0,6.0,8.6,5.0,2,2,1,1,4,4,9,9,0.3929334897957024,0.5287078773983471,2.377629,1.307297,12.111757,0.23450397,21,2024-06-18,15.7975,0.0,87.26625,9.51375,1.0,213.81125,2024,6,18,82.4,0,Peru_4001.csv
2024-06-19,4001,72.8,41.2,17.0,7.0,5.8,6.0,2,2,1,1,4,4,7,7,0.15596793478182247,0.08109784411279708,0.12885363,4.269445,29.22266,-25.121813,21,2024-06-19,15.54875,0.0,87.015,6.8625,1.0,218.7125,2024,6,19,72.8,0,Peru_4001.csv
2024-06-20,4001,76.0,28.4,21.0,9.0,9.6,6.0,2,2,1,1,4,4,7,7,1.1485784866201936,-0.7591482912791805,-0.8002239,4.5718136,40.161587,-32.429424,21,2024-06-20,15.33375,0.0,87.52250000000001,7.78,1.0,175.995,2024,6,20,76.0,0,Peru_4001.csv
2024-06-21,4001,82.6,46.4,26.0,11.0,3.2,6.0,0,0,3,3,4,4,7,7,2.2664095093455154,1.448660289763316,-1.6641611,3.77943,82.14963,-7.4941845,21,2024-06-21,15.475,0.0,87.87875,9.63125,1.0,170.92374999999998,2024,6,21,82.6,0,Peru_4001.csv
2024-06-22,4001,66.6,38.4,25.0,11.0,13.6,6.0,2,2,0,0,4,4,7,7,2.7547577815953654,-1.3936502755165847,-1.3274882,4.345573,46.715603,-37.16444,21,2024-06-22,15.35625,0.0,88.81375,10.272499999999999,1.0,173.87,2024,6,22,66.6,0,Peru_4001.csv
2024-06-23,4001,82.4,40.6,14.0,6.0,8.6,5.0,2,2,1,1,4,4,9,9,0.3929334897957024,0.5287078773983471,2.381458,1.2894001,12.111757,0.23450397,21,2024-06-23,15.6175,0.0,88.95875,6.4675,1.0,205.4625,2024,6,23,82.4,0,Peru_4001.csv
2024-06-24,4001,76.6,33.4,16.0,6.0,12.8,5.0,2,2,1,1,4,4,9,9,0.9050520761858681,-0.8296167098448803,4.262224,0.49744502,42.259827,-28.208414,21,2024-06-24,15.315000000000001,0.0,87.03999999999999,8.30125,1.0,198.44875,2024,6,24,76.6,0,Peru_4001.csv
2024-06-25,4001,90.6,41.4,22.0,9.0,9.0,6.0,0,0,3,3,4,4,7,7,2.6229777478640357,1.0002920282990966,-1.2198408,3.303109,67.855736,-20.162535,21,2024-06-25,15.60625,0.0,85.14625,7.56,1.0,201.35999999999999,2024,6,25,90.6,0,Peru_4001.csv
2024-06-26,4001,72.6,25.4,23.0,9.0,7.0,5.0,2,2,1,1,4,4,7,7,0.6778050788151702,-0.74431317466925,-0.9182649,4.7064304,40.51062,-37.50355,21,2024-06-26,15.887500000000001,0.0,87.6925,6.595,1.0,241.03625,2024,6,26,72.6,0,Peru_4001.csv
2024-06-27,4001,92.0,39.4,31.0,12.0,22.4,6.0,0,0,0,0,0,0,2,2,6.843428136325135,-0.6861487300219331,4.378595,-1.315002,69.16474,-27.208918,21,2024-06-27,15.85625,0.0,85.7175,6.655,1.0,187.81125,2024,6,27,92.0,0,Peru_4001.csv
2024-06-28,4001,105.0,20.0,23.0,9.0,2.4,6.0,0,0,3,3,4,4,7,7,1.216268432510152,1.775043233854426,-1.5288063,2.8599875,78.62629,22.284834,21,2024-06-28,15.67625,0.0,88.275,7.91625,1.0,197.66,2024,6,28,105.0,0,Peru_4001.csv
2024-06-29,4001,95.4,36.2,20.0,9.0,12.0,6.0,0,0,3,3,4,4,7,7,2.7190218129604338,0.7592787585497,-1.1106259,2.914772,66.552895,-20.954607,21,2024-06-29,15.15375,0.0,87.9275,11.59625,1.0,171.74124999999998,2024,6,29,95.4,0,Peru_4001.csv
2024-06-30,4001,41.2,32.6,20.0,9.0,18.6,5.0,2,2,0,0,4,4,2,2,1.023419747616539,-4.040942546124882,5.7338285,0.6971537,-17.064468,-50.162132,21,2024-06-30,15.594999999999999,0.0,86.71375,10.5875,1.0,175.68375,2024,6,30,41.2,0,Peru_4001.csv
2024-07-01,4001,71.0,28.4,18.0,8.0,19.0,5.0,2,2,1,1,4,4,9,9,1.9053093359195206,-2.168253122152487,4.9184675,-0.16019194,48.07032,-31.103607,21,2024-07-01,15.309999999999999,0.0,89.645,7.67,1.0,190.24,2024,7,1,71.0,0,Peru_4001.csv
2024-07-02,4001,85.4,35.0,18.0,8.0,2.0,6.0,2,2,1,1,4,4,7,7,-0.04039105747519858,1.208714261702175,0.39477035,4.2524605,15.707554,-36.26855,21,2024-07-02,15.053749999999999,0.0,87.63125,7.5925,1.0,213.5425,2024,7,2,85.4,0,Peru_4001.csv
2024-07-03,4001,69.6,49.0,17.0,8.0,4.0,5.0,2,2,1,1,4,4,7,7,-0.005073348868162709,0.6738563506117565,-0.0315287,4.093465,28.16242,-24.244804,21,2024-07-03,15.0475,0.0,85.505,7.5200000000000005,1.0,186.56,2024,7,3,69.6,0,Peru_4001.csv
2024-07-04,4001,71.2,41.6,20.0,9.0,14.0,5.0,2,2,1,1,4,4,9,9,2.106103575205157,-0.8395389254703202,4.224893,-0.11370297,41.757023,-24.242172,21,2024-07-04,16.0875,0.0,82.585,6.75,1.0,177.95499999999998,2024,7,4,71.2,0,Peru_4001.csv
2024-07-05,4001,62.0,55.8,20.0,9.0,11.0,5.0,2,2,1,1,4,4,9,9,1.8585754621382293,-0.41646025528541997,4.0696344,0.46078375,37.15404,-25.065065,21,2024-07-05,17.2375,0.0,77.02125,10.13875,1.0,165.64625,2024,7,5,62.0,0,Peru_4001.csv
2024-07-06,4001,83.4,56.8,23.0,9.0,19.0,5.0,0,0,0,0,4,4,9,9,4.997876330901025,0.10294999376141913,4.027673,-0.9212776,62.55309,-18.45919,21,2024-07-06,16.615000000000002,0.0,81.15125,14.4125,1.0,156.97375,2024,7,6,83.4,0,Peru_4001.csv
2024-07-07,4001,74.0,57.6,22.0,9.0,10.0,5.0,0,0,1,1,4,4,7,7,2.756936238103932,0.6188509796424116,-0.88915986,3.7229447,70.15048,-10.151567,21,2024-07-07,15.873750000000001,0.0,86.3525,12.0675,1.0,173.47,2024,7,7,74.0,0,Peru_4001.csv
2024-07-08,4001,59.8,37.4,17.0,8.0,8.0,5.0,2,2,1,1,4,4,7,7,-0.35759993978412624,-1.1200951190952508,4.412556,1.2818413,-3.555743,-57.29896,21,2024-07-08,15.705,0.0,87.505,11.34625,1.0,174.65,2024,7,8,59.8,0,Peru_4001.csv
2024-07-09,4001,60.8,44.0,19.0,8.0,6.0,5.0,2,2,1,1,4,4,7,7,0.07932337858689195,-0.5147418244977697,-0.42470282,4.5974874,32.12136,-27.701237,21,2024-07-09,15.3925,0.0,87.95875,8.3525,1.0,176.21,2024,7,9,60.8,0,Peru_4001.csv
2024-07-10,4001,63.2,33.4,17.0,7.0,4.0,5.0,2,2,1,1,4,4,7,7,-1.1256233944083431,-0.6447480739498227,0.44808292,5.150992,22.901405,-38.315853,21,2024-07-10,14.9925,0.0,85.20375,8.82375,1.0,174.75,2024,7,10,63.2,0,Peru_4001.csv
2024-07-11,4001,67.4,41.6,19.0,8.0,7.0,5.0,2,2,1,1,4,4,7,7,0.45339008410412396,-0.2829960884952975,-0.405184,4.507896,33.023876,-27.76671,21,2024-07-11,14.59875,0.0,84.375,9.06375,1.0,174.94375,2024,7,11,67.4,0,Peru_4001.csv
2024-07-12,4001,90.0,34.0,18.0,9.0,5.0,5.0,2,2,1,1,4,4,7,7,0.5843950258880559,1.3214459375339989,-0.089873545,4.1281557,19.43238,-28.053352,21,2024-07-12,14.695,0.0,85.15,7.9750000000000005,1.0,191.85,2024,7,12,90.0,0,Peru_4001.csv
2024-07-13,4001,86.8,47.4,24.0,12.0,4.0,6.0,0,0,3,3,4,4,7,7,2.2597027366156706,1.8248462447075129,-1.4437975,3.6229753,78.48172,-4.744303,21,2024-07-13,14.96125,0.0,84.8175,9.09,1.0,175.0,2024,7,13,86.8,0,Peru_4001.csv
2024-07-14,4001,89.8,50.6,23.0,11.0,5.0,6.0,0,0,3,3,4,4,7,7,2.5462709144703464,2.0282295295076636,-1.3628719,3.5563252,78.34131,-4.292743,21,2024-07-14,14.50875,0.0,87.79125,9.5475,1.0,175.5425,2024,7,14,89.8,0,Peru_4001.csv
2024-07-15,4001,69.6,49.0,17.0,8.0,4.0,5.0,2,2,1,1,4,4,7,7,-0.005073348868162709,0.6738563506117565,-0.034030117,4.1143155,28.162516,-24.244913,21,2024-07-15,14.16625,0.0,86.52125,8.54875,1.0,181.2825,2024,7,15,69.6,0,Peru_4001.csv
2024-07-16,4001,59.4,30.8,18.0,8.0,6.0,5.0,2,2,1,1,4,4,7,7,-0.8776114860432704,-1.2531667916497657,4.7343183,1.3457968,-3.8807304,-57.074257,21,2024-07-16,14.495,0.0,85.81625,6.3375,1.0,202.1875,2024,7,16,59.4,0,Peru_4001.csv
2024-07-17,4001,70.0,69.8,23.0,9.0,10.0,5.0,0,0,3,3,4,4,9,9,3.401623873067445,0.9162138137699377,-0.9336256,3.407497,68.76152,-9.376249,21,2024-07-17,14.54375,0.0,84.75,7.5175,1.0,172.445,2024,7,17,70.0,0,Peru_4001.csv
2024-07-18,4001,66.0,63.6,22.0,9.0,6.0,5.0,0,0,1,1,4,4,7,7,1.960494452102613,0.8434367627013215,-0.82186973,3.5931802,70.017525,-8.553406,21,2024-07-18,14.5325,0.0,82.1025,10.18,1.0,162.65,2024,7,18,66.0,0,Peru_4001.csv
2024-07-19,4001,84.6,58.4,26.0,11.0,9.0,6.0,0,0,3,3,4,4,7,7,4.0341670199402415,1.4658025907315704,-1.6330208,3.6688857,86.73417,-6.108088,21,2024-07-19,14.2925,0.0,85.27375,11.868749999999999,1.0,171.5525,2024,7,19,84.6,0,Peru_4001.csv
2024-07-20,4001,70.0,69.8,23.0,9.0,10.0,5.0,0,0,3,3,4,4,9,9,3.401623873067445,0.9162138137699377,-0.91397196,3.4107008,68.76152,-9.376249,21,2024-07-20,14.059999999999999,0.0,85.55375,13.0075,1.0,159.225,2024,7,20,70.0,0,Peru_4001.csv
2024-07-21,4001,55.6,59.0,21.0,9.0,9.0,5.0,2,2,1,1,4,4,9,9,1.5586014589003678,-0.4925827723190024,4.105156,0.50472564,37.048496,-24.906847,21,2024-07-21,14.5125,0.0,84.66625,10.96375,1.0,171.34875,2024,7,21,59.0,0,Peru_4001.csv
2024-07-22,4001,45.8,36.2,8.6,21.4,12.0,5.0,2,2,1,1,1,1,3,3,-2.0626196772504217,-1.508501208353465,4.7668705,2.1044056,-27.128653,-30.225903,21,2024-07-22,14.629999999999999,0.0,83.23625,8.955,1.0,158.01625,2024,7,22,45.8,0,Peru_4001.csv
2024-07-23,4001,74.6,40.6,7.0,8.0,13.0,5.0,2,2,1,1,1,1,9,9,-0.6100354070983676,-0.2699375187852207,3.7533064,1.2566824,2.0205443,-9.236857,21,2024-07-23,14.54,0.0,85.97125,8.82625,1.0,165.45875,2024,7,23,74.6,0,Peru_4001.csv
2024-07-24,4001,100.6,54.4,5.6,16.8,16.0,5.0,0,0,3,3,5,5,11,11,1.6299218266124447,2.6056124330043606,1.1249053,-0.24699998,29.252058,34.33988,21,2024-07-24,14.65,0.0,87.12875,8.28875,1.0,189.58375,2024,7,24,100.6,0,Peru_4001.csv
2024-07-25,4001,86.2,51.0,7.6,14.4,8.0,5.0,0,0,3,3,5,5,11,11,-0.2824505640540649,2.1734993425729847,1.4590255,0.62492496,-7.179466,20.916792,21,2024-07-25,14.9175,0.0,85.26625,7.59,1.0,201.70875,2024,7,25,86.2,0,Peru_4001.csv
2024-07-26,4001,76.4,38.6,11.4,6.2,5.0,5.0,2,2,1,1,4,4,9,9,-1.1794595802904606,0.5255645943788478,2.0327759,2.9677076,0.62560624,2.1396263,21,2024-07-26,14.89,0.0,85.94375,7.92375,1.0,175.22375,2024,7,26,76.4,0,Peru_4001.csv
2024-07-27,4001,86.2,51.0,7.6,14.4,8.0,5.0,0,0,3,3,5,5,11,11,-0.2824505640540649,2.1734993425729847,1.4418077,0.6053724,-7.179466,20.916792,21,2024-07-27,14.98625,0.0,85.33625,6.6625,1.0,193.9625,2024,7,27,86.2,0,Peru_4001.csv
2024-07-28,4001,58.4,39.0,12.4,9.8,8.0,6.0,2,2,1,1,4,4,9,9,-1.1872499829795535,-1.02974830045985,4.2206345,2.0408251,-18.077728,-29.04901,21,2024-07-28,14.8925,0.0,86.40125,7.38875,1.0,189.01,2024,7,28,58.4,0,Peru_4001.csv
2024-07-29,4001,56.6,31.2,15.4,7.0,7.6,5.0,2,2,1,1,4,4,7,7,-1.2333703382429677,-1.6459705746325586,4.64964,1.8065834,-4.3592997,-56.289413,21,2024-07-29,14.88875,0.0,86.115,7.14,1.0,219.25375,2024,7,29,56.6,0,Peru_4001.csv
2024-07-30,4001,56.6,31.2,15.4,7.0,7.6,5.0,2,2,1,1,4,4,7,7,-1.2333703382429677,-1.6459705746325586,4.659363,1.8052077,-4.3592124,-56.28866,21,2024-07-30,15.52875,0.0,85.015,8.51625,1.0,166.975,2024,7,30,56.6,0,Peru_4001.csv
2024-07-31,4001,82.2,36.6,16.8,20.2,8.6,6.0,2,2,1,1,4,4,9,9,0.8540928296527983,1.1499897962572996,-0.037386782,2.6487546,34.30789,-16.650002,21,2024-07-31,15.30875,0.0,85.80625,8.192499999999999,1.0,181.08875,2024,7,31,82.2,0,Peru_4001.csv
2024-08-01,4001,82.2,36.6,16.8,20.2,8.6,6.0,2,2,1,1,4,4,9,9,0.8540928296527983,1.1499897962572996,-0.042573772,2.6892629,34.307896,-16.65003,21,2024-08-01,15.53125,0.0,85.32125,9.321250000000001,1.0,180.135,2024,8,1,82.2,0,Peru_4001.csv
2024-08-02,4001,82.2,36.6,16.8,20.2,8.6,6.0,2,2,1,1,4,4,9,9,0.8540928296527983,1.1499897962572996,-0.031736787,2.6834748,34.307922,-16.649998,21,2024-08-02,15.135,0.0,85.81875,13.90625,1.0,166.34375,2024,8,2,82.2,0,Peru_4001.csv
2024-08-03,4001,64.6,29.8,22.0,11.0,2.0,6.0,2,2,1,1,4,4,7,7,-0.4947263479524766,-0.43699319424552774,-0.5117834,5.437626,31.815947,-41.237118,21,2024-08-03,14.96,0.0,85.32375,11.25125,1.0,173.3025,2024,8,3,64.6,0,Peru_4001.csv
2024-08-04,4001,98.8,62.6,21.0,10.0,1.0,6.0,0,0,3,3,5,5,11,11,2.472514764417559,3.760521211360431,-1.404916,2.5638623,77.003975,6.681209,21,2024-08-04,14.95125,0.0,85.85375,8.973749999999999,1.0,170.79625,2024,8,4,98.8,0,Peru_4001.csv
2024-08-05,4001,83.6,47.0,20.0,9.0,1.0,5.0,0,0,1,1,4,4,7,7,0.6358907737255929,1.9634079571481722,-0.67277193,3.8270295,74.75547,-0.83282727,21,2024-08-05,15.1,0.0,87.25,10.612499999999999,1.0,173.75,2024,8,5,83.6,0,Peru_4001.csv
2024-08-06,4001,66.2,43.2,20.0,10.0,1.0,5.0,2,2,1,1,4,4,7,7,-0.3988279010239143,0.58643201030612,-0.22827393,4.852262,29.406757,-28.660242,21,2024-08-06,14.85125,0.0,86.605,12.72375,1.0,172.785,2024,8,6,66.2,0,Peru_4001.csv
2024-08-07,4001,66.2,41.8,17.0,8.0,1.0,5.0,2,2,1,1,4,4,7,7,-1.0850553910935044,0.44395178039759425,0.10315728,4.8736153,28.3353,-27.932238,21,2024-08-07,14.46875,0.0,87.7975,10.095,1.0,199.0925,2024,8,7,66.2,0,Peru_4001.csv
2024-08-08,4001,62.6,37.2,18.0,8.0,1.0,5.0,2,2,1,1,4,4,7,7,-1.294073977056455,-0.07197993995368965,0.1741074,4.9589167,28.31702,-28.135529,21,2024-08-08,14.682500000000001,0.0,85.7625,9.06625,1.0,266.285,2024,8,8,62.6,0,Peru_4001.csv
2024-08-09,4001,84.8,58.6,22.0,10.0,1.0,5.0,0,0,3,3,4,4,7,7,1.705015129795498,2.655634006098862,-1.1506257,3.7268922,75.52963,-4.569312,21,2024-08-09,14.3825,0.0,86.97875,8.70375,1.0,181.2125,2024,8,9,84.8,0,Peru_4001.csv
2024-08-10,4001,96.2,61.2,26.0,11.0,1.0,6.0,0,0,3,3,4,4,7,7,3.2935595141770495,3.451817827118106,-1.9726527,2.8542483,78.73888,7.08181,21,2024-08-10,14.16375,0.0,87.42375,9.571250000000001,1.0,177.55625,2024,8,10,96.2,0,Peru_4001.csv
2024-08-11,4001,75.6,58.0,25.0,10.0,1.0,5.0,0,0,3,3,4,4,7,7,1.8409983943203503,1.8854387661563434,-1.1976659,3.901998,74.05751,-8.005843,21,2024-08-11,14.11,0.0,87.58875,7.93375,1.0,183.11124999999998,2024,8,11,75.6,0,Peru_4001.csv
2024-08-12,4001,78.6,38.2,19.0,9.0,1.0,5.0,2,2,1,1,4,4,7,7,-0.26592757145544266,1.1849540824916938,0.18395846,4.605628,20.389214,-36.120518,21,2024-08-12,14.09125,0.0,85.04625,7.49875,1.0,186.14625,2024,8,12,78.6,0,Peru_4001.csv
2024-08-13,4001,66.2,43.2,20.0,10.0,1.0,5.0,2,2,1,1,4,4,7,7,-0.3988279010239143,0.58643201030612,-0.23299557,4.8589315,29.406757,-28.660242,21,2024-08-13,14.4175,0.0,84.61,9.0825,1.0,173.855,2024,8,13,66.2,0,Peru_4001.csv
2024-08-14,4001,107.4,52.4,24.0,12.0,1.0,6.0,0,0,3,3,5,5,7,7,2.9704925205336496,3.9440355341802023,-1.9230758,2.630246,79.23953,6.240916,21,2024-08-14,14.81,0.0,83.985,10.883750000000001,1.0,174.53,2024,8,14,107.4,0,Peru_4001.csv
2024-08-15,4001,55.6,31.6,25.0,12.0,2.0,6.0,2,2,1,1,4,4,7,7,-0.2229552767013348,-0.9991969358256212,-1.0473466,5.27285,36.662025,-48.796944,21,2024-08-15,14.5875,0.0,84.50875,11.7525,1.0,170.5625,2024,8,15,55.6,0,Peru_4001.csv
2024-08-16,4001,101.8,60.2,23.0,11.0,1.0,6.0,0,0,3,3,5,5,7,7,2.900912134727569,3.881179863807579,-1.8161317,2.6976328,77.96892,6.674155,21,2024-08-16,14.2875,0.0,85.03125,10.0025,1.0,170.76125,2024,8,16,101.8,0,Peru_4001.csv
2024-08-17,4001,89.6,44.6,20.0,9.0,1.0,6.0,0,0,3,3,4,4,7,7,0.8887544810283322,2.1435880126681903,-0.6468453,3.8695858,74.89201,-0.49121454,21,2024-08-17,14.69125,0.0,81.7775,9.7575,1.0,159.11,2024,8,17,89.6,0,Peru_4001.csv
2024-08-18,4001,96.6,55.8,23.0,9.0,1.0,6.0,0,0,3,3,4,4,7,7,2.418758500998916,3.137759102221066,-1.6050899,2.8831198,77.79826,6.384761,21,2024-08-18,14.665,0.0,85.0475,10.133750000000001,1.0,171.98375000000001,2024,8,18,96.6,0,Peru_4001.csv
2024-08-19,4001,83.6,47.0,20.0,9.0,1.0,5.0,0,0,1,1,4,4,7,7,0.6358907737255929,1.9634079571481722,-0.6709922,3.8041008,74.75658,-0.8328467,21,2024-08-19,14.8375,0.0,85.54875,12.1575,1.0,167.81,2024,8,19,83.6,0,Peru_4001.csv
2024-08-20,4001,68.4,32.4,21.0,9.0,2.0,6.0,2,2,1,1,4,4,7,7,-0.3828651831705029,-0.15323228422305094,-0.44369683,5.1825657,30.819635,-38.417095,21,2024-08-20,15.24875,0.0,85.23875,10.411249999999999,1.0,178.34,2024,8,20,68.4,0,Peru_4001.csv
2024-08-21,4001,83.8,66.4,23.0,9.0,1.0,5.0,0,0,3,3,4,4,7,7,2.2642302383218986,2.8763984527141866,-1.0893089,3.698642,75.38141,-4.5996265,21,2024-08-21,15.26375,0.0,85.8525,10.65625,1.0,201.035,2024,8,21,83.8,0,Peru_4001.csv
2024-08-22,4001,73.2,61.6,21.0,9.0,1.0,5.0,0,0,1,1,4,4,7,7,1.096805646496204,1.917770236455779,-0.7601813,3.6203547,71.35049,-6.063985,21,2024-08-22,15.6125,0.0,82.85,11.08125,1.0,211.45125,2024,8,22,73.2,0,Peru_4001.csv
2024-08-23,4001,73.2,61.6,21.0,9.0,1.0,5.0,0,0,1,1,4,4,7,7,1.096805646496204,1.917770236455779,-0.7350386,3.6207988,71.35038,-6.063988,21,2024-08-23,14.62125,0.0,85.885,8.5525,1.0,192.88,2024,8,23,73.2,0,Peru_4001.csv
2024-08-24,4001,83.6,47.0,20.0,9.0,1.0,5.0,0,0,1,1,4,4,7,7,0.6358907737255929,1.9634079571481722,-0.677564,3.8208053,74.75666,-0.8328325,21,2024-08-24,14.585,0.0,84.98375,7.1875,1.0,241.56625,2024,8,24,83.6,0,Peru_4001.csv
2024-08-25,4001,121.6,59.8,23.0,17.0,1.0,6.0,0,0,3,3,5,5,10,10,3.843112698561436,5.73367426140487,-2.0000293,2.0284355,78.71805,13.400578,21,2024-08-25,16.005,0.0,80.79125,8.34,1.0,178.89125,2024,8,25,121.6,0,Peru_4001.csv
2024-08-26,4001,98.8,41.2,26.0,12.6,2.0,9.4,0,0,3,3,4,4,7,7,2.8630265118040903,2.173599770602291,-1.8030427,3.2562869,80.791214,2.771634,21,2024-08-26,16.36,0.0,81.45375,12.70375,1.0,176.56625,2024,8,26,98.8,0,Peru_4001.csv
2024-08-27,4001,97.8,44.2,25.0,13.4,2.0,11.0,0,0,3,3,4,4,7,7,2.9097230627836446,2.120676489279586,-1.6834263,3.1850092,80.60521,3.2507575,21,2024-08-27,15.18375,0.0,86.41125,8.685,1.0,195.3475,2024,8,27,97.8,0,Peru_4001.csv
2024-08-28,4001,88.4,54.4,21.0,22.4,1.0,12.4,0,0,3,3,4,4,7,7,2.1285028859769572,2.6473679276515947,-1.1377116,2.6042202,89.06369,6.9790354,21,2024-08-28,14.59875,0.0,86.7825,10.2225,1.0,170.82999999999998,2024,8,28,88.4,0,Peru_4001.csv
2024-08-29,4001,76.8,41.2,24.0,11.4,2.0,4.6,2,2,1,1,4,4,7,7,0.9696320112247119,1.1850345892303766,-1.1962352,4.1214137,78.63989,-9.048037,21,2024-08-29,14.82375,0.0,86.385,13.39625,1.0,164.6675,2024,8,29,76.8,0,Peru_4001.csv
2024-08-30,4001,88.4,54.4,21.0,22.4,1.0,12.4,0,0,3,3,4,4,7,7,2.1285028859769572,2.6473679276515947,-1.1378237,2.6129313,89.063065,6.9790435,21,2024-08-30,14.79125,0.0,85.8275,10.56125,1.0,167.47875,2024,8,30,88.4,0,Peru_4001.csv
2024-08-31,4001,88.4,54.4,21.0,22.4,1.0,12.4,0,0,3,3,4,4,7,7,2.1285028859769572,2.6473679276515947,-1.1312361,2.6248174,89.06369,6.9790354,21,2024-08-31,14.7975,0.0,85.23,7.8637500000000005,1.0,204.16125,2024,8,31,88.4,0,Peru_4001.csv
2024-09-01,4001,124.6,24.6,19.0,11.6,1.0,5.8,0,0,3,3,5,5,10,10,1.3190318103206986,3.916465194985111,-1.5957645,1.9765031,56.41103,33.917183,21,2024-09-01,14.67375,0.0,85.01875,7.28,1.0,188.27625,2024,9,1,124.6,0,Peru_4001.csv
2024-09-02,4001,76.8,41.2,24.0,11.4,2.0,4.6,2,2,1,1,4,4,7,7,0.9696320112247119,1.1850345892303766,-1.2288673,4.0893974,78.63989,-9.048037,21,2024-09-02,14.705,0.0,86.63,9.1525,1.0,179.98874999999998,2024,9,2,76.8,0,Peru_4001.csv
2024-09-03,4001,94.2,48.8,23.0,15.8,1.0,10.0,0,0,3,3,4,4,7,7,2.3025790760452343,2.5753213741637473,-1.5221405,3.16172,80.14798,3.7777236,21,2024-09-03,14.54,0.0,87.56875,9.96875,1.0,185.20875,2024,9,3,94.2,0,Peru_4001.csv
2024-09-04,4001,82.0,34.6,21.0,5.6,3.0,7.0,2,2,1,1,4,4,7,7,0.6511303213916507,0.43317731418218375,-0.51937115,4.330791,75.40398,0.9143691,21,2024-09-04,14.535,0.0,85.3825,9.0175,1.0,190.36875,2024,9,4,82.0,0,Peru_4001.csv
2024-09-05,4001,71.8,35.4,19.0,14.0,5.0,3.0,2,2,1,1,4,4,7,7,-0.18614046993232997,0.6830442738306531,-0.17604353,4.637364,26.675352,-31.249151,21,2024-09-05,14.55375,0.0,85.9475,8.18875,1.0,256.1675,2024,9,5,71.8,0,Peru_4001.csv
2024-09-06,4001,72.8,43.4,16.0,12.0,7.0,3.0,2,2,1,1,4,4,9,9,0.02559779835770929,0.8327512003766268,0.006225406,3.6478553,32.080196,-19.856594,21,2024-09-06,14.68,0.0,85.9575,8.0975,1.0,177.78625,2024,9,6,72.8,0,Peru_4001.csv
2024-09-07,4001,53.8,24.0,22.0,14.0,8.0,4.0,2,2,1,1,4,4,7,7,-0.40519481746334096,-1.7767303848925728,-0.22899908,5.8506875,28.71302,-45.92451,21,2024-09-07,15.38875,0.0,84.99875,9.07375,1.0,182.01,2024,9,7,53.8,0,Peru_4001.csv
2024-09-08,4001,78.2,44.4,22.0,13.0,6.0,3.0,0,0,1,1,4,4,7,7,1.3798424504910551,1.324559635355452,-1.0606021,4.043442,76.6258,-9.616872,21,2024-09-08,15.4875,0.0,86.73,8.682500000000001,1.0,175.72,2024,9,8,78.2,0,Peru_4001.csv
2024-09-09,4001,88.4,34.6,24.0,14.0,4.0,3.0,0,0,1,1,4,4,7,7,1.4094470123080785,1.846930717714392,-1.557421,3.6839511,82.78967,-4.197522,21,2024-09-09,15.61625,0.0,87.55625,8.7375,1.0,176.9925,2024,9,9,88.4,0,Peru_4001.csv
2024-09-10,4001,71.2,33.8,17.0,13.0,3.0,2.0,2,2,1,1,4,4,7,7,-1.1563898575594815,0.9209250089277707,0.25097704,4.975209,25.55813,-31.66937,21,2024-09-10,15.57375,0.0,86.43125,10.06875,1.0,168.355,2024,9,10,71.2,0,Peru_4001.csv
2024-09-11,4001,68.8,42.4,22.0,14.0,2.0,3.0,2,2,1,1,4,4,7,7,0.10164713829823471,1.119911901897216,-1.0876198,4.4482074,77.76678,-13.446426,21,2024-09-11,15.48375,0.0,86.615,10.92625,1.0,175.5425,2024,9,11,68.8,0,Peru_4001.csv
2024-09-12,4001,58.6,30.2,21.0,13.0,2.0,2.0,2,2,1,1,4,4,7,7,-1.317297652089231,-0.14477513135321343,-0.21711834,5.8307357,27.37815,-44.78193,21,2024-09-12,15.6425,0.0,85.14125,8.885,1.0,189.09625,2024,9,12,58.6,0,Peru_4001.csv
2024-09-13,4001,63.8,42.2,23.0,14.0,4.0,2.0,2,2,1,1,4,4,7,7,0.3267235643612099,0.6056139282558914,-1.1354668,4.4997454,77.57964,-14.322082,21,2024-09-13,15.60125,0.0,85.49625,9.61875,1.0,179.50875,2024,9,13,63.8,0,Peru_4001.csv
2024-09-14,4001,70.0,41.8,24.0,14.0,1.0,3.0,2,2,1,1,4,4,7,7,0.35472791059972825,1.2530452755079295,-1.1648127,4.3573027,78.01153,-13.289227,21,2024-09-14,15.915,0.0,83.895,8.248750000000001,1.0,218.9875,2024,9,14,70.0,0,Peru_4001.csv
2024-09-15,4001,84.2,58.6,22.0,13.0,1.0,2.0,0,0,3,3,4,4,7,7,1.4152853601012234,3.2333582431580243,-1.1491567,3.7102625,75.47683,-4.8191996,21,2024-09-15,15.62375,0.0,84.75875,6.8875,1.0,245.91,2024,9,15,84.2,0,Peru_4001.csv
2024-09-16,4001,59.6,48.0,17.0,12.0,6.0,1.0,2,2,1,1,4,4,7,7,-0.5254814202315388,0.4765284587789648,-0.05720594,3.7650068,25.405113,-18.022795,21,2024-09-16,15.7775,0.0,83.8325,7.55,1.0,233.73499999999999,2024,9,16,59.6,0,Peru_4001.csv
2024-09-17,4001,65.0,36.2,19.0,13.0,4.0,1.0,2,2,1,1,4,4,7,7,-0.8311674801842813,0.5511398987131039,0.08712267,4.8758597,26.172953,-31.225796,21,2024-09-17,15.475,0.0,84.8125,10.532499999999999,1.0,173.12,2024,9,17,65.0,0,Peru_4001.csv
2024-09-18,4001,53.0,31.8,20.0,14.0,4.0,2.0,2,2,1,1,4,4,7,7,-1.3448724921979867,-0.6235475150430236,-0.123881675,5.9286575,26.976841,-45.46854,21,2024-09-18,15.32375,0.0,84.79625,10.575,1.0,181.31125,2024,9,18,53.0,0,Peru_4001.csv
2024-09-19,4001,63.8,46.2,20.0,15.0,4.0,2.0,2,2,1,1,4,4,7,7,-0.07459537240360467,0.9534300985570117,-0.43540728,3.9695356,27.841417,-18.337254,21,2024-09-19,15.425,0.0,83.83500000000001,12.70625,1.0,172.89125,2024,9,19,63.8,0,Peru_4001.csv
2024-09-20,4001,44.6,24.0,19.0,14.0,2.0,2.0,2,2,1,1,4,4,7,7,-2.719918145122326,-1.3465401510319197,0.029515812,6.105062,-1.3391788,-65.04533,21,2024-09-20,15.36,0.0,84.64125,9.0725,1.0,189.4675,2024,9,20,44.6,0,Peru_4001.csv
2024-09-21,4001,62.4,30.0,18.0,12.0,2.0,1.0,2,2,1,1,4,4,7,7,-1.8449425660662038,0.2550567322992039,0.09739306,5.5719156,25.950397,-40.357635,21,2024-09-21,15.99625,0.0,82.0375,8.6325,1.0,182.025,2024,9,21,62.4,0,Peru_4001.csv
2024-09-22,4001,82.4,49.2,22.0,14.0,1.0,2.0,0,0,3,3,4,4,7,7,0.8415027351040876,2.7049795054061994,-1.1478089,3.9080918,77.766335,-7.4789352,21,2024-09-22,15.987499999999999,0.0,82.87625,10.1225,1.0,178.23375,2024,9,22,82.4,0,Peru_4001.csv
2024-09-23,4001,73.8,33.2,20.0,14.0,9.2,1.0,2,2,1,1,4,4,7,7,0.5814817612175829,0.4324857725225982,-0.71311796,4.4039907,37.649776,-33.1968,21,2024-09-23,15.9925,0.0,85.0575,11.135,1.0,173.4125,2024,9,23,73.8,0,Peru_4001.csv
2024-09-24,4001,68.0,37.2,21.0,14.0,18.4,1.0,2,2,1,1,4,4,9,9,2.375325810344368,-0.9683086826636305,4.7493486,-0.17258821,49.169434,-29.299515,21,2024-09-24,15.74375,0.0,87.85625,11.2325,1.0,178.51125,2024,9,24,68.0,0,Peru_4001.csv
2024-09-25,4001,73.0,37.2,18.0,13.0,8.6,1.0,2,2,1,1,4,4,7,7,0.2338750616043072,0.6267487519826845,-0.4738285,4.2113986,37.1977,-32.819027,21,2024-09-25,15.705,0.0,87.475,11.44,1.0,193.84375,2024,9,25,73.0,0,Peru_4001.csv
2024-09-26,4001,77.6,38.8,17.0,13.0,8.2,1.0,2,2,1,1,4,4,7,7,0.2629423261546696,1.1149658904919522,-0.045678303,3.6358128,33.013126,-19.347855,21,2024-09-26,15.545,0.0,86.11,8.9475,1.0,213.72875,2024,9,26,77.6,0,Peru_4001.csv
2024-09-27,4001,62.4,30.0,18.0,12.0,2.0,1.0,2,2,1,1,4,4,7,7,-1.8449425660662038,0.2550567322992039,0.09653868,5.5782313,25.950397,-40.357635,21,2024-09-27,16.505,0.0,82.86875,8.92375,1.0,182.53375,2024,9,27,62.4,0,Peru_4001.csv
2024-09-28,4001,77.8,39.0,22.0,14.0,4.2,1.0,2,2,1,1,4,4,7,7,0.5794737363359984,1.592114715314888,-1.1039795,4.0431356,77.38065,-8.937377,21,2024-09-28,15.76,0.0,86.995,10.0125,1.0,177.98375,2024,9,28,77.8,0,Peru_4001.csv
2024-09-29,4001,79.4,43.2,23.0,14.0,3.8,1.0,0,0,1,1,4,4,7,7,1.0061159233564205,1.944105348794515,-1.1212983,4.007082,77.48847,-8.780092,21,2024-09-29,16.83375,0.0,82.75,12.52875,1.0,162.95875,2024,9,29,79.4,0,Peru_4001.csv
2024-09-30,4001,68.0,37.2,21.0,14.0,18.4,1.0,2,2,1,1,4,4,9,9,2.375325810344368,-0.9683086826636305,4.7372017,-0.20326439,49.169434,-29.299515,21,2024-09-30,16.3875,0.0,84.98875000000001,14.1725,1.0,160.41125,2024,9,30,68.0,0,Peru_4001.csv
2024-10-01,4001,76.6,30.4,18.0,14.0,7.0,1.0,2,2,1,1,4,4,7,7,-0.23356528493435547,0.8208204555615741,-0.54384184,4.3335032,37.13601,-32.894188,21,2024-10-01,16.6125,0.0,85.80125,11.813749999999999,1.0,175.30625,2024,10,1,76.6,0,Peru_4001.csv
2024-10-02,4001,73.8,33.2,20.0,14.0,9.2,1.0,2,2,1,1,4,4,7,7,0.5814817612175829,0.4324857725225982,-0.71997416,4.400722,37.649776,-33.1968,21,2024-10-02,16.26625,0.0,87.96375,8.60125,1.0,190.35375,2024,10,2,73.8,0,Peru_4001.csv
2024-10-03,4001,90.6,43.0,16.0,13.0,3.0,6.0,0,0,3,3,4,4,7,7,0.40671894696380484,2.275849272443357,-0.31229344,2.2503722,50.179596,25.663666,21,2024-10-03,17.1875,0.0,81.86,9.86375,1.0,179.7225,2024,10,3,90.6,0,Peru_4001.csv
2024-10-04,4001,93.2,57.8,15.0,16.0,5.0,7.0,0,0,3,3,5,5,11,11,1.5515499630610246,3.0649969601558844,-0.060207874,1.1257887,31.340517,22.751572,21,2024-10-04,17.855,0.0,79.92125,9.065,1.0,180.5725,2024,10,4,93.2,0,Peru_4001.csv
2024-10-05,4001,68.6,49.8,14.0,15.0,4.0,7.0,2,2,1,1,4,4,9,9,-0.4355212296773868,0.960268780787049,1.6267891,2.5446894,14.2736225,11.603765,21,2024-10-05,17.3475,0.0,77.78625,8.765,1.0,194.77625,2024,10,5,68.6,0,Peru_4001.csv
2024-10-06,4001,89.4,59.8,15.0,14.0,3.0,7.0,0,0,3,3,5,5,11,11,1.1081351851813925,2.9952528791309145,0.13729887,1.4634314,23.99012,19.868835,21,2024-10-06,16.76625,0.0,81.76625,8.27875,1.0,194.975,2024,10,6,89.4,0,Peru_4001.csv
2024-10-07,4001,76.6,47.4,12.0,15.0,3.0,7.0,2,2,1,1,4,4,9,9,-0.7623539957586938,1.59422614959704,1.3144721,2.0042741,15.484316,8.845591,21,2024-10-07,17.03625,0.0,80.40125,12.62,1.0,170.7975,2024,10,7,76.6,0,Peru_4001.csv
2024-10-08,4001,84.0,30.8,11.0,12.0,4.0,6.0,2,2,1,1,4,4,9,9,-1.3838214576520402,1.1109701488155759,1.5686777,3.7795446,-11.458322,2.6514862,21,2024-10-08,16.48625,0.0,83.8125,13.81875,1.0,166.53625,2024,10,8,84.0,0,Peru_4001.csv
2024-10-09,4001,83.8,60.2,10.0,12.0,5.0,6.0,0,0,3,3,5,5,11,11,0.11138252708980154,2.4693955505493776,1.5465902,1.28047,9.125315,24.913172,21,2024-10-09,16.9225,0.0,85.58375,10.8075,1.0,193.69875,2024,10,9,83.8,0,Peru_4001.csv
2024-10-10,4001,89.4,43.2,11.0,13.0,4.0,6.0,2,2,1,1,4,4,11,11,-0.47775528339845635,2.1967514427694232,0.6734784,2.217985,3.0966306,15.808794,21,2024-10-10,16.6625,0.0,86.03125,9.0925,1.0,203.74,2024,10,10,89.4,0,Peru_4001.csv
2024-10-11,4001,83.8,60.2,10.0,12.0,5.0,6.0,0,0,3,3,5,5,11,11,0.11138252708980154,2.4693955505493776,1.5094731,1.2705057,9.125315,24.913172,21,2024-10-11,16.4675,0.0,84.34875,8.3875,1.0,201.20374999999999,2024,10,11,83.8,0,Peru_4001.csv
2024-10-12,4001,89.4,43.2,11.0,13.0,4.0,6.0,2,2,1,1,4,4,11,11,-0.47775528339845635,2.1967514427694232,0.6834772,2.2324138,3.0966735,15.808818,21,2024-10-12,17.34875,0.0,77.3125,8.895,1.0,192.30125,2024,10,12,89.4,0,Peru_4001.csv
2024-10-13,4001,79.4,58.0,14.0,14.0,3.0,6.0,0,0,3,3,4,4,11,11,0.24068589876050822,2.339629801611983,1.3157758,1.7345355,16.318048,10.380882,21,2024-10-13,17.54375,0.0,78.68375,11.005,1.0,180.84875,2024,10,13,79.4,0,Peru_4001.csv
2024-10-14,4001,71.8,44.8,14.0,14.0,4.0,6.0,2,2,1,1,4,4,9,9,-0.6309031907348251,1.0019315787258425,1.4714696,2.713312,14.06332,11.414579,21,2024-10-14,17.11625,0.0,82.02125000000001,10.807500000000001,1.0,180.64625,2024,10,14,71.8,0,Peru_4001.csv
2024-10-15,4001,82.6,41.6,12.0,13.0,3.0,6.0,2,2,1,1,4,4,9,9,-0.8657799110378975,1.7252942137204004,0.8210625,2.399224,3.5557454,14.742989,21,2024-10-15,16.78,0.0,84.1975,9.495,1.0,184.6875,2024,10,15,82.6,0,Peru_4001.csv
2024-10-16,4001,73.2,62.0,13.0,13.0,3.0,6.0,2,2,1,1,4,4,11,11,-0.05527599677608059,2.0428281749882493,1.5274779,1.5648266,16.115416,10.490628,21,2024-10-16,16.6425,0.0,83.66625,13.53375,1.0,173.5225,2024,10,16,73.2,0,Peru_4001.csv
2024-10-17,4001,108.4,47.2,8.0,13.0,3.0,6.0,0,0,3,3,5,5,11,11,-0.14534990461981231,3.972598112316664,-0.9641524,0.14570634,35.427387,42.94509,21,2024-10-17,16.27375,0.0,83.89625000000001,11.885,1.0,181.78125,2024,10,17,108.4,0,Peru_4001.csv
2024-10-18,4001,99.6,56.2,8.4,12.0,3.0,7.0,0,0,3,3,5,5,11,11,0.06650582038419768,3.569804509966513,0.33907187,0.90411055,23.625994,42.93538,21,2024-10-18,16.52625,0.0,81.9275,10.40875,1.0,184.03,2024,10,18,99.6,0,Peru_4001.csv
2024-10-19,4001,61.0,44.8,13.4,14.0,3.0,7.0,2,2,1,1,4,4,9,9,-1.3658751342120765,0.22676395186455078,2.1302667,2.700034,9.795695,-36.25849,21,2024-10-19,16.67625,0.0,83.59375,10.21125,1.0,178.2975,2024,10,19,61.0,0,Peru_4001.csv
2024-10-20,4001,57.2,33.4,11.2,15.0,3.0,12.8,2,2,1,1,1,1,3,3,-2.0752097316679614,-1.268743087603217,5.0337873,3.7504628,-32.68628,-69.92265,21,2024-10-20,16.767500000000002,0.0,84.5425,10.59375,1.0,176.67000000000002,2024,10,20,57.2,0,Peru_4001.csv
2024-10-21,4001,69.6,38.8,10.6,4.8,3.0,15.6,2,2,1,1,1,1,4,4,-1.0862384984746312,-1.206876517163404,4.7749605,3.4990156,-23.724367,-72.63379,21,2024-10-21,18.32125,0.0,75.11,13.6775,1.0,158.29,2024,10,21,69.6,0,Peru_4001.csv
2024-10-22,4001,57.2,33.4,20.8,9.8,2.0,4.6,2,2,1,1,4,4,7,7,-1.034029207583612,-0.6630122826901989,-0.2769116,5.615609,27.27065,-44.16496,21,2024-10-22,17.78875,0.0,81.515,13.1025,1.0,170.27,2024,10,22,57.2,0,Peru_4001.csv
2024-10-23,4001,78.0,20.6,17.0,17.0,3.0,35.8,1,1,2,2,3,3,4,4,1.4781615713640894,-3.4803622677504347,3.3849523,-6.004389,18.334911,-86.18013,21,2024-10-23,17.765,0.0,83.76375,10.55125,1.0,180.885,2024,10,23,78.0,0,Peru_4001.csv
2024-10-24,4001,80.0,35.8,14.0,14.0,4.0,5.8,2,2,1,1,4,4,9,9,-0.7210027467682838,1.171129168829753,1.1024011,3.4633102,7.807119,5.810724,21,2024-10-24,17.525,0.0,85.17875000000001,10.4475,1.0,183.63125,2024,10,24,80.0,0,Peru_4001.csv
2024-10-25,4001,76.4,32.4,14.0,15.0,2.0,13.2,2,2,1,1,4,4,9,9,-0.7771237115638415,0.0741281612579645,1.2524681,3.906194,-6.4187202,-8.3585825,21,2024-10-25,17.15375,0.0,84.78,10.3325,1.0,191.375,2024,10,25,76.4,0,Peru_4001.csv
2024-10-26,4001,89.8,31.6,12.0,14.0,2.0,7.0,2,2,1,1,4,4,9,9,-1.1292165489198305,1.8102528095574388,1.1691278,3.5909586,-11.054614,4.118455,21,2024-10-26,16.9175,0.0,83.875,8.99375,1.0,188.4275,2024,10,26,89.8,0,Peru_4001.csv
2024-10-27,4001,71.4,39.8,11.0,14.0,5.0,20.4,2,2,1,1,4,4,4,4,-0.06740228924474394,-1.2569645382278307,2.8739011,-3.155967,9.222378,-59.331963,21,2024-10-27,16.76125,0.0,83.11500000000001,12.8425,1.0,171.29125,2024,10,27,71.4,0,Peru_4001.csv
2024-10-28,4001,70.8,45.0,15.0,15.0,7.0,14.8,2,2,1,1,4,4,9,9,0.8558936310101953,-0.5671341792236966,3.013343,-2.2794003,11.889649,-50.69444,21,2024-10-28,16.884999999999998,0.0,81.70875,12.17,1.0,172.54125,2024,10,28,70.8,0,Peru_4001.csv
2024-10-29,4001,80.8,34.2,15.0,15.0,5.0,13.8,2,2,1,1,4,4,9,9,0.32701537865235036,0.0006888325091161855,1.0168853,3.3773272,19.541988,-49.02879,21,2024-10-29,17.0275,0.0,83.40125,14.2325,1.0,164.725,2024,10,29,80.8,0,Peru_4001.csv
2024-10-30,4001,85.8,31.2,17.0,16.0,5.0,2.6,2,2,1,1,4,4,7,7,-0.16912699779411056,1.7353179951817794,-0.2528159,3.875009,31.522385,-15.32253,21,2024-10-30,16.966250000000002,0.0,85.1925,13.65875,1.0,172.64124999999999,2024,10,30,85.8,0,Peru_4001.csv
2024-10-31,4001,90.2,30.4,12.0,14.0,3.0,3.4,2,2,1,1,4,4,9,9,-1.309776342935693,2.1352218870809794,1.0785666,3.675916,-11.346243,4.290224,21,2024-10-31,17.306250000000002,0.0,79.525,11.588750000000001,1.0,171.74875,2024,10,31,90.2,0,Peru_4001.csv
2024-11-01,4001,83.6,53.2,16.0,15.0,5.0,10.4,0,0,3,3,4,4,9,9,1.35235551044233,1.5863763906336033,0.7305854,1.7739648,18.843153,6.754214,21,2024-11-01,17.4375,0.0,79.9125,14.14,1.0,168.65625,2024,11,1,83.6,0,Peru_4001.csv
2024-11-02,4001,82.8,48.0,14.0,15.0,5.0,7.0,0,0,1,1,4,4,9,9,0.33604906914665755,1.7722900557239163,1.0507752,1.769385,17.202742,6.9644322,21,2024-11-02,18.18375,0.0,77.39625000000001,12.8325,1.0,171.80875,2024,11,2,82.8,0,Peru_4001.csv
2024-11-03,4001,80.8,34.2,15.0,15.0,5.0,13.8,2,2,1,1,4,4,9,9,0.32701537865235036,0.0006888325091161855,0.98716223,3.3981733,19.541183,-49.02882,21,2024-11-03,18.63875,0.0,77.27,12.4825,1.0,177.495,2024,11,3,80.8,0,Peru_4001.csv
2024-11-04,4001,87.2,44.4,14.0,14.0,5.0,25.4,0,0,2,2,4,4,4,4,1.985667786099595,-0.6259239015540049,2.8540907,-3.7933838,19.415922,-60.84154,21,2024-11-04,17.96375,0.0,83.16625,14.65,1.0,170.78125,2024,11,4,87.2,0,Peru_4001.csv
2024-11-05,4001,95.2,42.2,14.0,14.0,6.0,10.2,0,0,3,3,4,4,9,9,1.0943584317358113,1.7519143248336637,-0.27030176,1.6677573,52.296265,23.828127,21,2024-11-05,17.85625,0.0,84.025,12.56,1.0,179.195,2024,11,5,95.2,0,Peru_4001.csv
2024-11-06,4001,102.2,51.0,15.0,14.0,5.0,3.0,0,0,3,3,5,5,11,11,1.275647675644021,3.764701669381313,-0.7950215,1.1751738,43.283108,34.272755,21,2024-11-06,17.72875,0.0,84.965,11.83375,1.0,176.19375,2024,11,6,102.2,0,Peru_4001.csv
2024-11-07,4001,83.0,43.8,10.0,14.0,4.0,2.4,2,2,1,1,4,4,11,11,-1.2753007367558562,2.3433027267186444,1.0160643,2.1129963,6.119989,16.192257,21,2024-11-07,17.6225,0.0,83.86875,9.6,1.0,187.42625,2024,11,7,83.0,0,Peru_4001.csv
2024-11-08,4001,74.0,50.4,8.0,14.0,4.0,6.4,2,2,1,1,1,1,11,11,-1.419733751461203,1.5365823906153018,2.3880496,2.5190518,-45.013546,15.237397,21,2024-11-08,17.735,0.0,79.135,11.5975,1.0,174.755,2024,11,8,74.0,0,Peru_4001.csv
2024-11-09,4001,68.6,45.4,9.0,15.0,2.0,3.2,2,2,1,1,1,1,3,3,-2.378961510263569,1.6233063699340877,2.4612782,2.936473,-27.842087,3.772463,21,2024-11-09,17.67625,0.0,75.875,11.828750000000001,1.0,174.90125,2024,11,9,68.6,0,Peru_4001.csv
2024-11-10,4001,77.4,51.8,17.0,16.0,6.0,24.4,0,0,3,3,4,4,4,4,2.6035914464179073,-0.883972236031331,3.208311,-3.619447,21.634392,-58.362404,21,2024-11-10,18.177500000000002,0.0,72.39125,12.12125,1.0,167.735,2024,11,10,77.4,0,Peru_4001.csv
2024-11-11,4001,87.2,43.6,15.0,15.0,6.0,9.2,0,0,3,3,4,4,9,9,0.89810107062389,1.4253063280623346,0.5450937,1.850546,21.185732,4.900227,21,2024-11-11,18.505,0.0,78.98625,11.25625,1.0,178.84875,2024,11,11,87.2,0,Peru_4001.csv
2024-11-12,4001,82.2,37.0,15.0,15.0,4.0,7.0,2,2,1,1,4,4,9,9,-0.24158759594500034,1.2784162183803383,0.990345,3.3674886,8.046371,5.796387,21,2024-11-12,18.195,0.0,81.9425,9.8325,1.0,180.23250000000002,2024,11,12,82.2,0,Peru_4001.csv
2024-11-13,4001,107.8,40.4,14.0,15.0,4.0,12.4,0,0,3,3,5,5,10,10,1.4426979420312063,2.603998374522809,-0.6464062,1.4357394,52.598984,24.823683,21,2024-11-13,18.7825,0.0,78.5425,7.35,1.0,178.29625000000001,2024,11,13,107.8,0,Peru_4001.csv
2024-11-14,4001,87.2,61.2,18.0,15.0,5.0,11.8,0,0,3,3,4,4,11,11,2.4723783634597463,2.0112671120408763,0.64723647,1.6629808,35.01174,6.469952,21,2024-11-14,18.4025,0.0,78.6575,7.20875,1.0,180.495,2024,11,14,87.2,0,Peru_4001.csv
2024-11-15,4001,67.8,16.8,18.0,14.0,4.0,9.4,2,2,1,1,4,4,7,7,-1.1640752067118278,-1.2453173182024222,0.44701734,5.6376076,17.02619,-70.43802,21,2024-11-15,18.64125,0.0,79.18875,9.08,1.0,175.96375,2024,11,15,67.8,0,Peru_4001.csv
2024-11-16,4001,90.4,43.6,16.0,14.0,4.0,5.2,0,0,3,3,4,4,9,9,0.5396489374130408,2.345998367788207,-0.29292884,2.225921,50.173733,25.688547,21,2024-11-16,18.66375,0.0,79.66,8.5425,1.0,182.88125,2024,11,16,90.4,0,Peru_4001.csv
2024-11-17,4001,96.8,20.0,16.0,14.0,3.0,13.2,2,2,1,1,4,4,7,7,0.14811515387406235,0.68098830309527,0.9660112,4.1742387,-14.0110235,-4.701994,21,2024-11-17,18.978749999999998,0.0,77.8425,8.9925,1.0,183.4175,2024,11,17,96.8,0,Peru_4001.csv
2024-11-18,4001,80.6,42.6,16.0,14.0,1.0,6.4,2,2,1,1,4,4,7,7,-0.4205983158048181,1.8029674840392915,0.21375304,3.7507942,28.566002,-21.126633,21,2024-11-18,18.9725,0.0,79.9225,8.1175,1.0,181.32375,2024,11,18,80.6,0,Peru_4001.csv
2024-11-19,4001,81.2,37.6,16.0,14.0,4.6,12.2,2,2,1,1,4,4,9,9,0.5114157684673005,0.3666889413539166,0.9496621,3.3950756,19.578083,-48.68927,21,2024-11-19,18.79875,0.0,79.78125,8.1875,1.0,185.99875,2024,11,19,81.2,0,Peru_4001.csv
2024-11-20,4001,81.2,37.6,16.0,14.0,4.6,12.2,2,2,1,1,4,4,9,9,0.5114157684673005,0.3666889413539166,0.9553939,3.4095366,19.578335,-48.68908,21,2024-11-20,19.18375,0.0,77.995,7.7725,1.0,186.01,2024,11,20,81.2,0,Peru_4001.csv
2024-11-21,4001,69.0,47.0,19.0,17.0,13.8,17.2,2,2,1,1,4,4,9,9,3.130614494517159,-1.7258378398430938,4.1084414,-2.6151383,67.77597,-35.30291,21,2024-11-21,19.041249999999998,0.0,79.74875,6.672499999999999,1.0,178.66,2024,11,21,69.0,0,Peru_4001.csv
2024-11-22,4001,63.0,53.4,21.0,16.0,4.6,18.4,2,2,1,1,4,4,9,9,2.023640466300658,-0.9658147493133522,3.5651956,-3.4838274,23.00243,-53.22947,21,2024-11-22,19.3825,0.0,80.63,7.835,1.0,186.12875,2024,11,22,63.0,0,Peru_4001.csv
2024-11-23,4001,64.4,35.0,20.0,16.0,12.8,14.0,2,2,1,1,4,4,9,9,2.023986703694844,-2.2042523225026063,4.2976537,0.020551452,44.86508,-34.316032,21,2024-11-23,19.353749999999998,0.0,82.37375,8.48125,1.0,185.09375,2024,11,23,64.4,0,Peru_4001.csv
2024-11-24,4001,83.0,39.0,17.0,15.0,12.6,13.2,2,2,1,1,4,4,9,9,2.4095026332105247,-0.5240506625308753,3.1318557,-2.0576859,16.1777,-48.089535,21,2024-11-24,19.33875,0.0,81.19875,7.105,1.0,189.1825,2024,11,24,83.0,0,Peru_4001.csv
2024-11-25,4001,81.2,37.6,16.0,14.0,4.6,12.2,2,2,1,1,4,4,9,9,0.5114157684673005,0.3666889413539166,0.9413352,3.378327,19.57792,-48.689217,21,2024-11-25,19.325,0.0,80.45875,7.83625,1.0,185.275,2024,11,25,81.2,0,Peru_4001.csv
2024-11-26,4001,96.8,35.4,17.0,16.0,4.0,10.0,0,0,3,3,4,4,7,7,1.0526239846833711,1.8773653279564946,-0.53323805,2.1241338,51.31347,26.91189,21,2024-11-26,19.50375,0.0,79.7,7.28,1.0,188.0525,2024,11,26,96.8,0,Peru_4001.csv
2024-11-27,4001,53.6,39.6,25.0,14.0,2.0,8.0,2,2,1,1,4,4,7,7,0.27596481276396617,-0.8642566462716319,-1.0011648,5.198985,81.98147,-16.379692,21,2024-11-27,19.6275,0.0,78.7475,7.02375,1.0,192.15125,2024,11,27,53.6,0,Peru_4001.csv
2024-11-28,4001,90.6,54.6,26.0,14.0,1.0,8.0,0,0,3,3,4,4,7,7,2.861725788933034,2.667373026457367,-1.7084668,3.340854,79.167305,4.435101,21,2024-11-28,19.62375,0.0,78.84875,7.58625,1.0,185.065,2024,11,28,90.6,0,Peru_4001.csv
2024-11-29,4001,49.4,20.4,32.0,15.0,2.0,7.0,2,2,1,1,4,4,7,7,0.41363912895609245,-2.096706663569359,-1.525504,5.0624285,87.9885,-20.359509,21,2024-11-29,19.817500000000003,0.0,80.2975,7.30375,1.0,189.6875,2024,11,29,49.4,0,Peru_4001.csv
2024-11-30,4001,90.6,47.2,37.0,15.0,1.0,7.0,0,0,3,3,4,4,7,7,4.629155920412932,2.2317744542588303,-2.2702386,3.6385357,91.37897,-12.290124,21,2024-11-30,20.18125,0.0,83.0875,7.21125,1.0,190.72875,2024,11,30,90.6,0,Peru_4001.csv
2024-12-01,4001,76.2,32.8,49.0,15.0,2.0,8.0,0,0,0,0,0,0,0,0,5.898249911807622,-0.08858351032588509,5.3028717,-5.9655156,93.849754,-16.344082,21,2024-12-01,19.9425,0.0,84.84,6.96875,1.0,192.11,2024,12,1,76.2,0,Peru_4001.csv
2024-12-02,4001,76.2,32.8,49.0,15.0,2.0,8.0,0,0,0,0,0,0,0,0,5.898249911807622,-0.08858351032588509,5.3033185,-5.965306,93.849754,-16.344082,21,2024-12-02,20.03625,0.0,82.27125,6.42375,1.0,193.65,2024,12,2,76.2,0,Peru_4001.csv
2024-12-03,4001,77.6,52.4,47.0,15.0,1.0,7.0,0,0,0,0,4,4,0,0,6.308116767077942,1.3043847245310867,5.3090386,-5.9670987,93.91755,-15.995892,21,2024-12-03,20.5325,0.0,80.435,6.5575,1.0,193.03,2024,12,3,77.6,0,Peru_4001.csv
2024-12-04,4001,82.0,55.6,40.0,11.0,1.0,7.0,0,0,0,0,4,4,7,7,5.255990170912887,1.663459027521328,-2.2634578,3.732278,91.159454,-13.176872,21,2024-12-04,20.90625,0.0,79.48375,6.22,1.0,201.8275,2024,12,4,82.0,0,Peru_4001.csv
2024-12-05,4001,67.2,43.4,12.0,3.0,6.0,3.0,2,2,1,1,4,4,9,9,-1.2520420294861188,-0.006854049041036902,2.6107056,3.399299,-26.480022,-11.844145,21,2024-12-05,20.04125,0.0,83.62125,6.91125,1.0,197.865,2024,12,5,67.2,0,Peru_4001.csv
2024-12-06,4001,80.4,33.4,12.0,4.0,1.0,3.0,2,2,1,1,4,4,7,7,-2.037262787632048,1.1492660220535336,1.6884571,4.425035,-20.291483,0.19577809,21,2024-12-06,19.84125,0.0,80.535,7.51375,1.0,194.51,2024,12,6,80.4,0,Peru_4001.csv
2024-12-07,4001,65.4,131.0,10.0,4.0,1.0,3.0,0,0,3,3,5,5,11,11,1.9042886320924333,5.005831441689401,-1.910637,-1.9518477,25.900543,80.90934,21,2024-12-07,19.67,0.0,81.03375,7.47875,1.0,187.28625,2024,12,7,131.0,0,Peru_4001.csv
2024-12-08,4001,75.0,56.6,14.0,4.0,1.0,3.0,2,2,1,1,4,4,11,11,-0.6849222366899678,1.872055263418332,1.3951869,2.4178896,3.2025208,10.980485,21,2024-12-08,19.62,0.0,81.15,7.9275,1.0,179.82375,2024,12,8,75.0,0,Peru_4001.csv
2024-12-09,4001,74.8,43.8,11.0,4.0,1.0,3.0,2,2,1,1,4,4,3,3,-1.9703028835819079,1.2899496240520953,2.4370267,4.020249,-27.944538,-5.644705,21,2024-12-09,19.54375,0.0,81.655,6.875,1.0,198.33375,2024,12,9,74.8,0,Peru_4001.csv
2024-12-10,4001,82.8,33.0,11.0,4.0,2.0,3.0,2,2,1,1,4,4,9,9,-1.9652483006806922,1.201920967284275,1.738093,4.2731037,-20.356539,0.5902954,21,2024-12-10,19.42125,0.0,84.78125,5.77625,1.0,208.4375,2024,12,10,82.8,0,Peru_4001.csv
2024-12-11,4001,71.8,36.2,12.0,3.0,2.0,3.0,2,2,1,1,4,4,3,3,-2.1270724152153426,0.4681277319809441,1.778319,4.92143,-29.333723,-13.108151,21,2024-12-11,19.4775,0.0,81.46375,6.109999999999999,1.0,201.47,2024,12,11,71.8,0,Peru_4001.csv
2024-12-12,4001,80.4,33.4,12.0,4.0,1.0,3.0,2,2,1,1,4,4,7,7,-2.037262787632048,1.1492660220535336,1.6135556,4.4174085,-20.291521,0.19574217,21,2024-12-12,19.80625,0.0,78.05,6.59375,1.0,192.39125,2024,12,12,80.4,0,Peru_4001.csv
2024-12-13,4001,73.2,25.6,13.0,5.0,2.0,3.0,2,2,1,1,4,4,7,7,-2.40399763160646,0.15974364594073495,1.5450263,5.21139,-1.5037924,-31.58285,21,2024-12-13,20.22125,0.0,76.65125,6.36375,1.0,195.3375,2024,12,13,73.2,0,Peru_4001.csv
2024-12-14,4001,73.2,25.6,13.0,5.0,2.0,3.0,2,2,1,1,4,4,7,7,-2.40399763160646,0.15974364594073495,1.5275223,5.2359633,-1.503849,-31.58307,21,2024-12-14,20.77375,0.0,75.15125,6.60875,1.0,190.835,2024,12,14,73.2,0,Peru_4001.csv
2024-12-15,4001,83.2,40.6,13.0,6.0,1.0,3.0,2,2,1,1,4,4,7,7,-1.3217572598018936,1.8346199611427927,0.93877727,3.53971,-6.524197,5.8440523,21,2024-12-15,20.05875,0.0,82.13,6.70625,1.0,197.83875,2024,12,15,83.2,0,Peru_4001.csv
2024-12-16,4001,63.2,48.2,12.0,6.0,2.0,3.0,2,2,1,1,1,1,3,3,-1.9137313538331544,0.6667196187463342,2.62927,3.389404,-25.286362,-10.109024,21,2024-12-16,19.825,0.0,89.21375,5.76375,1.0,201.6775,2024,12,16,63.2,0,Peru_4001.csv
2024-12-17,4001,65.6,44.0,11.0,6.0,1.0,3.0,2,2,1,1,1,1,3,3,-2.400486352280846,0.7803322950775349,2.6727262,3.585622,-25.62748,-9.356305,21,2024-12-17,19.53625,0.0,89.60875,6.6274999999999995,1.0,187.05625,2024,12,17,65.6,0,Peru_4001.csv
2024-12-18,4001,73.6,32.8,12.0,6.0,1.0,3.0,2,2,1,1,4,4,3,3,-2.39333537181042,0.7732872814025592,1.8198661,4.8338327,-30.260847,-5.6481,21,2024-12-18,19.6725,0.0,86.4075,7.7175,1.0,179.07375,2024,12,18,73.6,0,Peru_4001.csv
2024-12-19,4001,80.2,24.6,9.0,4.0,1.0,3.0,2,2,1,1,1,1,3,3,-3.114789543991468,0.767696520220265,2.4206836,4.6805615,-36.047775,-3.8114135,21,2024-12-19,19.95375,0.0,85.11875,7.4325,1.0,178.72375,2024,12,19,80.2,0,Peru_4001.csv
2024-12-20,4001,74.8,43.8,11.0,4.0,1.0,3.0,2,2,1,1,4,4,3,3,-1.9703028835819079,1.2899496240520953,2.440229,3.9513457,-27.94473,-5.6447735,21,2024-12-20,20.18625,0.0,83.1775,6.6987499999999995,1.0,199.62,2024,12,20,74.8,0,Peru_4001.csv
2024-12-21,4001,86.0,41.0,13.0,5.0,3.0,3.0,2,2,1,1,4,4,9,9,-0.8061366648641235,1.732719177602085,0.95750326,3.4931142,-6.1704755,6.159394,21,2024-12-21,20.4425,0.0,80.02625,6.98125,1.0,194.865,2024,12,21,86.0,0,Peru_4001.csv
2024-12-22,4001,61.2,42.8,12.0,5.0,2.0,3.0,2,2,1,1,1,1,3,3,-2.2921707414660384,0.17801669257416042,2.6726882,3.481021,-25.025534,-10.169237,21,2024-12-22,20.71,0.0,80.02125,6.4725,1.0,195.60625,2024,12,22,61.2,0,Peru_4001.csv
2024-12-23,4001,78.4,69.6,9.0,4.0,1.0,2.0,0,0,3,3,5,5,11,11,-0.9515666017050722,3.027282470638797,1.8035802,1.5603994,3.4741468,28.98815,21,2024-12-23,21.535,0.0,75.26,7.016249999999999,1.0,190.0025,2024,12,23,78.4,0,Peru_4001.csv
2024-12-24,4001,95.0,41.0,10.0,5.0,1.0,3.0,2,2,1,1,4,4,11,11,-1.3442466406686862,2.7098220876086256,1.1270975,3.1455803,-16.394157,9.453165,21,2024-12-24,21.6425,0.0,73.0325,7.3187500000000005,1.0,189.74875,2024,12,24,95.0,0,Peru_4001.csv
2024-12-25,4001,77.2,57.2,9.0,6.0,1.0,3.0,2,2,1,1,1,1,11,11,-1.5625121432440234,2.33126618690176,1.963474,1.9909375,-0.96937805,27.80292,21,2024-12-25,21.18,0.0,76.365,7.76,1.0,192.88,2024,12,25,77.2,0,Peru_4001.csv
2024-12-26,4001,85.2,92.4,7.0,3.0,2.0,2.0,0,0,3,3,5,5,11,11,0.33311234119413,4.513087295289362,-1.2258632,-1.8692833,25.282307,68.980606,21,2024-12-26,21.31375,0.0,75.5775,7.6575,1.0,191.925,2024,12,26,92.4,0,Peru_4001.csv
2024-12-27,4001,107.6,44.2,8.0,4.0,1.0,2.0,0,0,3,3,5,5,11,11,-1.0675133598908149,3.8924815214061055,-0.9607236,1.1619129,48.63827,41.289726,21,2024-12-27,22.08125,0.0,67.5325,8.290000000000001,1.0,171.03,2024,12,27,107.6,0,Peru_4001.csv
2024-12-28,4001,88.0,136.6,10.0,6.0,1.0,3.0,0,0,3,3,5,5,11,11,3.2874909806519783,7.069070449010614,-2.132339,-1.8073561,27.889326,82.18383,21,2024-12-28,21.96375,0.0,71.165,8.41375,1.0,178.09875,2024,12,28,136.6,0,Peru_4001.csv
2024-12-29,4001,65.6,44.0,11.0,6.0,1.0,3.0,2,2,1,1,1,1,3,3,-2.400486352280846,0.7803322950775349,2.64643,3.544425,-25.627466,-9.356306,21,2024-12-29,21.4575,0.0,74.725,7.6675,1.0,189.585,2024,12,29,65.6,0,Peru_4001.csv
2024-12-30,4001,78.4,69.6,9.0,4.0,1.0,2.0,0,0,3,3,5,5,11,11,-0.9515666017050722,3.027282470638797,1.7943344,1.5386307,3.4741468,28.98815,21,2024-12-30,21.0325,0.0,79.21375,8.07125,1.0,182.48,2024,12,30,78.4,0,Peru_4001.csv
2024-12-31,4001,76.26329315845445,39.0951871657754,11.939310035171744,12.942866095675788,8.522758485383559,9.978580024067387,2,2,1,1,4,4,9,9,0.03549621024003731,-0.08868490030010638,18.849365,-0.011644177,-13.194237,61.20619,21,2024-12-31,21.2625,0.0,76.55625,6.39875,1.0,200.16125,2024,12,31,76.26329315845445,0,Peru_4001.csv
2025-01-01,4001,81.4,37.8,8.0,7.0,18.4,3.0,2,2,1,1,4,4,9,9,0.5731218572796549,-0.42715578311041863,4.569479,-0.09173413,6.8387575,-16.02231,21,2025-01-01,22.173750000000002,0.0,74.52875,5.3025,1.0,205.85,2025,1,1,81.4,0,Peru_4001.csv
2025-01-02,4001,86.4,51.2,8.0,5.0,1.0,3.0,2,2,1,1,4,4,11,11,-1.6358176683893704,2.647993029362753,1.5133978,2.1346898,-1.4596984,22.888187,21,2025-01-02,20.99375,0.0,80.44875,4.7375,1.0,209.895,2025,1,2,86.4,0,Peru_4001.csv
2025-01-03,4001,65.6,44.0,11.0,6.0,1.0,3.0,2,2,1,1,1,1,3,3,-2.400486352280846,0.7803322950775349,2.6850371,3.533839,-25.62748,-9.356305,21,2025-01-03,21.19875,0.0,82.0725,4.6175,1.0,210.8025,2025,1,3,65.6,0,Peru_4001.csv
2025-01-04,4001,88.0,33.6,12.0,7.0,2.0,3.0,2,2,1,1,4,4,9,9,-1.4755846173307114,1.8033267671908133,1.1245167,3.8867779,-14.786306,4.8255434,21,2025-01-04,22.41625,0.0,76.72375,6.06375,1.0,191.4375,2025,1,4,88.0,0,Peru_4001.csv
2025-01-05,4001,63.8,48.8,9.0,4.0,2.0,2.0,2,2,1,1,1,1,3,3,-2.5554831056928147,0.801806733984513,2.781562,3.1574392,-25.13251,-7.7664685,21,2025-01-05,21.665,0.0,80.8525,6.28625,1.0,202.37875,2025,1,5,63.8,0,Peru_4001.csv
2025-01-06,4001,79.0,41.8,9.0,5.0,3.0,2.0,2,2,1,1,1,1,11,11,-2.0044867930506176,1.4987158868200277,1.9930915,3.4055488,-24.45931,-1.2349404,21,2025-01-06,22.065,0.0,80.00625,8.4625,1.0,183.525,2025,1,6,79.0,0,Peru_4001.csv
2025-01-07,4001,78.0,57.8,9.0,5.0,2.0,2.0,2,2,1,1,4,4,11,11,-1.4019263282082042,2.354200268591326,1.9660623,1.9380745,-0.85522395,27.764238,21,2025-01-07,22.07,0.0,81.04125,8.21875,1.0,189.72875,2025,1,7,78.0,0,Peru_4001.csv
2025-01-08,4001,75.8,31.8,7.0,4.0,2.0,2.0,2,2,1,1,1,1,3,3,-3.2675254009249572,0.8676496715318913,2.6592262,4.5618453,-40.07055,-5.54008,21,2025-01-08,21.83625,0.0,80.75,9.8475,1.0,176.26624999999999,2025,1,8,75.8,0,Peru_4001.csv
2025-01-09,4001,78.0,57.8,9.0,5.0,2.0,2.0,2,2,1,1,4,4,11,11,-1.4019263282082042,2.354200268591326,1.9131194,1.932088,-0.8553349,27.764206,21,2025-01-09,21.21125,0.0,78.755,7.58,1.0,184.83875,2025,1,9,78.0,0,Peru_4001.csv
2025-01-10,4001,77.4,49.0,11.0,6.0,2.0,2.0,2,2,1,1,4,4,11,11,-1.4796179261467224,1.893382214700541,1.6721902,2.5336995,-0.37831292,7.8700714,21,2025-01-10,21.23,0.0,75.50625,7.534999999999999,1.0,184.745,2025,1,10,77.4,0,Peru_4001.csv
2025-01-11,4001,67.8,39.0,9.0,5.0,5.0,2.0,2,2,1,1,1,1,3,3,-2.3285242591294666,0.2960595476065899,2.887002,3.6522923,-28.40714,-10.251721,21,2025-01-11,21.49625,0.0,75.0375,7.4725,1.0,193.84375,2025,1,11,67.8,0,Peru_4001.csv
2025-01-12,4001,84.0,56.2,10.0,5.0,3.0,2.0,2,2,1,1,4,4,11,11,-0.8116732718217379,2.5579204034824077,1.6223633,1.8824143,2.5406938,24.455416,21,2025-01-12,22.00375,0.0,73.3175,7.2325,1.0,187.745,2025,1,12,84.0,0,Peru_4001.csv
2025-01-13,4001,79.0,41.8,9.0,5.0,3.0,2.0,2,2,1,1,1,1,11,11,-2.0044867930506176,1.4987158868200277,1.9740278,3.426328,-24.459568,-1.234845,21,2025-01-13,21.82125,0.0,74.41375,7.16625,1.0,191.005,2025,1,13,79.0,0,Peru_4001.csv
2025-01-14,4001,64.8,48.8,10.0,5.0,2.0,2.0,2,2,1,1,1,1,3,3,-2.302311036252778,0.9226953148750265,2.7642856,3.2150517,-25.20102,-8.200351,21,2025-01-14,22.46,0.0,72.60875,7.61875,1.0,177.58875,2025,1,14,64.8,0,Peru_4001.csv
2025-01-15,4001,77.4,49.0,11.0,6.0,2.0,2.0,2,2,1,1,4,4,11,11,-1.4796179261467224,1.893382214700541,1.6582681,2.5225325,-0.3784695,7.869962,21,2025-01-15,22.34875,0.0,74.13,6.58625,1.0,188.8475,2025,1,15,77.4,0,Peru_4001.csv
2025-01-16,4001,84.0,56.2,10.0,5.0,3.0,2.0,2,2,1,1,4,4,11,11,-0.8116732718217379,2.5579204034824077,1.6181316,1.8664328,2.5408084,24.455431,21,2025-01-16,21.80375,0.0,79.05125,6.4125,1.0,198.645,2025,1,16,84.0,0,Peru_4001.csv
2025-01-17,4001,72.8,49.2,9.0,6.0,2.0,2.0,2,2,1,1,1,1,11,11,-2.09802064342831,1.6197889226344513,2.1547658,2.544368,-1.0556604,6.261102,21,2025-01-17,21.905,0.0,77.93625,7.2,1.0,186.86624999999998,2025,1,17,72.8,0,Peru_4001.csv
2025-01-18,4001,84.0,42.2,6.0,25.2,1.0,3.0,2,2,1,1,1,1,11,11,-2.597250295795423,3.5508878573457037,0.16992655,-0.2646501,-58.34556,46.063423,21,2025-01-18,22.8625,0.0,72.55375000000001,7.66125,1.0,176.69375,2025,1,18,84.0,0,Peru_4001.csv
2025-01-19,4001,76.26329315845445,39.0951871657754,11.939310035171744,12.942866095675788,8.522758485383559,9.978580024067387,2,2,1,1,4,4,9,9,0.03549621024003731,-0.08868490030010638,18.679417,0.048625216,-13.194237,61.20619,21,2025-01-19,21.77,0.0,76.4525,8.16625,1.0,187.80125,2025,1,19,76.26329315845445,0,Peru_4001.csv
2025-01-20,4001,76.26329315845445,39.0951871657754,11.939310035171744,12.942866095675788,8.522758485383559,9.978580024067387,2,2,1,1,4,4,9,9,0.03549621024003731,-0.08868490030010638,18.113035,0.3752234,-13.194237,61.20619,21,2025-01-20,21.54875,0.0,77.43125,6.83,1.0,194.15875,2025,1,20,76.26329315845445,0,Peru_4001.csv
2025-01-21,4001,60.6,43.6,20.0,9.0,10.8,8.0,2,2,1,1,4,4,9,9,1.3861244311101655,-1.5058890275718961,4.216452,0.62175304,36.417057,-26.336674,21,2025-01-21,21.83,0.0,75.1775,6.1325,1.0,196.3975,2025,1,21,60.6,0,Peru_4001.csv
2025-01-22,4001,96.0,48.2,14.0,8.0,5.0,9.0,0,0,3,3,5,5,11,11,1.1493879843764192,1.9578577961496522,-0.5057153,2.1238286,54.67512,24.818022,21,2025-01-22,22.30125,0.0,74.0,6.235,1.0,203.995,2025,1,22,96.0,0,Peru_4001.csv
2025-01-23,4001,78.4,34.0,11.0,7.0,2.0,9.0,2,2,1,1,4,4,9,9,-1.5908321463444122,0.34991696763251334,1.7585255,3.970031,-10.661065,-0.3639927,21,2025-01-23,21.895,0.0,77.49375,7.6137500000000005,1.0,202.385,2025,1,23,78.4,0,Peru_4001.csv
2025-01-24,4001,78.0,43.6,11.0,7.0,3.0,8.0,2,2,1,1,4,4,9,9,-1.0189805440390363,0.810375514346867,1.8996185,3.242214,-1.6593946,1.7240653,21,2025-01-24,21.50375,0.0,80.56,8.52375,1.0,192.39625,2025,1,24,78.0,0,Peru_4001.csv
2025-01-25,4001,96.0,32.2,10.0,7.0,2.0,8.0,2,2,1,1,4,4,11,11,-1.1279412890041303,1.6923708775956785,0.99545974,3.2953932,-12.935473,0.20922525,21,2025-01-25,21.805,0.0,79.3025,8.387500000000001,1.0,184.135,2025,1,25,96.0,0,Peru_4001.csv
2025-01-26,4001,74.2,37.2,9.0,7.0,2.0,8.0,2,2,1,1,1,1,3,3,-2.122435817543541,0.3895462401043539,2.2121325,3.3530319,-64.03282,13.302266,21,2025-01-26,21.78,0.0,78.64625,7.23125,1.0,180.14,2025,1,26,74.2,0,Peru_4001.csv
2025-01-27,4001,79.0,36.6,7.0,7.0,2.0,9.0,2,2,1,1,1,1,3,3,-2.240950810284759,0.6224874552602822,2.1938095,3.3483891,-64.2834,13.149466,21,2025-01-27,22.45,0.0,77.26,6.3075,1.0,203.495,2025,1,27,79.0,0,Peru_4001.csv
2025-01-28,4001,104.0,38.0,12.0,8.0,3.0,9.0,0,0,3,3,5,5,11,11,0.23658589639336736,2.326502942419978,-0.7948103,1.7044969,49.24543,38.81885,21,2025-01-28,23.0625,0.0,73.17625,5.53375,1.0,222.88625000000002,2025,1,28,104.0,0,Peru_4001.csv
2025-01-29,4001,70.6,38.6,7.4,9.0,2.0,9.0,2,2,1,1,1,1,3,3,-2.4576249649392423,0.2511482561977454,2.2069077,3.2906299,-64.33296,13.911555,21,2025-01-29,23.48125,0.0,74.735,4.8425,1.0,201.96375,2025,1,29,70.6,0,Peru_4001.csv
2025-01-30,4001,59.2,46.8,1.0,10.0,2.0,9.0,2,2,1,1,1,1,3,3,-3.882208291342355,0.06820241477050931,0.05650344,-3.1679528,-81.57056,9.579,21,2025-01-30,23.447499999999998,0.0,71.38875,6.235,1.0,177.77,2025,1,30,59.2,0,Peru_4001.csv
2025-01-31,4001,70.6,38.6,7.4,9.0,2.0,9.0,2,2,1,1,1,1,3,3,-2.4576249649392423,0.2511482561977454,2.2168791,3.2759726,-64.33273,13.911587,21,2025-01-31,22.73375,0.0,78.73,6.72625,1.0,189.07125,2025,1,31,70.6,0,Peru_4001.csv
2025-02-01,4001,105.0,22.8,2.6,8.0,4.0,9.0,2,2,1,1,1,1,11,11,-2.237642545153523,1.7432717510001012,0.7663616,2.8968472,-27.104603,12.895678,21,2025-02-01,22.455,0.0,78.18875,6.4662500000000005,1.0,209.20875,2025,2,1,105.0,0,Peru_4001.csv
2025-02-02,4001,70.6,38.6,7.4,9.0,2.0,9.0,2,2,1,1,1,1,3,3,-2.4576249649392423,0.2511482561977454,2.1624732,3.2796168,-64.332756,13.911552,21,2025-02-02,23.22625,0.0,76.72375,6.59625,1.0,199.44375,2025,2,2,70.6,0,Peru_4001.csv
2025-02-03,4001,89.0,40.0,7.8,11.0,4.0,9.0,2,2,1,1,4,4,11,11,-1.0523894230203816,1.5384232762857954,1.5529116,2.8477497,-26.015087,16.646822,21,2025-02-03,23.93125,0.0,71.01625,6.35,1.0,199.02375,2025,2,3,89.0,0,Peru_4001.csv
2025-02-04,4001,64.2,52.0,7.6,9.0,3.0,9.0,2,2,1,1,1,1,3,3,-1.8484378002348099,0.3289496665675583,3.004451,2.4586103,-58.9748,2.2970376,21,2025-02-04,23.9875,0.0,70.7975,6.73125,1.0,189.39249999999998,2025,2,4,64.2,0,Peru_4001.csv
2025-02-05,4001,70.6,38.6,7.4,9.0,2.0,9.0,2,2,1,1,1,1,3,3,-2.4576249649392423,0.2511482561977454,2.195892,3.2746398,-64.33265,13.911502,21,2025-02-05,23.3525,0.0,74.70375,6.03375,1.0,193.34875,2025,2,5,70.6,0,Peru_4001.csv
2025-02-06,4001,84.6,33.0,8.0,10.0,3.0,10.0,2,2,1,1,1,1,9,9,-1.6812274981520978,0.7826915615513496,1.7295755,3.500955,-11.041278,-1.588308,21,2025-02-06,22.8925,0.0,85.71875,4.3225,1.0,199.04749999999999,2025,2,6,84.6,0,Peru_4001.csv
2025-02-07,4001,76.8,39.2,7.8,12.0,4.0,10.0,2,2,1,1,1,1,9,9,-1.5922021087869915,0.5544361372014838,2.1115973,3.2338488,-38.14073,13.684068,21,2025-02-07,23.3725,0.0,84.7925,3.48875,1.0,212.525,2025,2,7,76.8,0,Peru_4001.csv
2025-02-08,4001,73.6,21.0,2.0,13.0,2.0,10.0,2,2,1,1,1,1,3,3,-4.232561570983412,-0.12176807073132678,2.8040059,3.99604,-67.70611,-11.505096,21,2025-02-08,23.375,0.0,82.60625,5.0649999999999995,1.0,190.3275,2025,2,8,73.6,0,Peru_4001.csv
2025-02-09,4001,68.0,39.8,7.4,8.0,2.0,9.0,2,2,1,1,1,1,3,3,-2.5220260073808394,0.049893639095648715,2.3239737,3.1756053,-64.3696,13.994855,21,2025-02-09,23.45625,0.0,81.5775,6.305,1.0,195.63,2025,2,9,68.0,0,Peru_4001.csv
2025-02-10,4001,64.2,52.0,7.6,9.0,3.0,9.0,2,2,1,1,1,1,3,3,-1.8484378002348099,0.3289496665675583,3.0005004,2.489126,-58.974255,2.2969878,21,2025-02-10,24.46875,0.0,72.84375,5.16,1.0,210.005,2025,2,10,64.2,0,Peru_4001.csv
2025-02-11,4001,59.2,46.8,1.0,10.0,2.0,9.0,2,2,1,1,1,1,3,3,-3.882208291342355,0.06820241477050931,0.051335577,-3.1678298,-81.57056,9.579,21,2025-02-11,24.8425,0.0,70.18625,5.3925,1.0,206.49125,2025,2,11,59.2,0,Peru_4001.csv
2025-02-12,4001,91.2,47.0,13.4,14.0,3.0,10.0,0,0,3,3,4,4,11,11,0.4692216350334667,2.121772320065705,0.40683985,1.5643778,19.59495,4.928365,21,2025-02-12,23.6725,0.0,77.9225,3.97375,1.0,198.70125000000002,2025,2,12,91.2,0,Peru_4001.csv
2025-02-13,4001,71.0,29.6,1.6,17.0,2.0,11.0,2,2,1,1,1,1,3,3,-3.8982995357975927,0.2899393153149596,0.35040307,-2.9358168,-70.90153,20.986488,21,2025-02-13,23.91375,0.0,86.33,5.3425,1.0,174.79625,2025,2,13,71.0,0,Peru_4001.csv
2025-02-14,4001,89.8,26.6,5.0,10.0,2.0,9.0,2,2,1,1,1,1,3,3,-2.642783883340891,1.1719683395942377,1.9562417,3.6882741,-30.13557,10.522648,21,2025-02-14,24.245,0.0,83.0825,4.695,1.0,220.875,2025,2,14,89.8,0,Peru_4001.csv
2025-02-15,4001,86.8,38.4,8.0,9.0,5.0,9.0,2,2,1,1,4,4,9,9,-1.0230817392807308,1.0218873287714094,1.6327442,2.8703096,-26.020763,16.70868,21,2025-02-15,23.73875,0.0,81.845,6.53625,1.0,188.1975,2025,2,15,86.8,0,Peru_4001.csv
2025-02-16,4001,69.0,33.2,3.0,8.0,2.0,9.0,2,2,1,1,1,1,3,3,-3.7123428330720794,-0.09993305048796335,0.42837545,-3.0015833,-61.415794,9.893172,21,2025-02-16,23.57625,0.0,80.65125,6.29,1.0,197.52,2025,2,16,69.0,0,Peru_4001.csv
2025-02-17,4001,88.2,38.0,4.0,9.0,2.0,9.0,2,2,1,1,1,1,11,11,-2.3324928714177235,1.5791715074646888,0.18835478,-2.1446261,-28.108732,15.76111,21,2025-02-17,24.15875,0.0,78.3225,6.07125,1.0,186.95375,2025,2,17,88.2,0,Peru_4001.csv
2025-02-18,4001,78.4,27.2,11.0,8.0,3.0,9.0,2,2,1,1,4,4,3,3,-1.762094247177037,-0.04353740154251721,1.6340561,4.2292767,-8.6663475,-12.991423,21,2025-02-18,23.7025,0.0,82.495,6.3375,1.0,198.01125,2025,2,18,78.4,0,Peru_4001.csv
2025-02-19,4001,83.2,32.0,10.0,8.0,3.0,9.0,2,2,1,1,4,4,9,9,-1.484842119436661,0.5692941489099331,1.7337778,3.865424,-10.939669,-0.4539612,21,2025-02-19,23.71,0.0,80.5175,6.09625,1.0,202.3075,2025,2,19,83.2,0,Peru_4001.csv
2025-02-20,4001,75.4,27.6,9.0,10.0,4.0,9.0,2,2,1,1,1,1,3,3,-2.1094583034483327,-0.17062525665372155,1.9458843,4.124422,-7.9875264,-11.3582115,21,2025-02-20,23.8275,0.0,79.985,5.3025,1.0,186.38875000000002,2025,2,20,75.4,0,Peru_4001.csv
2025-02-21,4001,92.6,43.2,11.0,12.0,5.0,10.0,0,0,3,3,4,4,11,11,0.20919286349157584,1.694037282638605,0.47654945,1.9403292,13.085462,24.072014,21,2025-02-21,24.72,0.0,73.24125,5.9712499999999995,1.0,184.64124999999999,2025,2,21,92.6,0,Peru_4001.csv
2025-02-22,4001,75.4,27.6,9.0,10.0,4.0,9.0,2,2,1,1,1,1,3,3,-2.1094583034483327,-0.17062525665372155,1.9326532,4.155773,-7.9876366,-11.358446,21,2025-02-22,25.08125,0.0,68.62625,6.3825,1.0,190.17625,2025,2,22,75.4,0,Peru_4001.csv
2025-02-23,4001,81.8,40.0,3.0,10.0,3.0,9.0,2,2,1,1,1,1,11,11,-2.5584971466853,1.1882710988635385,0.23805146,-2.2548306,-50.76007,12.031109,21,2025-02-23,24.0575,0.0,76.44625,5.62375,1.0,209.92625,2025,2,23,81.8,0,Peru_4001.csv
2025-02-24,4001,73.6,37.8,11.0,9.0,3.0,9.0,2,2,1,1,4,4,9,9,-1.441209716397644,0.21358285316979048,1.9208244,3.394877,-1.2834668,1.6612111,21,2025-02-24,23.95625,0.0,77.62625,4.865,1.0,224.2825,2025,2,24,73.6,0,Peru_4001.csv
2025-02-25,4001,68.8,54.8,1.0,10.0,3.0,12.0,2,2,1,1,1,1,11,11,-2.558004237695222,0.6369363857393857,0.6417602,-2.5891418,-50.872505,21.297733,21,2025-02-25,24.28375,0.0,76.20375,5.0025,1.0,229.65,2025,2,25,68.8,0,Peru_4001.csv
2025-02-26,4001,82.8,50.8,8.4,11.0,1.0,11.0,2,2,1,1,4,4,11,11,-1.0331261353074566,1.7256850008798301,0.81866205,-1.5230757,-37.922707,29.033173,21,2025-02-26,24.35375,0.0,77.5425,5.39,1.0,212.76,2025,2,26,82.8,0,Peru_4001.csv
2025-02-27,4001,84.2,34.2,5.4,12.0,1.0,11.0,2,2,1,1,1,1,3,3,-2.437411468556894,1.1420912786846138,0.43265206,-2.2350173,-67.10707,19.426859,21,2025-02-27,24.5075,0.0,75.67125,5.4475,1.0,208.52625,2025,2,27,84.2,0,Peru_4001.csv
2025-02-28,4001,78.0,44.8,6.0,11.0,1.0,11.0,2,2,1,1,1,1,11,11,-2.0647568871776087,1.1366603779328053,0.6385116,-2.0063424,-65.60749,20.736423,21,2025-02-28,24.12125,0.0,76.95375,5.78,1.0,216.5275,2025,2,28,78.0,0,Peru_4001.csv
2025-03-01,4001,72.6,25.0,18.0,12.0,2.0,10.0,2,2,1,1,4,4,7,7,-0.8177672396413876,-0.46195861912672886,0.38966575,5.4719253,17.713392,-70.98683,21,2025-03-01,24.61375,0.0,72.1475,5.68375,1.0,199.02125,2025,3,1,72.6,0,Peru_4001.csv
2025-03-02,4001,85.0,43.0,17.0,11.0,1.0,10.0,2,2,1,1,4,4,7,7,0.32963873735213506,1.4153803652516703,0.35651204,3.8124645,-5.569939,1.888259,21,2025-03-02,24.965,0.0,70.55875,5.62875,1.0,192.8125,2025,3,2,85.0,0,Peru_4001.csv
2025-03-03,4001,101.2,47.4,19.0,9.0,1.0,8.0,0,0,3,3,4,4,7,7,1.5665878564797338,2.880705699297541,-1.405377,2.1553195,56.458336,28.152693,21,2025-03-03,25.275,0.0,68.9275,6.13875,1.0,200.98875,2025,3,3,101.2,0,Peru_4001.csv
2025-03-04,4001,69.2,16.6,16.0,5.0,3.0,6.0,2,2,1,1,4,4,7,7,-2.0080942919056364,-1.1824500395312918,0.92755276,5.444555,-4.093185,-32.610733,21,2025-03-04,23.490000000000002,0.0,79.86,8.5825,1.0,187.75625,2025,3,4,69.2,0,Peru_4001.csv
2025-03-05,4001,81.2,43.4,11.0,4.0,3.0,5.0,2,2,1,1,4,4,11,11,-1.1445517834769554,1.214025595149875,1.5276076,3.2028754,-4.249258,6.0120683,21,2025-03-05,23.00125,0.0,77.53,7.869999999999999,1.0,185.0875,2025,3,5,81.2,0,Peru_4001.csv
2025-03-06,4001,88.6,39.6,13.0,6.0,3.0,5.0,2,2,1,1,4,4,9,9,-0.5753850026864851,1.6562213867825333,0.8577103,3.5037305,-6.2017303,6.0800323,21,2025-03-06,23.9975,0.0,70.975,6.53875,1.0,192.81125,2025,3,6,88.6,0,Peru_4001.csv
2025-03-07,4001,64.8,61.8,14.0,6.0,3.0,5.0,2,2,1,1,4,4,11,11,-0.36543726218915024,1.021521639763176,2.488025,2.0062258,-19.051956,-6.3436756,21,2025-03-07,23.88625,0.0,71.6825,7.135,1.0,185.32874999999999,2025,3,7,64.8,0,Peru_4001.csv
2025-03-08,4001,81.8,50.2,13.0,7.0,3.0,6.0,2,2,1,1,4,4,11,11,-0.26253025715600203,1.6346906513333384,1.2466615,2.4245565,2.241673,7.7887263,21,2025-03-08,23.65375,0.0,73.6925,6.0975,1.0,204.5875,2025,3,8,81.8,0,Peru_4001.csv
2025-03-09,4001,75.0,46.0,16.0,11.0,4.0,6.0,2,2,1,1,4,4,9,9,-0.01153844081023929,1.0247883507999453,0.019265339,3.914566,29.036856,-22.723225,21,2025-03-09,24.49625,0.0,70.29625,5.61875,1.0,208.25,2025,3,9,75.0,0,Peru_4001.csv
2025-03-10,4001,74.8,48.6,13.0,7.0,4.0,6.0,2,2,1,1,4,4,9,9,-0.5024226569046205,0.9219839390852579,1.626183,2.530774,2.189286,6.5432787,21,2025-03-10,24.09125,0.0,71.98,6.3025,1.0,205.22625,2025,3,10,74.8,0,Peru_4001.csv
2025-03-11,4001,67.2,43.8,13.0,4.0,4.0,5.0,2,2,1,1,4,4,9,9,-1.210850299896362,0.045435604574485325,2.4660254,3.4707189,-26.515568,-11.636823,21,2025-03-11,23.25625,0.0,76.37375,7.75375,1.0,184.43375,2025,3,11,67.2,0,Peru_4001.csv
2025-03-12,4001,75.6,35.0,10.0,3.0,3.0,5.0,2,2,1,1,1,1,3,3,-2.055940326743585,0.3389981071637341,2.1527877,4.2538815,-38.515907,-4.3750153,21,2025-03-12,22.75625,0.0,78.08375,7.91875,1.0,191.7075,2025,3,12,75.6,0,Peru_4001.csv
2025-03-13,4001,65.0,55.2,11.0,5.0,3.0,5.0,2,2,1,1,1,1,11,11,-1.3107994450596727,0.7060139916383368,2.593914,2.3388882,-20.420948,-6.273936,21,2025-03-13,22.775,0.0,77.5925,6.71,1.0,195.78,2025,3,13,65.0,0,Peru_4001.csv
2025-03-14,4001,64.0,59.2,12.0,5.0,4.0,5.0,2,2,1,1,4,4,11,11,-0.7669559809746965,0.6837262599370711,2.6438863,2.0993319,-19.742302,-6.494925,21,2025-03-14,22.62625,0.0,79.45625,5.305,1.0,199.7075,2025,3,14,64.0,0,Peru_4001.csv
2025-03-15,4001,81.8,50.2,13.0,7.0,3.0,6.0,2,2,1,1,4,4,11,11,-0.26253025715600203,1.6346906513333384,1.2489864,2.4149504,2.2417047,7.78873,21,2025-03-15,23.4925,0.0,73.59125,6.29875,1.0,194.88125,2025,3,15,81.8,0,Peru_4001.csv
2025-03-16,4001,100.8,39.6,11.0,6.0,3.0,5.0,0,0,3,3,5,5,11,11,-0.39440818255629817,2.5888219763283193,-0.12297899,2.2216523,48.473946,38.54948,21,2025-03-16,22.8875,0.0,77.4425,6.63125,1.0,189.8325,2025,3,16,100.8,0,Peru_4001.csv
2025-03-17,4001,69.2,52.4,10.0,5.0,4.0,5.0,2,2,1,1,1,1,11,11,-1.276735928926715,0.7686566089237316,2.5406132,2.40393,-20.789715,-4.9955406,21,2025-03-17,22.17,0.0,81.15125,6.1275,1.0,200.16625,2025,3,17,69.2,0,Peru_4001.csv
2025-03-18,4001,74.2,59.2,8.0,5.0,4.0,5.0,2,2,1,1,1,1,11,11,-1.0894527984300426,1.5209314292984772,2.2751164,1.8849015,-1.4292371,30.37868,21,2025-03-18,21.8675,0.0,78.87625,4.95125,1.0,212.74375,2025,3,18,74.2,0,Peru_4001.csv
2025-03-19,4001,96.8,54.0,10.0,6.0,5.0,5.0,0,0,3,3,5,5,11,11,0.3188351654545298,2.794405506406119,0.33229968,0.93696773,25.21454,42.994514,21,2025-03-19,22.215,0.0,77.9175,4.5175,1.0,205.6675,2025,3,19,96.8,0,Peru_4001.csv
2025-03-20,4001,78.2,61.4,14.0,7.0,4.0,5.0,0,0,3,3,4,4,11,11,0.44175645385711815,1.9190061550961144,1.4910874,1.4113,22.401558,11.987484,21,2025-03-20,22.3425,0.0,78.18625,4.4925,1.0,212.48000000000002,2025,3,20,78.2,0,Peru_4001.csv
2025-03-21,4001,73.2,39.6,22.0,9.0,3.0,6.0,2,2,1,1,4,4,7,7,0.60682562069722,0.4047946891149555,-0.8080097,4.3917475,77.23803,-11.832021,21,2025-03-21,22.88875,0.0,74.90125,6.0,1.0,178.10875,2025,3,21,73.2,0,Peru_4001.csv
2025-03-22,4001,76.0,38.2,17.0,7.0,2.0,5.0,2,2,1,1,4,4,7,7,-0.6205377679517724,0.7740069656104546,0.41676605,4.6949544,19.644468,-35.765125,21,2025-03-22,22.8,0.0,72.93875,6.4625,1.0,189.6625,2025,3,22,76.0,0,Peru_4001.csv
2025-03-23,4001,62.8,38.0,9.0,6.0,2.0,5.0,2,2,1,1,1,1,3,3,-2.8969037211032678,-0.06724175102514596,3.012016,4.5534663,-40.953888,-9.5282755,21,2025-03-23,22.98875,0.0,70.86,6.7575,1.0,185.7825,2025,3,23,62.8,0,Peru_4001.csv
2025-03-24,4001,60.0,24.8,18.0,6.0,2.0,5.0,2,2,1,1,4,4,7,7,-1.8859591869821852,-1.1539821989251045,0.48983848,5.776217,4.7853165,-63.373837,21,2025-03-24,22.7,0.0,73.8225,6.10125,1.0,199.52625,2025,3,24,60.0,0,Peru_4001.csv
2025-03-25,4001,67.0,45.2,12.0,7.0,2.0,5.0,2,2,1,1,4,4,3,3,-1.708280309242278,0.5968803633219724,2.5353594,3.3962388,-25.771393,-10.076581,21,2025-03-25,22.9875,0.0,73.8875,5.3,1.0,218.535,2025,3,25,67.0,0,Peru_4001.csv
2025-03-26,4001,67.2,42.4,19.0,8.0,2.0,6.0,2,2,1,1,4,4,7,7,-0.3295786725279354,0.23743731499393064,-0.11599594,4.793428,28.969753,-28.134312,21,2025-03-26,23.87125,0.0,69.71875,5.2075000000000005,1.0,210.99,2025,3,26,67.2,0,Peru_4001.csv
2025-03-27,4001,64.4,26.2,23.0,9.0,2.0,6.0,2,2,1,1,4,4,7,7,-0.49076939653382445,-0.8030326398788,-0.69871914,5.5817533,32.478874,-41.9554,21,2025-03-27,24.21375,0.0,67.48375,5.5075,1.0,210.27625,2025,3,27,64.4,0,Peru_4001.csv
2025-03-28,4001,85.4,47.6,32.0,8.0,2.0,6.0,0,0,3,3,4,4,7,7,3.463853210701807,1.4946542586909377,-2.074476,3.850587,86.953865,-12.568728,21,2025-03-28,24.035,0.0,69.79,5.327500000000001,1.0,198.835,2025,3,28,85.4,0,Peru_4001.csv
2025-03-29,4001,75.8,37.4,30.0,8.0,1.0,6.0,2,2,1,1,4,4,7,7,1.8833724475570357,0.4634298099340911,-1.8486447,4.276128,84.924835,-14.308006,21,2025-03-29,24.1175,0.0,69.71375,5.345,1.0,203.9025,2025,3,29,75.8,0,Peru_4001.csv
2025-03-30,4001,75.8,47.2,29.0,7.0,1.0,5.0,0,0,1,1,4,4,7,7,2.0992713412944255,1.0401118296634821,-1.8849554,4.1677384,85.08398,-13.65884,21,2025-03-30,23.7875,0.0,70.90125,5.8975,1.0,207.3225,2025,3,30,75.8,0,Peru_4001.csv
2025-03-31,4001,75.2,52.0,32.0,8.0,1.0,5.0,0,0,1,1,4,4,7,7,2.931819120365879,1.236420717050235,-2.038179,4.0202074,86.42673,-13.116208,21,2025-03-31,23.0275,0.0,76.55,5.3775,1.0,207.89499999999998,2025,3,31,75.2,0,Peru_4001.csv
2025-04-01,4001,87.4,56.4,36.0,10.0,1.0,6.0,0,0,3,3,4,4,7,7,4.653893520035847,2.253951865849967,-2.2226303,3.7818782,90.90882,-12.740584,21,2025-04-01,23.10875,0.0,75.2775,5.44875,1.0,206.1775,2025,4,1,87.4,0,Peru_4001.csv
2025-04-02,4001,64.0,50.2,35.0,8.0,1.0,5.0,0,0,0,0,4,4,7,7,2.909044645624346,0.261276306531663,-2.0613852,4.1351633,87.73932,-14.814117,21,2025-04-02,22.7475,0.0,73.44624999999999,5.83125,1.0,201.90625,2025,4,2,64.0,0,Peru_4001.csv
2025-04-03,4001,93.6,43.0,29.0,6.0,1.0,5.0,0,0,3,3,4,4,7,7,2.7375625216351622,2.0449728948519876,-1.9487733,3.6558123,81.26198,-0.0058681527,21,2025-04-03,21.97,0.0,76.7975,5.86,1.0,207.88625,2025,4,3,93.6,0,Peru_4001.csv
2025-04-04,4001,71.8,41.2,28.0,6.0,1.0,5.0,2,2,1,1,4,4,7,7,1.389716672514684,0.40123660956470236,-1.8583812,4.286002,84.717255,-14.170938,21,2025-04-04,21.4775,0.0,80.75,6.65125,1.0,189.52125,2025,4,4,71.8,0,Peru_4001.csv
2025-04-05,4001,76.4,29.0,17.0,6.0,1.0,5.0,2,2,1,1,4,4,7,7,-1.261410857238359,0.39427402644655585,0.49435636,4.888311,18.524443,-38.028515,21,2025-04-05,21.45875,0.0,80.69125,7.27,1.0,188.095,2025,4,5,76.4,0,Peru_4001.csv
2025-04-06,4001,92.0,55.8,10.0,6.0,1.0,5.0,0,0,3,3,5,5,11,11,-0.5416108952998272,3.040089219251392,1.0116701,1.937895,1.9423088,21.17413,21,2025-04-06,21.6,0.0,82.3275,6.84,1.0,191.91875,2025,4,6,92.0,0,Peru_4001.csv
2025-04-07,4001,69.0,32.4,17.0,7.0,1.0,5.0,2,2,1,1,4,4,7,7,-1.4399852261484443,0.10220427465547095,0.36184698,5.0935364,21.00906,-38.141205,21,2025-04-07,21.783749999999998,0.0,77.995,6.115,1.0,206.2875,2025,4,7,69.0,0,Peru_4001.csv
2025-04-08,4001,93.6,43.0,29.0,6.0,1.0,5.0,0,0,3,3,4,4,7,7,2.7375625216351622,2.0449728948519876,-1.9563307,3.644268,81.26218,-0.0059733666,21,2025-04-08,21.6875,0.0,79.0925,5.827500000000001,1.0,212.77625,2025,4,8,93.6,0,Peru_4001.csv
2025-04-09,4001,71.8,41.2,28.0,6.0,1.0,5.0,2,2,1,1,4,4,7,7,1.389716672514684,0.40123660956470236,-1.8332423,4.288227,84.717255,-14.170938,21,2025-04-09,21.57375,0.0,78.88125,5.11875,1.0,203.4225,2025,4,9,71.8,0,Peru_4001.csv
2025-04-10,4001,88.2,40.4,26.0,6.0,1.0,5.0,0,0,1,1,4,4,7,7,1.731565687780988,1.5977852936398813,-1.7253144,3.7738867,80.38291,-0.5538028,21,2025-04-10,21.37625,0.0,79.74375,5.74,1.0,201.485,2025,4,10,88.2,0,Peru_4001.csv
2025-04-11,4001,92.0,33.6,28.0,7.0,1.0,5.0,0,0,1,1,4,4,7,7,1.9698842983277394,1.5557693318836177,-1.9226465,3.6622353,81.49766,0.15179496,21,2025-04-11,21.30875,0.0,78.82625,5.6025,1.0,202.3175,2025,4,11,92.0,0,Peru_4001.csv
2025-04-12,4001,84.4,61.8,32.0,9.0,1.0,6.0,0,0,3,3,4,4,7,7,3.9743146921967623,2.3330881778346595,-2.0824184,3.757288,86.852295,-12.163604,21,2025-04-12,21.9575,0.0,75.42125,5.50125,1.0,195.79250000000002,2025,4,12,84.4,0,Peru_4001.csv
2025-04-13,4001,67.2,37.6,30.0,7.0,1.0,5.0,2,2,1,1,4,4,7,7,1.3894319045139998,-0.08846076441708775,-1.7522508,4.5114803,84.69344,-14.9490185,21,2025-04-13,21.485,0.0,76.76625,5.48125,1.0,214.95125000000002,2025,4,13,67.2,0,Peru_4001.csv
2025-04-14,4001,75.8,47.2,29.0,7.0,1.0,5.0,0,0,1,1,4,4,7,7,2.0992713412944255,1.0401118296634821,-1.8887343,4.1579556,85.083374,-13.658938,21,2025-04-14,21.22125,0.0,78.6875,7.465,1.0,185.3175,2025,4,14,75.8,0,Peru_4001.csv
2025-04-15,4001,83.4,45.0,23.0,6.0,1.0,5.0,0,0,1,1,4,4,7,7,1.1286259837225676,1.5549994750426939,-1.1307013,3.8967955,76.250824,-1.8853993,21,2025-04-15,20.05375,0.0,81.60375,6.42375,1.0,224.40249999999997,2025,4,15,83.4,0,Peru_4001.csv
2025-04-16,4001,68.2,29.8,25.0,5.0,1.0,5.0,2,2,1,1,4,4,7,7,0.011766950124507236,-0.4300121265536087,-1.0721912,5.410073,37.672356,-41.384266,21,2025-04-16,19.48125,0.0,81.18875,5.8325,1.0,214.94875000000002,2025,4,16,68.2,0,Peru_4001.csv
2025-04-17,4001,72.8,24.6,27.0,5.0,1.0,5.0,2,2,1,1,4,4,7,7,0.3703524287935279,-0.40708907624409774,-1.1189954,5.3670883,37.92503,-41.68886,21,2025-04-17,19.155,0.0,81.4325,5.06625,1.0,219.6775,2025,4,17,72.8,0,Peru_4001.csv
2025-04-18,4001,68.2,29.8,25.0,5.0,1.0,5.0,2,2,1,1,4,4,7,7,0.011766950124507236,-0.4300121265536087,-1.0440998,5.4212174,37.672356,-41.384266,21,2025-04-18,19.74125,0.0,77.72875,5.77875,1.0,193.7875,2025,4,18,68.2,0,Peru_4001.csv
2025-04-19,4001,97.6,26.0,28.0,5.0,1.0,5.0,0,0,1,1,4,4,7,7,1.842015467943696,1.4337758748805345,-1.896387,3.608089,81.52278,0.59505785,21,2025-04-19,20.64875,0.0,75.28625,5.1325,1.0,193.395,2025,4,19,97.6,0,Peru_4001.csv
2025-04-20,4001,77.4,24.8,23.0,5.0,1.0,5.0,2,2,1,1,4,4,7,7,-0.21167576097512725,0.034735991414849836,-0.8038854,5.3020725,35.15234,-40.193996,21,2025-04-20,20.345,0.0,77.51125,5.52625,1.0,202.02125,2025,4,20,77.4,0,Peru_4001.csv
2025-04-21,4001,83.2,42.2,27.0,6.0,1.0,5.0,0,0,1,1,4,4,7,7,1.7876323217322023,1.3013597486733555,-1.8473318,3.8690906,80.57498,-0.9114225,21,2025-04-21,20.89375,0.0,72.87,6.24125,1.0,190.255,2025,4,21,83.2,0,Peru_4001.csv
2025-04-22,4001,98.2,67.2,32.0,7.0,1.0,7.0,0,0,3,3,4,4,7,7,5.005588761812086,3.322606181515701,-2.0711255,3.3357453,87.20927,-11.418969,21,2025-04-22,20.3925,0.0,76.9575,6.2625,1.0,184.1825,2025,4,22,98.2,0,Peru_4001.csv
2025-04-23,4001,74.0,34.4,19.0,8.0,1.0,6.0,2,2,1,1,4,4,7,7,-0.5981756096721176,0.45437819414876296,0.26190567,4.90007,20.11953,-37.012184,21,2025-04-23,20.165,0.0,80.16125,6.41,1.0,189.88625,2025,4,23,74.0,0,Peru_4001.csv
2025-04-24,4001,67.6,40.8,18.0,8.0,10.0,7.0,2,2,1,1,4,4,9,9,0.9366293537031062,-0.9288543110546186,4.1405697,0.6924719,36.62075,-27.147968,21,2025-04-24,20.02,0.0,80.42125,5.1825,1.0,209.92000000000002,2025,4,24,67.6,0,Peru_4001.csv
2025-04-25,4001,94.4,43.0,21.0,10.0,24.0,8.0,0,0,0,0,4,4,2,2,5.573737690753725,-0.7002373632170708,4.0698977,-1.175506,59.359764,-21.20577,21,2025-04-25,20.17875,0.0,79.14625,5.47375,1.0,203.82875,2025,4,25,94.4,0,Peru_4001.csv
2025-04-26,4001,78.6,43.0,17.0,7.0,37.0,8.0,1,1,0,0,0,0,2,2,6.3422207532006105,-3.599387093739169,5.129533,-1.5907474,67.80025,-47.92487,21,2025-04-26,19.745,0.0,79.46375,5.445,1.0,210.8275,2025,4,26,78.6,0,Peru_4001.csv
2025-04-27,4001,61.0,32.8,18.0,8.0,26.0,6.0,2,2,0,0,0,0,2,2,3.0048922078798497,-3.6856016780643692,5.889945,-1.0249536,49.891254,-49.868736,21,2025-04-27,20.08125,0.0,77.735,4.79375,1.0,204.73,2025,4,27,61.0,0,Peru_4001.csv
2025-04-28,4001,74.6,47.8,18.0,7.0,33.0,7.0,0,0,0,0,0,0,2,2,5.791390060186281,-3.0362194549106447,4.779962,-1.4236538,67.773026,-47.858242,21,2025-04-28,19.93875,0.0,78.19749999999999,5.085,1.0,214.61375,2025,4,28,74.6,0,Peru_4001.csv
2025-04-29,4001,88.0,37.4,16.0,6.0,27.0,6.0,0,0,0,0,4,4,2,2,4.316055452920936,-1.723066820639431,4.427413,-1.1924306,58.124763,-24.508469,21,2025-04-29,19.8,0.0,79.95875,5.0575,1.0,216.52,2025,4,29,88.0,0,Peru_4001.csv
2025-04-30,4001,74.2,55.4,18.0,7.0,20.0,6.0,0,0,1,1,4,4,9,9,3.730155931353621,-0.9157594828371977,4.09276,-0.6931436,53.218124,-23.591585,21,2025-04-30,19.4625,0.0,82.505,4.81,1.0,215.9425,2025,4,30,74.2,0,Peru_4001.csv
2025-05-01,4001,80.6,42.2,18.0,7.0,23.0,6.0,2,2,0,0,4,4,2,2,3.8946853997975435,-1.4914075489635445,4.3206987,-0.8281133,53.86086,-24.649357,21,2025-05-01,19.7175,0.0,81.1725,5.30625,1.0,214.0775,2025,5,1,80.6,0,Peru_4001.csv
2025-05-02,4001,60.0,37.0,19.0,8.0,25.0,6.0,2,2,0,0,0,0,2,2,3.197819999547925,-3.446395729699237,5.595342,-0.88702047,49.586,-49.549423,21,2025-05-02,19.58125,0.0,82.31375,4.99,1.0,214.45,2025,5,2,60.0,0,Peru_4001.csv
2025-05-03,4001,62.8,27.6,20.0,7.0,26.0,5.0,2,2,0,0,0,0,2,2,3.1387086306823666,-3.804710204111371,6.0576205,-1.093519,50.10987,-50.604855,21,2025-05-03,19.37875,0.0,82.84875,5.0025,1.0,205.23375000000001,2025,5,3,62.8,0,Peru_4001.csv
2025-05-04,4001,76.2,38.8,17.0,5.0,23.0,5.0,2,2,0,0,4,4,2,2,3.211148140229626,-1.9682198815385084,4.4509516,-0.72316414,54.03482,-25.017027,21,2025-05-04,18.8075,0.0,83.4475,4.78125,1.0,221.88125,2025,5,4,76.2,0,Peru_4001.csv
2025-05-05,4001,73.8,24.6,18.0,5.0,22.0,6.0,2,2,0,0,4,4,2,2,2.4688387545322126,-2.8866949121300145,5.0949373,-0.3459717,49.070652,-31.67067,21,2025-05-05,19.07625,0.0,82.16875,4.9675,1.0,252.0825,2025,5,5,73.8,0,Peru_4001.csv
2025-05-06,4001,62.4,39.2,20.0,6.0,22.0,5.0,2,2,0,0,4,4,2,2,2.9981527476367025,-2.822369493759455,5.0111027,-0.48349953,51.002975,-30.313173,21,2025-05-06,19.72,0.0,78.5525,4.10875,1.0,247.995,2025,5,6,62.4,0,Peru_4001.csv
2025-05-07,4001,66.2,27.0,20.0,7.0,21.0,5.0,2,2,0,0,4,4,2,2,2.3681421668816727,-2.9599831797863976,5.058184,-0.3248167,49.08222,-31.578117,21,2025-05-07,19.486250000000002,0.0,79.80625,4.79625,1.0,204.66125,2025,5,7,66.2,0,Peru_4001.csv
2025-05-08,4001,82.0,60.4,18.0,6.0,18.0,5.0,0,0,3,3,4,4,9,9,3.9148235616655773,0.211723784625899,3.6140332,-0.62082285,52.187557,-20.924896,21,2025-05-08,19.1375,0.0,81.67125,5.71375,1.0,197.55625,2025,5,8,82.0,0,Peru_4001.csv
2025-05-09,4001,70.6,39.8,13.0,4.0,17.0,4.0,2,2,1,1,4,4,9,9,1.005311227400585,-1.4096340951345954,4.7772565,0.61113316,-9.88238,-41.845043,21,2025-05-09,18.30375,0.0,85.5475,5.39,1.0,244.97,2025,5,9,70.6,0,Peru_4001.csv
2025-05-10,4001,81.2,37.2,21.0,7.0,14.0,5.0,2,2,1,1,4,4,7,7,2.560137049724036,-0.5072657232075138,4.2156982,-0.2787577,46.666973,-24.962442,21,2025-05-10,18.38,0.0,83.4725,4.35,1.0,217.14625,2025,5,10,81.2,0,Peru_4001.csv
2025-05-11,4001,89.2,31.6,19.0,6.0,20.0,5.0,2,2,1,1,4,4,9,9,3.330165329251294,-0.9870631188006618,4.282221,-0.6025338,48.498775,-26.582743,21,2025-05-11,18.295,0.0,82.2875,4.65,1.0,231.18875,2025,5,11,89.2,0,Peru_4001.csv
2025-05-12,4001,45.8,21.6,17.0,5.0,22.0,4.0,2,2,1,1,4,4,2,2,0.5830484282806544,-4.771710159009965,6.15986,-0.23763113,47.1893,-53.368614,21,2025-05-12,18.16125,0.0,83.47375,5.365,1.0,200.22875,2025,5,12,45.8,0,Peru_4001.csv
2025-05-13,4001,101.6,34.2,16.0,5.0,20.0,4.0,0,0,3,3,4,4,9,9,3.3625444188666282,0.17573338495789947,3.5519416,-0.7374138,55.73986,-15.506007,21,2025-05-13,17.7375,0.0,84.82875,5.1,1.0,227.65125,2025,5,13,101.6,0,Peru_4001.csv
2025-05-14,4001,69.0,31.8,18.0,6.0,12.0,5.0,2,2,1,1,4,4,7,7,0.7181337130258588,-1.408832334995768,4.652414,0.608394,41.206367,-29.202099,21,2025-05-14,17.9375,0.0,81.97875,4.975,1.0,231.99125,2025,5,14,69.0,0,Peru_4001.csv
2025-05-15,4001,60.4,37.2,19.0,10.0,23.0,6.0,2,2,0,0,4,4,2,2,2.8690550792980414,-3.009562554734603,5.2460246,-0.6607718,51.067867,-30.537607,21,2025-05-15,19.24375,0.0,77.76125,4.66625,1.0,187.74,2025,5,15,60.4,0,Peru_4001.csv
2025-05-16,4001,72.2,54.4,16.0,7.0,21.0,5.0,2,2,1,1,4,4,9,9,3.2670013579707433,-1.0531598165179918,4.0159693,-0.64896214,53.732937,-23.264412,21,2025-05-16,19.6425,0.0,79.85375,4.36625,1.0,197.5825,2025,5,16,72.2,0,Peru_4001.csv
2025-05-17,4001,76.8,34.0,16.0,8.0,17.0,5.0,2,2,1,1,4,4,9,9,1.7074884850718797,-1.1667567842410995,4.647825,0.14372382,45.592392,-29.155628,21,2025-05-17,20.05375,0.0,79.13125,5.14375,1.0,176.3025,2025,5,17,76.8,0,Peru_4001.csv
2025-05-18,4001,72.8,48.0,15.0,7.0,13.0,5.0,2,2,1,1,4,4,9,9,1.314585940748988,-0.30001665681753703,3.613969,0.25933668,45.61692,-20.242298,21,2025-05-18,19.56375,0.0,83.34375,4.83875,1.0,212.87,2025,5,18,72.8,0,Peru_4001.csv
2025-05-19,4001,78.2,46.0,15.0,7.0,16.0,5.0,2,2,1,1,4,4,9,9,2.0129056026395125,-0.386557229475278,3.7163525,-0.10632502,46.655056,-19.01816,21,2025-05-19,19.005,0.0,86.405,4.9975,1.0,203.45875,2025,5,19,78.2,0,Peru_4001.csv
2025-05-20,4001,64.6,44.6,15.0,6.0,9.0,5.0,2,2,1,1,4,4,9,9,0.018612161461101045,-0.6343606626803842,3.7534373,1.3848963,20.945564,-15.562636,21,2025-05-20,18.00625,0.0,88.135,5.25125,1.0,202.8225,2025,5,20,64.6,0,Peru_4001.csv
2025-05-21,4001,75.6,40.8,20.0,7.0,8.0,5.0,2,2,1,1,4,4,7,7,1.1898202814110332,0.04690751458772172,-0.6581104,4.489001,35.36311,-30.294214,21,2025-05-21,18.41875,0.0,84.375,4.78875,1.0,198.85625,2025,5,21,75.6,0,Peru_4001.csv
2025-05-22,4001,62.4,37.6,19.0,7.0,16.0,5.0,2,2,1,1,4,4,9,9,1.6289850753646578,-2.050295552458876,4.713656,-0.07296227,50.502277,-29.278711,21,2025-05-22,17.88125,0.0,86.29,5.58625,1.0,194.29625000000001,2025,5,22,62.4,0,Peru_4001.csv
2025-05-23,4001,63.0,28.2,18.0,4.0,10.0,5.0,2,2,1,1,4,4,7,7,-0.1223181091544579,-1.918594131005505,4.9967284,1.1624411,-6.8114944,-55.879234,21,2025-05-23,17.65375,0.0,84.2125,5.5024999999999995,1.0,189.375,2025,5,23,63.0,0,Peru_4001.csv
2025-05-24,4001,66.8,40.2,19.0,6.0,10.0,5.0,2,2,1,1,4,4,7,7,0.8908128455418538,-0.9202025123906714,4.2440953,0.69029605,36.637253,-27.244669,21,2025-05-24,17.78625,0.0,82.76125,6.345,1.0,175.245,2025,5,24,66.8,0,Peru_4001.csv
2025-05-25,4001,36.8,19.4,20.0,5.0,6.0,4.0,2,2,1,1,4,4,7,7,-2.244936928427084,-3.5959041916918952,6.819035,3.2207017,-0.55107516,-68.92746,21,2025-05-25,17.75125,0.0,83.5,5.80375,1.0,183.9025,2025,5,25,36.8,0,Peru_4001.csv
2025-05-26,4001,65.8,23.8,19.0,7.0,17.0,6.0,2,2,1,1,4,4,7,7,1.3447975570633772,-2.755601888181007,5.065634,-0.024706235,47.819332,-32.05879,21,2025-05-26,18.13125,0.0,82.0775,5.3025,1.0,192.84,2025,5,26,65.8,0,Peru_4001.csv
2025-05-27,4001,53.6,54.6,18.0,8.0,17.0,5.0,2,2,1,1,4,4,9,9,2.0667510322056994,-1.8629310016397311,4.444865,0.1626539,36.71889,-23.560581,21,2025-05-27,18.535,0.0,81.91624999999999,4.13625,1.0,202.94375,2025,5,27,54.6,0,Peru_4001.csv
2025-05-28,4001,75.0,56.4,22.0,10.0,15.0,5.0,0,0,3,3,4,4,9,9,3.6474871809336658,0.07560729526220496,3.904382,-0.5808644,63.720196,-16.981426,21,2025-05-28,18.475,0.0,84.0475,5.38,1.0,190.48125,2025,5,28,75.0,0,Peru_4001.csv
2025-05-29,4001,77.4,29.6,19.0,7.0,11.0,5.0,2,2,1,1,4,4,7,7,1.0330172381016647,-0.7367888360776506,-0.64624786,4.6043797,40.835873,-31.198149,21,2025-05-29,17.4825,0.0,85.12375,5.3575,1.0,209.17000000000002,2025,5,29,77.4,0,Peru_4001.csv
2025-05-30,4001,83.8,37.8,17.0,6.0,10.0,5.0,2,2,1,1,4,4,9,9,1.1784409227286943,0.23956812407254138,3.5004115,0.320569,38.97589,-20.238277,21,2025-05-30,16.87875,0.0,85.99625,5.3975,1.0,203.58375,2025,5,30,83.8,0,Peru_4001.csv
2025-05-31,4001,68.4,45.6,20.0,8.0,6.0,5.0,2,2,1,1,4,4,7,7,0.7323265249225238,0.09097139181578154,-0.56060576,4.5271463,32.69061,-28.330286,21,2025-05-31,16.89375,0.0,85.36375,4.52,1.0,226.525,2025,5,31,68.4,0,Peru_4001.csv
2025-06-01,4001,65.8,42.8,20.0,10.0,4.0,5.0,2,2,1,1,4,4,7,7,0.10306899280837081,0.16022017473929626,-0.42038727,4.7229652,30.618616,-28.594923,21,2025-06-01,16.70125,0.0,86.745,4.405,1.0,207.5425,2025,6,1,65.8,0,Peru_4001.csv
2025-06-02,4001,71.0,46.4,22.0,11.0,5.0,5.0,2,2,1,1,4,4,7,7,1.12994281944746,0.6152166432115701,-1.063262,4.1871443,75.980774,-11.934311,21,2025-06-02,17.4325,0.0,85.87375,4.5475,1.0,189.34375,2025,6,2,71.0,0,Peru_4001.csv
2025-06-03,4001,79.8,57.2,18.0,7.0,5.0,9.0,0,0,3,3,4,4,9,9,1.6489163164732947,1.0643037204982124,1.4857419,1.282181,34.70588,8.201741,21,2025-06-03,18.48125,0.0,81.1725,6.31,1.0,152.5825,2025,6,3,79.8,0,Peru_4001.csv
2025-06-04,4001,79.2,34.0,17.0,7.0,5.0,5.0,2,2,1,1,4,4,7,7,-0.14257941101129237,0.41790439766757487,0.20032728,4.649762,21.064453,-33.89294,21,2025-06-04,18.0075,0.0,84.1425,5.96125,1.0,177.21375,2025,6,4,79.2,0,Peru_4001.csv
2025-06-05,4001,68.8,37.6,18.0,7.0,3.0,5.0,2,2,1,1,4,4,7,7,-0.6145709099008175,0.07225912338681517,0.12527218,4.984545,21.844265,-37.557007,21,2025-06-05,17.1575,0.0,85.725,5.6325,1.0,186.3125,2025,6,5,68.8,0,Peru_4001.csv
2025-06-06,4001,68.8,33.6,17.0,7.0,3.0,5.0,2,2,1,1,4,4,7,7,-1.025960793586962,-0.10358077657627898,0.2916363,5.1516366,21.786701,-37.849274,21,2025-06-06,16.59,0.0,84.9675,5.7837499999999995,1.0,174.22375,2025,6,6,68.8,0,Peru_4001.csv
2025-06-07,4001,62.8,55.0,18.0,8.0,3.0,5.0,2,2,1,1,4,4,7,7,0.0018243421924690278,0.5834179641011408,-0.24502845,3.9013908,27.612179,-24.716679,21,2025-06-07,16.208750000000002,0.0,84.905,5.76,1.0,181.09,2025,6,7,62.8,0,Peru_4001.csv
2025-06-08,4001,49.8,23.0,14.0,5.0,4.0,4.0,2,2,1,1,1,1,3,3,-3.013783591055832,-2.0746529831638134,1.894535,6.1460986,-52.06582,-66.16046,21,2025-06-08,16.5375,0.0,84.61375,5.92375,1.0,195.74875,2025,6,8,49.8,0,Peru_4001.csv
2025-06-09,4001,75.2,23.8,19.0,8.0,9.0,5.0,2,2,1,1,4,4,7,7,0.2657143562368783,-0.8621754526789659,-0.5983223,4.703048,40.32676,-31.75572,21,2025-06-09,16.86375,0.0,85.54124999999999,5.12625,1.0,199.38,2025,6,9,75.2,0,Peru_4001.csv
2025-06-10,4001,77.2,61.2,23.0,9.0,5.0,5.0,0,0,3,3,4,4,7,7,2.398512215586843,1.6349660633570853,-1.0734237,3.7764492,73.98862,-6.8429666,21,2025-06-10,17.395,0.0,83.88,5.046250000000001,1.0,207.365,2025,6,10,77.2,0,Peru_4001.csv
2025-06-11,4001,71.4,41.8,24.0,11.0,7.0,5.0,2,2,1,1,4,4,7,7,1.67857177673513,0.1126977509248829,-1.2197703,4.3546333,74.92845,-14.296714,21,2025-06-11,19.88125,0.0,75.4325,6.4887500000000005,1.0,137.02625,2025,6,11,71.4,0,Peru_4001.csv
2025-06-12,4001,68.6,49.0,20.0,10.0,10.0,5.0,2,2,1,1,4,4,7,7,1.6441297913633928,-0.08064651016715589,4.031691,0.43803284,37.244907,-25.684141,21,2025-06-12,18.97125,0.0,81.68125,7.69625,1.0,172.3125,2025,6,12,68.6,0,Peru_4001.csv
2025-06-13,4001,59.8,27.8,18.0,7.0,10.0,4.0,2,2,1,1,4,4,7,7,-0.3814116967413198,-1.8168736231517566,5.096641,1.2437481,-6.90203,-56.12229,21,2025-06-13,18.2575,0.0,84.47375,6.7025,1.0,179.0625,2025,6,13,59.8,0,Peru_4001.csv
2025-06-14,4001,57.0,41.8,19.0,9.0,6.0,5.0,2,2,1,1,4,4,7,7,-0.2167237516156612,-0.8269435019176702,-0.40752915,4.7053943,31.962568,-27.667553,21,2025-06-14,18.72375,0.0,81.79,6.2525,1.0,191.98624999999998,2025,6,14,57.0,0,Peru_4001.csv
2025-06-15,4001,71.6,28.0,19.0,9.0,5.0,5.0,2,2,1,1,4,4,7,7,-0.41074324106149196,-0.33610618381538865,-0.07454595,5.208,28.79339,-36.342327,21,2025-06-15,18.51,0.0,85.09875,4.76875,1.0,181.55125,2025,6,15,71.6,0,Peru_4001.csv
2025-06-16,4001,63.2,61.8,15.0,7.0,8.0,4.0,2,2,1,1,4,4,9,9,0.577312077925301,0.4593805224944759,2.560559,1.0787182,25.923185,-11.753739,21,2025-06-16,17.958750000000002,0.0,86.13,7.8,1.0,178.62375,2025,6,16,63.2,0,Peru_4001.csv
2025-06-17,4001,45.8,23.4,16.0,7.0,5.0,4.0,2,2,1,1,1,1,3,3,-2.5952044045506697,-2.3729204717981944,1.1268692,6.2107096,1.0417752,-64.06711,21,2025-06-17,17.22125,0.0,87.52250000000001,6.84125,1.0,185.4525,2025,6,17,45.8,0,Peru_4001.csv
2025-06-18,4001,59.8,47.2,19.0,8.0,4.0,5.0,2,2,1,1,4,4,7,7,-0.1639026894614927,-0.1752399061525708,-0.36560318,4.6262736,31.46113,-27.76998,21,2025-06-18,17.076249999999998,0.0,87.93875,5.7875,1.0,215.98375000000001,2025,6,18,59.8,0,Peru_4001.csv
2025-06-19,4001,78.0,28.4,16.0,7.0,4.0,5.0,2,2,1,1,4,4,7,7,-0.8756058980744416,0.20071074764183933,0.6861546,4.9550314,17.489643,-33.817036,21,2025-06-19,16.6575,0.0,87.3075,6.7675,1.0,270.82125,2025,6,19,78.0,0,Peru_4001.csv
2025-06-20,4001,68.6,56.6,20.0,9.0,5.0,5.0,2,2,1,1,4,4,7,7,1.1343459212403415,0.8558492935270207,-0.6355153,3.6263232,70.48912,-8.293218,21,2025-06-20,16.5,0.0,86.55625,4.95125,1.0,172.12875,2025,6,20,68.6,0,Peru_4001.csv
2025-06-21,4001,61.2,40.0,21.0,8.0,4.0,5.0,2,2,1,1,4,4,7,7,-0.06348659144411026,-0.4842460608350063,-0.4796796,4.8336797,31.036392,-28.6294,21,2025-06-21,15.5275,0.0,88.1925,6.3412500000000005,1.0,191.5925,2025,6,21,61.2,0,Peru_4001.csv
2025-06-22,4001,53.6,18.8,18.0,7.0,4.0,4.0,2,2,1,1,4,4,7,7,-2.2318527535635178,-1.9625223346469602,0.89487785,6.1695886,2.5827932,-64.81141,21,2025-06-22,15.77375,0.0,84.82625,5.43375,1.0,188.6825,2025,6,22,53.6,0,Peru_4001.csv
2025-06-23,4001,66.0,61.2,23.0,11.0,6.0,5.0,0,0,1,1,4,4,7,7,2.0421887160839467,0.8448002607193557,-0.9241018,3.6281059,70.08665,-8.656116,21,2025-06-23,16.7125,0.0,82.8025,4.32,1.0,176.85875000000001,2025,6,23,66.0,0,Peru_4001.csv
2025-06-24,4001,86.6,47.0,29.0,20.0,7.0,8.0,0,0,3,3,4,4,7,7,3.9771453004572654,1.6074324323659248,-1.8495364,3.5796776,88.633995,-5.9200196,21,2025-06-24,18.215,0.0,79.6925,5.13875,1.0,171.39625,2025,6,24,86.6,0,Peru_4001.csv
2025-06-25,4001,62.6,50.4,20.0,8.0,9.0,5.0,2,2,1,1,4,4,7,7,1.2441495517417107,-0.4654714341947435,4.1018434,0.512814,36.921062,-25.597633,21,2025-06-25,17.7625,0.0,83.8725,6.3675,1.0,185.8225,2025,6,25,62.6,0,Peru_4001.csv
2025-06-26,4001,65.8,37.8,18.0,7.0,7.0,5.0,2,2,1,1,4,4,7,7,-0.026163574362835385,-0.6378305316138321,-0.3320986,4.523039,33.061565,-27.65552,21,2025-06-26,17.34875,0.0,86.10875,6.98625,1.0,185.70250000000001,2025,6,26,65.8,0,Peru_4001.csv
2025-06-27,4001,83.8,41.0,18.0,8.0,5.0,5.0,2,2,1,1,4,4,7,7,0.6478595401759392,1.1503500933016308,-0.14441496,4.131517,20.922428,-27.811674,21,2025-06-27,16.916249999999998,0.0,90.5425,7.215,1.0,192.685,2025,6,27,83.8,0,Peru_4001.csv
2025-06-28,4001,74.8,39.4,17.0,8.0,3.0,5.0,2,2,1,1,4,4,7,7,-0.4339330243788818,0.6947521860757273,0.3454407,4.636604,19.751331,-35.596603,21,2025-06-28,17.14875,0.0,89.00375,7.01625,1.0,180.96375,2025,6,28,74.8,0,Peru_4001.csv
2025-06-29,4001,64.6,47.4,14.0,6.0,3.0,4.0,2,2,1,1,4,4,9,9,-1.2117231629986933,0.41897506284515335,2.5407677,3.4143226,-25.618101,-11.222296,21,2025-06-29,16.7,0.0,88.705,6.7825,1.0,255.975,2025,6,29,64.6,0,Peru_4001.csv
2025-06-30,4001,68.4,42.6,17.0,9.0,6.0,5.0,2,2,1,1,4,4,7,7,-0.03273670565463042,0.08784917339326472,-0.005951211,4.3118424,29.121323,-25.31887,21,2025-06-30,16.43625,0.0,89.09375,5.57375,1.0,182.5825,2025,6,30,68.4,0,Peru_4001.csv
2025-07-01,4001,67.8,31.6,20.0,9.0,3.0,5.0,2,2,1,1,4,4,7,7,-0.5646097382806159,-0.20395038488971787,-0.32793674,5.156942,30.704647,-38.228794,21,2025-07-01,15.536249999999999,0.0,89.62,6.175,1.0,171.45,2025,7,1,67.8,0,Peru_4001.csv
2025-07-02,4001,73.2,44.4,23.0,11.0,4.0,5.0,2,2,1,1,4,4,7,7,1.1549393574592604,0.7752527253658656,-1.127503,4.2637625,76.50507,-11.967022,21,2025-07-02,15.893749999999999,0.0,87.61875,5.0425,1.0,190.26500000000001,2025,7,2,73.2,0,Peru_4001.csv
2025-07-03,4001,77.2,55.8,23.0,10.0,5.0,5.0,0,0,3,3,4,4,7,7,2.119344743968768,1.4374329166738338,-1.169148,3.8677478,74.30697,-6.9864383,21,2025-07-03,16.35125,0.0,86.7125,4.515,1.0,181.85,2025,7,3,77.2,0,Peru_4001.csv
2025-07-04,4001,71.4,41.8,24.0,11.0,7.0,5.0,2,2,1,1,4,4,7,7,1.67857177673513,0.1126977509248829,-1.2290865,4.3516536,74.92913,-14.296759,21,2025-07-04,17.580000000000002,0.0,83.6025,5.1125,1.0,169.61625,2025,7,4,71.4,0,Peru_4001.csv
2025-07-05,4001,58.2,33.8,18.0,9.0,8.0,5.0,2,2,1,1,4,4,7,7,-0.4168182410642904,-1.3679138204967811,4.6081166,1.2757134,-3.7463112,-57.269516,21,2025-07-05,16.745,0.0,86.40625,6.695,1.0,171.03125,2025,7,5,58.2,0,Peru_4001.csv
2025-07-06,4001,81.2,37.8,15.0,7.0,3.0,5.0,2,2,1,1,4,4,7,7,-0.6170972500228432,1.0540618431705444,0.72215754,4.0979333,-6.113905,3.7489705,21,2025-07-06,15.72625,0.0,87.01125,8.6675,1.0,167.6625,2025,7,6,81.2,0,Peru_4001.csv
2025-07-07,4001,76.8,27.6,19.0,8.0,3.0,5.0,2,2,1,1,4,4,7,7,-0.543628462484814,0.19856575229724405,0.12790495,5.017332,22.584435,-34.09497,21,2025-07-07,15.43,0.0,85.8225,7.51375,1.0,166.54,2025,7,7,76.8,0,Peru_4001.csv
2025-07-08,4001,74.8,51.0,21.0,8.0,6.0,5.0,2,2,1,1,4,4,7,7,1.5249498302819906,0.8003211872303472,-0.88973194,4.001068,71.695,-9.7933,21,2025-07-08,15.342500000000001,0.0,85.9425,5.41625,1.0,170.34875,2025,7,8,74.8,0,Peru_4001.csv
2025-07-09,4001,74.4,42.6,20.0,8.0,5.0,5.0,2,2,1,1,4,4,7,7,0.6849862696500767,0.5006674157235864,-0.6353602,4.5062284,33.637714,-30.323362,21,2025-07-09,15.46875,0.0,84.605,6.7875000000000005,1.0,159.2975,2025,7,9,74.4,0,Peru_4001.csv
2025-07-10,4001,72.8,36.4,20.0,8.0,4.0,5.0,2,2,1,1,4,4,7,7,0.10503745196429626,0.1997392274118216,-0.39956877,5.004163,30.834347,-37.319218,21,2025-07-10,15.405,0.0,85.605,6.8175,1.0,173.7925,2025,7,10,72.8,0,Peru_4001.csv
2025-07-11,4001,70.0,45.8,23.0,9.0,4.0,5.0,2,2,1,1,4,4,7,7,1.0705753385867498,0.4673975440652576,-1.0849738,4.2700777,76.278984,-12.304651,21,2025-07-11,15.1775,0.0,86.0125,6.3462499999999995,1.0,172.87625,2025,7,11,70.0,0,Peru_4001.csv
2025-07-12,4001,66.8,49.8,26.0,11.0,8.0,5.0,2,2,1,1,4,4,7,7,2.460282326822153,0.005631083927558421,-1.4072157,4.2525005,73.44337,-14.283247,21,2025-07-12,15.14125,0.0,85.6625,6.14625,1.0,178.4425,2025,7,12,66.8,0,Peru_4001.csv
2025-07-13,4001,60.0,19.8,20.0,8.0,10.0,4.0,2,2,1,1,4,4,7,7,-0.37897195826706076,-2.179669165742469,-0.9357017,4.680022,-7.962595,-58.371403,21,2025-07-13,15.36125,0.0,86.0,6.00375,1.0,172.3275,2025,7,13,60.0,0,Peru_4001.csv
2025-07-14,4001,67.0,59.4,18.0,8.0,8.0,5.0,2,2,1,1,4,4,9,9,1.3361776364822278,0.47939533138580603,2.4437206,1.0890445,26.036686,-12.629643,21,2025-07-14,15.2675,0.0,87.29,8.0375,1.0,170.04125,2025,7,14,67.0,0,Peru_4001.csv
2025-07-15,4001,58.8,11.0,18.0,7.0,5.0,4.0,2,2,1,1,4,4,7,7,-2.205869741232623,-2.1028522570749826,0.78806037,6.15419,3.0356493,-65.75991,21,2025-07-15,15.25375,0.0,86.4225,7.51125,1.0,165.28,2025,7,15,58.8,0,Peru_4001.csv
2025-07-16,4001,69.4,22.4,19.0,8.0,5.0,5.0,2,2,1,1,4,4,7,7,-0.8092154716116478,-0.8493147496851009,-0.019250274,5.3750677,28.654842,-36.647522,21,2025-07-16,15.93375,0.0,83.99375,5.68875,1.0,194.64625,2025,7,16,69.4,0,Peru_4001.csv
2025-07-17,4001,87.8,56.0,30.0,13.0,5.0,6.0,0,0,3,3,4,4,7,7,4.158094755316959,2.1276722639713714,-1.989907,3.6187968,85.37821,-7.197157,21,2025-07-17,15.86625,0.0,86.4675,4.37625,1.0,188.68875,2025,7,17,87.8,0,Peru_4001.csv
2025-07-18,4001,77.6,59.0,32.0,12.0,3.0,6.0,0,0,3,3,4,4,7,7,3.866666302580251,1.6685383624507901,-2.0336547,3.8566263,86.685005,-12.410168,21,2025-07-18,15.785,0.0,86.98375,5.6325,1.0,177.04749999999999,2025,7,18,77.6,0,Peru_4001.csv
2025-07-19,4001,86.0,50.6,32.0,12.0,1.0,5.0,0,0,3,3,4,4,7,7,3.385379174967619,2.240852442285082,-2.0777216,3.8357606,86.93825,-12.414213,21,2025-07-19,15.805,0.0,87.18625,6.43625,1.0,172.70250000000001,2025,7,19,86.0,0,Peru_4001.csv
2025-07-20,4001,67.0,58.4,25.0,11.0,1.0,5.0,0,0,1,1,4,4,7,7,1.4486927796067748,1.3560940123393546,-1.2782781,3.9318516,73.59452,-8.511276,21,2025-07-20,15.51375,0.0,87.265,6.4225,1.0,177.36375,2025,7,20,67.0,0,Peru_4001.csv
2025-07-21,4001,62.0,28.6,30.0,12.0,2.0,5.0,2,2,1,1,4,4,7,7,0.8589473718921988,-0.6758960065917711,-1.6368601,4.836482,86.980484,-19.16195,21,2025-07-21,15.30375,0.0,86.005,5.8525,1.0,168.2225,2025,7,21,62.0,0,Peru_4001.csv
2025-07-22,4001,66.0,36.8,30.0,12.0,2.0,6.0,2,2,1,1,4,4,7,7,1.5662224494547323,-0.10908312081509287,-1.6774879,4.6191893,84.52279,-15.460935,21,2025-07-22,15.54625,0.0,83.23,5.2675,1.0,176.32125,2025,7,22,66.0,0,Peru_4001.csv
2025-07-23,4001,58.8,40.0,28.0,11.0,2.0,5.0,2,2,1,1,4,4,7,7,0.8885814482740316,-0.35982701781616583,-1.5622665,4.7454543,83.331215,-16.055874,21,2025-07-23,15.596250000000001,0.0,84.72375,6.71875,1.0,175.1825,2025,7,23,58.8,0,Peru_4001.csv
2025-07-24,4001,67.0,58.8,27.0,10.0,3.0,5.0,0,0,1,1,4,4,7,7,2.236423488997815,1.0020969155609147,-1.3729442,4.0198636,73.35506,-8.803803,21,2025-07-24,15.45,0.0,85.06375,6.705,1.0,173.22375,2025,7,24,67.0,0,Peru_4001.csv
2025-07-25,4001,71.2,50.8,28.0,10.0,4.0,5.0,0,0,1,1,4,4,7,7,2.4073491644344163,0.7546497189369042,-1.60844,4.2078505,84.75742,-12.909353,21,2025-07-25,15.7275,0.0,84.035,7.14625,1.0,176.43625,2025,7,25,71.2,0,Peru_4001.csv
2025-07-26,4001,69.8,35.8,29.0,11.0,4.0,5.0,2,2,1,1,4,4,7,7,1.7653871043469114,-0.05021837169227779,-1.7045287,4.519118,84.42959,-15.226452,21,2025-07-26,15.6125,0.0,85.18625,7.03125,1.0,180.025,2025,7,26,69.8,0,Peru_4001.csv
2025-07-27,4001,80.8,52.2,24.0,9.0,5.0,5.0,0,0,3,3,4,4,7,7,2.3078996935356306,1.419681917596724,-1.3642137,3.9738908,74.70065,-6.973119,21,2025-07-27,15.335,0.0,85.8175,7.08125,1.0,176.0925,2025,7,27,80.8,0,Peru_4001.csv
2025-07-28,4001,78.2,45.0,24.0,10.0,5.0,5.0,0,0,1,1,4,4,7,7,1.8098761555901093,0.9436828344944684,-1.1817075,4.1383514,77.305084,-10.889798,21,2025-07-28,15.84875,0.0,85.02125,5.25375,1.0,200.365,2025,7,28,78.2,0,Peru_4001.csv
2025-07-29,4001,72.8,52.6,25.0,10.0,7.0,5.0,0,0,1,1,4,4,7,7,2.5093588458355365,0.6576101371317745,-1.4253867,4.183935,73.15609,-14.0849,21,2025-07-29,16.1075,0.0,84.87,4.8862499999999995,1.0,224.37375,2025,7,29,72.8,0,Peru_4001.csv
2025-07-30,4001,66.8,49.8,26.0,11.0,8.0,5.0,2,2,1,1,4,4,7,7,2.460282326822153,0.005631083927558421,-1.4321387,4.2574244,73.443016,-14.283353,21,2025-07-30,16.89875,0.0,80.015,5.015,1.0,183.59875,2025,7,30,66.8,0,Peru_4001.csv
2025-07-31,4001,83.0,47.0,28.0,12.0,5.0,5.0,0,0,3,3,4,4,7,7,2.962181319162842,1.439038839708886,-1.8307706,3.755113,84.3383,-7.76669,21,2025-07-31,16.7175,0.0,83.2875,7.0962499999999995,1.0,180.19125,2025,7,31,83.0,0,Peru_4001.csv
2025-08-01,4001,78.6,40.8,24.0,11.0,6.0,5.0,0,0,1,1,4,4,7,7,1.7929993152720665,0.7095347277633105,-1.1062226,4.233834,77.23983,-10.931371,21,2025-08-01,16.095,0.0,87.18875,8.84125,1.0,176.4125,2025,8,1,78.6,0,Peru_4001.csv
2025-08-02,4001,56.0,44.2,24.0,10.0,2.0,5.0,2,2,1,1,4,4,7,7,0.15628654495758043,-0.3263727620711882,-0.8787045,5.2196054,81.89141,-16.315561,21,2025-08-02,15.936250000000001,0.0,87.49125,5.9399999999999995,1.0,184.335,2025,8,2,56.0,0,Peru_4001.csv
2025-08-03,4001,43.4,32.8,19.0,9.0,4.0,4.0,2,2,1,1,4,4,7,7,-1.789604914224621,-1.8773798344381343,-0.032107398,6.0314207,-2.264735,-66.15338,21,2025-08-03,16.37875,0.0,85.2775,5.38125,1.0,242.66125,2025,8,3,43.4,0,Peru_4001.csv
2025-08-04,4001,89.2,50.8,26.0,11.0,5.0,5.0,0,0,3,3,4,4,7,7,3.049979497124556,2.054593549563117,-1.6845428,3.664107,83.70679,-6.578834,21,2025-08-04,16.4175,0.0,86.2025,4.545,1.0,207.06875,2025,8,4,89.2,0,Peru_4001.csv
2025-08-05,4001,93.2,54.2,28.0,12.0,3.0,5.0,0,0,3,3,4,4,7,7,3.46665727949987,2.7898908960693674,-1.947049,3.562811,84.73413,-6.7414823,21,2025-08-05,16.9375,0.0,82.715,5.8500000000000005,1.0,180.845,2025,8,5,93.2,0,Peru_4001.csv
2025-08-06,4001,68.6,34.6,25.0,11.0,2.0,5.0,2,2,1,1,4,4,7,7,0.4697375714034426,0.15300036245827262,-1.1040566,4.969001,79.230316,-15.334916,21,2025-08-06,16.1525,0.0,85.8,6.72625,1.0,177.1875,2025,8,6,68.6,0,Peru_4001.csv
2025-08-07,4001,68.8,42.6,24.0,11.0,4.0,5.0,2,2,1,1,4,4,7,7,1.0528579795961939,0.3417809741586993,-1.1467357,4.349753,76.54721,-12.968662,21,2025-08-07,16.01,0.0,85.52625,5.81625,1.0,189.86124999999998,2025,8,7,68.8,0,Peru_4001.csv
2025-08-08,4001,54.4,49.2,28.0,12.0,2.0,5.0,2,2,1,1,4,4,7,7,1.1559974591823754,-0.14393685402182407,-1.4659642,4.772667,82.92257,-16.242708,21,2025-08-08,15.98875,0.0,85.13625,5.5375,1.0,179.0575,2025,8,8,54.4,0,Peru_4001.csv
2025-08-09,4001,47.2,44.0,23.0,12.0,2.0,5.0,2,2,1,1,4,4,7,7,-0.4789381098943661,-0.8023895666151423,-0.56941116,5.450849,26.02634,-47.15418,21,2025-08-09,15.77,0.0,86.0425,7.945,1.0,171.285,2025,8,9,47.2,0,Peru_4001.csv
2025-08-10,4001,64.4,36.0,21.0,11.0,2.0,5.0,2,2,1,1,4,4,7,7,-0.47410080912555674,0.017918295151222386,-0.32877296,5.2248135,29.746372,-30.411966,21,2025-08-10,15.52,0.0,86.65625,7.68375,1.0,179.3525,2025,8,10,64.4,0,Peru_4001.csv
2025-08-11,4001,65.8,42.8,20.0,10.0,4.0,5.0,2,2,1,1,4,4,7,7,0.10306899280837081,0.16022017473929626,-0.43257424,4.7320523,30.618614,-28.59477,21,2025-08-11,15.3675,0.0,87.2025,6.69375,1.0,175.03125,2025,8,11,65.8,0,Peru_4001.csv
2025-08-12,4001,39.6,17.0,22.0,10.0,4.0,4.0,2,2,1,1,4,4,7,7,-2.1817473264356106,-2.945494089154945,6.791942,3.2557883,0.35055825,-68.81372,21,2025-08-12,15.3575,0.0,85.68,5.44375,1.0,187.92375,2025,8,12,39.6,0,Peru_4001.csv
2025-08-13,4001,77.8,48.8,26.0,11.0,3.0,5.0,0,0,1,1,4,4,7,7,2.035255876844944,1.3804998217294528,-1.5160056,3.980187,81.9614,-7.864457,21,2025-08-13,15.4725,0.0,84.48125,4.5275,1.0,183.76125,2025,8,13,77.8,0,Peru_4001.csv
2025-08-14,4001,83.0,47.0,28.0,12.0,5.0,5.0,0,0,3,3,4,4,7,7,2.962181319162842,1.439038839708886,-1.844769,3.8152318,84.3391,-7.766039,21,2025-08-14,15.892499999999998,0.0,81.935,5.91,1.0,182.71875,2025,8,14,83.0,0,Peru_4001.csv
2025-08-15,4001,68.8,44.8,25.0,11.0,4.0,5.0,2,2,1,1,4,4,7,7,1.3707135680672144,0.4273794757871825,-1.2422607,4.3355374,76.325386,-13.016679,21,2025-08-15,15.90125,0.0,82.86375,7.56625,1.0,184.115,2025,8,15,68.8,0,Peru_4001.csv
2025-08-16,4001,64.8,57.4,25.0,12.0,4.0,5.0,0,0,1,1,4,4,7,7,1.8340857337717245,0.8426831006865713,-1.217387,4.0020585,73.2515,-8.806573,21,2025-08-16,15.86625,0.0,82.63,6.68375,1.0,188.97875000000002,2025,8,16,64.8,0,Peru_4001.csv
2025-08-17,4001,67.6,50.2,25.0,12.0,7.0,5.0,2,2,1,1,4,4,7,7,2.1368732636192775,0.3072207231894193,-1.4061579,4.273663,73.673485,-14.13581,21,2025-08-17,15.6025,0.0,83.08,7.01125,1.0,176.4125,2025,8,17,67.6,0,Peru_4001.csv
2025-08-18,4001,65.6,56.0,21.0,11.0,6.0,5.0,2,2,1,1,4,4,7,7,1.3456262174806732,0.6045382788380127,-0.77286494,3.6896994,70.34074,-8.586693,21,2025-08-18,15.49,0.0,82.15625,8.10625,1.0,171.02499999999998,2025,8,18,65.6,0,Peru_4001.csv
2025-08-19,4001,79.4,55.4,23.0,12.0,3.0,5.0,0,0,3,3,4,4,7,7,1.8461630802861102,1.974495089715283,-1.196296,3.7468963,75.41425,-6.062728,21,2025-08-19,15.717500000000001,0.0,81.57124999999999,7.734999999999999,1.0,175.2175,2025,8,19,79.4,0,Peru_4001.csv
2025-08-20,4001,69.4,44.8,23.0,12.0,4.0,5.0,2,2,1,1,4,4,7,7,0.9939972697549156,0.5933995139159274,-1.1198678,4.335688,76.47953,-12.614108,21,2025-08-20,15.71875,0.0,84.38,6.15,1.0,182.42125000000001,2025,8,20,69.4,0,Peru_4001.csv
2025-08-21,4001,53.8,20.8,21.0,10.0,5.0,4.0,2,2,1,1,4,4,7,7,-1.3227176298989896,-1.8280255056275145,-0.06729687,6.0253744,1.44585,-67.01136,21,2025-08-21,15.46125,0.0,85.17875,7.20125,1.0,171.865,2025,8,21,53.8,0,Peru_4001.csv
2025-08-22,4001,70.8,25.8,21.0,10.0,3.0,4.0,2,2,1,1,4,4,7,7,-0.6047962167886347,-0.09518849626547521,-0.39736277,5.4548726,30.375946,-39.73371,21,2025-08-22,15.59625,0.0,83.81625,9.29875,1.0,182.9225,2025,8,22,70.8,0,Peru_4001.csv
2025-08-23,4001,81.4,33.0,21.0,11.0,3.0,4.0,2,2,1,1,4,4,7,7,0.28170374664714914,1.1063449590486611,-0.18072012,4.5436015,22.352264,-31.839502,21,2025-08-23,15.64,0.0,84.88125,6.7975,1.0,194.93875,2025,8,23,81.4,0,Peru_4001.csv
2025-08-24,4001,44.2,42.6,20.0,11.0,3.0,4.0,2,2,1,1,4,4,7,7,-1.2160500449949363,-1.0807320363644255,-0.3819801,5.66012,26.071493,-47.210575,21,2025-08-24,15.11875,0.0,81.81375,6.47,1.0,159.37,2025,8,24,44.2,0,Peru_4001.csv
2025-08-25,4001,55.0,13.4,19.0,10.0,4.0,4.0,2,2,1,1,4,4,7,7,-2.2371326363709976,-1.9370184947859408,0.6451685,6.1723094,2.6461914,-66.00087,21,2025-08-25,15.0325,0.0,83.42125,6.4875,1.0,237.34875,2025,8,25,55.0,0,Peru_4001.csv
2025-08-26,4001,66.8,45.8,26.0,13.0,6.0,5.0,2,2,1,1,4,4,7,7,1.8939905314898018,0.20294351762980692,-1.4384781,4.247279,74.25892,-14.035112,21,2025-08-26,15.424999999999999,0.0,84.00375,5.1362499999999995,1.0,193.48,2025,8,26,66.8,0,Peru_4001.csv
2025-08-27,4001,71.0,46.4,22.0,11.0,5.0,5.0,2,2,1,1,4,4,7,7,1.12994281944746,0.6152166432115701,-1.0648981,4.199086,75.980095,-11.934569,21,2025-08-27,15.09875,0.0,85.755,6.24,1.0,168.0325,2025,8,27,71.0,0,Peru_4001.csv
2025-08-28,4001,81.4,33.0,21.0,11.0,3.0,4.0,2,2,1,1,4,4,7,7,0.28170374664714914,1.1063449590486611,-0.20127587,4.505401,22.352274,-31.839293,21,2025-08-28,14.96,0.0,86.70625,6.9037500000000005,1.0,168.52375,2025,8,28,81.4,0,Peru_4001.csv
2025-08-29,4001,50.8,17.8,21.0,11.0,2.0,4.0,2,2,1,1,4,4,7,7,-2.1637376057026656,-1.7452185863297565,0.014939442,6.0587444,1.4340813,-67.21348,21,2025-08-29,15.4225,0.0,82.01125,8.647499999999999,1.0,172.0275,2025,8,29,50.8,0,Peru_4001.csv
2025-08-30,4001,50.8,17.8,21.0,11.0,2.0,4.0,2,2,1,1,4,4,7,7,-2.1637376057026656,-1.7452185863297565,0.004789776,6.066699,1.4340813,-67.21348,21,2025-08-30,15.158750000000001,0.0,81.0575,6.785,1.0,172.85875,2025,8,30,50.8,0,Peru_4001.csv
2025-08-31,4001,60.8,23.6,23.0,13.0,5.0,4.0,2,2,1,1,4,4,7,7,-0.4284367741094326,-1.0107117630956106,-0.32860893,5.79967,28.620905,-45.472664,21,2025-08-31,15.39875,0.0,83.0475,5.4725,1.0,200.43625,2025,8,31,60.8,0,Peru_4001.csv
2025-09-01,4001,43.4,31.8,20.0,11.0,2.0,4.0,2,2,1,1,4,4,7,7,-1.996470187890344,-1.554361543722123,-0.08297621,6.0304666,-1.9849437,-66.02489,21,2025-09-01,15.24375,0.0,85.37375,5.0325,1.0,214.30125,2025,9,1,43.4,0,Peru_4001.csv
2025-09-02,4001,70.8,25.8,21.0,10.0,3.0,4.0,2,2,1,1,4,4,7,7,-0.6047962167886347,-0.09518849626547521,-0.39576846,5.4536676,30.3765,-39.73363,21,2025-09-02,15.45875,0.0,83.42625,5.705,1.0,206.00625000000002,2025,9,2,70.8,0,Peru_4001.csv
2025-09-03,4001,48.4,18.0,22.0,10.0,3.0,4.0,2,2,1,1,4,4,7,7,-1.8862715670825014,-2.1325583110129043,-0.11549448,6.038845,1.2182102,-67.62672,21,2025-09-03,15.35375,0.0,83.38625,5.06375,1.0,199.5675,2025,9,3,48.4,0,Peru_4001.csv
2025-09-04,4001,71.2,25.6,18.0,9.0,3.0,4.0,2,2,1,1,4,4,7,7,-1.207951932367881,-0.07535935606680844,0.18943515,5.3487377,26.105627,-36.439476,21,2025-09-04,15.305,0.0,83.21875,5.76125,1.0,195.145,2025,9,4,71.2,0,Peru_4001.csv
2025-09-05,4001,43.6,10.8,20.0,10.0,4.0,4.0,2,2,1,1,4,4,7,7,-2.718189692290198,-2.9173559326586984,6.749336,3.2600143,0.7465746,-68.03658,21,2025-09-05,14.8375,0.0,84.16,5.64125,1.0,213.94625000000002,2025,9,5,43.6,0,Peru_4001.csv
2025-09-06,4001,70.2,43.4,24.0,12.0,4.0,5.0,2,2,1,1,4,4,7,7,1.1633450828401188,0.5564308036252765,-1.1532743,4.323715,76.54918,-12.864948,21,2025-09-06,15.805,0.0,80.255,5.16,1.0,205.75,2025,9,6,70.2,0,Peru_4001.csv
2025-09-07,4001,51.8,7.8,20.0,12.0,3.0,4.0,2,2,1,1,4,4,7,7,-2.6566178882648455,-2.202011355194459,0.35168108,6.115525,2.1608186,-66.95689,21,2025-09-07,15.63625,0.0,83.69125,6.9925,1.0,179.655,2025,9,7,51.8,0,Peru_4001.csv
2025-09-08,4001,72.2,44.6,18.0,10.0,4.0,4.0,2,2,1,1,4,4,7,7,0.00964412108900295,0.8970390959132879,-0.02811479,4.2198977,28.599083,-23.566172,21,2025-09-08,15.71875,0.0,85.2825,6.69625,1.0,200.255,2025,9,8,72.2,0,Peru_4001.csv
2025-09-09,4001,70.6,26.4,15.0,8.0,2.0,4.0,2,2,1,1,4,4,7,7,-1.9879990914018746,0.047943310198683656,1.0882266,5.343514,0.77595663,-32.034126,21,2025-09-09,15.78125,0.0,85.11250000000001,5.8075,1.0,223.14125,2025,9,9,70.6,0,Peru_4001.csv
2025-09-10,4001,47.6,35.8,21.0,11.0,5.0,4.0,2,2,1,1,4,4,7,7,-0.8406748375809909,-1.4516672065793266,-0.32844576,5.770424,26.60758,-47.18343,21,2025-09-10,15.68,0.0,85.5,6.0725,1.0,190.25125,2025,9,10,47.6,0,Peru_4001.csv
2025-09-11,4001,70.8,25.8,21.0,10.0,3.0,4.0,2,2,1,1,4,4,7,7,-0.6047962167886347,-0.09518849626547521,-0.38206682,5.461383,30.376425,-39.732895,21,2025-09-11,15.7075,0.0,84.60875,5.46,1.0,193.4325,2025,9,11,70.8,0,Peru_4001.csv
2025-09-12,4001,68.2,42.8,23.0,13.0,4.0,5.0,2,2,1,1,4,4,7,7,0.8336647342938126,0.47944931524380496,-1.0780143,4.416536,76.80906,-13.197348,21,2025-09-12,15.605,0.0,85.17625,4.625,1.0,214.8025,2025,9,12,68.2,0,Peru_4001.csv
2025-09-13,4001,73.4,54.6,24.0,13.0,3.0,5.0,0,0,1,1,4,4,7,7,1.720359288920103,1.548517637010852,-1.2110001,3.96434,74.205154,-8.049936,21,2025-09-13,16.49625,0.0,79.74125,7.225,1.0,185.58875,2025,9,13,73.4,0,Peru_4001.csv
2025-09-14,4001,62.4,36.4,16.0,9.0,4.0,4.0,2,2,1,1,4,4,7,7,-1.2973308129638923,-0.24732040663431926,0.46900347,5.1543336,23.100576,-38.21324,21,2025-09-14,16.2325,0.0,84.09,5.73625,1.0,195.03,2025,9,14,62.4,0,Peru_4001.csv
2025-09-15,4001,69.6,33.4,24.0,13.0,4.0,5.0,2,2,1,1,4,4,7,7,0.616225179460535,0.08484454090351508,-1.0620471,4.654479,78.89555,-15.433731,21,2025-09-15,16.58875,0.0,82.92125,5.205,1.0,189.99,2025,9,15,69.6,0,Peru_4001.csv
2025-09-16,4001,72.2,47.8,22.0,12.0,4.0,5.0,2,2,1,1,4,4,7,7,1.0813136276279889,0.9712015825659903,-1.0995216,4.157219,75.96442,-11.505569,21,2025-09-16,17.11125,0.0,82.0425,4.83625,1.0,215.20375,2025,9,16,72.2,0,Peru_4001.csv
2025-09-17,4001,89.0,41.6,26.0,14.0,5.0,5.0,0,0,3,3,4,4,7,7,2.5665812644030237,1.7984538469247635,-1.6057281,3.5722353,82.41228,-4.842704,21,2025-09-17,17.355,0.0,81.08,4.53,1.0,214.32874999999999,2025,9,17,89.0,0,Peru_4001.csv
2025-09-18,4001,64.8,32.6,26.0,14.0,4.0,5.0,2,2,1,1,4,4,7,7,0.7517982112371286,-0.27895625525067724,-1.304322,4.7846546,79.447426,-16.039385,21,2025-09-18,17.23875,0.0,82.2225,5.58,1.0,199.19375,2025,9,18,64.8,0,Peru_4001.csv
2025-09-19,4001,62.6,41.6,22.0,14.0,4.0,5.0,2,2,1,1,4,4,7,7,0.29928360072653,0.1117686942106805,-1.0032554,4.650352,77.49229,-14.404605,21,2025-09-19,16.955,0.0,83.4375,6.52125,1.0,190.32874999999999,2025,9,19,62.6,0,Peru_4001.csv
2025-09-20,4001,70.6,51.4,22.0,15.0,3.0,5.0,2,2,1,1,4,4,7,7,1.0149125154211025,1.3811596265618746,-1.085372,4.092622,75.734276,-10.888776,21,2025-09-20,16.365,0.0,84.625,8.56,1.0,181.87625,2025,9,20,70.6,0,Peru_4001.csv
2025-09-21,4001,64.8,38.0,20.0,13.0,2.0,5.0,2,2,1,1,4,4,7,7,-0.5515588919219682,0.31822210667241535,-0.30317533,4.9411535,29.302296,-29.979296,21,2025-09-21,16.44375,0.0,82.87375,6.9975,1.0,185.21,2025,9,21,64.8,0,Peru_4001.csv
2025-09-22,4001,72.2,45.6,17.0,12.0,4.0,5.0,2,2,1,1,4,4,7,7,-0.05068617198860507,0.9843884420622409,0.0015596271,4.000645,28.885208,-22.901978,21,2025-09-22,15.895000000000001,0.0,83.155,6.935,1.0,260.82875,2025,9,22,72.2,0,Peru_4001.csv
2025-09-23,4001,62.2,37.0,23.0,14.0,4.0,5.0,2,2,1,1,4,4,7,7,0.24450747114242474,-0.17250194857971668,-1.0788703,4.6874123,78.03272,-15.071123,21,2025-09-23,16.958750000000002,0.0,81.53625,4.42875,1.0,211.72375,2025,9,23,62.2,0,Peru_4001.csv
2025-09-24,4001,80.8,42.2,23.0,14.0,3.0,5.0,0,0,1,1,4,4,7,7,1.2305968037864334,1.560458876636674,-1.1735544,3.953362,78.32745,-7.3748183,21,2025-09-24,17.61,0.0,81.15,5.358750000000001,1.0,204.32625000000002,2025,9,24,80.8,0,Peru_4001.csv
2025-09-25,4001,65.6,45.4,23.0,16.0,3.0,5.0,2,2,1,1,4,4,7,7,0.6670993976140781,0.7668791451426693,-1.0623401,4.4384522,77.27898,-13.898828,21,2025-09-25,17.445,0.0,82.5475,5.85875,1.0,199.44875,2025,9,25,65.6,0,Peru_4001.csv
2025-09-26,4001,62.6,43.2,20.0,14.0,1.0,5.0,2,2,1,1,4,4,7,7,-0.5666094354643357,0.6185765483919704,-0.39559206,4.9841332,29.518557,-29.399475,21,2025-09-26,16.98,0.0,84.495,8.53125,1.0,180.60999999999999,2025,9,26,62.6,0,Peru_4001.csv
2025-09-27,4001,48.6,33.8,20.0,15.0,2.0,5.0,2,2,1,1,4,4,7,7,-1.5477868687944223,-0.9187438765181435,-0.11495552,5.982522,26.299543,-46.14177,21,2025-09-27,16.3125,0.0,86.27624999999999,6.3125,1.0,223.28625,2025,9,27,48.6,0,Peru_4001.csv
2025-09-28,4001,44.8,32.0,17.0,13.0,1.0,4.0,2,2,1,1,4,4,7,7,-2.706988369358367,-1.0967788649726689,0.08270228,6.235159,-2.7111008,-64.82379,21,2025-09-28,16.56875,0.0,86.20875,5.1375,1.0,268.48375,2025,9,28,44.8,0,Peru_4001.csv
2025-09-29,4001,65.6,43.6,22.0,15.0,4.0,5.0,2,2,1,1,4,4,7,7,0.5492480112388672,0.502409839734873,-1.088718,4.420385,77.17314,-13.984118,21,2025-09-29,17.61625,0.0,81.50999999999999,5.02375,1.0,198.59875,2025,9,29,65.6,0,Peru_4001.csv
2025-09-30,4001,63.2,38.6,26.0,16.0,4.0,5.0,2,2,1,1,4,4,7,7,0.9893283981517857,0.052399046040695986,-1.3961016,4.613672,79.42299,-16.26398,21,2025-09-30,17.794999999999998,0.0,82.1575,5.59125,1.0,203.74,2025,9,30,63.2,0,Peru_4001.csv
2025-10-01,4001,73.6,40.0,26.0,20.0,4.0,5.0,0,0,1,1,4,4,7,7,1.5691059135667302,1.168248706735502,-1.6489245,3.9581563,85.82913,-9.820412,21,2025-10-01,17.92125,0.0,82.10875,5.3825,1.0,204.145,2025,10,1,73.6,0,Peru_4001.csv
2025-10-02,4001,76.0,51.6,20.0,14.0,4.0,7.0,0,0,1,1,4,4,7,7,1.2344794669050545,1.3648574363797445,-1.0239828,3.892933,74.899506,-9.882168,21,2025-10-02,17.705,0.0,80.33375,6.775,1.0,200.65375,2025,10,2,76.0,0,Peru_4001.csv
2025-10-03,4001,42.6,14.8,20.0,13.0,6.0,4.0,2,2,1,1,4,4,7,7,-2.192922541449346,-2.8211086446191773,6.768813,3.1891904,0.48731738,-68.16279,21,2025-10-03,17.01125,0.0,80.82375,5.84375,1.0,202.55625,2025,10,3,42.6,0,Peru_4001.csv
2025-10-04,4001,75.2,47.4,22.0,14.0,3.0,5.0,0,0,1,1,4,4,7,7,1.0273467663610483,1.4404453525997765,-1.1050345,4.116927,76.082466,-10.75295,21,2025-10-04,17.39,0.0,78.12375,8.58875,1.0,186.27125,2025,10,4,75.2,0,Peru_4001.csv
2025-10-05,4001,34.8,35.0,16.0,12.0,3.0,4.0,2,2,1,1,1,1,3,3,-2.87676824036145,-1.970279261468667,0.123708576,6.5255394,-3.7698073,-65.89092,21,2025-10-05,16.5025,0.0,82.15125,6.5725,1.0,214.31,2025,10,5,35.0,0,Peru_4001.csv
2025-10-06,4001,34.8,35.0,16.0,12.0,3.0,4.0,2,2,1,1,1,1,3,3,-2.87676824036145,-1.970279261468667,0.12912016,6.5331225,-3.769837,-65.89131,21,2025-10-06,16.32,0.0,82.6475,6.4025,1.0,233.81375,2025,10,6,35.0,0,Peru_4001.csv
2025-10-07,4001,73.6,26.8,16.0,12.0,5.0,4.0,2,2,1,1,4,4,7,7,-1.071371914286121,0.17604542904030526,0.59411806,5.25826,3.080763,-30.611498,21,2025-10-07,16.11875,0.0,83.53625,5.74875,1.0,228.85,2025,10,7,73.6,0,Peru_4001.csv
2025-10-08,4001,60.4,12.6,19.0,12.0,4.0,4.0,2,2,1,1,4,4,7,7,-2.01554885750374,-1.439815871226912,0.590483,6.090757,2.862719,-66.16506,21,2025-10-08,16.42375,0.0,84.23375,4.88,1.0,217.54625,2025,10,8,60.4,0,Peru_4001.csv
2025-10-09,4001,67.2,28.8,19.0,15.0,4.0,13.0,2,2,1,1,4,4,7,7,-0.04632472325368131,-1.120556500162113,0.39157248,5.542199,18.704044,-70.33934,21,2025-10-09,17.55,0.0,79.82375,4.7525,1.0,224.2875,2025,10,9,67.2,0,Peru_4001.csv
2025-10-10,4001,71.0,30.6,19.0,14.0,4.0,6.0,2,2,1,1,4,4,7,7,-0.38966480565895806,0.1086308199721105,-0.107969575,4.995701,27.593666,-31.727917,21,2025-10-10,18.28125,0.0,78.20875,5.9087499999999995,1.0,199.51125000000002,2025,10,10,71.0,0,Peru_4001.csv
2025-10-11,4001,67.8,40.2,19.0,13.0,4.0,6.0,2,2,1,1,4,4,7,7,-0.046493165491821184,0.2850658729007894,-0.250334,4.7390623,29.005936,-29.734518,21,2025-10-11,17.0875,0.0,85.975,6.4037500000000005,1.0,209.0575,2025,10,11,67.8,0,Peru_4001.csv
2025-10-12,4001,81.0,46.2,22.0,14.0,3.0,6.0,0,0,1,1,4,4,7,7,1.3329264857023617,1.6663075185091936,-1.180102,3.757364,77.78537,-6.159163,21,2025-10-12,17.33,0.0,85.95875000000001,6.26375,1.0,200.9475,2025,10,12,81.0,0,Peru_4001.csv
2025-10-13,4001,64.0,36.2,20.0,14.0,4.0,6.0,2,2,1,1,4,4,7,7,-0.23253846292360097,-0.14207360611319553,-0.25817665,4.8729715,29.083908,-30.304329,21,2025-10-13,17.49875,0.0,84.50999999999999,5.95125,1.0,200.0325,2025,10,13,64.0,0,Peru_4001.csv
2025-10-14,4001,85.2,49.8,16.0,14.0,3.0,6.0,0,0,3,3,4,4,11,11,0.5012218752349948,2.2990236174611574,0.7758025,1.8006346,17.387163,7.646629,21,2025-10-14,17.605,0.0,84.51125,6.5287500000000005,1.0,200.13,2025,10,14,85.2,0,Peru_4001.csv
2025-10-15,4001,68.0,36.0,17.0,13.0,2.0,6.0,2,2,1,1,4,4,7,7,-1.0234799847561855,0.3898414007498714,0.04683836,4.9417043,27.758272,-30.136835,21,2025-10-15,16.82,0.0,85.9375,7.355,1.0,192.42249999999999,2025,10,15,68.0,0,Peru_4001.csv
2025-10-16,4001,71.6,37.4,19.0,13.0,2.0,6.0,2,2,1,1,4,4,7,7,-0.37013648173285146,0.6712550827732513,-0.18339102,4.9219975,28.432024,-30.00529,21,2025-10-16,16.528750000000002,0.0,84.16125,7.5375,1.0,189.38,2025,10,16,71.6,0,Peru_4001.csv
2025-10-17,4001,68.8,39.6,19.0,13.0,2.0,5.0,2,2,1,1,4,4,7,7,-0.47915054784873146,0.7127093646177062,-0.22004431,4.884544,28.739002,-29.823336,21,2025-10-17,16.77625,0.0,80.36625,6.90625,1.0,188.79625000000001,2025,10,17,68.8,0,Peru_4001.csv
2025-10-18,4001,92.8,52.0,21.0,13.0,3.0,6.0,0,0,3,3,4,4,7,7,1.9981118363359927,2.7628410101047898,-1.2953631,3.3598535,76.357376,4.230238,21,2025-10-18,16.985,0.0,81.57375,6.29375,1.0,198.0625,2025,10,18,92.8,0,Peru_4001.csv
2025-10-19,4001,67.8,32.0,19.0,13.0,4.0,5.0,2,2,1,1,4,4,7,7,-0.5609652396530391,0.00782931900080622,-0.10972773,5.008404,27.603561,-31.552397,21,2025-10-19,17.54875,0.0,80.25375,6.18,1.0,192.9,2025,10,19,67.8,0,Peru_4001.csv
2025-10-20,4001,81.6,50.0,21.0,13.0,5.0,6.0,0,0,3,3,4,4,7,7,1.715645088218983,1.6002918846252328,-1.0286386,3.7784932,76.89816,-5.8043375,21,2025-10-20,17.74,0.0,80.43875,6.6675,1.0,189.8225,2025,10,20,81.6,0,Peru_4001.csv
2025-10-21,4001,71.6,40.0,22.0,13.0,4.0,6.0,2,2,1,1,4,4,7,7,0.7368850802879946,0.4760475235689514,-1.0404736,4.3129663,76.88732,-12.00197,21,2025-10-21,17.84875,0.0,80.22375,6.105,1.0,205.80125,2025,10,21,71.6,0,Peru_4001.csv
2025-10-22,4001,83.8,50.2,23.0,14.0,3.0,6.0,0,0,3,3,4,4,7,7,1.879278500409938,2.044850854487808,-1.3405261,3.635687,77.82487,-5.421874,21,2025-10-22,18.77375,0.0,78.825,5.61125,1.0,208.44625,2025,10,22,83.8,0,Peru_4001.csv
2025-10-23,4001,83.8,50.2,23.0,14.0,3.0,6.0,0,0,3,3,4,4,7,7,1.879278500409938,2.044850854487808,-1.3181127,3.631252,77.8247,-5.421789,21,2025-10-23,18.56875,0.0,82.005,6.2162500000000005,1.0,203.40625,2025,10,23,83.8,0,Peru_4001.csv
2025-10-24,4001,92.8,52.0,21.0,13.0,3.0,6.0,0,0,3,3,4,4,7,7,1.9981118363359927,2.7628410101047898,-1.2770557,3.3622956,76.357796,4.2302217,21,2025-10-24,18.2475,0.0,83.4525,7.29375,1.0,189.1775,2025,10,24,92.8,0,Peru_4001.csv
2025-10-25,4001,50.2,38.8,21.0,13.0,2.0,5.0,2,2,1,1,4,4,7,7,-1.0101828751373152,-0.7233208987431369,-0.40430534,5.678357,26.096476,-46.737038,21,2025-10-25,18.2775,0.0,81.82875,7.1025,1.0,199.36,2025,10,25,50.2,0,Peru_4001.csv
2025-10-26,4001,68.0,25.2,18.0,12.0,3.0,5.0,2,2,1,1,4,4,7,7,-1.290302232288324,-0.24136444010846492,0.18597288,5.3950396,26.564243,-36.01234,21,2025-10-26,17.87625,0.0,83.33375,6.3325,1.0,198.87875,2025,10,26,68.0,0,Peru_4001.csv
2025-10-27,4001,82.8,50.8,21.0,14.0,3.0,6.0,0,0,3,3,4,4,7,7,1.4551835977764396,2.0519299259311894,-1.1681888,3.705613,77.24405,-5.6525416,21,2025-10-27,17.925,0.0,80.9475,6.52375,1.0,197.745,2025,10,27,82.8,0,Peru_4001.csv
2025-10-28,4001,61.2,34.0,23.0,15.0,2.0,6.0,2,2,1,1,4,4,7,7,-0.2310850276625363,-0.20450312499696058,-0.96101004,4.8980293,78.28833,-15.350213,21,2025-10-28,18.09375,0.0,78.9375,6.73625,1.0,185.79125,2025,10,28,61.2,0,Peru_4001.csv
2025-10-29,4001,83.8,50.2,23.0,14.0,3.0,6.0,0,0,3,3,4,4,7,7,1.879278500409938,2.044850854487808,-1.3312113,3.6411955,77.824745,-5.4218273,21,2025-10-29,17.495,0.0,81.85125000000001,6.38125,1.0,191.37,2025,10,29,83.8,0,Peru_4001.csv
2025-10-30,4001,82.6,59.0,24.0,15.0,3.0,6.0,0,0,3,3,4,4,7,7,2.4836874968084186,2.447652114035733,-1.244987,3.6817908,75.96105,-5.533768,21,2025-10-30,17.69375,0.0,79.42750000000001,5.76625,1.0,185.72875000000002,2025,10,30,82.6,0,Peru_4001.csv
2025-10-31,4001,89.6,53.4,23.0,15.0,3.0,6.0,0,0,3,3,4,4,7,7,2.3265610598535633,2.698356474073414,-1.3974961,3.5581694,78.14243,-4.7859774,21,2025-10-31,17.405,0.0,79.62,5.99625,1.0,192.73000000000002,2025,10,31,89.6,0,Peru_4001.csv
2025-11-01,4001,82.8,45.4,22.0,16.0,2.0,6.0,0,0,3,3,4,4,7,7,1.2003332955993886,2.028624866714768,-1.1456213,3.7102506,78.00333,-6.1832943,21,2025-11-01,17.34125,0.0,80.39125,6.645,1.0,187.01,2025,11,1,82.8,0,Peru_4001.csv
2025-11-02,4001,64.6,40.2,20.0,14.0,3.0,5.0,2,2,1,1,4,4,7,7,-0.26479002132389173,0.36149541923093104,-0.355527,4.818733,29.291176,-29.905802,21,2025-11-02,17.6275,0.0,79.9475,6.2387500000000005,1.0,184.86,2025,11,2,64.6,0,Peru_4001.csv
2025-11-03,4001,82.8,50.8,21.0,14.0,3.0,6.0,0,0,3,3,4,4,7,7,1.4551835977764396,2.0519299259311894,-1.1601071,3.7042477,77.24424,-5.6527653,21,2025-11-03,17.7275,0.0,77.99,5.96875,1.0,202.78625,2025,11,3,82.8,0,Peru_4001.csv
2025-11-04,4001,74.0,25.8,22.0,14.0,2.0,6.0,2,2,1,1,4,4,7,7,-0.24518763336580976,0.26254756052811595,-0.4518235,5.406741,30.059769,-40.27103,21,2025-11-04,18.09875,0.0,79.5525,6.48375,1.0,184.925,2025,11,4,74.0,0,Peru_4001.csv
2025-11-05,4001,84.4,48.2,26.0,15.0,3.0,6.0,0,0,3,3,4,4,7,7,2.416315317410839,1.9871208867902783,-1.618405,3.6518443,82.10478,-6.7965164,21,2025-11-05,18.72,0.0,79.625,5.9662500000000005,1.0,212.015,2025,11,5,84.4,0,Peru_4001.csv
2025-11-06,4001,82.6,59.0,24.0,15.0,3.0,6.0,0,0,3,3,4,4,7,7,2.4836874968084186,2.447652114035733,-1.2126547,3.6863081,75.96081,-5.5338726,21,2025-11-06,18.61,0.0,81.315,7.3525,1.0,194.82875,2025,11,6,82.6,0,Peru_4001.csv
2025-11-07,4001,74.0,25.8,22.0,14.0,2.0,6.0,2,2,1,1,4,4,7,7,-0.24518763336580976,0.26254756052811595,-0.44808045,5.428569,30.060041,-40.271027,21,2025-11-07,17.6825,0.0,83.02625,6.23375,1.0,233.3075,2025,11,7,74.0,0,Peru_4001.csv
2025-11-08,4001,68.4,29.4,18.0,13.0,2.0,5.0,2,2,1,1,4,4,7,7,-1.2319942700061466,0.1970806123412228,0.13870111,5.3073974,26.686832,-35.60117,21,2025-11-08,17.72,0.0,81.56625,6.12125,1.0,258.7925,2025,11,8,68.4,0,Peru_4001.csv
2025-11-09,4001,61.4,34.4,23.0,15.0,2.0,5.0,2,2,1,1,4,4,7,7,-0.28903134682440973,-0.036107971468702066,-0.98619044,4.8711047,78.28514,-15.361821,21,2025-11-09,18.32375,0.0,80.06125,5.225,1.0,217.06875,2025,11,9,61.4,0,Peru_4001.csv
2025-11-10,4001,64.0,36.2,20.0,14.0,4.0,6.0,2,2,1,1,4,4,7,7,-0.23253846292360097,-0.14207360611319553,-0.2535213,4.8823943,29.083422,-30.304422,21,2025-11-10,18.0,0.0,84.11625,6.0975,1.0,241.34375,2025,11,10,64.0,0,Peru_4001.csv
2025-11-11,4001,61.2,40.8,22.0,15.0,2.0,6.0,2,2,1,1,4,4,7,7,-0.0812695852261456,0.16110484307522105,-0.6934059,4.963529,77.871826,-14.832008,21,2025-11-11,18.2125,0.0,82.2675,6.48625,1.0,217.18125,2025,11,11,61.2,0,Peru_4001.csv
2025-11-12,4001,48.6,44.6,27.0,16.0,2.0,6.0,2,2,1,1,4,4,7,7,0.5279778481327294,-0.6108424660661717,-1.2546322,4.98794,82.56345,-16.368462,21,2025-11-12,18.3775,0.0,80.1975,6.45125,1.0,197.87375,2025,11,12,48.6,0,Peru_4001.csv
2025-11-13,4001,77.4,50.4,27.0,17.0,7.0,6.0,0,0,3,3,4,4,7,7,3.122253272340285,1.209408248544578,-1.7568718,3.739313,86.855034,-8.067853,21,2025-11-13,18.15875,0.0,79.4325,5.8549999999999995,1.0,212.4025,2025,11,13,77.4,0,Peru_4001.csv
2025-11-14,4001,87.2,51.4,27.0,17.0,6.0,6.0,0,0,3,3,4,4,7,7,3.4659296959307837,2.094738019245915,-1.8548125,3.617753,88.3755,-5.6155863,21,2025-11-14,17.9725,0.0,79.9625,5.72375,1.0,210.68125,2025,11,14,87.2,0,Peru_4001.csv
2025-11-15,4001,91.0,54.4,28.0,17.0,6.0,6.0,0,0,3,3,4,4,7,7,4.008518993144293,2.4955413659362446,-1.9764155,3.4053147,88.83061,-5.4880333,21,2025-11-15,17.89125,0.0,81.76625,6.18,1.0,199.77625,2025,11,15,91.0,0,Peru_4001.csv
2025-11-16,4001,85.0,50.0,24.0,17.0,4.0,6.0,0,0,3,3,4,4,7,7,2.315222740679616,2.1908394656243217,-1.4510595,3.5243044,78.82319,-5.2328677,21,2025-11-16,18.06375,0.0,82.11,5.9275,1.0,211.64,2025,11,16,85.0,0,Peru_4001.csv
2025-11-17,4001,80.0,43.6,23.0,17.0,5.0,6.0,0,0,1,1,4,4,7,7,1.718770991005222,1.4069738900235444,-1.1918057,3.8217673,78.71661,-6.621784,21,2025-11-17,18.16875,0.0,82.26625,6.1875,1.0,228.3725,2025,11,17,80.0,0,Peru_4001.csv
2025-11-18,4001,76.2,39.6,23.0,15.0,4.0,6.0,2,2,1,1,4,4,7,7,1.1442296302103303,0.9106919501399287,-1.1227508,4.039149,77.28139,-10.176498,21,2025-11-18,18.71625,0.0,78.1775,5.63875,1.0,212.44125,2025,11,18,76.2,0,Peru_4001.csv
2025-11-19,4001,55.4,32.4,18.0,14.0,3.0,6.0,2,2,1,1,4,4,7,7,-1.432252169009528,-0.7800458668018644,0.07336875,5.9479156,25.411772,-44.28812,21,2025-11-19,18.61,0.0,80.56875,7.1049999999999995,1.0,194.48875,2025,11,19,55.4,0,Peru_4001.csv
2025-11-20,4001,82.0,48.8,15.0,14.0,3.0,6.0,0,0,1,1,4,4,9,9,0.09148000346990687,2.0419247695446865,0.9222911,1.9099712,17.299128,7.5716386,21,2025-11-20,18.56375,0.0,81.97,7.768750000000001,1.0,188.37375,2025,11,20,82.0,0,Peru_4001.csv
2025-11-21,4001,55.4,32.4,18.0,14.0,3.0,6.0,2,2,1,1,4,4,7,7,-1.432252169009528,-0.7800458668018644,0.078363016,5.9518437,25.411772,-44.28812,21,2025-11-21,18.985,0.0,79.215,6.81375,1.0,202.19625,2025,11,21,55.4,0,Peru_4001.csv
2025-11-22,4001,66.6,39.0,23.0,14.0,4.0,6.0,2,2,1,1,4,4,7,7,0.6488893333576994,0.1124374215717847,-1.1081532,4.4938316,77.364624,-14.128912,21,2025-11-22,18.99,0.0,81.345,6.49625,1.0,193.995,2025,11,22,66.6,0,Peru_4001.csv
2025-11-23,4001,76.6,38.4,21.0,14.0,4.0,6.0,2,2,1,1,4,4,7,7,0.6926463256406151,0.8556906838115657,-0.77514243,4.1752973,77.10062,-10.017741,21,2025-11-23,18.71125,0.0,81.13,5.535,1.0,210.42249999999999,2025,11,23,76.6,0,Peru_4001.csv
2025-11-24,4001,91.2,51.0,9.0,17.0,1.0,7.0,0,0,3,3,5,5,11,11,-0.8406007822617424,3.303600397645419,0.019259792,0.28145722,15.747824,37.296528,21,2025-11-24,18.89625,0.0,79.34875,4.845,1.0,214.3,2025,11,24,91.2,0,Peru_4001.csv
2025-11-25,4001,72.4,42.8,21.0,17.0,7.0,6.0,2,2,1,1,4,4,7,7,1.2651109360531478,0.6145971537525236,-0.9094331,4.145638,74.02127,-11.64934,21,2025-11-25,19.87125,0.0,77.3375,5.325,1.0,213.24625,2025,11,25,72.4,0,Peru_4001.csv
2025-11-26,4001,85.0,50.0,24.0,17.0,4.0,6.0,0,0,3,3,4,4,7,7,2.315222740679616,2.1908394656243217,-1.4324775,3.511811,78.82319,-5.2328677,21,2025-11-26,20.00875,0.0,79.19125,6.5725,1.0,203.97375,2025,11,26,85.0,0,Peru_4001.csv
2025-11-27,4001,56.6,43.4,20.0,16.0,3.0,6.0,2,2,1,1,4,4,7,7,-0.3928705311910832,-0.04470944304180074,-0.4335121,5.240676,24.69378,-46.46271,21,2025-11-27,19.195,0.0,81.51125,6.21375,1.0,214.74,2025,11,27,56.6,0,Peru_4001.csv
2025-11-28,4001,59.0,46.8,16.0,16.0,3.0,6.0,2,2,1,1,4,4,9,9,-0.9146572573899323,0.39827754149796907,0.20440663,4.300645,25.775314,-21.124155,21,2025-11-28,18.83875,0.0,80.05250000000001,6.6775,1.0,192.45375,2025,11,28,59.0,0,Peru_4001.csv
2025-11-29,4001,83.0,41.2,21.0,17.0,4.0,6.0,0,0,1,1,4,4,7,7,1.150934556701585,1.6789607618521434,-0.836926,3.609021,78.4233,-6.541306,21,2025-11-29,19.3775,0.0,77.91,6.3,1.0,201.44375,2025,11,29,83.0,0,Peru_4001.csv
2025-11-30,4001,104.6,60.4,23.0,17.0,3.0,6.0,0,0,3,3,5,5,10,10,3.4161868099242425,4.281588013550949,-1.996836,2.4233475,78.73025,11.861871,21,2025-11-30,20.80625,0.0,73.15625,5.6075,1.0,199.07375,2025,11,30,104.6,0,Peru_4001.csv
2025-12-01,4001,71.0,45.4,22.0,16.0,4.0,6.0,2,2,1,1,4,4,7,7,0.9928731274066788,0.9229074129741738,-1.1067982,4.207193,76.03939,-11.523816,21,2025-12-01,20.64125,0.0,76.645,5.8100000000000005,1.0,215.57375,2025,12,1,71.0,0,Peru_4001.csv
2025-12-02,4001,66.8,33.8,18.0,17.0,2.0,6.0,2,2,1,1,4,4,7,7,-0.9863634211801459,0.4607404964019416,-0.01766016,5.0202255,27.849844,-31.019823,21,2025-12-02,19.646250000000002,0.0,82.96375,6.34375,1.0,211.8725,2025,12,2,66.8,0,Peru_4001.csv
2025-12-03,4001,77.2,39.6,19.0,17.0,2.0,8.0,2,2,1,1,4,4,7,7,0.19659169295821569,1.211994829232745,-0.1161016,4.055759,31.140982,-22.859724,21,2025-12-03,20.32125,0.0,77.5425,7.984999999999999,1.0,183.05875,2025,12,3,77.2,0,Peru_4001.csv
2025-12-04,4001,56.6,43.4,20.0,16.0,3.0,6.0,2,2,1,1,4,4,7,7,-0.3928705311910832,-0.04470944304180074,-0.4348613,5.2576084,24.6945,-46.463097,21,2025-12-04,19.53875,0.0,80.93125,7.15,1.0,191.24375,2025,12,4,56.6,0,Peru_4001.csv
2025-12-05,4001,92.2,21.0,19.0,15.0,17.2,6.0,2,2,1,1,4,4,7,7,2.519412068464269,-0.42439332477030034,4.186412,-0.27108827,44.49256,-26.648083,21,2025-12-05,19.064999999999998,0.0,80.35,9.34125,1.0,176.8375,2025,12,5,92.2,0,Peru_4001.csv
2025-12-06,4001,92.2,21.0,19.0,15.0,17.2,6.0,2,2,1,1,4,4,7,7,2.519412068464269,-0.42439332477030034,4.185914,-0.27478465,44.492756,-26.648083,21,2025-12-06,19.1575,0.0,77.41125,8.67375,1.0,180.96875,2025,12,6,92.2,0,Peru_4001.csv
2025-12-07,4001,68.6,25.6,18.0,14.0,17.4,5.0,2,2,1,1,4,4,9,9,1.3636946106427217,-1.8420557357591183,4.83014,0.02260089,46.02963,-32.367966,21,2025-12-07,19.22375,0.0,78.85875,9.21125,1.0,182.42625,2025,12,7,68.6,0,Peru_4001.csv
2025-12-08,4001,78.0,32.0,17.0,14.0,15.4,6.0,2,2,1,1,4,4,9,9,1.67287511066621,-0.698392539486369,4.3916106,-0.006723266,44.832325,-29.102547,21,2025-12-08,18.4875,0.0,83.0375,6.06875,1.0,214.8175,2025,12,8,78.0,0,Peru_4001.csv
2025-12-09,4001,93.0,31.0,21.0,16.0,11.6,6.0,0,0,3,3,4,4,7,7,2.4744510371768165,0.8627685841226105,-1.0937767,2.9441745,66.60354,-21.048632,21,2025-12-09,19.033749999999998,0.0,80.08375,6.6325,1.0,198.84375,2025,12,9,93.0,0,Peru_4001.csv
2025-12-10,4001,67.8,41.8,23.0,15.0,6.0,6.0,2,2,1,1,4,4,7,7,1.2149715493286555,0.1614093822749276,-1.1275675,4.4010844,76.20457,-13.880624,21,2025-12-10,19.36875,0.0,78.7025,6.85625,1.0,207.61875,2025,12,10,67.8,0,Peru_4001.csv
2025-12-11,4001,49.0,39.0,17.0,14.0,9.4,4.0,2,2,1,1,4,4,9,9,-0.6218704329018568,-1.4247560528738945,4.4259224,1.5422561,-3.1583397,-58.639397,21,2025-12-11,19.72625,0.0,77.655,6.5925,1.0,206.28125,2025,12,11,49.0,0,Peru_4001.csv
2025-12-12,4001,97.6,37.4,11.0,7.0,7.6,6.0,0,0,1,1,4,4,9,9,0.2578461594027291,1.607819801627286,1.0267848,1.8384582,-4.5508337,14.541328,21,2025-12-12,19.34625,0.0,79.17625,7.3,1.0,194.38625,2025,12,12,97.6,0,Peru_4001.csv
2025-12-13,4001,67.2,37.0,15.0,8.0,9.6,6.0,2,2,1,1,4,4,9,9,-0.05135354034074774,-0.8900761058357597,3.9726372,1.2615029,9.246632,-27.710617,21,2025-12-13,19.15125,0.0,79.38,5.68375,1.0,187.7875,2025,12,13,67.2,0,Peru_4001.csv
2025-12-14,4001,73.2,38.6,15.0,8.0,17.0,5.0,2,2,1,1,4,4,9,9,1.5694618061322365,-1.1720625189238627,4.6331277,0.39052314,-9.546151,-40.431114,21,2025-12-14,19.35125,0.0,76.74625,5.8425,1.0,188.08125,2025,12,14,73.2,0,Peru_4001.csv
2025-12-15,4001,95.4,36.2,20.0,9.0,12.0,6.0,0,0,3,3,4,4,7,7,2.7190218129604338,0.7592787585497,-1.0908322,2.886885,66.5529,-20.954483,21,2025-12-15,19.43375,0.0,78.4075,6.2,1.0,187.2125,2025,12,15,95.4,0,Peru_4001.csv
2025-12-16,4001,84.0,38.2,19.0,10.0,19.4,7.0,0,0,1,1,4,4,9,9,3.4965723232581016,-0.9321497204107709,4.111329,-0.7801816,51.894047,-23.509432,21,2025-12-16,20.11,0.0,71.99,5.26125,1.0,214.1975,2025,12,16,84.0,0,Peru_4001.csv
2025-12-17,4001,73.8,49.8,23.0,10.0,21.0,8.0,0,0,0,0,4,4,2,2,4.799263858694671,-1.5228362990592115,4.3897367,-1.0089978,52.72814,-25.97505,21,2025-12-17,20.98625,0.0,69.365,5.0337499999999995,1.0,201.65625,2025,12,17,73.8,0,Peru_4001.csv
2025-12-18,4001,95.4,36.2,20.0,9.0,12.0,6.0,0,0,3,3,4,4,7,7,2.7190218129604338,0.7592787585497,-1.095698,2.8935642,66.55279,-20.954681,21,2025-12-18,20.505,0.0,74.43625,5.76,1.0,200.89000000000001,2025,12,18,95.4,0,Peru_4001.csv
2025-12-19,4001,49.6,35.0,17.0,8.0,3.0,6.0,2,2,1,1,4,4,7,7,-1.7888589337832088,-1.4840315867729226,0.13343139,6.6017785,-4.7482405,-65.81412,21,2025-12-19,19.9925,0.0,79.50625,6.09,1.0,200.6725,2025,12,19,49.6,0,Peru_4001.csv
2025-12-20,4001,107.0,49.8,17.0,9.0,3.0,7.0,0,0,3,3,5,5,10,10,1.8367292509078343,3.352701781521616,-1.205786,1.9917723,56.31587,27.168844,21,2025-12-20,19.995,0.0,79.75125,6.76875,1.0,202.46375,2025,12,20,107.0,0,Peru_4001.csv
2025-12-21,4001,76.8,52.2,14.0,8.0,3.0,5.0,2,2,1,1,4,4,11,11,-0.2830073408346278,1.555345464791185,1.3389224,2.2123082,2.5376017,7.2601852,21,2025-12-21,20.28,0.0,81.8275,7.705,1.0,181.15125,2025,12,21,76.8,0,Peru_4001.csv
2025-12-22,4001,78.2,44.8,13.0,6.0,2.0,5.0,2,2,1,1,4,4,9,9,-0.9871167384869075,1.2897534387985805,1.2518834,3.001423,1.7255908,7.286744,21,2025-12-22,20.2475,0.0,81.22,6.61,1.0,192.27625,2025,12,22,78.2,0,Peru_4001.csv
2025-12-23,4001,81.2,37.8,15.0,7.0,3.0,5.0,2,2,1,1,4,4,7,7,-0.6170972500228432,1.0540618431705444,0.7177092,4.091205,-6.113878,3.7489834,21,2025-12-23,19.925,0.0,79.93125,6.22625,1.0,202.1525,2025,12,23,81.2,0,Peru_4001.csv
2025-12-24,4001,64.0,15.4,14.0,8.0,2.0,6.0,2,2,1,1,1,1,7,7,-2.9045147409384193,-1.224361550479246,1.55684,5.700315,-2.2514052,-36.171154,21,2025-12-24,20.145,0.0,80.00500000000001,6.465,1.0,211.54375,2025,12,24,64.0,0,Peru_4001.csv
2025-12-25,4001,82.4,44.2,14.0,7.0,3.0,5.0,2,2,1,1,4,4,9,9,-0.4302263050207819,1.4864891287153719,0.98043907,3.1370056,1.8569345,7.9408793,21,2025-12-25,20.48875,0.0,79.1,6.11625,1.0,189.8025,2025,12,25,82.4,0,Peru_4001.csv
2025-12-26,4001,87.0,56.0,14.0,7.0,5.0,5.0,0,0,3,3,4,4,11,11,0.7659743641160762,2.1596167536201984,1.2374657,1.5756302,18.852377,10.087582,21,2025-12-26,20.4725,0.0,80.6125,7.01875,1.0,188.24875,2025,12,26,87.0,0,Peru_4001.csv
2025-12-27,4001,49.6,35.0,17.0,8.0,3.0,6.0,2,2,1,1,4,4,7,7,-1.7888589337832088,-1.4840315867729226,0.12632862,6.5642953,-4.7482405,-65.81412,21,2025-12-27,20.51625,0.0,80.50625,6.8375,1.0,188.84875,2025,12,27,49.6,0,Peru_4001.csv
2025-12-28,4001,73.0,29.2,15.0,7.0,4.0,5.0,2,2,1,1,4,4,7,7,-1.2785748351788704,-0.09645626184469791,1.1535738,5.1320806,-0.55640876,-30.628222,21,2025-12-28,20.14125,0.0,82.0475,6.3,1.0,209.77625,2025,12,28,73.0,0,Peru_4001.csv
2025-12-29,4001,74.0,22.0,18.2,15.8,5.0,7.6,2,2,1,1,4,4,7,7,-0.5301449308065922,-0.2937532558092006,0.19698463,5.3484025,27.218674,-33.56066,21,2025-12-29,20.12875,0.0,81.34375,6.47625,1.0,194.41125,2025,12,29,74.0,0,Peru_4001.csv
2025-12-30,4001,76.26329315845445,39.0951871657754,11.939310035171744,12.942866095675788,8.522758485383559,9.978580024067387,2,2,1,1,4,4,9,9,0.03549621024003731,-0.08868490030010638,18.733753,-0.065563366,-13.194237,61.20619,21,2025-12-30,19.83125,0.0,81.89625000000001,6.0225,1.0,206.76,2025,12,30,76.26329315845445,0,Peru_4001.csv
2025-12-31,4001,76.26329315845445,39.0951871657754,11.939310035171744,12.942866095675788,8.522758485383559,9.978580024067387,2,2,1,1,4,4,9,9,0.03549621024003731,-0.08868490030010638,19.062588,-0.0771246,-13.194237,61.20619,21,2025-12-31,20.12,0.0,78.3675,6.05,1.0,197.51,2025,12,31,76.26329315845445,0,Peru_4001.csv
