time,station,PM2_5,PM10,NO2,CO,O3,SO2,Kmeans_3,HDBSCAN_3,Kmeans_4,HDBSCAN_4,Kmeans_6,HDBSCAN_6,Kmeans_12,HDBSCAN_12,PCA1,PCA2,UMAP1,UMAP2,TSNE1,TSNE2,district_id,date,TEMP,PRES,DEWP,WSPM,weather,wind_direction,year,month,day,AQI,RAIN,city
2019-01-01,1007,125.4,44.0,22.0,10.0,19.0,5.0,0,0,2,2,4,4,8,8,5.505841867019492,-1.6924915635442193,9.345967,-4.7166514,98.50068,22.062958,1,2019-01-01,-5.24,0.0,31.322857142857142,8.214285714285714,1.0,225.13714285714286,2019,1,1,125.4,0,China_1007.csv
2019-01-02,1007,98.0,50.0,28.0,13.0,10.0,5.0,0,0,2,2,4,4,8,8,7.457931187440099,-2.9893206621849218,9.435581,-4.9001403,99.375374,29.482216,1,2019-01-02,-5.3999999999999995,0.0,36.47,6.168571428571428,1.0,145.97571428571428,2019,1,2,98.0,0,China_1007.csv
2019-01-03,1007,110.0,86.0,42.0,23.0,4.0,9.0,0,0,2,2,4,4,6,6,16.592138705440398,-2.7750284358467896,9.669814,-5.416609,106.214745,36.173332,1,2019-01-03,-3.698571428571429,0.0,35.605714285714285,10.12142857142857,1.0,135.75,2019,1,3,110.0,0,China_1007.csv
2019-01-04,1007,205.0,39.0,14.0,4.0,27.0,4.0,0,0,2,2,1,1,8,8,2.5693572606593564,-0.2873523967032261,8.954455,-3.464081,67.024704,10.768087,1,2019-01-04,-3.9985714285714287,0.0,18.21857142857143,13.754285714285714,1.0,165.63714285714286,2019,1,4,205.0,0,China_1007.csv
2019-01-05,1007,49.0,24.0,17.0,3.0,22.0,3.0,1,1,0,0,5,5,8,8,-1.3989796155995706,-2.7799950165859957,8.231672,-2.9802344,76.032135,23.804836,1,2019-01-05,-4.307142857142857,0.0,18.3,6.588571428571429,1.0,141.49571428571429,2019,1,5,49.0,0,China_1007.csv
2019-01-06,1007,49.0,71.0,36.0,12.0,6.0,6.0,0,0,2,2,4,4,6,6,7.580331525432391,-4.171680319740807,9.433828,-5.0766196,97.56947,31.649082,1,2019-01-06,-4.910000000000001,0.0,26.5,7.867142857142857,1.0,184.29285714285714,2019,1,6,71.0,0,China_1007.csv
2019-01-07,1007,153.0,38.0,22.0,8.0,23.0,5.0,0,0,2,2,4,4,8,8,4.9461024560363365,-1.4124350166554123,9.3822,-4.6979327,98.29639,22.069262,1,2019-01-07,-3.4857142857142853,0.0,23.172857142857143,11.178571428571429,1.0,136.4414285714286,2019,1,7,153.0,0,China_1007.csv
2019-01-08,1007,95.0,26.0,13.0,2.0,26.0,3.0,1,1,0,0,1,1,8,8,-1.4729941046086015,-1.685081657835269,8.135296,-2.5080097,79.840706,48.78127,1,2019-01-08,-4.687142857142858,0.0,21.642857142857142,8.557142857142857,1.0,218.38714285714286,2019,1,8,95.0,0,China_1007.csv
2019-01-09,1007,28.0,56.0,28.0,8.0,13.0,6.0,0,0,2,2,4,4,6,6,3.606445064039943,-3.443555187664439,9.199038,-5.142414,99.68111,35.386852,1,2019-01-09,-4.744285714285715,0.0,25.33142857142857,7.255714285714285,1.0,205.65285714285713,2019,1,9,56.0,0,China_1007.csv
2019-01-10,1007,118.0,74.0,39.0,16.0,3.0,7.0,0,0,2,2,4,4,6,6,11.922016758543519,-3.652343690639391,9.663223,-5.3248706,104.53657,33.47244,1,2019-01-10,-2.0285714285714285,0.0,32.72571428571429,6.234285714285714,1.0,210.47714285714284,2019,1,10,118.0,0,China_1007.csv
2019-01-11,1007,169.0,84.0,40.0,17.0,7.0,5.0,0,0,2,2,4,4,7,7,13.408533982397007,-3.104686026000079,10.649198,-2.957326,96.64675,-2.5470607,1,2019-01-11,-1.957142857142857,0.0,42.12428571428571,6.204285714285715,1.0,184.82571428571427,2019,1,11,169.0,0,China_1007.csv
2019-01-12,1007,193.0,112.0,50.0,25.0,2.0,4.0,0,0,2,2,2,2,7,7,19.857168528071682,-3.445261651435397,11.167034,-1.7994366,96.65352,-5.91142,1,2019-01-12,-2.3685714285714288,0.0,47.13142857142857,8.2,1.0,192.3742857142857,2019,1,12,193.0,0,China_1007.csv
2019-01-13,1007,344.0,61.0,30.0,20.0,20.0,2.0,0,0,2,2,2,2,7,7,16.316669405488227,-0.13674508597237592,11.880658,-1.2895321,96.99493,-21.980001,1,2019-01-13,-1.49,0.0,32.607142857142854,7.765714285714286,1.0,149.06571428571428,2019,1,13,344.0,0,China_1007.csv
2019-01-14,1007,253.0,102.0,41.0,19.0,25.0,2.0,0,0,2,2,2,2,7,7,16.07472413533745,-1.0183696128473874,11.38285,-1.3279588,96.780754,-17.99956,1,2019-01-14,-2.025714285714286,0.0,26.87,18.52285714285714,1.0,276.6042857142857,2019,1,14,253.0,0,China_1007.csv
2019-01-15,1007,244.0,52.0,9.0,1.0,25.0,1.4,1,1,0,0,1,1,3,3,0.6833328470759769,-0.1059419707222881,12.9311695,5.42996,14.965698,-38.016983,1,2019-01-15,-6.297142857142857,0.0,13.167142857142858,12.40857142857143,1.0,281.0414285714286,2019,1,15,244.0,0,China_1007.csv
2019-01-16,1007,30.0,58.0,27.0,6.0,12.0,4.0,0,0,2,2,4,4,8,8,1.9967267451442146,-3.897713787587255,8.9888735,-4.362943,89.92332,30.376701,1,2019-01-16,-3.4400000000000004,0.0,11.494285714285713,9.095714285714285,1.0,196.82571428571427,2019,1,16,58.0,0,China_1007.csv
2019-01-17,1007,128.0,55.0,29.0,8.0,12.0,3.0,0,0,2,2,2,2,2,2,5.193702796194483,-3.4093223717511454,9.373208,-2.736489,76.20727,8.320167,1,2019-01-17,-1.827142857142857,0.0,13.927142857142856,7.838571428571428,1.0,190.20285714285714,2019,1,17,128.0,0,China_1007.csv
2019-01-18,1007,119.0,75.0,36.0,13.0,3.0,4.0,0,0,2,2,4,4,2,2,9.219174896349152,-4.083692788417873,10.0806465,-3.2110066,92.98454,0.84124976,1,2019-01-18,-0.22428571428571428,0.0,20.595714285714287,9.768571428571429,1.0,153.07,2019,1,18,119.0,0,China_1007.csv
2019-01-19,1007,162.0,31.0,14.0,2.0,26.0,1.0,1,1,0,0,1,1,3,3,-0.2661607070357414,-1.5419347849614364,12.162268,5.5866857,13.917743,-29.983343,1,2019-01-19,-0.23285714285714285,0.0,28.58857142857143,12.98,1.0,137.32714285714286,2019,1,19,162.0,0,China_1007.csv
2019-01-20,1007,42.0,26.0,11.0,2.0,24.0,1.0,1,1,0,0,5,5,1,1,-3.3821923709237574,-2.390695773612277,7.2361574,11.251347,-66.513664,-54.621223,1,2019-01-20,-1.5685714285714287,0.0,24.462857142857143,10.524285714285714,1.0,244.57285714285715,2019,1,20,42.0,0,China_1007.csv
2019-01-21,1007,38.0,46.0,22.0,5.0,22.0,1.0,1,1,0,0,5,5,5,5,0.04176065270454943,-3.212218692404213,5.6677456,6.254426,9.449257,-86.17559,1,2019-01-21,0.9957142857142857,0.0,23.555714285714288,10.799999999999999,1.0,261.4114285714286,2019,1,21,46.0,0,China_1007.csv
2019-01-22,1007,82.0,39.0,27.0,7.0,19.0,2.0,0,0,2,2,2,2,2,2,2.8989481344192995,-3.4601686139075305,8.85805,2.1893592,46.846306,-59.66306,1,2019-01-22,1.9642857142857142,0.0,23.908571428571427,10.680000000000001,1.0,221.91857142857143,2019,1,22,82.0,0,China_1007.csv
2019-01-23,1007,100.0,32.0,24.0,6.0,21.0,1.0,0,0,2,2,2,2,2,2,1.9782464298624618,-3.1937670942719274,8.491817,1.3252305,21.434704,-89.07951,1,2019-01-23,0.38571428571428573,0.0,45.05285714285714,8.677142857142856,1.0,106.88571428571429,2019,1,23,100.0,0,China_1007.csv
2019-01-24,1007,72.0,52.0,27.0,11.0,11.0,3.0,0,0,2,2,2,2,2,2,5.247190555928613,-3.482972094871932,9.537534,-2.915469,80.98823,7.893386,1,2019-01-24,-0.25285714285714284,0.0,47.57,11.997142857142856,1.0,117.67285714285715,2019,1,24,72.0,0,China_1007.csv
2019-01-25,1007,144.0,33.0,13.0,3.0,23.0,1.0,1,1,0,0,1,1,3,3,-0.24014562257313044,-1.7075618987796173,11.467289,5.5110106,14.174632,-25.937366,1,2019-01-25,-1.0671428571428572,0.0,21.03,13.304285714285713,1.0,214.16857142857143,2019,1,25,144.0,0,China_1007.csv
2019-01-26,1007,47.0,29.0,18.0,4.0,7.0,1.0,1,1,0,0,5,5,5,5,-1.188249580425688,-4.39515813037401,5.81346,6.1466737,-9.341962,-96.43199,1,2019-01-26,-1.9314285714285713,0.0,27.41714285714286,7.208571428571429,1.0,164.24285714285716,2019,1,26,47.0,0,China_1007.csv
2019-01-27,1007,66.0,78.0,28.0,9.0,26.0,3.0,0,0,2,2,2,2,2,2,4.649844838638604,-2.0617607097549704,9.225608,-3.1372728,82.11677,11.432199,1,2019-01-27,0.3657142857142857,0.0,18.385714285714283,11.952857142857143,1.0,203.73714285714286,2019,1,27,78.0,0,China_1007.csv
2019-01-28,1007,136.0,46.0,18.0,5.0,22.0,2.0,0,0,2,2,1,1,9,9,1.8201522042973945,-1.839461999639365,10.102442,3.6317163,35.39485,-34.707127,1,2019-01-28,-0.8457142857142858,0.0,25.648571428571426,8.332857142857142,1.0,182.00142857142856,2019,1,28,136.0,0,China_1007.csv
2019-01-29,1007,87.0,93.0,37.0,14.0,10.0,5.0,0,0,2,2,4,4,8,8,9.748930826811167,-3.256306722730505,9.573952,-4.9690347,102.13465,28.899115,1,2019-01-29,0.08857142857142855,0.0,29.69142857142857,8.77,1.0,154.36285714285714,2019,1,29,93.0,0,China_1007.csv
2019-01-30,1007,187.0,61.0,15.0,8.0,24.0,2.0,0,0,2,2,1,1,9,9,4.344123192680853,-0.40890666803117637,11.491211,2.0731726,62.715034,-4.641977,1,2019-01-30,-1.7914285714285714,0.0,13.202857142857143,16.165714285714284,1.0,100.08857142857143,2019,1,30,187.0,0,China_1007.csv
2019-01-31,1007,72.0,24.0,10.0,4.0,24.0,2.0,1,1,0,0,5,5,1,1,-1.6051251182624815,-1.727892474149343,8.774856,6.661277,-54.96872,-19.745735,1,2019-01-31,-3.9899999999999998,0.0,15.357142857142858,9.845714285714285,1.0,226.67285714285714,2019,1,31,72.0,0,China_1007.csv
2019-02-01,1007,44.0,67.0,23.0,8.0,24.0,2.0,0,0,2,2,2,2,5,5,2.500083494081259,-2.299373137428405,8.366867,2.5393305,34.640133,-60.823505,1,2019-02-01,-1.9585714285714286,0.0,25.325714285714287,7.117142857142857,1.0,196.61999999999998,2019,2,1,67.0,0,China_1007.csv
2019-02-02,1007,144.0,86.0,29.0,14.0,9.0,1.0,0,0,2,2,2,2,7,7,8.775842464480178,-2.822997862829321,10.806886,-0.6781459,85.14541,-49.991413,1,2019-02-02,-1.3357142857142856,0.0,58.287142857142854,7.065714285714286,1.0,175.72,2019,2,2,144.0,0,China_1007.csv
2019-02-03,1007,186.0,104.0,9.0,6.0,30.0,1.0,0,0,2,2,1,1,9,9,2.8634114308211465,1.157198298762341,12.6565,2.561776,60.01563,-11.558395,1,2019-02-03,0.034285714285714294,0.0,22.259999999999998,13.31857142857143,1.0,241.61999999999998,2019,2,3,186.0,0,China_1007.csv
2019-02-04,1007,98.0,69.0,13.0,8.0,24.0,1.0,0,0,2,2,2,2,9,9,2.0244392485097644,-0.9067583827876836,6.5493836,2.226535,-1.6660355,13.278014,1,2019-02-04,-2.047142857142857,0.0,51.041428571428575,7.128571428571429,1.0,130.58142857142857,2019,2,4,98.0,0,China_1007.csv
2019-02-05,1007,117.0,119.0,13.0,7.0,19.0,2.0,0,0,2,2,1,1,9,9,2.931330802792181,-0.26811603276633833,12.882064,2.6383586,51.473057,23.232635,1,2019-02-05,-2.2271428571428573,0.0,48.49285714285714,7.684285714285714,1.0,100.64999999999999,2019,2,5,119.0,0,China_1007.csv
2019-02-06,1007,165.0,69.0,10.0,9.0,29.0,6.0,0,0,2,2,4,4,6,6,4.760723059612095,1.337378791458357,8.619931,-5.0632257,95.26208,38.733315,1,2019-02-06,-5.1000000000000005,0.0,28.07714285714286,12.585714285714285,1.0,124.93857142857144,2019,2,6,165.0,0,China_1007.csv
2019-02-07,1007,129.0,27.0,6.0,3.0,27.0,1.0,1,1,0,0,1,1,3,3,-1.6616342598939366,-0.7920314550630596,11.154006,6.3528275,-5.789141,-20.06873,1,2019-02-07,-6.49,0.0,9.984285714285715,11.12857142857143,1.0,130.47,2019,2,7,129.0,0,China_1007.csv
2019-02-08,1007,22.0,36.0,9.0,5.0,29.0,2.0,1,1,0,0,5,5,1,1,-2.0898376951630673,-1.266277463123591,8.266805,6.4579883,5.763453,-66.22373,1,2019-02-08,-5.631428571428572,0.0,15.274285714285714,13.61,1.0,162.57857142857142,2019,2,8,36.0,0,China_1007.csv
2019-02-09,1007,71.0,20.0,8.0,3.0,25.0,1.0,1,1,0,0,5,5,1,1,-2.746788730552619,-1.756097307232342,6.8132277,8.668857,-55.1194,12.389376,1,2019-02-09,-5.382857142857143,0.0,16.72714285714286,9.018571428571429,1.0,105.32000000000001,2019,2,9,71.0,0,China_1007.csv
2019-02-10,1007,24.0,26.0,12.0,6.0,22.0,2.0,1,1,0,0,5,5,1,1,-1.2581186899871672,-2.2802403450601365,8.102676,4.1601334,5.483555,-64.74008,1,2019-02-10,-5.644285714285714,0.0,26.89428571428571,8.674285714285714,1.0,152.87571428571428,2019,2,10,26.0,0,China_1007.csv
2019-02-11,1007,72.0,43.0,16.0,7.0,25.0,3.0,1,1,2,2,5,5,8,8,1.4097362970463023,-1.541152450832346,8.441373,-2.829703,68.78592,20.876318,1,2019-02-11,-2.6228571428571428,0.0,22.381428571428575,11.608571428571429,1.0,98.32857142857142,2019,2,11,72.0,0,China_1007.csv
2019-02-12,1007,109.0,46.0,13.0,8.0,19.0,3.0,0,0,2,2,1,1,8,8,2.3463320836380452,-1.3073496573922956,8.859016,-2.394034,66.46767,19.0815,1,2019-02-12,-5.26,0.0,56.84285714285714,6.321428571428571,1.0,121.53571428571429,2019,2,12,109.0,0,China_1007.csv
2019-02-13,1007,91.0,30.0,12.0,6.0,25.0,1.2,1,1,0,0,5,5,9,9,0.07691776123898482,-1.5714827087859127,6.3939195,3.0363119,-8.4373665,7.901797,1,2019-02-13,-4.4157142857142855,0.0,34.36857142857143,7.458571428571429,1.0,135.95857142857142,2019,2,13,91.0,0,China_1007.csv
2019-02-14,1007,66.0,42.0,16.0,9.0,20.0,2.0,0,0,2,2,2,2,5,5,2.0869727583862776,-2.034789070804405,8.56965,3.0219624,37.391937,-44.68009,1,2019-02-14,-4.5442857142857145,0.0,56.77285714285714,12.01142857142857,1.0,221.51714285714283,2019,2,14,66.0,0,China_1007.csv
2019-02-15,1007,125.0,21.0,6.0,2.0,27.0,1.2,1,1,0,0,1,1,3,3,-2.333489781826616,-0.9811608334109998,11.696194,7.3986177,-7.703418,-30.899046,1,2019-02-15,-3.8885714285714283,0.0,25.48857142857143,16.05,1.0,252.26285714285714,2019,2,15,125.0,0,China_1007.csv
2019-02-16,1007,32.0,19.0,7.0,2.0,29.0,1.0,1,1,0,0,5,5,1,1,-4.276359855619021,-1.7006448532338354,7.646447,11.935296,-71.9012,-45.634777,1,2019-02-16,-3.21,0.0,22.88714285714286,12.56142857142857,1.0,238.27714285714288,2019,2,16,32.0,0,China_1007.csv
2019-02-17,1007,28.0,19.0,11.0,4.0,27.0,1.0,1,1,0,0,5,5,1,1,-2.7208441021356844,-2.171879830513112,4.9997425,5.5334635,-18.32519,-59.30965,1,2019-02-17,-1.2685714285714287,0.0,25.16142857142857,8.231428571428571,1.0,173.26285714285717,2019,2,17,28.0,0,China_1007.csv
2019-02-18,1007,42.0,41.0,25.0,7.0,19.0,2.0,0,0,2,2,2,2,5,5,1.7770168037221743,-3.5105230999320907,8.441875,2.3677561,39.853138,-63.226906,1,2019-02-18,0.23285714285714285,0.0,36.33,6.118571428571428,1.0,179.34857142857143,2019,2,18,42.0,0,China_1007.csv
2019-02-19,1007,111.0,95.0,19.0,10.0,27.0,1.0,0,0,2,2,2,2,9,9,4.6696638969592765,-0.5888297813148681,11.048373,0.4655949,84.35498,-28.436565,1,2019-02-19,0.21285714285714286,0.0,41.01714285714286,8.944285714285714,1.0,220.68,2019,2,19,111.0,0,China_1007.csv
2019-02-20,1007,190.0,26.0,16.0,5.0,30.0,1.0,0,0,2,2,1,1,9,9,2.1626877253354335,-1.0105690796674227,12.0572195,3.9468648,33.91261,-20.55831,1,2019-02-20,0.48428571428571426,0.0,40.037142857142854,8.527142857142858,1.0,216.55428571428573,2019,2,20,190.0,0,China_1007.csv
2019-02-21,1007,101.0,63.0,24.0,12.0,38.0,1.0,0,0,2,2,2,2,2,2,5.7544630091280276,-0.6191608865822152,10.457103,-0.19809952,87.57857,-37.321083,1,2019-02-21,1.9228571428571428,0.0,42.464285714285715,7.817142857142857,1.0,218.73714285714286,2019,2,21,101.0,0,China_1007.csv
2019-02-22,1007,191.0,121.2,30.0,14.0,22.0,1.0,0,0,2,2,2,2,7,7,10.539583193959523,-0.8318308588023222,11.680418,-0.29783827,81.08347,-17.910269,1,2019-02-22,4.052857142857143,0.0,31.647142857142857,5.9799999999999995,1.0,165.71428571428572,2019,2,22,191.0,0,China_1007.csv
2019-02-23,1007,204.0,93.0,34.0,17.0,39.0,2.0,0,0,2,2,2,2,7,7,12.8238071263366,0.2819987946711691,11.373866,-1.114001,96.1861,-18.500412,1,2019-02-23,3.412857142857143,0.0,45.91428571428571,8.691428571428572,1.0,202.57714285714286,2019,2,23,204.0,0,China_1007.csv
2019-02-24,1007,232.0,28.0,25.0,10.0,29.0,1.0,0,0,2,2,2,2,9,9,7.07514411371489,-1.2915465896515341,11.445811,0.2534149,80.526436,-28.636856,1,2019-02-24,4.34,0.0,37.63142857142857,9.764285714285714,1.0,115.95714285714287,2019,2,24,232.0,0,China_1007.csv
2019-02-25,1007,158.0,61.0,24.0,11.0,27.0,2.0,0,0,2,2,2,2,7,7,6.627412029626192,-1.1000036037917185,11.169505,0.30735874,77.6295,-27.450893,1,2019-02-25,3.084285714285714,0.0,43.894285714285715,7.631428571428572,1.0,146.44714285714286,2019,2,25,158.0,0,China_1007.csv
2019-02-26,1007,117.0,62.0,30.0,9.0,18.0,3.0,0,0,2,2,2,2,2,2,5.763248911985111,-2.868148735782767,9.554563,-2.806434,77.804985,8.058371,1,2019-02-26,3.4057142857142857,0.0,41.51142857142857,6.5200000000000005,1.0,130.19142857142856,2019,2,26,117.0,0,China_1007.csv
2019-02-27,1007,141.0,78.0,30.0,12.0,30.0,3.0,0,0,2,2,2,2,7,7,8.176885239501336,-1.0839602617145376,9.990366,-2.6205573,84.24803,2.8441815,1,2019-02-27,4.08,0.0,46.76142857142857,8.781428571428572,1.0,218.60142857142858,2019,2,27,141.0,0,China_1007.csv
2019-02-28,1007,173.0,61.0,27.0,10.0,37.0,2.0,0,0,2,2,2,2,2,2,6.87491877645461,-0.5313018488103556,10.999283,0.4117426,77.61085,-25.742441,1,2019-02-28,5.648571428571429,0.0,48.660000000000004,8.557142857142857,1.0,197.42142857142858,2019,2,28,173.0,0,China_1007.csv
2019-03-01,1007,162.0,79.0,30.0,11.0,38.0,2.0,0,0,2,2,2,2,2,2,7.898396255973564,-0.46583612270287417,10.808053,0.30810717,70.52065,-44.370037,1,2019-03-01,6.647142857142858,0.0,55.042857142857144,7.328571428571428,1.0,174.17285714285714,2019,3,1,162.0,0,China_1007.csv
2019-03-02,1007,184.0,93.0,31.0,14.0,59.0,3.0,0,0,2,2,2,2,7,7,10.637499493328127,2.1212587999573294,10.629205,-2.5119724,90.978745,-5.45778,1,2019-03-02,7.551428571428572,0.0,49.73857142857143,10.234285714285715,1.0,210.5742857142857,2019,3,2,184.0,0,China_1007.csv
2019-03-03,1007,226.0,106.0,27.0,13.0,40.0,3.0,0,0,2,2,2,2,7,7,10.597110673304398,1.3505852661249758,10.401382,-2.3026288,86.391525,-7.669926,1,2019-03-03,7.137142857142857,0.0,54.097142857142856,9.087142857142856,1.0,237.47714285714287,2019,3,3,226.0,0,China_1007.csv
2019-03-04,1007,203.0,78.0,25.0,11.0,33.0,1.0,0,0,2,2,2,2,7,7,7.801550999357947,-0.22179020621189752,11.571721,0.04500608,81.46465,-30.727465,1,2019-03-04,8.524285714285714,0.0,40.69714285714286,8.237142857142857,1.0,134.58857142857144,2019,3,4,203.0,0,China_1007.csv
2019-03-05,1007,154.0,45.0,23.0,12.0,32.0,1.0,0,0,2,2,2,2,7,7,6.451053528343858,-0.9335328123829509,11.219941,-0.17226656,86.13778,-34.74435,1,2019-03-05,9.831428571428571,0.0,22.964285714285715,17.6,1.0,309.7142857142857,2019,3,5,154.0,0,China_1007.csv
2019-03-06,1007,130.0,19.0,9.0,4.0,31.0,1.0,1,1,0,0,1,1,3,3,-0.791567415070815,-0.8126888798169399,11.005922,5.1575103,-6.5450907,-12.478812,1,2019-03-06,3.8985714285714286,0.0,25.06,14.997142857142858,1.0,248.95857142857145,2019,3,6,130.0,0,China_1007.csv
2019-03-07,1007,31.0,42.0,20.0,5.0,32.0,1.0,1,1,0,0,5,5,5,5,-0.4378618809102,-2.231766178764104,5.4424677,6.2669,5.971893,-82.62578,1,2019-03-07,5.127142857142857,0.0,29.532857142857143,9.08,1.0,202.95857142857145,2019,3,7,42.0,0,China_1007.csv
2019-03-08,1007,66.0,72.0,27.0,8.0,36.0,3.0,0,0,2,2,2,2,8,8,3.898581452564724,-1.263990425319403,9.032384,-3.1977186,82.58587,11.512457,1,2019-03-08,6.931428571428571,0.0,36.089999999999996,8.644285714285715,1.0,188.07,2019,3,8,72.0,0,China_1007.csv
2019-03-09,1007,151.0,81.0,32.0,9.0,21.0,3.0,0,0,2,2,2,2,2,2,7.102629982273157,-2.2431101883699776,10.031591,-2.5554304,86.90455,2.3783655,1,2019-03-09,7.2057142857142855,0.0,53.114285714285714,7.154285714285714,1.0,224.17999999999998,2019,3,9,151.0,0,China_1007.csv
2019-03-10,1007,165.0,129.0,26.0,10.0,27.0,1.0,0,0,2,2,2,2,2,2,7.39837726336591,-0.3767032598814583,11.697556,-0.045778006,78.54915,-17.976452,1,2019-03-10,5.96,0.0,65.01142857142857,8.281428571428572,1.0,195.32142857142858,2019,3,10,165.0,0,China_1007.csv
2019-03-11,1007,181.0,40.0,11.0,7.0,30.0,1.2,0,0,2,2,1,1,9,9,2.5900760046297098,-0.06733267248376314,12.090156,3.7220595,38.028027,-15.0818815,1,2019-03-11,7.9471428571428575,0.0,22.232857142857142,18.101428571428574,1.0,266.74857142857144,2019,3,11,181.0,0,China_1007.csv
2019-03-12,1007,77.0,28.0,6.0,1.0,29.0,1.4,1,1,0,0,5,5,1,1,-3.7423391751365838,-1.1117562445830034,11.295406,10.051619,-34.3783,-38.72296,1,2019-03-12,4.655714285714287,0.0,19.23,13.522857142857143,1.0,299.5014285714286,2019,3,12,77.0,0,China_1007.csv
2019-03-13,1007,19.0,26.0,7.0,2.0,32.0,1.0,1,1,0,0,5,5,1,1,-4.436942077251647,-1.41785350165773,7.4336863,11.865657,-72.66906,-48.53724,1,2019-03-13,7.855714285714286,0.0,24.005714285714284,11.088571428571429,1.0,293.2714285714286,2019,3,13,32.0,0,China_1007.csv
2019-03-14,1007,32.0,34.0,9.0,3.0,30.0,1.0,1,1,0,0,5,5,1,1,-3.2075883993295817,-1.489997408971022,5.241019,8.841055,-43.064404,-69.39347,1,2019-03-14,8.051428571428572,0.0,23.75142857142857,12.974285714285713,1.0,283.7914285714286,2019,3,14,34.0,0,China_1007.csv
2019-03-15,1007,21.0,43.0,7.0,2.0,30.0,1.6,1,1,0,0,5,5,1,1,-3.983065309109432,-1.1855694807412098,8.224915,9.766147,-72.13719,-6.8077335,1,2019-03-15,7.434285714285714,0.0,26.42142857142857,12.77,1.0,160.38000000000002,2019,3,15,43.0,0,China_1007.csv
2019-03-16,1007,35.0,53.0,19.0,5.0,27.0,1.0,1,1,0,0,5,5,5,5,-0.3301191491659697,-2.3418850659976598,5.3542967,6.2159514,5.999037,-81.40889,1,2019-03-16,10.248571428571427,0.0,28.98857142857143,10.817142857142857,1.0,159.79714285714286,2019,3,16,53.0,0,China_1007.csv
2019-03-17,1007,77.0,75.0,21.0,6.0,42.0,2.0,0,0,2,2,2,2,5,5,2.0304022679893263,-0.28579740320391617,9.110473,2.8471508,37.14205,-52.25246,1,2019-03-17,11.995714285714286,0.0,30.33142857142857,11.914285714285715,1.0,187.57857142857142,2019,3,17,77.0,0,China_1007.csv
2019-03-18,1007,121.0,95.0,31.0,9.0,45.0,3.0,0,0,2,2,2,2,2,2,6.595848333704324,-0.014335184380709862,9.741947,-3.0770333,89.22988,5.9777064,1,2019-03-18,12.518571428571429,0.0,40.958571428571425,8.148571428571428,1.0,182.6242857142857,2019,3,18,121.0,0,China_1007.csv
2019-03-19,1007,172.0,105.0,35.0,10.0,45.0,3.0,0,0,2,2,2,2,2,2,8.973588531367684,0.19233050571668606,9.983545,-3.0007792,90.64403,4.9495993,1,2019-03-19,17.138571428571428,0.0,36.628571428571426,10.255714285714287,1.0,182.14857142857142,2019,3,19,172.0,0,China_1007.csv
2019-03-20,1007,189.0,82.0,19.0,6.0,26.0,1.0,0,0,2,2,1,1,9,9,4.0048915719158575,-0.6615685523405669,12.062395,1.6300591,62.34836,-19.168648,1,2019-03-20,12.632857142857143,0.0,44.839999999999996,15.137142857142859,1.0,255.07714285714286,2019,3,20,189.0,0,China_1007.csv
2019-03-21,1007,141.0,28.0,6.0,2.0,29.0,1.2,1,1,0,0,1,1,3,3,-1.8688933133942989,-0.5632789005395468,12.059785,7.0826035,-1.4630699,-32.85079,1,2019-03-21,5.607142857142857,0.0,23.132857142857144,12.992857142857144,1.0,275.2442857142857,2019,3,21,141.0,0,China_1007.csv
2019-03-22,1007,21.0,24.0,9.0,2.0,31.0,1.0,1,1,0,0,5,5,1,1,-4.140014081666965,-1.7476118061711923,7.236231,11.787636,-72.0583,-50.325005,1,2019-03-22,7.711428571428572,0.0,17.982857142857142,18.412857142857145,1.0,322.84999999999997,2019,3,22,31.0,0,China_1007.csv
2019-03-23,1007,29.0,27.0,8.0,2.0,32.0,1.0,1,1,0,0,5,5,1,1,-4.060061406466168,-1.4355629615978254,7.4142857,11.747767,-71.30193,-48.564777,1,2019-03-23,6.0042857142857144,0.0,20.73857142857143,12.827142857142858,1.0,245.4828571428571,2019,3,23,32.0,0,China_1007.csv
2019-03-24,1007,39.0,59.0,18.0,4.0,32.0,2.0,1,1,0,0,5,5,5,5,-0.5789520322826618,-1.5761043735724292,8.05149,5.411282,18.21539,-60.000317,1,2019-03-24,10.237142857142857,0.0,22.427142857142858,10.635714285714286,1.0,242.79285714285714,2019,3,24,59.0,0,China_1007.csv
2019-03-25,1007,113.0,46.0,18.0,5.0,34.0,1.8,1,1,0,0,1,1,9,9,1.3056223939181293,-0.995976186340328,9.657895,3.8927763,33.360645,-36.31877,1,2019-03-25,12.944285714285714,0.0,17.50714285714286,13.227142857142857,1.0,223.10714285714286,2019,3,25,113.0,0,China_1007.csv
2019-03-26,1007,82.0,68.0,19.0,7.0,33.0,3.0,0,0,2,2,2,2,8,8,2.483545071201138,-0.6707073958827973,8.419897,-3.248894,69.135506,23.581663,1,2019-03-26,10.688571428571427,0.0,40.72571428571428,6.688571428571429,1.0,127.17285714285715,2019,3,26,82.0,0,China_1007.csv
2019-03-27,1007,116.0,80.0,22.0,9.0,28.0,2.0,0,0,2,2,2,2,2,2,4.669668870662333,-0.9705295703115144,9.742235,2.0067964,48.00148,-45.117077,1,2019-03-27,11.438571428571427,0.0,32.4,10.764285714285714,1.0,161.07714285714286,2019,3,27,116.0,0,China_1007.csv
2019-03-28,1007,137.0,49.0,12.0,5.0,24.0,2.0,1,1,0,0,1,1,3,3,1.0298275182098287,-0.935281833438457,10.676625,4.2908387,20.977938,-3.5938115,1,2019-03-28,5.478571428571429,0.0,32.63142857142857,9.508571428571429,1.0,175.77428571428572,2019,3,28,137.0,0,China_1007.csv
2019-03-29,1007,70.0,61.0,14.0,3.0,30.0,1.0,1,1,0,0,5,5,5,5,-1.2269584235023598,-1.2967170156631322,7.2127867,7.39481,-32.38108,-6.7195582,1,2019-03-29,7.082857142857143,0.0,24.995714285714286,16.26142857142857,1.0,263.12,2019,3,29,70.0,0,China_1007.csv
2019-03-30,1007,63.0,29.0,6.0,2.0,29.0,1.0,1,1,0,0,5,5,1,1,-3.5878352946747762,-1.1806102271149177,8.765146,10.99423,-62.807045,-34.995872,1,2019-03-30,5.024285714285715,0.0,20.541428571428572,15.732857142857142,1.0,299.65999999999997,2019,3,30,63.0,0,China_1007.csv
2019-03-31,1007,26.0,25.0,12.0,3.0,31.0,1.0,1,1,0,0,5,5,1,1,-3.047797050915308,-1.9360998052561993,4.6788874,8.452173,-42.026764,-65.105965,1,2019-03-31,8.858571428571429,0.0,21.61285714285714,12.504285714285714,1.0,246.73428571428573,2019,3,31,31.0,0,China_1007.csv
2019-04-01,1007,42.0,31.0,13.0,4.0,31.0,1.0,1,1,0,0,5,5,5,5,-1.9251013769730614,-1.7317584387594607,5.0539017,5.642988,-10.737499,-62.077644,1,2019-04-01,9.411428571428571,0.0,23.304285714285715,9.557142857142859,1.0,163.57714285714286,2019,4,1,42.0,0,China_1007.csv
2019-04-02,1007,48.0,50.0,18.0,6.0,27.0,2.0,1,1,0,0,5,5,5,5,0.5277636910963923,-1.917699422809705,8.310729,3.5846364,29.649557,-57.744076,1,2019-04-02,9.752857142857142,0.0,33.12,9.782857142857141,1.0,113.95714285714287,2019,4,2,50.0,0,China_1007.csv
2019-04-03,1007,89.0,61.0,23.0,5.0,51.0,3.0,0,0,2,2,3,3,8,8,2.0739394389708594,0.21820737610643864,7.6416736,-3.3760538,65.05498,28.028513,1,2019-04-03,12.554285714285713,0.0,34.56857142857143,11.272857142857143,1.0,202.72571428571428,2019,4,3,89.0,0,China_1007.csv
2019-04-04,1007,137.0,79.0,20.0,6.0,47.0,4.0,0,0,2,2,4,4,8,8,3.730601614208242,1.1402164635377698,8.316277,-4.2238483,75.03699,53.94639,1,2019-04-04,18.41,0.0,19.638571428571428,13.234285714285715,1.0,205.89142857142858,2019,4,4,137.0,0,China_1007.csv
2019-04-05,1007,143.0,209.0,12.0,2.0,30.0,2.0,0,0,0,0,1,1,10,10,2.1584288301578205,2.086381741343186,14.680654,3.1400912,44.70496,36.589123,1,2019-04-05,13.20142857142857,0.0,19.49285714285714,13.36,1.0,156.9157142857143,2019,4,5,209.0,0,China_1007.csv
2019-04-06,1007,101.0,119.0,17.0,5.0,35.0,3.0,0,0,2,2,1,1,8,8,2.3663898731826705,0.5598899611190772,8.212212,-3.506607,53.487087,25.580471,1,2019-04-06,12.76142857142857,0.0,25.38714285714286,9.131428571428572,1.0,133.23142857142858,2019,4,6,119.0,0,China_1007.csv
2019-04-07,1007,111.0,68.0,20.0,5.0,36.0,3.0,0,0,2,2,1,1,8,8,2.192931799850298,-0.4773751953900462,7.8068237,-3.2275226,62.82661,27.903034,1,2019-04-07,11.89,0.0,29.38,10.267142857142858,1.0,128.6057142857143,2019,4,7,111.0,0,China_1007.csv
2019-04-08,1007,114.0,53.0,14.0,9.0,33.0,6.0,0,0,2,2,4,4,6,6,3.985043090964114,0.5783246728144629,8.652336,-5.1031003,95.486824,39.791794,1,2019-04-08,11.847142857142858,0.0,18.492857142857144,9.41,1.0,148.78,2019,4,8,114.0,0,China_1007.csv
2019-04-09,1007,83.0,38.0,13.0,5.0,24.0,1.0,1,1,0,0,5,5,5,5,-0.40695271542074896,-1.8219168453394796,6.4848804,3.3052454,-9.531819,3.5883722,1,2019-04-09,6.812857142857142,0.0,56.434285714285714,8.54857142857143,1.0,224.3857142857143,2019,4,9,83.0,0,China_1007.csv
2019-04-10,1007,79.0,34.0,12.0,4.0,35.0,1.0,1,1,0,0,5,5,1,1,-1.2099220357003357,-0.932987617116806,6.1698833,5.093246,-25.143454,5.7545366,1,2019-04-10,12.955714285714285,0.0,29.648571428571426,8.467142857142857,1.0,179.70857142857145,2019,4,10,79.0,0,China_1007.csv
2019-04-11,1007,85.0,52.0,14.0,4.0,38.0,1.0,1,1,0,0,5,5,5,5,-0.49276715891778883,-0.5402627198163806,6.5578923,4.9587665,-23.652166,0.9951464,1,2019-04-11,12.228571428571428,0.0,42.68571428571429,9.057142857142857,1.0,215.59714285714284,2019,4,11,85.0,0,China_1007.csv
2019-04-12,1007,135.0,63.0,18.0,5.0,48.0,1.0,0,0,2,2,1,1,9,9,1.9046287740812815,0.5547962046395459,7.298377,4.1876206,20.594646,26.367895,1,2019-04-12,14.714285714285714,0.0,42.93571428571429,14.202857142857143,1.0,202.44285714285712,2019,4,12,135.0,0,China_1007.csv
2019-04-13,1007,144.0,64.0,18.0,5.0,34.0,2.0,0,0,2,2,1,1,9,9,2.3146931434515583,-0.41696723121474527,10.2044735,3.4788978,28.810127,7.472904,1,2019-04-13,14.405714285714286,0.0,24.072857142857142,11.379999999999999,1.0,227.23714285714283,2019,4,13,144.0,0,China_1007.csv
2019-04-14,1007,151.0,51.0,10.0,2.0,41.0,1.0,1,1,0,0,1,1,3,3,-0.7199914622227315,0.4786309585000302,11.881183,5.843181,10.960675,-21.374193,1,2019-04-14,16.40142857142857,0.0,19.054285714285715,13.62857142857143,1.0,235.38714285714286,2019,4,14,151.0,0,China_1007.csv
2019-04-15,1007,50.0,70.0,18.0,4.0,47.0,3.0,1,1,0,0,5,5,8,8,0.1090503840777665,0.18688481077067862,7.7178664,-3.237932,68.6857,31.022913,1,2019-04-15,18.827142857142857,0.0,25.2,13.778571428571428,1.0,198.22,2019,4,15,70.0,0,China_1007.csv
2019-04-16,1007,126.0,75.0,16.0,5.0,65.0,3.0,2,2,1,1,3,3,8,8,2.1266861679512323,2.7527687860492107,7.1754665,-3.5537856,58.444244,52.26781,1,2019-04-16,19.32714285714286,0.0,43.05571428571428,11.855714285714285,1.0,175.5142857142857,2019,4,16,126.0,0,China_1007.csv
2019-04-17,1007,147.0,88.0,25.0,9.0,77.0,4.0,0,0,2,2,4,4,8,8,6.494448774022495,3.7220074436130366,7.1488233,-4.4535675,76.43383,58.23418,1,2019-04-17,21.66142857142857,0.0,35.82142857142857,16.958571428571428,1.0,163.58428571428573,2019,4,17,147.0,0,China_1007.csv
2019-04-18,1007,172.0,131.0,13.0,4.0,31.0,1.0,0,0,2,2,1,1,10,10,2.506687956375495,0.9683578063532998,13.451404,3.3692207,47.618355,13.038517,1,2019-04-18,16.28,0.0,26.91142857142857,13.561428571428573,1.0,121.97,2019,4,18,172.0,0,China_1007.csv
2019-04-19,1007,112.0,54.0,10.0,3.0,32.0,1.0,1,1,0,0,1,1,3,3,-1.0031476069670904,-0.4705300922037835,9.776643,6.463992,-16.99099,-9.427716,1,2019-04-19,14.282857142857143,0.0,39.791428571428575,9.415714285714285,1.0,157.1942857142857,2019,4,19,112.0,0,China_1007.csv
2019-04-20,1007,65.0,53.0,20.0,5.0,13.0,1.2,1,1,0,0,5,5,5,5,0.47515373811685435,-3.4189694513880373,7.6862283,2.0511017,15.1139965,-85.89086,1,2019-04-20,10.120000000000001,0.0,78.96428571428571,5.364285714285714,1.0,200.03,2019,4,20,65.0,0,China_1007.csv
2019-04-21,1007,110.0,101.0,19.0,8.0,40.0,3.0,0,0,2,2,2,2,8,8,4.17616436197114,0.8120004108844999,8.064562,-3.4645648,60.179314,23.561838,1,2019-04-21,15.045714285714284,0.0,52.52428571428572,9.77,1.0,134.53571428571428,2019,4,21,110.0,0,China_1007.csv
2019-04-22,1007,146.0,82.0,18.0,7.0,84.0,2.0,2,2,1,1,3,3,11,11,3.8449194961211544,4.481666314380391,1.1159251,0.09572965,40.55957,76.66993,1,2019-04-22,19.52285714285714,0.0,63.34571428571429,14.327142857142858,1.0,185.01285714285717,2019,4,22,146.0,0,China_1007.csv
2019-04-23,1007,171.0,56.0,10.0,6.0,35.0,1.0,0,0,2,2,1,1,9,9,1.9189178660994877,0.5535587164775848,11.948429,3.6710093,36.800877,-11.930386,1,2019-04-23,21.60571428571429,0.0,62.738571428571426,10.6,1.0,161.14714285714285,2019,4,23,171.0,0,China_1007.csv
2019-04-24,1007,155.0,46.0,15.0,6.0,20.0,1.0,0,0,2,2,1,1,9,9,2.0944028227504985,-1.6161897801785154,11.723521,3.8427155,33.26223,-15.452648,1,2019-04-24,11.188571428571427,0.0,71.51857142857143,16.990000000000002,1.0,65.45857142857143,2019,4,24,155.0,0,China_1007.csv
2019-04-25,1007,103.0,23.0,8.0,2.0,37.0,1.0,1,1,0,0,1,1,3,3,-2.510527946508644,-0.49501193827037215,9.79406,9.513444,-47.424488,-33.067554,1,2019-04-25,12.224285714285713,0.0,50.76142857142857,7.382857142857143,1.0,209.37285714285713,2019,4,25,103.0,0,China_1007.csv
2019-04-26,1007,39.0,31.0,7.0,3.0,43.0,1.0,1,1,0,0,5,5,1,1,-3.360471792433627,-0.12116233017458176,3.0895607,6.8717566,-61.2499,31.335978,1,2019-04-26,13.885714285714286,0.0,47.44714285714286,11.12142857142857,1.0,212.36285714285714,2019,4,26,43.0,0,China_1007.csv
2019-04-27,1007,67.0,47.0,11.0,4.0,29.0,2.2,1,1,0,0,5,5,1,1,-1.1375407674256683,-1.0127569822693123,8.904467,5.214885,8.38727,2.7067008,1,2019-04-27,8.567142857142857,0.0,82.82285714285715,11.842857142857143,1.0,192.9157142857143,2019,4,27,67.0,0,China_1007.csv
2019-04-28,1007,102.0,54.0,8.0,5.0,38.0,1.6,1,1,0,0,1,1,3,3,-0.28238476181811695,0.48866157956828954,9.583193,4.2113323,20.564585,8.096349,1,2019-04-28,12.532857142857143,0.0,69.92857142857143,9.04857142857143,1.0,191.88714285714286,2019,4,28,102.0,0,China_1007.csv
2019-04-29,1007,128.0,54.0,15.0,8.0,62.0,1.0,2,2,1,1,3,3,9,9,2.8150419844963293,2.1861361110792457,3.9776468,0.71362245,34.248486,49.56956,1,2019-04-29,16.165714285714284,0.0,58.144285714285715,11.239999999999998,1.0,228.12857142857143,2019,4,29,128.0,0,China_1007.csv
2019-04-30,1007,175.0,77.0,13.0,5.0,33.0,1.0,0,0,2,2,1,1,9,9,2.2379714211906605,0.3398794387586457,12.296446,3.29944,40.494926,3.4632788,1,2019-04-30,17.90142857142857,0.0,22.595714285714283,18.262857142857143,1.0,290.2685714285714,2019,4,30,175.0,0,China_1007.csv
2019-05-01,1007,96.0,32.0,11.0,2.0,41.0,1.0,1,1,0,0,1,1,3,3,-2.073604438587363,-0.3789962757629285,9.317918,9.30259,-40.436928,2.3509364,1,2019-05-01,19.164285714285715,0.0,26.204285714285714,10.27,1.0,285.10285714285715,2019,5,1,96.0,0,China_1007.csv
2019-05-02,1007,45.0,49.0,16.0,3.0,54.0,1.0,1,1,0,0,5,5,5,5,-1.61343184121857,0.193554047704799,2.477641,6.951523,-60.34207,56.768482,1,2019-05-02,21.422857142857143,0.0,29.374285714285715,10.444285714285714,1.0,225.81571428571428,2019,5,2,54.0,0,China_1007.csv
2019-05-03,1007,78.0,64.0,15.0,5.0,68.0,3.0,2,2,1,1,3,3,8,8,0.7730499483750154,2.571949987725032,6.99806,-3.540416,61.46391,49.942947,1,2019-05-03,21.90285714285714,0.0,37.667142857142856,12.334285714285715,1.0,190.31,2019,5,3,78.0,0,China_1007.csv
2019-05-04,1007,133.0,63.0,12.0,5.0,77.0,2.0,2,2,1,1,3,3,11,11,1.3029072132610544,3.9311392305735624,2.6417437,0.4678727,42.95985,70.965706,1,2019-05-04,21.58285714285714,0.0,39.43285714285714,13.562857142857142,1.0,228.29142857142855,2019,5,4,133.0,0,China_1007.csv
2019-05-05,1007,135.0,43.0,9.0,2.0,33.0,1.0,1,1,0,0,1,1,3,3,-1.360095590772623,-0.3720925366051864,11.901615,6.5548625,1.6759788,-23.719494,1,2019-05-05,16.54285714285714,0.0,18.017142857142858,16.678571428571427,1.0,182.5842857142857,2019,5,5,135.0,0,China_1007.csv
2019-05-06,1007,52.0,37.0,14.0,2.0,40.0,1.0,1,1,0,0,5,5,5,5,-2.514807949109133,-1.05505375806743,2.6756105,7.6821785,-81.406044,2.9773283,1,2019-05-06,17.88142857142857,0.0,18.560000000000002,11.321428571428571,1.0,274.14428571428573,2019,5,6,52.0,0,China_1007.csv
2019-05-07,1007,67.0,44.0,15.0,3.0,42.0,1.0,1,1,0,0,5,5,5,5,-1.3925527119495462,-0.6655817055034854,6.955843,7.170156,-33.3355,-1.6565424,1,2019-05-07,21.41142857142857,0.0,20.447142857142858,13.242857142857144,1.0,211.14714285714285,2019,5,7,67.0,0,China_1007.csv
2019-05-08,1007,74.0,64.0,18.0,4.0,34.0,1.0,1,1,0,0,5,5,5,5,0.030277784960980287,-1.2188640712479175,6.554478,5.696969,-4.693168,-73.31041,1,2019-05-08,18.965714285714284,0.0,31.39428571428571,9.665714285714285,1.0,182.04999999999998,2019,5,8,74.0,0,China_1007.csv
2019-05-09,1007,134.0,56.0,17.0,5.0,53.0,1.0,2,2,1,1,1,1,9,9,1.6380285731918371,0.9792230782599748,7.3036566,4.213655,20.494694,26.628855,1,2019-05-09,23.045714285714286,0.0,25.39428571428571,9.278571428571428,1.0,165.04714285714286,2019,5,9,134.0,0,China_1007.csv
2019-05-10,1007,116.0,69.0,15.0,7.0,76.0,3.0,2,2,1,1,3,3,11,11,2.766633112511713,3.8342203486920714,6.2452016,-3.640603,52.939404,60.95941,1,2019-05-10,22.287142857142857,0.0,39.85142857142857,11.138571428571428,1.0,171.3642857142857,2019,5,10,116.0,0,China_1007.csv
2019-05-11,1007,128.0,71.0,19.0,8.0,80.0,2.0,2,2,1,1,3,3,11,11,3.9465932409535336,3.783850408468903,1.2292587,0.3842408,38.729397,77.48079,1,2019-05-11,21.698571428571427,0.0,50.387142857142855,9.72,1.0,133.74857142857144,2019,5,11,128.0,0,China_1007.csv
2019-05-12,1007,148.0,190.0,15.0,8.0,33.0,2.0,0,0,2,2,2,2,10,10,5.609820101996947,2.275972552194776,13.874744,2.727122,47.077225,28.982138,1,2019-05-12,16.77,0.0,31.72,12.055714285714286,1.0,243.52857142857144,2019,5,12,190.0,0,China_1007.csv
2019-05-13,1007,163.0,48.0,7.0,2.0,34.0,1.0,1,1,0,0,1,1,3,3,-0.9591483346034352,0.23936786825715442,12.302011,5.921229,9.344652,-23.658978,1,2019-05-13,18.22142857142857,0.0,25.052857142857142,16.324285714285715,1.0,213.99428571428572,2019,5,13,163.0,0,China_1007.csv
2019-05-14,1007,60.0,73.0,21.0,6.0,56.0,2.0,2,2,1,1,3,3,5,5,1.6652539512079063,0.7801793311909284,9.123555,2.8709373,36.77727,-52.96965,1,2019-05-14,20.939999999999998,0.0,39.84571428571429,8.207142857142857,1.0,163.53,2019,5,14,73.0,0,China_1007.csv
2019-05-15,1007,123.0,133.0,21.0,9.0,66.0,3.0,0,0,2,2,2,2,8,8,5.864175685309949,3.6093874533188046,7.831589,-3.5384626,59.009758,23.925325,1,2019-05-15,23.118571428571425,0.0,53.362857142857145,12.11,1.0,214.00571428571428,2019,5,15,133.0,0,China_1007.csv
2019-05-16,1007,171.0,80.0,16.0,6.0,87.0,1.0,2,2,1,1,3,3,11,11,3.3033971574491927,4.863216299014438,2.3670635,0.47974408,38.423954,53.369854,1,2019-05-16,25.495714285714286,0.0,44.292857142857144,12.29142857142857,1.0,188.21428571428572,2019,5,16,171.0,0,China_1007.csv
2019-05-17,1007,142.0,87.0,17.0,7.0,83.0,1.0,2,2,1,1,3,3,11,11,3.4582219532091827,4.386899018750061,2.3527262,0.4127979,30.107117,65.027435,1,2019-05-17,23.33285714285714,0.0,70.36857142857143,9.262857142857143,1.0,154.26714285714283,2019,5,17,142.0,0,China_1007.csv
2019-05-18,1007,156.0,39.0,11.0,5.0,39.0,1.0,1,1,0,0,1,1,9,9,0.9384454856999204,0.29826640580504116,11.7892065,3.9074903,35.02119,-11.383323,1,2019-05-18,20.92571428571429,0.0,73.94142857142857,10.592857142857143,1.0,134.77857142857144,2019,5,18,156.0,0,China_1007.csv
2019-05-19,1007,101.0,59.0,8.0,3.0,36.0,1.0,1,1,0,0,1,1,3,3,-1.4387999328893382,0.1047592390268018,9.349203,7.4283204,-24.160099,-10.109155,1,2019-05-19,17.065714285714286,0.0,27.262857142857143,19.90285714285714,1.0,291.4171428571429,2019,5,19,101.0,0,China_1007.csv
2019-05-20,1007,80.0,42.0,7.0,3.0,40.0,1.0,1,1,0,0,5,5,1,1,-2.3026026253945497,0.11743943086023012,7.238091,8.284121,-47.32187,5.5161624,1,2019-05-20,18.405714285714286,0.0,29.385714285714283,15.674285714285714,1.0,303.1114285714286,2019,5,20,80.0,0,China_1007.csv
2019-05-21,1007,43.0,36.0,15.0,3.0,51.0,1.0,1,1,0,0,5,5,5,5,-2.01885294356368,-0.19499932746516196,2.541333,7.0152044,-59.96756,56.255684,1,2019-05-21,22.235714285714288,0.0,31.524285714285718,9.705714285714285,1.0,271.8457142857143,2019,5,21,51.0,0,China_1007.csv
2019-05-22,1007,46.0,48.0,24.0,5.0,74.0,1.0,2,2,1,1,3,3,5,5,0.6664130637748195,1.2312934863143141,1.7078387,3.5182843,-51.145443,76.25566,1,2019-05-22,25.13,0.0,34.56142857142857,9.208571428571428,1.0,169.68714285714285,2019,5,22,74.0,0,China_1007.csv
2019-05-23,1007,72.0,52.0,21.0,5.0,134.0,2.0,2,2,1,1,3,3,11,11,1.2460970926080617,7.281275648939386,-0.023672102,0.570947,35.645542,91.22418,1,2019-05-23,27.731428571428573,0.0,35.90857142857143,8.967142857142857,1.0,183.63714285714286,2019,5,23,134.0,0,China_1007.csv
2019-05-24,1007,80.0,72.0,23.0,6.0,98.0,2.0,2,2,1,1,3,3,11,11,2.4759799790033785,4.385874474087074,0.30079183,0.43926474,37.319824,85.444824,1,2019-05-24,26.172857142857143,0.0,34.05571428571429,11.01142857142857,1.0,180.63714285714286,2019,5,24,98.0,0,China_1007.csv
2019-05-25,1007,103.0,79.0,18.0,6.0,122.0,2.0,2,2,1,1,3,3,11,11,2.4260746787636602,7.3496062777621844,0.57965904,0.2715248,42.15833,83.54121,1,2019-05-25,27.82,0.0,47.75428571428571,9.47,1.0,146.15857142857143,2019,5,25,122.0,0,China_1007.csv
2019-05-26,1007,126.0,66.0,14.0,9.0,38.0,3.0,0,0,2,2,2,2,8,8,3.7649212931799196,0.8129952456701357,9.076662,-2.384238,58.20561,3.582406,1,2019-05-26,20.59,0.0,57.08714285714286,17.341428571428573,1.0,231.35714285714286,2019,5,26,126.0,0,China_1007.csv
2019-05-27,1007,94.0,17.0,7.0,2.0,41.0,1.4,1,1,0,0,1,1,3,3,-2.8429153524404835,-0.13391106319362528,9.831046,9.466763,-45.793377,-30.742931,1,2019-05-27,20.648571428571426,0.0,32.43571428571429,13.674285714285714,1.0,295.18857142857144,2019,5,27,94.0,0,China_1007.csv
2019-05-28,1007,13.0,28.0,13.0,3.0,70.0,1.0,2,2,1,1,5,5,0,0,-3.0384111664931304,1.3317439469005963,1.5862763,6.0364738,-65.17197,52.166523,1,2019-05-28,24.49285714285714,0.0,30.49142857142857,11.465714285714286,1.0,218.20000000000002,2019,5,28,70.0,0,China_1007.csv
2019-05-29,1007,28.0,48.0,15.0,4.0,115.0,1.0,2,2,1,1,3,3,11,11,-1.45354286685907,5.610702494666497,0.23112005,2.8738675,-16.49087,100.549225,1,2019-05-29,25.994285714285716,0.0,34.34428571428571,11.280000000000001,1.0,170.0742857142857,2019,5,29,115.0,0,China_1007.csv
2019-05-30,1007,57.0,45.0,13.0,4.0,56.0,1.0,1,1,0,0,5,5,0,0,-1.3111127437175762,0.8193463612485784,3.5721338,5.2092643,-46.238503,51.77689,1,2019-05-30,23.082857142857144,0.0,22.844285714285714,13.668571428571427,1.0,198.1357142857143,2019,5,30,57.0,0,China_1007.csv
2019-05-31,1007,53.0,28.0,12.0,4.0,50.0,1.0,1,1,0,0,5,5,0,0,-1.832079088971456,0.08367176909111891,3.869024,5.3314667,-45.979282,49.159813,1,2019-05-31,24.62857142857143,0.0,19.38,11.292857142857143,1.0,242.54857142857145,2019,5,31,53.0,0,China_1007.csv
2019-06-01,1007,36.0,59.0,19.0,6.0,82.0,2.0,2,2,1,1,3,3,11,11,0.6960667451929208,2.8663868278574305,-0.22374447,1.2558197,28.086245,79.5233,1,2019-06-01,22.91857142857143,0.0,47.332857142857144,9.629999999999999,1.0,144.39142857142858,2019,6,1,82.0,0,China_1007.csv
2019-06-02,1007,91.0,60.0,19.0,6.0,94.0,2.0,2,2,1,1,3,3,11,11,1.9328388972782375,4.36121338130077,0.40027523,0.6089831,35.923264,85.38507,1,2019-06-02,25.37857142857143,0.0,46.87571428571429,8.43142857142857,1.0,151.76714285714283,2019,6,2,94.0,0,China_1007.csv
2019-06-03,1007,117.0,47.0,13.0,4.0,92.0,1.0,2,2,1,1,3,3,11,11,0.11035054563394972,4.479413139428732,1.418384,2.8722923,16.340675,64.126625,1,2019-06-03,25.455714285714286,0.0,46.77571428571429,7.444285714285714,1.0,131.03714285714287,2019,6,3,117.0,0,China_1007.csv
2019-06-04,1007,88.0,56.0,11.0,9.0,69.0,4.0,2,2,1,1,4,4,8,8,2.6599878909678187,3.583451070848834,6.2780633,-3.906695,51.06552,63.163315,1,2019-06-04,22.68857142857143,0.0,59.75714285714286,9.352857142857143,1.0,149.32142857142858,2019,6,4,88.0,0,China_1007.csv
2019-06-05,1007,145.0,52.0,15.0,8.0,58.0,1.0,0,0,2,2,2,2,9,9,3.1405903402963578,1.931218630476249,3.9911814,0.59777886,34.52587,49.127487,1,2019-06-05,24.271428571428572,0.0,52.879999999999995,6.982857142857143,1.0,137.68,2019,6,5,145.0,0,China_1007.csv
2019-06-06,1007,121.0,52.0,16.0,7.0,42.0,1.0,0,0,2,2,2,2,9,9,2.190137553324342,0.13764330038356745,6.038687,1.9833425,2.964592,14.380911,1,2019-06-06,21.009999999999998,0.0,77.82000000000001,9.642857142857142,1.0,174.68428571428572,2019,6,6,121.0,0,China_1007.csv
2019-06-07,1007,128.0,59.0,8.0,6.0,79.0,1.2,2,2,1,1,3,3,11,11,0.9056124609620512,4.399630589249898,3.0674796,0.8116473,18.430412,53.518353,1,2019-06-07,24.262857142857143,0.0,66.76857142857143,10.347142857142856,1.0,172.82142857142858,2019,6,7,128.0,0,China_1007.csv
2019-06-08,1007,146.0,45.0,10.0,4.0,66.0,1.0,2,2,1,1,1,1,3,3,0.2076019007696993,2.71762975219066,3.756365,0.93784237,21.712055,41.762135,1,2019-06-08,26.439999999999998,0.0,33.56,16.298571428571428,1.0,210.67428571428573,2019,6,8,146.0,0,China_1007.csv
2019-06-09,1007,97.0,19.0,9.0,2.0,40.0,1.6,1,1,0,0,1,1,3,3,-2.412772242652425,-0.3534140556397839,9.855125,9.362604,-44.935165,-31.358519,1,2019-06-09,25.178571428571427,0.0,37.277142857142856,13.508571428571429,1.0,129.68571428571428,2019,6,9,97.0,0,China_1007.csv
2019-06-10,1007,22.0,49.0,15.0,5.0,76.0,1.0,2,2,1,1,3,3,0,0,-1.130151057649832,2.2440547916145652,1.7802485,3.659444,-47.838707,72.74576,1,2019-06-10,25.868571428571425,0.0,44.01714285714286,9.218571428571428,1.0,85.96428571428571,2019,6,10,76.0,0,China_1007.csv
2019-06-11,1007,88.0,51.0,10.0,7.0,117.0,2.0,2,2,1,1,3,3,11,11,1.0168092913987097,7.302363799806518,0.8282653,0.8972174,18.12636,96.94045,1,2019-06-11,25.964285714285715,0.0,49.99142857142857,9.929999999999998,1.0,108.38714285714286,2019,6,11,117.0,0,China_1007.csv
2019-06-12,1007,126.0,49.0,13.0,10.0,109.0,4.0,2,2,1,1,3,3,11,11,4.293258657091498,7.140604887234667,6.1263003,-4.191141,66.39037,65.288925,1,2019-06-12,27.905714285714286,0.0,49.72571428571428,7.601428571428571,1.0,187.89857142857142,2019,6,12,126.0,0,China_1007.csv
2019-06-13,1007,110.0,38.0,12.0,5.0,96.0,1.0,2,2,1,1,3,3,11,11,0.2140589892015511,4.826675039226557,1.758503,1.8502483,1.5230073,74.21774,1,2019-06-13,25.87,0.0,59.67714285714286,6.931428571428571,1.0,193.89857142857142,2019,6,13,110.0,0,China_1007.csv
2019-06-14,1007,79.0,56.0,16.0,6.0,69.0,2.0,2,2,1,1,3,3,0,0,1.1128174366431856,2.338054702738508,0.35321084,1.2527603,25.485168,79.66571,1,2019-06-14,27.725714285714286,0.0,36.27285714285714,9.718571428571428,1.0,79.98142857142857,2019,6,14,79.0,0,China_1007.csv
2019-06-15,1007,92.0,43.0,12.0,6.0,87.0,2.0,2,2,1,1,3,3,11,11,0.6520497354616331,4.245740061460887,0.94905156,1.1207474,18.464012,82.424484,1,2019-06-15,25.40285714285714,0.0,45.144285714285715,8.835714285714285,1.0,121.73142857142857,2019,6,15,92.0,0,China_1007.csv
2019-06-16,1007,66.0,33.0,9.0,6.0,27.0,1.0,1,1,0,0,5,5,0,0,-0.890247826391614,-1.236609510119395,5.921498,2.6896763,-12.758654,19.038939,1,2019-06-16,20.222857142857144,0.0,66.71571428571428,8.778571428571428,1.0,150.78142857142856,2019,6,16,66.0,0,China_1007.csv
2019-06-17,1007,73.0,47.0,13.0,7.0,77.0,1.0,2,2,1,1,3,3,0,0,0.7254552781624738,3.095122755520238,2.6372802,1.8934292,2.366224,64.05729,1,2019-06-17,23.035714285714285,0.0,63.40428571428571,6.0442857142857145,1.0,150.27857142857144,2019,6,17,77.0,0,China_1007.csv
2019-06-18,1007,119.0,64.0,15.0,8.0,131.0,2.0,2,2,1,1,3,3,11,11,3.1896233537028102,8.525350188317999,0.8100483,0.3658324,44.54466,82.83291,1,2019-06-18,26.701428571428572,0.0,58.98428571428571,6.741428571428571,1.0,125.96285714285715,2019,6,18,131.0,0,China_1007.csv
2019-06-19,1007,156.0,66.0,9.0,10.0,101.0,4.0,2,2,1,1,4,4,11,11,4.620536106593244,7.403550720899398,6.005828,-3.96067,50.77308,64.998375,1,2019-06-19,26.46857142857143,0.0,66.61428571428571,6.631428571428572,1.0,127.08285714285715,2019,6,19,156.0,0,China_1007.csv
2019-06-20,1007,160.0,69.0,17.0,8.0,121.0,1.0,2,2,1,1,3,3,11,11,4.187087115460998,7.650614441979916,1.5118127,0.3920034,25.902008,72.82051,1,2019-06-20,28.882857142857144,0.0,62.42142857142857,5.721428571428571,1.0,139.25571428571428,2019,6,20,160.0,0,China_1007.csv
2019-06-21,1007,147.0,64.0,13.0,11.0,79.0,3.0,2,2,1,1,3,3,11,11,5.215928693416418,4.838077404574968,5.9496064,-3.7424023,49.82776,64.777596,1,2019-06-21,25.427142857142858,0.0,57.98428571428571,8.307142857142857,1.0,195.3814285714286,2019,6,21,147.0,0,China_1007.csv
2019-06-22,1007,130.0,44.0,16.0,4.0,84.0,1.0,2,2,1,1,3,3,11,11,0.7558594879210122,3.4902709947480814,1.459009,2.838692,15.9914665,64.888245,1,2019-06-22,28.889999999999997,0.0,38.201428571428565,9.115714285714287,1.0,179.48142857142858,2019,6,22,130.0,0,China_1007.csv
2019-06-23,1007,65.0,65.0,17.0,7.0,126.0,4.0,2,2,1,1,3,3,11,11,2.246407515347632,7.718936718017998,6.1012406,-4.277986,63.959595,68.44446,1,2019-06-23,28.66857142857143,0.0,42.637142857142855,9.365714285714287,1.0,115.52142857142857,2019,6,23,126.0,0,China_1007.csv
2019-06-24,1007,116.0,57.0,14.0,6.0,106.0,2.0,2,2,1,1,3,3,11,11,1.734277884039604,6.115383924948168,0.81416976,0.4502962,43.664463,80.68486,1,2019-06-24,30.904285714285713,0.0,32.612857142857145,12.278571428571428,1.0,168.53714285714287,2019,6,24,116.0,0,China_1007.csv
2019-06-25,1007,108.0,70.0,12.0,7.0,125.0,3.0,2,2,1,1,3,3,11,11,2.2999795600228277,8.432021649314265,5.8829646,-4.116376,57.873306,68.31033,1,2019-06-25,29.91,0.0,40.4,13.217142857142857,1.0,139.69714285714286,2019,6,25,125.0,0,China_1007.csv
2019-06-26,1007,128.0,66.0,12.0,8.0,128.0,3.0,2,2,1,1,3,3,11,11,3.21073342443993,8.872408074996564,5.919029,-4.0613866,57.507133,68.68514,1,2019-06-26,28.964285714285715,0.0,44.339999999999996,11.307142857142855,1.0,126.60428571428572,2019,6,26,128.0,0,China_1007.csv
2019-06-27,1007,127.0,58.0,15.0,7.0,121.0,2.0,2,2,1,1,3,3,11,11,2.7055311697603632,7.5148713792816455,0.7899927,0.3056639,44.387543,82.37125,1,2019-06-27,29.271428571428572,0.0,54.16857142857143,7.241428571428571,1.0,215.38000000000002,2019,6,27,127.0,0,China_1007.csv
2019-06-28,1007,131.0,36.0,11.0,5.0,91.0,1.0,2,2,1,1,3,3,11,11,0.4794178637952613,4.626218540461859,2.3937597,1.434667,15.169331,50.25323,1,2019-06-28,27.157142857142855,0.0,57.82714285714286,9.73,1.0,215.17857142857142,2019,6,28,131.0,0,China_1007.csv
2019-06-29,1007,85.0,31.0,10.0,3.0,50.0,1.0,1,1,0,0,5,5,0,0,-1.9144736459597997,0.5130835979449708,7.526867,7.236819,-38.093765,5.19588,1,2019-06-29,28.33285714285714,0.0,32.09142857142857,18.404285714285717,1.0,294.46571428571434,2019,6,29,85.0,0,China_1007.csv
2019-06-30,1007,60.0,21.0,8.0,2.0,38.0,1.0,1,1,0,0,5,5,1,1,-3.4710896931185715,-0.7717664460649524,8.545917,10.583587,-59.96921,-39.857216,1,2019-06-30,26.512857142857143,0.0,33.27571428571429,14.781428571428572,1.0,205.24142857142857,2019,6,30,60.0,0,China_1007.csv
2019-07-01,1007,22.0,24.0,12.0,2.0,52.0,1.0,1,1,0,0,5,5,1,1,-3.632850487816548,-0.22868866828572798,2.1572223,7.5455117,-87.8852,28.491493,1,2019-07-01,28.472857142857144,0.0,32.88142857142857,9.661428571428571,1.0,116.55999999999999,2019,7,1,52.0,0,China_1007.csv
2019-07-02,1007,32.0,48.0,14.0,5.0,88.0,1.0,2,2,1,1,3,3,11,11,-1.0439973062236858,3.4704499733037464,1.5242369,3.3787115,-47.71338,74.0088,1,2019-07-02,27.412857142857142,0.0,51.644285714285715,7.167142857142857,1.0,149.28,2019,7,2,88.0,0,China_1007.csv
2019-07-03,1007,71.0,37.0,14.0,4.0,91.0,1.2,2,2,1,1,3,3,11,11,-0.8585031559398468,3.7906737576545595,1.0576032,3.231713,-20.5437,87.18714,1,2019-07-03,30.801428571428573,0.0,36.20428571428572,7.57,1.0,203.98857142857145,2019,7,3,91.0,0,China_1007.csv
2019-07-04,1007,72.0,53.0,17.0,5.0,126.0,2.0,2,2,1,1,3,3,11,11,0.66515878762782,7.041458422433032,-0.011470578,0.6046782,35.882175,91.30348,1,2019-07-04,32.752857142857145,0.0,36.09571428571429,13.467142857142857,1.0,189.23714285714286,2019,7,4,126.0,0,China_1007.csv
2019-07-05,1007,90.0,50.0,17.0,6.0,69.0,1.0,2,2,1,1,3,3,0,0,1.1638302701410959,2.036267287575055,2.5552452,2.3851655,11.410268,29.607174,1,2019-07-05,26.021428571428572,0.0,60.674285714285716,10.37857142857143,1.0,232.4742857142857,2019,7,5,90.0,0,China_1007.csv
2019-07-06,1007,91.0,16.0,10.0,3.0,27.0,1.0,1,1,0,0,5,5,3,3,-2.085083641314923,-1.7177284612209782,7.3222346,7.9155116,-13.490776,-13.139874,1,2019-07-06,22.392857142857142,0.0,70.0,16.81142857142857,1.0,132.53571428571428,2019,7,6,91.0,0,China_1007.csv
2019-07-07,1007,32.0,22.0,9.0,5.0,45.0,1.0,1,1,0,0,5,5,0,0,-2.2939728647450766,-0.1936568072043607,4.254923,3.509458,-24.773842,53.951294,1,2019-07-07,22.78857142857143,0.0,78.60000000000001,8.802857142857144,1.0,134.00428571428571,2019,7,7,45.0,0,China_1007.csv
2019-07-08,1007,46.0,33.0,11.0,5.0,76.0,1.0,2,2,1,1,3,3,0,0,-1.4465855749750054,2.602971021653792,2.4860597,3.0094817,-23.88149,65.23417,1,2019-07-08,25.12714285714286,0.0,66.47142857142856,5.351428571428571,1.0,221.3457142857143,2019,7,8,76.0,0,China_1007.csv
2019-07-09,1007,83.0,47.0,23.0,5.0,34.0,1.0,0,0,2,2,2,2,5,5,1.2063433576298992,-1.9058982477202657,6.9581327,3.8125536,19.758595,-91.85499,1,2019-07-09,22.957142857142856,0.0,78.53999999999999,7.392857142857143,1.0,89.60142857142857,2019,7,9,83.0,0,China_1007.csv
2019-07-10,1007,105.0,40.0,22.0,7.0,71.0,2.0,2,2,1,1,3,3,11,11,2.822299186212269,1.8629538249427957,1.2801377,0.7224517,13.040572,30.315102,1,2019-07-10,22.835714285714285,0.0,77.95285714285714,5.738571428571428,1.0,112.80285714285715,2019,7,10,105.0,0,China_1007.csv
2019-07-11,1007,128.0,32.0,10.0,5.0,69.0,1.0,2,2,1,1,3,3,0,0,0.15024420430868218,2.7127692630929836,3.514638,1.0711117,18.3923,45.465565,1,2019-07-11,24.665714285714284,0.0,64.92857142857143,5.622857142857143,1.0,195.15,2019,7,11,128.0,0,China_1007.csv
2019-07-12,1007,82.0,44.0,13.0,5.0,106.0,1.6,2,2,1,1,3,3,11,11,0.015020057059661543,5.58450304007831,0.75984424,1.8334216,-5.374401,93.26715,1,2019-07-12,27.365714285714287,0.0,62.80857142857143,7.274285714285715,1.0,150.99428571428572,2019,7,12,106.0,0,China_1007.csv
2019-07-13,1007,76.0,69.0,17.0,9.0,106.0,1.0,2,2,1,1,3,3,11,11,2.8663160420961584,5.776959977513372,1.1007848,1.4746475,1.9278982,101.90983,1,2019-07-13,27.36285714285714,0.0,69.72714285714285,7.172857142857143,1.0,84.45285714285714,2019,7,13,106.0,0,China_1007.csv
2019-07-14,1007,152.0,30.0,8.0,5.0,96.0,1.0,2,2,1,1,3,3,11,11,0.4166657999917801,5.460041584236108,3.2425065,0.83881897,21.352598,47.965343,1,2019-07-14,27.2,0.0,66.00571428571428,6.339999999999999,1.0,100.4042857142857,2019,7,14,152.0,0,China_1007.csv
2019-07-15,1007,51.0,60.0,13.0,9.0,120.0,1.0,2,2,1,1,3,3,11,11,1.6377292059356332,7.108828064356926,1.1373595,1.5617363,3.5173767,103.1059,1,2019-07-15,28.624285714285715,0.0,59.76571428571429,7.109999999999999,1.0,117.62571428571428,2019,7,15,120.0,0,China_1007.csv
2019-07-16,1007,148.0,43.0,14.0,7.0,75.0,1.0,2,2,1,1,3,3,9,9,2.4233046162824166,3.3163984849166597,3.3641803,0.42849776,29.934765,53.86723,1,2019-07-16,27.842857142857145,0.0,66.75,7.208571428571429,1.0,109.10000000000001,2019,7,16,148.0,0,China_1007.csv
2019-07-17,1007,113.0,47.0,12.0,7.0,29.0,1.0,1,1,0,0,1,1,9,9,1.3264028277269104,-0.7052578157950271,6.386305,2.3403394,3.7308378,16.064846,1,2019-07-17,25.15142857142857,0.0,82.80999999999999,5.612857142857143,1.0,85.38571428571429,2019,7,17,113.0,0,China_1007.csv
2019-07-18,1007,134.0,51.0,12.0,7.0,101.0,1.6,2,2,1,1,3,3,11,11,2.1670745834078304,5.957245672037795,1.5774,0.6888696,23.564005,68.64291,1,2019-07-18,27.397142857142857,0.0,77.1557142857143,5.452857142857143,1.0,114.36,2019,7,18,134.0,0,China_1007.csv
2019-07-19,1007,147.0,52.0,10.0,8.0,77.0,1.0,2,2,1,1,3,3,9,9,2.5103299341493943,4.174897058073483,3.213881,0.39167273,27.151718,56.506073,1,2019-07-19,27.532857142857146,0.0,70.9342857142857,7.027142857142857,1.0,147.92857142857142,2019,7,19,147.0,0,China_1007.csv
2019-07-20,1007,144.0,44.0,13.0,7.0,35.0,1.0,0,0,2,2,1,1,9,9,2.1081702025099824,-0.10205739554856666,11.585061,3.1185749,40.400608,-12.629179,1,2019-07-20,26.194285714285712,0.0,84.5,5.351428571428571,1.0,214.0171428571429,2019,7,20,144.0,0,China_1007.csv
2019-07-21,1007,136.0,56.0,12.0,7.0,111.0,1.0,2,2,1,1,3,3,11,11,2.175832604156999,6.833085723516748,1.7105385,0.5593552,24.97805,71.79354,1,2019-07-21,30.5,0.0,68.76714285714286,7.635714285714286,1.0,192.03,2019,7,21,136.0,0,China_1007.csv
2019-07-22,1007,156.0,78.0,23.0,13.0,39.0,1.0,0,0,2,2,2,2,7,7,7.580915997470088,0.3492453325424676,11.61757,-0.26772484,86.42627,-30.545252,1,2019-07-22,27.708571428571428,0.0,82.11285714285714,4.32,1.0,187.82,2019,7,22,156.0,0,China_1007.csv
2019-07-23,1007,167.0,38.0,9.0,6.0,81.0,1.0,2,2,1,1,3,3,9,9,1.5123966534094546,4.372085650345725,3.2466304,0.6682597,21.649418,48.735264,1,2019-07-23,28.58285714285714,0.0,73.35000000000001,8.552857142857142,1.0,234.99428571428572,2019,7,23,167.0,0,China_1007.csv
2019-07-24,1007,92.0,50.0,15.0,7.0,98.0,1.0,2,2,1,1,3,3,11,11,1.5265045224639964,4.915082954220249,1.418309,1.8527957,-0.7036863,97.823326,1,2019-07-24,30.50142857142857,0.0,70.07714285714286,7.114285714285715,1.0,198.22,2019,7,24,98.0,0,China_1007.csv
2019-07-25,1007,109.0,44.0,16.0,5.0,87.0,1.4,2,2,1,1,3,3,11,11,0.9376095154928773,3.7524966280085943,1.7900274,1.8289876,17.625189,65.7472,1,2019-07-25,28.987142857142857,0.0,75.51142857142858,8.424285714285714,1.0,184.43571428571428,2019,7,25,109.0,0,China_1007.csv
2019-07-26,1007,75.0,51.0,12.0,6.0,113.0,1.0,2,2,1,1,3,3,11,11,0.24459386273383926,6.363922085741732,1.096647,1.7878342,2.0416038,95.67069,1,2019-07-26,29.634285714285713,0.0,77.55714285714285,7.148571428571429,1.0,151.76714285714283,2019,7,26,113.0,0,China_1007.csv
2019-07-27,1007,100.0,65.0,12.0,9.0,122.0,1.0,2,2,1,1,3,3,11,11,2.639978640692168,7.858067450967174,1.4359583,0.9717828,7.7649674,100.91283,1,2019-07-27,30.535714285714285,0.0,67.65714285714286,8.795714285714286,1.0,108.64285714285714,2019,7,27,122.0,0,China_1007.csv
2019-07-28,1007,165.0,51.0,7.0,8.0,83.0,1.0,2,2,1,1,3,3,9,9,2.4660566071197763,5.158582840061368,3.0579576,0.30820593,25.422468,56.54298,1,2019-07-28,29.67285714285714,0.0,78.89142857142858,6.227142857142858,1.0,163.95857142857145,2019,7,28,165.0,0,China_1007.csv
2019-07-29,1007,139.0,19.0,11.0,5.0,35.0,1.0,1,1,0,0,1,1,3,3,0.23683999980458037,-0.5241817144265605,10.960738,4.9421263,31.453526,-13.305518,1,2019-07-29,23.604285714285712,0.0,88.34714285714286,8.791428571428572,1.0,231.79285714285714,2019,7,29,139.0,0,China_1007.csv
2019-07-30,1007,58.0,39.0,8.0,5.0,74.0,1.0,2,2,1,1,3,3,0,0,-1.5275620203332596,2.956289219677305,2.8199627,2.7587013,-17.094315,59.756428,1,2019-07-30,27.174285714285713,0.0,80.76714285714286,7.6257142857142854,1.0,225.88714285714286,2019,7,30,74.0,0,China_1007.csv
2019-07-31,1007,89.0,36.0,15.0,6.0,98.0,1.0,2,2,1,1,3,3,11,11,0.7000028272123325,4.563058848458968,1.3400077,1.926092,-0.74259675,95.63473,1,2019-07-31,28.740000000000002,0.0,67.05428571428571,6.0928571428571425,1.0,207.54857142857142,2019,7,31,98.0,0,China_1007.csv
2019-08-01,1007,75.0,40.0,9.0,6.0,104.0,1.0,2,2,1,1,3,3,11,11,-0.388761368326282,5.72053124784785,1.4536865,1.6746207,4.4978566,93.76862,1,2019-08-01,27.595714285714283,0.0,82.51142857142858,6.409999999999999,1.0,101.72285714285714,2019,8,1,104.0,0,China_1007.csv
2019-08-02,1007,79.0,37.0,8.0,8.0,64.0,1.0,2,2,1,1,3,3,0,0,0.4746357056994389,2.4773527992801307,3.4681737,1.5860751,5.6706896,60.186157,1,2019-08-02,24.141428571428573,0.0,89.83428571428571,6.888571428571429,1.0,160.50714285714284,2019,8,2,79.0,0,China_1007.csv
2019-08-03,1007,94.0,40.0,13.0,7.0,80.0,1.0,2,2,1,1,3,3,11,11,1.0742656988244985,3.40129516967295,2.6314902,1.6253666,3.3781836,64.069214,1,2019-08-03,26.34142857142857,0.0,82.22,4.841428571428572,1.0,137.75,2019,8,3,94.0,0,China_1007.csv
2019-08-04,1007,109.0,38.0,11.0,8.0,48.0,1.0,2,2,1,1,3,3,9,9,1.5327252039487755,0.9836900486400788,4.9941936,1.4934098,0.05669537,24.000277,1,2019-08-04,25.32,0.0,86.63142857142857,6.491428571428571,1.0,127.73285714285714,2019,8,4,109.0,0,China_1007.csv
2019-08-05,1007,108.0,33.0,11.0,7.0,34.0,1.0,1,1,0,0,1,1,9,9,0.859964453548221,-0.43062213733883087,5.8459926,2.215871,4.1142645,17.08969,1,2019-08-05,24.708571428571425,0.0,88.54142857142857,5.884285714285714,1.0,129.48714285714286,2019,8,5,108.0,0,China_1007.csv
2019-08-06,1007,109.0,46.0,11.0,7.0,58.0,1.0,2,2,1,1,3,3,0,0,1.1522379415957935,1.907915732342232,3.7216005,1.5620973,3.3864725,57.35632,1,2019-08-06,25.43,0.0,88.58714285714287,5.137142857142857,1.0,143.0557142857143,2019,8,6,109.0,0,China_1007.csv
2019-08-07,1007,127.0,28.0,11.0,6.0,68.0,1.0,2,2,1,1,3,3,0,0,0.7406709075940996,2.528432844925962,3.534587,1.1055263,18.229641,45.629574,1,2019-08-07,25.542857142857144,0.0,87.10714285714286,4.328571428571428,1.0,122.69571428571429,2019,8,7,127.0,0,China_1007.csv
2019-08-08,1007,76.0,46.0,13.0,7.0,78.0,1.0,2,2,1,1,3,3,0,0,0.7767207983258957,3.1890948143041213,2.664788,1.8225604,2.4061453,64.120255,1,2019-08-08,27.094285714285714,0.0,84.02571428571427,5.54,1.0,164.84714285714287,2019,8,8,78.0,0,China_1007.csv
2019-08-09,1007,108.0,43.0,11.0,7.0,59.0,1.0,2,2,1,1,3,3,0,0,1.084565353938195,1.9371199231754486,3.7080512,1.6135613,3.330673,57.32412,1,2019-08-09,25.58857142857143,0.0,88.88428571428572,7.412857142857143,1.0,132.60714285714286,2019,8,9,108.0,0,China_1007.csv
2019-08-10,1007,122.0,27.0,12.0,6.0,44.0,1.0,1,1,0,0,1,1,9,9,0.7002353175415748,0.2515824522409206,5.241466,1.7355397,12.834586,20.658709,1,2019-08-10,23.97,0.0,93.00428571428571,5.571428571428571,1.0,85.31428571428572,2019,8,10,122.0,0,China_1007.csv
2019-08-11,1007,79.0,19.0,12.0,5.0,15.0,1.0,1,1,0,0,5,5,1,1,-0.9678152051875683,-2.8553242435258404,6.2604933,3.5018902,-11.988117,7.75913,1,2019-08-11,24.389999999999997,0.0,80.91714285714285,13.195714285714287,1.0,168.44,2019,8,11,79.0,0,China_1007.csv
2019-08-12,1007,52.0,19.0,13.0,5.0,28.0,1.0,1,1,0,0,5,5,5,5,-1.3753050277480057,-2.031752145106403,6.0838785,3.775158,-3.5197244,-62.64494,1,2019-08-12,24.61285714285714,0.0,72.66714285714285,16.501428571428573,1.0,209.03,2019,8,12,52.0,0,China_1007.csv
2019-08-13,1007,32.0,19.0,10.0,4.0,32.0,1.0,1,1,0,0,5,5,1,1,-2.7659616101671047,-1.5899723158541115,4.913608,5.4724035,-19.06889,-58.591404,1,2019-08-13,25.91857142857143,0.0,73.54285714285713,8.164285714285715,1.0,188.71428571428572,2019,8,13,32.0,0,China_1007.csv
2019-08-14,1007,37.0,26.0,6.0,5.0,35.0,1.2,1,1,0,0,5,5,1,1,-2.5320666158887777,-0.596890579308281,5.152498,3.8321114,-26.181242,20.486122,1,2019-08-14,25.674285714285713,0.0,71.75714285714285,5.912857142857143,1.0,187.54714285714286,2019,8,14,37.0,0,China_1007.csv
2019-08-15,1007,48.0,36.0,16.0,5.0,89.0,1.0,2,2,1,1,3,3,11,11,-0.60082245255145,3.2541150912001178,1.0887886,3.594347,-32.471584,92.660164,1,2019-08-15,25.96,0.0,70.32285714285715,9.44,1.0,178.3814285714286,2019,8,15,89.0,0,China_1007.csv
2019-08-16,1007,62.0,21.0,9.0,3.0,35.0,1.0,1,1,0,0,5,5,1,1,-2.756033504946722,-1.0408310299523993,6.800637,8.579194,-55.267803,14.071383,1,2019-08-16,24.045714285714286,0.0,45.04571428571428,16.55,1.0,314.79714285714283,2019,8,16,62.0,0,China_1007.csv
2019-08-17,1007,22.0,21.0,12.0,4.0,32.0,1.0,1,1,0,0,5,5,1,1,-2.661535519237962,-1.8560792965793,4.953309,5.5472794,-19.024187,-59.416016,1,2019-08-17,23.697142857142858,0.0,52.26285714285715,10.635714285714286,1.0,278.49285714285713,2019,8,17,32.0,0,China_1007.csv
2019-08-18,1007,29.0,37.0,14.0,5.0,65.0,1.0,2,2,1,1,3,3,0,0,-1.3446876801402414,1.2384500873773214,2.5787623,3.481212,-47.83329,67.97083,1,2019-08-18,24.482857142857142,0.0,68.27285714285715,7.04,1.0,168.65285714285713,2019,8,18,65.0,0,China_1007.csv
2019-08-19,1007,46.0,57.0,13.0,6.0,94.0,1.0,2,2,1,1,3,3,11,11,-0.18948945002322834,4.461093245480802,1.6057459,2.7023294,-17.481186,71.77812,1,2019-08-19,26.009999999999998,0.0,69.5,9.592857142857143,1.0,165.23714285714286,2019,8,19,94.0,0,China_1007.csv
2019-08-20,1007,112.0,52.0,14.0,7.0,39.0,1.0,0,0,2,2,2,2,9,9,1.6992898735934856,0.02793377418493645,6.097973,1.9554316,2.7365856,14.420117,1,2019-08-20,21.184285714285714,0.0,85.08285714285715,9.917142857142858,1.0,191.73857142857145,2019,8,20,112.0,0,China_1007.csv
2019-08-21,1007,123.0,26.0,12.0,5.0,38.0,1.0,1,1,0,0,1,1,9,9,0.15557990225040177,-0.37606926149000586,10.651251,4.9126706,13.937272,19.092169,1,2019-08-21,24.124285714285715,0.0,51.298571428571435,10.541428571428572,1.0,283.61857142857144,2019,8,21,123.0,0,China_1007.csv
2019-08-22,1007,89.0,30.0,14.0,5.0,33.0,1.0,1,1,0,0,5,5,5,5,-0.23966219367393102,-1.2322565045336524,6.665244,3.3939867,-9.111823,2.5059235,1,2019-08-22,23.38,0.0,52.791428571428575,9.997142857142858,1.0,252.48428571428573,2019,8,22,89.0,0,China_1007.csv
2019-08-23,1007,53.0,26.0,15.0,5.0,35.0,1.0,1,1,0,0,5,5,5,5,-0.934305049639762,-1.512895435929224,6.1082125,3.851342,-2.8386924,-63.19531,1,2019-08-23,24.654285714285717,0.0,58.22428571428571,6.727142857142858,1.0,169.44571428571427,2019,8,23,53.0,0,China_1007.csv
2019-08-24,1007,37.0,34.0,15.0,4.0,72.0,1.0,2,2,1,1,3,3,0,0,-1.5932797755401904,1.6618075989211663,1.745503,4.274287,-45.31785,71.24918,1,2019-08-24,24.349999999999998,0.0,61.541428571428575,9.481428571428571,1.0,189.51,2019,8,24,72.0,0,China_1007.csv
2019-08-25,1007,52.0,40.0,12.0,5.0,70.0,1.2,2,2,1,1,3,3,0,0,-1.027424554270442,2.163631305080081,2.6327407,3.077388,-23.987951,64.221405,1,2019-08-25,24.490000000000002,0.0,64.05428571428571,9.56,1.0,192.46285714285713,2019,8,25,70.0,0,China_1007.csv
2019-08-26,1007,78.0,61.0,15.0,8.0,51.0,1.0,2,2,1,1,3,3,0,0,1.8184445715731554,0.9537026667784768,4.255673,1.9506842,5.941115,27.028578,1,2019-08-26,22.767142857142858,0.0,76.9057142857143,6.46,1.0,242.45428571428573,2019,8,26,78.0,0,China_1007.csv
2019-08-27,1007,161.0,21.0,15.0,5.0,37.0,1.6,1,1,2,2,1,1,9,9,1.4679769011720982,-0.48798517955496845,11.602878,4.118797,32.736988,-22.813799,1,2019-08-27,25.81714285714286,0.0,36.15428571428571,11.425714285714287,1.0,295.53999999999996,2019,8,27,161.0,0,China_1007.csv
2019-08-28,1007,87.0,27.0,8.0,3.0,28.0,1.0,1,1,0,0,5,5,1,1,-2.2796803376361643,-1.2503074120476678,7.508248,8.349443,-50.541847,12.467581,1,2019-08-28,24.585714285714285,0.0,34.14857142857143,18.142857142857142,1.0,310.7742857142857,2019,8,28,87.0,0,China_1007.csv
2019-08-29,1007,16.0,17.0,9.0,2.0,27.0,1.0,1,1,0,0,5,5,1,1,-4.37154487030046,-2.2567236718511117,7.147289,12.095401,-75.5683,-51.698956,1,2019-08-29,24.814285714285713,0.0,36.23857142857143,17.785714285714285,1.0,329.0371428571429,2019,8,29,27.0,0,China_1007.csv
2019-08-30,1007,186.0,22.0,8.0,3.0,38.0,1.0,1,1,0,0,1,1,3,3,-0.19265421244249548,0.3050180407790623,12.601309,5.728732,9.213467,-33.483498,1,2019-08-30,24.335714285714285,0.0,45.028571428571425,10.290000000000001,1.0,172.86285714285714,2019,8,30,186.0,0,China_1007.csv
2019-08-31,1007,31.0,31.0,11.0,3.0,70.0,1.0,2,2,1,1,5,5,0,0,-2.8887810655316124,1.744391142029455,1.6384084,6.0739965,-63.859875,51.738445,1,2019-08-31,25.314285714285713,0.0,42.24428571428571,8.705714285714285,1.0,166.01285714285717,2019,8,31,70.0,0,China_1007.csv
2019-09-01,1007,50.0,41.0,14.0,4.0,74.0,1.0,2,2,1,1,3,3,0,0,-1.33787243210965,2.1682309622177263,1.7158797,4.1491575,-42.157646,71.91199,1,2019-09-01,25.41,0.0,45.26,8.928571428571429,1.0,193.39285714285714,2019,9,1,74.0,0,China_1007.csv
2019-09-02,1007,68.0,48.0,15.0,5.0,91.0,1.0,2,2,1,1,3,3,11,11,-0.11300343102153859,3.899389128796591,1.2474021,2.875581,-36.293537,86.30702,1,2019-09-02,26.25142857142857,0.0,46.50714285714286,8.697142857142858,1.0,173.72714285714284,2019,9,2,91.0,0,China_1007.csv
2019-09-03,1007,85.0,62.0,21.0,6.0,112.0,1.0,2,2,1,1,3,3,11,11,1.9348072819691409,5.5354707463263395,0.6799028,2.151192,-3.3139877,102.026886,1,2019-09-03,26.305714285714288,0.0,51.09428571428571,7.277142857142857,1.0,134.09,2019,9,3,112.0,0,China_1007.csv
2019-09-04,1007,135.0,58.0,18.0,7.0,102.0,1.0,2,2,1,1,3,3,11,11,3.0294733143916512,5.39857415157966,1.828137,0.15639223,29.89054,67.74462,1,2019-09-04,25.68857142857143,0.0,49.19714285714286,7.692857142857143,1.0,180.27857142857144,2019,9,4,135.0,0,China_1007.csv
2019-09-05,1007,132.0,52.0,14.0,5.0,101.0,1.0,2,2,1,1,3,3,11,11,1.2178297367488577,5.450230328976242,1.9093553,0.80142146,26.037352,68.44734,1,2019-09-05,26.16142857142857,0.0,49.27285714285714,7.32,1.0,178.32142857142858,2019,9,5,132.0,0,China_1007.csv
2019-09-06,1007,110.0,60.0,22.0,6.0,117.0,1.0,2,2,1,1,3,3,11,11,2.6003754766919975,6.02163044306296,1.5050331,0.23339376,30.00844,72.33304,1,2019-09-06,26.40285714285714,0.0,51.410000000000004,6.46,1.0,152.44428571428574,2019,9,6,117.0,0,China_1007.csv
2019-09-07,1007,133.0,56.0,16.0,6.0,109.0,1.0,2,2,1,1,3,3,11,11,2.1478496067963593,6.096870583847575,1.6075246,0.36872977,28.211796,70.80696,1,2019-09-07,27.99142857142857,0.0,45.84142857142857,8.972857142857142,1.0,206.76142857142855,2019,9,7,133.0,0,China_1007.csv
2019-09-08,1007,122.0,53.0,14.0,6.0,99.0,1.0,2,2,1,1,3,3,11,11,1.547588555288574,5.305413497316479,1.8807374,0.764989,26.890242,67.70257,1,2019-09-08,29.255714285714284,0.0,43.9,8.537142857142857,1.0,111.7357142857143,2019,9,8,122.0,0,China_1007.csv
2019-09-09,1007,102.0,80.0,16.0,14.0,120.0,4.0,2,2,1,1,3,3,11,11,6.87596166299004,8.478914444135912,5.667393,-3.9440782,53.231464,68.404686,1,2019-09-09,25.208571428571428,0.0,68.99,12.781428571428572,1.0,93.25,2019,9,9,120.0,0,China_1007.csv
2019-09-10,1007,160.0,17.0,11.0,5.0,24.0,1.0,1,1,0,0,1,1,3,3,0.6313824686370432,-1.3636953456732688,12.015372,4.1413875,34.74869,-17.64183,1,2019-09-10,20.458571428571428,0.0,82.63714285714286,7.278571428571429,1.0,151.00142857142856,2019,9,10,160.0,0,China_1007.csv
2019-09-11,1007,50.0,24.0,15.0,9.0,15.0,3.0,0,0,2,2,5,5,8,8,1.5268563200224023,-2.6191009293421534,8.699506,-3.235494,71.11836,21.82503,1,2019-09-11,20.948571428571427,0.0,69.59857142857143,3.75,1.0,160.90285714285713,2019,9,11,50.0,0,China_1007.csv
2019-09-12,1007,60.0,27.0,10.0,5.0,28.0,1.0,1,1,0,0,5,5,1,1,-1.5054753267988743,-1.4993673536271013,5.9017887,3.4962728,-17.342892,17.325478,1,2019-09-12,21.134285714285713,0.0,72.22142857142858,6.55,1.0,190.38000000000002,2019,9,12,60.0,0,China_1007.csv
2019-09-13,1007,65.0,26.0,10.0,5.0,26.0,1.0,1,1,0,0,5,5,1,1,-1.4184568913650557,-1.6537395859791377,5.921677,3.4591875,-17.148964,17.062542,1,2019-09-13,21.565714285714286,0.0,63.462857142857146,8.857142857142858,1.0,269.06,2019,9,13,65.0,0,China_1007.csv
2019-09-14,1007,71.0,24.0,10.0,4.0,40.0,1.0,1,1,0,0,5,5,0,0,-1.8208293915857332,-0.5017918335828249,5.7182817,5.1302204,-25.589598,6.6896167,1,2019-09-14,21.924285714285713,0.0,60.27428571428572,6.895714285714285,1.0,170.55857142857144,2019,9,14,71.0,0,China_1007.csv
2019-09-15,1007,48.0,45.0,16.0,5.0,54.0,1.0,1,1,0,0,5,5,0,0,-0.5431229105601916,0.3303837109752635,2.8123217,3.5357764,-49.07442,65.67872,1,2019-09-15,20.987142857142857,0.0,63.23142857142857,7.438571428571429,1.0,220.4485714285714,2019,9,15,54.0,0,China_1007.csv
2019-09-16,1007,94.0,38.0,13.0,5.0,47.0,2.0,1,1,0,0,5,5,0,0,0.12316544685822932,0.4572832962211202,9.203533,4.5825706,7.2519464,9.039141,1,2019-09-16,20.295714285714286,0.0,55.27285714285714,6.731428571428571,1.0,176.1314285714286,2019,9,16,94.0,0,China_1007.csv
2019-09-17,1007,61.0,49.0,12.0,6.0,64.0,1.0,2,2,1,1,3,3,0,0,-0.21387835830194635,1.914775824636033,2.897726,2.6680102,-19.65201,65.93061,1,2019-09-17,21.104285714285712,0.0,51.90428571428571,10.76,1.0,209.25714285714284,2019,9,17,64.0,0,China_1007.csv
2019-09-18,1007,94.0,21.0,9.0,3.0,34.0,1.2,1,1,0,0,1,1,3,3,-2.0190709436799645,-0.8481246347314828,7.6841784,8.148057,-48.888382,12.812063,1,2019-09-18,18.787142857142857,0.0,44.55571428571428,6.618571428571428,1.0,184.1614285714286,2019,9,18,94.0,0,China_1007.csv
2019-09-19,1007,21.0,53.0,19.0,4.0,38.0,1.0,1,1,0,0,5,5,5,5,-1.1405577539753586,-1.5734435169049883,5.2315803,6.5221796,-4.1959543,-85.00532,1,2019-09-19,19.052857142857142,0.0,57.208571428571425,8.817142857142857,1.0,189.32571428571427,2019,9,19,53.0,0,China_1007.csv
2019-09-20,1007,80.0,53.0,17.0,5.0,56.0,1.0,2,2,1,1,3,3,0,0,0.42822120405206265,0.7766938465156905,2.768279,2.820512,11.203276,27.604647,1,2019-09-20,21.27,0.0,63.957142857142856,5.687142857142858,1.0,141.16142857142856,2019,9,20,80.0,0,China_1007.csv
2019-09-21,1007,104.0,63.0,16.0,10.0,94.0,2.0,2,2,1,1,3,3,11,11,3.9701822403251668,5.210581973195807,1.812043,0.6709311,19.432467,73.063675,1,2019-09-21,21.478571428571428,0.0,66.65857142857143,7.25,1.0,123.53,2019,9,21,104.0,0,China_1007.csv
2019-09-22,1007,141.0,51.0,11.0,10.0,92.0,2.0,2,2,1,1,3,3,11,11,3.850566711691266,5.673276260460604,2.5044813,0.43557918,22.755709,61.48099,1,2019-09-22,21.304285714285715,0.0,67.15,5.971428571428571,1.0,164.2657142857143,2019,9,22,141.0,0,China_1007.csv
2019-09-23,1007,154.0,40.0,17.0,5.0,38.0,1.0,0,0,2,2,1,1,9,9,1.7743577817396812,-0.4576769881471438,11.5235195,3.8785641,31.236443,-17.001883,1,2019-09-23,23.40857142857143,0.0,38.112857142857145,8.884285714285713,1.0,189.35142857142858,2019,9,23,154.0,0,China_1007.csv
2019-09-24,1007,95.0,33.0,12.0,3.0,50.0,1.0,1,1,0,0,5,5,0,0,-1.3771574224916976,0.40076863967041737,7.5511403,7.0363936,-37.7009,4.193238,1,2019-09-24,23.228571428571428,0.0,42.60142857142857,9.061428571428571,1.0,146.01142857142858,2019,9,24,95.0,0,China_1007.csv
2019-09-25,1007,46.0,44.0,17.0,5.0,67.0,1.0,2,2,1,1,3,3,0,0,-0.42568013841810415,1.3291911979668487,2.3403275,3.499052,-47.782146,69.328384,1,2019-09-25,22.485714285714288,0.0,51.541428571428575,6.46,1.0,184.51142857142855,2019,9,25,67.0,0,China_1007.csv
2019-09-26,1007,71.0,42.0,15.0,6.0,86.0,1.0,2,2,1,1,3,3,11,11,0.37733759006256695,3.4717803960502462,2.1257942,2.4299414,-19.977472,69.84428,1,2019-09-26,22.252857142857145,0.0,54.278571428571425,6.8028571428571425,1.0,147.51285714285714,2019,9,26,86.0,0,China_1007.csv
2019-09-27,1007,100.0,39.0,11.0,8.0,74.0,1.0,2,2,1,1,3,3,0,0,1.4194173217589505,3.217091411649818,2.9038947,1.2534169,4.9554596,63.349808,1,2019-09-27,21.324285714285715,0.0,51.878571428571426,7.547142857142857,1.0,169.5957142857143,2019,9,27,100.0,0,China_1007.csv
2019-09-28,1007,127.0,53.0,14.0,7.0,88.0,1.0,2,2,1,1,3,3,11,11,2.1632265628818885,4.467765268053863,2.151578,0.5497542,27.554247,65.54762,1,2019-09-28,22.181428571428572,0.0,58.80285714285714,6.79,1.0,177.57,2019,9,28,127.0,0,China_1007.csv
2019-09-29,1007,144.0,58.0,13.0,8.0,72.0,1.0,2,2,1,1,3,3,9,9,2.962683224874105,3.4794869297240654,3.2937746,0.43805262,29.91703,54.452686,1,2019-09-29,23.104285714285712,0.0,58.24428571428571,6.198571428571428,1.0,167.0842857142857,2019,9,29,144.0,0,China_1007.csv
2019-09-30,1007,150.0,64.0,15.0,7.0,63.0,1.0,2,2,1,1,3,3,9,9,2.9204857247015052,2.5223722924221073,3.487191,0.5851577,30.905043,51.252014,1,2019-09-30,23.744285714285716,0.0,56.10142857142857,7.475714285714285,1.0,181.84285714285716,2019,9,30,150.0,0,China_1007.csv
2019-10-01,1007,157.0,56.0,9.0,5.0,64.6,1.0,2,2,1,1,1,1,9,9,1.0109472638261365,3.0686957067008467,3.8428912,0.8076349,21.256725,42.827065,1,2019-10-01,23.478571428571428,0.0,51.65571428571429,8.868571428571428,1.0,177.26714285714283,2019,10,1,157.0,0,China_1007.csv
2019-10-02,1007,124.0,51.0,10.0,8.0,76.0,1.0,2,2,1,1,3,3,11,11,1.9938143233592711,3.893123865539078,2.761312,0.5710023,26.542168,59.198135,1,2019-10-02,23.00857142857143,0.0,59.25142857142857,6.324285714285715,1.0,171.01714285714283,2019,10,2,124.0,0,China_1007.csv
2019-10-03,1007,135.0,63.0,11.0,7.0,95.0,1.0,2,2,1,1,3,3,11,11,2.0830005114128207,5.649514090474823,2.135185,0.48486143,26.46315,64.09883,1,2019-10-03,22.962857142857143,0.0,59.715714285714284,10.76,1.0,92.61142857142856,2019,10,3,135.0,0,China_1007.csv
2019-10-04,1007,147.0,26.0,5.0,4.0,21.0,1.0,1,1,0,0,1,1,3,3,-0.9124930401810889,-0.9955703934929154,11.717275,5.2025313,-1.4728731,-14.516685,1,2019-10-04,11.615714285714287,0.0,70.17285714285714,10.845714285714285,1.0,146.86714285714288,2019,10,4,147.0,0,China_1007.csv
2019-10-05,1007,42.0,13.0,8.0,2.0,26.0,1.0,1,1,0,0,5,5,1,1,-4.020275446617333,-2.1011104403497183,7.8457956,11.753178,-69.791595,-43.71398,1,2019-10-05,12.709999999999999,0.0,46.80285714285714,6.698571428571428,1.0,176.43428571428572,2019,10,5,42.0,0,China_1007.csv
2019-10-06,1007,26.0,28.0,17.0,3.0,15.0,1.2,1,1,0,0,5,5,5,5,-2.271321074006061,-3.815114567918735,5.314366,7.9709015,-34.073093,-87.23297,1,2019-10-06,13.097142857142858,0.0,69.21000000000001,7.018571428571429,1.0,205.32142857142858,2019,10,6,28.0,0,China_1007.csv
2019-10-07,1007,79.0,48.0,15.0,5.0,27.0,2.0,1,1,0,0,5,5,5,5,0.19856887988716249,-1.4693903813944778,8.819927,4.1371603,23.833467,-48.967377,1,2019-10-07,16.14,0.0,52.4,13.845714285714285,1.0,175.94,2019,10,7,79.0,0,China_1007.csv
2019-10-08,1007,127.0,19.0,9.0,2.0,24.0,1.0,1,1,0,0,1,1,3,3,-1.9441807188939426,-1.6328919697045865,11.376165,7.136065,-11.49666,-25.903719,1,2019-10-08,14.09142857142857,0.0,49.06142857142857,9.14,1.0,198.86142857142858,2019,10,8,127.0,0,China_1007.csv
2019-10-09,1007,27.0,45.0,18.0,5.0,30.0,2.0,1,1,0,0,5,5,5,5,-0.5351828531064434,-1.9913709113733022,8.16186,3.689929,23.09178,-59.43182,1,2019-10-09,16.06142857142857,0.0,62.43571428571429,9.487142857142857,1.0,186.6257142857143,2019,10,9,45.0,0,China_1007.csv
2019-10-10,1007,95.0,27.0,10.0,4.0,23.0,1.2,1,1,0,0,1,1,3,3,-1.2486751366301392,-1.726113177867705,6.373178,4.6848564,-9.641535,-3.6975586,1,2019-10-10,15.697142857142856,0.0,75.29857142857144,4.808571428571428,1.0,158.8942857142857,2019,10,10,95.0,0,China_1007.csv
2019-10-11,1007,109.0,51.0,18.0,6.0,16.0,2.0,0,0,2,2,2,2,9,9,1.8366263912074408,-2.3986149412451967,9.4649515,3.2769969,40.037727,-39.496918,1,2019-10-11,15.754285714285714,0.0,59.160000000000004,6.054285714285713,1.0,142.57142857142858,2019,10,11,109.0,0,China_1007.csv
2019-10-12,1007,102.0,57.0,27.0,13.0,4.0,10.0,0,0,2,2,4,4,6,6,8.669702300202195,-2.3916915856962966,9.446945,-5.6083655,103.98547,37.578903,1,2019-10-12,15.098571428571429,0.0,50.35857142857143,5.451428571428572,1.0,134.8642857142857,2019,10,12,102.0,0,China_1007.csv
2019-10-13,1007,85.0,44.0,21.0,8.0,6.0,2.0,0,0,2,2,2,2,5,5,2.6816400185804246,-3.7343271544546672,8.893178,2.3127782,45.679493,-53.406654,1,2019-10-13,8.314285714285715,0.0,61.87571428571429,9.804285714285713,1.0,163.20857142857145,2019,10,13,85.0,0,China_1007.csv
2019-10-14,1007,77.0,21.0,12.0,3.0,21.0,1.0,1,1,0,0,5,5,1,1,-2.0337676213167732,-2.4910268559014743,7.093842,7.8585777,-26.249762,-66.62559,1,2019-10-14,8.257142857142856,0.0,43.98285714285714,7.588571428571429,1.0,216.03428571428572,2019,10,14,77.0,0,China_1007.csv
2019-10-15,1007,32.0,28.0,16.0,3.0,18.0,1.0,1,1,0,0,5,5,5,5,-2.325024008491631,-3.428190310028218,5.3779817,7.9790397,-33.67499,-85.561264,1,2019-10-15,10.472857142857142,0.0,50.22714285714286,6.711428571428572,1.0,202.53571428571428,2019,10,15,32.0,0,China_1007.csv
2019-10-16,1007,58.0,39.0,21.0,5.0,12.0,1.0,1,1,0,0,5,5,5,5,0.19201474488437453,-3.944927173351395,7.679507,1.8383156,13.150524,-87.038284,1,2019-10-16,11.347142857142858,0.0,62.988571428571426,5.798571428571429,1.0,180.74714285714285,2019,10,16,58.0,0,China_1007.csv
2019-10-17,1007,83.0,38.0,21.0,7.0,2.0,1.4,0,0,2,2,2,2,5,5,1.855623568224302,-4.397896351931717,7.817218,2.2530417,44.021233,-51.5331,1,2019-10-17,10.512857142857143,0.0,79.31000000000002,3.4899999999999998,1.0,219.79142857142855,2019,10,17,83.0,0,China_1007.csv
2019-10-18,1007,148.0,62.8,13.0,7.0,24.0,2.4,0,0,2,2,1,1,9,9,2.799253544201834,-0.47676823697491677,10.777083,3.5796368,51.281937,-12.725989,1,2019-10-18,11.834285714285715,0.0,76.85000000000001,6.0371428571428565,1.0,194.61142857142858,2019,10,18,148.0,0,China_1007.csv
2019-10-19,1007,147.0,76.8,23.0,11.0,12.0,1.0,0,0,2,2,2,2,7,7,6.228779064151172,-2.2956572922962613,11.294531,0.03430429,84.345505,-34.096928,1,2019-10-19,13.612857142857141,0.0,80.51,6.642857142857143,1.0,171.3757142857143,2019,10,19,147.0,0,China_1007.csv
2019-10-20,1007,189.0,91.0,18.0,7.0,20.0,1.0,0,0,2,2,2,2,9,9,4.526231916103096,-0.8334734285637562,12.222311,1.6985368,63.280952,-17.955618,1,2019-10-20,13.145714285714288,0.0,39.89142857142857,11.115714285714287,1.0,279.0942857142857,2019,10,20,189.0,0,China_1007.csv
2019-10-21,1007,140.0,38.0,18.0,4.0,17.0,1.0,1,1,0,0,1,1,9,9,0.9954300409942124,-2.647904698408659,10.960321,4.6204624,31.42201,-29.428219,1,2019-10-21,11.455714285714285,0.0,52.00714285714286,6.215714285714285,1.0,165.70142857142858,2019,10,21,140.0,0,China_1007.csv
2019-10-22,1007,51.0,63.0,24.0,8.0,18.0,1.0,0,0,2,2,2,2,2,2,2.481806236875213,-3.1253564030475998,7.6391163,0.76367307,31.097383,-84.242195,1,2019-10-22,12.894285714285713,0.0,65.03714285714285,6.382857142857143,1.0,153.96714285714285,2019,10,22,63.0,0,China_1007.csv
2019-10-23,1007,115.0,73.0,25.0,10.0,35.0,2.0,0,0,2,2,2,2,2,2,5.52016269140987,-0.7258379008563477,9.724324,1.9556863,49.651722,-46.875187,1,2019-10-23,14.64857142857143,0.0,70.08857142857143,5.431428571428571,1.0,168.37285714285716,2019,10,23,115.0,0,China_1007.csv
2019-10-24,1007,160.0,53.0,22.0,10.0,18.0,1.0,0,0,2,2,2,2,9,9,5.460841723511888,-2.0522365455523133,11.199676,0.49227738,69.923805,-32.930763,1,2019-10-24,10.425714285714287,0.0,46.57857142857143,15.398571428571428,1.0,262.90000000000003,2019,10,24,160.0,0,China_1007.csv
2019-10-25,1007,115.0,17.0,10.0,4.0,20.0,1.0,1,1,0,0,1,1,3,3,-1.0319718418864108,-2.040638339367737,10.917594,5.2468467,-7.8228245,-11.031981,1,2019-10-25,6.869999999999999,0.0,47.575714285714284,9.497142857142858,1.0,240.82142857142858,2019,10,25,115.0,0,China_1007.csv
2019-10-26,1007,37.0,41.0,18.0,6.0,16.0,1.0,1,1,0,0,5,5,5,5,-0.11783051921211561,-3.2950480502503656,7.037976,1.4981112,13.048039,-78.12899,1,2019-10-26,7.984285714285714,0.0,63.98142857142857,8.505714285714285,1.0,209.30428571428573,2019,10,26,41.0,0,China_1007.csv
2019-10-27,1007,91.0,55.0,22.0,6.0,16.0,2.0,0,0,2,2,2,2,5,5,2.088767631525596,-2.915449738589722,9.046006,3.0006857,32.36805,-44.24396,1,2019-10-27,10.735714285714286,0.0,52.878571428571426,11.078571428571427,1.0,208.6157142857143,2019,10,27,91.0,0,China_1007.csv
2019-10-28,1007,136.0,130.0,9.0,5.0,25.0,1.0,0,0,0,0,1,1,10,10,1.6542591675134946,0.6844109166325694,13.575468,3.3721533,41.53155,15.318981,1,2019-10-28,7.8757142857142854,0.0,32.74,15.342857142857142,1.0,264.7785714285714,2019,10,28,136.0,0,China_1007.csv
2019-10-29,1007,83.0,55.0,19.0,4.0,22.0,2.0,1,1,0,0,5,5,5,5,0.42782146683353184,-2.296468841707453,8.757792,4.3773837,23.752197,-52.1447,1,2019-10-29,8.55857142857143,0.0,50.434285714285714,7.315714285714286,1.0,220.43571428571428,2019,10,29,83.0,0,China_1007.csv
2019-10-30,1007,98.0,73.0,30.0,7.0,8.0,2.0,0,0,2,2,2,2,2,2,4.200515720114546,-4.060792206895803,9.1998005,1.787235,53.410587,-58.256767,1,2019-10-30,11.817142857142857,0.0,50.1,8.459999999999999,1.0,227.8242857142857,2019,10,30,98.0,0,China_1007.csv
2019-10-31,1007,132.0,52.0,23.0,8.0,21.0,1.0,0,0,2,2,2,2,2,2,3.920311357942349,-2.3142165513290585,10.470884,0.9112485,66.73133,-34.774055,1,2019-10-31,14.097142857142858,0.0,49.49714285714286,8.217142857142857,1.0,122.45857142857143,2019,10,31,132.0,0,China_1007.csv
2019-11-01,1007,110.0,54.0,20.0,9.0,15.0,2.0,0,0,2,2,2,2,2,2,3.797953467532843,-2.378370116599526,9.941636,1.9435889,48.038994,-43.438805,1,2019-11-01,12.40857142857143,0.0,58.33857142857143,6.392857142857143,1.0,97.48857142857142,2019,11,1,110.0,0,China_1007.csv
2019-11-02,1007,88.0,42.0,23.0,6.0,9.0,2.0,0,0,2,2,2,2,5,5,1.9401650938930626,-3.8865440888305347,8.962014,3.1369793,31.431562,-44.504765,1,2019-11-02,12.004285714285714,0.0,72.92285714285714,8.608571428571429,1.0,113.74285714285715,2019,11,2,88.0,0,China_1007.csv
2019-11-03,1007,84.0,43.0,15.0,5.0,12.0,2.0,1,1,0,0,5,5,5,5,0.1882108956097147,-2.834583064846499,8.900823,4.19187,22.878786,-47.404377,1,2019-11-03,8.828571428571427,0.0,62.410000000000004,5.878571428571428,1.0,142.76285714285714,2019,11,3,84.0,0,China_1007.csv
2019-11-04,1007,92.0,50.0,17.0,7.0,12.0,1.6,0,0,2,2,2,2,5,5,1.7395330119776051,-2.7645681595803673,7.6823893,2.4946089,41.627647,-43.144836,1,2019-11-04,9.42,0.0,79.29142857142857,6.542857142857143,1.0,202.2042857142857,2019,11,4,92.0,0,China_1007.csv
2019-11-05,1007,134.0,50.0,17.0,7.0,15.0,1.0,0,0,2,2,2,2,9,9,2.5155870830251845,-2.281522285820411,10.371574,1.5084205,48.68676,-29.448956,1,2019-11-05,10.665714285714285,0.0,64.10428571428572,8.0,1.0,133.42714285714285,2019,11,5,134.0,0,China_1007.csv
2019-11-06,1007,116.0,52.0,25.0,6.0,8.0,1.0,0,0,2,2,2,2,2,2,2.7597585006136685,-3.9850515171367356,8.789514,1.1707523,21.976562,-88.22067,1,2019-11-06,9.205714285714285,0.0,68.93428571428572,7.4071428571428575,1.0,106.80999999999999,2019,11,6,116.0,0,China_1007.csv
2019-11-07,1007,113.0,41.0,18.0,5.0,15.0,1.0,1,1,0,0,1,1,5,5,0.9895920893723492,-2.8894358439893395,10.432407,1.947868,46.13565,-32.707134,1,2019-11-07,5.408571428571428,0.0,50.25714285714286,8.264285714285714,1.0,202.98714285714286,2019,11,7,113.0,0,China_1007.csv
2019-11-08,1007,70.0,56.0,24.0,7.0,8.0,2.0,0,0,2,2,2,2,5,5,2.45387569914095,-3.8955196927240547,8.622811,2.4623246,37.79726,-59.01061,1,2019-11-08,7.1571428571428575,0.0,65.12714285714286,6.742857142857143,1.0,224.51714285714283,2019,11,8,70.0,0,China_1007.csv
2019-11-09,1007,111.0,55.0,26.0,10.0,10.0,1.0,0,0,2,2,2,2,2,2,4.989546984736211,-3.5447208500026446,9.822284,-0.09815195,49.931225,-89.750435,1,2019-11-09,9.77,0.0,68.91,10.211428571428572,1.0,207.27857142857144,2019,11,9,111.0,0,China_1007.csv
2019-11-10,1007,158.0,79.0,13.0,4.0,23.0,1.0,1,1,0,0,1,1,9,9,1.3422068110437633,-0.726802490026527,12.513431,3.3931043,39.440315,5.254223,1,2019-11-10,9.641428571428571,0.0,46.79571428571428,13.537142857142856,1.0,308.90999999999997,2019,11,10,158.0,0,China_1007.csv
2019-11-11,1007,99.0,42.0,18.0,4.0,19.0,1.0,1,1,0,0,5,5,5,5,0.1777493691891874,-2.7193441337491633,6.884162,6.1885533,-13.369287,-74.49046,1,2019-11-11,9.97,0.0,56.28857142857142,7.0842857142857145,1.0,167.92142857142858,2019,11,11,99.0,0,China_1007.csv
2019-11-12,1007,53.0,66.0,33.0,8.0,4.0,3.0,0,0,2,2,2,2,2,2,4.305271222354201,-4.948694104188188,9.2667055,-3.1336427,81.87253,14.536865,1,2019-11-12,10.975714285714286,0.0,50.23142857142857,9.051428571428572,1.0,232.29142857142855,2019,11,12,66.0,0,China_1007.csv
2019-11-13,1007,136.0,53.0,6.0,1.0,24.0,1.8,1,1,0,0,1,1,3,3,-1.9796716563677148,-0.6033979496665153,11.279345,6.78946,8.023537,-12.334336,1,2019-11-13,1.68,0.0,30.29714285714286,14.374285714285715,1.0,186.72,2019,11,13,136.0,0,China_1007.csv
2019-11-14,1007,33.0,42.0,23.0,5.0,8.0,2.0,1,1,0,0,5,5,5,5,0.21215741699192675,-4.488269977676873,8.132056,3.4520686,28.800236,-64.88964,1,2019-11-14,1.1199999999999999,0.0,52.4,6.07,1.0,138.88000000000002,2019,11,14,42.0,0,China_1007.csv
2019-11-15,1007,71.0,53.0,22.0,8.0,7.0,2.0,0,0,2,2,2,2,5,5,2.671004767189967,-3.7126420094959607,8.870236,2.3164399,45.849705,-53.6112,1,2019-11-15,5.1499999999999995,0.0,59.362857142857145,5.774285714285715,1.0,67.62714285714286,2019,11,15,71.0,0,China_1007.csv
2019-11-16,1007,93.0,57.0,22.0,12.0,5.0,5.0,0,0,2,2,4,4,8,8,6.049827360954055,-2.769503765428863,9.35194,-4.864657,99.0717,29.989223,1,2019-11-16,6.847142857142857,0.0,66.92714285714285,6.208571428571429,1.0,115.25,2019,11,16,93.0,0,China_1007.csv
2019-11-17,1007,121.0,139.0,17.0,8.0,20.0,3.0,0,0,2,2,2,2,8,8,4.690343697785064,0.007827790385805316,8.402009,-3.7003274,53.261406,24.249304,1,2019-11-17,2.9828571428571427,0.0,34.74142857142857,17.860000000000003,1.0,278.2271428571429,2019,11,17,139.0,0,China_1007.csv
2019-11-18,1007,132.0,72.0,8.0,3.0,20.0,1.0,1,1,0,0,1,1,3,3,-0.5976722778575018,-0.8423273025868115,12.372708,5.10357,36.99249,11.782421,1,2019-11-18,-1.2985714285714285,0.0,21.205714285714286,13.49,1.0,262.2257142857143,2019,11,18,132.0,0,China_1007.csv
2019-11-19,1007,55.0,48.0,14.0,3.0,18.0,1.0,1,1,0,0,5,5,5,5,-1.7921107544618937,-2.6880155745474257,6.357711,7.866473,-27.329386,-73.93597,1,2019-11-19,0.11,0.0,38.43,8.797142857142857,1.0,198.02571428571426,2019,11,19,55.0,0,China_1007.csv
2019-11-20,1007,48.0,81.0,30.0,9.0,4.0,3.0,0,0,2,2,2,2,2,2,4.542030444050403,-4.306351746012022,9.238865,-3.1604762,81.50149,13.554639,1,2019-11-20,1.2671428571428573,0.0,48.17142857142857,5.717142857142856,1.0,168.3685714285714,2019,11,20,81.0,0,China_1007.csv
2019-11-21,1007,149.0,95.0,32.0,14.0,1.0,2.0,0,0,2,2,2,2,7,7,9.67660776249678,-3.496866127342172,10.98178,-0.8009326,81.35314,-43.460506,1,2019-11-21,1.5685714285714287,0.0,78.70285714285714,6.072857142857143,1.0,169.37857142857143,2019,11,21,149.0,0,China_1007.csv
2019-11-22,1007,165.0,112.0,42.0,22.0,1.0,3.0,0,0,2,2,2,2,7,7,16.25517019996582,-3.3010013249074808,11.206064,-1.6983465,96.45741,-6.10923,1,2019-11-22,6.102857142857142,0.0,79.42999999999999,6.292857142857143,1.0,231.23714285714286,2019,11,22,165.0,0,China_1007.csv
2019-11-23,1007,195.0,106.0,36.0,15.0,12.0,3.0,0,0,2,2,2,2,7,7,12.224189954694607,-2.171922788971826,10.63383,-2.074659,92.58474,-4.1439657,1,2019-11-23,8.974285714285715,0.0,46.13857142857143,15.258571428571429,1.0,233.31571428571428,2019,11,23,195.0,0,China_1007.csv
2019-11-24,1007,195.0,30.0,6.0,2.0,22.0,1.0,1,1,0,0,1,1,3,3,-0.7321643823050903,-0.7639325266887397,12.887554,5.9817486,9.189944,-38.649815,1,2019-11-24,-0.9400000000000001,0.0,23.23857142857143,14.69,1.0,248.30714285714288,2019,11,24,195.0,0,China_1007.csv
2019-11-25,1007,17.0,23.0,15.0,3.0,13.0,1.0,1,1,0,0,5,5,5,5,-2.8874073736685517,-3.9564864985585255,5.235967,8.16023,-35.222523,-85.84388,1,2019-11-25,-2.782857142857143,0.0,34.92714285714286,8.092857142857143,1.0,225.04285714285714,2019,11,25,23.0,0,China_1007.csv
2019-11-26,1007,48.0,55.0,26.0,7.0,5.0,1.0,0,0,2,2,2,2,5,5,2.0082394504959122,-4.741374435266157,7.89656,0.6314614,30.33785,-87.210365,1,2019-11-26,-0.39,0.0,31.822857142857142,8.432857142857143,1.0,191.3814285714286,2019,11,26,55.0,0,China_1007.csv
2019-11-27,1007,113.0,20.0,13.0,3.0,18.0,1.0,1,1,0,0,1,1,3,3,-1.1340259253792513,-2.6065394225015175,10.462157,6.221543,-13.988586,-18.549437,1,2019-11-27,-2.137142857142857,0.0,36.12,8.03,1.0,118.79571428571428,2019,11,27,113.0,0,China_1007.csv
2019-11-28,1007,31.0,54.0,27.0,8.0,4.0,3.0,0,0,2,2,2,2,5,5,2.769398241187254,-4.652260640944916,8.982045,-3.1665163,80.18067,16.74951,1,2019-11-28,-2.9214285714285713,0.0,49.59142857142857,5.772857142857142,1.0,130.43428571428572,2019,11,28,54.0,0,China_1007.csv
2019-11-29,1007,119.0,61.0,28.0,9.0,3.0,2.0,0,0,2,2,2,2,2,2,5.229914518006367,-4.1379060462689745,9.7617855,1.2098792,56.66307,-54.290512,1,2019-11-29,-0.6857142857142857,0.0,68.29571428571428,4.715714285714285,1.0,161.8114285714286,2019,11,29,119.0,0,China_1007.csv
2019-11-30,1007,145.0,26.0,14.0,5.0,22.0,1.0,1,1,0,0,1,1,9,9,0.8800777148658911,-1.8366433547003047,11.557146,4.0851326,31.570904,-14.71678,1,2019-11-30,-0.35285714285714287,0.0,38.1,12.602857142857143,1.0,200.79857142857145,2019,11,30,145.0,0,China_1007.csv
2019-12-01,1007,109.0,30.0,8.0,3.0,22.0,1.0,1,1,0,0,1,1,3,3,-1.7700332836247044,-1.5575690780477496,10.3373785,6.6169243,-9.450972,-17.082235,1,2019-12-01,-1.31,0.0,29.310000000000002,11.518571428571429,1.0,273.98285714285714,2019,12,1,109.0,0,China_1007.csv
2019-12-02,1007,44.0,20.0,10.0,3.0,21.0,1.0,1,1,0,0,5,5,1,1,-3.0527275186075182,-2.5385681398895525,5.8307195,8.637695,-35.7675,-70.03914,1,2019-12-02,-1.2342857142857144,0.0,34.84428571428571,10.234285714285715,1.0,239.58714285714288,2019,12,2,44.0,0,China_1007.csv
2019-12-03,1007,28.0,43.0,19.0,5.0,23.0,1.0,1,1,0,0,5,5,5,5,-0.6534791231863896,-2.917390438891942,5.516454,6.2006903,7.1965475,-81.68139,1,2019-12-03,1.3885714285714286,0.0,39.575714285714284,7.421428571428572,1.0,247.1442857142857,2019,12,3,43.0,0,China_1007.csv
2019-12-04,1007,57.0,29.0,17.0,4.0,24.0,1.0,1,1,0,0,5,5,5,5,-1.0733557387004644,-2.7122190843807137,5.9656935,5.7576084,-9.818437,-59.819546,1,2019-12-04,0.9228571428571428,0.0,49.56142857142857,8.712857142857143,1.0,206.51571428571427,2019,12,4,57.0,0,China_1007.csv
2019-12-05,1007,46.0,32.0,17.0,8.0,20.0,2.0,1,1,2,2,5,5,5,5,1.1014899191870122,-2.561127865959077,8.231609,3.3076203,31.057083,-54.91898,1,2019-12-05,-3.65,0.0,44.92,6.14,1.0,150.5885714285714,2019,12,5,46.0,0,China_1007.csv
2019-12-06,1007,63.0,46.0,26.0,7.0,7.0,1.0,0,0,2,2,2,2,2,2,2.1923107913038105,-4.603256848358224,8.146007,0.5817394,37.815166,-86.9385,1,2019-12-06,-2.974285714285714,0.0,66.58857142857143,8.247142857142858,1.0,170.56571428571428,2019,12,6,63.0,0,China_1007.csv
2019-12-07,1007,130.0,54.0,27.0,8.0,10.0,1.0,0,0,2,2,2,2,2,2,4.458772373946761,-3.7090128498375643,9.708785,0.3223673,47.801304,-75.952644,1,2019-12-07,-1.8814285714285715,0.0,45.714285714285715,6.381428571428572,1.0,153.64714285714285,2019,12,7,130.0,0,China_1007.csv
2019-12-08,1007,132.0,101.0,30.0,14.0,2.0,1.6,0,0,2,2,2,2,7,7,9.026031493349759,-3.2835270730289245,10.977161,-0.7978589,82.03229,-44.169262,1,2019-12-08,-2.8957142857142855,0.0,69.90857142857143,5.134285714285714,1.0,195.14714285714285,2019,12,8,132.0,0,China_1007.csv
2019-12-09,1007,206.0,120.0,33.0,18.0,3.0,1.0,0,0,2,2,2,2,7,7,13.3700646686988,-2.3784120761920664,11.427788,-1.2426085,97.7475,-18.408016,1,2019-12-09,-1.4157142857142857,0.0,75.16857142857143,6.085714285714286,1.0,167.95428571428573,2019,12,9,206.0,0,China_1007.csv
2019-12-10,1007,219.0,67.0,19.0,17.0,19.0,1.0,0,0,2,2,2,2,7,7,10.279467933516857,-0.30151773802262727,11.844921,-0.95211804,92.93104,-23.182169,1,2019-12-10,0.8071428571428572,0.0,41.85142857142857,12.708571428571428,1.0,291.82142857142856,2019,12,10,219.0,0,China_1007.csv
2019-12-11,1007,142.0,20.0,11.0,3.0,21.0,1.0,1,1,0,0,1,1,3,3,-0.7873102011476939,-1.8965971973994535,11.645391,5.947049,7.5312324,-28.75068,1,2019-12-11,-2.61,0.0,28.12,12.197142857142856,1.0,239.3742857142857,2019,12,11,142.0,0,China_1007.csv
2019-12-12,1007,23.0,38.0,19.0,4.0,13.0,1.0,1,1,0,0,5,5,5,5,-1.4027698616369184,-4.0108295973402575,5.6490436,6.253257,-6.808157,-95.04829,1,2019-12-12,-2.924285714285714,0.0,30.922857142857143,6.988571428571428,1.0,203.70857142857145,2019,12,12,38.0,0,China_1007.csv
2019-12-13,1007,59.0,44.0,20.0,6.0,21.0,2.0,1,1,0,0,5,5,5,5,0.9422119496595911,-2.6858091482399953,8.302549,3.401558,31.336023,-58.72236,1,2019-12-13,0.1442857142857143,0.0,38.30285714285714,10.504285714285714,1.0,205.19142857142856,2019,12,13,59.0,0,China_1007.csv
2019-12-14,1007,67.0,18.0,20.0,4.0,14.0,1.0,1,1,0,0,5,5,5,5,-0.62724471301415,-4.036283086200586,6.4231143,6.7897167,-15.541579,-77.42288,1,2019-12-14,-1.6300000000000001,0.0,54.13142857142857,6.025714285714286,1.0,161.72857142857143,2019,12,14,67.0,0,China_1007.csv
2019-12-15,1007,44.0,60.0,32.0,12.0,1.0,3.0,0,0,2,2,2,2,2,2,6.0017898796790226,-4.908482888103804,9.522657,-2.9495082,81.520676,8.399576,1,2019-12-15,0.7271428571428571,0.0,64.76,3.185714285714286,1.0,157.89857142857142,2019,12,15,60.0,0,China_1007.csv
2019-12-16,1007,142.0,57.0,26.0,13.0,1.0,1.6,0,0,2,2,2,2,7,7,7.415973246726152,-3.6871939113051053,11.142639,-0.51225543,82.37298,-41.142838,1,2019-12-16,0.3071428571428572,0.0,69.92285714285714,10.792857142857143,1.0,245.8857142857143,2019,12,16,142.0,0,China_1007.csv
2019-12-17,1007,158.0,21.0,7.0,3.0,21.0,1.0,1,1,0,0,1,1,3,3,-1.0018403700993084,-1.310118214964377,12.32141,5.7488794,6.8299694,-32.258354,1,2019-12-17,-1.272857142857143,0.0,35.51428571428572,14.064285714285715,1.0,197.03,2019,12,17,158.0,0,China_1007.csv
2019-12-18,1007,35.0,25.0,17.0,4.0,14.0,1.0,1,1,0,0,5,5,5,5,-1.6393753230405457,-3.8284872040742344,5.7157555,6.1085,-9.116678,-95.33065,1,2019-12-18,-3.1142857142857143,0.0,45.26285714285715,8.902857142857142,1.0,216.0,2019,12,18,35.0,0,China_1007.csv
2019-12-19,1007,54.0,23.0,9.0,3.0,20.0,1.0,1,1,0,0,5,5,1,1,-2.9345099222829196,-2.3869557867627393,6.1838913,8.805905,-33.54028,-66.4129,1,2019-12-19,-4.2057142857142855,0.0,27.187142857142856,10.702857142857143,1.0,262.60714285714283,2019,12,19,54.0,0,China_1007.csv
2019-12-20,1007,31.0,27.0,18.0,4.0,13.0,1.0,1,1,0,0,5,5,5,5,-1.5518497492699748,-4.024753975987075,5.726107,6.1657767,-8.667416,-95.30927,1,2019-12-20,-5.098571428571428,0.0,36.91857142857143,6.715714285714285,1.0,205.6542857142857,2019,12,20,31.0,0,China_1007.csv
2019-12-21,1007,55.0,49.0,27.0,8.0,6.0,1.0,0,0,2,2,2,2,2,2,2.7444861045385123,-4.722387694489059,8.1135845,0.51368415,39.384205,-89.78851,1,2019-12-21,-2.7914285714285714,0.0,44.43,5.9071428571428575,1.0,172.76857142857145,2019,12,21,55.0,0,China_1007.csv
2019-12-22,1007,120.0,63.0,32.0,12.0,7.0,2.0,0,0,2,2,2,2,2,2,7.476132427120485,-3.9183471002949193,10.591156,-0.1406098,79.019684,-44.576504,1,2019-12-22,-1.7785714285714285,0.0,44.92142857142857,8.665714285714285,1.0,166.48999999999998,2019,12,22,120.0,0,China_1007.csv
2019-12-23,1007,153.0,37.0,20.0,9.0,15.0,2.0,0,0,2,2,2,2,9,9,4.453606609481899,-2.336796618523514,11.013675,1.8131095,49.351475,-16.646606,1,2019-12-23,-1.3657142857142859,0.0,60.379999999999995,6.8914285714285715,1.0,132.19571428571427,2019,12,23,153.0,0,China_1007.csv
2019-12-24,1007,97.0,66.0,23.0,11.0,8.0,2.0,0,0,2,2,2,2,2,2,5.196013334763898,-3.042684361793389,9.577079,1.672173,49.38703,-50.658997,1,2019-12-24,-2.3757142857142854,0.0,83.13714285714286,9.084285714285715,1.0,220.16714285714286,2019,12,24,97.0,0,China_1007.csv
2019-12-25,1007,167.0,37.0,20.0,9.0,19.0,2.0,0,0,2,2,2,2,9,9,4.766677771149189,-1.8775110172580534,11.0463915,1.7825514,49.246845,-16.802713,1,2019-12-25,-0.7157142857142856,0.0,43.32857142857143,9.747142857142858,1.0,126.41142857142857,2019,12,25,167.0,0,China_1007.csv
2019-12-26,1007,129.0,30.0,14.0,3.0,19.0,1.0,1,1,0,0,1,1,3,3,-0.479145910854944,-2.3371612959955077,10.717878,5.933197,-13.5896845,-19.470638,1,2019-12-26,-2.2457142857142856,0.0,41.24142857142857,7.774285714285715,1.0,231.67285714285714,2019,12,26,129.0,0,China_1007.csv
2019-12-27,1007,50.0,61.0,27.0,7.0,5.0,1.0,0,0,2,2,2,2,2,2,2.2928642603820624,-4.735577323488442,7.963718,0.56610054,30.742384,-87.918945,1,2019-12-27,-2.617142857142857,0.0,45.67857142857143,6.192857142857143,1.0,134.45857142857145,2019,12,27,61.0,0,China_1007.csv
2019-12-28,1007,120.0,81.0,31.0,17.0,4.0,4.0,0,0,2,2,2,2,7,7,10.759324809702784,-2.964457303910795,10.462686,-2.943215,95.359695,-1.3935843,1,2019-12-28,-2.1228571428571428,0.0,66.34,6.86,1.0,125.39999999999999,2019,12,28,120.0,0,China_1007.csv
2019-12-29,1007,164.0,80.0,27.0,15.0,22.0,1.0,0,0,2,2,2,2,7,7,9.390845201583925,-1.3143224971094232,11.5078945,-0.7301877,87.738205,-30.810518,1,2019-12-29,-1.2214285714285715,0.0,34.24285714285714,17.437142857142856,1.0,265.14285714285717,2019,12,29,164.0,0,China_1007.csv
2019-12-30,1007,158.0,69.8,21.4,6.2,51.0,1.2,0,0,2,2,2,2,9,9,3.699389224178536,0.8751524250804538,7.4241576,4.1797447,25.825954,24.061539,1,2019-12-30,-8.697142857142856,0.0,20.41,16.937142857142856,1.0,224.32,2019,12,30,158.0,0,China_1007.csv
2019-12-31,1007,88.2662739965096,50.93603035249482,13.408463018010142,4.734017915665283,41.49403278688525,1.638922299735386,1,1,0,0,5,5,0,0,0.026562817246575596,0.01701436050962379,-2.9971344,-7.4434757,9.712459,11.800825,1,2019-12-31,-8.105714285714287,0.0,22.517142857142858,8.26,1.0,206.59285714285716,2019,12,31,88.2662739965096,0,China_1007.csv
2020-01-01,1007,65.0,48.0,24.0,7.0,6.0,2.0,0,0,2,2,2,2,5,5,2.2111888280678857,-4.245820771982815,8.598548,2.4809816,37.978863,-59.26325,1,2020-01-01,-5.902857142857143,0.0,24.42142857142857,5.625714285714286,1.0,173.54857142857142,2020,1,1,65.0,0,China_1007.csv
2020-01-02,1007,102.0,58.0,29.0,10.0,5.0,2.0,0,0,2,2,2,2,2,2,5.497745192714862,-4.164548076075149,9.691521,1.2880741,56.88248,-54.95266,1,2020-01-02,-2.325714285714286,0.0,33.244285714285716,5.928571428571429,1.0,250.68,2020,1,2,102.0,0,China_1007.csv
2020-01-03,1007,143.0,57.0,28.0,9.0,9.0,2.0,0,0,2,2,2,2,2,2,5.699734600787822,-3.4939271050137624,10.62097,0.592245,72.78988,-41.041607,1,2020-01-03,-1.032857142857143,0.0,41.29,6.6657142857142855,1.0,195.43285714285713,2020,1,3,143.0,0,China_1007.csv
2020-01-04,1007,134.0,47.0,26.0,9.0,18.0,1.0,0,0,2,2,2,2,2,2,4.842978669221742,-2.8915247350872177,10.470809,0.5751567,67.2768,-35.17346,1,2020-01-04,-0.13142857142857142,0.0,48.355714285714285,7.218571428571429,1.0,101.13857142857144,2020,1,4,134.0,0,China_1007.csv
2020-01-05,1007,111.0,59.0,31.0,11.0,5.0,3.0,0,0,2,2,2,2,2,2,6.766536564878357,-4.037932624536326,9.795037,-2.8131402,83.164474,6.2873,1,2020-01-05,-0.20142857142857146,0.0,78.50285714285714,4.1814285714285715,1.0,107.0657142857143,2020,1,5,111.0,0,China_1007.csv
2020-01-06,1007,150.0,29.0,22.0,9.0,20.0,1.2,0,0,2,2,2,2,9,9,4.372902430651908,-2.417772003603002,11.01987,0.94525844,65.757195,-33.648758,1,2020-01-06,0.19999999999999998,0.0,65.26857142857143,9.662857142857144,1.0,174.81,2020,1,6,150.0,0,China_1007.csv
2020-01-07,1007,144.0,22.0,12.0,2.0,24.0,2.0,1,1,0,0,1,1,3,3,-0.8606651617768892,-1.6132503179266056,11.20069,5.6482706,17.887094,-23.776594,1,2020-01-07,-0.2914285714285714,0.0,33.75,14.108571428571429,1.0,162.11142857142858,2020,1,7,144.0,0,China_1007.csv
2020-01-08,1007,50.0,24.0,15.0,3.0,24.0,1.0,1,1,0,0,5,5,5,5,-2.1293263979352646,-2.7187391948160706,5.8746595,7.995628,-30.174812,-77.68892,1,2020-01-08,-2.3685714285714283,0.0,38.76142857142857,7.952857142857143,1.0,195.54142857142855,2020,1,8,50.0,0,China_1007.csv
2020-01-09,1007,64.0,25.0,22.0,6.0,17.0,1.0,1,1,0,0,2,2,5,5,0.7872248074505589,-3.7180364870668856,7.3768396,1.3446952,21.837679,-83.777016,1,2020-01-09,-2.9071428571428575,0.0,49.36857142857143,6.822857142857143,1.0,196.73714285714286,2020,1,9,64.0,0,China_1007.csv
2020-01-10,1007,95.0,25.0,17.0,6.0,23.0,2.0,1,1,0,0,5,5,5,5,0.9862509822680045,-2.2214262535405083,9.249498,3.654618,38.248978,-38.919563,1,2020-01-10,-1.162857142857143,0.0,36.478571428571435,13.42,1.0,190.86285714285714,2020,1,10,95.0,0,China_1007.csv
2020-01-11,1007,88.0,29.0,13.0,3.0,21.0,1.0,1,1,0,0,5,5,1,1,-1.5219821701461553,-2.3820139934331594,7.1395645,7.728497,-25.238096,-67.5833,1,2020-01-11,-2.948571428571429,0.0,37.25,6.188571428571429,1.0,138.22142857142856,2020,1,11,88.0,0,China_1007.csv
2020-01-12,1007,46.0,23.0,17.0,3.0,20.0,2.0,1,1,0,0,5,5,5,5,-1.719369341966697,-3.168619008215819,8.29512,5.3211427,14.804684,-70.09838,1,2020-01-12,-3.4971428571428573,0.0,37.01285714285715,10.277142857142858,1.0,139.25428571428571,2020,1,12,46.0,0,China_1007.csv
2020-01-13,1007,67.0,20.0,9.0,2.0,23.0,2.0,1,1,0,0,5,5,1,1,-2.994930962075834,-1.9924364366281113,9.864409,8.190832,-59.77454,-20.901924,1,2020-01-13,-4.0,0.0,30.731428571428573,12.328571428571427,1.0,206.42142857142858,2020,1,13,67.0,0,China_1007.csv
2020-01-14,1007,45.0,22.0,14.0,3.0,18.0,1.0,1,1,0,0,5,5,5,5,-2.429236748239129,-3.207033203984086,5.8286695,8.123011,-31.263615,-77.09163,1,2020-01-14,-4.967142857142856,0.0,38.86571428571428,7.002857142857143,1.0,173.60857142857142,2020,1,14,45.0,0,China_1007.csv
2020-01-15,1007,59.0,42.0,26.0,8.0,9.0,2.0,0,0,2,2,2,2,2,2,2.8153365016947,-4.2625934318391145,8.545324,2.2820706,41.988857,-64.16647,1,2020-01-15,-4.07,0.0,40.892857142857146,7.111428571428571,1.0,159.92142857142858,2020,1,15,59.0,0,China_1007.csv
2020-01-16,1007,125.0,46.0,22.0,10.0,21.0,1.0,0,0,2,2,2,2,2,2,4.597559823881095,-2.176682012759043,10.716429,0.14433737,85.939476,-35.627975,1,2020-01-16,-3.1357142857142857,0.0,34.424285714285716,6.268571428571429,1.0,136.56428571428572,2020,1,16,125.0,0,China_1007.csv
2020-01-17,1007,119.0,64.0,31.0,14.0,8.0,3.0,0,0,2,2,2,2,7,7,8.63327244005254,-3.354999362950374,10.050189,-2.692239,83.10244,3.8561847,1,2020-01-17,-2.625714285714286,0.0,45.89714285714285,5.68,1.0,208.75714285714284,2020,1,17,119.0,0,China_1007.csv
2020-01-18,1007,164.0,38.0,31.0,25.0,27.0,2.4,0,0,2,2,2,2,7,7,14.979297087514048,-0.8846935514204392,11.571011,-1.3389399,96.89512,-24.646963,1,2020-01-18,-2.2714285714285714,0.0,51.46,9.634285714285713,1.0,253.50857142857143,2020,1,18,164.0,0,China_1007.csv
2020-01-19,1007,306.0,49.0,12.0,6.0,25.0,3.2,0,0,2,2,1,1,9,9,5.506411344982361,0.7503406070410283,12.551965,4.265532,70.34829,-1.7291486,1,2020-01-19,-0.4757142857142857,0.0,30.689999999999998,10.662857142857144,1.0,268.7085714285714,2020,1,19,306.0,0,China_1007.csv
2020-01-20,1007,97.0,21.0,8.0,2.0,22.0,1.2,1,1,0,0,1,1,3,3,-2.6635849847752695,-1.8592291917248678,10.461999,8.907883,-16.357286,-29.251669,1,2020-01-20,-1.502857142857143,0.0,32.80285714285714,8.712857142857143,1.0,184.21428571428572,2020,1,20,97.0,0,China_1007.csv
2020-01-21,1007,40.0,48.0,18.0,7.0,18.0,1.0,1,1,0,0,5,5,5,5,0.600435007509615,-2.886241082486429,7.081834,1.4669375,14.001704,-77.39163,1,2020-01-21,-2.39,0.0,46.90571428571429,6.154285714285714,1.0,188.6314285714286,2020,1,21,48.0,0,China_1007.csv
2020-01-22,1007,129.0,55.0,25.0,10.0,14.0,2.0,0,0,2,2,2,2,2,2,5.479192704479942,-2.7703317624569292,10.62102,0.52413404,73.950165,-41.872616,1,2020-01-22,-1.4214285714285713,0.0,47.964285714285715,6.421428571428572,1.0,222.66,2020,1,22,129.0,0,China_1007.csv
2020-01-23,1007,156.0,39.0,18.0,8.0,26.0,2.0,0,0,2,2,2,2,9,9,3.754973525427691,-1.1804018973795227,10.992151,2.0052273,48.730522,-17.068157,1,2020-01-23,-0.2957142857142857,0.0,52.39714285714285,8.905714285714286,1.0,131.76285714285714,2020,1,23,156.0,0,China_1007.csv
2020-01-24,1007,128.0,62.0,8.0,5.0,29.0,1.0,1,1,0,0,1,1,9,9,0.246653275126448,-0.07018256249966899,11.533027,4.266834,20.072111,-9.435606,1,2020-01-24,-2.2257142857142855,0.0,64.25571428571429,8.118571428571428,1.0,178.06,2020,1,24,128.0,0,China_1007.csv
2020-01-25,1007,152.0,99.0,14.0,8.0,25.0,1.0,0,0,2,2,2,2,9,9,3.8254112564779774,-0.0050818729263525115,12.347055,1.9324118,64.5178,-22.805431,1,2020-01-25,-1.9885714285714287,0.0,61.23142857142857,6.630000000000001,1.0,182.7657142857143,2020,1,25,152.0,0,China_1007.csv
2020-01-26,1007,198.0,100.0,17.0,13.0,26.0,2.0,0,0,2,2,2,2,7,7,8.182008571264145,0.7459059505919262,11.840722,-0.18701434,84.7888,-21.447283,1,2020-01-26,-1.1157142857142859,0.0,59.98714285714285,5.461428571428572,1.0,181.71857142857144,2020,1,26,198.0,0,China_1007.csv
2020-01-27,1007,233.0,82.8,18.0,18.0,29.0,2.0,0,0,2,2,2,2,7,7,11.488300551613428,1.3291238133791454,11.884497,-1.1011859,93.55733,-22.535416,1,2020-01-27,0.11285714285714286,0.0,52.021428571428565,4.645714285714285,1.0,160.8385714285714,2020,1,27,233.0,0,China_1007.csv
2020-01-28,1007,243.0,23.0,19.0,18.0,41.0,5.0,0,0,2,2,4,4,7,7,11.614335569735887,1.8506283192773576,10.84438,-2.7310174,100.86198,-0.1297831,1,2020-01-28,0.6842857142857143,0.0,54.02571428571429,4.755714285714285,1.0,150.99285714285716,2020,1,28,243.0,0,China_1007.csv
2020-01-29,1007,249.0,24.0,13.0,10.0,31.0,1.0,0,0,2,2,1,1,9,9,5.652337999801137,0.2862953762240223,12.585031,3.7501345,42.516182,-19.970686,1,2020-01-29,0.2714285714285714,0.0,53.90571428571429,6.081428571428572,1.0,152.37142857142857,2020,1,29,249.0,0,China_1007.csv
2020-01-30,1007,149.0,46.0,10.0,7.0,33.0,2.0,0,0,2,2,1,1,9,9,2.045214091203876,0.30214966432696594,10.856567,3.641673,24.01914,-3.5676649,1,2020-01-30,-0.8871428571428571,0.0,51.5,7.934285714285714,1.0,202.07714285714286,2020,1,30,149.0,0,China_1007.csv
2020-01-31,1007,133.0,25.0,14.0,7.0,30.0,1.0,0,0,2,2,1,1,9,9,1.6943553613160174,-1.0608811810166128,11.3545885,3.3792858,29.677889,-7.2129374,1,2020-01-31,0.8928571428571429,0.0,35.537142857142854,11.342857142857143,1.0,175.24285714285716,2020,1,31,133.0,0,China_1007.csv
2020-02-01,1007,116.0,16.0,4.0,2.0,27.0,1.2,1,1,0,0,1,1,3,3,-2.8977016212427875,-0.912170290387589,11.576939,7.584803,-9.463356,-32.56041,1,2020-02-01,0.3685714285714286,0.0,48.839999999999996,8.72,1.0,129.56714285714287,2020,2,1,116.0,0,China_1007.csv
2020-02-02,1007,37.0,27.0,4.0,3.0,26.0,1.4,1,1,0,0,5,5,1,1,-3.850251081093329,-1.295068499592538,5.871778,9.757322,-73.31616,14.083113,1,2020-02-02,-1.3385714285714287,0.0,39.458571428571425,10.074285714285717,1.0,208.11142857142858,2020,2,2,37.0,0,China_1007.csv
2020-02-03,1007,88.0,25.0,5.0,2.0,27.0,1.4,1,1,0,0,1,1,3,3,-3.1670215221241906,-1.0515002748737203,10.233421,9.205986,-40.447456,-35.330944,1,2020-02-03,-2.7842857142857147,0.0,43.67857142857143,13.678571428571429,1.0,142.4742857142857,2020,2,3,88.0,0,China_1007.csv
2020-02-04,1007,48.0,18.0,6.0,2.0,25.0,1.0,1,1,0,0,5,5,1,1,-4.100531418495056,-1.834637008133402,8.369416,11.571702,-66.52599,-38.860023,1,2020-02-04,-3.9414285714285713,0.0,24.67142857142857,11.142857142857142,1.0,82.82857142857142,2020,2,4,48.0,0,China_1007.csv
2020-02-05,1007,40.0,36.0,10.0,6.0,17.0,1.0,1,1,0,0,5,5,1,1,-1.285329687773863,-2.3762135486430433,5.71462,3.557803,-23.23117,15.006356,1,2020-02-05,-5.564285714285715,0.0,57.17,9.254285714285714,1.0,99.23571428571428,2020,2,5,40.0,0,China_1007.csv
2020-02-06,1007,97.0,30.0,10.0,8.0,14.0,1.0,1,1,0,0,1,1,9,9,0.9138864946261512,-2.121878036249867,6.143449,2.3024294,-9.974409,16.59579,1,2020-02-06,-6.311428571428571,0.0,77.95285714285714,4.778571428571429,1.0,158.13000000000002,2020,2,6,97.0,0,China_1007.csv
2020-02-07,1007,113.0,70.8,17.0,10.0,16.0,1.0,0,0,2,2,2,2,9,9,4.0052526094889345,-1.7287294820769739,10.769241,1.1772984,48.67827,-25.470678,1,2020-02-07,-3.0042857142857144,0.0,56.84142857142857,7.055714285714286,1.0,209.28,2020,2,7,113.0,0,China_1007.csv
2020-02-08,1007,161.0,53.0,14.0,8.0,26.0,1.0,0,0,2,2,1,1,9,9,3.2784422807746343,-0.6301826725130395,11.912188,2.7515144,40.98032,-14.858275,1,2020-02-08,-0.5485714285714286,0.0,49.35,7.252857142857143,1.0,193.71571428571428,2020,2,8,161.0,0,China_1007.csv
2020-02-09,1007,141.0,69.0,19.0,13.0,18.0,1.0,0,0,2,2,2,2,7,7,6.480853356466876,-1.3187642977273,11.480476,-0.45822597,90.81705,-30.062756,1,2020-02-09,0.7057142857142856,0.0,54.95285714285715,7.615714285714286,1.0,187.3085714285714,2020,2,9,141.0,0,China_1007.csv
2020-02-10,1007,193.0,71.0,21.0,13.0,27.0,1.0,0,0,2,2,2,2,7,7,7.949846998974572,-0.3169455491101516,11.637334,-0.40210012,88.745926,-28.298578,1,2020-02-10,2.617142857142857,0.0,56.67857142857143,7.01,1.0,120.93999999999998,2020,2,10,193.0,0,China_1007.csv
2020-02-11,1007,191.0,118.2,26.0,25.0,32.0,5.0,0,0,2,2,4,4,7,7,16.761675134024998,2.133401131639597,10.920171,-2.772314,99.887375,-1.9678018,1,2020-02-11,3.3042857142857147,0.0,71.19714285714285,6.761428571428572,1.0,138.76714285714286,2020,2,11,191.0,0,China_1007.csv
2020-02-12,1007,240.0,62.0,21.0,22.0,42.0,1.0,0,0,2,2,2,2,7,7,13.674628605054298,2.02804909512206,11.825444,-1.3586539,96.57812,-22.85748,1,2020-02-12,3.512857142857143,0.0,78.13714285714286,7.24,1.0,174.69714285714286,2020,2,12,240.0,0,China_1007.csv
2020-02-13,1007,235.0,9.0,21.0,21.0,16.0,4.4,0,0,2,2,4,4,7,7,12.904961716600267,-0.7008412936616281,10.870692,-2.7114196,100.82092,-0.4188755,1,2020-02-13,5.582857142857143,0.0,86.32857142857142,9.941428571428572,1.0,93.29857142857144,2020,2,13,235.0,0,China_1007.csv
2020-02-14,1007,246.0,18.0,10.0,10.0,22.0,1.4,0,0,2,2,1,1,9,9,5.128650159494173,-0.2260473504247041,12.597887,3.7747004,42.51591,-20.201843,1,2020-02-14,-1.98,0.0,65.39714285714287,15.147142857142857,1.0,132.65571428571428,2020,2,14,246.0,0,China_1007.csv
2020-02-15,1007,119.0,18.0,2.0,1.0,26.0,1.2,1,1,0,0,1,1,3,3,-3.6264789350077593,-0.8106693965708174,12.3533,8.237742,-11.893263,-45.820286,1,2020-02-15,-2.457142857142857,0.0,25.701428571428572,22.884285714285713,1.0,334.84999999999997,2020,2,15,119.0,0,China_1007.csv
2020-02-16,1007,31.0,12.0,2.0,1.0,28.0,1.2,1,1,0,0,5,5,1,1,-5.623251660554201,-1.4135670043010529,10.998481,13.332097,-98.017815,-23.299604,1,2020-02-16,-0.7042857142857143,0.0,29.322857142857142,18.472857142857144,1.0,309.4642857142857,2020,2,16,31.0,0,China_1007.csv
2020-02-17,1007,20.0,13.0,4.0,2.0,26.0,1.0,1,1,0,0,5,5,1,1,-5.073476862187522,-1.823841013084421,7.761494,12.592985,-102.38959,-10.54722,1,2020-02-17,1.2457142857142858,0.0,44.364285714285714,10.299999999999999,1.0,219.63285714285715,2020,2,17,26.0,0,China_1007.csv
2020-02-18,1007,30.0,22.0,15.0,4.0,22.0,1.0,1,1,0,0,5,5,5,5,-2.0645528834266007,-2.9914664694181385,5.37762,5.8227453,-15.13865,-63.969006,1,2020-02-18,2.8242857142857143,0.0,53.644285714285715,8.06,1.0,166.4542857142857,2020,2,18,30.0,0,China_1007.csv
2020-02-19,1007,65.0,28.0,19.0,11.0,26.0,5.0,0,0,2,2,4,4,8,8,4.059498350452685,-1.387943366853797,9.068297,-4.8439274,90.63551,35.509373,1,2020-02-19,2.162857142857143,0.0,69.45428571428572,7.744285714285715,1.0,120.40571428571427,2020,2,19,65.0,0,China_1007.csv
2020-02-20,1007,141.0,6.0,10.0,12.0,25.0,3.0,0,0,2,2,2,2,9,9,4.11425147816657,-0.5156330278707582,9.470315,-2.2438679,57.480415,1.8710496,1,2020-02-20,1.67,0.0,77.67142857142858,5.751428571428571,1.0,211.53571428571428,2020,2,20,141.0,0,China_1007.csv
2020-02-21,1007,178.0,79.0,8.0,6.0,30.0,1.0,0,0,2,2,1,1,9,9,2.141498945071512,0.7821746406467757,12.507425,2.679731,59.84779,-10.507307,1,2020-02-21,3.207142857142857,0.0,37.14142857142857,11.262857142857143,1.0,290.77714285714285,2020,2,21,178.0,0,China_1007.csv
2020-02-22,1007,137.0,18.0,4.0,1.0,30.0,1.2,1,1,0,0,1,1,3,3,-2.938318664585852,-0.54384574005156,12.426876,7.9438777,-13.219216,-42.57231,1,2020-02-22,2.3085714285714287,0.0,37.65428571428571,10.022857142857143,1.0,222.60285714285715,2020,2,22,137.0,0,China_1007.csv
2020-02-23,1007,33.0,45.0,16.0,6.0,20.0,1.0,1,1,0,0,5,5,5,5,-0.41815138166804494,-2.682936166992331,6.9295745,1.6690506,12.905452,-77.239,1,2020-02-23,2.6228571428571428,0.0,54.63857142857143,7.121428571428572,1.0,165.7671428571429,2020,2,23,45.0,0,China_1007.csv
2020-02-24,1007,116.0,68.0,16.0,9.0,25.0,4.0,0,0,2,2,4,4,8,8,4.070943232171319,-0.4231784736802547,9.132215,-3.9878805,88.48523,20.712168,1,2020-02-24,6.728571428571429,0.0,45.16571428571428,7.468571428571429,1.0,149.92142857142858,2020,2,24,116.0,0,China_1007.csv
2020-02-25,1007,148.0,52.0,10.0,8.0,25.0,4.0,0,0,2,2,4,4,8,8,3.1041056699563594,0.12958513749799191,8.889054,-3.8897989,84.7995,24.412771,1,2020-02-25,3.801428571428571,0.0,51.94,7.624285714285714,1.0,172.51285714285714,2020,2,25,148.0,0,China_1007.csv
2020-02-26,1007,126.0,36.0,8.0,3.0,31.0,2.0,1,1,0,0,1,1,3,3,-1.0481360859360815,-0.3609125332750099,10.708631,7.013484,2.8072772,-9.319652,1,2020-02-26,3.3314285714285714,0.0,52.392857142857146,7.118571428571428,1.0,163.05714285714288,2020,2,26,126.0,0,China_1007.csv
2020-02-27,1007,96.0,25.0,9.0,3.0,20.0,1.0,1,1,0,0,1,1,3,3,-1.9930805393510735,-2.0299830778629575,9.641058,6.893132,-14.685482,-13.705183,1,2020-02-27,2.017142857142857,0.0,51.96,10.52142857142857,1.0,194.33142857142857,2020,2,27,96.0,0,China_1007.csv
2020-02-28,1007,78.0,44.0,10.0,5.0,29.0,1.0,1,1,0,0,5,5,1,1,-0.8383016675427053,-0.9839671872184776,6.0640645,3.2366636,-12.447016,12.141016,1,2020-02-28,3.1314285714285717,0.0,73.6557142857143,6.122857142857143,1.0,164.50714285714284,2020,2,28,78.0,0,China_1007.csv
2020-02-29,1007,139.0,75.0,14.0,10.0,8.0,1.0,0,0,2,2,2,2,9,9,4.183103134232771,-1.8258120974166898,11.618271,0.7378173,84.306755,-26.055477,1,2020-02-29,2.3728571428571428,0.0,91.21857142857142,6.045714285714285,1.0,108.60571428571428,2020,2,29,139.0,0,China_1007.csv
2020-03-01,1007,153.0,13.0,8.0,14.0,28.0,1.0,0,0,2,2,2,2,7,7,4.807862282697562,0.01892863992448614,11.837261,0.47060782,88.69528,-25.177794,1,2020-03-01,3.3714285714285714,0.0,35.712857142857146,13.29857142857143,1.0,208.80428571428573,2020,3,1,153.0,0,China_1007.csv
2020-03-02,1007,67.0,18.0,11.0,4.0,25.0,1.0,1,1,0,0,5,5,1,1,-1.8979123921743768,-2.064805750020474,5.798998,5.177553,-30.958027,12.903989,1,2020-03-02,3.5714285714285716,0.0,58.53142857142858,13.175714285714287,1.0,169.81571428571428,2020,3,2,67.0,0,China_1007.csv
2020-03-03,1007,74.0,20.0,6.0,5.0,28.0,1.4,1,1,0,0,5,5,1,1,-1.7990338692985197,-0.9952111735608529,5.269689,3.4814188,-25.008442,26.745558,1,2020-03-03,1.9357142857142855,0.0,26.835714285714285,19.900000000000002,1.0,248.90571428571428,2020,3,3,74.0,0,China_1007.csv
2020-03-04,1007,110.0,15.0,4.0,2.0,28.0,1.0,1,1,0,0,1,1,3,3,-3.088087065207821,-0.9219518485620354,11.427255,7.787812,-10.242656,-32.215366,1,2020-03-04,0.8185714285714286,0.0,35.894285714285715,10.81857142857143,1.0,211.8742857142857,2020,3,4,110.0,0,China_1007.csv
2020-03-05,1007,40.0,40.0,12.0,5.0,31.0,1.0,1,1,0,0,5,5,5,5,-1.4319779018459398,-1.3915955615791238,5.7017307,3.890437,-21.982368,11.281578,1,2020-03-05,2.2742857142857145,0.0,53.035714285714285,11.12142857142857,1.0,176.0257142857143,2020,3,5,40.0,0,China_1007.csv
2020-03-06,1007,105.0,60.0,21.0,8.0,23.0,1.0,0,0,2,2,2,2,2,2,3.1818629101216813,-1.9867623643113017,9.652309,0.98869693,52.51249,-27.976393,1,2020-03-06,4.998571428571429,0.0,71.50714285714285,8.17,1.0,192.56,2020,3,6,105.0,0,China_1007.csv
2020-03-07,1007,166.0,27.0,8.0,5.0,36.0,1.0,1,1,0,0,1,1,3,3,0.5204274485453,0.24221336945158012,11.866233,4.483251,35.133533,-13.127625,1,2020-03-07,6.531428571428571,0.0,62.744285714285716,8.787142857142857,1.0,108.23142857142857,2020,3,7,166.0,0,China_1007.csv
2020-03-08,1007,130.0,46.8,12.0,9.0,16.0,1.6,0,0,2,2,2,2,9,9,2.869114127807566,-1.4353165434298365,11.437745,2.2295208,49.501953,-5.8526683,1,2020-03-08,5.744285714285715,0.0,85.50428571428571,7.762857142857143,1.0,103.76142857142858,2020,3,8,130.0,0,China_1007.csv
2020-03-09,1007,168.0,58.0,9.0,7.0,26.0,1.4,0,0,2,2,1,1,9,9,2.3482292903237125,0.04492285942371756,11.862879,3.576517,37.738934,-13.060007,1,2020-03-09,5.409999999999999,0.0,54.27285714285714,9.867142857142856,1.0,208.1342857142857,2020,3,9,168.0,0,China_1007.csv
2020-03-10,1007,123.0,25.0,5.0,2.0,30.0,1.0,1,1,0,0,1,1,3,3,-2.4956285499198003,-0.5877348175097324,11.664091,7.51047,-7.2677846,-32.08058,1,2020-03-10,3.987142857142857,0.0,32.839999999999996,11.680000000000001,1.0,247.97571428571428,2020,3,10,123.0,0,China_1007.csv
2020-03-11,1007,46.0,43.0,17.0,4.0,22.0,1.0,1,1,0,0,5,5,5,5,-1.0899488560843478,-2.7345548556510297,5.845707,5.956826,-9.199468,-67.71712,1,2020-03-11,6.1899999999999995,0.0,49.39857142857143,8.321428571428571,1.0,151.6242857142857,2020,3,11,46.0,0,China_1007.csv
2020-03-12,1007,85.0,37.0,12.0,3.0,30.0,1.2,1,1,0,0,5,5,1,1,-1.532272338747621,-1.331717864476638,7.792358,7.597731,-18.817043,-12.638743,1,2020-03-12,6.668571428571428,0.0,26.13714285714286,13.577142857142857,1.0,61.097142857142856,2020,3,12,85.0,0,China_1007.csv
2020-03-13,1007,71.0,22.0,4.0,1.0,32.0,1.0,1,1,0,0,5,5,1,1,-4.343962315545268,-0.8420721774290503,11.156503,10.817117,-75.67277,-23.339512,1,2020-03-13,4.531428571428571,0.0,28.487142857142857,11.62142857142857,1.0,263.81,2020,3,13,71.0,0,China_1007.csv
2020-03-14,1007,40.0,35.0,5.0,4.0,34.0,1.4,1,1,0,0,5,5,1,1,-2.956477780684383,-0.45342031348992073,4.732493,4.48932,-41.918858,24.811827,1,2020-03-14,8.735714285714286,0.0,26.49285714285714,14.081428571428571,1.0,302.90714285714284,2020,3,14,40.0,0,China_1007.csv
2020-03-15,1007,38.0,30.0,4.0,2.0,36.0,1.0,1,1,0,0,5,5,1,1,-4.383694807221815,-0.5172705906285416,8.160083,11.825452,-95.405,-2.4623601,1,2020-03-15,7.437142857142858,0.0,46.00428571428571,10.461428571428572,1.0,95.32714285714285,2020,3,15,38.0,0,China_1007.csv
2020-03-16,1007,29.0,56.0,8.0,2.0,31.0,1.0,1,1,0,0,5,5,1,1,-3.593352390507838,-1.0303351193681747,4.1675434,8.487105,-52.482944,-12.736721,1,2020-03-16,5.99,0.0,53.582857142857144,8.905714285714286,1.0,218.39142857142858,2020,3,16,56.0,0,China_1007.csv
2020-03-17,1007,77.0,54.0,14.0,4.0,41.0,1.0,1,1,0,0,5,5,5,5,-0.626027073600247,-0.3040467147270964,6.5262136,4.9641657,-23.737228,0.8433959,1,2020-03-17,11.87857142857143,0.0,37.879999999999995,9.555714285714286,1.0,184.6542857142857,2020,3,17,77.0,0,China_1007.csv
2020-03-18,1007,95.0,108.0,16.0,4.0,34.0,1.0,1,1,0,0,1,1,10,10,0.9082228394075519,-0.08595633234140926,13.483939,2.9272115,41.889442,28.8155,1,2020-03-18,12.112857142857143,0.0,22.834285714285716,17.242857142857144,1.0,262.94,2020,3,18,108.0,0,China_1007.csv
2020-03-19,1007,103.0,41.0,3.0,1.0,36.0,1.0,1,1,0,0,1,1,3,3,-3.478124893738773,0.19032544854735256,11.395565,8.908923,-24.229786,-31.606743,1,2020-03-19,10.04857142857143,0.0,23.25,15.679999999999998,1.0,237.94,2020,3,19,103.0,0,China_1007.csv
2020-03-20,1007,31.0,59.0,18.0,4.0,27.0,1.0,1,1,0,0,5,5,5,5,-0.9989203592394491,-2.2498950031609217,5.270954,6.4901085,-3.4952598,-85.458824,1,2020-03-20,13.877142857142857,0.0,28.547142857142855,9.687142857142858,1.0,137.76714285714286,2020,3,20,59.0,0,China_1007.csv
2020-03-21,1007,96.0,67.0,9.0,4.0,36.0,3.0,1,1,0,0,1,1,8,8,-0.2697746485155282,0.5270979749799892,7.9269905,-2.4121673,59.8476,39.474937,1,2020-03-21,10.450000000000001,0.0,34.832857142857144,8.6,1.0,160.34428571428572,2020,3,21,96.0,0,China_1007.csv
2020-03-22,1007,85.0,54.0,8.0,2.0,45.0,1.0,1,1,0,0,5,5,3,3,-2.3784518094187503,0.596982670943921,9.426748,8.922849,-38.14476,-15.678237,1,2020-03-22,12.998571428571427,0.0,28.78142857142857,12.275714285714285,1.0,218.25142857142856,2020,3,22,85.0,0,China_1007.csv
2020-03-23,1007,80.0,47.0,13.0,3.0,34.0,1.0,1,1,0,0,5,5,5,5,-1.3712412959125526,-0.9946450441981032,7.3707514,7.3606176,-34.362553,-4.8279667,1,2020-03-23,12.452857142857143,0.0,31.302857142857142,10.129999999999999,1.0,122.16142857142857,2020,3,23,80.0,0,China_1007.csv
2020-03-24,1007,90.0,52.0,16.0,8.0,37.0,5.0,0,0,2,2,4,4,8,8,2.978654102948958,0.24155585087841394,8.725901,-4.94513,91.78623,37.96172,1,2020-03-24,12.984285714285715,0.0,47.07714285714286,7.728571428571429,1.0,145.11999999999998,2020,3,24,90.0,0,China_1007.csv
2020-03-25,1007,119.0,73.0,27.0,9.0,45.0,4.0,0,0,2,2,4,4,8,8,5.853828476393445,0.21535819941179793,9.239621,-3.8918076,95.45778,17.958382,1,2020-03-25,15.142857142857142,0.0,49.50714285714286,14.79857142857143,1.0,174.1185714285714,2020,3,25,119.0,0,China_1007.csv
2020-03-26,1007,188.0,31.0,4.0,2.0,30.0,1.0,1,1,0,0,1,1,3,3,-1.1359110032305906,0.1257276594015689,12.871088,6.0855722,8.245961,-38.26486,1,2020-03-26,5.841428571428572,0.0,24.895714285714284,14.284285714285714,1.0,165.74285714285716,2020,3,26,188.0,0,China_1007.csv
2020-03-27,1007,36.0,21.0,4.0,1.0,29.0,1.4,1,1,0,0,5,5,1,1,-5.031535225502029,-1.3228424225164388,10.689955,13.130802,-98.46062,-21.05609,1,2020-03-27,6.248571428571429,0.0,16.08857142857143,13.914285714285715,1.0,243.0957142857143,2020,3,27,36.0,0,China_1007.csv
2020-03-28,1007,25.0,17.0,6.0,1.0,29.0,1.2,1,1,0,0,5,5,1,1,-5.092684199486646,-1.7332139822051196,10.292816,13.252744,-99.411934,-37.48264,1,2020-03-28,7.355714285714285,0.0,28.17142857142857,11.662857142857144,1.0,212.54285714285714,2020,3,28,29.0,0,China_1007.csv
2020-03-29,1007,32.0,50.0,17.0,4.0,39.0,2.0,1,1,0,0,5,5,5,5,-1.002755301073964,-1.0560088350158898,8.052626,5.4519615,18.04816,-59.791756,1,2020-03-29,9.895714285714286,0.0,39.58571428571429,10.1,1.0,201.98857142857145,2020,3,29,50.0,0,China_1007.csv
2020-03-30,1007,102.0,58.6,16.8,5.4,59.6,3.0,2,2,1,1,3,3,8,8,1.6577240461604126,1.7617071141798077,7.4702983,-3.423641,62.93891,26.107061,1,2020-03-30,12.194285714285714,0.0,49.82857142857143,11.715714285714284,1.0,195.67857142857142,2020,3,30,102.0,0,China_1007.csv
2020-03-31,1007,88.2662739965096,50.93603035249482,13.408463018010142,4.734017915665283,41.49403278688525,1.638922299735386,1,1,0,0,5,5,0,0,0.026562817246575596,0.01701436050962379,-2.998471,-7.4447775,9.69837,11.861624,1,2020-03-31,13.17,0.0,30.97,14.292857142857143,1.0,92.37571428571428,2020,3,31,88.2662739965096,0,China_1007.csv
2020-04-01,1007,70.6,19.0,4.0,1.0,31.0,1.0,1,1,0,0,5,5,1,1,-4.403672207645612,-0.9840698427742909,11.259794,10.82825,-75.83149,-23.349888,1,2020-04-01,9.211428571428572,0.0,22.69142857142857,10.944285714285714,1.0,235.03571428571428,2020,4,1,70.6,0,China_1007.csv
2020-04-02,1007,34.0,30.0,9.0,2.0,32.0,1.0,1,1,0,0,5,5,1,1,-3.7590431559561632,-1.457711086989472,7.411671,11.441272,-70.36439,-49.48229,1,2020-04-02,12.067142857142857,0.0,20.16142857142857,10.441428571428572,1.0,282.8757142857143,2020,4,2,34.0,0,China_1007.csv
2020-04-03,1007,56.0,32.0,11.0,2.0,36.0,1.2,1,1,0,0,5,5,1,1,-2.9050944232474145,-1.0915725239712646,8.036606,10.245773,-79.56642,3.465662,1,2020-04-03,16.30142857142857,0.0,16.667142857142856,13.755714285714285,1.0,202.1314285714286,2020,4,3,56.0,0,China_1007.csv
2020-04-04,1007,57.0,101.0,5.0,2.0,35.0,1.0,1,1,0,0,5,5,1,1,-2.6819232670018915,0.6366460295029641,9.425023,7.650127,-49.361626,-7.846369,1,2020-04-04,10.48,0.0,26.707142857142856,10.191428571428572,1.0,152.44285714285712,2020,4,4,101.0,0,China_1007.csv
2020-04-05,1007,72.0,63.0,13.0,3.0,38.0,1.0,1,1,0,0,5,5,5,5,-1.2754687781855973,-0.43245576935079866,7.31729,7.3037004,-32.51116,-5.896554,1,2020-04-05,11.978571428571428,0.0,27.84,7.942857142857143,1.0,151.32142857142858,2020,4,5,72.0,0,China_1007.csv
2020-04-06,1007,82.0,79.0,22.0,6.0,44.0,2.0,0,0,2,2,2,2,5,5,2.352624503932217,-0.11512513582869452,9.182147,2.8421311,37.347435,-52.134277,1,2020-04-06,16.138571428571428,0.0,27.53,10.585714285714285,1.0,118.50571428571428,2020,4,6,82.0,0,China_1007.csv
2020-04-07,1007,143.0,71.0,15.0,5.0,33.0,2.0,0,0,2,2,1,1,9,9,1.9710302620024156,-0.05870142458681434,10.58152,3.5142157,27.302076,3.6243765,1,2020-04-07,11.25,0.0,31.065714285714286,10.124285714285715,1.0,143.44,2020,4,7,143.0,0,China_1007.csv
2020-04-08,1007,119.0,48.0,15.0,3.0,29.0,1.0,1,1,0,0,1,1,3,3,-0.23497452882413467,-1.3405052402282835,10.055621,6.1519136,-18.656754,-16.686687,1,2020-04-08,11.209999999999999,0.0,31.858571428571427,8.931428571428572,1.0,122.13142857142859,2020,4,8,119.0,0,China_1007.csv
2020-04-09,1007,70.0,45.0,8.0,3.0,35.0,1.0,1,1,0,0,5,5,1,1,-2.3388121587463564,-0.4595917576255141,7.1504827,8.261718,-47.90033,4.562864,1,2020-04-09,9.274285714285714,0.0,43.614285714285714,6.598571428571428,1.0,192.13000000000002,2020,4,9,70.0,0,China_1007.csv
2020-04-10,1007,101.0,43.0,10.0,3.0,47.0,1.0,1,1,0,0,1,1,3,3,-1.3815372177361733,0.5764500253501335,7.686313,7.1734815,-39.209145,6.008307,1,2020-04-10,10.969999999999999,0.0,34.01142857142857,7.291428571428571,1.0,205.38000000000002,2020,4,10,101.0,0,China_1007.csv
2020-04-11,1007,115.0,35.0,10.0,2.0,39.0,2.0,1,1,0,0,1,1,3,3,-1.5288462421928575,-0.07335033442230793,10.341494,6.6398377,5.627791,-6.2189865,1,2020-04-11,16.1,0.0,11.975714285714286,15.668571428571429,1.0,289.7657142857143,2020,4,11,115.0,0,China_1007.csv
2020-04-12,1007,77.0,42.0,6.0,1.0,41.0,1.4,1,1,0,0,5,5,1,1,-3.48567441035139,0.18120301923234367,10.541249,9.833357,-43.5883,-19.57287,1,2020-04-12,15.515714285714285,0.0,22.810000000000002,10.585714285714285,1.0,177.35714285714286,2020,4,12,77.0,0,China_1007.csv
2020-04-13,1007,63.0,52.0,15.0,3.0,36.0,1.2,1,1,0,0,5,5,5,5,-1.3179121379006835,-1.053202619563477,7.0063415,7.4165382,-34.9225,-5.8961444,1,2020-04-13,17.895714285714288,0.0,22.84142857142857,8.025714285714285,1.0,199.25,2020,4,13,63.0,0,China_1007.csv
2020-04-14,1007,92.0,68.0,21.0,6.0,63.0,2.0,2,2,1,1,3,3,11,11,2.294562030654052,1.5565780513366416,9.50616,2.9136472,29.205853,82.01792,1,2020-04-14,18.395714285714284,0.0,37.684285714285714,10.290000000000001,1.0,179.52428571428572,2020,4,14,92.0,0,China_1007.csv
2020-04-15,1007,141.0,67.0,13.0,4.0,55.0,2.0,2,2,1,1,1,1,3,3,1.0947267139249244,1.9242030241118298,9.985779,4.209953,30.856289,14.63594,1,2020-04-15,17.75,0.0,49.785714285714285,10.852857142857143,1.0,175.29142857142855,2020,4,15,141.0,0,China_1007.csv
2020-04-16,1007,145.0,66.0,5.0,3.0,36.0,1.0,1,1,0,0,1,1,3,3,-0.8059481106924765,0.8969650070025921,12.073618,5.2495747,13.336906,-14.480165,1,2020-04-16,14.801428571428572,0.0,36.36,17.627142857142857,1.0,270.21999999999997,2020,4,16,145.0,0,China_1007.csv
2020-04-17,1007,73.0,36.0,7.0,4.0,45.0,1.2,1,1,0,0,5,5,0,0,-1.9567360261349374,0.5265599569513976,4.339505,4.552359,-36.334736,35.561012,1,2020-04-17,15.545714285714286,0.0,38.607142857142854,15.275714285714287,1.0,241.48142857142855,2020,4,17,73.0,0,China_1007.csv
2020-04-18,1007,70.0,38.0,9.0,4.0,48.0,1.2,1,1,0,0,5,5,0,0,-1.6932623418960808,0.5780036374425452,4.11602,4.707482,-41.56091,42.073517,1,2020-04-18,16.204285714285714,0.0,40.839999999999996,6.941428571428572,1.0,163.10714285714286,2020,4,18,70.0,0,China_1007.csv
2020-04-19,1007,80.0,45.0,8.0,3.0,57.0,1.0,1,1,0,0,5,5,0,0,-2.067102669177407,1.5512760581172158,2.3050702,5.7118163,-51.72726,41.35614,1,2020-04-19,15.157142857142857,0.0,38.964285714285715,17.795714285714286,1.0,265.0785714285714,2020,4,19,80.0,0,China_1007.csv
2020-04-20,1007,93.0,26.0,2.0,1.0,32.0,1.6,1,1,0,0,1,1,3,3,-3.95102285039256,-0.2780209005359758,11.064752,9.048989,-30.798615,-34.668606,1,2020-04-20,9.799999999999999,0.0,18.874285714285715,19.669999999999998,1.0,253.03714285714287,2020,4,20,93.0,0,China_1007.csv
2020-04-21,1007,25.0,30.0,2.0,1.0,31.0,1.0,1,1,0,0,5,5,1,1,-5.501192407562791,-0.9244439446678447,10.92284,12.628889,-90.88652,-18.038265,1,2020-04-21,7.374285714285714,0.0,14.317142857142857,19.59714285714286,1.0,299.59142857142854,2020,4,21,31.0,0,China_1007.csv
2020-04-22,1007,28.0,21.0,1.0,1.0,34.0,1.2,1,1,0,0,5,5,1,1,-5.671748344585438,-0.644536741710763,10.871652,13.149543,-99.157036,-19.305128,1,2020-04-22,9.694285714285714,0.0,12.077142857142857,18.321428571428573,1.0,321.2728571428571,2020,4,22,34.0,0,China_1007.csv
2020-04-23,1007,23.0,14.0,4.0,1.0,35.0,1.2,1,1,0,0,5,5,1,1,-5.4579525079212665,-1.0489401430865355,10.557188,13.164817,-101.467445,-25.62363,1,2020-04-23,12.151428571428571,0.0,12.748571428571427,14.81142857142857,1.0,287.5357142857143,2020,4,23,35.0,0,China_1007.csv
2020-04-24,1007,21.0,78.0,8.0,1.0,41.0,1.0,1,1,0,0,5,5,1,1,-3.9204752191272725,0.07043934102610919,4.0216665,8.40097,-50.064472,-11.636683,1,2020-04-24,19.872857142857146,0.0,14.041428571428572,18.262857142857143,1.0,217.4,2020,4,24,78.0,0,China_1007.csv
2020-04-25,1007,36.0,46.0,2.0,1.0,38.0,1.2,1,1,0,0,5,5,1,1,-4.939787718726624,0.08211813264448722,10.874193,12.413112,-89.457726,-17.729372,1,2020-04-25,15.511428571428572,0.0,20.95714285714286,11.858571428571429,1.0,232.01857142857142,2020,4,25,46.0,0,China_1007.csv
2020-04-26,1007,44.0,26.0,7.0,2.0,38.0,1.2,1,1,0,0,5,5,1,1,-3.833906806488191,-0.6636195767847365,8.229305,10.814559,-88.970955,5.5991526,1,2020-04-26,14.742857142857144,0.0,29.845714285714287,9.62142857142857,1.0,116.52857142857144,2020,4,26,44.0,0,China_1007.csv
2020-04-27,1007,48.0,51.0,14.0,5.0,54.0,1.0,1,1,0,0,5,5,0,0,-0.7345537837750661,0.6556321261543099,3.173008,3.4952345,-47.939587,63.910847,1,2020-04-27,17.13,0.0,28.565714285714286,9.508571428571429,1.0,195.73857142857145,2020,4,27,54.0,0,China_1007.csv
2020-04-28,1007,119.0,74.0,18.0,5.0,91.0,2.0,2,2,1,1,3,3,11,11,2.0785660893332714,4.571584839844945,0.6725196,0.33723378,38.047672,80.33498,1,2020-04-28,21.62,0.0,31.385714285714283,14.304285714285713,1.0,195.86285714285714,2020,4,28,119.0,0,China_1007.csv
2020-04-29,1007,143.0,80.0,12.0,5.0,108.0,4.0,2,2,1,1,3,3,11,11,2.340789732060956,7.367727059447754,6.834845,-4.2835937,66.18407,58.97696,1,2020-04-29,21.374285714285715,0.0,39.03142857142858,7.025714285714286,1.0,142.25142857142856,2020,4,29,143.0,0,China_1007.csv
2020-04-30,1007,142.0,81.0,22.0,9.0,127.0,4.0,2,2,1,1,3,3,11,11,5.965800466682784,8.29474780956153,6.1134105,-4.238519,53.225735,76.635635,1,2020-04-30,25.14428571428571,0.0,44.75,10.634285714285713,1.0,175.25,2020,4,30,142.0,0,China_1007.csv
2020-05-01,1007,170.0,94.0,31.0,7.0,125.0,2.0,2,2,1,1,3,3,11,11,6.5368632545777015,7.023561389147623,1.2614732,-0.1330432,34.991604,72.05177,1,2020-05-01,26.814285714285713,0.0,47.50857142857143,10.807142857142859,1.0,157.6142857142857,2020,5,1,170.0,0,China_1007.csv
2020-05-02,1007,173.0,64.0,8.0,4.0,87.0,1.0,2,2,1,1,3,3,11,11,0.8636656307638143,5.317622355096482,3.210738,0.76150906,22.850979,46.31706,1,2020-05-02,25.48857142857143,0.0,54.16285714285714,13.948571428571428,1.0,134.03,2020,5,2,173.0,0,China_1007.csv
2020-05-03,1007,138.0,56.0,14.0,10.0,32.0,2.0,0,0,2,2,2,2,9,9,4.148578546966262,0.12593172043463566,11.200073,2.1463838,52.506596,-2.041138,1,2020-05-03,21.914285714285715,0.0,57.339999999999996,10.705714285714285,1.0,104.03571428571429,2020,5,3,138.0,0,China_1007.csv
2020-05-04,1007,142.0,42.0,9.0,6.0,18.0,1.0,1,1,0,0,1,1,9,9,0.877746776240011,-1.2903279677629982,11.470925,4.07349,25.480028,-9.719537,1,2020-05-04,13.884285714285713,0.0,73.71428571428571,11.04857142857143,1.0,206.80285714285716,2020,5,4,142.0,0,China_1007.csv
2020-05-05,1007,93.0,48.0,13.0,4.0,27.0,2.4,1,1,0,0,1,1,3,3,-0.22826604160831526,-1.1603114775553596,8.998691,4.70538,8.485405,0.41542166,1,2020-05-05,18.82857142857143,0.0,65.28,11.211428571428572,1.0,160.60714285714286,2020,5,5,93.0,0,China_1007.csv
2020-05-06,1007,130.0,48.0,15.0,5.0,80.0,1.0,2,2,1,1,3,3,11,11,1.20132375127599,3.4091584577533287,2.2791796,1.2787144,18.074955,64.53094,1,2020-05-06,20.108571428571427,0.0,46.51857142857143,10.514285714285716,1.0,136.82857142857142,2020,5,6,130.0,0,China_1007.csv
2020-05-07,1007,154.0,32.0,19.0,12.0,31.0,3.0,0,0,2,2,2,2,7,7,6.1296830980956365,-0.4505910225295925,9.682993,-2.1558976,70.52688,3.6945379,1,2020-05-07,17.268571428571427,0.0,73.30857142857143,8.2,1.0,109.73571428571428,2020,5,7,154.0,0,China_1007.csv
2020-05-08,1007,152.0,18.0,6.0,9.0,36.0,1.0,0,0,2,2,1,1,9,9,1.9234640958437803,0.5682963310575564,11.862683,3.021509,43.87478,-10.676922,1,2020-05-08,13.994285714285713,0.0,77.39285714285714,8.09,1.0,162.51142857142855,2020,5,8,152.0,0,China_1007.csv
2020-05-09,1007,102.0,41.8,8.0,5.0,21.0,1.6,1,1,0,0,1,1,3,3,-0.5224855379892375,-1.2132283392398677,6.5559244,3.3579643,-7.8123555,9.101185,1,2020-05-09,16.248571428571427,0.0,70.58571428571429,10.700000000000001,1.0,236.78,2020,5,9,102.0,0,China_1007.csv
2020-05-10,1007,99.0,47.0,3.0,3.0,36.0,1.2,1,1,0,0,1,1,3,3,-2.350676765917235,0.4779216397850046,10.508081,7.7199273,-21.219414,-26.977827,1,2020-05-10,18.82428571428571,0.0,22.755714285714284,17.53142857142857,1.0,305.39428571428573,2020,5,10,99.0,0,China_1007.csv
2020-05-11,1007,71.0,83.0,2.0,1.0,40.0,1.8,1,1,0,0,5,5,1,1,-3.437993449028482,1.2598838978208147,9.214674,8.157278,-54.624683,-8.343162,1,2020-05-11,20.271428571428572,0.0,27.150000000000002,14.611428571428572,1.0,244.68428571428572,2020,5,11,83.0,0,China_1007.csv
2020-05-12,1007,50.0,85.0,4.0,2.0,43.0,1.6,1,1,0,0,5,5,1,1,-3.0759233772605143,1.2292575497931628,9.115176,8.006578,-52.439293,-6.538632,1,2020-05-12,19.864285714285717,0.0,39.06,13.892857142857142,1.0,246.0,2020,5,12,85.0,0,China_1007.csv
2020-05-13,1007,52.0,111.0,14.0,5.0,83.0,2.0,2,2,1,1,3,3,11,11,0.62992707507446,4.428732701139833,-0.17353281,1.1065332,32.73299,79.091934,1,2020-05-13,22.978571428571428,0.0,48.1,12.917142857142858,1.0,180.77,2020,5,13,111.0,0,China_1007.csv
2020-05-14,1007,97.0,66.0,10.0,5.0,90.0,2.0,2,2,1,1,3,3,11,11,0.3163902498260605,5.071349492285519,0.7164246,1.0920722,19.026623,84.12991,1,2020-05-14,22.77285714285714,0.0,52.15428571428571,13.239999999999998,1.0,139.36285714285714,2020,5,14,97.0,0,China_1007.csv
2020-05-15,1007,96.0,49.0,9.0,4.0,42.0,1.0,1,1,0,0,1,1,0,0,-1.0144473722292853,0.40299091416913696,5.8305783,4.697992,-20.545736,-2.1019146,1,2020-05-15,18.75714285714286,0.0,66.78857142857143,10.93142857142857,1.0,156.67285714285714,2020,5,15,96.0,0,China_1007.csv
2020-05-16,1007,115.0,64.0,12.0,5.0,28.0,1.4,1,1,0,0,1,1,9,9,0.6658457515174029,-0.6013925336151815,10.300639,3.931634,21.390905,6.8355083,1,2020-05-16,18.18857142857143,0.0,38.31428571428571,7.984285714285714,1.0,212.20857142857145,2020,5,16,115.0,0,China_1007.csv
2020-05-17,1007,126.0,56.0,12.0,2.0,29.0,2.2,1,1,0,0,1,1,3,3,-0.6407346469703092,-0.6994179689104275,10.301811,6.1269975,8.512311,-5.884975,1,2020-05-17,17.50142857142857,0.0,28.475714285714282,13.891428571428573,1.0,291.40999999999997,2020,5,17,126.0,0,China_1007.csv
2020-05-18,1007,64.0,41.0,6.0,1.0,41.0,1.0,1,1,0,0,5,5,1,1,-3.876933941551698,-0.004860526479823012,10.615402,10.423842,-72.19089,-20.688206,1,2020-05-18,20.615714285714287,0.0,24.975714285714282,15.722857142857142,1.0,212.07571428571427,2020,5,18,64.0,0,China_1007.csv
2020-05-19,1007,41.0,42.0,10.0,2.0,61.0,1.0,1,1,0,0,5,5,0,0,-3.196267140932785,1.2378886449615263,1.671967,6.854914,-78.535225,47.356247,1,2020-05-19,22.537142857142857,0.0,33.75714285714286,10.4,1.0,167.75857142857143,2020,5,19,61.0,0,China_1007.csv
2020-05-20,1007,57.0,40.0,9.0,5.0,99.0,1.0,2,2,1,1,3,3,11,11,-1.3259703762943325,5.051689372662792,1.6337957,2.1711984,-10.47981,74.80287,1,2020-05-20,23.035714285714285,0.0,45.07,8.51142857142857,1.0,88.57571428571428,2020,5,20,99.0,0,China_1007.csv
2020-05-21,1007,69.0,61.0,11.0,12.0,48.0,2.0,0,0,2,2,2,2,0,0,3.413528956172052,1.6035075590856553,3.2884643,-0.12851965,13.577662,73.45142,1,2020-05-21,18.46,0.0,77.94571428571429,8.432857142857143,1.0,118.47714285714287,2020,5,21,69.0,0,China_1007.csv
2020-05-22,1007,160.0,44.0,7.0,7.0,51.0,1.2,2,2,1,1,1,1,9,9,1.6759917955851182,2.1317090563290337,3.7533844,0.41428775,26.081306,50.78276,1,2020-05-22,23.25714285714286,0.0,45.887142857142855,12.20142857142857,1.0,194.11285714285714,2020,5,22,160.0,0,China_1007.csv
2020-05-23,1007,121.0,17.0,5.0,1.0,35.0,1.0,1,1,0,0,1,1,3,3,-3.190845535122368,-0.3905020873057561,12.277165,8.246265,-13.530843,-39.889626,1,2020-05-23,21.698571428571427,0.0,40.21,13.43142857142857,1.0,261.1242857142857,2020,5,23,121.0,0,China_1007.csv
2020-05-24,1007,27.0,20.0,7.0,2.0,48.0,1.0,1,1,0,0,5,5,1,1,-4.320673849687849,-0.0518397004963168,7.680454,11.2941265,-90.04614,13.1526165,1,2020-05-24,22.964285714285715,0.0,36.04142857142857,12.491428571428571,1.0,241.92714285714285,2020,5,24,48.0,0,China_1007.csv
2020-05-25,1007,42.0,27.0,11.0,2.0,29.0,1.4,1,1,0,0,5,5,1,1,-3.2597513804740843,-1.8650580601681537,7.2764893,11.020022,-65.838066,-54.13086,1,2020-05-25,19.517142857142858,0.0,49.81,10.977142857142857,1.0,184.15571428571428,2020,5,25,42.0,0,China_1007.csv
2020-05-26,1007,43.0,25.0,6.0,2.0,47.0,1.8,1,1,0,0,5,5,1,1,-3.8528274863658076,0.318107517554904,8.306668,8.874266,-68.35696,-1.528247,1,2020-05-26,22.08142857142857,0.0,35.972857142857144,11.008571428571429,1.0,213.29,2020,5,26,47.0,0,China_1007.csv
2020-05-27,1007,47.0,22.0,6.0,2.0,40.0,1.4,1,1,0,0,5,5,1,1,-3.92607460913868,-0.38659672594363403,8.391279,10.684746,-69.14003,-10.528378,1,2020-05-27,22.138571428571428,0.0,36.12428571428571,12.632857142857144,1.0,200.17428571428573,2020,5,27,47.0,0,China_1007.csv
2020-05-28,1007,35.0,49.0,15.0,6.0,87.0,2.0,2,2,1,1,3,3,11,11,-0.05184020121109954,3.574630261734659,-0.10086343,1.6367829,15.237775,90.23644,1,2020-05-28,24.364285714285717,0.0,45.48714285714285,9.775714285714285,1.0,126.46571428571428,2020,5,28,87.0,0,China_1007.csv
2020-05-29,1007,111.0,66.0,13.0,10.0,107.0,5.0,2,2,1,1,4,4,8,8,4.472879751493968,7.311259880263566,6.346285,-4.380528,68.08579,64.828926,1,2020-05-29,24.141428571428573,0.0,55.52428571428572,7.488571428571428,1.0,104.99428571428572,2020,5,29,111.0,0,China_1007.csv
2020-05-30,1007,148.0,57.0,11.0,8.0,77.0,2.0,2,2,1,1,3,3,11,11,2.9913823196439693,4.3287346900444605,2.9027267,0.4477723,20.458454,57.411686,1,2020-05-30,24.104285714285712,0.0,55.48142857142857,13.505714285714285,1.0,190.35857142857142,2020,5,30,148.0,0,China_1007.csv
2020-05-31,1007,126.0,13.0,5.0,2.0,36.0,1.0,1,1,0,0,1,1,3,3,-2.6097834034139544,-0.24127519193848082,11.803795,7.2971663,-4.902014,-31.04417,1,2020-05-31,20.44142857142857,0.0,37.09571428571429,12.697142857142856,1.0,266.83714285714285,2020,5,31,126.0,0,China_1007.csv
2020-06-01,1007,55.0,45.0,13.0,3.0,85.0,1.0,2,2,1,1,3,3,0,0,-1.816600891181587,3.2624040936026404,0.94003665,4.8092628,-64.49528,61.111668,1,2020-06-01,21.861428571428572,0.0,55.565714285714286,12.005714285714285,1.0,221.86142857142858,2020,6,1,85.0,0,China_1007.csv
2020-06-02,1007,73.0,51.0,8.0,2.0,69.0,1.8,2,2,1,1,3,3,0,0,-2.4390357242685514,2.7016688101189392,1.5304322,4.7989507,-28.733664,80.90811,1,2020-06-02,25.25857142857143,0.0,38.90428571428571,12.398571428571428,1.0,205.1,2020,6,2,73.0,0,China_1007.csv
2020-06-03,1007,76.0,153.0,15.0,3.0,74.0,1.4,2,2,1,1,3,3,10,10,0.7399571631685589,4.139278503021625,14.285172,2.3765798,38.367302,34.178894,1,2020-06-03,26.794285714285714,0.0,26.24285714285714,13.105714285714285,1.0,197.19142857142856,2020,6,3,153.0,0,China_1007.csv
2020-06-04,1007,126.0,41.0,10.0,2.0,52.0,1.0,1,1,0,0,1,1,3,3,-1.3952722804556037,1.0833299480148968,9.557782,6.1177597,16.779657,33.1487,1,2020-06-04,24.174285714285713,0.0,37.26142857142857,9.454285714285716,1.0,133.18714285714285,2020,6,4,126.0,0,China_1007.csv
2020-06-05,1007,35.0,32.0,8.0,3.0,73.0,1.0,2,2,1,1,3,3,0,0,-3.211253480903952,2.390708026122119,1.8614235,6.1708765,-63.766132,47.753048,1,2020-06-05,23.924285714285713,0.0,38.098571428571425,10.397142857142857,1.0,135.25,2020,6,5,73.0,0,China_1007.csv
2020-06-06,1007,45.0,45.0,12.0,5.0,102.0,3.0,2,2,1,1,3,3,11,11,-0.5959973018165623,5.318800106915973,6.3265758,-3.9221754,59.131508,61.393234,1,2020-06-06,24.86285714285714,0.0,38.51571428571429,8.772857142857143,1.0,116.47,2020,6,6,102.0,0,China_1007.csv
2020-06-07,1007,75.0,64.0,14.0,5.0,132.0,2.0,2,2,1,1,3,3,11,11,0.49037815925720324,8.11385639744977,0.2015767,0.7195233,22.56247,98.47178,1,2020-06-07,29.445714285714285,0.0,36.791428571428575,11.94,1.0,175.50428571428571,2020,6,7,132.0,0,China_1007.csv
2020-06-08,1007,94.0,76.0,12.0,4.0,100.0,1.0,2,2,1,1,3,3,11,11,-0.04241144674115017,5.610560830067084,1.2406526,2.5226429,-3.6761644,87.49232,1,2020-06-08,31.372857142857146,0.0,26.148571428571426,17.69142857142857,1.0,208.50714285714284,2020,6,8,100.0,0,China_1007.csv
2020-06-09,1007,111.0,71.0,12.0,8.0,49.0,3.0,0,0,2,2,3,3,8,8,2.7252271735190687,1.8819909612961745,8.269772,-2.6441703,62.086433,20.196064,1,2020-06-09,25.181428571428572,0.0,60.364285714285714,9.122857142857143,1.0,89.97142857142856,2020,6,9,111.0,0,China_1007.csv
2020-06-10,1007,113.0,65.0,8.0,7.0,94.0,1.4,2,2,1,1,3,3,11,11,1.2976035988345207,5.830368640201402,1.9560993,1.0601308,9.2424345,78.101425,1,2020-06-10,27.762857142857143,0.0,43.77285714285714,9.70857142857143,1.0,172.2757142857143,2020,6,10,113.0,0,China_1007.csv
2020-06-11,1007,139.0,66.0,16.0,6.0,77.0,7.0,2,2,1,1,4,4,6,6,3.7646449167331095,4.536414305573228,8.112539,-5.0438943,97.14318,41.91817,1,2020-06-11,25.669999999999998,0.0,59.058571428571426,7.374285714285714,1.0,180.96857142857144,2020,6,11,139.0,0,China_1007.csv
2020-06-12,1007,134.0,51.0,10.0,5.0,116.0,1.0,2,2,1,1,3,3,11,11,0.705596932281351,7.213663046904232,1.5493838,0.87122613,23.817944,71.03084,1,2020-06-12,28.00714285714286,0.0,45.89142857142857,8.65,1.0,180.0,2020,6,12,134.0,0,China_1007.csv
2020-06-13,1007,104.0,67.0,12.0,6.0,99.0,1.0,2,2,1,1,3,3,11,11,1.0959967887343773,5.628286352132473,1.6353012,1.6263542,6.699206,74.738754,1,2020-06-13,28.044285714285714,0.0,33.46,13.021428571428572,1.0,265.57714285714286,2020,6,13,104.0,0,China_1007.csv
2020-06-14,1007,122.0,22.0,5.0,1.0,59.0,1.2,1,1,0,0,1,1,3,3,-2.9811619615926377,1.8465452090597814,2.2581854,5.1103916,10.689671,38.912697,1,2020-06-14,28.615714285714287,0.0,24.545714285714286,11.578571428571427,1.0,263.1542857142857,2020,6,14,122.0,0,China_1007.csv
2020-06-15,1007,31.0,48.0,10.0,4.0,75.0,1.6,2,2,1,1,3,3,0,0,-2.0698168383955355,2.779150469600601,2.2214246,4.4952116,-38.275288,62.348045,1,2020-06-15,30.271428571428572,0.0,28.034285714285716,9.25,1.0,157.70142857142858,2020,6,15,75.0,0,China_1007.csv
2020-06-16,1007,55.0,77.0,12.0,8.0,108.0,5.0,2,2,1,1,4,4,8,8,2.226928575155102,7.085432045061795,6.507896,-4.3892097,69.494965,64.19285,1,2020-06-16,28.978571428571428,0.0,32.57142857142857,16.21857142857143,1.0,175.75,2020,6,16,108.0,0,China_1007.csv
2020-06-17,1007,110.0,55.0,5.0,2.0,70.0,1.0,2,2,1,1,1,1,0,0,-2.191125265910216,3.3387532524773165,2.0375178,4.8299065,4.789407,45.36781,1,2020-06-17,25.98,0.0,48.80571428571428,18.97714285714286,1.0,209.3814285714286,2020,6,17,110.0,0,China_1007.csv
2020-06-18,1007,61.0,48.0,8.0,3.0,78.0,1.2,2,2,1,1,3,3,0,0,-2.330205268462824,3.33679868149748,1.5129831,5.2226033,-26.22116,75.99567,1,2020-06-18,25.534285714285716,0.0,56.93571428571429,6.228571428571429,1.0,188.1614285714286,2020,6,18,78.0,0,China_1007.csv
2020-06-19,1007,80.0,44.0,6.0,3.0,92.0,1.0,2,2,1,1,3,3,11,11,-2.2838729574845855,4.83426513882071,1.1249651,4.006265,-21.941977,80.82838,1,2020-06-19,28.139999999999997,0.0,41.60285714285715,15.402857142857144,1.0,198.29857142857142,2020,6,19,92.0,0,China_1007.csv
2020-06-20,1007,77.0,58.0,6.0,5.0,99.0,1.0,2,2,1,1,3,3,11,11,-1.0346063256832838,5.846396204388674,1.7070644,1.9309137,-1.3870907,78.49671,1,2020-06-20,29.062857142857144,0.0,46.635714285714286,14.362857142857141,1.0,197.16714285714286,2020,6,20,99.0,0,China_1007.csv
2020-06-21,1007,104.0,54.0,7.0,5.0,92.0,1.0,2,2,1,1,3,3,11,11,-0.3882533641882721,5.259031803295473,1.9324292,1.6446897,0.86040556,77.070114,1,2020-06-21,30.795714285714286,0.0,39.707142857142856,16.931428571428572,1.0,190.40714285714284,2020,6,21,104.0,0,China_1007.csv
2020-06-22,1007,91.0,58.0,8.0,7.0,91.0,1.0,2,2,1,1,3,3,11,11,0.6069273944246115,5.209347390775566,2.1517692,1.2466649,4.9786434,69.76357,1,2020-06-22,28.95,0.0,44.18285714285714,15.014285714285714,1.0,158.57285714285715,2020,6,22,91.0,0,China_1007.csv
2020-06-23,1007,129.0,51.0,10.0,7.0,89.0,2.0,2,2,1,1,3,3,11,11,1.8338974633956138,5.156218563706521,2.5332806,0.50475913,20.069407,59.004684,1,2020-06-23,26.367142857142856,0.0,57.74285714285714,10.192857142857141,1.0,130.07714285714286,2020,6,23,129.0,0,China_1007.csv
2020-06-24,1007,123.0,28.0,5.0,3.0,64.0,1.2,1,1,0,0,1,1,3,3,-1.779781486810229,2.577581710423782,2.254614,4.884214,11.44005,41.091232,1,2020-06-24,25.945714285714285,0.0,66.33428571428571,8.78,1.0,170.44142857142856,2020,6,24,123.0,0,China_1007.csv
2020-06-25,1007,63.0,40.0,7.0,5.0,66.0,1.4,2,2,1,1,3,3,0,0,-1.4738103426249858,2.48918351974241,3.5651364,2.9410927,-17.93552,48.768665,1,2020-06-25,21.18857142857143,0.0,84.24857142857142,9.225714285714286,1.0,164.69142857142856,2020,6,25,66.0,0,China_1007.csv
2020-06-26,1007,98.0,35.0,6.0,4.0,71.0,1.2,2,2,1,1,3,3,0,0,-1.5107464304542046,3.099008529648022,2.7533467,3.986565,1.6000415,46.50263,1,2020-06-26,23.408571428571427,0.0,76.12857142857142,5.12,1.0,143.02,2020,6,26,98.0,0,China_1007.csv
2020-06-27,1007,85.0,58.0,8.0,8.0,111.0,1.8,2,2,1,1,3,3,11,11,1.2497501914415088,7.15044369673771,1.167272,0.97127086,14.250513,98.31558,1,2020-06-27,25.967142857142857,0.0,68.33857142857143,5.402857142857143,1.0,111.89428571428572,2020,6,27,111.0,0,China_1007.csv
2020-06-28,1007,159.0,42.0,6.0,8.0,86.0,1.0,2,2,1,1,3,3,11,11,2.0538497432307614,5.334736580265788,3.0723288,0.30950645,25.407549,56.601727,1,2020-06-28,25.795714285714286,0.0,69.66571428571429,4.861428571428571,1.0,195.05857142857144,2020,6,28,159.0,0,China_1007.csv
2020-06-29,1007,131.0,36.0,11.0,5.0,45.0,1.6,1,1,0,0,1,1,3,3,0.5044161079183972,0.6861000173349519,10.5802555,4.7154045,16.037283,18.151482,1,2020-06-29,24.665714285714284,0.0,61.49,5.472857142857143,1.0,212.83285714285714,2020,6,29,131.0,0,China_1007.csv
2020-06-30,1007,92.0,26.0,5.0,3.0,69.0,1.0,2,2,1,1,3,3,0,0,-2.5174116243974707,2.710186749644492,2.080285,5.0607777,7.926531,42.984474,1,2020-06-30,27.11428571428571,0.0,46.62571428571429,8.700000000000001,1.0,237.60714285714286,2020,6,30,92.0,0,China_1007.csv
2020-07-01,1007,58.0,49.0,11.0,5.0,109.0,1.0,2,2,1,1,3,3,11,11,-0.845074278586607,5.86827859361137,1.0796856,2.1335106,-1.4177438,92.944824,1,2020-07-01,27.147142857142857,0.0,63.00714285714286,7.542857142857144,1.0,112.57857142857142,2020,7,1,109.0,0,China_1007.csv
2020-07-02,1007,83.0,39.0,6.0,7.0,80.0,1.0,2,2,1,1,3,3,0,0,-0.18979274626023312,4.0809760879631405,3.0984795,1.4049966,-0.95766217,58.956783,1,2020-07-02,24.327142857142857,0.0,74.37428571428572,8.135714285714286,1.0,71.94714285714285,2020,7,2,83.0,0,China_1007.csv
2020-07-03,1007,90.0,46.0,6.0,7.0,50.0,1.2,1,1,0,0,3,3,0,0,0.04646877721209775,1.6511486173599452,4.762964,2.0953484,-9.4450445,32.302773,1,2020-07-03,22.34142857142857,0.0,84.87142857142858,5.217142857142856,1.0,137.36285714285717,2020,7,3,90.0,0,China_1007.csv
2020-07-04,1007,126.0,44.0,7.0,5.0,82.0,1.2,2,2,1,1,3,3,11,11,-0.0521444050780864,4.41362514728917,3.2105026,1.1046343,17.733074,48.288704,1,2020-07-04,25.16,0.0,72.35142857142857,9.422857142857143,1.0,204.26857142857145,2020,7,4,126.0,0,China_1007.csv
2020-07-05,1007,114.0,34.0,7.0,4.0,78.0,1.2,2,2,1,1,3,3,0,0,-1.0187745852998797,3.7087821574621205,2.514321,3.7206678,12.201521,48.93997,1,2020-07-05,25.16714285714286,0.0,76.30142857142857,5.75,1.0,132.5585714285714,2020,7,5,114.0,0,China_1007.csv
2020-07-06,1007,93.0,27.0,6.0,3.0,94.0,1.0,2,2,1,1,3,3,11,11,-2.272530939866943,4.820966046491977,1.4104481,3.8361492,-11.809189,81.163345,1,2020-07-06,25.98,0.0,70.32714285714286,5.7542857142857144,1.0,175.43,2020,7,6,94.0,0,China_1007.csv
2020-07-07,1007,65.0,27.0,7.0,3.0,73.0,1.2,2,2,1,1,3,3,0,0,-2.7402236141832126,2.682529825700958,1.9071093,5.480651,-25.996511,72.84171,1,2020-07-07,26.447142857142858,0.0,53.51714285714286,9.11,1.0,112.53,2020,7,7,73.0,0,China_1007.csv
2020-07-08,1007,53.0,45.0,7.0,6.0,98.0,2.0,2,2,1,1,3,3,11,11,-0.8533714482533361,5.504891475342183,0.3335632,1.6162052,12.250014,87.131165,1,2020-07-08,26.93,0.0,59.09571428571429,9.778571428571428,1.0,154.72,2020,7,8,98.0,0,China_1007.csv
2020-07-09,1007,102.0,39.0,5.0,4.0,39.0,1.0,1,1,0,0,1,1,3,3,-1.6309389723699823,0.4617989292760824,4.9815364,4.1363344,-4.4184127,36.979282,1,2020-07-09,20.201428571428572,0.0,87.45142857142856,4.890000000000001,1.0,208.86714285714288,2020,7,9,102.0,0,China_1007.csv
2020-07-10,1007,93.0,55.0,8.0,6.0,44.0,1.0,1,1,0,0,1,1,0,0,-0.0514365819833508,0.9511555454424818,5.2419953,2.1513393,1.9813349,21.995687,1,2020-07-10,22.851428571428574,0.0,77.15857142857143,4.7128571428571435,1.0,223.58571428571426,2020,7,10,93.0,0,China_1007.csv
2020-07-11,1007,134.0,62.2,9.0,9.0,36.0,2.2,0,0,2,2,1,1,9,9,2.9628897499505182,1.0539416541811304,11.2133045,2.3852813,53.835617,0.41254327,1,2020-07-11,24.732857142857142,0.0,81.64999999999999,4.022857142857143,1.0,188.53428571428572,2020,7,11,134.0,0,China_1007.csv
2020-07-12,1007,168.0,61.2,8.0,9.0,67.0,1.6,2,2,1,1,3,3,9,9,3.4756887610239366,4.0314949247078316,3.5209386,0.3663017,25.819351,54.33814,1,2020-07-12,23.225714285714286,0.0,86.5,5.631428571428572,1.0,177.66714285714286,2020,7,12,168.0,0,China_1007.csv
2020-07-13,1007,165.0,41.0,8.0,8.0,62.0,1.4,2,2,1,1,1,1,9,9,2.4894602263655226,3.099955705311284,3.603454,0.3580691,26.633945,52.980667,1,2020-07-13,24.295714285714286,0.0,78.36428571428571,4.562857142857143,1.0,233.68428571428572,2020,7,13,165.0,0,China_1007.csv
2020-07-14,1007,123.0,40.0,6.0,5.0,71.0,1.0,2,2,1,1,3,3,0,0,-0.4005361828341973,3.4326147757143435,3.429436,1.3322188,16.416729,46.69136,1,2020-07-14,25.444285714285716,0.0,72.59142857142857,6.921428571428572,1.0,227.11285714285714,2020,7,14,123.0,0,China_1007.csv
2020-07-15,1007,95.0,44.0,5.0,4.0,80.0,1.2,2,2,1,1,3,3,0,0,-1.5517069196359097,4.13176242551272,2.4440417,3.9311879,4.6616936,48.504982,1,2020-07-15,27.222857142857144,0.0,67.79714285714286,8.857142857142858,1.0,205.22714285714287,2020,7,15,95.0,0,China_1007.csv
2020-07-16,1007,106.0,56.0,7.0,6.0,92.0,1.4,2,2,1,1,3,3,11,11,0.3161444167975072,5.468404076500534,1.7845769,1.2650585,8.340979,79.431076,1,2020-07-16,28.181428571428572,0.0,66.89571428571428,12.391428571428571,1.0,194.21428571428572,2020,7,16,106.0,0,China_1007.csv
2020-07-17,1007,124.0,48.0,6.0,5.0,55.0,1.0,1,1,0,0,1,1,0,0,-0.2896437921052708,2.1698170036574727,4.037627,1.1452636,17.226873,40.949135,1,2020-07-17,24.81714285714286,0.0,77.03571428571429,10.435714285714285,1.0,191.52285714285716,2020,7,17,124.0,0,China_1007.csv
2020-07-18,1007,125.0,35.0,7.0,5.0,43.0,2.0,1,1,0,0,1,1,3,3,-0.12997634707447459,0.9626766881740635,10.352666,4.587216,30.754257,41.478123,1,2020-07-18,24.274285714285718,0.0,79.97,5.588571428571428,1.0,123.51,2020,7,18,125.0,0,China_1007.csv
2020-07-19,1007,118.0,29.0,5.0,3.0,41.0,1.2,1,1,0,0,1,1,3,3,-1.929600526174073,0.5342586550623234,11.054311,6.7196665,-2.7970917,-20.218544,1,2020-07-19,25.617142857142856,0.0,60.91857142857143,7.484285714285714,1.0,173.76142857142855,2020,7,19,118.0,0,China_1007.csv
2020-07-20,1007,74.0,52.0,10.0,5.0,110.0,1.4,2,2,1,1,3,3,11,11,-0.4982647245500505,6.310938368165487,0.79580367,1.7047274,1.1390622,92.28346,1,2020-07-20,28.05857142857143,0.0,60.01142857142857,8.848571428571429,1.0,165.3957142857143,2020,7,20,110.0,0,China_1007.csv
2020-07-21,1007,114.0,51.0,6.0,4.0,82.0,4.0,2,2,1,1,4,4,8,8,-0.22201552102962874,4.944760697157466,6.9378896,-4.104933,65.329254,55.093323,1,2020-07-21,28.125714285714285,0.0,58.26,10.585714285714285,1.0,170.94714285714286,2020,7,21,114.0,0,China_1007.csv
2020-07-22,1007,98.0,50.0,9.0,7.0,103.0,1.0,2,2,1,1,3,3,11,11,0.8033984103453052,6.070420814056065,1.6833127,1.3088056,8.111768,94.65109,1,2020-07-22,27.345714285714287,0.0,50.962857142857146,7.708571428571427,1.0,147.85714285714286,2020,7,22,103.0,0,China_1007.csv
2020-07-23,1007,116.0,46.0,13.0,5.0,88.0,1.0,2,2,1,1,3,3,11,11,0.597525689293822,4.193977349372652,1.9717188,1.6121731,17.586042,64.69214,1,2020-07-23,27.66857142857143,0.0,55.67857142857143,4.644285714285715,1.0,200.98285714285717,2020,7,23,116.0,0,China_1007.csv
2020-07-24,1007,100.0,40.0,9.0,4.0,90.0,1.4,2,2,1,1,3,3,11,11,-0.8592117535395595,4.56937606739847,1.5590826,3.1388168,-6.9682236,79.51643,1,2020-07-24,30.21142857142857,0.0,46.05285714285714,7.328571428571428,1.0,218.53,2020,7,24,100.0,0,China_1007.csv
2020-07-25,1007,80.0,51.0,15.0,4.0,88.0,1.6,2,2,1,1,3,3,11,11,-0.2067617253957559,3.7917058596969615,1.0456338,3.289694,-19.723127,87.01324,1,2020-07-25,29.825714285714287,0.0,48.65571428571429,12.475714285714286,1.0,180.93285714285713,2020,7,25,88.0,0,China_1007.csv
2020-07-26,1007,84.0,33.0,6.0,5.0,45.0,1.4,1,1,0,0,5,5,0,0,-1.3295439875666628,0.7971784996321387,4.7968774,3.2290199,-23.905733,31.66087,1,2020-07-26,22.71857142857143,0.0,81.32857142857142,9.948571428571428,1.0,136.99428571428572,2020,7,26,84.0,0,China_1007.csv
2020-07-27,1007,82.0,29.6,9.0,8.0,33.0,1.4,1,1,0,0,5,5,0,0,0.5799206301816482,-0.3930714690375861,5.687516,2.0949104,-8.429343,19.874569,1,2020-07-27,23.72142857142857,0.0,76.70285714285714,8.555714285714286,1.0,179.22142857142856,2020,7,27,82.0,0,China_1007.csv
2020-07-28,1007,151.0,44.2,8.0,8.0,56.0,1.6,2,2,1,1,1,1,9,9,2.2699914797368064,2.5538162713950965,3.6412477,0.37021345,26.6216,52.607037,1,2020-07-28,25.224285714285713,0.0,79.75428571428571,8.267142857142856,1.0,130.59,2020,7,28,151.0,0,China_1007.csv
2020-07-29,1007,147.0,59.0,6.0,8.0,79.0,1.6,2,2,1,1,3,3,11,11,2.1921434252403373,5.019826938368453,2.9711292,0.4676099,22.749586,58.267406,1,2020-07-29,26.872857142857146,0.0,75.39285714285714,5.908571428571428,1.0,184.49428571428572,2020,7,29,147.0,0,China_1007.csv
2020-07-30,1007,141.0,32.0,8.0,7.0,70.0,1.0,2,2,1,1,3,3,9,9,1.2157192882178076,3.305641883061076,3.5194213,0.41674656,25.21674,52.433056,1,2020-07-30,29.49857142857143,0.0,63.75714285714286,10.72,1.0,196.7042857142857,2020,7,30,141.0,0,China_1007.csv
2020-07-31,1007,140.0,59.0,8.0,6.0,68.0,1.4,2,2,1,1,3,3,9,9,1.1845647401677708,3.559467117047754,3.2112157,0.66451555,19.55933,53.631317,1,2020-07-31,28.187142857142856,0.0,74.46285714285715,7.378571428571428,1.0,169.9042857142857,2020,7,31,140.0,0,China_1007.csv
2020-08-01,1007,114.0,32.0,8.0,5.0,54.0,1.0,1,1,0,0,1,1,0,0,-0.47897031328511214,1.5097179670590433,4.4212365,2.0558445,14.263605,20.857368,1,2020-08-01,27.132857142857144,0.0,78.6557142857143,6.671428571428572,1.0,218.41000000000003,2020,8,1,114.0,0,China_1007.csv
2020-08-02,1007,102.0,29.0,8.0,4.0,81.0,1.0,2,2,1,1,3,3,0,0,-1.2544676824615675,3.6490499423933382,2.342688,3.7447662,11.041947,50.328075,1,2020-08-02,28.655714285714286,0.0,69.48857142857143,8.394285714285713,1.0,225.8642857142857,2020,8,2,102.0,0,China_1007.csv
2020-08-03,1007,65.0,33.0,8.0,4.0,83.0,1.0,2,2,1,1,3,3,0,0,-1.9855702160056354,3.6083689771403855,2.079178,3.9644897,-33.540546,61.012905,1,2020-08-03,29.672857142857143,0.0,54.14857142857143,6.278571428571429,1.0,231.66571428571427,2020,8,3,83.0,0,China_1007.csv
2020-08-04,1007,68.0,38.0,10.0,4.0,69.0,1.2,2,2,1,1,3,3,0,0,-1.5395433294798524,2.297078333587977,2.1513338,4.187691,-37.121983,68.16718,1,2020-08-04,30.601428571428574,0.0,53.112857142857145,7.115714285714286,1.0,117.83857142857143,2020,8,4,69.0,0,China_1007.csv
2020-08-05,1007,67.0,61.0,12.0,7.0,33.0,1.4,1,1,0,0,5,5,0,0,0.66102497871134,-0.40018886223151934,6.2995553,2.2159293,-4.4348636,13.64248,1,2020-08-05,25.56714285714286,0.0,87.62571428571428,5.968571428571429,1.0,204.5885714285714,2020,8,5,67.0,0,China_1007.csv
2020-08-06,1007,116.0,28.0,9.0,6.0,71.0,1.2,2,2,1,1,3,3,0,0,0.2684566959996013,2.96533768664627,3.4991674,1.4912424,1.4662023,55.25805,1,2020-08-06,27.22,0.0,76.64285714285714,6.248571428571429,1.0,113.85142857142857,2020,8,6,116.0,0,China_1007.csv
2020-08-07,1007,90.0,25.0,7.0,5.0,64.0,1.0,2,2,1,1,3,3,0,0,-1.2308341136130478,2.1968230656351326,3.790968,2.595594,-11.622671,46.43911,1,2020-08-07,26.8,0.0,68.52,6.184285714285714,1.0,140.19714285714286,2020,8,7,90.0,0,China_1007.csv
2020-08-08,1007,65.0,30.0,7.0,4.0,75.0,1.2,2,2,1,1,3,3,0,0,-2.151611666234884,3.0002493222927478,2.6773543,4.3904786,-33.96822,58.94035,1,2020-08-08,26.954285714285714,0.0,66.88,7.482857142857142,1.0,177.49571428571429,2020,8,8,75.0,0,China_1007.csv
2020-08-09,1007,67.0,30.0,4.0,3.0,83.0,1.0,2,2,1,1,3,3,0,0,-3.1028913635627355,3.92828502436175,1.666459,5.113689,-24.167814,75.97264,1,2020-08-09,27.62142857142857,0.0,71.36285714285714,8.764285714285714,1.0,161.91285714285715,2020,8,9,83.0,0,China_1007.csv
2020-08-10,1007,65.0,26.0,4.0,3.0,71.0,1.2,2,2,1,1,3,3,0,0,-3.1941943436802216,2.8245400533873646,2.077681,5.65009,-56.127693,38.862446,1,2020-08-10,27.782857142857143,0.0,66.55571428571429,8.821428571428571,1.0,224.97,2020,8,10,71.0,0,China_1007.csv
2020-08-11,1007,53.0,48.0,7.0,5.0,103.0,1.8,2,2,1,1,3,3,11,11,-1.3741694598559246,5.870007867283717,0.3399013,1.6498464,11.563435,87.46982,1,2020-08-11,29.88,0.0,65.93428571428572,8.542857142857143,1.0,165.56428571428572,2020,8,11,103.0,0,China_1007.csv
2020-08-12,1007,100.0,47.0,8.0,5.0,44.0,1.0,1,1,0,0,1,1,0,0,-0.5644131144427769,0.7780555772573211,5.380729,2.8496716,-5.0147533,33.087917,1,2020-08-12,25.295714285714286,0.0,88.10714285714286,11.107142857142858,1.0,117.17142857142858,2020,8,12,100.0,0,China_1007.csv
2020-08-13,1007,90.0,22.0,3.0,5.0,49.0,1.4,1,1,0,0,1,1,0,0,-1.8003759111347748,1.342726369923915,4.8285704,3.3626685,-26.132841,32.789707,1,2020-08-13,25.981428571428573,0.0,85.12571428571428,10.735714285714286,1.0,211.00571428571428,2020,8,13,90.0,0,China_1007.csv
2020-08-14,1007,46.0,41.0,5.0,5.0,86.0,1.0,2,2,1,1,3,3,0,0,-2.1575584384189987,4.287747454955039,2.62863,2.410954,-14.374437,62.63814,1,2020-08-14,28.377142857142854,0.0,78.55428571428571,8.342857142857143,1.0,202.88857142857142,2020,8,14,86.0,0,China_1007.csv
2020-08-15,1007,89.0,46.0,10.0,6.0,37.0,1.0,1,1,0,0,5,5,0,0,-0.012708019473005747,-0.07121994254781468,5.481892,2.1993055,1.84807,20.336048,1,2020-08-15,25.21,0.0,84.13714285714286,5.5371428571428565,1.0,206.01857142857145,2020,8,15,89.0,0,China_1007.csv
2020-08-16,1007,99.0,34.0,7.0,6.0,31.0,1.4,1,1,0,0,1,1,0,0,-0.34456124320676834,-0.3219024904775592,5.47271,2.7245789,5.9121776,20.469465,1,2020-08-16,23.520000000000003,0.0,88.23857142857142,6.225714285714285,1.0,173.8014285714286,2020,8,16,99.0,0,China_1007.csv
2020-08-17,1007,98.0,37.0,6.0,6.0,35.0,1.2,1,1,0,0,1,1,0,0,-0.4987235707550251,0.15011630079992938,5.4959335,2.529993,5.803828,20.582575,1,2020-08-17,25.351428571428574,0.0,85.61714285714285,6.7700000000000005,1.0,193.01142857142855,2020,8,17,98.0,0,China_1007.csv
2020-08-18,1007,109.0,9.0,11.0,6.0,28.0,1.2,1,1,0,0,1,1,9,9,-0.009981429993867206,-1.4148345452334712,11.186513,3.4765599,28.05453,-6.522977,1,2020-08-18,23.094285714285714,0.0,75.27142857142857,10.064285714285715,1.0,218.74428571428572,2020,8,18,109.0,0,China_1007.csv
2020-08-19,1007,87.0,21.0,9.0,3.0,23.0,1.2,1,1,0,0,5,5,1,1,-2.1982146876026003,-1.868937755342173,7.3162293,8.223734,-28.207006,-63.913254,1,2020-08-19,21.314285714285713,0.0,79.80285714285715,4.988571428571428,1.0,146.36999999999998,2020,8,19,87.0,0,China_1007.csv
2020-08-20,1007,40.0,24.0,5.0,4.0,28.0,1.0,1,1,0,0,5,5,1,1,-3.2432311803239915,-1.2370125599415318,4.928467,4.8261733,-37.63381,19.854465,1,2020-08-20,20.912857142857142,0.0,77.41,5.535714285714286,1.0,183.75714285714284,2020,8,20,40.0,0,China_1007.csv
2020-08-21,1007,62.0,34.0,9.0,6.0,65.0,1.2,2,2,1,1,3,3,0,0,-0.8183385436332231,2.124680489432812,3.4157233,2.2294602,-8.647579,57.53791,1,2020-08-21,21.93285714285714,0.0,73.85142857142857,7.058571428571428,1.0,192.34,2020,8,21,65.0,0,China_1007.csv
2020-08-22,1007,68.0,47.0,9.0,5.0,71.0,1.4,2,2,1,1,3,3,0,0,-0.9512563566677541,2.8629828262661703,3.0461087,2.8204222,-13.191467,56.357216,1,2020-08-22,22.698571428571427,0.0,71.80714285714285,9.477142857142857,1.0,194.1314285714286,2020,8,22,71.0,0,China_1007.csv
2020-08-23,1007,103.0,58.0,9.0,7.0,72.0,1.0,2,2,1,1,3,3,0,0,0.963188485602824,3.519764034390506,3.225091,1.2922956,4.054717,59.414585,1,2020-08-23,24.041428571428572,0.0,80.00571428571428,10.804285714285713,1.0,203.72571428571428,2020,8,23,103.0,0,China_1007.csv
2020-08-24,1007,132.0,21.0,5.0,3.0,48.0,1.4,1,1,0,0,1,1,3,3,-1.6915831715965735,1.1557773402410538,11.102177,6.8087063,1.4601907,-11.833769,1,2020-08-24,24.47,0.0,74.28428571428572,9.352857142857143,1.0,254.48857142857145,2020,8,24,132.0,0,China_1007.csv
2020-08-25,1007,45.0,39.0,10.0,6.0,105.0,1.4,2,2,1,1,3,3,11,11,-0.8138081972537732,5.518229674539894,1.3385756,2.0669441,4.8826046,92.19362,1,2020-08-25,26.207142857142856,0.0,78.37714285714286,5.924285714285714,1.0,127.38714285714286,2020,8,25,105.0,0,China_1007.csv
2020-08-26,1007,65.0,61.0,12.0,16.0,84.0,3.0,2,2,1,1,3,3,7,7,5.9360828701350155,5.162114251250064,3.246265,-0.13441226,14.491888,74.87108,1,2020-08-26,24.775714285714287,0.0,84.17142857142858,6.547142857142857,1.0,173.95285714285714,2020,8,26,84.0,0,China_1007.csv
2020-08-27,1007,128.0,39.0,9.0,9.0,56.0,1.0,2,2,1,1,3,3,9,9,2.2267838046062436,2.164169763245045,4.3994455,1.0256424,22.861671,52.963837,1,2020-08-27,24.764285714285712,0.0,73.78,5.662857142857143,1.0,159.3342857142857,2020,8,27,128.0,0,China_1007.csv
2020-08-28,1007,98.0,33.0,9.0,5.0,72.0,1.0,2,2,1,1,3,3,0,0,-0.6196304914851108,2.87441950363055,3.1019435,2.4132478,-5.492921,50.19112,1,2020-08-28,24.74857142857143,0.0,75.69714285714285,7.048571428571428,1.0,176.18428571428572,2020,8,28,98.0,0,China_1007.csv
2020-08-29,1007,59.0,58.0,15.0,7.0,70.0,1.2,2,2,1,1,3,3,0,0,0.9181898638922257,2.370491888543828,2.648781,2.5098138,-17.337797,67.38711,1,2020-08-29,25.75857142857143,0.0,81.86999999999999,6.9071428571428575,1.0,127.09428571428573,2020,8,29,70.0,0,China_1007.csv
2020-08-30,1007,126.0,47.0,9.0,8.0,70.0,1.6,2,2,1,1,3,3,9,9,1.9536067484285156,3.5282884963031003,3.2221117,0.7953376,14.980125,58.27398,1,2020-08-30,25.455714285714286,0.0,80.33857142857143,8.981428571428571,1.0,149.48714285714286,2020,8,30,126.0,0,China_1007.csv
2020-08-31,1007,119.0,24.0,8.0,4.0,22.0,1.2,1,1,0,0,1,1,3,3,-1.0687701786614603,-1.4572643059679273,11.058353,5.160845,-4.556428,-11.047884,1,2020-08-31,21.388571428571428,0.0,78.76285714285714,7.525714285714286,1.0,256.9657142857143,2020,8,31,119.0,0,China_1007.csv
2020-09-01,1007,56.0,22.0,8.0,3.0,40.0,4.2,1,1,0,0,4,4,8,8,-2.251809200201748,0.03393687061964301,8.036784,-5.010611,84.75566,45.283775,1,2020-09-01,24.385714285714283,0.0,52.910000000000004,8.902857142857142,1.0,304.53000000000003,2020,9,1,56.0,0,China_1007.csv
2020-09-02,1007,48.0,25.0,10.0,3.0,31.0,1.0,1,1,0,0,5,5,1,1,-2.8601290272997613,-1.543708202246083,5.804275,8.623382,-36.886986,-68.5626,1,2020-09-02,22.57857142857143,0.0,45.27285714285714,13.612857142857143,1.0,316.9214285714285,2020,9,2,48.0,0,China_1007.csv
2020-09-03,1007,52.0,13.0,6.0,2.0,28.0,1.0,1,1,0,0,5,5,1,1,-4.087317501815045,-1.625178519147755,8.550333,11.404117,-65.34434,-38.501648,1,2020-09-03,21.021428571428572,0.0,50.10142857142857,11.748571428571429,1.0,309.9357142857143,2020,9,3,52.0,0,China_1007.csv
2020-09-04,1007,32.0,27.0,12.0,4.0,43.0,1.2,1,1,0,0,5,5,1,1,-2.273527449407357,-0.6756223120358678,4.18037,5.517537,-50.563007,52.223095,1,2020-09-04,22.821428571428573,0.0,51.970000000000006,10.049999999999999,1.0,195.52285714285713,2020,9,4,43.0,0,China_1007.csv
2020-09-05,1007,56.0,43.0,13.0,4.0,74.0,1.2,2,2,1,1,3,3,0,0,-1.2730505062938744,2.3945350624354225,1.7796259,4.134709,-40.123604,70.76645,1,2020-09-05,23.62,0.0,64.49857142857142,7.498571428571429,1.0,107.42857142857143,2020,9,5,74.0,0,China_1007.csv
2020-09-06,1007,78.0,62.0,14.0,10.0,113.0,2.0,2,2,1,1,3,3,11,11,3.150462276346847,6.887116086260305,1.0997233,0.8479424,13.503491,101.33189,1,2020-09-06,24.148571428571426,0.0,69.70857142857143,5.88,1.0,153.71428571428572,2020,9,6,113.0,0,China_1007.csv
2020-09-07,1007,139.0,30.0,10.0,4.0,46.0,1.0,1,1,0,0,1,1,3,3,-0.2368506973986055,0.6505760752241658,10.881649,5.18858,17.579103,-15.543204,1,2020-09-07,24.657142857142855,0.0,60.51285714285715,9.251428571428573,1.0,184.4385714285714,2020,9,7,139.0,0,China_1007.csv
2020-09-08,1007,66.0,17.0,9.0,2.0,30.0,1.0,1,1,0,0,5,5,1,1,-3.281783486173067,-1.6085201973974323,8.841231,10.428319,-58.253098,-40.84598,1,2020-09-08,24.20285714285714,0.0,42.548571428571435,12.288571428571428,1.0,326.5728571428572,2020,9,8,66.0,0,China_1007.csv
2020-09-09,1007,36.0,21.0,11.0,3.0,35.0,1.0,1,1,0,0,5,5,1,1,-3.0302795463430034,-1.46398103929511,4.7485237,8.52329,-40.281578,-65.186356,1,2020-09-09,23.97,0.0,43.64857142857143,10.604285714285714,1.0,275.88571428571424,2020,9,9,36.0,0,China_1007.csv
2020-09-10,1007,39.0,19.0,9.0,2.0,22.0,1.6,1,1,0,0,5,5,1,1,-3.7133699562769564,-2.381751738851718,7.4218507,11.059914,-57.239494,-62.75753,1,2020-09-10,21.294285714285714,0.0,64.14714285714285,11.097142857142858,1.0,205.67142857142858,2020,9,10,39.0,0,China_1007.csv
2020-09-11,1007,33.0,15.0,7.0,3.0,17.0,1.0,1,1,0,0,5,5,1,1,-3.8145319054007905,-2.7249779029908727,5.62576,9.339275,-67.50994,10.975561,1,2020-09-11,22.064285714285713,0.0,60.714285714285715,14.221428571428572,1.0,106.49285714285715,2020,9,11,33.0,0,China_1007.csv
2020-09-12,1007,28.0,20.0,7.0,4.0,35.0,1.0,1,1,0,0,5,5,1,1,-3.2615900744726494,-1.0051720470106646,4.8853745,5.0497794,-40.777554,18.532812,1,2020-09-12,21.18285714285714,0.0,74.29285714285713,6.7457142857142856,1.0,179.01000000000002,2020,9,12,35.0,0,China_1007.csv
2020-09-13,1007,42.0,33.0,8.0,4.0,49.0,1.6,1,1,0,0,5,5,0,0,-2.4282514043536367,0.5462832542872997,7.8329096,6.890245,-46.163483,28.148829,1,2020-09-13,22.245714285714286,0.0,70.64857142857143,8.648571428571428,1.0,192.96428571428572,2020,9,13,49.0,0,China_1007.csv
2020-09-14,1007,73.0,51.0,11.0,5.0,38.0,1.6,1,1,0,0,5,5,0,0,-0.5258488634321252,-0.12018142428000182,5.0412273,3.0112085,-0.64323246,31.649681,1,2020-09-14,20.997142857142855,0.0,85.64714285714285,5.542857142857143,1.0,139.7342857142857,2020,9,14,73.0,0,China_1007.csv
2020-09-15,1007,122.0,18.0,9.0,6.0,27.0,1.0,1,1,0,0,1,1,9,9,0.07914399929055259,-1.0610618993476906,11.2110405,3.4732444,27.85524,-7.136866,1,2020-09-15,18.937142857142856,0.0,74.40428571428572,9.982857142857142,1.0,223.57,2020,9,15,122.0,0,China_1007.csv
2020-09-16,1007,97.0,14.0,5.0,2.0,23.0,1.0,1,1,0,0,1,1,3,3,-3.25395031076004,-1.5900706461915204,10.91549,8.545821,-15.319822,-31.567848,1,2020-09-16,19.425714285714285,0.0,34.89857142857143,13.70857142857143,1.0,280.5857142857143,2020,9,16,97.0,0,China_1007.csv
2020-09-17,1007,26.0,14.0,7.0,2.0,28.0,1.2,1,1,0,0,5,5,1,1,-4.442788516792005,-1.8851666993819682,7.5729985,12.202573,-74.08619,-45.67483,1,2020-09-17,18.807142857142857,0.0,46.26285714285715,11.864285714285714,1.0,282.0942857142857,2020,9,17,28.0,0,China_1007.csv
2020-09-18,1007,29.0,22.0,13.0,3.0,27.0,1.2,1,1,0,0,5,5,1,1,-2.8503457771184273,-2.39273933846002,5.1468415,8.342347,-38.858635,-77.35249,1,2020-09-18,18.91142857142857,0.0,46.558571428571426,10.17,1.0,280.40285714285716,2020,9,18,29.0,0,China_1007.csv
2020-09-19,1007,43.0,36.0,14.0,3.0,64.0,1.0,1,1,0,0,5,5,0,0,-2.130452238865334,1.059412445526528,1.7796997,6.297869,-63.569782,54.684174,1,2020-09-19,20.057142857142857,0.0,53.870000000000005,7.5842857142857145,1.0,151.79142857142855,2020,9,19,64.0,0,China_1007.csv
2020-09-20,1007,60.0,25.0,10.0,2.0,41.0,1.2,1,1,0,0,5,5,1,1,-3.0634720406883424,-0.6286975856671735,8.22959,10.210509,-77.89537,5.204444,1,2020-09-20,20.122857142857146,0.0,56.91142857142857,7.015714285714286,1.0,138.43571428571428,2020,9,20,60.0,0,China_1007.csv
2020-09-21,1007,39.0,50.0,16.0,5.0,66.0,1.0,2,2,1,1,3,3,0,0,-0.6268790352233393,1.4010944329870627,2.380493,3.4676232,-48.211338,69.282425,1,2020-09-21,20.842857142857145,0.0,72.52571428571427,7.292857142857143,1.0,141.93285714285713,2020,9,21,66.0,0,China_1007.csv
2020-09-22,1007,99.0,38.0,16.0,5.0,30.0,1.2,1,1,0,0,5,5,5,5,0.4340486044965032,-1.4717198005054564,6.931193,3.3695457,3.46984,-15.784259,1,2020-09-22,20.84,0.0,66.09285714285714,9.03,1.0,135.43285714285713,2020,9,22,99.0,0,China_1007.csv
2020-09-23,1007,75.0,42.0,14.0,10.0,28.0,1.0,0,0,2,2,2,2,9,9,2.3141540735462374,-1.1209448193761298,6.2612395,1.7431058,-2.9259822,18.171133,1,2020-09-23,16.504285714285714,0.0,93.52714285714286,5.558571428571428,1.0,102.98142857142857,2020,9,23,75.0,0,China_1007.csv
2020-09-24,1007,103.0,28.0,9.0,6.0,41.0,1.0,1,1,0,0,1,1,0,0,-0.13513294543724658,0.1935916989514341,5.6110425,2.3481274,3.1863983,18.951067,1,2020-09-24,17.324285714285715,0.0,82.96571428571428,5.191428571428572,1.0,149.09857142857143,2020,9,24,103.0,0,China_1007.csv
2020-09-25,1007,92.0,34.0,10.0,7.0,54.0,1.0,2,2,1,1,3,3,0,0,0.4358172741971289,1.333115370331028,4.2829037,1.7224249,2.4758704,58.571518,1,2020-09-25,18.601428571428574,0.0,77.64142857142858,5.665714285714286,1.0,182.70142857142858,2020,9,25,92.0,0,China_1007.csv
2020-09-26,1007,109.0,45.0,12.0,6.0,73.0,1.2,2,2,1,1,3,3,0,0,0.8297964428916832,3.0415751641651414,3.1055143,1.687797,5.148588,54.8962,1,2020-09-26,18.96142857142857,0.0,75.69714285714285,6.867142857142857,1.0,179.7242857142857,2020,9,26,109.0,0,China_1007.csv
2020-09-27,1007,138.0,50.0,14.0,6.0,66.0,1.0,2,2,1,1,3,3,9,9,1.7624637578203557,2.476475229846863,3.6108673,0.60103124,30.277983,52.057323,1,2020-09-27,19.34857142857143,0.0,72.78571428571429,7.411428571428572,1.0,184.07999999999998,2020,9,27,138.0,0,China_1007.csv
2020-09-28,1007,145.0,60.0,15.0,7.0,63.0,1.4,2,2,1,1,3,3,9,9,2.8412437931258325,2.4849994753609295,3.5202649,0.5017564,30.496956,51.068687,1,2020-09-28,20.43142857142857,0.0,74.00142857142858,10.430000000000001,1.0,129.95428571428573,2020,9,28,145.0,0,China_1007.csv
2020-09-29,1007,162.0,17.0,6.0,4.0,23.0,1.0,1,1,0,0,1,1,3,3,-0.5841661099222242,-0.969062966474689,11.963963,5.0707984,20.985056,-18.961073,1,2020-09-29,13.482857142857142,0.0,75.01142857142858,7.301428571428572,1.0,190.79142857142855,2020,9,29,162.0,0,China_1007.csv
2020-09-30,1007,56.0,24.0,9.0,3.0,21.0,1.0,1,1,0,0,5,5,1,1,-2.8725287662249683,-2.266664061278781,6.2765365,8.738045,-33.184406,-66.414604,1,2020-09-30,16.3,0.0,71.19,10.281428571428572,1.0,171.13285714285715,2020,9,30,56.0,0,China_1007.csv
2020-10-01,1007,63.0,48.0,11.0,5.0,20.0,1.0,1,1,0,0,5,5,1,1,-0.9766016900226048,-1.934073079147243,6.697898,3.1645021,-3.9790041,-51.271732,1,2020-10-01,15.65,0.0,61.66142857142857,10.285714285714286,1.0,210.36285714285714,2020,10,1,63.0,0,China_1007.csv
2020-10-02,1007,128.0,17.0,4.0,1.0,25.0,1.0,1,1,0,0,1,1,3,3,-3.2087097779542293,-1.1041428801837747,12.44646,8.073303,-12.201893,-43.76603,1,2020-10-02,13.69,0.0,46.30285714285714,11.211428571428572,1.0,288.93,2020,10,2,128.0,0,China_1007.csv
2020-10-03,1007,20.0,36.0,10.0,2.0,28.0,2.0,1,1,0,0,5,5,1,1,-3.5965266027180234,-1.7538439414514257,7.4703035,10.611221,-53.72047,-62.282475,1,2020-10-03,14.450000000000001,0.0,42.26857142857143,18.325714285714287,1.0,258.17285714285714,2020,10,3,36.0,0,China_1007.csv
2020-10-04,1007,62.0,21.0,3.0,1.0,22.0,1.4,1,1,0,0,5,5,1,1,-4.63061782311691,-1.6266573607488228,11.312114,11.15915,-63.25143,-23.964375,1,2020-10-04,11.174285714285714,0.0,40.32,13.174285714285714,1.0,304.69571428571425,2020,10,4,62.0,0,China_1007.csv
2020-10-05,1007,19.0,17.0,8.0,1.0,24.0,1.0,1,1,0,0,5,5,1,1,-4.993450788252641,-2.476658033188382,9.9484825,13.076124,-96.37407,-41.62507,1,2020-10-05,11.604285714285714,0.0,49.629999999999995,9.02,1.0,247.49285714285716,2020,10,5,24.0,0,China_1007.csv
2020-10-06,1007,27.0,42.0,17.0,5.0,24.0,2.0,1,1,0,0,5,5,5,5,-0.7430506156345128,-2.458221719105687,8.122355,3.7077384,22.819082,-59.47237,1,2020-10-06,14.178571428571429,0.0,57.691428571428574,7.061428571428571,1.0,190.93428571428572,2020,10,6,42.0,0,China_1007.csv
2020-10-07,1007,79.0,62.0,24.0,7.0,25.0,2.0,0,0,2,2,2,2,5,5,2.7884608606139194,-2.229852514181112,8.952505,2.5476632,41.557915,-54.519295,1,2020-10-07,14.272857142857143,0.0,67.25714285714285,6.74,1.0,162.6057142857143,2020,10,7,79.0,0,China_1007.csv
2020-10-08,1007,141.0,63.0,31.0,7.0,12.0,1.0,0,0,2,2,2,2,2,2,4.889480768277434,-3.832899914183622,9.698479,0.34253627,47.16394,-76.24441,1,2020-10-08,14.692857142857141,0.0,66.5957142857143,7.505714285714285,1.0,168.87428571428572,2020,10,8,141.0,0,China_1007.csv
2020-10-09,1007,159.0,69.0,29.0,8.0,30.0,1.0,0,0,2,2,2,2,2,2,5.667915072119746,-1.6960082665333687,10.650504,0.2867769,62.502235,-40.346786,1,2020-10-09,15.385714285714286,0.0,73.23285714285714,6.662857142857143,1.0,201.8642857142857,2020,10,9,159.0,0,China_1007.csv
2020-10-10,1007,171.0,96.8,19.0,8.0,58.0,1.0,0,0,2,2,2,2,9,9,5.005235259840153,2.446517283825135,12.31059,0.9874647,70.685326,-12.378027,1,2020-10-10,17.18857142857143,0.0,69.06571428571428,9.86,1.0,186.21571428571428,2020,10,10,171.0,0,China_1007.csv
2020-10-11,1007,191.0,19.0,12.0,3.0,25.0,1.0,1,1,0,0,1,1,3,3,0.4113940550366987,-1.2967902555629631,12.557545,5.3070474,14.535776,-33.680557,1,2020-10-11,13.02,0.0,35.11142857142857,13.881428571428572,1.0,248.1357142857143,2020,10,11,191.0,0,China_1007.csv
2020-10-12,1007,83.0,24.0,11.0,1.0,22.0,1.0,1,1,0,0,5,5,1,1,-3.067199490661166,-2.376136836863977,10.794321,10.241544,-41.164894,-48.630028,1,2020-10-12,11.59,0.0,48.582857142857144,10.017142857142858,1.0,203.20857142857145,2020,10,12,83.0,0,China_1007.csv
2020-10-13,1007,34.0,34.0,14.0,2.0,28.0,1.2,1,1,0,0,5,5,1,1,-2.9362429266393266,-2.264827376551071,6.6144786,10.964447,-65.640724,-66.5296,1,2020-10-13,13.765714285714285,0.0,23.648571428571426,14.595714285714285,1.0,151.16000000000003,2020,10,13,34.0,0,China_1007.csv
2020-10-14,1007,51.0,28.0,11.0,4.0,17.0,1.0,1,1,0,0,5,5,1,1,-2.1025203655192546,-2.7210550916852374,5.7122445,5.2848716,-13.139889,-56.342873,1,2020-10-14,10.094285714285714,0.0,57.107142857142854,8.397142857142857,1.0,183.8942857142857,2020,10,14,51.0,0,China_1007.csv
2020-10-15,1007,36.0,50.0,18.0,7.0,15.0,2.0,1,1,0,0,5,5,5,5,0.7729331545681729,-2.973978722413358,8.234653,3.296918,31.153675,-56.709354,1,2020-10-15,12.595714285714285,0.0,57.33857142857143,8.698571428571428,1.0,216.27285714285716,2020,10,15,50.0,0,China_1007.csv
2020-10-16,1007,109.0,17.0,14.0,3.0,27.0,1.0,1,1,0,0,1,1,3,3,-1.1022802445149562,-2.008751584431473,10.301833,6.2225423,-14.745372,-18.031944,1,2020-10-16,11.585714285714285,0.0,38.94571428571429,10.881428571428572,1.0,287.8742857142857,2020,10,16,109.0,0,China_1007.csv
2020-10-17,1007,62.0,32.0,20.0,2.0,23.0,1.2,1,1,0,0,5,5,5,5,-1.5095836715452238,-3.192727998013613,6.9839916,9.864858,-18.780796,-84.049484,1,2020-10-17,12.652857142857144,0.0,45.33428571428572,8.608571428571429,1.0,208.60142857142858,2020,10,17,62.0,0,China_1007.csv
2020-10-18,1007,59.0,50.0,24.0,6.0,24.0,1.0,0,0,2,2,2,2,5,5,1.389598388103735,-2.9392331826932896,7.753634,1.237058,24.504147,-80.4878,1,2020-10-18,12.821428571428571,0.0,44.80428571428571,8.695714285714285,1.0,166.01857142857142,2020,10,18,59.0,0,China_1007.csv
2020-10-19,1007,92.0,54.0,26.0,9.0,25.0,1.0,0,0,2,2,2,2,2,2,4.064753824522443,-2.4801007791574374,9.116388,0.07655696,49.93227,-86.656906,1,2020-10-19,13.097142857142858,0.0,56.082857142857144,7.412857142857143,1.0,199.9828571428571,2020,10,19,92.0,0,China_1007.csv
2020-10-20,1007,133.0,75.0,33.0,9.0,12.0,1.0,0,0,2,2,2,2,2,2,6.269091933802878,-3.73180136414707,9.97086,-0.16473119,78.95532,-55.817947,1,2020-10-20,13.120000000000001,0.0,57.957142857142856,11.271428571428572,1.0,224.77428571428572,2020,10,20,133.0,0,China_1007.csv
2020-10-21,1007,183.0,98.0,13.0,3.0,25.0,1.0,0,0,0,0,1,1,3,3,1.6607163881189835,-0.12654766704762238,12.880978,3.5763984,41.584625,7.453029,1,2020-10-21,9.12142857142857,0.0,29.594285714285714,13.231428571428571,1.0,262.49285714285713,2020,10,21,183.0,0,China_1007.csv
2020-10-22,1007,102.0,43.0,11.0,2.0,27.0,1.0,1,1,0,0,1,1,3,3,-1.8009253681095785,-1.3765165210449233,10.069422,7.224342,-21.28104,-19.540056,1,2020-10-22,8.827142857142857,0.0,27.400000000000002,13.365714285714287,1.0,323.09285714285716,2020,10,22,102.0,0,China_1007.csv
2020-10-23,1007,49.0,23.0,12.0,2.0,27.0,1.0,1,1,0,0,5,5,1,1,-3.1274294043938533,-2.2357692379312786,7.415465,10.865831,-63.964718,-54.742092,1,2020-10-23,9.115714285714287,0.0,40.857142857142854,8.20142857142857,1.0,266.3328571428571,2020,10,23,49.0,0,China_1007.csv
2020-10-24,1007,35.0,46.0,20.0,4.0,24.0,1.0,1,1,0,0,5,5,5,5,-0.8417076574247428,-2.9271412917986437,5.6337967,6.492737,-5.384469,-93.08535,1,2020-10-24,10.725714285714286,0.0,51.24428571428571,7.4628571428571435,1.0,205.10142857142858,2020,10,24,46.0,0,China_1007.csv
2020-10-25,1007,90.0,79.0,33.0,8.0,23.0,2.0,0,0,2,2,2,2,2,2,5.129934732130454,-2.945604664198476,9.357925,1.301366,58.689964,-62.288258,1,2020-10-25,12.007142857142856,0.0,58.40714285714286,6.125714285714286,1.0,149.77428571428572,2020,10,25,90.0,0,China_1007.csv
2020-10-26,1007,164.0,78.0,27.0,8.0,29.0,1.0,0,0,2,2,2,2,2,2,5.63073483110004,-1.3692056375437727,10.874902,0.45092168,63.243298,-40.058376,1,2020-10-26,14.542857142857143,0.0,29.45285714285714,12.721428571428572,1.0,191.16285714285712,2020,10,26,164.0,0,China_1007.csv
2020-10-27,1007,158.0,38.0,10.0,1.0,24.0,2.0,1,1,0,0,1,1,3,3,-1.1223204935640123,-1.1011904963881756,11.48248,5.6490526,17.46082,-25.239344,1,2020-10-27,10.064285714285715,0.0,28.607142857142858,10.672857142857143,1.0,199.41285714285712,2020,10,27,158.0,0,China_1007.csv
2020-10-28,1007,33.0,38.0,20.0,4.0,19.0,1.4,1,1,0,0,5,5,5,5,-0.9332961637037851,-3.4490030394214974,6.0319414,6.219248,-9.632302,-90.54832,1,2020-10-28,10.558571428571428,0.0,37.75571428571429,7.655714285714287,1.0,181.9485714285714,2020,10,28,38.0,0,China_1007.csv
2020-10-29,1007,56.0,54.0,25.0,7.0,16.0,1.0,0,0,2,2,2,2,5,5,2.048592166239609,-3.6182660563562337,7.9770403,0.72046906,30.898537,-86.71948,1,2020-10-29,9.247142857142858,0.0,53.87428571428571,7.16857142857143,1.0,200.05285714285714,2020,10,29,56.0,0,China_1007.csv
2020-10-30,1007,98.0,56.0,24.0,6.0,24.0,1.0,0,0,2,2,2,2,2,2,2.3308144070592616,-2.5373106417020925,8.829678,1.2062981,21.259697,-90.39201,1,2020-10-30,11.702857142857143,0.0,59.120000000000005,9.344285714285714,1.0,181.58714285714285,2020,10,30,98.0,0,China_1007.csv
2020-10-31,1007,135.0,144.0,23.0,4.0,20.0,1.8,0,0,2,2,2,2,10,10,3.5185066321344847,-1.039996421181679,10.626248,1.3269881,50.568924,29.997452,1,2020-10-31,12.11,0.0,32.784285714285716,11.069999999999999,1.0,300.0942857142857,2020,10,31,144.0,0,China_1007.csv
2020-11-01,1007,161.0,47.0,8.0,2.0,25.0,1.2,1,1,0,0,1,1,3,3,-0.8501195681251701,-0.6612495532345215,12.286901,5.9185953,9.58302,-24.842485,1,2020-11-01,10.777142857142858,0.0,28.07,12.299999999999999,1.0,233.0914285714286,2020,11,1,161.0,0,China_1007.csv
2020-11-02,1007,52.0,38.0,6.0,1.0,24.0,1.0,1,1,0,0,5,5,1,1,-4.22791244747021,-1.6425826027989843,10.696941,11.244061,-70.0684,-25.21566,1,2020-11-02,5.7457142857142856,0.0,24.262857142857143,13.927142857142858,1.0,277.1714285714286,2020,11,2,52.0,0,China_1007.csv
2020-11-03,1007,29.0,29.0,12.0,2.0,18.0,1.4,1,1,0,0,5,5,1,1,-3.392146593509685,-3.0096096296645287,6.9003086,10.960969,-61.1311,-65.663,1,2020-11-03,5.645714285714285,0.0,39.31428571428571,9.154285714285715,1.0,244.63000000000002,2020,11,3,29.0,0,China_1007.csv
2020-11-04,1007,40.0,58.0,27.0,6.0,3.0,1.0,0,0,2,2,2,2,5,5,1.4878072006507188,-5.130192805520238,7.9312153,0.7714646,29.350283,-91.71208,1,2020-11-04,6.112857142857143,0.0,55.62571428571429,6.104285714285714,1.0,181.11142857142858,2020,11,4,58.0,0,China_1007.csv
2020-11-05,1007,113.0,69.0,35.0,11.0,7.0,2.0,0,0,2,2,2,2,2,2,7.3194201273857535,-4.295866602605114,10.242928,0.11229891,77.423096,-45.625336,1,2020-11-05,8.714285714285714,0.0,64.64285714285714,6.837142857142857,1.0,193.9485714285714,2020,11,5,113.0,0,China_1007.csv
2020-11-06,1007,163.0,79.0,28.0,8.0,23.0,1.6,0,0,2,2,2,2,2,2,5.895005082533305,-1.895306766658411,10.84778,0.6519339,67.93758,-42.672577,1,2020-11-06,10.787142857142857,0.0,29.59857142857143,11.34,1.0,274.9657142857143,2020,11,6,163.0,0,China_1007.csv
2020-11-07,1007,144.0,83.0,12.0,3.0,27.0,1.2,1,1,0,0,1,1,3,3,0.4814990622875956,-0.35953952201076267,12.734539,3.7414396,39.61603,8.810386,1,2020-11-07,9.618571428571428,0.0,21.907142857142855,13.342857142857143,1.0,278.65,2020,11,7,144.0,0,China_1007.csv
2020-11-08,1007,79.0,35.0,13.0,2.0,20.0,1.0,1,1,0,0,5,5,1,1,-2.1572622799038537,-2.5279899411653988,8.8710785,10.005974,-49.43854,-48.93654,1,2020-11-08,7.184285714285714,0.0,32.0,11.197142857142856,1.0,239.1057142857143,2020,11,8,79.0,0,China_1007.csv
2020-11-09,1007,44.0,42.0,21.0,3.0,15.0,1.2,1,1,0,0,5,5,5,5,-1.0781773384943767,-3.8850768823593884,6.005333,7.29684,-1.5802995,-100.01324,1,2020-11-09,7.418571428571428,0.0,38.34571428571429,9.125714285714286,1.0,239.01285714285714,2020,11,9,44.0,0,China_1007.csv
2020-11-10,1007,68.0,53.0,25.0,6.0,12.0,1.0,0,0,2,2,2,2,5,5,1.747050299667614,-3.985516636450341,8.12994,0.91821617,30.354567,-90.06278,1,2020-11-10,7.4071428571428575,0.0,50.01285714285715,7.457142857142857,1.0,180.3942857142857,2020,11,10,68.0,0,China_1007.csv
2020-11-11,1007,106.0,77.0,44.0,12.0,3.0,2.0,0,0,2,2,2,2,2,2,9.120648499413065,-5.478889203719816,10.051422,-0.49168494,66.69794,-61.446613,1,2020-11-11,8.184285714285714,0.0,68.19571428571429,6.835714285714286,1.0,178.98000000000002,2020,11,11,106.0,0,China_1007.csv
2020-11-12,1007,180.0,58.0,31.0,9.0,21.0,2.0,0,0,2,2,2,2,2,2,6.979672313702423,-2.4723440577849463,10.717249,0.27663046,67.95461,-45.6616,1,2020-11-12,10.331428571428571,0.0,32.69714285714286,12.235714285714286,1.0,252.55714285714288,2020,11,12,180.0,0,China_1007.csv
2020-11-13,1007,137.0,37.0,21.0,4.0,17.0,1.0,0,0,2,2,1,1,9,9,1.3470829796215673,-3.0228086496346185,10.955616,4.578613,31.333735,-29.36973,1,2020-11-13,8.25,0.0,57.92714285714286,6.885714285714286,1.0,142.93571428571428,2020,11,13,137.0,0,China_1007.csv
2020-11-14,1007,65.0,50.0,27.0,6.0,2.0,1.0,0,0,2,2,2,2,5,5,1.896967600946094,-5.161897861528404,8.193685,0.84378976,30.774443,-90.84709,1,2020-11-14,7.7700000000000005,0.0,74.09285714285714,5.364285714285714,1.0,200.67428571428573,2020,11,14,65.0,0,China_1007.csv
2020-11-15,1007,110.0,61.0,23.0,9.0,11.0,1.6,0,0,2,2,2,2,2,2,4.240231403665888,-3.0148927984910623,9.607691,1.6800159,47.51453,-48.739704,1,2020-11-15,8.73857142857143,0.0,69.0657142857143,6.204285714285715,1.0,168.01857142857142,2020,11,15,110.0,0,China_1007.csv
2020-11-16,1007,158.0,82.0,31.0,13.0,9.0,2.0,0,0,2,2,2,2,7,7,9.001860963125923,-2.924737393876361,10.946871,-0.5554533,80.1675,-42.711933,1,2020-11-16,9.402857142857144,0.0,63.99285714285715,6.687142857142858,1.0,139.42142857142858,2020,11,16,158.0,0,China_1007.csv
2020-11-17,1007,174.0,89.0,24.0,15.0,4.0,1.2,0,0,2,2,2,2,7,7,9.321777946727945,-2.2973474509749368,11.607323,-0.66002965,91.78874,-28.612173,1,2020-11-17,9.692857142857141,0.0,89.15285714285714,8.822857142857142,1.0,187.26857142857145,2020,11,17,174.0,0,China_1007.csv
2020-11-18,1007,181.0,47.2,16.0,9.0,17.0,2.6,0,0,2,2,2,2,9,9,4.7932422825659105,-1.2221428108094012,9.86856,-1.9780872,69.65263,2.1804247,1,2020-11-18,7.921428571428572,0.0,74.67714285714285,14.517142857142858,1.0,85.26142857142858,2020,11,18,181.0,0,China_1007.csv
2020-11-19,1007,111.0,14.0,7.0,2.0,19.0,1.0,1,1,0,0,1,1,3,3,-2.6724641799574025,-2.057267755703945,11.2876005,7.796979,-12.970182,-29.347122,1,2020-11-19,3.8214285714285716,0.0,49.84142857142857,11.1,1.0,178.19571428571427,2020,11,19,111.0,0,China_1007.csv
2020-11-20,1007,41.0,18.0,9.0,1.0,22.0,1.4,1,1,0,0,5,5,1,1,-4.268159235203587,-2.508813956860391,9.69347,12.505808,-89.39779,-46.313145,1,2020-11-20,2.545714285714286,0.0,55.23285714285714,5.861428571428571,1.0,157.81,2020,11,20,41.0,0,China_1007.csv
2020-11-21,1007,39.0,36.0,19.0,4.0,21.0,1.0,1,1,0,0,5,5,5,5,-1.0687216596355082,-3.2185429547698834,5.7242208,6.3474054,-8.112792,-93.86023,1,2020-11-21,0.3742857142857143,0.0,76.63,7.104285714285715,1.0,81.41714285714285,2020,11,21,39.0,0,China_1007.csv
2020-11-22,1007,87.0,13.0,5.0,1.0,22.0,1.0,1,1,0,0,1,1,3,3,-4.024135194659104,-1.8627689729518686,11.607084,10.224798,-31.701214,-44.93341,1,2020-11-22,-1.2057142857142857,0.0,35.20857142857143,10.221428571428572,1.0,241.97142857142856,2020,11,22,87.0,0,China_1007.csv
2020-11-23,1007,36.0,27.0,13.0,2.0,16.0,1.0,1,1,0,0,5,5,1,1,-3.227464449871003,-3.3463114776697864,6.6882963,11.21186,-68.62769,-62.03388,1,2020-11-23,0.4471428571428571,0.0,45.57285714285714,7.142857142857143,1.0,226.41142857142856,2020,11,23,36.0,0,China_1007.csv
2020-11-24,1007,56.0,37.0,21.0,5.0,9.0,1.0,1,1,0,0,5,5,5,5,0.10882965412497918,-4.258039099903086,7.6449013,1.8218521,13.024557,-86.93829,1,2020-11-24,-0.18571428571428572,0.0,58.684285714285714,5.984285714285714,1.0,220.0171428571429,2020,11,24,56.0,0,China_1007.csv
2020-11-25,1007,92.0,31.0,15.0,5.0,23.0,1.8,1,1,0,0,5,5,5,5,0.1479883401690107,-2.0446834685678748,9.258415,4.0693274,10.337878,5.101322,1,2020-11-25,2.0114285714285716,0.0,44.825714285714284,8.745714285714286,1.0,137.07857142857142,2020,11,25,92.0,0,China_1007.csv
2020-11-26,1007,80.0,27.0,17.0,5.0,13.0,1.0,1,1,0,0,5,5,5,5,-0.10047667808880707,-3.4454634833509434,7.2237096,2.8177104,0.5034685,-48.939877,1,2020-11-26,0.24714285714285714,0.0,56.39857142857143,7.680000000000001,1.0,223.50428571428571,2020,11,26,80.0,0,China_1007.csv
2020-11-27,1007,59.0,28.0,10.0,3.0,25.0,1.0,1,1,0,0,5,5,1,1,-2.588571527817062,-1.9355554646487527,6.397321,8.559054,-32.06314,-65.92904,1,2020-11-27,-0.37,0.0,38.75857142857143,11.002857142857142,1.0,197.1257142857143,2020,11,27,59.0,0,China_1007.csv
2020-11-28,1007,61.0,22.0,10.0,2.0,21.0,1.0,1,1,0,0,5,5,1,1,-3.187458611194312,-2.4647253199287347,8.551679,10.589596,-56.694702,-44.193356,1,2020-11-28,-2.282857142857143,0.0,54.64857142857143,6.53,1.0,176.42285714285714,2020,11,28,61.0,0,China_1007.csv
2020-11-29,1007,47.0,31.0,15.0,3.0,21.0,2.0,1,1,0,0,5,5,5,5,-1.854283658357408,-2.71376379032709,8.263527,5.6577067,13.072609,-69.44521,1,2020-11-29,-1.5071428571428573,0.0,41.528571428571425,8.311428571428571,1.0,234.16285714285712,2020,11,29,47.0,0,China_1007.csv
2020-11-30,1007,66.0,29.0,13.0,3.0,18.0,1.0,1,1,0,0,5,5,1,1,-2.0056973801963265,-2.8149086371188847,6.286002,8.225549,-29.677595,-69.858086,1,2020-11-30,-2.454285714285714,0.0,51.364285714285714,7.33,1.0,164.73857142857145,2020,11,30,66.0,0,China_1007.csv
2020-12-01,1007,59.0,34.0,19.0,3.0,14.0,1.4,1,1,0,0,5,5,5,5,-1.1271226843904372,-3.7359107476055127,6.150211,7.662907,-17.301598,-86.72194,1,2020-12-01,-1.9628571428571426,0.0,51.370000000000005,5.741428571428571,1.0,174.55428571428573,2020,12,1,59.0,0,China_1007.csv
2020-12-02,1007,82.0,30.0,13.0,3.0,24.0,1.0,1,1,0,0,5,5,1,1,-1.6281331698484263,-2.1474235062812412,7.029274,7.7595873,-25.250343,-68.186165,1,2020-12-02,-1.73,0.0,35.33857142857143,11.692857142857141,1.0,247.09714285714287,2020,12,2,82.0,0,China_1007.csv
2020-12-03,1007,69.0,13.0,9.0,2.0,26.0,1.0,1,1,0,0,5,5,1,1,-3.291618212565135,-2.005101327163786,8.909966,10.404486,-55.492397,-43.350056,1,2020-12-03,-2.202857142857143,0.0,35.42857142857143,9.717142857142857,1.0,281.2885714285714,2020,12,3,69.0,0,China_1007.csv
2020-12-04,1007,35.0,15.0,10.0,2.0,25.0,1.0,1,1,0,0,5,5,1,1,-3.8534278658396226,-2.432056496935862,7.019601,11.571705,-70.301094,-55.43418,1,2020-12-04,-2.7585714285714285,0.0,40.38857142857143,9.795714285714284,1.0,275.80285714285714,2020,12,4,35.0,0,China_1007.csv
2020-12-05,1007,36.0,28.0,19.0,4.0,17.0,2.0,1,1,0,0,5,5,5,5,-1.0388913625174465,-3.5565454771909386,8.054552,5.0175905,18.686674,-65.8991,1,2020-12-05,-1.6614285714285715,0.0,45.52428571428572,7.192857142857143,1.0,223.26285714285717,2020,12,5,36.0,0,China_1007.csv
2020-12-06,1007,74.0,46.0,19.0,5.0,25.0,2.0,1,1,0,0,5,5,5,5,0.6299844170438031,-2.1641041235110894,8.688349,3.8647323,25.104826,-49.654366,1,2020-12-06,-1.0085714285714287,0.0,33.76142857142857,12.694285714285714,1.0,186.29285714285714,2020,12,6,74.0,0,China_1007.csv
2020-12-07,1007,106.0,25.0,6.0,1.0,22.0,1.0,1,1,0,0,1,1,3,3,-3.2744735506909093,-1.6242205403869543,11.784805,9.512015,-26.166086,-41.262615,1,2020-12-07,-4.252857142857143,0.0,29.422857142857143,8.787142857142857,1.0,262.84000000000003,2020,12,7,106.0,0,China_1007.csv
2020-12-08,1007,35.0,31.0,18.0,4.0,14.0,1.0,1,1,0,0,5,5,5,5,-1.3980395267027772,-3.838069276949007,5.7170906,6.148547,-8.5843525,-95.22278,1,2020-12-08,-3.4985714285714287,0.0,42.06,5.99,1.0,172.63000000000002,2020,12,8,35.0,0,China_1007.csv
2020-12-09,1007,71.0,62.0,29.0,9.0,4.0,1.0,0,0,2,2,2,2,2,2,4.119673606480637,-4.686439392092661,8.452906,0.03533779,42.022,-92.86806,1,2020-12-09,-2.144285714285714,0.0,53.32714285714286,6.590000000000001,1.0,210.67000000000002,2020,12,9,71.0,0,China_1007.csv
2020-12-10,1007,138.0,61.0,32.0,11.0,4.0,2.0,0,0,2,2,2,2,2,2,7.290789770373405,-4.168556691069444,10.562899,0.042101245,76.39474,-43.88517,1,2020-12-10,-0.8128571428571428,0.0,49.20285714285715,8.354285714285714,1.0,205.75,2020,12,10,138.0,0,China_1007.csv
2020-12-11,1007,155.0,41.0,23.0,5.0,14.0,1.0,0,0,2,2,2,2,9,9,2.617427118058956,-3.2124310233924427,11.2494545,4.1034145,33.103935,-28.068424,1,2020-12-11,-1.49,0.0,59.364285714285714,6.564285714285715,1.0,146.32857142857142,2020,12,11,155.0,0,China_1007.csv
2020-12-12,1007,97.0,63.0,25.0,12.0,24.0,1.0,0,0,2,2,2,2,2,2,5.776972323327912,-1.9922388341265125,10.539783,-0.21861124,87.53094,-37.275955,1,2020-12-12,-1.5685714285714287,0.0,56.25857142857143,12.331428571428571,1.0,234.18571428571428,2020,12,12,97.0,0,China_1007.csv
2020-12-13,1007,161.0,29.0,3.0,1.0,23.0,1.0,1,1,0,0,1,1,3,3,-2.449560163275033,-0.7105353356284427,12.687459,6.778829,3.2158086,-39.874905,1,2020-12-13,-5.9628571428571435,0.0,22.47714285714286,11.767142857142858,1.0,268.2385714285714,2020,12,13,161.0,0,China_1007.csv
2020-12-14,1007,42.0,20.0,8.0,2.0,19.0,1.0,1,1,0,0,5,5,1,1,-3.924599395252311,-2.5974324681177463,7.562583,11.752513,-68.767395,-46.483505,1,2020-12-14,-6.484285714285714,0.0,21.27857142857143,7.041428571428571,1.0,168.8542857142857,2020,12,14,42.0,0,China_1007.csv
2020-12-15,1007,46.0,31.0,17.0,3.0,13.0,1.0,1,1,0,0,5,5,5,5,-1.8417653035749018,-3.820670896887393,5.6766195,7.9338856,-31.414532,-82.21256,1,2020-12-15,-6.054285714285714,0.0,23.795714285714286,7.9157142857142855,1.0,161.25571428571428,2020,12,15,46.0,0,China_1007.csv
2020-12-16,1007,58.0,35.0,17.0,4.0,16.0,2.0,1,1,0,0,5,5,5,5,-0.740475144790525,-3.133028997559608,8.2691555,5.1243525,13.1010685,-68.22452,1,2020-12-16,-4.39,0.0,30.520000000000003,8.318571428571428,1.0,207.71428571428572,2020,12,16,58.0,0,China_1007.csv
2020-12-17,1007,67.0,58.0,28.0,10.0,3.0,1.0,0,0,2,2,2,2,2,2,4.356655740075446,-4.670624481190948,8.437487,0.038774714,42.554913,-91.950035,1,2020-12-17,-2.3328571428571427,0.0,29.25857142857143,10.098571428571429,1.0,174.91,2020,12,17,67.0,0,China_1007.csv
2020-12-18,1007,130.0,28.0,8.0,2.0,23.0,1.0,1,1,0,0,1,1,3,3,-1.8803944357520936,-1.4330787016993387,11.706327,7.0831265,-6.797992,-28.616838,1,2020-12-18,-4.972857142857143,0.0,21.684285714285714,9.321428571428571,1.0,206.41857142857143,2020,12,18,130.0,0,China_1007.csv
2020-12-19,1007,45.0,40.0,23.0,5.0,8.0,1.0,1,1,0,0,5,5,5,5,0.2052792612573152,-4.602738900022292,7.791312,1.5686746,11.715995,-93.24093,1,2020-12-19,-4.2371428571428575,0.0,35.11857142857143,7.522857142857142,1.0,174.12142857142857,2020,12,19,45.0,0,China_1007.csv
2020-12-20,1007,83.0,36.0,21.0,5.0,19.0,2.0,1,1,0,0,5,5,5,5,0.9364235930819708,-3.01561168363818,8.954307,3.3782306,29.19103,-44.965298,1,2020-12-20,-2.7357142857142853,0.0,39.98714285714285,8.3,1.0,226.6357142857143,2020,12,20,83.0,0,China_1007.csv
2020-12-21,1007,91.0,44.0,28.0,7.0,10.0,2.0,0,0,2,2,2,2,2,2,3.296296165278705,-4.208719295778015,9.0475855,1.9406488,46.992046,-59.91697,1,2020-12-21,-2.5142857142857147,0.0,44.534285714285716,7.3500000000000005,1.0,230.16,2020,12,21,91.0,0,China_1007.csv
2020-12-22,1007,112.0,54.0,31.0,7.0,7.0,1.0,0,0,2,2,2,2,2,2,4.103609609609751,-4.648479730833407,9.348786,0.34661826,47.611073,-77.47132,1,2020-12-22,-1.5428571428571427,0.0,45.57,7.24,1.0,194.91000000000003,2020,12,22,112.0,0,China_1007.csv
2020-12-23,1007,135.0,86.0,14.0,6.0,26.0,2.0,0,0,2,2,1,1,9,9,2.413782842716139,-0.278002663666439,10.740265,3.27253,28.260834,1.8195839,1,2020-12-23,-0.17,0.0,26.768571428571427,15.072857142857144,1.0,315.4057142857143,2020,12,23,135.0,0,China_1007.csv
2020-12-24,1007,114.0,47.0,11.0,3.0,23.0,1.0,1,1,0,0,1,1,3,3,-0.9514714475036439,-1.4769641528170498,9.945133,6.6962514,-16.692116,-14.897915,1,2020-12-24,-2.282857142857143,0.0,34.32857142857143,9.287142857142857,1.0,239.87999999999997,2020,12,24,114.0,0,China_1007.csv
2020-12-25,1007,73.0,61.0,28.0,7.0,8.0,2.0,0,0,2,2,2,2,2,2,3.176731590010099,-4.233868140810166,8.831606,1.980444,45.90889,-61.90452,1,2020-12-25,-2.032857142857143,0.0,37.791428571428575,6.32,1.0,151.55285714285714,2020,12,25,73.0,0,China_1007.csv
2020-12-26,1007,117.0,65.0,28.0,12.0,3.0,3.0,0,0,2,2,2,2,2,2,7.090740798111907,-3.639862226945254,9.896601,-2.7381065,82.347176,4.4860935,1,2020-12-26,-2.835714285714286,0.0,54.684285714285714,6.26,1.0,194.95142857142855,2020,12,26,117.0,0,China_1007.csv
2020-12-27,1007,144.0,65.0,26.0,13.0,8.0,2.0,0,0,2,2,2,2,7,7,7.699987469516809,-2.851328484904044,11.170988,-0.5623306,82.1178,-41.23922,1,2020-12-27,-0.7385714285714285,0.0,53.74428571428571,6.214285714285714,1.0,96.79857142857144,2020,12,27,144.0,0,China_1007.csv
2020-12-28,1007,156.0,64.0,16.0,8.0,24.0,4.0,0,0,2,2,4,4,8,8,4.334443425003441,-0.36241065728248095,9.005464,-3.826254,85.28204,22.805061,1,2020-12-28,-4.078571428571428,0.0,35.93857142857143,14.415714285714285,1.0,118.55428571428571,2020,12,28,156.0,0,China_1007.csv
2020-12-29,1007,132.0,55.0,2.0,2.0,22.0,1.0,1,1,0,0,1,1,3,3,-2.2682898448487414,-0.3768201209410626,12.10329,6.3032494,3.7293675,-21.243986,1,2020-12-29,-11.557142857142859,0.0,17.744285714285716,18.662857142857142,1.0,293.80285714285714,2020,12,29,132.0,0,China_1007.csv
2020-12-30,1007,40.0,26.0,3.0,2.0,22.0,1.0,1,1,0,0,5,5,1,1,-4.58454986752049,-1.689009386328958,8.150143,12.135782,-97.45406,-7.454401,1,2020-12-30,-9.79142857142857,0.0,21.265714285714285,9.675714285714287,1.0,246.06428571428572,2020,12,30,40.0,0,China_1007.csv
2020-12-31,1007,33.0,29.0,12.0,3.0,17.0,1.0,1,1,0,0,5,5,1,1,-2.8667336497892775,-3.0449631995122632,5.4119864,8.532344,-39.43475,-74.68284,1,2020-12-31,-5.224285714285714,0.0,19.185714285714287,7.665714285714286,1.0,208.21142857142857,2020,12,31,33.0,0,China_1007.csv
2021-01-01,1007,45.0,49.0,25.0,7.0,6.0,1.0,0,0,2,2,2,2,5,5,1.7044822253062253,-4.666953210617536,7.7495265,0.6835004,29.966476,-86.657074,1,2021-01-01,-5.5528571428571425,0.0,31.077142857142857,6.441428571428572,1.0,111.75714285714285,2021,1,1,49.0,0,China_1007.csv
2021-01-02,1007,89.0,57.0,23.0,12.0,17.0,1.0,0,0,2,2,2,2,2,2,5.20064072768567,-2.5479180446469236,10.6016245,-0.21750005,87.55174,-37.1393,1,2021-01-02,-5.388571428571429,0.0,45.38285714285714,7.9871428571428575,1.0,87.33857142857143,2021,1,2,89.0,0,China_1007.csv
2021-01-03,1007,142.0,25.0,17.0,3.0,14.0,1.0,1,1,0,0,1,1,3,3,0.14153910294295294,-3.0965893607625605,11.072505,5.0328474,29.18057,-29.420713,1,2021-01-03,-5.747142857142856,0.0,29.952857142857145,5.945714285714286,1.0,106.21000000000001,2021,1,3,142.0,0,China_1007.csv
2021-01-04,1007,52.0,33.0,12.0,4.0,26.0,1.0,1,1,0,0,5,5,1,1,-1.8331119540851564,-1.948781825401642,5.656267,5.3516235,-11.675398,-57.480087,1,2021-01-04,-5.547142857142857,0.0,21.381428571428575,14.802857142857144,1.0,275.3828571428572,2021,1,4,52.0,0,China_1007.csv
2021-01-05,1007,54.0,25.0,8.0,2.0,22.0,1.0,1,1,0,0,5,5,1,1,-3.5764291401379875,-2.156410348874582,8.162748,11.074697,-61.146664,-45.107388,1,2021-01-05,-7.125714285714286,0.0,20.857142857142858,14.694285714285714,1.0,253.5942857142857,2021,1,5,54.0,0,China_1007.csv
2021-01-06,1007,42.0,63.0,4.0,2.0,24.0,1.0,1,1,0,0,5,5,1,1,-3.7933199340751624,-0.9802516154725027,8.595667,9.325244,-73.093994,-12.398838,1,2021-01-06,-16.294285714285714,0.0,14.494285714285713,22.125714285714285,1.0,256.82142857142856,2021,1,6,63.0,0,China_1007.csv
2021-01-07,1007,46.0,32.0,5.0,3.0,23.0,1.0,1,1,0,0,5,5,1,1,-3.5315316809533197,-1.5852664280458713,6.14813,9.356146,-63.66952,14.329167,1,2021-01-07,-11.29857142857143,0.0,20.544285714285714,13.954285714285714,1.0,281.9785714285714,2021,1,7,46.0,0,China_1007.csv
2021-01-08,1007,41.0,29.0,7.0,2.0,24.0,1.0,1,1,0,0,5,5,1,1,-3.932319108893239,-1.9009307541854306,8.007043,11.704127,-67.09934,-44.033634,1,2021-01-08,-8.304285714285715,0.0,28.048571428571428,10.31857142857143,1.0,266.40857142857146,2021,1,8,41.0,0,China_1007.csv
2021-01-09,1007,37.0,37.0,9.0,1.0,26.0,1.0,1,1,0,0,5,5,1,1,-4.130969329266596,-1.9339460768935917,9.836324,12.637978,-90.392044,-41.760365,1,2021-01-09,-4.185714285714286,0.0,28.244285714285716,11.157142857142858,1.0,286.61857142857144,2021,1,9,37.0,0,China_1007.csv
2021-01-10,1007,52.0,25.0,6.0,2.0,25.0,1.0,1,1,0,0,5,5,1,1,-3.900693141724222,-1.6848458590338296,8.48047,11.479223,-64.90086,-37.557987,1,2021-01-10,-3.0357142857142856,0.0,27.740000000000002,8.952857142857143,1.0,275.1842857142857,2021,1,10,52.0,0,China_1007.csv
2021-01-11,1007,46.0,51.0,9.0,4.0,25.0,2.0,1,1,0,0,5,5,1,1,-1.8727648232613434,-1.2691778865851175,8.363373,6.8644013,-61.526638,-1.6593726,1,2021-01-11,-3.4614285714285713,0.0,27.97,10.054285714285713,1.0,263.32,2021,1,11,51.0,0,China_1007.csv
2021-01-12,1007,72.0,83.0,27.0,7.0,7.0,1.0,0,0,2,2,2,2,2,2,3.130028170280323,-4.016487536415175,8.408972,0.5731146,35.27738,-89.45695,1,2021-01-12,-1.9114285714285715,0.0,28.349999999999998,8.792857142857143,1.0,214.97,2021,1,12,83.0,0,China_1007.csv
2021-01-13,1007,124.0,145.0,15.0,6.0,28.0,3.2,0,0,2,2,4,4,10,10,3.5606974292214937,0.9121748842404186,8.323485,-3.6185658,53.455376,25.056221,1,2021-01-13,-0.22428571428571428,0.0,45.855714285714285,9.015714285714285,1.0,106.36857142857143,2021,1,13,145.0,0,China_1007.csv
2021-01-14,1007,133.0,75.0,18.0,9.0,12.0,3.0,0,0,2,2,2,2,8,8,4.573762848243782,-1.7121791776755866,9.431448,-2.3332329,69.97076,5.8955603,1,2021-01-14,-1.5885714285714285,0.0,66.20571428571428,10.064285714285715,1.0,199.66714285714286,2021,1,14,133.0,0,China_1007.csv
2021-01-15,1007,134.0,93.0,9.0,3.0,27.0,1.0,1,1,0,0,1,1,3,3,-0.052762663209086,0.03389483874570153,13.42523,3.9341614,39.261864,14.582775,1,2021-01-15,-3.275714285714286,0.0,28.738571428571426,11.514285714285714,1.0,113.84714285714286,2021,1,15,134.0,0,China_1007.csv
2021-01-16,1007,109.0,27.0,6.0,2.0,27.0,1.0,1,1,0,0,1,1,3,3,-2.629572156326234,-1.036713325244314,11.205757,7.932058,-14.79182,-28.632296,1,2021-01-16,-4.36,0.0,21.77285714285714,13.744285714285715,1.0,276.38142857142856,2021,1,16,109.0,0,China_1007.csv
2021-01-17,1007,44.0,39.0,10.0,3.0,20.0,1.0,1,1,0,0,5,5,1,1,-2.7478188614119117,-2.303387011000779,5.8254685,8.646007,-45.782555,-70.579285,1,2021-01-17,-3.7257142857142855,0.0,24.29,7.922857142857143,1.0,242.3085714285714,2021,1,17,44.0,0,China_1007.csv
2021-01-18,1007,60.0,54.0,16.0,4.0,19.0,1.0,1,1,0,0,5,5,5,5,-0.7607370635006364,-2.5919622079738507,6.2158685,5.98669,-9.5023155,-71.08575,1,2021-01-18,-3.07,0.0,39.61857142857143,10.668571428571429,1.0,103.75,2021,1,18,60.0,0,China_1007.csv
2021-01-19,1007,68.0,45.0,13.0,5.0,15.0,1.0,1,1,0,0,5,5,5,5,-0.6409683256454067,-2.6093984284277765,6.861963,3.1407704,-2.3849661,-51.650024,1,2021-01-19,-6.732857142857143,0.0,63.589999999999996,5.887142857142857,1.0,170.92285714285714,2021,1,19,68.0,0,China_1007.csv
2021-01-20,1007,99.0,51.0,18.0,7.0,13.0,2.0,0,0,2,2,2,2,5,5,2.1476930199200615,-2.6483445323268437,9.359019,2.868465,41.09065,-40.91405,1,2021-01-20,-4.317142857142857,0.0,61.20285714285715,4.887142857142857,1.0,225.75571428571428,2021,1,20,99.0,0,China_1007.csv
2021-01-21,1007,135.0,62.0,29.0,11.0,8.0,1.0,0,0,2,2,2,2,2,2,6.585065618507036,-3.660894003727698,10.360785,-0.33395356,80.96902,-51.723175,1,2021-01-21,-1.5957142857142856,0.0,48.72571428571428,8.02,1.0,153.27285714285716,2021,1,21,135.0,0,China_1007.csv
2021-01-22,1007,164.0,68.0,24.0,11.0,14.0,3.0,0,0,2,2,2,2,7,7,7.072135080208059,-1.9048999433925464,9.940164,-2.4096863,83.69644,1.2585676,1,2021-01-22,-2.38,0.0,63.48714285714285,6.687142857142858,1.0,167.70142857142858,2021,1,22,164.0,0,China_1007.csv
2021-01-23,1007,154.0,53.0,20.0,8.0,18.0,1.0,0,0,2,2,2,2,9,9,3.9723678905947972,-2.0569334748746946,11.237224,1.0390551,66.790016,-32.30185,1,2021-01-23,-2.934285714285714,0.0,66.47285714285714,5.632857142857143,1.0,197.02428571428572,2021,1,23,154.0,0,China_1007.csv
2021-01-24,1007,131.0,70.0,25.0,12.0,14.0,1.0,0,0,2,2,2,2,7,7,6.601025524204369,-2.4908376797031098,11.033466,-0.30164137,86.82618,-35.664043,1,2021-01-24,-0.39,0.0,55.25571428571429,4.997142857142857,1.0,182.0,2021,1,24,131.0,0,China_1007.csv
2021-01-25,1007,170.0,90.0,32.0,14.0,8.4,3.0,0,0,2,2,2,2,7,7,10.30308350755873,-2.597155070451249,10.481023,-2.2527566,92.16624,-3.6663687,1,2021-01-25,-2.5300000000000002,0.0,80.82571428571428,4.604285714285715,1.0,203.51142857142855,2021,1,25,170.0,0,China_1007.csv
2021-01-26,1007,187.0,109.6,23.0,13.0,15.0,1.8,0,0,2,2,2,2,7,7,8.890297809185661,-0.8466287107552593,11.644235,-0.33338022,88.76003,-29.42864,1,2021-01-26,-0.5914285714285714,0.0,39.10142857142857,9.154285714285715,1.0,166.61285714285714,2021,1,26,187.0,0,China_1007.csv
2021-01-27,1007,182.0,52.0,20.0,8.0,28.0,2.0,0,0,2,2,2,2,9,9,4.821606279889145,-0.8068162535681142,11.061856,1.985418,49.145916,-18.89549,1,2021-01-27,-1.2557142857142856,0.0,31.455714285714286,12.961428571428572,1.0,214.96285714285713,2021,1,27,182.0,0,China_1007.csv
2021-01-28,1007,108.0,44.0,4.0,1.0,29.0,1.0,1,1,0,0,1,1,3,3,-3.194690887309046,-0.4471773689200323,11.449419,8.910338,-23.6471,-32.023888,1,2021-01-28,-5.804285714285714,0.0,18.715714285714284,14.049999999999999,1.0,247.40571428571428,2021,1,28,108.0,0,China_1007.csv
2021-01-29,1007,46.0,44.0,19.0,4.0,13.0,1.0,1,1,0,0,5,5,5,5,-0.8078660136698996,-3.7319405998634285,5.943679,6.589625,-2.7119892,-92.62648,1,2021-01-29,-5.112857142857143,0.0,25.712857142857143,5.784285714285715,1.0,175.48142857142855,2021,1,29,46.0,0,China_1007.csv
2021-01-30,1007,80.0,60.0,26.0,9.0,17.0,1.0,0,0,2,2,2,2,2,2,3.8820037488104866,-3.1736103412188097,8.905809,0.0867924,48.732147,-87.047806,1,2021-01-30,-2.1028571428571428,0.0,53.71,8.0,1.0,121.08714285714287,2021,1,30,80.0,0,China_1007.csv
2021-01-31,1007,118.0,56.0,14.0,10.0,13.0,1.0,0,0,2,2,2,2,9,9,3.4337080283430987,-1.87084347140902,11.126212,1.4988278,49.759975,-9.909397,1,2021-01-31,-2.0942857142857143,0.0,59.707142857142856,8.937142857142858,1.0,207.14285714285714,2021,1,31,118.0,0,China_1007.csv
2021-02-01,1007,149.0,43.0,6.0,3.0,26.0,1.0,1,1,0,0,1,1,3,3,-0.9723756122421542,-0.4540723859112545,11.978825,5.6677103,5.4759,-24.876955,1,2021-02-01,-3.2885714285714287,0.0,17.94142857142857,16.925714285714285,1.0,293.5857142857143,2021,2,1,149.0,0,China_1007.csv
2021-02-02,1007,62.0,32.0,9.0,3.0,24.0,1.0,1,1,0,0,5,5,1,1,-2.60568539531435,-1.820765610557955,6.516111,8.595988,-32.03114,-65.16346,1,2021-02-02,-4.151428571428572,0.0,17.24285714285714,10.16,1.0,183.95714285714286,2021,2,2,62.0,0,China_1007.csv
2021-02-03,1007,48.0,43.0,15.0,5.0,22.0,1.4,1,1,0,0,5,5,5,5,-0.7064224238278322,-2.335971551050048,6.9308925,3.9571078,-3.2103407,-60.505695,1,2021-02-03,-0.9485714285714285,0.0,24.368571428571425,11.56,1.0,212.36285714285714,2021,2,3,48.0,0,China_1007.csv
2021-02-04,1007,58.0,50.0,17.0,4.0,22.0,1.0,1,1,0,0,5,5,5,5,-0.716954596687491,-2.5232468774243357,6.1764603,5.971113,-8.357736,-71.10353,1,2021-02-04,0.31428571428571433,0.0,30.047142857142855,8.077142857142857,1.0,221.95857142857145,2021,2,4,58.0,0,China_1007.csv
2021-02-05,1007,108.0,54.0,27.0,8.0,21.0,1.0,0,0,2,2,2,2,2,2,4.010225447661972,-2.9111982532987564,9.103736,0.134233,49.393463,-85.604614,1,2021-02-05,4.4399999999999995,0.0,35.777142857142856,8.241428571428571,1.0,246.29285714285714,2021,2,5,108.0,0,China_1007.csv
2021-02-06,1007,130.0,77.0,16.0,7.0,32.0,1.0,0,0,2,2,2,2,9,9,2.7643188196012756,-0.2471114783525106,10.543061,1.6510053,54.540737,-28.95983,1,2021-02-06,4.831428571428572,0.0,44.212857142857146,9.70142857142857,1.0,117.50571428571428,2021,2,6,130.0,0,China_1007.csv
2021-02-07,1007,106.0,38.0,5.0,4.0,29.0,1.0,1,1,0,0,1,1,3,3,-1.5856611567645542,-0.40352539622559036,6.0107713,4.3212695,-15.954033,1.921102,1,2021-02-07,-0.24285714285714288,0.0,30.017142857142858,8.23857142857143,1.0,158.6542857142857,2021,2,7,106.0,0,China_1007.csv
2021-02-08,1007,68.0,37.0,13.0,5.0,28.0,1.0,1,1,0,0,5,5,5,5,-0.7377522852295896,-1.6026343068328794,6.2603946,3.5281835,-15.735077,11.412482,1,2021-02-08,-0.47000000000000003,0.0,48.17285714285714,7.2128571428571435,1.0,183.54714285714286,2021,2,8,68.0,0,China_1007.csv
2021-02-09,1007,102.0,58.0,19.0,9.0,28.0,2.0,0,0,2,2,2,2,9,9,3.5779182921272974,-1.1174564429080411,9.831453,2.0152316,47.82858,-44.31925,1,2021-02-09,0.21714285714285714,0.0,52.41142857142857,6.531428571428571,1.0,196.24428571428572,2021,2,9,102.0,0,China_1007.csv
2021-02-10,1007,159.0,63.0,22.0,10.0,34.0,2.0,0,0,2,2,2,2,9,9,5.875441956077691,-0.310619474897549,11.1615305,0.4512133,77.40152,-25.693132,1,2021-02-10,2.7399999999999998,0.0,56.93,7.588571428571428,1.0,188.2357142857143,2021,2,10,159.0,0,China_1007.csv
2021-02-11,1007,168.0,85.0,23.0,18.0,32.0,2.0,0,0,2,2,2,2,7,7,10.845817335083106,0.5723824382193131,11.582556,-0.97511095,94.47967,-26.714617,1,2021-02-11,2.932857142857143,0.0,72.63142857142857,7.018571428571429,1.0,193.1314285714286,2021,2,11,168.0,0,China_1007.csv
2021-02-12,1007,237.0,95.0,16.0,16.0,45.0,2.0,0,0,2,2,2,2,7,7,10.45386039572615,3.0153049841575643,11.897024,-0.88806957,93.18843,-22.284822,1,2021-02-12,6.025714285714286,0.0,60.06571428571429,7.305714285714286,1.0,126.20714285714287,2021,2,12,237.0,0,China_1007.csv
2021-02-13,1007,253.0,116.2,19.0,21.0,9.0,2.0,0,0,2,2,2,2,7,7,14.160762297703737,0.4537753522620651,11.842914,-1.3301481,95.22615,-21.73805,1,2021-02-13,4.282857142857143,0.0,93.01142857142858,6.248571428571429,1.0,132.89000000000001,2021,2,13,253.0,0,China_1007.csv
2021-02-14,1007,254.0,84.2,9.0,14.0,30.0,1.0,0,0,2,2,2,2,7,7,8.29525576703532,2.070517041709292,11.954664,-0.777393,91.18278,-20.512938,1,2021-02-14,-0.51,0.0,65.37428571428572,8.484285714285715,1.0,118.26142857142858,2021,2,14,254.0,0,China_1007.csv
2021-02-15,1007,165.0,49.0,3.0,2.0,29.0,2.4,1,1,0,0,1,1,3,3,-1.1613086615990016,0.5204821510031302,11.589281,6.1447234,7.2573113,-14.008949,1,2021-02-15,-0.1957142857142857,0.0,39.19428571428572,15.504285714285714,1.0,179.03428571428572,2021,2,15,165.0,0,China_1007.csv
2021-02-16,1007,47.0,32.0,2.0,1.0,31.0,1.0,1,1,0,0,5,5,1,1,-4.9926532012231855,-0.7212633871716915,10.928179,12.40177,-89.49309,-19.260763,1,2021-02-16,-4.024285714285715,0.0,19.875714285714285,17.155714285714286,1.0,184.39285714285714,2021,2,16,47.0,0,China_1007.csv
2021-02-17,1007,32.0,19.0,4.0,2.0,29.0,1.2,1,1,0,0,5,5,1,1,-4.662276032618716,-1.3312674602643821,8.075714,12.309944,-98.1244,-5.091563,1,2021-02-17,-3.132857142857143,0.0,19.82857142857143,10.838571428571429,1.0,210.32999999999998,2021,2,17,32.0,0,China_1007.csv
2021-02-18,1007,48.0,36.0,12.0,6.0,24.0,1.0,1,1,0,0,5,5,5,5,-0.8060783401600785,-1.9225624100534524,5.968717,2.8472848,-18.603662,14.090343,1,2021-02-18,-0.8714285714285713,0.0,37.25571428571429,6.732857142857142,1.0,192.9114285714286,2021,2,18,48.0,0,China_1007.csv
2021-02-19,1007,87.0,53.0,28.0,9.0,18.0,1.0,0,0,2,2,2,2,2,2,4.211278118776385,-3.3741283692768653,9.076235,0.028027507,49.545853,-86.78825,1,2021-02-19,5.171428571428572,0.0,37.144285714285715,7.922857142857143,1.0,236.80285714285714,2021,2,19,87.0,0,China_1007.csv
2021-02-20,1007,134.0,63.0,28.0,10.0,19.0,2.0,0,0,2,2,2,2,2,2,6.162182292372091,-2.4911377869777835,10.538343,0.49938956,73.97295,-42.276863,1,2021-02-20,8.192857142857143,0.0,41.90571428571429,7.117142857142857,1.0,216.30142857142854,2021,2,20,134.0,0,China_1007.csv
2021-02-21,1007,135.0,105.0,20.0,7.0,28.0,1.0,0,0,2,2,2,2,9,9,3.8925564014218366,-0.5306044027159732,10.998815,1.2948335,61.656395,-30.215357,1,2021-02-21,11.73857142857143,0.0,33.362857142857145,12.181428571428572,1.0,168.3557142857143,2021,2,21,135.0,0,China_1007.csv
2021-02-22,1007,149.0,60.0,8.0,5.0,31.0,1.0,1,1,0,0,1,1,9,9,0.6738517448213351,0.23310533647057266,11.578556,4.2624617,20.11402,-9.544639,1,2021-02-22,4.045714285714285,0.0,49.315714285714286,9.962857142857143,1.0,102.79285714285713,2021,2,22,149.0,0,China_1007.csv
2021-02-23,1007,86.0,41.0,9.0,4.0,21.0,1.0,1,1,0,0,5,5,1,1,-1.413085121914266,-1.6560065901196657,6.0122647,4.931098,-27.610142,10.794989,1,2021-02-23,-0.7000000000000001,0.0,63.26857142857143,8.672857142857143,1.0,123.16571428571429,2021,2,23,86.0,0,China_1007.csv
2021-02-24,1007,81.0,41.0,11.0,7.0,21.0,1.0,1,1,0,0,5,5,0,0,0.37234671574317846,-1.6450055525028808,6.250881,2.371153,-8.908193,15.6641865,1,2021-02-24,-0.4014285714285714,0.0,67.54714285714286,4.8428571428571425,1.0,134.17714285714285,2021,2,24,81.0,0,China_1007.csv
2021-02-25,1007,110.0,44.0,18.0,10.0,28.0,1.0,0,0,2,2,2,2,9,9,3.6810940203698364,-1.2642399994743985,6.399205,1.6709499,50.685993,-25.722034,1,2021-02-25,1.3285714285714287,0.0,67.05857142857143,5.390000000000001,1.0,137.5242857142857,2021,2,25,110.0,0,China_1007.csv
2021-02-26,1007,163.0,118.4,18.0,13.0,39.0,2.0,0,0,2,2,2,2,7,7,7.899075250639829,1.8208471512839088,11.928022,-0.30684566,84.18887,-19.065565,1,2021-02-26,2.3742857142857146,0.0,69.78,7.367142857142857,1.0,184.19714285714286,2021,2,26,163.0,0,China_1007.csv
2021-02-27,1007,189.0,72.0,17.0,8.0,44.0,2.0,0,0,2,2,2,2,9,9,4.9041441388243,1.328460041935352,11.656626,1.7897574,64.359436,-4.4523025,1,2021-02-27,5.087142857142857,0.0,55.808571428571426,9.18142857142857,1.0,140.9542857142857,2021,2,27,189.0,0,China_1007.csv
2021-02-28,1007,180.0,98.6,24.0,9.0,21.0,1.8,0,0,2,2,2,2,9,9,6.579942345267865,-1.0352299723606742,11.275279,0.6907487,72.77004,-24.47629,1,2021-02-28,2.8628571428571425,0.0,84.92714285714285,8.571428571428571,1.0,73.92142857142858,2021,2,28,180.0,0,China_1007.csv
2021-03-01,1007,165.0,25.0,6.0,3.0,28.0,1.2,1,1,0,0,1,1,3,3,-0.8654296433799402,-0.42676050763802925,12.5103035,5.670854,6.9032907,-33.276176,1,2021-03-01,0.24714285714285714,0.0,70.34142857142857,7.668571428571428,1.0,178.03571428571428,2021,3,1,165.0,0,China_1007.csv
2021-03-02,1007,76.0,71.0,9.0,6.0,15.0,1.0,1,1,0,0,5,5,1,1,-0.08910571740524197,-1.5684295299162452,6.7916784,2.8370616,-4.1056933,10.710511,1,2021-03-02,0.7885714285714285,0.0,84.42857142857143,6.62,1.0,164.94,2021,3,2,76.0,0,China_1007.csv
2021-03-03,1007,144.0,83.0,19.0,10.0,11.0,1.2,0,0,2,2,2,2,9,9,5.19643020109913,-1.9111069217840018,11.324791,0.7173174,72.408806,-31.089144,1,2021-03-03,3.9985714285714287,0.0,81.4342857142857,6.022857142857142,1.0,199.99428571428572,2021,3,3,144.0,0,China_1007.csv
2021-03-04,1007,182.0,83.0,20.0,12.0,11.0,1.2,0,0,2,2,2,2,7,7,7.233272415163737,-1.548732593250824,11.679221,-0.33999956,89.448456,-28.740044,1,2021-03-04,6.218571428571429,0.0,82.47,7.662857142857143,1.0,168.47714285714284,2021,3,4,182.0,0,China_1007.csv
2021-03-05,1007,200.0,45.0,15.0,12.0,19.0,3.2,0,0,2,2,2,2,7,7,6.775354777633114,-0.4497145978646602,9.962897,-2.0005002,71.03853,1.5170428,1,2021-03-05,2.544285714285714,0.0,47.332857142857144,10.725714285714286,1.0,130.34142857142857,2021,3,5,200.0,0,China_1007.csv
2021-03-06,1007,170.0,83.0,10.0,5.0,21.0,1.0,0,0,2,2,1,1,9,9,1.763918140193663,-0.3166038155726386,12.4734125,3.147746,40.521942,4.5927353,1,2021-03-06,-0.9671428571428571,0.0,51.028571428571425,8.577142857142857,1.0,189.22142857142856,2021,3,6,170.0,0,China_1007.csv
2021-03-07,1007,76.0,52.0,18.0,6.0,20.0,2.2,1,1,0,0,5,5,5,5,1.1954361759335892,-2.2491890006777107,8.746633,3.5713458,29.384094,-51.068855,1,2021-03-07,1.4642857142857142,0.0,62.93,7.405714285714287,1.0,192.77714285714288,2021,3,7,76.0,0,China_1007.csv
2021-03-08,1007,131.0,72.0,20.0,7.0,22.0,1.0,0,0,2,2,2,2,9,9,3.2569651588303996,-1.649964006100417,10.958446,1.385517,60.078938,-28.547762,1,2021-03-08,3.858571428571429,0.0,66.82285714285715,7.247142857142857,1.0,181.25142857142856,2021,3,8,131.0,0,China_1007.csv
2021-03-09,1007,159.0,76.8,23.0,10.0,32.0,1.0,0,0,2,2,2,2,9,9,6.003705839269853,-0.5361155892591266,11.473387,0.5034938,73.34558,-27.996881,1,2021-03-09,7.304285714285714,0.0,74.39714285714285,7.012857142857143,1.0,151.0885714285714,2021,3,9,159.0,0,China_1007.csv
2021-03-10,1007,197.0,110.2,25.0,11.0,36.0,1.0,0,0,2,2,2,2,7,7,8.200217169339167,0.5433464107125874,12.009779,0.31251663,75.122765,-16.82456,1,2021-03-10,9.705714285714285,0.0,75.51142857142858,9.135714285714284,1.0,194.44714285714286,2021,3,10,197.0,0,China_1007.csv
2021-03-11,1007,228.0,65.0,15.0,6.0,38.0,1.0,0,0,2,2,1,1,9,9,4.027088774927462,0.8505806762937095,12.48171,2.0244157,58.69891,-16.559114,1,2021-03-11,10.464285714285714,0.0,72.98,8.574285714285713,1.0,182.4157142857143,2021,3,11,228.0,0,China_1007.csv
2021-03-12,1007,167.0,60.2,17.0,7.0,22.0,1.8,0,0,2,2,1,1,9,9,3.599877948627826,-1.1007751526447542,11.108891,2.2514265,51.21818,-18.458399,1,2021-03-12,7.912857142857143,0.0,87.25428571428571,7.775714285714286,1.0,144.64857142857142,2021,3,12,167.0,0,China_1007.csv
2021-03-13,1007,178.0,85.6,13.0,9.0,32.0,1.2,0,0,2,2,2,2,9,9,4.626582764939358,0.8193868075719468,12.151643,1.9425557,63.817467,-11.778863,1,2021-03-13,9.120000000000001,0.0,75.5942857142857,7.134285714285714,1.0,168.1614285714286,2021,3,13,178.0,0,China_1007.csv
2021-03-14,1007,181.0,46.6,19.0,7.0,19.0,4.0,0,0,2,2,4,4,8,8,4.479182304008097,-1.3313112885772471,8.98081,-3.5358253,66.395966,10.144843,1,2021-03-14,9.78,0.0,80.54428571428572,10.561428571428573,1.0,213.8242857142857,2021,3,14,181.0,0,China_1007.csv
2021-03-15,1007,190.0,850.0,8.0,5.0,28.0,1.2,0,0,3,3,0,0,4,4,14.382817658139468,13.752897307662995,-6.161222,4.48898,74.943245,82.66755,1,2021-03-15,7.614285714285714,0.0,19.07857142857143,20.208571428571428,1.0,300.6914285714286,2021,3,15,850.0,0,China_1007.csv
2021-03-16,1007,304.0,121.0,10.0,2.0,26.0,1.4,0,0,2,2,1,1,3,3,3.7802409321485624,1.595944450215752,14.476877,3.546966,49.79608,9.179632,1,2021-03-16,8.172857142857143,0.0,30.298571428571428,7.421428571428572,1.0,127.1657142857143,2021,3,16,304.0,0,China_1007.csv
2021-03-17,1007,112.0,166.0,24.0,5.0,15.0,1.0,0,0,2,2,2,2,10,10,3.8559852543979494,-1.4412016261741818,14.091105,2.7982535,47.513027,31.72815,1,2021-03-17,8.381428571428572,0.0,46.48142857142857,5.722857142857143,1.0,123.4814285714286,2021,3,17,166.0,0,China_1007.csv
2021-03-18,1007,147.0,86.0,14.0,6.0,25.0,1.6,0,0,2,2,1,1,9,9,2.5773039545233973,-0.34272931432462456,11.027682,3.0890188,29.807707,1.3414783,1,2021-03-18,5.822857142857143,0.0,69.77428571428571,5.102857142857142,1.0,194.45142857142858,2021,3,18,147.0,0,China_1007.csv
2021-03-19,1007,142.0,60.0,14.0,6.0,22.0,1.0,0,0,2,2,1,1,9,9,1.9003132146955708,-1.1906633679779424,11.381264,3.4154205,34.824535,-4.1180987,1,2021-03-19,5.7057142857142855,0.0,78.31285714285715,7.331428571428572,1.0,208.36285714285714,2021,3,19,142.0,0,China_1007.csv
2021-03-20,1007,154.0,62.0,8.0,3.0,30.0,2.4,1,1,0,0,1,1,3,3,0.06977981658640445,0.2777041511678041,11.425387,6.2844973,8.636162,-11.518865,1,2021-03-20,6.707142857142857,0.0,31.84714285714286,17.544285714285714,1.0,306.63142857142856,2021,3,20,154.0,0,China_1007.csv
2021-03-21,1007,91.0,27.0,5.0,1.0,31.0,1.6,1,1,0,0,1,1,3,3,-3.5478771881529867,-0.699133777014835,11.156971,9.186941,-32.44316,-36.064125,1,2021-03-21,5.498571428571429,0.0,28.939999999999998,13.598571428571429,1.0,274.19142857142856,2021,3,21,91.0,0,China_1007.csv
2021-03-22,1007,34.0,130.0,14.0,2.0,30.0,1.0,1,1,0,0,5,5,10,10,-1.4247859196266905,-0.4911095951654016,14.828622,2.393275,-26.918629,-14.306347,1,2021-03-22,10.385714285714286,0.0,34.15857142857143,13.034285714285716,1.0,238.21285714285713,2021,3,22,130.0,0,China_1007.csv
2021-03-23,1007,85.0,83.0,19.0,5.0,31.0,1.0,1,1,0,0,2,2,5,5,1.2475553116383826,-1.095633442343989,7.6746626,2.2353394,7.946045,-59.69752,1,2021-03-23,13.024285714285714,0.0,40.105714285714285,10.691428571428572,1.0,185.8385714285714,2021,3,23,85.0,0,China_1007.csv
2021-03-24,1007,112.0,103.0,15.0,3.0,34.0,1.0,1,1,0,0,1,1,10,10,0.5159759254227694,-0.01953608063965218,13.497572,2.999799,41.448223,27.151794,1,2021-03-24,12.377142857142857,0.0,35.32285714285714,10.712857142857143,1.0,183.18428571428572,2021,3,24,112.0,0,China_1007.csv
2021-03-25,1007,123.0,70.0,21.0,4.0,42.0,1.0,0,0,2,2,2,2,9,9,1.6408016828823795,-0.3716134394967312,7.299002,4.373975,24.234518,25.933628,1,2021-03-25,14.561428571428573,0.0,48.67857142857143,9.81142857142857,1.0,165.59857142857143,2021,3,25,123.0,0,China_1007.csv
2021-03-26,1007,125.0,91.0,40.0,11.0,4.0,2.0,0,0,2,2,2,2,2,2,8.648856770528857,-4.651262471503661,10.18646,-0.088415354,65.75461,-60.65204,1,2021-03-26,11.354285714285714,0.0,84.76142857142858,5.547142857142857,1.0,158.63000000000002,2021,3,26,125.0,0,China_1007.csv
2021-03-27,1007,196.0,64.0,15.0,9.0,34.0,1.8,0,0,2,2,2,2,9,9,5.1007816789532745,0.6467349047652275,11.710214,1.9089864,64.17902,-5.372832,1,2021-03-27,13.751428571428573,0.0,67.45142857142858,11.925714285714287,1.0,196.02428571428572,2021,3,27,196.0,0,China_1007.csv
2021-03-28,1007,180.0,512.0,10.0,4.0,35.0,1.2,0,0,3,3,0,0,4,4,8.46856887782129,8.229665464072008,17.702263,2.6327362,71.6708,82.071625,1,2021-03-28,11.807142857142859,0.0,16.83857142857143,17.81714285714286,1.0,286.0357142857143,2021,3,28,512.0,0,China_1007.csv
2021-03-29,1007,178.0,83.0,10.0,1.0,32.0,1.0,1,1,0,0,1,1,3,3,-0.17548475904858027,0.34833974139868507,13.071468,3.7809231,43.14903,8.115812,1,2021-03-29,11.825714285714286,0.0,27.857142857142858,10.051428571428572,1.0,258.36857142857144,2021,3,29,178.0,0,China_1007.csv
2021-03-30,1007,74.0,129.0,17.0,5.0,39.0,2.0,0,0,0,0,5,5,10,10,1.7195845142306945,0.7012137536655095,10.065798,2.2765012,50.081722,27.066988,1,2021-03-30,13.898571428571428,0.0,43.42142857142857,11.957142857142857,1.0,196.67285714285714,2021,3,30,129.0,0,China_1007.csv
2021-03-31,1007,139.0,99.0,18.0,5.0,39.0,2.4,0,0,2,2,1,1,9,9,2.8790327381801295,0.6483814856805256,10.564759,3.2945764,28.23329,4.1670175,1,2021-03-31,15.86,0.0,37.548571428571435,9.385714285714286,1.0,113.82285714285715,2021,3,31,139.0,0,China_1007.csv
2021-04-01,1007,120.0,93.0,18.0,8.0,44.0,4.0,0,0,2,2,4,4,8,8,4.3632138376195,1.3888352092069376,8.490821,-4.0653396,74.24428,50.88838,1,2021-04-01,14.857142857142858,0.0,37.857142857142854,6.791428571428571,1.0,216.40714285714284,2021,4,1,120.0,0,China_1007.csv
2021-04-02,1007,157.0,52.0,11.0,3.0,35.0,1.0,1,1,0,0,1,1,3,3,0.09028680121283154,-0.006394056834569211,11.825915,5.605566,12.275547,-20.69355,1,2021-04-02,12.977142857142857,0.0,53.82285714285714,9.569999999999999,1.0,168.56428571428572,2021,4,2,157.0,0,China_1007.csv
2021-04-03,1007,95.0,27.0,8.0,1.0,34.0,1.2,1,1,0,0,1,1,3,3,-3.114697273628555,-0.8085763800374774,11.031672,9.586828,-38.8732,-27.518646,1,2021-04-03,12.251428571428573,0.0,15.79142857142857,13.855714285714285,1.0,155.10714285714286,2021,4,3,95.0,0,China_1007.csv
2021-04-04,1007,54.0,26.0,11.0,2.0,38.0,4.0,1,1,0,0,4,4,8,8,-2.3845336414440186,-0.5495064703718664,7.9680157,-5.145456,85.78065,45.97698,1,2021-04-04,12.929999999999998,0.0,24.22142857142857,9.66,1.0,215.1242857142857,2021,4,4,54.0,0,China_1007.csv
2021-04-05,1007,31.0,56.0,14.0,3.0,43.0,1.0,1,1,0,0,5,5,5,5,-2.1193380756698152,-0.5388333272275851,3.680831,7.8291783,-50.991436,-16.549004,1,2021-04-05,12.737142857142857,0.0,42.45428571428572,12.502857142857142,1.0,223.38857142857142,2021,4,5,56.0,0,China_1007.csv
2021-04-06,1007,99.0,48.0,15.0,3.0,44.0,1.0,1,1,0,0,1,1,3,3,-0.6301843260650939,-0.1756800506106163,7.361624,6.6879416,-34.201668,1.0890408,1,2021-04-06,14.29142857142857,0.0,42.18857142857143,9.795714285714284,1.0,157.64285714285714,2021,4,6,99.0,0,China_1007.csv
2021-04-07,1007,94.0,61.0,18.0,4.0,42.0,2.0,1,1,0,0,5,5,5,5,0.6689761516968984,-0.2400887278767869,9.544972,3.7529445,26.453602,10.427247,1,2021-04-07,12.241428571428571,0.0,32.11142857142857,10.662857142857144,1.0,120.63285714285715,2021,4,7,94.0,0,China_1007.csv
2021-04-08,1007,117.0,45.0,14.0,4.0,52.0,1.0,1,1,0,0,1,1,0,0,0.12176509101561124,0.8174811501072377,7.2332034,4.441415,19.409075,28.916021,1,2021-04-08,12.834285714285715,0.0,39.95285714285715,8.321428571428571,1.0,124.07571428571428,2021,4,8,117.0,0,China_1007.csv
2021-04-09,1007,95.0,58.0,18.0,6.0,41.0,3.0,0,0,2,2,5,5,8,8,1.94391619321831,-0.016806505908509427,7.6588855,-3.3508558,63.455635,26.616425,1,2021-04-09,12.655714285714286,0.0,37.779999999999994,9.950000000000001,1.0,104.16714285714285,2021,4,9,95.0,0,China_1007.csv
2021-04-10,1007,116.0,67.0,17.0,9.0,51.0,4.0,0,0,2,2,4,4,8,8,4.264331341750747,1.7338097752439463,8.60823,-4.0443163,74.90648,50.36723,1,2021-04-10,15.618571428571428,0.0,39.892857142857146,12.668571428571429,1.0,178.51,2021,4,10,116.0,0,China_1007.csv
2021-04-11,1007,152.0,60.0,14.0,4.0,48.0,1.0,1,1,0,0,1,1,9,9,1.1119753094233609,0.9900562473828083,11.274586,4.0830574,27.243622,20.22676,1,2021-04-11,14.641428571428571,0.0,50.83714285714286,10.41,1.0,167.41285714285712,2021,4,11,152.0,0,China_1007.csv
2021-04-12,1007,130.0,60.0,18.0,5.0,32.0,1.0,0,0,2,2,1,1,9,9,1.7076738034041161,-0.9411908959436447,10.355698,1.8800641,51.494118,-31.537466,1,2021-04-12,11.26,0.0,36.69,16.515714285714285,1.0,262.5642857142857,2021,4,12,130.0,0,China_1007.csv
2021-04-13,1007,105.0,23.0,6.0,1.0,35.0,1.2,1,1,0,0,1,1,3,3,-3.2489713851034647,-0.48857083630502557,11.383489,9.313092,-23.611202,-38.318176,1,2021-04-13,10.4,0.0,18.601428571428574,14.138571428571428,1.0,279.3757142857143,2021,4,13,105.0,0,China_1007.csv
2021-04-14,1007,31.0,61.0,12.0,2.0,38.0,2.4,1,1,0,0,5,5,1,1,-2.546603948456792,-0.5191896765282612,8.447748,8.208567,-63.403194,-7.153103,1,2021-04-14,15.345714285714285,0.0,22.364285714285717,15.655714285714286,1.0,196.16142857142856,2021,4,14,61.0,0,China_1007.csv
2021-04-15,1007,80.0,230.0,11.0,3.0,36.0,1.0,1,1,0,0,1,1,10,10,1.306217956959371,2.516246982820154,15.558721,2.9227815,45.783516,38.337795,1,2021-04-15,13.664285714285715,0.0,25.77285714285714,14.788571428571428,1.0,262.1742857142857,2021,4,15,230.0,0,China_1007.csv
2021-04-16,1007,144.0,117.0,5.0,1.0,31.0,1.0,1,1,0,0,1,1,10,10,-1.085066448928322,1.1351953528908638,13.8534565,3.6299746,44.6129,16.74586,1,2021-04-16,11.337142857142856,0.0,17.647142857142857,17.874285714285712,1.0,308.11571428571426,2021,4,16,144.0,0,China_1007.csv
2021-04-17,1007,104.0,30.0,7.0,1.0,34.0,1.0,1,1,0,0,1,1,3,3,-3.0624625729757966,-0.6112927475881833,11.410224,9.29598,-23.706223,-37.75383,1,2021-04-17,12.708571428571428,0.0,21.240000000000002,13.111428571428572,1.0,258.0,2021,4,17,104.0,0,China_1007.csv
2021-04-18,1007,35.0,64.0,16.0,3.0,44.0,1.0,1,1,0,0,5,5,5,5,-1.6122965991212999,-0.5073499619759665,3.6622376,7.859089,-50.199368,-17.19677,1,2021-04-18,16.59,0.0,29.458571428571428,13.567142857142857,1.0,195.1185714285714,2021,4,18,64.0,0,China_1007.csv
2021-04-19,1007,86.0,87.0,18.0,5.0,68.0,1.0,2,2,1,1,3,3,11,11,1.2826091976321021,2.344274195667228,1.9838252,2.9685645,32.052418,34.185955,1,2021-04-19,19.52857142857143,0.0,41.325714285714284,8.68,1.0,174.8385714285714,2021,4,19,87.0,0,China_1007.csv
2021-04-20,1007,142.0,76.0,16.0,5.0,71.0,1.0,2,2,1,1,3,3,9,9,2.0357461700104187,3.0747840890300098,2.4828472,0.902526,38.024982,54.836,1,2021-04-20,19.68,0.0,40.470000000000006,12.489999999999998,1.0,184.36285714285714,2021,4,20,142.0,0,China_1007.csv
2021-04-21,1007,109.0,53.0,18.0,5.0,43.0,1.0,1,1,0,0,1,1,9,9,1.167511157373493,-0.2547193576150852,7.154582,3.9743948,18.796043,24.909666,1,2021-04-21,16.458571428571428,0.0,48.56428571428571,10.624285714285715,1.0,129.2557142857143,2021,4,21,109.0,0,China_1007.csv
2021-04-22,1007,84.0,38.0,12.0,5.0,36.0,1.6,1,1,0,0,5,5,0,0,-0.35886824292951763,-0.5440823618794723,6.1878314,3.3358605,-2.9088106,4.655473,1,2021-04-22,12.054285714285713,0.0,72.01857142857143,7.647142857142858,1.0,150.02285714285716,2021,4,22,84.0,0,China_1007.csv
2021-04-23,1007,90.0,29.0,8.0,3.0,40.0,1.4,1,1,0,0,1,1,3,3,-2.0585416007084696,-0.06924151387602125,7.9387007,8.303714,-45.02578,10.965644,1,2021-04-23,16.222857142857144,0.0,60.17142857142857,10.034285714285714,1.0,165.95285714285714,2021,4,23,90.0,0,China_1007.csv
2021-04-24,1007,63.0,33.0,8.0,4.0,39.0,1.4,1,1,0,0,5,5,1,1,-2.0456873778704696,-0.20586012792815084,4.7803426,4.7542725,-42.18878,28.228378,1,2021-04-24,16.304285714285715,0.0,60.08714285714286,8.37857142857143,1.0,137.10142857142858,2021,4,24,63.0,0,China_1007.csv
2021-04-25,1007,69.0,50.0,12.0,5.0,44.0,1.2,1,1,0,0,5,5,0,0,-0.5629801494529176,0.17879824079163675,4.703732,3.1428118,-1.6140579,30.322308,1,2021-04-25,16.05,0.0,48.52285714285714,10.832857142857142,1.0,183.35714285714286,2021,4,25,69.0,0,China_1007.csv
2021-04-26,1007,110.0,47.0,14.0,5.0,54.0,1.0,2,2,1,1,1,1,0,0,0.5426854754321813,1.0643688342887172,5.0439515,2.4222562,16.218197,26.028679,1,2021-04-26,15.267142857142858,0.0,51.94571428571429,12.882857142857143,1.0,205.81428571428572,2021,4,26,110.0,0,China_1007.csv
2021-04-27,1007,90.0,71.0,10.0,2.0,36.0,3.0,1,1,0,0,1,1,8,8,-1.2607616208102062,0.25558933917991183,7.82167,-2.4396262,59.62313,40.453144,1,2021-04-27,16.235714285714288,0.0,20.415714285714284,16.552857142857142,1.0,289.8385714285714,2021,4,27,90.0,0,China_1007.csv
2021-04-28,1007,43.0,52.0,6.0,1.0,38.0,1.6,1,1,0,0,5,5,1,1,-4.020472956923801,-0.13937326273934736,8.769754,8.669984,-67.52598,-6.589513,1,2021-04-28,16.215714285714288,0.0,20.92142857142857,11.404285714285715,1.0,240.39000000000001,2021,4,28,52.0,0,China_1007.csv
2021-04-29,1007,51.0,51.0,12.0,2.0,37.0,2.4,1,1,0,0,5,5,1,1,-2.2780261593089213,-0.6233522404391632,8.461049,8.224128,-63.445004,-7.3512735,1,2021-04-29,14.75,0.0,19.488571428571426,15.661428571428571,1.0,241.87428571428572,2021,4,29,51.0,0,China_1007.csv
2021-04-30,1007,55.0,28.0,12.0,2.0,28.0,1.0,1,1,0,0,5,5,1,1,-2.9141501212727516,-2.016700462939616,7.633363,10.538726,-56.181427,-50.53322,1,2021-04-30,9.955714285714285,0.0,49.00571428571429,11.434285714285716,1.0,204.82714285714286,2021,4,30,55.0,0,China_1007.csv
2021-05-01,1007,52.0,25.0,8.0,2.0,31.0,1.0,1,1,0,0,5,5,1,1,-3.597109854337311,-1.3806192696044148,8.478615,11.06151,-62.458572,-39.748684,1,2021-05-01,13.808571428571428,0.0,21.57857142857143,16.464285714285715,1.0,238.73142857142855,2021,5,1,52.0,0,China_1007.csv
2021-05-02,1007,39.0,36.0,7.0,1.0,39.0,2.0,1,1,0,0,5,5,1,1,-4.125463136419446,-0.3968148674556701,8.5032625,8.567283,-67.52817,-4.8930693,1,2021-05-02,15.39,0.0,30.844285714285714,15.465714285714286,1.0,200.75,2021,5,2,39.0,0,China_1007.csv
2021-05-03,1007,40.0,58.0,9.0,4.0,53.0,1.0,1,1,0,0,5,5,0,0,-2.053287141430938,1.0924011943213348,3.079895,5.2412,-48.611855,58.644165,1,2021-05-03,18.10857142857143,0.0,40.058571428571426,12.444285714285714,1.0,245.33285714285714,2021,5,3,58.0,0,China_1007.csv
2021-05-04,1007,87.0,44.0,5.0,2.0,37.0,1.2,1,1,0,0,1,1,3,3,-2.902975580005798,0.10843007165263323,10.090668,8.853176,-26.750334,-26.182028,1,2021-05-04,15.484285714285715,0.0,22.25,15.278571428571428,1.0,276.8442857142857,2021,5,4,87.0,0,China_1007.csv
2021-05-05,1007,45.0,65.0,7.0,1.0,48.0,1.0,1,1,0,0,5,5,1,1,-3.7380189247980056,0.7608938760718615,8.88939,8.5300665,-47.320354,-10.082036,1,2021-05-05,20.79,0.0,22.518571428571427,20.801428571428573,1.0,209.49857142857144,2021,5,5,65.0,0,China_1007.csv
2021-05-06,1007,63.0,243.0,7.0,3.0,39.0,1.0,1,1,0,0,5,5,10,10,0.5791157651110952,3.316748723298934,15.567524,2.9221942,45.74158,38.61089,1,2021-05-06,18.572857142857142,0.0,23.69142857142857,20.735714285714288,1.0,282.5885714285714,2021,5,6,243.0,0,China_1007.csv
2021-05-07,1007,146.0,96.0,3.0,2.0,38.0,1.4,1,1,0,0,1,1,3,3,-1.0237364808312874,1.792034954234575,13.532374,3.8868992,43.3885,13.553335,1,2021-05-07,21.114285714285717,0.0,20.304285714285715,20.505714285714284,1.0,242.07285714285715,2021,5,7,146.0,0,China_1007.csv
2021-05-08,1007,110.0,110.0,7.0,2.0,36.0,1.0,1,1,0,0,1,1,10,10,-1.0981209018904767,1.0619246040903163,13.88503,3.842475,40.478138,22.918686,1,2021-05-08,19.139999999999997,0.0,22.36285714285714,14.541428571428572,1.0,191.07714285714286,2021,5,8,110.0,0,China_1007.csv
2021-05-09,1007,87.0,51.0,16.0,3.0,50.0,1.0,1,1,0,0,5,5,5,5,-0.6820505906453874,0.19889539896275757,7.096334,6.6011558,-32.453827,-0.5248724,1,2021-05-09,19.744285714285716,0.0,25.714285714285715,9.459999999999999,1.0,108.65428571428572,2021,5,9,87.0,0,China_1007.csv
2021-05-10,1007,80.0,45.0,9.0,4.0,48.0,1.0,1,1,0,0,5,5,0,0,-1.4104074651570857,0.7393854355191413,4.1137013,4.727753,-36.53331,38.28208,1,2021-05-10,17.94,0.0,46.25857142857143,9.465714285714286,1.0,145.02285714285713,2021,5,10,80.0,0,China_1007.csv
2021-05-11,1007,65.0,41.0,12.0,6.0,69.0,1.0,2,2,1,1,3,3,0,0,-0.244180474946614,2.249035852279431,2.7982402,2.5981157,-20.180967,66.85216,1,2021-05-11,18.228571428571428,0.0,50.74285714285714,10.584285714285715,1.0,134.25142857142856,2021,5,11,69.0,0,China_1007.csv
2021-05-12,1007,73.0,45.0,14.0,4.0,66.0,1.2,2,2,1,1,3,3,0,0,-0.748574390332264,1.7443950374813386,1.9240342,4.1114874,-38.329445,70.56208,1,2021-05-12,20.864285714285717,0.0,47.76857142857143,8.321428571428571,1.0,92.15857142857143,2021,5,12,73.0,0,China_1007.csv
2021-05-13,1007,52.0,54.0,15.0,9.0,44.0,2.0,0,0,2,2,5,5,0,0,1.894142948806379,0.2830102877162455,4.490657,1.747374,6.7600045,29.466118,1,2021-05-13,20.214285714285715,0.0,67.51714285714286,7.622857142857143,1.0,130.59857142857143,2021,5,13,54.0,0,China_1007.csv
2021-05-14,1007,113.0,52.0,14.0,9.0,38.0,3.8,0,0,2,2,4,4,8,8,3.4444239181042104,0.613152750038528,9.098366,-3.9615724,87.98861,20.71535,1,2021-05-14,20.57,0.0,68.13285714285715,9.005714285714287,1.0,128.93285714285713,2021,5,14,113.0,0,China_1007.csv
2021-05-15,1007,110.0,25.0,8.0,3.0,29.0,2.2,1,1,0,0,1,1,3,3,-1.5306022047442633,-0.8122662603419278,10.428815,7.264601,1.3450437,-6.4665003,1,2021-05-15,18.024285714285714,0.0,38.00571428571429,20.82,1.0,190.05714285714288,2021,5,15,110.0,0,China_1007.csv
2021-05-16,1007,50.0,14.0,7.0,1.0,37.0,1.2,1,1,0,0,5,5,1,1,-4.435760016377289,-1.0003357600081806,10.631298,11.710042,-79.40757,-15.059815,1,2021-05-16,18.52285714285714,0.0,37.40428571428571,8.161428571428571,1.0,227.00428571428571,2021,5,16,50.0,0,China_1007.csv
2021-05-17,1007,14.0,33.0,14.0,3.0,46.0,1.4,1,1,0,0,5,5,5,5,-2.758198553824329,-0.727846775808334,3.776483,7.790575,-58.20494,55.55775,1,2021-05-17,22.98428571428571,0.0,30.962857142857143,11.132857142857143,1.0,223.16428571428574,2021,5,17,46.0,0,China_1007.csv
2021-05-18,1007,46.0,53.0,18.0,4.0,56.0,1.2,1,1,0,0,5,5,5,5,-0.6516338246515758,0.3472943453597875,2.8911602,5.097436,-53.088963,64.413704,1,2021-05-18,23.914285714285715,0.0,35.70285714285715,10.544285714285715,1.0,211.34428571428572,2021,5,18,56.0,0,China_1007.csv
2021-05-19,1007,68.0,59.0,11.0,5.0,88.0,2.0,2,2,1,1,3,3,11,11,-0.2853292201019421,4.441892430059395,0.32408595,1.434449,19.063745,86.75347,1,2021-05-19,24.46857142857143,0.0,47.847142857142856,15.198571428571428,1.0,196.68571428571428,2021,5,19,88.0,0,China_1007.csv
2021-05-20,1007,86.0,56.0,7.0,4.0,67.0,1.0,2,2,1,1,3,3,0,0,-1.3433427272028113,2.8660433295061014,2.6617763,3.9854913,1.3537883,49.313564,1,2021-05-20,22.037142857142857,0.0,63.21999999999999,10.948571428571428,1.0,202.95142857142858,2021,5,20,86.0,0,China_1007.csv
2021-05-21,1007,100.0,58.0,10.0,6.0,93.0,2.2,2,2,1,1,3,3,11,11,0.8413177564908975,5.347541210238039,0.92562383,1.0427061,17.460049,83.32933,1,2021-05-21,24.365714285714287,0.0,57.279999999999994,10.817142857142857,1.0,189.29142857142855,2021,5,21,100.0,0,China_1007.csv
2021-05-22,1007,113.0,58.0,9.0,5.0,95.0,1.0,2,2,1,1,3,3,11,11,0.16731450616679094,5.436760161418818,1.8554541,1.6563718,1.6709371,77.07225,1,2021-05-22,23.625714285714285,0.0,60.82285714285714,16.072857142857142,1.0,217.24571428571429,2021,5,22,113.0,0,China_1007.csv
2021-05-23,1007,90.0,115.0,5.0,1.0,30.0,1.0,1,1,0,0,1,1,10,10,-2.2887418458838042,0.598039608513492,14.037645,3.7620075,42.99403,22.081266,1,2021-05-23,20.005714285714284,0.0,32.142857142857146,12.097142857142856,1.0,278.29714285714283,2021,5,23,115.0,0,China_1007.csv
2021-05-24,1007,110.0,50.0,7.0,1.0,31.0,2.2,1,1,0,0,1,1,3,3,-2.335428434456582,-0.28150310886195795,11.020875,6.734972,8.995958,-9.188876,1,2021-05-24,17.17142857142857,0.0,31.72142857142857,11.282857142857143,1.0,259.3285714285714,2021,5,24,110.0,0,China_1007.csv
2021-05-25,1007,57.0,55.0,7.0,2.0,58.0,1.0,1,1,0,0,5,5,0,0,-3.079917218630969,1.6530901300982968,2.007581,6.3037577,-71.37026,41.18571,1,2021-05-25,20.181428571428572,0.0,35.48714285714286,12.588571428571429,1.0,129.26285714285714,2021,5,25,58.0,0,China_1007.csv
2021-05-26,1007,56.0,48.0,12.0,4.0,42.0,1.8,1,1,0,0,5,5,0,0,-1.2762393245976937,-0.11824047282947998,8.368042,6.509368,-57.074707,2.2747974,1,2021-05-26,20.255714285714287,0.0,42.19714285714286,11.418571428571429,1.0,235.72571428571428,2021,5,26,56.0,0,China_1007.csv
2021-05-27,1007,51.0,37.0,14.0,2.0,34.0,1.2,1,1,0,0,5,5,1,1,-2.504674104168576,-1.5556433062947317,7.4591923,10.318587,-61.745525,-56.952457,1,2021-05-27,21.595714285714283,0.0,35.82285714285714,17.332857142857144,1.0,270.9642857142857,2021,5,27,51.0,0,China_1007.csv
2021-05-28,1007,53.0,18.0,6.0,1.0,40.0,1.2,1,1,0,0,5,5,1,1,-4.442825812764236,-0.5339145727072417,10.711443,11.672561,-79.24452,-16.608831,1,2021-05-28,22.117142857142856,0.0,32.12571428571429,16.475714285714286,1.0,186.4,2021,5,28,53.0,0,China_1007.csv
2021-05-29,1007,22.0,34.0,11.0,3.0,53.0,1.2,1,1,0,0,5,5,0,0,-3.0308954592461292,0.2663129102628935,2.978121,7.1644,-66.877174,31.01898,1,2021-05-29,20.687142857142856,0.0,44.61,11.278571428571428,1.0,128.28428571428572,2021,5,29,53.0,0,China_1007.csv
2021-05-30,1007,41.0,33.0,11.0,3.0,69.0,1.0,2,2,1,1,5,5,0,0,-2.6424878657344495,1.7673887034148192,1.666803,6.0913653,-63.38304,51.828636,1,2021-05-30,20.40142857142857,0.0,52.63142857142857,9.022857142857143,1.0,137.30142857142857,2021,5,30,69.0,0,China_1007.csv
2021-05-31,1007,57.0,40.0,14.0,9.0,26.0,1.0,1,1,2,2,2,2,5,5,1.3521209700793568,-1.560072380277191,6.238815,1.8018374,-3.8301044,17.930502,1,2021-05-31,16.93,0.0,77.9057142857143,5.232857142857143,1.0,151.43,2021,5,31,57.0,0,China_1007.csv
2021-06-01,1007,74.0,32.0,9.0,4.0,50.0,1.0,1,1,0,0,5,5,0,0,-1.7455909109055734,0.6480026109453102,3.9975336,4.762773,-41.698864,41.639736,1,2021-06-01,21.792857142857144,0.0,56.64714285714285,9.582857142857142,1.0,140.6142857142857,2021,6,1,74.0,0,China_1007.csv
2021-06-02,1007,53.0,45.0,15.0,7.0,39.0,1.0,1,1,0,0,5,5,0,0,0.45325932966522614,-0.6563957068545772,6.354228,2.0712585,-5.7953897,18.864521,1,2021-06-02,21.385714285714283,0.0,35.362857142857145,11.197142857142856,1.0,238.10142857142858,2021,6,2,53.0,0,China_1007.csv
2021-06-03,1007,61.0,19.0,8.0,1.0,32.0,1.2,1,1,0,0,5,5,1,1,-3.9850748064801214,-1.3818758599426857,10.533582,11.372316,-40.622643,-42.327103,1,2021-06-03,21.8,0.0,25.601428571428574,14.025714285714287,1.0,284.92571428571426,2021,6,3,61.0,0,China_1007.csv
2021-06-04,1007,14.0,26.0,10.0,2.0,39.0,1.0,1,1,0,0,5,5,1,1,-4.09481376219992,-1.175777270119628,2.2132819,7.882877,-87.40401,15.415055,1,2021-06-04,23.72714285714286,0.0,28.734285714285715,13.447142857142856,1.0,304.6842857142857,2021,6,4,39.0,0,China_1007.csv
2021-06-05,1007,35.0,19.0,10.0,2.0,43.0,1.4,1,1,0,0,5,5,1,1,-3.6497904492589024,-0.7126031173348363,7.782963,9.990575,-76.80318,1.6376998,1,2021-06-05,26.01571428571429,0.0,26.904285714285713,10.785714285714286,1.0,263.9814285714286,2021,6,5,43.0,0,China_1007.csv
2021-06-06,1007,32.0,35.0,11.0,3.0,76.0,1.0,2,2,1,1,3,3,0,0,-2.787344284865579,2.347546328110264,1.526462,5.9243894,-64.69436,51.476658,1,2021-06-06,25.55857142857143,0.0,40.76428571428572,9.034285714285714,1.0,108.33857142857143,2021,6,6,76.0,0,China_1007.csv
2021-06-07,1007,48.0,40.0,9.0,5.0,70.0,1.0,2,2,1,1,3,3,0,0,-1.5936195481422009,2.433156433322531,2.9073207,2.918002,-18.856514,59.837105,1,2021-06-07,22.912857142857142,0.0,60.32714285714286,9.398571428571428,1.0,142.10714285714286,2021,6,7,70.0,0,China_1007.csv
2021-06-08,1007,65.0,43.0,7.0,7.0,108.0,1.0,2,2,1,1,3,3,11,11,-0.300081586081635,6.360390628247498,1.4069262,1.58764,5.9947677,94.10373,1,2021-06-08,24.72714285714286,0.0,65.00714285714285,5.162857142857143,1.0,112.38714285714286,2021,6,8,108.0,0,China_1007.csv
2021-06-09,1007,78.0,48.0,12.0,7.0,38.0,1.2,1,1,0,0,5,5,0,0,0.6544838090395054,-0.1316719836042853,5.5844846,2.0561342,-1.9628538,21.452608,1,2021-06-09,21.372857142857146,0.0,80.9342857142857,7.79,1.0,224.63571428571427,2021,6,9,78.0,0,China_1007.csv
2021-06-10,1007,84.0,20.0,8.0,3.0,76.0,1.2,2,2,1,1,3,3,0,0,-2.2904466411754143,2.861712968387154,1.7942684,5.170534,8.465223,45.351406,1,2021-06-10,24.16857142857143,0.0,58.39714285714285,8.247142857142858,1.0,205.81,2021,6,10,84.0,0,China_1007.csv
2021-06-11,1007,41.0,36.0,12.0,3.0,79.0,1.4,2,2,1,1,3,3,0,0,-2.3308712432598,2.6549644963454244,1.0235099,5.3511553,-71.41224,58.723816,1,2021-06-11,26.975714285714282,0.0,46.42857142857143,9.944285714285714,1.0,189.72714285714284,2021,6,11,79.0,0,China_1007.csv
2021-06-12,1007,57.0,60.0,16.0,6.0,134.0,1.0,2,2,1,1,3,3,11,11,0.6303877599656972,7.778174763699146,0.47374797,2.3441668,-6.4796395,102.174835,1,2021-06-12,29.09142857142857,0.0,51.48857142857143,9.549999999999999,1.0,160.72,2021,6,12,134.0,0,China_1007.csv
2021-06-13,1007,92.0,65.0,10.0,10.0,108.0,1.0,2,2,1,1,3,3,11,11,2.678191025113463,6.879951774415231,1.5917917,0.9726816,8.077719,101.084915,1,2021-06-13,27.357142857142858,0.0,73.19285714285714,10.358571428571429,1.0,146.13000000000002,2021,6,13,108.0,0,China_1007.csv
2021-06-14,1007,109.0,28.0,6.0,8.0,36.0,1.0,1,1,0,0,1,1,9,9,0.6195027702859182,0.3168003937350145,11.643233,2.6422517,44.86993,-6.869398,1,2021-06-14,24.754285714285714,0.0,81.06714285714285,8.205714285714285,1.0,96.38571428571429,2021,6,14,109.0,0,China_1007.csv
2021-06-15,1007,71.0,33.0,6.0,7.0,95.0,2.0,2,2,1,1,3,3,11,11,-0.2746745553731687,5.378024829110822,1.3953202,1.3662715,10.92774,83.678734,1,2021-06-15,24.931428571428572,0.0,57.76714285714286,7.584285714285714,1.0,141.59571428571428,2021,6,15,95.0,0,China_1007.csv
2021-06-16,1007,70.0,29.0,9.0,6.0,28.0,1.0,1,1,0,0,5,5,0,0,-0.8658779913190149,-1.185962043581605,5.8854165,2.6237767,-12.6730175,19.204521,1,2021-06-16,21.439999999999998,0.0,81.94714285714285,8.192857142857143,1.0,230.47,2021,6,16,70.0,0,China_1007.csv
2021-06-17,1007,64.0,19.0,8.0,3.0,44.0,2.6,1,1,0,0,5,5,1,1,-2.4919485405728823,0.11969506633863682,8.6430645,8.069138,-63.30616,-11.420778,1,2021-06-17,25.57,0.0,35.471428571428575,13.332857142857142,1.0,274.91142857142853,2021,6,17,64.0,0,China_1007.csv
2021-06-18,1007,38.0,23.0,10.0,2.0,40.0,1.2,1,1,0,0,5,5,1,1,-3.5745233514146846,-0.9197860771233787,7.6701946,10.603682,-84.32243,6.238559,1,2021-06-18,26.150000000000002,0.0,25.374285714285715,13.522857142857143,1.0,287.4685714285714,2021,6,18,40.0,0,China_1007.csv
2021-06-19,1007,32.0,29.0,13.0,2.0,43.0,1.2,1,1,0,0,5,5,1,1,-3.1670074278184135,-0.9350026549575866,2.449264,7.6858006,-86.46264,25.902641,1,2021-06-19,28.228571428571428,0.0,21.53142857142857,13.041428571428572,1.0,298.61285714285714,2021,6,19,43.0,0,China_1007.csv
2021-06-20,1007,40.0,27.0,13.0,2.0,51.0,1.6,1,1,0,0,5,5,1,1,-2.912414379813171,-0.1351387894540738,7.715706,9.6669655,-84.682144,28.932987,1,2021-06-20,29.419999999999998,0.0,25.101428571428574,10.367142857142856,1.0,227.51142857142855,2021,6,20,51.0,0,China_1007.csv
2021-06-21,1007,44.0,58.0,14.0,5.0,102.0,2.0,2,2,1,1,3,3,11,11,-0.35304241047027,5.136216131568067,-0.042294312,1.6840293,16.680393,89.97574,1,2021-06-21,28.461428571428574,0.0,34.567142857142855,10.774285714285714,1.0,109.20142857142856,2021,6,21,102.0,0,China_1007.csv
2021-06-22,1007,70.0,31.0,6.0,4.0,94.0,1.0,2,2,1,1,3,3,11,11,-2.170586655122812,4.803013688305935,1.3689345,3.0618553,-7.7364736,82.38471,1,2021-06-22,27.3,0.0,40.32142857142857,9.918571428571427,1.0,151.8685714285714,2021,6,22,94.0,0,China_1007.csv
2021-06-23,1007,52.0,31.0,11.0,3.0,46.0,1.0,1,1,0,0,5,5,1,1,-2.4945348605222266,-0.20391471783985615,3.6047409,7.2534833,-40.11038,-2.9792178,1,2021-06-23,23.889999999999997,0.0,58.167142857142856,6.3028571428571425,1.0,164.0514285714286,2021,6,23,52.0,0,China_1007.csv
2021-06-24,1007,66.0,32.0,10.0,5.0,75.0,1.0,2,2,1,1,3,3,0,0,-1.176643095549544,2.7634606212836808,2.649306,2.5284748,-9.433013,70.12023,1,2021-06-24,24.254285714285714,0.0,69.98571428571428,8.092857142857143,1.0,161.01142857142855,2021,6,24,75.0,0,China_1007.csv
2021-06-25,1007,69.0,51.0,10.0,9.0,76.0,1.4,2,2,1,1,3,3,0,0,1.4321151497609663,3.630179415265953,2.9014225,1.5930514,-4.5525246,63.930054,1,2021-06-25,24.244285714285713,0.0,76.19428571428571,11.995714285714286,1.0,141.75,2021,6,25,76.0,0,China_1007.csv
2021-06-26,1007,99.0,42.0,8.0,6.0,70.0,1.0,2,2,1,1,3,3,0,0,-0.0665974232243674,3.061835499348903,3.4959762,1.714882,0.3255519,54.89109,1,2021-06-26,25.162857142857142,0.0,73.67999999999999,7.104285714285714,1.0,129.15,2021,6,26,99.0,0,China_1007.csv
2021-06-27,1007,66.0,43.0,8.0,7.0,110.0,1.0,2,2,1,1,3,3,11,11,-0.129157470266608,6.432285372716589,1.3435601,1.5139145,5.9366484,94.21449,1,2021-06-27,27.204285714285714,0.0,66.99428571428572,5.355714285714286,1.0,140.97,2021,6,27,110.0,0,China_1007.csv
2021-06-28,1007,84.0,48.0,9.0,7.0,96.0,1.0,2,2,1,1,3,3,11,11,0.4504311363619467,5.313402121108015,1.9670937,1.3411863,5.0441885,68.86707,1,2021-06-28,27.055714285714284,0.0,66.19571428571429,8.0,1.0,142.57857142857142,2021,6,28,96.0,0,China_1007.csv
2021-06-29,1007,91.0,38.0,6.0,5.0,46.0,1.2,1,1,0,0,1,1,0,0,-1.141470643796888,0.9893899172405513,4.80746,3.0342648,-22.277254,32.216522,1,2021-06-29,24.09714285714286,0.0,79.98285714285714,8.597142857142858,1.0,135.40428571428572,2021,6,29,91.0,0,China_1007.csv
2021-06-30,1007,80.0,32.0,6.0,5.0,83.0,1.0,2,2,1,1,3,3,0,0,-1.4305459916632177,4.020818377435786,2.3885865,2.1781735,-5.7665377,72.27795,1,2021-06-30,26.509999999999998,0.0,72.04142857142857,5.5442857142857145,1.0,149.2357142857143,2021,6,30,83.0,0,China_1007.csv
2021-07-01,1007,56.0,28.0,7.0,4.0,64.0,1.0,2,2,1,1,5,5,0,0,-2.45325494516351,1.8955008325382598,3.2222319,4.7449093,-38.59664,52.98247,1,2021-07-01,22.61285714285714,0.0,80.14285714285714,6.602857142857142,1.0,150.66857142857143,2021,7,1,64.0,0,China_1007.csv
2021-07-02,1007,45.0,24.0,6.0,4.0,81.0,1.0,2,2,1,1,3,3,0,0,-2.8576158849407616,3.3489394345044943,2.4926546,4.4477262,-36.25331,59.14052,1,2021-07-02,25.49142857142857,0.0,71.62428571428572,9.377142857142857,1.0,180.3642857142857,2021,7,2,81.0,0,China_1007.csv
2021-07-03,1007,41.0,21.0,5.0,5.0,68.0,1.0,2,2,1,1,3,3,0,0,-2.6345980446127504,2.326865318661316,3.6568956,2.7803872,-18.705898,53.55565,1,2021-07-03,23.00142857142857,0.0,80.67285714285715,6.594285714285713,1.0,124.97857142857143,2021,7,3,68.0,0,China_1007.csv
2021-07-04,1007,31.0,20.0,6.0,3.0,56.0,1.0,1,1,0,0,5,5,0,0,-3.8232074482544354,0.8846810727353852,2.9576926,6.8721595,-63.26398,35.07168,1,2021-07-04,25.794285714285714,0.0,73.82857142857142,6.732857142857143,1.0,206.11285714285714,2021,7,4,56.0,0,China_1007.csv
2021-07-05,1007,37.0,32.0,13.0,4.0,73.0,1.0,2,2,1,1,3,3,0,0,-1.91163896994766,1.938926251920199,2.0153835,4.4626293,-43.402637,67.668434,1,2021-07-05,25.09857142857143,0.0,79.29142857142857,5.912857142857143,1.0,149.8685714285714,2021,7,5,73.0,0,China_1007.csv
2021-07-06,1007,48.0,25.0,6.0,4.0,72.0,1.0,2,2,1,1,3,3,0,0,-2.7991104935064834,2.597842495529024,3.0892396,4.676031,-38.142216,52.24145,1,2021-07-06,24.654285714285717,0.0,79.78,4.861428571428571,1.0,179.33571428571426,2021,7,6,72.0,0,China_1007.csv
2021-07-07,1007,45.0,42.0,8.0,7.0,94.0,1.0,2,2,1,1,3,3,11,11,-0.6400644704891971,4.84727412811284,2.4180467,1.9723791,-8.702753,64.2124,1,2021-07-07,26.325714285714287,0.0,80.80428571428571,6.025714285714286,1.0,187.45285714285714,2021,7,7,94.0,0,China_1007.csv
2021-07-08,1007,75.0,31.0,10.0,5.0,81.0,1.0,2,2,1,1,3,3,0,0,-0.9829504805465101,3.343109492939335,2.42838,2.3252604,-8.844388,70.37953,1,2021-07-08,26.297142857142855,0.0,78.83857142857143,5.577142857142857,1.0,132.08285714285714,2021,7,8,81.0,0,China_1007.csv
2021-07-09,1007,53.0,31.0,9.0,6.0,105.0,1.2,2,2,1,1,3,3,11,11,-0.9611983611729598,5.5207722226027105,1.4072092,1.9908828,4.8087697,92.42671,1,2021-07-09,27.157142857142855,0.0,76.55285714285715,5.075714285714286,1.0,123.11285714285714,2021,7,9,105.0,0,China_1007.csv
2021-07-10,1007,56.0,50.0,12.0,8.0,105.0,1.0,2,2,1,1,3,3,11,11,0.8671675845034188,5.679332020947946,1.2209775,1.6162328,3.4313948,102.34699,1,2021-07-10,27.962857142857143,0.0,80.03142857142858,6.93,1.0,130.7357142857143,2021,7,10,105.0,0,China_1007.csv
2021-07-11,1007,81.0,39.0,9.0,6.0,95.0,2.0,2,2,1,1,3,3,11,11,-0.06343034605369695,5.131228685782194,1.0445334,1.2616943,14.3258095,83.70798,1,2021-07-11,26.877142857142854,0.0,84.88714285714286,10.28,1.0,185.06,2021,7,11,95.0,0,China_1007.csv
2021-07-12,1007,73.0,8.0,6.0,3.0,33.0,1.0,1,1,0,0,5,5,1,1,-3.166075130690118,-1.0182914164056749,7.02419,8.900425,-55.749653,11.464736,1,2021-07-12,24.087142857142858,0.0,92.94142857142857,8.34,1.0,143.48857142857142,2021,7,12,73.0,0,China_1007.csv
2021-07-13,1007,22.0,18.0,8.0,6.0,51.0,1.0,1,1,0,0,5,5,0,0,-2.169273759037684,0.3913752662074033,4.1739483,3.3235488,-22.991777,53.632248,1,2021-07-13,26.31142857142857,0.0,89.05571428571429,4.167142857142857,1.0,110.31285714285714,2021,7,13,51.0,0,China_1007.csv
2021-07-14,1007,43.0,28.0,7.0,6.0,72.0,1.0,2,2,1,1,3,3,0,0,-1.6444417733204952,2.6805779747905913,3.3723328,2.355542,-11.544612,60.05659,1,2021-07-14,26.867142857142856,0.0,86.65428571428572,6.855714285714286,1.0,121.14428571428572,2021,7,14,72.0,0,China_1007.csv
2021-07-15,1007,64.0,34.0,6.0,7.0,71.0,2.0,2,2,1,1,3,3,0,0,-0.4702946803414588,3.2314146149562277,3.7202656,2.7105775,-19.749529,42.236195,1,2021-07-15,27.452857142857145,0.0,80.50714285714285,7.3914285714285715,1.0,99.07142857142857,2021,7,15,71.0,0,China_1007.csv
2021-07-16,1007,74.0,29.0,2.0,6.0,56.0,1.4,1,1,0,0,5,5,0,0,-1.6250512899357155,2.1565800577360337,4.6361904,2.6215365,-17.189587,34.412395,1,2021-07-16,26.49857142857143,0.0,81.22571428571429,9.671428571428573,1.0,82.61428571428571,2021,7,16,74.0,0,China_1007.csv
2021-07-17,1007,62.0,22.0,1.0,6.0,30.0,1.0,1,1,0,0,5,5,1,1,-2.3013146590518745,-0.29781477976152676,5.208404,3.493757,-25.659683,23.893286,1,2021-07-17,25.53,0.0,88.06428571428572,8.117142857142857,1.0,120.13285714285713,2021,7,17,62.0,0,China_1007.csv
2021-07-18,1007,46.0,27.0,5.0,6.0,25.0,1.0,1,1,0,0,5,5,1,1,-2.002264444668406,-1.2218047375414716,5.334708,3.3140016,-23.863626,17.266277,1,2021-07-18,24.14428571428571,0.0,93.27285714285713,4.485714285714286,1.0,104.10142857142857,2021,7,18,46.0,0,China_1007.csv
2021-07-19,1007,56.0,24.0,4.0,5.0,52.0,1.0,1,1,0,0,5,5,0,0,-2.4458382812197224,1.1983085865459058,4.5161867,2.9003577,-17.78658,31.089739,1,2021-07-19,25.37285714285714,0.0,89.59142857142857,5.017142857142858,1.0,106.98714285714286,2021,7,19,56.0,0,China_1007.csv
2021-07-20,1007,56.0,30.0,4.0,4.0,49.0,1.0,1,1,0,0,5,5,0,0,-2.8913418393755745,0.9457234478575292,4.2208085,4.708282,-39.224205,35.12167,1,2021-07-20,26.09714285714286,0.0,83.10714285714286,6.081428571428572,1.0,122.60142857142857,2021,7,20,56.0,0,China_1007.csv
2021-07-21,1007,63.0,31.0,9.0,5.0,34.0,1.2,1,1,0,0,5,5,1,1,-1.4581546994527885,-0.7346759368365449,5.466254,3.3575733,-17.979338,19.871048,1,2021-07-21,24.73,0.0,92.20714285714287,5.761428571428572,1.0,146.3014285714286,2021,7,21,63.0,0,China_1007.csv
2021-07-22,1007,59.0,24.0,12.0,7.0,24.0,1.0,1,1,0,0,5,5,5,5,-0.22710144828201795,-1.951143080406861,6.1759152,2.26741,-7.8623424,17.370102,1,2021-07-22,23.990000000000002,0.0,92.51285714285714,4.9399999999999995,1.0,160.24428571428572,2021,7,22,59.0,0,China_1007.csv
2021-07-23,1007,52.0,25.0,10.0,5.0,52.0,1.0,1,1,0,0,5,5,0,0,-1.6507029512174645,0.5148938117252818,4.2980523,3.228197,-27.597704,51.677887,1,2021-07-23,26.062857142857144,0.0,80.64285714285714,7.418571428571428,1.0,180.06,2021,7,23,52.0,0,China_1007.csv
2021-07-24,1007,53.0,44.0,10.0,5.0,68.0,1.0,2,2,1,1,3,3,0,0,-1.2814454496632244,2.2521973634919523,2.9199214,2.9158878,-19.120596,59.954926,1,2021-07-24,27.607142857142858,0.0,79.34571428571428,8.358571428571429,1.0,182.99857142857144,2021,7,24,68.0,0,China_1007.csv
2021-07-25,1007,78.0,46.0,9.0,5.0,63.0,1.0,2,2,1,1,3,3,0,0,-0.8647883106256224,2.1505179274129187,3.5043473,2.574804,-7.3949285,46.334476,1,2021-07-25,28.0,0.0,80.30857142857143,9.151428571428571,1.0,176.51285714285714,2021,7,25,78.0,0,China_1007.csv
2021-07-26,1007,79.0,48.0,7.0,8.0,57.0,1.0,2,2,1,1,3,3,0,0,0.4907764498179551,2.1606596613732205,3.8150244,1.5974026,6.072376,59.739502,1,2021-07-26,26.650000000000002,0.0,87.22714285714287,8.842857142857143,1.0,139.05285714285714,2021,7,26,79.0,0,China_1007.csv
2021-07-27,1007,80.0,20.0,8.0,6.0,32.0,1.2,1,1,0,0,5,5,0,0,-0.8824102489853485,-0.7643198188911102,5.662588,2.7454884,-12.938725,21.568552,1,2021-07-27,24.34,0.0,92.26142857142858,7.1085714285714285,1.0,102.51857142857143,2021,7,27,80.0,0,China_1007.csv
2021-07-28,1007,52.0,19.0,8.0,7.0,22.0,1.2,1,1,0,0,5,5,1,1,-0.9947088680256243,-1.784821694675958,5.651227,3.0509462,-21.664755,16.30467,1,2021-07-28,24.172857142857143,0.0,89.24428571428572,6.264285714285714,1.0,182.59,2021,7,28,52.0,0,China_1007.csv
2021-07-29,1007,47.0,19.0,11.0,6.0,25.0,1.0,1,1,0,0,5,5,1,1,-1.24452690844232,-2.019813565804029,5.9132257,2.9052267,-20.357155,15.892136,1,2021-07-29,22.981428571428573,0.0,86.79142857142857,12.714285714285714,1.0,238.44714285714286,2021,7,29,47.0,0,China_1007.csv
2021-07-30,1007,47.0,12.0,8.0,4.0,37.0,1.0,1,1,0,0,5,5,1,1,-2.830505077381655,-0.9309015465096901,4.7905517,4.9547644,-40.515778,22.139547,1,2021-07-30,24.142857142857142,0.0,81.83857142857143,9.37857142857143,1.0,184.20142857142858,2021,7,30,47.0,0,China_1007.csv
2021-07-31,1007,27.0,35.0,7.0,6.0,103.0,1.8,2,2,1,1,3,3,11,11,-1.6122192652331877,5.539907149493513,0.1794429,1.6947508,12.50642,88.48738,1,2021-07-31,27.124285714285715,0.0,72.98857142857142,7.948571428571428,1.0,207.89857142857142,2021,7,31,103.0,0,China_1007.csv
2021-08-01,1007,61.0,16.0,6.0,3.0,40.0,1.0,1,1,0,0,5,5,1,1,-3.2787847379727353,-0.35917445975146706,6.8299646,8.963906,-55.81908,15.986662,1,2021-08-01,26.12,0.0,55.94714285714286,12.854285714285714,1.0,245.4157142857143,2021,8,1,61.0,0,China_1007.csv
2021-08-02,1007,20.0,16.0,6.0,3.0,58.0,1.0,1,1,0,0,5,5,0,0,-4.1209930340252505,0.9078923498814903,2.9910872,6.967404,-64.732185,35.02083,1,2021-08-02,25.76571428571429,0.0,70.95142857142856,6.76,1.0,119.39285714285714,2021,8,2,58.0,0,China_1007.csv
2021-08-03,1007,18.0,35.0,5.0,7.0,82.0,1.0,2,2,1,1,3,3,0,0,-1.8006372558230122,3.8005588912387966,3.111227,2.345162,-12.014914,63.34169,1,2021-08-03,25.851428571428574,0.0,78.04428571428572,8.632857142857143,1.0,183.87571428571428,2021,8,3,82.0,0,China_1007.csv
2021-08-04,1007,48.0,45.0,7.0,7.0,82.0,1.0,2,2,1,1,3,3,0,0,-0.7009907016388791,3.978073454476674,2.9122493,1.8730159,-7.2639914,63.08375,1,2021-08-04,26.285714285714285,0.0,82.44428571428571,7.267142857142857,1.0,180.56571428571428,2021,8,4,82.0,0,China_1007.csv
2021-08-05,1007,89.0,46.0,9.0,7.0,85.0,1.0,2,2,1,1,3,3,11,11,0.49866133541840113,4.350855022468983,2.3029168,1.346107,4.250121,68.39396,1,2021-08-05,25.071428571428573,0.0,82.82714285714285,4.7128571428571435,1.0,187.25571428571428,2021,8,5,89.0,0,China_1007.csv
2021-08-06,1007,78.0,35.0,8.0,5.0,84.0,1.0,2,2,1,1,3,3,0,0,-1.134271830334003,3.921140623980921,2.3555498,2.221881,-8.179513,71.056076,1,2021-08-06,25.37714285714286,0.0,80.51714285714286,5.9471428571428575,1.0,207.85714285714286,2021,8,6,84.0,0,China_1007.csv
2021-08-07,1007,77.0,55.0,9.0,7.0,111.0,1.6,2,2,1,1,3,3,11,11,0.5904113706658192,6.80086585419483,1.1810727,1.1854993,12.565758,96.37541,1,2021-08-07,26.43285714285714,0.0,79.52857142857144,5.844285714285713,1.0,174.0585714285714,2021,8,7,111.0,0,China_1007.csv
2021-08-08,1007,110.0,57.0,11.0,6.0,90.0,1.4,2,2,1,1,3,3,11,11,0.9909005910729454,4.893910910236291,1.961427,1.2119676,7.2000623,78.36402,1,2021-08-08,26.607142857142858,0.0,79.34571428571428,6.612857142857143,1.0,211.03142857142856,2021,8,8,110.0,0,China_1007.csv
2021-08-09,1007,105.0,21.0,5.0,4.0,93.0,1.0,2,2,1,1,3,3,11,11,-1.7215968657244618,4.92580550374989,1.931268,3.507495,-9.370305,78.68208,1,2021-08-09,24.577142857142857,0.0,81.45857142857143,5.688571428571429,1.0,200.55571428571426,2021,8,9,105.0,0,China_1007.csv
2021-08-10,1007,54.0,26.0,7.0,6.0,92.0,1.2,2,2,1,1,3,3,0,0,-1.3416213764056755,4.523857393853015,2.2502377,2.056711,-5.286033,69.61149,1,2021-08-10,25.672857142857143,0.0,74.49285714285715,7.627142857142857,1.0,179.68571428571428,2021,8,10,92.0,0,China_1007.csv
2021-08-11,1007,60.0,48.0,10.0,9.0,78.0,1.0,2,2,1,1,3,3,0,0,1.100097632228298,3.616680619564615,2.9247324,1.5465466,-4.1784887,63.790764,1,2021-08-11,25.33142857142857,0.0,79.27285714285713,6.458571428571429,1.0,109.10714285714286,2021,8,11,78.0,0,China_1007.csv
2021-08-12,1007,90.0,40.0,7.0,8.0,74.0,1.0,2,2,1,1,3,3,0,0,0.6421299864369702,3.603640714605236,3.259013,1.3660345,6.7959523,60.49101,1,2021-08-12,24.131428571428575,0.0,85.89714285714285,5.481428571428571,1.0,139.8057142857143,2021,8,12,90.0,0,China_1007.csv
2021-08-13,1007,78.0,34.0,9.0,6.0,76.0,1.0,2,2,1,1,3,3,0,0,-0.4912446724294058,3.1801530416224155,3.261828,1.9633169,-5.948749,56.977127,1,2021-08-13,23.87142857142857,0.0,84.96285714285715,7.214285714285714,1.0,132.95857142857145,2021,8,13,78.0,0,China_1007.csv
2021-08-14,1007,69.0,32.0,7.0,5.0,51.0,1.6,1,1,0,0,5,5,0,0,-1.4642134943990668,1.1152134000724812,4.420724,3.216966,-19.827837,37.31134,1,2021-08-14,23.194285714285716,0.0,86.07142857142857,7.322857142857143,1.0,150.03571428571428,2021,8,14,69.0,0,China_1007.csv
2021-08-15,1007,70.0,33.0,9.0,6.0,43.0,1.6,1,1,0,0,5,5,0,0,-0.6229261948114923,0.30431477235118326,4.871734,3.0379498,-9.741023,26.336145,1,2021-08-15,23.075714285714287,0.0,87.1557142857143,6.355714285714286,1.0,121.34,2021,8,15,70.0,0,China_1007.csv
2021-08-16,1007,69.0,34.0,8.0,7.0,58.0,1.2,2,2,1,1,3,3,0,0,-0.2936189190218196,1.7656528988105318,4.359425,2.0861127,-9.634588,34.925385,1,2021-08-16,23.548571428571428,0.0,86.54285714285713,5.724285714285714,1.0,134.16142857142856,2021,8,16,69.0,0,China_1007.csv
2021-08-17,1007,70.0,21.0,7.0,5.0,53.0,1.0,1,1,0,0,5,5,0,0,-1.7560766352962978,1.008026336377154,4.3570967,2.8726857,-13.876948,44.86072,1,2021-08-17,23.59,0.0,77.15857142857143,5.314285714285715,1.0,153.98285714285717,2021,8,17,70.0,0,China_1007.csv
2021-08-18,1007,41.0,27.0,9.0,5.0,48.0,1.6,1,1,0,0,5,5,0,0,-1.8701848384359925,0.3279374999109207,4.3000503,3.5135686,-24.94005,51.484383,1,2021-08-18,24.328571428571426,0.0,77.12285714285714,6.812857142857142,1.0,170.41000000000003,2021,8,18,48.0,0,China_1007.csv
2021-08-19,1007,58.0,28.0,7.0,5.0,35.0,1.0,1,1,0,0,5,5,1,1,-1.947766863113858,-0.5475567962359663,5.3105254,3.4297283,-20.056707,20.924133,1,2021-08-19,20.189999999999998,0.0,91.37857142857142,5.271428571428571,1.0,166.03,2021,8,19,58.0,0,China_1007.csv
2021-08-20,1007,59.0,14.0,5.0,6.0,59.0,1.0,2,2,1,1,5,5,0,0,-1.845817659410586,1.6459647963075021,4.3029475,2.4236,-14.326545,36.727486,1,2021-08-20,22.961428571428574,0.0,83.31428571428572,5.501428571428571,1.0,185.96,2021,8,20,59.0,0,China_1007.csv
2021-08-21,1007,30.0,21.0,5.0,6.0,59.0,1.0,1,1,0,0,5,5,0,0,-2.360248034019771,1.5419991165077305,4.251792,2.511759,-12.460187,37.86593,1,2021-08-21,24.77,0.0,74.21285714285715,7.921428571428572,1.0,192.63285714285715,2021,8,21,59.0,0,China_1007.csv
2021-08-22,1007,37.0,56.0,8.0,9.0,63.0,1.4,2,2,1,1,3,3,0,0,0.49922377644092736,2.549554354377384,3.0484476,1.7344139,-3.6432776,62.37656,1,2021-08-22,25.664285714285715,0.0,83.73571428571428,9.258571428571429,1.0,199.9842857142857,2021,8,22,63.0,0,China_1007.csv
2021-08-23,1007,99.0,40.0,5.0,6.0,67.0,1.2,2,2,1,1,3,3,0,0,-0.49240975380863017,3.133480202878719,3.547312,1.7766712,-1.5526112,53.075333,1,2021-08-23,23.89428571428571,0.0,82.08285714285715,9.530000000000001,1.0,201.24857142857144,2021,8,23,99.0,0,China_1007.csv
2021-08-24,1007,73.0,20.0,6.0,3.0,42.0,1.4,1,1,0,0,5,5,1,1,-2.855605592592924,0.0460290344713759,7.5665216,8.64094,-47.057125,11.150025,1,2021-08-24,21.10571428571429,0.0,66.91142857142857,8.177142857142856,1.0,258.1985714285714,2021,8,24,73.0,0,China_1007.csv
2021-08-25,1007,39.0,15.0,8.0,4.0,38.0,1.0,1,1,0,0,5,5,1,1,-2.9526090428682195,-0.8534966142285402,4.6744733,4.930867,-40.443188,22.039492,1,2021-08-25,21.148571428571426,0.0,63.32142857142857,7.874285714285714,1.0,253.26714285714283,2021,8,25,39.0,0,China_1007.csv
2021-08-26,1007,21.0,15.0,6.0,3.0,37.0,1.2,1,1,0,0,5,5,1,1,-4.1214307065200915,-0.9129397847951639,5.6886373,9.275888,-67.478096,20.974638,1,2021-08-26,21.775714285714287,0.0,65.94571428571429,9.904285714285715,1.0,266.32714285714286,2021,8,26,37.0,0,China_1007.csv
2021-08-27,1007,21.0,23.0,9.0,5.0,47.0,1.0,1,1,0,0,5,5,0,0,-2.510858437832885,-0.08542209770287278,4.2328897,3.532237,-24.503778,54.33188,1,2021-08-27,22.065714285714286,0.0,66.96428571428571,8.982857142857144,1.0,247.26714285714283,2021,8,27,47.0,0,China_1007.csv
2021-08-28,1007,41.0,23.0,10.0,2.0,35.0,1.0,1,1,0,0,5,5,1,1,-3.5690004260922232,-1.370803293370587,7.525277,10.997196,-85.12737,6.6037693,1,2021-08-28,21.032857142857143,0.0,73.55999999999999,5.871428571428572,1.0,257.3228571428571,2021,8,28,41.0,0,China_1007.csv
2021-08-29,1007,38.0,31.0,8.0,2.0,63.0,1.2,1,1,0,0,5,5,0,0,-3.6758175102733346,1.4613514015199736,1.6888474,6.960406,-80.06058,42.73651,1,2021-08-29,22.595714285714287,0.0,78.97714285714285,5.621428571428572,1.0,184.50142857142856,2021,8,29,63.0,0,China_1007.csv
2021-08-30,1007,56.0,40.0,13.0,4.0,58.0,3.4,1,1,0,0,5,5,8,8,-0.846428247328773,1.3170127187402374,7.231642,-3.5075264,65.14581,48.475975,1,2021-08-30,23.261428571428574,0.0,78.85000000000001,4.112857142857143,1.0,173.53428571428572,2021,8,30,58.0,0,China_1007.csv
2021-08-31,1007,71.0,27.0,8.0,7.0,58.0,1.2,2,2,1,1,3,3,0,0,-0.363590221234264,1.6619993737583552,4.410523,2.090871,-9.783169,34.840725,1,2021-08-31,21.192857142857143,0.0,79.82714285714285,6.888571428571429,1.0,226.26714285714283,2021,8,31,71.0,0,China_1007.csv
2021-09-01,1007,60.0,30.0,13.0,5.0,65.0,1.8,2,2,1,1,3,3,0,0,-0.7438219585930608,1.6075931351133916,3.433247,3.3297641,-25.49051,45.71999,1,2021-09-01,22.330000000000002,0.0,74.39999999999999,7.124285714285714,1.0,207.07142857142858,2021,9,1,65.0,0,China_1007.csv
2021-09-02,1007,56.0,34.0,13.0,6.0,66.0,1.4,2,2,1,1,3,3,0,0,-0.32182093992533245,1.754557102184914,2.80595,2.7308612,-22.00701,63.80831,1,2021-09-02,23.291428571428572,0.0,75.25714285714285,7.667142857142857,1.0,204.49428571428572,2021,9,2,66.0,0,China_1007.csv
2021-09-03,1007,64.0,46.0,10.0,8.0,84.0,1.4,2,2,1,1,3,3,11,11,0.7280407626176931,4.119080658791514,2.7316837,1.6400307,-5.3101263,64.26471,1,2021-09-03,24.55,0.0,80.12857142857142,5.978571428571429,1.0,144.86857142857144,2021,9,3,84.0,0,China_1007.csv
2021-09-04,1007,80.0,33.0,10.0,9.0,35.0,1.0,1,1,0,0,5,5,0,0,1.1822703246163717,-0.26463336715035063,5.457834,1.8003573,-4.8261914,21.45259,1,2021-09-04,21.201428571428572,0.0,93.46714285714286,4.4314285714285715,1.0,118.14285714285714,2021,9,4,80.0,0,China_1007.csv
2021-09-05,1007,72.0,23.0,10.0,5.0,35.0,1.0,1,1,0,0,5,5,0,0,-1.2928773304256278,-0.8597561886453147,5.5651393,3.1763074,-18.547386,24.759344,1,2021-09-05,21.59,0.0,87.69857142857143,6.332857142857143,1.0,112.50142857142858,2021,9,5,72.0,0,China_1007.csv
2021-09-06,1007,57.0,10.0,5.0,3.0,26.0,1.0,1,1,0,0,5,5,1,1,-3.6418668773459415,-1.6110601418216537,6.563797,9.178439,-58.438675,11.084991,1,2021-09-06,17.417142857142856,0.0,83.26714285714286,9.114285714285714,1.0,198.72714285714284,2021,9,6,57.0,0,China_1007.csv
2021-09-07,1007,22.0,23.0,7.0,5.0,52.0,1.0,1,1,0,0,5,5,0,0,-2.765164884959181,0.5850268383157082,4.191756,3.457629,-23.264654,54.35151,1,2021-09-07,20.69142857142857,0.0,79.53142857142858,7.441428571428572,1.0,175.1885714285714,2021,9,7,52.0,0,China_1007.csv
2021-09-08,1007,49.0,34.0,6.0,6.0,67.0,1.2,2,2,1,1,3,3,0,0,-1.5274598236219612,2.535361774477546,3.5060902,2.3294349,-11.724959,59.3867,1,2021-09-08,22.270000000000003,0.0,83.38142857142857,5.225714285714285,1.0,195.16714285714286,2021,9,8,67.0,0,China_1007.csv
2021-09-09,1007,67.0,38.0,13.0,7.0,46.0,1.0,1,1,0,0,5,5,0,0,0.37209525933318144,0.170800993295488,5.0865207,2.0487208,3.3930902,26.882027,1,2021-09-09,20.53857142857143,0.0,88.22285714285714,5.464285714285714,1.0,174.6614285714286,2021,9,9,67.0,0,China_1007.csv
2021-09-10,1007,93.0,48.0,11.0,8.0,85.0,1.8,2,2,1,1,3,3,11,11,1.6285599816933671,4.4214802293031585,2.3829498,1.0350214,13.666909,61.234695,1,2021-09-10,22.928571428571427,0.0,80.3157142857143,6.895714285714285,1.0,180.04857142857145,2021,9,10,93.0,0,China_1007.csv
2021-09-11,1007,104.0,59.0,11.0,10.0,94.0,2.8,2,2,1,1,3,3,11,11,3.371585928072817,5.838801855008591,5.9389224,-3.811975,52.670464,64.56824,1,2021-09-11,24.48428571428571,0.0,81.0942857142857,6.541428571428571,1.0,121.16,2021,9,11,104.0,0,China_1007.csv
2021-09-12,1007,125.0,44.0,11.0,9.0,28.0,2.6,0,0,2,2,1,1,9,9,2.835728370187418,-0.18213888771733633,9.206097,-2.2107606,56.536736,3.2136536,1,2021-09-12,21.857142857142858,0.0,88.54142857142857,7.13,1.0,90.07714285714285,2021,9,12,125.0,0,China_1007.csv
2021-09-13,1007,84.0,30.0,11.0,7.0,45.0,1.4,1,1,0,0,5,5,0,0,0.4132892878463234,0.3698932394658478,4.914035,2.1262016,0.6056889,26.316866,1,2021-09-13,23.33857142857143,0.0,83.61285714285714,5.147142857142858,1.0,111.41142857142857,2021,9,13,84.0,0,China_1007.csv
2021-09-14,1007,62.0,33.0,9.0,8.0,35.0,1.0,1,1,0,0,5,5,0,0,0.11336581395293589,-0.38232595141804404,5.352139,1.883757,-5.412333,21.39578,1,2021-09-14,20.634285714285713,0.0,75.73714285714286,4.362857142857143,1.0,135.60714285714286,2021,9,14,62.0,0,China_1007.csv
2021-09-15,1007,62.0,33.0,14.0,6.0,41.0,1.8,1,1,0,0,5,5,0,0,-0.032978065368401484,-0.45652154649693044,5.352499,2.9854593,0.47833166,30.172228,1,2021-09-15,20.634285714285713,0.0,79.75714285714285,4.7057142857142855,1.0,212.8042857142857,2021,9,15,62.0,0,China_1007.csv
2021-09-16,1007,52.0,31.0,16.0,7.0,16.0,1.0,1,1,0,0,5,5,5,5,0.2915733515855441,-3.0356406687513657,6.6990156,2.0470314,2.731257,-54.694515,1,2021-09-16,19.544285714285714,0.0,86.22,5.527142857142857,1.0,216.8685714285714,2021,9,16,52.0,0,China_1007.csv
2021-09-17,1007,60.0,19.0,11.0,4.0,42.0,1.2,1,1,0,0,5,5,0,0,-1.9436890992279865,-0.5726484710226075,5.609251,5.10285,-25.42719,7.3476367,1,2021-09-17,19.955714285714286,0.0,73.25,5.634285714285714,1.0,172.35,2021,9,17,60.0,0,China_1007.csv
2021-09-18,1007,39.0,40.0,18.0,5.0,30.0,1.0,1,1,0,0,5,5,5,5,-0.5906010647347542,-2.1568539348677986,6.231941,4.315867,5.6026087,-79.99884,1,2021-09-18,20.217142857142857,0.0,81.58428571428571,4.7057142857142855,1.0,164.27285714285716,2021,9,18,40.0,0,China_1007.csv
2021-09-19,1007,63.0,27.0,11.0,6.0,24.0,1.0,1,1,0,0,5,5,1,1,-0.7712865274522923,-1.8486503025523529,6.0027947,2.6512089,-12.89409,17.783861,1,2021-09-19,16.908571428571427,0.0,88.86142857142856,10.665714285714285,1.0,187.94714285714284,2021,9,19,63.0,0,China_1007.csv
2021-09-20,1007,65.0,10.0,7.0,5.0,30.0,1.0,1,1,0,0,5,5,1,1,-2.1000560552951866,-1.2393529145808264,5.5390882,3.3251498,-21.389698,23.982433,1,2021-09-20,17.08857142857143,0.0,76.41714285714285,13.6,1.0,291.57714285714286,2021,9,20,65.0,0,China_1007.csv
2021-09-21,1007,22.0,12.0,6.0,5.0,38.0,1.4,1,1,0,0,5,5,1,1,-3.028868282778992,-0.6520297841205754,4.952639,4.900815,-40.474857,16.937975,1,2021-09-21,18.71,0.0,64.35142857142857,9.308571428571428,1.0,293.7371428571428,2021,9,21,38.0,0,China_1007.csv
2021-09-22,1007,23.0,22.0,9.0,4.0,44.0,1.0,1,1,0,0,5,5,1,1,-3.0263332409897656,-0.4416608199074669,4.267675,5.3434978,-50.971046,49.748714,1,2021-09-22,20.217142857142857,0.0,74.75142857142858,6.375714285714286,1.0,177.0957142857143,2021,9,22,44.0,0,China_1007.csv
2021-09-23,1007,32.0,39.0,16.0,7.0,55.0,1.0,2,2,1,1,5,5,0,0,0.0860923807768059,0.37500932401812953,2.8953443,3.1171196,-49.835045,68.730705,1,2021-09-23,21.22142857142857,0.0,77.63571428571429,8.124285714285714,1.0,94.26,2021,9,23,55.0,0,China_1007.csv
2021-09-24,1007,72.0,21.0,12.0,9.0,25.0,1.2,1,1,0,0,5,5,0,0,1.1251951544800736,-1.5979579418198209,5.99653,2.1893506,-8.880871,18.60074,1,2021-09-24,19.024285714285718,0.0,92.96000000000001,8.352857142857143,1.0,85.03571428571429,2021,9,24,72.0,0,China_1007.csv
2021-09-25,1007,56.0,23.0,8.0,6.0,33.0,1.0,1,1,0,0,5,5,0,0,-1.3976766865120456,-0.8444953815705379,5.372708,2.8228288,-14.091218,26.08216,1,2021-09-25,20.25142857142857,0.0,81.44285714285715,6.682857142857143,1.0,143.19571428571427,2021,9,25,56.0,0,China_1007.csv
2021-09-26,1007,47.0,22.0,14.0,7.0,18.0,2.0,1,1,0,0,5,5,5,5,-0.011504468151532197,-2.6553599851078826,8.187812,3.777587,4.530289,-63.61508,1,2021-09-26,19.084285714285716,0.0,90.09285714285714,4.845714285714286,1.0,197.38000000000002,2021,9,26,47.0,0,China_1007.csv
2021-09-27,1007,53.0,20.0,9.0,5.0,143.0,1.6,2,2,1,1,3,3,11,11,-1.4850688278654869,8.652421919183867,0.26236522,0.7864062,21.30907,99.838326,1,2021-09-27,20.482857142857142,0.0,81.85714285714286,6.402857142857143,1.0,170.6957142857143,2021,9,27,143.0,0,China_1007.csv
2021-09-28,1007,35.0,37.0,15.0,6.0,32.0,1.0,1,1,0,0,5,5,5,5,-0.6184139372373683,-1.6370904686873715,5.8428473,3.7161877,-3.4698713,-64.74979,1,2021-09-28,19.62,0.0,85.39285714285714,10.20142857142857,1.0,167.32142857142858,2021,9,28,37.0,0,China_1007.csv
2021-09-29,1007,71.0,33.0,12.0,5.0,41.0,1.4,1,1,0,0,5,5,0,0,-0.7554373308620481,-0.32407851455147474,5.313873,3.073483,-0.6704559,29.863438,1,2021-09-29,19.98857142857143,0.0,72.7957142857143,8.334285714285715,1.0,116.34714285714286,2021,9,29,71.0,0,China_1007.csv
2021-09-30,1007,62.0,52.0,13.0,9.0,27.0,1.0,0,0,2,2,2,2,0,0,1.512760376873878,-1.1180502949473714,6.2567377,1.7940761,-3.723825,17.686583,1,2021-09-30,18.302857142857142,0.0,82.36857142857143,8.717142857142857,1.0,82.41285714285713,2021,9,30,62.0,0,China_1007.csv
2021-10-01,1007,87.0,22.0,9.0,5.0,29.0,1.0,1,1,0,0,5,5,1,1,-1.1437173702312087,-1.1772535259052201,5.752426,3.204243,-19.512602,24.504013,1,2021-10-01,17.56,0.0,60.69,7.828571428571428,1.0,127.04142857142857,2021,10,1,87.0,0,China_1007.csv
2021-10-02,1007,43.0,53.0,20.0,8.0,17.0,2.6,0,0,2,2,2,2,5,5,1.9421189820957503,-2.722011447183555,8.343545,2.9635417,31.670998,-54.49974,1,2021-10-02,18.391428571428573,0.0,91.9057142857143,5.328571428571428,1.0,157.8457142857143,2021,10,2,53.0,0,China_1007.csv
2021-10-03,1007,82.0,51.0,16.0,8.0,24.0,1.2,0,0,2,2,2,2,5,5,1.866503590308713,-1.636159812657489,6.5997186,2.0044115,-3.8367286,15.315995,1,2021-10-03,19.35571428571429,0.0,63.529999999999994,14.650000000000002,1.0,146.7328571428571,2021,10,3,82.0,0,China_1007.csv
2021-10-04,1007,91.0,19.0,10.0,2.0,15.0,1.0,1,1,0,0,5,5,3,3,-2.6017356174174178,-2.8124980495516807,9.347247,9.994037,-48.80115,-43.454052,1,2021-10-04,13.902857142857142,0.0,75.40142857142857,9.385714285714286,1.0,204.83142857142857,2021,10,4,91.0,0,China_1007.csv
2021-10-05,1007,25.0,10.0,9.0,3.0,14.0,1.0,1,1,0,0,5,5,1,1,-3.7876130724093815,-3.358461865367242,5.447746,9.297402,-68.64863,9.696313,1,2021-10-05,13.222857142857142,0.0,77.44571428571429,5.785714285714286,1.0,281.34000000000003,2021,10,5,25.0,0,China_1007.csv
2021-10-06,1007,25.0,8.0,8.0,3.0,14.0,1.0,1,1,0,0,5,5,1,1,-3.964228725719362,-3.2808610484364213,5.4721117,9.30322,-68.401474,10.034241,1,2021-10-06,9.280000000000001,0.0,88.01142857142858,6.7542857142857144,1.0,299.4214285714285,2021,10,6,25.0,0,China_1007.csv
2021-10-07,1007,24.0,14.0,9.0,3.0,23.0,1.0,1,1,0,0,5,5,1,1,-3.7219292493362475,-2.5069624792512464,5.3408146,9.08987,-41.937687,-71.378494,1,2021-10-07,12.1,0.0,80.98142857142857,6.03,1.0,192.20142857142858,2021,10,7,24.0,0,China_1007.csv
2021-10-08,1007,34.0,25.0,10.0,5.0,28.0,1.0,1,1,0,0,5,5,1,1,-2.1005926304099463,-1.7333064645239853,5.454904,3.8159115,-23.021994,12.460559,1,2021-10-08,14.801428571428572,0.0,76.29714285714286,5.222857142857143,1.0,178.45857142857145,2021,10,8,34.0,0,China_1007.csv
2021-10-09,1007,58.0,20.0,13.0,6.0,22.0,1.2,1,1,0,0,5,5,5,5,-0.6624318746899999,-2.370620007212921,6.026361,2.6910384,-13.305839,16.750557,1,2021-10-09,14.021428571428572,0.0,68.92285714285715,10.894285714285715,1.0,251.56571428571428,2021,10,9,58.0,0,China_1007.csv
2021-10-10,1007,59.0,21.0,7.0,3.0,26.0,1.6,1,1,0,0,5,5,1,1,-2.991535109137527,-1.5282088510525114,7.661735,8.725128,-56.66606,-21.603304,1,2021-10-10,10.912857142857144,0.0,47.91571428571428,11.564285714285715,1.0,308.63142857142856,2021,10,10,59.0,0,China_1007.csv
2021-10-11,1007,21.0,19.0,12.0,3.0,24.0,1.0,1,1,0,0,5,5,1,1,-3.2706840191032285,-2.691930633169597,5.1303368,8.701421,-41.42417,-73.214424,1,2021-10-11,10.258571428571429,0.0,60.16142857142857,7.508571428571429,1.0,213.3814285714286,2021,10,11,24.0,0,China_1007.csv
2021-10-12,1007,34.0,28.0,13.0,4.0,27.0,1.4,1,1,0,0,5,5,1,1,-2.063144769403585,-2.1268264950139266,5.3074403,5.6002316,-14.180961,-61.951664,1,2021-10-12,12.697142857142856,0.0,59.43285714285714,5.271428571428571,1.0,186.00714285714284,2021,10,12,34.0,0,China_1007.csv
2021-10-13,1007,50.0,42.0,23.0,5.0,32.0,1.2,1,1,0,0,5,5,5,5,0.4530008536034387,-2.38594720744587,7.797532,1.8202717,10.03467,-88.95892,1,2021-10-13,14.235714285714286,0.0,69.66714285714286,4.944285714285714,1.0,207.66,2021,10,13,50.0,0,China_1007.csv
2021-10-14,1007,89.0,39.0,21.0,5.0,20.0,1.6,1,1,0,0,5,5,5,5,1.0236419032466209,-2.8996461681469863,8.877031,3.2361367,30.199316,-44.653755,1,2021-10-14,14.945714285714287,0.0,67.03142857142858,8.378571428571428,1.0,249.59999999999997,2021,10,14,89.0,0,China_1007.csv
2021-10-15,1007,56.0,28.0,11.0,3.0,25.0,1.4,1,1,0,0,5,5,1,1,-2.415548546833866,-2.0011404440340517,6.0968637,8.561215,-33.970287,-69.05988,1,2021-10-15,11.924285714285714,0.0,26.958571428571428,22.442857142857143,1.0,155.51857142857142,2021,10,15,56.0,0,China_1007.csv
2021-10-16,1007,35.0,18.0,4.0,1.0,26.0,1.0,1,1,0,0,5,5,1,1,-5.202956740440885,-1.7143633140992849,11.004965,13.028596,-91.024666,-30.201117,1,2021-10-16,5.131428571428572,0.0,40.1,10.224285714285715,1.0,305.4171428571429,2021,10,16,35.0,0,China_1007.csv
2021-10-17,1007,19.0,32.0,17.0,3.0,17.0,1.0,1,1,0,0,5,5,5,5,-2.399938981880083,-3.6596544328128413,5.2800584,7.995261,-34.373154,-87.17475,1,2021-10-17,6.99,0.0,61.652857142857144,9.481428571428571,1.0,216.5,2021,10,17,32.0,0,China_1007.csv
2021-10-18,1007,59.0,59.0,25.0,6.0,15.0,1.0,0,0,2,2,2,2,5,5,1.6568660458487259,-3.688971532952792,7.9103413,0.94491476,29.639494,-89.81167,1,2021-10-18,8.724285714285715,0.0,57.68,9.665714285714285,1.0,143.70142857142858,2021,10,18,59.0,0,China_1007.csv
2021-10-19,1007,120.0,17.0,9.0,1.0,24.0,1.0,1,1,0,0,1,1,3,3,-2.663100056166277,-1.8116183806077935,12.1752,8.648001,-18.091442,-41.11649,1,2021-10-19,5.744285714285715,0.0,53.95285714285715,7.428571428571429,1.0,178.26714285714283,2021,10,19,120.0,0,China_1007.csv
2021-10-20,1007,24.0,40.0,17.0,4.0,17.0,1.2,1,1,0,0,5,5,5,5,-1.5803777916832933,-3.359732174094511,5.53557,6.031025,-7.48284,-92.53198,1,2021-10-20,6.267142857142857,0.0,66.95428571428572,7.654285714285714,1.0,246.26857142857145,2021,10,20,40.0,0,China_1007.csv
2021-10-21,1007,80.0,30.0,13.0,4.0,25.0,1.2,1,1,0,0,5,5,5,5,-1.0870118670454767,-1.9494581868492724,6.4189925,5.0989175,-11.188905,-1.0439537,1,2021-10-21,10.604285714285714,0.0,39.67857142857143,12.08,1.0,277.5414285714286,2021,10,21,80.0,0,China_1007.csv
2021-10-22,1007,53.0,23.0,15.0,3.0,28.0,1.0,1,1,0,0,5,5,5,5,-2.070524845876317,-2.361043784114488,5.939201,7.956294,-29.600657,-77.89973,1,2021-10-22,8.441428571428572,0.0,58.76142857142857,7.742857142857143,1.0,195.09428571428572,2021,10,22,53.0,0,China_1007.csv
2021-10-23,1007,36.0,50.0,23.0,4.0,21.0,1.0,1,1,0,0,5,5,5,5,-0.33011237985237774,-3.4499869495733777,5.8625493,6.6293716,0.63584733,-96.61899,1,2021-10-23,8.197142857142858,0.0,66.79428571428572,7.3585714285714285,1.0,170.4114285714286,2021,10,23,50.0,0,China_1007.csv
2021-10-24,1007,92.0,62.0,24.0,8.0,25.0,1.0,0,0,2,2,2,2,2,2,3.370635071659745,-2.2117327360496293,9.064306,0.44235504,47.64245,-86.071915,1,2021-10-24,9.421428571428573,0.0,75.4042857142857,6.46,1.0,163.75142857142856,2021,10,24,92.0,0,China_1007.csv
2021-10-25,1007,157.0,99.0,26.0,10.0,28.0,1.0,0,0,2,2,2,2,2,2,6.742332122609686,-0.86045264094226,11.227751,0.20222598,76.32912,-34.720352,1,2021-10-25,11.157142857142857,0.0,78.29142857142857,6.395714285714285,1.0,196.54142857142855,2021,10,25,157.0,0,China_1007.csv
2021-10-26,1007,188.0,29.0,17.0,6.0,27.0,1.4,0,0,2,2,1,1,9,9,2.9334069342631395,-1.1902839854894838,11.950543,3.7672226,34.227142,-21.756666,1,2021-10-26,12.614285714285714,0.0,41.57857142857143,12.174285714285714,1.0,283.6114285714286,2021,10,26,188.0,0,China_1007.csv
2021-10-27,1007,95.0,32.0,15.0,2.0,24.0,1.4,1,1,0,0,5,5,3,3,-1.467230347057012,-2.2584654484875792,9.221234,9.80011,-46.839264,-49.21357,1,2021-10-27,10.965714285714286,0.0,53.67142857142857,8.42142857142857,1.0,236.06,2021,10,27,95.0,0,China_1007.csv
2021-10-28,1007,27.0,36.0,20.0,4.0,15.0,1.0,1,1,0,0,5,5,5,5,-1.1992722990119602,-3.9498751825295395,5.716895,6.27079,-6.662342,-95.17836,1,2021-10-28,10.805714285714286,0.0,62.99285714285714,6.337142857142857,1.0,154.93,2021,10,28,36.0,0,China_1007.csv
2021-10-29,1007,56.0,65.0,31.0,9.0,13.0,2.0,0,0,2,2,2,2,2,2,4.388917563515345,-4.010084370913212,9.038911,1.4288298,51.04961,-63.985775,1,2021-10-29,10.757142857142856,0.0,76.67857142857143,6.378571428571428,1.0,188.55285714285716,2021,10,29,65.0,0,China_1007.csv
2021-10-30,1007,146.0,97.0,24.0,12.0,27.0,1.0,0,0,2,2,2,2,7,7,7.250954765451452,-0.6619554530199733,11.531091,-0.16734035,86.12425,-31.198767,1,2021-10-30,12.447142857142856,0.0,51.74571428571429,10.200000000000001,1.0,239.9842857142857,2021,10,30,146.0,0,China_1007.csv
2021-10-31,1007,179.0,46.0,9.0,4.0,25.0,1.0,1,1,0,0,1,1,3,3,0.6908023508163553,-0.5042189181314265,12.204154,4.6813226,26.768488,-21.265942,1,2021-10-31,10.374285714285715,0.0,65.75428571428571,8.765714285714285,1.0,108.66,2021,10,31,179.0,0,China_1007.csv
2021-11-01,1007,62.0,55.0,22.0,9.0,9.0,1.0,0,0,2,2,2,2,2,2,2.81438403836393,-3.653868271483853,7.6794357,0.85411114,33.33511,-82.58892,1,2021-11-01,7.9399999999999995,0.0,82.02571428571427,5.637142857142857,1.0,153.8814285714286,2021,11,1,62.0,0,China_1007.csv
2021-11-02,1007,143.0,58.0,22.0,7.0,8.0,2.4,0,0,2,2,2,2,9,9,3.871474475723688,-3.007855080219886,10.391023,2.5011353,51.032772,-22.759382,1,2021-11-02,7.4957142857142856,0.0,88.15428571428572,4.708571428571429,1.0,187.0957142857143,2021,11,2,143.0,0,China_1007.csv
2021-11-03,1007,154.0,68.0,25.0,9.0,7.0,1.2,0,0,2,2,2,2,2,2,5.490612151052673,-3.2014633324269273,11.020488,0.6711154,68.693954,-33.80746,1,2021-11-03,8.452857142857143,0.0,88.58857142857143,6.284285714285715,1.0,167.4114285714286,2021,11,3,154.0,0,China_1007.csv
2021-11-04,1007,172.0,83.0,26.0,9.0,10.0,1.4,0,0,2,2,2,2,2,2,6.321555756565019,-2.621319868858687,11.093475,0.47370562,70.90084,-37.327824,1,2021-11-04,8.927142857142858,0.0,87.01857142857143,5.602857142857142,1.0,162.1442857142857,2021,11,4,172.0,0,China_1007.csv
2021-11-05,1007,190.0,81.8,32.0,11.0,5.0,2.0,0,0,2,2,2,2,2,2,8.755360866270268,-3.3270924264099664,10.954608,0.25950524,71.09995,-41.622093,1,2021-11-05,11.447142857142856,0.0,85.44714285714285,5.894285714285714,1.0,132.2357142857143,2021,11,5,190.0,0,China_1007.csv
2021-11-06,1007,207.0,38.0,15.0,9.0,20.0,3.0,0,0,2,2,1,1,9,9,5.164124411516734,-0.7342287115048147,9.92009,-1.9852566,69.87485,1.6618048,1,2021-11-06,3.738571428571429,0.0,79.39285714285714,19.72,1.0,241.34428571428572,2021,11,6,207.0,0,China_1007.csv
2021-11-07,1007,101.0,8.0,4.0,1.0,23.0,1.2,1,1,0,0,1,1,3,3,-3.8969054346808925,-1.6060729596218544,11.857377,9.663704,-26.325943,-44.261806,1,2021-11-07,-1.4271428571428573,0.0,50.35857142857143,17.740000000000002,1.0,298.46999999999997,2021,11,7,101.0,0,China_1007.csv
2021-11-08,1007,14.0,15.0,4.0,1.0,25.0,1.4,1,1,0,0,5,5,1,1,-5.614842624570875,-1.9456730843856906,10.442765,13.628926,-102.6415,-22.572184,1,2021-11-08,1.6871428571428573,0.0,41.941428571428574,13.081428571428573,1.0,290.3157142857143,2021,11,8,25.0,0,China_1007.csv
2021-11-09,1007,17.0,16.0,4.0,2.0,27.0,1.4,1,1,0,0,5,5,1,1,-4.9936573206616925,-1.638893985099492,7.9239492,12.642416,-102.514496,-13.944441,1,2021-11-09,5.815714285714286,0.0,43.02571428571429,14.617142857142856,1.0,296.57142857142856,2021,11,9,27.0,0,China_1007.csv
2021-11-10,1007,18.0,17.0,6.0,1.0,28.0,1.2,1,1,0,0,5,5,1,1,-5.246707802393125,-1.8749490756963347,10.327428,13.4062,-99.70987,-36.03685,1,2021-11-10,6.861428571428571,0.0,41.51142857142857,13.055714285714286,1.0,312.7657142857143,2021,11,10,28.0,0,China_1007.csv
2021-11-11,1007,25.0,14.0,8.0,1.0,26.0,1.0,1,1,0,0,5,5,1,1,-4.907099790967654,-2.3057187935355263,9.945359,12.942439,-94.889626,-43.81639,1,2021-11-11,5.055714285714286,0.0,45.51142857142857,10.485714285714286,1.0,265.37,2021,11,11,26.0,0,China_1007.csv
2021-11-12,1007,28.0,28.0,17.0,3.0,18.0,1.0,1,1,0,0,5,5,5,5,-2.267346465273688,-3.570558916716044,5.340963,7.9606075,-33.933716,-86.25386,1,2021-11-12,5.51,0.0,57.13142857142857,7.298571428571428,1.0,249.8857142857143,2021,11,12,28.0,0,China_1007.csv
2021-11-13,1007,55.0,46.0,16.0,5.0,25.0,1.2,1,1,0,0,5,5,5,5,-0.40142949580972875,-2.113564068967262,6.588869,3.8318744,-0.95181775,-60.331123,1,2021-11-13,6.4557142857142855,0.0,52.201428571428565,7.881428571428572,1.0,233.0142857142857,2021,11,13,55.0,0,China_1007.csv
2021-11-14,1007,69.0,45.0,18.0,3.0,18.0,1.8,1,1,0,0,5,5,5,5,-0.7732038443254214,-2.9396279516742077,8.433359,5.0781484,16.683958,-72.11317,1,2021-11-14,6.2057142857142855,0.0,49.93285714285714,7.845714285714286,1.0,206.94142857142856,2021,11,14,69.0,0,China_1007.csv
2021-11-15,1007,68.0,65.0,16.0,3.0,17.0,1.0,1,1,0,0,5,5,5,5,-0.9496724288115436,-2.610099384585216,6.678142,7.331332,-10.905741,-77.633484,1,2021-11-15,3.738571428571429,0.0,69.01714285714286,5.725714285714285,1.0,215.5842857142857,2021,11,15,68.0,0,China_1007.csv
2021-11-16,1007,97.0,56.0,18.0,8.0,12.0,1.6,0,0,2,2,2,2,9,9,2.624139086522599,-2.6448124716514467,8.980297,2.380778,42.749092,-42.919395,1,2021-11-16,4.248571428571429,0.0,83.47,6.6242857142857146,1.0,200.4842857142857,2021,11,16,97.0,0,China_1007.csv
2021-11-17,1007,128.0,68.0,23.0,9.0,9.0,2.4,0,0,2,2,2,2,2,2,4.925470396511957,-2.795074897505745,10.424766,1.6734781,48.398422,-42.43401,1,2021-11-17,4.275714285714286,0.0,84.66714285714285,6.0842857142857145,1.0,212.04285714285714,2021,11,17,128.0,0,China_1007.csv
2021-11-18,1007,161.0,53.0,29.0,14.0,10.0,2.0,0,0,2,2,2,2,7,7,8.846622058622948,-2.9927865133993587,11.06711,-0.6076418,81.316216,-41.619686,1,2021-11-18,5.104285714285715,0.0,61.425714285714285,9.171428571428573,1.0,100.69714285714285,2021,11,18,161.0,0,China_1007.csv
2021-11-19,1007,181.0,26.0,14.0,4.0,22.0,1.0,1,1,0,0,1,1,3,3,1.124232205052349,-1.6507074000739161,12.295127,4.843355,28.07494,-24.516088,1,2021-11-19,5.0042857142857144,0.0,53.12571428571429,5.3028571428571425,1.0,119.85714285714286,2021,11,19,181.0,0,China_1007.csv
2021-11-20,1007,46.0,46.0,22.0,6.0,6.0,1.8,1,1,0,0,5,5,5,5,0.8971738690423691,-4.328149091593236,8.190615,3.0716105,32.789314,-63.44527,1,2021-11-20,3.9642857142857144,0.0,70.62857142857143,5.090000000000001,1.0,152.45714285714286,2021,11,20,46.0,0,China_1007.csv
2021-11-21,1007,82.0,115.0,11.0,6.0,23.0,1.0,1,1,0,0,5,5,10,10,1.0612901363830523,-0.2940439704688033,13.337111,2.9323277,37.955345,27.189396,1,2021-11-21,1.497142857142857,0.0,30.987142857142857,17.584285714285716,1.0,297.3328571428571,2021,11,21,115.0,0,China_1007.csv
2021-11-22,1007,92.0,27.0,5.0,1.0,22.0,1.8,1,1,0,0,1,1,3,3,-3.501990466399001,-1.4480674637547637,11.130347,9.052104,-31.685585,-35.50873,1,2021-11-22,-2.0614285714285714,0.0,35.43,10.812857142857142,1.0,260.1914285714286,2021,11,22,92.0,0,China_1007.csv
2021-11-23,1007,31.0,41.0,24.0,5.0,11.0,1.4,1,1,0,0,5,5,5,5,0.163928609950834,-4.47218135223619,6.0220146,6.3811884,3.8978233,-99.67677,1,2021-11-23,-0.2414285714285714,0.0,49.934285714285714,6.5928571428571425,1.0,216.37142857142857,2021,11,23,41.0,0,China_1007.csv
2021-11-24,1007,64.0,55.0,28.0,7.0,7.0,3.2,0,0,2,2,2,2,8,8,3.1634413140630064,-4.285728779900126,9.12431,-3.1374571,80.2874,15.82796,1,2021-11-24,2.257142857142857,0.0,48.85285714285715,8.585714285714285,1.0,217.87285714285716,2021,11,24,64.0,0,China_1007.csv
2021-11-25,1007,95.0,53.0,25.0,8.0,12.0,2.2,0,0,2,2,2,2,2,2,3.682650109980236,-3.388835884156795,9.098791,2.1447794,44.36714,-54.464104,1,2021-11-25,3.3871428571428575,0.0,52.75428571428571,7.644285714285714,1.0,198.05571428571426,2021,11,25,95.0,0,China_1007.csv
2021-11-26,1007,102.0,42.0,21.0,5.0,20.0,1.6,0,0,2,2,2,2,5,5,1.3535606478150026,-2.7486673096970446,9.057635,3.3454518,30.528969,-43.355244,1,2021-11-26,2.6042857142857145,0.0,62.0,9.028571428571428,1.0,128.58857142857144,2021,11,26,102.0,0,China_1007.csv
2021-11-27,1007,67.0,64.0,27.0,10.0,6.0,1.0,0,0,2,2,2,2,2,2,4.317016454349779,-4.193262696160219,8.421728,0.04543485,42.491272,-91.86338,1,2021-11-27,2.064285714285714,0.0,88.55285714285715,5.795714285714285,1.0,151.31,2021,11,27,67.0,0,China_1007.csv
2021-11-28,1007,149.0,77.0,29.0,13.0,3.0,2.0,0,0,2,2,2,2,7,7,8.422576944372171,-3.383194046372595,11.048423,-0.5858802,80.88435,-42.40564,1,2021-11-28,3.9314285714285715,0.0,77.15428571428572,6.982857142857143,1.0,184.84428571428572,2021,11,28,149.0,0,China_1007.csv
2021-11-29,1007,178.0,25.0,14.0,8.0,16.0,1.0,0,0,2,2,1,1,9,9,3.168237543726597,-1.854668645945848,12.082511,3.2823691,39.568356,-17.150805,1,2021-11-29,1.7414285714285713,0.0,65.36857142857143,11.847142857142858,1.0,200.19428571428574,2021,11,29,178.0,0,China_1007.csv
2021-11-30,1007,115.0,18.0,4.0,2.0,24.0,1.2,1,1,0,0,1,1,3,3,-2.89452213291255,-1.1495740706300501,11.581636,7.551195,-9.523774,-32.340042,1,2021-11-30,-0.07142857142857142,0.0,34.005714285714284,13.078571428571427,1.0,299.9414285714286,2021,11,30,115.0,0,China_1007.csv
2021-12-01,1007,22.0,19.0,13.0,2.0,20.0,1.0,1,1,0,0,5,5,1,1,-3.649879809143382,-3.238372155213583,6.645452,11.235806,-69.806725,-62.60436,1,2021-12-01,0.5814285714285715,0.0,48.72714285714286,7.945714285714287,1.0,226.76000000000002,2021,12,1,22.0,0,China_1007.csv
2021-12-02,1007,36.0,39.0,14.0,3.0,27.0,1.2,1,1,0,0,5,5,5,5,-2.2795180480385975,-2.1614427574872197,5.2804155,8.115775,-34.694035,-78.4209,1,2021-12-02,3.9299999999999997,0.0,37.43285714285714,10.395714285714286,1.0,251.44000000000003,2021,12,2,39.0,0,China_1007.csv
2021-12-03,1007,53.0,46.0,15.0,3.0,19.0,2.0,1,1,0,0,5,5,5,5,-1.4867401532757978,-2.588371668201194,8.327607,5.5257072,13.991002,-68.54488,1,2021-12-03,3.5557142857142856,0.0,45.40428571428571,8.72,1.0,218.9842857142857,2021,12,3,53.0,0,China_1007.csv
2021-12-04,1007,55.0,56.0,24.0,6.0,10.0,1.0,0,0,2,2,2,2,5,5,1.3649322448967756,-4.0986728139191815,7.801887,0.8753097,28.324715,-88.60035,1,2021-12-04,2.5814285714285714,0.0,58.36142857142857,4.890000000000001,1.0,161.5,2021,12,4,56.0,0,China_1007.csv
2021-12-05,1007,83.0,81.0,32.0,10.0,3.0,1.0,0,0,2,2,2,2,2,2,5.652130786619803,-4.602923874380899,8.59924,-0.020233452,43.009315,-93.72721,1,2021-12-05,3.04,0.0,58.49857142857143,8.651428571428571,1.0,212.77428571428572,2021,12,5,83.0,0,China_1007.csv
2021-12-06,1007,146.0,50.0,14.0,4.0,26.0,1.0,1,1,0,0,1,1,3,3,0.765043356861276,-1.1600999580121378,11.407502,4.6205225,27.97329,-15.760124,1,2021-12-06,2.5285714285714285,0.0,46.59428571428571,11.022857142857143,1.0,263.73857142857145,2021,12,6,146.0,0,China_1007.csv
2021-12-07,1007,58.0,33.0,17.0,2.0,15.0,1.4,1,1,0,0,5,5,5,5,-1.985994085284231,-3.5403666962188467,7.0463424,9.914808,-19.190994,-86.836,1,2021-12-07,1.2114285714285715,0.0,63.56428571428571,5.444285714285714,1.0,182.46571428571428,2021,12,7,58.0,0,China_1007.csv
2021-12-08,1007,47.0,42.0,24.0,6.0,3.0,1.6,0,0,2,2,2,2,5,5,1.0882229171835316,-4.909969057781444,8.209042,3.0503495,32.799553,-63.792824,1,2021-12-08,2.047142857142857,0.0,77.60857142857142,4.2128571428571435,1.0,139.38714285714286,2021,12,8,47.0,0,China_1007.csv
2021-12-09,1007,105.0,52.0,23.0,9.0,14.2,2.2,0,0,2,2,2,2,2,2,4.134978402692761,-2.821437235548251,9.741559,1.8995373,47.792744,-46.179592,1,2021-12-09,0.9014285714285715,0.0,91.13142857142857,4.922857142857143,1.0,200.14714285714285,2021,12,9,105.0,0,China_1007.csv
2021-12-10,1007,173.0,29.0,16.0,7.0,12.0,1.0,0,0,2,2,1,1,9,9,2.868150507028621,-2.4908392885662565,11.936954,3.324232,37.564663,-18.79174,1,2021-12-10,2.922857142857143,0.0,63.785714285714285,6.465714285714285,1.0,153.75571428571428,2021,12,10,173.0,0,China_1007.csv
2021-12-11,1007,129.0,29.0,11.0,5.0,26.0,1.2,1,1,0,0,1,1,3,3,0.20643759409002252,-1.1876541642907597,11.005715,4.774917,28.01338,-11.431312,1,2021-12-11,2.357142857142857,0.0,36.089999999999996,14.508571428571429,1.0,299.2314285714286,2021,12,11,129.0,0,China_1007.csv
2021-12-12,1007,77.0,14.0,4.0,1.0,23.0,1.0,1,1,0,0,5,5,1,1,-4.366143816755477,-1.7231423255148535,11.536809,10.5818615,-32.156208,-46.593113,1,2021-12-12,-2.8214285714285716,0.0,37.51142857142857,8.952857142857143,1.0,264.2757142857143,2021,12,12,77.0,0,China_1007.csv
2021-12-13,1007,19.0,37.0,21.0,4.0,9.0,1.6,1,1,0,0,5,5,5,5,-1.0865136283257557,-4.529803264828603,7.8300657,4.659501,23.933899,-66.11745,1,2021-12-13,-3.0414285714285714,0.0,55.71857142857142,6.381428571428572,1.0,208.80571428571426,2021,12,13,37.0,0,China_1007.csv
2021-12-14,1007,88.0,57.0,26.0,8.0,4.0,3.0,0,0,2,2,2,2,2,2,3.907419687977734,-4.0513290601670215,9.210738,-2.9901645,78.27997,11.981503,1,2021-12-14,-1.207142857142857,0.0,51.644285714285715,7.38,1.0,202.00571428571428,2021,12,14,88.0,0,China_1007.csv
2021-12-15,1007,144.0,71.0,26.0,12.0,1.0,2.2,0,0,2,2,2,2,7,7,7.291285935262136,-3.420998062108255,11.117775,-0.38659227,82.09366,-40.740585,1,2021-12-15,-0.27999999999999997,0.0,49.41428571428571,8.142857142857142,1.0,188.6542857142857,2021,12,15,144.0,0,China_1007.csv
2021-12-16,1007,162.0,42.0,8.0,5.0,27.0,1.4,1,1,0,0,1,1,3,3,0.7476426136746265,-0.25555124735892376,11.719491,4.4178915,23.25485,-12.740801,1,2021-12-16,-2.4400000000000004,0.0,26.037142857142857,14.478571428571428,1.0,280.5785714285714,2021,12,16,162.0,0,China_1007.csv
2021-12-17,1007,65.0,18.0,5.0,1.0,24.0,1.4,1,1,0,0,5,5,1,1,-4.320689258176636,-1.7020071999202238,11.372705,10.981511,-35.176563,-48.04166,1,2021-12-17,-5.472857142857143,0.0,29.934285714285714,9.171428571428573,1.0,224.0957142857143,2021,12,17,65.0,0,China_1007.csv
2021-12-18,1007,25.0,37.0,16.0,3.0,23.0,1.4,1,1,0,0,5,5,5,5,-2.2246542263811695,-2.8203424551557332,5.2244964,8.012415,-38.408085,-83.342094,1,2021-12-18,-2.031428571428571,0.0,30.744285714285716,8.878571428571428,1.0,247.00714285714284,2021,12,18,37.0,0,China_1007.csv
2021-12-19,1007,55.0,59.0,30.0,6.0,4.0,1.4,0,0,2,2,2,2,2,2,2.357634464280964,-5.175672664617827,8.395857,1.578109,29.820065,-93.96296,1,2021-12-19,-0.43571428571428567,0.0,44.58428571428572,6.465714285714285,1.0,216.90285714285713,2021,12,19,59.0,0,China_1007.csv
2021-12-20,1007,121.0,64.0,26.0,7.0,14.0,2.8,0,0,2,2,2,2,2,2,4.178170756823157,-2.924898121662219,9.181566,-2.6864836,74.589714,9.087713,1,2021-12-20,1.7985714285714285,0.0,43.105714285714285,8.722857142857142,1.0,173.1057142857143,2021,12,20,121.0,0,China_1007.csv
2021-12-21,1007,118.0,48.0,16.0,4.0,23.0,1.4,1,1,0,0,1,1,3,3,0.5013130619189666,-1.8272681560697084,9.9401245,4.500271,32.328632,-33.797928,1,2021-12-21,0.8642857142857142,0.0,60.40571428571429,7.201428571428572,1.0,81.03999999999999,2021,12,21,118.0,0,China_1007.csv
2021-12-22,1007,78.0,39.0,14.0,5.0,13.0,1.0,1,1,0,0,5,5,5,5,-0.3823719440612776,-2.921956084512884,7.048465,2.9628365,-1.1459571,-51.185337,1,2021-12-22,-0.7214285714285714,0.0,71.51714285714286,5.562857142857142,1.0,115.44142857142857,2021,12,22,78.0,0,China_1007.csv
2021-12-23,1007,93.0,55.0,22.0,8.0,4.0,1.0,0,0,2,2,2,2,2,2,2.9377557503039378,-3.945919480328114,9.200359,0.7108269,44.0212,-86.93585,1,2021-12-23,-3.045714285714286,0.0,48.50428571428571,10.734285714285715,1.0,78.32142857142857,2021,12,23,93.0,0,China_1007.csv
2021-12-24,1007,126.0,21.0,7.0,4.0,23.0,2.0,1,1,0,0,1,1,3,3,-0.9201405508703004,-1.1167452793746686,10.49636,6.9713516,0.70108634,-7.2883124,1,2021-12-24,-7.957142857142856,0.0,19.404285714285713,15.53,1.0,135.29857142857142,2021,12,24,126.0,0,China_1007.csv
2021-12-25,1007,34.0,15.0,4.0,1.0,24.0,1.0,1,1,0,0,5,5,1,1,-5.27816542841968,-1.948882830296358,11.062159,13.12029,-92.14399,-29.90384,1,2021-12-25,-8.771428571428572,0.0,17.31,11.558571428571428,1.0,274.64142857142855,2021,12,25,34.0,0,China_1007.csv
2021-12-26,1007,22.0,21.0,12.0,1.0,16.0,1.0,1,1,0,0,5,5,1,1,-4.306871098120315,-3.5352736274710908,9.499319,12.814793,-93.70105,-49.356247,1,2021-12-26,-5.58,0.0,16.88,7.8342857142857145,1.0,233.1757142857143,2021,12,26,22.0,0,China_1007.csv
2021-12-27,1007,38.0,47.0,24.0,5.0,8.0,2.2,1,1,0,0,5,5,5,5,0.5923860366550096,-4.441861766552244,8.166057,3.3556662,28.6699,-65.22196,1,2021-12-27,-2.5442857142857145,0.0,25.832857142857144,6.452857142857143,1.0,225.23714285714286,2021,12,27,47.0,0,China_1007.csv
2021-12-28,1007,82.0,50.0,27.0,8.0,6.0,1.0,0,0,2,2,2,2,2,2,3.3450678557961466,-4.497763792158461,8.729459,0.2901391,45.92062,-88.63408,1,2021-12-28,-1.6842857142857144,0.0,27.404285714285713,10.828571428571427,1.0,217.99571428571429,2021,12,28,82.0,0,China_1007.csv
2021-12-29,1007,114.0,39.0,9.0,1.0,26.0,1.0,1,1,0,0,1,1,3,3,-2.4319822798228774,-1.307837345228733,11.395588,9.318787,-30.332876,-39.997444,1,2021-12-29,-0.9457142857142857,0.0,31.868571428571425,11.067142857142857,1.0,257.42285714285714,2021,12,29,114.0,0,China_1007.csv
2021-12-30,1007,44.0,30.0,9.0,2.0,29.0,1.2,1,1,0,0,5,5,1,1,-3.503283768320988,-1.6099914998615514,7.549487,11.141662,-65.66622,-51.36544,1,2021-12-30,-1.162857142857143,0.0,35.49857142857143,8.927142857142858,1.0,217.71428571428572,2021,12,30,44.0,0,China_1007.csv
2021-12-31,1007,48.0,32.0,24.0,5.0,11.0,1.0,1,1,0,0,5,5,5,5,0.2925640864089316,-4.56359416060161,7.884114,1.4808553,11.808904,-93.62043,1,2021-12-31,-3.1914285714285713,0.0,43.207142857142856,5.652857142857143,1.0,147.6342857142857,2021,12,31,48.0,0,China_1007.csv
2022-01-01,1007,65.0,46.0,18.0,7.0,27.0,1.0,1,1,0,0,2,2,5,5,1.1317957554740259,-1.9368398979570791,6.8925147,1.7961605,7.950738,-52.683434,1,2022-01-01,-1.7542857142857142,0.0,34.58714285714286,11.077142857142857,1.0,179.54714285714286,2022,1,1,65.0,0,China_1007.csv
2022-01-02,1007,79.0,19.0,9.0,1.0,21.0,1.0,1,1,0,0,5,5,1,1,-3.525700837486307,-2.356606128544125,10.9380245,10.391653,-40.24541,-47.38756,1,2022-01-02,-3.684285714285714,0.0,36.04142857142857,8.088571428571429,1.0,215.54857142857142,2022,1,2,79.0,0,China_1007.csv
2022-01-03,1007,40.0,42.0,21.0,4.0,15.0,1.4,1,1,0,0,5,5,5,5,-0.5828571437938397,-3.7903984904651304,6.069784,6.295181,-9.196736,-90.05756,1,2022-01-03,-2.2257142857142855,0.0,30.148571428571426,6.659999999999999,1.0,126.96285714285715,2022,1,3,42.0,0,China_1007.csv
2022-01-04,1007,74.0,46.0,25.0,9.0,7.0,2.0,0,0,2,2,2,2,2,2,3.590492559506052,-4.052546606715555,8.959289,2.0756228,46.85106,-53.383392,1,2022-01-04,-3.108571428571428,0.0,59.23142857142857,5.877142857142857,1.0,125.00428571428571,2022,1,4,74.0,0,China_1007.csv
2022-01-05,1007,109.0,54.0,24.0,8.0,9.0,3.0,0,0,2,2,2,2,8,8,4.037463302542481,-3.2781019002871186,9.253734,-2.7454534,76.141624,10.509372,1,2022-01-05,-3.1271428571428572,0.0,67.8442857142857,5.910000000000001,1.0,218.1557142857143,2022,1,5,109.0,0,China_1007.csv
2022-01-06,1007,145.0,34.0,23.0,8.0,18.0,1.0,0,0,2,2,2,2,2,2,3.902913215010244,-2.784059228744204,10.872766,0.8748258,65.874954,-33.79265,1,2022-01-06,-2.2,0.0,54.871428571428574,6.247142857142856,1.0,153.38000000000002,2022,1,6,145.0,0,China_1007.csv
2022-01-07,1007,139.0,76.0,31.0,13.0,4.0,2.0,0,0,2,2,2,2,7,7,8.480974911296064,-3.612407116695998,10.952233,-0.628054,80.60611,-43.284718,1,2022-01-07,-2.3485714285714288,0.0,65.63714285714285,7.028571428571429,1.0,211.07,2022,1,7,139.0,0,China_1007.csv
2022-01-08,1007,173.0,29.0,20.0,9.0,25.0,1.2,0,0,2,2,2,2,9,9,4.594775054188609,-1.5781518398618302,11.268486,1.1216693,65.50172,-33.442802,1,2022-01-08,0.45428571428571424,0.0,44.51285714285715,8.709999999999999,1.0,112.47571428571428,2022,1,8,173.0,0,China_1007.csv
2022-01-09,1007,121.0,50.0,16.0,8.0,10.0,2.0,0,0,2,2,2,2,9,9,2.8466927476484587,-2.445791367040002,10.129132,2.7971537,42.436012,-38.89514,1,2022-01-09,-2.0,0.0,76.16428571428571,7.244285714285715,1.0,129.65571428571428,2022,1,9,121.0,0,China_1007.csv
2022-01-10,1007,111.0,21.0,9.0,4.0,26.0,1.2,1,1,0,0,1,1,3,3,-1.1361626663388864,-1.3297739820636771,10.862238,5.254443,-6.634808,-10.026123,1,2022-01-10,-4.0685714285714285,0.0,27.737142857142857,11.482857142857142,1.0,166.1057142857143,2022,1,10,111.0,0,China_1007.csv
2022-01-11,1007,60.0,20.0,11.0,2.0,17.0,1.0,1,1,0,0,5,5,1,1,-3.107255595489839,-2.969665673223802,8.585946,10.385247,-52.460567,-48.99245,1,2022-01-11,-5.075714285714286,0.0,29.08285714285714,6.698571428571428,1.0,98.60285714285715,2022,1,11,60.0,0,China_1007.csv
2022-01-12,1007,46.0,36.0,14.0,4.0,23.0,1.6,1,1,0,0,5,5,5,5,-1.4929125177854732,-2.3272083996229314,5.6010585,5.6104994,-13.524962,-61.428368,1,2022-01-12,-3.1057142857142854,0.0,27.12714285714286,11.404285714285715,1.0,256.28000000000003,2022,1,12,46.0,0,China_1007.csv
2022-01-13,1007,56.0,17.0,9.0,2.0,21.0,1.4,1,1,0,0,5,5,1,1,-3.4271359110352377,-2.4074925669956473,8.995654,10.481463,-55.906834,-41.563408,1,2022-01-13,-3.1028571428571428,0.0,35.39714285714286,8.718571428571428,1.0,211.24857142857144,2022,1,13,56.0,0,China_1007.csv
2022-01-14,1007,42.0,64.0,24.0,8.0,8.0,1.0,0,0,2,2,2,2,5,5,2.2780654174980706,-4.056636276588627,7.637999,0.71934026,31.084635,-84.691025,1,2022-01-14,-3.664285714285714,0.0,62.92,5.765714285714286,1.0,205.26142857142855,2022,1,14,64.0,0,China_1007.csv
2022-01-15,1007,151.0,38.0,16.0,5.0,26.0,1.0,0,0,2,2,1,1,9,9,1.5026644066628088,-1.4580385800765234,11.49812,3.9986653,30.649666,-15.335677,1,2022-01-15,-2.6028571428571428,0.0,27.225714285714282,16.18285714285714,1.0,201.38000000000002,2022,1,15,151.0,0,China_1007.csv
2022-01-16,1007,88.0,18.0,10.0,1.0,18.0,1.0,1,1,0,0,5,5,3,3,-3.210360781536735,-2.6797379261612972,10.967334,10.3353405,-40.19718,-47.912853,1,2022-01-16,-4.885714285714286,0.0,32.434285714285714,6.565714285714286,1.0,210.16,2022,1,16,88.0,0,China_1007.csv
2022-01-17,1007,36.0,29.0,16.0,2.0,21.0,1.0,1,1,0,0,5,5,5,5,-2.749777593611919,-3.2075936126520967,6.4452376,10.750157,-67.61766,-70.674995,1,2022-01-17,-2.795714285714286,0.0,37.864285714285714,8.639999999999999,1.0,177.51857142857145,2022,1,17,36.0,0,China_1007.csv
2022-01-18,1007,57.0,61.0,30.0,8.0,5.0,1.0,0,0,2,2,2,2,2,2,3.4121901712348897,-4.925690760752292,8.389151,0.10565052,39.55361,-94.00616,1,2022-01-18,-2.77,0.0,51.462857142857146,5.964285714285714,1.0,109.11285714285714,2022,1,18,61.0,0,China_1007.csv
2022-01-19,1007,148.0,60.0,17.0,8.0,19.0,2.0,0,0,2,2,2,2,9,9,3.759758383895204,-1.388565215493479,10.99186,2.0638142,51.20472,-16.514967,1,2022-01-19,-3.662857142857143,0.0,50.69,9.085714285714285,1.0,169.25571428571428,2022,1,19,148.0,0,China_1007.csv
2022-01-20,1007,137.0,36.0,11.0,4.0,16.0,1.2,1,1,0,0,1,1,3,3,-0.06731413894703259,-1.977072670267504,11.311667,4.8409185,24.329584,-14.504253,1,2022-01-20,-4.375714285714286,0.0,58.660000000000004,8.487142857142857,1.0,169.91714285714286,2022,1,20,137.0,0,China_1007.csv
2022-01-21,1007,114.0,63.0,14.0,6.0,15.0,1.0,1,1,0,0,1,1,9,9,1.3252229787303536,-1.9703128267989392,7.060873,2.5258615,31.293922,-2.9924417,1,2022-01-21,-2.914285714285714,0.0,66.94714285714285,5.222857142857143,1.0,125.02999999999999,2022,1,21,114.0,0,China_1007.csv
2022-01-22,1007,146.0,79.2,22.0,15.0,4.0,1.4,0,0,2,2,2,2,7,7,8.315506727073933,-2.4215348166461976,11.557296,-0.71409595,92.58673,-28.957903,1,2022-01-22,-3.697142857142857,0.0,71.60714285714286,5.247142857142856,1.0,157.02428571428572,2022,1,22,146.0,0,China_1007.csv
2022-01-23,1007,177.0,100.2,20.0,13.0,5.0,1.2,0,0,2,2,2,2,7,7,7.92332236946527,-1.731257577521264,11.663252,-0.41491532,89.884224,-28.853056,1,2022-01-23,-2.7028571428571433,0.0,75.64285714285714,4.725714285714285,1.0,183.54142857142855,2022,1,23,177.0,0,China_1007.csv
2022-01-24,1007,190.0,65.4,16.0,14.0,12.0,1.8,0,0,2,2,2,2,7,7,7.75779643127547,-0.9667293008579206,11.754343,-0.5300722,90.864334,-26.63254,1,2022-01-24,-2.582857142857143,0.0,79.51285714285714,5.714285714285714,1.0,220.1914285714286,2022,1,24,190.0,0,China_1007.csv
2022-01-25,1007,199.0,11.0,10.0,6.0,26.0,1.0,0,0,2,2,1,1,9,9,1.7742543752964945,-0.7875130875936018,12.231703,3.688776,39.719315,-19.089844,1,2022-01-25,-0.9285714285714286,0.0,36.544285714285714,13.6,1.0,198.12714285714284,2022,1,25,199.0,0,China_1007.csv
2022-01-26,1007,119.0,14.0,7.0,1.0,23.0,1.0,1,1,0,0,1,1,3,3,-3.0243078679835675,-1.7350094887678327,12.285789,8.605398,-17.41815,-42.33608,1,2022-01-26,-3.182857142857143,0.0,34.65571428571429,9.202857142857143,1.0,113.48857142857142,2022,1,26,119.0,0,China_1007.csv
2022-01-27,1007,45.0,16.0,6.0,1.0,27.0,1.0,1,1,0,0,5,5,1,1,-4.727848671834359,-1.8067892196776119,10.725807,12.2448435,-83.978905,-31.158405,1,2022-01-27,-3.4957142857142856,0.0,29.371428571428574,10.51142857142857,1.0,111.41142857142857,2022,1,27,45.0,0,China_1007.csv
2022-01-28,1007,49.0,21.0,7.0,3.0,25.0,1.0,1,1,0,0,5,5,1,1,-3.351043497892313,-1.7966537469406554,6.1851826,9.189319,-61.475914,13.979427,1,2022-01-28,-3.705714285714286,0.0,32.59142857142857,7.402857142857143,1.0,156.26142857142855,2022,1,28,49.0,0,China_1007.csv
2022-01-29,1007,58.0,24.0,9.0,3.0,26.0,1.0,1,1,0,0,5,5,1,1,-2.816679669698535,-1.8117456854139449,6.3429623,8.694566,-32.72807,-65.88696,1,2022-01-29,-3.1514285714285717,0.0,35.39857142857143,6.552857142857143,1.0,136.76142857142858,2022,1,29,58.0,0,China_1007.csv
2022-01-30,1007,63.0,89.0,17.0,10.0,25.0,2.4,0,0,2,2,2,2,8,8,3.5680651771622913,-0.7707254182555283,8.778834,2.7032666,39.85927,-47.123955,1,2022-01-30,-1.6642857142857144,0.0,46.50571428571429,9.698571428571428,1.0,205.9042857142857,2022,1,30,89.0,0,China_1007.csv
2022-01-31,1007,178.0,18.0,3.0,1.0,29.0,1.0,1,1,0,0,1,1,3,3,-2.2445118790988765,-0.2394166163987343,12.831898,6.371343,6.8492594,-39.773315,1,2022-01-31,-3.5,0.0,25.891428571428573,16.90142857142857,1.0,232.29714285714286,2022,1,31,178.0,0,China_1007.csv
2022-02-01,1007,35.0,11.0,3.0,1.0,30.0,1.0,1,1,0,0,5,5,1,1,-5.450424390533065,-1.3701547419325735,11.054072,13.017198,-90.7251,-28.004137,1,2022-02-01,-4.82,0.0,28.927142857142858,9.375714285714285,1.0,192.63000000000002,2022,2,1,35.0,0,China_1007.csv
2022-02-02,1007,26.0,18.0,6.0,2.0,30.0,1.4,1,1,0,0,5,5,1,1,-4.470449504136458,-1.4951752058031793,7.7677526,12.331927,-81.11623,-47.144436,1,2022-02-02,-3.334285714285714,0.0,27.374285714285715,9.824285714285713,1.0,166.33571428571426,2022,2,2,30.0,0,China_1007.csv
2022-02-03,1007,47.0,12.0,4.0,1.0,33.0,1.0,1,1,0,0,5,5,1,1,-5.022718694080371,-1.1087616370987279,10.894002,11.920453,-81.78463,-25.917767,1,2022-02-03,-3.0985714285714288,0.0,26.244285714285716,13.637142857142857,1.0,181.5885714285714,2022,2,3,47.0,0,China_1007.csv
2022-02-04,1007,33.0,10.0,2.0,1.0,31.0,1.2,1,1,0,0,5,5,1,1,-5.604786652712427,-1.168473769817225,10.993617,13.399825,-98.064026,-23.308659,1,2022-02-04,-4.548571428571429,0.0,26.292857142857144,11.195714285714287,1.0,236.09714285714287,2022,2,4,33.0,0,China_1007.csv
2022-02-05,1007,27.0,11.0,3.0,1.0,31.0,1.4,1,1,0,0,5,5,1,1,-5.527367622789405,-1.2746698113499142,10.57218,13.499261,-100.946945,-21.62687,1,2022-02-05,-2.0942857142857143,0.0,27.072857142857142,10.071428571428571,1.0,197.2357142857143,2022,2,5,31.0,0,China_1007.csv
2022-02-06,1007,33.0,13.0,4.0,1.0,31.0,1.0,1,1,0,0,5,5,1,1,-5.314585808176977,-1.375226977431095,10.917257,12.836042,-90.25817,-29.203812,1,2022-02-06,-0.8042857142857143,0.0,28.684285714285718,10.948571428571428,1.0,206.78285714285715,2022,2,6,33.0,0,China_1007.csv
2022-02-07,1007,31.0,17.0,6.0,1.0,29.0,1.0,1,1,0,0,5,5,1,1,-5.009667688325091,-1.7216234139188362,10.421829,12.89401,-91.70203,-36.64533,1,2022-02-07,-2.105714285714286,0.0,31.02857142857143,7.831428571428572,1.0,189.57857142857142,2022,2,7,31.0,0,China_1007.csv
2022-02-08,1007,38.0,23.0,10.0,2.0,29.0,1.0,1,1,0,0,5,5,1,1,-3.649005980965232,-1.9213189386981062,7.365691,11.33615,-68.750496,-51.88889,1,2022-02-08,-0.91,0.0,31.73857142857143,7.824285714285714,1.0,184.47,2022,2,8,38.0,0,China_1007.csv
2022-02-09,1007,58.0,55.0,19.0,6.0,22.0,2.0,1,1,0,0,5,5,5,5,0.9568043717563347,-2.306929344562072,8.401353,3.4168735,31.308327,-57.59207,1,2022-02-09,-0.5171428571428571,0.0,43.88857142857143,6.778571428571429,1.0,202.94428571428574,2022,2,9,58.0,0,China_1007.csv
2022-02-10,1007,128.0,67.0,19.0,7.0,33.0,1.0,0,0,2,2,2,2,9,9,2.9945081972543055,-0.6794601124350064,10.273697,1.5129424,52.761906,-30.895191,1,2022-02-10,0.8442857142857143,0.0,43.285714285714285,9.025714285714285,1.0,202.10714285714286,2022,2,10,128.0,0,China_1007.csv
2022-02-11,1007,148.0,62.0,14.0,6.0,32.0,3.0,0,0,2,2,1,1,8,8,2.5561646755747036,0.11403144832668363,8.670875,-2.224123,62.422825,13.990712,1,2022-02-11,1.2342857142857144,0.0,45.212857142857146,8.98,1.0,84.57714285714285,2022,2,11,148.0,0,China_1007.csv
2022-02-12,1007,137.0,48.0,8.0,5.0,23.0,1.4,1,1,0,0,1,1,3,3,0.29356199996749255,-0.6973945476041169,11.296911,4.3684125,21.30945,-9.626383,1,2022-02-12,-2.3071428571428574,0.0,59.458571428571425,6.077142857142857,1.0,88.50142857142858,2022,2,12,137.0,0,China_1007.csv
2022-02-13,1007,101.0,55.0,9.0,6.0,18.0,1.2,1,1,0,0,1,1,9,9,0.24751280442053125,-1.3499939292200365,6.599069,2.8396215,-5.3673615,9.17929,1,2022-02-13,-5.631428571428572,0.0,62.61857142857143,8.821428571428571,1.0,135.1542857142857,2022,2,13,101.0,0,China_1007.csv
2022-02-14,1007,141.0,14.0,5.0,2.0,32.0,1.0,1,1,0,0,1,1,3,3,-2.2789837487118954,-0.46055776901378565,12.138557,7.0943985,-0.9102592,-32.572655,1,2022-02-14,-6.6085714285714285,0.0,24.315714285714286,13.025714285714287,1.0,157.8857142857143,2022,2,14,141.0,0,China_1007.csv
2022-02-15,1007,52.0,20.0,6.0,2.0,27.0,1.0,1,1,0,0,5,5,1,1,-3.9765692336665786,-1.5940534919487404,8.460584,11.477232,-65.618095,-38.224197,1,2022-02-15,-7.68,0.0,31.005714285714284,6.445714285714287,1.0,105.67714285714285,2022,2,15,52.0,0,China_1007.csv
2022-02-16,1007,58.0,18.0,6.0,1.0,29.0,1.0,1,1,0,0,5,5,1,1,-4.409085999320176,-1.4969994287385813,10.946502,11.792438,-81.4662,-28.419613,1,2022-02-16,-6.46,0.0,29.594285714285714,8.138571428571428,1.0,111.77571428571427,2022,2,16,58.0,0,China_1007.csv
2022-02-17,1007,55.0,36.0,12.0,3.0,29.0,1.0,1,1,0,0,5,5,1,1,-2.247150046669221,-1.7018654401166158,6.242464,8.239171,-31.688585,-72.1321,1,2022-02-17,-4.587142857142857,0.0,36.924285714285716,8.66,1.0,151.98142857142858,2022,2,17,55.0,0,China_1007.csv
2022-02-18,1007,90.0,37.0,9.0,3.0,31.0,1.2,1,1,0,0,5,5,3,3,-1.8543044150181345,-0.8705316311364255,7.7409897,8.044334,-21.41421,-8.6619005,1,2022-02-18,-2.9,0.0,26.797142857142855,12.457142857142857,1.0,273.81,2022,2,18,90.0,0,China_1007.csv
2022-02-19,1007,95.0,16.0,2.0,1.0,31.0,1.2,1,1,0,0,1,1,3,3,-4.165747068615636,-0.5896902253673139,11.704016,9.643054,-26.976364,-45.540165,1,2022-02-19,-4.37,0.0,25.797142857142855,10.064285714285715,1.0,234.54571428571427,2022,2,19,95.0,0,China_1007.csv
2022-02-20,1007,36.0,21.0,6.0,2.0,30.0,1.0,1,1,0,0,5,5,1,1,-4.299165234736788,-1.43635907807698,7.6941037,11.977407,-71.4549,-45.487957,1,2022-02-20,-2.4614285714285713,0.0,23.762857142857143,9.612857142857143,1.0,192.89285714285714,2022,2,20,36.0,0,China_1007.csv
2022-02-21,1007,41.0,20.0,4.0,2.0,28.0,1.0,1,1,0,0,5,5,1,1,-4.500657936788042,-1.3675110521601934,8.132733,12.0924635,-99.191925,-4.39385,1,2022-02-21,-2.3771428571428572,0.0,26.447142857142858,11.327142857142858,1.0,171.89714285714285,2022,2,21,41.0,0,China_1007.csv
2022-02-22,1007,41.0,17.0,4.0,1.0,31.0,1.0,1,1,0,0,5,5,1,1,-5.076709686804575,-1.2456914970262083,10.964962,12.620243,-89.250595,-29.438818,1,2022-02-22,-2.8657142857142857,0.0,30.231428571428573,8.584285714285715,1.0,221.79857142857145,2022,2,22,41.0,0,China_1007.csv
2022-02-23,1007,45.0,26.0,13.0,3.0,26.0,1.0,1,1,0,0,5,5,1,1,-2.4886759271554193,-2.324141769433832,5.7661653,8.27826,-33.637672,-73.73767,1,2022-02-23,-1.58,0.0,34.184285714285714,7.6257142857142854,1.0,190.1,2022,2,23,45.0,0,China_1007.csv
2022-02-24,1007,62.0,39.0,16.0,5.0,26.0,1.4,1,1,0,0,5,5,5,5,-0.313815750432886,-2.056314630861486,6.8404202,3.9576073,-2.1136198,-60.122368,1,2022-02-24,0.8485714285714285,0.0,41.46857142857142,7.808571428571428,1.0,180.22,2022,2,24,62.0,0,China_1007.csv
2022-02-25,1007,81.0,82.0,23.0,9.0,28.0,1.0,0,0,2,2,2,2,2,2,3.854474612966112,-1.4900013115102761,8.932916,0.53205365,35.820663,-81.22592,1,2022-02-25,3.9442857142857144,0.0,41.28285714285715,11.85,1.0,241.9057142857143,2022,2,25,82.0,0,China_1007.csv
2022-02-26,1007,155.0,17.0,6.0,2.0,34.0,1.0,1,1,0,0,1,1,3,3,-1.7781410530073518,-0.23768381837699137,12.310093,6.960498,0.2785494,-32.90974,1,2022-02-26,3.0085714285714285,0.0,32.78,10.744285714285713,1.0,270.36571428571426,2022,2,26,155.0,0,China_1007.csv
2022-02-27,1007,32.0,43.0,19.0,4.0,27.0,1.0,1,1,0,0,5,5,5,5,-1.0919008477117695,-2.6258904792827398,5.5443096,6.371493,-5.757535,-93.06511,1,2022-02-27,4.9628571428571435,0.0,44.84428571428571,7.390000000000001,1.0,139.29,2022,2,27,43.0,0,China_1007.csv
2022-02-28,1007,70.0,79.0,24.0,8.0,34.0,2.0,0,0,2,2,2,2,2,2,3.426376862188682,-1.1279192995883571,9.207271,2.417278,40.026085,-51.309113,1,2022-02-28,5.064285714285715,0.0,39.065714285714286,15.285714285714286,1.0,194.65571428571428,2022,2,28,79.0,0,China_1007.csv
2022-03-01,1007,131.0,17.0,5.0,1.0,32.0,1.0,1,1,0,0,1,1,3,3,-2.9819366314479194,-0.5773295723380328,12.389844,8.034755,-13.482225,-41.74651,1,2022-03-01,2.8557142857142854,0.0,36.097142857142856,10.265714285714285,1.0,238.26142857142855,2022,3,1,131.0,0,China_1007.csv
2022-03-02,1007,26.0,43.0,13.0,2.0,33.0,1.6,1,1,0,0,5,5,1,1,-3.0017732912404593,-1.5530589966515556,7.969483,9.934911,-75.13988,-2.5515668,1,2022-03-02,5.601428571428571,0.0,30.011428571428574,10.184285714285716,1.0,156.23714285714286,2022,3,2,43.0,0,China_1007.csv
2022-03-03,1007,65.0,55.0,11.0,4.0,29.0,2.0,1,1,0,0,5,5,1,1,-1.0982398354906877,-0.9266456801007009,8.888839,5.240608,8.510377,2.663243,1,2022-03-03,2.737142857142857,0.0,53.137142857142855,6.988571428571428,1.0,163.03714285714287,2022,3,3,65.0,0,China_1007.csv
2022-03-04,1007,86.0,76.0,15.0,4.0,34.0,1.4,1,1,0,0,5,5,5,5,0.14510652577048944,-0.518608347941445,7.0249653,5.8395686,-28.796463,-3.9764175,1,2022-03-04,2.9214285714285713,0.0,22.87,17.071428571428573,1.0,272.20285714285717,2022,3,4,86.0,0,China_1007.csv
2022-03-05,1007,87.0,31.0,5.0,1.0,33.0,1.2,1,1,0,0,1,1,3,3,-3.6584118415335967,-0.5551518176197667,11.247994,9.898851,-33.973026,-38.079895,1,2022-03-05,2.3657142857142857,0.0,24.102857142857143,9.851428571428572,1.0,192.05857142857144,2022,3,5,87.0,0,China_1007.csv
2022-03-06,1007,25.0,48.0,16.0,3.0,32.0,2.0,1,1,0,0,5,5,5,5,-1.8835143354578683,-1.7384797216108097,8.076578,5.7947297,14.675653,-62.47705,1,2022-03-06,2.814285714285714,0.0,37.56,8.402857142857142,1.0,174.78,2022,3,6,48.0,0,China_1007.csv
2022-03-07,1007,77.0,44.0,12.0,4.0,33.0,1.4,1,1,0,0,5,5,1,1,-1.0027338292200627,-0.8850417971034912,6.503372,4.9715466,-5.0992413,-0.18057606,1,2022-03-07,6.978571428571429,0.0,35.364285714285714,8.205714285714285,1.0,176.51285714285714,2022,3,7,77.0,0,China_1007.csv
2022-03-08,1007,75.0,82.0,21.0,8.0,32.0,2.0,0,0,2,2,2,2,5,5,3.14534880748193,-0.8794423396869204,9.122903,2.5607438,39.92454,-50.33573,1,2022-03-08,7.321428571428571,0.0,51.589999999999996,6.561428571428571,1.0,146.26285714285714,2022,3,8,82.0,0,China_1007.csv
2022-03-09,1007,146.0,112.0,27.0,11.0,44.0,3.0,0,0,2,2,2,2,7,7,7.90258289350014,1.0072968817753183,9.999425,-2.9718816,88.74488,4.780658,1,2022-03-09,9.065714285714286,0.0,60.47571428571428,7.201428571428572,1.0,147.51142857142855,2022,3,9,146.0,0,China_1007.csv
2022-03-10,1007,179.0,138.0,20.0,11.0,59.0,2.0,0,0,2,2,2,2,7,7,7.831171980415278,3.6303286955372993,12.122917,-0.4226487,83.486305,-13.136493,1,2022-03-10,11.054285714285713,0.0,67.26142857142857,7.271428571428571,1.0,92.95714285714287,2022,3,10,179.0,0,China_1007.csv
2022-03-11,1007,210.0,90.0,14.0,9.0,32.0,1.0,0,0,2,2,2,2,9,9,5.487804208653164,0.9941175082783347,12.324487,1.764753,64.71802,-13.714268,1,2022-03-11,9.832857142857142,0.0,39.01714285714286,7.264285714285714,1.0,121.37428571428572,2022,3,11,210.0,0,China_1007.csv
2022-03-12,1007,153.0,54.0,10.0,5.0,36.0,1.0,1,1,0,0,1,1,9,9,0.9644208791448453,0.3781545353817159,11.680118,3.9637537,36.04989,-9.739469,1,2022-03-12,7.658571428571428,0.0,67.98285714285714,7.581428571428572,1.0,180.64857142857142,2022,3,12,153.0,0,China_1007.csv
2022-03-13,1007,120.0,63.0,11.0,6.0,32.0,2.0,1,1,0,0,1,1,9,9,1.2992799042529415,0.07782289719472153,10.316684,3.8288066,21.488123,2.1786551,1,2022-03-13,7.244285714285715,0.0,73.52999999999999,10.182857142857143,1.0,160.11142857142858,2022,3,13,120.0,0,China_1007.csv
2022-03-14,1007,148.0,43.0,6.0,3.0,40.0,1.4,1,1,0,0,1,1,3,3,-0.8651509374771534,0.8380412154267036,11.901264,5.7735558,11.143037,-17.582539,1,2022-03-14,9.992857142857144,0.0,52.135714285714286,11.08,1.0,156.2057142857143,2022,3,14,148.0,0,China_1007.csv
2022-03-15,1007,90.0,62.0,10.0,5.0,28.0,1.4,1,1,0,0,5,5,0,0,-0.19613809193785395,-0.6044216357280701,7.253089,3.4083176,-2.557638,7.409427,1,2022-03-15,9.68142857142857,0.0,56.44714285714286,8.26,1.0,125.94428571428571,2022,3,15,90.0,0,China_1007.csv
2022-03-16,1007,119.0,71.0,12.0,6.0,29.0,1.8,1,1,0,0,1,1,9,9,1.4969446760977774,-0.20370982981363867,10.249688,3.7545447,21.585108,2.734445,1,2022-03-16,7.535714285714286,0.0,39.839999999999996,11.129999999999999,1.0,127.44571428571429,2022,3,16,119.0,0,China_1007.csv
2022-03-17,1007,124.0,35.0,7.0,3.0,23.0,1.0,1,1,0,0,1,1,3,3,-1.5062089945846737,-1.1576836149682477,10.810977,6.409854,-7.6706166,-18.934246,1,2022-03-17,0.16428571428571428,0.0,62.67714285714286,7.491428571428571,1.0,142.65428571428572,2022,3,17,124.0,0,China_1007.csv
2022-03-18,1007,61.0,49.0,11.0,6.0,13.0,1.0,1,1,0,0,5,5,5,5,-0.4862470347209809,-2.4569122695882624,6.367476,2.8047762,-8.284946,12.737574,1,2022-03-18,-0.37285714285714283,0.0,76.2957142857143,7.828571428571428,1.0,136.03571428571428,2022,3,18,61.0,0,China_1007.csv
2022-03-19,1007,128.0,24.0,7.0,3.0,35.0,1.4,1,1,0,0,1,1,3,3,-1.4737662092307235,-0.18998891475438873,10.844078,6.7636228,-5.34129,-17.651829,1,2022-03-19,1.5299999999999998,0.0,43.212857142857146,9.974285714285713,1.0,149.97,2022,3,19,128.0,0,China_1007.csv
2022-03-20,1007,73.0,49.0,13.0,4.0,35.0,1.8,1,1,0,0,5,5,5,5,-0.7654312461327637,-0.6974773796212055,8.882945,5.065999,6.6545687,3.529114,1,2022-03-20,4.392857142857143,0.0,47.97571428571428,10.72,1.0,199.6542857142857,2022,3,20,73.0,0,China_1007.csv
2022-03-21,1007,124.0,11.0,5.0,2.0,25.0,1.2,1,1,0,0,1,1,3,3,-2.6662142532516873,-1.2231027692597665,11.682222,7.4477324,-8.747975,-31.137028,1,2022-03-21,4.824285714285715,0.0,33.78,9.161428571428571,1.0,158.10714285714286,2022,3,21,124.0,0,China_1007.csv
2022-03-22,1007,28.0,25.0,9.0,2.0,30.0,1.0,1,1,0,0,5,5,1,1,-3.9748345237639757,-1.7646877505170016,7.2748857,11.696267,-71.12305,-49.935177,1,2022-03-22,3.12,0.0,59.207142857142856,8.714285714285714,1.0,210.8742857142857,2022,3,22,30.0,0,China_1007.csv
2022-03-23,1007,57.0,61.0,12.0,4.0,25.0,1.4,1,1,0,0,5,5,1,1,-1.1806596259733788,-1.4530168167846473,6.366614,5.5714636,-28.779594,-0.5346538,1,2022-03-23,4.627142857142857,0.0,81.67857142857143,5.5442857142857145,1.0,136.27428571428572,2022,3,23,61.0,0,China_1007.csv
2022-03-24,1007,146.0,86.0,19.0,7.0,9.0,1.0,0,0,2,2,2,2,9,9,3.6312414366701367,-2.3277456121637092,11.276006,1.349718,61.49354,-27.615799,1,2022-03-24,7.521428571428571,0.0,81.8342857142857,8.002857142857144,1.0,198.26285714285717,2022,3,24,146.0,0,China_1007.csv
2022-03-25,1007,171.0,95.0,13.0,5.0,24.0,1.2,0,0,2,2,1,1,9,9,2.4668762489358937,-0.1414181109682619,12.575074,3.2936528,40.53398,4.8527904,1,2022-03-25,8.620000000000001,0.0,35.067142857142855,10.695714285714287,1.0,198.01999999999998,2022,3,25,171.0,0,China_1007.csv
2022-03-26,1007,118.0,64.0,9.0,2.0,35.0,1.2,1,1,0,0,1,1,3,3,-1.336396952427523,0.06464507387380099,10.632725,7.9558105,-27.125723,-20.089413,1,2022-03-26,10.222857142857142,0.0,23.75142857142857,16.351428571428574,1.0,277.0242857142857,2022,3,26,118.0,0,China_1007.csv
2022-03-27,1007,55.0,24.0,4.0,1.0,38.0,2.4,1,1,0,0,5,5,1,1,-4.314889262902511,-0.1618207526349824,8.94906,8.153045,-63.813908,-15.296,1,2022-03-27,8.455714285714285,0.0,25.548571428571428,11.892857142857142,1.0,230.51142857142855,2022,3,27,55.0,0,China_1007.csv
2022-03-28,1007,27.0,63.0,8.0,2.0,42.0,1.0,1,1,0,0,5,5,1,1,-3.4957489136135087,0.04030437021731608,4.0349665,8.3950405,-51.175426,-12.30578,1,2022-03-28,11.430000000000001,0.0,40.44571428571429,15.950000000000001,1.0,188.91428571428574,2022,3,28,63.0,0,China_1007.csv
2022-03-29,1007,88.0,70.0,9.0,6.0,28.0,2.0,1,1,0,0,1,1,0,0,0.4213567018922636,-0.17762254125449722,9.166873,4.0136833,14.323736,6.878072,1,2022-03-29,9.20142857142857,0.0,80.46428571428571,5.895714285714286,1.0,116.60714285714286,2022,3,29,88.0,0,China_1007.csv
2022-03-30,1007,135.0,35.0,7.0,5.0,21.0,1.4,1,1,0,0,1,1,3,3,-0.10934700916683836,-0.9980400652144088,11.368526,4.5221176,21.878511,-9.761435,1,2022-03-30,5.702857142857143,0.0,67.33714285714287,7.005714285714285,1.0,212.89857142857142,2022,3,30,135.0,0,China_1007.csv
2022-03-31,1007,93.0,21.0,5.0,1.0,36.0,1.2,1,1,0,0,1,1,3,3,-3.6828091146180766,-0.41533745405506006,11.304755,9.639012,-35.099976,-36.967842,1,2022-03-31,6.845714285714286,0.0,31.97857142857143,14.22,1.0,259.58,2022,3,31,93.0,0,China_1007.csv
2022-04-01,1007,55.0,25.0,8.0,1.0,36.0,4.4,1,1,0,0,4,4,8,8,-3.258206694298264,-0.4216026961832367,7.954155,-5.207764,85.50096,47.100403,1,2022-04-01,8.002857142857142,0.0,43.894285714285715,9.40857142857143,1.0,196.10714285714286,2022,4,1,55.0,0,China_1007.csv
2022-04-02,1007,54.0,21.0,7.0,1.0,37.0,4.2,1,1,0,0,4,4,8,8,-3.5331653345543512,-0.3323399740779496,7.967748,-5.1961374,85.35689,47.034386,1,2022-04-02,10.774285714285714,0.0,27.919999999999998,9.620000000000001,1.0,210.81285714285715,2022,4,2,54.0,0,China_1007.csv
2022-04-03,1007,48.0,49.0,10.0,2.0,49.0,1.2,1,1,0,0,5,5,1,1,-2.9147891649828437,0.3904018934468218,8.182018,8.588218,-45.44072,-3.4635706,1,2022-04-03,13.008571428571429,0.0,33.11142857142857,13.178571428571429,1.0,200.01714285714283,2022,4,3,49.0,0,China_1007.csv
2022-04-04,1007,72.0,78.0,9.0,5.0,68.0,1.0,2,2,1,1,3,3,0,0,-0.46433416233956776,3.0880690577032714,2.586388,2.827328,-13.037185,67.42708,1,2022-04-04,14.135714285714286,0.0,51.55571428571428,10.39857142857143,1.0,218.41857142857143,2022,4,4,78.0,0,China_1007.csv
2022-04-05,1007,155.0,78.0,9.0,4.0,41.0,1.0,1,1,0,0,1,1,3,3,0.7292874996611026,1.2619054098077462,12.545008,3.8889253,38.162327,6.562205,1,2022-04-05,14.870000000000001,0.0,32.70285714285715,12.335714285714285,1.0,86.16714285714285,2022,4,5,155.0,0,China_1007.csv
2022-04-06,1007,106.0,48.0,5.0,2.0,29.0,1.0,1,1,0,0,1,1,3,3,-2.4939564739025246,-0.415258208338144,10.627473,8.155269,-24.697275,-24.073572,1,2022-04-06,7.515714285714286,0.0,34.84428571428571,9.932857142857143,1.0,187.96285714285713,2022,4,6,106.0,0,China_1007.csv
2022-04-07,1007,43.0,55.0,13.0,3.0,37.0,1.4,1,1,0,0,5,5,1,1,-1.9414108226027775,-0.8103055119391742,7.3350363,7.827307,-43.452427,-5.9068947,1,2022-04-07,14.108571428571429,0.0,39.07142857142857,9.202857142857143,1.0,113.17857142857143,2022,4,7,55.0,0,China_1007.csv
2022-04-08,1007,86.0,95.0,13.0,9.0,82.0,2.0,2,2,1,1,3,3,11,11,3.100383383436649,4.80536580753963,1.5447873,0.5098093,39.471416,64.38818,1,2022-04-08,16.490000000000002,0.0,52.112857142857145,8.914285714285715,1.0,161.68,2022,4,8,95.0,0,China_1007.csv
2022-04-09,1007,166.0,99.0,12.0,8.0,64.0,1.0,2,2,1,1,3,3,9,9,3.9378920487441507,3.754197705192697,12.312142,1.2569643,68.47788,-11.41405,1,2022-04-09,18.305714285714284,0.0,61.287142857142854,9.647142857142857,1.0,115.51142857142857,2022,4,9,166.0,0,China_1007.csv
2022-04-10,1007,163.0,105.0,11.0,10.0,92.0,2.0,2,2,1,1,3,3,11,11,5.200467632614608,6.760700064027702,2.2417142,0.10519321,34.977753,61.978485,1,2022-04-10,19.64428571428571,0.0,59.614285714285714,7.278571428571429,1.0,151.4528571428571,2022,4,10,163.0,0,China_1007.csv
2022-04-11,1007,163.0,107.0,13.0,7.0,38.0,1.0,0,0,2,2,1,1,9,9,3.546294018224792,1.379063121917378,12.521886,2.3865383,61.57164,-9.227374,1,2022-04-11,19.69142857142857,0.0,22.815714285714286,19.985714285714288,1.0,263.7757142857143,2022,4,11,163.0,0,China_1007.csv
2022-04-12,1007,121.0,69.0,5.0,1.0,45.0,1.2,1,1,0,0,1,1,3,3,-2.277513090773025,1.4073662283748685,10.931659,7.7471466,10.538262,-13.590902,1,2022-04-12,14.501428571428573,0.0,34.005714285714284,12.565714285714284,1.0,133.07,2022,4,12,121.0,0,China_1007.csv
2022-04-13,1007,57.0,50.0,6.0,3.0,51.0,1.6,1,1,0,0,5,5,0,0,-2.6470580641072803,1.2588529758945162,8.196201,8.013698,-56.130684,-0.49229497,1,2022-04-13,12.53,0.0,30.791428571428575,14.19,1.0,209.46428571428572,2022,4,13,57.0,0,China_1007.csv
2022-04-14,1007,91.0,24.0,6.0,1.0,38.0,1.0,1,1,0,0,1,1,3,3,-3.5751288315018517,-0.3500441815734328,11.000911,9.743812,-40.215923,-26.240091,1,2022-04-14,13.235714285714286,0.0,24.884285714285713,16.91,1.0,265.0185714285714,2022,4,14,91.0,0,China_1007.csv
2022-04-15,1007,46.0,21.0,4.0,1.0,38.0,1.0,1,1,0,0,5,5,1,1,-4.8861827795696335,-0.5238700551503976,10.784122,11.924138,-83.75433,-18.264282,1,2022-04-15,12.842857142857143,0.0,17.725714285714286,12.431428571428572,1.0,297.2557142857143,2022,4,15,46.0,0,China_1007.csv
2022-04-16,1007,42.0,32.0,8.0,1.0,40.0,1.4,1,1,0,0,5,5,1,1,-4.119033355462461,-0.5691080812937409,9.9690075,11.625117,-78.59041,-6.326446,1,2022-04-16,15.73,0.0,19.368571428571432,10.174285714285714,1.0,260.29285714285714,2022,4,16,42.0,0,China_1007.csv
2022-04-17,1007,51.0,65.0,15.0,4.0,30.0,1.8,1,1,0,0,5,5,5,5,-0.7067788104664653,-1.257333208562098,8.263383,5.5437818,15.573867,-55.674168,1,2022-04-17,15.777142857142858,0.0,36.10857142857143,7.454285714285715,1.0,186.64285714285714,2022,4,17,65.0,0,China_1007.csv
2022-04-18,1007,135.0,73.0,14.0,6.0,73.0,1.0,2,2,1,1,3,3,11,11,2.087255235917358,3.459868543440294,2.6883059,0.7580238,32.280403,51.233376,1,2022-04-18,16.107142857142858,0.0,36.12428571428571,9.120000000000001,1.0,169.1242857142857,2022,4,18,135.0,0,China_1007.csv
2022-04-19,1007,145.0,63.0,13.0,4.0,50.0,1.2,1,1,0,0,1,1,9,9,0.9166227435876185,1.3092157491716034,11.145366,4.1106825,27.01554,20.256638,1,2022-04-19,19.672857142857143,0.0,29.060000000000002,14.299999999999999,1.0,205.07571428571427,2022,4,19,145.0,0,China_1007.csv
2022-04-20,1007,121.0,64.0,9.0,3.0,75.0,1.0,2,2,1,1,3,3,0,0,-0.6827852782851137,3.6603690455357434,1.9461426,2.9415631,12.808359,67.4159,1,2022-04-20,21.33142857142857,0.0,31.41,17.31,1.0,192.42285714285714,2022,4,20,121.0,0,China_1007.csv
2022-04-21,1007,105.0,80.0,6.0,3.0,38.0,1.2,1,1,0,0,1,1,3,3,-1.2490778817981558,0.9261987650915414,13.793257,4.1672983,36.57847,21.764645,1,2022-04-21,19.25142857142857,0.0,29.810000000000002,17.12,1.0,218.29857142857145,2022,4,21,105.0,0,China_1007.csv
2022-04-22,1007,85.0,35.0,4.0,1.0,44.0,1.4,1,1,0,0,1,1,3,3,-3.7067536200856828,0.610630778292752,10.734541,9.782379,-42.974327,-20.74946,1,2022-04-22,16.462857142857143,0.0,30.415714285714284,14.784285714285714,1.0,217.5585714285714,2022,4,22,85.0,0,China_1007.csv
2022-04-23,1007,34.0,68.0,9.0,3.0,62.0,1.0,1,1,0,0,5,5,0,0,-2.533793398149356,1.9165909217188055,2.8165336,5.619509,-48.288822,58.707638,1,2022-04-23,20.03857142857143,0.0,41.44285714285714,13.244285714285715,1.0,190.35285714285715,2022,4,23,68.0,0,China_1007.csv
2022-04-24,1007,90.0,90.0,11.0,8.0,80.0,2.0,2,2,1,1,3,3,11,11,2.277478222224829,4.707615721486131,1.5258826,0.5032421,39.519978,64.67535,1,2022-04-24,20.725714285714282,0.0,59.33714285714286,10.008571428571429,1.0,98.09571428571428,2022,4,24,90.0,0,China_1007.csv
2022-04-25,1007,132.0,96.0,9.0,10.0,84.0,2.0,2,2,1,1,3,3,11,11,4.075260404207467,5.889238278755561,2.2847881,0.21550201,36.786865,62.33606,1,2022-04-25,21.98,0.0,51.92714285714286,14.117142857142856,1.0,169.25714285714284,2022,4,25,132.0,0,China_1007.csv
2022-04-26,1007,149.0,74.0,3.0,4.0,40.0,1.4,1,1,0,0,1,1,3,3,-0.23964420010033327,1.7985960799167615,12.057239,5.1096425,14.314161,-13.365262,1,2022-04-26,16.80142857142857,0.0,12.767142857142858,17.74,1.0,213.17857142857142,2022,4,26,149.0,0,China_1007.csv
2022-04-27,1007,59.0,27.0,5.0,2.0,31.0,1.0,1,1,0,0,5,5,1,1,-3.846004873834977,-0.9579521607382181,8.801034,11.091476,-62.69126,-34.18791,1,2022-04-27,10.148571428571428,0.0,62.42142857142857,7.468571428571429,1.0,181.3742857142857,2022,4,27,59.0,0,China_1007.csv
2022-04-28,1007,35.0,23.0,5.0,3.0,33.0,1.4,1,1,0,0,5,5,1,1,-3.7964205071908785,-0.874721993000404,5.860182,9.66736,-73.42604,13.5383215,1,2022-04-28,10.629999999999999,0.0,68.65857142857143,5.7128571428571435,1.0,164.82571428571427,2022,4,28,35.0,0,China_1007.csv
2022-04-29,1007,54.0,50.0,7.0,3.0,40.0,2.0,1,1,0,0,5,5,1,1,-2.5016674542869297,0.22628200630862622,8.512017,7.9326606,-59.230675,-0.91759825,1,2022-04-29,15.475714285714286,0.0,41.61857142857143,16.372857142857143,1.0,258.73857142857145,2022,4,29,54.0,0,China_1007.csv
2022-04-30,1007,122.0,11.0,4.0,1.0,38.0,1.0,1,1,0,0,1,1,3,3,-3.403000718684299,-0.10950699724308303,12.283619,8.201454,-13.018485,-40.12045,1,2022-04-30,15.095714285714285,0.0,20.881428571428575,13.567142857142857,1.0,284.37,2022,4,30,122.0,0,China_1007.csv
2022-05-01,1007,18.0,26.0,8.0,1.0,42.0,1.0,1,1,0,0,5,5,1,1,-4.8242584783329026,-0.7489649397446739,9.99457,12.27248,-87.05579,-8.874878,1,2022-05-01,17.825714285714287,0.0,37.220000000000006,12.389999999999999,1.0,167.6442857142857,2022,5,1,42.0,0,China_1007.csv
2022-05-02,1007,40.0,40.0,11.0,4.0,56.0,1.0,1,1,0,0,5,5,0,0,-2.04848074649963,0.8268200690097971,3.3598871,5.2098117,-46.413643,53.810604,1,2022-05-02,18.385714285714283,0.0,40.69571428571429,10.217142857142857,1.0,166.05285714285714,2022,5,2,56.0,0,China_1007.csv
2022-05-03,1007,74.0,52.0,10.0,3.0,75.0,1.0,2,2,1,1,3,3,0,0,-1.7499820180512287,2.983291404080284,1.444567,4.733247,-34.297775,77.54731,1,2022-05-03,23.044285714285714,0.0,31.297142857142855,13.634285714285713,1.0,202.57142857142858,2022,5,3,75.0,0,China_1007.csv
2022-05-04,1007,80.0,63.0,9.0,3.0,97.0,4.0,2,2,1,1,3,3,8,8,-0.828369183340695,5.780267284923057,6.810853,-4.114654,66.43959,55.15539,1,2022-05-04,25.32,0.0,30.907142857142855,15.642857142857142,1.0,185.6357142857143,2022,5,4,97.0,0,China_1007.csv
2022-05-05,1007,83.0,62.0,6.0,4.0,92.0,1.0,2,2,1,1,3,3,11,11,-1.3926509887570906,5.254307910076798,1.296393,2.7293482,-2.1825244,81.07693,1,2022-05-05,23.207142857142856,0.0,44.60285714285715,13.442857142857145,1.0,180.88714285714286,2022,5,5,92.0,0,China_1007.csv
2022-05-06,1007,84.0,41.0,4.0,2.0,32.0,1.0,1,1,0,0,1,1,1,1,-3.220115313199738,-0.3281286638399844,9.891147,9.238333,-27.54717,-26.772703,1,2022-05-06,12.894285714285715,0.0,58.26571428571429,11.09,1.0,169.36285714285714,2022,5,6,84.0,0,China_1007.csv
2022-05-07,1007,62.0,27.0,6.0,2.0,33.0,1.0,1,1,0,0,5,5,1,1,-3.6317917378174003,-0.8706778587705587,8.781562,11.032731,-62.53513,-35.164375,1,2022-05-07,13.171428571428573,0.0,55.40571428571429,13.484285714285715,1.0,160.95285714285714,2022,5,7,62.0,0,China_1007.csv
2022-05-08,1007,51.0,21.0,4.0,3.0,27.0,1.0,1,1,0,0,5,5,1,1,-3.735496994878972,-1.2706283090864703,6.4156857,9.254813,-59.397102,16.643763,1,2022-05-08,10.947142857142856,0.0,70.51,5.1414285714285715,1.0,212.0957142857143,2022,5,8,51.0,0,China_1007.csv
2022-05-09,1007,50.0,24.0,5.0,2.0,43.0,1.0,1,1,0,0,5,5,1,1,-4.059201267412419,-0.023278917378119695,8.274053,11.012244,-90.861626,5.1471896,1,2022-05-09,13.450000000000001,0.0,63.464285714285715,10.235714285714284,1.0,197.43,2022,5,9,50.0,0,China_1007.csv
2022-05-10,1007,56.0,55.0,7.0,4.0,28.0,1.0,1,1,0,0,5,5,1,1,-2.1068268317178678,-0.8100541797337608,5.6272736,4.8158727,-30.478727,7.396358,1,2022-05-10,13.045714285714284,0.0,76.03,9.33,1.0,235.82142857142858,2022,5,10,56.0,0,China_1007.csv
2022-05-11,1007,104.0,37.0,6.0,3.0,39.0,1.4,1,1,0,0,1,1,3,3,-1.9171014425263575,0.30976274726034037,8.175863,8.24505,-43.84822,10.911409,1,2022-05-11,16.697142857142858,0.0,48.25428571428571,12.827142857142857,1.0,221.26714285714283,2022,5,11,104.0,0,China_1007.csv
2022-05-12,1007,80.0,18.0,5.0,1.0,41.0,1.0,1,1,0,0,5,5,1,1,-4.047018108633283,-0.16132426161988547,10.918744,10.0408125,-42.75882,-25.14326,1,2022-05-12,14.424285714285714,0.0,47.54,11.954285714285716,1.0,246.68571428571428,2022,5,12,80.0,0,China_1007.csv
2022-05-13,1007,42.0,15.0,5.0,1.0,37.0,1.0,1,1,0,0,5,5,1,1,-4.928097567275564,-0.8561745694319214,10.738023,11.90813,-82.400566,-16.665766,1,2022-05-13,16.538571428571426,0.0,27.96,12.445714285714287,1.0,265.39285714285717,2022,5,13,42.0,0,China_1007.csv
2022-05-14,1007,22.0,14.0,6.0,1.0,40.0,1.2,1,1,0,0,5,5,1,1,-5.178525750584934,-0.8403109526182172,10.288204,12.500661,-87.01071,-11.727084,1,2022-05-14,17.025714285714283,0.0,38.08857142857143,8.785714285714286,1.0,274.17857142857144,2022,5,14,40.0,0,China_1007.csv
2022-05-15,1007,25.0,18.0,9.0,1.0,42.0,1.0,1,1,0,0,5,5,1,1,-4.657931668795989,-0.9427852244916979,9.928751,12.242107,-85.86839,-8.44298,1,2022-05-15,18.72142857142857,0.0,29.178571428571427,8.40857142857143,1.0,252.69571428571427,2022,5,15,42.0,0,China_1007.csv
2022-05-16,1007,40.0,23.0,8.0,1.0,49.0,1.8,1,1,0,0,5,5,1,1,-4.191633706264669,0.12273480923189102,8.187398,9.258859,-70.6388,-2.1773689,1,2022-05-16,21.27285714285714,0.0,28.595714285714287,12.051428571428572,1.0,161.76714285714283,2022,5,16,49.0,0,China_1007.csv
2022-05-17,1007,50.0,54.0,14.0,4.0,77.0,1.0,2,2,1,1,3,3,0,0,-1.1199959241815072,2.653015069117055,1.5640943,4.1431646,-42.843384,72.59493,1,2022-05-17,21.86285714285714,0.0,35.88,10.278571428571428,1.0,143.52,2022,5,17,77.0,0,China_1007.csv
2022-05-18,1007,87.0,34.0,8.0,2.0,55.0,1.0,1,1,0,0,5,5,0,0,-2.6336432856365333,1.151346464154501,2.0976918,5.9524517,-41.706875,3.6124737,1,2022-05-18,23.288571428571426,0.0,33.48714285714286,9.708571428571428,1.0,159.1542857142857,2022,5,18,87.0,0,China_1007.csv
2022-05-19,1007,71.0,60.0,11.0,5.0,99.0,1.0,2,2,1,1,3,3,11,11,-0.41083546976130814,5.27621710077046,1.2857218,2.2021375,-2.880715,92.39331,1,2022-05-19,23.50142857142857,0.0,45.97571428571428,8.815714285714286,1.0,211.18,2022,5,19,99.0,0,China_1007.csv
2022-05-20,1007,104.0,72.0,11.0,6.0,116.0,1.0,2,2,1,1,3,3,11,11,1.0753457951672412,7.319352825360745,1.1064388,1.5613333,3.7752547,89.26823,1,2022-05-20,24.259999999999998,0.0,45.607142857142854,9.135714285714286,1.0,189.69714285714286,2022,5,20,116.0,0,China_1007.csv
2022-05-21,1007,122.0,59.0,10.0,4.0,112.0,1.2,2,2,1,1,3,3,11,11,0.07705764729938894,6.849451177705664,1.1977415,1.89599,1.3528472,85.72462,1,2022-05-21,25.900000000000002,0.0,40.50714285714286,9.427142857142856,1.0,201.16142857142856,2022,5,21,122.0,0,China_1007.csv
2022-05-22,1007,100.0,60.0,11.0,3.0,115.0,1.0,2,2,1,1,3,3,11,11,-0.8130480396955049,6.7239609576965345,0.6998097,2.6704433,-11.662002,91.66306,1,2022-05-22,26.294285714285714,0.0,45.68285714285714,6.8,1.0,161.39857142857142,2022,5,22,115.0,0,China_1007.csv
2022-05-23,1007,93.0,54.0,8.0,3.0,84.0,1.0,2,2,1,1,3,3,0,0,-1.5722791042246873,4.177793943678075,1.31579,4.1403737,0.62072086,81.428856,1,2022-05-23,25.568571428571428,0.0,44.51857142857143,11.742857142857144,1.0,191.47857142857143,2022,5,23,93.0,0,China_1007.csv
2022-05-24,1007,87.0,51.0,8.0,4.0,83.0,1.2,2,2,1,1,3,3,0,0,-1.1713000907256716,4.118171433178719,1.6844987,3.2598236,-4.7613525,79.09238,1,2022-05-24,26.074285714285715,0.0,36.287142857142854,17.697142857142858,1.0,216.60714285714286,2022,5,24,87.0,0,China_1007.csv
2022-05-25,1007,85.0,18.0,3.0,1.0,39.0,1.4,1,1,0,0,1,1,3,3,-4.138629912556466,-0.006377606214314701,11.199773,9.339061,-36.562542,-33.70115,1,2022-05-25,22.675714285714285,0.0,24.951428571428572,11.754285714285714,1.0,213.61285714285714,2022,5,25,85.0,0,China_1007.csv
2022-05-26,1007,24.0,23.0,6.0,1.0,39.0,1.0,1,1,0,0,5,5,1,1,-5.038978765665187,-0.794344457776642,10.250645,12.4460125,-87.41444,-11.324968,1,2022-05-26,25.564285714285713,0.0,20.240000000000002,10.961428571428572,1.0,263.68285714285713,2022,5,26,39.0,0,China_1007.csv
2022-05-27,1007,35.0,37.0,9.0,3.0,58.0,1.0,1,1,0,0,5,5,0,0,-3.0237780395778358,1.0455041352999697,2.5509856,6.6396933,-63.05783,40.47505,1,2022-05-27,27.93,0.0,20.861428571428572,16.56,1.0,208.10857142857142,2022,5,27,58.0,0,China_1007.csv
2022-05-28,1007,47.0,61.0,9.0,3.0,115.0,1.0,2,2,1,1,3,3,11,11,-2.2325379541297234,6.556636931344722,0.14442833,2.4863994,-12.760819,100.960464,1,2022-05-28,29.395714285714288,0.0,34.56,15.954285714285716,1.0,192.61999999999998,2022,5,28,115.0,0,China_1007.csv
2022-05-29,1007,78.0,37.0,4.0,2.0,45.0,1.0,1,1,0,0,5,5,1,1,-3.382046138638273,0.7005165898230166,9.422037,9.74214,-48.3784,-22.85718,1,2022-05-29,22.32428571428571,0.0,27.834285714285716,14.327142857142857,1.0,257.90999999999997,2022,5,29,78.0,0,China_1007.csv
2022-05-30,1007,45.0,21.0,6.0,1.0,46.0,1.0,1,1,0,0,5,5,1,1,-4.5992201132781965,-0.051517432611178145,10.582508,11.774116,-81.665,-14.850016,1,2022-05-30,23.602857142857143,0.0,23.524285714285718,12.370000000000001,1.0,234.85857142857142,2022,5,30,46.0,0,China_1007.csv
2022-05-31,1007,84.0,43.0,11.0,3.0,92.0,1.0,2,2,1,1,3,3,11,11,-1.492197224551059,4.289968026606785,0.85591376,3.3713467,-15.066679,87.47278,1,2022-05-31,23.520000000000003,0.0,45.32142857142857,6.998571428571429,1.0,140.78285714285715,2022,5,31,92.0,0,China_1007.csv
2022-06-01,1007,79.0,34.0,10.0,3.0,70.0,1.0,2,2,1,1,3,3,0,0,-1.945560157780726,2.276116339131074,1.6826743,5.2147255,-28.861048,72.23919,1,2022-06-01,26.321428571428573,0.0,27.672857142857143,11.247142857142858,1.0,194.10142857142858,2022,6,1,79.0,0,China_1007.csv
2022-06-02,1007,59.0,43.0,13.0,3.0,113.0,1.0,2,2,1,1,3,3,11,11,-1.6920463769545435,5.720571420927939,0.26157078,2.9882245,-15.358109,95.7712,1,2022-06-02,27.43,0.0,34.135714285714286,11.398571428571428,1.0,139.31,2022,6,2,113.0,0,China_1007.csv
2022-06-03,1007,70.0,60.0,13.0,6.0,127.0,2.0,2,2,1,1,3,3,11,11,0.6956676722472738,7.7703504442396,0.299772,0.7446832,21.72522,98.37905,1,2022-06-03,28.19142857142857,0.0,53.85,10.112857142857143,1.0,163.42714285714285,2022,6,3,127.0,0,China_1007.csv
2022-06-04,1007,93.0,41.0,6.0,3.0,75.0,1.0,2,2,1,1,3,3,0,0,-2.0937388984632688,3.388783020150885,1.8837953,4.8505554,6.504026,45.216576,1,2022-06-04,25.511428571428574,0.0,52.94,7.985714285714286,1.0,203.71285714285713,2022,6,4,93.0,0,China_1007.csv
2022-06-05,1007,74.0,25.0,6.0,3.0,43.0,1.4,1,1,0,0,5,5,1,1,-2.750548964238834,0.22664979003253546,7.753378,8.506977,-46.739414,11.097297,1,2022-06-05,26.72,0.0,25.74857142857143,21.631428571428575,1.0,295.65999999999997,2022,6,5,74.0,0,China_1007.csv
2022-06-06,1007,57.0,6.0,3.0,1.0,38.0,1.0,1,1,0,0,5,5,1,1,-5.035049361426358,-0.5827444761180016,10.992885,11.444461,-78.56549,-20.962166,1,2022-06-06,22.59142857142857,0.0,37.66857142857143,12.692857142857141,1.0,147.8742857142857,2022,6,6,57.0,0,China_1007.csv
2022-06-07,1007,12.0,23.0,7.0,4.0,51.0,1.0,1,1,0,0,5,5,0,0,-3.51916981977157,0.3293331879343157,4.0821033,5.2188406,-51.053623,48.270863,1,2022-06-07,21.837142857142858,0.0,47.35142857142857,10.365714285714287,1.0,169.51857142857145,2022,6,7,51.0,0,China_1007.csv
2022-06-08,1007,42.0,46.0,8.0,6.0,45.0,1.0,1,1,0,0,5,5,0,0,-1.2984146897182487,0.4938514917320925,4.6613345,2.5138423,-16.279682,53.57835,1,2022-06-08,20.74285714285714,0.0,59.67142857142857,9.442857142857141,1.0,96.11,2022,6,8,46.0,0,China_1007.csv
2022-06-09,1007,76.0,38.0,8.0,8.0,42.0,1.0,1,1,0,0,5,5,0,0,0.37061772593321735,0.5373167580684217,5.1186833,1.7820987,-4.7262683,22.355999,1,2022-06-09,22.3,0.0,59.83428571428572,9.581428571428573,1.0,142.63142857142856,2022,6,9,76.0,0,China_1007.csv
2022-06-10,1007,73.0,55.0,7.0,6.0,69.0,1.4,2,2,1,1,3,3,0,0,-0.47208083948962337,3.1757630147330262,3.3154447,2.4190135,-10.764894,56.23303,1,2022-06-10,23.425714285714285,0.0,68.89714285714287,8.912857142857144,1.0,111.31428571428572,2022,6,10,73.0,0,China_1007.csv
2022-06-11,1007,81.0,47.0,8.0,4.0,48.0,1.0,1,1,0,0,5,5,0,0,-1.5006584556809541,0.8926945640241176,4.1604342,4.6406097,-36.214344,38.138756,1,2022-06-11,20.568571428571428,0.0,87.14285714285714,8.934285714285714,1.0,170.06285714285715,2022,6,11,81.0,0,China_1007.csv
2022-06-12,1007,64.0,31.0,6.0,4.0,57.0,1.2,1,1,0,0,5,5,0,0,-2.346548086966999,1.5388339575101033,3.5850353,4.52974,-38.930504,40.49147,1,2022-06-12,21.321428571428573,0.0,78.41,8.757142857142856,1.0,162.59428571428572,2022,6,12,64.0,0,China_1007.csv
2022-06-13,1007,60.0,27.0,6.0,3.0,40.0,1.2,1,1,0,0,5,5,1,1,-3.075598378340562,-0.14526560376548467,6.8811197,8.723124,-55.428703,24.163406,1,2022-06-13,19.954285714285714,0.0,82.37714285714286,5.777142857142857,1.0,123.61142857142856,2022,6,13,60.0,0,China_1007.csv
2022-06-14,1007,59.0,27.0,6.0,4.0,44.0,1.0,1,1,0,0,5,5,0,0,-2.598997434770903,0.2550188326575418,4.397383,4.687051,-39.730846,34.14278,1,2022-06-14,21.024285714285714,0.0,77.64857142857143,5.3585714285714285,1.0,103.79857142857144,2022,6,14,59.0,0,China_1007.csv
2022-06-15,1007,55.0,37.0,6.0,6.0,61.0,1.0,2,2,1,1,3,3,0,0,-1.4109751598378373,2.07051948221325,3.8358452,2.3032494,-14.022183,38.09727,1,2022-06-15,22.197142857142858,0.0,71.85142857142857,6.867142857142857,1.0,150.41428571428574,2022,6,15,61.0,0,China_1007.csv
2022-06-16,1007,74.0,43.0,7.0,5.0,88.0,1.0,2,2,1,1,3,3,0,0,-1.2256169703076607,4.489661000169065,2.0602164,2.1561916,-7.64424,72.92214,1,2022-06-16,24.055714285714284,0.0,71.73571428571428,7.441428571428572,1.0,110.37428571428572,2022,6,16,88.0,0,China_1007.csv
2022-06-17,1007,73.0,62.0,8.0,9.0,96.0,1.0,2,2,1,1,3,3,11,11,1.3647020904898453,5.760271766484949,2.0237439,1.14858,7.706855,65.27482,1,2022-06-17,26.254285714285714,0.0,68.48571428571428,8.358571428571429,1.0,112.8442857142857,2022,6,17,96.0,0,China_1007.csv
2022-06-18,1007,105.0,57.0,6.0,8.0,102.0,1.0,2,2,1,1,3,3,11,11,1.1679392997185443,6.581093010205917,1.7293079,1.0030335,9.74082,98.15388,1,2022-06-18,26.71142857142857,0.0,66.62428571428572,6.968571428571429,1.0,100.57714285714287,2022,6,18,105.0,0,China_1007.csv
2022-06-19,1007,95.0,49.0,6.0,7.0,100.0,1.0,2,2,1,1,3,3,11,11,0.2819820615594005,6.10145449882433,1.8308831,1.2628524,4.449475,70.34182,1,2022-06-19,27.33142857142857,0.0,65.20142857142856,7.817142857142857,1.0,131.46571428571428,2022,6,19,100.0,0,China_1007.csv
2022-06-20,1007,87.0,57.0,8.0,7.0,104.0,1.4,2,2,1,1,3,3,11,11,0.630526418159494,6.373479900154129,1.35226,1.2272332,11.566071,96.76715,1,2022-06-20,30.287142857142857,0.0,59.51857142857143,8.892857142857142,1.0,156.93285714285713,2022,6,20,104.0,0,China_1007.csv
2022-06-21,1007,93.0,85.0,11.0,9.0,116.0,1.0,2,2,1,1,3,3,11,11,2.6527401921959575,7.728497383192089,1.4642484,1.0080099,7.7305045,100.77518,1,2022-06-21,29.222857142857144,0.0,61.30428571428571,10.485714285714286,1.0,77.05428571428571,2022,6,21,116.0,0,China_1007.csv
2022-06-22,1007,143.0,72.0,8.0,9.0,40.0,1.0,0,0,2,2,1,1,9,9,2.900944647817923,1.5457533733631745,11.610655,2.1982164,53.770138,-4.854465,1,2022-06-22,23.851428571428574,0.0,88.71857142857142,8.18,1.0,137.07714285714286,2022,6,22,143.0,0,China_1007.csv
2022-06-23,1007,155.0,8.0,9.0,3.0,62.0,1.4,1,1,0,0,1,1,3,3,-0.7919094563340154,1.8958460407919635,3.7227018,0.8653108,24.432354,42.073757,1,2022-06-23,28.27857142857143,0.0,44.68857142857143,9.954285714285714,1.0,246.59,2022,6,23,155.0,0,China_1007.csv
2022-06-24,1007,48.0,12.0,3.0,2.0,54.0,1.0,1,1,0,0,5,5,1,1,-4.557529552621089,0.9474920299284859,8.354564,10.838774,-83.29118,15.648833,1,2022-06-24,29.407142857142855,0.0,37.84142857142857,10.23,1.0,264.5942857142857,2022,6,24,54.0,0,China_1007.csv
2022-06-25,1007,16.0,50.0,7.0,3.0,140.0,1.0,2,2,1,1,3,3,11,11,-3.307208544608091,8.552123285646497,0.06922689,2.3372087,-13.182285,106.25879,1,2022-06-25,32.01714285714286,0.0,43.88857142857143,9.392857142857142,1.0,133.4942857142857,2022,6,25,140.0,0,China_1007.csv
2022-06-26,1007,68.0,55.0,4.0,6.0,78.0,2.0,2,2,1,1,3,3,0,0,-0.8499106208907132,4.366956610330717,3.4674728,2.8656828,-19.718063,45.07552,1,2022-06-26,25.928571428571427,0.0,78.47428571428573,12.76,1.0,164.28714285714287,2022,6,26,78.0,0,China_1007.csv
2022-06-27,1007,85.0,38.0,5.0,5.0,53.0,1.4,1,1,0,0,5,5,0,0,-1.3511586514480478,1.7047641836158154,4.4274826,2.935078,-22.347609,33.342373,1,2022-06-27,23.99142857142857,0.0,83.5,9.34142857142857,1.0,248.80571428571426,2022,6,27,85.0,0,China_1007.csv
2022-06-28,1007,80.0,18.0,5.0,4.0,35.0,1.0,1,1,0,0,5,5,1,1,-2.4569468740696263,-0.41610180948824343,5.144501,4.293435,-32.154797,26.169325,1,2022-06-28,23.389999999999997,0.0,80.38571428571429,9.907142857142857,1.0,253.35714285714286,2022,6,28,80.0,0,China_1007.csv
2022-06-29,1007,43.0,14.0,4.0,3.0,37.0,1.0,1,1,0,0,5,5,1,1,-3.996793156314371,-0.5720998251285004,6.2693896,9.338438,-59.61488,19.581139,1,2022-06-29,23.392857142857142,0.0,82.71428571428571,6.925714285714286,1.0,210.96285714285713,2022,6,29,43.0,0,China_1007.csv
2022-06-30,1007,41.0,23.0,5.0,4.0,57.0,1.0,1,1,0,0,5,5,0,0,-3.1649180617034625,1.3029988788756188,3.652061,4.749301,-38.54315,47.86966,1,2022-06-30,24.085714285714285,0.0,82.91571428571429,5.637142857142857,1.0,197.1257142857143,2022,6,30,57.0,0,China_1007.csv
2022-07-01,1007,61.0,22.0,5.0,5.0,52.0,1.0,1,1,0,0,5,5,0,0,-2.225720203980618,1.0911370182819808,4.4725304,2.933925,-17.729565,30.816406,1,2022-07-01,24.532857142857143,0.0,83.74285714285715,4.581428571428572,1.0,126.3457142857143,2022,7,1,61.0,0,China_1007.csv
2022-07-02,1007,67.0,44.0,6.0,6.0,63.0,1.0,2,2,1,1,3,3,0,0,-1.032956791894785,2.4576432672076214,3.6832592,2.172502,-6.2794485,53.979996,1,2022-07-02,25.99857142857143,0.0,80.86857142857143,7.607142857142857,1.0,133.61,2022,7,2,67.0,0,China_1007.csv
2022-07-03,1007,113.0,24.0,5.0,5.0,41.0,1.8,1,1,0,0,1,1,3,3,-0.9080764212710791,0.6962077165712702,4.890366,3.5199172,-27.566944,32.63661,1,2022-07-03,23.28142857142857,0.0,92.48285714285714,5.718571428571429,1.0,123.91714285714285,2022,7,3,113.0,0,China_1007.csv
2022-07-04,1007,70.0,22.0,4.0,5.0,40.0,1.2,1,1,0,0,5,5,0,0,-2.158469074324763,0.25160690247089845,5.0788193,3.337384,-21.887089,27.898552,1,2022-07-04,26.117142857142856,0.0,84.53142857142858,5.692857142857143,1.0,139.47714285714284,2022,7,4,70.0,0,China_1007.csv
2022-07-05,1007,66.0,46.0,5.0,5.0,49.0,1.0,1,1,0,0,5,5,0,0,-1.7367128941660852,1.273973901134172,4.6186876,2.9007328,-19.453842,31.544489,1,2022-07-05,24.957142857142856,0.0,89.71714285714286,7.632857142857143,1.0,126.75142857142858,2022,7,5,66.0,0,China_1007.csv
2022-07-06,1007,105.0,11.0,6.0,3.0,43.0,1.0,1,1,0,0,1,1,3,3,-2.3997904803429626,0.1578681237988513,10.937588,6.585341,-0.92444086,-18.88772,1,2022-07-06,24.285714285714285,0.0,83.9542857142857,8.644285714285713,1.0,163.10857142857142,2022,7,6,105.0,0,China_1007.csv
2022-07-07,1007,29.0,20.0,9.0,2.0,78.0,1.0,2,2,1,1,3,3,0,0,-3.913513158531021,2.377553485122741,1.6673255,6.751824,-83.54734,44.233887,1,2022-07-07,28.321428571428573,0.0,70.79714285714286,7.961428571428571,1.0,166.71,2022,7,7,78.0,0,China_1007.csv
2022-07-08,1007,46.0,37.0,10.0,3.0,71.0,1.0,2,2,1,1,3,3,0,0,-2.6087767833553217,2.1612811531117457,1.6578572,6.0351377,-63.02242,50.0153,1,2022-07-08,28.032857142857143,0.0,67.7942857142857,7.471428571428571,1.0,194.6185714285714,2022,7,8,71.0,0,China_1007.csv
2022-07-09,1007,59.0,21.0,10.0,2.0,36.0,1.2,1,1,0,0,5,5,1,1,-3.162396867183103,-1.1439450068256252,8.2032795,10.356593,-59.353176,-41.31436,1,2022-07-09,27.684285714285714,0.0,57.84428571428571,7.421428571428571,1.0,210.19714285714286,2022,7,9,59.0,0,China_1007.csv
2022-07-10,1007,27.0,15.0,5.0,3.0,32.0,1.0,1,1,0,0,5,5,1,1,-4.195229747117457,-1.229278046711271,5.690604,9.531127,-69.31294,16.793789,1,2022-07-10,23.611428571428572,0.0,77.20714285714287,5.384285714285714,1.0,183.22714285714284,2022,7,10,32.0,0,China_1007.csv
2022-07-11,1007,25.0,31.0,8.0,5.0,41.0,1.0,1,1,0,0,5,5,0,0,-2.4541676761222675,-0.3344629731894713,4.3268137,3.5537286,-24.252277,54.517113,1,2022-07-11,24.615714285714287,0.0,80.80999999999999,6.362857142857143,1.0,154.66714285714286,2022,7,11,41.0,0,China_1007.csv
2022-07-12,1007,82.0,21.0,6.0,4.0,36.0,1.2,1,1,0,0,5,5,1,1,-2.17149979789516,-0.3388639549378901,5.031328,4.2667294,-32.29376,27.271667,1,2022-07-12,23.537142857142857,0.0,82.76857142857143,8.22857142857143,1.0,226.82285714285715,2022,7,12,82.0,0,China_1007.csv
2022-07-13,1007,60.0,16.0,7.0,4.0,52.0,1.0,1,1,0,0,5,5,0,0,-2.5909815634714857,0.6673092426210181,3.915248,4.728465,-40.95574,38.163902,1,2022-07-13,27.245714285714286,0.0,69.67285714285714,10.918571428571429,1.0,237.54142857142855,2022,7,13,60.0,0,China_1007.csv
2022-07-14,1007,43.0,19.0,9.0,2.0,60.0,1.0,1,1,0,0,5,5,0,0,-3.6718864618280618,0.8858626344759516,1.8167758,7.038009,-78.15594,43.76864,1,2022-07-14,27.267142857142858,0.0,60.667142857142856,8.112857142857143,1.0,185.94571428571427,2022,7,14,60.0,0,China_1007.csv
2022-07-15,1007,40.0,25.0,11.0,2.0,61.0,1.4,1,1,0,0,5,5,0,0,-3.2550158441709827,0.8986032611669105,1.8077255,6.9727154,-79.29383,44.97129,1,2022-07-15,28.982857142857142,0.0,56.03142857142858,8.017142857142858,1.0,190.04714285714286,2022,7,15,61.0,0,China_1007.csv
2022-07-16,1007,42.0,53.0,12.0,6.0,108.0,1.0,2,2,1,1,3,3,11,11,-0.4498749011661182,5.704635959887991,0.9771947,2.1067429,-11.2657585,104.675896,1,2022-07-16,27.874285714285715,0.0,72.17428571428572,8.542857142857143,1.0,159.90571428571428,2022,7,16,108.0,0,China_1007.csv
2022-07-17,1007,86.0,33.0,8.0,3.0,46.0,1.0,1,1,0,0,5,5,0,0,-2.15902825485627,0.4263716435891184,7.557616,7.7487564,-38.022087,6.638286,1,2022-07-17,29.30857142857143,0.0,52.85285714285715,8.144285714285715,1.0,203.39714285714285,2022,7,17,86.0,0,China_1007.csv
2022-07-18,1007,73.0,22.0,7.0,3.0,49.0,1.0,1,1,0,0,5,5,0,0,-2.7551067187100706,0.5146889273971114,7.0687375,8.617924,-50.623703,21.445755,1,2022-07-18,27.93857142857143,0.0,51.44714285714286,8.795714285714286,1.0,211.69142857142856,2022,7,18,73.0,0,China_1007.csv
2022-07-19,1007,31.0,38.0,10.0,3.0,78.0,1.0,2,2,1,1,3,3,0,0,-2.8996802233844248,2.678296503729842,1.5135854,5.926592,-64.89383,50.81526,1,2022-07-19,27.267142857142858,0.0,66.79285714285714,6.985714285714286,1.0,185.73285714285717,2022,7,19,78.0,0,China_1007.csv
2022-07-20,1007,53.0,43.0,8.0,4.0,61.0,1.2,1,1,0,0,5,5,0,0,-2.0919180711119094,1.7867153927955755,2.9866836,4.7098727,-39.504166,55.72263,1,2022-07-20,26.768571428571427,0.0,60.43,11.085714285714285,1.0,176.79142857142855,2022,7,20,61.0,0,China_1007.csv
2022-07-21,1007,84.0,36.0,9.0,4.0,92.0,1.2,2,2,1,1,3,3,11,11,-1.3120703819713797,4.519592386961609,1.4251502,3.0929189,-7.993355,81.38548,1,2022-07-21,27.587142857142858,0.0,65.02857142857144,5.217142857142858,1.0,146.43285714285713,2022,7,21,92.0,0,China_1007.csv
2022-07-22,1007,64.0,48.0,11.0,4.0,61.0,1.0,2,2,1,1,3,3,0,0,-1.387012130201798,1.586946984926884,2.392516,4.214476,-38.54228,67.23237,1,2022-07-22,26.247142857142858,0.0,72.69,9.20857142857143,1.0,180.41714285714286,2022,7,22,64.0,0,China_1007.csv
2022-07-23,1007,87.0,17.0,5.0,2.0,55.0,1.0,1,1,0,0,1,1,3,3,-3.3414705503566275,1.197097460040204,9.764814,9.6001005,-46.953022,-26.37031,1,2022-07-23,27.72714285714286,0.0,57.15571428571429,7.981428571428571,1.0,209.43285714285713,2022,7,23,87.0,0,China_1007.csv
2022-07-24,1007,41.0,40.0,7.0,3.0,82.0,1.4,2,2,1,1,3,3,0,0,-2.9798927821866315,3.5447575549767767,1.4657627,5.730431,-65.59475,47.085247,1,2022-07-24,29.185714285714287,0.0,63.402857142857144,9.23,1.0,179.73714285714286,2022,7,24,82.0,0,China_1007.csv
2022-07-25,1007,75.0,40.0,8.0,3.0,65.0,1.0,1,1,0,0,3,3,0,0,-2.2361291398857803,2.1310672284267316,2.2460501,5.718273,-52.785778,40.677406,1,2022-07-25,28.745714285714286,0.0,62.160000000000004,10.62857142857143,1.0,188.3742857142857,2022,7,25,75.0,0,China_1007.csv
2022-07-26,1007,70.0,35.0,6.0,3.0,62.0,1.0,1,1,0,0,5,5,0,0,-2.7212990669274695,1.967092741107749,2.358703,5.892889,-54.610336,37.791492,1,2022-07-26,28.19,0.0,67.70285714285714,8.39857142857143,1.0,129.12428571428572,2022,7,26,70.0,0,China_1007.csv
2022-07-27,1007,79.0,29.0,6.0,5.0,36.0,1.0,1,1,0,0,5,5,0,0,-1.618795660928003,-0.1695524778405719,5.109857,3.2301862,-21.21297,26.494772,1,2022-07-27,23.687142857142856,0.0,90.1842857142857,7.121428571428571,1.0,205.03428571428572,2022,7,27,79.0,0,China_1007.csv
2022-07-28,1007,68.0,7.0,5.0,2.0,40.0,1.0,1,1,0,0,5,5,1,1,-3.952196865100954,-0.43766903996219114,9.065054,10.560662,-54.90427,-29.456621,1,2022-07-28,23.25714285714286,0.0,84.29285714285713,6.534285714285714,1.0,186.98714285714286,2022,7,28,68.0,0,China_1007.csv
2022-07-29,1007,19.0,22.0,6.0,3.0,55.0,1.0,1,1,0,0,5,5,1,1,-4.053093544124485,0.7385074340369563,3.0245135,6.9951496,-65.17498,34.767193,1,2022-07-29,25.874285714285715,0.0,77.13714285714286,6.195714285714286,1.0,159.7057142857143,2022,7,29,55.0,0,China_1007.csv
2022-07-30,1007,57.0,45.0,7.0,4.0,59.0,3.4,1,1,0,0,5,5,8,8,-1.6069048943606747,2.1672944410238464,7.228034,-3.3299608,64.442635,48.48876,1,2022-07-30,26.41714285714286,0.0,79.37,6.17,1.0,127.07714285714285,2022,7,30,59.0,0,China_1007.csv
2022-07-31,1007,104.0,36.0,7.0,3.0,58.0,1.0,1,1,0,0,1,1,0,0,-1.834998312868275,1.7823023896561396,2.2291799,4.980794,6.712249,41.95955,1,2022-07-31,27.298571428571428,0.0,79.66571428571429,5.65142857142857,1.0,164.7671428571429,2022,7,31,104.0,0,China_1007.csv
2022-08-01,1007,77.0,49.0,7.0,4.0,66.0,1.4,2,2,1,1,3,3,0,0,-1.5602146836898987,2.658990238038061,2.8349438,4.226591,-29.21199,63.607597,1,2022-08-01,28.75,0.0,78.3457142857143,6.132857142857143,1.0,189.91714285714286,2022,8,1,77.0,0,China_1007.csv
2022-08-02,1007,103.0,50.0,6.0,4.0,56.0,1.0,1,1,0,0,1,1,0,0,-1.2443541271196696,2.039362584808982,3.0723166,3.9881124,2.028095,42.20239,1,2022-08-02,29.287142857142857,0.0,78.70714285714287,7.954285714285715,1.0,169.82714285714286,2022,8,2,103.0,0,China_1007.csv
2022-08-03,1007,107.0,46.0,6.0,3.0,60.0,1.0,1,1,0,0,1,1,0,0,-1.7474959168019193,2.2628437240879125,2.4037008,4.7616425,5.550642,41.89339,1,2022-08-03,30.187142857142856,0.0,73.68571428571428,9.038571428571428,1.0,194.83142857142857,2022,8,3,107.0,0,China_1007.csv
2022-08-04,1007,105.0,48.0,7.0,4.0,59.0,1.0,1,1,0,0,1,1,0,0,-1.0816334996394679,2.1728457412379356,3.0988092,4.0017815,2.1181993,42.18471,1,2022-08-04,29.66142857142857,0.0,81.28999999999999,9.285714285714286,1.0,182.91285714285712,2022,8,4,105.0,0,China_1007.csv
2022-08-05,1007,108.0,25.0,6.0,3.0,82.0,1.0,2,2,1,1,3,3,0,0,-2.0103677095521104,3.8474070082656726,1.8327575,4.5325317,9.578652,47.688744,1,2022-08-05,30.655714285714286,0.0,70.40571428571428,6.194285714285714,1.0,135.21428571428572,2022,8,5,108.0,0,China_1007.csv
2022-08-06,1007,65.0,37.0,11.0,5.0,39.0,1.0,1,1,0,0,5,5,0,0,-1.0635647108796609,-0.4354968572232104,5.573141,3.335226,-16.902666,18.887785,1,2022-08-06,27.532857142857143,0.0,87.72714285714287,6.187142857142858,1.0,138.25,2022,8,6,65.0,0,China_1007.csv
2022-08-07,1007,78.0,36.0,6.0,4.0,48.0,2.0,1,1,0,0,5,5,0,0,-1.7978313231089902,1.078529478758276,4.0878744,3.5958192,-27.402065,39.397682,1,2022-08-07,28.43857142857143,0.0,80.57142857142857,7.22,1.0,129.08857142857144,2022,8,7,78.0,0,China_1007.csv
2022-08-08,1007,90.0,12.0,5.0,3.0,25.0,1.0,1,1,0,0,1,1,3,3,-2.897749970799885,-1.4112017562846686,7.3893895,8.779292,-53.518055,9.16499,1,2022-08-08,24.537142857142857,0.0,69.51714285714286,6.878571428571428,1.0,193.8457142857143,2022,8,8,90.0,0,China_1007.csv
2022-08-09,1007,24.0,10.0,5.0,3.0,22.0,1.0,1,1,0,0,5,5,1,1,-4.366183665672135,-2.2164483561509964,5.6815495,9.587055,-68.8101,13.501429,1,2022-08-09,20.442857142857143,0.0,87.76428571428572,6.155714285714287,1.0,204.98999999999998,2022,8,9,24.0,0,China_1007.csv
2022-08-10,1007,25.0,20.0,6.0,3.0,47.0,1.0,1,1,0,0,5,5,1,1,-3.9756826188235195,0.04737318535161469,3.179936,7.090798,-65.301125,33.371063,1,2022-08-10,23.164285714285715,0.0,81.59571428571428,7.935714285714285,1.0,195.44428571428574,2022,8,10,47.0,0,China_1007.csv
2022-08-11,1007,49.0,31.0,6.0,3.0,58.0,1.0,1,1,0,0,5,5,0,0,-3.250601934105366,1.3859609775226835,2.7753494,6.5072255,-59.471985,34.810688,1,2022-08-11,25.554285714285715,0.0,83.35571428571428,7.312857142857142,1.0,144.18285714285713,2022,8,11,58.0,0,China_1007.csv
2022-08-12,1007,64.0,45.0,6.0,5.0,66.0,1.0,2,2,1,1,3,3,0,0,-1.609222092389646,2.6244127243914424,3.619105,2.6809845,-16.481604,50.19018,1,2022-08-12,26.905714285714286,0.0,79.37285714285714,5.584285714285714,1.0,156.50714285714284,2022,8,12,66.0,0,China_1007.csv
2022-08-13,1007,102.0,52.0,6.0,8.0,69.0,3.2,2,2,1,1,3,3,8,8,1.454563477834229,3.952059909322774,6.388998,-3.6856792,50.762077,62.178726,1,2022-08-13,27.601428571428567,0.0,75.75428571428571,7.4799999999999995,1.0,122.08142857142857,2022,8,13,102.0,0,China_1007.csv
2022-08-14,1007,124.0,40.0,8.0,8.0,25.0,1.0,1,1,0,0,1,1,9,9,1.3992097329844795,-0.554005777994519,11.665138,2.6068854,46.21604,-7.6245017,1,2022-08-14,24.914285714285715,0.0,91.72142857142856,7.704285714285715,1.0,205.97571428571428,2022,8,14,124.0,0,China_1007.csv
2022-08-15,1007,103.0,15.0,6.0,4.0,35.0,1.0,1,1,0,0,1,1,3,3,-1.8634077920034544,-0.40186511228304556,5.8379374,4.2643456,-16.675098,4.0569644,1,2022-08-15,27.01571428571429,0.0,53.15428571428571,12.311428571428573,1.0,265.6171428571428,2022,8,15,103.0,0,China_1007.csv
2022-08-16,1007,47.0,11.0,7.0,2.0,50.0,1.0,1,1,0,0,5,5,1,1,-4.028379963879194,0.12472583542649603,8.186757,10.796794,-84.49878,11.100189,1,2022-08-16,24.744285714285716,0.0,73.84285714285714,6.365714285714286,1.0,146.82142857142858,2022,8,16,50.0,0,China_1007.csv
2022-08-17,1007,24.0,42.0,6.0,4.0,49.0,1.4,1,1,0,0,5,5,0,0,-3.0075936652068584,0.7495859262237565,3.7529774,5.1154737,-46.712524,38.190006,1,2022-08-17,26.232857142857142,0.0,79.99428571428572,11.535714285714286,1.0,183.68285714285713,2022,8,17,49.0,0,China_1007.csv
2022-08-18,1007,77.0,45.0,6.0,6.0,32.0,1.0,1,1,0,0,5,5,0,0,-0.8782044566078864,-0.1735983083222787,5.1868176,2.56306,-12.368632,26.28296,1,2022-08-18,24.21142857142857,0.0,94.83857142857143,6.828571428571428,1.0,198.10714285714286,2022,8,18,77.0,0,China_1007.csv
2022-08-19,1007,99.0,20.0,4.0,3.0,35.0,3.0,1,1,0,0,1,1,3,3,-2.2241403277134806,0.13020016166642145,7.8692126,-2.3087559,58.82854,35.597137,1,2022-08-19,25.11285714285714,0.0,65.05857142857143,10.455714285714285,1.0,219.16714285714286,2022,8,19,99.0,0,China_1007.csv
2022-08-20,1007,47.0,22.0,8.0,4.0,47.0,1.0,1,1,0,0,5,5,0,0,-2.6435845635289663,0.11822326264362548,4.1641893,4.9098024,-42.216034,36.183342,1,2022-08-20,25.175714285714285,0.0,75.10142857142857,12.957142857142857,1.0,190.19714285714284,2022,8,20,47.0,0,China_1007.csv
2022-08-21,1007,46.0,44.0,6.0,4.0,55.0,1.0,1,1,0,0,5,5,0,0,-2.5776832255405213,1.4111194498727282,3.4746757,4.764866,-37.077526,48.34644,1,2022-08-21,26.048571428571428,0.0,81.91142857142857,8.227142857142857,1.0,157.47714285714284,2022,8,21,55.0,0,China_1007.csv
2022-08-22,1007,84.0,19.0,6.0,3.0,40.0,1.0,1,1,0,0,5,5,1,1,-2.732421008896585,-0.13129958774060183,7.2962756,8.672241,-50.292763,17.95906,1,2022-08-22,24.302857142857142,0.0,49.08142857142857,15.571428571428571,1.0,248.93428571428572,2022,8,22,84.0,0,China_1007.csv
2022-08-23,1007,48.0,10.0,8.0,1.0,21.0,1.0,1,1,0,0,5,5,1,1,-4.48655643773589,-2.6364158334023475,10.308624,12.155482,-86.86952,-44.669918,1,2022-08-23,22.00714285714286,0.0,60.55714285714286,6.782857142857142,1.0,231.4157142857143,2022,8,23,48.0,0,China_1007.csv
2022-08-24,1007,15.0,19.0,6.0,2.0,43.0,1.0,1,1,0,0,5,5,1,1,-4.753403549372925,-0.4890485620953139,7.620104,11.524102,-90.50764,11.878828,1,2022-08-24,21.675714285714285,0.0,70.65,7.608571428571429,1.0,233.46857142857144,2022,8,24,43.0,0,China_1007.csv
2022-08-25,1007,31.0,23.0,8.0,2.0,31.0,1.0,1,1,0,0,5,5,1,1,-4.084004619389933,-1.5761102674809335,7.45263,11.752739,-71.0629,-48.22225,1,2022-08-25,22.907142857142855,0.0,55.24428571428571,11.032857142857143,1.0,277.55857142857144,2022,8,25,31.0,0,China_1007.csv
2022-08-26,1007,42.0,19.0,8.0,1.0,24.0,1.0,1,1,0,0,5,5,1,1,-4.463267076334127,-2.265787936635566,10.223188,12.345309,-88.75552,-45.287647,1,2022-08-26,20.641428571428573,0.0,39.52285714285714,14.558571428571428,1.0,319.0228571428571,2022,8,26,42.0,0,China_1007.csv
2022-08-27,1007,23.0,16.0,8.0,1.0,30.0,1.2,1,1,0,0,5,5,1,1,-4.861130306446579,-1.9009104701477928,9.98753,13.048554,-98.59912,-39.806587,1,2022-08-27,19.928571428571427,0.0,51.82857142857143,6.921428571428571,1.0,201.10142857142858,2022,8,27,30.0,0,China_1007.csv
2022-08-28,1007,22.0,35.0,12.0,3.0,21.0,1.0,1,1,0,0,5,5,1,1,-2.997695014019917,-2.6758895401748606,5.2120767,8.551026,-41.3192,-75.95507,1,2022-08-28,17.29,0.0,79.21857142857142,7.844285714285713,1.0,206.1057142857143,2022,8,28,35.0,0,China_1007.csv
2022-08-29,1007,58.0,27.0,4.0,3.0,27.0,1.0,1,1,0,0,5,5,1,1,-3.4869052214773966,-1.1147729517618405,6.554254,9.231414,-58.959854,16.609919,1,2022-08-29,19.205714285714286,0.0,80.58285714285715,6.619999999999999,1.0,220.28142857142856,2022,8,29,58.0,0,China_1007.csv
2022-08-30,1007,65.0,35.0,8.0,4.0,55.0,1.0,1,1,0,0,5,5,0,0,-2.023546777522528,1.1809594734802213,3.5486643,4.689307,-40.10716,41.712013,1,2022-08-30,20.99285714285714,0.0,77.92285714285715,6.797142857142857,1.0,264.5242857142857,2022,8,30,65.0,0,China_1007.csv
2022-08-31,1007,77.0,10.0,9.0,2.0,35.0,1.0,1,1,0,0,5,5,1,1,-3.144394127955008,-1.2034282996043293,9.301469,9.911063,-46.602192,-35.355877,1,2022-08-31,22.982857142857142,0.0,52.18285714285714,10.277142857142858,1.0,246.01857142857145,2022,8,31,77.0,0,China_1007.csv
2022-09-01,1007,17.0,26.0,9.0,1.0,45.0,1.0,1,1,0,0,5,5,1,1,-4.694111480819881,-0.6045412465240241,9.834156,12.137404,-86.68711,-7.713855,1,2022-09-01,20.681428571428572,0.0,64.42571428571429,7.471428571428571,1.0,162.44428571428574,2022,9,1,45.0,0,China_1007.csv
2022-09-02,1007,39.0,33.0,9.0,2.0,47.0,1.6,1,1,0,0,5,5,1,1,-3.424048954229928,0.05400907815591153,8.020231,9.634201,-74.892784,1.3013355,1,2022-09-02,21.669999999999998,0.0,73.13142857142857,5.854285714285714,1.0,160.37000000000003,2022,9,2,47.0,0,China_1007.csv
2022-09-03,1007,57.0,52.0,12.0,4.0,50.0,1.2,1,1,0,0,5,5,0,0,-1.310329760271961,0.5570893845432371,3.9006314,5.152827,-45.153763,45.043194,1,2022-09-03,21.655714285714286,0.0,80.60714285714286,7.087142857142857,1.0,169.6457142857143,2022,9,3,57.0,0,China_1007.csv
2022-09-04,1007,99.0,48.0,7.0,4.0,55.0,1.0,1,1,0,0,1,1,0,0,-1.2215486580768586,1.7750769910205149,3.1584399,4.058225,2.0308297,42.115868,1,2022-09-04,22.262857142857143,0.0,67.99571428571429,10.934285714285712,1.0,194.52285714285716,2022,9,4,99.0,0,China_1007.csv
2022-09-05,1007,116.0,11.0,5.0,1.0,31.0,1.0,1,1,0,0,1,1,3,3,-3.406196326471678,-0.8826094904192986,12.261152,8.303758,-14.216018,-39.672062,1,2022-09-05,20.994285714285716,0.0,43.612857142857145,13.441428571428572,1.0,259.5657142857143,2022,9,5,116.0,0,China_1007.csv
2022-09-06,1007,22.0,20.0,9.0,1.0,28.0,1.0,1,1,0,0,5,5,1,1,-4.725673540247584,-2.16255411472055,9.784837,12.853113,-93.95895,-43.23966,1,2022-09-06,20.92285714285714,0.0,46.417142857142856,11.324285714285713,1.0,301.5942857142857,2022,9,6,28.0,0,China_1007.csv
2022-09-07,1007,29.0,26.0,13.0,2.0,46.0,1.2,1,1,0,0,5,5,1,1,-3.272944912998882,-0.7453620651666312,2.4229372,7.664807,-86.51041,26.112482,1,2022-09-07,22.414285714285715,0.0,52.67,7.835714285714286,1.0,193.14285714285714,2022,9,7,46.0,0,China_1007.csv
2022-09-08,1007,40.0,44.0,14.0,3.0,81.0,1.0,2,2,1,1,3,3,0,0,-2.023241111119382,2.666813922257135,0.9164355,5.024469,-66.36598,60.486233,1,2022-09-08,23.814285714285713,0.0,65.63714285714285,7.390000000000001,1.0,214.21,2022,9,8,81.0,0,China_1007.csv
2022-09-09,1007,65.0,61.0,13.0,6.0,104.0,1.6,2,2,1,1,3,3,11,11,0.4521478991557098,5.65793373878536,0.7830828,1.5476226,13.101566,94.11771,1,2022-09-09,24.22142857142857,0.0,70.26857142857143,5.99,1.0,195.39857142857142,2022,9,9,104.0,0,China_1007.csv
2022-09-10,1007,114.0,65.0,10.0,8.0,101.0,1.4,2,2,1,1,3,3,11,11,2.1603911116479617,6.321082242481878,1.8978882,0.8348071,24.672657,63.14322,1,2022-09-10,24.25714285714286,0.0,69.68285714285715,6.134285714285714,1.0,100.73285714285714,2022,9,10,114.0,0,China_1007.csv
2022-09-11,1007,156.0,41.0,7.0,5.0,60.0,1.4,2,2,1,1,1,1,9,9,0.540236695057139,2.693874245376585,3.8112328,0.77632016,25.835588,45.98985,1,2022-09-11,22.91857142857143,0.0,74.2757142857143,6.0371428571428565,1.0,169.50571428571428,2022,9,11,156.0,0,China_1007.csv
2022-09-12,1007,79.0,62.0,10.0,5.0,74.0,1.2,2,2,1,1,3,3,0,0,-0.36552513702339323,3.320205073982758,2.537289,2.6677005,-12.212905,68.342415,1,2022-09-12,23.904285714285713,0.0,75.17285714285715,6.402857142857143,1.0,144.55428571428573,2022,9,12,79.0,0,China_1007.csv
2022-09-13,1007,133.0,72.0,12.0,7.0,63.0,1.6,2,2,1,1,3,3,9,9,2.3897539029483794,2.966157846205608,3.4632967,0.68529296,30.645174,47.29547,1,2022-09-13,24.094285714285714,0.0,69.58285714285714,7.164285714285714,1.0,138.06571428571428,2022,9,13,133.0,0,China_1007.csv
2022-09-14,1007,143.0,44.0,8.0,5.0,45.0,1.0,1,1,0,0,1,1,9,9,0.3202726085967043,1.145602285888615,4.188866,1.0857611,21.628868,16.964157,1,2022-09-14,23.84142857142857,0.0,68.04857142857142,6.591428571428572,1.0,107.94142857142856,2022,9,14,143.0,0,China_1007.csv
2022-09-15,1007,99.0,34.0,7.0,4.0,55.0,1.6,1,1,0,0,1,1,0,0,-1.3075178667577703,1.6406523787590654,3.5496488,4.4865656,-30.971422,37.07201,1,2022-09-15,22.78,0.0,73.70714285714287,5.168571428571428,1.0,160.50571428571428,2022,9,15,99.0,0,China_1007.csv
2022-09-16,1007,66.0,43.0,9.0,4.0,60.0,2.0,1,1,0,0,5,5,0,0,-1.4813942813594743,1.8253501811458135,3.526256,3.574802,-27.37506,44.364197,1,2022-09-16,24.15857142857143,0.0,68.31142857142858,7.355714285714286,1.0,209.30428571428573,2022,9,16,66.0,0,China_1007.csv
2022-09-17,1007,82.0,58.0,13.0,6.0,65.0,1.6,2,2,1,1,3,3,0,0,0.6735954001502983,2.309238204972845,3.2997673,2.70187,-11.891514,55.365383,1,2022-09-17,24.405714285714286,0.0,56.65,9.354285714285714,1.0,162.17000000000002,2022,9,17,82.0,0,China_1007.csv
2022-09-18,1007,104.0,25.0,9.0,3.0,31.0,1.0,1,1,0,0,1,1,3,3,-1.792292258014878,-1.001480263264312,10.075297,6.5858984,-11.815169,-13.679181,1,2022-09-18,22.141428571428573,0.0,35.5,11.040000000000001,1.0,154.84,2022,9,18,104.0,0,China_1007.csv
2022-09-19,1007,42.0,22.0,10.0,1.0,30.0,1.0,1,1,0,0,5,5,1,1,-4.111143799373711,-1.9105472500211163,9.672272,12.120122,-87.7662,-50.915836,1,2022-09-19,19.595714285714283,0.0,30.891428571428573,10.525714285714287,1.0,215.18428571428572,2022,9,19,42.0,0,China_1007.csv
2022-09-20,1007,22.0,22.0,8.0,1.0,33.0,1.0,1,1,0,0,5,5,1,1,-4.8250089924903365,-1.577395541512811,9.854507,12.715463,-93.401794,-42.473114,1,2022-09-20,17.751428571428573,0.0,41.097142857142856,9.202857142857143,1.0,234.51857142857145,2022,9,20,33.0,0,China_1007.csv
2022-09-21,1007,24.0,47.0,15.0,3.0,51.0,1.0,1,1,0,0,5,5,5,5,-2.252118154898231,-0.154050269701762,3.1439083,7.4832416,-57.077965,56.2537,1,2022-09-21,20.138571428571428,0.0,53.129999999999995,11.87142857142857,1.0,184.04142857142855,2022,9,21,51.0,0,China_1007.csv
2022-09-22,1007,65.0,43.0,7.0,3.0,33.0,1.2,1,1,0,0,5,5,1,1,-2.581823982854833,-0.5617077102126165,7.111455,8.351624,-48.594013,4.371322,1,2022-09-22,18.285714285714285,0.0,26.274285714285718,23.28142857142857,1.0,310.5228571428571,2022,9,22,65.0,0,China_1007.csv
2022-09-23,1007,57.0,21.0,5.0,1.0,28.0,1.0,1,1,0,0,5,5,1,1,-4.528957989084586,-1.429972701217926,10.98504,11.780968,-81.79801,-28.147913,1,2022-09-23,17.005714285714284,0.0,35.25,11.742857142857144,1.0,280.87,2022,9,23,57.0,0,China_1007.csv
2022-09-24,1007,22.0,37.0,14.0,3.0,41.0,1.0,1,1,0,0,5,5,5,5,-2.6265833901991638,-1.1069442577927275,4.23875,7.9643326,-40.699104,-60.16135,1,2022-09-24,18.17142857142857,0.0,46.99285714285714,8.92,1.0,200.08857142857144,2022,9,24,41.0,0,China_1007.csv
2022-09-25,1007,52.0,74.0,18.0,6.0,67.0,1.0,2,2,1,1,3,3,0,0,0.8688912648963153,1.8647488145595936,2.0539808,3.457735,-51.325607,71.16724,1,2022-09-25,18.268571428571427,0.0,60.91142857142857,7.168571428571428,1.0,171.15571428571428,2022,9,25,74.0,0,China_1007.csv
2022-09-26,1007,121.0,79.0,19.0,7.0,90.0,2.0,2,2,1,1,3,3,11,11,3.414594383890178,4.654248963522727,0.8957906,0.33862558,39.864075,78.35243,1,2022-09-26,20.032857142857143,0.0,63.74,7.348571428571428,1.0,171.79857142857142,2022,9,26,121.0,0,China_1007.csv
2022-09-27,1007,137.0,74.0,19.0,7.0,90.0,1.0,2,2,1,1,3,3,11,11,3.4457541154551485,4.519524285909787,1.949384,0.15305106,30.589396,67.79107,1,2022-09-27,20.692857142857143,0.0,64.17428571428572,7.835714285714286,1.0,182.79857142857142,2022,9,27,137.0,0,China_1007.csv
2022-09-28,1007,127.0,76.0,22.0,6.0,81.0,1.0,2,2,1,1,3,3,11,11,3.13677990628099,3.259747182824045,1.9011114,0.27560353,31.13509,69.10769,1,2022-09-28,20.947142857142858,0.0,65.63857142857144,6.731428571428571,1.0,180.66571428571427,2022,9,28,127.0,0,China_1007.csv
2022-09-29,1007,132.0,88.0,21.0,7.0,93.0,1.0,2,2,1,1,3,3,11,11,3.860099283903189,4.759645028192077,1.8042036,-0.10435466,32.522545,68.52226,1,2022-09-29,21.678571428571427,0.0,70.08285714285714,7.371428571428572,1.0,168.23857142857145,2022,9,29,132.0,0,China_1007.csv
2022-09-30,1007,151.0,94.0,24.0,8.0,86.0,1.0,2,2,1,1,3,3,11,11,5.318655505043426,4.14848007178241,1.745779,-0.18168078,33.07436,68.701126,1,2022-09-30,22.608571428571427,0.0,68.03,7.322857142857143,1.0,185.99428571428572,2022,9,30,151.0,0,China_1007.csv
2022-10-01,1007,162.0,77.0,17.0,6.0,37.0,2.2,0,0,2,2,1,1,9,9,3.359813549912973,0.443276778551616,10.886368,2.8217297,45.039024,0.032579876,1,2022-10-01,21.148571428571426,0.0,82.22428571428573,6.131428571428572,1.0,128.66,2022,10,1,162.0,0,China_1007.csv
2022-10-02,1007,147.0,19.0,6.0,3.0,27.0,1.0,1,1,0,0,1,1,3,3,-1.4014734814654823,-0.7896561102305554,11.790615,6.0137625,5.263737,-30.160376,1,2022-10-02,19.518571428571427,0.0,83.15142857142857,6.611428571428571,1.0,152.13714285714286,2022,10,2,147.0,0,China_1007.csv
2022-10-03,1007,53.0,14.0,4.0,2.0,20.0,1.0,1,1,0,0,5,5,1,1,-4.358100190762958,-2.0805264827783088,8.507092,11.617088,-70.9218,-35.828896,1,2022-10-03,12.241428571428571,0.0,50.464285714285715,20.01142857142857,1.0,207.4485714285714,2022,10,3,53.0,0,China_1007.csv
2022-10-04,1007,42.0,7.0,3.0,1.0,26.0,1.0,1,1,0,0,5,5,1,1,-5.373681238128374,-1.7359775191219697,11.233408,12.851269,-90.95668,-27.153927,1,2022-10-04,9.288571428571428,0.0,40.708571428571425,10.414285714285715,1.0,173.97,2022,10,4,42.0,0,China_1007.csv
2022-10-05,1007,13.0,21.0,9.0,1.0,25.0,1.0,1,1,0,0,5,5,1,1,-4.911830143508348,-2.4784793925225754,9.846187,13.01119,-95.99164,-42.25924,1,2022-10-05,9.518571428571429,0.0,51.59428571428571,6.868571428571428,1.0,191.20714285714286,2022,10,5,25.0,0,China_1007.csv
2022-10-06,1007,36.0,39.0,12.0,2.0,26.0,1.4,1,1,0,0,5,5,1,1,-3.0587385118015176,-2.0824730303533974,7.0021443,10.886826,-63.00158,-64.74232,1,2022-10-06,10.561428571428573,0.0,63.64857142857142,7.144285714285714,1.0,199.82714285714286,2022,10,6,39.0,0,China_1007.csv
2022-10-07,1007,73.0,63.0,14.0,6.0,33.0,1.0,1,1,0,0,5,5,5,5,0.4830146353288545,-0.7032459743795585,6.5957212,2.3353705,6.5409455,-56.73206,1,2022-10-07,13.030000000000001,0.0,75.91714285714286,8.09142857142857,1.0,171.18285714285713,2022,10,7,73.0,0,China_1007.csv
2022-10-08,1007,134.0,69.0,14.0,4.0,15.0,1.2,1,1,0,0,1,1,3,3,0.831948229360248,-1.8617253819295427,11.161851,4.1019464,35.004486,3.4480302,1,2022-10-08,12.014285714285714,0.0,59.871428571428574,12.007142857142856,1.0,251.1257142857143,2022,10,8,134.0,0,China_1007.csv
2022-10-09,1007,150.0,9.0,2.0,1.0,29.0,1.0,1,1,0,0,1,1,3,3,-3.1404337993877265,-0.4961574035355193,12.8557825,7.025605,-0.30144295,-40.413486,1,2022-10-09,10.355714285714287,0.0,30.38,22.294285714285714,1.0,322.96999999999997,2022,10,9,150.0,0,China_1007.csv
2022-10-10,1007,9.0,10.0,4.0,2.0,30.0,1.6,1,1,0,0,5,5,1,1,-5.209507158195424,-1.5041686212128809,8.021132,12.730656,-102.97569,-15.132632,1,2022-10-10,9.79142857142857,0.0,42.48142857142857,10.895714285714286,1.0,264.1014285714286,2022,10,10,30.0,0,China_1007.csv
2022-10-11,1007,17.0,30.0,13.0,4.0,27.0,1.0,1,1,0,0,5,5,5,5,-2.4924421775109518,-2.2926343067727672,5.048595,5.628598,-17.742355,-63.42352,1,2022-10-11,10.734285714285715,0.0,57.80571428571428,7.0528571428571425,1.0,195.21428571428572,2022,10,11,30.0,0,China_1007.csv
2022-10-12,1007,56.0,62.0,21.0,6.0,25.0,1.0,1,1,0,0,2,2,5,5,1.0885706821767214,-2.3355075659556555,7.392112,1.5137748,23.423544,-80.92977,1,2022-10-12,12.258571428571429,0.0,65.81142857142858,5.578571428571428,1.0,189.8642857142857,2022,10,12,62.0,0,China_1007.csv
2022-10-13,1007,126.0,84.0,23.0,8.0,29.0,1.0,0,0,2,2,2,2,2,2,4.328301611057759,-1.112941927950217,10.055709,0.9526771,55.778343,-30.592821,1,2022-10-13,13.992857142857144,0.0,65.52857142857144,5.301428571428572,1.0,157.18428571428572,2022,10,13,126.0,0,China_1007.csv
2022-10-14,1007,165.0,97.0,23.0,7.0,46.0,1.0,0,0,2,2,2,2,9,9,4.890434377217152,0.8115564719471945,12.047889,0.9132563,73.155754,-10.226643,1,2022-10-14,14.547142857142857,0.0,69.5457142857143,7.158571428571428,1.0,213.95714285714286,2022,10,14,165.0,0,China_1007.csv
2022-10-15,1007,176.0,105.0,17.0,8.0,59.0,1.0,0,0,2,2,2,2,9,9,4.960135047416104,2.935531688807474,12.342301,1.0295693,70.43348,-12.100959,1,2022-10-15,17.01142857142857,0.0,50.61857142857143,11.651428571428571,1.0,222.51,2022,10,15,176.0,0,China_1007.csv
2022-10-16,1007,185.0,19.0,5.0,2.0,26.0,1.0,1,1,0,0,1,1,3,3,-1.2607974401436846,-0.5646385918068397,12.861442,6.0825205,8.603518,-38.017414,1,2022-10-16,10.875714285714285,0.0,24.74857142857143,13.48857142857143,1.0,245.98857142857145,2022,10,16,185.0,0,China_1007.csv
2022-10-17,1007,34.0,9.0,5.0,1.0,22.0,1.0,1,1,0,0,5,5,1,1,-5.236014086903032,-2.338336657762703,10.933814,13.20925,-93.31186,-29.438824,1,2022-10-17,8.544285714285715,0.0,33.58857142857143,11.26142857142857,1.0,289.01714285714286,2022,10,17,34.0,0,China_1007.csv
2022-10-18,1007,12.0,23.0,11.0,2.0,23.0,2.4,1,1,0,0,5,5,1,1,-3.754626749294074,-2.5184769353876733,7.4386077,10.5937805,-52.57935,-62.376595,1,2022-10-18,9.082857142857142,0.0,44.93857142857143,7.842857142857143,1.0,205.27428571428572,2022,10,18,23.0,0,China_1007.csv
2022-10-19,1007,37.0,56.0,19.0,5.0,24.0,1.0,1,1,0,0,5,5,5,5,-0.24582606695686876,-2.5392153495639462,5.31717,6.1917195,6.1195908,-81.32933,1,2022-10-19,11.62142857142857,0.0,62.88714285714286,7.3100000000000005,1.0,182.4157142857143,2022,10,19,56.0,0,China_1007.csv
2022-10-20,1007,115.0,79.0,22.0,5.0,25.0,1.0,0,0,2,2,2,2,2,2,2.2498648751262444,-1.7952414245156936,9.992063,1.4667977,52.182716,-37.614597,1,2022-10-20,12.342857142857143,0.0,59.589999999999996,4.854285714285714,1.0,226.94571428571427,2022,10,20,115.0,0,China_1007.csv
2022-10-21,1007,161.0,90.0,20.0,7.0,48.0,1.0,0,0,2,2,2,2,9,9,4.262853549641643,1.1724114881943328,12.045302,1.072128,72.113014,-10.526991,1,2022-10-21,14.402857142857142,0.0,55.528571428571425,8.790000000000001,1.0,217.5957142857143,2022,10,21,161.0,0,China_1007.csv
2022-10-22,1007,171.0,30.0,7.0,2.0,28.0,1.0,1,1,0,0,1,1,3,3,-1.0923050353513901,-0.5326463508536078,12.639398,6.15074,7.4455886,-36.26095,1,2022-10-22,12.782857142857143,0.0,41.387142857142855,10.29857142857143,1.0,262.1614285714286,2022,10,22,171.0,0,China_1007.csv
2022-10-23,1007,50.0,21.0,11.0,2.0,25.0,1.0,1,1,0,0,5,5,1,1,-3.287424468789707,-2.326294565470554,7.65385,10.91187,-64.084595,-53.835884,1,2022-10-23,12.01,0.0,41.73285714285714,8.662857142857144,1.0,193.99857142857144,2022,10,23,50.0,0,China_1007.csv
2022-10-24,1007,33.0,53.0,17.0,5.0,28.0,1.0,1,1,0,0,5,5,5,5,-0.6594071562089291,-2.0461362092207045,5.3279567,6.168458,5.8869123,-80.95598,1,2022-10-24,11.147142857142857,0.0,67.76571428571428,7.127142857142857,1.0,151.67857142857142,2022,10,24,53.0,0,China_1007.csv
2022-10-25,1007,88.0,90.0,23.0,8.0,33.0,2.0,0,0,2,2,2,2,2,2,3.847190794884622,-0.7787526348746722,9.267193,2.4145794,40.16405,-50.724987,1,2022-10-25,12.875714285714285,0.0,71.32714285714285,7.659999999999999,1.0,166.72,2022,10,25,90.0,0,China_1007.csv
2022-10-26,1007,170.0,90.0,19.0,6.0,28.0,2.2,0,0,2,2,1,1,9,9,4.009212963689645,-0.2885361750609357,10.83709,2.582387,54.619804,-21.030233,1,2022-10-26,13.092857142857143,0.0,51.01285714285715,11.085714285714285,1.0,81.29714285714286,2022,10,26,170.0,0,China_1007.csv
2022-10-27,1007,159.0,19.0,9.0,1.0,18.0,1.0,1,1,0,0,1,1,3,3,-1.8016763893556205,-2.0051613311323497,12.678376,6.239139,11.601731,-34.028854,1,2022-10-27,10.127142857142857,0.0,48.458571428571425,3.9414285714285713,1.0,132.98285714285714,2022,10,27,159.0,0,China_1007.csv
2022-10-28,1007,34.0,45.0,16.0,4.0,12.0,1.0,1,1,0,0,5,5,5,5,-1.4866986552653267,-3.5602886631984823,5.641488,6.006686,-13.839965,-67.89619,1,2022-10-28,10.67,0.0,66.75,5.474285714285714,1.0,134.74571428571429,2022,10,28,45.0,0,China_1007.csv
2022-10-29,1007,61.0,57.0,16.0,5.0,18.0,1.6,1,1,0,0,5,5,5,5,-0.017465418250722405,-2.426635669713116,8.174856,3.839078,22.2326,-49.795033,1,2022-10-29,11.015714285714285,0.0,79.20142857142856,5.971428571428571,1.0,185.22142857142856,2022,10,29,61.0,0,China_1007.csv
2022-10-30,1007,98.0,71.0,16.0,5.0,20.0,1.8,1,1,0,0,1,1,5,5,1.0617763116706955,-1.6936922645442067,9.372879,3.7090313,17.453,2.5242448,1,2022-10-30,11.157142857142857,0.0,74.58428571428571,7.767142857142858,1.0,231.56428571428572,2022,10,30,98.0,0,China_1007.csv
2022-10-31,1007,156.0,29.0,9.0,2.0,24.0,1.2,1,1,0,0,1,1,3,3,-1.1078392168260363,-1.2052997260246296,12.195718,6.3545303,2.3427289,-30.578932,1,2022-10-31,9.598571428571429,0.0,31.31142857142857,12.527142857142858,1.0,259.1257142857143,2022,10,31,156.0,0,China_1007.csv
2022-11-01,1007,60.0,20.0,12.0,2.0,20.0,1.0,1,1,0,0,5,5,1,1,-2.9554640468786753,-2.8175524286646922,8.510316,10.374936,-52.472786,-49.368687,1,2022-11-01,7.988571428571428,0.0,48.857142857142854,7.6657142857142855,1.0,163.30571428571426,2022,11,1,60.0,0,China_1007.csv
2022-11-02,1007,30.0,56.0,16.0,4.0,20.0,1.0,1,1,0,0,5,5,5,5,-1.3752001953867719,-2.7007331789253626,5.4864373,6.188339,-5.0935388,-87.4921,1,2022-11-02,9.64,0.0,59.220000000000006,8.428571428571429,1.0,123.10142857142857,2022,11,2,56.0,0,China_1007.csv
2022-11-03,1007,96.0,44.0,10.0,5.0,22.0,1.0,1,1,0,0,1,1,3,3,-0.4662847089577493,-1.4609090503906055,6.46465,3.1446738,-8.11373,6.071191,1,2022-11-03,6.272857142857142,0.0,45.10285714285715,9.282857142857143,1.0,216.06714285714287,2022,11,3,96.0,0,China_1007.csv
2022-11-04,1007,85.0,28.0,8.0,2.0,24.0,1.2,1,1,0,0,5,5,3,3,-2.805034727115183,-1.6566561006867153,9.614233,9.971244,-50.410343,-39.249603,1,2022-11-04,5.324285714285715,0.0,48.63142857142857,8.815714285714286,1.0,244.82999999999998,2022,11,4,85.0,0,China_1007.csv
2022-11-05,1007,57.0,49.0,16.0,3.0,15.0,1.2,1,1,0,0,5,5,5,5,-1.4048162541734612,-3.1080285188611114,6.288058,7.8476534,-26.719965,-74.647736,1,2022-11-05,6.92,0.0,52.59428571428571,6.882857142857143,1.0,195.04142857142855,2022,11,5,57.0,0,China_1007.csv
2022-11-06,1007,105.0,87.0,24.0,7.0,9.0,1.0,0,0,2,2,2,2,2,2,3.4812744610027897,-3.1840654898418386,9.06811,0.8248002,43.963783,-82.94156,1,2022-11-06,7.474285714285714,0.0,69.54,7.905714285714287,1.0,194.82285714285715,2022,11,6,105.0,0,China_1007.csv
2022-11-07,1007,170.0,30.0,12.0,4.0,25.0,1.2,1,1,0,0,1,1,3,3,0.7167381976165839,-1.145783697166101,12.199742,4.8335924,27.105545,-23.173357,1,2022-11-07,7.201428571428571,0.0,46.065714285714286,9.781428571428572,1.0,199.40714285714284,2022,11,7,170.0,0,China_1007.csv
2022-11-08,1007,75.0,54.0,20.0,4.0,18.0,2.0,1,1,0,0,5,5,5,5,0.372692815745895,-2.8382317312212137,8.640041,4.332845,23.899754,-52.85956,1,2022-11-08,6.984285714285714,0.0,63.78000000000001,6.7,1.0,167.25142857142856,2022,11,8,75.0,0,China_1007.csv
2022-11-09,1007,99.0,79.0,24.0,7.0,14.0,1.2,0,0,2,2,2,2,2,2,3.281377648605573,-2.8921546872570536,9.040057,0.87078255,43.668278,-83.29487,1,2022-11-09,8.288571428571428,0.0,76.00857142857141,6.597142857142857,1.0,181.33285714285714,2022,11,9,99.0,0,China_1007.csv
2022-11-10,1007,162.0,78.0,12.0,8.0,33.0,1.0,0,0,2,2,1,1,9,9,3.4336606756404566,0.6411987874903803,12.133158,2.0665333,58.49837,-8.353407,1,2022-11-10,12.077142857142857,0.0,79.36285714285714,5.478571428571429,1.0,134.12571428571428,2022,11,10,162.0,0,China_1007.csv
2022-11-11,1007,169.0,75.0,15.0,14.0,5.0,1.0,0,0,2,2,2,2,7,7,7.1093489234486285,-1.6068986583790243,11.731244,-0.48951986,90.709885,-27.265102,1,2022-11-11,11.327142857142858,0.0,91.53571428571429,8.314285714285715,1.0,187.2642857142857,2022,11,11,169.0,0,China_1007.csv
2022-11-12,1007,154.0,5.0,6.0,4.0,23.0,1.0,1,1,0,0,1,1,3,3,-0.951482631274757,-1.2346358961378683,11.984624,5.03751,21.027758,-18.910631,1,2022-11-12,6.3999999999999995,0.0,39.862857142857145,20.25,1.0,267.07,2022,11,12,154.0,0,China_1007.csv
2022-11-13,1007,18.0,12.0,6.0,1.0,18.0,1.0,1,1,0,0,5,5,1,1,-5.399578621368466,-2.873597643497536,10.507288,13.27872,-95.69693,-34.8065,1,2022-11-13,2.5300000000000002,0.0,60.05285714285714,7.877142857142857,1.0,197.47142857142856,2022,11,13,18.0,0,China_1007.csv
2022-11-14,1007,30.0,45.0,18.0,4.0,11.0,1.2,1,1,0,0,5,5,5,5,-1.2404272035839865,-3.8676280020996328,5.6767173,6.1948676,-6.322019,-90.946106,1,2022-11-14,3.7657142857142856,0.0,73.84,6.488571428571428,1.0,226.16142857142856,2022,11,14,45.0,0,China_1007.csv
2022-11-15,1007,83.0,31.0,13.0,4.0,24.0,1.0,1,1,0,0,5,5,5,5,-1.055260723156121,-2.031839415261345,6.418225,5.101729,-12.072113,-1.0418466,1,2022-11-15,5.717142857142858,0.0,57.58714285714286,8.735714285714286,1.0,242.35714285714286,2022,11,15,83.0,0,China_1007.csv
2022-11-16,1007,62.0,35.0,19.0,3.0,12.0,1.4,1,1,0,0,5,5,5,5,-1.0510332097688206,-3.8716528968928476,6.116618,7.670132,-17.344921,-86.679436,1,2022-11-16,4.972857142857143,0.0,69.70714285714286,6.2457142857142856,1.0,193.53571428571428,2022,11,16,62.0,0,China_1007.csv
2022-11-17,1007,67.0,66.0,20.0,7.0,11.0,1.4,0,0,2,2,2,2,5,5,1.8407050651365984,-3.14201849623711,7.5149403,1.3064884,32.714977,-80.97064,1,2022-11-17,6.894285714285714,0.0,75.52857142857144,6.445714285714286,1.0,181.78142857142856,2022,11,17,67.0,0,China_1007.csv
2022-11-18,1007,134.0,81.0,20.0,9.0,9.0,2.4,0,0,2,2,2,2,9,9,4.832911283356171,-2.19304604974125,10.76163,1.8556626,54.418816,-16.244377,1,2022-11-18,7.744285714285715,0.0,74.60714285714286,5.524285714285715,1.0,180.34,2022,11,18,134.0,0,China_1007.csv
2022-11-19,1007,167.0,85.0,16.0,8.0,18.0,1.6,0,0,2,2,2,2,9,9,4.335036497019025,-0.862737402261313,11.368292,1.684294,63.962677,-26.290104,1,2022-11-19,7.445714285714286,0.0,83.85142857142857,6.45,1.0,197.20142857142858,2022,11,19,167.0,0,China_1007.csv
2022-11-20,1007,169.0,124.0,22.0,12.0,1.0,1.2,0,0,2,2,2,2,7,7,7.8786660356670515,-2.053804302196593,11.6152,-0.17491418,81.44852,-33.295948,1,2022-11-20,6.612857142857143,0.0,80.6557142857143,8.965714285714286,1.0,154.81714285714287,2022,11,20,169.0,0,China_1007.csv
2022-11-21,1007,214.0,44.0,12.0,4.0,19.0,1.0,0,0,2,2,1,1,9,9,1.8336944991561517,-1.131369454088446,12.610065,4.7996635,20.218496,-33.99519,1,2022-11-21,5.37,0.0,64.16,6.51,1.0,137.46428571428572,2022,11,21,214.0,0,China_1007.csv
2022-11-22,1007,95.0,53.0,19.0,5.0,17.0,2.4,1,1,2,2,5,5,5,5,1.2713839957641648,-2.517758282941808,8.950315,3.9661682,24.60923,-45.259403,1,2022-11-22,4.3914285714285715,0.0,84.92999999999999,6.847142857142857,1.0,194.54857142857142,2022,11,22,95.0,0,China_1007.csv
2022-11-23,1007,110.0,66.0,15.0,6.0,13.0,1.0,0,0,2,2,1,1,9,9,1.4264165901049888,-2.23748293218165,7.0659175,2.5640383,31.361887,-2.9159625,1,2022-11-23,4.7299999999999995,0.0,86.83428571428571,5.791428571428571,1.0,157.35285714285715,2022,11,23,110.0,0,China_1007.csv
2022-11-24,1007,150.0,102.0,23.0,9.0,4.0,1.0,0,0,2,2,2,2,2,2,5.611257672875782,-2.7291125986298597,11.29092,0.34278178,74.01122,-35.139717,1,2022-11-24,5.387142857142857,0.0,95.47142857142856,4.5685714285714285,1.0,155.2671428571429,2022,11,24,150.0,0,China_1007.csv
2022-11-25,1007,189.0,67.0,8.0,6.0,27.0,2.2,0,0,2,2,1,1,9,9,2.458994573455096,0.6062625906097969,11.652938,3.977206,57.777126,8.96534,1,2022-11-25,4.082857142857143,0.0,31.454285714285714,16.615714285714287,1.0,211.26857142857145,2022,11,25,189.0,0,China_1007.csv
2022-11-26,1007,100.0,22.0,6.0,1.0,23.0,1.0,1,1,0,0,1,1,3,3,-3.4503687336795,-1.633464357414328,11.664612,9.732464,-26.929344,-41.571808,1,2022-11-26,-0.9457142857142857,0.0,38.825714285714284,8.367142857142857,1.0,154.77714285714288,2022,11,26,100.0,0,China_1007.csv
2022-11-27,1007,24.0,35.0,14.0,3.0,16.0,1.0,1,1,0,0,5,5,5,5,-2.6784549200283037,-3.3232696680308154,5.295647,8.132142,-34.533524,-83.443184,1,2022-11-27,2.6314285714285717,0.0,55.82142857142857,6.308571428571428,1.0,198.32142857142858,2022,11,27,35.0,0,China_1007.csv
2022-11-28,1007,63.0,75.0,10.0,2.0,22.0,1.0,1,1,0,0,5,5,1,1,-2.2841156775531823,-1.4601903373788945,8.161929,8.526378,-41.63365,-10.20163,1,2022-11-28,1.8800000000000001,0.0,30.068571428571428,22.012857142857143,1.0,262.03000000000003,2022,11,28,75.0,0,China_1007.csv
2022-11-29,1007,92.0,43.0,9.4,1.0,21.0,1.2,1,1,0,0,1,1,3,3,-2.751448730356939,-1.8586261259035883,11.012045,9.578982,-32.09955,-39.66373,1,2022-11-29,-7.938571428571429,0.0,15.112857142857143,19.505714285714284,1.0,297.84285714285716,2022,11,29,92.0,0,China_1007.csv
2022-11-30,1007,39.0,26.0,4.0,2.0,21.0,1.2,1,1,0,0,5,5,1,1,-4.417600413410971,-1.8616699523900102,8.16376,12.126012,-97.542244,-7.277219,1,2022-11-30,-5.792857142857143,0.0,15.182857142857143,11.468571428571428,1.0,242.08142857142857,2022,11,30,39.0,0,China_1007.csv
2022-12-01,1007,32.0,33.0,6.0,1.0,18.0,1.6,1,1,0,0,5,5,1,1,-4.616223641331742,-2.3052040172963792,10.617961,13.080608,-96.20443,-19.057602,1,2022-12-01,-5.242857142857143,0.0,20.731428571428573,9.95142857142857,1.0,211.53714285714287,2022,12,1,33.0,0,China_1007.csv
2022-12-02,1007,50.0,58.0,20.0,4.0,6.0,1.0,1,1,0,0,5,5,5,5,-0.36809604685512043,-4.190081643939923,5.858458,6.6530848,-1.7236406,-91.662346,1,2022-12-02,-5.418571428571428,0.0,38.23714285714285,7.135714285714286,1.0,199.6657142857143,2022,12,2,58.0,0,China_1007.csv
2022-12-03,1007,118.0,22.0,6.0,2.0,25.0,1.2,1,1,0,0,1,1,3,3,-2.4738452838686356,-1.1937991289910457,11.619511,7.454892,-8.032315,-31.053585,1,2022-12-03,-3.724285714285714,0.0,19.695714285714285,10.94,1.0,163.0442857142857,2022,12,3,118.0,0,China_1007.csv
2022-12-04,1007,35.0,26.0,10.0,1.0,17.0,1.6,1,1,0,0,5,5,1,1,-4.090040054703579,-2.9355163145945573,9.493253,12.397479,-80.64312,-60.031235,1,2022-12-04,-4.68,0.0,29.44142857142857,8.332857142857142,1.0,198.06,2022,12,4,35.0,0,China_1007.csv
2022-12-05,1007,46.0,39.0,16.0,2.0,20.0,1.2,1,1,0,0,5,5,5,5,-2.3271938343946688,-3.014011656472786,6.6075716,10.6278305,-66.52369,-71.12022,1,2022-12-05,-3.792857142857143,0.0,23.96,7.572857142857143,1.0,259.4042857142857,2022,12,5,46.0,0,China_1007.csv
2022-12-06,1007,92.0,58.0,24.0,5.0,10.0,2.2,0,0,2,2,2,2,5,5,1.9441938456676107,-3.66375616996599,8.992054,3.328831,28.96469,-42.895004,1,2022-12-06,-1.6228571428571428,0.0,28.994285714285716,8.772857142857143,1.0,258.59,2022,12,6,92.0,0,China_1007.csv
2022-12-07,1007,89.0,36.0,22.0,3.0,12.0,1.4,1,1,0,0,5,5,5,5,-0.017684813908058938,-3.981859390800842,9.087475,4.0044446,26.199184,-37.954605,1,2022-12-07,-0.7471428571428572,0.0,33.18857142857143,7.871428571428572,1.0,222.50571428571428,2022,12,7,89.0,0,China_1007.csv
2022-12-08,1007,63.0,36.0,18.0,3.0,23.0,1.6,1,1,0,0,5,5,5,5,-1.0829815351530772,-2.7338155760025824,6.2124534,7.585452,-17.521658,-86.98083,1,2022-12-08,-0.19,0.0,43.21142857142858,8.958571428571428,1.0,183.9442857142857,2022,12,8,63.0,0,China_1007.csv
2022-12-09,1007,72.0,62.0,25.0,5.0,14.0,1.0,0,0,2,2,2,2,5,5,1.4492249113811198,-3.7167902159623574,8.019218,1.4378852,15.792568,-91.505135,1,2022-12-09,0.43714285714285717,0.0,38.642857142857146,12.387142857142859,1.0,218.22857142857146,2022,12,9,72.0,0,China_1007.csv
2022-12-10,1007,125.0,19.0,6.0,1.0,26.0,1.0,1,1,0,0,1,1,3,3,-2.95026007034751,-1.2285147362118694,12.270571,8.557108,-17.056755,-42.868065,1,2022-12-10,-2.2085714285714286,0.0,32.8,12.927142857142856,1.0,208.29714285714286,2022,12,10,125.0,0,China_1007.csv
2022-12-11,1007,33.0,20.0,10.0,2.0,23.0,1.0,1,1,0,0,5,5,1,1,-3.8208407125845034,-2.538227928791578,6.984142,11.659147,-70.64881,-54.80323,1,2022-12-11,-1.6585714285714286,0.0,39.64714285714285,8.54857142857143,1.0,186.67428571428573,2022,12,11,33.0,0,China_1007.csv
2022-12-12,1007,38.0,550.0,9.0,1.0,25.0,1.0,0,0,3,3,0,0,4,4,4.18852090492537,6.709235192358523,18.315683,2.5466838,73.096855,83.52996,1,2022-12-12,-1.4085714285714286,0.0,28.822857142857142,12.224285714285713,1.0,269.63714285714286,2022,12,12,550.0,0,China_1007.csv
2022-12-13,1007,218.0,91.0,1.0,1.0,25.0,1.0,1,1,0,0,1,1,3,3,-0.4961480494030116,1.1810981031290815,14.570691,3.5936484,47.84495,7.50443,1,2022-12-13,-6.054285714285714,0.0,19.172857142857143,12.86,1.0,294.21857142857147,2022,12,13,218.0,0,China_1007.csv
2022-12-14,1007,65.0,48.0,11.0,2.0,13.0,1.0,1,1,0,0,5,5,1,1,-2.5560401941375477,-2.80671773456935,7.866831,10.3542,-58.82577,-51.525658,1,2022-12-14,-4.582857142857143,0.0,23.291428571428572,9.614285714285714,1.0,159.91285714285712,2022,12,14,65.0,0,China_1007.csv
2022-12-15,1007,55.0,38.0,9.0,1.0,21.0,1.2,1,1,0,0,5,5,1,1,-3.690897843557418,-2.183520763128131,10.176383,11.5731945,-43.77629,-42.092625,1,2022-12-15,-6.524285714285715,0.0,20.262857142857143,16.09714285714286,1.0,125.59,2022,12,15,55.0,0,China_1007.csv
2022-12-16,1007,37.0,20.0,4.0,1.0,25.0,1.2,1,1,0,0,5,5,1,1,-5.082969334975033,-1.7183357837706257,10.988793,13.006762,-89.0704,-25.06297,1,2022-12-16,-7.558571428571428,0.0,18.59857142857143,17.045714285714286,1.0,287.88,2022,12,16,37.0,0,China_1007.csv
2022-12-17,1007,30.0,32.0,2.0,1.0,23.0,1.2,1,1,0,0,5,5,1,1,-5.333855580865222,-1.5207022594450152,11.04417,13.16816,-94.913956,-21.75681,1,2022-12-17,-7.01,0.0,21.958571428571428,10.885714285714286,1.0,251.30714285714288,2022,12,17,32.0,0,China_1007.csv
2022-12-18,1007,25.0,34.0,12.0,2.0,16.0,1.6,1,1,0,0,5,5,1,1,-3.35599798509753,-3.0966133381944747,6.9678693,10.924146,-60.18673,-66.086044,1,2022-12-18,-6.488571428571428,0.0,32.065714285714286,6.491428571428571,1.0,138.6942857142857,2022,12,18,34.0,0,China_1007.csv
2022-12-19,1007,56.0,39.0,19.0,3.0,16.0,1.4,1,1,0,0,5,5,5,5,-1.1061320206434748,-3.4981406021440864,6.111309,7.551132,-17.084162,-86.79918,1,2022-12-19,-4.804285714285714,0.0,37.20428571428572,6.378571428571428,1.0,162.07857142857142,2022,12,19,56.0,0,China_1007.csv
2022-12-20,1007,88.0,52.0,25.0,5.0,26.0,1.0,0,0,2,2,2,2,5,5,1.6638809483879191,-2.7089095370185126,8.313914,1.4684339,19.07907,-91.417496,1,2022-12-20,-3.1028571428571428,0.0,35.66142857142857,9.967142857142857,1.0,220.81,2022,12,20,88.0,0,China_1007.csv
2022-12-21,1007,90.0,29.0,5.0,1.0,22.0,1.8,1,1,0,0,1,1,3,3,-3.512919406342963,-1.4294373721077813,11.133419,9.0492325,-31.639406,-35.551964,1,2022-12-21,-4.421428571428572,0.0,31.599999999999998,11.135714285714286,1.0,216.14857142857142,2022,12,21,90.0,0,China_1007.csv
2022-12-22,1007,34.0,16.0,2.0,1.0,23.0,1.0,1,1,0,0,5,5,1,1,-5.553008463010748,-1.796565584769096,11.226907,13.167567,-93.09465,-25.506344,1,2022-12-22,-5.974285714285714,0.0,21.681428571428572,13.712857142857144,1.0,251.03428571428572,2022,12,22,34.0,0,China_1007.csv
2022-12-23,1007,27.0,16.0,6.0,1.0,24.0,1.0,1,1,0,0,5,5,1,1,-5.12498577530042,-2.208925610373102,10.444151,13.159001,-93.92046,-34.87017,1,2022-12-23,-4.732857142857143,0.0,18.59,12.242857142857144,1.0,158.8242857142857,2022,12,23,27.0,0,China_1007.csv
2022-12-24,1007,31.0,24.0,10.0,2.0,23.0,1.2,1,1,0,0,5,5,1,1,-3.752559247354255,-2.451041467567355,7.105449,11.573156,-68.666405,-54.56882,1,2022-12-24,-4.46,0.0,21.740000000000002,8.268571428571429,1.0,160.61999999999998,2022,12,24,31.0,0,China_1007.csv
2022-12-25,1007,49.0,31.0,18.0,3.0,18.0,2.0,1,1,0,0,5,5,5,5,-1.3857640379198441,-3.296938481293671,8.280374,5.24426,15.935352,-70.099106,1,2022-12-25,-3.8185714285714285,0.0,22.63,7.067142857142857,1.0,192.99285714285716,2022,12,25,49.0,0,China_1007.csv
2022-12-26,1007,68.0,37.0,16.0,2.0,20.0,1.0,1,1,0,0,5,5,5,5,-1.9302251741526122,-2.9133967271249523,7.4099283,10.041165,-53.33467,-54.00344,1,2022-12-26,-3.357142857142857,0.0,26.84,11.962857142857143,1.0,225.54714285714286,2022,12,26,68.0,0,China_1007.csv
2022-12-27,1007,68.0,23.0,7.0,2.0,23.0,1.4,1,1,0,0,5,5,1,1,-3.3538086723169873,-1.814153424657724,9.38855,10.3798485,-54.738754,-38.98096,1,2022-12-27,-4.2128571428571435,0.0,26.32857142857143,11.255714285714287,1.0,245.47714285714284,2022,12,27,68.0,0,China_1007.csv
2022-12-28,1007,42.0,33.0,16.0,3.0,15.0,1.6,1,1,0,0,5,5,5,5,-1.8946635176281346,-3.4263534275848024,5.45623,8.113673,-38.53168,-79.930534,1,2022-12-28,-3.8657142857142857,0.0,29.518571428571427,8.552857142857144,1.0,221.72714285714287,2022,12,28,42.0,0,China_1007.csv
2022-12-29,1007,62.0,17.0,7.0,2.0,21.0,1.4,1,1,0,0,5,5,1,1,-3.5857800399147326,-2.1381346569738118,9.312237,10.465552,-55.612675,-38.855995,1,2022-12-29,-4.105714285714286,0.0,27.84,8.319999999999999,1.0,205.50714285714284,2022,12,29,62.0,0,China_1007.csv
2022-12-30,1007,34.0,32.0,20.0,4.0,12.0,1.0,1,1,0,0,5,5,5,5,-1.1200169185834394,-4.227790083781273,5.7571864,6.205775,-8.049008,-96.14564,1,2022-12-30,-4.095714285714286,0.0,29.805714285714288,7.357142857142857,1.0,227.34,2022,12,30,34.0,0,China_1007.csv
2022-12-31,1007,64.0,39.0,21.0,2.0,12.0,1.0,1,1,0,0,5,5,5,5,-1.2832615160685301,-4.171459018893312,6.949945,9.777562,-18.464691,-84.24469,1,2022-12-31,-2.1228571428571428,0.0,32.114285714285714,8.620000000000001,1.0,160.71857142857144,2022,12,31,64.0,0,China_1007.csv
2023-01-01,1007,76.0,30.0,15.0,4.0,18.0,1.0,1,1,0,0,5,5,5,5,-0.949513383466384,-2.8533384931880814,6.340509,5.32861,-10.191652,-53.710197,1,2023-01-01,-2.6557142857142857,0.0,36.38428571428572,9.514285714285714,1.0,112.22571428571428,2023,1,1,76.0,0,China_1007.csv
2023-01-02,1007,62.0,18.0,8.0,3.0,22.0,1.2,1,1,0,0,5,5,1,1,-2.9346350095294085,-2.0884894757370285,6.6367855,8.836483,-57.566998,12.489449,1,2023-01-02,-3.73,0.0,36.17714285714286,8.832857142857144,1.0,163.05857142857144,2023,1,2,62.0,0,China_1007.csv
2023-01-03,1007,43.0,29.0,14.0,4.0,16.0,1.6,1,1,0,0,5,5,5,5,-1.688690449041576,-3.0846645921664186,5.57395,5.581726,-13.521657,-61.316948,1,2023-01-03,-4.322857142857143,0.0,37.720000000000006,6.027142857142857,1.0,162.01285714285717,2023,1,3,43.0,0,China_1007.csv
2023-01-04,1007,67.0,55.0,24.0,6.0,11.0,2.4,0,0,2,2,2,2,5,5,1.9389513219778813,-3.693665513111749,8.422488,3.1502829,32.968575,-61.41627,1,2023-01-04,-3.105714285714286,0.0,45.957142857142856,6.32,1.0,206.0957142857143,2023,1,4,67.0,0,China_1007.csv
2023-01-05,1007,114.0,90.0,32.0,9.0,6.0,1.6,0,0,2,2,2,2,2,2,6.081770336891619,-3.9350294511186372,9.779233,0.35458022,62.564632,-59.64901,1,2023-01-05,-2.914285714285714,0.0,55.19714285714286,6.317142857142857,1.0,190.17428571428573,2023,1,5,114.0,0,China_1007.csv
2023-01-06,1007,173.0,84.0,23.0,9.0,25.0,1.0,0,0,2,2,2,2,9,9,5.870593091018638,-1.0122721095205003,11.546119,0.6265644,69.045456,-25.90111,1,2023-01-06,-0.01714285714285714,0.0,33.17285714285715,8.645714285714286,1.0,281.6985714285714,2023,1,6,173.0,0,China_1007.csv
2023-01-07,1007,119.0,62.0,24.0,6.0,10.0,1.6,0,0,2,2,2,2,2,2,2.987812113756683,-3.4008691959320068,9.988117,1.8225265,43.320015,-47.138058,1,2023-01-07,-0.4657142857142857,0.0,32.244285714285716,5.361428571428571,1.0,145.88000000000002,2023,1,7,119.0,0,China_1007.csv
2023-01-08,1007,64.0,52.0,18.0,6.0,19.0,1.8,1,1,0,0,5,5,5,5,0.8394893348820321,-2.4984660286911944,8.419615,3.3770444,32.795254,-56.181515,1,2023-01-08,2.3771428571428572,0.0,35.464285714285715,11.132857142857144,1.0,68.5957142857143,2023,1,8,64.0,0,China_1007.csv
2023-01-09,1007,71.0,33.0,10.0,5.0,22.0,3.0,1,1,0,0,5,5,8,8,-0.7168734993979957,-1.4947309149416965,7.8605876,-2.4719396,61.7817,36.714756,1,2023-01-09,-0.5700000000000001,0.0,49.607142857142854,6.9314285714285715,1.0,183.65,2023,1,9,71.0,0,China_1007.csv
2023-01-10,1007,53.0,51.0,22.0,4.0,18.0,1.0,1,1,0,0,5,5,5,5,-0.0977674316817342,-3.454372252513668,5.9875293,6.6702642,1.2670766,-92.85387,1,2023-01-10,-1.58,0.0,52.91571428571428,5.0928571428571425,1.0,185.09142857142857,2023,1,10,53.0,0,China_1007.csv
2023-01-11,1007,98.0,72.0,32.0,8.0,3.0,2.0,0,0,2,2,2,2,2,2,4.995334495955654,-4.649666737640203,9.351553,1.3098768,57.853096,-58.293514,1,2023-01-11,-0.5,0.0,54.55285714285714,5.46,1.0,156.1357142857143,2023,1,11,98.0,0,China_1007.csv
2023-01-12,1007,152.0,86.0,31.0,8.0,5.0,2.0,0,0,2,2,2,2,2,2,6.251426874553771,-3.7089367416634382,10.367223,0.63945913,63.538105,-53.965893,1,2023-01-12,0.9357142857142857,0.0,80.62571428571428,8.374285714285715,1.0,246.84857142857143,2023,1,12,152.0,0,China_1007.csv
2023-01-13,1007,168.0,67.0,15.0,6.0,26.0,1.4,0,0,2,2,1,1,9,9,2.8243350633801256,-0.5625858133579098,11.91299,3.2049892,39.330914,-8.769406,1,2023-01-13,0.2357142857142857,0.0,44.42285714285714,20.252857142857145,1.0,160.07,2023,1,13,168.0,0,China_1007.csv
2023-01-14,1007,143.0,12.0,2.0,1.0,27.0,1.2,1,1,0,0,1,1,3,3,-3.2015788255051296,-0.6402392500804618,12.849797,7.0342484,-0.89266443,-40.765488,1,2023-01-14,-6.4071428571428575,0.0,21.87,13.685714285714285,1.0,182.85285714285715,2023,1,14,143.0,0,China_1007.csv
2023-01-15,1007,16.0,20.0,5.0,1.0,26.0,1.4,1,1,0,0,5,5,1,1,-5.343885915750125,-1.8689727058853856,10.446491,13.5416765,-101.03653,-33.63035,1,2023-01-15,-5.7871428571428565,0.0,22.80857142857143,8.801428571428572,1.0,219.32142857142858,2023,1,15,26.0,0,China_1007.csv
2023-01-16,1007,29.0,34.0,9.0,1.0,20.0,1.0,1,1,0,0,5,5,1,1,-4.367737696011816,-2.5739239286946374,9.7611065,12.709089,-90.39238,-42.543354,1,2023-01-16,-4.761428571428572,0.0,27.912857142857145,7.9957142857142856,1.0,215.41285714285712,2023,1,16,34.0,0,China_1007.csv
2023-01-17,1007,61.0,73.0,6.0,1.0,26.0,2.2,1,1,0,0,5,5,1,1,-3.180684075771409,-0.5951148937316647,9.198794,8.196762,-55.84751,-8.0531225,1,2023-01-17,-3.4314285714285715,0.0,33.74857142857143,8.998571428571429,1.0,270.57714285714286,2023,1,17,73.0,0,China_1007.csv
2023-01-18,1007,73.0,62.0,10.0,2.0,21.0,1.6,1,1,0,0,5,5,1,1,-2.1399718274662898,-1.588622052704653,8.939667,8.70155,-43.30011,-11.852202,1,2023-01-18,-3.39,0.0,36.71,6.784285714285715,1.0,213.23142857142855,2023,1,18,73.0,0,China_1007.csv
2023-01-19,1007,79.0,60.0,11.0,2.0,23.0,1.4,1,1,0,0,5,5,1,1,-1.9400356707677349,-1.5468352742060476,8.956122,8.679876,-43.013885,-11.899597,1,2023-01-19,-3.3614285714285717,0.0,19.254285714285714,16.541428571428572,1.0,290.37,2023,1,19,79.0,0,China_1007.csv
2023-01-20,1007,91.0,37.0,2.0,1.0,23.0,1.2,1,1,0,0,1,1,3,3,-3.932640551674077,-0.9666129944147477,11.247614,9.434596,-28.699137,-36.493637,1,2023-01-20,-6.028571428571429,0.0,23.672857142857143,8.827142857142857,1.0,144.76285714285714,2023,1,20,91.0,0,China_1007.csv
2023-01-21,1007,42.0,53.0,12.0,3.0,19.0,1.0,1,1,0,0,5,5,1,1,-2.278588284032137,-2.3918289488835724,5.593853,8.242567,-35.921574,-80.53022,1,2023-01-21,-4.871428571428572,0.0,29.982857142857142,6.83,1.0,181.32714285714286,2023,1,21,53.0,0,China_1007.csv
2023-01-22,1007,107.0,69.0,12.0,4.0,24.0,2.0,1,1,0,0,1,1,3,3,0.16904532662407082,-0.9167661657896308,9.852611,4.5245376,13.662614,-1.4679067,1,2023-01-22,-3.005714285714286,0.0,43.32714285714286,9.09,1.0,130.64142857142858,2023,1,22,107.0,0,China_1007.csv
2023-01-23,1007,139.0,46.0,2.0,5.0,26.0,1.0,1,1,0,0,1,1,3,3,-0.6472071962332229,0.1482658117785828,11.519475,4.4189014,18.227901,-10.702915,1,2023-01-23,-10.157142857142857,0.0,15.911428571428571,18.395714285714288,1.0,262.93857142857144,2023,1,23,139.0,0,China_1007.csv
2023-01-24,1007,78.0,37.0,2.0,1.0,23.0,1.0,1,1,0,0,5,5,1,1,-4.260869606863451,-1.1011248029172185,10.905658,10.617671,-71.61547,-26.860157,1,2023-01-24,-10.932857142857143,0.0,13.274285714285714,9.01142857142857,1.0,215.05285714285714,2023,1,24,78.0,0,China_1007.csv
2023-01-25,1007,33.0,42.0,11.0,3.0,16.0,1.0,1,1,0,0,5,5,1,1,-2.8031607772504077,-2.8001999994887923,5.621711,8.629609,-45.856422,-71.290695,1,2023-01-25,-9.221428571428572,0.0,22.0,7.28,1.0,161.88857142857142,2023,1,25,42.0,0,China_1007.csv
2023-01-26,1007,87.0,42.0,9.0,2.0,24.0,1.2,1,1,0,0,5,5,3,3,-2.3909697126799943,-1.5148215476983924,9.537077,9.871606,-51.132523,-38.1822,1,2023-01-26,-4.49,0.0,23.922857142857143,12.517142857142858,1.0,278.4871428571429,2023,1,26,87.0,0,China_1007.csv
2023-01-27,1007,68.0,17.0,3.0,2.0,24.0,1.2,1,1,0,0,5,5,1,1,-4.072249549925473,-1.4163799741811367,9.618342,10.524418,-61.445316,-26.696865,1,2023-01-27,-3.6014285714285714,0.0,19.481428571428573,11.790000000000001,1.0,271.5785714285714,2023,1,27,68.0,0,China_1007.csv
2023-01-28,1007,27.0,52.0,6.0,1.0,24.0,1.2,1,1,0,0,5,5,1,1,-4.495654149501655,-1.5622103101052125,8.502239,9.510902,-73.29724,-9.835095,1,2023-01-28,-1.0442857142857143,0.0,23.07,10.379999999999999,1.0,249.37142857142857,2023,1,28,52.0,0,China_1007.csv
2023-01-29,1007,56.0,60.0,7.0,2.0,27.0,1.0,1,1,0,0,5,5,1,1,-3.0985341932645802,-0.9947180820495758,8.775428,8.918529,-44.58619,-10.42316,1,2023-01-29,0.5857142857142857,0.0,33.38285714285714,10.078571428571427,1.0,231.03142857142856,2023,1,29,60.0,0,China_1007.csv
2023-01-30,1007,69.0,63.0,23.0,5.0,17.0,1.0,0,0,2,2,2,2,5,5,1.119496411744053,-3.2359106444243895,7.945249,1.5176713,15.302071,-90.60878,1,2023-01-30,-0.65,0.0,36.46714285714285,6.208571428571429,1.0,171.03,2023,1,30,69.0,0,China_1007.csv
2023-01-31,1007,113.0,65.0,19.0,6.0,30.0,1.0,0,0,2,2,2,2,9,9,2.0948965898429126,-1.183426735040921,10.234598,1.5762118,53.038902,-32.071846,1,2023-01-31,2.9842857142857144,0.0,20.73,16.002857142857142,1.0,219.08285714285714,2023,1,31,113.0,0,China_1007.csv
2023-02-01,1007,107.0,32.0,3.0,1.0,26.0,1.0,1,1,0,0,1,1,3,3,-3.562287402117647,-0.8110363598798564,11.707104,9.188523,-22.68649,-34.56305,1,2023-02-01,-2.54,0.0,26.297142857142855,11.15,1.0,196.29714285714286,2023,2,1,107.0,0,China_1007.csv
2023-02-02,1007,32.0,18.0,7.0,2.0,20.0,1.0,1,1,0,0,5,5,1,1,-4.315148047327005,-2.5088198880843677,7.5200534,12.168995,-75.42354,-44.248474,1,2023-02-02,-3.065714285714286,0.0,27.13714285714286,6.288571428571429,1.0,141.32857142857142,2023,2,2,32.0,0,China_1007.csv
2023-02-03,1007,39.0,40.0,21.0,3.0,13.0,1.4,1,1,0,0,5,5,5,5,-1.1769334732364263,-4.098802730099324,6.0587554,7.2434244,-15.304557,-89.32225,1,2023-02-03,-1.9942857142857144,0.0,27.15285714285714,8.088571428571429,1.0,187.85999999999999,2023,2,3,40.0,0,China_1007.csv
2023-02-04,1007,86.0,49.0,20.0,5.0,22.0,1.0,1,1,0,0,2,2,5,5,0.8407259896254968,-2.5688833404412788,7.937055,2.017841,18.767992,-88.05667,1,2023-02-04,-0.49714285714285716,0.0,36.75571428571429,8.56857142857143,1.0,192.5442857142857,2023,2,4,86.0,0,China_1007.csv
2023-02-05,1007,108.0,84.0,32.0,8.0,9.0,1.0,0,0,2,2,2,2,2,2,5.186759961016606,-4.014002252473777,9.26066,0.12121513,50.207237,-79.15476,1,2023-02-05,-0.32,0.0,48.294285714285714,7.134285714285714,1.0,111.32714285714287,2023,2,5,108.0,0,China_1007.csv
2023-02-06,1007,166.0,96.0,24.0,10.0,27.0,3.0,0,0,2,2,2,2,9,9,7.0660736677797535,-0.3614779236955061,9.990644,-2.3638248,86.350876,0.6161163,1,2023-02-06,-0.6228571428571428,0.0,55.99,7.847142857142857,1.0,116.53428571428572,2023,2,6,166.0,0,China_1007.csv
2023-02-07,1007,181.0,51.0,16.0,6.0,25.0,2.0,0,0,2,2,1,1,9,9,3.129127978292133,-0.8305729674647944,11.807716,4.1027436,23.016136,-27.077223,1,2023-02-07,-1.0914285714285714,0.0,49.855714285714285,6.945714285714286,1.0,123.28,2023,2,7,181.0,0,China_1007.csv
2023-02-08,1007,115.0,25.0,12.0,4.0,27.0,1.2,1,1,0,0,1,1,3,3,-0.5495858912360715,-1.4779195137247296,10.745119,5.1748652,-8.948874,-9.798156,1,2023-02-08,0.36714285714285716,0.0,44.19571428571429,7.595714285714286,1.0,130.26714285714286,2023,2,8,115.0,0,China_1007.csv
2023-02-09,1007,70.0,58.0,25.0,5.0,12.0,3.0,0,0,2,2,2,2,8,8,1.8046959268940996,-3.630534047239162,8.734996,-3.064233,76.399734,17.225706,1,2023-02-09,-1.98,0.0,77.02857142857144,5.241428571428571,1.0,169.36714285714285,2023,2,9,70.0,0,China_1007.csv
2023-02-10,1007,142.0,77.0,17.0,7.0,16.0,1.8,0,0,2,2,2,2,9,9,3.3155178372318073,-1.5347834755609955,10.893812,2.243844,53.519035,-16.69234,1,2023-02-10,0.48857142857142855,0.0,78.75428571428571,7.278571428571429,1.0,197.88714285714286,2023,2,10,142.0,0,China_1007.csv
2023-02-11,1007,174.0,115.0,20.0,9.0,15.0,1.0,0,0,2,2,2,2,9,9,5.935931957370072,-1.0216849610238161,11.85719,0.8788027,68.07451,-22.06849,1,2023-02-11,2.2,0.0,81.69571428571429,6.675714285714286,1.0,172.72,2023,2,11,174.0,0,China_1007.csv
2023-02-12,1007,204.0,70.0,13.0,6.0,14.0,1.0,0,0,2,2,1,1,9,9,3.2397212504622814,-1.1355135736682098,12.384226,2.061803,61.807373,-15.128915,1,2023-02-12,-0.45285714285714285,0.0,81.45714285714287,9.294285714285715,1.0,122.98857142857142,2023,2,12,204.0,0,China_1007.csv
2023-02-13,1007,153.0,9.0,6.0,1.0,29.0,1.0,1,1,0,0,1,1,3,3,-2.4984781694808986,-0.9195293182106328,12.691327,6.9415684,1.194949,-38.37258,1,2023-02-13,-0.13714285714285715,0.0,33.962857142857146,12.995714285714286,1.0,230.19142857142856,2023,2,13,153.0,0,China_1007.csv
2023-02-14,1007,28.0,14.0,9.0,1.0,23.0,1.0,1,1,0,0,5,5,1,1,-4.705446871600653,-2.657983733046751,9.688905,12.855256,-92.52641,-46.408222,1,2023-02-14,-0.8128571428571428,0.0,51.01571428571429,7.998571428571429,1.0,142.25,2023,2,14,28.0,0,China_1007.csv
2023-02-15,1007,30.0,43.0,15.0,3.0,23.0,1.0,1,1,0,0,5,5,5,5,-2.257307919552359,-2.637350196024115,5.179887,7.984672,-35.837955,-82.9632,1,2023-02-15,-1.837142857142857,0.0,61.17142857142857,7.802857142857143,1.0,185.88000000000002,2023,2,15,43.0,0,China_1007.csv
2023-02-16,1007,88.0,72.0,24.0,6.0,14.0,2.4,0,0,2,2,2,2,5,5,2.676082554971296,-2.979381100074669,9.161361,2.5871704,43.26018,-57.070786,1,2023-02-16,-0.18285714285714286,0.0,67.34285714285714,6.562857142857142,1.0,159.50571428571428,2023,2,16,88.0,0,China_1007.csv
2023-02-17,1007,150.0,112.0,32.0,10.0,9.0,1.0,0,0,2,2,2,2,2,2,7.618966027472377,-3.0331282197688627,10.6385,-0.005818938,75.8211,-54.942165,1,2023-02-17,1.2,0.0,77.33428571428571,5.635714285714286,1.0,131.75571428571428,2023,2,17,150.0,0,China_1007.csv
2023-02-18,1007,206.0,96.0,22.0,9.0,30.0,2.4,0,0,2,2,2,2,9,9,6.975279788431144,0.23851909656244683,10.215578,-1.9375795,65.37567,-3.052757,1,2023-02-18,-0.30428571428571427,0.0,55.94428571428572,9.105714285714285,1.0,196.01142857142855,2023,2,18,206.0,0,China_1007.csv
2023-02-19,1007,185.0,28.0,7.0,1.0,30.0,1.0,1,1,0,0,1,1,3,3,-1.3516657900063522,-0.3740755061573575,12.78921,6.1104107,8.234491,-40.37205,1,2023-02-19,2.335714285714286,0.0,34.887142857142855,11.234285714285715,1.0,191.5957142857143,2023,2,19,185.0,0,China_1007.csv
2023-02-20,1007,24.0,21.0,6.0,1.0,27.0,1.0,1,1,0,0,5,5,1,1,-5.1014830724783895,-1.883247462923357,10.285749,13.0417795,-95.47576,-37.81566,1,2023-02-20,-0.8185714285714286,0.0,34.66571428571429,7.54,1.0,98.75428571428571,2023,2,20,27.0,0,China_1007.csv
2023-02-21,1007,20.0,35.0,13.0,2.0,19.0,1.0,1,1,0,0,5,5,1,1,-3.436800277473316,-3.069584375449247,6.513468,11.133711,-68.1807,-64.83287,1,2023-02-21,-0.7514285714285714,0.0,50.39857142857143,7.1499999999999995,1.0,147.6314285714286,2023,2,21,35.0,0,China_1007.csv
2023-02-22,1007,66.0,69.0,25.0,6.0,15.0,1.2,0,0,2,2,2,2,5,5,2.017028395593919,-3.4305505748053706,8.213883,0.8651293,32.65773,-89.23959,1,2023-02-22,1.4928571428571427,0.0,63.80285714285714,8.34142857142857,1.0,187.07285714285715,2023,2,22,69.0,0,China_1007.csv
2023-02-23,1007,145.0,89.0,32.0,7.0,13.0,1.0,0,0,2,2,2,2,2,2,5.543507228603679,-3.383722110074891,10.048328,-0.06540406,69.7457,-57.14465,1,2023-02-23,3.4971428571428573,0.0,54.75,8.845714285714285,1.0,106.82000000000001,2023,2,23,145.0,0,China_1007.csv
2023-02-24,1007,173.0,33.0,13.0,2.0,29.0,1.2,1,1,0,0,1,1,3,3,-0.0855801389868452,-1.0134593286323244,12.276368,5.631561,13.751783,-30.496563,1,2023-02-24,0.4942857142857143,0.0,32.261428571428574,9.918571428571429,1.0,173.06571428571428,2023,2,24,173.0,0,China_1007.csv
2023-02-25,1007,64.0,17.0,9.0,1.0,27.0,1.0,1,1,0,0,5,5,1,1,-3.867656436967201,-1.978512536752891,10.46979,10.994452,-41.873203,-45.71471,1,2023-02-25,1.1842857142857142,0.0,39.82142857142857,8.015714285714285,1.0,225.00571428571428,2023,2,25,64.0,0,China_1007.csv
2023-02-26,1007,36.0,72.0,18.0,5.0,36.0,1.0,1,1,0,0,5,5,5,5,-0.12270133330462676,-1.1083261741603783,5.1200023,6.644943,1.4008924,-80.526115,1,2023-02-26,3.1814285714285715,0.0,64.76142857142857,8.434285714285714,1.0,188.44,2023,2,26,72.0,0,China_1007.csv
2023-02-27,1007,136.0,108.0,25.0,8.0,32.0,1.0,0,0,2,2,2,2,2,2,5.229114603905535,-0.5874304993917461,10.0514145,0.5867903,61.159187,-43.432213,1,2023-02-27,4.267142857142857,0.0,72.13714285714285,7.908571428571428,1.0,220.4828571428571,2023,2,27,136.0,0,China_1007.csv
2023-02-28,1007,190.0,56.0,15.0,5.0,30.0,1.4,0,0,2,2,1,1,9,9,2.5975341160416088,-0.319724619324852,12.072466,4.050056,32.13632,-21.181526,1,2023-02-28,5.74,0.0,34.10857142857143,14.772857142857143,1.0,270.8342857142857,2023,2,28,190.0,0,China_1007.csv
2023-03-01,1007,102.0,15.0,7.0,1.0,31.0,1.0,1,1,0,0,1,1,3,3,-3.355988246748737,-1.1454655574156773,11.530066,9.616354,-22.87309,-40.45629,1,2023-03-01,2.9714285714285715,0.0,28.334285714285716,12.764285714285714,1.0,246.0585714285714,2023,3,1,102.0,0,China_1007.csv
2023-03-02,1007,18.0,48.0,17.0,2.0,29.0,1.0,1,1,0,0,5,5,5,5,-2.6676063042281957,-2.431265165213036,4.6763225,7.991623,-64.72564,-74.6815,1,2023-03-02,4.614285714285714,0.0,45.15428571428571,11.002857142857142,1.0,222.55714285714288,2023,3,2,48.0,0,China_1007.csv
2023-03-03,1007,64.0,61.0,20.0,3.0,27.0,1.6,1,1,0,0,5,5,5,5,-0.3582769833566448,-2.1725979874504042,6.8409333,6.657862,-7.353238,-78.77188,1,2023-03-03,8.209999999999999,0.0,38.14714285714285,9.83,1.0,188.10142857142858,2023,3,3,64.0,0,China_1007.csv
2023-03-04,1007,111.0,115.0,27.0,12.0,36.0,3.0,0,0,2,2,2,2,7,7,7.708516768747602,0.1768020906218663,9.786776,-3.2154343,87.61469,5.7672987,1,2023-03-04,6.501428571428571,0.0,63.74,7.461428571428572,1.0,109.80428571428571,2023,3,4,115.0,0,China_1007.csv
2023-03-05,1007,184.0,126.0,20.0,12.0,36.0,1.0,0,0,2,2,2,2,7,7,7.988253112312191,1.3609959338620283,11.900237,-0.27633354,81.470184,-17.447489,1,2023-03-05,6.7057142857142855,0.0,68.95285714285714,7.111428571428571,1.0,175.32142857142858,2023,3,5,184.0,0,China_1007.csv
2023-03-06,1007,212.0,113.0,19.0,10.0,44.0,1.6,0,0,2,2,2,2,9,9,7.330255108893891,2.091977995995935,12.269877,0.80765086,74.05349,-15.571959,1,2023-03-06,10.629999999999999,0.0,49.142857142857146,8.987142857142858,1.0,163.1257142857143,2023,3,6,212.0,0,China_1007.csv
2023-03-07,1007,202.0,146.0,30.0,13.0,53.0,2.0,0,0,2,2,2,2,7,7,10.956014766397072,2.4814582609819498,12.076539,-0.45329544,85.145836,-12.8027115,1,2023-03-07,11.337142857142856,0.0,52.77285714285714,9.03,1.0,149.68142857142857,2023,3,7,202.0,0,China_1007.csv
2023-03-08,1007,234.0,94.0,16.0,6.0,46.0,1.0,0,0,2,2,1,1,9,9,4.790528734157542,1.9815063957228052,12.480513,1.9214436,59.637463,-16.520391,1,2023-03-08,10.422857142857143,0.0,42.23285714285714,12.391428571428573,1.0,165.26285714285714,2023,3,8,234.0,0,China_1007.csv
2023-03-09,1007,153.0,72.0,24.0,4.0,23.0,1.0,0,0,2,2,2,2,9,9,2.707535204894992,-2.11199500869336,11.124296,2.5808532,41.316734,-27.65243,1,2023-03-09,10.821428571428571,0.0,54.67857142857143,7.437142857142858,1.0,155.94571428571427,2023,3,9,153.0,0,China_1007.csv
2023-03-10,1007,114.0,311.0,21.0,7.0,29.0,1.0,0,0,3,3,0,0,10,10,6.917876612472467,2.7871753951122664,15.958253,2.847956,47.474884,40.226967,1,2023-03-10,15.732857142857142,0.0,27.24285714285714,16.864285714285714,1.0,271.5057142857143,2023,3,10,311.0,0,China_1007.csv
2023-03-11,1007,165.0,140.0,5.0,1.0,29.0,1.2,1,1,0,0,1,1,10,10,-0.2165646620804063,1.5465158639225614,13.910907,3.551904,46.282413,16.672037,1,2023-03-11,7.377142857142857,0.0,28.66714285714286,13.497142857142858,1.0,227.1057142857143,2023,3,11,165.0,0,China_1007.csv
2023-03-12,1007,64.0,50.0,2.0,1.0,30.0,1.2,1,1,0,0,5,5,1,1,-4.289117542280702,-0.33781677983657193,10.6182785,10.584618,-69.02171,-20.803537,1,2023-03-12,4.281428571428571,0.0,25.917142857142856,12.034285714285716,1.0,230.90285714285713,2023,3,12,64.0,0,China_1007.csv
2023-03-13,1007,35.0,65.0,24.0,4.0,13.0,1.2,1,1,0,0,5,5,5,5,0.06195337245301342,-3.9829318380551877,5.821077,6.7491546,-0.04837224,-91.50023,1,2023-03-13,5.258571428571429,0.0,44.07857142857143,6.512857142857143,1.0,162.3114285714286,2023,3,13,65.0,0,China_1007.csv
2023-03-14,1007,95.0,112.0,17.0,5.0,31.0,1.0,0,0,2,2,2,2,5,5,1.6447102961021742,-0.3023813959390639,13.460755,2.8933792,42.16248,29.095333,1,2023-03-14,8.772857142857143,0.0,18.385714285714283,18.555714285714284,1.0,258.67285714285714,2023,3,14,112.0,0,China_1007.csv
2023-03-15,1007,115.0,89.0,2.0,1.0,30.0,1.0,1,1,0,0,1,1,3,3,-2.601076843759567,0.6829884846374108,14.028482,4.1713934,40.593353,18.593225,1,2023-03-15,3.8728571428571428,0.0,17.99285714285714,13.655714285714286,1.0,183.17714285714285,2023,3,15,115.0,0,China_1007.csv
2023-03-16,1007,61.0,44.0,7.0,2.0,28.0,1.2,1,1,0,0,5,5,1,1,-3.1998298484883745,-1.1058902573307927,8.701659,10.697434,-65.14676,-31.73633,1,2023-03-16,4.034285714285715,0.0,27.744285714285716,9.258571428571429,1.0,144.73857142857142,2023,3,16,61.0,0,China_1007.csv
2023-03-17,1007,50.0,71.0,17.0,3.0,20.0,1.2,1,1,0,0,5,5,5,5,-1.0435513406138144,-2.4598239685770875,5.402364,7.342109,-8.237029,-81.88297,1,2023-03-17,4.694285714285714,0.0,54.65428571428571,7.667142857142857,1.0,220.75571428571428,2023,3,17,71.0,0,China_1007.csv
2023-03-18,1007,118.0,32.0,13.0,3.0,33.0,1.2,1,1,0,0,1,1,3,3,-0.7471122462111293,-1.010871078774083,10.165302,6.364523,-15.227428,-11.214228,1,2023-03-18,8.02,0.0,27.268571428571427,9.051428571428572,1.0,245.89857142857142,2023,3,18,118.0,0,China_1007.csv
2023-03-19,1007,63.0,73.0,19.0,4.0,36.0,1.8,1,1,0,0,5,5,5,5,0.2744898208633516,-0.9480142953509099,8.236747,5.4340963,17.511835,-56.428703,1,2023-03-19,8.75,0.0,65.98142857142857,10.607142857142858,1.0,166.3814285714286,2023,3,19,73.0,0,China_1007.csv
2023-03-20,1007,130.0,99.0,22.0,6.0,33.0,1.2,0,0,2,2,2,2,9,9,3.5001276477959973,-0.5111045479743562,10.42448,1.4804299,55.31883,-39.339077,1,2023-03-20,9.637142857142857,0.0,74.46285714285715,5.752857142857143,1.0,156.69,2023,3,20,130.0,0,China_1007.csv
2023-03-21,1007,180.0,93.0,17.0,6.0,44.0,1.8,0,0,2,2,1,1,9,9,3.9321784844288987,1.4000252861600835,11.073467,2.6127365,59.848194,-0.049389604,1,2023-03-21,12.715714285714286,0.0,62.470000000000006,12.421428571428573,1.0,193.5885714285714,2023,3,21,180.0,0,China_1007.csv
2023-03-22,1007,177.0,515.0,8.0,3.0,30.0,1.0,0,0,3,3,0,0,4,4,7.569206054113552,7.915855179723905,17.707485,2.6296697,71.6589,82.256294,1,2023-03-22,9.629999999999999,0.0,12.962857142857143,18.391428571428573,1.0,205.03,2023,3,22,515.0,0,China_1007.csv
2023-03-23,1007,234.0,105.0,4.0,1.0,28.0,1.4,1,1,0,0,1,1,3,3,0.6106879668509048,1.540183974157802,14.542173,3.6000848,47.91922,7.714387,1,2023-03-23,7.1257142857142854,0.0,15.552857142857144,12.664285714285715,1.0,139.03,2023,3,23,234.0,0,China_1007.csv
2023-03-24,1007,103.0,58.0,7.0,1.0,27.0,1.0,1,1,0,0,1,1,3,3,-2.6486503703063566,-0.7582059593796462,10.450494,8.133459,-28.127518,-21.567244,1,2023-03-24,6.335714285714286,0.0,25.52857142857143,9.06,1.0,117.90285714285714,2023,3,24,103.0,0,China_1007.csv
2023-03-25,1007,65.0,56.0,13.0,2.0,31.0,2.0,1,1,0,0,5,5,1,1,-1.858620346432494,-1.1388253153903416,8.871268,5.5698442,3.4527478,0.42162734,1,2023-03-25,6.1414285714285715,0.0,34.45857142857143,9.719999999999999,1.0,159.47142857142856,2023,3,25,65.0,0,China_1007.csv
2023-03-26,1007,80.0,52.0,11.0,1.0,34.0,1.2,1,1,0,0,5,5,1,1,-2.6020973317741434,-0.8336339804672283,9.672995,8.713128,-33.637974,-15.536075,1,2023-03-26,8.351428571428572,0.0,34.184285714285714,11.877142857142857,1.0,211.80857142857144,2023,3,26,80.0,0,China_1007.csv
2023-03-27,1007,81.0,47.0,12.0,2.0,34.0,1.4,1,1,0,0,5,5,1,1,-1.9351993276997468,-0.8971410557267349,9.24068,8.607326,-34.361126,-13.359117,1,2023-03-27,11.125714285714285,0.0,26.677142857142858,9.69,1.0,203.6314285714286,2023,3,27,81.0,0,China_1007.csv
2023-03-28,1007,69.0,85.0,22.0,6.0,45.0,2.0,0,0,2,2,2,2,5,5,2.1708381943435024,-0.0251540993158904,9.141908,2.8519385,37.311977,-52.76691,1,2023-03-28,12.575714285714286,0.0,47.80285714285714,8.142857142857142,1.0,182.6314285714286,2023,3,28,85.0,0,China_1007.csv
2023-03-29,1007,146.0,111.0,26.0,7.0,67.0,1.0,0,0,2,2,2,2,2,2,5.191228358372377,2.414753142751236,12.266216,0.38681743,76.78775,-8.1436205,1,2023-03-29,15.700000000000001,0.0,42.23142857142857,9.45142857142857,1.0,203.16000000000003,2023,3,29,146.0,0,China_1007.csv
2023-03-30,1007,172.0,102.0,23.0,5.0,81.0,1.0,2,2,1,1,3,3,11,11,4.140671335384861,3.8454010539397516,2.4779673,0.5506257,40.33361,54.67749,1,2023-03-30,16.49,0.0,40.81,11.704285714285716,1.0,200.22142857142856,2023,3,30,172.0,0,China_1007.csv
2023-03-31,1007,163.0,74.0,15.0,2.0,65.0,2.0,2,2,1,1,1,1,3,3,0.9277017953882802,2.686485292650684,9.942695,4.242929,31.501768,16.184217,1,2023-03-31,16.06142857142857,0.0,42.385714285714286,14.24,1.0,193.97,2023,3,31,163.0,0,China_1007.csv
2023-04-01,1007,130.0,68.0,12.0,3.0,59.0,1.4,2,2,1,1,1,1,3,3,0.06301054152689604,2.1253327462375995,2.1632123,2.962473,30.414833,19.735603,1,2023-04-01,16.62142857142857,0.0,45.901428571428575,11.61,1.0,163.4157142857143,2023,4,1,130.0,0,China_1007.csv
2023-04-02,1007,127.0,85.0,27.0,6.0,53.0,2.0,0,0,2,2,2,2,2,2,4.167593459464967,0.5660545820803714,9.830852,2.293474,58.36407,-47.771687,1,2023-04-02,14.697142857142856,0.0,44.48714285714285,8.23857142857143,1.0,129.32857142857142,2023,4,2,127.0,0,China_1007.csv
2023-04-03,1007,162.0,68.0,15.0,6.0,45.0,2.0,0,0,2,2,1,1,9,9,2.8989278019585467,1.1821705587486953,10.906895,2.812036,44.593433,-0.28392953,1,2023-04-03,13.897142857142857,0.0,40.27428571428572,12.807142857142859,1.0,50.73857142857143,2023,4,3,162.0,0,China_1007.csv
2023-04-04,1007,129.0,36.0,7.0,3.0,33.0,1.0,1,1,0,0,1,1,3,3,-1.3566862214625985,-0.22315279887876768,10.694205,6.4335365,-6.5013,-18.817455,1,2023-04-04,8.51,0.0,77.26714285714286,15.92,1.0,101.33428571428571,2023,4,4,129.0,0,China_1007.csv
2023-04-05,1007,63.0,33.0,6.0,2.0,38.0,1.0,1,1,0,0,5,5,1,1,-3.5005069336785843,-0.32142119814943915,8.820614,10.438751,-63.906746,-33.142826,1,2023-04-05,11.145714285714286,0.0,58.02428571428572,9.441428571428572,1.0,244.61142857142858,2023,4,5,63.0,0,China_1007.csv
2023-04-06,1007,67.0,38.0,6.0,1.0,33.0,1.0,1,1,0,0,5,5,1,1,-3.880636638323013,-0.7360681974839661,10.744042,10.7445,-72.38488,-21.773178,1,2023-04-06,10.955714285714285,0.0,30.18285714285714,17.32,1.0,330.4357142857143,2023,4,6,67.0,0,China_1007.csv
2023-04-07,1007,58.0,28.0,6.0,1.0,35.0,1.0,1,1,0,0,5,5,1,1,-4.232213579937553,-0.7995058090781998,10.586635,11.1547785,-74.08417,-19.919615,1,2023-04-07,9.15857142857143,0.0,24.33285714285714,13.977142857142857,1.0,291.04285714285714,2023,4,7,58.0,0,China_1007.csv
2023-04-08,1007,22.0,42.0,10.0,1.0,38.0,1.6,1,1,0,0,5,5,1,1,-4.059785748198788,-0.9173422973009292,8.504951,9.862715,-74.83562,-5.282624,1,2023-04-08,13.537142857142857,0.0,33.174285714285716,14.624285714285715,1.0,219.29857142857145,2023,4,8,42.0,0,China_1007.csv
2023-04-09,1007,54.0,80.0,18.0,5.0,47.0,1.0,1,1,0,0,5,5,5,5,0.4239723055701572,0.13310998255374265,5.0487046,6.7148027,0.36193785,-80.07078,1,2023-04-09,14.915714285714285,0.0,54.08428571428572,8.555714285714286,1.0,202.87285714285716,2023,4,9,80.0,0,China_1007.csv
2023-04-10,1007,145.0,216.0,20.0,6.0,40.0,1.0,0,0,2,2,2,2,10,10,5.4000818042901315,2.397814901363816,14.397651,2.8878765,46.691563,33.849537,1,2023-04-10,18.681428571428572,0.0,21.315714285714286,16.645714285714284,1.0,252.6614285714286,2023,4,10,216.0,0,China_1007.csv
2023-04-11,1007,180.0,453.0,4.0,1.0,36.0,1.4,0,0,3,3,0,0,4,4,5.092632787005565,7.74583561304476,17.692442,2.6379411,70.64203,82.34645,1,2023-04-11,11.209999999999999,0.0,15.857142857142858,14.03,1.0,275.9642857142857,2023,4,11,453.0,0,China_1007.csv
2023-04-12,1007,185.0,334.0,15.0,5.0,31.0,1.2,0,0,3,3,0,0,10,10,6.943022698427992,4.422488482856982,16.475729,2.7878184,46.9379,42.16559,1,2023-04-12,14.87857142857143,0.0,40.25714285714286,11.724285714285715,1.0,206.45000000000002,2023,4,12,334.0,0,China_1007.csv
2023-04-13,1007,186.0,421.0,25.0,7.0,29.0,1.2,0,0,3,3,0,0,4,4,10.879957588745855,4.799447610435306,17.46257,2.6707308,71.74146,80.112434,1,2023-04-13,17.865714285714287,0.0,48.30285714285714,8.731428571428571,1.0,184.51142857142855,2023,4,13,421.0,0,China_1007.csv
2023-04-14,1007,202.0,158.0,11.0,6.0,38.0,2.0,0,0,2,2,1,1,10,10,4.6263047154433945,2.8512615946588435,13.675705,3.1227052,50.073654,13.528009,1,2023-04-14,14.747142857142858,0.0,15.325714285714286,14.39857142857143,1.0,298.17285714285714,2023,4,14,202.0,0,China_1007.csv
2023-04-15,1007,140.0,63.0,7.0,1.0,35.0,1.0,1,1,0,0,1,1,3,3,-1.7468071433234105,0.3145951661680394,11.986679,6.1205745,8.353945,-19.757317,1,2023-04-15,13.595714285714285,0.0,17.458571428571428,11.305714285714286,1.0,214.20714285714286,2023,4,15,140.0,0,China_1007.csv
2023-04-16,1007,72.0,46.0,9.0,1.0,38.0,1.4,1,1,0,0,5,5,1,1,-3.103946176655031,-0.3877803050012844,9.4942465,8.790707,-43.135666,-14.953602,1,2023-04-16,14.705714285714285,0.0,31.72714285714286,13.284285714285714,1.0,147.42857142857142,2023,4,16,72.0,0,China_1007.csv
2023-04-17,1007,58.0,75.0,15.0,5.0,41.0,1.0,1,1,0,0,5,5,5,5,-0.01818860525902602,-0.1137713225303193,5.0785832,6.712222,0.014695748,-78.94574,1,2023-04-17,15.667142857142858,0.0,46.642857142857146,8.061428571428571,1.0,120.29142857142857,2023,4,17,75.0,0,China_1007.csv
2023-04-18,1007,112.0,58.0,16.0,5.0,52.0,1.4,2,2,1,1,1,1,9,9,1.1411427367626144,0.9368573648065546,7.1922517,4.072281,18.572018,26.275341,1,2023-04-18,17.867142857142856,0.0,42.028571428571425,10.162857142857144,1.0,128.96714285714285,2023,4,18,112.0,0,China_1007.csv
2023-04-19,1007,89.0,71.0,15.0,5.0,80.0,1.0,2,2,1,1,3,3,11,11,0.6860398148457318,3.4849923101721445,1.5853478,2.6486094,-5.264368,88.36743,1,2023-04-19,21.025714285714287,0.0,37.167142857142856,17.815714285714286,1.0,194.16714285714286,2023,4,19,89.0,0,China_1007.csv
2023-04-20,1007,96.0,72.0,5.0,2.0,35.0,1.0,1,1,0,0,1,1,3,3,-2.3070085446160635,0.44340493613041065,10.370194,8.118156,-26.610199,-23.312798,1,2023-04-20,15.231428571428571,0.0,18.78142857142857,13.148571428571428,1.0,187.38714285714286,2023,4,20,96.0,0,China_1007.csv
2023-04-21,1007,60.0,36.0,3.0,1.0,35.0,1.0,1,1,0,0,5,5,1,1,-4.49225088021078,-0.3132587309401565,10.845619,10.879268,-73.44654,-22.809486,1,2023-04-21,9.402857142857142,0.0,67.22428571428571,15.241428571428571,1.0,219.6185714285714,2023,4,21,60.0,0,China_1007.csv
2023-04-22,1007,38.0,26.0,5.0,2.0,26.0,1.0,1,1,0,0,5,5,1,1,-4.329279721961302,-1.5759775747674352,8.091055,11.961904,-96.622856,-7.7449455,1,2023-04-22,9.615714285714287,0.0,67.08571428571429,6.627142857142857,1.0,211.68571428571428,2023,4,22,38.0,0,China_1007.csv
2023-04-23,1007,59.0,47.0,12.0,3.0,34.0,1.2,1,1,0,0,5,5,1,1,-1.9231811424555458,-1.0099695736603944,7.016222,7.787526,-37.175465,-5.303157,1,2023-04-23,11.551428571428572,0.0,46.27285714285714,8.917142857142858,1.0,178.36999999999998,2023,4,23,59.0,0,China_1007.csv
2023-04-24,1007,90.0,49.0,10.0,3.0,42.0,1.2,1,1,0,0,5,5,3,3,-1.488256263979967,0.18890031647181663,8.926903,7.2468553,-24.659441,-7.497428,1,2023-04-24,12.001428571428573,0.0,55.855714285714285,16.47714285714286,1.0,205.38714285714286,2023,4,24,90.0,0,China_1007.csv
2023-04-25,1007,82.0,70.0,6.0,3.0,37.0,2.2,1,1,0,0,5,5,1,1,-1.6769617752608836,0.6641181916872712,9.068554,7.802951,-56.766933,-3.503508,1,2023-04-25,12.748571428571429,0.0,25.40142857142857,16.52857142857143,1.0,271.6614285714286,2023,4,25,82.0,0,China_1007.csv
2023-04-26,1007,91.0,45.0,10.0,1.0,41.0,1.2,1,1,0,0,1,1,3,3,-2.6039394531793665,-0.14111614529276523,9.94631,8.801555,-34.227734,-17.494816,1,2023-04-26,14.221428571428572,0.0,40.089999999999996,13.87857142857143,1.0,148.93285714285713,2023,4,26,91.0,0,China_1007.csv
2023-04-27,1007,52.0,79.0,21.0,5.0,26.0,1.0,1,1,0,0,5,5,5,5,0.7445174143926027,-2.0801683287282375,5.3699484,6.665203,2.0244436,-83.331024,1,2023-04-27,15.89,0.0,71.39285714285714,5.748571428571429,1.0,232.3685714285714,2023,4,27,79.0,0,China_1007.csv
2023-04-28,1007,132.0,55.0,6.0,2.0,36.0,1.4,1,1,0,0,1,1,3,3,-1.5623984469604737,0.476542674391522,11.820862,6.2170944,10.300027,-15.814659,1,2023-04-28,14.728571428571428,0.0,45.112857142857145,13.484285714285715,1.0,271.3085714285714,2023,4,28,132.0,0,China_1007.csv
2023-04-29,1007,91.0,40.0,7.0,1.0,38.0,1.4,1,1,0,0,1,1,3,3,-3.0782918899675393,-0.12048558960692107,10.737942,9.43448,-38.01734,-26.127611,1,2023-04-29,15.95142857142857,0.0,30.731428571428573,12.58,1.0,246.38714285714286,2023,4,29,91.0,0,China_1007.csv
2023-04-30,1007,41.0,33.0,8.0,1.0,46.0,1.2,1,1,0,0,5,5,1,1,-4.15627617413736,-0.06689309931555973,9.8437605,11.593715,-80.128845,-4.785849,1,2023-04-30,16.51,0.0,39.63142857142857,11.94,1.0,188.41714285714286,2023,4,30,46.0,0,China_1007.csv
2023-05-01,1007,47.0,66.0,14.0,4.0,81.0,1.0,2,2,1,1,3,3,0,0,-0.9807209481333774,3.185633889591382,1.4009897,4.1854086,-44.152214,73.3929,1,2023-05-01,19.07,0.0,50.75714285714286,11.071428571428571,1.0,135.65285714285713,2023,5,1,81.0,0,China_1007.csv
2023-05-02,1007,112.0,68.0,11.0,4.0,83.0,1.0,2,2,1,1,3,3,11,11,0.030789421884218772,4.23011352255015,1.7099917,2.7968996,13.675076,69.15277,1,2023-05-02,21.12142857142857,0.0,49.050000000000004,10.997142857142858,1.0,170.22,2023,5,2,112.0,0,China_1007.csv
2023-05-03,1007,108.0,70.0,12.0,6.0,96.0,1.0,2,2,1,1,3,3,11,11,1.2235788814905588,5.4463352965482335,1.7155899,1.5805074,6.747187,74.638695,1,2023-05-03,21.052857142857142,0.0,55.1,10.834285714285715,1.0,100.8442857142857,2023,5,3,108.0,0,China_1007.csv
2023-05-04,1007,122.0,48.0,6.0,5.0,39.0,1.4,1,1,0,0,1,1,3,3,-0.27942432828446623,0.817006670827921,10.700601,4.227042,20.773026,8.70401,1,2023-05-04,16.947142857142858,0.0,87.05285714285715,8.209999999999999,1.0,187.44285714285712,2023,5,4,122.0,0,China_1007.csv
2023-05-05,1007,96.0,21.0,5.0,2.0,32.0,1.4,1,1,0,0,1,1,3,3,-3.046025462200784,-0.6184631940730171,10.411598,8.993694,-39.671623,-34.40024,1,2023-05-05,16.95,0.0,42.17142857142857,15.582857142857142,1.0,92.45285714285714,2023,5,5,96.0,0,China_1007.csv
2023-05-06,1007,39.0,21.0,8.0,1.0,40.0,1.0,1,1,0,0,5,5,1,1,-4.455648138195716,-0.8483222667030332,10.057678,12.061165,-83.70562,-9.600002,1,2023-05-06,18.064285714285713,0.0,29.934285714285714,11.26,1.0,185.83714285714288,2023,5,6,40.0,0,China_1007.csv
2023-05-07,1007,30.0,27.0,12.0,2.0,45.0,1.2,1,1,0,0,5,5,1,1,-3.3818880182966664,-0.6969654370058798,2.4553337,7.7029963,-86.54534,25.844088,1,2023-05-07,18.568571428571428,0.0,28.96,10.215714285714286,1.0,176.16428571428574,2023,5,7,45.0,0,China_1007.csv
2023-05-08,1007,45.0,43.0,13.0,2.0,69.0,1.0,2,2,1,1,5,5,0,0,-2.6406461794505502,1.6540838235523405,1.3795098,6.4673815,-74.95712,53.32664,1,2023-05-08,20.877142857142854,0.0,30.915714285714284,9.592857142857143,1.0,215.42857142857142,2023,5,8,69.0,0,China_1007.csv
2023-05-09,1007,67.0,49.0,13.0,4.0,70.0,1.0,2,2,1,1,3,3,0,0,-0.994779154875116,2.1949705796880705,1.8786801,4.0450406,-38.21229,70.425896,1,2023-05-09,20.27,0.0,34.065714285714286,9.808571428571428,1.0,158.27428571428572,2023,5,9,70.0,0,China_1007.csv
2023-05-10,1007,75.0,46.0,15.0,2.0,78.0,1.4,2,2,1,1,3,3,0,0,-1.5379506991511787,2.5728298641577307,1.1472489,4.910562,-71.80761,62.560966,1,2023-05-10,21.571428571428573,0.0,36.27571428571429,9.374285714285715,1.0,179.11714285714285,2023,5,10,78.0,0,China_1007.csv
2023-05-11,1007,70.0,60.0,13.0,3.0,90.0,1.0,2,2,1,1,3,3,11,11,-1.2366726922551656,4.0723571698083445,0.8044424,3.355884,-18.3015,90.610344,1,2023-05-11,20.892857142857142,0.0,41.902857142857144,12.304285714285713,1.0,207.49428571428572,2023,5,11,90.0,0,China_1007.csv
2023-05-12,1007,112.0,52.0,14.0,4.0,50.0,1.2,1,1,0,0,1,1,0,0,0.16862919078763658,0.7567972214059121,7.196681,4.3810964,19.623634,28.827486,1,2023-05-12,20.344285714285714,0.0,46.684285714285714,8.895714285714286,1.0,223.74571428571429,2023,5,12,112.0,0,China_1007.csv
2023-05-13,1007,114.0,24.0,9.0,2.0,54.0,1.0,1,1,0,0,1,1,3,3,-2.0692984520114406,0.989400972941981,9.627556,6.2316155,16.042429,33.123543,1,2023-05-13,22.454285714285714,0.0,36.48857142857143,11.085714285714285,1.0,196.3685714285714,2023,5,13,114.0,0,China_1007.csv
2023-05-14,1007,45.0,55.0,12.0,3.0,91.0,1.2,2,2,1,1,3,3,11,11,-1.9535786212907322,4.029158770957742,0.6649497,4.300829,-26.849024,92.326584,1,2023-05-14,22.648571428571426,0.0,52.61857142857143,7.127142857142857,1.0,118.70857142857143,2023,5,14,91.0,0,China_1007.csv
2023-05-15,1007,87.0,70.0,11.0,7.0,119.0,1.0,2,2,1,1,3,3,11,11,1.2176129365829629,7.509233310224803,1.1282252,1.3905799,5.2257857,98.22537,1,2023-05-15,26.44142857142857,0.0,48.56,10.995714285714286,1.0,183.70428571428573,2023,5,15,119.0,0,China_1007.csv
2023-05-16,1007,127.0,73.0,8.0,4.0,92.0,1.4,2,2,1,1,3,3,11,11,0.11989954769773886,5.625575523770203,1.5123669,2.4161038,2.4612525,81.64345,1,2023-05-16,26.541428571428572,0.0,58.808571428571426,9.967142857142857,1.0,182.3457142857143,2023,5,16,127.0,0,China_1007.csv
2023-05-17,1007,121.0,48.0,7.0,4.0,58.0,1.2,1,1,0,0,1,1,3,3,-0.6909830726138653,2.242518579578823,2.883266,4.0429564,15.160561,39.999077,1,2023-05-17,20.72714285714286,0.0,60.90428571428571,10.157142857142857,1.0,149.95285714285714,2023,5,17,121.0,0,China_1007.csv
2023-05-18,1007,84.0,42.0,11.0,3.0,58.0,1.0,1,1,0,0,5,5,0,0,-1.593785993522226,1.284097757779361,2.3124247,5.6024747,-41.577152,6.7583995,1,2023-05-18,20.26571428571429,0.0,55.348571428571425,11.1,1.0,138.62857142857143,2023,5,18,84.0,0,China_1007.csv
2023-05-19,1007,62.0,61.0,18.0,6.0,12.0,1.8,1,1,0,0,5,5,5,5,0.9242363841541527,-2.9761577074095107,8.394729,3.2706165,33.073627,-56.506794,1,2023-05-19,19.494285714285716,0.0,64.81142857142858,11.290000000000001,1.0,187.33285714285714,2023,5,19,62.0,0,China_1007.csv
2023-05-20,1007,126.0,127.0,5.0,1.0,33.0,1.0,1,1,0,0,1,1,10,10,-1.3078432706913081,1.3426447575432747,13.961011,3.6938381,44.4825,17.546782,1,2023-05-20,19.955714285714286,0.0,16.66,18.455714285714286,1.0,318.1457142857143,2023,5,20,127.0,0,China_1007.csv
2023-05-21,1007,111.0,88.0,5.0,1.0,40.0,1.0,1,1,0,0,1,1,3,3,-2.2459479674339415,1.1794730693289197,13.938284,4.1109056,40.372456,20.521214,1,2023-05-21,20.455714285714286,0.0,32.20285714285715,13.574285714285713,1.0,249.73714285714283,2023,5,21,111.0,0,China_1007.csv
2023-05-22,1007,81.0,33.0,9.0,1.0,43.0,1.8,1,1,0,0,5,5,1,1,-3.0132251064847497,-0.031001671523215504,9.726576,8.60011,-35.36384,-23.047737,1,2023-05-22,21.520000000000003,0.0,33.64857142857143,10.308571428571428,1.0,282.85857142857145,2023,5,22,81.0,0,China_1007.csv
2023-05-23,1007,49.0,37.0,12.0,2.0,62.0,1.0,1,1,0,0,5,5,0,0,-2.8129880914869534,1.0790697086693437,1.7241471,6.8840747,-76.94811,48.49413,1,2023-05-23,23.815714285714286,0.0,30.351428571428574,12.83,1.0,175.73714285714286,2023,5,23,62.0,0,China_1007.csv
2023-05-24,1007,48.0,65.0,7.0,3.0,84.0,1.0,2,2,1,1,3,3,0,0,-2.5125571500734663,4.130423434613842,1.1960762,5.575733,-63.883617,67.03278,1,2023-05-24,22.78142857142857,0.0,43.83571428571429,20.795714285714286,1.0,199.48857142857145,2023,5,24,84.0,0,China_1007.csv
2023-05-25,1007,82.0,62.0,7.0,4.0,45.0,1.4,1,1,0,0,5,5,0,0,-1.2944041813168057,1.0724350117633097,4.972468,4.628299,-22.719742,-3.734805,1,2023-05-25,21.044285714285714,0.0,63.57285714285714,10.131428571428572,1.0,195.43428571428572,2023,5,25,82.0,0,China_1007.csv
2023-05-26,1007,98.0,64.0,11.0,4.0,77.0,2.8,2,2,1,1,3,3,11,11,0.06962787672291476,3.837915982821538,6.8411794,-3.7323573,61.626385,53.223763,1,2023-05-26,23.457142857142856,0.0,62.910000000000004,9.992857142857144,1.0,140.9757142857143,2023,5,26,98.0,0,China_1007.csv
2023-05-27,1007,121.0,71.0,10.0,6.0,37.0,1.6,1,1,0,0,1,1,9,9,1.2249683102438744,0.703605172691994,10.361955,3.727262,22.344484,3.0800989,1,2023-05-27,18.344285714285714,0.0,88.8457142857143,5.337142857142857,1.0,179.48142857142855,2023,5,27,121.0,0,China_1007.csv
2023-05-28,1007,153.0,35.0,6.0,3.0,72.0,1.0,2,2,1,1,1,1,3,3,-0.8996848119815906,3.484407966915533,3.6149635,0.8494007,24.464977,43.530647,1,2023-05-28,22.895714285714288,0.0,63.635714285714286,7.811428571428571,1.0,210.26714285714283,2023,5,28,153.0,0,China_1007.csv
2023-05-29,1007,89.0,47.0,10.0,3.0,98.0,1.2,2,2,1,1,3,3,11,11,-1.4015875487408083,5.070038735573854,0.7708487,3.3292742,-14.669704,87.77135,1,2023-05-29,25.237142857142857,0.0,55.862857142857145,9.84,1.0,153.83285714285714,2023,5,29,98.0,0,China_1007.csv
2023-05-30,1007,85.0,50.0,11.0,4.0,42.0,1.0,1,1,0,0,5,5,0,0,-0.9478457011151724,0.11218967126897131,5.9478245,4.809873,-21.294483,-0.9220497,1,2023-05-30,20.641428571428573,0.0,62.21714285714285,7.225714285714285,1.0,144.82857142857142,2023,5,30,85.0,0,China_1007.csv
2023-05-31,1007,100.0,58.0,11.0,5.0,62.0,1.4,2,2,1,1,3,3,0,0,0.18525114253245076,2.2817111525792875,3.7691157,2.4061666,-6.5845475,42.843056,1,2023-05-31,20.252857142857145,0.0,69.92285714285715,7.54,1.0,237.67142857142858,2023,5,31,100.0,0,China_1007.csv
2023-06-01,1007,125.0,50.0,9.0,4.0,51.0,1.0,1,1,0,0,1,1,3,3,-0.3479684234279719,1.4341643769058607,3.3925476,4.0967,15.220598,38.375584,1,2023-06-01,25.17142857142857,0.0,31.284285714285716,17.554285714285715,1.0,294.70285714285717,2023,6,1,125.0,0,China_1007.csv
2023-06-02,1007,93.0,27.0,8.0,1.0,51.0,1.0,1,1,0,0,1,1,3,3,-3.162132380842673,0.6359302957632949,10.644023,9.678033,-39.473034,-23.46879,1,2023-06-02,24.21857142857143,0.0,34.56,10.465714285714286,1.0,242.10142857142858,2023,6,2,93.0,0,China_1007.csv
2023-06-03,1007,30.0,30.0,12.0,2.0,76.0,1.4,2,2,1,1,3,3,0,0,-3.208624847466111,2.113737804246166,0.91312,5.4348345,-72.70517,58.632725,1,2023-06-03,25.542857142857144,0.0,35.30714285714286,7.577142857142857,1.0,180.8114285714286,2023,6,3,76.0,0,China_1007.csv
2023-06-04,1007,40.0,24.0,11.0,2.0,63.0,1.4,1,1,0,0,5,5,0,0,-3.2661718474666688,1.0574143262915154,1.8388673,6.9524093,-79.28575,44.994644,1,2023-06-04,26.571428571428573,0.0,30.12857142857143,10.888571428571428,1.0,198.18,2023,6,4,63.0,0,China_1007.csv
2023-06-05,1007,40.0,47.0,11.0,3.0,88.0,1.2,2,2,1,1,3,3,0,0,-2.3430330653770346,3.7025598772549477,0.695172,4.396872,-26.652744,91.68564,1,2023-06-05,28.358571428571427,0.0,23.541428571428572,11.48857142857143,1.0,273.17285714285714,2023,6,5,88.0,0,China_1007.csv
2023-06-06,1007,73.0,24.0,9.0,1.0,68.0,1.4,1,1,0,0,5,5,0,0,-3.362901785010071,1.8830408438481179,1.694404,6.1415277,-73.288795,37.325512,1,2023-06-06,28.970000000000002,0.0,23.56857142857143,13.77,1.0,251.20857142857145,2023,6,6,73.0,0,China_1007.csv
2023-06-07,1007,47.0,46.0,14.0,2.0,66.0,1.0,1,1,0,0,5,5,0,0,-2.4120975620037584,1.345143473201226,1.4634391,6.5129294,-74.68198,53.04471,1,2023-06-07,29.632857142857144,0.0,16.565714285714286,14.787142857142857,1.0,259.44571428571425,2023,6,7,66.0,0,China_1007.csv
2023-06-08,1007,66.0,36.0,8.0,1.0,62.0,1.0,1,1,0,0,5,5,0,0,-3.5732814037170346,1.5483391095876349,1.6013024,6.379563,-75.3692,36.982193,1,2023-06-08,27.24285714285714,0.0,15.458571428571428,12.268571428571429,1.0,291.12,2023,6,8,66.0,0,China_1007.csv
2023-06-09,1007,53.0,22.0,11.0,2.0,41.0,4.2,1,1,0,0,4,4,8,8,-2.4165118357975612,-0.32694452032219895,7.967901,-5.190415,85.851814,46.04415,1,2023-06-09,26.904285714285713,0.0,21.532857142857146,13.95142857142857,1.0,214.39285714285714,2023,6,9,53.0,0,China_1007.csv
2023-06-10,1007,43.0,14.0,5.0,1.0,45.0,1.0,1,1,0,0,5,5,1,1,-4.902537011364464,-0.16222716445358062,10.657037,11.834507,-81.87292,-15.59816,1,2023-06-10,24.291428571428572,0.0,34.948571428571434,11.095714285714285,1.0,98.77571428571427,2023,6,10,45.0,0,China_1007.csv
2023-06-11,1007,19.0,21.0,8.0,2.0,51.0,1.0,1,1,0,0,5,5,1,1,-4.325858215964223,0.05576130489155769,1.9441327,7.615732,-89.59555,15.183718,1,2023-06-11,24.178571428571427,0.0,42.455714285714286,6.457142857142857,1.0,151.8457142857143,2023,6,11,51.0,0,China_1007.csv
2023-06-12,1007,34.0,37.0,6.0,3.0,56.0,1.0,1,1,0,0,5,5,0,0,-3.4832132740924457,1.1968294429574091,2.7882247,6.7041574,-63.985756,39.446236,1,2023-06-12,24.889999999999997,0.0,40.24285714285714,9.712857142857143,1.0,105.38714285714286,2023,6,12,56.0,0,China_1007.csv
2023-06-13,1007,80.0,14.0,9.0,1.0,67.0,1.4,1,1,0,0,5,5,0,0,-3.375702597520202,1.6789134458809762,1.7562716,6.021584,-73.06349,37.24707,1,2023-06-13,26.548571428571428,0.0,39.04714285714285,7.511428571428572,1.0,122.02857142857144,2023,6,13,80.0,0,China_1007.csv
2023-06-14,1007,37.0,47.0,12.0,5.0,115.0,1.0,2,2,1,1,3,3,11,11,-1.1726412462511888,6.088624563659138,0.28468478,2.3775184,-13.240358,103.67186,1,2023-06-14,28.427142857142858,0.0,40.57,10.64,1.0,116.33428571428571,2023,6,14,115.0,0,China_1007.csv
2023-06-15,1007,80.0,55.0,11.0,5.0,143.0,2.0,2,2,1,1,3,3,11,11,0.047846007993055564,9.301078453494442,0.24980077,0.73553044,22.05148,99.30871,1,2023-06-15,29.892857142857142,0.0,42.167142857142856,9.445714285714287,1.0,108.75571428571428,2023,6,15,143.0,0,China_1007.csv
2023-06-16,1007,90.0,60.0,11.0,6.0,127.0,2.0,2,2,1,1,3,3,11,11,0.8400467440044397,8.147362790196077,0.4615898,0.74391806,20.624142,97.69607,1,2023-06-16,32.25857142857143,0.0,30.937142857142856,11.287142857142856,1.0,187.64857142857142,2023,6,16,127.0,0,China_1007.csv
2023-06-17,1007,100.0,64.0,14.0,3.0,130.0,1.0,2,2,1,1,3,3,11,11,-0.2778808536897349,7.775766103139322,0.4905959,2.4838755,-10.599254,94.91581,1,2023-06-17,29.84857142857143,0.0,42.98857142857143,11.687142857142858,1.0,93.71428571428571,2023,6,17,130.0,0,China_1007.csv
2023-06-18,1007,110.0,68.0,9.0,5.0,126.0,1.0,2,2,1,1,3,3,11,11,0.34205410148789706,8.308880099718692,0.96905655,1.6308156,3.8246539,87.92022,1,2023-06-18,29.61285714285714,0.0,46.74857142857143,9.824285714285713,1.0,142.53571428571428,2023,6,18,126.0,0,China_1007.csv
2023-06-19,1007,122.0,61.0,11.0,5.0,42.0,1.0,1,1,0,0,1,1,9,9,0.5660291414049466,0.674646192020872,4.627214,1.2591617,18.02402,38.077866,1,2023-06-19,22.224285714285713,0.0,83.05999999999999,6.340000000000001,1.0,199.60857142857142,2023,6,19,122.0,0,China_1007.csv
2023-06-20,1007,115.0,31.0,8.0,3.0,79.0,1.0,2,2,1,1,3,3,0,0,-1.4808009390376282,3.5163184457555716,1.8363947,4.556866,12.021781,46.455696,1,2023-06-20,26.66142857142857,0.0,40.84571428571429,7.614285714285715,1.0,229.3457142857143,2023,6,20,115.0,0,China_1007.csv
2023-06-21,1007,76.0,18.0,14.0,2.0,78.0,1.2,2,2,1,1,3,3,0,0,-2.160453162113443,2.1814516258480103,1.5523801,5.7295403,-73.00577,46.898502,1,2023-06-21,30.36285714285714,0.0,28.524285714285718,10.277142857142858,1.0,223.0885714285714,2023,6,21,78.0,0,China_1007.csv
2023-06-22,1007,41.0,40.0,16.0,4.0,109.0,1.2,2,2,1,1,3,3,11,11,-1.125570779490368,4.970119599496736,0.41381684,3.1282394,-17.445566,98.81098,1,2023-06-22,33.075714285714284,0.0,23.958571428571428,10.672857142857143,1.0,175.70142857142858,2023,6,22,109.0,0,China_1007.csv
2023-06-23,1007,63.0,51.0,14.0,3.0,125.0,1.0,2,2,1,1,3,3,11,11,-1.3016282380449162,6.830651396032463,0.30297694,2.769645,-14.917024,97.34358,1,2023-06-23,33.15714285714286,0.0,28.922857142857143,10.917142857142858,1.0,171.05285714285716,2023,6,23,125.0,0,China_1007.csv
2023-06-24,1007,81.0,50.0,12.0,4.0,105.0,1.0,2,2,1,1,3,3,11,11,-0.7319108935573292,5.508013013449642,0.7518723,2.6721342,-9.039818,90.82046,1,2023-06-24,32.925714285714285,0.0,28.71,14.815714285714284,1.0,158.1542857142857,2023,6,24,105.0,0,China_1007.csv
2023-06-25,1007,88.0,51.0,8.0,5.0,102.0,1.0,2,2,1,1,3,3,11,11,-0.6137297888361003,5.852452059587342,1.6230068,1.8770754,-2.282882,78.28834,1,2023-06-25,28.97,0.0,53.07857142857143,10.965714285714284,1.0,122.16428571428571,2023,6,25,102.0,0,China_1007.csv
2023-06-26,1007,88.0,43.0,8.0,4.0,81.0,1.4,2,2,1,1,3,3,0,0,-1.2372693987217354,3.8485549291667085,1.6839672,3.2500489,-5.8425045,78.841324,1,2023-06-26,25.994285714285716,0.0,68.26285714285714,6.777142857142857,1.0,219.67857142857142,2023,6,26,88.0,0,China_1007.csv
2023-06-27,1007,79.0,32.0,13.0,3.0,114.0,1.0,2,2,1,1,3,3,11,11,-1.4346246196113972,5.775219994287865,0.47896215,2.8569374,-14.289074,92.687164,1,2023-06-27,31.310000000000002,0.0,41.09428571428571,10.877142857142857,1.0,187.53571428571428,2023,6,27,114.0,0,China_1007.csv
2023-06-28,1007,65.0,42.0,12.0,4.0,54.0,1.6,1,1,0,0,5,5,0,0,-1.1952250859158733,0.869284689203306,3.616367,3.723407,-27.020403,46.888702,1,2023-06-28,25.622857142857146,0.0,67.04428571428572,7.355714285714286,1.0,192.92857142857142,2023,6,28,65.0,0,China_1007.csv
2023-06-29,1007,77.0,26.0,11.0,2.0,93.0,1.0,2,2,1,1,3,3,11,11,-2.4513050994589767,3.9440795040225893,1.1523111,4.3964076,-14.992699,83.20225,1,2023-06-29,29.150000000000002,0.0,40.339999999999996,9.087142857142856,1.0,197.94714285714284,2023,6,29,93.0,0,China_1007.csv
2023-06-30,1007,58.0,46.0,18.0,3.0,129.0,1.0,2,2,1,1,3,3,11,11,-0.9036805984906466,6.612370582156253,0.22204311,2.7793024,-15.139649,97.97476,1,2023-06-30,31.454285714285714,0.0,41.57857142857143,10.151428571428571,1.0,188.53142857142856,2023,6,30,129.0,0,China_1007.csv
2023-07-01,1007,69.0,49.0,12.0,2.0,118.0,1.0,2,2,1,1,3,3,11,11,-2.045264268639996,6.3597550886247936,0.32621047,2.9029253,-15.272847,95.79843,1,2023-07-01,32.50857142857143,0.0,34.60142857142857,13.854285714285714,1.0,197.25,2023,7,1,118.0,0,China_1007.csv
2023-07-02,1007,75.0,52.0,16.0,3.0,128.0,1.0,2,2,1,1,3,3,11,11,-0.7296669829663553,6.980434281832805,0.3091592,2.7713969,-14.803117,97.58725,1,2023-07-02,32.324285714285715,0.0,43.14857142857143,11.562857142857142,1.0,135.19571428571427,2023,7,2,128.0,0,China_1007.csv
2023-07-03,1007,95.0,52.0,7.0,6.0,95.0,1.0,2,2,1,1,3,3,11,11,-0.07283003751414256,5.510429355227578,1.9319235,1.3900683,4.203105,73.772705,1,2023-07-03,28.62857142857143,0.0,67.94571428571429,8.35,1.0,159.51857142857145,2023,7,3,95.0,0,China_1007.csv
2023-07-04,1007,105.0,23.0,6.0,4.0,63.0,1.0,2,2,1,1,1,1,0,0,-1.6203419061321729,2.210970386505102,3.020018,4.1159825,0.25191313,44.351013,1,2023-07-04,24.995714285714286,0.0,65.33857142857143,9.644285714285713,1.0,215.66714285714286,2023,7,4,105.0,0,China_1007.csv
2023-07-05,1007,58.0,42.0,12.0,3.0,70.0,1.2,2,2,1,1,3,3,0,0,-1.9352930197893796,2.0619986820559992,1.4285896,5.340376,-33.334843,74.925766,1,2023-07-05,30.601428571428574,0.0,29.88714285714286,10.117142857142856,1.0,267.3228571428571,2023,7,5,70.0,0,China_1007.csv
2023-07-06,1007,68.0,41.0,14.0,2.0,101.0,1.2,2,2,1,1,3,3,11,11,-1.903691942476233,4.5329218218592136,0.39662385,3.1879365,-16.850471,94.01236,1,2023-07-06,31.828571428571426,0.0,38.72714285714286,12.214285714285714,1.0,175.83857142857144,2023,7,6,101.0,0,China_1007.csv
2023-07-07,1007,58.0,40.0,11.0,2.0,62.0,1.6,1,1,0,0,5,5,0,0,-2.573351696745567,1.4145412254773273,1.951431,6.2589364,-72.70089,43.37643,1,2023-07-07,30.785714285714285,0.0,36.52142857142857,10.097142857142858,1.0,276.5028571428571,2023,7,7,62.0,0,China_1007.csv
2023-07-08,1007,52.0,14.0,8.0,1.0,47.0,1.0,1,1,0,0,5,5,1,1,-4.2699456208416775,-0.2520355296230642,10.290117,11.65333,-81.77324,-7.43309,1,2023-07-08,31.419999999999998,0.0,32.12,12.52142857142857,1.0,315.02,2023,7,8,52.0,0,China_1007.csv
2023-07-09,1007,21.0,16.0,10.0,1.0,60.0,1.2,1,1,0,0,5,5,1,1,-4.540547470837669,0.49772433744444255,1.5464704,7.322501,-85.76549,34.878525,1,2023-07-09,32.01285714285714,0.0,30.982857142857142,10.255714285714285,1.0,249.03,2023,7,9,60.0,0,China_1007.csv
2023-07-10,1007,31.0,43.0,13.0,3.0,124.0,1.0,2,2,1,1,3,3,11,11,-2.2704604143040075,6.472248842874241,0.13171144,2.8361604,-15.584684,101.13954,1,2023-07-10,31.707142857142856,0.0,53.215714285714284,11.23857142857143,1.0,132.82571428571427,2023,7,10,124.0,0,China_1007.csv
2023-07-11,1007,72.0,32.0,7.0,4.0,105.0,1.2,2,2,1,1,3,3,11,11,-1.8923793559728457,5.7253200116416965,1.2523539,2.9069695,-7.243075,83.34936,1,2023-07-11,29.37857142857143,0.0,63.98142857142857,9.682857142857143,1.0,139.62,2023,7,11,105.0,0,China_1007.csv
2023-07-12,1007,64.0,31.0,6.0,7.0,33.0,1.0,1,1,0,0,5,5,0,0,-0.848543763086841,-0.33283110151154166,4.9401555,2.4281695,-11.786612,30.491562,1,2023-07-12,23.84142857142857,0.0,90.64857142857143,8.851428571428572,1.0,97.59714285714287,2023,7,12,64.0,0,China_1007.csv
2023-07-13,1007,82.0,17.0,8.0,5.0,30.0,1.0,1,1,0,0,5,5,1,1,-1.4745836028706094,-1.1012070096885604,5.5725894,3.212144,-19.83577,24.558807,1,2023-07-13,23.948571428571427,0.0,90.38,5.418571428571428,1.0,185.79714285714286,2023,7,13,82.0,0,China_1007.csv
2023-07-14,1007,55.0,25.0,7.0,3.0,47.0,2.2,1,1,0,0,5,5,1,1,-2.820089156264652,0.45875632229711577,8.398969,7.907381,-65.47769,-0.07850676,1,2023-07-14,28.419999999999998,0.0,47.92857142857143,14.404285714285715,1.0,312.2857142857143,2023,7,14,55.0,0,China_1007.csv
2023-07-15,1007,65.0,14.0,6.0,1.0,41.0,1.2,1,1,0,0,5,5,1,1,-4.2452999093835855,-0.42175026625127776,10.865803,11.383025,-77.9921,-17.653692,1,2023-07-15,26.407142857142855,0.0,48.298571428571435,14.469999999999999,1.0,293.13,2023,7,15,65.0,0,China_1007.csv
2023-07-16,1007,34.0,18.0,10.0,1.0,60.0,1.0,1,1,0,0,5,5,1,1,-4.273659245898616,0.5971515665857465,1.5024909,7.2074285,-84.570145,35.637417,1,2023-07-16,27.71142857142857,0.0,53.58428571428572,8.252857142857142,1.0,212.78571428571428,2023,7,16,60.0,0,China_1007.csv
2023-07-17,1007,48.0,42.0,11.0,3.0,100.0,1.6,2,2,1,1,3,3,11,11,-2.1269320784163024,4.803041315345804,-0.12354423,2.242253,-24.659367,100.27163,1,2023-07-17,28.115714285714287,0.0,57.30428571428571,8.537142857142857,1.0,182.22714285714284,2023,7,17,100.0,0,China_1007.csv
2023-07-18,1007,73.0,46.0,12.0,3.0,96.0,1.0,2,2,1,1,3,3,11,11,-1.52744308906162,4.496417503747584,0.7398824,3.314487,-16.062471,88.88809,1,2023-07-18,29.21857142857143,0.0,51.76857142857143,9.629999999999999,1.0,200.70000000000002,2023,7,18,96.0,0,China_1007.csv
2023-07-19,1007,91.0,52.0,10.0,3.0,105.0,1.0,2,2,1,1,3,3,11,11,-1.3066646661426018,5.75124893033204,0.67622924,2.9535394,-13.941916,88.94068,1,2023-07-19,29.655714285714286,0.0,49.23285714285714,8.882857142857143,1.0,195.42714285714285,2023,7,19,105.0,0,China_1007.csv
2023-07-20,1007,109.0,49.0,9.0,2.0,91.0,1.0,2,2,1,1,3,3,11,11,-1.680075264384814,4.628659017723115,1.1573654,3.3124833,-14.747169,85.01581,1,2023-07-20,28.525714285714287,0.0,65.74428571428571,8.26142857142857,1.0,203.94714285714284,2023,7,20,109.0,0,China_1007.csv
2023-07-21,1007,96.0,41.0,7.0,6.0,42.0,1.0,1,1,0,0,1,1,0,0,-0.36230315239532546,0.671953428033413,5.3488865,2.3380792,4.9322524,21.35918,1,2023-07-21,23.57428571428571,0.0,89.4057142857143,11.008571428571429,1.0,142.91,2023,7,21,96.0,0,China_1007.csv
2023-07-22,1007,89.0,26.0,5.0,5.0,30.0,1.6,1,1,0,0,1,1,1,1,-1.4696671523351874,-0.4558662671733182,4.995964,3.5104485,-27.442013,30.683437,1,2023-07-22,22.945714285714285,0.0,85.36714285714285,6.8914285714285715,1.0,241.92142857142858,2023,7,22,89.0,0,China_1007.csv
2023-07-23,1007,73.0,23.0,6.0,3.0,72.0,1.2,2,2,1,1,3,3,0,0,-2.778555249478151,2.6997304572300753,1.9915593,5.543812,-25.805193,72.64495,1,2023-07-23,26.795714285714286,0.0,74.96428571428571,5.242857142857142,1.0,224.68428571428572,2023,7,23,73.0,0,China_1007.csv
2023-07-24,1007,64.0,49.0,10.0,4.0,88.0,1.6,2,2,1,1,3,3,11,11,-1.3067118080967184,4.192713642932591,1.2523311,3.3233585,-18.676172,78.82397,1,2023-07-24,28.005714285714284,0.0,75.72714285714287,9.23857142857143,1.0,142.20285714285714,2023,7,24,88.0,0,China_1007.csv
2023-07-25,1007,98.0,17.0,6.0,2.0,93.0,1.0,2,2,1,1,3,3,0,0,-2.8636685831446735,4.510569874029756,1.4112732,4.004267,-12.007087,80.8369,1,2023-07-25,27.889999999999997,0.0,77.31142857142856,6.660000000000001,1.0,120.95714285714287,2023,7,25,98.0,0,China_1007.csv
2023-07-26,1007,36.0,49.0,8.0,5.0,78.0,1.2,2,2,1,1,3,3,0,0,-1.7850422673783928,3.3433428780880257,2.723418,2.896569,-17.204462,62.01088,1,2023-07-26,28.017142857142858,0.0,80.92285714285715,5.625714285714286,1.0,163.0542857142857,2023,7,26,78.0,0,China_1007.csv
2023-07-27,1007,104.0,37.0,8.0,5.0,80.0,1.0,2,2,1,1,3,3,0,0,-0.5492026470333363,3.8034483854279855,2.4756095,1.814811,-3.0080605,74.01982,1,2023-07-27,26.81714285714286,0.0,82.85428571428572,6.541428571428571,1.0,172.57999999999998,2023,7,27,104.0,0,China_1007.csv
2023-07-28,1007,82.0,18.0,6.0,3.0,42.0,1.0,1,1,0,0,5,5,1,1,-2.786865973745543,0.012132146506015917,7.2637534,8.688232,-50.248955,18.122269,1,2023-07-28,25.84714285714286,0.0,82.39714285714285,5.561428571428571,1.0,174.1957142857143,2023,7,28,82.0,0,China_1007.csv
2023-07-29,1007,36.0,29.0,11.0,5.0,15.0,1.4,1,1,0,0,5,5,1,1,-1.7872832505777974,-2.8352262646431514,5.559545,4.186658,3.3705823,-65.430115,1,2023-07-29,24.804285714285715,0.0,91.44571428571429,9.271428571428572,1.0,106.10714285714286,2023,7,29,36.0,0,China_1007.csv
2023-07-30,1007,57.0,7.0,5.0,4.0,15.0,1.0,1,1,0,0,5,5,1,1,-3.1829914473819936,-2.5381703890876977,5.277357,4.5534277,-30.49406,21.94369,1,2023-07-30,24.397142857142857,0.0,92.20285714285714,22.080000000000002,1.0,56.48142857142857,2023,7,30,57.0,0,China_1007.csv
2023-07-31,1007,15.0,25.0,4.0,3.0,15.0,2.0,1,1,0,0,5,5,1,1,-4.245871332013327,-2.3615942874970814,8.492822,7.239202,-104.74724,-17.855026,1,2023-07-31,25.075714285714287,0.0,95.40285714285714,14.314285714285715,1.0,118.86428571428571,2023,7,31,25.0,0,China_1007.csv
2023-08-01,1007,62.0,29.0,6.0,4.0,19.0,1.0,1,1,0,0,5,5,1,1,-2.564504394761563,-1.8855983658746505,5.2858295,4.7606955,-31.705791,20.41598,1,2023-08-01,26.169999999999998,0.0,92.71428571428571,9.44,1.0,166.25714285714284,2023,8,1,62.0,0,China_1007.csv
2023-08-02,1007,73.0,24.0,4.0,3.0,35.0,1.0,1,1,0,0,5,5,1,1,-3.1906815849068715,-0.34718061616058477,7.0352063,8.963831,-53.634758,17.591919,1,2023-08-02,28.74142857142857,0.0,83.58285714285715,14.442857142857141,1.0,198.54285714285714,2023,8,2,73.0,0,China_1007.csv
2023-08-03,1007,86.0,47.0,4.0,3.0,42.0,1.0,1,1,0,0,1,1,3,3,-2.5195780684990874,0.759246513559803,7.284073,8.414292,-46.809566,20.323689,1,2023-08-03,29.451428571428572,0.0,84.92999999999999,7.411428571428572,1.0,205.44714285714286,2023,8,3,86.0,0,China_1007.csv
2023-08-04,1007,122.0,38.0,13.0,4.0,62.0,1.4,2,2,1,1,1,1,0,0,0.0912929263829397,1.7966787533838846,2.3554301,4.1946197,20.180128,33.086025,1,2023-08-04,28.46,0.0,87.14285714285714,4.624285714285714,1.0,215.28142857142856,2023,8,4,122.0,0,China_1007.csv
2023-08-05,1007,89.0,23.0,8.0,3.0,49.0,1.0,1,1,0,0,5,5,0,0,-2.2483590207807786,0.5431171035103709,7.524793,7.788017,-47.223675,15.61287,1,2023-08-05,27.25,0.0,81.24285714285715,8.124285714285714,1.0,157.14285714285714,2023,8,5,89.0,0,China_1007.csv
2023-08-06,1007,49.0,25.0,6.0,5.0,40.0,1.4,1,1,0,0,5,5,1,1,-2.2291021265332525,-0.047534152053344395,4.8803654,3.54391,-23.721834,28.774527,1,2023-08-06,25.580000000000002,0.0,74.70857142857143,7.347142857142857,1.0,178.9457142857143,2023,8,6,49.0,0,China_1007.csv
2023-08-07,1007,44.0,39.0,9.0,4.0,40.0,2.6,1,1,0,0,5,5,1,1,-1.931982717320375,-0.06635503371178154,7.591868,-2.6597755,67.158424,39.57691,1,2023-08-07,25.57857142857143,0.0,80.67857142857143,7.324285714285715,1.0,191.69714285714286,2023,8,7,44.0,0,China_1007.csv
2023-08-08,1007,76.0,51.0,10.0,5.0,61.0,1.0,2,2,1,1,3,3,0,0,-0.687945677187392,1.9327362138419222,3.5155056,2.6296754,-7.1867743,45.73479,1,2023-08-08,27.01571428571429,0.0,82.60142857142857,5.617142857142857,1.0,185.25428571428571,2023,8,8,76.0,0,China_1007.csv
2023-08-09,1007,117.0,59.0,8.0,7.0,73.0,1.0,2,2,1,1,3,3,0,0,1.1406480963613133,3.8439409782736473,3.1280715,1.1330352,5.8581896,57.77942,1,2023-08-09,27.551428571428573,0.0,82.36285714285714,7.557142857142857,1.0,112.1557142857143,2023,8,9,117.0,0,China_1007.csv
2023-08-10,1007,144.0,50.0,7.0,7.0,66.0,1.0,2,2,1,1,3,3,9,9,1.417589785140011,3.3947737917333756,3.6173005,0.44633022,24.754738,51.87302,1,2023-08-10,26.84714285714286,0.0,82.25,7.078571428571428,1.0,162.44,2023,8,10,144.0,0,China_1007.csv
2023-08-11,1007,122.0,51.0,12.0,5.0,36.0,1.6,1,1,0,0,1,1,9,9,0.6739634087750773,-0.03081668428941729,10.335351,4.032551,21.014978,6.8053727,1,2023-08-11,26.235714285714288,0.0,88.61142857142856,6.085714285714286,1.0,148.16,2023,8,11,122.0,0,China_1007.csv
2023-08-12,1007,114.0,10.0,6.0,3.0,46.0,1.0,1,1,0,0,1,1,3,3,-2.213633989298733,0.47379322463260953,10.993174,6.551648,-1.2874547,-19.194115,1,2023-08-12,26.21142857142857,0.0,83.03,6.418571428571428,1.0,165.46428571428572,2023,8,12,114.0,0,China_1007.csv
2023-08-13,1007,34.0,16.0,6.0,3.0,60.0,1.0,1,1,0,0,5,5,0,0,-3.8129459138181363,1.1913624290849156,2.8317094,6.75178,-62.518185,35.737606,1,2023-08-13,27.31714285714286,0.0,75.49714285714286,6.5042857142857144,1.0,195.62999999999997,2023,8,13,60.0,0,China_1007.csv
2023-08-14,1007,46.0,33.0,9.0,3.0,77.0,1.0,2,2,1,1,3,3,0,0,-2.802680291328401,2.732319418950343,1.6112825,6.028887,-63.857285,49.18526,1,2023-08-14,27.48,0.0,77.11142857142856,6.805714285714286,1.0,206.88857142857142,2023,8,14,77.0,0,China_1007.csv
2023-08-15,1007,71.0,41.0,9.0,4.0,79.0,1.0,2,2,1,1,3,3,0,0,-1.5920554479158984,3.327302311305111,2.0697253,3.8286843,-32.778023,61.67951,1,2023-08-15,28.062857142857144,0.0,76.87571428571428,8.26142857142857,1.0,211.96428571428572,2023,8,15,79.0,0,China_1007.csv
2023-08-16,1007,82.0,49.0,8.0,5.0,99.0,1.2,2,2,1,1,3,3,11,11,-0.7366425480347583,5.543128766362818,1.6939911,1.9400901,-2.4471734,78.08192,1,2023-08-16,28.455714285714286,0.0,81.77714285714286,6.897142857142858,1.0,163.96857142857144,2023,8,16,99.0,0,China_1007.csv
2023-08-17,1007,102.0,33.0,6.0,5.0,94.0,1.2,2,2,1,1,3,3,11,11,-0.8637041678928927,5.208527065838349,2.2868023,1.8274521,-1.463227,74.7242,1,2023-08-17,27.898571428571426,0.0,78.10000000000001,5.435714285714285,1.0,218.20714285714286,2023,8,17,102.0,0,China_1007.csv
2023-08-18,1007,87.0,37.0,10.0,2.0,53.0,1.0,1,1,0,0,5,5,0,0,-2.301616184273536,0.8033245765280049,9.037863,9.259073,-41.71633,3.2950041,1,2023-08-18,27.697142857142858,0.0,60.980000000000004,7.244285714285715,1.0,239.55428571428573,2023,8,18,87.0,0,China_1007.csv
2023-08-19,1007,66.0,55.0,14.0,3.0,107.0,1.2,2,2,1,1,3,3,11,11,-1.1703404599348002,5.373945007029803,0.36365443,3.0110133,-16.40317,95.08765,1,2023-08-19,27.747142857142858,0.0,74.28999999999999,6.062857142857142,1.0,171.16142857142856,2023,8,19,107.0,0,China_1007.csv
2023-08-20,1007,94.0,51.0,11.0,5.0,57.0,1.2,2,2,1,1,3,3,0,0,-0.11728664847798628,1.6424546370047604,3.9750595,2.4937162,-6.771423,43.294792,1,2023-08-20,24.99857142857143,0.0,87.07000000000001,5.591428571428572,1.0,141.1314285714286,2023,8,20,94.0,0,China_1007.csv
2023-08-21,1007,110.0,13.0,5.0,3.0,69.0,1.0,2,2,1,1,1,1,0,0,-2.3381509576923696,2.627538725730717,2.1237605,4.9374075,10.090705,42.26655,1,2023-08-21,24.024285714285718,0.0,73.26571428571428,8.667142857142858,1.0,240.72142857142856,2023,8,21,110.0,0,China_1007.csv
2023-08-22,1007,34.0,15.0,9.0,2.0,42.0,1.0,1,1,0,0,5,5,1,1,-3.976623446820641,-0.8337030969706863,7.8420796,10.901943,-86.946915,9.389794,1,2023-08-22,24.014285714285712,0.0,65.17285714285714,8.418571428571429,1.0,204.72571428571428,2023,8,22,42.0,0,China_1007.csv
2023-08-23,1007,29.0,22.0,7.0,2.0,69.0,1.0,1,1,0,0,5,5,0,0,-4.192272294588102,1.8436129218635626,1.6150297,6.961099,-83.18682,43.384193,1,2023-08-23,24.400000000000002,0.0,71.80285714285715,7.1571428571428575,1.0,197.56428571428572,2023,8,23,69.0,0,China_1007.csv
2023-08-24,1007,40.0,16.0,7.0,3.0,34.0,1.0,1,1,0,0,5,5,1,1,-3.604136027977242,-1.1597132347701669,5.781501,9.197512,-63.109848,19.827324,1,2023-08-24,20.014285714285712,0.0,88.98142857142857,4.4071428571428575,1.0,226.60142857142858,2023,8,24,40.0,0,China_1007.csv
2023-08-25,1007,47.0,22.0,6.0,3.0,54.0,1.0,1,1,0,0,5,5,0,0,-3.4495593476730115,0.8659085216069757,2.9049513,6.5768886,-59.918396,34.249252,1,2023-08-25,22.985714285714288,0.0,81.55571428571429,6.112857142857143,1.0,178.80857142857144,2023,8,25,54.0,0,China_1007.csv
2023-08-26,1007,63.0,20.0,7.0,4.0,44.0,1.0,1,1,0,0,5,5,0,0,-2.481424189579033,0.05513432017723182,4.467652,4.663792,-37.800827,28.796854,1,2023-08-26,22.87857142857143,0.0,76.46000000000001,5.685714285714285,1.0,205.10714285714286,2023,8,26,63.0,0,China_1007.csv
2023-08-27,1007,58.0,34.0,10.0,5.0,47.0,1.0,1,1,0,0,5,5,0,0,-1.3877757445299943,0.2745345417081023,4.447359,3.2680616,-27.706581,51.226418,1,2023-08-27,21.322857142857142,0.0,80.28714285714285,6.07,1.0,290.93,2023,8,27,58.0,0,China_1007.csv
2023-08-28,1007,80.0,22.0,10.0,3.0,42.0,1.0,1,1,0,0,5,5,1,1,-2.188412734363615,-0.3816689632019525,7.49309,8.049074,-48.00558,14.873936,1,2023-08-28,22.845714285714283,0.0,64.01285714285714,8.784285714285714,1.0,180.53428571428572,2023,8,28,80.0,0,China_1007.csv
2023-08-29,1007,51.0,21.0,9.0,2.0,36.0,4.0,1,1,0,0,5,5,8,8,-2.8239024990327817,-0.6101940164124885,8.015823,-5.1290784,85.36168,45.977093,1,2023-08-29,22.041428571428572,0.0,67.38857142857144,7.484285714285714,1.0,190.55571428571426,2023,8,29,51.0,0,China_1007.csv
2023-08-30,1007,45.0,33.0,9.0,3.0,59.0,1.0,1,1,0,0,5,5,0,0,-2.8695411044091523,1.1422892618822995,2.516399,6.4973454,-56.618492,42.42987,1,2023-08-30,23.56714285714286,0.0,72.58285714285714,6.32,1.0,200.8857142857143,2023,8,30,59.0,0,China_1007.csv
2023-08-31,1007,65.0,41.0,11.0,4.0,59.0,1.8,1,1,0,0,5,5,0,0,-1.2962501311285917,1.4379761428396312,3.5482259,3.6015067,-26.835096,46.009933,1,2023-08-31,22.131428571428575,0.0,80.14714285714285,6.327142857142857,1.0,147.67285714285714,2023,8,31,65.0,0,China_1007.csv
2023-09-01,1007,85.0,32.0,7.0,5.0,56.0,1.0,1,1,0,0,5,5,0,0,-1.2458925694315999,1.5741451714849304,4.1409497,2.6717515,-11.475994,44.90206,1,2023-09-01,23.548571428571428,0.0,74.57142857142857,6.074285714285715,1.0,193.32285714285715,2023,9,1,85.0,0,China_1007.csv
2023-09-02,1007,79.0,47.0,13.0,6.0,63.0,1.0,2,2,1,1,3,3,0,0,0.2851062300815944,1.8196613855192805,2.9630153,2.5164664,-19.333569,66.84386,1,2023-09-02,22.68,0.0,85.38857142857144,5.9071428571428575,1.0,171.99142857142857,2023,9,2,79.0,0,China_1007.csv
2023-09-03,1007,97.0,44.0,8.0,5.0,80.0,1.2,2,2,1,1,3,3,0,0,-0.5406034957967876,3.9032009200802906,2.3837335,1.9618562,-3.3337612,74.180374,1,2023-09-03,24.312857142857144,0.0,81.4057142857143,5.384285714285714,1.0,208.52428571428572,2023,9,3,97.0,0,China_1007.csv
2023-09-04,1007,101.0,56.0,9.0,5.0,76.0,1.8,2,2,1,1,3,3,0,0,0.014893682706973495,3.778414982367342,2.3842943,1.8786348,18.559792,78.59204,1,2023-09-04,25.732857142857142,0.0,83.51142857142858,5.2457142857142856,1.0,150.33714285714288,2023,9,4,101.0,0,China_1007.csv
2023-09-05,1007,140.0,74.0,8.0,6.0,78.0,1.6,2,2,1,1,3,3,11,11,1.499235904531492,4.7281622836220905,3.0290227,0.64992255,18.790009,54.483067,1,2023-09-05,25.585714285714285,0.0,82.10142857142857,4.975714285714285,1.0,142.62,2023,9,5,140.0,0,China_1007.csv
2023-09-06,1007,161.0,59.0,10.0,4.0,81.0,1.2,2,2,1,1,3,3,11,11,0.8433207826162271,4.424203586495418,3.293704,0.78503,22.761042,45.756756,1,2023-09-06,25.75,0.0,79.67285714285715,6.262857142857143,1.0,192.77428571428572,2023,9,6,161.0,0,China_1007.csv
2023-09-07,1007,140.0,59.0,7.0,6.0,69.0,1.4,2,2,1,1,3,3,9,9,1.042821250007945,3.7589851224171476,3.1720603,0.7072577,19.509142,53.584034,1,2023-09-07,26.07,0.0,76.41,8.785714285714286,1.0,197.96428571428572,2023,9,7,140.0,0,China_1007.csv
2023-09-08,1007,141.0,72.0,12.0,8.0,40.0,1.0,0,0,2,2,1,1,9,9,2.899629959852482,0.993043779480536,11.81215,2.2929854,55.289738,-6.6019645,1,2023-09-08,23.919999999999998,0.0,88.38714285714286,5.775714285714286,1.0,93.16857142857144,2023,9,8,141.0,0,China_1007.csv
2023-09-09,1007,157.0,18.0,6.0,4.0,41.0,1.0,1,1,0,0,1,1,3,3,-0.6309922621522615,0.5918343660392589,11.639839,5.013061,19.139854,-15.979294,1,2023-09-09,20.638571428571428,0.0,93.26857142857143,6.395714285714286,1.0,54.55285714285714,2023,9,9,157.0,0,China_1007.csv
2023-09-10,1007,63.0,24.0,6.0,5.0,35.0,1.0,1,1,0,0,5,5,1,1,-2.0485200306023343,-0.4655173089751593,5.2446594,3.469885,-21.937798,22.298267,1,2023-09-10,21.59,0.0,86.86285714285714,5.804285714285714,1.0,213.53428571428572,2023,9,10,63.0,0,China_1007.csv
2023-09-11,1007,74.0,31.0,7.0,5.0,42.0,1.4,1,1,0,0,5,5,0,0,-1.44162960315226,0.31093949749127275,4.9146447,3.227936,-23.83259,30.635067,1,2023-09-11,22.732857142857142,0.0,77.59142857142857,6.97,1.0,170.01714285714283,2023,9,11,74.0,0,China_1007.csv
2023-09-12,1007,83.0,14.0,9.0,2.0,40.0,1.2,1,1,0,0,5,5,1,1,-2.8903963605907546,-0.6151858786925424,9.5801935,9.600312,-45.885174,-33.02833,1,2023-09-12,20.381428571428568,0.0,64.77857142857142,6.344285714285713,1.0,171.29142857142855,2023,9,12,83.0,0,China_1007.csv
2023-09-13,1007,32.0,33.0,13.0,4.0,50.0,1.2,1,1,0,0,5,5,0,0,-2.0146075542992903,-0.06984975418351895,3.842463,5.449742,-49.906437,52.679802,1,2023-09-13,20.69142857142857,0.0,72.6542857142857,7.428571428571429,1.0,176.01857142857145,2023,9,13,50.0,0,China_1007.csv
2023-09-14,1007,57.0,42.0,13.0,4.0,68.0,1.2,2,2,1,1,3,3,0,0,-1.2826581324108395,1.8577730935273127,1.86074,4.186099,-39.888557,70.11256,1,2023-09-14,21.22714285714286,0.0,73.93571428571428,8.051428571428572,1.0,170.53428571428572,2023,9,14,68.0,0,China_1007.csv
2023-09-15,1007,80.0,48.0,14.0,4.0,81.0,1.0,2,2,1,1,3,3,11,11,-0.5576928583503504,3.133306622643095,1.4168534,3.5868397,-35.303535,81.852036,1,2023-09-15,21.60571428571429,0.0,76.3,7.562857142857142,1.0,172.9042857142857,2023,9,15,81.0,0,China_1007.csv
2023-09-16,1007,95.0,60.0,15.0,6.0,81.0,1.0,2,2,1,1,3,3,11,11,1.1754862896298102,3.5228761912343436,2.2414634,2.216872,-19.158094,70.13292,1,2023-09-16,23.207142857142856,0.0,75.29285714285713,5.624285714285714,1.0,142.49571428571429,2023,9,16,95.0,0,China_1007.csv
2023-09-17,1007,135.0,63.0,12.0,6.0,57.0,1.2,2,2,1,1,1,1,9,9,1.643601842673901,2.1410641816817995,3.862218,0.80506516,30.716871,48.535442,1,2023-09-17,21.935714285714287,0.0,84.95857142857143,6.667142857142857,1.0,156.05285714285714,2023,9,17,135.0,0,China_1007.csv
2023-09-18,1007,145.0,34.0,10.0,4.0,62.0,1.4,2,2,1,1,1,1,3,3,0.09162976301872942,2.2403514378805753,3.8057895,0.950491,24.742872,41.030838,1,2023-09-18,22.194285714285712,0.0,71.22571428571429,7.1499999999999995,1.0,202.86285714285714,2023,9,18,145.0,0,China_1007.csv
2023-09-19,1007,76.0,20.0,12.0,2.0,23.0,1.0,1,1,0,0,5,5,1,1,-2.601615864032221,-2.430795299594595,9.067466,9.985265,-49.034683,-46.314247,1,2023-09-19,19.24857142857143,0.0,66.72571428571429,7.491428571428571,1.0,192.4557142857143,2023,9,19,76.0,0,China_1007.csv
2023-09-20,1007,38.0,19.0,10.0,2.0,34.0,1.0,1,1,0,0,5,5,1,1,-3.70116602037518,-1.5497986577001852,7.4806657,11.03983,-85.46631,6.577929,1,2023-09-20,19.198571428571427,0.0,66.76,6.255714285714285,1.0,210.39857142857142,2023,9,20,38.0,0,China_1007.csv
2023-09-21,1007,31.0,40.0,14.0,4.0,51.0,1.0,1,1,0,0,5,5,0,0,-1.8230746511091738,-0.016755929408094644,3.4099147,5.4100404,-52.351448,57.678528,1,2023-09-21,20.138571428571428,0.0,73.10857142857142,7.172857142857143,1.0,200.33571428571426,2023,9,21,51.0,0,China_1007.csv
2023-09-22,1007,66.0,23.0,10.0,3.0,34.0,1.0,1,1,0,0,5,5,1,1,-2.495351947050517,-1.1755812612606207,6.979549,8.357147,-55.03229,14.07294,1,2023-09-22,20.807142857142857,0.0,59.98142857142857,9.197142857142856,1.0,140.87428571428572,2023,9,22,66.0,0,China_1007.csv
2023-09-23,1007,37.0,28.0,12.0,4.0,40.0,1.0,1,1,0,0,5,5,1,1,-2.203511377255245,-0.9184400392604072,4.4043503,5.565676,-51.29916,51.523506,1,2023-09-23,19.03,0.0,63.809999999999995,5.814285714285715,1.0,149.86285714285714,2023,9,23,40.0,0,China_1007.csv
2023-09-24,1007,57.0,45.0,19.0,6.0,10.0,1.6,1,1,0,0,5,5,5,5,0.6495144092845372,-3.6086533792343922,8.282994,3.2201188,33.347347,-56.838512,1,2023-09-24,16.00857142857143,0.0,80.11857142857141,4.284285714285715,1.0,197.92142857142858,2023,9,24,57.0,0,China_1007.csv
2023-09-25,1007,80.0,44.0,14.0,5.0,27.0,2.0,1,1,0,0,5,5,5,5,0.01123767823332665,-1.4181093571669605,8.977328,4.3327303,9.86833,4.2747936,1,2023-09-25,17.537142857142857,0.0,84.44142857142857,5.452857142857143,1.0,188.99428571428572,2023,9,25,80.0,0,China_1007.csv
2023-09-26,1007,91.0,61.0,16.0,7.0,29.0,1.8,0,0,2,2,2,2,5,5,1.8411681253978063,-0.9446163904267503,8.876105,3.277164,36.237076,-45.686504,1,2023-09-26,19.392857142857142,0.0,87.91857142857143,6.952857142857143,1.0,206.66857142857143,2023,9,26,91.0,0,China_1007.csv
2023-09-27,1007,147.0,46.0,12.0,6.0,30.0,1.6,0,0,2,2,1,1,9,9,1.6541515431325804,-0.3601570441962601,11.214613,3.6974423,33.164192,-8.743857,1,2023-09-27,18.342857142857145,0.0,56.16857142857143,9.162857142857144,1.0,232.67285714285714,2023,9,27,147.0,0,China_1007.csv
2023-09-28,1007,102.0,20.0,14.0,2.0,27.0,3.8,1,1,0,0,4,4,8,8,-1.0843935280325738,-1.6187970058472554,7.933083,-4.8520007,80.68408,48.5264,1,2023-09-28,17.537142857142857,0.0,55.40428571428571,7.078571428571428,1.0,205.57285714285715,2023,9,28,102.0,0,China_1007.csv
2023-09-29,1007,40.0,38.0,14.0,3.0,35.0,1.0,1,1,0,0,5,5,5,5,-2.23587432336814,-1.4789736271175875,4.863252,8.024073,-34.250954,-76.55389,1,2023-09-29,18.202857142857145,0.0,47.99857142857143,9.450000000000001,1.0,254.45285714285714,2023,9,29,40.0,0,China_1007.csv
2023-09-30,1007,54.0,15.0,7.0,2.0,29.0,1.2,1,1,0,0,5,5,1,1,-3.818050434750154,-1.5649453704187777,8.712968,11.060481,-58.805737,-37.932056,1,2023-09-30,16.262857142857143,0.0,52.69857142857143,8.754285714285714,1.0,294.04285714285714,2023,9,30,54.0,0,China_1007.csv
2023-10-01,1007,20.0,22.0,11.0,1.0,31.0,1.0,1,1,0,0,5,5,1,1,-4.440555287441727,-2.103420851563399,9.651483,12.554994,-90.74414,-51.80064,1,2023-10-01,16.35571428571429,0.0,58.787142857142854,7.187142857142858,1.0,201.4157142857143,2023,10,1,31.0,0,China_1007.csv
2023-10-02,1007,39.0,48.0,15.0,3.0,34.0,1.2,1,1,0,0,5,5,5,5,-1.9071244665720442,-1.4815874178969928,5.0894794,7.8377595,-27.600294,-84.29808,1,2023-10-02,16.644285714285715,0.0,68.0657142857143,7.878571428571428,1.0,189.70142857142858,2023,10,2,48.0,0,China_1007.csv
2023-10-03,1007,81.0,52.0,11.0,4.0,58.0,1.0,1,1,0,0,3,3,0,0,-0.9618713641925315,1.5219655091155835,2.8595877,4.129043,8.739598,34.12946,1,2023-10-03,18.304285714285715,0.0,68.65428571428572,8.07,1.0,245.44,2023,10,3,81.0,0,China_1007.csv
2023-10-04,1007,102.0,13.0,7.0,2.0,23.0,1.0,1,1,0,0,1,1,3,3,-2.8733967145640054,-1.7918475803574703,11.153035,8.053925,-14.145207,-29.81926,1,2023-10-04,16.087142857142858,0.0,39.77285714285714,13.467142857142857,1.0,241.58285714285714,2023,10,4,102.0,0,China_1007.csv
2023-10-05,1007,32.0,18.0,9.0,1.0,23.0,1.0,1,1,0,0,5,5,1,1,-4.55414866523052,-2.559206587612899,9.741099,12.681748,-91.82024,-46.39603,1,2023-10-05,14.251428571428573,0.0,54.38142857142857,6.854285714285714,1.0,236.05857142857144,2023,10,5,32.0,0,China_1007.csv
2023-10-06,1007,34.0,31.0,13.0,3.0,23.0,1.0,1,1,0,0,5,5,1,1,-2.6534014587665173,-2.58742757932143,5.32527,8.372877,-39.22445,-76.35923,1,2023-10-06,15.118571428571428,0.0,62.10285714285715,5.935714285714285,1.0,163.68428571428572,2023,10,6,34.0,0,China_1007.csv
2023-10-07,1007,55.0,53.0,16.0,5.0,33.0,1.0,1,1,0,0,5,5,5,5,-0.31492350416851106,-1.3258157359006693,6.471152,3.8254979,0.33804098,-60.59839,1,2023-10-07,15.53,0.0,68.92999999999999,7.557142857142857,1.0,172.32714285714286,2023,10,7,55.0,0,China_1007.csv
2023-10-08,1007,104.0,37.0,13.0,4.0,29.0,1.6,1,1,0,0,1,1,3,3,-0.35053455485558144,-1.225149738947724,9.360941,4.6621222,-2.7143006,-1.0102463,1,2023-10-08,14.997142857142858,0.0,59.362857142857145,8.204285714285714,1.0,248.70428571428573,2023,10,8,104.0,0,China_1007.csv
2023-10-09,1007,76.0,15.0,8.0,3.0,30.0,1.0,1,1,0,0,5,5,1,1,-2.706906320715933,-1.3631335519866148,7.049973,8.644787,-54.329746,12.533968,1,2023-10-09,15.34,0.0,59.01714285714286,10.354285714285712,1.0,286.39285714285717,2023,10,9,76.0,0,China_1007.csv
2023-10-10,1007,30.0,21.0,10.0,3.0,36.0,1.0,1,1,0,0,5,5,1,1,-3.3018902069565175,-1.3106006442597185,4.817369,8.631764,-40.985336,-65.69451,1,2023-10-10,15.228571428571428,0.0,66.61714285714285,5.662857142857143,1.0,199.93428571428572,2023,10,10,36.0,0,China_1007.csv
2023-10-11,1007,48.0,46.0,16.0,4.0,46.0,1.0,1,1,0,0,5,5,5,5,-1.082086835803864,-0.44676394906776173,3.2888615,5.232275,-53.750412,62.20666,1,2023-10-11,15.654285714285715,0.0,71.95142857142858,6.227142857142857,1.0,192.91,2023,10,11,48.0,0,China_1007.csv
2023-10-12,1007,89.0,81.0,31.0,8.0,10.0,1.2,0,0,2,2,2,2,2,2,4.632081200722823,-3.977054040812158,9.011814,0.13116422,49.394367,-82.85371,1,2023-10-12,14.825714285714286,0.0,84.87,4.801428571428572,1.0,188.89142857142858,2023,10,12,89.0,0,China_1007.csv
2023-10-13,1007,160.0,40.0,13.0,5.0,29.0,1.6,1,1,0,0,1,1,9,9,1.4451457083418089,-0.6526280479597801,11.69859,4.36564,28.56819,-18.684872,1,2023-10-13,14.325714285714286,0.0,59.207142857142856,8.78,1.0,299.6857142857143,2023,10,13,160.0,0,China_1007.csv
2023-10-14,1007,101.0,15.0,12.0,3.0,32.0,1.0,1,1,0,0,1,1,3,3,-1.583747392107446,-1.4415185207137218,10.085132,6.3955607,-14.805895,-17.34949,1,2023-10-14,14.045714285714284,0.0,56.82,8.915714285714285,1.0,245.16571428571427,2023,10,14,101.0,0,China_1007.csv
2023-10-15,1007,35.0,24.0,12.0,2.0,28.0,1.0,1,1,0,0,5,5,1,1,-3.4117603552847084,-2.2385112323362986,7.057443,11.16602,-65.00718,-56.331963,1,2023-10-15,14.164285714285713,0.0,44.78142857142858,9.372857142857143,1.0,117.56714285714285,2023,10,15,35.0,0,China_1007.csv
2023-10-16,1007,41.0,34.0,11.0,3.0,30.0,1.0,1,1,0,0,5,5,1,1,-2.724276739838773,-1.644011301330804,5.747966,8.542976,-38.57078,-68.58929,1,2023-10-16,12.819999999999999,0.0,65.54,5.9871428571428575,1.0,180.29,2023,10,16,41.0,0,China_1007.csv
2023-10-17,1007,55.0,56.0,16.0,5.0,35.0,2.2,1,1,0,0,5,5,5,5,0.019743161957541003,-0.8917041847724092,8.346309,3.982107,21.302015,-57.08803,1,2023-10-17,15.797142857142857,0.0,70.57142857142857,6.4071428571428575,1.0,213.43,2023,10,17,56.0,0,China_1007.csv
2023-10-18,1007,102.0,25.0,10.0,3.0,26.0,1.0,1,1,0,0,1,1,3,3,-1.7038858951632525,-1.5680085849612442,9.954618,6.624096,-13.361797,-14.386788,1,2023-10-18,14.95142857142857,0.0,43.26285714285715,12.004285714285714,1.0,297.78999999999996,2023,10,18,102.0,0,China_1007.csv
2023-10-19,1007,53.0,17.0,7.0,1.0,24.0,1.0,1,1,0,0,5,5,1,1,-4.401793112210413,-2.1036014328004717,10.549692,12.113493,-83.3195,-32.209435,1,2023-10-19,12.397142857142857,0.0,32.64142857142857,16.172857142857143,1.0,255.2657142857143,2023,10,19,53.0,0,China_1007.csv
2023-10-20,1007,21.0,20.0,6.0,1.0,23.0,1.2,1,1,0,0,5,5,1,1,-5.14579439825727,-2.2404053119754197,10.38084,13.465778,-100.047714,-34.97816,1,2023-10-20,10.37857142857143,0.0,47.14142857142857,10.571428571428571,1.0,266.54,2023,10,20,23.0,0,China_1007.csv
2023-10-21,1007,27.0,34.0,14.0,2.0,23.0,1.4,1,1,0,0,5,5,1,1,-3.053464170362115,-2.723646805879319,6.740313,10.924202,-63.50332,-67.17157,1,2023-10-21,11.62857142857143,0.0,54.35142857142857,8.345714285714285,1.0,238.85714285714286,2023,10,21,34.0,0,China_1007.csv
2023-10-22,1007,67.0,47.0,19.0,4.0,21.0,1.0,1,1,0,0,5,5,5,5,-0.2846950587705594,-2.8161826743487355,6.442455,6.183004,-7.5760336,-74.696976,1,2023-10-22,12.281428571428572,0.0,66.48857142857143,6.277142857142857,1.0,193.42428571428573,2023,10,22,67.0,0,China_1007.csv
2023-10-23,1007,84.0,96.0,28.0,8.0,22.0,1.0,0,0,2,2,2,2,2,2,4.317086348443313,-2.4052546013266065,8.961798,0.30969277,37.916702,-80.54362,1,2023-10-23,12.597142857142858,0.0,75.74428571428572,5.398571428571429,1.0,217.11999999999998,2023,10,23,96.0,0,China_1007.csv
2023-10-24,1007,167.0,109.0,20.0,8.0,53.0,1.0,0,0,2,2,2,2,9,9,5.247749065821107,2.0720667548212375,12.290767,0.92281485,71.084984,-12.477666,1,2023-10-24,13.845714285714285,0.0,70.53142857142856,7.1571428571428575,1.0,229.63714285714286,2023,10,24,167.0,0,China_1007.csv
2023-10-25,1007,189.0,88.0,22.0,7.0,38.0,1.0,0,0,2,2,2,2,9,9,5.09993041393582,0.25141250674993754,12.032981,1.0468032,68.78016,-17.988562,1,2023-10-25,15.680000000000001,0.0,49.24285714285714,8.141428571428571,1.0,207.62000000000003,2023,10,25,189.0,0,China_1007.csv
2023-10-26,1007,164.0,30.0,13.0,3.0,23.0,1.2,1,1,0,0,1,1,3,3,0.19105479926118035,-1.5702369358976893,12.182418,5.3143244,14.696167,-29.932364,1,2023-10-26,12.287142857142857,0.0,53.15428571428571,7.784285714285715,1.0,217.37714285714287,2023,10,26,164.0,0,China_1007.csv
2023-10-27,1007,37.0,60.0,21.0,4.0,20.0,2.0,1,1,0,0,5,5,5,5,-0.20343861684144096,-2.964203081909995,8.044576,4.8877854,20.606253,-62.126606,1,2023-10-27,12.294285714285715,0.0,69.64285714285714,6.777142857142857,1.0,203.08285714285714,2023,10,27,60.0,0,China_1007.csv
2023-10-28,1007,87.0,90.0,24.0,8.0,27.0,1.0,0,0,2,2,2,2,2,2,3.720477549783339,-1.598234045253538,8.894252,0.51367915,36.682865,-81.204094,1,2023-10-28,13.578571428571427,0.0,77.04285714285713,6.081428571428572,1.0,133.80142857142857,2023,10,28,90.0,0,China_1007.csv
2023-10-29,1007,149.0,124.0,17.0,11.0,35.0,1.0,0,0,2,2,2,2,7,7,6.22800877436809,1.213883301978218,12.044969,-0.30505863,83.92873,-17.281326,1,2023-10-29,14.17,0.0,83.22285714285714,6.298571428571429,1.0,226.09,2023,10,29,149.0,0,China_1007.csv
2023-10-30,1007,194.0,108.0,13.0,10.0,55.0,2.0,0,0,2,2,2,2,9,9,6.115553839495496,3.5742825528099926,11.864194,1.6560688,61.49461,-2.2199297,1,2023-10-30,15.955714285714285,0.0,71.96285714285715,6.881428571428572,1.0,116.23,2023,10,30,194.0,0,China_1007.csv
2023-10-31,1007,185.0,100.0,14.0,8.0,30.0,2.2,0,0,2,2,1,1,9,9,4.849522623949351,0.9125006349087337,11.707309,1.8602475,63.202183,-2.6123993,1,2023-10-31,14.629999999999999,0.0,83.99428571428572,6.337142857142857,1.0,189.14714285714285,2023,10,31,185.0,0,China_1007.csv
2023-11-01,1007,161.0,127.0,15.0,11.0,44.0,1.4,0,0,2,2,2,2,7,7,6.364081007929247,2.4406571729136357,12.069412,-0.3166172,84.19952,-17.323578,1,2023-11-01,15.634285714285713,0.0,82.15428571428572,6.805714285714286,1.0,147.82999999999998,2023,11,1,161.0,0,China_1007.csv
2023-11-02,1007,203.0,100.0,9.0,7.0,32.0,1.2,0,0,2,2,1,1,9,9,3.7535701767157,1.5211552205506393,12.621932,2.4618692,59.98516,-12.268714,1,2023-11-02,14.557142857142859,0.0,55.62571428571429,11.147142857142857,1.0,179.52285714285716,2023,11,2,203.0,0,China_1007.csv
2023-11-03,1007,137.0,32.0,7.0,2.0,17.0,1.4,1,1,0,0,1,1,3,3,-1.7297896540006856,-1.6579755624726265,11.898805,6.973918,0.50714684,-26.338099,1,2023-11-03,11.295714285714284,0.0,64.73,9.635714285714286,1.0,105.41571428571429,2023,11,3,137.0,0,China_1007.csv
2023-11-04,1007,24.0,58.0,17.0,4.0,15.0,2.0,1,1,0,0,5,5,5,5,-1.1067595099572738,-3.0912756854468295,8.013862,5.0054064,19.476984,-63.850117,1,2023-11-04,11.884285714285713,0.0,75.97,5.222857142857143,1.0,176.8742857142857,2023,11,4,58.0,0,China_1007.csv
2023-11-05,1007,74.0,40.0,12.0,3.0,23.0,1.0,1,1,0,0,5,5,1,1,-1.7862563898310486,-2.0151912206362264,6.628198,7.9248915,-27.009645,-69.903625,1,2023-11-05,7.902857142857143,0.0,59.529999999999994,13.37142857142857,1.0,237.85142857142858,2023,11,5,74.0,0,China_1007.csv
2023-11-06,1007,67.0,40.0,2.0,1.0,22.0,1.0,1,1,0,0,5,5,1,1,-4.452931050083139,-1.222604192942761,10.819237,10.700216,-71.830414,-26.829361,1,2023-11-06,4.282857142857143,0.0,40.69857142857143,12.947142857142856,1.0,271.7314285714286,2023,11,6,67.0,0,China_1007.csv
2023-11-07,1007,38.0,36.0,13.0,2.0,14.0,1.0,1,1,0,0,5,5,1,1,-3.043579210072997,-3.353705832864302,6.642632,11.020086,-66.60852,-63.031647,1,2023-11-07,4.554285714285714,0.0,61.00857142857143,6.011428571428572,1.0,193.6242857142857,2023,11,7,38.0,0,China_1007.csv
2023-11-08,1007,73.0,52.0,17.0,4.0,17.0,1.2,1,1,0,0,5,5,5,5,-0.3256366329715288,-2.7788855002283612,6.5232077,6.0062127,-8.557664,-73.93579,1,2023-11-08,6.617142857142857,0.0,50.91142857142857,12.855714285714285,1.0,233.24857142857144,2023,11,8,73.0,0,China_1007.csv
2023-11-09,1007,103.0,16.0,3.0,2.0,25.0,1.0,1,1,0,0,1,1,3,3,-3.375210193909627,-1.1108877090408171,11.095289,8.302517,-13.877089,-33.608772,1,2023-11-09,1.2014285714285715,0.0,23.147142857142857,15.77,1.0,183.78571428571428,2023,11,9,103.0,0,China_1007.csv
2023-11-10,1007,24.0,16.0,5.0,1.0,20.0,1.0,1,1,0,0,5,5,1,1,-5.344222926396396,-2.4720154451398924,10.639978,13.249077,-95.06759,-33.49837,1,2023-11-10,-0.3014285714285715,0.0,40.120000000000005,7.7700000000000005,1.0,117.76142857142858,2023,11,10,24.0,0,China_1007.csv
2023-11-11,1007,27.0,16.0,6.0,1.0,20.0,1.0,1,1,0,0,5,5,1,1,-5.135033895166996,-2.5605568573036783,10.483763,13.22018,-94.26637,-34.560936,1,2023-11-11,-0.26571428571428574,0.0,36.32857142857143,10.215714285714286,1.0,218.41714285714286,2023,11,11,27.0,0,China_1007.csv
2023-11-12,1007,32.0,21.0,4.0,1.0,23.0,1.0,1,1,0,0,5,5,1,1,-5.226886249971394,-1.95014178354006,11.069849,13.132879,-92.194954,-30.604227,1,2023-11-12,0.4757142857142857,0.0,36.00714285714286,11.688571428571427,1.0,272.19571428571425,2023,11,12,32.0,0,China_1007.csv
2023-11-13,1007,29.0,45.0,15.0,3.0,17.0,1.2,1,1,0,0,5,5,5,5,-2.2148141137983144,-3.103930274198296,5.3300147,8.059365,-35.64219,-82.20387,1,2023-11-13,0.5828571428571429,0.0,57.548571428571435,6.777142857142857,1.0,235.88714285714286,2023,11,13,45.0,0,China_1007.csv
2023-11-14,1007,109.0,68.0,24.0,6.0,14.0,1.0,0,0,2,2,2,2,2,2,2.737944086058121,-3.1277468685619216,8.945221,0.8459279,43.19531,-81.005585,1,2023-11-14,2.177142857142857,0.0,59.542857142857144,6.535714285714286,1.0,239.48000000000002,2023,11,14,109.0,0,China_1007.csv
2023-11-15,1007,149.0,71.0,26.0,7.0,7.0,2.0,0,0,2,2,2,2,2,2,4.6924912111334915,-3.3440992072892834,10.675065,1.2009382,61.644882,-37.406307,1,2023-11-15,4.081428571428572,0.0,55.83,8.68,1.0,248.5885714285714,2023,11,15,149.0,0,China_1007.csv
2023-11-16,1007,134.0,28.0,3.0,1.0,25.0,1.2,1,1,0,0,1,1,3,3,-2.998267402315776,-0.7247966688900097,12.413872,7.933235,-8.968846,-43.988026,1,2023-11-16,3.968571428571429,0.0,34.962857142857146,14.105714285714285,1.0,295.5185714285714,2023,11,16,134.0,0,China_1007.csv
2023-11-17,1007,24.0,19.0,2.0,1.0,23.0,1.0,1,1,0,0,5,5,1,1,-5.72091349641689,-1.8224476163893075,11.051528,13.351316,-96.41817,-26.768879,1,2023-11-17,1.9371428571428573,0.0,32.67714285714286,11.652857142857142,1.0,217.9042857142857,2023,11,17,24.0,0,China_1007.csv
2023-11-18,1007,19.0,39.0,16.0,2.0,16.0,1.0,1,1,0,0,5,5,5,5,-2.968494069504636,-3.6078091092866478,6.321162,10.879562,-69.953674,-72.32431,1,2023-11-18,2.4971428571428573,0.0,54.51571428571429,7.877142857142857,1.0,226.49857142857144,2023,11,18,39.0,0,China_1007.csv
2023-11-19,1007,67.0,46.0,17.0,4.0,19.0,1.6,1,1,0,0,5,5,5,5,-0.45385896573019463,-2.6821417037282296,6.5321617,5.825207,-1.7619636,-69.2189,1,2023-11-19,6.725714285714285,0.0,51.47428571428571,9.941428571428572,1.0,171.64857142857142,2023,11,19,67.0,0,China_1007.csv
2023-11-20,1007,75.0,77.0,26.0,6.0,13.0,1.0,0,0,2,2,2,2,2,2,2.4336503066811046,-3.5472792881292254,8.430245,0.7432424,33.407124,-89.678246,1,2023-11-20,3.935714285714286,0.0,74.77571428571427,5.762857142857143,1.0,192.06571428571428,2023,11,20,77.0,0,China_1007.csv
2023-11-21,1007,141.0,106.0,27.0,10.0,19.0,1.0,0,0,2,2,2,2,2,2,6.6309276391708165,-1.767234033288088,10.985152,0.08009865,76.528404,-35.071747,1,2023-11-21,6.165714285714286,0.0,73.69142857142857,6.304285714285713,1.0,208.37000000000003,2023,11,21,141.0,0,China_1007.csv
2023-11-22,1007,185.0,88.0,19.0,6.0,25.0,1.0,0,0,2,2,2,2,9,9,4.012881730253401,-0.6782068696671841,12.045559,1.623881,62.333973,-19.263376,1,2023-11-22,7.2057142857142855,0.0,35.64142857142857,19.147142857142857,1.0,306.1014285714286,2023,11,22,185.0,0,China_1007.csv
2023-11-23,1007,126.0,130.0,3.0,1.0,23.0,1.8,1,1,0,0,1,1,10,10,-1.3855327171233704,0.8759890317943239,14.030342,3.66977,45.58498,21.167501,1,2023-11-23,-2.9285714285714284,0.0,22.16714285714286,18.84142857142857,1.0,199.44571428571427,2023,11,23,130.0,0,China_1007.csv
2023-11-24,1007,20.0,27.0,9.0,2.0,17.0,1.0,1,1,0,0,5,5,1,1,-4.148286744116434,-2.93499671211598,7.075509,11.989393,-73.96699,-52.365646,1,2023-11-24,-4.744285714285715,0.0,32.14857142857143,6.387142857142857,1.0,145.84428571428572,2023,11,24,27.0,0,China_1007.csv
2023-11-25,1007,38.0,51.0,23.0,3.0,7.0,1.0,1,1,0,0,5,5,5,5,-0.8408595643582274,-4.739202296289542,5.9011097,7.2339897,-1.3083894,-101.03219,1,2023-11-25,-3.957142857142857,0.0,44.01,5.83,1.0,193.26857142857142,2023,11,25,51.0,0,China_1007.csv
2023-11-26,1007,97.0,59.0,23.0,5.0,4.0,1.6,0,0,2,2,2,2,5,5,1.7687174008830027,-4.1277810788127605,9.083563,3.1778066,30.11609,-42.382854,1,2023-11-26,-2.81,0.0,48.69571428571429,4.3342857142857145,1.0,201.24285714285716,2023,11,26,97.0,0,China_1007.csv
2023-11-27,1007,107.0,43.0,14.0,4.0,28.0,1.2,1,1,0,0,1,1,3,3,-0.1404781092084643,-1.3686647061628316,10.148456,5.045183,-12.991929,-6.407545,1,2023-11-27,0.33,0.0,33.95285714285715,10.358571428571429,1.0,199.79,2023,11,27,107.0,0,China_1007.csv
2023-11-28,1007,70.0,23.0,8.0,1.0,23.0,1.0,1,1,0,0,5,5,1,1,-3.7950127812219536,-2.070368059986838,10.791943,10.913608,-40.253925,-45.085163,1,2023-11-28,-2.052857142857143,0.0,32.47,13.887142857142859,1.0,237.05857142857144,2023,11,28,70.0,0,China_1007.csv
2023-11-29,1007,42.0,23.0,2.0,1.0,27.0,1.0,1,1,0,0,5,5,1,1,-5.256544108910269,-1.264384635130297,11.206041,12.882044,-91.24849,-23.420244,1,2023-11-29,-2.957142857142857,0.0,27.3,15.051428571428572,1.0,251.97571428571428,2023,11,29,42.0,0,China_1007.csv
2023-11-30,1007,25.0,18.0,5.0,1.0,25.0,1.0,1,1,0,0,5,5,1,1,-5.277658256063419,-1.990777404535038,10.617696,13.307155,-95.287224,-32.883682,1,2023-11-30,-2.937142857142857,0.0,29.89428571428571,10.198571428571428,1.0,218.53142857142853,2023,11,30,25.0,0,China_1007.csv
2023-12-01,1007,29.0,38.0,18.0,2.0,16.0,1.0,1,1,0,0,5,5,5,5,-2.479717910742738,-3.771138100998716,6.303769,10.686024,-67.88604,-73.82628,1,2023-12-01,-2.6114285714285717,0.0,38.04,8.948571428571428,1.0,200.26857142857145,2023,12,1,38.0,0,China_1007.csv
2023-12-02,1007,69.0,47.0,20.0,4.0,24.0,1.2,1,1,0,0,5,5,5,5,-0.04276397282101008,-2.614143106937897,6.4686513,6.235031,-6.9870768,-74.97339,1,2023-12-02,0.5828571428571429,0.0,35.81,6.9957142857142856,1.0,213.4157142857143,2023,12,2,69.0,0,China_1007.csv
2023-12-03,1007,87.0,55.0,26.0,6.0,11.0,1.0,0,0,2,2,2,2,2,2,2.3323995561284523,-4.00492255027641,8.517308,0.8369747,40.742306,-81.43852,1,2023-12-03,-0.7414285714285714,0.0,47.56428571428571,5.614285714285714,1.0,202.01142857142855,2023,12,3,87.0,0,China_1007.csv
2023-12-04,1007,109.0,71.0,28.0,9.0,9.0,1.0,0,0,2,2,2,2,2,2,4.956089697452888,-3.6900430413745053,9.523252,-0.03354733,49.329308,-88.527336,1,2023-12-04,0.7542857142857143,0.0,44.970000000000006,5.1085714285714285,1.0,177.13714285714286,2023,12,4,109.0,0,China_1007.csv
2023-12-05,1007,147.0,89.0,36.0,12.0,4.0,3.0,0,0,2,2,2,2,2,2,9.284953269500422,-3.8060351379061435,10.38888,-2.2572377,91.294174,-1.3159947,1,2023-12-05,2.6285714285714286,0.0,39.51857142857143,10.925714285714287,1.0,228.02142857142857,2023,12,5,147.0,0,China_1007.csv
2023-12-06,1007,164.0,90.0,9.0,2.0,25.0,2.0,1,1,0,0,1,1,3,3,0.24221263788637618,0.11959823641231893,13.302771,3.7805238,42.029846,11.712282,1,2023-12-06,2.6557142857142857,0.0,46.298571428571435,7.988571428571428,1.0,215.01,2023,12,6,164.0,0,China_1007.csv
2023-12-07,1007,74.0,172.0,28.0,8.0,5.0,2.0,0,0,2,2,2,2,2,2,5.521871658752427,-2.5114929488931255,14.204691,2.7173817,49.361057,32.488323,1,2023-12-07,1.4785714285714284,0.0,61.07,5.640000000000001,1.0,214.02857142857144,2023,12,7,172.0,0,China_1007.csv
2023-12-08,1007,169.0,144.0,35.0,11.0,4.0,3.0,0,0,2,2,2,2,2,2,9.971731027830394,-2.680886218030731,10.453866,-1.2211183,71.29591,-48.91373,1,2023-12-08,4.2542857142857144,0.0,52.87571428571429,7.624285714285714,1.0,151.25571428571428,2023,12,8,169.0,0,China_1007.csv
2023-12-09,1007,170.0,79.0,22.0,6.0,15.0,2.0,0,0,2,2,2,2,9,9,4.184492483473991,-1.9877666486845462,10.914469,2.0405269,54.973873,-22.06368,1,2023-12-09,1.2542857142857142,0.0,50.80428571428571,5.184285714285714,1.0,150.83571428571426,2023,12,9,170.0,0,China_1007.csv
2023-12-10,1007,104.0,46.0,14.0,5.0,12.0,4.0,1,1,0,0,4,4,8,8,0.9938898799129987,-2.1726970453265384,8.456307,-4.397267,85.49888,37.857353,1,2023-12-10,-1.7385714285714287,0.0,43.792857142857144,4.332857142857143,1.0,180.20285714285714,2023,12,10,104.0,0,China_1007.csv
2023-12-11,1007,78.0,36.0,15.0,4.0,11.0,2.0,1,1,0,0,5,5,5,5,-0.592476180486198,-3.178550817712073,8.873038,4.3994775,22.650116,-46.56144,1,2023-12-11,-3.697142857142857,0.0,79.32714285714285,4.098571428571428,1.0,160.27285714285716,2023,12,11,78.0,0,China_1007.csv
2023-12-12,1007,89.0,55.0,17.0,5.0,10.0,1.6,1,1,0,0,5,5,5,5,0.6803800362100051,-3.060208734145355,7.9729843,3.208907,18.2495,-47.24171,1,2023-12-12,-3.064285714285714,0.0,77.79857142857144,6.937142857142858,1.0,132.13857142857142,2023,12,12,89.0,0,China_1007.csv
2023-12-13,1007,149.0,69.0,22.0,14.0,3.0,2.0,0,0,2,2,2,2,7,7,7.818395488176632,-2.6470706473242154,11.494356,-0.6024104,93.05228,-29.970781,1,2023-12-13,-3.1785714285714284,0.0,82.24714285714286,5.025714285714286,1.0,110.85714285714286,2023,12,13,149.0,0,China_1007.csv
2023-12-14,1007,165.0,48.0,14.0,8.0,21.0,2.0,0,0,2,2,1,1,9,9,3.5058120830988577,-0.9512520163258936,11.112165,2.14718,48.322853,-15.807151,1,2023-12-14,-5.451428571428571,0.0,82.44285714285715,7.154285714285714,1.0,91.16571428571429,2023,12,14,165.0,0,China_1007.csv
2023-12-15,1007,121.0,16.0,3.0,1.0,27.0,2.0,1,1,0,0,1,1,3,3,-3.2813806978421924,-0.7148140299106578,11.195218,8.027169,-30.562943,-29.51355,1,2023-12-15,-9.09,0.0,50.66142857142857,16.717142857142857,1.0,298.0785714285715,2023,12,15,121.0,0,China_1007.csv
2023-12-16,1007,40.0,19.0,2.0,1.0,25.0,2.0,1,1,0,0,5,5,1,1,-5.13532529201946,-1.3508635028816813,9.421751,8.3235445,-63.359436,-18.174734,1,2023-12-16,-11.370000000000001,0.0,34.77428571428572,12.782857142857141,1.0,305.48857142857145,2023,12,16,40.0,0,China_1007.csv
2023-12-17,1007,28.0,27.0,10.0,2.0,22.0,1.0,1,1,0,0,5,5,1,1,-3.818314994105393,-2.5455509531219134,7.0149417,11.704909,-72.63971,-54.165264,1,2023-12-17,-11.217142857142857,0.0,46.07714285714286,7.255714285714285,1.0,172.24,2023,12,17,28.0,0,China_1007.csv
2023-12-18,1007,58.0,59.0,28.0,5.0,10.0,2.0,0,0,2,2,2,2,5,5,1.754632418864404,-4.389185540767798,8.622324,2.530631,33.29915,-70.29095,1,2023-12-18,-9.661428571428571,0.0,56.20285714285715,8.904285714285715,1.0,174.14857142857142,2023,12,18,59.0,0,China_1007.csv
2023-12-19,1007,133.0,33.0,11.0,5.0,27.0,2.0,1,1,0,0,1,1,3,3,0.547649525897443,-0.8627813611243644,10.657804,4.4234743,20.977644,-4.21798,1,2023-12-19,-10.205714285714285,0.0,26.858571428571427,16.695714285714285,1.0,205.28,2023,12,19,133.0,0,China_1007.csv
2023-12-20,1007,63.0,18.0,5.0,1.0,25.0,2.0,1,1,0,0,5,5,1,1,-4.220914995980838,-1.5258377696983567,9.700154,8.36903,-62.4234,-19.752356,1,2023-12-20,-11.93142857142857,0.0,25.184285714285714,14.875714285714285,1.0,282.1742857142857,2023,12,20,63.0,0,China_1007.csv
2023-12-21,1007,33.0,24.0,9.0,1.0,23.0,1.2,1,1,0,0,5,5,1,1,-4.388573366283394,-2.4149418363865336,9.615081,12.591426,-90.45939,-46.625637,1,2023-12-21,-10.285714285714286,0.0,27.577142857142857,10.392857142857142,1.0,253.57285714285715,2023,12,21,33.0,0,China_1007.csv
2023-12-22,1007,43.0,31.0,18.0,2.0,18.0,2.0,1,1,0,0,5,5,5,5,-2.050678856160356,-3.4339658936839097,8.21405,5.148049,17.31102,-69.660484,1,2023-12-22,-9.407142857142857,0.0,38.4,6.174285714285714,1.0,250.52285714285713,2023,12,22,43.0,0,China_1007.csv
2023-12-23,1007,58.0,42.0,14.0,3.0,25.0,1.0,1,1,0,0,5,5,5,5,-1.8066733114026565,-2.1516202222607896,6.224189,7.9929214,-30.43322,-73.19617,1,2023-12-23,-7.557142857142857,0.0,37.59142857142857,9.072857142857142,1.0,262.07714285714286,2023,12,23,58.0,0,China_1007.csv
2023-12-24,1007,80.0,49.0,20.0,4.0,17.0,1.0,1,1,0,0,5,5,5,5,0.16325102620206938,-3.145449830207605,6.49804,6.3463984,-8.57968,-75.51037,1,2023-12-24,-7.318571428571429,0.0,46.39857142857143,6.611428571428571,1.0,234.45857142857145,2023,12,24,80.0,0,China_1007.csv
2023-12-25,1007,101.0,62.0,32.0,7.0,12.0,1.0,0,0,2,2,2,2,2,2,4.151775965961709,-4.269098894190831,9.199495,0.2597317,48.13671,-78.20653,1,2023-12-25,-5.924285714285714,0.0,53.45428571428572,6.8100000000000005,1.0,205.6542857142857,2023,12,25,101.0,0,China_1007.csv
2023-12-26,1007,141.0,42.0,22.0,4.0,22.0,1.6,0,0,2,2,1,1,9,9,1.811928318362374,-2.4754571215662575,10.005746,3.6956174,29.955976,-33.440437,1,2023-12-26,-2.8714285714285714,0.0,47.94714285714286,7.291428571428571,1.0,154.54857142857142,2023,12,26,141.0,0,China_1007.csv
2023-12-27,1007,89.0,33.0,20.0,6.0,17.0,1.4,0,0,2,2,2,2,5,5,1.2629675034805816,-3.0974446434309333,8.081984,2.3663096,30.579182,-45.93528,1,2023-12-27,-4.985714285714286,0.0,64.83428571428571,5.647142857142858,1.0,236.0257142857143,2023,12,27,89.0,0,China_1007.csv
2023-12-28,1007,73.0,53.0,26.0,7.0,8.0,1.0,0,0,2,2,2,2,2,2,2.524528045318866,-4.319420079152485,8.41986,0.54635036,38.13453,-86.405205,1,2023-12-28,-3.107142857142857,0.0,60.910000000000004,4.981428571428571,1.0,215.1985714285714,2023,12,28,73.0,0,China_1007.csv
2023-12-29,1007,128.0,97.0,34.0,12.0,8.0,3.0,0,0,2,2,2,2,2,2,8.724684992509063,-3.2412486474041344,10.173087,-2.5416207,91.26233,-0.8111075,1,2023-12-29,-3.3428571428571425,0.0,78.74857142857142,4.628571428571428,1.0,205.74,2023,12,29,128.0,0,China_1007.csv
2023-12-30,1007,197.0,115.0,31.0,12.0,26.0,1.6,0,0,2,2,2,2,7,7,9.793893373893267,-0.7292395290946775,11.131265,-0.46095556,78.79328,-39.28767,1,2023-12-30,-1.9428571428571428,0.0,66.34428571428572,8.498571428571429,1.0,238.45428571428573,2023,12,30,197.0,0,China_1007.csv
2023-12-31,1007,219.0,20.0,9.0,1.0,26.0,1.2,1,1,0,0,1,1,3,3,-0.41987931618361685,-0.7889708897410266,12.956321,5.5111604,14.405682,-37.708263,1,2023-12-31,-2.7485714285714287,0.0,50.791428571428575,8.24,1.0,166.17857142857142,2023,12,31,219.0,0,China_1007.csv
2024-01-01,1007,38.0,79.0,27.0,7.0,11.0,1.8,0,0,2,2,2,2,5,5,2.5268445337329255,-3.8561333415032744,8.458642,2.1167407,41.251183,-67.26895,1,2024-01-01,-4.7871428571428565,0.0,73.23285714285714,5.36,1.0,228.52714285714288,2024,1,1,79.0,0,China_1007.csv
2024-01-02,1007,157.0,81.0,29.0,9.0,18.0,2.6,0,0,2,2,2,2,2,2,6.698493447064478,-2.194959480995454,10.023496,-2.3547642,86.8372,2.2259164,1,2024-01-02,-2.7642857142857147,0.0,53.35285714285715,8.491428571428571,1.0,231.29142857142855,2024,1,2,157.0,0,China_1007.csv
2024-01-03,1007,163.0,28.0,16.0,2.0,18.0,1.0,1,1,0,0,1,1,3,3,-0.024641425405118742,-2.5117421700312854,12.033741,5.3420005,16.317839,-30.336391,1,2024-01-03,-3.357142857142857,0.0,55.637142857142855,7.609999999999999,1.0,167.62571428571428,2024,1,3,163.0,0,China_1007.csv
2024-01-04,1007,61.0,60.0,24.0,7.0,26.0,1.6,0,0,2,2,2,2,5,5,2.275310857979004,-2.383460770018326,8.343467,2.2508636,26.674788,-78.79214,1,2024-01-04,-0.6071428571428571,0.0,46.1,10.295714285714284,1.0,235.10714285714286,2024,1,4,61.0,0,China_1007.csv
2024-01-05,1007,128.0,38.0,15.0,2.0,20.0,1.2,1,1,0,0,1,1,3,3,-0.7127798979644274,-2.288858739610067,10.664161,5.988903,-14.777933,-21.130753,1,2024-01-05,-1.1785714285714286,0.0,44.43142857142857,11.555714285714286,1.0,263.0357142857143,2024,1,5,128.0,0,China_1007.csv
2024-01-06,1007,68.0,15.0,5.0,1.0,23.0,1.2,1,1,0,0,5,5,1,1,-4.353658281433111,-1.8524072742165045,11.411606,10.958108,-34.727848,-47.504112,1,2024-01-06,-2.89,0.0,28.404285714285713,15.278571428571428,1.0,253.24857142857144,2024,1,6,68.0,0,China_1007.csv
2024-01-07,1007,26.0,23.0,11.0,1.0,16.0,1.0,1,1,0,0,5,5,1,1,-4.332188520545178,-3.358895707533554,9.568236,12.779309,-93.543625,-48.98515,1,2024-01-07,-5.3,0.0,39.24428571428571,6.935714285714285,1.0,155.89285714285714,2024,1,7,26.0,0,China_1007.csv
2024-01-08,1007,51.0,58.0,27.0,5.0,7.0,1.4,0,0,2,2,2,2,5,5,1.2945979101136644,-4.715771733030939,8.306323,1.6864959,15.81795,-97.41428,1,2024-01-08,-3.301428571428571,0.0,41.85857142857143,5.859999999999999,1.0,179.49428571428572,2024,1,8,58.0,0,China_1007.csv
2024-01-09,1007,122.0,42.0,17.0,3.0,23.0,1.2,1,1,0,0,1,1,3,3,0.05316814290777089,-2.1355846871853066,10.494414,5.6130614,29.295208,-32.133232,1,2024-01-09,-1.9814285714285713,0.0,40.941428571428574,7.524285714285715,1.0,136.53142857142856,2024,1,9,122.0,0,China_1007.csv
2024-01-10,1007,91.0,42.0,19.0,5.0,15.0,1.8,1,1,0,0,5,5,5,5,0.8612502952451196,-3.0150246772239053,8.94986,3.3386328,30.15262,-44.315235,1,2024-01-10,-3.1185714285714283,0.0,56.33857142857143,6.137142857142857,1.0,231.02428571428572,2024,1,10,91.0,0,China_1007.csv
2024-01-11,1007,92.0,80.0,35.0,10.0,5.0,2.2,0,0,2,2,2,2,2,2,6.549644543734856,-4.502455182499918,9.401884,1.0165042,54.231636,-64.64181,1,2024-01-11,-0.12428571428571429,0.0,50.96857142857142,7.564285714285715,1.0,177.00714285714284,2024,1,11,92.0,0,China_1007.csv
2024-01-12,1007,163.0,93.0,35.0,14.0,5.0,1.0,0,0,2,2,2,2,7,7,10.155833667214448,-3.579155220513709,10.587521,-0.73138535,84.71552,-51.906746,1,2024-01-12,-1.5885714285714285,0.0,70.12428571428572,5.785714285714286,1.0,133.8942857142857,2024,1,12,163.0,0,China_1007.csv
2024-01-13,1007,176.0,60.0,22.0,9.0,16.0,2.2,0,0,2,2,2,2,9,9,5.661444505746069,-1.8695937774556513,11.034555,1.6181499,49.496456,-18.01384,1,2024-01-13,-2.1514285714285712,0.0,60.69571428571429,10.782857142857143,1.0,128.48714285714286,2024,1,13,176.0,0,China_1007.csv
2024-01-14,1007,118.0,26.0,7.0,1.0,29.0,1.4,1,1,0,0,1,1,3,3,-2.7430188645232914,-0.9421020375597143,12.010691,8.670994,-20.19712,-38.717117,1,2024-01-14,-3.0557142857142856,0.0,22.732857142857142,9.685714285714285,1.0,180.41142857142856,2024,1,14,118.0,0,China_1007.csv
2024-01-15,1007,33.0,33.0,17.0,3.0,15.0,1.0,1,1,0,0,5,5,5,5,-2.08575970811076,-3.710810834121633,5.389839,7.9394093,-33.236744,-85.69318,1,2024-01-15,-4.374285714285714,0.0,43.285714285714285,6.45,1.0,192.74428571428572,2024,1,15,33.0,0,China_1007.csv
2024-01-16,1007,62.0,66.0,27.0,7.0,6.0,1.0,0,0,2,2,2,2,2,2,2.636010408054165,-4.470370731063151,8.113843,0.5877315,36.141243,-87.67136,1,2024-01-16,-2.4657142857142853,0.0,59.30142857142857,6.1571428571428575,1.0,190.55428571428573,2024,1,16,66.0,0,China_1007.csv
2024-01-17,1007,139.0,88.0,31.0,8.0,4.0,1.8,0,0,2,2,2,2,2,2,5.953045858293645,-3.897346971789604,10.205028,0.5660003,63.413498,-54.169174,1,2024-01-17,-1.8228571428571427,0.0,78.08571428571429,4.585714285714286,1.0,207.0514285714286,2024,1,17,139.0,0,China_1007.csv
2024-01-18,1007,170.0,68.0,24.0,8.0,11.0,1.0,0,0,2,2,2,2,9,9,5.120818458900412,-2.740624695727029,11.13666,0.89284945,67.54163,-33.259327,1,2024-01-18,-1.0,0.0,44.41142857142857,6.38,1.0,123.76857142857143,2024,1,18,170.0,0,China_1007.csv
2024-01-19,1007,156.0,52.0,26.0,7.0,7.0,1.0,0,0,2,2,2,2,2,2,4.3023300879907165,-3.786095688879043,10.858837,1.0209017,64.121254,-36.19772,1,2024-01-19,-2.674285714285714,0.0,35.597142857142856,4.638571428571429,1.0,198.57142857142858,2024,1,19,156.0,0,China_1007.csv
2024-01-20,1007,104.0,51.0,21.0,6.0,29.0,1.0,0,0,2,2,2,2,5,5,1.9595746936955218,-1.8018267721821193,9.262077,1.3481172,52.22254,-34.39504,1,2024-01-20,-4.7457142857142856,0.0,30.832857142857144,12.348571428571429,1.0,204.2671428571429,2024,1,20,104.0,0,China_1007.csv
2024-01-21,1007,93.0,27.0,2.0,1.0,26.0,1.4,1,1,0,0,1,1,3,3,-3.996765363616132,-0.8230100295489995,11.172476,9.19524,-30.241219,-35.510017,1,2024-01-21,-8.758571428571429,0.0,22.135714285714283,18.185714285714287,1.0,296.51714285714286,2024,1,21,93.0,0,China_1007.csv
2024-01-22,1007,28.0,16.0,4.0,1.0,27.0,1.2,1,1,0,0,5,5,1,1,-5.337465910598781,-1.679745160262438,10.666046,13.292536,-100.78926,-26.495749,1,2024-01-22,-8.008571428571429,0.0,24.982857142857142,13.707142857142857,1.0,251.27142857142857,2024,1,22,28.0,0,China_1007.csv
2024-01-23,1007,29.0,15.0,7.0,1.0,26.0,1.0,1,1,0,0,5,5,1,1,-4.948597303363173,-2.146345518832676,10.219528,12.928248,-92.31862,-37.00706,1,2024-01-23,-4.975714285714285,0.0,22.952857142857145,10.957142857142857,1.0,181.68428571428572,2024,1,23,29.0,0,China_1007.csv
2024-01-24,1007,29.0,23.0,12.0,1.0,24.0,1.2,1,1,0,0,5,5,1,1,-4.056052951166029,-2.7096275898337163,9.400234,12.502657,-90.88059,-49.470963,1,2024-01-24,-2.6685714285714286,0.0,28.422857142857143,8.321428571428571,1.0,209.49285714285716,2024,1,24,29.0,0,China_1007.csv
2024-01-25,1007,46.0,26.0,11.0,2.0,28.0,1.0,1,1,0,0,5,5,1,1,-3.2855662445954255,-2.0083060787557305,7.3990045,11.040388,-64.44262,-54.15874,1,2024-01-25,-1.1600000000000001,0.0,23.314285714285713,10.668571428571429,1.0,212.51999999999998,2024,1,25,46.0,0,China_1007.csv
2024-01-26,1007,56.0,35.0,9.0,1.0,28.0,1.4,1,1,0,0,5,5,1,1,-3.6533588668787425,-1.5769434691998152,10.122461,11.667551,-44.07309,-41.30637,1,2024-01-26,-2.0228571428571427,0.0,29.27,9.847142857142858,1.0,142.42285714285714,2024,1,26,56.0,0,China_1007.csv
2024-01-27,1007,61.0,33.0,11.0,2.0,27.0,1.0,1,1,0,0,5,5,1,1,-2.850150434381045,-1.8618369882798633,7.961688,10.328147,-56.990685,-49.914528,1,2024-01-27,-2.748571428571428,0.0,33.285714285714285,7.761428571428572,1.0,196.33571428571426,2024,1,27,61.0,0,China_1007.csv
2024-01-28,1007,65.0,50.0,23.0,4.0,18.0,1.0,1,1,0,0,5,5,5,5,0.2900422292211074,-3.49071188329177,6.2198653,6.703298,2.6318367,-92.75764,1,2024-01-28,-2.2814285714285716,0.0,35.50142857142857,7.417142857142857,1.0,177.66714285714286,2024,1,28,65.0,0,China_1007.csv
2024-01-29,1007,97.0,70.0,25.0,8.0,13.0,3.0,0,0,2,2,2,2,8,8,4.1909133954786055,-2.8582813178225974,9.258914,-2.8983881,77.836334,10.747575,1,2024-01-29,-2.39,0.0,56.67285714285714,7.774285714285715,1.0,108.10714285714286,2024,1,29,97.0,0,China_1007.csv
2024-01-30,1007,141.0,82.0,19.0,8.0,13.0,1.6,0,0,2,2,2,2,9,9,4.1439459289083675,-1.8880504862770484,11.117338,1.4015528,63.8237,-27.232931,1,2024-01-30,-3.8299999999999996,0.0,71.12857142857142,6.781428571428571,1.0,162.57714285714286,2024,1,30,141.0,0,China_1007.csv
2024-01-31,1007,172.0,46.0,12.0,4.0,26.0,1.0,1,1,0,0,1,1,3,3,0.9745693514375765,-0.8049686146025008,12.193744,4.5755067,28.430248,-22.218859,1,2024-01-31,-3.11,0.0,28.641428571428573,9.765714285714285,1.0,89.32142857142857,2024,1,31,172.0,0,China_1007.csv
2024-02-01,1007,100.0,31.0,10.0,3.0,24.0,1.0,1,1,0,0,1,1,3,3,-1.6551186261920532,-1.657175456955142,9.753858,6.764943,-14.636174,-14.3648,1,2024-02-01,-5.83,0.0,25.225714285714286,5.22,1.0,162.81,2024,2,1,100.0,0,China_1007.csv
2024-02-02,1007,72.0,56.0,19.0,5.0,13.0,1.2,1,1,0,0,5,5,5,5,0.5309498183809911,-3.2025180149552317,7.6464224,2.0773575,15.442897,-85.443344,1,2024-02-02,-4.1814285714285715,0.0,43.714285714285715,4.985714285714286,1.0,183.20714285714286,2024,2,2,72.0,0,China_1007.csv
2024-02-03,1007,125.0,67.0,23.0,6.0,13.0,1.6,0,0,2,2,2,2,2,2,3.0618598631176805,-2.8943745056092816,10.080745,1.7929578,43.32748,-47.098686,1,2024-02-03,-2.8285714285714287,0.0,44.0,4.7871428571428565,1.0,147.29142857142855,2024,2,3,125.0,0,China_1007.csv
2024-02-04,1007,152.0,78.0,24.0,8.0,14.0,1.0,0,0,2,2,2,2,2,2,4.90055380914613,-2.4452675876991994,11.075429,0.8353932,65.599915,-31.119076,1,2024-02-04,-2.794285714285714,0.0,53.089999999999996,4.36,1.0,180.32142857142858,2024,2,4,152.0,0,China_1007.csv
2024-02-05,1007,166.0,69.0,15.0,6.0,28.0,1.0,0,0,2,2,1,1,9,9,2.724729346252544,-0.4372340193645835,11.962006,3.202331,39.124474,-8.551267,1,2024-02-05,-1.4657142857142857,0.0,53.6,5.487142857142857,1.0,209.07857142857142,2024,2,5,166.0,0,China_1007.csv
2024-02-06,1007,159.0,40.0,10.0,3.0,31.0,1.6,1,1,0,0,1,1,3,3,-0.07433712407661303,-0.3314511177430468,11.76685,5.339392,18.86302,-25.980862,1,2024-02-06,-1.217142857142857,0.0,37.20285714285715,13.492857142857144,1.0,210.01,2024,2,6,159.0,0,China_1007.csv
2024-02-07,1007,99.0,24.0,6.0,2.0,32.0,1.4,1,1,0,0,1,1,3,3,-2.788296337139023,-0.6559905310844947,10.40466,8.898376,-39.861027,-34.150818,1,2024-02-07,-1.92,0.0,36.128571428571426,9.344285714285714,1.0,201.33285714285714,2024,2,7,99.0,0,China_1007.csv
2024-02-08,1007,65.0,23.0,6.0,2.0,31.0,1.0,1,1,0,0,5,5,1,1,-3.636602535546776,-1.0914434599755265,8.795424,10.981479,-62.19394,-35.313896,1,2024-02-08,-1.3957142857142857,0.0,40.50571428571429,6.922857142857143,1.0,208.98142857142858,2024,2,8,65.0,0,China_1007.csv
2024-02-09,1007,65.0,46.0,7.0,4.0,36.0,1.0,1,1,0,0,5,5,1,1,-2.037550416166306,-0.190627318724706,5.0355062,4.773427,-39.936764,30.916273,1,2024-02-09,0.13428571428571429,0.0,34.494285714285716,10.875714285714285,1.0,165.10142857142858,2024,2,9,65.0,0,China_1007.csv
2024-02-10,1007,113.0,30.0,4.0,1.0,31.0,1.0,1,1,0,0,1,1,3,3,-3.3079648136802215,-0.4709792821828222,11.706676,9.111376,-22.994745,-35.289597,1,2024-02-10,-0.6328571428571428,0.0,43.42142857142857,8.721428571428572,1.0,179.0457142857143,2024,2,10,113.0,0,China_1007.csv
2024-02-11,1007,80.0,64.0,10.0,3.0,28.0,1.2,1,1,0,0,5,5,1,1,-1.4971691253092445,-0.8636348477947986,7.8163075,7.4675446,-27.573425,-6.4033475,1,2024-02-11,1.7085714285714286,0.0,49.029999999999994,7.167142857142857,1.0,179.82142857142858,2024,2,11,80.0,0,China_1007.csv
2024-02-12,1007,151.0,84.0,19.0,7.0,36.0,1.0,0,0,2,2,2,2,9,9,3.77492844444411,0.05020376710569479,11.686274,1.298429,59.830418,-25.59343,1,2024-02-12,2.197142857142857,0.0,58.120000000000005,5.981428571428571,1.0,176.45000000000002,2024,2,12,151.0,0,China_1007.csv
2024-02-13,1007,172.0,104.0,22.0,9.0,47.0,1.0,0,0,2,2,2,2,9,9,6.083558367315201,1.365714026962158,12.246209,0.75563663,72.12674,-14.32544,1,2024-02-13,5.298571428571429,0.0,55.800000000000004,6.218571428571429,1.0,197.19,2024,2,13,172.0,0,China_1007.csv
2024-02-14,1007,184.0,44.0,13.0,7.0,29.0,1.4,0,0,2,2,1,1,9,9,3.0525792450028804,-0.2528262195069302,12.066901,3.7149482,38.06038,-15.161052,1,2024-02-14,3.8042857142857147,0.0,35.434285714285714,12.892857142857142,1.0,177.8842857142857,2024,2,14,184.0,0,China_1007.csv
2024-02-15,1007,85.0,18.0,5.0,1.0,33.0,1.2,1,1,0,0,5,5,3,3,-3.91204134252346,-0.7915918413061608,11.362194,9.805443,-35.152267,-37.58536,1,2024-02-15,1.1614285714285713,0.0,47.19714285714286,10.127142857142857,1.0,218.1657142857143,2024,2,15,85.0,0,China_1007.csv
2024-02-16,1007,35.0,58.0,8.0,5.0,28.0,1.0,1,1,0,0,5,5,1,1,-1.833517988984741,-0.941242171615681,5.645674,4.5435715,-31.352686,5.23127,1,2024-02-16,1.2871428571428571,0.0,69.23142857142857,6.582857142857143,1.0,180.7328571428571,2024,2,16,58.0,0,China_1007.csv
2024-02-17,1007,117.0,69.0,16.0,6.0,27.0,2.2,0,0,2,2,1,1,9,9,2.0869946511485034,-0.806260634465673,9.906651,3.5738556,19.174885,2.718516,1,2024-02-17,4.368571428571428,0.0,71.81142857142858,6.7457142857142856,1.0,136.1142857142857,2024,2,17,117.0,0,China_1007.csv
2024-02-18,1007,156.0,64.0,13.0,10.0,31.0,1.2,0,0,2,2,2,2,9,9,4.333450771904344,0.28589649285188595,11.854685,1.941621,52.484432,-6.0914755,1,2024-02-18,4.271428571428571,0.0,53.86857142857143,18.07857142857143,1.0,142.85285714285715,2024,2,18,156.0,0,China_1007.csv
2024-02-19,1007,133.0,31.0,3.0,1.0,30.0,1.0,1,1,0,0,1,1,3,3,-3.005662160727611,-0.2764801871699287,12.382884,7.937292,-9.508103,-43.352104,1,2024-02-19,-0.6542857142857142,0.0,18.13142857142857,15.825714285714286,1.0,58.558571428571426,2024,2,19,133.0,0,China_1007.csv
2024-02-20,1007,33.0,21.0,5.0,1.0,26.0,1.0,1,1,0,0,5,5,1,1,-5.053450071599123,-1.790338700549425,10.793967,12.805184,-89.71372,-31.43552,1,2024-02-20,-4.258571428571429,0.0,51.79714285714285,5.078571428571428,1.0,119.05999999999999,2024,2,20,33.0,0,China_1007.csv
2024-02-21,1007,44.0,21.0,7.0,1.0,26.0,1.0,1,1,0,0,5,5,1,1,-4.526849499756612,-1.9289734075682836,10.47024,12.238986,-84.497696,-32.596878,1,2024-02-21,-2.2357142857142858,0.0,28.434285714285718,11.299999999999999,1.0,173.72714285714287,2024,2,21,44.0,0,China_1007.csv
2024-02-22,1007,46.0,13.0,4.0,2.0,29.0,1.4,1,1,0,0,5,5,1,1,-4.40948270572163,-1.2910940528506871,8.601141,11.655706,-68.31575,-35.061195,1,2024-02-22,-2.5985714285714288,0.0,27.44142857142857,7.461428571428571,1.0,154.69571428571427,2024,2,22,46.0,0,China_1007.csv
2024-02-23,1007,28.0,33.0,18.0,6.0,20.0,1.0,1,1,0,0,5,5,5,5,-0.4320232927273867,-3.1486606462251543,7.0665874,1.435326,12.941062,-78.48475,1,2024-02-23,-1.8942857142857144,0.0,31.439999999999998,5.761428571428572,1.0,170.51142857142855,2024,2,23,33.0,0,China_1007.csv
2024-02-24,1007,75.0,54.0,17.0,5.0,29.0,1.4,1,1,0,0,5,5,5,5,0.36205495324133863,-1.5491664490417363,8.556163,3.9495044,27.068537,-48.90899,1,2024-02-24,-0.39714285714285713,0.0,37.074285714285715,7.501428571428571,1.0,195.1985714285714,2024,2,24,75.0,0,China_1007.csv
2024-02-25,1007,128.0,45.0,7.0,1.0,29.0,1.0,1,1,0,0,1,1,3,3,-2.312854018671586,-0.611211132422307,11.985067,6.6867104,1.974587,-25.322702,1,2024-02-25,0.9585714285714285,0.0,32.971428571428575,8.95,1.0,117.69714285714285,2024,2,25,128.0,0,China_1007.csv
2024-02-26,1007,79.0,63.0,14.0,5.0,30.0,1.0,1,1,0,0,5,5,5,5,0.07029777149732676,-1.0117215451414114,6.4910097,3.3205607,-11.182349,11.031792,1,2024-02-26,-0.14142857142857143,0.0,52.05285714285714,9.370000000000001,1.0,165.63000000000002,2024,2,26,79.0,0,China_1007.csv
2024-02-27,1007,130.0,64.0,12.0,4.0,24.0,1.4,1,1,0,0,1,1,3,3,0.44541749553301724,-0.9285695340678458,11.02141,4.1558027,34.711052,3.5434465,1,2024-02-27,1.1657142857142857,0.0,55.71,6.591428571428572,1.0,132.67714285714285,2024,2,27,130.0,0,China_1007.csv
2024-02-28,1007,114.0,63.0,12.0,3.0,25.0,1.4,1,1,0,0,1,1,3,3,-0.4496104616232165,-1.0715899116514858,9.837493,6.694969,-22.65885,-16.590996,1,2024-02-28,1.5857142857142856,0.0,41.44285714285714,11.81857142857143,1.0,109.67999999999999,2024,2,28,114.0,0,China_1007.csv
2024-02-29,1007,119.0,25.0,3.0,1.0,32.0,1.4,1,1,0,0,1,1,3,3,-3.3070406084985904,-0.2412531261485191,12.03559,8.087994,-9.387043,-39.76771,1,2024-02-29,-2.1814285714285715,0.0,20.585714285714285,14.65857142857143,1.0,204.04142857142855,2024,2,29,119.0,0,China_1007.csv
2024-03-01,1007,33.0,34.0,7.0,2.0,26.0,1.6,1,1,0,0,5,5,1,1,-3.878999468768643,-1.5979674239183264,8.074375,9.896552,-71.700264,-6.751332,1,2024-03-01,-0.3785714285714286,0.0,33.97571428571428,13.884285714285713,1.0,220.82142857142858,2024,3,1,34.0,0,China_1007.csv
2024-03-02,1007,44.0,75.0,11.0,3.0,27.0,2.6,1,1,0,0,5,5,1,1,-1.628694378459387,-0.911098257018142,8.8082485,7.98543,-58.07887,-7.3402743,1,2024-03-02,3.1242857142857146,0.0,33.152857142857144,12.107142857142858,1.0,188.13714285714286,2024,3,2,75.0,0,China_1007.csv
2024-03-03,1007,98.0,49.0,12.0,5.0,30.0,1.4,1,1,0,0,1,1,3,3,0.06021263218951055,-0.8113703789902691,6.72794,3.3068457,-2.928426,3.2932127,1,2024-03-03,1.1085714285714285,0.0,46.98142857142857,9.505714285714287,1.0,135.78714285714287,2024,3,3,98.0,0,China_1007.csv
2024-03-04,1007,76.0,52.0,13.0,6.0,26.0,1.0,1,1,0,0,5,5,5,5,0.2081280149865475,-1.3709730324471263,6.5192757,2.392044,-6.362818,13.30547,1,2024-03-04,2.595714285714286,0.0,53.23428571428571,7.292857142857143,1.0,140.31714285714287,2024,3,4,76.0,0,China_1007.csv
2024-03-05,1007,96.0,64.0,12.0,6.0,24.0,1.6,1,1,0,0,1,1,9,9,0.826450275352056,-0.9736895194166475,7.3944197,3.2971582,15.727083,6.7321024,1,2024-03-05,0.86,0.0,71.77857142857142,6.017142857142857,1.0,191.26285714285714,2024,3,5,96.0,0,China_1007.csv
2024-03-06,1007,149.0,38.0,9.0,4.0,30.0,2.0,1,1,0,0,1,1,3,3,0.1588389226623599,-0.25867049222019106,11.273395,5.1432004,17.547455,-20.620949,1,2024-03-06,1.8457142857142856,0.0,48.79714285714285,9.22857142857143,1.0,167.57285714285715,2024,3,6,149.0,0,China_1007.csv
2024-03-07,1007,94.0,49.0,12.0,5.0,31.0,1.4,1,1,0,0,1,1,0,0,-0.0238533445219788,-0.7542209346266702,6.759169,3.3621135,-2.9343185,3.343193,1,2024-03-07,2.662857142857143,0.0,35.424285714285716,15.662857142857144,1.0,242.13000000000002,2024,3,7,94.0,0,China_1007.csv
2024-03-08,1007,105.0,17.0,7.0,1.0,31.0,1.0,1,1,0,0,1,1,3,3,-3.258694616219269,-1.0883873105170676,11.493637,9.552177,-22.875368,-40.41162,1,2024-03-08,2.9214285714285713,0.0,39.385714285714286,8.078571428571427,1.0,230.24285714285716,2024,3,8,105.0,0,China_1007.csv
2024-03-09,1007,34.0,57.0,18.0,4.0,32.0,1.0,1,1,0,0,5,5,5,5,-0.9537867046801095,-1.8212965755700588,5.2767115,6.502298,-3.487156,-85.221596,1,2024-03-09,4.2628571428571425,0.0,53.55428571428571,8.28,1.0,198.01714285714283,2024,3,9,57.0,0,China_1007.csv
2024-03-10,1007,106.0,90.0,26.0,7.0,22.0,1.0,0,0,2,2,2,2,2,2,3.8726263883479546,-2.205780840372653,9.022992,0.6419619,38.44638,-80.236496,1,2024-03-10,5.3,0.0,61.55714285714286,5.984285714285714,1.0,207.95857142857145,2024,3,10,106.0,0,China_1007.csv
2024-03-11,1007,169.0,60.0,17.0,4.0,34.0,1.2,0,0,2,2,1,1,9,9,1.9243805731351438,-0.4102134898874362,11.528673,3.6093938,37.619797,-24.833778,1,2024-03-11,7.648571428571429,0.0,31.518571428571427,10.694285714285714,1.0,170.32142857142858,2024,3,11,169.0,0,China_1007.csv
2024-03-12,1007,114.0,46.0,10.0,3.0,40.0,1.4,1,1,0,0,1,1,3,3,-0.9755018354967597,0.18116812265539167,9.803162,6.4553084,5.0823164,-10.388616,1,2024-03-12,6.341428571428572,0.0,39.41142857142857,9.274285714285714,1.0,229.62571428571428,2024,3,12,114.0,0,China_1007.csv
2024-03-13,1007,98.0,58.0,17.0,3.0,33.0,1.4,1,1,0,0,5,5,5,5,-0.13544878329823884,-1.134435223544354,9.228968,7.7361217,-32.93094,-11.475377,1,2024-03-13,8.63,0.0,34.941428571428574,8.098571428571429,1.0,215.28428571428572,2024,3,13,98.0,0,China_1007.csv
2024-03-14,1007,118.0,55.0,17.0,3.0,46.0,1.0,1,1,0,0,1,1,3,3,0.18785678212508125,0.04205038080934317,7.300727,4.50103,23.275002,29.085276,1,2024-03-14,11.370000000000001,0.0,39.94428571428572,9.838571428571429,1.0,222.3642857142857,2024,3,14,118.0,0,China_1007.csv
2024-03-15,1007,101.0,93.0,17.0,5.0,65.0,1.0,2,2,1,1,3,3,11,11,1.5525653883971313,2.409533049372726,2.022707,2.9063647,31.853895,33.695408,1,2024-03-15,12.888571428571428,0.0,48.27285714285714,9.118571428571428,1.0,159.00571428571428,2024,3,15,101.0,0,China_1007.csv
2024-03-16,1007,165.0,92.0,10.0,7.0,37.0,1.0,0,0,2,2,1,1,9,9,2.911603862754021,1.386294877763092,12.465809,2.485424,60.28746,-9.393356,1,2024-03-16,10.998571428571427,0.0,27.542857142857144,17.958571428571428,1.0,239.85714285714286,2024,3,16,165.0,0,China_1007.csv
2024-03-17,1007,126.0,35.0,4.0,1.0,34.0,1.8,1,1,0,0,1,1,3,3,-2.750748204383761,0.11592029733533832,11.640914,7.9181294,-8.748735,-37.8087,1,2024-03-17,7.418571428571428,0.0,27.255714285714284,12.461428571428572,1.0,160.53428571428572,2024,3,17,126.0,0,China_1007.csv
2024-03-18,1007,30.0,99.0,13.0,3.0,33.0,1.4,1,1,0,0,5,5,5,5,-1.52091600469625,-0.5136958612962429,14.827521,2.3895264,-27.847002,-14.901889,1,2024-03-18,8.507142857142856,0.0,25.62,13.637142857142857,1.0,234.44714285714284,2024,3,18,99.0,0,China_1007.csv
2024-03-19,1007,120.0,80.0,3.0,1.0,31.0,1.0,1,1,0,0,1,1,3,3,-2.4917070095774125,0.5446920707992359,14.014534,4.1917844,40.153797,18.499786,1,2024-03-19,7.675714285714286,0.0,19.554285714285715,17.927142857142858,1.0,176.76714285714283,2024,3,19,120.0,0,China_1007.csv
2024-03-20,1007,58.0,50.0,7.0,1.0,31.0,1.0,1,1,0,0,5,5,1,1,-3.7420453032745837,-0.8886443463991294,9.0436945,9.103152,-68.780174,-23.251024,1,2024-03-20,7.621428571428572,0.0,30.48857142857143,11.77,1.0,188.31714285714287,2024,3,20,58.0,0,China_1007.csv
2024-03-21,1007,54.0,75.0,23.0,5.0,25.0,1.0,1,1,0,0,2,2,5,5,1.009085441380674,-2.4439361010432448,5.4158835,6.65353,2.1374133,-84.15537,1,2024-03-21,7.275714285714286,0.0,56.98571428571428,6.359999999999999,1.0,162.9042857142857,2024,3,21,75.0,0,China_1007.csv
2024-03-22,1007,130.0,58.0,14.0,5.0,37.0,2.2,1,1,0,0,1,1,9,9,1.3919541182041946,0.11806131290545305,10.133775,4.1124067,18.3452,-0.06468992,1,2024-03-22,12.497142857142858,0.0,29.535714285714285,10.317142857142857,1.0,254.45714285714283,2024,3,22,130.0,0,China_1007.csv
2024-03-23,1007,109.0,77.0,22.0,7.0,44.0,2.0,0,0,2,2,2,2,2,2,3.4397139556455403,0.14937462278135902,9.529466,2.7366772,37.65759,-49.9862,1,2024-03-23,13.652857142857142,0.0,40.362857142857145,7.121428571428572,1.0,126.45142857142856,2024,3,23,109.0,0,China_1007.csv
2024-03-24,1007,133.0,68.0,14.0,9.0,33.0,2.0,0,0,2,2,2,2,9,9,3.701980716361996,0.28855789410481786,11.0525255,2.2062752,52.20084,-1.931551,1,2024-03-24,8.338571428571429,0.0,70.20857142857143,4.93,1.0,175.34,2024,3,24,133.0,0,China_1007.csv
2024-03-25,1007,144.0,59.0,9.0,5.0,37.0,1.4,1,1,0,0,1,1,9,9,0.8024778498587333,0.6625833761002876,11.16649,4.1246405,20.869267,-7.023413,1,2024-03-25,10.02,0.0,69.23285714285714,7.161428571428572,1.0,143.28142857142856,2024,3,25,144.0,0,China_1007.csv
2024-03-26,1007,150.0,76.0,18.0,7.0,16.0,1.0,0,0,2,2,2,2,9,9,3.429347679517212,-1.7400693028624894,11.362182,1.3974037,61.532883,-27.00114,1,2024-03-26,10.331428571428571,0.0,71.68571428571428,9.59,1.0,139.67714285714285,2024,3,26,150.0,0,China_1007.csv
2024-03-27,1007,167.0,98.0,23.0,10.0,5.0,1.0,0,0,2,2,2,2,2,2,6.452054055049377,-2.487610603981376,11.405754,0.28446457,74.13047,-34.391205,1,2024-03-27,10.65857142857143,0.0,54.61857142857143,10.587142857142856,1.0,196.30857142857144,2024,3,27,167.0,0,China_1007.csv
2024-03-28,1007,184.0,295.0,6.0,3.0,36.0,2.2,0,0,3,3,0,0,10,10,4.168773562885128,5.186602304242273,16.491243,2.7908998,46.142696,42.392433,1,2024-03-28,9.807142857142859,0.0,23.05142857142857,13.164285714285713,1.0,205.57142857142858,2024,3,28,295.0,0,China_1007.csv
2024-03-29,1007,117.0,93.0,7.0,2.0,36.0,1.0,1,1,0,0,1,1,3,3,-1.2216699675281508,0.8266723669933775,13.8346615,4.0755954,38.789433,21.11327,1,2024-03-29,12.157142857142857,0.0,28.035714285714285,12.182857142857143,1.0,219.62142857142857,2024,3,29,117.0,0,China_1007.csv
2024-03-30,1007,89.0,42.0,9.0,3.0,38.0,1.2,1,1,0,0,5,5,3,3,-1.7774646453153224,-0.17784312391243848,8.7960005,7.380819,-24.357147,-7.750661,1,2024-03-30,13.105714285714287,0.0,28.792857142857144,11.98,1.0,165.99285714285716,2024,3,30,89.0,0,China_1007.csv
2024-03-31,1007,57.0,78.0,16.0,7.0,41.0,2.0,0,0,0,0,5,5,5,5,1.4573102133076037,0.17245745174327942,8.652404,3.1627324,37.529846,-47.573696,1,2024-03-31,12.491428571428571,0.0,41.808571428571426,7.661428571428571,1.0,100.05428571428571,2024,3,31,78.0,0,China_1007.csv
2024-04-01,1007,124.0,70.0,11.0,6.0,40.0,2.0,1,1,0,0,1,1,9,9,1.519214337469958,0.9308765215235925,10.349203,3.758463,22.375889,2.5653996,1,2024-04-01,11.33,0.0,29.12,9.192857142857141,1.0,158.9,2024,4,1,124.0,0,China_1007.csv
2024-04-02,1007,117.0,78.0,14.0,5.0,54.0,2.0,2,2,1,1,1,1,9,9,1.430030170171814,1.818075923149165,9.908923,4.0933332,29.88665,12.587393,1,2024-04-02,14.772857142857143,0.0,36.107142857142854,7.511428571428572,1.0,158.90857142857143,2024,4,2,117.0,0,China_1007.csv
2024-04-03,1007,129.0,66.0,10.0,4.0,47.0,1.0,1,1,0,0,1,1,3,3,0.1316976142218504,1.2737562798789523,10.964268,4.257583,25.207136,19.723295,1,2024-04-03,13.945714285714287,0.0,38.62428571428571,11.288571428571428,1.0,177.46285714285713,2024,4,3,129.0,0,China_1007.csv
2024-04-04,1007,123.0,62.0,14.0,4.0,34.0,2.0,1,1,0,0,1,1,3,3,0.7157284789159715,-0.2569074455434176,9.951504,4.310149,16.02459,-0.9011254,1,2024-04-04,11.555714285714286,0.0,41.60857142857143,12.62142857142857,1.0,162.69,2024,4,4,123.0,0,China_1007.csv
2024-04-05,1007,118.0,60.0,14.0,4.0,46.0,1.0,1,1,0,0,1,1,9,9,0.3710380231147872,0.5527941493059239,7.259263,4.393911,19.995434,28.6592,1,2024-04-05,13.877142857142857,0.0,52.86714285714286,8.167142857142858,1.0,215.44428571428574,2024,4,5,118.0,0,China_1007.csv
2024-04-06,1007,112.0,79.0,14.0,4.0,53.0,1.0,1,1,0,0,1,1,0,0,0.566175801623503,1.44510008364623,4.454901,1.134437,30.556957,28.390488,1,2024-04-06,18.33142857142857,0.0,28.02285714285714,10.278571428571428,1.0,248.05285714285714,2024,4,6,112.0,0,China_1007.csv
2024-04-07,1007,146.0,41.0,13.0,2.0,37.0,1.4,1,1,0,0,1,1,3,3,-0.47359497643812115,-0.3472316535800137,11.668652,5.802992,12.246463,-23.243649,1,2024-04-07,19.53142857142857,0.0,24.955714285714286,11.151428571428571,1.0,181.97142857142856,2024,4,7,146.0,0,China_1007.csv
2024-04-08,1007,58.0,79.0,15.0,4.0,38.0,1.0,1,1,0,0,5,5,5,5,-0.49605232556876405,-0.4003658637742501,5.0642996,6.818305,-0.9201551,-78.9846,1,2024-04-08,15.271428571428572,0.0,30.284285714285716,14.455714285714285,1.0,162.3385714285714,2024,4,8,79.0,0,China_1007.csv
2024-04-09,1007,82.0,54.0,10.0,3.0,34.0,1.0,1,1,0,0,5,5,1,1,-1.6474587458254668,-0.5254026173385199,7.827989,7.4437175,-26.859303,-7.076313,1,2024-04-09,11.284285714285714,0.0,32.39142857142857,11.06,1.0,149.14857142857142,2024,4,9,82.0,0,China_1007.csv
2024-04-10,1007,74.0,58.0,20.0,5.0,10.0,1.2,1,1,0,0,5,5,5,5,0.7433183646809266,-3.528463197543351,7.6864696,2.0481195,15.393189,-85.73303,1,2024-04-10,8.872857142857143,0.0,74.25142857142858,4.42,1.0,141.34142857142857,2024,4,10,74.0,0,China_1007.csv
2024-04-11,1007,121.0,75.0,16.0,6.0,51.0,2.0,0,0,2,2,1,1,9,9,2.2840910061847306,1.4017661942294104,9.904803,3.9396038,29.713854,12.0535345,1,2024-04-11,15.804285714285713,0.0,67.68714285714286,7.422857142857143,1.0,189.38000000000002,2024,4,11,121.0,0,China_1007.csv
2024-04-12,1007,167.0,92.0,17.0,8.0,49.0,1.0,0,0,2,2,2,2,9,9,4.5298737894706695,1.766186489571717,12.199638,1.1892635,70.03606,-12.899118,1,2024-04-12,19.617142857142856,0.0,66.90428571428572,9.430000000000001,1.0,189.58285714285714,2024,4,12,167.0,0,China_1007.csv
2024-04-13,1007,186.0,66.0,8.0,5.0,55.0,1.4,2,2,1,1,1,1,9,9,1.7257681461684522,2.7985302090447037,12.02847,3.4871585,54.378872,-11.652801,1,2024-04-13,20.72142857142857,0.0,59.00714285714286,12.858571428571429,1.0,164.19714285714286,2024,4,13,186.0,0,China_1007.csv
2024-04-14,1007,138.0,54.0,13.0,5.0,26.0,1.0,1,1,0,0,1,1,9,9,1.0473996942966974,-0.9510981004947855,11.426129,3.6874092,34.02629,-4.6088595,1,2024-04-14,16.264285714285712,0.0,71.9857142857143,11.364285714285714,1.0,188.17428571428573,2024,4,14,138.0,0,China_1007.csv
2024-04-15,1007,128.0,81.0,7.0,2.0,35.0,2.0,1,1,0,0,1,1,3,3,-0.946000702018204,0.7920287815291063,11.168032,6.7199693,10.819962,-10.270905,1,2024-04-15,16.86,0.0,19.314285714285713,17.415714285714287,1.0,318.74571428571426,2024,4,15,128.0,0,China_1007.csv
2024-04-16,1007,93.0,57.0,12.0,1.0,41.0,1.2,1,1,0,0,1,1,3,3,-2.077978872702276,-0.14490113788059683,9.777887,8.663516,-33.567177,-16.847942,1,2024-04-16,17.68857142857143,0.0,29.84142857142857,8.781428571428572,1.0,227.71285714285713,2024,4,16,93.0,0,China_1007.csv
2024-04-17,1007,54.0,80.0,18.0,3.0,75.0,1.0,2,2,1,1,3,3,11,11,-0.5757867089352666,2.412748997761764,1.4517069,4.0376234,34.27127,35.885395,1,2024-04-17,19.48428571428571,0.0,45.51714285714286,10.767142857142858,1.0,191.26857142857142,2024,4,17,80.0,0,China_1007.csv
2024-04-18,1007,126.0,83.0,14.0,5.0,83.0,1.0,2,2,1,1,3,3,11,11,1.5443273964729665,4.3488975237348715,2.2892513,1.1581812,16.685768,68.53942,1,2024-04-18,21.099999999999998,0.0,31.93285714285714,11.325714285714286,1.0,102.20857142857143,2024,4,18,126.0,0,China_1007.csv
2024-04-19,1007,127.0,58.0,11.0,5.0,31.0,3.0,1,1,0,0,1,1,8,8,1.0665834697520287,0.04056397699024677,8.4130945,-2.2898824,61.99598,14.996661,1,2024-04-19,16.288571428571426,0.0,33.91428571428571,10.662857142857144,1.0,93.21428571428571,2024,4,19,127.0,0,China_1007.csv
2024-04-20,1007,60.0,41.0,8.0,3.0,42.0,1.0,1,1,0,0,5,5,1,1,-2.602393179123698,0.010848215491871921,7.1000075,8.261677,-53.33422,24.812685,1,2024-04-20,16.214285714285715,0.0,46.87571428571429,7.86,1.0,97.98857142857142,2024,4,20,60.0,0,China_1007.csv
2024-04-21,1007,56.0,76.0,13.0,6.0,85.0,2.0,2,2,1,1,3,3,11,11,0.5460201742142464,4.2426429924241855,-0.041025337,1.2511239,31.431559,81.37357,1,2024-04-21,17.52285714285714,0.0,54.644285714285715,9.964285714285714,1.0,138.48142857142858,2024,4,21,85.0,0,China_1007.csv
2024-04-22,1007,134.0,77.0,13.0,6.0,68.0,1.0,2,2,1,1,3,3,9,9,1.9735151933600714,3.1922689237489923,3.0489597,0.7210812,32.066322,50.800926,1,2024-04-22,18.185714285714287,0.0,63.028571428571425,12.052857142857144,1.0,131.92857142857142,2024,4,22,134.0,0,China_1007.csv
2024-04-23,1007,156.0,15.0,6.0,2.0,29.0,1.0,1,1,0,0,1,1,3,3,-1.801416763524462,-0.7035426364892814,12.397389,6.891202,0.72514135,-33.292446,1,2024-04-23,13.381428571428572,0.0,63.51857142857143,10.29142857142857,1.0,177.53285714285715,2024,4,23,156.0,0,China_1007.csv
2024-04-24,1007,37.0,42.0,11.0,3.0,54.0,1.0,1,1,0,0,5,5,0,0,-2.6211259520091623,0.5710552762183091,2.632046,6.7785406,-58.21437,50.93914,1,2024-04-24,17.34,0.0,57.12714285714286,9.991428571428571,1.0,183.96142857142857,2024,4,24,54.0,0,China_1007.csv
2024-04-25,1007,77.0,76.0,16.0,5.0,82.0,1.0,2,2,1,1,3,3,11,11,0.6564855404972794,3.541945928754643,1.5786247,2.732808,-5.483946,88.471695,1,2024-04-25,20.117142857142856,0.0,61.41142857142857,8.34142857142857,1.0,168.12571428571428,2024,4,25,82.0,0,China_1007.csv
2024-04-26,1007,145.0,88.0,16.0,6.0,66.0,1.0,2,2,1,1,3,3,9,9,2.8173277925349254,2.95325993128769,2.7683785,0.67358756,32.78321,51.253605,1,2024-04-26,20.81142857142857,0.0,69.91571428571429,7.348571428571428,1.0,170.50571428571428,2024,4,26,145.0,0,China_1007.csv
2024-04-27,1007,159.0,73.0,12.0,8.0,44.0,1.0,0,0,2,2,1,1,9,9,3.3154590418397882,1.500092501448009,11.982931,2.1451097,57.46335,-7.2873077,1,2024-04-27,18.248571428571427,0.0,51.934285714285714,12.654285714285715,1.0,111.35714285714286,2024,4,27,159.0,0,China_1007.csv
2024-04-28,1007,145.0,19.0,8.0,2.0,27.0,1.2,1,1,0,0,1,1,3,3,-1.6444486362385393,-1.0845984739310495,12.136848,6.8132434,1.2584561,-31.250967,1,2024-04-28,13.358571428571427,0.0,58.16142857142857,9.415714285714285,1.0,69.91714285714286,2024,4,28,145.0,0,China_1007.csv
2024-04-29,1007,48.0,20.0,8.0,3.0,20.0,1.0,1,1,0,0,5,5,1,1,-3.257172603227435,-2.3724972832319438,6.0318613,8.957314,-34.830803,-66.19617,1,2024-04-29,10.222857142857142,0.0,78.55999999999999,5.1000000000000005,1.0,229.11285714285714,2024,4,29,48.0,0,China_1007.csv
2024-04-30,1007,62.0,16.0,9.0,2.0,38.0,1.0,1,1,0,0,5,5,1,1,-3.364445351704813,-0.9530207920856166,8.506981,10.454657,-59.49956,-40.477665,1,2024-04-30,15.937142857142858,0.0,40.95285714285715,8.59142857142857,1.0,249.80285714285714,2024,4,30,62.0,0,China_1007.csv
2024-05-01,1007,43.0,33.0,12.0,2.0,44.0,1.0,1,1,0,0,5,5,1,1,-3.0527916385535288,-0.6174273265777726,2.5076094,7.6501393,-85.147484,24.72682,1,2024-05-01,18.764285714285712,0.0,40.94714285714286,11.562857142857142,1.0,211.17428571428573,2024,5,1,44.0,0,China_1007.csv
2024-05-02,1007,47.0,50.0,12.0,3.0,77.0,1.0,2,2,1,1,3,3,0,0,-2.0732085410112466,2.694258054010716,1.0794368,5.156267,-64.77318,61.064384,1,2024-05-02,19.082857142857144,0.0,49.74571428571429,10.902857142857142,1.0,205.1985714285714,2024,5,2,77.0,0,China_1007.csv
2024-05-03,1007,84.0,47.0,9.0,2.0,78.0,1.4,2,2,1,1,3,3,0,0,-2.19250346515378,3.328701953355555,1.3255694,4.613082,-29.419163,79.53448,1,2024-05-03,19.585714285714285,0.0,43.38857142857143,11.611428571428572,1.0,188.44428571428574,2024,5,3,84.0,0,China_1007.csv
2024-05-04,1007,83.0,61.0,17.0,4.0,50.0,1.0,1,1,0,0,5,5,5,5,0.07247507830127517,0.3174633683246685,6.8875213,4.8272943,-25.116812,0.1303508,1,2024-05-04,18.087142857142858,0.0,56.43714285714286,9.034285714285714,1.0,164.78142857142856,2024,5,4,83.0,0,China_1007.csv
2024-05-05,1007,130.0,63.0,10.0,5.0,47.0,1.4,1,1,0,0,1,1,9,9,0.7335506114250153,1.3904155648874066,10.595423,4.070603,22.304758,18.170444,1,2024-05-05,17.54714285714286,0.0,74.1542857142857,7.42,1.0,202.88714285714286,2024,5,5,130.0,0,China_1007.csv
2024-05-06,1007,150.0,40.0,9.0,3.0,59.0,1.4,1,1,0,0,1,1,3,3,-0.38990677949024455,2.137824252423663,3.8052785,0.9029954,25.102806,41.016937,1,2024-05-06,20.017142857142858,0.0,54.78857142857142,9.027142857142858,1.0,170.66714285714286,2024,5,6,150.0,0,China_1007.csv
2024-05-07,1007,96.0,34.0,13.0,2.0,62.0,1.4,1,1,0,0,1,1,0,0,-1.6062799986817462,1.3469507944564136,2.077981,5.4168267,-41.09486,9.51331,1,2024-05-07,20.564285714285713,0.0,42.80428571428571,7.302857142857143,1.0,173.32,2024,5,7,96.0,0,China_1007.csv
2024-05-08,1007,79.0,59.0,15.0,4.0,89.0,1.0,2,2,1,1,3,3,11,11,-0.23700525834362887,3.9043207871033117,1.0465682,3.2196963,-19.288774,92.042145,1,2024-05-08,22.62857142857143,0.0,46.58714285714286,13.945714285714287,1.0,193.86285714285714,2024,5,8,89.0,0,China_1007.csv
2024-05-09,1007,107.0,61.0,10.0,4.0,102.0,2.0,2,2,1,1,3,3,11,11,-0.052968353819584285,6.027226016808489,0.42761636,1.1202233,25.522038,88.82459,1,2024-05-09,23.29,0.0,43.94714285714286,11.53,1.0,170.90857142857143,2024,5,9,107.0,0,China_1007.csv
2024-05-10,1007,100.0,79.0,9.0,4.0,59.0,1.0,2,2,1,1,3,3,0,0,-0.39976385235638556,2.43832242302376,4.4350357,1.1176236,32.825462,28.342802,1,2024-05-10,21.400000000000002,0.0,40.64,12.817142857142857,1.0,263.2557142857143,2024,5,10,100.0,0,China_1007.csv
2024-05-11,1007,110.0,112.0,3.0,1.0,40.0,1.0,1,1,0,0,1,1,10,10,-2.167782742481794,1.8031161295386542,14.016471,3.8951998,42.390038,19.760479,1,2024-05-11,19.445714285714285,0.0,23.064285714285713,16.545714285714286,1.0,313.37857142857143,2024,5,11,112.0,0,China_1007.csv
2024-05-12,1007,75.0,34.0,9.0,1.0,46.0,1.2,1,1,0,0,5,5,1,1,-3.259927339950426,0.09994793999680346,10.351762,9.795654,-38.89531,-21.55927,1,2024-05-12,20.687142857142856,0.0,31.934285714285714,10.09,1.0,277.82,2024,5,12,75.0,0,China_1007.csv
2024-05-13,1007,52.0,47.0,12.0,3.0,84.0,1.0,2,2,1,1,3,3,0,0,-1.995941876688596,3.2970467883599444,0.9211857,4.799814,-64.6031,61.152596,1,2024-05-13,24.035714285714285,0.0,35.33428571428571,15.021428571428572,1.0,205.08285714285714,2024,5,13,84.0,0,China_1007.csv
2024-05-14,1007,71.0,52.0,8.0,3.0,46.0,1.0,1,1,0,0,5,5,0,0,-2.1762751702833762,0.6341165157391585,7.3811846,7.9608426,-45.586727,5.338893,1,2024-05-14,23.139999999999997,0.0,17.457142857142856,21.841428571428573,1.0,243.67142857142858,2024,5,14,71.0,0,China_1007.csv
2024-05-15,1007,73.0,25.0,4.0,1.0,47.0,1.0,1,1,0,0,5,5,1,1,-4.214452858388481,0.5429382340271858,10.756684,10.145243,-44.221603,-22.831867,1,2024-05-15,20.267142857142858,0.0,21.608571428571427,14.168571428571427,1.0,237.19714285714286,2024,5,15,73.0,0,China_1007.csv
2024-05-16,1007,33.0,53.0,13.0,4.0,75.0,1.0,2,2,1,1,3,3,0,0,-1.6534121367074222,2.4410816810238067,1.4885714,4.12811,-45.821934,73.36684,1,2024-05-16,21.755714285714284,0.0,38.964285714285715,7.9957142857142856,1.0,171.49857142857144,2024,5,16,75.0,0,China_1007.csv
2024-05-17,1007,74.0,66.0,11.0,5.0,112.0,2.0,2,2,1,1,3,3,11,11,0.018086678895895384,6.716850439390157,0.32300365,1.1109037,21.815277,94.16515,1,2024-05-17,25.025714285714287,0.0,51.24428571428571,8.428571428571429,1.0,131.37571428571428,2024,5,17,112.0,0,China_1007.csv
2024-05-18,1007,106.0,72.0,9.0,10.0,89.0,3.0,2,2,1,1,3,3,11,11,3.3709946315405115,5.893470293036434,6.010876,-3.75911,52.129623,64.11272,1,2024-05-18,25.697142857142858,0.0,55.07142857142857,10.387142857142859,1.0,126.88571428571429,2024,5,18,106.0,0,China_1007.csv
2024-05-19,1007,133.0,51.0,5.0,8.0,59.0,1.0,2,2,1,1,1,1,9,9,1.4246327994793984,3.0259481667105157,3.6402638,0.57567227,23.593088,51.996296,1,2024-05-19,20.335714285714285,0.0,63.27428571428571,10.897142857142857,1.0,111.42857142857143,2024,5,19,133.0,0,China_1007.csv
2024-05-20,1007,107.0,21.0,5.0,3.0,66.0,1.0,1,1,0,0,1,1,0,0,-2.2811802404981023,2.4767839386068227,2.1361856,4.9748907,9.813422,42.076138,1,2024-05-20,21.05,0.0,51.589999999999996,10.225714285714286,1.0,171.67000000000002,2024,5,20,107.0,0,China_1007.csv
2024-05-21,1007,48.0,34.0,10.0,4.0,86.0,2.0,2,2,1,1,3,3,0,0,-1.807047641646239,3.707888240102218,0.059651583,1.8168633,15.564413,87.30683,1,2024-05-21,21.631428571428568,0.0,55.25142857142857,7.525714285714286,1.0,129.82285714285715,2024,5,21,86.0,0,China_1007.csv
2024-05-22,1007,65.0,67.0,11.0,6.0,83.4,1.0,2,2,1,1,3,3,11,11,0.06841793131663448,4.068640177081224,2.1411164,2.1591375,-4.697801,67.53995,1,2024-05-22,25.641428571428573,0.0,62.01857142857143,12.04857142857143,1.0,191.6185714285714,2024,5,22,83.4,0,China_1007.csv
2024-05-23,1007,130.0,58.0,7.0,5.0,60.0,1.0,2,2,1,1,1,1,0,0,0.15883925504686178,2.7139301930156585,3.9052851,0.9688051,17.41435,41.576557,1,2024-05-23,23.56142857142857,0.0,53.291428571428575,12.582857142857142,1.0,125.52285714285715,2024,5,23,130.0,0,China_1007.csv
2024-05-24,1007,110.0,30.0,7.0,3.0,28.0,1.0,1,1,0,0,1,1,3,3,-1.8775721141771957,-0.9108223649861633,10.411697,6.6206875,-8.671208,-17.140823,1,2024-05-24,16.287142857142857,0.0,69.2042857142857,6.932857142857143,1.0,167.94142857142856,2024,5,24,110.0,0,China_1007.csv
2024-05-25,1007,54.0,22.0,9.0,5.0,23.0,1.0,1,1,0,0,5,5,1,1,-1.8730582248678767,-1.958457398917187,5.768799,3.4989154,-20.65486,18.204102,1,2024-05-25,13.782857142857143,0.0,86.99285714285715,5.398571428571429,1.0,217.70857142857145,2024,5,25,54.0,0,China_1007.csv
2024-05-26,1007,60.0,17.0,5.0,2.0,42.0,1.4,1,1,0,0,5,5,1,1,-3.8648275953020246,-0.08422939178734072,8.643188,10.701321,-68.22986,-11.020978,1,2024-05-26,21.111428571428572,0.0,34.58857142857143,16.245714285714286,1.0,294.0185714285714,2024,5,26,60.0,0,China_1007.csv
2024-05-27,1007,48.0,30.0,10.0,1.0,70.0,1.0,1,1,0,0,5,5,0,0,-3.7513555064234425,1.787940390433694,1.4389971,6.6737604,-78.43369,48.797424,1,2024-05-27,21.982857142857142,0.0,41.78142857142858,8.778571428571428,1.0,184.0885714285714,2024,5,27,70.0,0,China_1007.csv
2024-05-28,1007,55.0,44.0,12.0,3.0,110.0,1.0,2,2,1,1,3,3,11,11,-1.914235904057515,5.554704658123688,0.2901177,3.035638,-15.29774,95.35985,1,2024-05-28,24.435714285714287,0.0,44.44571428571429,10.402857142857142,1.0,179.37857142857143,2024,5,28,110.0,0,China_1007.csv
2024-05-29,1007,87.0,58.0,9.0,3.0,112.0,2.0,2,2,1,1,3,3,11,11,-1.1885817534894214,6.722218641300302,0.15419735,1.289368,25.240532,91.08811,1,2024-05-29,25.445714285714285,0.0,53.98285714285714,11.945714285714287,1.0,233.63714285714286,2024,5,29,112.0,0,China_1007.csv
2024-05-30,1007,84.0,35.0,8.0,2.0,69.0,1.0,2,2,1,1,3,3,0,0,-2.6472284586639803,2.3759917385016487,1.8007616,5.8696404,-73.60682,34.273434,1,2024-05-30,25.485714285714288,0.0,38.4,15.697142857142856,1.0,243.78571428571428,2024,5,30,84.0,0,China_1007.csv
2024-05-31,1007,59.0,10.0,5.0,1.0,50.0,1.0,1,1,0,0,5,5,1,1,-4.608384906618429,0.3323268090999974,10.816483,11.4432535,-78.98089,-17.79898,1,2024-05-31,22.919999999999998,0.0,35.69571428571429,11.852857142857143,1.0,209.46428571428572,2024,5,31,59.0,0,China_1007.csv
2024-06-01,1007,21.0,27.0,9.0,1.0,70.0,1.0,1,1,0,0,5,5,0,0,-4.528552797072463,1.6409171026297689,1.5106763,7.10718,-84.48128,37.415997,1,2024-06-01,25.284285714285716,0.0,36.60142857142857,9.370000000000001,1.0,188.8942857142857,2024,6,1,70.0,0,China_1007.csv
2024-06-02,1007,45.0,34.0,10.0,2.0,71.0,1.0,2,2,1,1,5,5,0,0,-3.2140091205331,2.0116877202112122,1.4535102,6.610603,-78.51804,46.56469,1,2024-06-02,25.245714285714286,0.0,37.65,9.095714285714285,1.0,147.45714285714286,2024,6,2,71.0,0,China_1007.csv
2024-06-03,1007,63.0,52.0,11.0,3.0,103.0,1.0,2,2,1,1,3,3,11,11,-1.77347931264427,5.248514511853355,0.4769586,3.154803,-15.92547,89.76338,1,2024-06-03,26.25857142857143,0.0,38.96,8.512857142857143,1.0,176.70714285714286,2024,6,3,103.0,0,China_1007.csv
2024-06-04,1007,77.0,47.0,10.0,5.0,105.0,3.0,2,2,1,1,3,3,11,11,-0.1519880927656265,6.08582035493567,6.293557,-3.918264,59.557808,62.490604,1,2024-06-04,26.192857142857143,0.0,41.58857142857143,10.111428571428572,1.0,155.76142857142855,2024,6,4,105.0,0,China_1007.csv
2024-06-05,1007,88.0,54.0,12.0,5.0,87.0,2.0,2,2,1,1,3,3,11,11,0.20840427672068965,4.311143321220569,0.71591955,1.0891051,19.979273,83.290146,1,2024-06-05,24.80142857142857,0.0,45.84428571428571,11.944285714285714,1.0,202.49285714285716,2024,6,5,88.0,0,China_1007.csv
2024-06-06,1007,101.0,56.0,11.0,4.0,103.0,1.0,2,2,1,1,3,3,11,11,-0.351220102098383,5.699627902001073,1.0653702,2.5173903,-0.16648425,85.26099,1,2024-06-06,25.934285714285714,0.0,49.58857142857143,11.507142857142856,1.0,213.14857142857142,2024,6,6,103.0,0,China_1007.csv
2024-06-07,1007,106.0,47.0,9.0,3.0,44.0,1.4,1,1,0,0,1,1,3,3,-1.2666853266491271,0.5998973683100133,9.490561,6.792149,4.833039,-10.407339,1,2024-06-07,18.75,0.0,79.66714285714285,6.208571428571429,1.0,179.06571428571428,2024,6,7,106.0,0,China_1007.csv
2024-06-08,1007,86.0,38.0,6.0,4.0,107.0,1.0,2,2,1,1,3,3,11,11,-1.67835797780268,6.1878817378948145,1.2312589,2.829058,-7.0083947,83.994896,1,2024-06-08,24.25,0.0,68.19142857142857,8.894285714285713,1.0,198.84714285714284,2024,6,8,107.0,0,China_1007.csv
2024-06-09,1007,88.0,30.0,8.0,3.0,91.0,1.0,2,2,1,1,3,3,11,11,-2.051238404048051,4.346588485538261,1.3223008,4.0261817,-12.585711,81.42898,1,2024-06-09,26.972857142857144,0.0,51.57857142857143,7.7700000000000005,1.0,132.52,2024,6,9,91.0,0,China_1007.csv
2024-06-10,1007,76.0,44.0,10.0,6.0,107.0,1.0,2,2,1,1,3,3,11,11,-0.15060512156594233,5.948352743177181,1.3762363,1.699374,4.253491,94.003746,1,2024-06-10,27.435714285714287,0.0,53.52571428571429,7.061428571428571,1.0,167.3342857142857,2024,6,10,107.0,0,China_1007.csv
2024-06-11,1007,92.0,33.0,13.0,4.0,121.0,1.6,2,2,1,1,3,3,11,11,-0.44388273158962505,6.702075325348922,0.44933838,1.8227751,32.64563,90.93433,1,2024-06-11,27.84,0.0,55.49428571428571,6.357142857142857,1.0,186.3642857142857,2024,6,11,121.0,0,China_1007.csv
2024-06-12,1007,56.0,43.0,10.0,3.0,133.0,1.4,2,2,1,1,3,3,11,11,-2.045805326045314,7.859583844662894,0.10767346,2.405211,-12.767788,99.525734,1,2024-06-12,29.24285714285714,0.0,50.451428571428565,7.362857142857143,1.0,105.14714285714285,2024,6,12,133.0,0,China_1007.csv
2024-06-13,1007,68.0,48.0,9.0,5.0,110.0,1.2,2,2,1,1,3,3,11,11,-0.8839579118998747,6.273845202954038,0.92796993,1.8833168,1.0406497,92.45058,1,2024-06-13,27.797142857142855,0.0,65.07571428571428,7.2457142857142856,1.0,178.96285714285713,2024,6,13,110.0,0,China_1007.csv
2024-06-14,1007,83.0,24.0,6.0,4.0,75.0,1.4,2,2,1,1,3,3,0,0,-1.9564959455469648,3.182791171632337,2.702506,4.089579,-29.315935,57.881783,1,2024-06-14,27.377142857142854,0.0,33.63857142857143,10.715714285714284,1.0,222.0157142857143,2024,6,14,83.0,0,China_1007.csv
2024-06-15,1007,58.0,26.0,9.0,2.0,51.0,1.8,1,1,0,0,5,5,1,1,-3.0691651108627034,0.4672570056843145,8.215415,9.105266,-70.46553,-0.90078163,1,2024-06-15,25.988571428571426,0.0,38.55142857142857,9.867142857142857,1.0,181.16714285714286,2024,6,15,58.0,0,China_1007.csv
2024-06-16,1007,62.0,41.0,9.0,3.0,93.0,1.2,2,2,1,1,3,3,11,11,-2.239885127260133,4.432462633568312,0.8196702,3.8632271,-20.865187,82.64988,1,2024-06-16,28.06714285714286,0.0,40.41142857142857,11.468571428571428,1.0,203.54,2024,6,16,93.0,0,China_1007.csv
2024-06-17,1007,77.0,54.0,8.0,3.0,114.0,2.0,2,2,1,1,3,3,11,11,-1.6089784643330782,6.86472941531761,0.1378802,1.2398502,24.798492,91.277115,1,2024-06-17,30.27,0.0,35.59142857142857,12.895714285714286,1.0,210.96571428571428,2024,6,17,114.0,0,China_1007.csv
2024-06-18,1007,99.0,54.0,8.0,3.0,122.0,3.4,2,2,1,1,3,3,11,11,-0.7847501029172471,7.978991911993106,6.246772,-4.235337,62.494907,63.08684,1,2024-06-18,30.905714285714286,0.0,37.35142857142857,11.595714285714285,1.0,190.5471428571429,2024,6,18,122.0,0,China_1007.csv
2024-06-19,1007,92.0,61.0,8.0,3.0,68.0,1.0,2,2,1,1,3,3,0,0,-1.5208557340074018,2.8826121958049966,1.9016261,4.865382,4.6617007,43.678608,1,2024-06-19,30.042857142857144,0.0,42.44714285714286,12.087142857142856,1.0,139.12285714285716,2024,6,19,92.0,0,China_1007.csv
2024-06-20,1007,103.0,57.0,5.0,4.0,77.0,1.0,2,2,1,1,3,3,0,0,-1.2225969266899295,4.1160694515593885,2.3303428,3.6565971,3.2453384,48.58064,1,2024-06-20,28.678571428571427,0.0,47.89714285714285,8.881428571428572,1.0,113.72571428571429,2024,6,20,103.0,0,China_1007.csv
2024-06-21,1007,101.0,41.0,10.0,6.0,30.0,1.0,1,1,0,0,1,1,9,9,0.14854177441703736,-0.679322794715629,5.9719067,2.5686421,3.5748906,18.383743,1,2024-06-21,22.91,0.0,79.80142857142857,5.577142857142857,1.0,145.95857142857145,2024,6,21,101.0,0,China_1007.csv
2024-06-22,1007,84.0,73.0,6.0,3.0,57.0,1.8,1,1,0,0,1,1,0,0,-1.6285930479954536,2.419573590612266,8.981418,7.553595,-52.438988,0.75001556,1,2024-06-22,26.98857142857143,0.0,32.70285714285714,11.284285714285714,1.0,219.42285714285714,2024,6,22,84.0,0,China_1007.csv
2024-06-23,1007,101.0,110.0,6.0,1.0,32.0,1.0,1,1,0,0,1,1,10,10,-1.9822728722104426,0.6618072951450009,13.987017,3.7976475,42.505806,22.105835,1,2024-06-23,25.381428571428575,0.0,36.48142857142857,14.794285714285715,1.0,231.79714285714286,2024,6,23,110.0,0,China_1007.csv
2024-06-24,1007,108.0,18.0,5.0,1.0,46.0,1.0,1,1,0,0,1,1,3,3,-3.428411823131046,0.4935236283701415,11.081949,9.272744,-42.66174,-27.390642,1,2024-06-24,26.86285714285714,0.0,31.684285714285714,9.901428571428571,1.0,253.71571428571428,2024,6,24,108.0,0,China_1007.csv
2024-06-25,1007,32.0,30.0,9.0,2.0,105.0,2.0,2,2,1,1,3,3,11,11,-3.3847025182317303,5.116914540296554,-0.284736,1.9266269,-26.22567,103.21575,1,2024-06-25,28.057142857142857,0.0,39.20285714285715,6.831428571428572,1.0,97.98857142857142,2024,6,25,105.0,0,China_1007.csv
2024-06-26,1007,57.0,57.0,7.0,6.0,106.0,2.0,2,2,1,1,3,3,11,11,-0.5525368121158227,6.442968436079956,0.3506929,1.5929927,11.565649,87.54607,1,2024-06-26,30.442857142857143,0.0,32.925714285714285,13.59,1.0,186.49,2024,6,26,106.0,0,China_1007.csv
2024-06-27,1007,97.0,53.0,7.0,2.0,96.0,1.0,2,2,1,1,3,3,11,11,-2.151040212621813,5.267161743801733,0.9329767,3.1555676,-15.036457,85.31435,1,2024-06-27,29.762857142857143,0.0,32.60142857142857,14.434285714285712,1.0,206.19714285714286,2024,6,27,97.0,0,China_1007.csv
2024-06-28,1007,72.0,54.0,11.0,3.0,112.0,1.8,2,2,1,1,3,3,11,11,-1.3363088586891232,6.28108855978202,0.061642714,1.440522,24.282766,91.7376,1,2024-06-28,30.735714285714288,0.0,37.94,12.290000000000001,1.0,156.46428571428572,2024,6,28,112.0,0,China_1007.csv
2024-06-29,1007,88.0,57.0,8.0,6.0,100.0,1.0,2,2,1,1,3,3,11,11,0.013374186716906277,5.869554556610315,1.7254156,1.4683197,4.3284364,74.66169,1,2024-06-29,27.29714285714286,0.0,67.08857142857143,6.188571428571429,1.0,130.1442857142857,2024,6,29,100.0,0,China_1007.csv
2024-06-30,1007,100.0,36.0,6.0,4.0,90.0,1.2,2,2,1,1,3,3,11,11,-1.403548995742805,4.8016408748076485,1.7289833,3.2818806,-8.432639,79.24769,1,2024-06-30,27.452857142857145,0.0,68.12714285714286,7.267142857142857,1.0,153.4,2024,6,30,100.0,0,China_1007.csv
2024-07-01,1007,89.0,21.0,5.0,3.0,53.0,1.0,1,1,0,0,1,1,0,0,-2.7034376585845594,1.1955695809735738,2.628698,5.7533417,-49.974194,33.829857,1,2024-07-01,24.28,0.0,76.83857142857143,6.4071428571428575,1.0,193.69571428571427,2024,7,1,89.0,0,China_1007.csv
2024-07-02,1007,51.0,79.0,8.0,3.0,33.0,2.6,1,1,0,0,5,5,1,1,-1.8301572721410888,0.07302495313024367,8.956817,8.004014,-57.881374,-7.6295385,1,2024-07-02,19.861428571428572,0.0,82.83142857142857,8.737142857142857,1.0,283.32142857142856,2024,7,2,79.0,0,China_1007.csv
2024-07-03,1007,77.0,33.0,5.0,3.0,41.0,1.6,1,1,0,0,5,5,1,1,-2.6586043517175337,0.356097597136063,7.92222,8.408892,-45.94481,11.363386,1,2024-07-03,23.55857142857143,0.0,69.43571428571428,6.684285714285714,1.0,207.6057142857143,2024,7,3,77.0,0,China_1007.csv
2024-07-04,1007,78.0,52.0,10.0,6.0,82.0,1.2,2,2,1,1,3,3,11,11,0.006174028150915816,3.9366209595285047,2.2459757,1.8542506,-0.37730742,70.10944,1,2024-07-04,25.21,0.0,73.26857142857143,5.958571428571429,1.0,160.04857142857142,2024,7,4,82.0,0,China_1007.csv
2024-07-05,1007,125.0,70.0,9.0,6.0,23.0,1.8,1,1,0,0,1,1,9,9,1.1627928719220448,-0.367193314215535,10.489121,3.7869756,23.220814,0.6942795,1,2024-07-05,26.728571428571428,0.0,79.40857142857143,6.224285714285714,1.0,188.05285714285714,2024,7,5,125.0,0,China_1007.csv
2024-07-06,1007,158.0,26.0,6.0,3.0,77.0,1.2,2,2,1,1,1,1,3,3,-0.8776720918364862,3.843899657401268,3.6588922,0.82041514,24.665071,43.64637,1,2024-07-06,27.32,0.0,67.69142857142857,9.295714285714284,1.0,222.8814285714286,2024,7,6,158.0,0,China_1007.csv
2024-07-07,1007,67.0,29.0,8.0,5.0,90.0,1.2,2,2,1,1,3,3,0,0,-1.4075190646350046,4.296520728569435,2.0546558,2.2970269,-9.517379,72.78717,1,2024-07-07,26.514285714285712,0.0,73.45857142857143,8.012857142857143,1.0,145.90857142857143,2024,7,7,90.0,0,China_1007.csv
2024-07-08,1007,68.0,28.0,7.0,4.0,62.0,1.2,1,1,0,0,5,5,0,0,-2.151694515385994,1.8465073936697496,3.343028,4.453893,-33.04298,53.645615,1,2024-07-08,27.46,0.0,66.94714285714285,6.4957142857142856,1.0,132.91,2024,7,8,68.0,0,China_1007.csv
2024-07-09,1007,73.0,52.0,8.0,6.0,93.0,1.0,2,2,1,1,3,3,11,11,-0.4097776679389578,5.053832302803509,1.9166046,1.6039342,-2.9271703,69.505165,1,2024-07-09,26.825714285714287,0.0,57.29,6.232857142857143,1.0,177.6442857142857,2024,7,9,93.0,0,China_1007.csv
2024-07-10,1007,129.0,59.0,9.0,6.0,102.0,1.8,2,2,1,1,3,3,11,11,1.2698403395466198,6.421230728159127,1.6503065,0.68957436,19.057308,60.26753,1,2024-07-10,28.259999999999998,0.0,61.48571428571428,6.0685714285714285,1.0,185.7657142857143,2024,7,10,129.0,0,China_1007.csv
2024-07-11,1007,145.0,63.0,9.0,7.0,109.0,1.6,2,2,1,1,3,3,11,11,2.1866540975991353,7.283980430518609,1.6855832,0.62969214,23.132795,69.35697,1,2024-07-11,29.297142857142855,0.0,61.41142857142857,7.131428571428572,1.0,172.47714285714284,2024,7,11,145.0,0,China_1007.csv
2024-07-12,1007,146.0,45.0,10.0,6.0,56.0,1.2,2,2,1,1,1,1,9,9,1.2994276322924825,2.0548781057203738,3.801486,0.58091694,26.565298,48.638756,1,2024-07-12,25.224285714285713,0.0,83.64142857142858,7.274285714285715,1.0,125.54285714285713,2024,7,12,146.0,0,China_1007.csv
2024-07-13,1007,101.0,41.0,6.0,6.0,70.0,1.0,2,2,1,1,3,3,0,0,-0.3279995403158589,3.283430322711735,3.4414756,1.682825,-1.1963905,54.52133,1,2024-07-13,23.43285714285714,0.0,85.20857142857143,5.851428571428571,1.0,124.90571428571427,2024,7,13,101.0,0,China_1007.csv
2024-07-14,1007,110.0,51.0,6.0,9.0,62.0,1.0,2,2,1,1,3,3,0,0,1.6136486019437244,3.092090497795291,3.5784066,1.2046701,8.657183,59.847656,1,2024-07-14,26.091428571428573,0.0,69.59,6.327142857142857,1.0,123.63000000000001,2024,7,14,110.0,0,China_1007.csv
2024-07-15,1007,132.0,41.0,7.0,5.0,54.0,1.0,1,1,0,0,1,1,3,3,-0.0880044737229029,1.9127830857036885,4.0747886,1.0702595,17.654331,40.61994,1,2024-07-15,26.537142857142857,0.0,73.78428571428572,8.512857142857142,1.0,143.1142857142857,2024,7,15,132.0,0,China_1007.csv
2024-07-16,1007,106.0,29.0,4.0,4.0,54.0,1.8,1,1,0,0,1,1,3,3,-1.625334782988507,1.8909258113816287,4.745012,3.7253036,-28.476492,34.69989,1,2024-07-16,25.707142857142856,0.0,77.1557142857143,7.385714285714286,1.0,245.82,2024,7,16,106.0,0,China_1007.csv
2024-07-17,1007,80.0,12.0,7.0,2.0,59.0,1.0,1,1,0,0,5,5,0,0,-3.275323008661122,1.1866576676844285,2.1231937,5.9518776,-73.27375,31.358112,1,2024-07-17,27.99285714285714,0.0,56.47714285714286,9.174285714285714,1.0,229.91285714285712,2024,7,17,80.0,0,China_1007.csv
2024-07-18,1007,35.0,19.0,9.0,3.0,50.0,1.0,1,1,0,0,5,5,1,1,-3.335114900386928,0.03615751260710092,3.0461054,6.9786725,-63.39662,31.805084,1,2024-07-18,29.851428571428574,0.0,46.19,9.474285714285713,1.0,239.11999999999998,2024,7,18,50.0,0,China_1007.csv
2024-07-19,1007,41.0,41.0,8.0,6.0,93.0,1.0,2,2,1,1,3,3,11,11,-1.2803823915021848,4.620713562642015,2.3102777,2.2363598,-9.934372,64.19411,1,2024-07-19,30.021428571428572,0.0,68.99285714285715,9.522857142857143,1.0,177.4157142857143,2024,7,19,93.0,0,China_1007.csv
2024-07-20,1007,74.0,30.0,2.0,4.0,89.0,1.4,2,2,1,1,3,3,0,0,-2.596070177347619,4.89276305948514,2.0696156,3.503844,-7.51707,76.06156,1,2024-07-20,31.02285714285714,0.0,60.54571428571428,12.651428571428571,1.0,195.1357142857143,2024,7,20,89.0,0,China_1007.csv
2024-07-21,1007,61.0,45.0,4.0,6.0,71.0,1.4,2,2,1,1,3,3,0,0,-1.321357902195705,3.4240868242456486,3.5127532,2.4423802,-13.104795,52.607315,1,2024-07-21,29.745714285714286,0.0,72.36285714285715,8.635714285714286,1.0,161.04571428571427,2024,7,21,71.0,0,China_1007.csv
2024-07-22,1007,86.0,27.0,7.0,5.0,63.0,1.2,2,2,1,1,3,3,0,0,-1.2407136039375353,2.146713188496139,3.8814578,2.6332464,-11.565138,46.53328,1,2024-07-22,30.43857142857143,0.0,71.20285714285714,7.8028571428571425,1.0,189.26,2024,7,22,86.0,0,China_1007.csv
2024-07-23,1007,66.0,52.0,6.0,7.0,66.0,1.0,2,2,1,1,3,3,0,0,-0.382577189907801,2.9406042227758182,3.5316567,1.8161393,-5.9694963,60.97709,1,2024-07-23,32.19285714285714,0.0,68.74285714285715,8.371428571428572,1.0,200.16714285714286,2024,7,23,66.0,0,China_1007.csv
2024-07-24,1007,111.0,33.0,3.0,5.0,71.0,1.0,2,2,1,1,3,3,0,0,-1.2062971968335163,3.556137304459316,3.4848638,1.6774327,6.321907,50.699436,1,2024-07-24,27.859999999999996,0.0,83.94571428571429,8.821428571428571,1.0,134.25857142857143,2024,7,24,111.0,0,China_1007.csv
2024-07-25,1007,80.0,17.0,5.0,4.0,35.0,1.0,1,1,0,0,5,5,1,1,-2.47312691844507,-0.433106434534225,5.1234465,4.3404174,-32.127422,26.145748,1,2024-07-25,25.435714285714287,0.0,89.80857142857143,5.1499999999999995,1.0,170.75714285714284,2024,7,25,80.0,0,China_1007.csv
2024-07-26,1007,59.0,16.0,6.0,4.0,53.0,1.0,1,1,0,0,5,5,0,0,-2.754369706041525,0.8591376302797393,3.878044,4.730121,-40.96795,38.04865,1,2024-07-26,27.824285714285715,0.0,79.11428571428571,6.072857142857143,1.0,143.44571428571427,2024,7,26,59.0,0,China_1007.csv
2024-07-27,1007,51.0,24.0,7.0,5.0,55.0,1.0,1,1,0,0,5,5,0,0,-2.113758015098242,1.0887534820005826,4.0602384,2.995258,-20.065775,51.135002,1,2024-07-27,28.382857142857144,0.0,79.47,6.675714285714285,1.0,155.47571428571428,2024,7,27,55.0,0,China_1007.csv
2024-07-28,1007,65.0,22.0,5.0,4.0,60.0,1.2,1,1,0,0,5,5,0,0,-2.607243446256613,1.7688151058385508,3.4514036,4.515852,-37.425682,44.61532,1,2024-07-28,30.169999999999998,0.0,76.69857142857143,7.382857142857143,1.0,207.54285714285714,2024,7,28,65.0,0,China_1007.csv
2024-07-29,1007,53.0,32.0,5.0,4.0,56.0,1.0,1,1,0,0,5,5,0,0,-2.762075702010093,1.4604084216528164,3.6137187,4.707634,-37.499523,47.659584,1,2024-07-29,28.698571428571427,0.0,82.83285714285715,7.964285714285714,1.0,144.95142857142858,2024,7,29,56.0,0,China_1007.csv
2024-07-30,1007,67.0,12.0,6.0,4.0,25.0,1.0,1,1,0,0,5,5,1,1,-2.716270302195966,-1.6087830428132388,5.2020397,4.5539865,-31.42636,23.467487,1,2024-07-30,26.02,0.0,93.48857142857143,10.790000000000001,1.0,188.24285714285716,2024,7,30,67.0,0,China_1007.csv
2024-07-31,1007,27.0,20.0,4.0,5.0,53.0,1.0,1,1,0,0,5,5,0,0,-3.1357370797552044,0.9951992264233358,4.177907,3.3268075,-22.484772,54.17671,1,2024-07-31,27.027142857142856,0.0,87.06714285714285,5.53,1.0,171.34285714285716,2024,7,31,53.0,0,China_1007.csv
2024-08-01,1007,62.0,14.0,7.0,5.0,70.0,1.0,2,2,1,1,3,3,0,0,-1.9997884910359356,2.321909587931752,3.5417807,2.5527775,-14.258111,48.167057,1,2024-08-01,28.127142857142854,0.0,77.59285714285714,4.795714285714285,1.0,167.92285714285714,2024,8,1,70.0,0,China_1007.csv
2024-08-02,1007,42.0,32.0,10.0,5.0,56.0,1.0,1,1,0,0,5,5,0,0,-1.743839701417438,0.9086617807087649,3.3697011,3.1651626,-22.928173,58.018475,1,2024-08-02,26.785714285714285,0.0,87.11857142857143,7.502857142857143,1.0,105.44714285714285,2024,8,2,56.0,0,China_1007.csv
2024-08-03,1007,69.0,29.0,8.0,6.0,42.0,1.0,1,1,0,0,5,5,0,0,-0.9966097100870868,0.14866782023530364,4.905731,2.4548101,-12.821736,27.910992,1,2024-08-03,26.351428571428567,0.0,89.99571428571429,6.598571428571428,1.0,132.50142857142856,2024,8,3,69.0,0,China_1007.csv
2024-08-04,1007,75.0,24.0,6.0,5.0,60.0,1.0,1,1,0,0,3,3,0,0,-1.7259854100803562,1.824453128594689,3.9710195,2.659265,-12.650542,45.970802,1,2024-08-04,27.448571428571427,0.0,85.91428571428571,6.097142857142857,1.0,182.47142857142856,2024,8,4,75.0,0,China_1007.csv
2024-08-05,1007,64.0,11.0,6.0,3.0,64.0,1.0,1,1,0,0,5,5,0,0,-3.234462852380796,1.6886585178740119,2.5120263,6.0947905,-53.18808,36.36723,1,2024-08-05,27.7,0.0,80.50571428571428,5.708571428571429,1.0,193.35285714285715,2024,8,5,64.0,0,China_1007.csv
2024-08-06,1007,30.0,32.0,10.0,4.0,79.0,1.0,2,2,1,1,3,3,0,0,-2.480845059448506,2.747376322581687,2.0965986,4.2743497,-41.03099,62.915974,1,2024-08-06,27.825714285714287,0.0,79.85428571428572,5.74,1.0,139.2042857142857,2024,8,6,79.0,0,China_1007.csv
2024-08-07,1007,68.0,40.0,8.0,5.0,44.0,1.0,1,1,0,0,5,5,0,0,-1.37029754882143,0.4129554952742661,5.130656,3.1126468,-16.876104,22.821745,1,2024-08-07,26.48,0.0,86.73285714285714,5.617142857142857,1.0,182.52857142857144,2024,8,7,68.0,0,China_1007.csv
2024-08-08,1007,92.0,26.0,11.0,4.0,75.0,1.2,2,2,1,1,3,3,0,0,-1.0549079022235985,2.693409191721621,2.2647324,3.8711827,-30.904661,68.54433,1,2024-08-08,27.967142857142857,0.0,76.84571428571428,5.591428571428572,1.0,154.7971428571429,2024,8,8,92.0,0,China_1007.csv
2024-08-09,1007,55.0,41.0,7.0,6.0,44.0,1.4,1,1,0,0,5,5,0,0,-1.1510030144446572,0.6015893101563187,5.0021744,2.6778414,-11.224011,26.71941,1,2024-08-09,25.405714285714286,0.0,93.12857142857142,8.724285714285715,1.0,160.1242857142857,2024,8,9,55.0,0,China_1007.csv
2024-08-10,1007,102.0,20.0,5.0,5.0,46.0,1.4,1,1,0,0,1,1,0,0,-1.292026806683718,0.9140485019917597,4.854124,3.4657223,-26.325972,33.37004,1,2024-08-10,26.381428571428568,0.0,84.73285714285714,5.758571428571429,1.0,184.82,2024,8,10,102.0,0,China_1007.csv
2024-08-11,1007,35.0,15.0,6.0,4.0,45.0,1.0,1,1,0,0,5,5,1,1,-3.3101140589787694,-0.04568004070951651,4.3761287,4.942606,-43.65862,35.34403,1,2024-08-11,27.525714285714287,0.0,64.85714285714286,10.362857142857143,1.0,250.41285714285712,2024,8,11,45.0,0,China_1007.csv
2024-08-12,1007,32.0,6.0,5.0,3.0,31.0,1.2,1,1,0,0,5,5,1,1,-4.188289216862179,-1.3972329589413524,5.818843,9.503442,-65.30776,17.04929,1,2024-08-12,25.575714285714287,0.0,69.83428571428571,15.292857142857143,1.0,61.28000000000001,2024,8,12,32.0,0,China_1007.csv
2024-08-13,1007,14.0,14.0,5.0,4.0,32.0,1.0,1,1,0,0,5,5,1,1,-3.957740552905666,-1.2553577756382526,5.0137696,4.8050437,-39.400543,16.82381,1,2024-08-13,24.919999999999998,0.0,77.21714285714286,9.117142857142857,1.0,161.99,2024,8,13,32.0,0,China_1007.csv
2024-08-14,1007,34.0,22.0,6.0,3.0,54.0,1.0,1,1,0,0,5,5,0,0,-3.7309378457987847,0.7659436927514344,2.9392252,6.8299594,-63.089108,34.801468,1,2024-08-14,26.53,0.0,75.38571428571429,4.518571428571429,1.0,140.85999999999999,2024,8,14,54.0,0,China_1007.csv
2024-08-15,1007,53.0,40.0,10.0,6.0,37.0,1.0,1,1,0,0,5,5,0,0,-0.888990505310891,-0.4500736869715285,5.617422,3.0008628,-19.477894,13.408678,1,2024-08-15,26.24285714285714,0.0,85.74857142857142,5.324285714285714,1.0,134.61285714285714,2024,8,15,53.0,0,China_1007.csv
2024-08-16,1007,96.0,37.0,11.0,6.0,39.0,1.0,1,1,0,0,1,1,0,0,0.14246281830257676,-0.10622930996959865,5.614413,2.2316976,2.8059037,19.222307,1,2024-08-16,25.898571428571426,0.0,86.20285714285714,4.074285714285714,1.0,170.85142857142858,2024,8,16,96.0,0,China_1007.csv
2024-08-17,1007,91.0,30.0,5.0,5.0,56.0,1.0,1,1,0,0,1,1,0,0,-1.436896682750054,1.8094937665308202,4.284053,2.5449216,-2.6843283,41.57102,1,2024-08-17,25.64428571428571,0.0,88.18571428571428,5.75,1.0,137.5442857142857,2024,8,17,91.0,0,China_1007.csv
2024-08-18,1007,78.0,19.0,3.0,4.0,48.0,1.0,1,1,0,0,5,5,0,0,-2.7399106980396613,0.951545636229505,4.519041,4.256063,-33.81169,32.12203,1,2024-08-18,25.692857142857143,0.0,83.25428571428571,3.875714285714286,1.0,154.84,2024,8,18,78.0,0,China_1007.csv
2024-08-19,1007,59.0,20.0,5.0,5.0,42.0,1.4,1,1,0,0,5,5,0,0,-2.232788726772608,0.23176434605270663,4.8544393,3.4190624,-23.640522,28.91693,1,2024-08-19,24.10571428571429,0.0,86.73428571428572,7.635714285714286,1.0,179.69571428571427,2024,8,19,59.0,0,China_1007.csv
2024-08-20,1007,59.0,13.0,7.0,4.0,29.0,1.0,1,1,0,0,5,5,1,1,-2.718942810237778,-1.4132740394686865,5.0134025,4.713055,-35.93078,23.28875,1,2024-08-20,24.02857142857143,0.0,84.98285714285714,8.787142857142857,1.0,145.75,2024,8,20,59.0,0,China_1007.csv
2024-08-21,1007,36.0,11.0,5.0,4.0,50.0,1.2,1,1,0,0,5,5,0,0,-3.438034551277283,0.47968714864658946,4.2406015,4.893909,-44.188423,35.007774,1,2024-08-21,25.697142857142858,0.0,80.96571428571428,5.944285714285714,1.0,250.51142857142855,2024,8,21,50.0,0,China_1007.csv
2024-08-22,1007,31.0,19.0,6.0,3.0,43.0,1.4,1,1,0,0,5,5,1,1,-3.7783429358546043,-0.20603115159019209,5.9688683,9.07607,-65.48189,25.147598,1,2024-08-22,27.479999999999997,0.0,74.83428571428571,6.58,1.0,192.91285714285712,2024,8,22,43.0,0,China_1007.csv
2024-08-23,1007,46.0,36.0,7.0,6.0,71.0,1.4,2,2,1,1,3,3,0,0,-1.3588791445230286,2.8208702549377556,3.3584669,2.2643757,-11.729444,59.38099,1,2024-08-23,24.957142857142856,0.0,87.30142857142857,5.647142857142858,1.0,130.55857142857144,2024,8,23,71.0,0,China_1007.csv
2024-08-24,1007,75.0,21.0,5.0,3.0,66.0,1.0,1,1,0,0,5,5,0,0,-2.973804485256359,2.2307166894461625,2.2173114,5.7354817,-54.152973,37.91703,1,2024-08-24,26.544285714285714,0.0,83.44000000000001,6.162857142857143,1.0,223.95285714285714,2024,8,24,75.0,0,China_1007.csv
2024-08-25,1007,51.0,28.0,8.0,4.0,42.0,1.2,1,1,0,0,5,5,1,1,-2.425635925210714,-0.15398231953175368,4.714103,4.8140078,-41.82156,27.919277,1,2024-08-25,24.83857142857143,0.0,83.55571428571429,10.252857142857142,1.0,157.22857142857143,2024,8,25,51.0,0,China_1007.csv
2024-08-26,1007,60.0,17.0,5.0,4.0,38.0,1.0,1,1,0,0,5,5,1,1,-2.8984810211918255,-0.3231751236283956,4.786117,4.692202,-37.31579,24.99717,1,2024-08-26,20.842857142857145,0.0,81.63,14.148571428571428,1.0,212.15714285714284,2024,8,26,60.0,0,China_1007.csv
2024-08-27,1007,37.0,15.0,7.0,2.0,40.0,1.0,1,1,0,0,5,5,1,1,-4.205225136107506,-0.7632296168522491,7.927805,11.117984,-88.697945,8.571626,1,2024-08-27,22.934285714285714,0.0,69.54285714285713,7.014285714285714,1.0,202.22142857142856,2024,8,27,40.0,0,China_1007.csv
2024-08-28,1007,32.0,24.0,8.0,3.0,62.0,1.0,1,1,0,0,5,5,0,0,-3.433259619815679,1.264615986064444,2.540864,6.7066746,-63.78037,41.240925,1,2024-08-28,23.382857142857144,0.0,72.73857142857143,4.775714285714286,1.0,195.54,2024,8,28,62.0,0,China_1007.csv
2024-08-29,1007,56.0,32.0,8.0,4.0,76.0,1.0,2,2,1,1,3,3,0,0,-2.2141350155398105,2.906803043515817,2.4989855,4.3532763,-34.69646,60.393337,1,2024-08-29,23.752857142857142,0.0,78.69571428571429,7.159999999999999,1.0,209.9042857142857,2024,8,29,76.0,0,China_1007.csv
2024-08-30,1007,69.0,43.0,9.0,5.0,99.0,1.4,2,2,1,1,3,3,11,11,-0.9239953827691163,5.264072635397183,1.6587702,2.1884813,-9.829039,75.54908,1,2024-08-30,26.821428571428573,0.0,81.23285714285714,5.162857142857143,1.0,109.67142857142858,2024,8,30,99.0,0,China_1007.csv
2024-08-31,1007,92.0,39.0,7.0,6.0,60.0,1.0,2,2,1,1,3,3,0,0,-0.4360248677271507,2.1895261949860187,3.6948094,1.8673487,-3.1658504,53.490177,1,2024-08-31,25.442857142857143,0.0,81.46285714285715,9.184285714285716,1.0,143.06,2024,8,31,92.0,0,China_1007.csv
2024-09-01,1007,92.0,20.0,7.0,3.0,32.0,1.0,1,1,0,0,1,1,3,3,-2.4189255585289855,-0.86765080100579,7.541473,8.468818,-50.819782,11.789362,1,2024-09-01,24.524285714285714,0.0,57.38285714285714,12.064285714285715,1.0,195.10857142857142,2024,9,1,92.0,0,China_1007.csv
2024-09-02,1007,45.0,9.0,6.0,1.0,40.0,1.0,1,1,0,0,5,5,1,1,-4.808452692783235,-0.7830205069914584,10.642783,11.80148,-80.234886,-15.04719,1,2024-09-02,21.797142857142855,0.0,63.05285714285714,5.840000000000001,1.0,188.38000000000002,2024,9,2,45.0,0,China_1007.csv
2024-09-03,1007,18.0,26.0,9.0,3.0,43.0,1.0,1,1,0,0,5,5,1,1,-3.607395384573248,-0.59088768986122,3.367293,7.354678,-66.0502,29.729813,1,2024-09-03,22.47,0.0,72.89857142857143,8.438571428571429,1.0,178.74285714285716,2024,9,3,43.0,0,China_1007.csv
2024-09-04,1007,50.0,51.0,10.0,6.0,31.0,1.0,1,1,0,0,5,5,0,0,-0.7910157120662857,-0.8135379355661495,5.6455736,3.1125271,-19.450195,11.777096,1,2024-09-04,22.842857142857145,0.0,80.76857142857143,7.5442857142857145,1.0,200.29285714285714,2024,9,4,51.0,0,China_1007.csv
2024-09-05,1007,106.0,14.0,6.0,3.0,31.0,1.0,1,1,0,0,1,1,3,3,-2.3597502828972368,-0.8383220603250083,10.143965,6.653817,-9.35188,-14.075388,1,2024-09-05,22.478571428571428,0.0,65.98857142857143,8.371428571428572,1.0,198.96428571428572,2024,9,5,106.0,0,China_1007.csv
2024-09-06,1007,37.0,17.0,11.0,3.0,60.0,1.0,1,1,0,0,5,5,0,0,-3.0105546477925245,0.6733850945554827,2.45924,6.586156,-61.4322,51.5137,1,2024-09-06,23.45285714285714,0.0,69.94142857142857,5.437142857142858,1.0,139.09428571428572,2024,9,6,60.0,0,China_1007.csv
2024-09-07,1007,37.0,23.0,8.0,4.0,27.0,1.0,1,1,0,0,5,5,1,1,-2.8940900142666424,-1.699824169742368,5.0285606,5.0578127,-39.272957,19.551853,1,2024-09-07,19.79,0.0,88.83714285714287,4.917142857142857,1.0,135.85142857142858,2024,9,7,37.0,0,China_1007.csv
2024-09-08,1007,61.0,24.0,10.0,4.0,18.0,1.0,1,1,0,0,5,5,1,1,-2.0925390125993673,-2.51265980622615,5.7490525,5.186533,-30.016367,14.002447,1,2024-09-08,22.645714285714288,0.0,83.42857142857143,4.574285714285715,1.0,148.26,2024,9,8,61.0,0,China_1007.csv
2024-09-09,1007,64.0,46.0,12.0,9.0,17.0,1.2,1,1,2,2,2,2,5,5,1.336443805760964,-1.9376202159958824,6.3252125,1.8172573,-3.2958891,17.293215,1,2024-09-09,23.295714285714286,0.0,76.3457142857143,8.252857142857142,1.0,216.92714285714285,2024,9,9,64.0,0,China_1007.csv
2024-09-10,1007,116.0,9.0,7.0,3.0,23.0,1.0,1,1,0,0,1,1,3,3,-2.100046030470744,-1.661322103728724,10.340175,6.587295,-9.798271,-14.908167,1,2024-09-10,19.884285714285713,0.0,74.83428571428571,7.354285714285714,1.0,203.6057142857143,2024,9,10,116.0,0,China_1007.csv
2024-09-11,1007,24.0,16.0,11.0,3.0,26.0,1.0,1,1,0,0,5,5,1,1,-3.3935219627566333,-2.432449835068274,5.138352,8.770456,-41.192722,-72.19507,1,2024-09-11,20.81714285714286,0.0,71.21285714285715,6.482857142857143,1.0,180.3542857142857,2024,9,11,26.0,0,China_1007.csv
2024-09-12,1007,27.0,18.0,9.0,3.0,44.0,1.0,1,1,0,0,5,5,1,1,-3.539523085334184,-0.5698108836729302,3.2364814,7.168119,-63.969734,30.738224,1,2024-09-12,21.834285714285716,0.0,61.60285714285715,4.45,1.0,227.88285714285715,2024,9,12,44.0,0,China_1007.csv
2024-09-13,1007,34.0,27.0,11.0,4.0,61.0,1.4,1,1,0,0,5,5,0,0,-2.28242714743357,1.0682545711602982,2.9348207,5.384767,-45.720337,55.14064,1,2024-09-13,22.62857142857143,0.0,63.410000000000004,7.991428571428571,1.0,127.39428571428572,2024,9,13,61.0,0,China_1007.csv
2024-09-14,1007,50.0,17.0,5.0,2.0,27.0,1.0,1,1,0,0,5,5,1,1,-4.212653912315431,-1.5488365263653383,8.431359,11.641428,-67.03392,-37.53779,1,2024-09-14,19.28142857142857,0.0,65.72714285714287,7.844285714285713,1.0,144.69,2024,9,14,50.0,0,China_1007.csv
2024-09-15,1007,35.0,21.0,10.0,4.0,49.0,1.0,1,1,0,0,5,5,0,0,-2.6259635044189498,-0.03846130296222478,4.0241218,5.341544,-50.06843,50.166565,1,2024-09-15,19.464285714285715,0.0,70.24571428571429,5.548571428571429,1.0,197.61285714285714,2024,9,15,49.0,0,China_1007.csv
2024-09-16,1007,43.0,36.0,11.0,4.0,12.0,2.0,1,1,0,0,5,5,1,1,-1.9245441101182776,-2.913338712678094,8.376667,6.3799076,8.666729,-68.056786,1,2024-09-16,21.915714285714284,0.0,76.92142857142858,4.24,1.0,229.6242857142857,2024,9,16,43.0,0,China_1007.csv
2024-09-17,1007,68.0,23.0,7.0,4.0,56.0,1.0,1,1,0,0,5,5,0,0,-2.2945173140501463,1.1994900396248582,3.7942345,4.598687,-37.898014,41.23278,1,2024-09-17,23.66857142857143,0.0,74.43571428571428,5.714285714285714,1.0,82.95857142857142,2024,9,17,68.0,0,China_1007.csv
2024-09-18,1007,55.0,34.0,7.0,6.0,45.0,1.0,1,1,0,0,5,5,0,0,-1.355452040056457,0.501370356233675,4.82331,2.5565426,-13.500223,29.154438,1,2024-09-18,23.425714285714285,0.0,71.1542857142857,5.28,1.0,157.20714285714286,2024,9,18,55.0,0,China_1007.csv
2024-09-19,1007,71.0,41.0,8.0,6.0,64.0,2.0,2,2,1,1,3,3,0,0,-0.4696436525361281,2.4748099800430077,3.7349074,2.9493735,-21.06122,43.62506,1,2024-09-19,24.335714285714285,0.0,75.25428571428571,7.005714285714285,1.0,141.26857142857142,2024,9,19,71.0,0,China_1007.csv
2024-09-20,1007,84.0,38.0,8.0,6.0,20.0,1.2,1,1,0,0,5,5,1,1,-0.5347359084085396,-1.4823709006628825,6.4320307,2.8611348,-7.1951666,9.910765,1,2024-09-20,14.968571428571428,0.0,80.39857142857143,12.382857142857144,1.0,73.79714285714286,2024,9,20,84.0,0,China_1007.csv
2024-09-21,1007,85.0,5.0,5.0,1.0,31.0,1.6,1,1,0,0,5,5,3,3,-4.033705002715614,-1.1193742948807102,11.348425,9.503514,-35.99022,-35.966938,1,2024-09-21,17.16,0.0,44.18,16.392857142857142,1.0,320.0414285714286,2024,9,21,85.0,0,China_1007.csv
2024-09-22,1007,9.0,10.0,9.0,2.0,30.0,1.4,1,1,0,0,5,5,1,1,-4.535079808789116,-2.0967663884335765,7.483453,12.268433,-80.819214,-48.044994,1,2024-09-22,15.462857142857143,0.0,62.73142857142857,6.688571428571429,1.0,190.47714285714287,2024,9,22,30.0,0,China_1007.csv
2024-09-23,1007,22.0,27.0,11.0,2.0,42.0,1.0,1,1,0,0,5,5,1,1,-3.753686088723096,-0.9451425247409116,2.3016412,7.822027,-87.426445,15.775593,1,2024-09-23,16.345714285714287,0.0,70.14714285714285,7.365714285714286,1.0,198.70857142857145,2024,9,23,42.0,0,China_1007.csv
2024-09-24,1007,58.0,47.0,14.0,4.0,72.0,1.0,2,2,1,1,3,3,0,0,-1.0726602574496023,2.155960238941464,1.7391127,4.1148453,-41.949177,71.78215,1,2024-09-24,18.184285714285714,0.0,76.44714285714285,7.888571428571429,1.0,187.28571428571428,2024,9,24,72.0,0,China_1007.csv
2024-09-25,1007,95.0,37.0,7.0,3.0,33.0,1.4,1,1,0,0,1,1,3,3,-1.9827185700821492,-0.39850067587661725,8.108303,8.257475,-44.163776,10.912803,1,2024-09-25,18.592857142857145,0.0,72.58857142857143,8.742857142857144,1.0,127.58428571428571,2024,9,25,95.0,0,China_1007.csv
2024-09-26,1007,86.0,30.0,11.0,5.0,31.0,1.4,1,1,0,0,5,5,1,1,-0.6486855623679256,-1.0272164962366581,6.257811,3.3356485,-3.110728,4.6506224,1,2024-09-26,19.645714285714284,0.0,72.08428571428571,5.5371428571428565,1.0,166.09142857142857,2024,9,26,86.0,0,China_1007.csv
2024-09-27,1007,66.0,40.0,13.0,5.0,32.0,1.0,1,1,0,0,5,5,5,5,-0.7224531353592369,-1.2153682575934395,6.207543,3.5801253,-15.819096,11.125718,1,2024-09-27,21.09857142857143,0.0,68.20285714285714,7.498571428571429,1.0,123.60142857142857,2024,9,27,66.0,0,China_1007.csv
2024-09-28,1007,81.0,50.0,14.0,7.0,22.0,1.2,1,1,0,0,5,5,5,5,1.0000961873398035,-1.7043391596504196,6.665858,2.2263727,-5.3382425,14.456348,1,2024-09-28,21.43285714285714,0.0,80.31142857142856,5.981428571428572,1.0,147.31,2024,9,28,81.0,0,China_1007.csv
2024-09-29,1007,101.0,58.0,10.0,7.0,39.0,1.2,1,1,0,0,1,1,9,9,1.0281087156842128,0.5263638238594908,5.276136,2.0364187,0.48843193,21.853088,1,2024-09-29,19.235714285714288,0.0,71.95857142857143,13.718571428571428,1.0,217.03428571428572,2024,9,29,101.0,0,China_1007.csv
2024-09-30,1007,132.0,7.0,5.0,3.0,19.0,1.0,1,1,0,0,1,1,3,3,-2.0846532381568754,-1.7007086781571668,11.376338,6.3766456,-6.7464013,-24.298729,1,2024-09-30,14.802857142857144,0.0,53.575714285714284,14.187142857142858,1.0,248.08285714285714,2024,9,30,132.0,0,China_1007.csv
2024-10-01,1007,14.0,7.0,4.0,1.0,25.0,1.0,1,1,0,0,5,5,1,1,-5.837983751071846,-2.1508044931781924,10.636663,13.395832,-97.80769,-32.494,1,2024-10-01,11.77,0.0,42.85,14.635714285714286,1.0,297.1257142857143,2024,10,1,25.0,0,China_1007.csv
2024-10-02,1007,15.0,12.0,7.0,1.0,24.0,1.0,1,1,0,0,5,5,1,1,-5.305184409411832,-2.4808296691125356,10.013627,13.153428,-96.84554,-41.068737,1,2024-10-02,11.79142857142857,0.0,60.199999999999996,7.585714285714286,1.0,236.43428571428572,2024,10,2,24.0,0,China_1007.csv
2024-10-03,1007,27.0,24.0,9.0,2.0,34.0,1.0,1,1,0,0,5,5,1,1,-4.002610953813023,-1.437750826162292,7.295598,11.635717,-71.24826,-50.10974,1,2024-10-03,14.144285714285715,0.0,61.701428571428565,8.655714285714286,1.0,201.67428571428573,2024,10,3,34.0,0,China_1007.csv
2024-10-04,1007,58.0,53.0,13.0,4.0,49.0,1.0,1,1,0,0,5,5,0,0,-1.1776121153732666,0.3477187623421649,3.7829623,5.1297464,-45.772137,45.17379,1,2024-10-04,13.984285714285715,0.0,71.77571428571427,6.401428571428572,1.0,200.16142857142856,2024,10,4,58.0,0,China_1007.csv
2024-10-05,1007,119.0,63.0,13.0,5.0,54.0,1.4,2,2,1,1,1,1,9,9,0.945811925822004,1.5863541692423326,4.1510973,1.0083272,28.906277,26.515158,1,2024-10-05,16.541428571428572,0.0,69.10142857142857,4.938571428571429,1.0,171.44,2024,10,5,119.0,0,China_1007.csv
2024-10-06,1007,148.0,66.0,17.0,6.0,30.0,1.4,0,0,2,2,1,1,9,9,2.673824052282706,-0.604971701522435,11.218767,2.9513955,35.65456,-6.5471234,1,2024-10-06,14.711428571428572,0.0,84.47571428571429,7.090000000000001,1.0,124.26142857142858,2024,10,6,148.0,0,China_1007.csv
2024-10-07,1007,151.0,19.0,7.0,2.0,27.0,1.0,1,1,0,0,1,1,3,3,-1.705687552808618,-0.9613975582955094,12.232097,6.8557634,0.86901385,-32.471035,1,2024-10-07,13.14,0.0,67.96571428571428,7.619999999999999,1.0,222.39857142857142,2024,10,7,151.0,0,China_1007.csv
2024-10-08,1007,52.0,21.0,11.0,3.0,29.0,1.0,1,1,0,0,5,5,1,1,-2.69903967380925,-1.8683943262891036,5.860712,8.542543,-36.300545,-69.39114,1,2024-10-08,14.842857142857143,0.0,67.71857142857142,6.604285714285714,1.0,201.32,2024,10,8,52.0,0,China_1007.csv
2024-10-09,1007,50.0,71.0,23.0,6.0,14.0,1.4,0,0,2,2,2,2,5,5,1.4589036446897086,-3.3497153514859854,7.853164,1.1273452,27.185804,-83.55877,1,2024-10-09,14.758571428571429,0.0,65.87428571428572,7.817142857142857,1.0,226.1614285714286,2024,10,9,71.0,0,China_1007.csv
2024-10-10,1007,141.0,16.0,9.0,2.0,28.0,1.0,1,1,0,0,1,1,3,3,-1.6796495238117166,-1.2246202384880365,12.083429,6.876987,0.9269318,-31.077597,1,2024-10-10,12.742857142857144,0.0,54.660000000000004,9.075714285714286,1.0,196.19714285714284,2024,10,10,141.0,0,China_1007.csv
2024-10-11,1007,41.0,46.0,17.0,3.0,24.0,1.4,1,1,0,0,5,5,5,5,-1.585954307423428,-2.5679690881772386,5.381809,7.7925057,-29.536821,-85.02905,1,2024-10-11,14.251428571428573,0.0,69.25714285714285,5.845714285714286,1.0,185.70714285714286,2024,10,11,46.0,0,China_1007.csv
2024-10-12,1007,93.0,73.0,18.0,6.0,41.0,2.0,0,0,2,2,2,2,5,5,1.9090756042047148,0.050149598606462335,9.29251,3.1585479,34.77825,-49.694187,1,2024-10-12,16.68,0.0,73.32142857142857,6.46,1.0,111.48142857142857,2024,10,12,93.0,0,China_1007.csv
2024-10-13,1007,143.0,83.0,12.0,13.0,25.0,1.0,0,0,2,2,2,2,7,7,5.7584580002864865,0.3313061611210184,11.775822,-0.058722112,87.32004,-27.265451,1,2024-10-13,16.06714285714286,0.0,90.18571428571428,4.817142857142857,1.0,175.36285714285714,2024,10,13,143.0,0,China_1007.csv
2024-10-14,1007,167.0,76.0,10.0,11.0,36.0,2.2,0,0,2,2,2,2,9,9,5.114794022999611,1.6125325269628143,11.412263,1.9205211,54.02541,-1.1534684,1,2024-10-14,16.852857142857143,0.0,73.80571428571429,9.191428571428572,1.0,166.76142857142855,2024,10,14,167.0,0,China_1007.csv
2024-10-15,1007,169.0,29.0,8.0,4.0,26.0,1.2,1,1,0,0,1,1,3,3,0.10440339947474203,-0.6361294100716769,12.221392,5.268728,23.059572,-19.994898,1,2024-10-15,13.972857142857142,0.0,64.1542857142857,9.245714285714286,1.0,121.16571428571429,2024,10,15,169.0,0,China_1007.csv
2024-10-16,1007,77.0,40.0,15.0,4.0,20.0,1.2,1,1,0,0,5,5,5,5,-0.7141940299572567,-2.4652395172429786,6.3604174,5.309579,-9.693687,-54.247814,1,2024-10-16,14.754285714285714,0.0,73.37142857142858,6.317142857142857,1.0,165.77428571428572,2024,10,16,77.0,0,China_1007.csv
2024-10-17,1007,68.0,55.0,20.0,6.0,16.0,2.2,0,0,2,2,5,5,5,5,1.3492832472634846,-2.83454333057132,8.54594,3.360858,29.413403,-52.256065,1,2024-10-17,15.787142857142857,0.0,83.08571428571429,7.185714285714285,1.0,140.98142857142858,2024,10,17,68.0,0,China_1007.csv
2024-10-18,1007,99.0,34.0,10.0,4.0,26.0,1.4,1,1,0,0,1,1,3,3,-0.9944503733990213,-1.2780515244853445,6.4876647,4.7190366,-8.857988,-3.624447,1,2024-10-18,12.034285714285714,0.0,51.14,16.98,1.0,71.95142857142856,2024,10,18,99.0,0,China_1007.csv
2024-10-19,1007,87.0,8.0,4.0,1.0,23.0,1.2,1,1,0,0,1,1,3,3,-4.1999284568078,-1.7137274722455964,11.758939,9.758882,-28.23986,-45.41383,1,2024-10-19,5.714285714285714,0.0,45.07,8.327142857142857,1.0,118.7957142857143,2024,10,19,87.0,0,China_1007.csv
2024-10-20,1007,19.0,26.0,12.0,3.0,16.0,1.0,1,1,0,0,5,5,1,1,-3.220808862186235,-3.2915394577957815,5.157671,8.665183,-41.587807,-74.31994,1,2024-10-20,5.478571428571429,0.0,61.972857142857144,8.645714285714286,1.0,204.16285714285712,2024,10,20,26.0,0,China_1007.csv
2024-10-21,1007,57.0,42.0,12.0,5.0,14.0,1.6,1,1,0,0,5,5,1,1,-0.9338142822982335,-2.6176548104558846,7.113263,3.5903594,-2.3547225,-53.90631,1,2024-10-21,8.797142857142857,0.0,67.85428571428572,8.907142857142857,1.0,192.6357142857143,2024,10,21,57.0,0,China_1007.csv
2024-10-22,1007,110.0,19.0,9.0,2.0,23.0,1.0,1,1,0,0,1,1,3,3,-2.3146493350108566,-1.851523053712052,11.23505,7.4631424,-13.071869,-26.930664,1,2024-10-22,8.307142857142857,0.0,71.52714285714286,9.24,1.0,244.70714285714286,2024,10,22,110.0,0,China_1007.csv
2024-10-23,1007,49.0,36.0,16.0,4.0,14.0,1.0,1,1,0,0,5,5,5,5,-1.302627367229026,-3.422171120686411,5.8773494,5.8656154,-11.581116,-66.26651,1,2024-10-23,9.487142857142857,0.0,76.69571428571429,6.411428571428571,1.0,207.31,2024,10,23,49.0,0,China_1007.csv
2024-10-24,1007,80.0,54.0,17.0,5.0,22.0,2.4,1,1,0,0,5,5,5,5,0.6869454612718114,-1.9533382926318756,8.761452,4.0428743,24.463303,-47.746414,1,2024-10-24,12.042857142857143,0.0,74.17857142857143,5.6657142857142855,1.0,143.60142857142858,2024,10,24,80.0,0,China_1007.csv
2024-10-25,1007,135.0,99.0,19.0,8.0,24.0,1.8,0,0,2,2,2,2,9,9,4.363622028365641,-0.6435758336616301,10.907614,1.9609092,55.115967,-16.897919,1,2024-10-25,13.031428571428572,0.0,85.63571428571429,5.401428571428572,1.0,111.85571428571428,2024,10,25,135.0,0,China_1007.csv
2024-10-26,1007,188.0,118.0,19.0,10.0,17.0,1.8,0,0,2,2,2,2,9,9,6.870713020466052,-0.34651304505193864,11.784663,0.88872564,71.19859,-22.22574,1,2024-10-26,12.095714285714285,0.0,74.6842857142857,8.618571428571428,1.0,179.13857142857142,2024,10,26,188.0,0,China_1007.csv
2024-10-27,1007,220.0,20.0,9.0,3.0,23.0,1.0,1,1,0,0,1,1,3,3,0.6174741764304457,-0.8977722444295608,12.821132,5.4081073,14.444928,-36.427402,1,2024-10-27,10.007142857142856,0.0,59.887142857142855,8.382857142857143,1.0,183.53428571428572,2024,10,27,220.0,0,China_1007.csv
2024-10-28,1007,40.0,38.0,14.0,3.0,25.0,1.0,1,1,0,0,5,5,5,5,-2.260994484403612,-2.3580517765063123,5.414912,8.194035,-34.176716,-77.87117,1,2024-10-28,10.017142857142858,0.0,72.99285714285715,6.634285714285714,1.0,201.4842857142857,2024,10,28,40.0,0,China_1007.csv
2024-10-29,1007,79.0,74.0,21.0,6.0,22.0,1.8,0,0,2,2,2,2,5,5,1.9604203352493061,-2.0801260597082654,8.7509775,3.3225393,33.41486,-51.52652,1,2024-10-29,11.021428571428572,0.0,75.10142857142857,6.445714285714286,1.0,199.21571428571428,2024,10,29,79.0,0,China_1007.csv
2024-10-30,1007,160.0,83.0,19.0,8.0,21.0,1.0,0,0,2,2,2,2,9,9,4.450916509384071,-1.1253219690607326,11.472382,1.2516221,62.435303,-26.7058,1,2024-10-30,11.698571428571428,0.0,78.79285714285713,4.5128571428571425,1.0,180.38142857142856,2024,10,30,160.0,0,China_1007.csv
2024-10-31,1007,172.0,90.0,24.0,8.0,10.0,1.8,0,0,2,2,2,2,9,9,5.704957948545614,-2.3008627231005065,11.033421,1.0730699,65.748085,-27.66714,1,2024-10-31,11.498571428571427,0.0,92.52285714285713,5.072857142857143,1.0,208.58285714285714,2024,10,31,172.0,0,China_1007.csv
2024-11-01,1007,176.0,92.0,13.0,8.0,31.0,1.0,0,0,2,2,1,1,9,9,4.102435717194727,0.6994929131761538,12.218073,1.9398385,63.75117,-12.085197,1,2024-11-01,12.631428571428572,0.0,86.62571428571428,5.671428571428572,1.0,231.35,2024,11,1,176.0,0,China_1007.csv
2024-11-02,1007,184.0,82.0,13.0,9.0,10.0,1.4,0,0,2,2,2,2,9,9,4.68978770945343,-1.0951172130670601,12.311821,1.8517811,63.63009,-13.912257,1,2024-11-02,11.76142857142857,0.0,89.53999999999999,5.167142857142857,1.0,177.90571428571428,2024,11,2,184.0,0,China_1007.csv
2024-11-03,1007,179.0,40.0,8.0,6.0,31.0,1.2,1,1,0,0,1,1,9,9,1.5814846399594713,0.24913668279059545,12.118959,3.8809211,37.15745,-14.306803,1,2024-11-03,11.527142857142858,0.0,33.135714285714286,20.09,1.0,313.1114285714285,2024,11,3,179.0,0,China_1007.csv
2024-11-04,1007,129.0,9.0,5.0,2.0,19.0,1.0,1,1,0,0,1,1,3,3,-2.6522743683467005,-1.7806579416152952,11.7189,7.3365383,-8.668113,-29.60968,1,2024-11-04,5.164285714285714,0.0,48.26714285714286,8.357142857142858,1.0,250.43428571428572,2024,11,4,129.0,0,China_1007.csv
2024-11-05,1007,20.0,37.0,14.0,4.0,11.0,1.0,1,1,0,0,5,5,5,5,-2.210185275620004,-3.6686678730640567,5.341055,5.83962,-16.379646,-66.40204,1,2024-11-05,5.9557142857142855,0.0,55.12428571428571,6.824285714285714,1.0,234.86714285714288,2024,11,5,37.0,0,China_1007.csv
2024-11-06,1007,69.0,51.0,19.0,5.0,12.0,1.0,1,1,0,0,5,5,5,5,0.3357536302063348,-3.4330651116083617,7.606972,2.040123,15.084048,-85.55573,1,2024-11-06,6.645714285714286,0.0,65.72714285714285,5.901428571428572,1.0,156.94142857142856,2024,11,6,69.0,0,China_1007.csv
2024-11-07,1007,114.0,76.0,25.0,8.0,7.0,1.0,0,0,2,2,2,2,2,2,4.172373835811549,-3.498446805102063,9.34611,0.72798365,45.976887,-85.35501,1,2024-11-07,7.915714285714286,0.0,73.17857142857143,5.72,1.0,155.57142857142858,2024,11,7,114.0,0,China_1007.csv
2024-11-08,1007,159.0,92.0,23.0,8.0,16.0,1.4,0,0,2,2,2,2,9,9,5.233055056888579,-1.7968551363512237,11.173182,1.1034073,64.57159,-28.32571,1,2024-11-08,8.854285714285714,0.0,78.72,5.322857142857143,1.0,158.07,2024,11,8,159.0,0,China_1007.csv
2024-11-09,1007,179.0,93.0,20.0,9.0,18.0,1.2,0,0,2,2,2,2,9,9,5.742580168531741,-1.0590694390432116,11.724893,0.8271047,69.35321,-24.278223,1,2024-11-09,10.057142857142859,0.0,81.88,6.644285714285714,1.0,191.92857142857142,2024,11,9,179.0,0,China_1007.csv
2024-11-10,1007,184.0,81.0,17.0,6.0,25.0,1.2,0,0,2,2,1,1,9,9,3.6363163408234804,-0.5471618494798319,12.084208,1.7675349,62.30951,-18.764133,1,2024-11-10,11.05,0.0,77.57571428571428,6.677142857142857,1.0,121.60000000000001,2024,11,10,184.0,0,China_1007.csv
2024-11-11,1007,161.0,68.0,18.0,8.0,5.0,1.2,0,0,2,2,2,2,9,9,4.092262985239969,-2.6330704682535058,11.347361,0.9947296,68.540886,-31.260181,1,2024-11-11,8.952857142857143,0.0,91.58428571428571,4.76,1.0,194.53,2024,11,11,161.0,0,China_1007.csv
2024-11-12,1007,151.0,97.0,14.0,7.0,19.0,2.2,0,0,2,2,1,1,9,9,3.502389386333719,-0.4578356110749486,10.891416,3.1539078,28.715837,1.4207221,1,2024-11-12,10.834285714285715,0.0,78.39857142857143,5.312857142857142,1.0,144.5842857142857,2024,11,12,151.0,0,China_1007.csv
2024-11-13,1007,156.0,74.0,18.0,9.0,7.0,1.0,0,0,2,2,2,2,9,9,4.574342038166185,-2.3373319443603533,11.349441,0.89377195,69.963615,-31.167477,1,2024-11-13,9.654285714285715,0.0,95.30285714285715,3.698571428571429,1.0,199.17714285714285,2024,11,13,156.0,0,China_1007.csv
2024-11-14,1007,125.0,37.0,11.0,7.0,14.0,1.4,1,1,0,0,1,1,9,9,1.3361015932398825,-1.9209425001933012,11.1127825,3.4061406,26.28709,-6.890377,1,2024-11-14,10.879999999999999,0.0,84.90285714285713,3.1814285714285715,1.0,209.31571428571428,2024,11,14,125.0,0,China_1007.csv
2024-11-15,1007,103.0,69.0,17.0,9.0,8.0,1.0,0,0,2,2,2,2,9,9,3.2045394993388485,-2.630386187640612,10.473244,1.1907133,48.080254,-25.717587,1,2024-11-15,11.112857142857141,0.0,78.81142857142856,6.211428571428571,1.0,160.7671428571429,2024,11,15,103.0,0,China_1007.csv
2024-11-16,1007,135.0,35.0,9.0,3.0,25.0,1.0,1,1,0,0,1,1,3,3,-0.9745842663575485,-1.1205027171515494,11.044792,6.175275,-8.44366,-20.196241,1,2024-11-16,7.511428571428572,0.0,43.021428571428565,8.981428571428571,1.0,232.4042857142857,2024,11,16,135.0,0,China_1007.csv
2024-11-17,1007,60.0,27.0,8.0,1.0,24.0,1.0,1,1,0,0,5,5,1,1,-3.9442256644891045,-1.991337562181209,10.459372,11.347704,-42.361744,-43.070675,1,2024-11-17,4.055714285714286,0.0,50.379999999999995,6.217142857142856,1.0,180.75,2024,11,17,60.0,0,China_1007.csv
2024-11-18,1007,26.0,38.0,14.0,3.0,12.0,1.0,1,1,0,0,5,5,5,5,-2.596673891725529,-3.6085076841614936,5.3656354,8.088204,-34.31481,-83.22172,1,2024-11-18,2.1514285714285717,0.0,71.97428571428573,3.7114285714285713,1.0,136.84428571428572,2024,11,18,38.0,0,China_1007.csv
2024-11-19,1007,61.0,50.0,16.0,5.0,7.0,1.4,1,1,0,0,5,5,5,5,-0.20520833236714478,-3.5472013675168843,7.224801,3.2339454,-1.8420055,-53.120075,1,2024-11-19,3.1342857142857143,0.0,77.86714285714287,3.9371428571428573,1.0,210.4542857142857,2024,11,19,61.0,0,China_1007.csv
2024-11-20,1007,97.0,61.0,17.0,5.0,14.0,1.4,1,1,0,0,5,5,5,5,0.9138139790932049,-2.57957955796686,7.8476825,3.1128333,18.137007,-47.176777,1,2024-11-20,6.514285714285714,0.0,61.72714285714286,6.312857142857142,1.0,258.57714285714286,2024,11,20,97.0,0,China_1007.csv
2024-11-21,1007,138.0,22.0,13.0,2.0,24.0,1.8,1,1,0,0,1,1,3,3,-0.8931271465317626,-1.805545115936526,11.15225,5.6566753,17.943266,-23.78458,1,2024-11-21,7.458571428571429,0.0,44.385714285714286,7.15,1.0,238.35857142857142,2024,11,21,138.0,0,China_1007.csv
2024-11-22,1007,48.0,26.0,16.0,3.0,20.0,2.0,1,1,0,0,5,5,5,5,-1.7717957989288184,-2.9906154990257767,8.278558,5.470685,13.878664,-69.8604,1,2024-11-22,5.514285714285714,0.0,63.744285714285716,4.188571428571429,1.0,109.98714285714287,2024,11,22,48.0,0,China_1007.csv
2024-11-23,1007,43.0,46.0,13.0,4.0,19.0,1.8,1,1,0,0,5,5,5,5,-1.503498951150078,-2.3857045156280767,8.233039,6.159208,7.1133385,-67.31088,1,2024-11-23,4.395714285714286,0.0,72.4057142857143,3.3871428571428575,1.0,184.04714285714286,2024,11,23,46.0,0,China_1007.csv
2024-11-24,1007,89.0,72.0,24.0,7.0,1.0,1.0,0,0,2,2,2,2,2,2,2.8721655683801814,-4.265432049186071,8.865312,0.7314776,42.186333,-84.35751,1,2024-11-24,6.7942857142857145,0.0,76.16,3.825714285714286,1.0,200.29142857142855,2024,11,24,89.0,0,China_1007.csv
2024-11-25,1007,145.0,33.0,10.0,4.0,27.0,1.4,1,1,0,0,1,1,3,3,-0.012471030444780446,-0.8534266226371864,11.385065,4.8338346,23.396708,-15.399405,1,2024-11-25,1.5842857142857143,0.0,32.10142857142857,14.435714285714287,1.0,316.01714285714286,2024,11,25,145.0,0,China_1007.csv
2024-11-26,1007,85.0,9.0,2.0,1.0,27.0,1.0,1,1,0,0,1,1,3,3,-4.552350936353449,-1.1717971634536648,11.803429,9.92568,-28.040054,-47.011726,1,2024-11-26,-1.5842857142857143,0.0,25.13,14.394285714285715,1.0,308.78285714285715,2024,11,26,85.0,0,China_1007.csv
2024-11-27,1007,15.0,14.0,2.0,1.0,24.0,1.4,1,1,0,0,5,5,1,1,-5.900401281390503,-1.8196756407009043,10.49599,13.675784,-103.29767,-21.649359,1,2024-11-27,0.49714285714285716,0.0,29.731428571428573,11.672857142857143,1.0,289.4342857142857,2024,11,27,24.0,0,China_1007.csv
2024-11-28,1007,25.0,17.0,3.0,1.0,24.0,1.0,1,1,0,0,5,5,1,1,-5.584861479831556,-1.8724696797442792,11.004324,13.343598,-96.20299,-27.733614,1,2024-11-28,3.2657142857142856,0.0,39.035714285714285,10.535714285714286,1.0,264.58857142857147,2024,11,28,25.0,0,China_1007.csv
2024-11-29,1007,30.0,26.0,14.0,2.0,26.0,1.2,1,1,0,0,5,5,1,1,-3.1572853479731524,-2.6074387996832495,6.549442,11.021979,-66.958496,-67.03583,1,2024-11-29,6.572857142857143,0.0,47.85,6.088571428571428,1.0,281.96,2024,11,29,30.0,0,China_1007.csv
2024-11-30,1007,49.0,42.0,21.0,4.0,14.0,1.2,1,1,0,0,5,5,5,5,-0.43741903892887807,-3.8436468860332735,6.0560184,6.525613,-2.144374,-93.26371,1,2024-11-30,6.654285714285714,0.0,54.99857142857143,3.9457142857142857,1.0,193.8742857142857,2024,11,30,49.0,0,China_1007.csv
2024-12-01,1007,74.0,52.0,18.0,4.0,23.0,1.0,1,1,0,0,5,5,5,5,-0.19151482437942363,-2.3899062544301968,6.5469117,6.1374435,-7.2240553,-73.9767,1,2024-12-01,5.322857142857143,0.0,35.99142857142857,11.198571428571428,1.0,176.33285714285714,2024,12,1,74.0,0,China_1007.csv
2024-12-02,1007,98.0,11.0,4.0,1.0,27.0,1.2,1,1,0,0,1,1,3,3,-3.9032506178418545,-1.2264962872559948,11.793222,9.661864,-26.737831,-44.297066,1,2024-12-02,-0.43142857142857144,0.0,24.689999999999998,8.371428571428572,1.0,179.5,2024,12,2,98.0,0,China_1007.csv
2024-12-03,1007,17.0,32.0,15.0,1.0,25.0,1.0,1,1,0,0,5,5,5,5,-3.781738345997359,-2.930330421866812,9.133525,12.446515,-74.615425,-68.84373,1,2024-12-03,0.7871428571428571,0.0,32.87428571428571,3.682857142857143,1.0,219.61714285714285,2024,12,3,32.0,0,China_1007.csv
2024-12-04,1007,58.0,36.0,15.0,3.0,27.0,1.0,1,1,0,0,5,5,5,5,-1.754473907013899,-2.189442671270722,6.136869,7.922027,-28.739275,-78.14922,1,2024-12-04,1.8642857142857143,0.0,40.629999999999995,6.07,1.0,253.03142857142856,2024,12,4,58.0,0,China_1007.csv
2024-12-05,1007,65.0,15.0,3.0,2.0,27.0,1.0,1,1,0,0,5,5,1,1,-4.208857453129988,-1.2442815988550062,9.1742325,10.883535,-61.28102,-29.248714,1,2024-12-05,2.9499999999999997,0.0,33.19,9.324285714285713,1.0,262.6714285714286,2024,12,5,65.0,0,China_1007.csv
2024-12-06,1007,33.0,21.0,9.0,1.0,24.0,1.0,1,1,0,0,5,5,1,1,-4.481451923913209,-2.4125950630480224,9.799378,12.714306,-91.436966,-46.325237,1,2024-12-06,0.9971428571428572,0.0,28.52857142857143,11.59142857142857,1.0,256.2714285714286,2024,12,6,33.0,0,China_1007.csv
2024-12-07,1007,45.0,16.0,3.0,1.0,26.0,1.2,1,1,0,0,5,5,1,1,-5.1162768830491165,-1.5253196092454668,11.195504,12.685362,-88.47746,-24.567175,1,2024-12-07,-0.9814285714285714,0.0,22.825714285714287,8.364285714285714,1.0,272.7785714285714,2024,12,7,45.0,0,China_1007.csv
2024-12-08,1007,30.0,25.0,13.0,2.0,22.0,1.0,1,1,0,0,5,5,1,1,-3.3746195254453553,-2.8990116874708374,6.7120786,11.255815,-69.56018,-62.034508,1,2024-12-08,-2.2071428571428573,0.0,26.17142857142857,4.275714285714286,1.0,231.95000000000002,2024,12,8,30.0,0,China_1007.csv
2024-12-09,1007,43.0,45.0,21.0,4.0,11.0,1.0,1,1,0,0,5,5,5,5,-0.5731324190648676,-4.137040709486651,5.959124,6.5422006,-2.0388706,-92.84932,1,2024-12-09,-0.9385714285714286,0.0,28.475714285714282,4.547142857142857,1.0,213.78428571428572,2024,12,9,45.0,0,China_1007.csv
2024-12-10,1007,83.0,28.0,15.0,2.0,23.0,1.0,1,1,0,0,5,5,5,5,-1.8878973232389682,-2.575761205955844,9.00905,9.88854,-47.923607,-48.787872,1,2024-12-10,0.41571428571428576,0.0,41.29,5.04,1.0,122.9057142857143,2024,12,10,83.0,0,China_1007.csv
2024-12-11,1007,67.0,32.0,12.0,2.0,22.0,1.0,1,1,0,0,5,5,1,1,-2.6047680433457048,-2.3838534659738544,8.530084,10.255741,-51.18589,-49.432926,1,2024-12-11,-0.2171428571428571,0.0,50.74571428571429,3.6814285714285715,1.0,147.95857142857145,2024,12,11,67.0,0,China_1007.csv
2024-12-12,1007,73.0,61.0,24.0,6.0,3.0,2.0,0,0,2,2,2,2,5,5,2.052101599478965,-4.317856486476591,8.618384,2.642202,36.192654,-58.801956,1,2024-12-12,-0.6385714285714286,0.0,54.56428571428571,5.652857142857143,1.0,201.52428571428572,2024,12,12,73.0,0,China_1007.csv
2024-12-13,1007,127.0,27.0,4.0,1.0,25.0,1.0,1,1,0,0,1,1,3,3,-3.0685539941392146,-0.9417857835947103,12.415099,8.068514,-10.713626,-44.273556,1,2024-12-13,-0.9528571428571428,0.0,31.22142857142857,7.808571428571428,1.0,246.71428571428572,2024,12,13,127.0,0,China_1007.csv
2024-12-14,1007,48.0,24.0,7.0,1.0,28.0,1.0,1,1,0,0,5,5,1,1,-4.3867073185003935,-1.671385368491844,10.477638,12.140808,-84.29852,-32.624172,1,2024-12-14,0.022857142857142854,0.0,25.398571428571426,7.214285714285714,1.0,247.73285714285717,2024,12,14,48.0,0,China_1007.csv
2024-12-15,1007,39.0,29.0,11.0,1.0,25.0,1.0,1,1,0,0,5,5,1,1,-3.9311215395415817,-2.3657325591047287,9.5527725,12.34018,-88.36959,-49.981823,1,2024-12-15,1.01,0.0,27.505714285714284,6.8100000000000005,1.0,182.20285714285714,2024,12,15,39.0,0,China_1007.csv
2024-12-16,1007,49.0,31.0,13.0,2.0,24.0,1.4,1,1,0,0,5,5,1,1,-2.767568749016838,-2.4059715478566774,7.1555867,10.892973,-61.92042,-63.657303,1,2024-12-16,0.85,0.0,33.417142857142856,6.047142857142857,1.0,124.52285714285713,2024,12,16,49.0,0,China_1007.csv
2024-12-17,1007,59.0,15.0,5.0,1.0,28.0,1.0,1,1,0,0,5,5,1,1,-4.5827492053454915,-1.5166215779000873,10.946983,11.801876,-81.41574,-28.200651,1,2024-12-17,-0.18571428571428572,0.0,28.487142857142857,10.848571428571429,1.0,187.04142857142855,2024,12,17,59.0,0,China_1007.csv
2024-12-18,1007,31.0,17.0,4.0,1.0,28.0,1.2,1,1,0,0,5,5,1,1,-5.253840446599794,-1.5517639025962586,10.673129,13.166486,-100.859856,-26.402105,1,2024-12-18,-2.2399999999999998,0.0,31.262857142857143,4.658571428571428,1.0,209.7357142857143,2024,12,18,31.0,0,China_1007.csv
2024-12-19,1007,32.0,41.0,19.0,4.0,14.0,1.0,1,1,0,0,5,5,5,5,-1.1569172122834825,-3.802701440419548,5.66476,6.260457,-7.1124167,-94.74955,1,2024-12-19,-3.5700000000000003,0.0,45.220000000000006,3.88,1.0,197.28571428571428,2024,12,19,41.0,0,China_1007.csv
2024-12-20,1007,83.0,35.0,10.0,2.0,27.0,1.0,1,1,0,0,5,5,1,1,-2.4858668212914123,-1.547046265182172,8.967189,10.120158,-52.4995,-44.93234,1,2024-12-20,-2.367142857142857,0.0,29.207142857142856,14.147142857142857,1.0,297.8742857142857,2024,12,20,83.0,0,China_1007.csv
2024-12-21,1007,71.0,18.0,3.0,1.0,28.0,1.0,1,1,0,0,5,5,1,1,-4.562986023691099,-1.1501119855501807,11.356981,10.841952,-31.601627,-47.373196,1,2024-12-21,-2.32,0.0,27.81714285714286,7.975714285714285,1.0,206.19142857142856,2024,12,21,71.0,0,China_1007.csv
2024-12-22,1007,27.0,25.0,11.0,1.0,20.0,1.2,1,1,0,0,5,5,1,1,-4.221285414113841,-2.931018591179506,9.444297,12.60841,-91.94967,-49.072933,1,2024-12-22,-2.6557142857142857,0.0,34.12,4.082857142857143,1.0,235.04142857142855,2024,12,22,27.0,0,China_1007.csv
2024-12-23,1007,49.0,37.0,18.0,4.0,22.0,1.8,1,1,0,0,5,5,5,5,-0.7904384071124116,-2.78693643688301,7.928385,5.086316,17.802946,-65.92717,1,2024-12-23,-2.2814285714285716,0.0,35.49285714285714,3.1928571428571426,1.0,181.6185714285714,2024,12,23,49.0,0,China_1007.csv
2024-12-24,1007,75.0,64.0,29.0,7.0,7.0,1.8,0,0,2,2,2,2,2,2,3.363453791865077,-4.401539999304639,8.831842,1.9454997,46.473824,-62.121803,1,2024-12-24,-2.7642857142857147,0.0,48.07714285714286,2.6585714285714284,1.0,214.4385714285714,2024,12,24,75.0,0,China_1007.csv
2024-12-25,1007,130.0,57.0,15.0,5.0,29.0,1.6,1,1,0,0,1,1,9,9,1.3593821911315782,-0.8174569509965491,10.889888,3.6892626,33.046364,-6.9077625,1,2024-12-25,-0.9885714285714285,0.0,27.571428571428573,13.984285714285715,1.0,310.82714285714286,2024,12,25,130.0,0,China_1007.csv
2024-12-26,1007,103.0,26.0,6.0,1.0,26.0,1.2,1,1,0,0,1,1,3,3,-3.2663285291348294,-1.244106307722166,11.764329,9.462233,-26.627611,-40.492188,1,2024-12-26,-2.5628571428571427,0.0,26.004285714285714,11.114285714285714,1.0,294.55428571428575,2024,12,26,103.0,0,China_1007.csv
2024-12-27,1007,46.0,19.0,1.0,1.0,26.0,1.2,1,1,0,0,5,5,1,1,-5.334603416788597,-1.2433955908305276,11.284236,12.858024,-90.11584,-23.9172,1,2024-12-27,-2.007142857142857,0.0,23.844285714285714,10.237142857142857,1.0,299.61857142857144,2024,12,27,46.0,0,China_1007.csv
2024-12-28,1007,31.0,34.0,11.0,1.0,26.0,1.4,1,1,0,0,5,5,1,1,-3.9271645536585744,-2.1852240956561997,9.420301,12.373224,-79.4861,-60.85593,1,2024-12-28,-1.792857142857143,0.0,26.065714285714286,4.25,1.0,229.97,2024,12,28,34.0,0,China_1007.csv
2024-12-29,1007,47.0,58.0,27.0,5.0,5.0,1.8,0,0,2,2,2,2,5,5,1.2966967679795827,-4.853251898694002,8.447379,2.5181723,32.59362,-68.71975,1,2024-12-29,-0.6785714285714286,0.0,27.99857142857143,6.735714285714287,1.0,226.79285714285714,2024,12,29,58.0,0,China_1007.csv
2024-12-30,1007,100.0,58.6,11.4,4.6,68.0,2.2,2,2,1,1,3,3,0,0,0.24111608868119347,2.876548736069585,3.2706416,3.3255992,22.471588,79.05464,1,2024-12-30,1.02,0.0,30.548571428571428,9.927142857142858,1.0,257.5542857142857,2024,12,30,100.0,0,China_1007.csv
2024-12-31,1007,88.2662739965096,50.93603035249482,13.408463018010142,4.734017915665283,41.49403278688525,1.638922299735386,1,1,0,0,5,5,0,0,0.026562817246575596,0.01701436050962379,-2.9975255,-7.443813,9.655585,12.055235,1,2024-12-31,-0.7385714285714285,0.0,33.22571428571428,5.555714285714286,1.0,169.8857142857143,2024,12,31,88.2662739965096,0,China_1007.csv
2025-01-01,1007,47.8,38.0,17.0,4.0,21.0,1.2,1,1,0,0,5,5,5,5,-1.0875505188048085,-2.859097812303569,5.874345,5.8957453,-9.595338,-67.63161,1,2025-01-01,-0.27571428571428575,0.0,30.594285714285714,6.01,1.0,130.29857142857142,2025,1,1,47.8,0,China_1007.csv
2025-01-02,1007,72.0,17.0,6.0,1.0,26.0,1.0,1,1,0,0,5,5,1,1,-4.129779022834447,-1.6700730519004623,11.356024,10.797106,-35.152912,-45.80561,1,2025-01-02,-1.042857142857143,0.0,28.375714285714285,6.571428571428571,1.0,220.18285714285713,2025,1,2,72.0,0,China_1007.csv
2025-01-03,1007,38.0,32.0,13.0,2.0,20.0,1.4,1,1,0,0,5,5,1,1,-2.9995263313264675,-2.8251837414720335,6.9499846,10.936532,-62.13233,-64.56805,1,2025-01-03,-1.672857142857143,0.0,28.178571428571427,4.675714285714285,1.0,223.4157142857143,2025,1,3,38.0,0,China_1007.csv
2025-01-04,1007,65.0,51.0,26.0,5.0,8.0,1.0,0,0,2,2,2,2,5,5,1.2489164082260784,-4.596725870843197,8.022855,1.3461652,13.60259,-93.17838,1,2025-01-04,0.005714285714285709,0.0,27.101428571428574,5.375714285714286,1.0,242.26285714285717,2025,1,4,65.0,0,China_1007.csv
2025-01-05,1007,101.0,44.0,14.0,2.0,29.0,1.0,1,1,0,0,1,1,3,3,-1.3685991442963255,-1.5262164048640436,9.812589,7.255978,-20.422709,-18.358114,1,2025-01-05,1.4742857142857144,0.0,31.375714285714285,10.864285714285714,1.0,303.8771428571428,2025,1,5,101.0,0,China_1007.csv
2025-01-06,1007,73.0,15.0,4.0,1.0,26.0,1.0,1,1,0,0,5,5,1,1,-4.429005718926741,-1.473172555269589,11.485122,10.682281,-32.21773,-47.083397,1,2025-01-06,0.9942857142857143,0.0,25.47714285714286,9.055714285714286,1.0,294.24285714285713,2025,1,6,73.0,0,China_1007.csv
2025-01-07,1007,25.0,11.0,2.0,1.0,24.0,1.0,1,1,0,0,5,5,1,1,-5.826197212359062,-1.8628875892362682,11.113298,13.375609,-96.08677,-26.696915,1,2025-01-07,0.5785714285714285,0.0,27.095714285714283,12.34142857142857,1.0,178.44714285714286,2025,1,7,25.0,0,China_1007.csv
2025-01-08,1007,19.0,14.0,1.0,1.0,27.0,1.0,1,1,0,0,5,5,1,1,-6.044243698903737,-1.4826774841405106,11.002738,13.418529,-97.079346,-26.518742,1,2025-01-08,-3.2014285714285715,0.0,24.34,11.505714285714285,1.0,288.7471428571429,2025,1,8,27.0,0,China_1007.csv
2025-01-09,1007,18.0,13.0,5.0,1.0,27.0,1.0,1,1,0,0,5,5,1,1,-5.505045995108949,-1.9538123431099248,10.577592,13.332797,-97.16003,-33.820503,1,2025-01-09,-3.8128571428571427,0.0,25.084285714285716,6.588571428571428,1.0,235.10714285714286,2025,1,9,27.0,0,China_1007.csv
2025-01-10,1007,33.0,20.0,13.0,1.0,22.0,1.0,1,1,0,0,5,5,1,1,-3.925633785188023,-3.0518560274746482,9.31429,12.443072,-76.62752,-67.639275,1,2025-01-10,-3.2328571428571427,0.0,22.735714285714288,4.87,1.0,191.92714285714285,2025,1,10,33.0,0,China_1007.csv
2025-01-11,1007,50.0,30.0,15.0,2.0,19.0,1.2,1,1,0,0,5,5,5,5,-2.533003633281947,-3.112592957669905,7.2071958,10.231377,-52.801857,-55.98659,1,2025-01-11,-2.09,0.0,30.927142857142858,6.82,1.0,218.51285714285717,2025,1,11,50.0,0,China_1007.csv
2025-01-12,1007,67.0,32.0,8.0,2.0,25.0,1.0,1,1,0,0,5,5,1,1,-3.1742541791033054,-1.67368935827573,8.558946,10.669538,-58.109806,-44.910965,1,2025-01-12,-1.42,0.0,34.042857142857144,6.201428571428571,1.0,164.87285714285716,2025,1,12,67.0,0,China_1007.csv
2025-01-13,1007,62.0,48.0,19.0,4.0,21.0,1.6,1,1,0,0,5,5,5,5,-0.23618635124058096,-2.7339849942827614,6.3893905,6.1661043,-9.044241,-87.12124,1,2025-01-13,0.6071428571428571,0.0,34.98285714285714,6.298571428571429,1.0,218.19,2025,1,13,62.0,0,China_1007.csv
2025-01-14,1007,95.0,21.0,4.0,1.0,25.0,1.2,1,1,0,0,1,1,3,3,-3.8114079156388345,-1.255334146544277,11.6998825,9.628898,-27.844246,-43.797943,1,2025-01-14,-2.8771428571428572,0.0,21.557142857142853,13.845714285714285,1.0,309.2214285714286,2025,1,14,95.0,0,China_1007.csv
2025-01-15,1007,34.0,22.0,8.0,2.0,18.0,1.2,1,1,0,0,5,5,1,1,-4.021056849997784,-2.6783007095648674,7.4468923,11.788063,-67.565155,-47.247864,1,2025-01-15,-2.2471428571428573,0.0,19.52285714285714,6.3028571428571425,1.0,203.92857142857142,2025,1,15,34.0,0,China_1007.csv
2025-01-16,1007,47.0,43.0,10.0,2.0,22.0,1.0,1,1,0,0,5,5,1,1,-3.148188875529938,-2.127373723776806,7.598067,10.825301,-61.7861,-51.17182,1,2025-01-16,0.13142857142857145,0.0,23.755714285714284,6.2,1.0,184.01714285714283,2025,1,16,47.0,0,China_1007.csv
2025-01-17,1007,67.0,59.0,24.0,5.0,13.0,1.0,0,0,2,2,2,2,5,5,1.1456947600746983,-3.782549839177018,7.976122,1.4723436,15.112227,-91.33616,1,2025-01-17,-1.1528571428571428,0.0,31.952857142857145,3.262857142857143,1.0,207.43428571428572,2025,1,17,67.0,0,China_1007.csv
2025-01-18,1007,109.0,69.0,29.0,7.0,10.0,1.0,0,0,2,2,2,2,2,2,4.0004015865718205,-3.9295344550298976,9.125962,0.3866361,47.072388,-78.57288,1,2025-01-18,0.6971428571428572,0.0,27.197142857142858,6.777142857142857,1.0,199.78,2025,1,18,109.0,0,China_1007.csv
2025-01-19,1007,145.0,33.0,13.0,3.0,31.0,1.0,1,1,0,0,1,1,3,3,-0.19840497253341233,-0.9966097156009429,11.448977,5.428219,14.034786,-25.524982,1,2025-01-19,1.2228571428571429,0.0,27.981428571428573,5.278571428571429,1.0,186.42714285714285,2025,1,19,145.0,0,China_1007.csv
2025-01-20,1007,67.0,54.0,22.0,4.0,16.0,2.0,1,1,0,0,5,5,5,5,0.48302380731121475,-3.2987844663708787,8.454024,4.371265,26.91801,-68.08656,1,2025-01-20,0.5399999999999999,0.0,34.214285714285715,4.6657142857142855,1.0,166.49,2025,1,20,67.0,0,China_1007.csv
2025-01-21,1007,107.0,38.0,15.0,4.0,27.0,1.6,1,1,0,0,1,1,3,3,0.014066140792357795,-1.5841120501358306,9.492769,4.488757,-2.5757737,-1.0737319,1,2025-01-21,1.1014285714285714,0.0,38.01285714285715,5.262857142857143,1.0,137.00714285714284,2025,1,21,107.0,0,China_1007.csv
2025-01-22,1007,84.0,52.0,16.0,9.0,21.0,1.0,0,0,2,2,2,2,9,9,2.406634054157434,-1.811156492840784,6.406458,1.8257995,-3.1684792,16.43971,1,2025-01-22,-0.8114285714285714,0.0,63.97142857142857,2.69,1.0,151.18428571428572,2025,1,22,84.0,0,China_1007.csv
2025-01-23,1007,118.0,59.0,16.0,6.0,21.0,1.0,0,0,2,2,2,2,9,9,1.6506641950659398,-1.7033466164429036,7.131849,2.5015526,31.084497,-3.4918792,1,2025-01-23,-1.6185714285714285,0.0,60.410000000000004,2.8985714285714286,1.0,177.42285714285714,2025,1,23,118.0,0,China_1007.csv
2025-01-24,1007,140.0,79.0,18.0,10.0,28.0,1.0,0,0,2,2,2,2,9,9,4.896730499507865,-0.4383881445459106,11.304973,0.75842965,72.53033,-28.745089,1,2025-01-24,-0.3628571428571429,0.0,61.24285714285714,3.36,1.0,163.51999999999998,2025,1,24,140.0,0,China_1007.csv
2025-01-25,1007,168.0,84.0,14.0,12.0,26.0,1.0,0,0,2,2,2,2,7,7,6.071725764268555,0.31434867789832943,11.786075,-0.0843475,86.991234,-27.048498,1,2025-01-25,-0.032857142857142856,0.0,62.957142857142856,5.678571428571429,1.0,222.1757142857143,2025,1,25,168.0,0,China_1007.csv
2025-01-26,1007,174.0,92.0,3.0,3.0,27.0,1.2,1,1,0,0,1,1,3,3,-0.02184541011025992,1.0286822000132958,13.276501,3.7086852,45.063435,11.575513,1,2025-01-26,-3.294285714285714,0.0,21.465714285714284,17.505714285714287,1.0,331.14285714285717,2025,1,26,174.0,0,China_1007.csv
2025-01-27,1007,99.0,20.0,6.4,3.0,27.0,1.0,1,1,0,0,1,1,3,3,-2.3665274381826595,-1.1863963991197821,7.6371765,8.552588,-51.673294,9.494824,1,2025-01-27,-6.325714285714286,0.0,21.408571428571427,13.122857142857143,1.0,307.0228571428571,2025,1,27,99.0,0,China_1007.csv
2025-01-28,1007,17.0,18.0,1.0,3.0,29.0,1.0,1,1,0,0,5,5,1,1,-4.947692954725468,-1.0724428206467602,5.7764344,9.819351,-73.037155,16.642628,1,2025-01-28,-5.368571428571428,0.0,25.42142857142857,6.634285714285714,1.0,199.04142857142855,2025,1,28,29.0,0,China_1007.csv
2025-01-29,1007,40.0,75.0,7.0,5.0,24.0,3.0,1,1,0,0,5,5,8,8,-1.1360343049391637,-0.5082659936012043,7.677514,-2.6240203,65.01479,42.118114,1,2025-01-29,-3.9114285714285715,0.0,28.667142857142856,5.778571428571429,1.0,74.98285714285714,2025,1,29,75.0,0,China_1007.csv
2025-01-30,1007,162.0,51.0,4.0,9.0,27.0,2.0,0,0,2,2,1,1,9,9,2.59698308952863,0.8111316103993161,11.368389,2.5895216,54.04423,1.9825207,1,2025-01-30,-5.1414285714285715,0.0,55.660000000000004,3.6028571428571428,1.0,132.94,2025,1,30,162.0,0,China_1007.csv
2025-01-31,1007,120.0,57.0,6.0,9.0,24.0,1.0,0,0,2,2,1,1,9,9,1.8317170250528723,-0.06948239104656395,11.651996,2.572307,46.44921,-6.399457,1,2025-01-31,-3.165714285714286,0.0,60.26571428571429,3.7128571428571426,1.0,144.48714285714286,2025,1,31,120.0,0,China_1007.csv
2025-02-01,1007,141.0,59.0,6.0,9.0,22.0,1.0,0,0,2,2,1,1,9,9,2.313587707860806,-0.04980699378188736,11.652382,2.6034963,46.721394,-6.308078,1,2025-02-01,-3.0171428571428573,0.0,71.14142857142858,5.031428571428571,1.0,193.77285714285716,2025,2,1,141.0,0,China_1007.csv
2025-02-02,1007,143.0,37.0,4.0,8.0,34.0,1.0,1,1,0,0,1,1,9,9,1.20750123511569,0.7786936250430935,11.747772,2.920438,44.1857,-8.440128,1,2025-02-02,-1.375714285714286,0.0,24.62,13.444285714285714,1.0,304.74000000000007,2025,2,2,143.0,0,China_1007.csv
2025-02-03,1007,87.0,10.0,4.6,3.0,33.0,1.0,1,1,0,0,1,1,3,3,-3.0326497522885125,-0.7203734494338359,7.37354,8.698433,-51.695415,11.013865,1,2025-02-03,-3.255714285714286,0.0,21.382857142857144,11.571428571428571,1.0,213.8485714285714,2025,2,3,87.0,0,China_1007.csv
2025-02-04,1007,18.0,21.0,3.0,3.0,29.0,1.0,1,1,0,0,5,5,1,1,-4.588997219749143,-1.236959520460616,5.7810903,9.756279,-71.84244,17.409058,1,2025-02-04,-3.802857142857143,0.0,21.404285714285713,11.644285714285713,1.0,276.53285714285715,2025,2,4,29.0,0,China_1007.csv
2025-02-05,1007,41.0,21.0,3.0,2.0,30.0,1.0,1,1,0,0,5,5,1,1,-4.623709418081336,-1.0630806599468747,8.13564,12.112569,-98.737854,-3.945441,1,2025-02-05,-3.1542857142857144,0.0,17.259999999999998,7.887142857142857,1.0,254.9157142857143,2025,2,5,41.0,0,China_1007.csv
2025-02-06,1007,39.0,57.0,3.0,2.0,28.0,1.0,1,1,0,0,5,5,1,1,-4.089541095089907,-0.6421069780751054,8.581713,9.33748,-73.105675,-12.533025,1,2025-02-06,-7.331428571428572,0.0,18.16142857142857,17.897142857142857,1.0,312.17857142857144,2025,2,6,57.0,0,China_1007.csv
2025-02-07,1007,51.0,26.0,1.0,2.0,28.0,1.0,1,1,0,0,5,5,1,1,-4.619899213471211,-0.8537564331125622,8.827104,11.269204,-66.557045,-28.878147,1,2025-02-07,-8.851428571428572,0.0,18.37,11.231428571428571,1.0,274.06,2025,2,7,51.0,0,China_1007.csv
2025-02-08,1007,34.0,15.0,4.0,2.0,29.0,1.0,1,1,0,0,5,5,1,1,-4.730557544370906,-1.4184538795245734,8.076671,12.221516,-100.14511,-4.192703,1,2025-02-08,-6.691428571428572,0.0,17.451428571428572,6.472857142857143,1.0,218.06285714285715,2025,2,8,34.0,0,China_1007.csv
2025-02-09,1007,30.0,17.0,7.0,3.0,25.0,1.0,1,1,0,0,5,5,1,1,-3.8270092618170204,-2.0107748908182814,5.6189647,9.4389,-67.27613,13.646514,1,2025-02-09,-5.7457142857142856,0.0,20.78142857142857,4.632857142857143,1.0,184.40571428571428,2025,2,9,30.0,0,China_1007.csv
2025-02-10,1007,37.0,59.0,24.0,6.0,19.0,2.0,0,0,2,2,5,5,5,5,1.2807316077763486,-3.222166611397369,8.233182,3.1395216,29.684385,-61.573647,1,2025-02-10,-2.8214285714285716,0.0,28.732857142857142,3.5557142857142856,1.0,147.93571428571428,2025,2,10,59.0,0,China_1007.csv
2025-02-11,1007,120.0,96.0,32.0,9.0,17.0,3.0,0,0,2,2,2,2,2,2,6.664302842398393,-2.578048988612711,9.620994,-2.966845,84.723885,10.166047,1,2025-02-11,0.33999999999999997,0.0,35.42714285714286,7.877142857142857,1.0,172.46285714285713,2025,2,11,120.0,0,China_1007.csv
2025-02-12,1007,177.0,20.0,5.0,1.0,31.0,1.0,1,1,0,0,1,1,3,3,-1.9402612062497524,-0.26050150791286375,12.81906,6.2804613,7.2895393,-40.063484,1,2025-02-12,0.32142857142857145,0.0,20.945714285714285,8.82,1.0,277.4428571428571,2025,2,12,177.0,0,China_1007.csv
2025-02-13,1007,32.0,70.0,17.0,3.0,27.0,2.0,1,1,0,0,5,5,5,5,-1.2443466425281755,-1.8616988267686372,8.046129,5.655682,15.126691,-60.19295,1,2025-02-13,1.7442857142857144,0.0,19.685714285714287,4.928571428571429,1.0,235.46142857142857,2025,2,13,70.0,0,China_1007.csv
2025-02-14,1007,128.0,56.0,20.0,5.0,28.0,2.0,0,0,2,2,1,1,9,9,2.112379809896243,-1.4267054592365092,9.94471,3.6333327,34.613384,-36.030205,1,2025-02-14,2.8114285714285714,0.0,20.795714285714286,4.872857142857143,1.0,198.22285714285712,2025,2,14,128.0,0,China_1007.csv
2025-02-15,1007,105.0,82.0,16.0,4.0,36.0,2.0,1,1,0,0,1,1,5,5,0.9432631693200982,-0.10263137030786439,9.583458,4.531858,10.709428,-1.602405,1,2025-02-15,6.075714285714286,0.0,22.285714285714285,11.427142857142856,1.0,274.58142857142855,2025,2,15,105.0,0,China_1007.csv
2025-02-16,1007,124.0,30.0,4.0,1.0,33.0,1.0,1,1,0,0,1,1,3,3,-3.0648511673779577,-0.2105780095947301,12.33922,8.0291395,-9.861662,-42.473408,1,2025-02-16,2.847142857142857,0.0,19.017142857142858,13.492857142857144,1.0,203.61285714285714,2025,2,16,124.0,0,China_1007.csv
2025-02-17,1007,38.0,16.0,4.0,1.0,31.0,1.0,1,1,0,0,5,5,1,1,-5.157823193953581,-1.2857649612290267,10.950412,12.711369,-89.56554,-29.458963,1,2025-02-17,-0.02571428571428572,0.0,19.59714285714286,5.687142857142858,1.0,152.53428571428572,2025,2,17,38.0,0,China_1007.csv
2025-02-18,1007,29.0,29.0,13.0,3.0,32.0,1.0,1,1,0,0,5,5,1,1,-2.771375858024877,-1.8687146057085997,4.7009597,8.368566,-41.818127,-63.65992,1,2025-02-18,0.39285714285714285,0.0,18.707142857142856,7.048571428571429,1.0,120.26142857142858,2025,2,18,32.0,0,China_1007.csv
2025-02-19,1007,59.0,25.0,8.0,2.0,27.0,1.0,1,1,0,0,5,5,1,1,-3.4556464545400467,-1.6784231606109126,8.513697,11.006563,-62.18218,-39.35219,1,2025-02-19,0.048571428571428564,0.0,20.995714285714286,5.8028571428571425,1.0,114.92714285714285,2025,2,19,59.0,0,China_1007.csv
2025-02-20,1007,43.0,20.0,7.0,3.0,29.0,2.0,1,1,0,0,5,5,1,1,-3.252790352019452,-1.3354298564333469,8.470676,7.0961523,-58.39902,-16.064188,1,2025-02-20,-0.39285714285714285,0.0,20.957142857142856,6.002857142857144,1.0,116.81428571428572,2025,2,20,43.0,0,China_1007.csv
2025-02-21,1007,40.0,17.0,5.0,2.0,28.0,1.0,1,1,0,0,5,5,1,1,-4.42658700712324,-1.5378249063464284,8.121231,11.973948,-100.70268,-2.7955267,1,2025-02-21,-1.955714285714286,0.0,27.32857142857143,5.571428571428571,1.0,127.26714285714286,2025,2,21,40.0,0,China_1007.csv
2025-02-22,1007,35.0,16.0,4.0,2.0,31.0,1.0,1,1,0,0,5,5,1,1,-4.687708933388085,-1.2179439503050387,8.085123,12.162951,-99.87671,-3.7447913,1,2025-02-22,-1.5628571428571427,0.0,18.03142857142857,11.095714285714285,1.0,270.07714285714286,2025,2,22,35.0,0,China_1007.csv
2025-02-23,1007,29.0,21.0,4.0,3.0,32.0,1.0,1,1,0,0,5,5,1,1,-4.199116087088482,-1.00026056015259,5.79361,9.754901,-70.779236,17.330341,1,2025-02-23,-1.16,0.0,19.995714285714286,7.21,1.0,284.90999999999997,2025,2,23,32.0,0,China_1007.csv
2025-02-24,1007,33.0,44.0,17.0,5.0,28.0,2.0,1,1,0,0,5,5,5,5,-0.5707753928629231,-2.026443416756949,8.198989,3.7719917,22.856903,-59.265114,1,2025-02-24,1.9642857142857142,0.0,19.048571428571428,6.067142857142857,1.0,221.8457142857143,2025,2,24,44.0,0,China_1007.csv
2025-02-25,1007,73.0,42.0,13.0,5.0,36.0,1.0,1,1,0,0,5,5,0,0,-0.5285334354796367,-0.7759003430577913,6.2183356,3.4567199,-15.227351,11.309206,1,2025-02-25,3.512857142857143,0.0,18.542857142857144,8.708571428571428,1.0,258.91,2025,2,25,73.0,0,China_1007.csv
2025-02-26,1007,78.0,47.0,18.0,7.0,24.0,2.0,0,0,2,2,2,2,5,5,1.656070520984857,-1.910859097235235,8.798088,3.0975528,35.603756,-47.193027,1,2025-02-26,3.0728571428571425,0.0,24.12,3.774285714285714,1.0,161.20285714285714,2025,2,26,78.0,0,China_1007.csv
2025-02-27,1007,78.0,87.0,30.0,10.0,32.0,4.0,0,0,2,2,4,4,8,8,6.128082410854779,-1.2485921863463443,9.168863,-4.21266,93.74957,25.191145,1,2025-02-27,5.464285714285714,0.0,35.754285714285714,3.9085714285714284,1.0,197.1357142857143,2025,2,27,87.0,0,China_1007.csv
2025-02-28,1007,161.0,95.0,31.0,11.0,40.0,2.0,0,0,2,2,2,2,2,2,8.284911964917711,-0.13724530549324537,10.823433,0.31958404,70.387085,-44.40913,1,2025-02-28,8.89,0.0,30.545714285714286,4.081428571428572,1.0,170.84714285714287,2025,2,28,161.0,0,China_1007.csv
2025-03-01,1007,173.0,154.0,24.0,15.0,44.0,3.0,0,0,2,2,2,2,7,7,10.873970475523194,2.627502286326125,11.885701,-0.7479749,85.90459,-14.444357,1,2025-03-01,9.552857142857144,0.0,60.19714285714286,5.890000000000001,1.0,88.39142857142858,2025,3,1,173.0,0,China_1007.csv
2025-03-02,1007,233.0,101.0,9.0,7.0,30.0,1.0,0,0,2,2,1,1,9,9,4.367211082025781,1.558485470773328,12.678871,2.346081,59.98529,-13.094645,1,2025-03-02,3.2457142857142856,0.0,39.291428571428575,5.047142857142857,1.0,107.52285714285713,2025,3,2,233.0,0,China_1007.csv
2025-03-03,1007,116.0,36.0,8.0,4.0,33.0,1.0,1,1,0,0,1,1,3,3,-0.9587614136212932,-0.3438379972357123,6.283349,4.411991,-7.5616174,-6.403695,1,2025-03-03,3.8942857142857146,0.0,28.364285714285717,4.631428571428572,1.0,156.8842857142857,2025,3,3,116.0,0,China_1007.csv
2025-03-04,1007,49.0,42.0,9.0,4.0,34.0,2.0,1,1,0,0,5,5,1,1,-1.9308434663701575,-0.607980813478183,8.328196,6.9008512,-61.37103,-0.42928165,1,2025-03-04,3.6185714285714288,0.0,37.542857142857144,6.387142857142857,1.0,174.54142857142855,2025,3,4,49.0,0,China_1007.csv
2025-03-05,1007,68.0,68.0,17.0,8.0,30.0,2.0,0,0,2,2,2,2,5,5,2.1852705007967548,-0.9007100146167084,8.723153,2.9749928,37.963745,-46.749638,1,2025-03-05,5.3585714285714285,0.0,43.91571428571428,5.3428571428571425,1.0,192.07,2025,3,5,68.0,0,China_1007.csv
2025-03-06,1007,143.0,16.0,6.0,3.0,35.0,1.0,1,1,0,0,1,1,3,3,-1.5164953100041192,-0.1681660635780459,11.61788,6.0849466,4.9790897,-30.042728,1,2025-03-06,6.795714285714285,0.0,30.892857142857142,6.755714285714285,1.0,186.5,2025,3,6,143.0,0,China_1007.csv
2025-03-07,1007,43.0,66.0,17.0,6.0,35.0,2.0,1,1,0,0,5,5,5,5,0.5542623612382928,-0.869200026192808,8.364557,3.3888865,28.403898,-56.930416,1,2025-03-07,4.797142857142857,0.0,57.66571428571428,3.922857142857143,1.0,186.11285714285714,2025,3,7,66.0,0,China_1007.csv
2025-03-08,1007,141.0,77.0,12.0,7.0,45.0,1.0,0,0,2,2,1,1,9,9,2.458042509648791,1.426716460654921,11.8573065,2.2175333,56.828976,-6.446586,1,2025-03-08,7.341428571428572,0.0,57.642857142857146,5.672857142857143,1.0,174.62285714285716,2025,3,8,141.0,0,China_1007.csv
2025-03-09,1007,167.0,97.0,18.0,8.0,52.0,2.0,0,0,2,2,2,2,9,9,4.996817696597926,2.1760580040476674,11.274678,2.3027987,60.065067,-1.6533623,1,2025-03-09,10.569999999999999,0.0,54.63142857142857,10.522857142857143,1.0,172.46857142857144,2025,3,9,167.0,0,China_1007.csv
2025-03-10,1007,183.0,93.0,12.0,9.0,47.0,2.0,0,0,2,2,1,1,9,9,4.935364102585034,2.5520846634637304,11.634223,2.0028925,61.4111,-2.3344507,1,2025-03-10,10.712857142857143,0.0,60.464285714285715,4.807142857142857,1.0,195.42714285714285,2025,3,10,183.0,0,China_1007.csv
2025-03-11,1007,177.0,124.0,22.0,11.0,24.0,1.0,0,0,2,2,2,2,7,7,7.527700458268384,-0.09584461738408522,11.824073,-0.07329488,79.66237,-17.998096,1,2025-03-11,9.088571428571429,0.0,58.06428571428571,5.928571428571429,1.0,250.87428571428572,2025,3,11,177.0,0,China_1007.csv
2025-03-12,1007,205.0,52.0,7.0,4.0,35.0,1.0,1,1,0,0,1,1,3,3,1.0872486708767901,0.9000373258185888,12.5877285,4.540898,20.547806,-32.670673,1,2025-03-12,11.448571428571428,0.0,23.5,8.398571428571428,1.0,227.74857142857144,2025,3,12,205.0,0,China_1007.csv
2025-03-13,1007,62.0,103.0,20.0,7.0,32.0,1.0,0,0,2,2,2,2,5,5,2.2901955010814423,-0.7743235337629996,7.813268,2.2370977,8.764156,-58.855778,1,2025-03-13,10.894285714285715,0.0,31.518571428571427,7.032857142857144,1.0,122.3157142857143,2025,3,13,103.0,0,China_1007.csv
2025-03-14,1007,137.0,62.0,10.0,7.0,33.0,1.0,0,0,2,2,1,1,9,9,1.8101084436472186,0.3092143634774122,11.736076,2.5376492,55.004395,-7.5764003,1,2025-03-14,7.381428571428572,0.0,41.24428571428571,8.082857142857142,1.0,81.01571428571428,2025,3,14,137.0,0,China_1007.csv
2025-03-15,1007,83.0,47.0,9.0,7.0,30.0,2.0,1,1,0,0,5,5,0,0,0.48106524341211093,-0.3404727516117171,8.936779,3.5092218,15.283485,9.418321,1,2025-03-15,1.727142857142857,0.0,52.68571428571429,8.077142857142857,1.0,225.82714285714286,2025,3,15,83.0,0,China_1007.csv
2025-03-16,1007,85.0,17.0,7.0,3.0,36.0,1.4,1,1,0,0,5,5,1,1,-2.5152282490566136,-0.5517667373497085,7.731037,8.445432,-47.89301,12.480307,1,2025-03-16,3.414285714285714,0.0,26.814285714285713,8.864285714285714,1.0,278.4642857142857,2025,3,16,85.0,0,China_1007.csv
2025-03-17,1007,39.0,26.0,10.0,4.0,38.0,1.2,1,1,0,0,5,5,1,1,-2.4392672119363805,-0.8551184660478545,4.8175225,5.3380322,-34.462246,9.582876,1,2025-03-17,3.531428571428571,0.0,33.964285714285715,13.959999999999999,1.0,208.29142857142855,2025,3,17,39.0,0,China_1007.csv
2025-03-18,1007,47.0,29.0,7.0,4.0,33.0,1.0,1,1,0,0,5,5,1,1,-2.709748240455043,-0.881843206046111,4.825584,4.8782144,-39.443977,24.036741,1,2025-03-18,7.664285714285714,0.0,29.68,7.8428571428571425,1.0,235.16857142857143,2025,3,18,47.0,0,China_1007.csv
2025-03-19,1007,57.0,39.0,14.0,4.0,39.0,1.6,1,1,0,0,5,5,5,5,-1.1660905017053258,-0.7850836600875396,8.597773,5.306324,3.0937936,4.3567047,1,2025-03-19,12.928571428571429,0.0,19.345714285714287,7.231428571428571,1.0,285.3342857142857,2025,3,19,57.0,0,China_1007.csv
2025-03-20,1007,65.0,36.0,14.0,5.0,38.0,1.2,1,1,0,0,5,5,5,5,-0.6026396589088786,-0.8406928778928081,5.9449625,3.5232697,-15.720237,10.473019,1,2025-03-20,16.52285714285714,0.0,17.13,9.718571428571428,1.0,286.0542857142857,2025,3,20,65.0,0,China_1007.csv
2025-03-21,1007,50.0,28.0,8.0,3.0,40.0,1.4,1,1,0,0,5,5,1,1,-2.940501951148324,-0.39383034244974396,7.484618,8.208758,-62.787983,2.9192524,1,2025-03-21,18.91714285714286,0.0,15.874285714285715,9.812857142857142,1.0,278.38714285714286,2025,3,21,50.0,0,China_1007.csv
2025-03-22,1007,43.0,45.0,6.0,3.0,40.0,2.0,1,1,0,0,5,5,1,1,-2.9649127292993875,0.16828315572526698,8.570618,7.972555,-59.736847,-0.7702042,1,2025-03-22,21.562857142857144,0.0,8.334285714285715,12.20857142857143,1.0,279.7242857142857,2025,3,22,45.0,0,China_1007.csv
2025-03-23,1007,61.0,99.0,7.0,3.0,42.0,2.0,1,1,0,0,5,5,1,1,-1.5523100997012795,1.2891540975278826,9.062451,8.025219,-53.133587,-6.775704,1,2025-03-23,19.861428571428572,0.0,12.004285714285714,10.468571428571428,1.0,236.02857142857144,2025,3,23,99.0,0,China_1007.csv
2025-03-24,1007,115.0,74.0,7.0,3.0,40.0,1.8,1,1,0,0,1,1,3,3,-0.8398821111268241,1.0689130780987923,11.13765,6.565102,11.512449,-11.354938,1,2025-03-24,14.912857142857144,0.0,24.267142857142858,13.504285714285714,1.0,145.7057142857143,2025,3,24,115.0,0,China_1007.csv
2025-03-25,1007,71.0,45.0,7.0,3.0,37.0,1.2,1,1,0,0,5,5,1,1,-2.409548705014512,-0.1299294479658609,7.182137,8.303593,-48.371017,4.633462,1,2025-03-25,14.254285714285714,0.0,25.82,10.93857142857143,1.0,187.00428571428571,2025,3,25,71.0,0,China_1007.csv
2025-03-26,1007,42.0,82.0,7.0,5.0,40.0,1.8,1,1,0,0,5,5,0,0,-1.2203952493679875,0.8253890633870558,8.695466,7.7288246,-50.691547,-3.358207,1,2025-03-26,13.0,0.0,20.677142857142858,12.280000000000001,1.0,235.25,2025,3,26,82.0,0,China_1007.csv
2025-03-27,1007,105.0,47.0,2.0,2.0,34.0,1.0,1,1,0,0,1,1,3,3,-2.951987432091921,0.33441694498887964,10.980136,8.345335,-22.791428,-28.390009,1,2025-03-27,8.447142857142858,0.0,14.945714285714287,12.120000000000001,1.0,203.9,2025,3,27,105.0,0,China_1007.csv
2025-03-28,1007,50.0,27.0,3.0,4.0,33.0,1.2,1,1,0,0,5,5,1,1,-3.2073464745716893,-0.41179613537908943,4.9480314,4.5548596,-35.228745,20.454218,1,2025-03-28,4.451428571428571,0.0,17.707142857142856,10.407142857142857,1.0,227.54285714285714,2025,3,28,50.0,0,China_1007.csv
2025-03-29,1007,43.0,19.0,2.0,3.0,35.0,1.2,1,1,0,0,5,5,1,1,-4.162577681480143,-0.4051247226501526,6.2430205,9.485728,-59.205452,18.601118,1,2025-03-29,5.3742857142857146,0.0,17.798571428571428,9.835714285714285,1.0,249.97,2025,3,29,43.0,0,China_1007.csv
2025-03-30,1007,23.0,38.0,12.0,4.0,38.0,1.0,1,1,0,0,5,5,1,1,-2.349758232020434,-1.0318632891238169,4.5093784,5.616988,-52.29887,51.894764,1,2025-03-30,8.708571428571428,0.0,23.08857142857143,9.005714285714287,1.0,198.53142857142856,2025,3,30,38.0,0,China_1007.csv
2025-03-31,1007,64.0,59.0,18.0,6.0,36.0,1.4,1,1,0,0,5,5,5,5,0.9017530364782897,-0.9540943785216595,7.057614,2.3232782,4.189368,-60.13076,1,2025-03-31,12.59,0.0,21.274285714285718,6.155714285714287,1.0,222.92142857142858,2025,3,31,64.0,0,China_1007.csv
2025-04-01,1007,108.0,40.0,11.0,4.0,39.0,1.8,1,1,0,0,1,1,3,3,-0.43195689089867884,-0.006531774218595843,9.918323,4.7573667,15.364094,-3.5018382,1,2025-04-01,13.775714285714285,0.0,18.462857142857143,14.512857142857143,1.0,315.8385714285714,2025,4,1,108.0,0,China_1007.csv
2025-04-02,1007,62.0,20.0,5.0,4.0,39.0,1.0,1,1,0,0,5,5,1,1,-2.804139881483535,-0.16887403477344723,4.7225676,4.6927595,-37.28798,25.146786,1,2025-04-02,12.945714285714287,0.0,20.79714285714286,7.998571428571429,1.0,200.70142857142855,2025,4,2,62.0,0,China_1007.csv
2025-04-03,1007,34.0,56.0,12.0,5.0,48.0,1.0,1,1,0,0,5,5,0,0,-1.2602599369395853,0.32877457238751345,3.2773628,3.4635336,-47.492584,61.619755,1,2025-04-03,13.62142857142857,0.0,33.505714285714284,8.731428571428571,1.0,176.32285714285715,2025,4,3,56.0,0,China_1007.csv
2025-04-04,1007,87.0,64.0,18.0,7.0,39.0,1.0,0,0,2,2,2,2,5,5,1.9293598642466638,-0.4066907814883982,6.4787316,2.010273,10.138627,-51.038548,1,2025-04-04,14.338571428571429,0.0,20.56142857142857,14.524285714285714,1.0,283.4585714285714,2025,4,4,87.0,0,China_1007.csv
2025-04-05,1007,112.0,21.0,5.0,5.0,37.0,1.8,1,1,0,0,1,1,3,3,-0.988309066828141,0.28587286240147664,4.885063,3.4959035,-27.584566,32.555584,1,2025-04-05,15.021428571428572,0.0,13.224285714285713,10.391428571428571,1.0,241.52857142857144,2025,4,5,112.0,0,China_1007.csv
2025-04-06,1007,27.0,66.0,16.0,7.0,49.0,2.0,2,2,1,1,5,5,0,0,0.6339107988978686,0.4409756430541409,8.421511,3.3163764,7.507311,29.954844,1,2025-04-06,15.781428571428572,0.0,25.797142857142855,6.901428571428572,1.0,126.84428571428573,2025,4,6,66.0,0,China_1007.csv
2025-04-07,1007,105.0,51.0,12.0,8.0,38.0,1.0,0,0,2,2,2,2,9,9,1.7756229117240077,0.18330423430684878,5.3259697,1.7242416,-0.4504379,23.43087,1,2025-04-07,17.912857142857142,0.0,15.827142857142857,11.065714285714284,1.0,169.21285714285713,2025,4,7,105.0,0,China_1007.csv
2025-04-08,1007,107.0,35.0,9.0,5.0,47.0,2.8,1,1,0,0,1,1,8,8,-0.03361654492141097,1.0908626416512537,7.8892407,-2.2903507,60.5876,34.916973,1,2025-04-08,16.614285714285714,0.0,30.16142857142857,7.801428571428572,1.0,163.97,2025,4,8,107.0,0,China_1007.csv
2025-04-09,1007,89.0,49.0,10.0,5.0,37.0,1.0,1,1,0,0,5,5,0,0,-0.4992157217185622,-0.1110956673356172,5.6422644,2.9826093,-6.174533,28.594584,1,2025-04-09,16.30857142857143,0.0,45.215714285714284,5.632857142857143,1.0,219.02285714285716,2025,4,9,89.0,0,China_1007.csv
2025-04-10,1007,108.0,70.0,16.0,6.0,56.0,1.0,2,2,1,1,3,3,0,0,1.7001201971471078,1.4835821966619755,3.390084,2.1891582,13.574376,26.939936,1,2025-04-10,19.465714285714284,0.0,37.23285714285714,9.668571428571427,1.0,175.44,2025,4,10,108.0,0,China_1007.csv
2025-04-11,1007,132.0,97.0,12.0,6.0,69.0,2.0,2,2,1,1,3,3,11,11,2.346335474275614,3.8892361329106495,1.3763077,0.37737554,40.563335,68.9267,1,2025-04-11,17.23,0.0,32.034285714285716,13.825714285714286,1.0,244.70857142857145,2025,4,11,132.0,0,China_1007.csv
2025-04-12,1007,149.0,81.0,2.0,2.0,32.0,1.4,1,1,0,0,1,1,3,3,-1.3608313318460057,1.144196872518722,13.397478,3.9682639,43.64784,13.031634,1,2025-04-12,8.98,0.0,17.271428571428572,25.497142857142855,1.0,315.7914285714286,2025,4,12,149.0,0,China_1007.csv
2025-04-13,1007,61.0,55.0,2.0,2.4,34.0,1.2,1,1,0,0,5,5,1,1,-3.514035988909765,0.20301481162270682,8.665874,9.464524,-71.78033,-14.893277,1,2025-04-13,11.095714285714285,0.0,21.82,24.367142857142856,1.0,334.71999999999997,2025,4,13,61.0,0,China_1007.csv
2025-04-14,1007,60.0,52.0,5.0,4.0,41.0,2.6,1,1,0,0,5,5,1,1,-1.9498403064759608,0.8120879092415221,7.589051,-2.6220767,65.98931,41.08413,1,2025-04-14,17.935714285714287,0.0,25.548571428571428,12.107142857142858,1.0,246.26000000000002,2025,4,14,60.0,0,China_1007.csv
2025-04-15,1007,91.0,48.0,18.0,6.0,43.0,1.6,1,1,2,2,5,5,5,5,1.3726089648350364,-0.28362484371882174,8.71611,3.3053415,33.453796,-46.86312,1,2025-04-15,23.524285714285718,0.0,24.97,9.787142857142857,1.0,163.68571428571428,2025,4,15,91.0,0,China_1007.csv
2025-04-16,1007,85.0,83.0,15.0,10.0,68.0,3.0,2,2,1,1,3,3,8,8,3.9072212226240928,3.403315056835542,6.294975,-3.6596658,50.601036,61.320187,1,2025-04-16,20.658571428571427,0.0,42.41571428571428,6.674285714285714,1.0,121.42999999999999,2025,4,16,85.0,0,China_1007.csv
2025-04-17,1007,145.0,54.0,8.0,7.0,46.0,1.0,1,1,0,0,1,1,9,9,1.5979694598206649,1.6007156908708495,11.740206,2.3990402,54.96959,-6.7393208,1,2025-04-17,22.19142857142857,0.0,26.75142857142857,11.148571428571428,1.0,170.95285714285714,2025,4,17,145.0,0,China_1007.csv
2025-04-18,1007,98.0,22.0,9.0,5.0,29.0,2.2,1,1,0,0,1,1,3,3,-0.6245251948440002,-0.885386079651299,9.18298,6.513002,-2.0586216,-3.7431371,1,2025-04-18,11.314285714285715,0.0,78.67285714285715,4.875714285714286,1.0,166.14000000000001,2025,4,18,98.0,0,China_1007.csv
2025-04-19,1007,44.0,36.0,7.0,6.0,42.0,2.2,1,1,0,0,5,5,0,0,-1.2876151292145468,0.39435247294707176,4.5664887,3.5097966,-22.580675,38.284435,1,2025-04-19,15.608571428571429,0.0,69.52285714285713,5.791428571428571,1.0,193.29999999999998,2025,4,19,44.0,0,China_1007.csv
2025-04-20,1007,86.0,57.0,12.0,7.0,65.0,1.0,2,2,1,1,3,3,0,0,0.9942343917564701,2.421850968328209,3.360621,1.6168025,2.9625192,60.596268,1,2025-04-20,18.23857142857143,0.0,58.64714285714285,7.862857142857143,1.0,145.9,2025,4,20,86.0,0,China_1007.csv
2025-04-21,1007,119.0,67.0,18.0,10.0,20.0,2.0,0,0,2,2,2,2,9,9,4.462191367221205,-1.3344536944019472,10.490556,1.7392591,49.077656,-43.258827,1,2025-04-21,14.505714285714285,0.0,68.09,5.744285714285715,1.0,217.8757142857143,2025,4,21,119.0,0,China_1007.csv
2025-04-22,1007,142.0,16.0,6.0,5.0,43.0,1.0,1,1,0,0,1,1,3,3,-0.44794801043617205,0.7091864272796771,11.629277,4.8222375,20.156654,-15.437182,1,2025-04-22,17.435714285714287,0.0,39.46714285714285,9.154285714285715,1.0,206.85142857142858,2025,4,22,142.0,0,China_1007.csv
2025-04-23,1007,30.0,43.0,12.0,4.0,41.0,1.0,1,1,0,0,5,5,1,1,-2.1098104557466173,-0.6292892249631162,4.4248576,5.605574,-52.0319,52.06794,1,2025-04-23,18.09857142857143,0.0,19.684285714285714,13.022857142857143,1.0,236.82,2025,4,23,43.0,0,China_1007.csv
2025-04-24,1007,52.0,25.0,3.0,1.0,37.0,2.6,1,1,0,0,5,5,1,1,-4.46355979489451,-0.10963564098357383,9.045078,8.183714,-63.683907,-15.356241,1,2025-04-24,15.821428571428571,0.0,14.69,10.219999999999999,1.0,209.60142857142858,2025,4,24,52.0,0,China_1007.csv
2025-04-25,1007,26.0,48.0,12.0,4.0,55.0,1.0,1,1,0,0,5,5,0,0,-2.080319890794498,0.6556851726648328,3.3011556,5.2973175,-51.131725,57.776802,1,2025-04-25,17.52,0.0,28.09714285714286,7.0928571428571425,1.0,162.23285714285717,2025,4,25,55.0,0,China_1007.csv
2025-04-26,1007,69.0,80.0,19.0,6.0,74.0,2.0,2,2,1,1,3,3,11,11,1.7300200062481135,2.773979505224989,-0.06798761,1.1265746,30.41543,80.42438,1,2025-04-26,20.599999999999998,0.0,34.005714285714284,10.671428571428573,1.0,160.05428571428573,2025,4,26,80.0,0,China_1007.csv
2025-04-27,1007,142.0,19.0,6.0,2.0,41.0,1.8,1,1,0,0,1,1,3,3,-1.822173628576632,0.44990336334705344,11.044373,7.3330083,2.9374654,-12.5639105,1,2025-04-27,18.658571428571427,0.0,23.325714285714287,8.528571428571428,1.0,212.92428571428573,2025,4,27,142.0,0,China_1007.csv
2025-04-28,1007,34.0,49.0,14.0,4.0,54.0,1.0,1,1,0,0,5,5,0,0,-1.6049846946195097,0.4230785108168276,3.3194318,5.3328705,-52.441223,58.14412,1,2025-04-28,18.735714285714288,0.0,31.84714285714286,8.524285714285714,1.0,126.1657142857143,2025,4,28,54.0,0,China_1007.csv
2025-04-29,1007,68.0,50.0,14.0,6.0,56.0,2.0,2,2,1,1,3,3,0,0,0.45648026727058494,1.2318597022585465,3.5701318,3.2686079,-23.743795,46.50014,1,2025-04-29,23.138571428571428,0.0,20.504285714285714,7.554285714285713,1.0,190.94142857142856,2025,4,29,68.0,0,China_1007.csv
2025-04-30,1007,76.0,37.0,14.0,4.0,40.0,1.6,1,1,0,0,5,5,5,5,-0.7846929667092585,-0.5850827912059101,8.807614,5.0293946,6.177491,6.360835,1,2025-04-30,18.93285714285714,0.0,21.305714285714284,9.912857142857144,1.0,248.59285714285716,2025,4,30,76.0,0,China_1007.csv
2025-05-01,1007,53.0,26.0,6.0,3.0,43.0,1.2,1,1,0,0,5,5,1,1,-3.2357539323315496,0.0476258660615126,6.889226,8.62188,-55.43748,24.431389,1,2025-05-01,20.705714285714286,0.0,19.51142857142857,9.064285714285715,1.0,176.21571428571428,2025,5,1,53.0,0,China_1007.csv
2025-05-02,1007,41.0,34.0,8.0,6.0,34.0,2.0,1,1,0,0,5,5,1,1,-1.307599763693724,-0.5121453412321637,4.6341925,3.5783794,-22.390018,37.544464,1,2025-05-02,15.727142857142857,0.0,32.910000000000004,13.277142857142858,1.0,204.86285714285714,2025,5,2,41.0,0,China_1007.csv
2025-05-03,1007,60.0,18.0,3.0,3.0,40.0,1.4,1,1,0,0,5,5,1,1,-3.6071349585864625,0.07106969838389954,6.849257,9.219178,-56.090508,19.388847,1,2025-05-03,18.50142857142857,0.0,16.66142857142857,10.667142857142858,1.0,266.63142857142856,2025,5,3,60.0,0,China_1007.csv
2025-05-04,1007,34.0,43.0,7.0,4.0,61.0,1.0,1,1,0,0,5,5,0,0,-2.6942695623127233,1.7176760963807336,2.995427,4.951038,-43.120415,57.500015,1,2025-05-04,19.34857142857143,0.0,41.75571428571429,6.384285714285714,1.0,138.26285714285714,2025,5,4,61.0,0,China_1007.csv
2025-05-05,1007,69.0,40.0,5.0,5.0,40.0,1.0,1,1,0,0,5,5,0,0,-1.791467846819799,0.40384434727126045,4.8852143,3.1024919,-20.732964,30.802084,1,2025-05-05,15.002857142857142,0.0,67.76571428571428,7.644285714285715,1.0,178.56714285714287,2025,5,5,69.0,0,China_1007.csv
2025-05-06,1007,93.0,18.0,4.0,4.0,46.0,1.0,1,1,0,0,1,1,0,0,-2.2921915980452563,0.7624591730987864,4.7307715,4.1566334,-33.211178,31.306782,1,2025-05-06,16.04,0.0,50.69,7.081428571428572,1.0,155.31714285714287,2025,5,6,93.0,0,China_1007.csv
2025-05-07,1007,44.0,62.0,6.0,6.0,64.0,1.0,2,2,1,1,3,3,0,0,-1.2370278510659498,2.6747743391035295,3.5297158,2.3080175,-15.336393,54.335056,1,2025-05-07,19.021428571428572,0.0,61.55285714285714,10.614285714285714,1.0,178.73714285714286,2025,5,7,64.0,0,China_1007.csv
2025-05-08,1007,108.0,83.0,11.0,7.0,71.0,2.0,2,2,1,1,3,3,11,11,1.9961630833262367,3.8449355698739045,1.618446,0.4634251,40.4024,66.49933,1,2025-05-08,19.01571428571429,0.0,74.3157142857143,8.02,1.0,125.44428571428571,2025,5,8,108.0,0,China_1007.csv
2025-05-09,1007,144.0,32.0,6.0,5.0,32.0,1.0,1,1,0,0,1,1,3,3,-0.1734107299324064,0.029654472627583597,11.595487,4.6366844,22.667698,-11.220048,1,2025-05-09,11.397142857142857,0.0,79.90428571428572,13.027142857142858,1.0,280.32714285714286,2025,5,9,144.0,0,China_1007.csv
2025-05-10,1007,62.0,35.0,6.0,3.0,46.0,1.0,1,1,0,0,5,5,1,1,-2.9346474396370006,0.49905083563372304,6.9671493,8.4819565,-53.82639,24.671652,1,2025-05-10,16.81,0.0,49.798571428571435,8.867142857142857,1.0,244.4,2025,5,10,62.0,0,China_1007.csv
2025-05-11,1007,81.0,50.0,13.0,4.0,66.0,1.0,2,2,1,1,3,3,0,0,-0.6856241896746897,1.9679984567902273,2.0759501,4.0111814,-37.235123,70.71951,1,2025-05-11,19.607142857142858,0.0,66.39285714285714,4.354285714285714,1.0,158.24428571428572,2025,5,11,81.0,0,China_1007.csv
2025-05-12,1007,107.0,62.0,17.0,6.0,100.0,2.0,2,2,1,1,3,3,11,11,2.0380720179403387,5.268923823616106,0.6099369,0.43123746,40.316452,80.75376,1,2025-05-12,21.892857142857142,0.0,72.47428571428571,5.007142857142857,1.0,131.09,2025,5,12,107.0,0,China_1007.csv
2025-05-13,1007,123.0,70.0,12.0,6.0,114.0,2.0,2,2,1,1,3,3,11,11,1.8277150443403425,7.316754699359926,0.8572622,0.4129095,45.230488,81.08758,1,2025-05-13,23.192857142857143,0.0,69.72142857142856,6.458571428571429,1.0,172.14857142857142,2025,5,13,123.0,0,China_1007.csv
2025-05-14,1007,122.0,25.0,5.0,3.0,41.0,1.8,1,1,0,0,1,1,3,3,-1.7671913601934175,0.6006391851888998,10.815156,7.211742,2.0332751,-10.691661,1,2025-05-14,19.865714285714287,0.0,64.39142857142858,10.892857142857142,1.0,134.61857142857144,2025,5,14,122.0,0,China_1007.csv
2025-05-15,1007,54.0,44.0,5.0,3.0,68.0,1.0,2,2,1,1,3,3,0,0,-3.0511742382799683,2.6361581661674776,2.450832,6.334812,-59.616375,42.737392,1,2025-05-15,21.302857142857142,0.0,60.855714285714285,10.338571428571429,1.0,175.65,2025,5,15,68.0,0,China_1007.csv
2025-05-16,1007,90.0,58.0,13.0,5.0,98.0,2.0,2,2,1,1,3,3,11,11,0.48830126214282116,5.249916811105035,0.5537903,0.9798978,20.625544,84.64716,1,2025-05-16,21.37,0.0,49.33857142857143,15.954285714285716,1.0,230.21857142857144,2025,5,16,98.0,0,China_1007.csv
2025-05-17,1007,106.0,43.0,3.0,1.0,37.0,1.0,1,1,0,0,1,1,3,3,-3.378319302169855,0.3353114049950573,11.387526,8.854197,-24.21574,-31.485981,1,2025-05-17,17.650000000000002,0.0,33.69714285714286,11.454285714285714,1.0,242.35714285714286,2025,5,17,106.0,0,China_1007.csv
2025-05-18,1007,53.0,40.0,14.0,2.0,52.0,1.0,1,1,0,0,5,5,0,0,-2.4144791055140544,0.05854355994321314,2.3339326,7.3480306,-83.08796,25.271235,1,2025-05-18,19.427142857142858,0.0,52.23142857142857,5.2628571428571425,1.0,165.46428571428572,2025,5,18,53.0,0,China_1007.csv
2025-05-19,1007,70.0,52.0,11.0,4.0,97.0,1.6,2,2,1,1,3,3,11,11,-0.9614408221316381,4.969425598957459,0.88513553,3.168705,-17.740961,81.901,1,2025-05-19,24.45,0.0,55.385714285714286,4.971428571428571,1.0,152.02428571428572,2025,5,19,97.0,0,China_1007.csv
2025-05-20,1007,86.0,86.0,12.0,9.0,127.0,2.0,2,2,1,1,3,3,11,11,2.923548489018613,8.71978527489004,1.0005957,0.7060015,15.704503,99.964,1,2025-05-20,26.06714285714286,0.0,58.708571428571425,5.158571428571428,1.0,112.42142857142858,2025,5,20,127.0,0,China_1007.csv
2025-05-21,1007,151.0,68.0,6.0,8.0,91.0,1.0,2,2,1,1,3,3,11,11,2.3139347617693806,6.154880510546626,2.8250818,0.39881203,25.020876,58.0474,1,2025-05-21,24.34857142857143,0.0,51.027142857142856,6.304285714285714,1.0,129.67285714285714,2025,5,21,151.0,0,China_1007.csv
2025-05-22,1007,125.0,57.0,10.0,4.0,36.0,1.0,1,1,0,0,1,1,3,3,-0.1281329811341158,0.12296986547287235,10.983136,4.353468,24.487158,18.826855,1,2025-05-22,16.375714285714288,0.0,64.67428571428572,11.808571428571428,1.0,241.32571428571433,2025,5,22,125.0,0,China_1007.csv
2025-05-23,1007,118.0,38.0,7.0,3.0,35.0,1.0,1,1,0,0,1,1,3,3,-1.557391619338548,-0.09791340092620768,10.395946,6.5364003,-13.124036,-10.845097,1,2025-05-23,16.22,0.0,61.74571428571429,6.464285714285714,1.0,245.01142857142855,2025,5,23,118.0,0,China_1007.csv
2025-05-24,1007,100.0,32.0,8.0,3.0,47.0,1.0,1,1,0,0,1,1,3,3,-1.8696731499670864,0.6049292560038962,7.610478,7.6065364,-38.55907,6.6197214,1,2025-05-24,20.534285714285716,0.0,47.07857142857143,7.688571428571429,1.0,230.81571428571428,2025,5,24,100.0,0,China_1007.csv
2025-05-25,1007,70.0,50.0,11.0,5.0,87.0,3.0,2,2,1,1,3,3,11,11,-0.15592037410843104,4.389056774187823,6.3840327,-3.856995,60.162987,59.897575,1,2025-05-25,21.548571428571428,0.0,47.83,6.077142857142857,1.0,136.19,2025,5,25,87.0,0,China_1007.csv
2025-05-26,1007,83.0,53.0,13.0,5.0,95.0,1.0,2,2,1,1,3,3,11,11,0.014101326911270933,4.674608038297092,1.4137677,2.1410813,-4.1768026,91.28176,1,2025-05-26,23.082857142857144,0.0,51.35285714285715,5.17,1.0,202.78,2025,5,26,95.0,0,China_1007.csv
2025-05-27,1007,98.0,43.0,10.0,4.0,103.0,1.0,2,2,1,1,3,3,11,11,-0.7707496946850201,5.567108529024016,1.0941592,2.753027,-8.770099,87.45479,1,2025-05-27,25.72142857142857,0.0,43.07142857142857,5.527142857142857,1.0,200.82714285714286,2025,5,27,103.0,0,China_1007.csv
2025-05-28,1007,78.0,51.0,10.0,3.0,102.0,1.0,2,2,1,1,3,3,11,11,-1.6117593695901655,5.370556108943223,0.6782793,3.1728168,-15.154169,88.78374,1,2025-05-28,26.264285714285712,0.0,39.285714285714285,7.187142857142858,1.0,177.98142857142855,2025,5,28,102.0,0,China_1007.csv
2025-05-29,1007,96.0,56.0,8.0,5.0,112.0,2.0,2,2,1,1,3,3,11,11,-0.10030111382424028,7.0508054167863765,0.5486285,0.99992156,22.640615,94.75508,1,2025-05-29,26.474285714285713,0.0,39.43285714285714,9.73,1.0,180.80571428571426,2025,5,29,112.0,0,China_1007.csv
2025-05-30,1007,108.0,60.0,9.0,4.0,96.0,1.0,2,2,1,1,3,3,11,11,-0.44108374955292523,5.429339382493867,1.3020984,2.5342462,0.3765734,83.47769,1,2025-05-30,26.301428571428573,0.0,44.47714285714286,9.581428571428573,1.0,177.64142857142858,2025,5,30,108.0,0,China_1007.csv
2025-05-31,1007,106.0,61.0,15.0,6.0,42.0,1.0,1,1,0,0,1,1,9,9,1.3317869863293137,0.19606171616498988,5.7758155,2.0144627,13.010623,24.548618,1,2025-05-31,22.22714285714286,0.0,69.11428571428571,6.295714285714285,1.0,171.3014285714286,2025,5,31,106.0,0,China_1007.csv
2025-06-01,1007,125.0,53.0,7.0,6.0,68.0,2.0,2,2,1,1,3,3,0,0,0.7591126479899469,3.5573460862786854,3.0419757,0.6302992,16.815113,55.985645,1,2025-06-01,21.485714285714288,0.0,65.91714285714286,4.454285714285715,1.0,139.10142857142858,2025,6,1,125.0,0,China_1007.csv
2025-06-02,1007,128.0,22.0,5.0,3.0,45.0,1.0,1,1,0,0,1,1,3,3,-1.8632180782612644,0.8092061930094342,11.194959,6.6466746,-2.2982972,-20.73879,1,2025-06-02,23.062857142857144,0.0,30.737142857142857,11.645714285714286,1.0,293.7042857142857,2025,6,2,128.0,0,China_1007.csv
2025-06-03,1007,62.0,9.0,5.0,1.0,39.0,1.0,1,1,0,0,5,5,1,1,-4.587263611874781,-0.6285948968451177,10.944791,11.503097,-78.405594,-19.503674,1,2025-06-03,23.611428571428572,0.0,22.82857142857143,11.694285714285714,1.0,308.79,2025,6,3,62.0,0,China_1007.csv
2025-06-04,1007,17.0,21.0,9.0,1.0,58.0,1.2,1,1,0,0,5,5,1,1,-4.6955049013368715,0.48778379985966264,1.5278236,7.350285,-86.031654,34.942062,1,2025-06-04,28.565714285714286,0.0,25.327142857142857,9.375714285714285,1.0,249.53428571428572,2025,6,4,58.0,0,China_1007.csv
2025-06-05,1007,34.0,48.0,9.0,2.0,126.0,1.0,2,2,1,1,3,3,11,11,-3.23167247869873,7.111707309297369,0.08965349,2.5675745,-13.579892,100.68569,1,2025-06-05,30.349999999999998,0.0,28.134285714285713,7.911428571428572,1.0,178.8685714285714,2025,6,5,126.0,0,China_1007.csv
2025-06-06,1007,67.0,30.0,7.0,2.0,66.0,1.0,1,1,0,0,5,5,0,0,-3.2478768303265033,2.008131800371495,1.7873638,6.1746855,-74.40388,34.644028,1,2025-06-06,30.131428571428568,0.0,18.157142857142855,8.161428571428571,1.0,154.84285714285716,2025,6,6,67.0,0,China_1007.csv
2025-06-07,1007,56.0,23.0,5.0,1.0,70.0,1.0,1,1,0,0,5,5,0,0,-4.4127373881547385,2.2884751747553818,1.521714,6.499466,-77.37431,37.091763,1,2025-06-07,26.931428571428572,0.0,27.79,7.409999999999999,1.0,137.5957142857143,2025,6,7,70.0,0,China_1007.csv
2025-06-08,1007,43.0,44.0,9.0,2.0,104.0,1.0,2,2,1,1,3,3,11,11,-3.1568565677226603,5.178923496571216,0.35384008,3.4083762,-25.044695,93.86904,1,2025-06-08,28.094285714285714,0.0,36.637142857142855,6.864285714285714,1.0,148.17142857142858,2025,6,8,104.0,0,China_1007.csv
2025-06-09,1007,74.0,41.0,9.0,3.0,73.0,1.0,2,2,1,1,3,3,0,0,-2.077241932169615,2.732034514512871,1.6133443,5.1978145,-28.418625,72.71376,1,2025-06-09,26.814285714285713,0.0,28.55857142857143,8.778571428571428,1.0,215.73857142857145,2025,6,9,74.0,0,China_1007.csv
2025-06-10,1007,71.0,28.0,6.0,1.0,53.0,1.2,1,1,0,0,5,5,1,1,-3.8587680530608655,0.9173466655491376,10.499641,10.200888,-44.88033,-21.096676,1,2025-06-10,27.740000000000002,0.0,23.947142857142858,7.694285714285714,1.0,251.8542857142857,2025,6,10,71.0,0,China_1007.csv
2025-06-11,1007,45.0,49.0,11.0,2.0,106.0,1.0,2,2,1,1,3,3,11,11,-2.7391321861152633,5.231921096519025,0.33026415,3.3917987,-24.912664,94.282104,1,2025-06-11,30.389999999999997,0.0,30.69,12.208571428571428,1.0,175.98142857142855,2025,6,11,106.0,0,China_1007.csv
2025-06-12,1007,71.0,66.0,9.0,4.0,116.0,2.0,2,2,1,1,3,3,11,11,-0.8603576366717709,7.17774349324332,0.11639532,1.1846535,23.204617,92.71497,1,2025-06-12,30.475714285714286,0.0,36.44571428571429,12.884285714285713,1.0,164.57714285714286,2025,6,12,116.0,0,China_1007.csv
2025-06-13,1007,94.0,58.0,8.0,4.0,126.0,2.0,2,2,1,1,3,3,11,11,-0.6111096736807542,8.209254778660128,0.34887627,0.8604982,24.84545,95.323135,1,2025-06-13,27.97142857142857,0.0,47.720000000000006,6.367142857142857,1.0,134.66714285714286,2025,6,13,126.0,0,China_1007.csv
2025-06-14,1007,81.0,38.0,6.0,5.0,45.0,1.0,1,1,0,0,5,5,0,0,-1.4072781136926966,0.7900390988078336,4.807063,2.9381595,-21.169056,31.613873,1,2025-06-14,20.564285714285713,0.0,90.39285714285714,6.109999999999999,1.0,166.32714285714286,2025,6,14,81.0,0,China_1007.csv
2025-06-15,1007,92.0,11.0,3.0,2.0,39.0,1.0,1,1,0,0,1,1,3,3,-3.659031648351534,-0.04978725917144618,9.940257,9.697238,-49.299107,-27.64894,1,2025-06-15,21.645714285714288,0.0,58.83428571428572,8.29857142857143,1.0,252.63714285714286,2025,6,15,92.0,0,China_1007.csv
2025-06-16,1007,32.0,12.0,6.0,2.0,42.0,1.0,1,1,0,0,5,5,1,1,-4.501219266852135,-0.5652658754832189,7.962742,11.279784,-90.004005,8.7909775,1,2025-06-16,23.277142857142856,0.0,63.57857142857142,7.321428571428571,1.0,237.41714285714286,2025,6,16,42.0,0,China_1007.csv
2025-06-17,1007,29.0,35.0,9.0,4.0,113.0,1.0,2,2,1,1,3,3,11,11,-2.5127961716528877,5.891176324420568,0.1783094,2.4669774,-14.1699295,103.14677,1,2025-06-17,27.92571428571429,0.0,53.96714285714285,6.355714285714286,1.0,109.79857142857144,2025,6,17,113.0,0,China_1007.csv
2025-06-18,1007,73.0,57.0,8.0,8.0,140.0,4.0,2,2,1,1,3,3,11,11,1.562039387119705,9.970507016094835,6.017457,-4.3271685,65.647446,67.40641,1,2025-06-18,28.610000000000003,0.0,59.77571428571429,6.547142857142857,1.0,156.29714285714286,2025,6,18,140.0,0,China_1007.csv
2025-06-19,1007,99.0,31.0,4.0,4.0,66.0,1.0,2,2,1,1,3,3,0,0,-1.9017436286688738,2.7878138313207224,3.0318646,4.0679626,0.028800573,45.513786,1,2025-06-19,25.91714285714286,0.0,74.05571428571429,5.988571428571428,1.0,102.48857142857143,2025,6,19,99.0,0,China_1007.csv
2025-06-20,1007,69.0,25.0,6.0,3.0,45.0,1.0,1,1,0,0,5,5,1,1,-2.947448229927619,0.2949234196149849,7.03073,8.640594,-51.262596,21.445684,1,2025-06-20,28.665714285714284,0.0,27.80857142857143,9.102857142857143,1.0,196.53571428571428,2025,6,20,69.0,0,China_1007.csv
2025-06-21,1007,65.0,15.0,7.0,2.0,52.0,1.2,1,1,0,0,5,5,1,1,-3.52218431262001,0.5415199420171964,8.736779,10.441566,-69.43854,-8.627486,1,2025-06-21,30.15285714285714,0.0,25.077142857142857,9.198571428571428,1.0,234.17857142857142,2025,6,21,65.0,0,China_1007.csv
2025-06-22,1007,31.0,29.0,9.0,3.0,82.0,1.0,2,2,1,1,3,3,0,0,-3.1795078935305474,2.988495801096698,1.5703644,5.9752483,-65.159836,49.06773,1,2025-06-22,32.81428571428571,0.0,30.41,7.0,1.0,115.32142857142857,2025,6,22,82.0,0,China_1007.csv
2025-06-23,1007,58.0,47.0,10.0,6.0,132.0,2.0,2,2,1,1,3,3,11,11,-0.19461350964278581,8.231384096657399,0.314788,0.73089033,21.11585,98.87804,1,2025-06-23,33.174285714285716,0.0,36.864285714285714,5.855714285714286,1.0,113.64142857142858,2025,6,23,132.0,0,China_1007.csv
2025-06-24,1007,91.0,54.0,9.0,6.0,121.0,2.0,2,2,1,1,3,3,11,11,0.46102772953853377,7.748798126321725,0.58811784,0.86148536,19.966072,96.77031,1,2025-06-24,33.385714285714286,0.0,36.10142857142857,6.525714285714286,1.0,125.35571428571428,2025,6,24,121.0,0,China_1007.csv
2025-06-25,1007,107.0,55.0,7.0,8.0,136.0,5.0,2,2,1,1,4,4,11,11,2.345541003443086,10.130657806606463,6.2257404,-4.409963,67.56903,66.09571,1,2025-06-25,31.614285714285717,0.0,40.53857142857142,6.991428571428571,1.0,107.87571428571428,2025,6,25,136.0,0,China_1007.csv
2025-06-26,1007,101.0,53.0,9.0,7.0,96.0,4.0,2,2,1,1,3,3,8,8,1.6020442355958318,6.047353500052873,6.482124,-4.277581,65.74988,63.67139,1,2025-06-26,27.987142857142857,0.0,50.67142857142857,6.192857142857143,1.0,153.83857142857144,2025,6,26,101.0,0,China_1007.csv
2025-06-27,1007,93.0,53.0,9.0,6.0,53.0,1.0,2,2,1,1,3,3,0,0,0.08306711965245858,1.5967063750858244,5.179929,2.157193,1.9252019,21.873386,1,2025-06-27,26.012857142857143,0.0,66.09428571428572,5.925714285714285,1.0,128.96428571428572,2025,6,27,93.0,0,China_1007.csv
2025-06-28,1007,118.0,41.0,5.0,6.0,79.0,1.0,2,2,1,1,3,3,0,0,-0.08169030220472812,4.316933918694604,3.1769292,1.3270365,0.6109896,53.26633,1,2025-06-28,24.849999999999998,0.0,77.00857142857141,6.365714285714286,1.0,167.72714285714284,2025,6,28,118.0,0,China_1007.csv
2025-06-29,1007,99.0,43.0,4.0,7.0,75.0,1.0,2,2,1,1,3,3,0,0,-0.07983173049814339,4.055709478110094,3.1922238,1.4436051,-0.56722873,57.929504,1,2025-06-29,25.169999999999998,0.0,81.39857142857143,4.961428571428572,1.0,119.25142857142858,2025,6,29,99.0,0,China_1007.csv
2025-06-30,1007,118.0,37.0,5.0,5.0,76.0,1.0,2,2,1,1,3,3,0,0,-0.6889943113571262,3.894302139764222,3.295781,1.4011239,16.334005,46.98096,1,2025-06-30,26.731428571428573,0.0,77.52857142857144,7.3585714285714285,1.0,153.36999999999998,2025,6,30,118.0,0,China_1007.csv
2025-07-01,1007,99.0,23.0,4.0,5.0,48.0,1.0,1,1,0,0,1,1,0,0,-1.541352600288194,1.1603256146735168,4.8003144,2.734898,-3.1029105,40.390408,1,2025-07-01,26.67142857142857,0.0,85.84285714285714,5.887142857142857,1.0,138.42285714285714,2025,7,1,99.0,0,China_1007.csv
2025-07-02,1007,59.0,28.0,7.0,5.0,62.0,1.0,2,2,1,1,3,3,0,0,-1.858297708785657,1.8336437936816514,3.8424726,2.784758,-18.783169,51.680656,1,2025-07-02,26.884285714285713,0.0,84.48571428571428,5.881428571428572,1.0,143.65285714285716,2025,7,2,62.0,0,China_1007.csv
2025-07-03,1007,68.0,18.0,4.0,5.0,25.0,1.2,1,1,0,0,5,5,1,1,-2.304158574979745,-1.1504082775488227,5.2955,3.5648124,-24.232454,25.15946,1,2025-07-03,26.2,0.0,90.97571428571429,3.051428571428571,1.0,188.52428571428572,2025,7,3,68.0,0,China_1007.csv
2025-07-04,1007,45.0,30.0,6.0,6.0,68.0,1.2,2,2,1,1,3,3,0,0,-1.676245883245259,2.5244924423765513,3.4424057,2.3502767,-11.768343,59.4271,1,2025-07-04,29.407142857142855,0.0,80.92142857142858,5.112857142857143,1.0,167.68285714285713,2025,7,4,68.0,0,China_1007.csv
2025-07-05,1007,71.0,28.0,6.0,4.0,46.0,1.0,1,1,0,0,5,5,0,0,-2.3180592812613905,0.540114342392465,4.3062315,4.538644,-36.804306,33.179195,1,2025-07-05,28.97142857142857,0.0,60.714285714285715,9.624285714285715,1.0,271.73,2025,7,5,71.0,0,China_1007.csv
2025-07-06,1007,60.0,9.0,5.0,2.0,63.0,1.0,1,1,0,0,5,5,0,0,-4.03521633022188,1.5567032646711494,1.9062843,6.400381,-74.57419,30.970474,1,2025-07-06,29.172857142857143,0.0,59.30428571428571,4.3914285714285715,1.0,159.93428571428572,2025,7,6,63.0,0,China_1007.csv
2025-07-07,1007,23.0,26.0,8.0,5.0,85.0,3.0,2,2,1,1,3,3,0,0,-1.999323779402621,3.7785479801609387,6.598813,-3.516096,58.582645,59.844963,1,2025-07-07,29.47714285714286,0.0,56.24714285714286,8.101428571428572,1.0,122.94285714285714,2025,7,7,85.0,0,China_1007.csv
2025-07-08,1007,50.0,28.0,6.0,4.0,65.0,2.0,2,2,1,1,5,5,0,0,-2.490613432827594,2.221616059515545,3.5013669,3.4190764,-28.364462,43.777466,1,2025-07-08,28.381428571428575,0.0,72.43571428571428,4.768571428571429,1.0,162.26285714285717,2025,7,8,65.0,0,China_1007.csv
2025-07-09,1007,57.0,35.0,6.0,6.0,58.0,1.0,2,2,1,1,3,3,0,0,-1.407582292230305,1.7881658997452603,3.9488988,2.3311052,-14.014864,37.92991,1,2025-07-09,28.595714285714283,0.0,74.61714285714285,5.95,1.0,149.15571428571428,2025,7,9,58.0,0,China_1007.csv
2025-07-10,1007,81.0,24.0,7.0,5.0,28.0,1.0,1,1,0,0,5,5,1,1,-1.5322474624585973,-1.054069328001058,5.5789466,3.335681,-20.501719,24.77306,1,2025-07-10,27.032857142857143,0.0,86.07714285714285,4.577142857142857,1.0,129.18857142857144,2025,7,10,81.0,0,China_1007.csv
2025-07-11,1007,63.0,40.0,4.0,7.0,67.0,2.0,2,2,1,1,3,3,0,0,-0.6934181510724544,3.1973423855677523,3.7599578,2.667155,-19.698696,41.950947,1,2025-07-11,29.52857142857143,0.0,73.24857142857142,5.081428571428572,1.0,142.02857142857144,2025,7,11,67.0,0,China_1007.csv
2025-07-12,1007,98.0,42.0,7.0,5.0,79.0,2.0,2,2,1,1,3,3,0,0,-0.51068501988529,4.038771263064885,2.3673434,1.9288725,18.51965,80.53296,1,2025-07-12,29.31714285714286,0.0,76.63285714285713,3.3871428571428575,1.0,207.67000000000002,2025,7,12,98.0,0,China_1007.csv
2025-07-13,1007,93.0,12.0,5.0,3.0,51.0,2.0,1,1,0,0,1,1,3,3,-2.5332518408304066,1.0702050918952426,10.519848,8.1477995,-32.487835,-27.284027,1,2025-07-13,30.368571428571432,0.0,52.83428571428572,6.21,1.0,114.55285714285715,2025,7,13,93.0,0,China_1007.csv
2025-07-14,1007,29.0,31.0,9.0,4.0,78.0,2.0,2,2,1,1,3,3,0,0,-2.4311849940430243,2.9191194326638494,0.019473948,1.8671235,14.832836,87.94573,1,2025-07-14,30.174285714285713,0.0,56.33142857142857,5.822857142857143,1.0,152.9057142857143,2025,7,14,78.0,0,China_1007.csv
2025-07-15,1007,58.0,38.0,8.0,5.0,37.0,2.0,1,1,0,0,5,5,1,1,-1.402434777975652,-0.14056968543911524,4.604432,3.5981183,-23.880842,37.501923,1,2025-07-15,24.229999999999997,0.0,79.6657142857143,6.395714285714285,1.0,103.82857142857142,2025,7,15,58.0,0,China_1007.csv
2025-07-16,1007,76.0,31.0,5.0,7.0,58.0,2.0,2,2,1,1,3,3,0,0,-0.4360125210435138,2.241484497363543,4.076494,2.8143365,-20.014639,40.866142,1,2025-07-16,26.62142857142857,0.0,71.21857142857142,4.928571428571429,1.0,183.51714285714283,2025,7,16,76.0,0,China_1007.csv
2025-07-17,1007,76.0,10.0,6.0,3.0,55.0,1.0,1,1,0,0,5,5,0,0,-3.0135170801572397,0.9727586527246393,2.576264,6.0109653,-51.37698,35.42769,1,2025-07-17,30.451428571428572,0.0,45.91571428571428,6.412857142857143,1.0,168.26285714285717,2025,7,17,76.0,0,China_1007.csv
2025-07-18,1007,25.0,33.0,9.0,5.0,101.0,2.0,2,2,1,1,3,3,11,11,-1.8925786156345705,5.035139626313937,0.018956356,1.7078093,13.309469,89.1135,1,2025-07-18,31.891428571428573,0.0,48.917142857142856,8.365714285714287,1.0,133.34428571428572,2025,7,18,101.0,0,China_1007.csv
2025-07-19,1007,61.0,50.0,8.0,6.0,74.0,2.0,2,2,1,1,3,3,0,0,-0.5153481056414367,3.4300341518876447,3.5134387,2.9173784,-20.427269,44.654713,1,2025-07-19,29.52285714285714,0.0,65.69571428571429,7.414285714285714,1.0,180.69142857142856,2025,7,19,74.0,0,China_1007.csv
2025-07-20,1007,100.0,22.0,6.0,4.0,33.0,1.0,1,1,0,0,1,1,3,3,-1.8201051262767567,-0.4817168329404849,5.7869916,4.2533474,-16.788235,3.8816082,1,2025-07-20,25.021428571428572,0.0,87.82142857142857,3.325714285714286,1.0,143.07857142857142,2025,7,20,100.0,0,China_1007.csv
2025-07-21,1007,48.0,21.0,7.0,3.0,66.0,1.0,1,1,0,0,5,5,0,0,-3.2696950373995994,1.799877008523936,2.4773223,6.406926,-59.549526,37.501434,1,2025-07-21,27.464285714285715,0.0,75.85142857142857,3.012857142857143,1.0,189.1057142857143,2025,7,21,66.0,0,China_1007.csv
2025-07-22,1007,58.0,32.0,8.0,5.0,86.0,2.0,2,2,1,1,3,3,0,0,-1.3764258488425012,4.064884911697553,0.19874518,1.6618758,14.456987,86.57906,1,2025-07-22,28.22142857142857,0.0,73.94000000000001,4.895714285714286,1.0,157.77428571428572,2025,7,22,86.0,0,China_1007.csv
2025-07-23,1007,76.0,28.0,6.0,4.0,60.0,2.0,1,1,0,0,5,5,0,0,-1.9404163291455327,1.9820065665376139,3.7356873,3.5678818,-27.655666,40.711033,1,2025-07-23,27.12857142857143,0.0,82.87857142857142,7.065714285714286,1.0,142.84285714285716,2025,7,23,76.0,0,China_1007.csv
2025-07-24,1007,71.0,19.0,6.0,3.0,33.0,1.0,1,1,0,0,5,5,1,1,-3.031383706845921,-0.8466191192332334,7.05774,8.887303,-54.088806,15.840969,1,2025-07-24,26.321428571428573,0.0,90.62,7.474285714285714,1.0,144.13,2025,7,24,71.0,0,China_1007.csv
2025-07-25,1007,49.0,20.0,5.0,4.0,32.0,1.0,1,1,0,0,5,5,1,1,-3.1031026642200104,-0.8841935606949943,4.940423,4.78017,-37.448425,22.788235,1,2025-07-25,26.728571428571428,0.0,90.79142857142857,5.590000000000001,1.0,156.9485714285714,2025,7,25,49.0,0,China_1007.csv
2025-07-26,1007,49.0,37.0,5.0,4.0,24.0,1.0,1,1,0,0,5,5,1,1,-2.8481382406662914,-1.2983765855856741,5.0891967,4.6650014,-32.56265,19.516478,1,2025-07-26,28.995714285714286,0.0,79.37428571428572,6.5042857142857144,1.0,184.1957142857143,2025,7,26,49.0,0,China_1007.csv
2025-07-27,1007,84.0,31.0,8.0,4.0,35.0,2.0,1,1,0,0,5,5,1,1,-1.493009642706712,-0.32637813321856124,9.123192,6.3932085,-1.8957775,-3.7314746,1,2025-07-27,26.91714285714286,0.0,90.16857142857143,4.741428571428571,1.0,141.7642857142857,2025,7,27,84.0,0,China_1007.csv
2025-07-28,1007,73.0,26.0,6.0,5.0,45.0,2.0,1,1,0,0,5,5,0,0,-1.5403424523422284,0.6972010676821404,4.3357215,3.4379873,-25.06155,39.10003,1,2025-07-28,26.65857142857143,0.0,87.76285714285713,4.3428571428571425,1.0,137.49285714285716,2025,7,28,73.0,0,China_1007.csv
2025-07-29,1007,71.0,6.0,3.0,3.0,47.0,1.2,1,1,0,0,5,5,1,1,-3.5924721505895376,0.5324068744320779,7.021796,9.055181,-53.868664,20.382927,1,2025-07-29,25.52285714285714,0.0,83.08428571428571,4.171428571428572,1.0,191.41285714285712,2025,7,29,71.0,0,China_1007.csv
2025-07-30,1007,19.0,11.0,6.0,3.0,52.0,1.0,1,1,0,0,5,5,1,1,-4.238609894690337,0.28773249823137315,3.0626907,7.0403266,-65.097725,34.223667,1,2025-07-30,26.42142857142857,0.0,67.83285714285714,3.3042857142857143,1.0,136.00571428571428,2025,7,30,52.0,0,China_1007.csv
2025-07-31,1007,27.0,28.0,10.0,5.0,48.0,1.2,1,1,0,0,5,5,0,0,-2.1064731290176826,0.05658359667015252,4.245625,3.5650165,-24.961699,53.981712,1,2025-07-31,25.944285714285712,0.0,80.19000000000001,3.237142857142857,1.0,205.3957142857143,2025,7,31,48.0,0,China_1007.csv
2025-08-01,1007,57.0,40.0,7.0,5.0,91.0,2.0,2,2,1,1,3,3,11,11,-1.4003255081267818,4.74438210937796,0.25373438,1.6760494,14.079854,86.55609,1,2025-08-01,27.58857142857143,0.0,76.86428571428571,3.9385714285714286,1.0,168.20857142857145,2025,8,1,91.0,0,China_1007.csv
2025-08-02,1007,81.0,44.0,6.0,5.0,62.0,1.0,2,2,1,1,3,3,0,0,-1.2674935702734431,2.3865001343575356,4.0686703,2.6527977,-10.09931,45.253593,1,2025-08-02,27.75,0.0,82.37,5.145714285714285,1.0,157.6614285714286,2025,8,2,81.0,0,China_1007.csv
2025-08-03,1007,90.0,25.0,5.0,4.0,71.0,1.2,2,2,1,1,3,3,0,0,-1.989958381920775,2.979055026285317,2.819462,4.0932713,0.74982035,45.853558,1,2025-08-03,28.525714285714287,0.0,80.25,5.217142857142858,1.0,90.52142857142857,2025,8,3,90.0,0,China_1007.csv
2025-08-04,1007,68.0,29.0,4.0,7.0,46.0,1.0,1,1,0,0,5,5,0,0,-1.050180565426547,1.029939924169958,4.631584,2.2209792,-11.475236,32.471115,1,2025-08-04,26.734285714285715,0.0,86.69142857142857,6.0042857142857144,1.0,149.50714285714284,2025,8,4,68.0,0,China_1007.csv
2025-08-05,1007,69.0,23.0,4.0,6.0,55.0,1.0,1,1,0,0,5,5,0,0,-1.638055782970361,1.6358819354272844,4.4943395,2.376047,-15.0893,34.499565,1,2025-08-05,28.02,0.0,87.0442857142857,3.6571428571428575,1.0,162.25857142857143,2025,8,5,69.0,0,China_1007.csv
2025-08-06,1007,62.0,32.0,3.0,5.0,75.0,1.0,2,2,1,1,3,3,0,0,-2.2730099637859227,3.513973359462421,3.506088,2.5525544,-13.206781,50.72699,1,2025-08-06,29.108571428571427,0.0,82.92,4.51,1.0,144.90571428571428,2025,8,6,75.0,0,China_1007.csv
2025-08-07,1007,72.0,19.0,3.0,4.0,58.0,1.0,1,1,0,0,5,5,0,0,-2.844657566033678,1.7844860407385055,3.8091986,4.4648905,-36.91236,44.294456,1,2025-08-07,28.541428571428572,0.0,76.46428571428571,4.362857142857143,1.0,123.06428571428572,2025,8,7,72.0,0,China_1007.csv
2025-08-08,1007,44.0,30.0,9.0,5.0,29.0,1.0,1,1,0,0,5,5,1,1,-1.9449908833867018,-1.3718690763437047,5.468825,3.7902741,-24.401579,18.557467,1,2025-08-08,22.93285714285714,0.0,93.42999999999999,4.29,1.0,156.37714285714284,2025,8,8,44.0,0,China_1007.csv
2025-08-09,1007,76.0,12.0,6.0,2.0,41.0,1.0,1,1,0,0,5,5,1,1,-3.551373027357217,-0.3148310860908605,9.175001,10.239877,-53.603657,-29.442392,1,2025-08-09,26.462857142857143,0.0,75.57714285714285,4.408571428571428,1.0,177.61142857142858,2025,8,9,76.0,0,China_1007.csv
2025-08-10,1007,34.0,21.0,7.0,2.0,74.0,1.0,2,2,1,1,5,5,0,0,-4.087669736325006,2.304595323922835,1.629492,6.8112497,-83.34413,43.62803,1,2025-08-10,27.110000000000003,0.0,74.60857142857142,7.992857142857143,1.0,177.48428571428573,2025,8,10,74.0,0,China_1007.csv
2025-08-11,1007,48.0,33.0,6.0,3.0,72.0,1.0,2,2,1,1,3,3,0,0,-3.20471801912593,2.6429902272475725,2.1116438,6.2337537,-61.23313,44.378765,1,2025-08-11,26.478571428571428,0.0,79.11142857142856,8.51,1.0,189.20285714285714,2025,8,11,72.0,0,China_1007.csv
2025-08-12,1007,69.0,40.0,9.0,4.0,54.0,1.0,1,1,0,0,5,5,0,0,-1.714325062544738,1.0972233216021787,3.6963828,4.6897798,-40.466908,42.15768,1,2025-08-12,24.634285714285713,0.0,87.66428571428571,4.331428571428572,1.0,170.01857142857145,2025,8,12,69.0,0,China_1007.csv
2025-08-13,1007,84.0,19.0,3.0,4.0,49.0,1.0,1,1,0,0,5,5,0,0,-2.607531624928656,1.0855910470116243,4.512681,4.26701,-33.658054,31.974304,1,2025-08-13,25.19142857142857,0.0,81.76714285714286,3.3971428571428572,1.0,180.06,2025,8,13,84.0,0,China_1007.csv
2025-08-14,1007,53.0,25.0,8.0,3.0,59.0,1.0,1,1,0,0,5,5,0,0,-2.9700809576224816,1.1793788194021009,2.5975296,6.40059,-58.988613,37.468502,1,2025-08-14,23.694285714285716,0.0,91.07285714285715,4.672857142857143,1.0,174.0842857142857,2025,8,14,59.0,0,China_1007.csv
2025-08-15,1007,52.0,34.0,4.0,5.0,56.0,1.0,1,1,0,0,5,5,0,0,-2.3605678096789533,1.6892281364538555,3.918623,2.70262,-16.038637,51.23939,1,2025-08-15,26.150000000000002,0.0,84.98142857142857,6.648571428571429,1.0,191.71571428571428,2025,8,15,56.0,0,China_1007.csv
2025-08-16,1007,83.0,18.0,2.0,3.0,49.0,1.0,1,1,0,0,5,5,0,0,-3.324659527561942,1.0816170441214688,7.1224685,8.80862,-48.24082,22.145824,1,2025-08-16,25.024285714285718,0.0,89.23142857142857,3.9071428571428575,1.0,149.91714285714286,2025,8,16,83.0,0,China_1007.csv
2025-08-17,1007,52.0,29.0,4.0,6.0,54.0,1.0,1,1,0,0,5,5,0,0,-1.911444257162318,1.5192789714920103,4.3167014,2.3714557,-13.622394,36.750553,1,2025-08-17,26.60571428571429,0.0,81.22428571428573,5.547142857142857,1.0,139.66,2025,8,17,54.0,0,China_1007.csv
2025-08-18,1007,74.0,29.0,2.0,5.0,46.0,1.0,1,1,0,0,5,5,0,0,-2.278920207511441,1.1175182911730577,4.734127,2.8382719,-19.11227,33.113228,1,2025-08-18,27.315714285714286,0.0,84.3157142857143,6.181428571428571,1.0,181.8557142857143,2025,8,18,74.0,0,China_1007.csv
2025-08-19,1007,69.0,19.0,4.0,4.0,32.0,1.0,1,1,0,0,5,5,1,1,-2.8306480328628543,-0.6357960627066163,5.119778,4.395573,-32.998657,23.699738,1,2025-08-19,25.414285714285715,0.0,90.16714285714285,4.534285714285715,1.0,141.50428571428571,2025,8,19,69.0,0,China_1007.csv
2025-08-20,1007,49.0,22.0,2.0,6.0,49.0,1.0,1,1,0,0,5,5,0,0,-2.3907092199453355,1.1608586349691987,4.58225,2.438341,-13.549476,36.007668,1,2025-08-20,27.00714285714286,0.0,81.11285714285714,4.571428571428571,1.0,112.76714285714286,2025,8,20,49.0,0,China_1007.csv
2025-08-21,1007,53.0,27.0,2.0,5.0,29.0,1.0,1,1,0,0,5,5,1,1,-2.8085192170181443,-0.5724055475328094,5.174921,3.7825496,-26.059336,23.185032,1,2025-08-21,26.228571428571428,0.0,89.61285714285714,5.598571428571428,1.0,216.33571428571426,2025,8,21,53.0,0,China_1007.csv
2025-08-22,1007,70.0,17.0,8.0,5.0,43.0,1.0,1,1,0,0,5,5,0,0,-1.7016613673881638,-0.050680701827450346,5.0301723,3.086904,-18.857246,26.755491,1,2025-08-22,27.458571428571428,0.0,74.54857142857144,3.4971428571428573,1.0,227.22714285714284,2025,8,22,70.0,0,China_1007.csv
2025-08-23,1007,41.0,19.0,8.0,4.0,38.0,1.0,1,1,0,0,5,5,1,1,-2.844599966777696,-0.770098669738837,4.7320123,4.9881587,-40.348114,22.039213,1,2025-08-23,23.048571428571428,0.0,75.63857142857144,8.264285714285714,1.0,293.21571428571434,2025,8,23,41.0,0,China_1007.csv
2025-08-24,1007,41.0,13.0,7.0,3.0,36.0,1.0,1,1,0,0,5,5,1,1,-3.6260075996542613,-1.0272219992041143,5.8619013,9.174916,-62.775394,20.10105,1,2025-08-24,23.724285714285713,0.0,79.45714285714287,3.1014285714285714,1.0,198.57142857142858,2025,8,24,41.0,0,China_1007.csv
2025-08-25,1007,32.0,20.0,8.0,3.0,55.0,1.0,1,1,0,0,5,5,0,0,-3.515563902961202,0.5812426409143056,2.9415557,6.934214,-63.450573,36.633083,1,2025-08-25,25.912857142857142,0.0,77.81428571428572,3.3985714285714286,1.0,222.86714285714285,2025,8,25,55.0,0,China_1007.csv
2025-08-26,1007,46.0,19.0,5.0,2.0,47.0,1.0,1,1,0,0,5,5,1,1,-4.216631427561198,0.21257053961755315,8.264227,11.084446,-91.09565,5.9265537,1,2025-08-26,25.455714285714286,0.0,79.12714285714286,5.002857142857144,1.0,117.88714285714286,2025,8,26,47.0,0,China_1007.csv
2025-08-27,1007,39.0,19.0,1.0,4.0,34.0,1.0,1,1,0,0,5,5,1,1,-3.907725867523265,-0.35583804219667314,5.029465,4.4543076,-34.939526,20.24362,1,2025-08-27,21.18285714285714,0.0,92.07000000000001,11.665714285714285,1.0,161.1142857142857,2025,8,27,39.0,0,China_1007.csv
2025-08-28,1007,49.0,12.0,1.0,4.0,33.0,1.0,1,1,0,0,5,5,1,1,-3.8070530882655533,-0.48588257229273074,5.0352864,4.5272875,-34.623528,20.847279,1,2025-08-28,24.147142857142857,0.0,88.29142857142857,3.822857142857143,1.0,203.75,2025,8,28,49.0,0,China_1007.csv
2025-08-29,1007,30.0,33.0,6.0,6.0,25.0,1.0,1,1,0,0,5,5,1,1,-2.107240825367006,-1.3544205194057628,5.413888,3.5598474,-24.142658,16.933228,1,2025-08-29,24.324285714285715,0.0,92.36285714285714,2.882857142857143,1.0,214.01285714285714,2025,8,29,33.0,0,China_1007.csv
2025-08-30,1007,78.0,28.0,3.0,4.0,43.0,1.0,1,1,0,0,5,5,0,0,-2.6068504471010376,0.665048651413406,4.5586166,4.312512,-33.665546,31.900875,1,2025-08-30,24.025714285714287,0.0,84.54714285714284,4.744285714285715,1.0,214.32,2025,8,30,78.0,0,China_1007.csv
2025-08-31,1007,61.0,21.0,4.0,3.0,55.0,1.0,1,1,0,0,5,5,0,0,-3.448715293038702,1.2676864049081573,2.887357,6.339955,-56.770546,33.4152,1,2025-08-31,23.54,0.0,84.86285714285714,3.9085714285714284,1.0,197.92285714285714,2025,8,31,61.0,0,China_1007.csv
2025-09-01,1007,46.0,18.0,4.0,4.0,65.0,1.0,1,1,0,0,5,5,0,0,-3.261755019396287,2.071296290414984,3.4209013,4.701214,-38.42905,50.019665,1,2025-09-01,25.287142857142857,0.0,82.95142857142856,2.9957142857142856,1.0,208.19142857142856,2025,9,1,65.0,0,China_1007.csv
2025-09-02,1007,43.0,36.0,5.0,5.0,58.0,2.0,1,1,0,0,5,5,0,0,-2.139476578435717,1.8909713667552623,4.188974,3.413091,-22.914038,40.258743,1,2025-09-02,25.994285714285716,0.0,82.95857142857143,5.752857142857144,1.0,168.78571428571428,2025,9,2,58.0,0,China_1007.csv
2025-09-03,1007,80.0,35.0,3.0,4.0,65.0,1.0,2,2,1,1,3,3,0,0,-2.3950366873724875,2.73343248086827,3.070828,4.159158,-1.1788034,46.747944,1,2025-09-03,26.014285714285712,0.0,78.87142857142858,4.192857142857143,1.0,177.66,2025,9,3,80.0,0,China_1007.csv
2025-09-04,1007,84.0,41.0,4.0,6.0,80.0,1.0,2,2,1,1,3,3,0,0,-0.959347001750546,4.255005492228437,3.221003,1.5271456,-1.4610658,56.70914,1,2025-09-04,26.01142857142857,0.0,75.51142857142858,5.317142857142857,1.0,179.79714285714286,2025,9,4,84.0,0,China_1007.csv
2025-09-05,1007,99.0,37.0,5.0,5.0,34.0,2.0,1,1,0,0,1,1,3,3,-0.9714927435656837,0.2288063527776253,4.894398,3.542652,-27.917479,31.944092,1,2025-09-05,21.287142857142857,0.0,90.94714285714285,4.011428571428572,1.0,244.73714285714283,2025,9,5,99.0,0,China_1007.csv
2025-09-06,1007,90.0,19.0,4.0,3.0,43.0,1.0,1,1,0,0,1,1,3,3,-2.8835289986330457,0.40178182172992744,7.20174,8.695351,-49.182346,18.992502,1,2025-09-06,23.201428571428572,0.0,68.57142857142857,6.312857142857142,1.0,220.88285714285715,2025,9,6,90.0,0,China_1007.csv
2025-09-07,1007,47.0,25.0,6.0,2.0,39.0,1.0,1,1,0,0,5,5,1,1,-3.9737473008484696,-0.4925844305946177,8.250405,11.029875,-89.628975,5.65179,1,2025-09-07,22.91857142857143,0.0,59.152857142857144,6.812857142857142,1.0,240.17142857142858,2025,9,7,47.0,0,China_1007.csv
2025-09-08,1007,45.0,20.0,6.0,3.0,51.0,1.0,1,1,0,0,5,5,1,1,-3.532744531760155,0.5527964548048585,2.9777434,6.7406077,-60.51924,33.714294,1,2025-09-08,23.738571428571426,0.0,63.910000000000004,5.317142857142857,1.0,174.73857142857145,2025,9,8,51.0,0,China_1007.csv
2025-09-09,1007,33.0,46.0,11.0,5.0,80.0,2.0,2,2,1,1,3,3,0,0,-1.27332345341057,3.248433108705957,0.027566092,1.7563087,14.818516,88.475266,1,2025-09-09,24.354285714285712,0.0,76.7757142857143,6.725714285714285,1.0,140.3642857142857,2025,9,9,80.0,0,China_1007.csv
2025-09-10,1007,80.0,34.0,8.0,4.0,49.0,1.0,1,1,0,0,5,5,0,0,-1.7301313857991498,0.7518519450744611,4.089972,4.53481,-36.207664,36.935013,1,2025-09-10,24.25714285714286,0.0,78.14857142857143,3.9042857142857144,1.0,153.91714285714286,2025,9,10,80.0,0,China_1007.csv
2025-09-11,1007,73.0,42.0,7.0,5.0,70.0,1.0,2,2,1,1,3,3,0,0,-1.3086579001977565,2.8826262036707218,3.16993,2.5182524,-7.801616,48.675533,1,2025-09-11,25.665714285714284,0.0,72.6542857142857,8.557142857142857,1.0,191.27285714285716,2025,9,11,73.0,0,China_1007.csv
2025-09-12,1007,92.0,45.0,12.0,5.0,54.0,1.0,1,1,0,0,3,3,0,0,-0.16778681589803301,1.1151669157603483,4.0613775,2.5289118,4.628295,33.774128,1,2025-09-12,24.138571428571428,0.0,70.58428571428571,4.824285714285715,1.0,190.36999999999998,2025,9,12,92.0,0,China_1007.csv
2025-09-13,1007,99.0,39.0,8.0,5.0,61.0,1.0,2,2,1,1,3,3,0,0,-0.6727934923396407,2.128761209538699,3.7589886,2.4577234,-5.3743215,46.43581,1,2025-09-13,23.607142857142858,0.0,76.72,7.445714285714286,1.0,204.5885714285714,2025,9,13,99.0,0,China_1007.csv
2025-09-14,1007,82.0,25.0,9.0,3.0,36.0,1.0,1,1,0,0,5,5,1,1,-2.25591130903864,-0.7311124601101205,7.527147,8.158028,-48.84051,14.011503,1,2025-09-14,24.297142857142855,0.0,48.364285714285714,6.935714285714285,1.0,193.5,2025,9,14,82.0,0,China_1007.csv
2025-09-15,1007,54.0,21.0,12.0,4.0,17.0,1.0,1,1,0,0,5,5,1,1,-2.0065915366147524,-2.9286292421421183,5.735345,5.358839,-12.9802065,-57.013065,1,2025-09-15,21.754285714285714,0.0,68.25,6.517142857142857,1.0,171.58285714285714,2025,9,15,54.0,0,China_1007.csv
2025-09-16,1007,36.0,17.0,8.0,2.0,24.0,1.0,1,1,0,0,5,5,1,1,-4.090446370425107,-2.2550449931166257,7.4279943,11.746299,-69.6526,-46.435574,1,2025-09-16,20.312857142857144,0.0,42.79571428571428,11.268571428571429,1.0,180.22,2025,9,16,36.0,0,China_1007.csv
2025-09-17,1007,39.0,11.0,11.0,2.0,22.0,1.0,1,1,0,0,5,5,1,1,-3.694850442671183,-2.844650379393705,6.974065,11.480438,-70.12539,-56.26409,1,2025-09-17,18.837142857142858,0.0,47.24285714285714,5.622857142857143,1.0,237.87000000000003,2025,9,17,39.0,0,China_1007.csv
2025-09-18,1007,19.0,16.0,8.0,3.0,34.0,1.0,1,1,0,0,5,5,1,1,-3.9144150642765285,-1.4328050800598198,5.3444805,9.124908,-66.12069,21.2111,1,2025-09-18,20.75714285714286,0.0,47.13142857142857,4.055714285714286,1.0,183.4157142857143,2025,9,18,34.0,0,China_1007.csv
2025-09-19,1007,30.0,26.0,11.0,4.0,40.0,1.0,1,1,0,0,5,5,1,1,-2.531638495020973,-0.8946664706532107,4.3640437,5.5141816,-51.481045,51.069386,1,2025-09-19,18.834285714285716,0.0,66.27857142857142,7.1814285714285715,1.0,227.36285714285714,2025,9,19,40.0,0,China_1007.csv
2025-09-20,1007,46.0,33.0,9.0,6.0,47.0,1.0,1,1,0,0,5,5,0,0,-1.2728974961715707,0.36775462605997966,4.634478,2.653525,-22.444204,52.64855,1,2025-09-20,21.07,0.0,61.701428571428565,4.822857142857143,1.0,201.73285714285717,2025,9,20,47.0,0,China_1007.csv
2025-09-21,1007,61.0,42.0,11.0,5.0,67.0,2.0,2,2,1,1,3,3,0,0,-0.7646537654298001,2.252921729121866,3.4347427,3.2757263,-24.330563,45.05498,1,2025-09-21,21.11285714285714,0.0,68.17999999999999,5.5200000000000005,1.0,158.40857142857143,2025,9,21,67.0,0,China_1007.csv
2025-09-22,1007,78.0,21.0,5.0,4.0,40.0,1.0,1,1,0,0,5,5,1,1,-2.4391357593477223,0.05907205160474831,4.809375,4.3413343,-34.514244,29.562954,1,2025-09-22,18.132857142857144,0.0,72.90142857142857,4.534285714285715,1.0,214.89000000000001,2025,9,22,78.0,0,China_1007.csv
2025-09-23,1007,51.0,40.0,10.0,4.0,29.0,1.0,1,1,0,0,5,5,1,1,-2.0224712315123496,-1.3504950256254409,5.469187,5.152444,-30.974014,9.010147,1,2025-09-23,17.414285714285715,0.0,79.47571428571428,4.401428571428571,1.0,213.71,2025,9,23,51.0,0,China_1007.csv
2025-09-24,1007,85.0,49.0,9.0,4.0,35.0,1.0,1,1,0,0,5,5,0,0,-1.270121078661785,-0.296949409679951,5.857006,4.779216,-20.029305,-1.2959517,1,2025-09-24,19.56142857142857,0.0,72.5657142857143,6.501428571428571,1.0,209.6314285714286,2025,9,24,85.0,0,China_1007.csv
2025-09-25,1007,106.0,34.0,10.0,4.0,54.0,1.0,1,1,0,0,1,1,0,0,-0.8663030171590276,1.1681004454855588,3.3745704,4.1190014,12.193785,35.559414,1,2025-09-25,21.595714285714283,0.0,66.18571428571428,2.6614285714285715,1.0,209.56714285714287,2025,9,25,106.0,0,China_1007.csv
2025-09-26,1007,64.0,36.0,9.0,4.0,58.0,1.0,1,1,0,0,5,5,0,0,-1.8772196891130295,1.3423877457805362,3.3730145,4.6922803,-40.199116,42.1723,1,2025-09-26,22.197142857142858,0.0,61.42857142857143,3.5800000000000005,1.0,181.01714285714283,2025,9,26,64.0,0,China_1007.csv
2025-09-27,1007,64.0,43.0,11.0,5.0,48.0,1.0,1,1,0,0,5,5,0,0,-0.9655207713470243,0.45001190704776844,4.5002756,3.1747966,-28.318989,50.52515,1,2025-09-27,19.60571428571429,0.0,74.50142857142858,4.987142857142857,1.0,224.34,2025,9,27,64.0,0,China_1007.csv
2025-09-28,1007,90.0,30.0,7.0,3.0,44.0,1.0,1,1,0,0,1,1,3,3,-2.2702699130158654,0.3419105795685158,7.5176864,7.9595947,-48.415977,17.673004,1,2025-09-28,20.882857142857144,0.0,66.23857142857143,4.687142857142858,1.0,251.9057142857143,2025,9,28,90.0,0,China_1007.csv
2025-09-29,1007,67.0,29.0,11.0,3.0,41.0,1.0,1,1,0,0,5,5,1,1,-2.2147874702643318,-0.562118992272635,7.079594,8.008567,-39.59156,-0.9542663,1,2025-09-29,21.324285714285715,0.0,61.48142857142857,4.864285714285714,1.0,224.06428571428572,2025,9,29,67.0,0,China_1007.csv
2025-09-30,1007,57.0,31.0,9.0,3.0,59.0,1.0,1,1,0,0,5,5,0,0,-2.6421671922138192,1.2005551070528055,2.5045753,6.361258,-55.799065,42.02817,1,2025-09-30,21.562857142857144,0.0,60.45285714285715,4.348571428571429,1.0,234.98857142857145,2025,9,30,59.0,0,China_1007.csv
2025-10-01,1007,56.0,38.0,12.0,5.0,31.0,1.0,1,1,0,0,5,5,5,5,-1.118025841328655,-1.302571226547163,6.0408635,3.6319277,-16.89467,10.860161,1,2025-10-01,22.585714285714285,0.0,57.13857142857143,3.198571428571429,1.0,225.53571428571428,2025,10,1,56.0,0,China_1007.csv
2025-10-02,1007,71.0,42.0,10.0,4.0,48.0,1.0,1,1,0,0,5,5,0,0,-1.5094926234476351,0.5075548406824777,4.016089,4.932019,-43.10911,43.66322,1,2025-10-02,21.627142857142854,0.0,61.93571428571429,5.87,1.0,183.17142857142858,2025,10,2,71.0,0,China_1007.csv
2025-10-03,1007,70.0,39.0,11.0,4.0,30.0,1.0,1,1,0,0,5,5,1,1,-1.4806380442941547,-1.2450995886559513,5.9074445,5.0844355,-27.480225,7.302866,1,2025-10-03,19.397142857142857,0.0,78.85142857142857,2.4828571428571427,1.0,186.21,2025,10,3,70.0,0,China_1007.csv
2025-10-04,1007,75.0,41.0,9.0,5.0,39.0,1.0,1,1,0,0,5,5,0,0,-1.0709106125606682,-0.06736177840613908,5.46527,3.115838,-16.667065,22.275105,1,2025-10-04,20.707142857142856,0.0,75.22,4.432857142857143,1.0,193.41142857142856,2025,10,4,75.0,0,China_1007.csv
2025-10-05,1007,89.0,40.0,9.0,6.0,23.0,1.0,1,1,0,0,5,5,0,0,-0.28921204741006346,-1.2923472598299637,6.40123,2.8179905,-7.2823796,10.234477,1,2025-10-05,16.895714285714284,0.0,78.00428571428571,5.33,1.0,144.58285714285714,2025,10,5,89.0,0,China_1007.csv
2025-10-06,1007,88.0,15.0,5.0,4.0,26.0,1.0,1,1,0,0,1,1,1,1,-2.354939093471668,-1.196769205396321,5.612967,4.2253714,-30.559828,25.076578,1,2025-10-06,15.694285714285714,0.0,74.66285714285713,3.217142857142857,1.0,173.17857142857142,2025,10,6,88.0,0,China_1007.csv
2025-10-07,1007,34.0,40.0,7.0,5.0,28.0,1.0,1,1,0,0,5,5,1,1,-2.2906585765641476,-1.1434058368683875,5.2786,3.965362,-25.562607,18.316399,1,2025-10-07,18.148571428571426,0.0,77.42142857142858,4.614285714285714,1.0,192.44142857142856,2025,10,7,40.0,0,China_1007.csv
2025-10-08,1007,88.0,18.0,7.0,3.0,15.0,1.0,1,1,0,0,5,5,3,3,-2.5805679671661976,-2.426851299456219,7.4351573,8.771158,-53.19272,7.5472975,1,2025-10-08,11.258571428571429,0.0,87.59,5.012857142857143,1.0,85.99857142857142,2025,10,8,88.0,0,China_1007.csv
2025-10-09,1007,42.0,7.0,7.0,3.0,16.0,1.0,1,1,0,0,5,5,1,1,-3.751683736184356,-2.879716761202324,5.8457623,9.314785,-65.156494,10.3371935,1,2025-10-09,10.651428571428571,0.0,93.09571428571428,4.037142857142857,1.0,144.95857142857145,2025,10,9,42.0,0,China_1007.csv
2025-10-10,1007,21.0,11.0,8.0,4.0,19.0,1.0,1,1,0,0,5,5,1,1,-3.454658758039031,-2.7301766162169794,5.1957483,5.2642107,-66.99488,8.2417145,1,2025-10-10,11.29142857142857,0.0,88.38571428571429,3.242857142857143,1.0,191.19285714285712,2025,10,10,21.0,0,China_1007.csv
2025-10-11,1007,37.0,13.0,7.0,4.0,13.0,1.0,1,1,0,0,5,5,1,1,-3.235314218146775,-2.9889701433251115,5.2394924,5.226603,-66.736855,8.2747135,1,2025-10-11,14.052857142857144,0.0,88.92142857142858,4.558571428571428,1.0,209.78,2025,10,11,37.0,0,China_1007.csv
2025-10-12,1007,40.0,26.0,9.0,7.0,6.0,1.0,1,1,0,0,5,5,1,1,-1.0839699999004184,-3.31074626639531,5.6507535,3.4999382,-22.779074,15.596479,1,2025-10-12,12.772857142857143,0.0,76.05857142857143,4.244285714285715,1.0,207.39857142857142,2025,10,12,40.0,0,China_1007.csv
2025-10-13,1007,57.0,42.0,12.0,7.0,18.0,1.0,1,1,0,0,5,5,5,5,0.005778076575714168,-2.1878848621422446,6.317509,2.256716,-6.796233,15.2108345,1,2025-10-13,14.39857142857143,0.0,81.48714285714286,4.364285714285715,1.0,207.59,2025,10,13,57.0,0,China_1007.csv
2025-10-14,1007,75.0,33.0,11.0,6.0,32.0,1.0,1,1,0,0,5,5,0,0,-0.3943760839725383,-0.9510844471999609,5.891045,2.574645,-12.13444,19.761688,1,2025-10-14,15.461428571428572,0.0,84.82714285714285,4.288571428571428,1.0,145.82142857142858,2025,10,14,75.0,0,China_1007.csv
2025-10-15,1007,72.0,57.0,14.0,9.0,28.0,1.0,0,0,2,2,2,2,0,0,1.9568731981869223,-0.9798332768118584,6.3029404,1.8070292,-3.6970546,17.50194,1,2025-10-15,15.37142857142857,0.0,88.07000000000001,5.261428571428572,1.0,109.43285714285715,2025,10,15,72.0,0,China_1007.csv
2025-10-16,1007,118.0,56.0,12.0,8.0,11.0,1.0,0,0,2,2,2,2,9,9,2.0700770687415653,-2.005218311491599,11.488507,2.0028338,48.853664,-8.960968,1,2025-10-16,13.147142857142857,0.0,82.23857142857143,4.192857142857143,1.0,131.56,2025,10,16,118.0,0,China_1007.csv
2025-10-17,1007,118.0,26.0,9.0,6.0,18.0,1.2,1,1,0,0,1,1,9,9,0.1462484426580848,-1.71240632064462,11.123475,3.467996,26.676352,-6.995212,1,2025-10-17,9.464285714285714,0.0,55.839999999999996,11.518571428571429,1.0,145.22714285714287,2025,10,17,118.0,0,China_1007.csv
2025-10-18,1007,55.0,10.0,6.0,2.0,19.0,1.0,1,1,0,0,5,5,1,1,-4.0935322938237455,-2.4442941000966596,8.473489,11.594736,-70.92465,-37.029274,1,2025-10-18,7.572857142857144,0.0,57.07714285714286,5.895714285714286,1.0,115.83285714285714,2025,10,18,55.0,0,China_1007.csv
2025-10-19,1007,26.0,13.0,5.0,2.0,24.0,1.0,1,1,0,0,5,5,1,1,-4.8043782400555415,-2.065129323722965,7.662064,12.423469,-77.517845,-44.12534,1,2025-10-19,5.615714285714286,0.0,44.971428571428575,9.877142857142857,1.0,180.5,2025,10,19,26.0,0,China_1007.csv
2025-10-20,1007,30.0,13.0,5.0,3.0,22.0,1.0,1,1,0,0,5,5,1,1,-4.187776496973089,-2.119296718599216,5.7300487,9.5943985,-68.72407,14.015533,1,2025-10-20,4.35,0.0,60.470000000000006,5.155714285714287,1.0,186.32857142857142,2025,10,20,30.0,0,China_1007.csv
2025-10-21,1007,39.0,19.0,10.0,3.0,23.0,1.6,1,1,0,0,5,5,1,1,-3.0315547299465537,-2.314564293761747,6.1004214,8.684863,-50.718586,-66.59189,1,2025-10-21,5.538571428571428,0.0,64.45714285714286,3.8042857142857143,1.0,182.55857142857144,2025,10,21,39.0,0,China_1007.csv
2025-10-22,1007,45.0,43.0,16.0,4.0,11.0,1.2,1,1,0,0,5,5,5,5,-1.2366307679559498,-3.5630730356663096,5.7738924,5.95913,-12.278934,-67.48371,1,2025-10-22,7.5128571428571425,0.0,74.12714285714286,3.641428571428572,1.0,182.00142857142856,2025,10,22,45.0,0,China_1007.csv
2025-10-23,1007,90.0,53.0,12.0,4.0,22.0,1.6,1,1,0,0,5,5,3,3,-0.5565168087977573,-1.5644738223447774,8.692585,4.6899843,-6.5403976,-0.9946554,1,2025-10-23,7.508571428571429,0.0,79.04714285714286,3.1128571428571425,1.0,222.8385714285714,2025,10,23,90.0,0,China_1007.csv
2025-10-24,1007,128.0,66.0,14.0,6.0,19.0,2.8,0,0,2,2,1,1,8,8,2.1084880787366274,-1.1490903420981295,8.608976,-2.2808745,63.58549,14.3933,1,2025-10-24,8.648571428571428,0.0,82.30285714285715,4.747142857142857,1.0,211.98714285714283,2025,10,24,128.0,0,China_1007.csv
2025-10-25,1007,154.0,84.0,15.0,7.0,23.0,1.0,0,0,2,2,2,2,9,9,3.2301834777894727,-0.6230884058877894,11.739266,1.608919,62.51222,-24.80549,1,2025-10-25,9.774285714285714,0.0,73.20285714285714,6.764285714285714,1.0,227.8542857142857,2025,10,25,154.0,0,China_1007.csv
2025-10-26,1007,173.0,20.0,8.0,3.0,25.0,1.0,1,1,0,0,1,1,3,3,-0.5390490892705017,-0.97175775522287,12.517002,5.733838,7.986663,-32.932236,1,2025-10-26,6.274285714285715,0.0,44.541428571428575,9.277142857142858,1.0,286.55857142857144,2025,10,26,173.0,0,China_1007.csv
2025-10-27,1007,49.0,31.0,12.0,2.0,23.0,1.4,1,1,0,0,5,5,1,1,-2.91433633266761,-2.382269182754886,7.167452,10.894225,-62.016396,-63.573956,1,2025-10-27,6.574285714285714,0.0,67.84142857142857,5.871428571428572,1.0,185.17142857142858,2025,10,27,49.0,0,China_1007.csv
2025-10-28,1007,61.0,71.0,17.0,6.0,21.0,1.0,1,1,0,0,5,5,5,5,0.7553432519176675,-2.0492080342358268,7.1850233,1.9264108,5.6267576,-53.49396,1,2025-10-28,8.277142857142858,0.0,80.86857142857143,2.89,1.0,184.1185714285714,2025,10,28,71.0,0,China_1007.csv
2025-10-29,1007,141.0,103.0,13.0,7.0,14.0,1.2,0,0,2,2,1,1,9,9,2.9919566064838388,-0.933367321020309,12.503099,2.1717882,65.14036,-22.370752,1,2025-10-29,9.271428571428572,0.0,88.88714285714286,4.825714285714286,1.0,164.75142857142856,2025,10,29,141.0,0,China_1007.csv
2025-10-30,1007,192.0,86.0,13.0,8.0,14.0,1.0,0,0,2,2,1,1,9,9,4.30896318175637,-0.7739342732466071,12.368155,1.8576261,63.552998,-14.272251,1,2025-10-30,11.018571428571429,0.0,83.23,4.75,1.0,119.76714285714286,2025,10,30,192.0,0,China_1007.csv
2025-10-31,1007,170.0,38.0,12.0,4.0,16.0,1.0,1,1,0,0,1,1,3,3,0.776719796564704,-1.8354634288228078,12.259879,4.670663,28.073353,-22.97217,1,2025-10-31,9.534285714285714,0.0,70.61857142857143,5.635714285714286,1.0,260.9142857142857,2025,10,31,170.0,0,China_1007.csv
2025-11-01,1007,96.0,51.0,9.0,4.0,27.0,1.2,1,1,0,0,1,1,3,3,-0.9729172033297395,-0.84706982404687,6.381428,4.7847204,-16.8626,-1.5222659,1,2025-11-01,10.922857142857142,0.0,45.221428571428575,11.362857142857143,1.0,210.08285714285714,2025,11,1,96.0,0,China_1007.csv
2025-11-02,1007,110.0,17.0,9.0,1.0,23.0,1.0,1,1,0,0,1,1,3,3,-2.8820571615864883,-1.976422185275394,12.111446,8.76126,-18.623074,-40.855545,1,2025-11-02,6.977142857142858,0.0,64.05285714285715,5.107142857142857,1.0,152.71428571428572,2025,11,2,110.0,0,China_1007.csv
2025-11-03,1007,37.0,50.0,17.0,4.0,22.0,1.4,1,1,0,0,5,5,5,5,-1.077788352146093,-2.6156346000150412,5.9869246,6.1163507,-11.241708,-89.79121,1,2025-11-03,6.917142857142857,0.0,72.35571428571428,5.2,1.0,181.46428571428572,2025,11,3,50.0,0,China_1007.csv
2025-11-04,1007,96.0,62.0,19.0,5.0,24.0,2.0,0,0,2,2,5,5,5,5,1.3625320962575886,-1.8107658613814843,9.350145,3.6614194,33.903008,-41.34483,1,2025-11-04,8.597142857142858,0.0,74.98714285714286,3.09,1.0,156.24428571428572,2025,11,4,96.0,0,China_1007.csv
2025-11-05,1007,141.0,107.0,23.0,10.0,11.0,1.6,0,0,2,2,2,2,2,2,6.190540467062309,-1.9034101461274284,10.998642,0.76819515,73.84636,-31.911505,1,2025-11-05,10.045714285714284,0.0,86.00571428571428,3.9314285714285715,1.0,179.91714285714286,2025,11,5,141.0,0,China_1007.csv
2025-11-06,1007,188.0,97.0,16.0,9.0,19.0,1.0,0,0,2,2,2,2,9,9,5.380740149541974,-0.42204293815522126,12.295998,1.6498574,64.83471,-14.406686,1,2025-11-06,10.944285714285714,0.0,72.83285714285714,3.8628571428571425,1.0,179.87857142857143,2025,11,6,188.0,0,China_1007.csv
2025-11-07,1007,185.0,55.0,19.0,10.0,11.0,3.4,0,0,2,2,2,2,9,9,6.146168647456709,-1.6919474023148018,9.840861,-2.0069065,69.80424,2.3737144,1,2025-11-07,8.122857142857143,0.0,88.1842857142857,4.14,1.0,188.47714285714284,2025,11,7,185.0,0,China_1007.csv
2025-11-08,1007,125.0,48.0,10.0,6.0,16.0,1.4,1,1,0,0,1,1,9,9,0.8398026510067869,-1.5373549522441246,10.96364,3.503676,25.150633,-7.245379,1,2025-11-08,8.584285714285715,0.0,72.61999999999999,8.028571428571428,1.0,248.48714285714286,2025,11,8,125.0,0,China_1007.csv
2025-11-09,1007,126.0,23.0,9.0,2.0,26.0,1.0,1,1,0,0,1,1,3,3,-1.896080984657952,-1.3967471210972173,11.361383,7.156459,-11.554836,-25.903149,1,2025-11-09,7.161428571428572,0.0,53.824285714285715,5.965714285714285,1.0,248.85714285714286,2025,11,9,126.0,0,China_1007.csv
2025-11-10,1007,41.0,38.0,18.0,4.0,13.0,1.4,1,1,0,0,5,5,5,5,-1.0637234642858628,-3.691712636510391,5.996003,6.168386,-9.010448,-90.94802,1,2025-11-10,6.8428571428571425,0.0,66.67999999999999,5.062857142857142,1.0,209.33285714285714,2025,11,10,41.0,0,China_1007.csv
2025-11-11,1007,65.0,63.0,22.0,6.0,13.0,1.8,0,0,2,2,2,2,5,5,1.6010642734778417,-3.277612289530672,8.562214,2.942734,35.016457,-58.43204,1,2025-11-11,7.357142857142857,0.0,75.07142857142857,3.2142857142857144,1.0,173.6,2025,11,11,65.0,0,China_1007.csv
2025-11-12,1007,115.0,59.0,16.0,7.0,26.0,2.4,0,0,2,2,2,2,9,9,2.461291417091846,-0.954157698709885,9.994455,3.1386156,42.44193,-35.43721,1,2025-11-12,8.895714285714286,0.0,54.69285714285714,7.585714285714286,1.0,232.12428571428572,2025,11,12,115.0,0,China_1007.csv
2025-11-13,1007,118.0,18.0,12.0,2.0,23.0,1.0,1,1,0,0,1,1,3,3,-1.7249066960092467,-2.14184134939121,10.851087,6.789418,-14.389659,-23.179312,1,2025-11-13,7.025714285714286,0.0,59.27428571428572,4.501428571428571,1.0,225.85857142857142,2025,11,13,118.0,0,China_1007.csv
2025-11-14,1007,42.0,50.0,22.0,5.0,12.0,2.6,1,1,0,0,5,5,5,5,0.542742016994135,-3.7161438758937435,8.45571,-3.0047543,77.34958,20.961597,1,2025-11-14,7.021428571428571,0.0,61.761428571428574,3.6142857142857143,1.0,209.31285714285715,2025,11,14,50.0,0,China_1007.csv
2025-11-15,1007,97.0,65.0,23.0,6.0,12.0,1.6,0,0,2,2,2,2,5,5,2.420941564374158,-3.231600702698252,9.477903,1.9782544,43.634586,-47.869698,1,2025-11-15,9.388571428571428,0.0,47.1,9.331428571428573,1.0,210.56285714285715,2025,11,15,97.0,0,China_1007.csv
2025-11-16,1007,120.0,26.0,4.0,1.0,23.0,1.2,1,1,0,0,1,1,3,3,-3.194419105005723,-1.1538863029741977,12.42356,8.308752,-11.232373,-45.679,1,2025-11-16,1.9700000000000002,0.0,21.981428571428573,18.268571428571427,1.0,320.23857142857145,2025,11,16,120.0,0,China_1007.csv
2025-11-17,1007,56.0,19.0,2.0,1.0,18.0,1.4,1,1,0,0,5,5,1,1,-4.9471485839117095,-1.9468253756219747,11.323045,11.253352,-63.333683,-23.879242,1,2025-11-17,0.29857142857142854,0.0,29.28,9.787142857142856,1.0,277.66,2025,11,17,56.0,0,China_1007.csv
2025-11-18,1007,20.0,21.0,6.0,2.0,22.0,1.2,1,1,0,0,5,5,1,1,-4.618723127276186,-2.2281083559595882,7.6605043,12.454569,-79.41631,-44.565407,1,2025-11-18,4.035714285714286,0.0,38.21999999999999,4.9628571428571435,1.0,250.48714285714283,2025,11,18,22.0,0,China_1007.csv
2025-11-19,1007,23.0,44.0,19.0,3.0,17.0,1.0,1,1,0,0,5,5,5,5,-1.8306894118708554,-3.648060214264365,5.341526,7.747592,-31.756268,-89.308235,1,2025-11-19,6.467142857142858,0.0,36.832857142857144,7.25,1.0,249.7214285714286,2025,11,19,44.0,0,China_1007.csv
2025-11-20,1007,81.0,24.0,9.0,2.0,24.0,1.4,1,1,0,0,5,5,1,1,-2.765226924805666,-1.8324963936362388,9.435674,10.155857,-52.47254,-39.934345,1,2025-11-20,5.601428571428571,0.0,38.92714285714286,6.869999999999999,1.0,226.6257142857143,2025,11,20,81.0,0,China_1007.csv
2025-11-21,1007,46.0,56.0,19.0,4.0,22.0,2.0,1,1,0,0,5,5,5,5,-0.35684526545439443,-2.5639794493102066,8.114515,5.0481086,19.608076,-61.423798,1,2025-11-21,5.672857142857143,0.0,40.59428571428571,4.561428571428571,1.0,235.56,2025,11,21,56.0,0,China_1007.csv
2025-11-22,1007,117.0,55.0,26.0,6.0,9.0,2.8,0,0,2,2,2,2,8,8,3.398364553495193,-3.639127346735901,9.108529,-2.636373,74.063835,8.999572,1,2025-11-22,5.457142857142857,0.0,45.279999999999994,4.35,1.0,248.07714285714286,2025,11,22,117.0,0,China_1007.csv
2025-11-23,1007,115.0,76.0,27.0,7.0,15.0,1.0,0,0,2,2,2,2,2,2,3.9675778458893607,-3.1016047033238823,9.07568,0.56717414,45.37911,-79.3537,1,2025-11-23,7.531428571428571,0.0,45.808571428571426,5.785714285714286,1.0,238.1657142857143,2025,11,23,115.0,0,China_1007.csv
2025-11-24,1007,146.0,43.0,12.0,4.0,23.0,1.0,1,1,0,0,1,1,3,3,0.35573595214859316,-1.319635913342863,11.38821,4.7265987,26.632393,-15.3639,1,2025-11-24,3.4985714285714287,0.0,34.809999999999995,13.672857142857143,1.0,265.8457142857143,2025,11,24,146.0,0,China_1007.csv
2025-11-25,1007,69.0,27.0,8.0,2.0,19.0,1.4,1,1,0,0,5,5,1,1,-3.1332365186192153,-2.2016865042698663,9.366718,10.381456,-54.21485,-39.33908,1,2025-11-25,0.41000000000000003,0.0,52.31428571428571,6.607142857142857,1.0,188.94,2025,11,25,69.0,0,China_1007.csv
2025-11-26,1007,48.0,63.0,21.0,4.0,24.0,1.0,1,1,0,0,5,5,5,5,-0.1410129467411799,-2.649707101486306,5.741658,6.6775293,-0.9208879,-88.80354,1,2025-11-26,2.628571428571429,0.0,40.07142857142857,9.540000000000001,1.0,235.10142857142858,2025,11,26,63.0,0,China_1007.csv
2025-11-27,1007,99.0,23.0,6.0,2.0,23.0,1.2,1,1,0,0,1,1,3,3,-2.87393500206608,-1.4987124912302576,10.619622,8.839245,-16.081718,-29.707739,1,2025-11-27,1.4385714285714286,0.0,43.107142857142854,7.732857142857143,1.0,197.74857142857144,2025,11,27,99.0,0,China_1007.csv
2025-11-28,1007,35.0,66.0,22.0,5.0,10.0,2.0,1,1,0,0,5,5,5,5,0.5045357856989874,-3.7773527533131404,8.225303,3.381389,28.466267,-63.93949,1,2025-11-28,0.26285714285714284,0.0,50.29571428571428,3.5085714285714285,1.0,217.53142857142856,2025,11,28,66.0,0,China_1007.csv
2025-11-29,1007,111.0,84.0,28.0,7.0,6.0,1.0,0,0,2,2,2,2,2,2,4.132087453937627,-3.89910617536475,9.036669,0.5010081,45.187115,-79.31837,1,2025-11-29,4.285714285714286,0.0,47.22571428571428,5.178571428571429,1.0,215.39857142857142,2025,11,29,111.0,0,China_1007.csv
2025-11-30,1007,140.0,86.0,14.0,6.0,28.0,1.2,0,0,2,2,1,1,9,9,2.339627744634055,-0.20192702595421297,11.3892,3.0455112,35.497837,-1.3049581,1,2025-11-30,3.4185714285714286,0.0,29.827142857142857,12.620000000000001,1.0,247.0842857142857,2025,11,30,140.0,0,China_1007.csv
2025-12-01,1007,99.0,22.0,4.0,2.0,25.0,1.0,1,1,0,0,1,1,3,3,-3.220452546262886,-1.1512282109312881,10.998336,8.419531,-14.51512,-32.934963,1,2025-12-01,-1.1771428571428573,0.0,27.635714285714283,10.437142857142858,1.0,143.80142857142857,2025,12,1,99.0,0,China_1007.csv
2025-12-02,1007,26.0,13.0,2.0,2.0,25.0,1.0,1,1,0,0,5,5,1,1,-5.234632846736618,-1.6423909864169453,7.869174,12.61015,-101.59917,-8.989167,1,2025-12-02,-3.902857142857143,0.0,24.982857142857142,10.467142857142857,1.0,252.1657142857143,2025,12,2,26.0,0,China_1007.csv
2025-12-03,1007,13.0,28.0,11.0,1.0,22.0,2.4,1,1,0,0,5,5,1,1,-4.1896418737991805,-2.604561554005603,7.4314866,10.599743,-52.48182,-62.330627,1,2025-12-03,-2.0885714285714285,0.0,33.57,6.707142857142857,1.0,216.03,2025,12,3,28.0,0,China_1007.csv
2025-12-04,1007,52.0,25.0,14.0,3.0,24.0,1.0,1,1,0,0,5,5,5,5,-2.2141129870471365,-2.574745136082302,5.937885,8.126445,-30.671247,-76.96297,1,2025-12-04,-0.5014285714285714,0.0,37.32285714285714,5.7871428571428565,1.0,270.8457142857143,2025,12,4,52.0,0,China_1007.csv
2025-12-05,1007,51.0,52.0,21.0,4.0,15.0,1.0,1,1,0,0,5,5,5,5,-0.2766679778557471,-3.6048600425465698,5.9490004,6.6737485,-1.4137416,-92.05027,1,2025-12-05,-1.237142857142857,0.0,49.82142857142857,3.588571428571428,1.0,227.18142857142857,2025,12,5,52.0,0,China_1007.csv
2025-12-06,1007,103.0,72.0,29.0,7.0,11.0,1.0,0,0,2,2,2,2,2,2,3.92158664532292,-3.836750091440015,9.08226,0.37327576,47.042168,-78.84175,1,2025-12-06,1.4785714285714284,0.0,49.05428571428571,4.368571428571429,1.0,231.25,2025,12,6,103.0,0,China_1007.csv
2025-12-07,1007,143.0,43.0,13.0,8.0,28.0,1.4,0,0,2,2,1,1,9,9,2.6815101304208238,-0.5821227294422912,11.589154,2.6253,48.850025,-5.8835897,1,2025-12-07,3.275714285714286,0.0,24.094285714285714,13.528571428571428,1.0,265.5657142857143,2025,12,7,143.0,0,China_1007.csv
2025-12-08,1007,68.0,25.0,11.0,2.0,18.0,1.2,1,1,0,0,5,5,1,1,-2.803836981393652,-2.7006707302210127,8.788829,10.341443,-51.949528,-48.161022,1,2025-12-08,-1.1771428571428573,0.0,38.31,5.5200000000000005,1.0,193.6057142857143,2025,12,8,68.0,0,China_1007.csv
2025-12-09,1007,42.0,51.0,24.0,5.0,10.0,2.0,1,1,0,0,5,5,5,5,0.701857867844302,-4.201816005702638,8.193641,3.2669473,28.773336,-65.28424,1,2025-12-09,-0.8228571428571428,0.0,43.971428571428575,3.248571428571428,1.0,166.19428571428574,2025,12,9,51.0,0,China_1007.csv
2025-12-10,1007,94.0,67.0,26.0,7.0,7.0,1.0,0,0,2,2,2,2,2,2,3.2030712545056206,-4.007780931515671,8.7494755,0.58191633,41.246704,-84.22858,1,2025-12-10,0.5028571428571429,0.0,51.23714285714285,5.771428571428571,1.0,117.1842857142857,2025,12,10,94.0,0,China_1007.csv
2025-12-11,1007,139.0,53.0,17.0,6.0,14.0,1.0,0,0,2,2,1,1,9,9,2.1347898639186744,-2.3708578924950907,10.479859,1.8286308,48.32632,-29.90755,1,2025-12-11,-1.0614285714285714,0.0,41.934285714285714,7.514285714285714,1.0,123.87142857142855,2025,12,11,139.0,0,China_1007.csv
2025-12-12,1007,109.0,34.0,15.0,7.0,10.0,1.0,0,0,2,2,2,2,9,9,1.414522630319923,-2.962155940942856,7.0424876,2.5140593,45.996243,-28.944895,1,2025-12-12,-3.9699999999999998,0.0,75.88142857142857,4.317142857142857,1.0,165.44,2025,12,12,109.0,0,China_1007.csv
2025-12-13,1007,68.0,26.0,11.0,6.0,23.0,1.2,1,1,0,0,5,5,1,1,-0.6349056661464162,-1.8805677525262914,5.9453416,2.6202624,-12.882606,17.792679,1,2025-12-13,-3.192857142857143,0.0,51.80428571428571,5.991428571428571,1.0,288.05428571428575,2025,12,13,68.0,0,China_1007.csv
2025-12-14,1007,67.0,41.0,16.0,6.0,19.0,3.0,1,1,0,0,5,5,8,8,0.7190338550000644,-2.231946473246599,8.438691,-2.8476708,70.790436,19.272707,1,2025-12-14,-3.9442857142857144,0.0,67.47142857142858,3.468571428571429,1.0,222.55571428571426,2025,12,14,67.0,0,China_1007.csv
2025-12-15,1007,88.0,62.0,24.0,9.0,12.0,3.0,0,0,2,2,2,2,8,8,4.254952903495193,-2.9489331445826528,9.391442,-2.943729,79.42279,9.448706,1,2025-12-15,-1.83,0.0,58.98571428571428,3.994285714285714,1.0,167.02857142857144,2025,12,15,88.0,0,China_1007.csv
2025-12-16,1007,125.0,47.0,17.0,7.0,22.0,2.2,0,0,2,2,2,2,9,9,2.5709331240831754,-1.579106191016162,10.270056,2.7518353,41.474426,-35.53801,1,2025-12-16,-1.1557142857142857,0.0,54.065714285714286,3.6042857142857145,1.0,211.6757142857143,2025,12,16,125.0,0,China_1007.csv
2025-12-17,1007,97.0,81.0,23.0,9.0,17.0,1.0,0,0,2,2,2,2,2,2,4.156974344762025,-2.3509583151732256,9.228262,0.62388116,45.609497,-84.6125,1,2025-12-17,-1.172857142857143,0.0,77.59,4.2871428571428565,1.0,199.63714285714286,2025,12,17,97.0,0,China_1007.csv
2025-12-18,1007,161.0,115.0,27.0,10.0,3.0,1.4,0,0,2,2,2,2,2,2,7.2629467239078815,-2.7978309993539674,11.078373,0.15760998,75.174,-35.849293,1,2025-12-18,-0.8928571428571429,0.0,92.52285714285713,4.801428571428572,1.0,214.45142857142858,2025,12,18,161.0,0,China_1007.csv
2025-12-19,1007,197.0,83.0,16.0,7.0,27.0,1.0,0,0,2,2,1,1,9,9,4.29902093030075,-0.06941894722744346,12.2509365,1.783469,63.350067,-17.390205,1,2025-12-19,3.5171428571428573,0.0,34.355714285714285,14.444285714285714,1.0,290.6142857142857,2025,12,19,197.0,0,China_1007.csv
2025-12-20,1007,150.0,10.0,3.0,1.0,23.0,1.0,1,1,0,0,1,1,3,3,-2.9950703889839767,-1.1182098747165252,12.826003,6.9929333,-0.056738377,-39.978622,1,2025-12-20,-1.4957142857142858,0.0,22.95285714285714,10.837142857142856,1.0,234.31571428571428,2025,12,20,150.0,0,China_1007.csv
2025-12-21,1007,14.0,28.0,12.0,2.0,16.0,1.4,1,1,0,0,5,5,1,1,-3.7380181912837,-3.3177739737166125,6.9343333,11.053181,-60.34668,-67.06016,1,2025-12-21,-2.642857142857143,0.0,42.14857142857143,5.344285714285713,1.0,166.1185714285714,2025,12,21,28.0,0,China_1007.csv
2025-12-22,1007,43.0,59.0,24.0,7.0,5.0,1.0,0,0,2,2,2,2,5,5,1.6762259555132462,-4.488583355840651,7.6869535,0.72513604,29.851562,-85.95303,1,2025-12-22,-1.2957142857142858,0.0,64.98857142857142,2.8757142857142854,1.0,199.89000000000001,2025,12,22,59.0,0,China_1007.csv
2025-12-23,1007,115.0,35.0,13.0,4.0,26.0,1.0,1,1,0,0,1,1,3,3,-0.2928923370308152,-1.5419376226551265,10.487664,5.123105,-11.837162,-7.4626384,1,2025-12-23,0.1242857142857143,0.0,41.74428571428571,7.4557142857142855,1.0,233.60857142857142,2025,12,23,115.0,0,China_1007.csv
2025-12-24,1007,84.0,15.0,11.0,3.0,24.0,1.0,1,1,0,0,5,5,1,1,-2.1160557687952943,-2.1638941466159167,7.2485766,7.863874,-26.176958,-65.695465,1,2025-12-24,-0.9128571428571428,0.0,30.435714285714287,8.69,1.0,255.81714285714287,2025,12,24,84.0,0,China_1007.csv
2025-12-25,1007,33.0,20.0,6.0,2.0,20.0,1.0,1,1,0,0,5,5,1,1,-4.405399027191334,-2.355510716892202,7.675242,12.261226,-76.01905,-43.745106,1,2025-12-25,-2.988571428571429,0.0,36.05285714285714,6.788571428571429,1.0,199.00571428571428,2025,12,25,33.0,0,China_1007.csv
2025-12-26,1007,37.0,47.0,22.0,6.0,5.0,1.0,1,1,0,0,5,5,5,5,0.5286396240744828,-4.606446652071821,7.4770875,0.93126035,26.664978,-86.359344,1,2025-12-26,-3.9299999999999997,0.0,49.62571428571429,3.6542857142857144,1.0,163.05428571428573,2025,12,26,47.0,0,China_1007.csv
2025-12-27,1007,92.0,57.0,23.0,8.0,9.0,1.0,0,0,2,2,2,2,2,2,3.1052870475302825,-3.591670799924026,9.145073,0.6584463,44.748413,-86.73033,1,2025-12-27,-2.2642857142857142,0.0,52.14857142857143,4.180000000000001,1.0,217.00571428571428,2025,12,27,92.0,0,China_1007.csv
2025-12-28,1007,123.0,81.0,33.0,12.0,3.0,1.0,0,0,2,2,2,2,2,2,7.732262080252266,-4.225170430413154,10.488491,-0.62678164,83.9668,-52.015835,1,2025-12-28,-0.7100000000000001,0.0,47.785714285714285,6.151428571428572,1.0,222.24428571428572,2025,12,28,123.0,0,China_1007.csv
2025-12-29,1007,160.0,48.2,18.0,5.6,26.6,1.6,0,0,2,2,1,1,9,9,2.614099593276204,-1.2276853604383466,11.5741,3.8347907,34.022743,-23.643217,1,2025-12-29,0.58,0.0,36.36857142857143,8.172857142857143,1.0,251.82,2025,12,29,160.0,0,China_1007.csv
2025-12-30,1007,88.2662739965096,50.93603035249482,13.408463018010142,4.734017915665283,41.49403278688525,1.638922299735386,1,1,0,0,5,5,0,0,0.026562817246575596,0.01701436050962379,-2.9975333,-7.4438195,9.625357,12.043624,1,2025-12-30,-2.205714285714286,0.0,23.075714285714287,13.401428571428571,1.0,93.82428571428571,2025,12,30,88.2662739965096,0,China_1007.csv
2025-12-31,1007,88.2662739965096,50.93603035249482,13.408463018010142,4.734017915665283,41.49403278688525,1.638922299735386,1,1,0,0,5,5,0,0,0.026562817246575596,0.01701436050962379,-2.9973316,-7.443658,9.311597,12.159666,1,2025-12-31,-6.028571428571429,0.0,30.27285714285714,5.905714285714287,1.0,200.23857142857145,2025,12,31,88.2662739965096,0,China_1007.csv
